t_M7,tau_M7,v_mag_M7,a_mag_M7,t_preM7,tau_preM7,v_mag_preM7,a_mag_preM7
0.0,0.0,0.0,0.007160143185824549,0.0,0.0,0.0,0.016449340668482262
0.009094202999999967,0.0009999999999999963,6.516861039572131e-05,0.007183345322451756,0.006000000000000005,0.0010000000000000009,9.877609536110041e-05,0.01650264405079076
0.018188406000000046,0.002000000000000005,0.00013065189886307164,0.007251952657798761,0.01200000000000001,0.0020000000000000018,0.00019802914843270684,0.01666025897582661
0.027282609000000013,0.0030000000000000014,0.00019675739328675054,0.007363883769948601,0.018000000000000016,0.0030000000000000027,0.00029822527938342465,0.016917403693099856
0.03637681199999998,0.0039999999999999975,0.0002637827816247153,0.0075164145051690836,0.02400000000000002,0.0040000000000000036,0.00039981569399997254,0.017267819873466626
0.04547101499999995,0.004999999999999994,0.00033201391752855626,0.00770637182172562,0.030000000000000027,0.0050000000000000044,0.0005032336608049925,0.017704217935825963
0.054565218000000026,0.006000000000000003,0.0004017231422841656,0.007930332130258178,0.03600000000000003,0.006000000000000005,0.0006088919676216814,0.01821873270398924
0.063659421,0.006999999999999999,0.0004731679524709876,0.008184799206613138,0.04200000000000004,0.007000000000000006,0.0007171809021442528,0.018803332134369685
0.07275362399999996,0.007999999999999995,0.0005465900236947044,0.00846634682003711,0.04800000000000004,0.008000000000000007,0.0008284667722090768,0.019450144982578917
0.08184782700000004,0.009000000000000005,0.0006222145833331998,0.008771721158515426,0.05400000000000005,0.009000000000000008,0.000943090955065423,0.020151696110074103
0.09094203000000001,0.01,0.0007002501106633632,0.009097905465715282,0.06000000000000005,0.010000000000000009,0.001061369442857516,0.02090105497771042
0.10003623299999997,0.010999999999999998,0.0007808883317189847,0.009442153367488947,0.06600000000000006,0.01100000000000001,0.0011835928348306326,0.021691912208316646
0.10913043600000005,0.012000000000000005,0.0008643044689873286,0.009801998697331487,0.07200000000000006,0.01200000000000001,0.001310026715796329,0.022518602159190944
0.11822463900000002,0.013000000000000001,0.0009506577023913213,0.010175249204762886,0.07799999999999996,0.012999999999999992,0.0014409123548433757,0.023376088468065066
0.127318842,0.013999999999999999,0.0010400917974397474,0.010559970251583247,0.08399999999999996,0.013999999999999993,0.001576467657425323,0.024259926597728736
0.13641304500000007,0.015000000000000006,0.0011327358583090264,0.010954463095890047,0.08999999999999997,0.014999999999999994,0.001716888306806919,0.025166213946859976
0.14550724800000003,0.016000000000000004,0.001228705167246762,0.011357240979769817,0.09599999999999997,0.015999999999999997,0.0018623490363485003,0.02609153491513134
0.154601451,0.017,0.001328102076396127,0.011767005116374667,0.10199999999999998,0.016999999999999998,0.002013004981244647,0.027032905737167975
0.16369565399999997,0.017999999999999995,0.0014310169233615734,0.012182621837942848,0.10799999999999998,0.018,0.002168993066247599,0.02798772198359832
0.17278985700000005,0.019000000000000003,0.001537528947121224,0.012603101583217721,0.11399999999999999,0.019,0.002330433393916112,0.028953710287842892
0.18188406000000001,0.02,0.0016477071859152725,0.01302758001686259,0.12,0.02,0.002497430605545372,0.029928884970839703
0.19097826299999998,0.020999999999999998,0.0017616113432933778,0.013455301331914842,0.126,0.021,0.002670075193835445,0.03091150968097049
0.20007246599999995,0.021999999999999995,0.0018792926124729266,0.01388560364491647,0.132,0.022000000000000002,0.002848444752371523,0.03190006384159298
0.20916666900000003,0.023000000000000003,0.0020007944525037807,0.014317906318469091,0.138,0.023000000000000003,0.0030326051520572065,0.03289321352653797
0.218260872,0.023999999999999997,0.0021261533124651844,0.01475169901344194,0.14400000000000002,0.024000000000000004,0.003222611638780138,0.033889786309221195
0.22735507499999996,0.024999999999999994,0.0022553993020824705,0.015186532266309914,0.15000000000000002,0.025000000000000005,0.003418509849866054,0.0348887496155096
0.23644927800000004,0.026000000000000002,0.002388556808809412,0.015622009395098415,0.15600000000000003,0.026000000000000006,0.0036203367493908302,0.035889192128859916
0.245543481,0.027,0.002525645062649217,0.016057779553087303,0.16200000000000003,0.027000000000000007,0.0038281214842799515,0.03689030783225938
0.254637684,0.027999999999999997,0.0026666786508559256,0.01649353176838514,0.16800000000000004,0.028000000000000008,0.004041886164441654,0.037891382315053325
0.26373188700000005,0.029000000000000005,0.002811667985236772,0.016928989827111596,0.17400000000000004,0.02900000000000001,0.004261646571057369,0.038891781017834644
0.27282609,0.030000000000000002,0.0029606197251262735,0.017363907876750868,0.17999999999999994,0.02999999999999999,0.004487412797683752,0.03989093913181646
0.281920293,0.030999999999999996,0.003113537159276965,0.017798066643510968,0.18599999999999994,0.03099999999999999,0.004719189829084674,0.04088835290879006
0.29101449600000007,0.03200000000000001,0.0032704205499542406,0.018231270172931316,0.19199999999999995,0.031999999999999994,0.004956978062775915,0.041883572173166204
0.30010869900000003,0.033,0.0034312674424697817,0.01866334301647031,0.19799999999999995,0.032999999999999995,0.005200773778185167,0.04287619385858775
0.309202902,0.034,0.0035960729432685918,0.019094127798461702,0.20399999999999996,0.033999999999999996,0.005450569558148675,0.043865856418381685
0.3182971050000001,0.03500000000000001,0.0037648299695210745,0.019523483107813266,0.20999999999999996,0.034999999999999996,0.0057063546672180745,0.0448522349820573
0.32739130799999994,0.03599999999999999,0.003937529472981672,0.019951281667319704,0.21599999999999997,0.036,0.005968115390963059,0.04583503714958089
0.336485511,0.037,0.004114160640671997,0.02037740874066487,0.22199999999999998,0.037,0.006235835340146866,0.04681399933170529
0.3455797140000001,0.038000000000000006,0.004294711074738773,0.02080176074327509,0.22799999999999998,0.038,0.006509495723337094,0.04778888355861677
0.35467391699999995,0.03899999999999999,0.004479166953632329,0.021224244028322174,0.23399999999999999,0.039,0.006789075591203998,0.048759474690961396
0.36376812000000003,0.04,0.0046675131765539744,0.021644773823503164,0.24,0.04,0.007074552055459447,0.04972557797725796
0.372862323,0.041,0.0048597334929338385,0.022063273297872457,0.246,0.041,0.007365900485106564,0.05068701691008687
0.38195652599999996,0.041999999999999996,0.005055810618526287,0.02247967274107756,0.252,0.042,0.007663094682405602,0.05164363134050881
0.39105072900000004,0.043000000000000003,0.0052557263395486015,0.02289390883994307,0.258,0.043000000000000003,0.007966107040716985,0.05259527581612653
0.400144932,0.044,0.005459461606140677,0.023305924039538073,0.264,0.044000000000000004,0.008274908686158228,0.053541818113234316
0.409239135,0.045,0.005666996616288765,0.023715665977713008,0.27,0.045000000000000005,0.008589469604807191,0.05448313793775226
0.41833333800000005,0.046000000000000006,0.005878310891234147,0.02412308698365897,0.276,0.046000000000000006,0.008909758756999042,0.05541912577324259
0.427427541,0.047,0.006093383343277618,0.024528143632370825,0.28200000000000003,0.04700000000000001,0.009235744180097559,0.05634968185735641
0.436521744,0.047999999999999994,0.006312192336791632,0.024930796348023407,0.28800000000000003,0.04800000000000001,0.00956739308097125,0.05727471527065067
0.44561594700000007,0.04900000000000001,0.006534715743163324,0.025331009050229242,0.29400000000000004,0.04900000000000001,0.009904671919270523,0.058194143123919136
0.45471015000000004,0.05,0.006760930990312383,0.025728748837963777,0.30000000000000004,0.05000000000000001,0.010247546482481976,0.05910788983205871
0.463804353,0.051,0.006990815107357076,0.026123985706642143,0.30600000000000005,0.05100000000000001,0.01059598195362868,0.060015886464096176
0.4728985560000001,0.052000000000000005,0.007224344764938587,0.02651669229442774,0.31200000000000006,0.05200000000000001,0.010949942972389798,0.06091807016037077
0.48199275899999994,0.05299999999999999,0.007461496311657931,0.02690684365436471,0.31800000000000006,0.05300000000000001,0.011309393690328092,0.061814383609043205
0.491086962,0.054,0.007702245807029875,0.02729441704936528,0.32400000000000007,0.05400000000000001,0.011674297820838092,0.06270477457511024
0.5001811649999999,0.054999999999999986,0.007946569051313775,0.027679391767460152,0.33000000000000007,0.055000000000000014,0.012044618684360827,0.06358919547597053
0.509275368,0.055999999999999994,0.008194441612542356,0.028061748955046012,0.3360000000000001,0.056000000000000015,0.012420319249351261,0.06446760299833605
0.518369571,0.057,0.008445838851034122,0.02844147146614445,0.3420000000000001,0.057000000000000016,0.012801362169431852,0.06533995775192752
0.5274637740000001,0.05800000000000001,0.00870073594164447,0.028818543725930082,0.3480000000000001,0.05800000000000002,0.013187709817118498,0.06620622395595095
0.5365579770000002,0.05900000000000002,0.0089591078939828,0.029192951606995702,0.354,0.059,0.013579324314463672,0.06706636915483548
0.54565218,0.060000000000000005,0.009220929570798748,0.029564682317005216,0.36,0.06,0.013976167560924442,0.06792036396013337
0.5547463829999999,0.060999999999999985,0.009486175704718817,0.029933724296544104,0.366,0.061,0.01437820125873017,0.06876818181584672
0.563840586,0.06199999999999999,0.009754820913495573,0.030300067126115236,0.372,0.062,0.014785386935995704,0.06960979878476456
0.572934789,0.063,0.010026839713914314,0.0306637014413491,0.378,0.063,0.01519768596779978,0.07044519335367123
0.5820289920000001,0.06400000000000002,0.010302206534487124,0.031024618855602686,0.384,0.064,0.015615059595425397,0.0712743462555292
0.591123195,0.065,0.010580895727050562,0.03138281188921421,0.39,0.065,0.016037468943938406,0.07209724030695237
0.6002173980000001,0.066,0.010862881577371223,0.03173827390476149,0.396,0.066,0.016464875038262352,0.07291386025947211
0.6093116009999999,0.06699999999999999,0.011148138314852701,0.03209099904774335,0.402,0.067,0.0168972388178914,0.07372419266326184
0.618405804,0.068,0.01143664012142808,0.03244098219216608,0.40800000000000003,0.068,0.0173345211503686,0.07452822574213008
0.6275000070000001,0.069,0.011728361139713294,0.032788218890572256,0.41400000000000003,0.069,0.01777668284364401,0.07532594927871943
0.6365942100000002,0.07000000000000002,0.012023275480489409,0.033132705328097825,0.41999999999999993,0.06999999999999999,0.018223684657415525,0.07611735450895957
0.645688413,0.071,0.012321357229574881,0.03347443828018687,0.42599999999999993,0.071,0.018675487313545264,0.07690243402492342
0.6547826159999999,0.07199999999999998,0.012622580454142983,0.03381341507363118,0.43199999999999994,0.072,0.019132051505634753,0.07768118168532137
0.663876819,0.073,0.01292691920853389,0.034149633550635966,0.43799999999999994,0.073,0.01959333790783442,0.07845359253294788
0.672971022,0.074,0.013234347539606455,0.03448309203564291,0.44399999999999995,0.074,0.020059307182955274,0.07921966271846241
0.6820652250000001,0.07500000000000001,0.013544839491670123,0.03481378930466876,0.44999999999999996,0.075,0.020529919989944148,0.07997938942994945
0.6911594280000002,0.07600000000000001,0.013858369111033482,0.03514172455694086,0.45599999999999996,0.076,0.021005136990778,0.08073277082775557
0.700253631,0.077,0.01417491045020274,0.035466897388633074,0.46199999999999997,0.077,0.02148491885682752,0.08147980598415162
0.7093478339999999,0.07799999999999999,0.014494437571760044,0.035789307768523716,0.46799999999999997,0.078,0.02196922627473549,0.08222049482741045
0.718442037,0.079,0.014816924551948807,0.03610895601541446,0.474,0.079,0.022458019951851087,0.08295483808993047
0.7275362400000001,0.08,0.015142345483990783,0.036425842777164305,0.48,0.08,0.02295126062125757,0.08368283726006927
0.7366304430000001,0.08100000000000002,0.015470674481157213,0.03673996901120622,0.486,0.081,0.02344890904642722,0.0844044945373836
0.745724646,0.082,0.015801885679614432,0.0370513359664261,0.492,0.082,0.023950926025534433,0.08511981279099894
0.7548188490000001,0.083,0.01613595324106242,0.03735994516629494,0.498,0.083,0.02445727239545493,0.08582879552085838
0.7639130519999999,0.08399999999999999,0.01647285135518307,0.037665798393154704,0.504,0.084,0.024967909035476667,0.08653144682162167
0.773007255,0.08499999999999999,0.016812554241913635,0.037968897673567426,0.51,0.085,0.02548279687074563,0.08722777134900699
0.7821014580000001,0.08600000000000001,0.01715503615355919,0.038269245264644744,0.516,0.08600000000000001,0.026001896875467747,0.08791777428838533
0.7911956610000002,0.08700000000000002,0.017500271376756932,0.038566843641282836,0.522,0.08700000000000001,0.02652517007588617,0.08860146132545449
0.800289864,0.088,0.01784823423430396,0.03886169548423364,0.528,0.08800000000000001,0.027052577553051637,0.08927883861883457
0.8093840669999999,0.08899999999999998,0.018198899086859135,0.03915380366894952,0.534,0.08900000000000001,0.02758408044540195,0.08994991277444034
0.81847827,0.09,0.018552240334528736,0.039443171255143704,0.54,0.09000000000000001,0.028119639951165377,0.09061469082149783
0.827572473,0.091,0.01890823241834479,0.039729801477013674,0.546,0.09100000000000001,0.02865921733060141,0.09127318019008421
0.8366666760000001,0.09200000000000001,0.019266849821644352,0.04001369773407923,0.552,0.09200000000000001,0.029202773908091256,0.09192538869007953
0.8457608790000002,0.09300000000000001,0.01962806707135696,0.0402948635825906,0.558,0.09300000000000001,0.02975027107408928,0.09257132449142814
0.854855082,0.094,0.019991858739207325,0.040573302727465864,0.5640000000000001,0.09400000000000001,0.030301670286945918,0.09321099610561624
0.8639492849999999,0.09499999999999999,0.02035819944283945,0.040849019014720336,0.5700000000000001,0.09500000000000001,0.03085693307461149,0.09384441236827937
0.873043488,0.09599999999999999,0.020727063846867875,0.041122016424352946,0.5760000000000001,0.09600000000000002,0.03141602103622958,0.09447158242286015
0.8821376910000001,0.097,0.021098426663861473,0.04139229906365828,0.5819999999999999,0.09699999999999998,0.031978895843628154,0.09509251570524369
0.8912318940000001,0.09800000000000002,0.021472262655264588,0.0416598711609348,0.5880000000000001,0.09800000000000002,0.03254551924271586,0.09570722192930291
0.900326097,0.09899999999999999,0.02184854663226002,0.04192473705956198,0.5939999999999999,0.09899999999999998,0.03311585305478982,0.09631571107329207
0.9094203000000001,0.1,0.02222725345657803,0.042186901212421905,0.6000000000000001,0.10000000000000002,0.033689859177762065,0.09691799336703093
0.9185145029999999,0.10099999999999999,0.022608358041255005,0.04244636817664175,0.6059999999999999,0.10099999999999998,0.034267499587309236,0.09751407927982647
0.927608706,0.102,0.022991835351345552,0.042703142608636266,0.6120000000000001,0.10200000000000002,0.03484873633795214,0.0981039795090839
0.9367029090000001,0.10300000000000001,0.023377660404591005,0.04295722925943018,0.6179999999999999,0.10299999999999998,0.03543353156406877,0.09868770496956034
0.9457971120000002,0.10400000000000001,0.023765808272047505,0.04320863297024263,0.6240000000000001,0.10400000000000002,0.03602184748084655,0.09926526678322099
0.954891315,0.105,0.02415625407867631,0.04345735866831643,0.6299999999999999,0.10499999999999998,0.03661364638517673,0.09983667626965721
0.9639855179999999,0.10599999999999998,0.024548973003898997,0.043703411362976605,0.6360000000000001,0.10600000000000002,0.03720889065649624,0.10040194493703195
0.973079721,0.107,0.0249439402821197,0.043946796141903666,0.6419999999999999,0.10699999999999998,0.037807542757578964,0.10096108447351781
0.982173924,0.108,0.025341131203216846,0.0441875181676081,0.6480000000000001,0.10800000000000003,0.038409565235281405,0.10151410673919806
0.9912681270000001,0.10900000000000001,0.025740521113006273,0.04442558267409357,0.6539999999999999,0.10899999999999999,0.03901492072124415,0.10206102375840045
1.00036233,0.10999999999999999,0.026142085413677466,0.044660994963696944,0.6600000000000001,0.11000000000000003,0.03962357193255367,0.10260184771243808
1.009456533,0.111,0.02654579956420501,0.044893760404094735,0.6659999999999999,0.11099999999999999,0.040235481672365306,0.10313659093273188
1.0185507360000001,0.11200000000000002,0.026951639080736445,0.045123884425465444,0.6720000000000002,0.11200000000000003,0.04085061283049178,0.10366526589429162
1.027644939,0.11299999999999999,0.02735957953695833,0.045351372517798604,0.6779999999999999,0.11299999999999999,0.041468928383957514,0.10418788520953375
1.036739142,0.114,0.02776959656444185,0.045576230228341674,0.6840000000000002,0.11400000000000003,0.04209039139752282,0.10470446162241623
1.0458333450000001,0.115,0.02818166585296907,0.04579846315917681,0.69,0.11499999999999999,0.04271496502417814,0.10521500800287117
1.054927548,0.11599999999999999,0.028595763150841256,0.046018076964919455,0.6960000000000002,0.11600000000000003,0.043342612505611694,0.10571953734151832
1.064021751,0.117,0.029011864265170398,0.0462350773505323,0.702,0.11699999999999999,0.0439732971726509,0.10621806274464218
1.0731159540000001,0.11800000000000001,0.029429945062154666,0.04644947006924721,0.708,0.118,0.04460698244568035,0.10671059742941856
1.082210157,0.119,0.0298499814673391,0.04666126092058951,0.714,0.119,0.04524363183503661,0.10719715471937533
1.09130436,0.12000000000000001,0.030271949465862417,0.04687045574849845,0.72,0.12,0.0458832089413824,0.10767774804007474
1.100398563,0.121,0.030695825102690387,0.04707706043953868,0.726,0.121,0.046525677456060364,0.10815239091500432
1.109492766,0.122,0.031121584482837163,0.047281080921197344,0.732,0.122,0.047171001161428534,0.10862109696166485
1.118586969,0.12300000000000001,0.03154920377157479,0.047482523160262344,0.738,0.123,0.04781914393117778,0.10908387988784458
1.127681172,0.12399999999999999,0.03197865919463175,0.04768139316127705,0.744,0.124,0.048470069730632954,0.10954075348806935
1.136775375,0.125,0.03240992703838146,0.04787769696506751,0.75,0.125,0.049123742617038293,0.10999173164021876
1.145869578,0.126,0.03284298365002063,0.04807144064733789,0.756,0.126,0.04978012673982808,0.11043682830229964
1.154963781,0.127,0.03327780543773886,0.04826263031733085,0.762,0.127,0.050439186340883506,0.11087605750936846
1.164057984,0.128,0.033714368870879426,0.04845127211654915,0.768,0.128,0.051100885754776386,0.1113094333705943
1.1731521870000001,0.129,0.03415265048009196,0.048637372217535224,0.774,0.129,0.051765189409000635,0.11173697006645528
1.18224639,0.13,0.0345926268574774,0.04882093682270587,0.78,0.13,0.052432061824191925,0.11215868184606123
1.191340593,0.131,0.03503427465672573,0.049001972163238885,0.786,0.131,0.05310146761433652,0.11257458302459601
1.2004347960000001,0.132,0.035477570593246854,0.049180484498009276,0.792,0.132,0.05377337148696956,0.11298468798087367
1.209528999,0.133,0.03592249144429505,0.04935648011257217,0.798,0.133,0.05444773824336374,0.1133890111550017
1.218623202,0.134,0.03636901404908716,0.04952996531819027,0.804,0.134,0.055124532778708435,0.11378756704614697
1.2277174050000002,0.135,0.03681711530891509,0.049700946450903505,0.81,0.135,0.05580372008228027,0.11418037021039806
1.236811608,0.136,0.03726677218725281,0.04986942987063872,0.8160000000000001,0.136,0.05648526523760517,0.11456743525872035
1.245905811,0.137,0.037717961709858146,0.05003542196035763,0.8220000000000001,0.137,0.057169133422612844,0.1149487768549981
1.255000014,0.13799999999999998,0.03817066096486963,0.050198929125240564,0.8280000000000001,0.138,0.05785528990978342,0.11532440971415961
1.264094217,0.13899999999999998,0.03862484710289885,0.05035995779190499,0.8340000000000001,0.139,0.05854370006628736,0.11569434860038166
1.27318842,0.14,0.039080497337118054,0.0505185144076566,0.8399999999999999,0.13999999999999999,0.05923432935411848,0.11605860832536924
1.282282623,0.141,0.039537588943343874,0.05067460543977152,0.8460000000000001,0.14100000000000001,0.059927143330220804,0.11641720374670618
1.291376826,0.142,0.03999609926011701,0.05082823737480813,0.8519999999999999,0.142,0.06062210764660898,0.11677014976627438
1.3004710290000001,0.14300000000000002,0.04045600568877804,0.05097941671794715,0.8580000000000001,0.14300000000000002,0.06131918805048371,0.11711746132873789
1.309565232,0.144,0.040917285693539626,0.05112814999235846,0.8639999999999999,0.144,0.06201835038434085,0.11745915342008795
1.318659435,0.145,0.04137991680155558,0.051274443738593696,0.8700000000000001,0.14500000000000002,0.06271956058607622,0.11779524106624793
1.3277536380000001,0.14600000000000002,0.04184387660298642,0.05141830451400314,0.8759999999999999,0.146,0.0634227846890848,0.1181257393317333
1.336847841,0.147,0.042309142751061846,0.05155973889217574,0.8820000000000001,0.14700000000000002,0.06412798882235586,0.11845066331836551
1.345942044,0.148,0.04277569296214063,0.051698753462401485,0.8879999999999999,0.148,0.06483513921056303,0.11877002816403698
1.3550362470000001,0.14900000000000002,0.04324350501576722,0.051835354829155036,0.8940000000000001,0.14900000000000002,0.06554420217415088,0.11908384904152414
1.36413045,0.15,0.04371255675472617,0.05196954961159909,0.8999999999999999,0.15,0.06625514412941684,0.11939214115734735
1.373224653,0.151,0.04418282608509377,0.052101344443107565,0.9060000000000001,0.15100000000000002,0.06696793158858969,0.11969491975067499
1.3823188560000002,0.15200000000000002,0.044654290976287314,0.05223074597080687,0.9119999999999999,0.152,0.06768253115990416,0.11999220009226952
1.391413059,0.153,0.045126929461112145,0.05235776085513486,0.9180000000000001,0.15300000000000002,0.06839890954767242,0.1202839974834747
1.400507262,0.154,0.04560071963580651,0.05248239576941658,0.9239999999999999,0.154,0.06911703355235173,0.12057032725524043
1.4096014650000002,0.15500000000000003,0.04607563966008426,0.05260465739945603,0.9300000000000002,0.15500000000000003,0.06983687007060954,0.12085120476718521
1.418695668,0.156,0.04655166775717565,0.05272455244314345,0.9359999999999999,0.156,0.07055838609538499,0.12112664540669385
1.427789871,0.157,0.047028782213866215,0.052842087610077054,0.9420000000000002,0.15700000000000003,0.07128154871594813,0.12139666458804843
1.436884074,0.158,0.04750696138053378,0.05295726962119907,0.948,0.158,0.07200632511795574,0.12166127775159213
1.445978277,0.159,0.04798618367118383,0.05307010520844509,0.9540000000000002,0.15900000000000003,0.0727326825835052,0.1219205003629238
1.4550724800000001,0.16,0.04846642756348322,0.053180601114406256,0.96,0.16,0.0734605884911853,0.12217434791212171
1.464166683,0.161,0.048947671598792174,0.053288764092004046,0.966,0.161,0.0741900103161251,0.12242283591299659
1.473260886,0.162,0.049429894382194986,0.05339460090417654,0.972,0.162,0.07492091563004012,0.12266597990237071
1.4823550890000001,0.163,0.04991307458252913,0.05349811832357626,0.978,0.163,0.0756532721012767,0.12290379543938391
1.491449292,0.164,0.050397190932412954,0.053599323132278734,0.984,0.164,0.07638704749485378,0.12313629810482382
1.500543495,0.165,0.05088222222827224,0.053698222121501646,0.99,0.165,0.07712220967250334,0.12336350350048085
1.5096376980000001,0.166,0.05136814733036526,0.05379482209133373,0.996,0.166,0.07785872659270829,0.12358542724852528
1.5187319009999998,0.16699999999999998,0.05185494516280678,0.05388912985047341,1.002,0.167,0.07859656631073887,0.1238020849909069
1.5278261039999999,0.16799999999999998,0.052342594713590936,0.05398115221597663,1.008,0.168,0.07933569697868713,0.1240134923887756
1.536920307,0.16899999999999998,0.052831075034612686,0.05407089601301357,1.014,0.169,0.08007608684549998,0.12421966512192235
1.54601451,0.16999999999999998,0.05332036524168865,0.054158368074633596,1.02,0.17,0.08081770425701014,0.12442061888823956
1.555108713,0.171,0.05381044451457653,0.05424357524153864,1.026,0.171,0.0815605176559659,0.12461636940320024
1.5642029160000002,0.17200000000000001,0.05430129209699374,0.05432652436186425,1.032,0.17200000000000001,0.08230449558205948,0.12480693239935486
1.5732971190000002,0.17300000000000001,0.05479288729663511,0.054407222290968345,1.038,0.17300000000000001,0.08304960667195349,0.12499232362584632
1.5823913220000003,0.17400000000000004,0.05528520948518945,0.05448567589122694,1.044,0.17400000000000002,0.0837958196593064,0.12517255884794037
1.591485525,0.175,0.055778238098355575,0.054561892031836964,1.05,0.17500000000000002,0.0845431033747966,0.12534765384657304
1.600579728,0.176,0.05627195263585721,0.05463587758862599,1.056,0.17600000000000002,0.0852914267461451,0.12551762441791292
1.6096739310000001,0.17700000000000002,0.05676633266145724,0.054707639443868014,1.062,0.17700000000000002,0.08604075879813707,0.12568248637293852
1.6187681339999997,0.17799999999999996,0.05726135780297103,0.0547771844861057,1.068,0.17800000000000002,0.08679106865264209,0.1258422555370296
1.6278623369999998,0.17899999999999996,0.05775700775227925,0.05484451960997862,1.074,0.17900000000000002,0.08754232552863359,0.12599694774957262
1.63695654,0.18,0.05825326226533973,0.05490965171605708,1.08,0.18000000000000002,0.08829449874220657,0.12614657886357902
1.646050743,0.181,0.058750101162198656,0.05497258771068173,1.086,0.18100000000000002,0.08904755770659509,0.12629116474531676
1.655144946,0.182,0.059247504327001224,0.05503333450580831,1.092,0.18200000000000002,0.08980147193218793,0.12643072127395344
1.6642391490000001,0.18300000000000002,0.05974545170800163,0.05509189901885763,1.098,0.18300000000000002,0.09055621102654392,0.12656526434121212
1.6733333520000002,0.18400000000000002,0.06024392331757216,0.05514828817257064,1.104,0.18400000000000002,0.09131174469440578,0.12669480985103787
1.6824275550000003,0.18500000000000003,0.06074289923221219,0.05520250889486824,1.11,0.18500000000000003,0.09206804273771364,0.12681937371927587
1.6915217580000004,0.18600000000000003,0.0612423595925561,0.05525456811871558,1.116,0.18600000000000003,0.09282507505561707,0.12693897187335987
1.700615961,0.187,0.06174228460338084,0.05530447278199107,1.122,0.18700000000000003,0.09358281164448669,0.12705362025201095
1.709710164,0.188,0.06224265453361314,0.0553522298273596,1.1280000000000001,0.18800000000000003,0.0943412225979247,0.12716333480494652
1.7188043670000002,0.189,0.06274344971633576,0.05539784620215004,1.1340000000000001,0.18900000000000003,0.09510027810677496,0.12726813149259858
1.7278985699999998,0.18999999999999997,0.06324465054879362,0.055441328858236584,1.1400000000000001,0.19000000000000003,0.09585994845913182,0.12736802628584154
1.7369927729999999,0.19099999999999998,0.06374623749239937,0.05548268475192421,1.1460000000000001,0.19100000000000003,0.09662020404034852,0.12746303516572877
1.746086976,0.19199999999999998,0.06424819107273823,0.055521920843837905,1.1520000000000001,0.19200000000000003,0.09738101533304491,0.1275531741232382
1.755181179,0.193,0.06475049187957273,0.05555904409881546,1.158,0.19299999999999998,0.09814235291711429,0.12763845915902594
1.7642753820000001,0.194,0.06525312056684673,0.05559406148580383,1.164,0.19399999999999998,0.09890418746972983,0.12771890628318852
1.7733695850000002,0.195,0.06575605785268918,0.05562697997775901,1.17,0.19499999999999998,0.09966648976534989,0.12779453151503242
1.7824637880000003,0.19600000000000004,0.06625928451941743,0.05565780655154922,1.176,0.19599999999999998,0.10042923067572321,0.12786535088285192
1.7915579910000003,0.19700000000000004,0.06676278141353997,0.05568654818786126,1.182,0.19699999999999998,0.10119238116989318,0.12793138042371394
1.800652194,0.19799999999999998,0.06726652944575906,0.055713211871110044,1.188,0.19799999999999998,0.10195591231420173,0.12799263618325016
1.809746397,0.199,0.06777050959097287,0.05573780458935119,1.194,0.19899999999999998,0.10271979527229234,0.1280491342154562
1.8188406000000001,0.2,0.06827470288827701,0.05576033333419651,1.2,0.19999999999999998,0.1034840013051129,0.12810089058249752
1.8279348029999998,0.20099999999999996,0.06877909044096613,0.05578080510073251,1.206,0.20099999999999998,0.10424850177091757,0.12814792135452216
1.8370290059999999,0.20199999999999999,0.06928365341653486,0.05579922688744144,1.212,0.20199999999999999,0.10501326812526862,0.12819024260947937
1.846123209,0.20299999999999999,0.06978837304667854,0.055815605696125224,1.218,0.20299999999999999,0.10577827192103717,0.1282278704329448
1.855217412,0.204,0.07029323062729355,0.05582994853183205,1.224,0.204,0.10654348480840417,0.128260820917952
1.864311615,0.20500000000000002,0.07079820751847746,0.055842262402785406,1.23,0.205,0.10730887853486004,0.1282891101648291
1.8734058180000002,0.20600000000000002,0.07130328514452867,0.05585255432031566,1.236,0.206,0.10807442494520467,0.12831275428104208
1.8825000210000002,0.20700000000000002,0.07180844499394594,0.055860831298794184,1.242,0.207,0.10884009598154638,0.12833176938104296
1.8915942240000003,0.20800000000000002,0.07231366861942755,0.055867100355569584,1.248,0.208,0.10960586368330064,0.12834617158612355
1.9006884270000004,0.20900000000000005,0.07281893763787008,0.05587136851090663,1.254,0.209,0.11037170018718848,0.1283559770242751
1.90978263,0.21,0.07332423373036707,0.05587364278792705,1.26,0.21,0.11113757772723425,0.12836120183005237
1.9188768330000001,0.211,0.07382953864220748,0.055873930212552776,1.266,0.211,0.1119034686347632,0.1283618621444431
1.9279710359999997,0.21199999999999997,0.07433483418287344,0.05587223781345131,1.272,0.212,0.11266934533839838,0.12835797411474245
1.9370652389999998,0.21299999999999997,0.07484010222603839,0.05586857262198309,1.278,0.213,0.11343518036405752,0.12834955389443248
1.946159442,0.214,0.07534532470956445,0.055862941672151105,1.284,0.214,0.1142009463349492,0.12833661764306575
1.955253645,0.215,0.07585048363549972,0.05585535200055224,1.29,0.215,0.11496661597156876,0.12831918152615418
1.964347848,0.216,0.07635556107007556,0.05584581064633098,1.296,0.216,0.11573216209169405,0.12829726171506226
1.9734420510000001,0.217,0.07686053914370321,0.055834324651134665,1.302,0.217,0.11649755761038053,0.12827087438690454
1.9825362540000002,0.21800000000000003,0.07736540005097059,0.05582090105907091,1.308,0.218,0.11726277553995614,0.12824003572444753
1.9916304570000003,0.21900000000000003,0.07787012605063856,0.055805546916666796,1.314,0.219,0.1180277889900159,0.12820476191601618
2.00072466,0.21999999999999997,0.07837469946563724,0.0557882692728298,1.32,0.22,0.11879257116741614,0.12816506915540407
2.009818863,0.221,0.07887910268306202,0.055769075178810815,1.326,0.221,0.11955709537626844,0.12812097364178834
2.018913066,0.222,0.07938331815416913,0.05574797168816859,1.332,0.222,0.12032133501793321,0.12807249157964812
2.028007269,0.223,0.07988732839437143,0.05572496585673603,1.338,0.223,0.12108526359101297,0.12801963917868703
2.0371014720000002,0.22400000000000003,0.08039111598323376,0.05570006474258844,1.344,0.224,0.1218488546913454,0.1279624326537604
2.046195675,0.22499999999999998,0.08089466356446802,0.05567327540601315,1.35,0.225,0.12261208201199596,0.12790088822480503
2.055289878,0.22599999999999998,0.08139795384592835,0.05564460490948081,1.356,0.226,0.12337491934325052,0.12783502211677406
2.064384081,0.227,0.08190096959960583,0.05561406031761869,1.362,0.227,0.12413734057260736,0.12776485055957473
2.073478284,0.228,0.08240369366162316,0.05558164869718528,1.368,0.228,0.12489931968476904,0.1276903897880105
2.082572487,0.229,0.08290610893222916,0.055547377117046486,1.374,0.229,0.1256608307616342,0.12761165604172647
2.0916666900000003,0.23,0.08340819837579308,0.055511252648153646,1.3800000000000001,0.23,0.12642184798228878,0.12752866556515852
2.100760893,0.23099999999999998,0.0839099450207987,0.055473282363522954,1.3860000000000001,0.231,0.1271823456229971,0.1274414346074863
2.109855096,0.23199999999999998,0.08441133195983834,0.05543347333821649,1.3920000000000001,0.232,0.12794229805719298,0.12734997942258966
2.118949299,0.233,0.08491234234960669,0.05539183264932486,1.3980000000000001,0.233,0.12870167975547003,0.12725431626900843
2.128043502,0.234,0.08541295941089441,0.055348367375951196,1.4040000000000001,0.234,0.12946046528557237,0.12715446140990624
2.137137705,0.23500000000000001,0.08591316642858172,0.05530308459919698,1.41,0.235,0.1302186293123845,0.12705043111303743
2.1462319080000003,0.23600000000000002,0.08641294675163166,0.05525599140214906,1.416,0.236,0.1309761465979215,0.12694224165071738
2.155326111,0.237,0.08691228379308341,0.05520709486986851,1.422,0.237,0.13173299200131844,0.1268299092997969
2.164420314,0.238,0.08741116103004531,0.05515640208938066,1.428,0.238,0.1324891404788202,0.12671345034163978
2.173514517,0.239,0.08790956200368778,0.05510392014966693,1.434,0.239,0.13324456708377058,0.12659288106210315
2.18260872,0.24000000000000002,0.08840747031923613,0.05504965614165799,1.44,0.24,0.13399924696660132,0.12646821775152256
2.1917029230000002,0.24100000000000002,0.08890486964596307,0.05499361715822854,1.446,0.241,0.13475315537482105,0.12633947670469944
2.200797126,0.242,0.08940174371718164,0.054935810294193414,1.452,0.242,0.13550626765300408,0.12620667422089255
2.209891329,0.243,0.08989807633023704,0.054876242646305355,1.458,0.243,0.13625855924277847,0.12606982660381263
2.218985532,0.244,0.09039385134649942,0.05481492131325419,1.464,0.244,0.13701000568281485,0.12592895016162065
2.228079735,0.245,0.09088905269135562,0.0547518533956676,1.47,0.245,0.13776058260881408,0.1257840612069294
2.237173938,0.24600000000000002,0.09138366435420153,0.05468704599611332,1.476,0.246,0.13851026575349543,0.12563517605680877
2.2462681410000003,0.24700000000000003,0.09187767038843361,0.054620506219102825,1.482,0.247,0.139259030946584,0.12548231103279403
2.255362344,0.24799999999999997,0.09237105491144107,0.05455224117109671,1.488,0.248,0.1400068541147987,0.12532548246089806
2.264456547,0.249,0.0928638021045973,0.05448225796051131,1.494,0.249,0.14075371128183917,0.1251647066716272
2.27355075,0.25,0.09335589621325142,0.05441056369772722,1.5,0.25,0.1414995785683733,0.12500000000000006
2.282644953,0.251,0.09384732154671989,0.05433716549509901,1.5060000000000002,0.25100000000000006,0.14224443219202412,0.12483137878557016
2.291739156,0.252,0.09433806247827763,0.05426207046696674,1.512,0.252,0.14298824846735664,0.12465885937245247
2.3008333590000003,0.253,0.09482810344514944,0.05418528572966892,1.5179999999999998,0.25299999999999995,0.14373100380586468,0.12448245810935311
2.309927562,0.254,0.09531742894850107,0.05410681840155722,1.524,0.254,0.14447267471595757,0.12430219134960308
2.319021765,0.255,0.09580602355343014,0.054026675603012525,1.5300000000000002,0.25500000000000006,0.14521323780294587,0.12411807545119515
2.328115968,0.256,0.09629387188895717,0.05394486445646279,1.536,0.256,0.14595266976902832,0.12393012677682512
2.337210171,0.257,0.09678095864801645,0.0538613920864026,1.5419999999999998,0.25699999999999995,0.14669094741327784,0.12373836169393623
2.3463043740000002,0.258,0.09726726858744669,0.053776265619414135,1.548,0.258,0.14742804763162723,0.12354279657476798
2.355398577,0.25899999999999995,0.09775278652798156,0.0536894921841901,1.5540000000000003,0.25900000000000006,0.14816394741685499,0.12334344779640827
2.36449278,0.26,0.09823749735424052,0.05360107891155811,1.56,0.26,0.14889862385857106,0.12314033174084975
2.373586983,0.261,0.09872138601471889,0.05351103293450695,1.5659999999999998,0.26099999999999995,0.14963205414320238,0.12293346479505
2.382681186,0.262,0.0992044375217786,0.053419361388214646,1.572,0.262,0.1503642155539786,0.12272286335099586
2.391775389,0.263,0.09968663695163815,0.053326071410078016,1.5780000000000003,0.26300000000000007,0.15109508547091643,0.12250854380577185
2.4008695920000003,0.264,0.10016796944436297,0.05323117013974433,1.584,0.264,0.1518246413708057,0.12229052256163236
2.409963795,0.26499999999999996,0.10064842020385556,0.05313466471914479,1.5899999999999999,0.26499999999999996,0.15255286082719396,0.12206881602607873
2.419057998,0.266,0.10112797449784536,0.05303656229252961,1.596,0.266,0.15327972151037145,0.12184344061193998
2.428152201,0.267,0.10160661765787879,0.05293687000650522,1.6020000000000003,0.26700000000000007,0.15400520118735575,0.12161441273745817
2.437246404,0.268,0.10208433507930906,0.05283559501007349,1.608,0.268,0.15472927772187628,0.1213817488263784
2.4463406070000002,0.269,0.10256111222128617,0.052732744454672506,1.6139999999999999,0.26899999999999996,0.15545192907435948,0.1211454653080428
2.4554348100000003,0.27,0.10303693460674619,0.052628325494220016,1.62,0.27,0.15617313330191254,0.12090557861748998
2.464529013,0.27099999999999996,0.10351178782240136,0.05252234528515812,1.6260000000000003,0.2710000000000001,0.1568928685583077,0.12066210519555792
2.473623216,0.272,0.10398565751872943,0.05241481098650088,1.6320000000000001,0.272,0.15761111309396697,0.12041506148899336
2.482717419,0.273,0.10445852940996304,0.052305729759883395,1.638,0.27299999999999996,0.15832784525594568,0.12016446395056432
2.491811622,0.274,0.10493038927407948,0.05219510876961329,1.6440000000000001,0.274,0.15904304348791687,0.11991032903917871
2.5009058250000002,0.275,0.1054012229527896,0.052082955182724745,1.6500000000000004,0.2750000000000001,0.15975668633015472,0.11965267322000818
2.510000028,0.27599999999999997,0.1058710163515276,0.051969276169034295,1.6560000000000001,0.276,0.1604687524195186,0.11939151296461639
2.519094231,0.27699999999999997,0.1063397554394399,0.051854078901199065,1.662,0.27699999999999997,0.16117922048943678,0.11912686475109309
2.528188434,0.27799999999999997,0.10680742624937441,0.05173737055477794,1.6680000000000001,0.278,0.16188806936988995,0.1188587450641938
2.537282637,0.279,0.10727401487786965,0.05161915830829419,1.674,0.27899999999999997,0.1625952779873944,0.11858717039548518
2.54637684,0.28,0.10773950748514362,0.051499449343301626,1.6799999999999997,0.27999999999999997,0.1633008253649859,0.11831215724349509
2.5554710430000003,0.281,0.10820389029508318,0.05137825084445263,1.686,0.28099999999999997,0.16400469062220266,0.11803372211387043
2.564565246,0.282,0.10866714959523248,0.051255569999568866,1.6920000000000002,0.28200000000000003,0.16470685297506873,0.11775188151953912
2.573659449,0.283,0.10912927173678223,0.051131413999715124,1.698,0.283,0.16540729173607668,0.1174666519808794
2.582753652,0.284,0.10959024313455827,0.05100579003927547,1.7039999999999997,0.284,0.16610598631417156,0.11717805002589517
2.591847855,0.28500000000000003,0.11005005026701042,0.050878705316032294,1.71,0.285,0.16680291621473284,0.1168860921903975
2.6009420580000002,0.28600000000000003,0.11050867967620115,0.050750167031248655,1.7160000000000002,0.28600000000000003,0.16749806103955792,0.11659079501819368
2.6100362610000003,0.28700000000000003,0.11096611796779417,0.05062018238975295,1.722,0.287,0.16819140048684456,0.11629217506128187
2.619130464,0.288,0.11142235181104321,0.05048875860002731,1.7279999999999998,0.288,0.16888291435117408,0.11599024888005406
2.628224667,0.289,0.11187736793878043,0.050355902874298746,1.734,0.289,0.1695725825234935,0.1156850330435057
2.63731887,0.29,0.11233115314740504,0.05022162242863353,1.7400000000000002,0.29000000000000004,0.17026038499109844,0.11537654412945218
2.646413073,0.29100000000000004,0.11278369429687159,0.05008592448303522,1.746,0.291,0.1709463018376154,0.11506479872475431
2.6555072760000002,0.29200000000000004,0.11323497831067847,0.04994881626154582,1.7519999999999998,0.292,0.17163031324298444,0.11474981342555057
2.664601479,0.293,0.1136849921758563,0.04981030499235045,1.758,0.293,0.17231239948344151,0.11443160483749751
2.673695682,0.294,0.11413372294295639,0.04967039790788585,1.7640000000000002,0.29400000000000004,0.17299254093150054,0.11411018957601932
2.682789885,0.295,0.11458115772603877,0.04952910224495252,1.77,0.295,0.1736707180559358,0.11378558426656545
2.691884088,0.296,0.1150272837026606,0.04938642524483066,1.7759999999999998,0.296,0.1743469114217645,0.1134578055448762
2.700978291,0.297,0.11547208811386427,0.04924237415340022,1.782,0.297,0.17502110169022814,0.11312687005725953
2.7100724940000003,0.29800000000000004,0.11591555826416584,0.04909695622126469,1.7880000000000003,0.29800000000000004,0.17569326961877527,0.11279279446087491
2.719166697,0.299,0.11635768152154274,0.048950178703879556,1.794,0.299,0.17636339606104312,0.11245559542402854
2.7282609,0.3,0.11679844531742235,0.04880204886168485,1.7999999999999998,0.3,0.1770314619668397,0.11211528962647783
2.737355103,0.301,0.11723783714666972,0.04865257396024196,1.806,0.301,0.17769744838212587,0.11177189375974576
2.746449306,0.302,0.11767584456757571,0.048501761270375705,1.8120000000000003,0.30200000000000005,0.17836133644899688,0.11142542452744722
2.7555435090000002,0.303,0.11811245520184514,0.04834961806832027,1.818,0.303,0.17902310740566435,0.11107589864562434
2.7646377120000003,0.30400000000000005,0.11854765673458457,0.04819615163587101,1.8239999999999998,0.304,0.17968274258643818,0.11072333284309514
2.773731915,0.305,0.11898143691429025,0.04804136926054064,1.83,0.305,0.18034022342170816,0.11036774386181232
2.782826118,0.306,0.11941378355283616,0.04788527823572073,1.8360000000000003,0.30600000000000005,0.1809955314379256,0.1100091484572346
2.791920321,0.307,0.11984468452546204,0.04772788586084911,1.842,0.307,0.1816486482575851,0.10964756339871087
2.801014524,0.308,0.1202741277707608,0.047569199441582416,1.8479999999999999,0.308,0.18229955559920605,0.10928300546987679
2.8101087270000003,0.309,0.1207021012906668,0.04740922628997425,1.854,0.309,0.1829482352773143,0.10891549146906422
2.8192029300000003,0.31000000000000005,0.1211285931504435,0.04724797372466008,1.8600000000000003,0.31000000000000005,0.18359466920242382,0.10854503820972566
2.828297133,0.311,0.12155359147867124,0.04708544907104753,1.866,0.311,0.18423883938101773,0.10817166252087174
2.837391336,0.312,0.12197708446723507,0.04692165966151328,1.8719999999999999,0.312,0.18488072791553042,0.10779538124752339
2.846485539,0.313,0.12239906037131254,0.046756612835606934,1.8780000000000001,0.313,0.1855203170043286,0.10741621125118028
2.855579742,0.314,0.12281950750936137,0.04659031594026133,1.8840000000000003,0.31400000000000006,0.1861575889416928,0.10703416941030387
2.8646739450000003,0.315,0.12323841426310715,0.04642277633000988,1.8900000000000001,0.315,0.18679252611779865,0.10664927262081697
2.873768148,0.316,0.1236557690775312,0.04625400136721179,1.896,0.316,0.1874251110186986,0.10626153779662065
2.882862351,0.317,0.12407156046085815,0.04608399842228401,1.9020000000000001,0.317,0.18805532622630294,0.10587098187012764
2.891956554,0.318,0.12448577698454365,0.045912774873941894,1.9080000000000004,0.31800000000000006,0.18868315441836128,0.10547762179281492
2.901050757,0.319,0.12489840728326199,0.04574033810944737,1.9140000000000001,0.319,0.18930857836844384,0.10508147453579407
2.9101449600000002,0.32,0.1253094400548938,0.045566695524866,1.92,0.32,0.18993158094592255,0.10468255709040142
2.9192391630000003,0.321,0.12571886406051383,0.045391854525332516,1.9260000000000002,0.321,0.1905521451159528,0.10428088646880854
2.928333366,0.322,0.12612666812437823,0.04521582252532524,1.932,0.322,0.19117025393945414,0.10387647970465239
2.937427569,0.323,0.12653284113391264,0.045038606948950455,1.9379999999999997,0.32299999999999995,0.19178589057309195,0.10346935385368876
2.946521772,0.324,0.1269373720396995,0.04486021523023619,1.944,0.324,0.19239903826925853,0.1030595259944671
2.955615975,0.325,0.12734024985546558,0.04468065481343589,1.9500000000000002,0.325,0.19300968037605404,0.10264701322902822
2.9647101780000003,0.326,0.12774146365807007,0.044499933153343,1.956,0.326,0.19361780033726864,0.10223183268362697
2.9738043810000003,0.327,0.1281410025874917,0.04431805771561621,1.9619999999999997,0.32699999999999996,0.19422338169236245,0.10181400150947953
2.982898584,0.328,0.12853885584681657,0.04413503597711623,1.968,0.328,0.19482640807644783,0.10139353688353675
2.991992787,0.329,0.12893501270222563,0.04395087542625386,1.9740000000000002,0.329,0.19542686322026978,0.10097045600928443
3.00108699,0.33,0.12932946248298258,0.04376558356335069,1.98,0.33,0.196024730950188,0.10054477611757134
3.010181193,0.331,0.12972219458142106,0.043579167901012274,1.9859999999999998,0.33099999999999996,0.19661999518815718,0.1001165144674671
3.0192753960000003,0.332,0.1301131984529326,0.04339163596451462,1.992,0.332,0.19721263995170915,0.0996856883471489
3.028369599,0.33299999999999996,0.1305024636159539,0.043202995292203936,1.9980000000000002,0.333,0.19780264935393324,0.09925231507482188
3.037463802,0.33399999999999996,0.130889979651955,0.04301325343591123,2.004,0.334,0.1983900076034581,0.09881641199967005
3.046558005,0.335,0.1312757362054263,0.042822417961381254,2.0100000000000002,0.335,0.19897469900443274,0.0983779965028418
3.055652208,0.336,0.1316597229838663,0.042630496448717026,2.016,0.336,0.19955670795650765,0.09793708599847166
3.0647464110000002,0.337,0.1320419297577697,0.04243749649284026,2.0220000000000002,0.337,0.2001360189548164,0.09749369793473793
3.0738406140000003,0.338,0.13242234636061442,0.04224342570396837,2.028,0.338,0.20071261658995646,0.09704784979495842
3.082934817,0.33899999999999997,0.13280096268884964,0.04204829170810923,2.0340000000000003,0.339,0.20128648554797077,0.09659955909872715
3.09202902,0.33999999999999997,0.1331777687018835,0.041852102147573546,2.04,0.34,0.20185761061032922,0.09614884340309118
3.101123223,0.341,0.1335527544220704,0.041654864681506004,2.0460000000000003,0.341,0.20242597665390935,0.0956957203037716
3.110217426,0.342,0.13392590993469905,0.04145658698643664,2.052,0.342,0.20299156865097834,0.09524020743642914
3.1193116290000003,0.343,0.13429722538798,0.041257276756851674,2.058,0.34299999999999997,0.20355437166917398,0.0947823224779765
3.1284058320000003,0.34400000000000003,0.1346666909930334,0.041056941705786554,2.064,0.34400000000000003,0.2041143708714862,0.09432208314794015
3.137500035,0.345,0.13503429702387665,0.040855589565440505,2.07,0.345,0.20467155151623842,0.09385950720987268
3.146594238,0.346,0.1354000338174124,0.04065322808781428,2.076,0.34600000000000003,0.20522589895706894,0.09339461247281752
3.155688441,0.34700000000000003,0.13576389177341597,0.04044986504537262,2.082,0.347,0.2057773986429124,0.09292741679283116
3.164782644,0.34800000000000003,0.13612586135452326,0.04024550823173109,2.088,0.34800000000000003,0.20632603611798161,0.09245793807456042
3.1738768470000003,0.34900000000000003,0.13648593308621876,0.04004016546236953,2.094,0.349,0.20687179702174827,0.09198619427288268
3.18297105,0.35,0.13684409755682309,0.03983384457537314,2.1,0.35000000000000003,0.2074146670889256,0.09151220339460718
3.192065253,0.351,0.13720034541748097,0.03962655343220171,2.106,0.351,0.20795463214944865,0.09103598350024299
3.201159456,0.352,0.1375546673821491,0.039418299918489094,2.112,0.35200000000000004,0.20849167812845715,0.09055755270583522
3.210253659,0.353,0.13790705422758395,0.0392090919448739,2.118,0.353,0.20902579104627617,0.09007692918487382
3.2193478620000002,0.35400000000000004,0.13825749679332994,0.038998937447862564,2.124,0.35400000000000004,0.20955695701839858,0.08959413117027587
3.2284420650000003,0.35500000000000004,0.13860598598170684,0.0387878443907266,2.13,0.355,0.2100851622554661,0.08910917695644732
3.237536268,0.356,0.13895251275779855,0.03857582076443591,2.136,0.35600000000000004,0.21061039306325166,0.08862208490142705
3.246630471,0.357,0.1392970681494403,0.038362874588628734,2.142,0.357,0.21113263584264075,0.08813287342911504
3.255724674,0.358,0.1396396432472072,0.03814901391262119,2.148,0.35800000000000004,0.2116518770896136,0.08764156103159129
3.264818877,0.359,0.13998022920440198,0.037934246816457254,2.154,0.359,0.2121681033952267,0.08714816627152912
3.2739130800000003,0.36000000000000004,0.14031881723704345,0.03771858141200181,2.16,0.36000000000000004,0.2126813014455954,0.08665270778470487
3.2830072830000003,0.36100000000000004,0.1406553986238541,0.037502025844078184,2.166,0.361,0.213191458021875,0.0861552042826122
3.292101486,0.362,0.14098996470624878,0.03728458829165241,2.172,0.36200000000000004,0.21369856000024362,0.08565567455518246
3.301195689,0.363,0.14132250688832243,0.03706627696906728,2.178,0.363,0.2142025943518838,0.0851541374736198
3.310289892,0.364,0.14165301663683877,0.03684710012732711,2.184,0.36400000000000005,0.2147035481429648,0.08465061199335226
3.319384095,0.365,0.141981485481218,0.036627066055436634,2.19,0.365,0.21520140853462486,0.08414511715710865
3.3284782980000003,0.36600000000000005,0.14230790501352575,0.036406183081796974,2.196,0.36600000000000005,0.2156961627829535,0.08363767209812445
3.337572501,0.367,0.14263226688846073,0.036184459575660036,2.202,0.367,0.21618779823897338,0.08312829604348387
3.346666704,0.368,0.1429545628233436,0.03596190394864608,2.208,0.36800000000000005,0.21667630234862334,0.0826170083176059
3.355760907,0.369,0.14327478459810528,0.03573852465632592,2.214,0.369,0.21716166265274048,0.08210382834587956
3.36485511,0.37,0.14359292405527513,0.035514330199872296,2.22,0.37000000000000005,0.21764386678704253,0.08158877565845667
3.3739493130000002,0.371,0.14390897309996978,0.03528932912778264,2.226,0.371,0.21812290248211075,0.0810718698942112
3.3830435160000003,0.372,0.14422292369988163,0.03506353003767859,2.232,0.37200000000000005,0.21859875756337246,0.08055313080487173
3.392137719,0.373,0.14453476788526698,0.03483694157818358,2.238,0.373,0.2190714199510831,0.08003257825933617
3.401231922,0.374,0.14484449774893537,0.034609572450885695,2.244,0.37400000000000005,0.2195408776603103,0.07951023224818057
3.410326125,0.375,0.14515210544623774,0.034381431412387024,2.25,0.375,0.2200071188009153,0.07898611288836727
3.419420328,0.376,0.14545758319505525,0.03415252727644671,2.2560000000000002,0.37600000000000006,0.22047013157753678,0.0784602404281683
3.4285145310000003,0.377,0.14576092327578805,0.03392286891622074,2.262,0.377,0.22092990428957354,0.07793263525231073
3.4376087340000003,0.378,0.14606211803134422,0.03369246526660411,2.2680000000000002,0.37800000000000006,0.2213864253311674,0.07740331788735796
3.446702937,0.379,0.1463611598671284,0.03346132532668178,2.274,0.379,0.22183968319118638,0.07687230900733966
3.45579714,0.38,0.14665804125103096,0.03322945816229215,2.2800000000000002,0.38000000000000006,0.2222896664532083,0.07633962943964176
3.464891343,0.381,0.14695275471341676,0.032996872908711644,2.286,0.381,0.22273636379550313,0.07580530017117332
3.473985546,0.382,0.14724529284711418,0.032763578773464676,2.2920000000000003,0.38200000000000006,0.22317976399101738,0.07526934235482219
3.4830797490000003,0.383,0.1475356483074043,0.0325295850392674,2.298,0.383,0.2236198559073568,0.07473177731621765
3.492173952,0.38399999999999995,0.14782381381200985,0.03229490106711168,2.3040000000000003,0.38400000000000006,0.22405662850677027,0.07419262656081588
3.501268155,0.385,0.14810978214108453,0.032059536299497864,2.31,0.385,0.22449007084613287,0.0736519117813262
3.510362358,0.386,0.14839354613720235,0.0318235002638236,2.316,0.38599999999999995,0.22492017207693063,0.07310965486549661
3.519456561,0.387,0.14867509870534645,0.03158680257593888,2.322,0.387,0.22534692144524296,0.0725658779042807
3.5285507640000002,0.388,0.14895443281289888,0.03134945294387494,2.328,0.38799999999999996,0.22577030829172717,0.07202060320040504
3.5376449670000003,0.389,0.14923154148962994,0.031111461171758684,2.334,0.389,0.22619032205160286,0.07147385327736057
3.5467391700000004,0.39,0.14950641782768742,0.030872837163922126,2.34,0.38999999999999996,0.22660695225463465,0.07092565088884514
3.5558333730000005,0.391,0.1497790549815863,0.030633590929218545,2.346,0.391,0.22702018852511785,0.0703760190286775
3.5649275760000005,0.39200000000000007,0.1500494461681983,0.030393732585557286,2.352,0.39199999999999996,0.22743002058186124,0.06982498094121684
3.5740217790000006,0.39300000000000007,0.15031758466674153,0.03015327236467046,2.358,0.393,0.2278364382381724,0.06927256013231207
3.5831159820000007,0.3940000000000001,0.1505834638187701,0.029912220617123998,2.364,0.39399999999999996,0.2282394314018417,0.0687187803808158
3.5922101850000008,0.3950000000000001,0.15084707702816388,0.029670587817589755,2.37,0.395,0.2286389900751265,0.06816366575069398
3.601304388,0.39599999999999996,0.15110841776111858,0.029428384570391975,2.376,0.39599999999999996,0.22903510435473629,0.06760724060377002
3.610398591,0.397,0.15136747954613536,0.029185621615346016,2.382,0.397,0.22942776443181712,0.06704952961313729
3.619492794,0.398,0.1516242559740108,0.02894230983390792,2.388,0.39799999999999996,0.22981696059193607,0.06649055777728703
3.628586997,0.399,0.1518787406978271,0.028698460255650954,2.394,0.399,0.2302026832150669,0.06593035043498761
3.6376812000000003,0.4,0.15213092743294215,0.028454084065093376,2.4,0.39999999999999997,0.23058492277557407,0.06536893328096945
3.6467754030000004,0.401,0.15238080995697945,0.028209192608895338,2.406,0.401,0.2309636698421987,0.06480633238245993
3.6558696059999995,0.4019999999999999,0.15262838210981855,0.027963797403451347,2.412,0.40199999999999997,0.23133891507804305,0.0642425741966247
3.6649638089999996,0.40299999999999997,0.1528736377935855,0.02771791014290103,2.418,0.403,0.23171064924055645,0.06367768558897224
3.6740580119999997,0.40399999999999997,0.15311657097264283,0.02747154270758593,2.424,0.40399999999999997,0.23207886318152024,0.06311169385278179
3.683152215,0.40499999999999997,0.1533571756735802,0.02722470717298105,2.43,0.405,0.23244354784703342,0.06254462672962131
3.692246418,0.40599999999999997,0.15359544598520494,0.02697741581913087,2.436,0.40599999999999997,0.23280469427749817,0.061976512431026684
3.701340621,0.407,0.15383137605853262,0.02672968114062394,2.442,0.40700000000000003,0.23316229360760593,0.061407379661415885
3.710434824,0.408,0.1540649601067776,0.02648151585714057,2.448,0.408,0.23351633706632283,0.060837257642321445
3.719529027,0.409,0.1542961924053439,0.02623293292461212,2.454,0.40900000000000003,0.233866815976876,0.06026617613802609
3.72862323,0.41000000000000003,0.15452506729181598,0.025983945547031696,2.46,0.41,0.23421372175673913,0.059694165482697195
3.7377174330000003,0.41100000000000003,0.1547515791659495,0.025734567188961634,2.466,0.41100000000000003,0.23455704591761925,0.059121256609120085
3.7468116360000003,0.41200000000000003,0.1549757224896624,0.02548481158878285,2.472,0.412,0.23489678006544243,0.05854748107913698
3.7559058390000004,0.41300000000000003,0.15519749178702588,0.025234692772739147,2.478,0.41300000000000003,0.23523291590034107,0.05797287111591078
3.7650000420000005,0.41400000000000003,0.15541688164425566,0.024984225069828253,2.484,0.414,0.23556544521663925,0.057397459638136195
3.7740942450000006,0.41500000000000004,0.155633886709703,0.024733423127601094,2.49,0.41500000000000004,0.2358943599028402,0.05682128029633482
3.7831884480000006,0.41600000000000004,0.15584850169384595,0.024482301928930354,2.496,0.416,0.23621965194161315,0.0562443675113796
3.7922826510000007,0.4170000000000001,0.1560607213692807,0.02423087680981823,2.5020000000000002,0.41700000000000004,0.23654131340977952,0.055666756515404425
3.801376854000001,0.4180000000000001,0.1562705405707134,0.023979163478315243,2.508,0.418,0.23685933647830062,0.055088483395267826
3.810471057,0.419,0.15647795419495097,0.02372717803463144,2.5140000000000002,0.41900000000000004,0.23717371341226431,0.05450958513875531
3.81956526,0.42,0.15668295720089348,0.023474936992523638,2.52,0.42,0.23748443657087287,0.053930099683713206
3.828659463,0.421,0.15688554460952506,0.023222457302052746,2.5260000000000002,0.42100000000000004,0.2377914984074295,0.05335006597033016
3.8377536660000002,0.422,0.1570857115039064,0.022969756373810487,2.532,0.422,0.23809489146932666,0.05276952399679413
3.8468478690000003,0.42300000000000004,0.15728345302916585,0.022716852104722823,2.5380000000000003,0.42300000000000004,0.23839460839803317,0.05218851487857251
3.8559420719999995,0.42399999999999993,0.15747876439249212,0.022463762905548572,2.544,0.424,0.23869064192908254,0.051607080911585154
3.8650362749999996,0.42499999999999993,0.1576716408631256,0.02221050773019721,2.5500000000000003,0.42500000000000004,0.23898298489205994,0.0510252656395584
3.8741304779999997,0.42599999999999993,0.15786207777235098,0.021957106107004812,2.556,0.426,0.23927163021059136,0.05044311392587644
3.8832246809999997,0.42699999999999994,0.15805007051348918,0.021703578172114515,2.562,0.427,0.2395565709023309,0.04986067203026661
3.892318884,0.428,0.15823561454188967,0.021449944705121387,2.568,0.428,0.23983780007894945,0.049277987690691256
3.901413087,0.429,0.15841870537492272,0.021196227167157303,2.574,0.429,0.24011531094612304,0.04869511021083829
3.91050729,0.43,0.1585993385919723,0.02094244774160154,2.58,0.43,0.24038909680352177,0.04811209055365001
3.919601493,0.431,0.15877750983442804,0.020688629377621417,2.586,0.431,0.24065915104479746,0.04752898144135016
3.928695696,0.432,0.15895321480567803,0.020434795836764722,2.592,0.432,0.24092546715757357,0.04694583746248321
3.937789899,0.433,0.159126449271102,0.020180971742842946,2.598,0.433,0.24118803872343395,0.04636271518651334
3.9468841020000003,0.434,0.15929720905806355,0.019927182635363933,2.604,0.434,0.2414468594179114,0.04577967328657799
3.9559783050000004,0.43500000000000005,0.15946549005590324,0.019673455026798174,2.61,0.435,0.24170192301047766,0.04519677267104856
3.9650725080000004,0.43600000000000005,0.15963128821593167,0.019419816463981634,2.616,0.436,0.2419532233645318,0.04461407662459309
3.9741667110000005,0.43700000000000006,0.15979459955142264,0.019166295593988084,2.622,0.437,0.24220075443739106,0.04403165095951002
3.9832609140000006,0.43800000000000006,0.159955420137606,0.018912922234830924,2.628,0.438,0.24244451028027947,0.0434495641781527
3.9923551170000007,0.43900000000000006,0.16011374611166135,0.01865972745138281,2.634,0.439,0.24268448503831808,0.042867887647344505
4.00144932,0.43999999999999995,0.16026957367271108,0.018406743636937867,2.64,0.44,0.242920672950515,0.042286695785754905
4.010543523,0.441,0.16042289908181406,0.018154004600873054,2.646,0.441,0.24315306834975517,0.04170606626528887
4.019637726,0.442,0.16057371866195894,0.017901545662906776,2.652,0.442,0.24338166566279054,0.04112608022763084
4.028731929,0.443,0.16072202879805828,0.017649403754491626,2.658,0.443,0.24360645941023137,0.040546822517179844
4.037826132,0.444,0.1608678259369416,0.017397617527923313,2.664,0.444,0.2438274442065354,0.03996838193171034
4.046920335,0.445,0.16101110658735004,0.017146227473795954,2.67,0.445,0.24404461475999978,0.03939085149220797
4.056014538,0.446,0.1611518673199296,0.016895276047481974,2.676,0.446,0.24425796587275092,0.038814328733437924
4.065108741,0.447,0.16129010476722558,0.01664480780537037,2.682,0.447,0.24446749244073618,0.03823891601693157
4.0742029440000005,0.44800000000000006,0.16142581562367653,0.016394869551652935,2.688,0.448,0.24467318945371444,0.03766472086820573
4.083297147000001,0.44900000000000007,0.161558996645609,0.016145510496507004,2.694,0.449,0.2448750519952478,0.03709185634016286
4.09239135,0.44999999999999996,0.16168964465123092,0.01589678242658415,2.7,0.45,0.245073075242693,0.03652044140476377
4.101485553,0.45099999999999996,0.16181775652062694,0.015648739888779302,2.706,0.451,0.24526725446719252,0.035950601375209085
4.110579756,0.45199999999999996,0.16194332919575263,0.015401440388317875,2.712,0.452,0.24545758503366683,0.035382468361013254
4.119673959,0.453,0.162066359680429,0.015154944602262395,2.718,0.453,0.24564406240080608,0.034816181758505274
4.128768162,0.454,0.16218684504033748,0.014909316609605372,2.724,0.454,0.245826682121062,0.034251888779430514
4.137862365,0.455,0.16230478240301457,0.014664624139170789,2.73,0.455,0.24600543984064038,0.03368974502046776
4.146956568,0.456,0.16242016895784697,0.014420938836604679,2.736,0.456,0.24618033129949318,0.03312991507659905
4.156050771,0.457,0.16253300195606665,0.014178336551774962,2.742,0.457,0.2463513523313112,0.03257257320136717
4.165144974,0.458,0.16264327871074558,0.013936897647935742,2.748,0.458,0.24651849886351643,0.03201790401713368
4.1742391770000005,0.459,0.16275099659679154,0.013696707334020267,2.754,0.459,0.24668176691725524,0.03146610327847145
4.1833333800000005,0.46,0.1628561530509433,0.013457856021416872,2.7600000000000002,0.46,0.24684115260739128,0.030917378691803155
4.192427583,0.46099999999999997,0.16295874557176582,0.013220439706533704,2.766,0.461,0.24699665214249833,0.03037195079428547
4.201521786,0.46199999999999997,0.16305877171964625,0.012984560380370633,2.7720000000000002,0.462,0.24714826182485383,0.02983005389473896
4.210615989,0.46299999999999997,0.16315622911678934,0.012750326466169729,2.778,0.463,0.24729597805043213,0.029291937079082047
4.219710192,0.46399999999999997,0.163251115447213,0.012517853285999756,2.7840000000000003,0.464,0.24743979730889842,0.02875786528223989
4.228804395,0.46499999999999997,0.16334342845674485,0.012287263556826097,2.79,0.465,0.24757971618360242,0.028228120427787697
4.237898598,0.466,0.1634331659530176,0.012058687916196775,2.7960000000000003,0.466,0.2477157313515717,0.027703002635636364
4.246992801,0.467,0.1635203258054654,0.011832265477127964,2.802,0.467,0.2478478395835069,0.02718283149679584
4.256087004,0.468,0.16360490594531993,0.011608144411044182,2.8080000000000003,0.468,0.24797603774377439,0.026667947412592857
4.265181207,0.46900000000000003,0.16368690436560696,0.011386482556712537,2.814,0.46900000000000003,0.24810032279040267,0.026158712993604227
4.27427541,0.47000000000000003,0.16376631912114248,0.011167448051940228,2.82,0.47,0.24822069177507525,0.025655514510886154
4.2833696130000005,0.47100000000000003,0.16384314832852914,0.010951219983357845,2.826,0.47100000000000003,0.2483371418431258,0.02515876338875187
4.292463816000001,0.47200000000000003,0.16391739016615345,0.010737989047824385,2.832,0.472,0.24844967023353387,0.024668897724250655
4.301558019,0.473,0.1639890428741819,0.010527958216825234,2.838,0.47300000000000003,0.24855827427891897,0.02418638381351916
4.310652222,0.474,0.16405810475455807,0.010321343392632907,2.844,0.474,0.24866295140553607,0.023711717659212664
4.319746425,0.475,0.16412457417099963,0.010118374041928502,2.85,0.47500000000000003,0.24876369913327118,0.02324542642615365
4.328840628,0.476,0.16418844954899522,0.009919293788995259,2.856,0.476,0.24886051507563683,0.022788069804103136
4.337934831,0.477,0.164249729375802,0.00972436094649137,2.862,0.47700000000000004,0.24895339693976778,0.02234024122713137
4.347029034,0.478,0.16430841220044237,0.009533848957195014,2.868,0.478,0.2490423425264166,0.02190256888845937
4.356123237,0.47900000000000004,0.16436449663370178,0.009348046715057469,2.874,0.47900000000000004,0.24912734972995013,0.02147571647803005
4.36521744,0.48000000000000004,0.1644179813481262,0.009167258728521633,2.88,0.48,0.2492084165383456,0.02106038355770746
4.374311643,0.48100000000000004,0.16446886507801953,0.008991805083566359,2.886,0.48100000000000004,0.24928554103318676,0.020657305476376543
4.3834058460000005,0.48200000000000004,0.16451714661944147,0.008822021158635812,2.892,0.482,0.24935872138966067,0.02026725271503751
4.392500049000001,0.48300000000000004,0.16456282483020543,0.008658257038937467,2.898,0.48300000000000004,0.24942795587655478,0.01989102954124314
4.401594252,0.484,0.16460589862987599,0.008500876574118086,2.904,0.484,0.24949324285625238,0.019529471844254156
4.410688455,0.485,0.16464636699976778,0.008350256021776109,2.91,0.48500000000000004,0.2495545807847315,0.01918344401871387
4.419782658,0.486,0.16468422898294294,0.008206782220496223,2.916,0.486,0.24961196821156115,0.01885383476747327
4.428876861,0.487,0.16471948368420963,0.008070850241050576,2.922,0.48700000000000004,0.24966540377989835,0.018541551705582866
4.437971064,0.488,0.16475213027012042,0.007942860474075475,2.928,0.488,0.2497148862264867,0.01824751466967263
4.447065267,0.489,0.16478216796897083,0.007823215127786906,2.934,0.48900000000000005,0.24976041438165308,0.017972647671985212
4.45615947,0.49,0.16480959607079787,0.0077123141307648075,2.94,0.49,0.24980198716930638,0.01771786948764639
4.465253673,0.49100000000000005,0.16483441392737863,0.007610550462697664,2.946,0.49100000000000005,0.2498396036069348,0.017484082927759593
4.474347876,0.49200000000000005,0.1648566209522295,0.007518304969732865,2.952,0.492,0.24987326280560476,0.017272162928462065
4.4834420790000005,0.49300000000000005,0.16487621662060456,0.007435940759380998,2.958,0.49300000000000005,0.2499029639699586,0.017082943674069137
4.4925362820000005,0.49400000000000005,0.16489320046949527,0.007363797310421271,2.964,0.494,0.24992870639821418,0.016917205065477198
4.501630485,0.49499999999999994,0.1649075720976288,0.007302184472637978,2.97,0.49500000000000005,0.24995048948216203,0.01677565893547021
4.510724688,0.49599999999999994,0.16491933116546834,0.0072513765653706135,2.976,0.496,0.249968312707166,0.016658935491035694
4.519818891,0.497,0.16492847739521155,0.007211606808289245,2.982,0.49700000000000005,0.2499821756521608,0.016567570518917628
4.528913094,0.498,0.16493501057079057,0.007183062328240322,2.988,0.498,0.24999207798965256,0.016501993914603497
4.538007297,0.499,0.16493893053787143,0.007165879979116222,2.994,0.49900000000000005,0.24999801948571695,0.016462520079109998
4.5471015,0.5,0.16494023720385398,0.007160143185824549,3.0,0.5,0.2500000000000001,0.016449340668482262
4.556195703,0.501,0.16493893053787143,0.0071658799791162195,3.0060000000000002,0.501,0.249998019485717,0.016462520079109994
4.565289906,0.502,0.16493501057079057,0.007183062328240324,3.012,0.502,0.24999207798965256,0.016501993914603504
4.574384109,0.503,0.16492847739521155,0.0072116068082892434,3.0180000000000002,0.503,0.24998217565216085,0.016567570518917638
4.583478312,0.504,0.16491933116546834,0.0072513765653706,3.024,0.504,0.249968312707166,0.016658935491035677
4.5925725150000005,0.505,0.16490757209762882,0.007302184472637995,3.0300000000000002,0.505,0.24995048948216209,0.016775658935470235
4.601666718000001,0.506,0.16489320046949518,0.007363797310421283,3.036,0.506,0.2499287063982141,0.016917205065477198
4.610760921,0.507,0.16487621662060462,0.007435940759381012,3.0420000000000003,0.507,0.24990296396995867,0.01708294367406917
4.619855124,0.508,0.16485662095222947,0.007518304969732865,3.048,0.508,0.2498732628056047,0.017272162928462075
4.628949327,0.509,0.1648344139273786,0.007610550462697676,3.0540000000000003,0.509,0.24983960360693472,0.01748408292775962
4.63804353,0.51,0.16480959607079781,0.0077123141307648135,3.06,0.51,0.24980198716930632,0.017717869487646407
4.647137733,0.511,0.16478216796897072,0.007823215127786899,3.0660000000000003,0.511,0.24976041438165292,0.017972647671985257
4.656231936,0.512,0.16475213027012037,0.007942860474075459,3.072,0.512,0.2497148862264866,0.018247514669672595
4.665326139,0.513,0.16471948368420952,0.008070850241050576,3.078,0.513,0.2496654037798982,0.018541551705582922
4.674420342,0.514,0.1646842289829428,0.008206782220496232,3.084,0.514,0.24961196821156093,0.018853834767473286
4.683514545,0.515,0.16464636699976773,0.008350256021776137,3.09,0.515,0.24955458078473142,0.019183444018713913
4.6926087480000005,0.516,0.1646058986298759,0.008500876574118086,3.096,0.516,0.24949324285625218,0.019529471844254156
4.701702951000001,0.517,0.1645628248302053,0.008658257038937486,3.102,0.517,0.24942795587655459,0.019891029541243187
4.710797154,0.5179999999999999,0.16451714661944145,0.008822021158635814,3.108,0.518,0.24935872138966073,0.020267252715037442
4.719891357,0.519,0.1644688650780195,0.00899180508356637,3.114,0.519,0.2492855410331867,0.020657305476376567
4.72898556,0.52,0.1644179813481263,0.009167258728521633,3.12,0.52,0.2492084165383457,0.021060383557707386
4.738079763,0.521,0.16436449663370187,0.009348046715057469,3.126,0.521,0.24912734972995026,0.02147571647803005
4.747173966,0.522,0.1643084122004423,0.009533848957195024,3.132,0.522,0.24904234252641652,0.021902568888459397
4.756268169,0.523,0.164249729375802,0.009724360946491383,3.138,0.523,0.24895339693976778,0.02234024122713137
4.765362372,0.524,0.1641884495489953,0.009919293788995259,3.144,0.524,0.24886051507563697,0.022788069804103136
4.774456575,0.525,0.16412457417099957,0.010118374041928502,3.15,0.525,0.24876369913327118,0.023245426426153622
4.783550778,0.526,0.16405810475455812,0.010321343392632933,3.156,0.526,0.2486629514055361,0.023711717659212723
4.7926449810000005,0.527,0.1639890428741819,0.010527958216825234,3.162,0.527,0.24855827427891897,0.024186383813519015
4.8017391840000005,0.528,0.1639173901661535,0.010737989047824461,3.168,0.528,0.24844967023353393,0.024668897724250655
4.810833387000001,0.529,0.1638431483285291,0.010951219983357819,3.174,0.529,0.24833714184312572,0.02515876338875181
4.81992759,0.5299999999999999,0.16376631912114242,0.011167448051940284,3.18,0.53,0.24822069177507514,0.025655514510886088
4.829021793,0.531,0.16368690436560696,0.011386482556712511,3.186,0.531,0.2481003227904026,0.026158712993604165
4.838115996,0.532,0.16360490594532004,0.011608144411044208,3.192,0.532,0.24797603774377452,0.026667947412592916
4.847210199,0.533,0.1635203258054655,0.011832265477128047,3.198,0.533,0.24784783958350692,0.027182831496796032
4.856304402,0.534,0.1634331659530176,0.01205868791619686,3.204,0.534,0.2477157313515717,0.027703002635636558
4.865398605,0.535,0.16334342845674477,0.012287263556826125,3.21,0.535,0.24757971618360228,0.028228120427787863
4.874492808,0.536,0.16325111544721296,0.012517853285999756,3.216,0.536,0.2474397973088984,0.02875786528223986
4.883587011,0.537,0.16315622911678931,0.012750326466169772,3.222,0.537,0.24729597805043213,0.029291937079082245
4.8926812140000004,0.538,0.16305877171964625,0.012984560380370649,3.228,0.538,0.24714826182485372,0.029830053894738986
4.9017754170000005,0.539,0.16295874557176582,0.013220439706533733,3.234,0.539,0.24699665214249822,0.030371950794285674
4.910869620000001,0.54,0.16285615305094336,0.013457856021416813,3.24,0.54,0.24684115260739137,0.03091737869180302
4.919963823,0.5409999999999999,0.16275099659679151,0.01369670733402021,3.246,0.541,0.24668176691725524,0.03146610327847152
4.929058026,0.5419999999999999,0.16264327871074563,0.013936897647935728,3.2520000000000002,0.542,0.24651849886351646,0.03201790401713358
4.938152229,0.5429999999999999,0.16253300195606663,0.014178336551774902,3.258,0.543,0.24635135233131114,0.0325725732013671
4.947246432,0.544,0.16242016895784708,0.014420938836604695,3.2640000000000002,0.544,0.24618033129949332,0.03312991507659908
4.956340635,0.545,0.16230478240301452,0.014664624139170808,3.27,0.545,0.2460054398406403,0.033689745020467794
4.965434838,0.546,0.1621868450403374,0.01490931660960531,3.2760000000000002,0.546,0.2458266821210619,0.03425188877943037
4.974529041,0.547,0.16206635968042898,0.015154944602262473,3.282,0.547,0.24564406240080605,0.034816181758505454
4.983623244,0.548,0.16194332919575258,0.015401440388317877,3.2880000000000003,0.548,0.2454575850336668,0.03538246836101336
4.992717447,0.549,0.16181775652062688,0.015648739888779274,3.294,0.549,0.2452672544671924,0.03595060137520901
5.0018116500000005,0.55,0.1616896446512309,0.015896782426584183,3.3000000000000003,0.55,0.245073075242693,0.03652044140476395
5.010905853000001,0.551,0.1615589966456089,0.01614551049650705,3.306,0.551,0.24487505199524776,0.03709185634016293
5.020000056,0.5519999999999999,0.16142581562367656,0.016394869551652903,3.3120000000000003,0.552,0.24467318945371444,0.03766472086820576
5.029094259,0.5529999999999999,0.16129010476722563,0.016644807805370483,3.318,0.553,0.24446749244073607,0.03823891601693169
5.038188462,0.5539999999999999,0.16115186731992948,0.01689527604748201,3.3240000000000003,0.554,0.24425796587275098,0.03881432873343799
5.047282665,0.5549999999999999,0.1610111065873501,0.01714622747379597,3.33,0.555,0.24404461475999983,0.03939085149220793
5.056376868,0.5559999999999999,0.1608678259369416,0.017397617527923185,3.336,0.5559999999999999,0.24382744420653532,0.039968381931710054
5.065471071,0.557,0.16072202879805828,0.017649403754491543,3.342,0.557,0.24360645941023137,0.040546822517179656
5.074565274,0.558,0.160573718661959,0.017901545662906772,3.348,0.5579999999999999,0.2433816656627904,0.04112608022763061
5.083659477,0.559,0.160422899081814,0.018154004600873002,3.354,0.559,0.24315306834975506,0.041706066265288756
5.09275368,0.56,0.16026957367271105,0.018406743636937915,3.36,0.5599999999999999,0.24292067295051495,0.04228669578575487
5.1018478830000005,0.561,0.1601137461116613,0.018659727451382755,3.366,0.561,0.24268448503831808,0.04286788764734439
5.1109420860000006,0.562,0.159955420137606,0.018912922234830907,3.372,0.5619999999999999,0.2424445102802794,0.04344956417815263
5.120036289000001,0.5630000000000001,0.1597945995514226,0.01916629559398812,3.378,0.5630000000000001,0.24220075443739103,0.044031650959510095
5.129130492,0.564,0.15963128821593173,0.019419816463981682,3.384,0.564,0.24195322336453182,0.044614076624593206
5.138224695,0.565,0.15946549005590313,0.019673455026798188,3.39,0.5650000000000001,0.24170192301047766,0.0451967726710486
5.147318898,0.566,0.15929720905806355,0.019927182635364013,3.396,0.566,0.2414468594179114,0.04577967328657817
5.156413101,0.567,0.15912644927110217,0.020180971742842897,3.402,0.5670000000000001,0.241188038723434,0.04636271518651338
5.165507304,0.568,0.15895321480567803,0.020434795836764722,3.408,0.568,0.24092546715757357,0.04694583746248321
5.174601507,0.5690000000000001,0.15877750983442795,0.020688629377621483,3.414,0.5690000000000001,0.24065915104479738,0.04752898144135031
5.18369571,0.5700000000000001,0.15859933859197226,0.020942447741601606,3.42,0.57,0.24038909680352197,0.048112090553650164
5.192789913,0.5710000000000001,0.15841870537492278,0.021196227167157387,3.426,0.5710000000000001,0.2401153109461231,0.04869511021083848
5.2018841160000004,0.5720000000000001,0.1582356145418896,0.02144994470512127,3.432,0.572,0.23983780007894942,0.04927798769069099
5.2109783190000005,0.5730000000000001,0.15805007051348918,0.021703578172114532,3.438,0.5730000000000001,0.23955657090233085,0.04986067203026679
5.220072522000001,0.5740000000000001,0.157862077772351,0.02195710610700483,3.444,0.574,0.23927163021059128,0.050443113925876255
5.229166725,0.575,0.15767164086312566,0.022210507730197115,3.45,0.5750000000000001,0.23898298489205974,0.051025265639558476
5.238260928,0.576,0.15747876439249223,0.022463762905548558,3.456,0.576,0.23869064192908263,0.05160708091158524
5.247355131,0.577,0.1572834530291659,0.022716852104722744,3.462,0.5770000000000001,0.23839460839803328,0.05218851487857254
5.256449334,0.578,0.1570857115039063,0.022969756373810442,3.468,0.578,0.23809489146932655,0.05276952399679403
5.265543537,0.579,0.1568855446095251,0.023222457302052846,3.474,0.5790000000000001,0.23779149840742933,0.053350065970330235
5.27463774,0.58,0.15668295720089356,0.02347493699252362,3.48,0.58,0.23748443657087298,0.05393009968371317
5.283731943,0.581,0.15647795419495097,0.023727178034631424,3.486,0.5810000000000001,0.23717371341226454,0.054509585138755354
5.292826146,0.5820000000000001,0.1562705405707134,0.023979163478315385,3.492,0.582,0.2368593364783007,0.05508848339526806
5.301920349,0.5830000000000001,0.1560607213692808,0.024230876809818246,3.498,0.5830000000000001,0.23654131340977957,0.05566675651540439
5.3110145520000005,0.5840000000000001,0.15584850169384595,0.024482301928930434,3.5039999999999996,0.584,0.23621965194161315,0.0562443675113795
5.320108755000001,0.5850000000000001,0.155633886709703,0.024733423127601177,3.51,0.585,0.2358943599028402,0.05682128029633494
5.329202958,0.586,0.1554168816442558,0.024984225069828236,3.516,0.586,0.23556544521663927,0.05739745963813608
5.338297161,0.587,0.15519749178702588,0.025234692772739164,3.5220000000000002,0.5870000000000001,0.23523291590034093,0.05797287111591067
5.347391364,0.588,0.1549757224896624,0.025484811588782783,3.5280000000000005,0.5880000000000001,0.23489678006544262,0.0585474810791372
5.356485567,0.589,0.1547515791659495,0.025734567188961634,3.5340000000000007,0.5890000000000001,0.23455704591761908,0.059121256609120015
5.36557977,0.59,0.15452506729181592,0.025983945547031612,3.54,0.59,0.23421372175673905,0.05969416548269697
5.374673973,0.591,0.15429619240534384,0.026232932924612075,3.5460000000000003,0.5910000000000001,0.2338668159768761,0.0602661761380259
5.383768176,0.592,0.15406496010677762,0.02648151585714059,3.5519999999999996,0.592,0.2335163370663229,0.06083725764232148
5.392862379,0.593,0.15383137605853262,0.02672968114062391,3.558,0.593,0.2331622936076059,0.06140737966141593
5.401956582,0.594,0.15359544598520494,0.02697741581913087,3.564,0.594,0.2328046942774981,0.061976512431026684
5.4110507850000005,0.5950000000000001,0.1533571756735802,0.027224707172981064,3.5700000000000003,0.5950000000000001,0.2324435478470334,0.06254462672962134
5.4201449880000006,0.5960000000000001,0.15311657097264272,0.027471542707585957,3.5760000000000005,0.5960000000000001,0.23207886318152007,0.06311169385278184
5.429239191000001,0.5970000000000001,0.15287363779358548,0.027717910142900985,3.5820000000000007,0.5970000000000001,0.23171064924055643,0.0636776855889723
5.438333394,0.598,0.15262838210981855,0.027963797403451368,3.588,0.598,0.23133891507804305,0.06424257419662484
5.447427597,0.599,0.15238080995697936,0.028209192608895314,3.5939999999999994,0.5989999999999999,0.2309636698421986,0.06480633238245995
5.4565218,0.6,0.15213092743294204,0.028454084065093362,3.5999999999999996,0.6,0.230584922775574,0.06536893328096949
5.465616003,0.601,0.15187874069782717,0.028698460255650864,3.606,0.601,0.23020268321506704,0.0659303504349874
5.474710206,0.602,0.15162425597401077,0.02894230983390797,3.612,0.602,0.22981696059193613,0.06649055777728721
5.483804409,0.603,0.15136747954613533,0.029185621615346026,3.6180000000000003,0.6030000000000001,0.22942776443181712,0.06704952961313747
5.492898612,0.604,0.15110841776111852,0.02942838457039182,3.6240000000000006,0.6040000000000001,0.22903510435473634,0.06760724060376981
5.501992815,0.605,0.15084707702816388,0.029670587817589727,3.63,0.605,0.2286389900751265,0.06816366575069388
5.5110870180000004,0.606,0.15058346381877005,0.02991222061712403,3.636,0.606,0.2282394314018417,0.06871878038081579
5.5201812210000005,0.6070000000000001,0.15031758466674153,0.030153272364670466,3.6419999999999995,0.6069999999999999,0.22783643823817254,0.06927256013231192
5.529275424000001,0.6080000000000001,0.15004944616819824,0.030393732585557418,3.6479999999999997,0.608,0.22743002058186124,0.06982498094121688
5.538369627,0.609,0.14977905498158628,0.030633590929218527,3.654,0.609,0.2270201885251178,0.07037601902867746
5.54746383,0.61,0.14950641782768742,0.030872837163922064,3.66,0.61,0.22660695225463473,0.07092565088884492
5.556558033,0.611,0.1492315414896298,0.031111461171758694,3.6660000000000004,0.6110000000000001,0.2261903220516028,0.07147385327736075
5.565652236,0.612,0.14895443281289888,0.03134945294387493,3.6720000000000006,0.6120000000000001,0.22577030829172715,0.07202060320040499
5.574746439,0.613,0.14867509870534634,0.03158680257593883,3.678,0.613,0.22534692144524282,0.07256587790428058
5.583840642,0.614,0.14839354613720235,0.03182350026382368,3.684,0.614,0.2249201720769307,0.07310965486549673
5.592934845,0.615,0.14810978214108464,0.032059536299497864,3.6899999999999995,0.6149999999999999,0.22449007084613296,0.07365191178132612
5.602029048,0.616,0.14782381381200987,0.03229490106711157,3.6959999999999997,0.616,0.22405662850677027,0.07419262656081566
5.611123251,0.617,0.1475356483074042,0.03252958503926751,3.702,0.617,0.22361985590735675,0.0747317773162179
5.6202174540000005,0.618,0.14724529284711405,0.03276357877346466,3.708,0.618,0.22317976399101722,0.07526934235482209
5.629311657000001,0.619,0.1469527547134167,0.03299687290871166,3.7140000000000004,0.6190000000000001,0.22273636379550305,0.07580530017117316
5.638405860000001,0.6200000000000001,0.1466580412510309,0.033229458162292176,3.7200000000000006,0.6200000000000001,0.22228966645320816,0.07633962943964183
5.647500063,0.621,0.1463611598671284,0.03346132532668177,3.726,0.621,0.22183968319118647,0.07687230900733963
5.656594266,0.622,0.14606211803134422,0.03369246526660408,3.732,0.622,0.22138642533116745,0.07740331788735783
5.665688469,0.623,0.14576092327578796,0.03392286891622066,3.7379999999999995,0.6229999999999999,0.22092990428957346,0.07793263525231078
5.674782672,0.624,0.14545758319505528,0.03415252727644671,3.7439999999999998,0.624,0.22047013157753692,0.07846024042816825
5.683876875,0.625,0.14515210544623774,0.034381431412387024,3.75,0.625,0.2200071188009153,0.07898611288836727
5.692971078,0.626,0.14484449774893546,0.034609572450885744,3.7560000000000002,0.626,0.21954087766031033,0.07951023224818067
5.702065281,0.627,0.1445347678852671,0.03483694157818367,3.7620000000000005,0.6270000000000001,0.2190714199510831,0.08003257825933624
5.711159484,0.628,0.1442229236998817,0.0350635300376786,3.7680000000000007,0.6280000000000001,0.21859875756337233,0.08055313080487182
5.7202536870000005,0.629,0.14390897309996972,0.035289329127782605,3.774,0.629,0.21812290248211066,0.08107186989421111
5.7293478900000006,0.63,0.14359292405527516,0.03551433019987236,3.7800000000000002,0.63,0.21764386678704256,0.08158877565845693
5.738442093000001,0.631,0.14327478459810528,0.035738524656325994,3.7859999999999996,0.6309999999999999,0.21716166265274056,0.08210382834587958
5.747536296,0.632,0.1429545628233436,0.03596190394864606,3.792,0.632,0.21667630234862326,0.08261700831760596
5.756630499,0.633,0.14263226688846076,0.036184459575659994,3.798,0.633,0.21618779823897347,0.08312829604348382
5.765724702,0.634,0.14230790501352575,0.03640618308179696,3.8040000000000003,0.634,0.2156961627829535,0.08363767209812441
5.774818905,0.635,0.14198148548121808,0.036627066055436634,3.8100000000000005,0.6350000000000001,0.2152014085346247,0.08414511715710868
5.783913108,0.636,0.14165301663683869,0.03684710012732701,3.8160000000000007,0.6360000000000001,0.2147035481429646,0.08465061199335222
5.793007311,0.637,0.14132250688832232,0.03706627696906731,3.822,0.637,0.21420259435188357,0.08515413747361988
5.802101514,0.638,0.1409899647062488,0.03728458829165241,3.8280000000000003,0.638,0.21369856000024365,0.08565567455518255
5.811195717,0.639,0.14065539862385415,0.037502025844078114,3.8339999999999996,0.6389999999999999,0.21319145802187506,0.08615520428261209
5.8202899200000004,0.64,0.14031881723704348,0.03771858141200193,3.84,0.64,0.21268130144559544,0.08665270778470514
5.8293841230000005,0.641,0.13998022920440195,0.03793424681645722,3.846,0.641,0.2121681033952267,0.08714816627152905
5.838478326000001,0.642,0.1396396432472073,0.03814901391262111,3.8520000000000003,0.642,0.2116518770896137,0.0876415610315912
5.847572529,0.6429999999999999,0.13929706814944043,0.03836287458862876,3.8580000000000005,0.6430000000000001,0.2111326358426407,0.08813287342911524
5.856666732,0.644,0.13895251275779866,0.038575820764435866,3.864,0.644,0.21061039306325183,0.08862208490142703
5.865760935,0.645,0.13860598598170684,0.038787844390726585,3.87,0.645,0.21008516225546608,0.08910917695644735
5.874855138,0.646,0.1382574967933299,0.03899893744786269,3.8759999999999994,0.6459999999999999,0.20955695701839866,0.089594131170276
5.883949341,0.647,0.13790705422758404,0.039209091944873944,3.8819999999999997,0.6469999999999999,0.20902579104627636,0.09007692918487376
5.893043544,0.648,0.13755466738214922,0.039418299918489115,3.888,0.648,0.20849167812845726,0.09055755270583529
5.902137747,0.649,0.13720034541748108,0.03962655343220168,3.894,0.649,0.20795463214944873,0.09103598350024295
5.91123195,0.65,0.13684409755682297,0.039833844575373034,3.9000000000000004,0.65,0.20741466708892536,0.09151220339460697
5.920326153,0.651,0.13648593308621876,0.04004016546236953,3.9060000000000006,0.6510000000000001,0.20687179702174827,0.09198619427288265
5.9294203560000005,0.652,0.13612586135452323,0.040245508231730946,3.912,0.652,0.20632603611798153,0.09245793807456008
5.938514559000001,0.653,0.1357638917734159,0.04044986504537275,3.918,0.653,0.2057773986429124,0.09292741679283135
5.947608762000001,0.654,0.1354000338174125,0.04065322808781433,3.9239999999999995,0.6539999999999999,0.20522589895706916,0.0933946124728175
5.956702965,0.6549999999999999,0.1350342970238767,0.040855589565440366,3.9299999999999997,0.6549999999999999,0.20467155151623845,0.09385950720987238
5.965797168,0.656,0.13466669099303352,0.04105694170578661,3.936,0.656,0.2041143708714864,0.09432208314794029
5.974891371,0.657,0.13429722538797995,0.0412572767568516,3.942,0.657,0.20355437166917392,0.09478232247797631
5.983985574,0.658,0.1339259099346989,0.04145658698643668,3.9480000000000004,0.658,0.20299156865097812,0.09524020743642923
5.993079777,0.659,0.13355275442207049,0.04165486468150602,3.9540000000000006,0.6590000000000001,0.20242597665390935,0.09569572030377164
6.00217398,0.66,0.13317776870188353,0.04185210214757363,3.96,0.66,0.20185761061032922,0.09614884340309143
6.011268183,0.661,0.13280096268884983,0.042048291708109205,3.966,0.661,0.20128648554797104,0.09659955909872704
6.020362386,0.662,0.13242234636061428,0.042243425703968523,3.9719999999999995,0.6619999999999999,0.20071261658995634,0.09704784979495815
6.0294565890000005,0.663,0.1320419297577697,0.0424374964928403,3.9779999999999998,0.6629999999999999,0.20013601895481645,0.09749369793473785
6.0385507920000006,0.664,0.13165972298386625,0.042630496448717026,3.984,0.664,0.19955670795650754,0.09793708599847163
6.047644995000001,0.665,0.13127573620542626,0.04282241796138123,3.99,0.665,0.19897469900443268,0.09837799650284175
6.056739198,0.6659999999999999,0.13088997965195492,0.04301325343591109,3.9960000000000004,0.666,0.1983900076034583,0.09881641199967023
6.065833401,0.6669999999999999,0.13050246361595388,0.04320299529220379,4.002,0.6669999999999999,0.1978026493539331,0.09925231507482167
6.074927604,0.6679999999999999,0.1301131984529325,0.04339163596451455,4.008,0.668,0.19721263995170935,0.09968568834714889
6.084021807,0.669,0.1297221945814209,0.04357916790101226,4.014,0.669,0.19661999518815693,0.10011651446746687
6.09311601,0.67,0.12932946248298263,0.04376558356335067,4.0200000000000005,0.67,0.196024730950188,0.1005447761175713
6.102210213,0.671,0.12893501270222565,0.043950875426253685,4.026,0.6709999999999999,0.19542686322026992,0.10097045600928437
6.111304416,0.672,0.12853885584681657,0.04413503597711629,4.032,0.672,0.19482640807644783,0.10139353688353689
6.120398619,0.673,0.1281410025874918,0.04431805771561627,4.038,0.673,0.1942233816923626,0.10181400150947961
6.1294928220000005,0.674,0.12774146365807007,0.04449993315334293,4.0440000000000005,0.674,0.19361780033726864,0.10223183268362682
6.1385870250000005,0.675,0.12734024985546544,0.044680654813435965,4.05,0.6749999999999999,0.19300968037605434,0.10264701322902839
6.147681228000001,0.676,0.12693737203969954,0.04486021523023627,4.056,0.676,0.19239903826925858,0.10305952599446726
6.156775431,0.6769999999999999,0.1265328411339127,0.04503860694895041,4.062,0.677,0.19178589057309206,0.10346935385368865
6.165869634,0.6779999999999999,0.1261266681243782,0.04521582252532537,4.0680000000000005,0.678,0.19117025393945397,0.10387647970465237
6.174963837,0.6789999999999999,0.12571886406051397,0.04539185452533255,4.074,0.6789999999999999,0.19055214511595306,0.1042808864688086
6.18405804,0.6799999999999999,0.1253094400548939,0.045566695524866,4.08,0.68,0.18993158094592255,0.1046825570904016
6.193152243,0.6809999999999999,0.12489840728326207,0.045740338109447325,4.086,0.681,0.18930857836844395,0.10508147453579428
6.202246446,0.682,0.12448577698454354,0.04591277487394184,4.0920000000000005,0.682,0.18868315441836112,0.10547762179281482
6.211340649,0.683,0.12407156046085831,0.046083998422283994,4.098,0.6829999999999999,0.18805532622630272,0.10587098187012745
6.220434852,0.684,0.12365576907753113,0.0462540013672117,4.104,0.684,0.1874251110186985,0.10626153779662044
6.229529055,0.685,0.1232384142631071,0.046422776330009914,4.11,0.685,0.1867925261177986,0.10664927262081707
6.2386232580000005,0.686,0.12281950750936137,0.04659031594026127,4.116,0.6859999999999999,0.18615758894169268,0.10703416941030382
6.247717461000001,0.687,0.12239906037131251,0.04675661283560688,4.122,0.6869999999999999,0.18552031700432856,0.10741621125118017
6.256811664000001,0.6880000000000001,0.12197708446723499,0.046921659661513335,4.128,0.6880000000000001,0.1848807279155303,0.10779538124752353
6.265905867,0.689,0.1215535914786712,0.04708544907104756,4.134,0.6890000000000001,0.18423883938101768,0.10817166252087179
6.27500007,0.69,0.12112859315044355,0.04724797372466002,4.14,0.69,0.18359466920242384,0.10854503820972551
6.284094273,0.691,0.12070210129066686,0.04740922628997445,4.146,0.691,0.1829482352773144,0.10891549146906467
6.293188476,0.692,0.12027412777076092,0.04756919944158243,4.152,0.6920000000000001,0.18229955559920608,0.10928300546987685
6.302282679,0.693,0.11984468452546208,0.047727885860849174,4.158,0.6930000000000001,0.18164864825758517,0.1096475633987107
6.311376882,0.6940000000000001,0.11941378355283615,0.04788527823572076,4.164,0.694,0.18099553143792554,0.11000914845723435
6.320471085,0.6950000000000001,0.11898143691429014,0.04804136926054068,4.17,0.695,0.18034022342170838,0.11036774386181243
6.329565288,0.6960000000000001,0.11854765673458452,0.04819615163587098,4.176,0.6960000000000001,0.17968274258643813,0.11072333284309503
6.3386594910000005,0.6970000000000001,0.11811245520184502,0.04834961806832022,4.182,0.6970000000000001,0.1790231074056641,0.11107589864562423
6.347753694000001,0.6980000000000001,0.11767584456757553,0.04850176127037565,4.188,0.698,0.17836133644899654,0.11142542452744712
6.356847897000001,0.6990000000000001,0.11723783714666963,0.048652573960241835,4.194,0.699,0.1776974483821257,0.11177189375974582
6.3659421,0.7,0.11679844531742241,0.04880204886168476,4.2,0.7000000000000001,0.1770314619668398,0.11211528962647765
6.375036303,0.701,0.11635768152154283,0.04895017870387957,4.206,0.7010000000000001,0.17636339606104323,0.1124555954240286
6.384130506,0.702,0.1159155582641658,0.049096956221264615,4.212,0.702,0.17569326961877524,0.11279279446087474
6.393224709,0.703,0.1154720881138642,0.04924237415340015,4.218,0.703,0.17502110169022803,0.11312687005725938
6.402318912,0.704,0.11502728370266063,0.049386425244830695,4.224,0.7040000000000001,0.17434691142176456,0.11345780554487643
6.411413115,0.705,0.1145811577260387,0.04952910224495244,4.23,0.7050000000000001,0.17367071805593573,0.11378558426656528
6.420507318,0.706,0.1141337229429565,0.049670397907885924,4.236,0.706,0.17299254093150065,0.1141101895760196
6.429601521,0.7070000000000001,0.11368499217585638,0.0498103049923506,4.242,0.707,0.17231239948344174,0.11443160483749755
6.4386957240000005,0.7080000000000001,0.1132349783106786,0.04994881626154575,4.248,0.7080000000000001,0.1716303132429847,0.11474981342555035
6.4477899270000005,0.7090000000000001,0.11278369429687167,0.050085924483035345,4.2540000000000004,0.7090000000000001,0.17094630183761553,0.1150647987247546
6.456884130000001,0.7100000000000001,0.11233115314740494,0.05022162242863352,4.26,0.71,0.17026038499109872,0.11537654412945247
6.465978333000001,0.7110000000000001,0.11187736793878039,0.05035590287429882,4.266,0.711,0.16957258252349391,0.11568503304350557
6.475072536,0.712,0.11142235181104339,0.05048875860002731,4.272,0.7120000000000001,0.1688829143511739,0.11599024888005424
6.484166739,0.713,0.11096611796779399,0.050620182389752875,4.2780000000000005,0.7130000000000001,0.16819140048684433,0.11629217506128167
6.493260942,0.714,0.11050867967620122,0.05075016703124858,4.284,0.714,0.16749806103955803,0.11659079501819351
6.502355145,0.715,0.11005005026701024,0.05087870531603218,4.29,0.715,0.16680291621473262,0.11688609219039725
6.511449348,0.716,0.10959024313455851,0.05100579003927538,4.296,0.7160000000000001,0.16610598631417145,0.11717805002589528
6.520543551,0.717,0.10912927173678216,0.05113141399971517,4.3020000000000005,0.7170000000000001,0.1654072917360766,0.11746665198087917
6.529637754,0.718,0.10866714959523244,0.0512555699995689,4.308,0.718,0.16470685297506862,0.11775188151953919
6.538731957,0.719,0.10820389029508316,0.05137825084445255,4.314,0.719,0.1640046906222027,0.11803372211387024
6.5478261600000005,0.7200000000000001,0.10773950748514342,0.05149944934330172,4.32,0.7200000000000001,0.16330082536498564,0.11831215724349527
6.556920363000001,0.7210000000000001,0.1072740148778694,0.05161915830829431,4.3260000000000005,0.7210000000000001,0.1625952779873941,0.11858717039548541
6.566014566000001,0.7220000000000001,0.1068074262493743,0.05173737055477774,4.332,0.722,0.16188806936988975,0.1188587450641938
6.575108769,0.723,0.10633975543944019,0.05185407890119908,4.338,0.723,0.16117922048943722,0.11912686475109313
6.584202972,0.724,0.10587101635152772,0.051969276169034205,4.344,0.7240000000000001,0.1604687524195183,0.11939151296461657
6.593297175,0.725,0.10540122295278989,0.05208295518272475,4.3500000000000005,0.7250000000000001,0.15975668633015463,0.11965267322000823
6.602391378,0.726,0.10493038927407952,0.052195108769613315,4.356,0.726,0.15904304348791695,0.11991032903917878
6.611485581,0.727,0.10445852940996292,0.05230572975988329,4.362,0.727,0.1583278452559455,0.12016446395056413
6.620579784,0.728,0.10398565751872951,0.05241481098650077,4.368,0.7280000000000001,0.1576111130939666,0.12041506148899342
6.629673987,0.729,0.10351178782240128,0.05252234528515813,4.374,0.729,0.15689286855830753,0.12066210519555796
6.63876819,0.73,0.10303693460674619,0.05262832549422006,4.38,0.73,0.15617313330191254,0.12090557861749009
6.6478623930000005,0.731,0.10256111222128605,0.052732744454672395,4.386,0.731,0.1554519290743594,0.12114546530804257
6.656956596000001,0.7320000000000001,0.10208433507930928,0.05283559501007341,4.392,0.7320000000000001,0.1547292777218766,0.12138174882637823
6.666050799000001,0.7330000000000001,0.10160661765787865,0.05293687000650535,4.398,0.733,0.154005201187356,0.12161441273745831
6.675145002,0.734,0.1011279744978454,0.05303656229252966,4.404,0.734,0.1532797215103715,0.12184344061194011
6.684239205,0.735,0.10064842020385556,0.05313466471914495,4.41,0.735,0.15255286082719402,0.12206881602607907
6.693333408,0.736,0.10016796944436292,0.053231170139744266,4.416,0.7360000000000001,0.1518246413708056,0.12229052256163267
6.702427611,0.737,0.09968663695163824,0.053326071410078085,4.422,0.737,0.15109508547091655,0.122508543805772
6.711521814,0.738,0.09920443752177863,0.05341936138821467,4.428,0.738,0.1503642155539786,0.1227228633509959
6.720616017,0.739,0.09872138601471894,0.0535110329345071,4.434,0.739,0.14963205414320252,0.12293346479505027
6.72971022,0.74,0.09823749735424063,0.05360107891155796,4.44,0.7400000000000001,0.148898623858571,0.1231403317408497
6.738804423,0.741,0.09775278652798156,0.05368949218419013,4.446,0.741,0.1481639474168549,0.12334344779640838
6.7478986260000005,0.742,0.09726726858744646,0.05377626561941426,4.452,0.742,0.14742804763162687,0.12354279657476824
6.7569928290000005,0.743,0.0967809586480164,0.05386139208640259,4.458,0.743,0.14669094741327782,0.12373836169393623
6.766087032000001,0.744,0.09629387188895727,0.053944864456462786,4.464,0.7440000000000001,0.1459526697690285,0.12393012677682491
6.775181235000001,0.7450000000000001,0.09580602355343021,0.05402667560301265,4.47,0.745,0.1452132378029457,0.12411807545119499
6.784275438,0.746,0.09531742894850102,0.05410681840155729,4.476,0.746,0.14447267471595746,0.12430219134960323
6.793369641,0.747,0.09482810344514933,0.05418528572966896,4.482,0.747,0.14373100380586457,0.12448245810935321
6.802463844,0.748,0.09433806247827754,0.05426207046696665,4.488,0.7480000000000001,0.1429882484673565,0.12465885937245211
6.811558047,0.749,0.09384732154671982,0.054337165495098885,4.494,0.749,0.14224443219202398,0.12483137878556987
6.82065225,0.75,0.09335589621325142,0.05441056369772722,4.5,0.75,0.1414995785683733,0.12500000000000006
6.829746453,0.751,0.09286380210459715,0.05448225796051135,4.506,0.751,0.14075371128183897,0.12516470667162735
6.838840656,0.752,0.09237105491144113,0.05455224117109683,4.5120000000000005,0.7520000000000001,0.14000685411479827,0.1253254824608979
6.847934859,0.753,0.09187767038843346,0.054620506219102784,4.518,0.753,0.13925903094658376,0.12548231103279386
6.8570290620000005,0.754,0.0913836643542016,0.05468704599611334,4.524,0.754,0.13851026575349554,0.12563517605680885
6.866123265000001,0.755,0.0908890526913556,0.054751853395667675,4.53,0.755,0.13776058260881402,0.12578406120692961
6.875217468000001,0.756,0.09039385134649953,0.054814921313254314,4.5360000000000005,0.7560000000000001,0.13701000568281455,0.1259289501616206
6.884311671,0.757,0.08989807633023712,0.05487624264630529,4.542,0.757,0.13625855924277858,0.1260698266038125
6.893405874,0.758,0.08940174371718153,0.05493581029419334,4.548,0.758,0.1355062676530039,0.12620667422089235
6.902500077,0.759,0.08890486964596324,0.05499361715822856,4.554,0.759,0.1347531553748213,0.12633947670469942
6.91159428,0.76,0.08840747031923597,0.055049656141658,4.5600000000000005,0.7600000000000001,0.13399924696660112,0.1264682177515224
6.920688483,0.761,0.08790956200368785,0.055103920149666724,4.566,0.761,0.1332445670837707,0.1265928810621027
6.929782686,0.762,0.08741116103004529,0.055156402089380656,4.572,0.762,0.13248914047882016,0.12671345034163975
6.938876889,0.763,0.08691228379308351,0.05520709486986845,4.578,0.763,0.13173299200131858,0.1268299092997968
6.947971092,0.764,0.0864129467516315,0.055255991402149165,4.5840000000000005,0.7640000000000001,0.1309761465979215,0.12694224165071707
6.9570652950000005,0.765,0.08591316642858182,0.05530308459919691,4.59,0.765,0.13021862931238468,0.12705043111303724
6.966159498000001,0.766,0.08541295941089437,0.055348367375951196,4.596,0.766,0.1294604652855723,0.12715446140990624
6.975253701000001,0.767,0.0849123423496068,0.05539183264932476,4.602,0.767,0.12870167975547023,0.12725431626900824
6.984347904,0.7679999999999999,0.08441133195983846,0.05543347333821654,4.6080000000000005,0.7680000000000001,0.12794229805719293,0.1273499794225896
6.993442107,0.769,0.0839099450207987,0.05547328236352308,4.614,0.769,0.12718234562299707,0.12744143460748658
7.00253631,0.77,0.08340819837579293,0.05551125264815349,4.62,0.77,0.12642184798228853,0.12752866556515813
7.011630513,0.771,0.08290610893222904,0.05554737711704648,4.626,0.771,0.12566083076163403,0.12761165604172642
7.020724716,0.772,0.08240369366162323,0.0555816486971854,4.632,0.7719999999999999,0.12489931968476893,0.1276903897880103
7.029818919,0.773,0.08190096959960567,0.05561406031761886,4.638,0.773,0.12413734057260711,0.12776485055957512
7.038913122,0.774,0.08139795384592849,0.0556446049094808,4.644,0.774,0.12337491934325075,0.12783502211677406
7.048007325,0.775,0.08089466356446823,0.0556732754060131,4.65,0.775,0.12261208201199626,0.12790088822480497
7.0571015280000005,0.776,0.08039111598323383,0.05570006474258847,4.656,0.7759999999999999,0.12184885469134528,0.12796243265375995
7.0661957310000005,0.777,0.0798873283943717,0.0557249658567361,4.662,0.777,0.12108526359101336,0.12801963917868722
7.075289934000001,0.778,0.07938331815416913,0.05574797168816859,4.668,0.778,0.12032133501793324,0.12807249157964812
7.084384137000001,0.779,0.07887910268306203,0.0557690751788108,4.674,0.779,0.11955709537626845,0.1281209736417883
7.09347834,0.7799999999999999,0.0783746994656371,0.055788269272829726,4.68,0.7799999999999999,0.11879257116741589,0.1281650691554039
7.102572543,0.781,0.07787012605063857,0.05580554691666696,4.686,0.781,0.11802778899001591,0.12820476191601657
7.111666746,0.782,0.07736540005097058,0.055820901059070886,4.692,0.782,0.11726277553995614,0.12824003572444748
7.120760949,0.783,0.07686053914370321,0.05583432465113453,4.698,0.783,0.11649755761038053,0.12827087438690424
7.129855152,0.784,0.07635556107007566,0.055845810646331054,4.704,0.7839999999999999,0.11573216209169397,0.12829726171506223
7.138949355,0.785,0.07585048363549962,0.055855352000552354,4.71,0.785,0.11496661597156858,0.1283191815261544
7.148043558,0.786,0.07534532470956423,0.05586294167215107,4.716,0.786,0.11420094633494887,0.1283366176430657
7.157137761,0.787,0.07484010222603843,0.05586857262198302,4.722,0.787,0.11343518036405757,0.12834955389443228
7.1662319640000005,0.788,0.07433483418287337,0.055872237813451305,4.728,0.7879999999999999,0.11266934533839852,0.12835797411474262
7.175326167000001,0.789,0.07382953864220737,0.055873930212552804,4.734,0.789,0.11190346863476305,0.12836186214444315
7.184420370000001,0.79,0.07332423373036714,0.05587364278792709,4.74,0.79,0.11113757772723436,0.12836120183005248
7.193514573,0.7909999999999999,0.07281893763787026,0.05587136851090668,4.746,0.791,0.1103717001871883,0.12835597702427473
7.202608776,0.7919999999999999,0.0723136686194275,0.055867100355569375,4.752,0.7919999999999999,0.10960586368330058,0.12834617158612305
7.211702979,0.7929999999999999,0.07180844499394588,0.055860831298793955,4.758,0.793,0.1088400959815465,0.1283317693810427
7.220797182,0.794,0.07130328514452876,0.05585255432031576,4.764,0.794,0.10807442494520483,0.1283127542810423
7.229891385,0.795,0.07079820751847757,0.05584226240278533,4.7700000000000005,0.795,0.10730887853486021,0.12828911016482894
7.238985588,0.796,0.07029323062729366,0.05582994853183199,4.776,0.7959999999999999,0.1065434848084041,0.12826082091795196
7.248079791,0.797,0.06978837304667862,0.0558156056961254,4.782,0.797,0.10577827192103731,0.12822787043294523
7.257173994,0.798,0.06928365341653474,0.055799226887441634,4.788,0.798,0.1050132681252684,0.12819024260947978
7.2662681970000005,0.799,0.06877909044096635,0.0557808051007325,4.7940000000000005,0.799,0.1042485017709179,0.12814792135452216
7.275362400000001,0.8,0.06827470288827707,0.05576033333419642,4.8,0.7999999999999999,0.10348400130511277,0.12810089058249768
7.284456603000001,0.801,0.0677705095909729,0.05573780458935114,4.806,0.801,0.10271979527229243,0.1280491342154561
7.293550806000001,0.802,0.06726652944575906,0.055713211871110016,4.812,0.802,0.10195591231420173,0.12799263618325007
7.302645009,0.8029999999999999,0.06676278141353989,0.05568654818786137,4.8180000000000005,0.803,0.10119238116989289,0.12793138042371408
7.311739212,0.8039999999999999,0.06625928451941732,0.05565780655154939,4.824,0.8039999999999999,0.10042923067572308,0.12786535088285228
7.320833415,0.8049999999999999,0.06575605785268894,0.055626979977758964,4.83,0.805,0.0996664897653498,0.12779453151503245
7.329927618,0.8059999999999999,0.06525312056684675,0.05559406148580376,4.836,0.806,0.0989041874697299,0.12771890628318885
7.339021821,0.807,0.0647504918795728,0.05555904409881555,4.8420000000000005,0.807,0.09814235291711443,0.12763845915902616
7.348116024,0.808,0.06424819107273823,0.05552192084383789,4.848,0.8079999999999999,0.09738101533304509,0.12755317412323827
7.357210227,0.809,0.06374623749239948,0.055482684751924034,4.854,0.809,0.09662020404034866,0.12746303516572838
7.3663044300000005,0.81,0.06324465054879383,0.05544132885823662,4.86,0.81,0.09585994845913207,0.12736802628584165
7.3753986330000005,0.811,0.06274344971633572,0.05539784620214996,4.866,0.8109999999999999,0.09510027810677468,0.12726813149259872
7.384492836000001,0.812,0.06224265453361281,0.05535222982735945,4.872,0.8119999999999999,0.09434122259792489,0.12716333480494643
7.393587039000001,0.8130000000000001,0.06174228460338097,0.0553044727819911,4.878,0.8130000000000001,0.09358281164448685,0.127053620252011
7.402681242,0.814,0.06124235959255612,0.055254568118715375,4.884,0.8140000000000001,0.09282507505561734,0.12693897187336
7.411775445,0.815,0.060742899232212266,0.05520250889486816,4.89,0.815,0.09206804273771375,0.1268193737192757
7.420869648,0.816,0.06024392331757206,0.055148288172570635,4.896,0.816,0.09131174469440562,0.12669480985103782
7.429963851,0.817,0.059745451708001635,0.05509189901885771,4.902,0.8170000000000001,0.0905562110265444,0.12656526434121235
7.439058054,0.818,0.05924750432700134,0.05503333450580824,4.908,0.8180000000000001,0.08980147193218808,0.12643072127395333
7.448152257,0.8190000000000001,0.05875010116219828,0.05497258771068179,4.914,0.819,0.08904755770659545,0.12629116474531657
7.45724646,0.8200000000000001,0.05825326226533951,0.05490965171605707,4.92,0.82,0.08829449874220693,0.12614657886357936
7.466340663,0.8210000000000001,0.057757007752279134,0.054844519609978465,4.926,0.8210000000000001,0.08754232552863336,0.1259969477495723
7.4754348660000005,0.8220000000000001,0.057261357802971216,0.05477718448610561,4.932,0.8220000000000001,0.08679106865264238,0.1258422555370294
7.484529069000001,0.8230000000000001,0.05676633266145684,0.054707639443868125,4.938,0.823,0.08604075879813741,0.12568248637293847
7.493623272000001,0.8240000000000001,0.0562719526358572,0.05463587758862604,4.944,0.824,0.08529142674614483,0.12551762441791303
7.502717475000001,0.8250000000000001,0.05577823809835591,0.05456189203183678,4.95,0.8250000000000001,0.0845431033747971,0.1253476538465726
7.511811678000001,0.8260000000000001,0.05528520948518933,0.05448567589122684,4.956,0.8260000000000001,0.08379581965930621,0.12517255884794018
7.520905881000001,0.8270000000000001,0.05479288729663511,0.05440722229096844,4.962,0.827,0.08304960667195302,0.1249923236258459
7.530000084000001,0.8280000000000001,0.05430129209699336,0.05432652436186426,4.968,0.828,0.08230449558205984,0.1248069323993546
7.539094287000001,0.8290000000000001,0.053810444514576165,0.054243575241538416,4.974,0.8290000000000001,0.08156051765596535,0.12461636940319974
7.548188490000001,0.8300000000000001,0.053320365241688254,0.054158368074633416,4.98,0.8300000000000001,0.0808177042570095,0.1244206188882392
7.557282693000001,0.8310000000000001,0.05283107503461238,0.05407089601301366,4.986,0.831,0.0800760868455002,0.12421966512192222
7.566376896000001,0.8320000000000001,0.05234259471359112,0.05398115221597676,4.992,0.832,0.07933569697868696,0.12401349238877583
7.575471099000001,0.8330000000000001,0.0518549451628064,0.05388912985047344,4.998,0.8330000000000001,0.07859656631073823,0.12380208499090697
7.5845653020000015,0.8340000000000002,0.0513681473303649,0.053794822091333704,5.0040000000000004,0.8340000000000001,0.07785872659270844,0.12358542724852489
7.5936595050000015,0.8350000000000002,0.05088222222827242,0.05369822212150181,5.01,0.835,0.07712220967250386,0.1233635035004806
7.602753708000002,0.8360000000000002,0.05039719093241282,0.053599323132278755,5.016,0.836,0.07638704749485405,0.12313629810482421
7.611847911,0.837,0.049913074582529096,0.053498118323576205,5.022,0.8370000000000001,0.07565327210127688,0.12290379543938408
7.620942114,0.838,0.04942989438219506,0.053394600904176595,5.0280000000000005,0.8380000000000001,0.07492091563003957,0.12266597990237055
7.630036317,0.839,0.04894767159879179,0.053288764092003796,5.034,0.839,0.07419001031612452,0.12242283591299603
7.63913052,0.84,0.048466427563483405,0.05318060111440611,5.04,0.84,0.07346058849118557,0.12217434791212137
7.648224723,0.841,0.04798618367118383,0.05307010520844498,5.046,0.8410000000000001,0.07273268258350564,0.12192050036292384
7.657318926,0.842,0.04750696138053351,0.0529572696211991,5.0520000000000005,0.8420000000000001,0.0720063251179558,0.12166127775159188
7.666413129,0.843,0.04702878221386613,0.05284208761007711,5.058,0.843,0.07128154871594801,0.12139666458804854
7.6755073320000005,0.844,0.04655166775717597,0.05272455244314341,5.064,0.844,0.07055838609538549,0.12112664540669375
7.6846015350000005,0.8450000000000001,0.046075639660084045,0.0526046573994563,5.07,0.8450000000000001,0.06983687007060921,0.12085120476718583
7.693695738000001,0.8460000000000001,0.045600719635806294,0.052482395769416566,5.0760000000000005,0.8460000000000001,0.06911703355235142,0.12057032725524038
7.702789941000001,0.8470000000000001,0.045126929461112415,0.05235776085513465,5.082,0.847,0.06839890954767235,0.12028399748347517
7.711884143999999,0.8479999999999999,0.04465429097628739,0.05223074597080676,5.088,0.848,0.06768253115990452,0.1199922000922696
7.720978346999999,0.8489999999999999,0.04418282608509388,0.052101344443107316,5.094,0.8490000000000001,0.06696793158858937,0.11969491975067503
7.730072549999999,0.8499999999999999,0.043712556754726316,0.05196954961159898,5.1000000000000005,0.8500000000000001,0.06625514412941683,0.11939214115734774
7.739166752999999,0.8509999999999999,0.0432435050157675,0.051835354829155036,5.106,0.851,0.06554420217415084,0.1190838490415238
7.748260955999999,0.8519999999999999,0.042775692962140524,0.05169875346240168,5.112,0.852,0.06483513921056311,0.11877002816403646
7.757355158999999,0.8529999999999999,0.04230914275106157,0.05155973889217546,5.118,0.8530000000000001,0.06412798882235633,0.11845066331836522
7.7664493619999995,0.8539999999999999,0.04184387660298643,0.051418304514003,5.124,0.854,0.06342278468908528,0.11812573933173327
7.7755435649999995,0.8549999999999999,0.04137991680155558,0.05127444373859383,5.13,0.855,0.0627195605860762,0.11779524106624789
7.784637768,0.856,0.04091728569353973,0.05112814999235827,5.136,0.856,0.06201835038434102,0.1174591534200875
7.793731971,0.857,0.040456005688778066,0.05097941671794701,5.142,0.8570000000000001,0.06131918805048375,0.11711746132873753
7.802826174,0.858,0.0399960992601165,0.05082823737480838,5.148,0.858,0.06062210764660819,0.11677014976627492
7.811920377,0.859,0.039537588943344124,0.05067460543977163,5.154,0.859,0.05992714333022116,0.11641720374670637
7.82101458,0.86,0.03908049733711796,0.050518514407656846,5.16,0.86,0.05923432935411836,0.11605860832536982
7.830108783,0.861,0.038624847102898555,0.0503599577919048,5.166,0.8610000000000001,0.058543700066287355,0.11569434860038191
7.839202986,0.862,0.03817066096486958,0.050198929125240585,5.172,0.862,0.05785528990978331,0.11532440971415966
7.848297189,0.863,0.03771796170985785,0.050035421960357665,5.178,0.863,0.05716913342261239,0.1149487768549982
7.857391392,0.864,0.03726677218725248,0.049869429870638804,5.184,0.864,0.056485265237604665,0.11456743525872055
7.866485595,0.865,0.03681711530891523,0.04970094645090348,5.19,0.8650000000000001,0.05580372008227956,0.1141803702103977
7.875579798,0.866,0.036369014049086816,0.04952996531819001,5.196,0.866,0.05512453277870791,0.11378756704614637
7.8846740010000005,0.867,0.0359224914442951,0.049356480112572466,5.202,0.867,0.054447738243363804,0.11338901115500241
7.893768204000001,0.868,0.03547757059324671,0.04918048449800937,5.208,0.868,0.05377337148696934,0.1129846879808739
7.902862407000001,0.869,0.035034274656725456,0.04900197216323881,5.214,0.8690000000000001,0.053101467614337025,0.11257458302459553
7.911956610000001,0.8700000000000001,0.034592626857477445,0.04882093682270604,5.22,0.87,0.052432061824192466,0.11215868184606101
7.921050813000001,0.8710000000000001,0.0341526504800919,0.04863737221753525,5.226,0.871,0.05176518940900101,0.11173697006645596
7.930145016000001,0.8720000000000001,0.03371436887087921,0.04845127211654911,5.232,0.872,0.05110088575477652,0.11130943337059455
7.939239219000001,0.8730000000000001,0.03327780543773879,0.04826263031733084,5.238,0.8730000000000001,0.0504391863408834,0.11087605750936842
7.948333422000001,0.8740000000000001,0.03284298365002051,0.04807144064733793,5.244,0.874,0.04978012673982837,0.11043682830229976
7.957427625000001,0.8750000000000001,0.03240992703838177,0.04787769696506751,5.25,0.875,0.0491237426170383,0.10999173164021876
7.966521828000001,0.8760000000000001,0.031978659194631526,0.04768139316127686,5.256,0.876,0.04847006973063307,0.10954075348806923
7.975616031000001,0.8770000000000001,0.031549203771574656,0.04748252316026219,5.2620000000000005,0.8770000000000001,0.047819143931177595,0.10908387988784428
7.984710234000001,0.8780000000000001,0.031121584482837295,0.04728108092119719,5.268,0.878,0.047171001161428264,0.10862109696166451
7.993804437000001,0.8790000000000001,0.030695825102690397,0.04707706043953872,5.274,0.879,0.04652567745606084,0.1081523909150041
8.00289864,0.8799999999999999,0.030271949465862653,0.046870455748498435,5.28,0.88,0.04588320894138229,0.10767774804007473
8.011992843,0.881,0.029849981467338808,0.046661260920589705,5.2860000000000005,0.8810000000000001,0.04524363183503663,0.10719715471937484
8.021087046,0.882,0.029429945062155006,0.0464494700692472,5.292,0.882,0.044606982445680864,0.10671059742941849
8.030181249,0.883,0.02901186426517055,0.04623507735053215,5.298,0.883,0.04397329717265114,0.10621806274464184
8.039275452,0.884,0.028595763150841124,0.046018076964919497,5.304,0.884,0.04334261250561147,0.10571953734151843
8.048369655,0.885,0.02818166585296899,0.045798463159176794,5.3100000000000005,0.8850000000000001,0.04271496502417848,0.10521500800287117
8.057463858,0.886,0.027769596564442004,0.0455762302283415,5.316,0.886,0.04209039139752303,0.1047044616224158
8.066558061,0.887,0.027359579536958424,0.045351372517798506,5.322,0.887,0.04146892838395764,0.10418788520953352
8.075652264,0.888,0.02695163908073631,0.04512388442546525,5.328,0.888,0.04085061283049156,0.10366526589429116
8.084746467,0.889,0.026545799564204962,0.04489376040409491,5.3340000000000005,0.8890000000000001,0.040235481672364785,0.10313659093273135
8.09384067,0.89,0.026142085413677362,0.04466099496369697,5.34,0.89,0.03962357193255349,0.10260184771243815
8.102934873,0.891,0.025740521113006724,0.04442558267409362,5.346,0.891,0.03901492072124485,0.10206102375840055
8.112029076,0.892,0.025341131203216842,0.044187518167608165,5.352,0.892,0.03840956523528137,0.1015141067391982
8.121123279,0.893,0.024943940282119582,0.04394679614190368,5.3580000000000005,0.8930000000000001,0.03780754275757924,0.10096108447351752
8.130217482,0.894,0.024548973003899296,0.04370341136297664,5.364,0.894,0.03720889065649667,0.10040194493703203
8.139311685000001,0.8950000000000001,0.02415625407867623,0.043457358668316265,5.37,0.895,0.03661364638517706,0.09983667626965687
8.148405888000001,0.8960000000000001,0.023765808272047013,0.043208632970242696,5.376,0.896,0.036021847480846705,0.09926526678322115
8.157500091000001,0.8970000000000001,0.023377660404590595,0.04295722925943032,5.382,0.8969999999999999,0.03543353156406909,0.09868770496956067
8.166594294000001,0.8980000000000001,0.022991835351345597,0.042703142608636314,5.388,0.898,0.03484873633795175,0.09810397950908402
8.175688497,0.8989999999999999,0.022608358041255185,0.04244636817664165,5.394,0.899,0.03426749958730905,0.09751407927982626
8.1847827,0.8999999999999999,0.02222725345657821,0.04218690121242183,5.4,0.9,0.03368985917776232,0.09691799336703108
8.193876903,0.9009999999999999,0.02184854663226029,0.04192473705956197,5.406,0.9009999999999999,0.033115853054790235,0.09631571107329204
8.202971106,0.9019999999999999,0.02147226265526434,0.041659871160934704,5.412,0.902,0.03254551924271594,0.09570722192930269
8.212065309,0.9029999999999999,0.02109842666386154,0.04139229906365836,5.418,0.903,0.03197889584362781,0.09509251570524323
8.221159512,0.9039999999999999,0.0207270638468681,0.04112201642435284,5.424,0.904,0.031416021036229445,0.09447158242285994
8.230253715,0.9049999999999999,0.020358199442839606,0.04084901901472026,5.43,0.9049999999999999,0.030856933074611712,0.09384441236827917
8.239347918,0.906,0.01999185873920742,0.040573302727465975,5.436,0.906,0.030301670286946056,0.09321099610561648
8.248442121,0.907,0.019628067071356937,0.040294863582590476,5.442,0.907,0.02975027107408925,0.09257132449142785
8.257536324,0.908,0.019266849821644415,0.040013697734079284,5.448,0.908,0.029202773908091353,0.09192538869007964
8.266630527,0.909,0.01890823241834479,0.0397298014770137,5.454,0.9089999999999999,0.028659217330601863,0.0912731801900846
8.27572473,0.91,0.018552240334528465,0.03944317125514391,5.46,0.91,0.02811963995116496,0.09061469082149828
8.284818933,0.911,0.01819889908685896,0.03915380366894952,5.466,0.911,0.027584080445401674,0.08994991277444034
8.293913136,0.912,0.0178482342343036,0.03886169548423358,5.472,0.912,0.027052577553051082,0.08927883861883444
8.303007339,0.913,0.01750027137675727,0.03856684364128297,5.478,0.9129999999999999,0.026525170075886235,0.08860146132545418
8.312101542,0.914,0.01715503615355931,0.03826924526464476,5.484,0.914,0.026001896875467927,0.08791777428838536
8.321195745,0.915,0.016812554241913493,0.03796889767356752,5.49,0.915,0.0254827968707454,0.08722777134900721
8.330289948,0.916,0.016472851355182894,0.037665798393154516,5.496,0.916,0.02496790903547639,0.08653144682162121
8.339384151,0.917,0.016135953241062425,0.03735994516629487,5.502,0.9169999999999999,0.024457272395454942,0.08582879552085822
8.348478354000001,0.918,0.015801885679613957,0.03705133596642601,5.508,0.918,0.02395092602553371,0.08511981279099876
8.357572557000001,0.919,0.015470674481157352,0.036739969011206214,5.514,0.919,0.023448909046427442,0.08440449453738359
8.366666760000001,0.92,0.015142345483990589,0.03642584277716419,5.5200000000000005,0.92,0.02295126062125728,0.08368283726006899
8.375760963000001,0.9210000000000002,0.014816924551948803,0.03610895601541439,5.526,0.9209999999999999,0.022458019951851083,0.08295483808993093
8.384855166,0.9219999999999999,0.014494437571759599,0.03578930776852373,5.532,0.922,0.021969226274735697,0.08222049482741108
8.393949369,0.9229999999999999,0.014174910450202409,0.03546689738863288,5.538,0.923,0.02148491885682746,0.0814798059841521
8.403043572,0.9239999999999999,0.013858369111033258,0.03514172455694096,5.5440000000000005,0.924,0.02100513699077855,0.08073277082775582
8.412137775,0.9249999999999999,0.013544839491670038,0.03481378930466882,5.55,0.9249999999999999,0.020529919989944023,0.07997938942994963
8.421231978,0.9259999999999999,0.013234347539606867,0.03448309203564274,5.556,0.926,0.020059307182955448,0.07921966271846233
8.430326181,0.9269999999999999,0.012926919208533724,0.03414963355063598,5.562,0.927,0.019593337907834605,0.07845359253294791
8.439420384,0.9279999999999999,0.012622580454142975,0.03381341507363138,5.5680000000000005,0.928,0.01913205150563429,0.0776811816853212
8.448514587,0.9289999999999999,0.012321357229574637,0.03347443828018694,5.574,0.9289999999999999,0.01867548731354489,0.07690243402492357
8.45760879,0.9299999999999999,0.012023275480489457,0.03313270532809771,5.58,0.93,0.018223684657415605,0.07611735450895932
8.466702993,0.9309999999999999,0.011728361139713664,0.03278821889057202,5.586,0.931,0.017776682843644125,0.07532594927871983
8.475797196,0.932,0.011436640121427978,0.03244098219216617,5.5920000000000005,0.932,0.01733452115036845,0.07452822574213028
8.484891399,0.933,0.011148138314852566,0.03209099904774308,5.598,0.9329999999999999,0.01689723881789163,0.07372419266326244
8.493985602,0.934,0.010862881577371556,0.03173827390476152,5.604,0.934,0.01646487503826286,0.07291386025947218
8.503079805,0.935,0.010580895727050222,0.031382811889214345,5.61,0.935,0.016037468943937885,0.07209724030695266
8.512174008,0.936,0.010302206534486776,0.031024618855602842,5.6160000000000005,0.936,0.015615059595424873,0.07127434625552957
8.521268211,0.937,0.010026839713914423,0.030663701441349056,5.622,0.9369999999999999,0.01519768596779995,0.07044519335367114
8.530362414,0.9380000000000001,0.009754820913495554,0.030300067126115278,5.628,0.9380000000000001,0.01478538693599567,0.06960979878476464
8.539456617,0.9390000000000001,0.00948617570471874,0.0299337242965442,5.634,0.9390000000000001,0.014378201258730048,0.06876818181584693
8.54855082,0.9400000000000001,0.009220929570799072,0.029564682317005323,5.64,0.94,0.013976167560924943,0.06792036396013301
8.557645023000001,0.9410000000000001,0.008959107893982675,0.029192951606995882,5.646,0.941,0.01357932431446392,0.06706636915483591
8.566739226000001,0.9420000000000001,0.008700735941644291,0.02881854372592999,5.652,0.9420000000000001,0.013187709817118223,0.06620622395595072
8.575833429000001,0.9430000000000001,0.008445838851033833,0.028441471466144355,5.658,0.9430000000000001,0.012801362169431408,0.0653399577519273
8.584927632000001,0.9440000000000001,0.00819444161254229,0.028061748955046165,5.664,0.944,0.012420319249351587,0.06446760299833579
8.594021835,0.945,0.00794656905131412,0.027679391767460395,5.67,0.945,0.012044618684361337,0.06358919547597106
8.603116038,0.946,0.007702245807030083,0.027294417049365537,5.676,0.9460000000000001,0.011674297820838396,0.06270477457510959
8.612210241,0.947,0.007461496311657891,0.02690684365436463,5.682,0.9470000000000001,0.011309393690327595,0.061814383609042706
8.621304444,0.948,0.0072243447649388585,0.02651669229442787,5.688,0.948,0.010949942972390209,0.060918070160371054
8.630398647,0.949,0.006990815107356718,0.026123985706642084,5.694,0.949,0.010595981953628132,0.06001588646409603
8.63949285,0.95,0.006760930990312514,0.025728748837963757,5.7,0.9500000000000001,0.010247546482481757,0.05910788983205835
8.648587053,0.951,0.0065347157431630155,0.02533100905022907,5.706,0.9510000000000001,0.009904671919270878,0.058194143123919344
8.657681256,0.952,0.00631219233679148,0.02493079634802328,5.712,0.952,0.009567393080971013,0.05727471527065035
8.666775459,0.953,0.006093383343277822,0.024528143632370606,5.718,0.953,0.009235744180097866,0.0563496818573559
8.675869662,0.954,0.00587831089123425,0.024123086983659066,5.724,0.9540000000000001,0.008909758756998783,0.05541912577324222
8.684963865,0.955,0.005666996616289019,0.023715665977713265,5.73,0.9550000000000001,0.00858946960480675,0.05448313793775164
8.694058068,0.956,0.005459461606140696,0.02330592403953804,5.736,0.956,0.008274908686158256,0.05354181811323424
8.703152271,0.9570000000000001,0.0052557263395486935,0.02289390883994333,5.742,0.957,0.007966107040716729,0.052595275816126524
8.712246474,0.9580000000000001,0.005055810618526156,0.022479672741077483,5.748,0.9580000000000001,0.007663094682405403,0.05164363134050864
8.721340677,0.9590000000000001,0.004859733492933886,0.02206327329787231,5.7540000000000004,0.9590000000000001,0.007365900485106638,0.050687016910086535
8.73043488,0.9600000000000001,0.004667513176553987,0.021644773823503313,5.76,0.96,0.007074552055459473,0.04972557797725801
8.739529083,0.9610000000000001,0.004479166953632029,0.021224244028322195,5.766,0.961,0.006789075591203935,0.04875947469096173
8.748623286,0.9620000000000001,0.004294711074738835,0.02080176074327528,5.772,0.9620000000000001,0.0065094957233371884,0.04778888355861722
8.757717489000001,0.9630000000000001,0.004114160640672006,0.020377408740664762,5.7780000000000005,0.9630000000000001,0.006235835340146881,0.04681399933170503
8.766811692000001,0.9640000000000001,0.0039375294729816586,0.01995128166731982,5.784,0.964,0.005968115390962663,0.04583503714958027
8.775905895000001,0.9650000000000001,0.003764829969521013,0.019523483107813187,5.79,0.965,0.005706354667218371,0.04485223498205714
8.785000098000001,0.9660000000000001,0.0035960729432688993,0.019094127798461792,5.796,0.9660000000000001,0.005450569558149142,0.04386585641838191
8.794094301000001,0.9670000000000001,0.0034312674424698407,0.01866334301647011,5.8020000000000005,0.9670000000000001,0.005200773778185259,0.0428761938585873
8.803188504,0.968,0.0032704205499543746,0.018231270172931503,5.808,0.968,0.004956978062776121,0.04188357217316665
8.812282707,0.969,0.0031135371592767337,0.017798066643510673,5.814,0.969,0.004719189829084325,0.04088835290878939
8.82137691,0.97,0.0029606197251263867,0.017363907876751086,5.82,0.9700000000000001,0.004487412797683927,0.0398909391318164
8.830471113,0.971,0.002811667985236736,0.01692898982711166,5.8260000000000005,0.9710000000000001,0.004261646571056952,0.03889178101783479
8.839565316,0.972,0.0026666786508561455,0.016493531768385496,5.832,0.972,0.004041886164441985,0.037891382315054144
8.848659519,0.973,0.0025256450626489407,0.016057779553087247,5.838,0.973,0.0038281214842795304,0.03689030783225924
8.857753722,0.974,0.002388556808809675,0.015622009395098451,5.844,0.9740000000000001,0.003620336749390883,0.03588919212886028
8.866847925,0.975,0.002255399302082497,0.015186532266309807,5.8500000000000005,0.9750000000000001,0.003418509849866082,0.03488874961550961
8.875942128,0.976,0.002126153312465308,0.014751699013442017,5.856,0.976,0.003222611638780323,0.03388978630922137
8.885036331,0.977,0.002000794452503879,0.014317906318469053,5.862,0.977,0.003032605152057356,0.03289321352653789
8.894130534,0.978,0.0018792926124729004,0.013885603644916254,5.868,0.9780000000000001,0.002848444752371471,0.031900063841593024
8.903224737,0.979,0.001761611343293516,0.013455301331914589,5.8740000000000006,0.9790000000000001,0.0026700751938353536,0.030911509680970436
8.91231894,0.98,0.0016477071859154742,0.013027580016862873,5.88,0.98,0.002497430605545677,0.029928884970840355
8.921413143,0.981,0.0015375289471213911,0.012603101583217709,5.886,0.981,0.002330433393916366,0.028953710287842865
8.930507346,0.9820000000000001,0.0014310169233616341,0.012182621837942846,5.892,0.9820000000000001,0.0021689930662476906,0.027987721983598314
8.939601549,0.9830000000000001,0.0013281020763960356,0.011767005116374712,5.898,0.983,0.002013004981244521,0.02703290573716808
8.948695752,0.9840000000000001,0.0012287051672469828,0.011357240979769721,5.904,0.984,0.0018623490363488468,0.026091534915131612
8.957789955,0.9850000000000001,0.0011327358583091984,0.010954463095889922,5.91,0.985,0.0017168883068067109,0.02516621394685994
8.966884158000001,0.9860000000000001,0.001040091797439563,0.010559970251583289,5.916,0.9860000000000001,0.0015764676574250445,0.024259926597728836
8.975978361000001,0.9870000000000001,0.0009506577023912717,0.010175249204762947,5.922,0.987,0.001440912354843314,0.02337608846806499
8.985072564000001,0.9880000000000001,0.0008643044689874373,0.009801998697331511,5.928,0.988,0.0013100267157964932,0.02251860215919078
8.994166767000001,0.9890000000000001,0.0007808883317189067,0.00944215336748888,5.934,0.989,0.0011835928348305255,0.021691912208316684
9.00326097,0.9899999999999999,0.0007002501106633311,0.009097905465715473,5.94,0.9900000000000001,0.0010613694428574533,0.020901054977710262
9.012355173,0.9909999999999999,0.0006222145833331861,0.008771721158515435,5.946,0.991,0.0009430909550653886,0.02015169611007375
9.021449376,0.9919999999999999,0.0005465900236947069,0.008466346820037163,5.952,0.992,0.0008284667722090793,0.01945014498257903
9.030543579,0.993,0.0004731679524710288,0.008184799206613188,5.958,0.993,0.0007171809021443146,0.018803332134369796
9.039637782,0.994,0.0004017231422841395,0.007930332130258125,5.964,0.9940000000000001,0.0006088919676216279,0.01821873270398912
9.048731985,0.995,0.0003320139175285896,0.0077063718217255505,5.97,0.995,0.000503233660805042,0.0177042179358258
9.057826188,0.996,0.0002637827816247516,0.0075164145051691686,5.976,0.996,0.00039981569400002686,0.01726781987346682
9.066920391,0.997,0.0001967573932867201,0.007363883769948639,5.982,0.997,0.0002982252793833783,0.016917403693099943
9.076014594,0.998,0.00013065189886306375,0.007251952657798713,5.988,0.9980000000000001,0.00019802914843268125,0.0166602589758265
9.085108797,0.999,6.516861039572046e-05,0.007183345322451744,5.994,0.999,9.877609536109869e-05,0.016502644050790733
9.094203,0.9999999998900398,7.160142945233027e-12,0.007160143185824549,6.0,0.9999999998333333,1.6449349742909776e-11,0.016449340668482266
