t_s,phase,phase_raw,step_index,Hdot_s_planned_x_Nm,Hdot_s_planned_y_Nm,Hdot_s_planned_z_Nm,Hdot_s_realized_x_Nm,Hdot_s_realized_y_Nm,Hdot_s_realized_z_Nm,hw_x_Nms,hw_y_Nms,hw_z_Nms,tauw_x_Nm,tauw_y_Nm,tauw_z_Nm,tauw_norm_Nm,tauw_saturated,theta_s_x_deg,theta_s_y_deg,theta_s_z_deg,theta_s_geodesic_deg
0.010000,DS,DS_interstep,-1,,,,-1.169731e-13,-7.921025e-14,2.370326e-15,3.486331e-16,3.441309e-16,-9.480456e-16,1.169731e-13,7.921025e-14,-2.370326e-15,1.412890e-13,0,0.000000,0.000000,0.000000,0.000000e+00
0.020000,DS,DS_interstep,-1,,,,-9.037196e-09,3.484725e-10,-1.728708e-10,4.578754e-11,-1.609467e-12,3.249987e-12,9.157671e-09,-3.219974e-10,6.503443e-10,9.186379e-09,0,0.000000,0.000000,0.000000,0.000000e+00
0.030000,DS,DS_interstep,-1,,,,-7.046527e-09,3.283866e-09,-7.817905e-09,8.108467e-11,-1.837143e-11,4.418316e-11,7.060074e-09,-3.352504e-09,8.186965e-09,1.131858e-08,0,0.000000,-0.000000,0.000000,0.000000e+00
0.040000,DS,DS_interstep,-1,,,,-3.502370e-09,1.448628e-09,-7.356063e-09,9.876708e-11,-2.576625e-11,8.222344e-11,3.537403e-09,-1.479192e-09,7.608741e-09,8.520221e-09,0,0.000000,-0.000000,0.000000,0.000000e+00
0.050000,DS,DS_interstep,-1,,,,-1.263225e-09,1.554935e-09,-9.867880e-09,1.053669e-10,-3.364752e-11,1.323395e-10,1.321003e-09,-1.576548e-09,1.002433e-08,1.023317e-08,0,0.000000,-0.000000,0.000000,0.000000e+00
0.060000,DS,DS_interstep,-1,,,,3.785053e-10,2.473516e-11,-8.507967e-09,1.037343e-10,-3.374382e-11,1.753911e-10,-3.254673e-10,-1.959332e-11,8.611865e-09,8.618035e-09,0,0.000000,-0.000000,0.000000,0.000000e+00
0.070000,DS,DS_interstep,-1,,,,1.094206e-09,1.467354e-10,-9.350583e-09,9.846479e-11,-3.443522e-11,2.224518e-10,-1.052879e-09,-1.386123e-10,9.414131e-09,9.473839e-09,0,0.000000,-0.000000,0.000000,0.000000e+00
0.080000,DS,DS_interstep,-1,,,,1.534074e-09,-4.167756e-10,-8.317734e-09,9.088949e-11,-3.224977e-11,2.642418e-10,-1.514113e-09,4.367624e-10,8.360429e-09,8.507648e-09,0,0.000000,-0.000000,0.000000,0.000000e+00
0.090000,DS,DS_interstep,-1,,,,1.553624e-09,-1.000038e-11,-8.616546e-09,8.312372e-11,-3.210784e-11,3.074342e-10,-1.552294e-09,2.807360e-11,8.641345e-09,8.779707e-09,0,0.000000,-0.000000,0.000000,0.000000e+00
0.100000,DS,DS_interstep,-1,,,,1.510965e-09,-9.513876e-12,-7.883330e-09,7.547904e-11,-3.195585e-11,3.469104e-10,-1.528156e-09,3.008260e-11,7.898510e-09,8.045037e-09,0,0.000000,-0.000000,0.000000,0.000000e+00
0.110000,SS,SS,0,4.570210e-01,-1.444435e+00,2.471737e+00,,,,-1.381843e-02,3.432399e-02,-4.686168e-02,-6.477173e-01,1.272677e+00,-1.235408e+00,1.888247e+00,0,-0.000061,0.000067,-0.000088,1.263091e-04
0.210000,SS,SS,0,6.068922e-01,-1.413428e+00,2.706243e+00,,,,-4.859188e-02,1.136927e-01,-1.338797e-01,-8.399353e-01,1.993741e+00,-2.388137e+00,3.222374e+00,0,-0.000473,0.000417,-0.000415,7.548795e-04
0.310000,SS,SS,0,6.781445e-01,-1.226729e+00,3.344712e+00,,,,-9.368482e-02,2.202234e-01,-2.669136e-01,-1.059581e+00,2.541465e+00,-3.258239e+00,4.265897e+00,0,-0.001358,0.001175,-0.001146,2.130283e-03
0.410000,SS,SS,0,6.889686e-01,-9.818336e-01,3.891933e+00,,,,-1.484632e-01,3.482563e-01,-4.338151e-01,-1.214027e+00,2.934835e+00,-3.910494e+00,5.037766e+00,0,-0.002822,0.002434,-0.002404,4.434778e-03
0.510000,SS,SS,0,6.272738e-01,-7.061400e-01,4.429171e+00,,,,-2.089267e-01,4.902464e-01,-6.269505e-01,-1.274505e+00,3.160978e+00,-4.390828e+00,5.558373e+00,0,-0.004928,0.004253,-0.004280,7.790481e-03
0.610000,SS,SS,0,5.016711e-01,-4.266740e-01,4.895267e+00,,,,-2.715244e-01,6.394116e-01,-8.381347e-01,-1.262580e+00,3.241944e+00,-4.681696e+00,5.832888e+00,0,-0.007692,0.006659,-0.006838,1.225836e-02
0.710000,SS,SS,0,3.217354e-01,-1.361462e-01,4.999982e+00,,,,-3.332970e-01,7.895837e-01,-1.058704e+00,-1.190179e+00,3.190269e+00,-4.781796e+00,5.870257e+00,0,-0.011091,0.009653,-0.010110,1.784384e-02
0.810000,SS,SS,0,9.141618e-02,1.128920e-01,4.999991e+00,,,,-3.917596e-01,9.356758e-01,-1.280845e+00,-1.069294e+00,3.038840e+00,-4.709060e+00,5.705540e+00,0,-0.015074,0.013209,-0.014099,2.450479e-02
0.910000,SS,SS,0,-1.875384e-01,3.041555e-01,4.999993e+00,,,,-4.449016e-01,1.073743e+00,-1.497229e+00,-9.111419e-01,2.807933e+00,-4.479610e+00,5.364846e+00,0,-0.019561,0.017288,-0.018785,3.216184e-02
1.010000,SS,SS,0,-5.038597e-01,4.419712e-01,4.999993e+00,,,,-4.910858e-01,1.200560e+00,-1.701184e+00,-7.235015e-01,2.512579e+00,-4.110301e+00,4.871456e+00,0,-0.024458,0.021835,-0.024122,4.070420e-02
1.110000,SS,SS,0,-8.482056e-01,5.444085e-01,4.999993e+00,,,,-5.288653e-01,1.313416e+00,-1.886630e+00,-5.102480e-01,2.162229e+00,-3.616231e+00,4.244139e+00,0,-0.029653,0.026785,-0.030043,4.999318e-02
1.210000,SS,SS,0,-1.204235e+00,6.287964e-01,4.999990e+00,,,,-5.569522e-01,1.409900e+00,-2.048112e+00,-2.761532e-01,1.762774e+00,-3.011721e+00,3.500585e+00,0,-0.035024,0.032066,-0.036465,5.987157e-02
1.310000,SS,SS,0,-1.551645e+00,7.091566e-01,4.999963e+00,,,,-5.743226e-01,1.487775e+00,-2.180719e+00,-2.904613e-02,1.317347e+00,-2.309795e+00,2.659210e+00,0,-0.040439,0.037595,-0.043286,7.015964e-02
1.410000,SS,SS,0,-1.872180e+00,8.472330e-01,4.678325e+00,,,,-5.803551e-01,1.544542e+00,-2.279431e+00,2.199984e-01,8.166598e-01,-1.511805e+00,1.732307e+00,0,-0.045764,0.043284,-0.050388,8.066473e-02
1.510000,SS,SS,0,-2.141473e+00,1.022197e+00,4.121608e+00,,,,-5.751051e-01,1.577935e+00,-2.340272e+00,4.546813e-01,2.753645e-01,-6.388431e-01,8.310723e-01,0,-0.050863,0.049036,-0.057640,9.118083e-02
1.610000,SS,SS,0,-2.353808e+00,1.239785e+00,3.438532e+00,,,,-5.613032e-01,1.585672e+00,-2.358578e+00,6.965141e-01,-2.570652e-01,2.921369e-01,7.978461e-01,0,-0.055625,0.054743,-0.064896,1.015009e-01
1.710000,SS,SS,0,-2.502185e+00,1.449165e+00,2.745028e+00,,,,-5.334935e-01,1.568033e+00,-2.337767e+00,7.933478e-01,-9.008586e-01,1.236762e+00,1.723522e+00,0,-0.059904,0.060305,-0.072015,1.114062e-01
1.810000,SS,SS,0,-2.542086e+00,1.699263e+00,1.896190e+00,,,,-5.031921e-01,1.522458e+00,-2.270145e+00,9.154008e-01,-1.483844e+00,2.169380e+00,2.783157e+00,0,-0.063655,0.065604,-0.078838,1.207115e-01
1.910000,SS,SS,0,-2.545054e+00,1.898759e+00,1.143116e+00,,,,-4.665089e-01,1.450949e+00,-2.162195e+00,9.901611e-01,-2.036533e+00,3.017272e+00,3.772508e+00,0,-0.066814,0.070537,-0.085220,1.292363e-01
2.010000,SS,SS,0,-2.473240e+00,2.104898e+00,3.347040e-01,,,,-4.274199e-01,1.354676e+00,-2.015690e+00,9.882155e-01,-2.551563e+00,3.789436e+00,4.674063e+00,0,-0.069346,0.075003,-0.091027,1.368219e-01
2.110000,SS,SS,0,-2.333990e+00,2.229761e+00,-3.588056e-01,,,,-3.879808e-01,1.236765e+00,-1.836724e+00,9.511929e-01,-2.971027e+00,4.402843e+00,5.395998e+00,0,-0.071250,0.078917,-0.096143,1.433455e-01
2.210000,SS,SS,0,-2.134289e+00,2.264266e+00,-9.229473e-01,,,,-3.497133e-01,1.102022e+00,-1.633166e+00,8.814472e-01,-3.271734e+00,4.822019e+00,5.893476e+00,0,-0.072545,0.082210,-0.100479,1.487188e-01
2.310000,SS,SS,0,-1.891764e+00,2.211137e+00,-1.354178e+00,,,,-3.138292e-01,9.564164e-01,-1.416244e+00,7.921624e-01,-3.423361e+00,5.000000e+00,6.111213e+00,1,-0.073266,0.084840,-0.103979,1.528966e-01
2.410000,SS,SS,0,-1.619747e+00,2.074740e+00,-1.650564e+00,,,,-2.810541e-01,8.074176e-01,-1.198014e+00,6.918838e-01,-3.395459e+00,4.933734e+00,6.029061e+00,0,-0.073464,0.086795,-0.106620,1.558787e-01
2.510000,SS,SS,0,-1.331770e+00,1.867234e+00,-1.815352e+00,,,,-2.518984e-01,6.638408e-01,-9.858626e-01,5.846182e-01,-3.161723e+00,4.562818e+00,5.581897e+00,0,-0.073200,0.088098,-0.108435,1.577265e-01
2.610000,SS,SS,0,-1.043434e+00,1.607379e+00,-1.857190e+00,,,,-2.268420e-01,5.356285e-01,-7.966028e-01,4.696273e-01,-2.699421e+00,3.868847e+00,4.740823e+00,0,-0.072544,0.088810,-0.109510,1.585632e-01
2.710000,SS,SS,0,-7.722915e-01,1.319493e+00,-1.789557e+00,,,,-2.065886e-01,4.337053e-01,-6.468649e-01,3.405934e-01,-1.990202e+00,2.825240e+00,3.472591e+00,0,-0.071580,0.089037,-0.109978,1.585763e-01
2.810000,SS,SS,0,-5.378759e-01,1.032416e+00,-1.631708e+00,,,,-1.923212e-01,3.696822e-01,-5.530476e-01,1.823133e-01,-1.042587e+00,1.549510e+00,1.876488e+00,0,-0.070406,0.088932,-0.110029,1.580262e-01
2.910000,SS,SS,0,-3.662975e-01,7.887784e-01,-1.394796e+00,,,,-1.795129e-01,3.354517e-01,-4.833353e-01,2.597705e-01,-6.991027e-01,1.384795e+00,1.572858e+00,0,-0.069106,0.088657,-0.109816,1.571472e-01
3.010000,SS,SS,0,-2.487478e-01,6.848854e-01,-9.490173e-01,,,,-1.644004e-01,3.039231e-01,-4.270315e-01,2.495753e-01,-6.555730e-01,1.130277e+00,1.330259e+00,0,-0.067668,0.088259,-0.109391,1.559968e-01
3.110000,SS,SS,0,-1.825965e-01,5.740572e-01,-7.120355e-01,,,,-1.513170e-01,2.761131e-01,-3.779136e-01,1.951020e-01,-5.570413e-01,9.916040e-01,1.153966e+00,0,-0.066112,0.087750,-0.108790,1.546161e-01
3.210000,SS,SS,0,-1.455325e-01,4.720739e-01,-5.036181e-01,,,,-1.399315e-01,2.518596e-01,-3.351792e-01,1.593458e-01,-4.814099e-01,8.429241e-01,9.837010e-01,0,-0.064472,0.087148,-0.108038,1.530478e-01
3.320000,DS,DS_interstep,0,,,,3.373296e-01,7.789933e-01,-3.307266e-01,-1.415438e-01,2.479367e-01,-3.334876e-01,-3.237262e-01,-7.820502e-01,3.350584e-01,9.103106e-01,0,-0.064257,0.087100,-0.107939,1.528601e-01
3.330000,DS,DS_interstep,0,,,,3.357502e+00,2.734566e+00,-3.193771e+00,-1.564150e-01,2.343637e-01,-3.163963e-01,-2.975661e+00,-2.712195e+00,3.415059e+00,5.279506e+00,0,-0.063983,0.087050,-0.107802,1.526198e-01
3.340000,DS,DS_interstep,0,,,,4.218721e-01,2.510734e+00,-5.000000e+00,-1.575479e-01,2.215730e-01,-2.913813e-01,-2.281301e-01,-2.555890e+00,5.000000e+00,5.620019e+00,1,-0.063686,0.086987,-0.107638,1.523436e-01
3.350000,DS,DS_interstep,0,,,,-1.844806e+00,1.635702e+00,-5.000000e+00,-1.479777e-01,2.130645e-01,-2.663675e-01,1.912504e+00,-1.699551e+00,5.000000e+00,5.616596e+00,1,-0.063387,0.086911,-0.107458,1.520482e-01
3.360000,DS,DS_interstep,0,,,,-2.983807e+00,1.226852e+00,-5.000000e+00,-1.330152e-01,2.065926e-01,-2.413548e-01,2.991077e+00,-1.292296e+00,5.000000e+00,5.967962e+00,1,-0.063094,0.086821,-0.107267,1.517397e-01
3.370000,DS,DS_interstep,0,,,,-3.315138e+00,1.123960e+00,-5.000000e+00,-1.164888e-01,2.006855e-01,-2.163434e-01,3.304020e+00,-1.179405e+00,5.000000e+00,6.107990e+00,1,-0.062810,0.086723,-0.107070,1.514264e-01
3.380000,DS,DS_interstep,0,,,,-3.198734e+00,1.183550e+00,-5.000000e+00,-1.005351e-01,1.945490e-01,-1.913332e-01,3.189642e+00,-1.225333e+00,5.000000e+00,6.056010e+00,1,-0.062532,0.086618,-0.106872,1.511111e-01
3.390000,DS,DS_interstep,0,,,,-2.887820e+00,1.315731e+00,-5.000000e+00,-8.608698e-02,1.878179e-01,-1.663243e-01,2.888696e+00,-1.344306e+00,5.000000e+00,5.928889e+00,1,-0.062257,0.086509,-0.106673,1.507941e-01
3.400000,DS,DS_interstep,0,,,,-2.521007e+00,1.468451e+00,-5.000000e+00,-7.341704e-02,1.803791e-01,-1.413166e-01,2.533189e+00,-1.485920e+00,5.000000e+00,5.798707e+00,1,-0.061984,0.086400,-0.106476,1.504796e-01
3.410000,DS,DS_interstep,0,,,,-2.164503e+00,1.614705e+00,-5.000000e+00,-6.248177e-02,1.722516e-01,-1.163101e-01,2.186377e+00,-1.623739e+00,5.000000e+00,5.693573e+00,1,-0.061710,0.086291,-0.106281,1.501663e-01
3.420000,DS,DS_interstep,0,,,,-1.844673e+00,1.742438e+00,-5.000000e+00,-5.311070e-02,1.635145e-01,-9.130491e-02,1.873641e+00,-1.745743e+00,5.000000e+00,5.617664e+00,1,-0.061434,0.086183,-0.106089,1.498550e-01
3.430000,DS,DS_interstep,0,,,,-1.374679e+00,1.191856e+00,-3.258797e+00,-4.606767e-02,1.575469e-01,-7.499266e-02,1.408114e+00,-1.191902e+00,3.261612e+00,3.747203e+00,0,-0.061156,0.086077,-0.105901,1.495471e-01
3.440000,DS,DS_interstep,0,,,,-1.044958e+00,9.444001e-01,-1.979866e+00,-4.066662e-02,1.528018e-01,-6.510544e-02,1.079781e+00,-9.474652e-01,1.976735e+00,2.443583e+00,0,-0.060875,0.085972,-0.105717,1.492415e-01
3.450000,DS,DS_interstep,0,,,,-7.824461e-01,7.586311e-01,-9.109782e-01,-3.658074e-02,1.489833e-01,-6.058613e-02,8.167924e-01,-7.621861e-01,9.032237e-01,1.436625e+00,0,-0.060592,0.085867,-0.105538,1.489389e-01
3.460000,DS,DS_interstep,0,,,,-5.580369e-01,5.726049e-01,1.930326e-02,-3.362676e-02,1.460947e-01,-6.073506e-02,5.904481e-01,-5.762615e-01,-3.040425e-02,8.256093e-01,0,-0.060307,0.085764,-0.105365,1.486411e-01
3.470000,DS,DS_interstep,0,,,,-3.622881e-01,3.866009e-01,8.035545e-01,-3.166614e-02,1.441354e-01,-6.481616e-02,3.917982e-01,-3.903893e-01,-8.168568e-01,9.864911e-01,0,-0.060021,0.085661,-0.105199,1.483481e-01
3.480000,DS,DS_interstep,0,,,,-1.995871e-01,2.112204e-01,1.417508e+00,-3.053400e-02,1.430521e-01,-7.197058e-02,2.261167e-01,-2.152394e-01,-1.431579e+00,1.465222e+00,0,-0.059735,0.085559,-0.105038,1.480594e-01
3.490000,DS,DS_interstep,0,,,,-7.258150e-02,7.289797e-02,1.802516e+00,-3.005144e-02,1.426592e-01,-8.104309e-02,9.620938e-02,-7.715195e-02,-1.815275e+00,1.819459e+00,0,-0.059449,0.085458,-0.104882,1.477751e-01
3.500000,DS,DS_interstep,0,,,,1.660598e-02,-2.268736e-02,1.973905e+00,-3.002668e-02,1.427436e-01,-9.095987e-02,4.649205e-03,1.832630e-02,-1.984224e+00,1.984314e+00,0,-0.059165,0.085358,-0.104731,1.474960e-01
3.510000,DS,DS_interstep,0,,,,5.080245e-02,-8.137467e-02,1.964412e+00,-3.018157e-02,1.431219e-01,-1.008189e-01,-3.128216e-02,7.707374e-02,-1.972781e+00,1.974534e+00,0,-0.058881,0.085258,-0.104585,1.472207e-01
3.520000,DS,DS_interstep,0,,,,1.280444e-01,-2.075404e-01,2.025811e+00,-3.073765e-02,1.441320e-01,-1.109747e-01,-1.115254e-01,2.034646e-01,-2.032220e+00,2.045423e+00,0,-0.058599,0.085159,-0.104442,1.469491e-01
3.530000,DS,DS_interstep,0,,,,2.393653e-01,-3.421476e-01,2.116709e+00,-3.186678e-02,1.458152e-01,-1.215808e-01,-2.261438e-01,3.380864e-01,-2.122380e+00,2.161004e+00,0,-0.058321,0.085061,-0.104303,1.466827e-01
3.540000,DS,DS_interstep,0,,,,3.523793e-01,-4.471640e-01,2.183669e+00,-3.357551e-02,1.480268e-01,-1.325243e-01,-3.420793e-01,4.438025e-01,-2.189986e+00,2.260535e+00,0,-0.058045,0.084963,-0.104167,1.464196e-01
3.550000,DS,DS_interstep,0,,,,4.471523e-01,-5.105183e-01,2.182444e+00,-3.577007e-02,1.505620e-01,-1.434667e-01,-4.392650e-01,5.085364e-01,-2.189863e+00,2.290647e+00,0,-0.057773,0.084867,-0.104036,1.461630e-01
3.560000,DS,DS_interstep,0,,,,5.434762e-01,-5.628121e-01,2.135026e+00,-3.845953e-02,1.533647e-01,-1.541671e-01,-5.382716e-01,5.620622e-01,-2.141581e+00,2.278600e+00,0,-0.057505,0.084773,-0.103908,1.459115e-01
3.570000,DS,DS_interstep,0,,,,6.244676e-01,-5.959447e-01,2.035363e+00,-4.156359e-02,1.563378e-01,-1.643627e-01,-6.212186e-01,5.961601e-01,-2.040705e+00,2.214903e+00,0,-0.057242,0.084680,-0.103783,1.456649e-01
3.580000,DS,DS_interstep,0,,,,6.870317e-01,-6.133053e-01,1.899011e+00,-4.498732e-02,1.594012e-01,-1.738692e-01,-6.851866e-01,6.142626e-01,-1.903008e+00,2.113821e+00,0,-0.056983,0.084589,-0.103661,1.454234e-01
3.590000,DS,DS_interstep,0,,,,7.324117e-01,-6.182599e-01,1.742012e+00,-4.864261e-02,1.624917e-01,-1.825837e-01,-7.315363e-01,6.197198e-01,-1.744684e+00,1.990759e+00,0,-0.056729,0.084499,-0.103542,1.451868e-01
3.600000,DS,DS_interstep,0,,,,7.627811e-01,-6.131822e-01,1.577281e+00,-5.245265e-02,1.655581e-01,-1.904680e-01,-7.625201e-01,6.149125e-01,-1.578732e+00,1.857942e+00,0,-0.056480,0.084412,-0.103425,1.449555e-01
3.610000,DS,DS_interstep,0,,,,7.802331e-01,-5.998357e-01,1.414421e+00,-5.635133e-02,1.685578e-01,-1.975323e-01,-7.802895e-01,6.016303e-01,-1.414796e+00,1.724082e+00,0,-0.056235,0.084326,-0.103309,1.447273e-01
3.620000,DS,DS_interstep,0,,,,7.866628e-01,-5.797440e-01,1.260242e+00,-6.028233e-02,1.714565e-01,-2.038208e-01,-7.867905e-01,5.814338e-01,-1.259702e+00,1.594978e+00,0,-0.055995,0.084242,-0.103195,1.445038e-01
3.630000,DS,DS_interstep,0,,,,7.838713e-01,-5.543606e-01,1.119293e+00,-6.419855e-02,1.742269e-01,-2.094004e-01,-7.838742e-01,5.558174e-01,-1.118004e+00,1.474220e+00,0,-0.055760,0.084160,-0.103083,1.442851e-01
3.640000,DS,DS_interstep,0,,,,7.736455e-01,-5.250873e-01,9.942806e-01,-6.806210e-02,1.768493e-01,-2.143518e-01,-7.733777e-01,5.262226e-01,-9.924040e-01,1.363777e+00,0,-0.055528,0.084079,-0.102972,1.440690e-01
3.650000,DS,DS_interstep,0,,,,7.577533e-01,-4.932281e-01,8.864035e-01,-7.184415e-02,1.793103e-01,-2.187614e-01,-7.571164e-01,4.939887e-01,-8.840880e-01,1.264461e+00,0,-0.055301,0.083999,-0.102862,1.438563e-01
3.660000,DS,DS_interstep,0,,,,7.378721e-01,-4.599385e-01,7.956564e-01,-7.552448e-02,1.816027e-01,-2.227156e-01,-7.368105e-01,4.602997e-01,-7.930334e-01,1.176294e+00,0,-0.055078,0.083921,-0.102753,1.436471e-01
3.670000,DS,DS_interstep,0,,,,7.154962e-01,-4.261947e-01,7.211283e-01,-7.909053e-02,1.837244e-01,-2.262959e-01,-7.139886e-01,4.261530e-01,-7.183083e-01,1.098796e+00,0,-0.054859,0.083844,-0.102646,1.434417e-01
3.680000,DS,DS_interstep,0,,,,6.918600e-01,-3.927854e-01,6.612846e-01,-8.253601e-02,1.856769e-01,-2.295762e-01,-6.899112e-01,3.923511e-01,-6.583556e-01,1.031188e+00,0,-0.054643,0.083768,-0.102539,1.432382e-01
3.690000,DS,DS_interstep,0,,,,6.679015e-01,-3.603184e-01,6.142171e-01,-8.585944e-02,1.874651e-01,-2.326209e-01,-6.655334e-01,3.595094e-01,-6.112444e-01,9.725232e-01,0,-0.054431,0.083693,-0.102433,1.430377e-01
3.700000,DS,DS_interstep,0,,,,6.442680e-01,-3.292354e-01,5.778459e-01,-8.906260e-02,1.890960e-01,-2.354836e-01,-6.415124e-01,3.280733e-01,-5.748735e-01,9.217645e-01,0,-0.054222,0.083618,-0.102329,1.428398e-01
3.710000,DS,DS_interstep,0,,,,6.213553e-01,-2.998311e-01,5.500732e-01,-9.214928e-02,1.905782e-01,-2.382073e-01,-6.182478e-01,2.983378e-01,-5.471268e-01,8.778289e-01,0,-0.054016,0.083545,-0.102225,1.426445e-01
3.720000,DS,DS_interstep,0,,,,5.994192e-01,-2.722879e-01,5.289026e-01,-9.512457e-02,1.919211e-01,-2.408253e-01,-5.959989e-01,2.704852e-01,-5.259920e-01,8.396693e-01,0,-0.053813,0.083472,-0.102123,1.424518e-01
3.730000,DS,DS_interstep,0,,,,5.788606e-01,-2.467221e-01,5.124644e-01,-9.799562e-02,1.931346e-01,-2.433611e-01,-5.751806e-01,2.446346e-01,-5.095863e-01,8.064472e-01,0,-0.053613,0.083400,-0.102021,1.422610e-01
3.740000,DS,DS_interstep,0,,,,5.596951e-01,-2.231180e-01,4.990880e-01,-1.007696e-01,1.942288e-01,-2.458300e-01,-5.557980e-01,2.207655e-01,-4.962292e-01,7.771050e-01,0,-0.053416,0.083328,-0.101920,1.420722e-01
3.750000,DS,DS_interstep,0,,,,5.416898e-01,-2.013702e-01,4.874105e-01,-1.034525e-01,1.952129e-01,-2.482405e-01,-5.376053e-01,1.987675e-01,-4.845526e-01,7.505459e-01,0,-0.053222,0.083257,-0.101821,1.418867e-01
3.760000,DS,DS_interstep,0,,,,5.245959e-01,-1.813219e-01,4.763572e-01,-1.060490e-01,1.960955e-01,-2.505954e-01,-5.203452e-01,1.784824e-01,-4.734797e-01,7.258086e-01,0,-0.053030,0.083186,-0.101722,1.417020e-01
3.770000,DS,DS_interstep,0,,,,5.082055e-01,-1.628005e-01,4.651204e-01,-1.085626e-01,1.968843e-01,-2.528938e-01,-5.038044e-01,1.597373e-01,-4.622024e-01,7.021153e-01,0,-0.052841,0.083116,-0.101624,1.415199e-01
3.780000,DS,DS_interstep,0,,,,4.923585e-01,-1.456387e-01,4.531311e-01,-1.109962e-01,1.975863e-01,-2.551318e-01,-4.878181e-01,1.423655e-01,-4.501526e-01,6.788754e-01,0,-0.052654,0.083045,-0.101527,1.413388e-01
3.790000,DS,DS_interstep,0,,,,4.769357e-01,-1.296853e-01,4.400278e-01,-1.133519e-01,1.982075e-01,-2.573039e-01,-4.722633e-01,1.262163e-01,-4.369706e-01,6.556725e-01,0,-0.052469,0.082975,-0.101431,1.411598e-01
3.800000,DS,DS_interstep,0,,,,4.618508e-01,-1.148099e-01,4.256238e-01,-1.156314e-01,1.987534e-01,-2.594033e-01,-4.570508e-01,1.111601e-01,-4.224719e-01,6.322456e-01,0,-0.052287,0.082906,-0.101335,1.409827e-01
3.810000,DS,DS_interstep,0,,,,4.470434e-01,-1.009040e-01,4.098743e-01,-1.178361e-01,1.992289e-01,-2.614234e-01,-4.421176e-01,9.708843e-02,-4.066144e-01,6.084648e-01,0,-0.052108,0.082836,-0.101240,1.408069e-01
3.820000,DS,DS_interstep,0,,,,4.324736e-01,-8.787975e-02,3.928460e-01,-1.199673e-01,1.996385e-01,-2.633576e-01,-4.274219e-01,8.391347e-02,-3.894676e-01,5.843081e-01,0,-0.051930,0.082767,-0.101146,1.406329e-01
3.830000,DS,DS_interstep,0,,,,4.181181e-01,-7.566757e-02,3.746874e-01,-1.220259e-01,1.999863e-01,-2.652003e-01,-4.129389e-01,7.156529e-02,-3.711828e-01,5.598364e-01,0,-0.051754,0.082697,-0.101053,1.404599e-01
3.840000,DS,DS_interstep,0,,,,4.039668e-01,-6.421324e-02,3.556035e-01,-1.240130e-01,2.002762e-01,-2.669468e-01,-3.986575e-01,5.998899e-02,-3.519675e-01,5.351706e-01,0,-0.051581,0.082628,-0.100960,1.402887e-01
3.850000,DS,DS_interstep,0,,,,3.900199e-01,-5.347458e-02,3.358329e-01,-1.259296e-01,2.005119e-01,-2.685937e-01,-3.845775e-01,4.914149e-02,-3.320629e-01,5.104709e-01,0,-0.051409,0.082559,-0.100867,1.401179e-01
3.860000,DS,DS_interstep,0,,,,3.762850e-01,-4.341836e-02,3.156289e-01,-1.277768e-01,2.006968e-01,-2.701389e-01,-3.707065e-01,3.898847e-02,-3.117245e-01,4.859172e-01,0,-0.051240,0.082490,-0.100776,1.399498e-01
3.870000,DS,DS_interstep,0,,,,3.627746e-01,-3.401745e-02,2.952443e-01,-1.295556e-01,2.008343e-01,-2.715814e-01,-3.570571e-01,2.950164e-02,-2.912069e-01,4.616942e-01,0,-0.051072,0.082421,-0.100684,1.397814e-01
3.880000,DS,DS_interstep,0,,,,3.495040e-01,-2.524860e-02,2.749195e-01,-1.312673e-01,2.009275e-01,-2.729215e-01,-3.436451e-01,2.065650e-02,-2.707521e-01,4.379787e-01,0,-0.050906,0.082352,-0.100594,1.396153e-01
3.890000,DS,DS_interstep,0,,,,3.364887e-01,-1.709062e-02,2.548739e-01,-1.329131e-01,2.009796e-01,-2.741607e-01,-3.304863e-01,1.243066e-02,-2.505807e-01,4.149294e-01,0,-0.050741,0.082282,-0.100503,1.394483e-01
3.900000,DS,DS_interstep,0,,,,3.237431e-01,-9.523187e-03,2.353004e-01,-1.344944e-01,2.009936e-01,-2.753014e-01,-3.175961e-01,4.802600e-03,-2.308868e-01,3.926819e-01,0,-0.050579,0.082213,-0.100413,1.392838e-01
3.910000,DS,DS_interstep,0,,,,3.112795e-01,-2.526093e-03,2.163621e-01,-1.360126e-01,2.009723e-01,-2.763468e-01,-3.049871e-01,-2.248956e-03,-2.118339e-01,3.713432e-01,0,-0.050417,0.082144,-0.100323,1.391194e-01
3.920000,DS,DS_interstep,0,,,,2.991070e-01,3.921142e-03,1.981910e-01,-1.374691e-01,2.009185e-01,-2.773007e-01,-2.926694e-01,-8.745463e-03,-1.935547e-01,3.509919e-01,0,-0.050258,0.082075,-0.100234,1.389569e-01
3.930000,DS,DS_interstep,0,,,,2.872318e-01,9.839366e-03,1.808887e-01,-1.388654e-01,2.008350e-01,-2.781676e-01,-2.806494e-01,-1.470862e-02,-1.761508e-01,3.316769e-01,0,-0.050099,0.082005,-0.100145,1.387939e-01
3.940000,DS,DS_interstep,0,,,,2.756567e-01,1.524974e-02,1.645276e-01,-1.402031e-01,2.007241e-01,-2.789521e-01,-2.689307e-01,-2.016029e-02,-1.596949e-01,3.134208e-01,0,-0.049943,0.081936,-0.100056,1.386327e-01
3.950000,DS,DS_interstep,0,,,,2.643817e-01,2.017357e-02,1.491536e-01,-1.414836e-01,2.005885e-01,-2.796593e-01,-2.575135e-01,-2.512239e-02,-1.442327e-01,2.962219e-01,0,-0.049787,0.081866,-0.099967,1.384709e-01
3.960000,DS,DS_interstep,0,,,,2.534044e-01,2.463217e-02,1.347888e-01,-1.427085e-01,2.004304e-01,-2.802943e-01,-2.463959e-01,-2.961668e-02,-1.297861e-01,2.800581e-01,0,-0.049633,0.081797,-0.099879,1.383112e-01
3.970000,DS,DS_interstep,0,,,,2.427203e-01,2.864667e-02,1.214345e-01,-1.438791e-01,2.002520e-01,-2.808620e-01,-2.355736e-01,-3.366467e-02,-1.163561e-01,2.648905e-01,0,-0.049480,0.081727,-0.099791,1.381514e-01
3.980000,DS,DS_interstep,0,,,,2.323237e-01,3.223794e-02,1.090749e-01,-1.449971e-01,2.000556e-01,-2.813676e-01,-2.250409e-01,-3.728744e-02,-1.039266e-01,2.506681e-01,0,-0.049328,0.081657,-0.099703,1.379920e-01
3.990000,DS,DS_interstep,0,,,,2.222079e-01,3.542644e-02,9.767965e-02,-1.460638e-01,1.998431e-01,-2.818158e-01,-2.147915e-01,-4.050564e-02,-9.246687e-02,2.373315e-01,0,-0.049177,0.081587,-0.099615,1.378331e-01
4.000000,DS,DS_interstep,0,,,,2.123657e-01,3.823226e-02,8.720725e-02,-1.470805e-01,1.996164e-01,-2.822114e-01,-2.048181e-01,-4.333947e-02,-8.193494e-02,2.248157e-01,0,-0.049027,0.081517,-0.099527,1.376746e-01
4.010000,DS,DS_interstep,0,,,,2.027900e-01,4.067506e-02,7.760775e-02,-1.480487e-01,1.993774e-01,-2.825587e-01,-1.951138e-01,-4.580860e-02,-7.228045e-02,2.130547e-01,0,-0.048878,0.081447,-0.099439,1.375165e-01
4.020000,DS,DS_interstep,0,,,,1.934737e-01,4.277411e-02,6.882527e-02,-1.489697e-01,1.991277e-01,-2.828618e-01,-1.856715e-01,-4.793232e-02,-6.344709e-02,2.019825e-01,0,-0.048730,0.081377,-0.099352,1.373596e-01
4.030000,DS,DS_interstep,0,,,,1.844105e-01,4.454830e-02,6.080031e-02,-1.498446e-01,1.988691e-01,-2.831245e-01,-1.764847e-01,-4.972947e-02,-5.537495e-02,1.915366e-01,0,-0.048583,0.081307,-0.099264,1.372023e-01
4.040000,DS,DS_interstep,0,,,,1.755943e-01,4.601617e-02,5.347176e-02,-1.506748e-01,1.986031e-01,-2.833504e-01,-1.675476e-01,-5.121853e-02,-4.800251e-02,1.816584e-01,0,-0.048437,0.081237,-0.099177,1.370462e-01
4.050000,DS,DS_interstep,0,,,,1.670199e-01,4.719589e-02,4.677855e-02,-1.514615e-01,1.983311e-01,-2.835425e-01,-1.588547e-01,-5.241763e-02,-4.126837e-02,1.722948e-01,0,-0.048292,0.081166,-0.099090,1.368900e-01
4.060000,DS,DS_interstep,0,,,,1.586826e-01,4.810532e-02,4.066119e-02,-1.522059e-01,1.980545e-01,-2.837039e-01,-1.504016e-01,-5.334456e-02,-3.511268e-02,1.633988e-01,0,-0.048148,0.081095,-0.099003,1.367341e-01
4.070000,DS,DS_interstep,0,,,,1.505786e-01,4.876200e-02,3.506282e-02,-1.529092e-01,1.977745e-01,-2.838371e-01,-1.421841e-01,-5.401680e-02,-2.947829e-02,1.549293e-01,0,-0.048004,0.081025,-0.098915,1.365782e-01
4.080000,DS,DS_interstep,0,,,,1.427042e-01,4.918308e-02,2.993019e-02,-1.535726e-01,1.974923e-01,-2.839445e-01,-1.341988e-01,-5.445147e-02,-2.431171e-02,1.468514e-01,0,-0.047861,0.080954,-0.098828,1.364229e-01
4.090000,DS,DS_interstep,0,,,,1.350565e-01,4.938537e-02,2.521432e-02,-1.541971e-01,1.972092e-01,-2.840281e-01,-1.264425e-01,-5.466535e-02,-1.956370e-02,1.391357e-01,0,-0.047719,0.080883,-0.098741,1.362679e-01
4.100000,DS,DS_interstep,0,,,,1.276330e-01,4.938526e-02,2.087087e-02,-1.547839e-01,1.969259e-01,-2.840898e-01,-1.189128e-01,-5.467483e-02,-1.518976e-02,1.317586e-01,0,-0.047577,0.080812,-0.098654,1.361130e-01
4.110000,DS,DS_interstep,0,,,,1.204312e-01,4.919870e-02,1.686045e-02,-1.553342e-01,1.966436e-01,-2.841314e-01,-1.116072e-01,-5.449588e-02,-1.115034e-02,1.247008e-01,0,-0.047436,0.080741,-0.098567,1.359586e-01
4.120000,DS,DS_interstep,0,,,,1.134489e-01,4.884116e-02,1.314865e-02,-1.558490e-01,1.963631e-01,-2.841542e-01,-1.045235e-01,-5.414401e-02,-7.410898e-03,1.179477e-01,0,-0.047295,0.080669,-0.098481,1.358043e-01
4.130000,DS,DS_interstep,0,,,,1.066843e-01,4.832762e-02,9.705908e-03,-1.563295e-01,1.960851e-01,-2.841597e-01,-9.765960e-02,-5.363425e-02,-3.941798e-03,1.114880e-01,0,-0.047155,0.080598,-0.098394,1.356503e-01
4.140000,DS,DS_interstep,0,,,,1.001351e-01,4.767249e-02,6.507352e-03,-1.567767e-01,1.958104e-01,-2.841491e-01,-9.101352e-02,-5.298109e-02,-7.180899e-04,1.053137e-01,0,-0.047016,0.080526,-0.098307,1.354962e-01
4.150000,DS,DS_interstep,0,,,,9.379936e-02,4.688960e-02,3.532426e-03,-1.571918e-01,1.955396e-01,-2.841235e-01,-8.458317e-02,-5.219846e-02,2.280822e-03,9.941928e-02,0,-0.046877,0.080455,-0.098220,1.353426e-01
4.160000,DS,DS_interstep,0,,,,8.767500e-02,4.599217e-02,7.645101e-04,-1.575758e-01,1.952733e-01,-2.840839e-01,-7.836642e-02,-5.129968e-02,5.071584e-03,9.380125e-02,0,-0.046738,0.080383,-0.098133,1.351886e-01
4.170000,DS,DS_interstep,0,,,,8.175979e-02,4.499281e-02,-1.809537e-03,-1.579297e-01,1.950121e-01,-2.840314e-01,-7.236103e-02,-5.029747e-02,7.667348e-03,8.845757e-02,0,-0.046600,0.080311,-0.098046,1.350349e-01
4.180000,DS,DS_interstep,0,,,,7.605138e-02,4.390346e-02,-4.199865e-03,-1.582546e-01,1.947563e-01,-2.839668e-01,-6.656467e-02,-4.920392e-02,1.007826e-02,8.338736e-02,0,-0.046462,0.080239,-0.097959,1.348814e-01
4.190000,DS,DS_interstep,0,,,,7.054732e-02,4.273544e-02,-6.414127e-03,-1.585515e-01,1.945064e-01,-2.838911e-01,-6.097486e-02,-4.803045e-02,1.231197e-02,7.859034e-02,0,-0.046325,0.080167,-0.097872,1.347282e-01
4.200000,DS,DS_interstep,0,,,,6.524500e-02,4.149937e-02,-8.457975e-03,-1.588215e-01,1.942628e-01,-2.838050e-01,-5.558898e-02,-4.678782e-02,1.437411e-02,7.406652e-02,0,-0.046188,0.080095,-0.097785,1.345751e-01
4.210000,DS,DS_interstep,0,,,,6.014166e-02,4.020524e-02,-1.033553e-02,-1.590656e-01,1.940257e-01,-2.837095e-01,-5.040430e-02,-4.548617e-02,1.626879e-02,6.981589e-02,0,-0.046051,0.080023,-0.097698,1.344220e-01
4.220000,DS,DS_interstep,0,,,,5.523445e-02,3.886240e-02,-1.204983e-02,-1.592847e-01,1.937953e-01,-2.836053e-01,-4.541792e-02,-4.413496e-02,1.799903e-02,6.583804e-02,0,-0.045914,0.079951,-0.097612,1.342697e-01
4.230000,DS,DS_interstep,0,,,,5.052035e-02,3.747954e-02,-1.360322e-02,-1.594799e-01,1.935719e-01,-2.834933e-01,-4.062687e-02,-4.274302e-02,1.956716e-02,6.213197e-02,0,-0.045778,0.079878,-0.097525,1.341165e-01
4.240000,DS,DS_interstep,0,,,,4.599624e-02,3.606475e-02,-1.499774e-02,-1.596521e-01,1.933556e-01,-2.833742e-01,-3.602801e-02,-4.131854e-02,2.097521e-02,5.869581e-02,0,-0.045642,0.079806,-0.097438,1.339640e-01
4.250000,DS,DS_interstep,0,,,,4.165892e-02,3.462553e-02,-1.623538e-02,-1.598022e-01,1.931466e-01,-2.832489e-01,-3.161814e-02,-3.986914e-02,2.222519e-02,5.552670e-02,0,-0.045506,0.079733,-0.097351,1.338109e-01
4.260000,DS,DS_interstep,0,,,,3.750507e-02,3.316878e-02,-1.731839e-02,-1.599311e-01,1.929450e-01,-2.831182e-01,-2.739395e-02,-3.840184e-02,2.331933e-02,5.262054e-02,0,-0.045371,0.079661,-0.097264,1.336589e-01
4.270000,DS,DS_interstep,0,,,,3.353128e-02,3.170087e-02,-1.824945e-02,-1.600399e-01,1.927507e-01,-2.829827e-01,-2.335205e-02,-3.692308e-02,2.426033e-02,4.997195e-02,0,-0.045235,0.079588,-0.097177,1.335059e-01
4.280000,DS,DS_interstep,0,,,,2.973411e-02,3.022765e-02,-1.903181e-02,-1.601293e-01,1.925639e-01,-2.828433e-01,-1.948897e-02,-3.543882e-02,2.505146e-02,4.757421e-02,0,-0.045100,0.079516,-0.097089,1.333532e-01
4.290000,DS,DS_interstep,0,,,,2.611001e-02,2.875448e-02,-1.966941e-02,-1.602003e-01,1.923845e-01,-2.827007e-01,-1.580120e-02,-3.395448e-02,2.569670e-02,4.541921e-02,0,-0.044965,0.079443,-0.097002,1.332007e-01
4.300000,DS,DS_interstep,0,,,,2.265540e-02,2.728625e-02,-2.016694e-02,-1.602538e-01,1.922125e-01,-2.825556e-01,-1.228515e-02,-3.247503e-02,2.620075e-02,4.349749e-02,0,-0.044830,0.079370,-0.096915,1.330483e-01
4.310000,DS,DS_interstep,0,,,,1.936666e-02,2.582744e-02,-2.052983e-02,-1.602904e-01,1.920479e-01,-2.824086e-01,-8.937185e-03,-3.100498e-02,2.656910e-02,4.179831e-02,0,-0.044695,0.079297,-0.096828,1.328959e-01
4.320000,DS,DS_interstep,0,,,,1.624010e-02,2.438209e-02,-2.076424e-02,-1.603112e-01,1.918905e-01,-2.822604e-01,-5.753632e-03,-2.954846e-02,2.680796e-02,4.030983e-02,0,-0.044560,0.079224,-0.096741,1.327436e-01
4.330000,DS,DS_interstep,0,,,,1.327202e-02,2.295390e-02,-2.087702e-02,-1.603168e-01,1.917404e-01,-2.821117e-01,-2.730776e-03,-2.810919e-02,2.692422e-02,3.901919e-02,0,-0.044426,0.079152,-0.096654,1.325922e-01
4.340000,DS,DS_interstep,0,,,,1.045868e-02,2.154621e-02,-2.087562e-02,-1.603081e-01,1.915973e-01,-2.819630e-01,1.351357e-04,-2.669055e-02,2.692540e-02,3.791281e-02,0,-0.044291,0.079079,-0.096566,1.324393e-01
4.350000,DS,DS_interstep,0,,,,7.796293e-03,2.016202e-02,-2.076798e-02,-1.602859e-01,1.914613e-01,-2.818148e-01,2.847886e-03,-2.529556e-02,2.681950e-02,3.697650e-02,0,-0.044157,0.079006,-0.096479,1.322875e-01
4.360000,DS,DS_interstep,0,,,,5.281073e-03,1.880404e-02,-2.056248e-02,-1.602508e-01,1.913321e-01,-2.816676e-01,5.411289e-03,-2.392697e-02,2.661496e-02,3.619583e-02,0,-0.044022,0.078933,-0.096392,1.321354e-01
4.370000,DS,DS_interstep,0,,,,2.909195e-03,1.747471e-02,-2.026776e-02,-1.602036e-01,1.912096e-01,-2.815219e-01,7.829184e-03,-2.258723e-02,2.632049e-02,3.555626e-02,0,-0.043888,0.078860,-0.096304,1.319830e-01
4.380000,DS,DS_interstep,0,,,,6.768159e-04,1.617619e-02,-1.989263e-02,-1.601451e-01,1.910936e-01,-2.813781e-01,1.010544e-02,-2.127851e-02,2.594497e-02,3.504335e-02,0,-0.043754,0.078787,-0.096217,1.318314e-01
4.390000,DS,DS_interstep,0,,,,-1.419925e-03,1.491042e-02,-1.944597e-02,-1.600759e-01,1.909841e-01,-2.812366e-01,1.224393e-02,-2.000277e-02,2.549733e-02,3.464301e-02,0,-0.043619,0.078714,-0.096130,1.316795e-01
4.400000,DS,DS_interstep,0,,,,-3.384904e-03,1.367909e-02,-1.893658e-02,-1.599966e-01,1.908807e-01,-2.810976e-01,1.424858e-02,-1.876170e-02,2.498645e-02,3.434161e-02,0,-0.043485,0.078640,-0.096042,1.315267e-01
4.410000,DS,DS_interstep,0,,,,-5.222011e-03,1.248370e-02,-1.837311e-02,-1.599080e-01,1.907834e-01,-2.809615e-01,1.612329e-02,-1.755681e-02,2.442103e-02,3.412607e-02,0,-0.043351,0.078567,-0.095955,1.313752e-01
4.420000,DS,DS_interstep,0,,,,-6.935147e-03,1.132554e-02,-1.776392e-02,-1.598107e-01,1.906919e-01,-2.808284e-01,1.787202e-02,-1.638938e-02,2.380950e-02,3.398401e-02,0,-0.043216,0.078494,-0.095867,1.312228e-01
4.430000,DS,DS_interstep,0,,,,-8.528218e-03,1.020570e-02,-1.711706e-02,-1.597052e-01,1.906061e-01,-2.806985e-01,1.949869e-02,-1.526053e-02,2.315996e-02,3.390378e-02,0,-0.043082,0.078421,-0.095780,1.310714e-01
4.440000,DS,DS_interstep,0,,,,-1.000513e-02,9.125122e-03,-1.644014e-02,-1.595922e-01,1.905257e-01,-2.805721e-01,2.100727e-02,-1.417119e-02,2.248008e-02,3.387450e-02,0,-0.042948,0.078348,-0.095692,1.309194e-01
4.450000,DS,DS_interstep,0,,,,-1.136981e-02,8.084560e-03,-1.574030e-02,-1.594722e-01,1.904505e-01,-2.804492e-01,2.240170e-02,-1.312211e-02,2.177706e-02,3.388608e-02,0,-0.042813,0.078275,-0.095605,1.307679e-01
4.460000,DS,DS_interstep,0,,,,-1.262613e-02,7.084614e-03,-1.502418e-02,-1.593458e-01,1.903805e-01,-2.803299e-01,2.368594e-02,-1.211390e-02,2.105756e-02,3.392921e-02,0,-0.042679,0.078202,-0.095517,1.306160e-01
4.470000,DS,DS_interstep,0,,,,-1.377802e-02,6.125735e-03,-1.429785e-02,-1.592135e-01,1.903152e-01,-2.802142e-01,2.486393e-02,-1.114701e-02,2.032771e-02,3.399539e-02,0,-0.042544,0.078129,-0.095430,1.304646e-01
4.480000,DS,DS_interstep,0,,,,-1.482934e-02,5.208227e-03,-1.356684e-02,-1.590758e-01,1.902546e-01,-2.801022e-01,2.593959e-02,-1.022174e-02,1.959306e-02,3.407689e-02,0,-0.042410,0.078056,-0.095342,1.303129e-01
4.490000,DS,DS_interstep,0,,,,-1.578395e-02,4.332261e-03,-1.283608e-02,-1.589333e-01,1.901984e-01,-2.799940e-01,2.691683e-02,-9.338267e-03,1.885859e-02,3.416673e-02,0,-0.042276,0.077983,-0.095255,1.301619e-01
4.500000,DS,DS_interstep,0,,,,-1.664570e-02,3.497875e-03,-1.210996e-02,-1.587864e-01,1.901464e-01,-2.798893e-01,2.779956e-02,-8.496633e-03,1.812872e-02,3.425870e-02,0,-0.042141,0.077909,-0.095167,1.300094e-01
4.510000,DS,DS_interstep,0,,,,-1.741839e-02,2.704985e-03,-1.139231e-02,-1.586355e-01,1.900984e-01,-2.797883e-01,2.859162e-02,-7.696752e-03,1.740730e-02,3.434727e-02,0,-0.042007,0.077836,-0.095079,1.298578e-01
4.520000,DS,DS_interstep,0,,,,-1.810580e-02,1.953388e-03,-1.068644e-02,-1.584811e-01,1.900542e-01,-2.796908e-01,2.929684e-02,-6.938425e-03,1.669765e-02,3.442758e-02,0,-0.041872,0.077763,-0.094992,1.297067e-01
4.530000,DS,DS_interstep,0,,,,-1.871165e-02,1.242771e-03,-9.995140e-03,-1.583235e-01,1.900136e-01,-2.795968e-01,2.991900e-02,-6.221339e-03,1.600261e-02,3.449544e-02,0,-0.041737,0.077690,-0.094904,1.295549e-01
4.540000,DS,DS_interstep,0,,,,-1.923963e-02,5.727178e-04,-9.320757e-03,-1.581633e-01,1.899764e-01,-2.795062e-01,3.046185e-02,-5.545081e-03,1.532452e-02,3.454726e-02,0,-0.041603,0.077617,-0.094817,1.294043e-01
4.550000,DS,DS_interstep,0,,,,-1.969338e-02,-5.728846e-05,-8.665197e-03,-1.580008e-01,1.899423e-01,-2.794189e-01,3.092907e-02,-4.909134e-03,1.466531e-02,3.458003e-02,0,-0.041468,0.077544,-0.094729,1.292527e-01
4.560000,DS,DS_interstep,0,,,,-2.007648e-02,-6.478549e-04,-8.029982e-03,-1.578363e-01,1.899113e-01,-2.793348e-01,3.132430e-02,-4.312893e-03,1.402651e-02,3.459127e-02,0,-0.041333,0.077471,-0.094642,1.291018e-01
4.570000,DS,DS_interstep,0,,,,-2.039245e-02,-1.199674e-03,-7.416284e-03,-1.576701e-01,1.898830e-01,-2.792538e-01,3.165110e-02,-3.755666e-03,1.340930e-02,3.457899e-02,0,-0.041198,0.077398,-0.094554,1.289503e-01
4.580000,DS,DS_interstep,0,,,,-2.064474e-02,-1.713517e-03,-6.824968e-03,-1.575027e-01,1.898573e-01,-2.791758e-01,3.191298e-02,-3.236682e-03,1.281456e-02,3.454168e-02,0,-0.041063,0.077325,-0.094466,1.287989e-01
4.590000,DS,DS_interstep,0,,,,-2.083674e-02,-2.190227e-03,-6.256632e-03,-1.573342e-01,1.898340e-01,-2.791006e-01,3.211338e-02,-2.755099e-03,1.224288e-02,3.447822e-02,0,-0.040928,0.077252,-0.094379,1.286482e-01
4.600000,DS,DS_interstep,0,,,,-2.097176e-02,-2.630711e-03,-5.711641e-03,-1.571651e-01,1.898130e-01,-2.790282e-01,3.225567e-02,-2.310008e-03,1.169465e-02,3.438792e-02,0,-0.040793,0.077179,-0.094291,1.284969e-01
4.610000,SS,SS,1,-7.840351e-02,-7.220772e-01,1.122691e+00,,,,-1.465735e-01,1.950154e-01,-2.867622e-01,2.355822e-01,2.464856e-01,-2.697356e-01,4.347544e-01,0,-0.039441,0.076470,-0.093441,1.270215e-01
4.710000,SS,SS,1,5.159026e-02,-8.021955e-01,1.280967e+00,,,,-1.347063e-01,2.072378e-01,-3.024356e-01,1.520343e-01,3.426887e-01,-5.028193e-01,6.271979e-01,0,-0.038044,0.075823,-0.092656,1.256249e-01
4.810000,SS,SS,1,1.606721e-01,-8.711303e-01,1.455528e+00,,,,-1.266266e-01,2.242294e-01,-3.295882e-01,1.113844e-01,4.718288e-01,-7.341326e-01,8.797611e-01,0,-0.036650,0.075255,-0.091976,1.243629e-01
4.910000,SS,SS,1,2.352289e-01,-9.184915e-01,1.539148e+00,,,,-1.185859e-01,2.460771e-01,-3.639179e-01,1.205492e-01,5.431505e-01,-8.410523e-01,1.008421e+00,0,-0.035281,0.074791,-0.091434,1.232827e-01
5.010000,SS,SS,1,3.007465e-01,-1.005720e+00,1.692320e+00,,,,-1.104930e-01,2.714997e-01,-4.039505e-01,1.156783e-01,6.344355e-01,-9.881067e-01,1.179934e+00,0,-0.033943,0.074443,-0.091049,1.224084e-01
5.110000,SS,SS,1,3.624276e-01,-1.095512e+00,1.845485e+00,,,,-1.030537e-01,3.017330e-01,-4.516805e-01,1.027734e-01,7.337246e-01,-1.149456e+00,1.367539e+00,0,-0.032645,0.074229,-0.090849,1.217751e-01
5.210000,SS,SS,1,4.181448e-01,-1.166644e+00,1.968456e+00,,,,-9.604591e-02,3.360519e-01,-5.059562e-01,9.931551e-02,8.101974e-01,-1.273269e+00,1.512447e+00,0,-0.031400,0.074167,-0.090856,1.214146e-01
5.310000,SS,SS,1,4.699041e-01,-1.221047e+00,2.062490e+00,,,,-8.926554e-02,3.738891e-01,-5.658127e-01,9.687523e-02,8.799081e-01,-1.385983e+00,1.644558e+00,0,-0.030214,0.074268,-0.091090,1.213508e-01
5.410000,SS,SS,1,5.189637e-01,-1.260032e+00,2.129187e+00,,,,-8.275364e-02,4.150303e-01,-6.309375e-01,9.436900e-02,9.429267e-01,-1.488679e+00,1.764704e+00,0,-0.029093,0.074546,-0.091569,1.216075e-01
5.510000,SS,SS,1,5.645624e-01,-1.293420e+00,2.183397e+00,,,,-7.644238e-02,4.591728e-01,-7.008383e-01,9.401497e-02,9.986807e-01,-1.579085e+00,1.870752e+00,0,-0.028041,0.075010,-0.092308,1.222030e-01
5.610000,SS,SS,1,6.056662e-01,-1.352016e+00,2.273550e+00,,,,-7.026368e-02,5.062177e-01,-7.753142e-01,9.487641e-02,1.054096e+00,-1.667446e+00,1.974967e+00,0,-0.027062,0.075670,-0.093321,1.231548e-01
5.710000,SS,SS,1,6.438065e-01,-1.394351e+00,2.333193e+00,,,,-6.419596e-02,5.558247e-01,-8.538195e-01,9.681048e-02,1.098219e+00,-1.738848e+00,2.058895e+00,0,-0.026156,0.076532,-0.094619,1.244751e-01
5.810000,SS,SS,1,6.788783e-01,-1.420821e+00,2.362238e+00,,,,-5.816713e-02,6.075714e-01,-9.356714e-01,1.001329e-01,1.133668e+00,-1.795815e+00,2.126072e+00,0,-0.025326,0.077605,-0.096213,1.261780e-01
5.910000,SS,SS,1,7.110259e-01,-1.432440e+00,2.361545e+00,,,,-5.213185e-02,6.611100e-01,-1.020296e+00,1.042496e-01,1.161177e+00,-1.839752e+00,2.178047e+00,0,-0.024570,0.078891,-0.098109,1.282687e-01
6.010000,SS,SS,1,7.402276e-01,-1.430001e+00,2.331983e+00,,,,-4.604675e-02,7.161000e-01,-1.107131e+00,1.091941e-01,1.180941e+00,-1.870856e+00,2.215095e+00,0,-0.023886,0.080393,-0.100312,1.307520e-01
6.110000,SS,SS,1,7.664010e-01,-1.437496e+00,2.311829e+00,,,,-3.987524e-02,7.723625e-01,-1.195853e+00,1.146121e-01,1.198345e+00,-1.896613e+00,2.246399e+00,0,-0.023272,0.082113,-0.102825,1.336305e-01
6.210000,SS,SS,1,7.894589e-01,-1.447220e+00,2.288749e+00,,,,-3.360774e-02,8.297043e-01,-1.286113e+00,1.201896e-01,1.210354e+00,-1.913263e+00,2.267152e+00,0,-0.022724,0.084052,-0.105650,1.369052e-01
6.310000,SS,SS,1,8.092426e-01,-1.444071e+00,2.238649e+00,,,,-2.722268e-02,8.877825e-01,-1.377348e+00,1.260936e-01,1.213924e+00,-1.916371e+00,2.272001e+00,0,-0.022241,0.086209,-0.108786,1.405740e-01
6.410000,SS,SS,1,8.257091e-01,-1.429052e+00,2.162918e+00,,,,-2.069685e-02,9.462579e-01,-1.469005e+00,1.321308e-01,1.210521e+00,-1.907859e+00,2.263348e+00,0,-0.021816,0.088581,-0.112233,1.446333e-01
6.510000,SS,SS,1,8.388602e-01,-1.403268e+00,2.063156e+00,,,,-1.401947e-02,1.004834e+00,-1.560590e+00,1.380789e-01,1.200715e+00,-1.888676e+00,2.242293e+00,0,-0.021447,0.091167,-0.115984,1.490761e-01
6.610000,SS,SS,1,8.486719e-01,-1.367781e+00,1.941113e+00,,,,-7.183276e-03,1.063229e+00,-1.651640e+00,1.438628e-01,1.184895e+00,-1.859459e+00,2.209584e+00,0,-0.021126,0.093960,-0.120035,1.538934e-01
6.710000,SS,SS,1,8.565439e-01,-1.349164e+00,1.840470e+00,,,,-2.003698e-04,1.121355e+00,-1.741967e+00,1.489413e-01,1.169396e+00,-1.828778e+00,2.175799e+00,0,-0.020851,0.096956,-0.124379,1.590766e-01
6.810000,SS,SS,1,8.609681e-01,-1.321617e+00,1.719823e+00,,,,6.901606e-03,1.178982e+00,-1.831187e+00,1.533428e-01,1.146407e+00,-1.786845e+00,2.128515e+00,0,-0.020615,0.100148,-0.129007,1.646129e-01
6.910000,SS,SS,1,8.617912e-01,-1.285940e+00,1.580881e+00,,,,1.412347e-02,1.235808e+00,-1.918820e+00,1.574388e-01,1.117889e+00,-1.735694e+00,2.070530e+00,0,-0.020413,0.103530,-0.133911,1.704914e-01
7.010000,SS,SS,1,8.590901e-01,-1.243296e+00,1.425488e+00,,,,2.145151e-02,1.291602e+00,-2.004485e+00,1.608534e-01,1.084597e+00,-1.676702e+00,2.003386e+00,0,-0.020241,0.107094,-0.139077,1.766953e-01
7.110000,SS,SS,1,8.529140e-01,-1.194624e+00,1.255574e+00,,,,2.886901e-02,1.346139e+00,-2.087822e+00,1.636256e-01,1.046737e+00,-1.610267e+00,1.927535e+00,0,-0.020092,0.110831,-0.144495,1.832103e-01
7.210000,SS,SS,1,8.443412e-01,-1.146040e+00,1.082118e+00,,,,3.635086e-02,1.399252e+00,-2.168555e+00,1.654946e-01,1.006067e+00,-1.538847e+00,1.845971e+00,0,-0.019963,0.114731,-0.150151,1.900185e-01
7.310000,SS,SS,1,8.339362e-01,-1.100518e+00,9.110747e-01,,,,4.385826e-02,1.450811e+00,-2.246462e+00,1.662273e-01,9.630024e-01,-1.463295e+00,1.759613e+00,0,-0.019847,0.118784,-0.156030,1.971013e-01
7.410000,SS,SS,1,8.202183e-01,-1.050680e+00,7.304531e-01,,,,5.135998e-02,1.500625e+00,-2.321251e+00,1.660932e-01,9.155315e-01,-1.381210e+00,1.665391e+00,0,-0.019740,0.122980,-0.162117,2.044399e-01
7.510000,SS,SS,1,8.032213e-01,-9.973585e-01,5.420757e-01,,,,5.883276e-02,1.548511e+00,-2.392637e+00,1.651811e-01,8.647344e-01,-1.293922e+00,1.565019e+00,0,-0.019638,0.127307,-0.168395,2.120132e-01
7.610000,SS,SS,1,7.830902e-01,-9.413773e-01,3.477897e-01,,,,6.624871e-02,1.594311e+00,-2.460381e+00,1.633998e-01,8.109132e-01,-1.202085e+00,1.459208e+00,0,-0.019536,0.131754,-0.174849,2.198021e-01
7.710000,SS,SS,1,7.599815e-01,-8.834729e-01,1.494211e-01,,,,7.357872e-02,1.637876e+00,-2.524262e+00,1.607494e-01,7.544042e-01,-1.106291e+00,1.348646e+00,0,-0.019430,0.136309,-0.181459,2.277829e-01
7.810000,SS,SS,1,7.365564e-01,-8.244199e-01,-4.871779e-02,,,,8.077713e-02,1.679083e+00,-2.584101e+00,1.568360e-01,6.958884e-01,-1.007549e+00,1.234509e+00,0,-0.019317,0.140959,-0.188208,2.359340e-01
7.910000,SS,SS,1,7.110908e-01,-7.643821e-01,-2.470046e-01,,,,8.780316e-02,1.717815e+00,-2.639734e+00,1.518205e-01,6.351451e-01,-9.059339e-01,1.116770e+00,0,-0.019193,0.145691,-0.195076,2.442312e-01
8.010000,SS,SS,1,6.830331e-01,-7.039054e-01,-4.443530e-01,,,,9.462239e-02,1.753961e+00,-2.691010e+00,1.459088e-01,5.726156e-01,-8.020235e-01,9.962026e-01,0,-0.019055,0.150493,-0.202045,2.526528e-01
8.110000,SS,SS,1,6.525045e-01,-6.435848e-01,-6.390852e-01,,,,1.012014e-01,1.787425e+00,-2.737804e+00,1.391061e-01,5.086246e-01,-6.963762e-01,8.734926e-01,0,-0.018901,0.155350,-0.209093,2.611719e-01
8.210000,SS,SS,1,6.196681e-01,-5.839554e-01,-8.295531e-01,,,,1.075049e-01,1.818122e+00,-2.780012e+00,1.313978e-01,4.435126e-01,-5.895646e-01,7.493699e-01,0,-0.018727,0.160251,-0.216203,2.697681e-01
8.310000,SS,SS,1,5.853419e-01,-5.230250e-01,-1.017351e+00,,,,1.134942e-01,1.845986e+00,-2.817549e+00,1.226514e-01,3.775462e-01,-4.818619e-01,6.243199e-01,0,-0.018532,0.165181,-0.223352,2.784139e-01
8.410000,SS,SS,1,5.516018e-01,-4.538376e-01,-1.210116e+00,,,,1.191131e-01,1.870879e+00,-2.850260e+00,1.125659e-01,3.085489e-01,-3.711060e-01,4.955736e-01,0,-0.018314,0.170128,-0.230521,2.870869e-01
8.510000,SS,SS,1,5.159758e-01,-3.867408e-01,-1.393552e+00,,,,1.243289e-01,1.892725e+00,-2.878075e+00,1.017367e-01,2.396783e-01,-2.610698e-01,3.687187e-01,0,-0.018072,0.175076,-0.237689,2.957605e-01
8.610000,SS,SS,1,4.785095e-01,-3.222549e-01,-1.566287e+00,,,,1.291031e-01,1.911494e+00,-2.900985e+00,9.003111e-02,1.706533e-01,-1.518142e-01,2.455111e-01,0,-0.017805,0.180013,-0.244835,3.044107e-01
8.710000,SS,SS,1,4.392833e-01,-2.607716e-01,-1.726874e+00,,,,1.334004e-01,1.927127e+00,-2.918961e+00,7.766915e-02,1.009138e-01,-4.285803e-02,1.343611e-01,0,-0.017514,0.184926,-0.251939,3.130138e-01
8.810000,SS,SS,1,3.983932e-01,-2.028079e-01,-1.874139e+00,,,,1.371954e-01,1.939552e+00,-2.931963e+00,6.487535e-02,3.028478e-02,6.581135e-02,9.724769e-02,0,-0.017197,0.189799,-0.258980,3.215432e-01
8.910000,SS,SS,1,3.576954e-01,-1.346530e-01,-2.027726e+00,,,,1.404627e-01,1.948627e+00,-2.939870e+00,5.161028e-02,-4.358853e-02,1.771120e-01,1.895580e-01,0,-0.016855,0.194621,-0.265938,3.299764e-01
9.010000,SS,SS,1,3.168569e-01,-6.241723e-02,-2.178905e+00,,,,1.431964e-01,1.954263e+00,-2.942616e+00,3.828342e-02,-1.173219e-01,2.873695e-01,3.127479e-01,0,-0.016488,0.199377,-0.272791,3.382868e-01
9.110000,SS,SS,1,2.750252e-01,3.404772e-03,-2.312662e+00,,,,1.453845e-01,1.956569e+00,-2.940364e+00,2.446615e-02,-1.870352e-01,3.918983e-01,4.349311e-01,0,-0.016097,0.204053,-0.279521,3.464516e-01
9.210000,SS,SS,1,2.324222e-01,6.266228e-02,-2.427168e+00,,,,1.469888e-01,1.955639e+00,-2.933278e+00,9.856658e-03,-2.554324e-01,4.932293e-01,5.555340e-01,0,-0.015682,0.208637,-0.286106,3.544460e-01
9.310000,SS,SS,1,1.890893e-01,1.153157e-01,-2.520946e+00,,,,1.479839e-01,1.951475e+00,-2.921425e+00,-5.024286e-03,-3.230791e-01,5.921035e-01,6.745309e-01,0,-0.015245,0.213116,-0.292530,3.622494e-01
9.410000,SS,SS,1,1.450875e-01,1.611960e-01,-2.593541e+00,,,,1.483516e-01,1.944127e+00,-2.904921e+00,-2.026170e-02,-3.887022e-01,6.870597e-01,7.896524e-01,0,-0.014786,0.217479,-0.298773,3.698392e-01
9.510000,SS,SS,1,1.025260e-01,2.340162e-01,-2.695358e+00,,,,1.480749e-01,1.933353e+00,-2.883526e+00,-3.538301e-02,-4.620855e-01,7.898593e-01,9.157798e-01,0,-0.014309,0.221713,-0.304817,3.771933e-01
9.610000,SS,SS,1,5.969928e-02,2.975554e-01,-2.772892e+00,,,,1.471846e-01,1.919205e+00,-2.857347e+00,-5.015243e-02,-5.296472e-01,8.847701e-01,1.032405e+00,0,-0.013813,0.225806,-0.310645,3.842909e-01
9.710000,SS,SS,1,1.686782e-02,3.514571e-01,-2.825682e+00,,,,1.456638e-01,1.901821e+00,-2.826627e+00,-6.508266e-02,-5.946870e-01,9.744510e-01,1.143435e+00,0,-0.013300,0.229747,-0.316240,3.911116e-01
9.810000,SS,SS,1,-2.587976e-02,3.955614e-01,-2.852829e+00,,,,1.435188e-01,1.881293e+00,-2.791550e+00,-7.953526e-02,-6.566888e-01,1.058913e+00,1.248544e+00,0,-0.012773,0.233525,-0.321584,3.976347e-01
9.910000,SS,SS,1,-6.835120e-02,4.296010e-01,-2.854009e+00,,,,1.407633e-01,1.857725e+00,-2.752307e+00,-9.352882e-02,-7.155885e-01,1.137956e+00,1.347501e+00,0,-0.012234,0.237131,-0.326664,4.038442e-01
10.010000,SS,SS,1,-1.100111e-01,4.708664e-01,-2.856744e+00,,,,1.374184e-01,1.831087e+00,-2.708922e+00,-1.066774e-01,-7.755529e-01,1.216980e+00,1.447032e+00,0,-0.011683,0.240553,-0.331466,4.097218e-01
10.110000,SS,SS,1,-1.503671e-01,5.262736e-01,-2.873190e+00,,,,1.335314e-01,1.801309e+00,-2.661340e+00,-1.186921e-01,-8.366166e-01,1.296545e+00,1.547593e+00,0,-0.011122,0.243784,-0.335974,4.152504e-01
10.210000,SS,SS,1,-1.893643e-01,5.684211e-01,-2.861378e+00,,,,1.291446e-01,1.768575e+00,-2.609835e+00,-1.300140e-01,-8.911499e-01,1.366843e+00,1.636860e+00,0,-0.010553,0.246812,-0.340177,4.204140e-01
10.310000,SS,SS,1,-2.267348e-01,5.972828e-01,-2.821344e+00,,,,1.242791e-01,1.733087e+00,-2.554729e+00,-1.405645e-01,-9.408711e-01,1.429591e+00,1.717186e+00,0,-0.009976,0.249632,-0.344062,4.251991e-01
10.410000,SS,SS,1,-2.622979e-01,6.128799e-01,-2.753152e+00,,,,1.189706e-01,1.695035e+00,-2.496319e+00,-1.501165e-01,-9.855162e-01,1.484732e+00,1.788353e+00,0,-0.009393,0.252234,-0.347619,4.295919e-01
10.510000,SS,SS,1,-2.958134e-01,6.152364e-01,-2.657199e+00,,,,1.132557e-01,1.654616e+00,-2.434908e+00,-1.586913e-01,-1.025051e+00,1.532175e+00,1.850263e+00,0,-0.008805,0.254614,-0.350840,4.335834e-01
10.610000,SS,SS,1,-3.277482e-01,6.454976e-01,-2.602364e+00,,,,1.071935e-01,1.611709e+00,-2.370370e+00,-1.654503e-01,-1.069402e+00,1.585134e+00,1.919282e+00,0,-0.008213,0.256766,-0.353716,4.371627e-01
10.710000,SS,SS,1,-3.570235e-01,6.700711e-01,-2.535558e+00,,,,1.008667e-01,1.566483e+00,-2.302929e+00,-1.709435e-01,-1.106893e+00,1.629143e+00,1.977003e+00,0,-0.007616,0.258683,-0.356240,4.403202e-01
10.810000,SS,SS,1,-3.830763e-01,6.787383e-01,-2.440804e+00,,,,9.431189e-02,1.519249e+00,-2.233034e+00,-1.755703e-01,-1.136937e+00,1.662475e+00,2.021701e+00,0,-0.007015,0.260363,-0.358406,4.430496e-01
10.910000,SS,SS,1,-4.057811e-01,6.719821e-01,-2.318716e+00,,,,8.757039e-02,1.470303e+00,-2.161113e+00,-1.790879e-01,-1.159934e+00,1.685791e+00,2.054120e+00,0,-0.006410,0.261800,-0.360209,4.453435e-01
11.010000,SS,SS,1,-4.250218e-01,6.503019e-01,-2.170336e+00,,,,8.068613e-02,1.419942e+00,-2.087594e+00,-1.815274e-01,-1.175856e+00,1.699036e+00,2.074202e+00,0,-0.005801,0.262995,-0.361649,4.472024e-01
11.110000,SS,SS,1,-4.412446e-01,6.261435e-01,-2.017586e+00,,,,7.370750e-02,1.368372e+00,-2.012780e+00,-1.826830e-01,-1.187632e+00,1.706154e+00,2.086817e+00,0,-0.005189,0.263947,-0.362726,4.486258e-01
11.210000,SS,SS,1,-4.558768e-01,6.333213e-01,-1.920426e+00,,,,6.671202e-02,1.315546e+00,-1.936608e+00,-1.819009e-01,-1.202454e+00,1.717178e+00,2.104206e+00,0,-0.004573,0.264655,-0.363439,4.496122e-01
11.310000,SS,SS,1,-4.662740e-01,6.239305e-01,-1.798326e+00,,,,5.978163e-02,1.261827e+00,-1.859562e+00,-1.800159e-01,-1.205597e+00,1.712953e+00,2.102398e+00,0,-0.003953,0.265119,-0.363790,4.501632e-01
11.410000,SS,SS,1,-4.722852e-01,5.988458e-01,-1.653231e+00,,,,5.294711e-02,1.207654e+00,-1.782258e+00,-1.773327e-01,-1.199754e+00,1.695914e+00,2.084941e+00,0,-0.003328,0.265343,-0.363783,4.502844e-01
11.510000,SS,SS,1,-4.739377e-01,5.592959e-01,-1.486468e+00,,,,4.624948e-02,1.153418e+00,-1.705256e+00,-1.736209e-01,-1.184991e+00,1.666355e+00,2.052093e+00,0,-0.002698,0.265330,-0.363425,4.499834e-01
11.610000,SS,SS,1,-4.712926e-01,5.064095e-01,-1.300088e+00,,,,3.972951e-02,1.099519e+00,-1.629122e+00,-1.689507e-01,-1.161405e+00,1.624314e+00,2.003947e+00,0,-0.002064,0.265086,-0.362725,4.492708e-01
11.710000,SS,SS,1,-4.672712e-01,4.802774e-01,-1.166700e+00,,,,3.344929e-02,1.046038e+00,-1.553977e+00,-1.625325e-01,-1.138911e+00,1.583297e+00,1.957132e+00,0,-0.001425,0.264617,-0.361693,4.481585e-01
11.810000,SS,SS,1,-4.606336e-01,4.661946e-01,-1.062094e+00,,,,2.750232e-02,9.932021e-01,-1.480111e+00,-1.545072e-01,-1.110399e+00,1.534640e+00,1.900521e+00,0,-0.000781,0.263930,-0.360342,4.466610e-01
11.910000,SS,SS,1,-4.492351e-01,4.388871e-01,-9.421359e-01,,,,2.194700e-02,9.415219e-01,-1.408226e+00,-1.456054e-01,-1.069835e+00,1.469435e+00,1.823455e+00,0,-0.000132,0.263034,-0.358683,4.447925e-01
12.010000,SS,SS,1,-4.330729e-01,4.001445e-01,-8.093590e-01,,,,1.682091e-02,8.915017e-01,-1.339043e+00,-1.357770e-01,-1.018956e+00,1.389412e+00,1.728344e+00,0,0.000523,0.261939,-0.356735,4.425745e-01
12.110000,SS,SS,1,-4.122825e-01,3.517970e-01,-6.665688e-01,,,,1.216948e-02,8.436261e-01,-1.273258e+00,-1.248955e-01,-9.578608e-01,1.294797e+00,1.615424e+00,0,0.001183,0.260658,-0.354516,4.400291e-01
12.210000,SS,SS,1,-3.869332e-01,2.959300e-01,-5.173457e-01,,,,8.038512e-03,7.983753e-01,-1.211564e+00,-1.129707e-01,-8.868930e-01,1.185933e+00,1.485186e+00,0,0.001847,0.259204,-0.352049,4.371826e-01
12.310000,SS,SS,1,-3.507539e-01,2.733728e-01,-4.166073e-01,,,,4.436048e-03,7.559270e-01,-1.154308e+00,-1.007427e-01,-8.149574e-01,1.073064e+00,1.351211e+00,0,0.002514,0.257593,-0.349358,4.340639e-01
12.410000,SS,SS,1,-3.101891e-01,2.451009e-01,-3.146540e-01,,,,1.441845e-03,7.168165e-01,-1.102223e+00,-8.703262e-02,-7.302206e-01,9.432627e-01,1.196052e+00,0,0.003184,0.255842,-0.346469,4.307041e-01
12.510000,SS,SS,1,-2.652440e-01,2.131472e-01,-2.152296e-01,,,,-8.807105e-04,6.815844e-01,-1.056066e+00,-7.192410e-02,-6.351845e-01,7.987161e-01,1.023025e+00,0,0.003855,0.253969,-0.343413,4.271389e-01
12.610000,SS,SS,1,-2.159321e-01,1.797361e-01,-1.222451e-01,,,,-2.464954e-03,6.507572e-01,-1.016587e+00,-5.532781e-02,-5.297410e-01,6.393478e-01,8.321372e-01,0,0.004525,0.251994,-0.340220,4.234042e-01
12.710000,SS,SS,1,-1.622240e-01,1.470672e-01,-3.991965e-02,,,,-3.238995e-03,6.248556e-01,-9.845300e-01,-3.716952e-02,-4.142791e-01,4.655488e-01,6.242951e-01,0,0.005193,0.249939,-0.336926,4.195421e-01
12.810000,SS,SS,1,-1.040370e-01,1.173753e-01,2.728020e-02,,,,-3.117194e-03,6.043466e-01,-9.605844e-01,-1.691843e-02,-2.907938e-01,2.794826e-01,4.036803e-01,0,0.005857,0.247830,-0.333569,4.155987e-01
12.910000,SS,SS,1,-4.126507e-02,9.253842e-02,7.417465e-02,,,,-1.986686e-03,5.897227e-01,-9.454566e-01,5.666936e-03,-1.562451e-01,7.827798e-02,1.748488e-01,0,0.006516,0.245690,-0.330189,4.116197e-01
13.020000,DS,DS_interstep,1,,,,2.541160e-01,1.026432e-01,5.446887e-01,-3.233496e-03,5.891088e-01,-9.480160e-01,-2.492666e-01,-1.169080e-01,-5.213036e-01,5.895411e-01,0,0.006615,0.245466,-0.329836,4.112045e-01
13.030000,DS,DS_interstep,1,,,,1.526724e+00,1.871333e+00,-5.110650e-01,-9.054462e-03,5.792092e-01,-9.445385e-01,-1.164167e+00,-1.974110e+00,6.860757e-01,2.392299e+00,0,0.006779,0.245227,-0.329456,4.107597e-01
13.040000,DS,DS_interstep,1,,,,-3.783162e-01,6.133614e-01,-1.624856e+00,-5.987746e-03,5.757713e-01,-9.357594e-01,6.133096e-01,-6.818107e-01,1.746446e+00,1.972584e+00,0,0.006978,0.244980,-0.329062,4.102995e-01
13.050000,DS,DS_interstep,1,,,,-1.772373e+00,2.690459e-01,-2.949605e+00,3.485931e-03,5.742055e-01,-9.206415e-01,1.894734e+00,-3.074092e-01,3.014290e+00,3.573578e+00,0,0.007193,0.244731,-0.328664,4.098354e-01
13.060000,DS,DS_interstep,1,,,,-2.360832e+00,9.775297e-02,-3.220270e+00,1.552966e-02,5.736048e-01,-9.043324e-01,2.408836e+00,-1.143949e-01,3.252695e+00,4.049148e+00,0,0.007409,0.244484,-0.328266,4.093726e-01
13.070000,DS,DS_interstep,1,,,,-2.400268e+00,2.206473e-01,-3.302938e+00,2.755170e-02,5.724469e-01,-8.876951e-01,2.404609e+00,-2.258425e-01,3.318485e+00,4.104326e+00,0,0.007618,0.244239,-0.327873,4.089149e-01
13.080000,DS,DS_interstep,1,,,,-2.137127e+00,3.059577e-01,-3.062440e+00,3.814007e-02,5.708869e-01,-8.722864e-01,2.117983e+00,-3.062732e-01,3.072937e+00,3.744676e+00,0,0.007818,0.243999,-0.327484,4.084635e-01
13.090000,DS,DS_interstep,1,,,,-1.746062e+00,3.883510e-01,-2.763001e+00,4.671933e-02,5.689155e-01,-8.583710e-01,1.716258e+00,-3.885721e-01,2.774433e+00,3.285424e+00,0,0.008007,0.243762,-0.327098,4.080161e-01
13.100000,DS,DS_interstep,1,,,,-1.331639e+00,4.048942e-01,-2.383397e+00,5.321101e-02,5.668505e-01,-8.463337e-01,1.298817e+00,-4.073282e-01,2.398922e+00,2.758200e+00,0,0.008185,0.243527,-0.326714,4.075714e-01
13.110000,DS,DS_interstep,1,,,,-9.915887e-01,3.415138e-01,-2.010435e+00,5.803136e-02,5.650849e-01,-8.361311e-01,9.646131e-01,-3.474550e-01,2.032118e+00,2.276117e+00,0,0.008355,0.243295,-0.326331,4.071292e-01
13.120000,DS,DS_interstep,1,,,,-7.420268e-01,2.463623e-01,-1.690141e+00,6.164515e-02,5.637784e-01,-8.275029e-01,7.233451e-01,-2.556467e-01,1.717309e+00,1.880886e+00,0,0.008517,0.243064,-0.325948,4.066875e-01
13.130000,DS,DS_interstep,1,,,,-5.041692e-01,2.050255e-01,-1.395647e+00,6.407653e-02,5.626699e-01,-8.203387e-01,4.868910e-01,-2.160710e-01,1.424606e+00,1.520938e+00,0,0.008672,0.242834,-0.325564,4.062456e-01
13.140000,DS,DS_interstep,1,,,,-2.659085e-01,1.848016e-01,-1.077767e+00,6.530156e-02,5.616595e-01,-8.147678e-01,2.456393e-01,-1.964589e-01,1.106003e+00,1.149860e+00,0,0.008819,0.242605,-0.325181,4.058049e-01
13.150000,DS,DS_interstep,1,,,,-3.372351e-02,1.566201e-01,-7.226033e-01,6.535279e-02,5.607885e-01,-8.109795e-01,1.088572e-02,-1.685916e-01,7.495233e-01,7.683273e-01,0,0.008958,0.242377,-0.324798,4.053648e-01
13.160000,DS,DS_interstep,1,,,,1.594827e-01,1.132271e-01,-3.852008e-01,6.444066e-02,5.601320e-01,-8.088831e-01,-1.817896e-01,-1.256806e-01,4.111844e-01,4.668144e-01,0,0.009089,0.242149,-0.324415,4.049245e-01
13.170000,DS,DS_interstep,1,,,,3.009391e-01,5.808076e-02,-9.386734e-02,6.283467e-02,5.597489e-01,-8.082467e-01,-3.205723e-01,-7.101488e-02,1.191946e-01,3.493094e-01,0,0.009214,0.241922,-0.324033,4.044855e-01
13.180000,DS,DS_interstep,1,,,,3.930785e-01,4.126945e-04,1.402765e-01,6.078602e-02,5.596525e-01,-8.087839e-01,-4.091203e-01,-1.369604e-02,-1.155263e-01,4.253391e-01,0,0.009334,0.241695,-0.323652,4.040473e-01
13.190000,DS,DS_interstep,1,,,,4.428062e-01,-5.279842e-02,3.147719e-01,5.850822e-02,5.598209e-01,-8.101960e-01,-4.549715e-01,3.929171e-02,-2.905041e-01,5.412352e-01,0,0.009448,0.241469,-0.323271,4.036096e-01
13.200000,DS,DS_interstep,1,,,,4.578300e-01,-9.716849e-02,4.310998e-01,5.617459e-02,5.602105e-01,-8.121911e-01,-4.661588e-01,8.351139e-02,-4.071496e-01,6.245390e-01,0,0.009559,0.241243,-0.322891,4.031726e-01
13.210000,DS,DS_interstep,1,,,,4.472537e-01,-1.296510e-01,4.943765e-01,5.391133e-02,5.607619e-01,-8.145034e-01,-4.521052e-01,1.158951e-01,-4.705948e-01,6.627897e-01,0,0.009667,0.241018,-0.322513,4.027378e-01
13.220000,DS,DS_interstep,1,,,,4.228142e-01,-1.527017e-01,5.249639e-01,5.178413e-02,5.614287e-01,-8.169695e-01,-4.249171e-01,1.389563e-01,-5.013626e-01,6.717350e-01,0,0.009773,0.240793,-0.322135,4.023030e-01
13.230000,DS,DS_interstep,1,,,,3.948177e-01,-1.672021e-01,5.391616e-01,4.980645e-02,5.621685e-01,-8.195080e-01,-3.950306e-01,1.535882e-01,-5.158855e-01,6.676649e-01,0,0.009876,0.240568,-0.321758,4.018690e-01
13.240000,DS,DS_interstep,1,,,,3.707138e-01,-1.746537e-01,5.487433e-01,4.795454e-02,5.629468e-01,-8.220968e-01,-3.698970e-01,1.612892e-01,-5.259822e-01,6.629444e-01,0,0.009978,0.240344,-0.321382,4.014364e-01
13.250000,DS,DS_interstep,1,,,,3.541964e-01,-1.770795e-01,5.600558e-01,4.618708e-02,5.637389e-01,-8.247454e-01,-3.530243e-01,1.640455e-01,-5.379592e-01,6.640310e-01,0,0.010078,0.240121,-0.321007,4.010052e-01
13.260000,DS,DS_interstep,1,,,,3.461099e-01,-1.761370e-01,5.754660e-01,4.445970e-02,5.645280e-01,-8.274747e-01,-3.450242e-01,1.634631e-01,-5.541169e-01,6.729097e-01,0,0.010176,0.239898,-0.320634,4.005755e-01
13.270000,DS,DS_interstep,1,,,,3.461031e-01,-1.727949e-01,5.954039e-01,4.273054e-02,5.653021e-01,-8.303074e-01,-3.454004e-01,1.604738e-01,-5.748370e-01,6.895584e-01,0,0.010272,0.239676,-0.320262,4.001473e-01
13.280000,DS,DS_interstep,1,,,,3.530141e-01,-1.674034e-01,6.186763e-01,4.096408e-02,5.660508e-01,-8.332602e-01,-3.528763e-01,1.553936e-01,-5.988737e-01,7.122630e-01,0,0.010367,0.239454,-0.319892,3.997206e-01
13.290000,DS,DS_interstep,1,,,,3.649476e-01,-1.601010e-01,6.429810e-01,3.913487e-02,5.667641e-01,-8.363377e-01,-3.654466e-01,1.483267e-01,-6.238592e-01,7.380734e-01,0,0.010459,0.239234,-0.319524,3.992967e-01
13.300000,DS,DS_interstep,1,,,,3.793722e-01,-1.509842e-01,6.651925e-01,3.723062e-02,5.674324e-01,-8.395288e-01,-3.804711e-01,1.393371e-01,-6.465967e-01,7.630599e-01,0,0.010549,0.239014,-0.319158,3.988744e-01
13.310000,DS,DS_interstep,1,,,,3.934380e-01,-1.403070e-01,6.821090e-01,3.525379e-02,5.680473e-01,-8.428058e-01,-3.950076e-01,1.286565e-01,-6.638229e-01,7.830992e-01,0,0.010637,0.238795,-0.318793,3.984535e-01
13.320000,DS,DS_interstep,1,,,,4.045287e-01,-1.284779e-01,6.912477e-01,3.322016e-02,5.686023e-01,-8.461287e-01,-4.063878e-01,1.166911e-01,-6.730273e-01,7.948167e-01,0,0.010723,0.238576,-0.318430,3.980341e-01
13.330000,DS,DS_interstep,1,,,,4.108670e-01,-1.159854e-01,6.915785e-01,3.115438e-02,5.690936e-01,-8.494523e-01,-4.128377e-01,1.039507e-01,-6.731981e-01,7.965152e-01,0,0.010807,0.238359,-0.318069,3.976175e-01
13.340000,DS,DS_interstep,1,,,,4.118645e-01,-1.032577e-01,6.837256e-01,2.908379e-02,5.695197e-01,-8.527349e-01,-4.138199e-01,9.090250e-02,-6.650193e-01,7.885181e-01,0,0.010889,0.238141,-0.317710,3.972019e-01
13.350000,DS,DS_interstep,1,,,,4.080312e-01,-9.058909e-02,6.695919e-01,2.703283e-02,5.698806e-01,-8.559445e-01,-4.099152e-01,7.788477e-02,-6.504719e-01,7.727938e-01,0,0.010968,0.237924,-0.317351,3.967868e-01
13.360000,DS,DS_interstep,1,,,,4.005340e-01,-7.815809e-02,6.516267e-01,2.501980e-02,5.701777e-01,-8.590620e-01,-4.023494e-01,6.511158e-02,-6.320760e-01,7.520935e-01,0,0.011046,0.237708,-0.316995,3.963747e-01
13.370000,DS,DS_interstep,1,,,,3.907197e-01,-6.610650e-02,6.322252e-01,2.305610e-02,5.704129e-01,-8.620803e-01,-3.925029e-01,5.274706e-02,-6.122761e-01,7.291933e-01,0,0.011121,0.237492,-0.316639,3.959626e-01
13.380000,DS,DS_interstep,1,,,,3.797506e-01,-5.456998e-02,6.132707e-01,2.114729e-02,5.705890e-01,-8.650020e-01,-3.815445e-01,4.093607e-02,-5.929818e-01,7.063139e-01,0,0.011195,0.237276,-0.316285,3.955521e-01
13.390000,DS,DS_interstep,1,,,,3.684475e-01,-4.370831e-02,5.960308e-01,1.929487e-02,5.707097e-01,-8.678361e-01,-3.702842e-01,2.983885e-02,-5.754683e-01,6.849558e-01,0,0.011267,0.237060,-0.315932,3.951423e-01
13.400000,DS,DS_interstep,1,,,,3.572803e-01,-3.368082e-02,5.811796e-01,1.749810e-02,5.707792e-01,-8.705946e-01,-3.591722e-01,1.961069e-02,-5.604068e-01,6.659167e-01,0,0.011337,0.236844,-0.315579,3.947325e-01
13.410000,DS,DS_interstep,1,,,,3.464342e-01,-2.463138e-02,5.689289e-01,1.575542e-02,5.708026e-01,-8.732910e-01,-3.483734e-01,1.039009e-02,-5.480007e-01,6.494434e-01,0,0.011405,0.236628,-0.315228,3.943242e-01
13.420000,DS,DS_interstep,1,,,,3.359007e-01,-1.666875e-02,5.591602e-01,1.406538e-02,5.707855e-01,-8.759379e-01,-3.378617e-01,2.280915e-03,-5.381220e-01,6.353983e-01,0,0.011471,0.236413,-0.314878,3.939173e-01
13.430000,DS,DS_interstep,1,,,,3.255629e-01,-9.860663e-03,5.515524e-01,1.242720e-02,5.707337e-01,-8.785462e-01,-3.275077e-01,-4.652868e-03,-5.304406e-01,6.234181e-01,0,0.011536,0.236197,-0.314528,3.935098e-01
13.440000,DS,DS_interstep,1,,,,3.152652e-01,-4.230939e-03,5.456793e-01,1.084089e-02,5.706532e-01,-8.811248e-01,-3.171490e-01,-1.038990e-02,-5.245228e-01,6.130380e-01,0,0.011599,0.235982,-0.314179,3.931037e-01
13.450000,DS,DS_interstep,1,,,,3.048639e-01,2.369556e-04,5.410856e-01,9.307196e-03,5.705499e-01,-8.836802e-01,-3.066400e-01,-1.494811e-02,-5.199074e-01,6.037841e-01,0,0.011660,0.235766,-0.313832,3.926985e-01
13.460000,DS,DS_interstep,1,,,,2.942586e-01,3.595087e-03,5.373369e-01,7.827367e-03,5.704295e-01,-8.862168e-01,-2.958829e-01,-1.838026e-02,-5.161555e-01,5.952319e-01,0,0.011720,0.235550,-0.313485,3.922933e-01
13.470000,DS,DS_interstep,1,,,,2.834066e-01,5.923781e-03,5.340517e-01,6.402818e-03,5.702972e-01,-8.887368e-01,-2.848412e-01,-2.076703e-02,-5.128825e-01,5.870385e-01,0,0.011778,0.235335,-0.313138,3.918886e-01
13.480000,DS,DS_interstep,1,,,,2.723239e-01,7.324019e-03,5.309157e-01,5.034849e-03,5.701576e-01,-8.912412e-01,-2.735390e-01,-2.220975e-02,-5.097718e-01,5.789509e-01,0,0.011835,0.235119,-0.312793,3.914850e-01
13.490000,DS,DS_interstep,1,,,,2.610760e-01,7.909314e-03,5.276853e-01,3.724386e-03,5.700150e-01,-8.937294e-01,-2.620510e-01,-2.282247e-02,-5.065774e-01,5.707997e-01,0,0.011890,0.234903,-0.312449,3.910820e-01
13.500000,DS,DS_interstep,1,,,,2.497627e-01,7.798334e-03,5.241809e-01,2.471810e-03,5.698729e-01,-8.962002e-01,-2.504863e-01,-2.272474e-02,-5.031183e-01,5.624836e-01,0,0.011944,0.234688,-0.312105,3.906797e-01
13.510000,DS,DS_interstep,1,,,,2.385016e-01,7.108536e-03,5.202776e-01,1.276873e-03,5.697342e-01,-8.986517e-01,-2.389706e-01,-2.203527e-02,-4.992673e-01,5.539498e-01,0,0.011997,0.234472,-0.311762,3.902776e-01
13.520000,SS,SS,2,9.156116e-01,-1.409513e+00,4.893789e+00,,,,-1.762398e-02,5.767585e-01,-9.656047e-01,-6.989715e-01,7.791967e-01,-2.429437e+00,2.645349e+00,0,0.012408,0.232344,-0.308496,3.864033e-01
13.620000,SS,SS,2,1.023394e+00,-1.457975e+00,4.998462e+00,,,,-5.580939e-02,6.208541e-01,-1.096547e+00,-9.601856e-01,1.335986e+00,-3.680338e+00,4.031340e+00,0,0.012413,0.230402,-0.305708,3.830099e-01
13.720000,SS,SS,2,1.005436e+00,-1.322402e+00,4.999983e+00,,,,-1.047347e-01,6.875230e-01,-1.282167e+00,-1.149729e+00,1.778459e+00,-4.722087e+00,5.175220e+00,0,0.011881,0.228746,-0.303603,3.803165e-01
13.820000,SS,SS,2,9.294853e-01,-1.168673e+00,4.999990e+00,,,,-1.611488e-01,7.742359e-01,-1.502090e+00,-1.199546e+00,2.124098e+00,-5.000000e+00,5.563336e+00,1,0.010728,0.227459,-0.302346,3.785047e-01
13.920000,SS,SS,2,7.861726e-01,-9.863488e-01,4.999992e+00,,,,-2.125486e-01,8.711683e-01,-1.724435e+00,-9.894184e-01,2.255567e+00,-5.000000e+00,5.573736e+00,1,0.008973,0.226592,-0.301990,3.776538e-01
14.020000,SS,SS,2,6.256104e-01,-8.366249e-01,4.999994e+00,,,,-2.574029e-01,9.759817e-01,-1.948664e+00,-8.543043e-01,2.415008e+00,-5.000000e+00,5.618016e+00,1,0.006716,0.226169,-0.302522,3.777791e-01
14.120000,SS,SS,2,4.554894e-01,-7.324761e-01,4.999995e+00,,,,-2.980285e-01,1.088628e+00,-2.174749e+00,-7.470984e-01,2.541455e+00,-5.000000e+00,5.658370e+00,1,0.004025,0.226217,-0.303934,3.789013e-01
14.220000,SS,SS,2,2.581943e-01,-6.633629e-01,4.999995e+00,,,,-3.349796e-01,1.207333e+00,-2.402680e+00,-6.578134e-01,2.629375e+00,-5.000000e+00,5.687384e+00,1,0.000959,0.226752,-0.306222,3.810371e-01
14.320000,SS,SS,2,3.900818e-02,-6.253908e-01,4.999996e+00,,,,-3.695452e-01,1.330717e+00,-2.632442e+00,-6.056295e-01,2.687589e+00,-5.000000e+00,5.708758e+00,1,-0.002436,0.227786,-0.309378,3.841968e-01
14.420000,SS,SS,2,-2.028394e-01,-6.042172e-01,4.999995e+00,,,,-4.034435e-01,1.457377e+00,-2.864019e+00,-5.936531e-01,2.712235e+00,-5.000000e+00,5.719147e+00,1,-0.006131,0.229322,-0.313397,3.883862e-01
14.520000,SS,SS,2,-4.632901e-01,-5.693425e-01,4.999995e+00,,,,-4.385476e-01,1.585512e+00,-3.097397e+00,-6.313213e-01,2.686397e+00,-5.000000e+00,5.710980e+00,1,-0.010114,0.231357,-0.318273,3.936065e-01
14.620000,SS,SS,2,-7.411820e-01,-4.961536e-01,4.999993e+00,,,,-4.809412e-01,1.712677e+00,-3.332558e+00,-8.603009e-01,2.621951e+00,-5.000000e+00,5.710932e+00,1,-0.014413,0.233877,-0.323994,3.998478e-01
14.720000,SS,SS,2,-1.048697e+00,-2.900846e-01,4.999986e+00,,,,-5.352875e-01,1.836198e+00,-3.569479e+00,-1.095228e+00,2.465868e+00,-5.000000e+00,5.681552e+00,1,-0.019118,0.236861,-0.330559,4.071092e-01
14.820000,SS,SS,2,-1.413101e+00,7.571103e-02,4.903234e+00,,,,-5.931032e-01,1.947970e+00,-3.783780e+00,-8.914389e-01,2.008830e+00,-3.669622e+00,4.277404e+00,0,-0.024287,0.240263,-0.337905,4.153263e-01
14.920000,SS,SS,2,-1.850067e+00,6.355145e-01,4.344902e+00,,,,-6.308595e-01,2.031513e+00,-3.925923e+00,-4.052252e-01,1.364583e+00,-2.022810e+00,2.473470e+00,0,-0.029743,0.243977,-0.345751,4.242089e-01
15.020000,SS,SS,2,-2.173064e+00,1.182284e+00,3.716872e+00,,,,-6.513146e-01,2.087508e+00,-3.997607e+00,-6.670203e-02,7.641318e-01,-5.621148e-01,9.509572e-01,0,-0.035249,0.247881,-0.353818,4.334451e-01
15.120000,SS,SS,2,-2.400133e+00,1.742434e+00,3.012923e+00,,,,-6.582958e-01,2.115530e+00,-4.003962e+00,3.540859e-01,1.578958e-01,1.026500e+00,1.097274e+00,0,-0.040636,0.251855,-0.361857,4.427445e-01
15.220000,SS,SS,2,-2.529797e+00,2.245988e+00,2.404412e+00,,,,-6.476119e-01,2.110868e+00,-3.946553e+00,5.000212e-01,-5.408584e-01,2.029564e+00,2.159092e+00,0,-0.045700,0.255773,-0.369619,4.518036e-01
15.320000,SS,SS,2,-2.565824e+00,2.674823e+00,1.599597e+00,,,,-6.288320e-01,2.076230e+00,-3.835894e+00,7.379090e-01,-1.197413e+00,3.206074e+00,3.501031e+00,0,-0.050346,0.259508,-0.376914,4.603730e-01
15.420000,SS,SS,2,-2.546044e+00,2.993803e+00,8.675400e-01,,,,-5.994652e-01,2.010713e+00,-3.674922e+00,9.074419e-01,-1.831705e+00,4.153223e+00,4.629023e+00,0,-0.054461,0.262940,-0.383553,4.682055e-01
15.520000,SS,SS,2,-2.468303e+00,3.224919e+00,4.442020e-03,,,,-5.633863e-01,1.916279e+00,-3.472790e+00,1.003294e+00,-2.408496e+00,4.910219e+00,5.560369e+00,0,-0.057969,0.265953,-0.389383,4.750900e-01
15.620000,SS,SS,2,-2.318140e+00,3.303314e+00,-7.708480e-01,,,,-5.265695e-01,1.798115e+00,-3.258238e+00,9.002486e-01,-2.826266e+00,5.000000e+00,5.813624e+00,1,-0.060846,0.268450,-0.394303,4.808768e-01
15.720000,SS,SS,2,-2.114402e+00,3.247409e+00,-1.532899e+00,,,,-4.957505e-01,1.662628e+00,-3.042400e+00,7.458443e-01,-3.144187e+00,4.956450e+00,5.916806e+00,0,-0.063153,0.270364,-0.398304,4.855214e-01
15.820000,SS,SS,2,-1.903600e+00,3.070142e+00,-2.225346e+00,,,,-4.686181e-01,1.513794e+00,-2.824627e+00,6.509872e-01,-3.366541e+00,4.961912e+00,6.031414e+00,0,-0.064960,0.271644,-0.401399,4.890107e-01
15.920000,SS,SS,2,-1.684086e+00,2.786500e+00,-2.835736e+00,,,,-4.458773e-01,1.357521e+00,-2.605862e+00,5.365568e-01,-3.427118e+00,4.916796e+00,6.017301e+00,0,-0.066321,0.272263,-0.403591,4.913363e-01
16.020000,SS,SS,2,-1.469971e+00,2.443377e+00,-3.265612e+00,,,,-4.241147e-01,1.201914e+00,-2.385705e+00,5.514203e-01,-3.299606e+00,4.909939e+00,5.941293e+00,0,-0.067279,0.272228,-0.404889,4.925136e-01
16.120000,SS,SS,2,-1.260747e+00,2.055121e+00,-3.486101e+00,,,,-3.974426e-01,1.056778e+00,-2.163193e+00,6.879377e-01,-2.942448e+00,4.930485e+00,5.782814e+00,0,-0.067824,0.271582,-0.405301,4.925706e-01
16.220000,SS,SS,2,-1.042923e+00,1.640778e+00,-3.477339e+00,,,,-3.605705e-01,9.331401e-01,-1.938377e+00,9.343010e-01,-2.339994e+00,4.875261e+00,5.487865e+00,0,-0.067895,0.270416,-0.404837,4.915562e-01
16.320000,SS,SS,2,-8.071931e-01,1.223508e+00,-3.216247e+00,,,,-3.196684e-01,8.478484e-01,-1.756407e+00,7.486491e-01,-1.261584e+00,3.176762e+00,3.499127e+00,0,-0.067444,0.268873,-0.403602,4.896284e-01
16.420000,SS,SS,2,-5.845694e-01,8.590153e-01,-2.947663e+00,,,,-2.872489e-01,8.001706e-01,-1.614867e+00,6.717157e-01,-8.075895e-01,2.797829e+00,2.988520e+00,0,-0.066594,0.267140,-0.401823,4.870937e-01
16.520000,SS,SS,2,-4.431702e-01,6.745488e-01,-2.427752e+00,,,,-2.549772e-01,7.623647e-01,-1.490922e+00,6.324644e-01,-6.555141e-01,2.432896e+00,2.597825e+00,0,-0.065396,0.265291,-0.399584,4.840695e-01
16.620000,SS,SS,2,-3.488749e-01,5.108013e-01,-2.085633e+00,,,,-2.261359e-01,7.301786e-01,-1.382152e+00,5.258352e-01,-5.498541e-01,2.097138e+00,2.230881e+00,0,-0.063894,0.263352,-0.396948,4.806292e-01
16.720000,SS,SS,2,-2.779686e-01,3.714416e-01,-1.768590e+00,,,,-2.011026e-01,7.014402e-01,-1.287185e+00,4.385242e-01,-4.875661e-01,1.797878e+00,1.913737e+00,0,-0.062149,0.261342,-0.393975,4.768422e-01
16.820000,SS,SS,2,-2.210419e-01,2.480034e-01,-1.466285e+00,,,,-1.793085e-01,6.752101e-01,-1.204760e+00,3.596103e-01,-4.341441e-01,1.520895e+00,1.622012e+00,0,-0.060213,0.259272,-0.390720,4.727681e-01
16.920000,SS,SS,2,-1.727409e-01,1.353949e-01,-1.192149e+00,,,,-1.606345e-01,6.512908e-01,-1.134085e+00,2.857254e-01,-3.841670e-01,1.261806e+00,1.349584e+00,0,-0.058132,0.257149,-0.387231,4.684579e-01
17.020000,SS,SS,2,-1.316376e-01,3.330230e-02,-9.426835e-01,,,,-1.449341e-01,6.296415e-01,-1.074376e+00,2.175631e-01,-3.348422e-01,1.022763e+00,1.097951e+00,0,-0.055951,0.254984,-0.383555,4.639631e-01
17.130000,DS,DS_interstep,2,,,,6.480741e-01,3.929370e-01,9.614955e-01,-1.480761e-01,6.275813e-01,-1.079009e+00,-6.296959e-01,-4.055667e-01,-9.373162e-01,1.199818e+00,0,-0.055666,0.254843,-0.383132,4.635017e-01
17.140000,DS,DS_interstep,2,,,,1.100067e+00,3.756880e+00,-5.000000e+00,-1.511011e-01,6.106225e-01,-1.053957e+00,-6.064253e-01,-3.385570e+00,5.000000e+00,6.068759e+00,1,-0.055312,0.254737,-0.382616,4.629745e-01
17.150000,DS,DS_interstep,2,,,,-2.435162e-01,2.248645e+00,-5.000000e+00,-1.489009e-01,5.992633e-01,-1.028905e+00,4.385564e-01,-2.265838e+00,5.000000e+00,5.506937e+00,1,-0.054939,0.254612,-0.382051,4.623943e-01
17.160000,DS,DS_interstep,2,,,,-1.578605e+00,7.785265e-01,-5.000000e+00,-1.407446e-01,5.946128e-01,-1.003854e+00,1.629796e+00,-9.241999e-01,5.000000e+00,5.339511e+00,1,-0.054570,0.254452,-0.381469,4.617817e-01
17.170000,DS,DS_interstep,2,,,,-2.291206e+00,-1.832903e-01,-5.000000e+00,-1.293429e-01,5.947164e-01,-9.788045e-01,2.278969e+00,2.662063e-02,5.000000e+00,5.494944e+00,1,-0.054214,0.254262,-0.380888,4.611551e-01
17.180000,DS,DS_interstep,2,,,,-2.481827e+00,-6.950533e-01,-5.000000e+00,-1.170881e-01,5.975303e-01,-9.537561e-01,2.449705e+00,5.687135e-01,5.000000e+00,5.596829e+00,1,-0.053872,0.254050,-0.380320,4.605289e-01
17.190000,DS,DS_interstep,2,,,,-2.377486e+00,-8.989647e-01,-5.000000e+00,-1.053475e-01,6.015577e-01,-9.288170e-01,2.346987e+00,8.114618e-01,4.978380e+00,5.563370e+00,0,-0.053542,0.253826,-0.379768,4.599110e-01
17.200000,DS,DS_interstep,2,,,,-2.168316e+00,-9.207816e-01,-5.000000e+00,-9.459608e-02,6.058669e-01,-9.039307e-01,2.149263e+00,8.678722e-01,4.968069e+00,5.482175e+00,0,-0.053220,0.253597,-0.379232,4.593046e-01
17.210000,DS,DS_interstep,2,,,,-1.954468e+00,-8.385341e-01,-5.000000e+00,-8.484203e-02,6.098981e-01,-8.790482e-01,1.949906e+00,8.123250e-01,4.967549e+00,5.398013e+00,0,-0.052905,0.253367,-0.378712,4.587118e-01
17.220000,DS,DS_interstep,2,,,,-1.776002e+00,-7.196004e-01,-5.000000e+00,-7.591479e-02,6.134282e-01,-8.541460e-01,1.784641e+00,7.121538e-01,4.971760e+00,5.330150e+00,0,-0.052592,0.253141,-0.378206,4.581332e-01
17.230000,DS,DS_interstep,2,,,,-1.669353e+00,-6.601202e-01,-4.965595e+00,-6.746791e-02,6.167225e-01,-8.293861e-01,1.688659e+00,6.650209e-01,4.943531e+00,5.266149e+00,0,-0.052280,0.252920,-0.377714,4.575692e-01
17.240000,DS,DS_interstep,2,,,,-8.285254e-01,-6.118403e-01,-2.091420e+00,-6.318457e-02,6.198231e-01,-8.189842e-01,8.560186e-01,6.262947e-01,2.072112e+00,2.327802e+00,0,-0.051967,0.252705,-0.377232,4.570168e-01
17.250000,DS,DS_interstep,2,,,,-4.935241e-01,-4.880459e-01,-5.527239e-01,-6.055477e-02,6.222519e-01,-8.162078e-01,5.253429e-01,4.919849e-01,5.471014e-01,9.040765e-01,0,-0.051653,0.252494,-0.376759,4.564741e-01
17.260000,DS,DS_interstep,2,,,,-3.043602e-01,-4.543846e-01,5.559177e-01,-5.887159e-02,6.244985e-01,-8.189588e-01,3.360404e-01,4.555596e-01,-5.584016e-01,7.951541e-01,0,-0.051338,0.252286,-0.376295,4.559405e-01
17.270000,DS,DS_interstep,2,,,,-1.485618e-01,-4.364941e-01,1.420728e+00,-5.797471e-02,6.266489e-01,-8.260330e-01,1.787920e-01,4.363343e-01,-1.423078e+00,1.499168e+00,0,-0.051022,0.252081,-0.375839,4.554152e-01
17.280000,DS,DS_interstep,2,,,,-1.971947e-02,-4.223611e-01,2.040845e+00,-5.773480e-02,6.287190e-01,-8.362022e-01,4.740184e-02,4.203125e-01,-2.042161e+00,2.085505e+00,0,-0.050706,0.251878,-0.375390,4.548970e-01
17.290000,DS,DS_interstep,2,,,,8.070111e-02,-4.070433e-01,2.425980e+00,-5.801053e-02,6.307023e-01,-8.482870e-01,-5.572623e-02,4.029555e-01,-2.425379e+00,2.459256e+00,0,-0.050391,0.251677,-0.374948,4.543859e-01
17.300000,DS,DS_interstep,2,,,,1.421476e-01,-3.933152e-01,2.593730e+00,-5.860392e-02,6.326076e-01,-8.611978e-01,-1.192623e-01,3.873767e-01,-2.590725e+00,2.622240e+00,0,-0.050078,0.251477,-0.374512,4.538807e-01
17.310000,DS,DS_interstep,2,,,,1.801957e-01,-3.879308e-01,2.618092e+00,-5.939664e-02,6.344796e-01,-8.742192e-01,-1.591368e-01,3.807281e-01,-2.612959e+00,2.645342e+00,0,-0.049765,0.251279,-0.374082,4.533818e-01
17.320000,DS,DS_interstep,2,,,,2.341037e-01,-3.922088e-01,2.620272e+00,-6.047017e-02,6.363680e-01,-8.872410e-01,-2.153101e-01,3.840415e-01,-2.613190e+00,2.650020e+00,0,-0.049454,0.251082,-0.373658,4.528887e-01
17.330000,DS,DS_interstep,2,,,,2.876928e-01,-3.775271e-01,2.580429e+00,-6.182126e-02,6.381783e-01,-9.000559e-01,-2.708333e-01,3.684353e-01,-2.571911e+00,2.612245e+00,0,-0.049146,0.250885,-0.373238,4.523994e-01
17.340000,DS,DS_interstep,2,,,,3.403286e-01,-3.503387e-01,2.524051e+00,-6.344372e-02,6.398506e-01,-9.125852e-01,-3.251224e-01,3.408515e-01,-2.514945e+00,2.558678e+00,0,-0.048841,0.250689,-0.372823,4.519153e-01
17.350000,DS,DS_interstep,2,,,,3.920678e-01,-3.162883e-01,2.467105e+00,-6.533195e-02,6.413526e-01,-9.248296e-01,-3.782952e-01,3.068104e-01,-2.458060e+00,2.505853e+00,0,-0.048538,0.250494,-0.372412,4.514354e-01
17.360000,DS,DS_interstep,2,,,,4.424893e-01,-2.786366e-01,2.415794e+00,-6.747838e-02,6.426678e-01,-9.368195e-01,-4.299561e-01,2.694650e-01,-2.407307e+00,2.460203e+00,0,-0.048238,0.250300,-0.372007,4.509614e-01
17.370000,DS,DS_interstep,2,,,,4.982163e-01,-2.365700e-01,2.369635e+00,-6.991012e-02,6.437742e-01,-9.485804e-01,-4.870411e-01,2.277080e-01,-2.361607e+00,2.422034e+00,0,-0.047941,0.250107,-0.371606,4.504918e-01
17.380000,DS,DS_interstep,2,,,,5.540276e-01,-1.980492e-01,2.302584e+00,-7.262945e-02,6.446872e-01,-9.600028e-01,-5.445856e-01,1.890445e-01,-2.294036e+00,2.365357e+00,0,-0.047649,0.249914,-0.371209,4.500262e-01
17.390000,DS,DS_interstep,2,,,,6.050839e-01,-1.616855e-01,2.210104e+00,-7.561191e-02,6.454172e-01,-9.709585e-01,-5.972390e-01,1.524613e-01,-2.200795e+00,2.285484e+00,0,-0.047360,0.249722,-0.370817,4.495657e-01
17.400000,DS,DS_interstep,2,,,,6.481622e-01,-1.277462e-01,2.094242e+00,-7.881640e-02,6.459763e-01,-9.813296e-01,-6.416774e-01,1.182707e-01,-2.084001e+00,2.183758e+00,0,-0.047075,0.249531,-0.370428,4.491088e-01
17.410000,DS,DS_interstep,2,,,,6.814523e-01,-9.654098e-02,1.961227e+00,-8.219243e-02,6.463780e-01,-9.910301e-01,-6.760189e-01,8.680875e-02,-1.949970e+00,2.065653e+00,0,-0.046795,0.249340,-0.370043,4.486558e-01
17.420000,DS,DS_interstep,2,,,,7.052863e-01,-6.753888e-02,1.819334e+00,-8.569129e-02,6.466335e-01,-1.000016e+00,-7.006185e-01,5.756409e-02,-1.807069e+00,1.938989e+00,0,-0.046519,0.249150,-0.369661,4.482064e-01
17.430000,DS,DS_interstep,2,,,,7.207477e-01,-4.011789e-02,1.676288e+00,-8.926985e-02,6.467508e-01,-1.008281e+00,-7.165942e-01,2.991621e-02,-1.663075e+00,1.811138e+00,0,-0.046247,0.248960,-0.369282,4.477600e-01
17.440000,DS,DS_interstep,2,,,,7.290697e-01,-1.379705e-02,1.538310e+00,-9.289135e-02,6.467353e-01,-1.015851e+00,-7.252186e-01,3.380338e-03,-1.524243e+00,1.687978e+00,0,-0.045979,0.248771,-0.368906,4.473172e-01
17.450000,DS,DS_interstep,2,,,,7.315020e-01,1.176898e-02,1.410031e+00,-9.652550e-02,6.465910e-01,-1.022777e+00,-7.277843e-01,-2.239166e-02,-1.395224e+00,1.573792e+00,0,-0.045716,0.248582,-0.368532,4.468767e-01
17.460000,DS,DS_interstep,2,,,,7.292961e-01,3.683180e-02,1.294693e+00,-1.001485e-01,6.463205e-01,-1.029122e+00,-7.255861e-01,-4.765196e-02,-1.279281e+00,1.471498e+00,0,-0.045457,0.248393,-0.368161,4.464392e-01
17.470000,DS,DS_interstep,2,,,,7.235509e-01,6.158370e-02,1.194023e+00,-1.037421e-01,6.459252e-01,-1.034961e+00,-7.197594e-01,-7.259817e-02,-1.178134e+00,1.382506e+00,0,-0.045202,0.248204,-0.367792,4.460038e-01
17.480000,DS,DS_interstep,2,,,,7.151676e-01,8.608907e-02,1.108455e+00,-1.072930e-01,6.454064e-01,-1.040370e+00,-7.112352e-01,-9.730078e-02,-1.092211e+00,1.307000e+00,0,-0.044951,0.248016,-0.367425,4.455712e-01
17.490000,DS,DS_interstep,2,,,,7.048400e-01,1.102806e-01,1.037409e+00,-1.107912e-01,6.447656e-01,-1.045422e+00,-7.007316e-01,-1.216983e-01,-1.020909e+00,1.244223e+00,0,-0.044703,0.247828,-0.367060,4.451406e-01
17.500000,DS,DS_interstep,2,,,,6.931034e-01,1.340077e-01,9.795322e-01,-1.142295e-01,6.440052e-01,-1.050184e+00,-6.888036e-01,-1.456447e-01,-9.628568e-01,1.192793e+00,0,-0.044459,0.247639,-0.366697,4.447116e-01
17.510000,DS,DS_interstep,2,,,,6.804462e-01,1.571152e-01,9.329490e-01,-1.176035e-01,6.431281e-01,-1.054712e+00,-6.759608e-01,-1.689873e-01,-9.161562e-01,1.151009e+00,0,-0.044219,0.247451,-0.366336,4.442852e-01
17.520000,DS,DS_interstep,2,,,,6.671101e-01,1.793455e-01,8.954368e-01,-1.209098e-01,6.421386e-01,-1.059052e+00,-6.624504e-01,-1.914714e-01,-8.785585e-01,1.116856e+00,0,-0.043982,0.247263,-0.365977,4.438610e-01
17.530000,DS,DS_interstep,2,,,,6.531796e-01,2.004402e-01,8.646979e-01,-1.241454e-01,6.410423e-01,-1.063238e+00,-6.483571e-01,-2.128389e-01,-8.477442e-01,1.088273e+00,0,-0.043749,0.247075,-0.365619,4.434380e-01
17.540000,DS,DS_interstep,2,,,,6.386852e-01,2.201980e-01,8.385719e-01,-1.273077e-01,6.398459e-01,-1.067292e+00,-6.337108e-01,-2.328853e-01,-8.215373e-01,1.063367e+00,0,-0.043519,0.246886,-0.365263,4.430165e-01
17.550000,DS,DS_interstep,2,,,,6.236521e-01,2.384807e-01,8.151687e-01,-1.303939e-01,6.385566e-01,-1.071229e+00,-6.185349e-01,-2.514672e-01,-7.980372e-01,1.040521e+00,0,-0.043292,0.246698,-0.364909,4.425976e-01
17.560000,DS,DS_interstep,2,,,,6.081215e-01,2.552082e-01,7.929383e-01,-1.334016e-01,6.371822e-01,-1.075054e+00,-6.028685e-01,-2.684981e-01,-7.756878e-01,1.018446e+00,0,-0.043068,0.246509,-0.364557,4.421802e-01
17.570000,DS,DS_interstep,2,,,,5.921548e-01,2.703477e-01,7.706923e-01,-1.363287e-01,6.357307e-01,-1.078766e+00,-5.867712e-01,-2.839389e-01,-7.532986e-01,9.961830e-01,0,-0.042847,0.246319,-0.364206,4.417634e-01
17.580000,DS,DS_interstep,2,,,,5.758296e-01,2.839027e-01,7.475902e-01,-1.391733e-01,6.342100e-01,-1.082362e+00,-5.703180e-01,-2.977865e-01,-7.300296e-01,9.730789e-01,0,-0.042629,0.246130,-0.363857,4.413492e-01
17.590000,DS,DS_interstep,2,,,,5.592300e-01,2.959011e-01,7.231024e-01,-1.419342e-01,6.326280e-01,-1.085835e+00,-5.535914e-01,-3.100639e-01,-7.053536e-01,9.487501e-01,0,-0.042414,0.245940,-0.363509,4.409356e-01
17.600000,DS,DS_interstep,2,,,,5.424388e-01,3.063860e-01,6.969613e-01,-1.446104e-01,6.309924e-01,-1.089176e+00,-5.366723e-01,-3.208100e-01,-6.790064e-01,9.230308e-01,0,-0.042201,0.245749,-0.363162,4.405226e-01
17.610000,DS,DS_interstep,2,,,,5.255320e-01,3.154088e-01,6.691099e-01,-1.472013e-01,6.293105e-01,-1.092376e+00,-5.196349e-01,-3.300731e-01,-6.509350e-01,8.959269e-01,0,-0.041991,0.245558,-0.362817,4.401115e-01
17.620000,DS,DS_interstep,2,,,,5.085760e-01,3.230242e-01,6.396524e-01,-1.497066e-01,6.275895e-01,-1.095427e+00,-5.025439e-01,-3.379061e-01,-6.212478e-01,8.675712e-01,0,-0.041784,0.245366,-0.362473,4.397011e-01
17.630000,DS,DS_interstep,2,,,,4.916280e-01,3.292877e-01,6.088104e-01,-1.521263e-01,6.258364e-01,-1.098323e+00,-4.854554e-01,-3.443638e-01,-5.901700e-01,8.381849e-01,0,-0.041579,0.245174,-0.362130,4.392917e-01
17.640000,DS,DS_interstep,2,,,,4.747377e-01,3.342552e-01,5.768840e-01,-1.544607e-01,6.240576e-01,-1.101058e+00,-4.684181e-01,-3.495020e-01,-5.580055e-01,8.080454e-01,0,-0.041377,0.244981,-0.361788,4.388830e-01
17.650000,DS,DS_interstep,2,,,,4.579490e-01,3.379825e-01,5.442199e-01,-1.567102e-01,6.222596e-01,-1.103629e+00,-4.514756e-01,-3.533771e-01,-5.251042e-01,7.774574e-01,0,-0.041177,0.244787,-0.361447,4.384748e-01
17.660000,DS,DS_interstep,2,,,,4.413022e-01,3.405262e-01,5.111841e-01,-1.588757e-01,6.204483e-01,-1.106033e+00,-4.346680e-01,-3.560470e-01,-4.918348e-01,7.467310e-01,0,-0.040979,0.244593,-0.361106,4.380668e-01
17.670000,DS,DS_interstep,2,,,,4.248347e-01,3.419449e-01,4.781397e-01,-1.609578e-01,6.186295e-01,-1.108270e+00,-4.180329e-01,-3.575716e-01,-4.585624e-01,7.161623e-01,0,-0.040783,0.244398,-0.360767,4.376602e-01
17.680000,DS,DS_interstep,2,,,,4.085813e-01,3.422991e-01,4.454291e-01,-1.629577e-01,6.168085e-01,-1.110343e+00,-4.016058e-01,-3.580135e-01,-4.256315e-01,6.860197e-01,0,-0.040589,0.244202,-0.360428,4.372533e-01
17.690000,DS,DS_interstep,2,,,,3.925738e-01,3.416519e-01,4.133616e-01,-1.648766e-01,6.149906e-01,-1.112254e+00,-3.854194e-01,-3.574373e-01,-3.933527e-01,6.565332e-01,0,-0.040398,0.244006,-0.360091,4.368483e-01
17.700000,DS,DS_interstep,2,,,,3.768405e-01,3.400684e-01,3.822041e-01,-1.667158e-01,6.131803e-01,-1.114008e+00,-3.695029e-01,-3.559103e-01,-3.619937e-01,6.278885e-01,0,-0.040208,0.243809,-0.359753,4.364421e-01
17.710000,DS,DS_interstep,2,,,,3.614057e-01,3.376154e-01,3.521758e-01,-1.684768e-01,6.113822e-01,-1.115611e+00,-3.538817e-01,-3.535009e-01,-3.317744e-01,6.002245e-01,0,-0.040020,0.243611,-0.359417,4.360373e-01
17.720000,DS,DS_interstep,2,,,,3.462889e-01,3.343603e-01,3.234473e-01,-1.701613e-01,6.096003e-01,-1.117070e+00,-3.385765e-01,-3.502786e-01,-3.028654e-01,5.736345e-01,0,-0.039834,0.243413,-0.359081,4.356326e-01
17.730000,DS,DS_interstep,2,,,,3.315053e-01,3.303707e-01,2.961407e-01,-1.717707e-01,6.078383e-01,-1.118391e+00,-3.236033e-01,-3.463123e-01,-2.753891e-01,5.481701e-01,0,-0.039649,0.243214,-0.358745,4.352276e-01
17.740000,DS,DS_interstep,2,,,,3.170650e-01,3.257130e-01,2.703335e-01,-1.733069e-01,6.060996e-01,-1.119582e+00,-3.089733e-01,-3.416699e-01,-2.494225e-01,5.238458e-01,0,-0.039466,0.243014,-0.358410,4.348231e-01
17.750000,DS,DS_interstep,2,,,,3.029744e-01,3.204517e-01,2.460626e-01,-1.747717e-01,6.043873e-01,-1.120651e+00,-2.946937e-01,-3.364173e-01,-2.250022e-01,5.006465e-01,0,-0.039285,0.242814,-0.358075,4.344188e-01
17.760000,DS,DS_interstep,2,,,,2.892359e-01,3.146489e-01,2.233303e-01,-1.761667e-01,6.027040e-01,-1.121606e+00,-2.807675e-01,-3.306176e-01,-2.021298e-01,4.785341e-01,0,-0.039105,0.242613,-0.357741,4.340149e-01
17.770000,DS,DS_interstep,2,,,,2.758491e-01,3.083638e-01,2.021099e-01,-1.774939e-01,6.010523e-01,-1.122454e+00,-2.671949e-01,-3.243308e-01,-1.807781e-01,4.574542e-01,0,-0.038926,0.242412,-0.357407,4.336111e-01
17.780000,DS,DS_interstep,2,,,,2.628113e-01,3.016520e-01,1.823515e-01,-1.787548e-01,5.994342e-01,-1.123202e+00,-2.539737e-01,-3.176132e-01,-1.608966e-01,4.373425e-01,0,-0.038749,0.242210,-0.357073,4.332070e-01
17.790000,DS,DS_interstep,2,,,,2.501181e-01,2.945659e-01,1.639882e-01,-1.799513e-01,5.978517e-01,-1.123858e+00,-2.410998e-01,-3.105178e-01,-1.424176e-01,4.181306e-01,0,-0.038573,0.242007,-0.356740,4.328033e-01
17.800000,DS,DS_interstep,2,,,,2.377642e-01,2.871540e-01,1.469407e-01,-1.810851e-01,5.963063e-01,-1.124428e+00,-2.285683e-01,-3.030936e-01,-1.252611e-01,3.997493e-01,0,-0.038399,0.241804,-0.356407,4.323998e-01
17.810000,DS,DS_interstep,2,,,,2.257439e-01,2.794614e-01,1.311221e-01,-1.821579e-01,5.947996e-01,-1.124918e+00,-2.163734e-01,-2.953859e-01,-1.093396e-01,3.821327e-01,0,-0.038225,0.241600,-0.356074,4.319958e-01
17.820000,DS,DS_interstep,2,,,,2.140511e-01,2.715298e-01,1.164417e-01,-1.831713e-01,5.933328e-01,-1.125335e+00,-2.045094e-01,-2.874368e-01,-9.456194e-02,3.652204e-01,0,-0.038052,0.241396,-0.355741,4.315920e-01
17.830000,DS,DS_interstep,2,,,,2.026802e-01,2.633977e-01,1.028086e-01,-1.841270e-01,5.919067e-01,-1.125683e+00,-1.929707e-01,-2.792848e-01,-8.083646e-02,3.489588e-01,0,-0.037881,0.241191,-0.355409,4.311886e-01
17.840000,DS,DS_interstep,2,,,,1.916258e-01,2.551005e-01,9.013378e-02,-1.850265e-01,5.905223e-01,-1.125967e+00,-1.817518e-01,-2.709656e-01,-6.807383e-02,3.333018e-01,0,-0.037710,0.240986,-0.355076,4.307845e-01
17.850000,DS,DS_interstep,2,,,,1.808831e-01,2.466709e-01,7.833261e-02,-1.858715e-01,5.891803e-01,-1.126191e+00,-1.708480e-01,-2.625118e-01,-5.618888e-02,3.182117e-01,0,-0.037540,0.240781,-0.354744,4.303813e-01
17.860000,DS,DS_interstep,2,,,,1.704476e-01,2.381389e-01,6.732591e-02,-1.866634e-01,5.878811e-01,-1.126361e+00,-1.602549e-01,-2.539535e-01,-4.510212e-02,3.036581e-01,0,-0.037372,0.240574,-0.354412,4.299772e-01
17.870000,DS,DS_interstep,2,,,,1.603155e-01,2.295323e-01,5.704114e-02,-1.874039e-01,5.866251e-01,-1.126478e+00,-1.499687e-01,-2.453186e-01,-3.474070e-02,2.896183e-01,0,-0.037204,0.240368,-0.354080,4.295737e-01
17.880000,DS,DS_interstep,2,,,,1.504835e-01,2.208766e-01,4.741291e-02,-1.880944e-01,5.854127e-01,-1.126547e+00,-1.399858e-01,-2.366326e-01,-2.503898e-02,2.760760e-01,0,-0.037036,0.240161,-0.353748,4.291697e-01
17.890000,DS,DS_interstep,2,,,,1.409486e-01,2.121954e-01,3.838321e-02,-1.887365e-01,5.842438e-01,-1.126570e+00,-1.303034e-01,-2.279193e-01,-1.593872e-02,2.630213e-01,0,-0.036870,0.239954,-0.353416,4.287659e-01
17.900000,DS,DS_interstep,2,,,,1.317080e-01,2.035108e-01,2.990134e-02,-1.893317e-01,5.831187e-01,-1.126551e+00,-1.209188e-01,-2.192007e-01,-7.389089e-03,2.504494e-01,0,-0.036704,0.239746,-0.353084,4.283616e-01
17.910000,DS,DS_interstep,2,,,,1.227594e-01,1.948431e-01,2.192367e-02,-1.898813e-01,5.820370e-01,-1.126491e+00,-1.118293e-01,-2.104973e-01,6.536932e-04,2.383597e-01,0,-0.036538,0.239538,-0.352753,4.279581e-01
17.920000,DS,DS_interstep,2,,,,1.141005e-01,1.862112e-01,1.441315e-02,-1.903870e-01,5.809988e-01,-1.126394e+00,-1.030327e-01,-2.018280e-01,8.226753e-03,2.267553e-01,0,-0.036374,0.239329,-0.352421,4.275535e-01
17.930000,DS,DS_interstep,2,,,,1.057289e-01,1.776327e-01,7.338787e-03,-1.908501e-01,5.800038e-01,-1.126261e+00,-9.452671e-02,-1.932106e-01,1.536115e-02,2.156423e-01,0,-0.036209,0.239120,-0.352089,4.271488e-01
17.940000,DS,DS_interstep,2,,,,9.764232e-02,1.691242e-01,6.750129e-04,-1.912721e-01,5.790515e-01,-1.126094e+00,-8.630902e-02,-1.846617e-01,2.208250e-02,2.050288e-01,0,-0.036046,0.238911,-0.351757,4.267444e-01
17.950000,DS,DS_interstep,2,,,,8.983854e-02,1.607011e-01,-5.599032e-03,-1.916544e-01,5.781416e-01,-1.125896e+00,-7.837729e-02,-1.761969e-01,2.841170e-02,1.949245e-01,0,-0.035882,0.238701,-0.351426,4.263401e-01
17.960000,DS,DS_interstep,2,,,,8.231506e-02,1.523777e-01,-1.150017e-02,-1.919984e-01,5.772735e-01,-1.125668e+00,-7.072905e-02,-1.678308e-01,3.436559e-02,1.853396e-01,0,-0.035720,0.238492,-0.351094,4.259359e-01
17.970000,DS,DS_interstep,2,,,,7.506929e-02,1.441677e-01,-1.704189e-02,-1.923056e-01,5.764468e-01,-1.125411e+00,-6.336171e-02,-1.595769e-01,3.995766e-02,1.762842e-01,0,-0.035557,0.238282,-0.350762,4.255310e-01
17.980000,DS,DS_interstep,2,,,,6.809846e-02,1.360835e-01,-2.223498e-02,-1.925774e-01,5.756608e-01,-1.125129e+00,-5.627251e-02,-1.514481e-01,4.519872e-02,1.677678e-01,0,-0.035395,0.238071,-0.350430,4.251256e-01
17.990000,DS,DS_interstep,2,,,,6.139961e-02,1.281370e-01,-2.708818e-02,-1.928150e-01,5.749147e-01,-1.124822e+00,-4.945848e-02,-1.434563e-01,5.009749e-02,1.597987e-01,0,-0.035233,0.237861,-0.350099,4.247217e-01
18.000000,DS,DS_interstep,2,,,,5.496958e-02,1.203392e-01,-3.160873e-02,-1.930199e-01,5.742079e-01,-1.124493e+00,-4.291646e-02,-1.356127e-01,5.466123e-02,1.523827e-01,0,-0.035072,0.237650,-0.349767,4.243165e-01
18.010000,DS,DS_interstep,2,,,,4.880501e-02,1.127002e-01,-3.580284e-02,-1.931935e-01,5.735396e-01,-1.124142e+00,-3.664311e-02,-1.279275e-01,5.889616e-02,1.455229e-01,0,-0.034911,0.237439,-0.349435,4.239114e-01
18.020000,DS,DS_interstep,2,,,,4.290230e-02,1.052293e-01,-3.967620e-02,-1.933370e-01,5.729089e-01,-1.123772e+00,-3.063485e-02,-1.204103e-01,6.280798e-02,1.392192e-01,0,-0.034750,0.237228,-0.349103,4.235063e-01
18.030000,DS,DS_interstep,2,,,,3.725769e-02,9.793527e-02,-4.323429e-02,-1.934518e-01,5.723149e-01,-1.123384e+00,-2.488791e-02,-1.130699e-01,6.640218e-02,1.334671e-01,0,-0.034589,0.237016,-0.348771,4.231007e-01
18.040000,DS,DS_interstep,2,,,,3.186719e-02,9.082583e-02,-4.648270e-02,-1.935391e-01,5.717567e-01,-1.122979e+00,-1.939834e-02,-1.059142e-01,6.968438e-02,1.282577e-01,0,-0.034428,0.236805,-0.348438,4.226948e-01
18.050000,DS,DS_interstep,2,,,,2.672665e-02,8.390804e-02,-4.942739e-02,-1.936002e-01,5.712334e-01,-1.122560e+00,-1.416198e-02,-9.895044e-02,7.266058e-02,1.235771e-01,0,-0.034268,0.236593,-0.348106,4.222894e-01
18.060000,DS,DS_interstep,2,,,,2.183172e-02,7.718820e-02,-5.207488e-02,-1.936364e-01,5.707439e-01,-1.122127e+00,-9.174490e-03,-9.218499e-02,7.533733e-02,1.194067e-01,0,-0.034107,0.236381,-0.347774,4.218839e-01
18.070000,DS,DS_interstep,2,,,,1.717790e-02,7.067180e-02,-5.443232e-02,-1.936489e-01,5.702873e-01,-1.121682e+00,-4.431384e-03,-8.562348e-02,7.772183e-02,1.157225e-01,0,-0.033947,0.236169,-0.347441,4.214777e-01
18.080000,DS,DS_interstep,2,,,,1.276053e-02,6.436358e-02,-5.650764e-02,-1.936388e-01,5.698624e-01,-1.121227e+00,7.199462e-05,-7.927078e-02,7.982206e-02,1.124963e-01,0,-0.033787,0.235957,-0.347109,4.210724e-01
18.090000,DS,DS_interstep,2,,,,8.574805e-03,5.826754e-02,-5.830952e-02,-1.936075e-01,5.694683e-01,-1.120763e+00,4.340447e-03,-7.313097e-02,8.164676e-02,1.096958e-01,0,-0.033627,0.235745,-0.346776,4.206662e-01
18.100000,DS,DS_interstep,2,,,,4.615798e-03,5.238691e-02,-5.984742e-02,-1.935559e-01,5.691038e-01,-1.120291e+00,8.378905e-03,-6.720738e-02,8.320546e-02,1.072855e-01,0,-0.033467,0.235533,-0.346444,4.202610e-01
18.110000,DS,DS_interstep,2,,,,8.784600e-04,4.672419e-02,-6.113152e-02,-1.934853e-01,5.687678e-01,-1.119812e+00,1.219242e-02,-6.150259e-02,8.450840e-02,1.052278e-01,0,-0.033307,0.235320,-0.346111,4.198544e-01
18.120000,DS,DS_interstep,2,,,,-2.642361e-03,4.128119e-02,-6.217265e-02,-1.933966e-01,5.684593e-01,-1.119328e+00,1.578617e-02,-5.601847e-02,8.556651e-02,1.034838e-01,0,-0.033147,0.235108,-0.345778,4.194484e-01
18.130000,DS,DS_interstep,2,,,,-5.951913e-03,3.605899e-02,-6.298224e-02,-1.932912e-01,5.681771e-01,-1.118841e+00,1.916540e-02,-5.075617e-02,8.639126e-02,1.020145e-01,0,-0.032987,0.234895,-0.345445,4.190418e-01
18.140000,DS,DS_interstep,2,,,,-9.055529e-03,3.105803e-02,-6.357217e-02,-1.931698e-01,5.679201e-01,-1.118350e+00,2.233547e-02,-4.571618e-02,8.699464e-02,1.007815e-01,0,-0.032827,0.234683,-0.345112,4.186359e-01
18.150000,DS,DS_interstep,2,,,,-1.195861e-02,2.627812e-02,-6.395468e-02,-1.930337e-01,5.676873e-01,-1.117857e+00,2.530181e-02,-4.089835e-02,8.738897e-02,9.974813e-02,0,-0.032667,0.234470,-0.344779,4.182294e-01
18.160000,DS,DS_interstep,2,,,,-1.466663e-02,2.171843e-02,-6.414226e-02,-1.928837e-01,5.674774e-01,-1.117363e+00,2.806993e-02,-3.630188e-02,8.758682e-02,9.887972e-02,0,-0.032507,0.234258,-0.344446,4.178236e-01
18.170000,DS,DS_interstep,2,,,,-1.718510e-02,1.737759e-02,-6.414754e-02,-1.927208e-01,5.672894e-01,-1.116869e+00,3.064538e-02,-3.192543e-02,8.760091e-02,9.814424e-02,0,-0.032347,0.234045,-0.344112,4.174164e-01
18.180000,DS,DS_interstep,2,,,,-1.951960e-02,1.325367e-02,-6.398315e-02,-1.925460e-01,5.671222e-01,-1.116376e+00,3.303376e-02,-2.776710e-02,8.744395e-02,9.751249e-02,0,-0.032187,0.233833,-0.343779,4.170106e-01
18.190000,DS,DS_interstep,2,,,,-2.167573e-02,9.344247e-03,-6.366165e-02,-1.923602e-01,5.669747e-01,-1.115885e+00,3.524073e-02,-2.382447e-02,8.712857e-02,9.695825e-02,0,-0.032027,0.233620,-0.343445,4.166035e-01
18.200000,DS,DS_interstep,2,,,,-2.365911e-02,5.646445e-03,-6.319538e-02,-1.921642e-01,5.668459e-01,-1.115395e+00,3.727196e-02,-2.009467e-02,8.666721e-02,9.645828e-02,0,-0.031867,0.233408,-0.343112,4.161978e-01
18.210000,DS,DS_interstep,2,,,,-2.547539e-02,2.156955e-03,-6.259644e-02,-1.919589e-01,5.667347e-01,-1.114909e+00,3.913317e-02,-1.657440e-02,8.607205e-02,9.599226e-02,0,-0.031707,0.233195,-0.342778,4.157908e-01
18.220000,DS,DS_interstep,2,,,,-2.713023e-02,-1.127916e-03,-6.187656e-02,-1.917452e-01,5.666400e-01,-1.114427e+00,4.083006e-02,-1.325996e-02,8.535487e-02,9.554253e-02,0,-0.031546,0.232983,-0.342445,4.153851e-01
18.230000,DS,DS_interstep,2,,,,-2.862930e-02,-4.212206e-03,-6.104703e-02,-1.915238e-01,5.665610e-01,-1.113949e+00,4.236835e-02,-1.014732e-02,8.452707e-02,9.509401e-02,0,-0.031386,0.232770,-0.342111,4.149782e-01
18.240000,DS,DS_interstep,2,,,,-2.997825e-02,-7.100263e-03,-6.011869e-02,-1.912954e-01,5.664965e-01,-1.113475e+00,4.375378e-02,-7.232120e-03,8.359955e-02,9.463393e-02,0,-0.031225,0.232558,-0.341777,4.145718e-01
18.250000,DS,DS_interstep,2,,,,-3.118272e-02,-9.796708e-03,-5.910187e-02,-1.910609e-01,5.664456e-01,-1.113006e+00,4.499206e-02,-4.509725e-03,8.258270e-02,9.415161e-02,0,-0.031065,0.232345,-0.341443,4.141649e-01
18.260000,DS,DS_interstep,2,,,,-3.224835e-02,-1.230640e-02,-5.800635e-02,-1.908209e-01,5.664074e-01,-1.112543e+00,4.608888e-02,-1.975268e-03,8.148636e-02,9.363820e-02,0,-0.030904,0.232133,-0.341109,4.137585e-01
18.270000,DS,DS_interstep,2,,,,-3.318073e-02,-1.463439e-02,-5.684134e-02,-1.905761e-01,5.663810e-01,-1.112086e+00,4.704991e-02,3.763293e-04,8.031982e-02,9.308657e-02,0,-0.030743,0.231921,-0.340775,4.133523e-01
18.280000,DS,DS_interstep,2,,,,-3.398542e-02,-1.678593e-02,-5.561550e-02,-1.903272e-01,5.663654e-01,-1.111635e+00,4.788080e-02,2.550317e-03,7.909178e-02,9.249100e-02,0,-0.030582,0.231708,-0.340441,4.129454e-01
18.290000,DS,DS_interstep,2,,,,-3.466794e-02,-1.876639e-02,-5.433689e-02,-1.900748e-01,5.663598e-01,-1.111190e+00,4.858714e-02,4.552091e-03,7.781037e-02,9.184708e-02,0,-0.030421,0.231496,-0.340106,4.125384e-01
18.300000,DS,DS_interstep,2,,,,-3.523378e-02,-2.058126e-02,-5.301306e-02,-1.898194e-01,5.663635e-01,-1.110752e+00,4.917448e-02,6.387161e-03,7.648318e-02,9.115153e-02,0,-0.030260,0.231284,-0.339772,4.121322e-01
18.310000,DS,DS_interstep,2,,,,-3.568835e-02,-2.223612e-02,-5.165096e-02,-1.895617e-01,5.663755e-01,-1.110321e+00,4.964831e-02,8.061127e-03,7.511723e-02,9.040207e-02,0,-0.030098,0.231072,-0.339438,4.117260e-01
18.320000,DS,DS_interstep,2,,,,-3.603701e-02,-2.373661e-02,-5.025707e-02,-1.893021e-01,5.663950e-01,-1.109897e+00,5.001409e-02,9.579655e-03,7.371902e-02,8.959728e-02,0,-0.029937,0.230860,-0.339104,4.113199e-01
18.330000,DS,DS_interstep,2,,,,-3.628504e-02,-2.508842e-02,-4.883733e-02,-1.890413e-01,5.664215e-01,-1.109480e+00,5.027716e-02,1.094845e-02,7.229454e-02,8.873647e-02,0,-0.029775,0.230648,-0.338769,4.109130e-01
18.340000,DS,DS_interstep,2,,,,-3.643765e-02,-2.629725e-02,-4.739723e-02,-1.887796e-01,5.664540e-01,-1.109070e+00,5.044283e-02,1.217325e-02,7.084933e-02,8.781967e-02,0,-0.029613,0.230436,-0.338435,4.105069e-01
18.350000,DS,DS_interstep,2,,,,-3.649998e-02,-2.736883e-02,-4.594180e-02,-1.885176e-01,5.664920e-01,-1.108668e+00,5.051630e-02,1.325979e-02,6.938847e-02,8.684744e-02,0,-0.029452,0.230225,-0.338100,4.101007e-01
18.360000,DS,DS_interstep,2,,,,-3.647707e-02,-2.830884e-02,-4.447569e-02,-1.882557e-01,5.665347e-01,-1.108273e+00,5.050269e-02,1.421378e-02,6.791662e-02,8.582086e-02,0,-0.029290,0.230013,-0.337766,4.096947e-01
18.370000,DS,DS_interstep,2,,,,-3.637386e-02,-2.912296e-02,-4.300314e-02,-1.879942e-01,5.665816e-01,-1.107885e+00,5.040703e-02,1.504093e-02,6.643806e-02,8.474145e-02,0,-0.029128,0.229802,-0.337431,4.092885e-01
18.380000,DS,DS_interstep,2,,,,-3.619521e-02,-2.981683e-02,-4.152805e-02,-1.877337e-01,5.666320e-01,-1.107505e+00,5.023425e-02,1.574690e-02,6.495674e-02,8.361114e-02,0,-0.028965,0.229590,-0.337097,4.088825e-01
18.390000,DS,DS_interstep,2,,,,-3.594586e-02,-3.039600e-02,-4.005400e-02,-1.874743e-01,5.666853e-01,-1.107133e+00,4.998917e-02,1.633727e-02,6.347625e-02,8.243214e-02,0,-0.028803,0.229379,-0.336762,4.084764e-01
18.400000,DS,DS_interstep,2,,,,-3.563044e-02,-3.086601e-02,-3.858427e-02,-1.872166e-01,5.667411e-01,-1.106767e+00,4.967649e-02,1.681760e-02,6.199991e-02,8.120698e-02,0,-0.028641,0.229167,-0.336427,4.080698e-01
18.410000,DS,DS_interstep,2,,,,-3.525348e-02,-3.123228e-02,-3.712187e-02,-1.869607e-01,5.667987e-01,-1.106409e+00,4.930082e-02,1.719335e-02,6.053076e-02,7.993845e-02,0,-0.028478,0.228956,-0.336093,4.076645e-01
18.420000,DS,DS_interstep,2,,,,-3.481938e-02,-3.150018e-02,-3.566957e-02,-1.867071e-01,5.668577e-01,-1.106059e+00,4.886663e-02,1.746990e-02,5.907160e-02,7.862950e-02,0,-0.028316,0.228745,-0.335758,4.072585e-01
18.430000,DS,DS_interstep,2,,,,-3.433242e-02,-3.167496e-02,-3.422993e-02,-1.864558e-01,5.669176e-01,-1.105715e+00,4.837827e-02,1.765255e-02,5.762499e-02,7.728330e-02,0,-0.028153,0.228534,-0.335423,4.068525e-01
18.440000,DS,DS_interstep,2,,,,-3.379676e-02,-3.176181e-02,-3.280526e-02,-1.862073e-01,5.669780e-01,-1.105379e+00,4.783998e-02,1.774649e-02,5.619329e-02,7.590315e-02,0,-0.027990,0.228323,-0.335089,4.064474e-01
18.450000,SS,SS,3,-6.687698e-02,-8.742334e-01,1.139755e+00,,,,-1.749827e-01,5.672483e-01,-1.103753e+00,2.395626e-01,2.288451e-01,-3.493723e-02,3.331380e-01,0,-0.026366,0.226243,-0.331788,4.024479e-01
18.550000,SS,SS,3,7.114282e-02,-9.724589e-01,1.312996e+00,,,,-1.625881e-01,5.762755e-01,-1.106301e+00,1.471694e-01,3.786099e-01,-4.544746e-01,6.095502e-01,0,-0.024707,0.224232,-0.328557,3.985475e-01
18.650000,SS,SS,3,1.874167e-01,-1.050306e+00,1.502859e+00,,,,-1.537224e-01,5.905145e-01,-1.125798e+00,1.226071e-01,4.897184e-01,-6.671467e-01,8.366250e-01,0,-0.023061,0.222317,-0.325464,3.948208e-01
18.750000,SS,SS,3,2.726560e-01,-1.136957e+00,1.624304e+00,,,,-1.446136e-01,6.089221e-01,-1.149529e+00,1.275945e-01,5.552558e-01,-7.336568e-01,9.288927e-01,0,-0.021446,0.220516,-0.322546,3.913095e-01
18.850000,SS,SS,3,3.528516e-01,-1.260481e+00,1.806233e+00,,,,-1.359001e-01,6.311416e-01,-1.179252e+00,1.160297e-01,6.560169e-01,-8.999215e-01,1.119678e+00,0,-0.019869,0.218841,-0.319825,3.880389e-01
18.950000,SS,SS,3,4.285390e-01,-1.372324e+00,1.966397e+00,,,,-1.277958e-01,6.580648e-01,-1.216715e+00,1.068673e-01,7.446075e-01,-1.044455e+00,1.287147e+00,0,-0.018344,0.217311,-0.317333,3.850465e-01
19.050000,SS,SS,3,4.996637e-01,-1.467232e+00,2.097562e+00,,,,-1.200833e-01,6.886863e-01,-1.260020e+00,1.020569e-01,8.158565e-01,-1.155189e+00,1.417921e+00,0,-0.016882,0.215940,-0.315098,3.823635e-01
19.150000,SS,SS,3,5.676207e-01,-1.548038e+00,2.203378e+00,,,,-1.127248e-01,7.227619e-01,-1.308702e+00,9.737811e-02,8.836247e-01,-1.260600e+00,1.542526e+00,0,-0.015489,0.214740,-0.313141,3.800138e-01
19.250000,SS,SS,3,6.324004e-01,-1.616924e+00,2.286189e+00,,,,-1.056927e-01,7.600529e-01,-1.362332e+00,9.422969e-02,9.435422e-01,-1.351049e+00,1.650601e+00,0,-0.014171,0.213722,-0.311482,3.780198e-01
19.350000,SS,SS,3,6.931060e-01,-1.721373e+00,2.413131e+00,,,,-9.891585e-02,8.005469e-01,-1.420626e+00,9.273153e-02,1.008658e+00,-1.441782e+00,1.762023e+00,0,-0.012934,0.212895,-0.310138,3.764003e-01
19.450000,SS,SS,3,7.505258e-01,-1.809918e+00,2.510958e+00,,,,-9.236995e-02,8.439689e-01,-1.483084e+00,9.220561e-02,1.060186e+00,-1.511699e+00,1.848710e+00,0,-0.011781,0.212268,-0.309124,3.751722e-01
19.550000,SS,SS,3,8.043556e-01,-1.882762e+00,2.578927e+00,,,,-8.598554e-02,8.898946e-01,-1.548906e+00,9.315171e-02,1.103866e+00,-1.565883e+00,1.918121e+00,0,-0.010713,0.211850,-0.308452,3.743499e-01
19.650000,SS,SS,3,8.545226e-01,-1.940920e+00,2.617745e+00,,,,-7.971293e-02,9.380177e-01,-1.617486e+00,9.511388e-02,1.139836e+00,-1.605746e+00,1.971470e+00,0,-0.009731,0.211646,-0.308131,3.739431e-01
19.750000,SS,SS,3,9.008626e-01,-1.985041e+00,2.627970e+00,,,,-7.350136e-02,9.880175e-01,-1.688202e+00,9.811084e-02,1.168177e+00,-1.631255e+00,2.008795e+00,0,-0.008835,0.211660,-0.308165,3.739568e-01
19.850000,SS,SS,3,9.438213e-01,-2.041954e+00,2.650546e+00,,,,-6.730915e-02,1.039755e+00,-1.760673e+00,1.018539e-01,1.196736e+00,-1.652410e+00,2.042795e+00,0,-0.008023,0.211894,-0.308558,3.743948e-01
19.950000,SS,SS,3,9.829461e-01,-2.094901e+00,2.660589e+00,,,,-6.111692e-02,1.093038e+00,-1.834505e+00,1.059385e-01,1.217808e+00,-1.660995e+00,2.062325e+00,0,-0.007292,0.212352,-0.309311,3.752597e-01
20.050000,SS,SS,3,1.017788e+00,-2.134257e+00,2.643644e+00,,,,-5.489277e-02,1.147507e+00,-1.909069e+00,1.105195e-01,1.230240e+00,-1.655226e+00,2.065303e+00,0,-0.006640,0.213035,-0.310422,3.765499e-01
20.150000,SS,SS,3,1.048214e+00,-2.161096e+00,2.601079e+00,,,,-4.860988e-02,1.202835e+00,-1.983802e+00,1.153805e-01,1.235632e+00,-1.637679e+00,2.054773e+00,0,-0.006062,0.213941,-0.311889,3.782621e-01
20.250000,SS,SS,3,1.074127e+00,-2.176439e+00,2.534437e+00,,,,-4.224837e-02,1.258725e+00,-2.058200e+00,1.203880e-01,1.234211e+00,-1.609101e+00,2.031496e+00,0,-0.005555,0.215070,-0.313704,3.803895e-01
20.350000,SS,SS,3,1.096299e+00,-2.189451e+00,2.459818e+00,,,,-3.579864e-02,1.314945e+00,-2.131863e+00,1.252960e-01,1.229101e+00,-1.573762e+00,2.000779e+00,0,-0.005113,0.216417,-0.315859,3.829221e-01
20.450000,SS,SS,3,1.115074e+00,-2.204108e+00,2.384941e+00,,,,-2.926758e-02,1.371323e+00,-2.204503e+00,1.297613e-01,1.220554e+00,-1.532801e+00,1.963688e+00,0,-0.004731,0.217981,-0.318344,3.858510e-01
20.550000,SS,SS,3,1.129173e+00,-2.208637e+00,2.290148e+00,,,,-2.266092e-02,1.427585e+00,-2.275715e+00,1.338300e-01,1.203964e+00,-1.481042e+00,1.913354e+00,0,-0.004403,0.219755,-0.321149,3.891636e-01
20.650000,SS,SS,3,1.138510e+00,-2.203973e+00,2.177105e+00,,,,-1.597770e-02,1.483425e+00,-2.345059e+00,1.376026e-01,1.181509e+00,-1.421030e+00,1.853166e+00,0,-0.004125,0.221734,-0.324260,3.928454e-01
20.750000,SS,SS,3,1.143123e+00,-2.191198e+00,2.047719e+00,,,,-9.223758e-03,1.538590e+00,-2.412179e+00,1.409037e-01,1.153472e+00,-1.353784e+00,1.784120e+00,0,-0.003890,0.223912,-0.327662,3.968805e-01
20.850000,SS,SS,3,1.143354e+00,-2.171701e+00,1.905385e+00,,,,-2.409737e-03,1.592834e+00,-2.476752e+00,1.436484e-01,1.120387e+00,-1.280295e+00,1.707354e+00,0,-0.003693,0.226280,-0.331339,4.012503e-01
20.950000,SS,SS,3,1.141669e+00,-2.150477e+00,1.765243e+00,,,,4.433414e-03,1.645970e+00,-2.538562e+00,1.453816e-01,1.085076e+00,-1.204669e+00,1.627806e+00,0,-0.003527,0.228831,-0.335274,4.059368e-01
21.050000,SS,SS,3,1.135559e+00,-2.122791e+00,1.614027e+00,,,,1.127841e-02,1.697784e+00,-2.597371e+00,1.462437e-01,1.043276e+00,-1.122325e+00,1.539294e+00,0,-0.003388,0.231554,-0.339448,4.109181e-01
21.150000,SS,SS,3,1.125042e+00,-2.089430e+00,1.453472e+00,,,,1.810923e-02,1.748034e+00,-2.652898e+00,1.464867e-01,9.971779e-01,-1.035431e+00,1.444970e+00,0,-0.003270,0.234440,-0.343841,4.161724e-01
21.250000,SS,SS,3,1.110290e+00,-2.051281e+00,1.285486e+00,,,,2.490495e-02,1.796516e+00,-2.704928e+00,1.459616e-01,9.468751e-01,-9.447384e-01,1.345514e+00,0,-0.003167,0.237478,-0.348434,4.216777e-01
21.350000,SS,SS,3,1.091508e+00,-2.009084e+00,1.111938e+00,,,,3.164251e-02,1.843029e+00,-2.753263e+00,1.446580e-01,8.927012e-01,-8.508602e-01,1.241694e+00,0,-0.003075,0.240658,-0.353206,4.274111e-01
21.450000,SS,SS,3,1.071446e+00,-1.957009e+00,9.332267e-01,,,,3.828106e-02,1.887356e+00,-2.797726e+00,1.421731e-01,8.346690e-01,-7.545438e-01,1.134117e+00,0,-0.002987,0.243966,-0.358134,4.333455e-01
21.550000,SS,SS,3,1.048518e+00,-1.900000e+00,7.521063e-01,,,,4.478437e-02,1.929325e+00,-2.838188e+00,1.386316e-01,7.731645e-01,-6.564154e-01,1.023662e+00,0,-0.002900,0.247391,-0.363196,4.394565e-01
21.650000,SS,SS,3,1.022117e+00,-1.840523e+00,5.707384e-01,,,,5.112211e-02,1.968782e+00,-2.874543e+00,1.342264e-01,7.089558e-01,-5.572125e-01,9.116583e-01,0,-0.002809,0.250919,-0.368369,4.457173e-01
21.750000,SS,SS,3,9.924339e-01,-1.779166e+00,3.908297e-01,,,,5.726353e-02,2.005583e+00,-2.906705e+00,1.289372e-01,6.423822e-01,-4.575684e-01,7.991549e-01,0,-0.002710,0.254538,-0.373631,4.521029e-01
21.850000,SS,SS,3,9.596922e-01,-1.716454e+00,2.140660e-01,,,,6.317539e-02,2.039595e+00,-2.934615e+00,1.227503e-01,5.740030e-01,-3.582847e-01,6.876882e-01,0,-0.002600,0.258234,-0.378957,4.585847e-01
21.950000,SS,SS,3,9.255578e-01,-1.643530e+00,3.347250e-02,,,,6.881533e-02,2.070673e+00,-2.958214e+00,1.153345e-01,5.024081e-01,-2.583107e-01,5.765764e-01,0,-0.002474,0.261992,-0.384326,4.651370e-01
22.050000,SS,SS,3,8.905033e-01,-1.558965e+00,-1.508011e-01,,,,7.413011e-02,2.098600e+00,-2.977392e+00,1.066538e-01,4.269367e-01,-1.573310e-01,4.673361e-01,0,-0.002331,0.265800,-0.389713,4.717322e-01
22.150000,SS,SS,3,8.528649e-01,-1.474678e+00,-3.267955e-01,,,,7.908284e-02,2.123271e+00,-2.992138e+00,9.711487e-02,3.509961e-01,-5.857238e-02,3.688635e-01,0,-0.002168,0.269642,-0.395094,4.783417e-01
22.250000,SS,SS,3,8.127512e-01,-1.391153e+00,-4.930220e-01,,,,8.357520e-02,2.144530e+00,-3.002257e+00,8.535699e-02,2.737436e-01,3.988347e-02,2.895031e-01,0,-0.001983,0.273503,-0.400447,4.849388e-01
22.350000,SS,SS,3,7.699084e-01,-1.308214e+00,-6.440050e-01,,,,8.750190e-02,2.162222e+00,-3.007572e+00,7.199429e-02,1.948699e-01,1.381138e-01,2.494652e-01,0,-0.001775,0.277369,-0.405746,4.914942e-01
22.450000,SS,SS,3,7.244654e-01,-1.221209e+00,-7.794380e-01,,,,9.094626e-02,2.176335e+00,-3.008454e+00,6.119652e-02,1.136128e-01,2.333907e-01,2.666910e-01,0,-0.001544,0.281225,-0.410969,4.979813e-01
22.550000,SS,SS,3,6.793109e-01,-1.109618e+00,-9.315426e-01,,,,9.398911e-02,2.186630e+00,-3.004878e+00,5.156518e-02,2.745616e-02,3.277469e-01,3.329127e-01,0,-0.001289,0.285055,-0.416094,5.043731e-01
22.650000,SS,SS,3,6.330182e-01,-1.003139e+00,-1.073633e+00,,,,9.666829e-02,2.193175e+00,-2.997211e+00,4.250163e-02,-5.165777e-02,4.077605e-01,4.132113e-01,0,-0.001007,0.288845,-0.421098,5.106427e-01
22.750000,SS,SS,3,5.860751e-01,-9.037652e-01,-1.207999e+00,,,,9.892876e-02,2.196186e+00,-2.985827e+00,2.906479e-02,-1.325255e-01,4.953194e-01,5.135651e-01,0,-0.000698,0.292580,-0.425964,5.167677e-01
22.850000,SS,SS,3,5.383318e-01,-8.114056e-01,-1.329941e+00,,,,1.005745e-01,2.195597e+00,-2.970673e+00,1.294218e-02,-2.113013e-01,5.742858e-01,6.120620e-01,0,-0.000361,0.296246,-0.430670,5.227222e-01
22.950000,SS,SS,3,4.889276e-01,-7.251758e-01,-1.431255e+00,,,,1.015585e-01,2.191361e+00,-2.951740e+00,-2.552729e-03,-2.899683e-01,6.517286e-01,7.133290e-01,0,0.000002,0.299830,-0.435199,5.284848e-01
23.050000,SS,SS,3,4.392686e-01,-6.129979e-01,-1.550764e+00,,,,1.018996e-01,2.183179e+00,-2.928747e+00,-1.790306e-02,-3.778597e-01,7.374588e-01,8.288208e-01,0,0.000390,0.303318,-0.439532,5.340322e-01
23.150000,SS,SS,3,3.887177e-01,-5.015965e-01,-1.655954e+00,,,,1.016033e-01,2.170975e+00,-2.901693e+00,-3.312562e-02,-4.613927e-01,8.158523e-01,9.378675e-01,0,0.000802,0.306695,-0.443647,5.393377e-01
23.250000,SS,SS,3,3.372141e-01,-3.989117e-01,-1.737427e+00,,,,1.006545e-01,2.154902e+00,-2.870884e+00,-4.864022e-02,-5.414992e-01,8.872475e-01,1.040575e+00,0,0.001237,0.309948,-0.447529,5.443818e-01
23.350000,SS,SS,3,2.849352e-01,-3.050659e-01,-1.794489e+00,,,,9.904540e-02,2.135039e+00,-2.836526e+00,-6.407003e-02,-6.186171e-01,9.530410e-01,1.138015e+00,0,0.001693,0.313064,-0.451159,5.491415e-01
23.450000,SS,SS,3,2.320487e-01,-2.204185e-01,-1.826764e+00,,,,9.677607e-02,2.111483e+00,-2.798827e+00,-7.933827e-02,-6.923255e-01,1.012822e+00,1.229397e+00,0,0.002168,0.316031,-0.454522,5.535978e-01
23.550000,SS,SS,3,1.788817e-01,-1.231993e-01,-1.865585e+00,,,,9.386599e-02,2.084164e+00,-2.757797e+00,-9.380030e-02,-7.691173e-01,1.074867e+00,1.325020e+00,0,0.002661,0.318836,-0.457605,5.577327e-01
23.650000,SS,SS,3,1.257896e-01,-1.566784e-02,-1.909791e+00,,,,9.036470e-02,2.053034e+00,-2.713390e+00,-1.071041e-01,-8.453697e-01,1.135961e+00,1.420045e+00,0,0.003170,0.321468,-0.460392,5.615270e-01
23.750000,SS,SS,3,7.318724e-02,7.826571e-02,-1.927021e+00,,,,8.630448e-02,2.018295e+00,-2.665865e+00,-1.198051e-01,-9.139204e-01,1.187053e+00,1.502897e+00,0,0.003693,0.323915,-0.462871,5.649638e-01
23.850000,SS,SS,3,2.144488e-02,1.585190e-01,-1.917133e+00,,,,8.170365e-02,1.980173e+00,-2.615556e+00,-1.318494e-01,-9.768997e-01,1.230673e+00,1.576792e+00,0,0.004230,0.326167,-0.465030,5.680279e-01
23.950000,SS,SS,3,-2.915781e-02,2.250592e-01,-1.880239e+00,,,,7.659357e-02,1.938879e+00,-2.562739e+00,-1.430122e-01,-1.033861e+00,1.266927e+00,1.641470e+00,0,0.004779,0.328215,-0.466859,5.707059e-01
24.050000,SS,SS,3,-7.857235e-02,2.865849e-01,-1.830591e+00,,,,7.101824e-02,1.894563e+00,-2.507611e+00,-1.529383e-01,-1.087421e+00,1.299378e+00,1.701252e+00,0,0.005338,0.330052,-0.468350,5.729874e-01
24.150000,SS,SS,3,-1.273487e-01,3.724079e-01,-1.816251e+00,,,,6.506938e-02,1.847141e+00,-2.450024e+00,-1.604266e-01,-1.145584e+00,1.339288e+00,1.769687e+00,0,0.005907,0.331668,-0.469496,5.748609e-01
24.250000,SS,SS,3,-1.735400e-01,4.402743e-01,-1.774517e+00,,,,5.882885e-02,1.796905e+00,-2.390212e+00,-1.667082e-01,-1.191365e+00,1.365562e+00,1.819863e+00,0,0.006485,0.333058,-0.470290,5.763179e-01
24.350000,SS,SS,3,-2.166080e-01,4.905126e-01,-1.705997e+00,,,,5.232860e-02,1.744244e+00,-2.328662e+00,-1.720806e-01,-1.228947e+00,1.382211e+00,1.857533e+00,0,0.007072,0.334214,-0.470726,5.773491e-01
24.450000,SS,SS,3,-2.562896e-01,5.237240e-01,-1.611354e+00,,,,4.561779e-02,1.689494e+00,-2.265748e+00,-1.762278e-01,-1.257888e+00,1.389744e+00,1.882744e+00,0,0.007668,0.335134,-0.470802,5.779517e-01
24.550000,SS,SS,3,-2.923090e-01,5.403981e-01,-1.491682e+00,,,,3.874477e-02,1.633011e+00,-2.201864e+00,-1.792269e-01,-1.278089e+00,1.387868e+00,1.895207e+00,0,0.008271,0.335813,-0.470518,5.781228e-01
24.650000,SS,SS,3,-3.273882e-01,5.842552e-01,-1.424151e+00,,,,3.181999e-02,1.574783e+00,-2.136898e+00,-1.791464e-01,-1.303979e+00,1.396556e+00,1.919068e+00,0,0.008883,0.336252,-0.469875,5.778640e-01
24.750000,SS,SS,3,-3.583108e-01,6.153569e-01,-1.344172e+00,,,,2.495610e-02,1.515129e+00,-2.071036e+00,-1.774077e-01,-1.317034e+00,1.392422e+00,1.924809e+00,0,0.009504,0.336447,-0.468873,5.771731e-01
24.850000,SS,SS,3,-3.840413e-01,6.272911e-01,-1.241218e+00,,,,1.819415e-02,1.454577e+00,-2.004887e+00,-1.748267e-01,-1.318687e+00,1.375336e+00,1.913387e+00,0,0.010134,0.336399,-0.467517,5.760548e-01
24.950000,SS,SS,3,-4.043908e-01,6.214861e-01,-1.116549e+00,,,,1.157983e-02,1.393598e+00,-1.938972e+00,-1.711412e-01,-1.309558e+00,1.346888e+00,1.886356e+00,0,0.010775,0.336111,-0.465812,5.745150e-01
25.050000,SS,SS,3,-4.192616e-01,5.992525e-01,-9.720126e-01,,,,5.159828e-03,1.332667e+00,-1.873810e+00,-1.664120e-01,-1.289629e+00,1.306909e+00,1.843596e+00,0,0.011426,0.335586,-0.463768,5.725638e-01
25.150000,SS,SS,3,-4.315960e-01,5.900444e-01,-8.641344e-01,,,,-9.721828e-04,1.272000e+00,-1.809553e+00,-1.591337e-01,-1.269216e+00,1.269965e+00,1.802510e+00,0,0.012087,0.334831,-0.461397,5.702149e-01
25.250000,SS,SS,3,-4.404644e-01,5.874544e-01,-7.844292e-01,,,,-6.690182e-03,1.211868e+00,-1.746319e+00,-1.494763e-01,-1.242329e+00,1.229009e+00,1.753906e+00,0,0.012760,0.333851,-0.458709,5.674797e-01
25.350000,SS,SS,3,-4.427853e-01,5.676304e-01,-6.892780e-01,,,,-1.192881e-02,1.152861e+00,-1.684716e+00,-1.389980e-01,-1.200506e+00,1.171241e+00,1.682956e+00,0,0.013445,0.332654,-0.455719,5.643751e-01
25.450000,SS,SS,3,-4.383566e-01,5.327242e-01,-5.809297e-01,,,,-1.665441e-02,1.095587e+00,-1.625452e+00,-1.276905e-01,-1.146530e+00,1.099883e+00,1.593919e+00,0,0.014144,0.331250,-0.452444,5.609208e-01
25.550000,SS,SS,3,-4.272237e-01,4.849700e-01,-4.619746e-01,,,,-2.082226e-02,1.040617e+00,-1.569163e+00,-1.153873e-01,-1.080447e+00,1.015415e+00,1.487195e+00,0,0.014855,0.329651,-0.448904,5.571402e-01
25.650000,SS,SS,3,-4.088809e-01,4.358547e-01,-3.469915e-01,,,,-2.438671e-02,9.884490e-01,-1.516412e+00,-1.019913e-01,-1.005029e+00,9.209407e-01,1.366974e+00,0,0.015580,0.327871,-0.445123,5.530611e-01
25.750000,SS,SS,3,-3.820431e-01,4.089531e-01,-2.661231e-01,,,,-2.728959e-02,9.394133e-01,-1.467560e+00,-8.716882e-02,-9.254053e-01,8.227200e-01,1.241306e+00,0,0.016317,0.325926,-0.441128,5.487148e-01
25.850000,SS,SS,3,-3.483852e-01,3.733303e-01,-1.830809e-01,,,,-2.945586e-02,8.941452e-01,-1.423237e+00,-7.117175e-02,-8.309418e-01,7.085473e-01,1.094335e+00,0,0.017065,0.323831,-0.436946,5.441319e-01
25.950000,SS,SS,3,-3.078076e-01,3.314587e-01,-1.013597e-01,,,,-3.083515e-02,8.532997e-01,-1.384184e+00,-5.396714e-02,-7.241617e-01,5.809685e-01,9.299715e-01,0,0.017824,0.321608,-0.432608,5.393506e-01
26.050000,SS,SS,3,-2.602963e-01,2.859196e-01,-2.462935e-02,,,,-3.136344e-02,8.175089e-01,-1.351086e+00,-3.533241e-02,-6.050957e-01,4.404496e-01,7.492563e-01,0,0.018592,0.319276,-0.428151,5.344119e-01
26.150000,SS,SS,3,-2.057530e-01,2.392567e-01,4.305846e-02,,,,-3.097172e-02,7.874025e-01,-1.324625e+00,-1.518578e-02,-4.740831e-01,2.872395e-01,5.545195e-01,0,0.019367,0.316860,-0.423611,5.293596e-01
26.250000,SS,SS,3,-1.440275e-01,1.940002e-01,9.743364e-02,,,,-2.956851e-02,7.635517e-01,-1.305386e+00,7.339646e-03,-3.331386e-01,1.250232e-01,3.559017e-01,0,0.020148,0.314384,-0.419030,5.242417e-01
26.350000,SS,SS,3,-7.485509e-02,1.522259e-01,1.335737e-01,,,,-2.704447e-02,7.465755e-01,-1.293794e+00,2.945322e-02,-1.802524e-01,-2.391652e-02,1.842021e-01,0,0.020932,0.311877,-0.414451,5.191099e-01
26.460000,DS,DS_interstep,3,,,,2.377882e-01,1.304618e-01,1.317623e+00,-2.820190e-02,7.458061e-01,-1.300160e+00,-2.316535e-01,-1.464947e-01,-1.286040e+00,1.314923e+00,0,0.021040,0.311606,-0.413943,5.185458e-01
26.470000,DS,DS_interstep,3,,,,1.271396e+00,3.015093e+00,-3.761561e-01,-3.290108e-02,7.296061e-01,-1.295562e+00,-9.400608e-01,-3.232655e+00,9.066702e-01,3.486520e+00,0,0.021207,0.311299,-0.413352,5.178964e-01
26.480000,DS,DS_interstep,3,,,,-7.239724e-01,5.500433e-01,-3.823726e+00,-2.819200e-02,7.261000e-01,-1.274837e+00,9.415496e-01,-6.939722e-01,4.132147e+00,4.294503e+00,0,0.021408,0.310975,-0.412725,5.172095e-01
26.490000,DS,DS_interstep,3,,,,-1.650825e+00,-4.255781e-02,-5.000000e+00,-1.935258e-02,7.259976e-01,-1.249774e+00,1.767661e+00,-1.319463e-02,5.000000e+00,5.303282e+00,1,0.021624,0.310649,-0.412093,5.165182e-01
26.500000,DS,DS_interstep,3,,,,-1.974133e+00,-8.708502e-02,-5.000000e+00,-9.210965e-03,7.263561e-01,-1.224712e+00,2.028178e+00,7.897194e-02,5.000000e+00,5.396271e+00,1,0.021843,0.310329,-0.411473,5.158403e-01
26.510000,DS,DS_interstep,3,,,,-2.005865e+00,7.769741e-02,-5.000000e+00,8.892824e-04,7.260089e-01,-1.199760e+00,2.019996e+00,-6.216522e-02,4.978264e+00,5.372835e+00,0,0.022058,0.310020,-0.410870,5.151826e-01
26.520000,DS,DS_interstep,3,,,,-1.878808e+00,1.787089e-01,-5.000000e+00,1.022678e-02,7.252068e-01,-1.174896e+00,1.867537e+00,-1.531501e-01,4.960996e+00,5.303077e+00,0,0.022264,0.309721,-0.410286,5.145458e-01
26.530000,DS,DS_interstep,3,,,,-1.638434e+00,2.549368e-01,-4.915101e+00,1.828841e-02,7.240315e-01,-1.150456e+00,1.612450e+00,-2.278011e-01,4.876171e+00,5.140908e+00,0,0.022459,0.309432,-0.409719,5.139282e-01
26.540000,DS,DS_interstep,3,,,,-1.101154e+00,3.162519e-02,-2.733320e+00,2.363571e-02,7.239484e-01,-1.136865e+00,1.069653e+00,-9.362411e-03,2.706808e+00,2.910508e+00,0,0.022644,0.309152,-0.409166,5.133269e-01
26.550000,DS,DS_interstep,3,,,,-8.145853e-01,1.918284e-01,-2.240872e+00,2.759200e-02,7.229926e-01,-1.125632e+00,7.915029e-01,-1.839196e-01,2.235269e+00,2.378388e+00,0,0.022821,0.308876,-0.408621,5.127341e-01
26.560000,DS,DS_interstep,3,,,,-6.692006e-01,-7.472724e-02,-1.621465e+00,3.086531e-02,7.233179e-01,-1.117391e+00,6.549423e-01,7.229772e-02,1.636915e+00,1.764559e+00,0,0.022991,0.308603,-0.408080,5.121462e-01
26.570000,DS,DS_interstep,3,,,,-4.976126e-01,-1.120143e-01,-1.161799e+00,3.328796e-02,7.238100e-01,-1.111418e+00,4.848398e-01,1.056646e-01,1.183475e+00,1.283296e+00,0,0.023155,0.308333,-0.407543,5.115630e-01
26.580000,DS,DS_interstep,3,,,,-2.951951e-01,-1.258427e-01,-5.753540e-01,3.468121e-02,7.243657e-01,-1.108378e+00,2.789756e-01,1.183854e-01,5.969038e-01,6.694301e-01,0,0.023312,0.308065,-0.407011,5.109848e-01
26.590000,DS,DS_interstep,3,,,,-6.892043e-02,-1.015058e-01,5.596064e-02,3.491842e-02,7.247993e-01,-1.108513e+00,4.777473e-02,9.396910e-02,-3.807427e-02,1.120815e-01,0,0.023460,0.307800,-0.406484,5.104120e-01
26.600000,DS,DS_interstep,3,,,,1.318237e-01,-1.092178e-01,6.362368e-01,3.414308e-02,7.252668e-01,-1.111558e+00,-1.547348e-01,1.007556e-01,-6.201258e-01,6.470321e-01,0,0.023601,0.307536,-0.405963,5.098444e-01
26.610000,DS,DS_interstep,3,,,,2.838916e-01,-1.453816e-01,1.083445e+00,3.261442e-02,7.259086e-01,-1.116839e+00,-3.054109e-01,1.356157e-01,-1.067299e+00,1.118389e+00,0,0.023734,0.307274,-0.405446,5.092809e-01
26.620000,DS,DS_interstep,3,,,,3.854936e-01,-1.976064e-01,1.386318e+00,3.059368e-02,7.268058e-01,-1.123629e+00,-4.038427e-01,1.866967e-01,-1.369205e+00,1.439676e+00,0,0.023860,0.307014,-0.404933,5.087216e-01
26.630000,DS,DS_interstep,3,,,,4.428240e-01,-2.517330e-01,1.556267e+00,2.830607e-02,7.279691e-01,-1.131261e+00,-4.572340e-01,2.399515e-01,-1.537714e+00,1.622099e+00,0,0.023982,0.306755,-0.404425,5.081667e-01
26.640000,DS,DS_interstep,3,,,,4.637693e-01,-2.982349e-01,1.612265e+00,2.593450e-02,7.293615e-01,-1.139164e+00,-4.740500e-01,2.857687e-01,-1.591938e+00,1.685424e+00,0,0.024099,0.306496,-0.403920,5.076140e-01
26.650000,DS,DS_interstep,3,,,,4.593938e-01,-3.284906e-01,1.581270e+00,2.360401e-02,7.309028e-01,-1.146903e+00,-4.658568e-01,3.155446e-01,-1.559197e+00,1.657615e+00,0,0.024212,0.306239,-0.403419,5.070655e-01
26.660000,DS,DS_interstep,3,,,,4.421556e-01,-3.420584e-01,1.504954e+00,2.137533e-02,7.325109e-01,-1.154253e+00,-4.455157e-01,3.289403e-01,-1.481628e+00,1.581742e+00,0,0.024323,0.305982,-0.402921,5.065194e-01
26.670000,DS,DS_interstep,3,,,,4.220268e-01,-3.383650e-01,1.412996e+00,1.925863e-02,7.341010e-01,-1.161141e+00,-4.231390e-01,3.253694e-01,-1.389114e+00,1.488136e+00,0,0.024431,0.305727,-0.402425,5.059760e-01
26.680000,DS,DS_interstep,3,,,,4.053926e-01,-3.209036e-01,1.327003e+00,1.723229e-02,7.356056e-01,-1.167599e+00,-4.050890e-01,3.082549e-01,-1.303240e+00,1.399126e+00,0,0.024538,0.305472,-0.401932,5.054350e-01
26.690000,DS,DS_interstep,3,,,,3.959272e-01,-2.937396e-01,1.258889e+00,1.525667e-02,7.369767e-01,-1.173720e+00,-3.949662e-01,2.815967e-01,-1.235839e+00,1.327627e+00,0,0.024642,0.305219,-0.401442,5.048976e-01
26.700000,DS,DS_interstep,3,,,,3.946116e-01,-2.612836e-01,1.213977e+00,1.328826e-02,7.381883e-01,-1.179621e+00,-3.935420e-01,2.496944e-01,-1.192010e+00,1.279887e+00,0,0.024745,0.304967,-0.400956,5.043639e-01
26.710000,DS,DS_interstep,3,,,,4.007839e-01,-2.262352e-01,1.192233e+00,1.128786e-02,7.392271e-01,-1.185419e+00,-3.999594e-01,2.151476e-01,-1.171508e+00,1.256458e+00,0,0.024845,0.304716,-0.400473,5.038330e-01
26.720000,DS,DS_interstep,3,,,,4.125644e-01,-1.906636e-01,1.190369e+00,9.226458e-03,7.400898e-01,-1.191214e+00,-4.121823e-01,1.799403e-01,-1.170840e+00,1.254248e+00,0,0.024944,0.304467,-0.399993,5.033058e-01
26.730000,DS,DS_interstep,3,,,,4.270740e-01,-1.560987e-01,1.201899e+00,7.090110e-03,7.407804e-01,-1.197071e+00,-4.271917e-01,1.455251e-01,-1.183319e+00,1.266457e+00,0,0.025041,0.304218,-0.399518,5.027825e-01
26.740000,DS,DS_interstep,3,,,,4.408477e-01,-1.238872e-01,1.218499e+00,4.882817e-03,7.413093e-01,-1.203013e+00,-4.414023e-01,1.131942e-01,-1.200440e+00,1.284019e+00,0,0.025135,0.303971,-0.399046,5.022627e-01
26.750000,DS,DS_interstep,3,,,,4.505979e-01,-9.492547e-02,1.231707e+00,2.625409e-03,7.416914e-01,-1.209021e+00,-4.514478e-01,8.383323e-02,-1.213644e+00,1.297600e+00,0,0.025227,0.303725,-0.398577,5.017459e-01
26.760000,DS,DS_interstep,3,,,,4.540937e-01,-6.952510e-02,1.235310e+00,3.499617e-04,7.419433e-01,-1.215044e+00,-4.550783e-01,5.780204e-02,-1.216740e+00,1.300344e+00,0,0.025317,0.303480,-0.398112,5.012327e-01
26.770000,DS,DS_interstep,3,,,,4.507139e-01,-4.732094e-02,1.226818e+00,-1.908535e-03,7.420803e-01,-1.221020e+00,-4.517106e-01,3.482965e-02,-1.207381e+00,1.289583e+00,0,0.025406,0.303236,-0.397650,5.007225e-01
26.780000,DS,DS_interstep,3,,,,4.413584e-01,-2.751859e-02,1.207469e+00,-4.119926e-03,7.421144e-01,-1.226894e+00,-4.423118e-01,1.422817e-02,-1.186999e+00,1.266810e+00,0,0.025492,0.302992,-0.397191,5.002146e-01
26.790000,DS,DS_interstep,3,,,,4.277696e-01,-9.296805e-03,1.180648e+00,-6.263064e-03,7.420535e-01,-1.232628e+00,-4.286830e-01,-4.742017e-03,-1.159154e+00,1.235892e+00,0,0.025576,0.302749,-0.396735,4.997097e-01
26.800000,DS,DS_interstep,3,,,,4.118639e-01,7.891644e-03,1.150379e+00,-8.326559e-03,7.419035e-01,-1.238206e+00,-4.127752e-01,-2.258258e-02,-1.127982e+00,1.201348e+00,0,0.025658,0.302506,-0.396280,4.992054e-01
26.810000,DS,DS_interstep,3,,,,3.952140e-01,2.425188e-02,1.119969e+00,-1.030691e-02,7.416690e-01,-1.243628e+00,-3.961668e-01,-3.948755e-02,-1.096836e+00,1.166858e+00,0,0.025738,0.302263,-0.395828,4.987035e-01
26.820000,DS,DS_interstep,3,,,,3.788639e-01,3.969283e-02,1.091548e+00,-1.220577e-02,7.413551e-01,-1.248905e+00,-3.798887e-01,-5.537515e-02,-1.067848e+00,1.134760e+00,0,0.025817,0.302020,-0.395378,4.982031e-01
26.830000,DS,DS_interstep,3,,,,3.633564e-01,5.398741e-02,1.066049e+00,-1.402741e-02,7.409678e-01,-1.254052e+00,-3.644619e-01,-7.003565e-02,-1.041922e+00,1.106047e+00,0,0.025893,0.301777,-0.394929,4.977034e-01
26.840000,DS,DS_interstep,3,,,,3.488541e-01,6.688026e-02,1.043474e+00,-1.577679e-02,7.405146e-01,-1.259084e+00,-3.500269e-01,-8.323125e-02,-1.019030e+00,1.080680e+00,0,0.025968,0.301534,-0.394482,4.972053e-01
26.850000,DS,DS_interstep,3,,,,3.352784e-01,7.816914e-02,1.023214e+00,-1.745837e-02,7.400037e-01,-1.264014e+00,-3.364861e-01,-9.477382e-02,-9.985292e-01,1.057953e+00,0,0.026041,0.301290,-0.394037,4.967081e-01
26.860000,DS,DS_interstep,3,,,,3.224288e-01,8.773510e-02,1.004349e+00,-1.907557e-02,7.394440e-01,-1.268848e+00,-3.236261e-01,-1.045542e-01,-9.794743e-01,1.036839e+00,0,0.026112,0.301047,-0.393594,4.962130e-01
26.870000,DS,DS_interstep,3,,,,3.100723e-01,9.555177e-02,9.858856e-01,-2.063060e-02,7.388443e-01,-1.273589e+00,-3.112073e-01,-1.125520e-01,-9.608534e-01,1.016247e+00,0,0.026182,0.300803,-0.393152,4.957181e-01
26.880000,DS,DS_interstep,3,,,,2.980017e-01,1.016746e-01,9.669271e-01,-2.212463e-02,7.382132e-01,-1.278234e+00,-2.990216e-01,-1.188259e-01,-9.417576e-01,9.952090e-01,0,0.026249,0.300559,-0.392711,4.952238e-01
26.890000,DS,DS_interstep,3,,,,2.860674e-01,1.062235e-01,9.467757e-01,-2.355809e-02,7.375588e-01,-1.282777e+00,-2.869232e-01,-1.234973e-01,-9.214821e-01,9.729881e-01,0,0.026316,0.300314,-0.392272,4.947306e-01
26.900000,DS,DS_interstep,3,,,,2.741880e-01,1.093608e-01,9.249799e-01,-2.493105e-02,7.368883e-01,-1.287211e+00,-2.748384e-01,-1.267295e-01,-8.995722e-01,9.491189e-01,0,0.026380,0.300069,-0.391834,4.942380e-01
26.910000,DS,DS_interstep,3,,,,2.623455e-01,1.112693e-01,9.013359e-01,-2.624356e-02,7.362080e-01,-1.291525e+00,-2.627584e-01,-1.287063e-01,-8.758234e-01,9.234034e-01,0,0.026444,0.299824,-0.391398,4.937470e-01
26.920000,DS,DS_interstep,3,,,,2.505710e-01,1.121332e-01,8.758591e-01,-2.749583e-02,7.355231e-01,-1.295712e+00,-2.507249e-01,-1.296134e-01,-8.502510e-01,8.958735e-01,0,0.026506,0.299579,-0.390962,4.932559e-01
26.930000,DS,DS_interstep,3,,,,2.389271e-01,1.121236e-01,8.487358e-01,-2.868846e-02,7.348383e-01,-1.299762e+00,-2.388104e-01,-1.296241e-01,-8.230414e-01,8.667352e-01,0,0.026566,0.299333,-0.390528,4.927658e-01
26.940000,DS,DS_interstep,3,,,,2.274903e-01,1.113895e-01,8.202698e-01,-2.982249e-02,7.341571e-01,-1.303670e+00,-2.271002e-01,-1.288902e-01,-7.944984e-01,8.363103e-01,0,0.026626,0.299088,-0.390095,4.922770e-01
26.950000,DS,DS_interstep,3,,,,2.163367e-01,1.100544e-01,7.908311e-01,-3.089935e-02,7.334827e-01,-1.307429e+00,-2.156779e-01,-1.275384e-01,-7.649914e-01,8.049813e-01,0,0.026685,0.298841,-0.389664,4.917886e-01
26.960000,DS,DS_interstep,3,,,,2.055322e-01,1.082169e-01,7.608129e-01,-3.192085e-02,7.328177e-01,-1.311038e+00,-2.046150e-01,-1.256709e-01,-7.349121e-01,7.731470e-01,0,0.026742,0.298595,-0.389233,4.913008e-01
26.970000,DS,DS_interstep,3,,,,1.951271e-01,1.059538e-01,7.305981e-01,-3.288905e-02,7.321642e-01,-1.314496e+00,-1.939659e-01,-1.233677e-01,-7.046419e-01,7.411900e-01,0,0.026799,0.298348,-0.388804,4.908139e-01
26.980000,DS,DS_interstep,3,,,,1.851543e-01,1.033250e-01,7.005372e-01,-3.380621e-02,7.315242e-01,-1.317803e+00,-1.837660e-01,-1.206918e-01,-6.745295e-01,7.094551e-01,0,0.026855,0.298101,-0.388375,4.903270e-01
26.990000,DS,DS_interstep,3,,,,1.756302e-01,1.003780e-01,6.709347e-01,-3.467465e-02,7.308992e-01,-1.320961e+00,-1.740332e-01,-1.176936e-01,-6.448779e-01,6.782380e-01,0,0.026910,0.297854,-0.387948,4.898416e-01
27.000000,DS,DS_interstep,3,,,,1.665572e-01,9.715216e-02,6.420433e-01,-3.549675e-02,7.302905e-01,-1.323975e+00,-1.647703e-01,-1.144147e-01,-6.159381e-01,6.477806e-01,0,0.026964,0.297607,-0.387521,4.893562e-01
27.010000,DS,DS_interstep,3,,,,1.579271e-01,9.368195e-02,6.140629e-01,-3.627479e-02,7.296996e-01,-1.326848e+00,-1.559690e-01,-1.108916e-01,-5.879086e-01,6.182716e-01,0,0.027018,0.297359,-0.387096,4.888718e-01
27.020000,DS,DS_interstep,3,,,,1.497241e-01,8.999921e-02,5.871430e-01,-3.701102e-02,7.291273e-01,-1.329586e+00,-1.476127e-01,-1.071575e-01,-5.609380e-01,5.898506e-01,0,0.027071,0.297111,-0.386671,4.883874e-01
27.030000,DS,DS_interstep,3,,,,1.419277e-01,8.613444e-02,5.613872e-01,-3.770754e-02,7.285747e-01,-1.332195e+00,-1.396799e-01,-1.032438e-01,-5.351294e-01,5.626129e-01,0,0.027123,0.296864,-0.386248,4.879051e-01
27.040000,DS,DS_interstep,3,,,,1.345154e-01,8.211737e-02,5.368589e-01,-3.836637e-02,7.280424e-01,-1.334681e+00,-1.321468e-01,-9.918111e-02,-5.105457e-01,5.366159e-01,0,0.027175,0.296616,-0.385825,4.874223e-01
27.050000,DS,DS_interstep,3,,,,1.274640e-01,7.797714e-02,5.135869e-01,-3.898938e-02,7.275310e-01,-1.337051e+00,-1.249889e-01,-9.499882e-02,-4.872157e-01,5.118849e-01,0,0.027226,0.296368,-0.385403,4.869402e-01
27.060000,DS,DS_interstep,3,,,,1.207511e-01,7.374203e-02,4.915707e-01,-3.957832e-02,7.270410e-01,-1.339309e+00,-1.181821e-01,-9.072537e-02,-4.651389e-01,4.884182e-01,0,0.027277,0.296119,-0.384982,4.864583e-01
27.070000,DS,DS_interstep,3,,,,1.143556e-01,6.943912e-02,4.707861e-01,-4.013484e-02,7.265727e-01,-1.341464e+00,-1.117040e-01,-8.638776e-02,-4.442915e-01,4.661926e-01,0,0.027327,0.295871,-0.384562,4.859777e-01
27.080000,DS,DS_interstep,3,,,,1.082581e-01,6.509390e-02,4.511897e-01,-4.066049e-02,7.261263e-01,-1.343520e+00,-1.055336e-01,-8.201127e-02,-4.246306e-01,4.451678e-01,0,0.027377,0.295623,-0.384142,4.854972e-01
27.090000,DS,DS_interstep,3,,,,1.024408e-01,6.072991e-02,4.327234e-01,-4.115670e-02,7.257019e-01,-1.345483e+00,-9.965186e-02,-7.761912e-02,-4.060984e-01,4.252895e-01,0,0.027427,0.295374,-0.383723,4.850169e-01
27.100000,DS,DS_interstep,3,,,,9.688785e-02,5.636851e-02,4.153180e-01,-4.162483e-02,7.252995e-01,-1.347359e+00,-9.404143e-02,-7.323227e-02,-3.886262e-01,4.064936e-01,0,0.027476,0.295126,-0.383305,4.845379e-01
27.110000,DS,DS_interstep,3,,,,9.158448e-02,5.202874e-02,3.988967e-01,-4.206617e-02,7.249189e-01,-1.349152e+00,-8.868643e-02,-6.886929e-02,-3.721380e-01,3.887093e-01,0,0.027525,0.294877,-0.382888,4.840592e-01
27.120000,DS,DS_interstep,3,,,,8.651738e-02,4.772726e-02,3.833785e-01,-4.248191e-02,7.245599e-01,-1.350868e+00,-8.357236e-02,-6.454641e-02,-3.565532e-01,3.718612e-01,0,0.027573,0.294628,-0.382471,4.835804e-01
27.130000,DS,DS_interstep,3,,,,8.167423e-02,4.347851e-02,3.686807e-01,-4.287321e-02,7.242223e-01,-1.352509e+00,-7.868590e-02,-6.027759e-02,-3.417895e-01,3.558721e-01,0,0.027621,0.294379,-0.382055,4.831024e-01
27.140000,DS,DS_interstep,3,,,,7.704367e-02,3.929481e-02,3.547214e-01,-4.324112e-02,7.239058e-01,-1.354080e+00,-7.401476e-02,-5.607473e-02,-3.277656e-01,3.406653e-01,0,0.027669,0.294131,-0.381639,4.826251e-01
27.150000,DS,DS_interstep,3,,,,7.261509e-02,3.518661e-02,3.414216e-01,-4.358669e-02,7.236098e-01,-1.355584e+00,-6.954758e-02,-5.194786e-02,-3.144027e-01,3.261664e-01,0,0.027716,0.293882,-0.381224,4.821478e-01
27.160000,DS,DS_interstep,3,,,,6.837866e-02,3.116274e-02,3.287072e-01,-4.391087e-02,7.233341e-01,-1.357025e+00,-6.527384e-02,-4.790544e-02,-3.016271e-01,3.123052e-01,0,0.027763,0.293633,-0.380810,4.816714e-01
27.170000,DS,DS_interstep,3,,,,6.432524e-02,2.723063e-02,3.165099e-01,-4.421458e-02,7.230782e-01,-1.358404e+00,-6.118388e-02,-4.395463e-02,-2.893709e-01,2.990167e-01,0,0.027810,0.293384,-0.380396,4.811951e-01
27.180000,DS,DS_interstep,3,,,,6.044636e-02,2.339664e-02,3.047690e-01,-4.449871e-02,7.228415e-01,-1.359723e+00,-5.726880e-02,-4.010149e-02,-2.775734e-01,2.862426e-01,0,0.027856,0.293135,-0.379983,4.807194e-01
27.190000,DS,DS_interstep,3,,,,5.673425e-02,1.966618e-02,2.934312e-01,-4.476407e-02,7.226236e-01,-1.360986e+00,-5.352051e-02,-3.635126e-02,-2.661816e-01,2.739316e-01,0,0.027902,0.292886,-0.379570,4.802438e-01
27.200000,DS,DS_interstep,3,,,,5.318178e-02,1.604399e-02,2.824520e-01,-4.501149e-02,7.224240e-01,-1.362194e+00,-4.993167e-02,-3.270853e-02,-2.551509e-01,2.620401e-01,0,0.027948,0.292637,-0.379157,4.797682e-01
27.210000,DS,DS_interstep,3,,,,4.978246e-02,1.253427e-02,2.717946e-01,-4.524171e-02,7.222420e-01,-1.363348e+00,-4.649566e-02,-2.917742e-02,-2.444448e-01,2.505323e-01,0,0.027994,0.292388,-0.378745,4.792934e-01
27.220000,DS,DS_interstep,3,,,,4.653041e-02,9.140795e-03,2.614306e-01,-4.545547e-02,7.220771e-01,-1.364450e+00,-4.320656e-02,-2.576167e-02,-2.340348e-01,2.393799e-01,0,0.028040,0.292139,-0.378334,4.788194e-01
27.230000,DS,DS_interstep,3,,,,4.342030e-02,5.867029e-03,2.513389e-01,-4.565349e-02,7.219286e-01,-1.365501e+00,-4.005905e-02,-2.246477e-02,-2.238997e-01,2.285617e-01,0,0.028085,0.291890,-0.377923,4.783454e-01
27.240000,DS,DS_interstep,3,,,,4.044728e-02,2.716178e-03,2.415053e-01,-4.583644e-02,7.217961e-01,-1.366503e+00,-3.704837e-02,-1.928998e-02,-2.140252e-01,2.180630e-01,0,0.028130,0.291641,-0.377512,4.778714e-01
27.250000,DS,DS_interstep,3,,,,3.760697e-02,-3.087632e-04,2.319213e-01,-4.600499e-02,7.216788e-01,-1.367457e+00,-3.417023e-02,-1.624041e-02,-2.044029e-01,2.078747e-01,0,0.028175,0.291392,-0.377102,4.773982e-01
27.260000,DS,DS_interstep,3,,,,3.489531e-02,-3.205002e-03,2.225837e-01,-4.615979e-02,7.215761e-01,-1.368364e+00,-3.142072e-02,-1.331898e-02,-1.950294e-01,1.979927e-01,0,0.028220,0.291143,-0.376692,4.769250e-01
27.270000,DS,DS_interstep,3,,,,3.230855e-02,-5.969939e-03,2.134931e-01,-4.630146e-02,7.214874e-01,-1.369225e+00,-2.879625e-02,-1.052844e-02,-1.859050e-01,1.884164e-01,0,0.028264,0.290895,-0.376282,4.764524e-01
27.280000,DS,DS_interstep,3,,,,2.984313e-02,-8.601187e-03,2.046531e-01,-4.643061e-02,7.214120e-01,-1.370041e+00,-2.629346e-02,-7.871371e-03,-1.770335e-01,1.791484e-01,0,0.028309,0.290646,-0.375873,4.759801e-01
27.290000,DS,DS_interstep,3,,,,2.749569e-02,-1.109659e-02,1.960694e-01,-4.654783e-02,7.213492e-01,-1.370815e+00,-2.390914e-02,-5.350105e-03,-1.684202e-01,1.701929e-01,0,0.028353,0.290397,-0.375464,4.755077e-01
27.300000,DS,DS_interstep,3,,,,2.526294e-02,-1.345426e-02,1.877489e-01,-4.665370e-02,7.212983e-01,-1.371547e+00,-2.164018e-02,-2.966731e-03,-1.600719e-01,1.615553e-01,0,0.028397,0.290148,-0.375056,4.750361e-01
27.310000,DS,DS_interstep,3,,,,2.314167e-02,-1.567260e-02,1.796988e-01,-4.674878e-02,7.212586e-01,-1.372238e+00,-1.948355e-02,-7.230378e-04,-1.519956e-01,1.532410e-01,0,0.028441,0.289899,-0.374647,4.745637e-01
27.320000,DS,DS_interstep,3,,,,2.112870e-02,-1.775034e-02,1.719261e-01,-4.683362e-02,7.212294e-01,-1.372890e+00,-1.743621e-02,1.379523e-03,-1.441981e-01,1.452550e-01,0,0.028485,0.289651,-0.374239,4.740927e-01
27.330000,DS,DS_interstep,3,,,,1.922087e-02,-1.968658e-02,1.644368e-01,-4.690875e-02,7.212100e-01,-1.373505e+00,-1.549512e-02,3.339880e-03,-1.366853e-01,1.376013e-01,0,0.028529,0.289402,-0.373832,4.736220e-01
27.340000,DS,DS_interstep,3,,,,1.741500e-02,-2.148084e-02,1.572356e-01,-4.697469e-02,7.211998e-01,-1.374084e+00,-1.365722e-02,5.157376e-03,-1.294618e-01,1.302823e-01,0,0.028573,0.289154,-0.373424,4.731511e-01
27.350000,DS,DS_interstep,3,,,,1.570789e-02,-2.313304e-02,1.503255e-01,-4.703193e-02,7.211979e-01,-1.374628e+00,-1.191942e-02,6.831802e-03,-1.225305e-01,1.232983e-01,0,0.028617,0.288905,-0.373017,4.726804e-01
27.360000,DS,DS_interstep,3,,,,1.409637e-02,-2.464358e-02,1.437078e-01,-4.708097e-02,7.212036e-01,-1.375138e+00,-1.027859e-02,8.363426e-03,-1.158923e-01,1.166474e-01,0,0.028660,0.288657,-0.372610,4.722102e-01
27.370000,DS,DS_interstep,3,,,,1.257721e-02,-2.601332e-02,1.373817e-01,-4.712228e-02,7.212163e-01,-1.375617e+00,-8.731584e-03,9.753013e-03,-1.095466e-01,1.103260e-01,0,0.028704,0.288409,-0.372204,4.717409e-01
27.380000,DS,DS_interstep,3,,,,1.114724e-02,-2.724362e-02,1.313443e-01,-4.715629e-02,7.212353e-01,-1.376066e+00,-7.275239e-03,1.100183e-02,-1.034902e-01,1.043273e-01,0,0.028747,0.288161,-0.371798,4.712716e-01
27.390000,DS,DS_interstep,3,,,,9.803263e-03,-2.833633e-02,1.255909e-01,-4.718347e-02,7.212598e-01,-1.376486e+00,-5.906386e-03,1.211168e-02,-9.771841e-02,9.864312e-02,0,0.028791,0.287912,-0.371392,4.708017e-01
27.400000,DS,DS_interstep,3,,,,8.542128e-03,-2.929377e-02,1.201149e-01,-4.720422e-02,7.212891e-01,-1.376878e+00,-4.621867e-03,1.308485e-02,-9.222456e-02,9.326277e-02,0,0.028834,0.287664,-0.370986,4.703324e-01
27.410000,DS,DS_interstep,3,,,,7.360720e-03,-3.011876e-02,1.149081e-01,-4.721895e-02,7.213227e-01,-1.377244e+00,-3.418549e-03,1.392413e-02,-8.700033e-02,8.817384e-02,0,0.028877,0.287417,-0.370580,4.698638e-01
27.420000,DS,DS_interstep,3,,,,6.255973e-03,-3.081458e-02,1.099608e-01,-4.722805e-02,7.213598e-01,-1.377586e+00,-2.293336e-03,1.463281e-02,-8.203602e-02,8.336238e-02,0,0.028921,0.287169,-0.370175,4.693953e-01
27.430000,DS,DS_interstep,3,,,,5.224884e-03,-3.138493e-02,1.052621e-01,-4.723191e-02,7.213998e-01,-1.377903e+00,-1.243188e-03,1.521460e-02,-7.732070e-02,7.881320e-02,0,0.028964,0.286921,-0.369770,4.689269e-01
27.440000,DS,DS_interstep,3,,,,4.264521e-03,-3.183391e-02,1.008002e-01,-4.723087e-02,7.214421e-01,-1.378199e+00,-2.651238e-04,1.567366e-02,-7.284252e-02,7.451018e-02,0,0.029007,0.286673,-0.369365,4.684584e-01
27.450000,DS,DS_interstep,3,,,,3.372031e-03,-3.216601e-02,9.656254e-02,-4.722529e-02,7.214861e-01,-1.378473e+00,6.437629e-04,1.601449e-02,-6.858896e-02,7.043666e-02,0,0.029050,0.286426,-0.368960,4.679906e-01
27.460000,DS,DS_interstep,3,,,,2.544645e-03,-3.238599e-02,9.253623e-02,-4.721550e-02,7.215312e-01,-1.378726e+00,1.486298e-03,1.624195e-02,-6.454706e-02,6.657577e-02,0,0.029094,0.286179,-0.368556,4.675237e-01
27.470000,DS,DS_interstep,3,,,,1.779685e-03,-3.249895e-02,8.870811e-02,-4.720181e-02,7.215769e-01,-1.378961e+00,2.265220e-03,1.636117e-02,-6.070370e-02,6.291072e-02,0,0.029137,0.285931,-0.368151,4.670553e-01
27.480000,DS,DS_interstep,3,,,,1.074561e-03,-3.251015e-02,8.506510e-02,-4.718454e-02,7.216227e-01,-1.379177e+00,2.983180e-03,1.637751e-02,-5.704578e-02,5.942511e-02,0,0.029180,0.285684,-0.367747,4.665883e-01
27.490000,DS,DS_interstep,3,,,,4.267777e-04,-3.242508e-02,8.159434e-02,-4.716396e-02,7.216681e-01,-1.379376e+00,3.642732e-03,1.629652e-02,-5.356049e-02,5.610323e-02,0,0.029223,0.285437,-0.367343,4.661214e-01
27.500000,DS,DS_interstep,3,,,,-1.660725e-04,-3.224931e-02,7.828342e-02,-4.714038e-02,7.217127e-01,-1.379558e+00,4.246342e-03,1.612387e-02,-5.023542e-02,5.293022e-02,0,0.029266,0.285190,-0.366939,4.656544e-01
27.510000,DS,DS_interstep,3,,,,-7.063076e-04,-3.198853e-02,7.512050e-02,-4.711404e-02,7.217559e-01,-1.379725e+00,4.796384e-03,1.586531e-02,-4.705873e-02,4.989226e-02,0,0.029309,0.284943,-0.366536,4.651883e-01
27.520000,DS,DS_interstep,3,,,,-1.196161e-03,-3.164842e-02,7.209443e-02,-4.708521e-02,7.217975e-01,-1.379876e+00,5.295144e-03,1.552662e-02,-4.401929e-02,4.697672e-02,0,0.029352,0.284696,-0.366132,4.647214e-01
27.530000,DS,DS_interstep,3,,,,-1.637789e-03,-3.123468e-02,6.919485e-02,-4.705413e-02,7.218369e-01,-1.380012e+00,5.744824e-03,1.511356e-02,-4.110677e-02,4.417227e-02,0,0.029396,0.284449,-0.365729,4.642554e-01
27.540000,DS,DS_interstep,3,,,,-2.033268e-03,-3.075293e-02,6.641226e-02,-4.702104e-02,7.218740e-01,-1.380135e+00,6.147550e-03,1.463183e-02,-3.831168e-02,4.146888e-02,0,0.029439,0.284203,-0.365326,4.637899e-01
27.550000,DS,DS_interstep,3,,,,-2.384613e-03,-3.020870e-02,6.373805e-02,-4.698616e-02,7.219083e-01,-1.380244e+00,6.505372e-03,1.408703e-02,-3.562541e-02,3.885787e-02,0,0.029482,0.283956,-0.364923,4.633239e-01
27.560000,DS,DS_interstep,3,,,,-2.693770e-03,-2.960739e-02,6.116450e-02,-4.694971e-02,7.219397e-01,-1.380340e+00,6.820276e-03,1.348464e-02,-3.304025e-02,3.633194e-02,0,0.029525,0.283710,-0.364520,4.628584e-01
27.570000,DS,DS_interstep,3,,,,-2.962634e-03,-2.895427e-02,5.868479e-02,-4.691189e-02,7.219677e-01,-1.380424e+00,7.094188e-03,1.282996e-02,-3.054939e-02,3.388511e-02,0,0.029568,0.283464,-0.364118,4.623938e-01
27.580000,DS,DS_interstep,3,,,,-3.193047e-03,-2.825439e-02,5.629294e-02,-4.687291e-02,7.219923e-01,-1.380496e+00,7.328980e-03,1.212812e-02,-2.814686e-02,3.151271e-02,0,0.029611,0.283217,-0.363715,4.619278e-01
27.590000,DS,DS_interstep,3,,,,-3.386807e-03,-2.751263e-02,5.398382e-02,-4.683293e-02,7.220131e-01,-1.380556e+00,7.526475e-03,1.138403e-02,-2.582751e-02,2.921137e-02,0,0.029654,0.282971,-0.363313,4.614632e-01
27.600000,DS,DS_interstep,3,,,,-3.545674e-03,-2.673364e-02,5.175300e-02,-4.679215e-02,7.220300e-01,-1.380605e+00,7.688456e-03,1.060239e-02,-2.358692e-02,2.697899e-02,0,0.029697,0.282725,-0.362911,4.609986e-01
27.610000,DS,DS_interstep,3,,,,-3.671374e-03,-2.592185e-02,4.959678e-02,-4.675073e-02,7.220428e-01,-1.380643e+00,7.816669e-03,9.787667e-03,-2.142138e-02,2.481480e-02,0,0.029741,0.282479,-0.362509,4.605341e-01
27.620000,DS,DS_interstep,3,,,,-3.765602e-03,-2.508146e-02,4.751204e-02,-4.670882e-02,7.220514e-01,-1.380670e+00,7.912830e-03,8.944091e-03,-1.932775e-02,2.271941e-02,0,0.029784,0.282233,-0.362107,4.600696e-01
27.630000,DS,DS_interstep,3,,,,-3.830028e-03,-2.421643e-02,4.549618e-02,-4.666660e-02,7.220557e-01,-1.380688e+00,7.978625e-03,8.075649e-03,-1.730344e-02,2.069501e-02,0,0.029827,0.281987,-0.361705,4.596051e-01
27.640000,DS,DS_interstep,3,,,,-3.866296e-03,-2.333049e-02,4.354705e-02,-4.662419e-02,7.220555e-01,-1.380695e+00,8.015715e-03,7.186087e-03,-1.534626e-02,1.874565e-02,0,0.029870,0.281742,-0.361303,4.591412e-01
27.650000,SS,SS,4,6.682294e-01,-1.461251e+00,4.999960e+00,,,,-5.790211e-02,7.096367e-01,-1.430448e+00,-5.700535e-01,4.542456e-01,-2.600931e+00,2.701137e+00,0,0.030244,0.279274,-0.357404,4.545836e-01
27.750000,SS,SS,4,7.180288e-01,-1.548486e+00,4.999979e+00,,,,-8.604198e-02,7.286297e-01,-1.560123e+00,-6.815314e-01,7.655602e-01,-3.660627e+00,3.801415e+00,0,0.030320,0.276907,-0.353992,4.504521e-01
27.850000,SS,SS,4,6.617993e-01,-1.505026e+00,4.999988e+00,,,,-1.208316e-01,7.668741e-01,-1.745762e+00,-8.340971e-01,1.173902e+00,-4.812588e+00,5.023422e+00,0,0.030016,0.274714,-0.351283,4.469547e-01
27.950000,SS,SS,4,5.962154e-01,-1.479443e+00,4.999990e+00,,,,-1.605215e-01,8.276814e-01,-1.964692e+00,-8.011355e-01,1.608280e+00,-5.000000e+00,5.313039e+00,1,0.029263,0.272773,-0.349465,4.442828e-01
28.050000,SS,SS,4,4.842398e-01,-1.426041e+00,4.999990e+00,,,,-1.930404e-01,9.054639e-01,-2.180960e+00,-6.080030e-01,1.918508e+00,-4.820701e+00,5.223935e+00,0,0.028097,0.271160,-0.348570,4.425135e-01
28.150000,SS,SS,4,3.828555e-01,-1.391992e+00,4.999990e+00,,,,-2.200682e-01,9.998504e-01,-2.396260e+00,-5.024066e-01,2.259972e+00,-4.791384e+00,5.321395e+00,0,0.026593,0.269930,-0.348575,4.416717e-01
28.250000,SS,SS,4,2.777002e-01,-1.365885e+00,4.999990e+00,,,,-2.437035e-01,1.109930e+00,-2.613199e+00,-4.219619e-01,2.546774e+00,-4.774407e+00,5.427621e+00,0,0.024793,0.269142,-0.349482,4.418029e-01
28.350000,SS,SS,4,1.518174e-01,-1.336200e+00,4.999989e+00,,,,-2.647296e-01,1.233222e+00,-2.831749e+00,-3.634694e-01,2.778922e+00,-4.762035e+00,5.525531e+00,0,0.022735,0.268843,-0.351286,4.429394e-01
28.450000,SS,SS,4,1.511836e-03,-1.293397e+00,4.999989e+00,,,,-2.844390e-01,1.367333e+00,-3.052635e+00,-3.383028e-01,2.954032e+00,-4.769873e+00,5.620715e+00,0,0.020445,0.269069,-0.353981,4.451052e-01
28.550000,SS,SS,4,-1.708578e-01,-1.226743e+00,4.999987e+00,,,,-3.070308e-01,1.506784e+00,-3.275265e+00,-4.700467e-01,2.976058e+00,-4.797727e+00,5.665338e+00,0,0.017928,0.269838,-0.357548,4.483018e-01
28.650000,SS,SS,4,-3.919559e-01,-1.068109e+00,4.999984e+00,,,,-3.384363e-01,1.647484e+00,-3.505395e+00,-6.571000e-01,2.914196e+00,-4.933857e+00,5.767778e+00,0,0.015133,0.271150,-0.361978,4.525256e-01
28.750000,SS,SS,4,-6.902118e-01,-7.603326e-01,4.999981e+00,,,,-3.780753e-01,1.783881e+00,-3.739278e+00,-8.159394e-01,2.733237e+00,-5.000000e+00,5.756417e+00,1,0.011998,0.272986,-0.367264,4.577643e-01
28.850000,SS,SS,4,-1.036283e+00,-3.205935e-01,4.999973e+00,,,,-4.256059e-01,1.911605e+00,-3.975025e+00,-9.735617e-01,2.471149e+00,-5.000000e+00,5.661661e+00,1,0.008475,0.275302,-0.373395,4.639901e-01
28.950000,SS,SS,4,-1.405302e+00,2.395816e-01,4.999926e+00,,,,-4.810574e-01,2.026583e+00,-4.212530e+00,-1.127266e+00,2.120242e+00,-5.000000e+00,5.546725e+00,1,0.004518,0.278039,-0.380364,4.711718e-01
29.050000,SS,SS,4,-1.812064e+00,9.097120e-01,4.754484e+00,,,,-5.443037e-01,2.124355e+00,-4.451781e+00,-1.277339e+00,1.675065e+00,-5.000000e+00,5.425628e+00,1,0.000085,0.281121,-0.388168,4.792738e-01
29.150000,SS,SS,4,-2.251247e+00,1.670656e+00,4.157484e+00,,,,-6.131993e-01,2.202439e+00,-4.686354e+00,-1.240480e+00,1.237157e+00,-4.322440e+00,4.663994e+00,0,-0.004853,0.284457,-0.396777,4.882329e-01
29.250000,SS,SS,4,-2.744303e+00,2.499468e+00,3.136423e+00,,,,-6.650402e-01,2.256779e+00,-4.838557e+00,-6.834385e-01,6.516283e-01,-1.783469e+00,2.018036e+00,0,-0.010183,0.287955,-0.405897,4.977692e-01
29.350000,SS,SS,4,-3.221667e+00,3.328454e+00,1.614417e+00,,,,-6.941547e-01,2.285734e+00,-4.885498e+00,-3.012213e-01,1.962294e-01,9.070545e-02,3.707664e-01,0,-0.015638,0.291509,-0.415115,5.074865e-01
29.450000,SS,SS,4,-3.436103e+00,4.007976e+00,1.145010e+00,,,,-7.102202e-01,2.293071e+00,-4.862555e+00,6.599835e-02,-3.113935e-01,1.716739e+00,1.746000e+00,0,-0.021042,0.295035,-0.424147,5.170968e-01
29.550000,SS,SS,4,-3.485300e+00,4.557871e+00,1.374438e+00,,,,-7.106890e-01,2.275783e+00,-4.769883e+00,3.258164e-01,-7.764599e-01,2.942034e+00,3.060165e+00,0,-0.026225,0.298438,-0.432738,5.263223e-01
29.650000,SS,SS,4,-3.374176e+00,4.939881e+00,2.044689e+00,,,,-7.013792e-01,2.234547e+00,-4.626716e+00,5.134845e-01,-1.249299e+00,3.893848e+00,4.121464e+00,0,-0.031066,0.301634,-0.440694,5.349387e-01
29.750000,SS,SS,4,-3.399817e+00,4.999939e+00,1.604417e+00,,,,-6.818980e-01,2.168658e+00,-4.432931e+00,7.182993e-01,-1.744982e+00,4.884052e+00,5.235922e+00,0,-0.035467,0.304538,-0.447850,5.427439e-01
29.850000,SS,SS,4,-3.387079e+00,4.999966e+00,9.264167e-01,,,,-6.576290e-01,2.077285e+00,-4.221517e+00,6.948364e-01,-2.239215e+00,4.934534e+00,5.463196e+00,0,-0.039355,0.307062,-0.454068,5.495577e-01
29.950000,SS,SS,4,-3.280498e+00,4.999967e+00,2.316729e-01,,,,-6.366654e-01,1.961442e+00,-4.012149e+00,5.968221e-01,-2.732415e+00,4.792688e+00,5.549067e+00,0,-0.042751,0.309122,-0.459344,5.553206e-01
30.050000,SS,SS,4,-3.126452e+00,4.999949e+00,-4.674209e-01,,,,-6.175066e-01,1.822575e+00,-3.801908e+00,5.568089e-01,-3.175018e+00,4.779566e+00,5.764983e+00,0,-0.045690,0.310638,-0.463695,5.599970e-01
30.150000,SS,SS,4,-2.926151e+00,4.976961e+00,-1.168517e+00,,,,-5.983512e-01,1.664588e+00,-3.589638e+00,5.506356e-01,-3.510114e+00,4.775686e+00,5.952418e+00,0,-0.048191,0.311543,-0.467127,5.635504e-01
30.250000,SS,SS,4,-2.743076e+00,4.498774e+00,-1.837473e+00,,,,-5.766830e-01,1.495443e+00,-3.374773e+00,6.182853e-01,-3.658236e+00,4.814441e+00,6.078142e+00,0,-0.050254,0.311793,-0.469650,5.659607e-01
30.350000,SS,SS,4,-2.514631e+00,3.874978e+00,-2.474409e+00,,,,-5.492248e-01,1.322876e+00,-3.155985e+00,7.521517e-01,-3.619537e+00,4.878839e+00,6.121262e+00,0,-0.051857,0.311379,-0.471277,5.672284e-01
30.450000,SS,SS,4,-2.220904e+00,3.127080e+00,-3.070180e+00,,,,-5.127342e-01,1.156512e+00,-2.932792e+00,9.559636e-01,-3.351434e+00,4.980899e+00,6.079090e+00,0,-0.052952,0.310325,-0.472021,5.673706e-01
30.550000,SS,SS,4,-1.849379e+00,2.280118e+00,-3.618603e+00,,,,-4.666926e-01,1.013267e+00,-2.707212e+00,1.118294e+00,-2.633359e+00,5.000000e+00,5.760656e+00,1,-0.053483,0.308708,-0.471894,5.664318e-01
30.650000,SS,SS,4,-1.440021e+00,1.442306e+00,-4.019991e+00,,,,-4.105059e-01,9.102151e-01,-2.479808e+00,1.328212e+00,-1.622840e+00,5.000000e+00,5.421970e+00,1,-0.053403,0.306678,-0.470906,5.644960e-01
30.750000,SS,SS,4,-1.007757e+00,7.212877e-01,-4.140366e+00,,,,-3.467698e-01,8.457981e-01,-2.250600e+00,1.349478e+00,-9.987353e-01,5.000000e+00,5.274331e+00,1,-0.052671,0.304410,-0.469049,5.616464e-01
30.850000,SS,SS,4,-5.825276e-01,1.950922e-01,-4.049190e+00,,,,-2.897720e-01,8.002046e-01,-2.040870e+00,1.096750e+00,-7.051140e-01,4.075631e+00,4.279114e+00,0,-0.051335,0.302006,-0.466420,5.580238e-01
30.950000,SS,SS,4,-2.477775e-01,-2.244137e-01,-3.960347e+00,,,,-2.417858e-01,7.636891e-01,-1.863386e+00,9.049176e-01,-5.546307e-01,3.429397e+00,3.589882e+00,0,-0.049521,0.299513,-0.463174,5.537965e-01
31.060000,DS,DS_interstep,4,,,,4.297066e-01,1.816888e+00,-4.834501e+00,-2.438373e-01,7.545012e-01,-1.839022e+00,-4.126470e-01,-1.830038e+00,4.854720e+00,5.204577e+00,0,-0.049294,0.299266,-0.462712,5.532562e-01
31.070000,DS,DS_interstep,4,,,,1.374074e+00,5.000000e+00,-5.000000e+00,-2.497700e-01,7.294647e-01,-1.813932e+00,-1.188969e+00,-5.000000e+00,5.000000e+00,7.170331e+00,1,-0.049033,0.298950,-0.462064,5.525201e-01
31.080000,DS,DS_interstep,4,,,,4.385332e-01,5.000000e+00,-5.000000e+00,-2.512714e-01,7.044292e-01,-1.788842e+00,-3.027552e-01,-5.000000e+00,5.000000e+00,7.077546e+00,1,-0.048752,0.298580,-0.461321,5.516737e-01
31.090000,DS,DS_interstep,4,,,,-5.578229e-02,5.000000e+00,-5.000000e+00,-2.505173e-01,6.793949e-01,-1.763753e+00,1.483201e-01,-5.000000e+00,5.000000e+00,7.072623e+00,1,-0.048459,0.298176,-0.460543,5.507786e-01
31.100000,DS,DS_interstep,4,,,,-3.839254e-01,4.325145e+00,-5.000000e+00,-2.483018e-01,6.570263e-01,-1.738666e+00,4.405956e-01,-4.467046e+00,5.000000e+00,6.719273e+00,1,-0.048162,0.297754,-0.459767,5.498752e-01
31.110000,DS,DS_interstep,4,,,,-1.999904e+00,-6.969875e-01,-5.000000e+00,-2.381580e-01,6.601126e-01,-1.713608e+00,2.026332e+00,6.238651e-01,4.994106e+00,5.425525e+00,0,-0.047868,0.297334,-0.459021,5.489983e-01
31.120000,DS,DS_interstep,4,,,,-2.312952e+00,-2.730533e+00,-5.000000e+00,-2.265658e-01,6.738432e-01,-1.689177e+00,2.316102e+00,2.752831e+00,4.869196e+00,6.054046e+00,0,-0.047580,0.296932,-0.458322,5.481711e-01
31.130000,DS,DS_interstep,4,,,,-2.098789e+00,-3.239873e+00,-5.000000e+00,-2.160819e-01,6.903744e-01,-1.664945e+00,2.094565e+00,3.313116e+00,4.829599e+00,6.220046e+00,0,-0.047299,0.296555,-0.457673,5.473999e-01
31.140000,DS,DS_interstep,4,,,,-1.717887e+00,-2.950663e+00,-5.000000e+00,-2.075077e-01,7.055691e-01,-1.640711e+00,1.712709e+00,3.045969e+00,4.830075e+00,5.961621e+00,0,-0.047025,0.296207,-0.457072,5.466852e-01
31.150000,DS,DS_interstep,4,,,,-1.326730e+00,-2.274874e+00,-5.000000e+00,-2.008806e-01,7.174035e-01,-1.616386e+00,1.323361e+00,2.374039e+00,4.848611e+00,5.558451e+00,0,-0.046756,0.295886,-0.456511,5.460192e-01
31.160000,DS,DS_interstep,4,,,,-9.864035e-01,-1.461043e+00,-5.000000e+00,-1.959408e-01,7.251328e-01,-1.591934e+00,9.859789e-01,1.553103e+00,4.874427e+00,5.210021e+00,0,-0.046492,0.295590,-0.455985,5.453964e-01
31.170000,DS,DS_interstep,4,,,,-7.146398e-01,-6.582585e-01,-5.000000e+00,-1.923434e-01,7.287818e-01,-1.567343e+00,7.175318e-01,7.371142e-01,4.902315e+00,5.009080e+00,0,-0.046232,0.295314,-0.455487,5.448084e-01
31.180000,DS,DS_interstep,4,,,,-5.102348e-01,4.935583e-02,-5.000000e+00,-1.897515e-01,7.288126e-01,-1.542616e+00,5.164521e-01,1.346670e-02,4.929743e+00,4.956740e+00,0,-0.045976,0.295055,-0.455009,5.442467e-01
31.190000,DS,DS_interstep,4,,,,-3.433345e-01,6.169282e-01,-4.851556e+00,-1.879785e-01,7.259222e-01,-1.518505e+00,3.527164e-01,-5.707955e-01,4.807027e+00,4.853630e+00,0,-0.045721,0.294808,-0.454547,5.437050e-01
31.200000,DS,DS_interstep,4,,,,1.453891e-01,9.584263e-01,-2.049902e+00,-1.886341e-01,7.212431e-01,-1.508285e+00,-1.330190e-01,-9.285589e-01,2.028737e+00,2.235104e+00,0,-0.045469,0.294569,-0.454094,5.431756e-01
31.210000,DS,DS_interstep,4,,,,2.306208e-01,9.962320e-01,-6.652799e-01,-1.896978e-01,7.162745e-01,-1.504893e+00,-2.146309e-01,-9.865432e-01,6.633434e-01,1.208039e+00,0,-0.045217,0.294335,-0.453648,5.426547e-01
31.220000,DS,DS_interstep,4,,,,2.584564e-01,9.613551e-01,1.940013e-01,-1.908986e-01,7.114293e-01,-1.505768e+00,-2.420555e-01,-9.618918e-01,-1.899283e-01,1.009901e+00,0,-0.044967,0.294103,-0.453207,5.421395e-01
31.230000,DS,DS_interstep,4,,,,2.709330e-01,8.683509e-01,7.019410e-01,-1.921616e-01,7.070116e-01,-1.509155e+00,-2.545123e-01,-8.764408e-01,-6.925998e-01,1.145696e+00,0,-0.044718,0.293872,-0.452770,5.416282e-01
31.240000,DS,DS_interstep,4,,,,2.584173e-01,7.663766e-01,7.906783e-01,-1.933600e-01,7.030739e-01,-1.512954e+00,-2.416197e-01,-7.804983e-01,-7.748270e-01,1.126017e+00,0,-0.044469,0.293641,-0.452336,5.411196e-01
31.250000,DS,DS_interstep,4,,,,2.313155e-01,5.479660e-01,6.801801e-01,-1.944219e-01,7.002003e-01,-1.516156e+00,-2.143189e-01,-5.676943e-01,-6.555325e-01,8.932705e-01,0,-0.044222,0.293408,-0.451902,5.406101e-01
31.260000,DS,DS_interstep,4,,,,2.152650e-01,3.598385e-01,5.442593e-01,-1.954056e-01,6.982576e-01,-1.518655e+00,-1.986815e-01,-3.815515e-01,-5.150049e-01,6.710335e-01,0,-0.043975,0.293174,-0.451469,5.401010e-01
31.270000,DS,DS_interstep,4,,,,2.122117e-01,2.285879e-01,4.454406e-01,-1.963761e-01,6.969725e-01,-1.520652e+00,-1.960646e-01,-2.500603e-01,-4.146841e-01,5.224312e-01,0,-0.043729,0.292938,-0.451035,5.395901e-01
31.280000,DS,DS_interstep,4,,,,2.123658e-01,1.386875e-01,3.768730e-01,-1.973489e-01,6.961419e-01,-1.522306e+00,-1.965370e-01,-1.591578e-01,-3.458711e-01,4.284680e-01,0,-0.043485,0.292702,-0.450601,5.390795e-01
31.290000,DS,DS_interstep,4,,,,2.140870e-01,7.670812e-02,3.366668e-01,-1.983317e-01,6.956278e-01,-1.523760e+00,-1.985313e-01,-9.585970e-02,-3.061849e-01,3.772969e-01,0,-0.043241,0.292465,-0.450166,5.385675e-01
31.300000,DS,DS_interstep,4,,,,2.185567e-01,3.828095e-02,3.114529e-01,-1.993380e-01,6.953128e-01,-1.525094e+00,-2.032481e-01,-5.604138e-02,-2.819226e-01,3.520380e-01,0,-0.042999,0.292228,-0.449732,5.380567e-01
31.310000,DS,DS_interstep,4,,,,2.256007e-01,9.646220e-03,2.766545e-01,-2.003807e-01,6.951458e-01,-1.526256e+00,-2.105465e-01,-2.644057e-02,-2.476703e-01,3.261434e-01,0,-0.042758,0.291990,-0.449299,5.375463e-01
31.320000,DS,DS_interstep,4,,,,2.316238e-01,-3.286444e-02,2.239875e-01,-2.014550e-01,6.951931e-01,-1.527153e+00,-2.168788e-01,1.640256e-02,-1.946542e-01,2.918831e-01,0,-0.042518,0.291752,-0.448865,5.370352e-01
31.330000,DS,DS_interstep,4,,,,2.394262e-01,-7.844249e-02,1.667908e-01,-2.025702e-01,6.954702e-01,-1.527762e+00,-2.250473e-01,6.237988e-02,-1.371681e-01,2.708369e-01,0,-0.042280,0.291514,-0.448431,5.365243e-01
31.340000,DS,DS_interstep,4,,,,2.478317e-01,-1.237189e-01,1.078914e-01,-2.037291e-01,6.959758e-01,-1.528076e+00,-2.338158e-01,1.080818e-01,-7.796334e-02,2.691278e-01,0,-0.042042,0.291277,-0.447998,5.360150e-01
31.350000,DS,DS_interstep,4,,,,2.558005e-01,-1.664510e-01,4.952841e-02,-2.049295e-01,6.966974e-01,-1.528096e+00,-2.421335e-01,1.512717e-01,-1.932582e-02,2.861560e-01,0,-0.041807,0.291039,-0.447564,5.355045e-01
31.360000,DS,DS_interstep,4,,,,2.626501e-01,-2.047748e-01,-5.719643e-03,-2.061657e-01,6.976129e-01,-1.527839e+00,-2.493064e-01,1.900803e-01,3.613569e-02,3.155788e-01,0,-0.041572,0.290802,-0.447130,5.349946e-01
31.370000,DS,DS_interstep,4,,,,2.679759e-01,-2.371424e-01,-5.510642e-02,-2.074300e-01,6.986927e-01,-1.527334e+00,-2.549183e-01,2.229463e-01,8.565982e-02,3.493222e-01,0,-0.041340,0.290565,-0.446696,5.344851e-01
31.380000,DS,DS_interstep,4,,,,2.715786e-01,-2.623802e-01,-9.605646e-02,-2.087134e-01,6.999012e-01,-1.526624e+00,-2.587612e-01,2.486777e-01,1.266649e-01,3.805811e-01,0,-0.041108,0.290328,-0.446262,5.339756e-01
31.390000,DS,DS_interstep,4,,,,2.734095e-01,-2.797501e-01,-1.264919e-01,-2.100068e-01,7.011987e-01,-1.525763e+00,-2.607813e-01,2.665168e-01,1.570719e-01,4.046105e-01,0,-0.040879,0.290093,-0.445828,5.334676e-01
31.400000,DS,DS_interstep,4,,,,2.735255e-01,-2.889768e-01,-1.450775e-01,-2.113014e-01,7.025445e-01,-1.524809e+00,-2.610343e-01,2.761690e-01,1.755479e-01,4.185992e-01,0,-0.040650,0.289857,-0.445394,5.329590e-01
31.410000,DS,DS_interstep,4,,,,2.720505e-01,-2.902278e-01,-1.513515e-01,-2.125890e-01,7.038982e-01,-1.523824e+00,-2.596475e-01,2.777843e-01,1.816375e-01,4.213943e-01,0,-0.040424,0.289623,-0.444960,5.324519e-01
31.420000,DS,DS_interstep,4,,,,2.691459e-01,-2.840520e-01,-1.457333e-01,-2.138623e-01,7.052225e-01,-1.522869e+00,-2.567878e-01,2.718975e-01,1.757700e-01,4.132352e-01,0,-0.040198,0.289389,-0.444526,5.319448e-01
31.430000,DS,DS_interstep,4,,,,2.649884e-01,-2.712896e-01,-1.294178e-01,-2.151148e-01,7.064839e-01,-1.521997e+00,-2.526388e-01,2.593387e-01,1.591542e-01,3.954908e-01,0,-0.039974,0.289156,-0.444091,5.314376e-01
31.440000,DS,DS_interstep,4,,,,2.597569e-01,-2.529709e-01,-1.041876e-01,-2.163409e-01,7.076542e-01,-1.521253e+00,-2.473869e-01,2.411327e-01,1.335894e-01,3.703936e-01,0,-0.039752,0.288924,-0.443658,5.309329e-01
31.450000,DS,DS_interstep,4,,,,2.536272e-01,-2.302175e-01,-7.218007e-02,-2.175361e-01,7.087107e-01,-1.520671e+00,-2.412141e-01,2.184007e-01,1.012313e-01,3.407798e-01,0,-0.039531,0.288693,-0.443224,5.304280e-01
31.460000,DS,DS_interstep,4,,,,2.467693e-01,-2.041580e-01,-3.565291e-02,-2.186967e-01,7.096367e-01,-1.520273e+00,-2.342964e-01,1.922757e-01,6.435513e-02,3.098489e-01,0,-0.039311,0.288462,-0.442791,5.299241e-01
31.470000,DS,DS_interstep,4,,,,2.393470e-01,-1.758647e-01,3.217650e-03,-2.198197e-01,7.104203e-01,-1.520072e+00,-2.268019e-01,1.638387e-01,2.515308e-02,2.809180e-01,0,-0.039093,0.288232,-0.442358,5.294210e-01
31.480000,DS,DS_interstep,4,,,,2.315156e-01,-1.463100e-01,4.248420e-02,-2.209031e-01,7.110552e-01,-1.520068e+00,-2.188894e-01,1.340734e-01,-1.441481e-02,2.570915e-01,0,-0.038876,0.288003,-0.441926,5.289193e-01
31.490000,DS,DS_interstep,4,,,,2.234176e-01,-1.163410e-01,8.051496e-02,-2.219456e-01,7.115388e-01,-1.520255e+00,-2.107039e-01,1.038407e-01,-5.270780e-02,2.407429e-01,0,-0.038660,0.287774,-0.441494,5.284178e-01
31.500000,DS,DS_interstep,4,,,,2.151783e-01,-8.666873e-02,1.160263e-01,-2.229463e-01,7.118725e-01,-1.520621e+00,-2.023728e-01,7.386546e-02,-8.843694e-02,2.328775e-01,0,-0.038445,0.287545,-0.441063,5.279173e-01
31.510000,DS,DS_interstep,4,,,,2.069018e-01,-5.786721e-02,1.480743e-01,-2.239051e-01,7.120606e-01,-1.521149e+00,-1.940018e-01,4.473553e-02,-1.206564e-01,2.328002e-01,0,-0.038231,0.287317,-0.440632,5.274175e-01
31.520000,DS,DS_interstep,4,,,,1.986688e-01,-3.038025e-02,1.760217e-01,-2.248223e-01,7.121095e-01,-1.521816e+00,-1.856727e-01,1.690713e-02,-1.487294e-01,2.384966e-01,0,-0.038019,0.287089,-0.440202,5.269187e-01
31.530000,DS,DS_interstep,4,,,,1.905365e-01,-4.533020e-03,1.994921e-01,-2.256982e-01,7.120275e-01,-1.522601e+00,-1.774436e-01,-9.283758e-03,-1.722823e-01,2.474947e-01,0,-0.037807,0.286862,-0.439773,5.264214e-01
31.540000,DS,DS_interstep,4,,,,1.825415e-01,1.945312e-02,2.183236e-01,-2.265337e-01,7.118239e-01,-1.523481e+00,-1.693518e-01,-3.360687e-02,-1.911567e-01,2.575856e-01,0,-0.037596,0.286634,-0.439344,5.259236e-01
31.550000,DS,DS_interstep,4,,,,1.747030e-01,4.144440e-02,2.325248e-01,-2.273294e-01,7.115087e-01,-1.524432e+00,-1.614170e-01,-5.592138e-02,-2.053661e-01,2.671290e-01,0,-0.037387,0.286407,-0.438916,5.254275e-01
31.560000,DS,DS_interstep,4,,,,1.670278e-01,6.137821e-02,2.422384e-01,-2.280862e-01,7.110923e-01,-1.525431e+00,-1.536461e-01,-7.615941e-02,-2.150579e-01,2.750587e-01,0,-0.037178,0.286180,-0.438488,5.249314e-01
31.570000,DS,DS_interstep,4,,,,1.595147e-01,7.924773e-02,2.477100e-01,-2.288050e-01,7.105852e-01,-1.526457e+00,-1.460381e-01,-9.431040e-02,-2.204824e-01,2.807740e-01,0,-0.036970,0.285952,-0.438061,5.244357e-01
31.580000,DS,DS_interstep,4,,,,1.521587e-01,9.508816e-02,2.492626e-01,-2.294865e-01,7.099977e-01,-1.527490e+00,-1.385880e-01,-1.104072e-01,-2.219676e-01,2.840176e-01,0,-0.036763,0.285724,-0.437634,5.239401e-01
31.590000,DS,DS_interstep,4,,,,1.449534e-01,1.089653e-01,2.472757e-01,-2.301314e-01,7.093396e-01,-1.528513e+00,-1.312893e-01,-1.245144e-01,-2.198973e-01,2.847728e-01,0,-0.036557,0.285497,-0.437208,5.234461e-01
31.600000,DS,DS_interstep,4,,,,1.378939e-01,1.209660e-01,2.421667e-01,-2.307406e-01,7.086206e-01,-1.529510e+00,-1.241371e-01,-1.367187e-01,-2.146929e-01,2.831873e-01,0,-0.036352,0.285269,-0.436782,5.229516e-01
31.610000,DS,DS_interstep,4,,,,1.309771e-01,1.311911e-01,2.343742e-01,-2.313147e-01,7.078496e-01,-1.530468e+00,-1.171281e-01,-1.471215e-01,-2.067964e-01,2.795147e-01,0,-0.036147,0.285040,-0.436357,5.224575e-01
31.620000,DS,DS_interstep,4,,,,1.242023e-01,1.397501e-01,2.243433e-01,-2.318544e-01,7.070351e-01,-1.531375e+00,-1.102616e-01,-1.558331e-01,-1.966559e-01,2.740714e-01,0,-0.035943,0.284812,-0.435932,5.219641e-01
31.630000,DS,DS_interstep,4,,,,1.175708e-01,1.467567e-01,2.125118e-01,-2.323605e-01,7.061849e-01,-1.532222e+00,-1.035389e-01,-1.629690e-01,-1.847120e-01,2.672035e-01,0,-0.035740,0.284583,-0.435507,5.214702e-01
31.640000,DS,DS_interstep,4,,,,1.110853e-01,1.523261e-01,1.992992e-01,-2.328336e-01,7.053064e-01,-1.533002e+00,-9.696278e-02,-1.686462e-01,-1.713862e-01,2.592615e-01,0,-0.035537,0.284354,-0.435083,5.209772e-01
31.650000,DS,DS_interstep,4,,,,1.047493e-01,1.565727e-01,1.850965e-01,-2.332747e-01,7.044062e-01,-1.533711e+00,-9.053672e-02,-1.729811e-01,-1.570711e-01,2.505807e-01,0,-0.035335,0.284125,-0.434659,5.204844e-01
31.660000,DS,DS_interstep,4,,,,9.856624e-02,1.596084e-01,1.702591e-01,-2.336843e-01,7.034906e-01,-1.534344e+00,-8.426424e-02,-1.760878e-01,-1.421235e-01,2.414673e-01,0,-0.035133,0.283895,-0.434236,5.199919e-01
31.670000,DS,DS_interstep,4,,,,9.253904e-02,1.615416e-01,1.551016e-01,-2.340634e-01,7.025651e-01,-1.534902e+00,-7.814836e-02,-1.780766e-01,-1.268591e-01,2.321889e-01,0,-0.034932,0.283665,-0.433812,5.194987e-01
31.680000,DS,DS_interstep,4,,,,8.666981e-02,1.624757e-01,1.398951e-01,-2.344126e-01,7.016347e-01,-1.535383e+00,-7.219128e-02,-1.790530e-01,-1.115496e-01,2.229683e-01,0,-0.034732,0.283435,-0.433389,5.190065e-01
31.690000,DS,DS_interstep,4,,,,8.095965e-02,1.625089e-01,1.248667e-01,-2.347328e-01,7.007040e-01,-1.535788e+00,-6.639416e-02,-1.791172e-01,-9.642248e-02,2.139824e-01,0,-0.034532,0.283204,-0.432966,5.185138e-01
31.700000,DS,DS_interstep,4,,,,7.540860e-02,1.617334e-01,1.101999e-01,-2.350249e-01,6.997772e-01,-1.536120e+00,-6.075713e-02,-1.783630e-01,-8.166159e-02,2.053616e-01,0,-0.034332,0.282973,-0.432543,5.180211e-01
31.710000,DS,DS_interstep,4,,,,7.001580e-02,1.602352e-01,9.603754e-02,-2.352895e-01,6.988579e-01,-1.536380e+00,-5.527938e-02,-1.768779e-01,-6.740988e-02,1.971946e-01,0,-0.034133,0.282741,-0.432121,5.175288e-01
31.720000,DS,DS_interstep,4,,,,6.477963e-02,1.580940e-01,8.248521e-02,-2.355275e-01,6.979492e-01,-1.536572e+00,-4.995935e-02,-1.747430e-01,-5.377277e-02,1.895325e-01,0,-0.033934,0.282510,-0.431698,5.170363e-01
31.730000,DS,DS_interstep,4,,,,5.969792e-02,1.553831e-01,6.961513e-02,-2.357397e-01,6.970542e-01,-1.536699e+00,-4.479492e-02,-1.720328e-01,-4.082232e-02,1.823961e-01,0,-0.033736,0.282278,-0.431276,5.165443e-01
31.740000,DS,DS_interstep,4,,,,5.476820e-02,1.521696e-01,5.747072e-02,-2.359268e-01,6.961753e-01,-1.536766e+00,-3.978366e-02,-1.688153e-01,-2.860174e-02,1.757823e-01,0,-0.033538,0.282046,-0.430853,5.160514e-01
31.750000,DS,DS_interstep,4,,,,4.998789e-02,1.485147e-01,4.607123e-02,-2.360897e-01,6.953147e-01,-1.536774e+00,-3.492300e-02,-1.651525e-01,-1.712995e-02,1.696714e-01,0,-0.033340,0.281813,-0.430431,5.155589e-01
31.760000,DS,DS_interstep,4,,,,4.535446e-02,1.444742e-01,3.541614e-02,-2.362289e-01,6.944745e-01,-1.536730e+00,-3.021044e-02,-1.611009e-01,-6.406150e-03,1.640342e-01,0,-0.033143,0.281580,-0.430009,5.150665e-01
31.770000,DS,DS_interstep,4,,,,4.086556e-02,1.400985e-01,2.548946e-02,-2.363453e-01,6.936562e-01,-1.536635e+00,-2.564366e-02,-1.567113e-01,3.586017e-03,1.588360e-01,0,-0.032946,0.281347,-0.429587,5.145742e-01
31.780000,DS,DS_interstep,4,,,,3.651915e-02,1.354335e-01,1.626352e-02,-2.364396e-01,6.928614e-01,-1.536494e+00,-2.122065e-02,-1.520301e-01,1.287451e-02,1.540429e-01,0,-0.032749,0.281114,-0.429165,5.140819e-01
31.790000,DS,DS_interstep,4,,,,3.231350e-02,1.305207e-01,7.702514e-03,-2.365124e-01,6.920913e-01,-1.536309e+00,-1.693972e-02,-1.470990e-01,2.149544e-02,1.496233e-01,0,-0.032552,0.280880,-0.428743,5.135891e-01
31.800000,DS,DS_interstep,4,,,,2.824728e-02,1.253978e-01,-2.345417e-04,-2.365646e-01,6.913469e-01,-1.536085e+00,-1.279955e-02,-1.419560e-01,2.949007e-02,1.455507e-01,0,-0.032356,0.280646,-0.428321,5.130965e-01
31.810000,DS,DS_interstep,4,,,,2.431949e-02,1.200991e-01,-7.591250e-03,-2.365968e-01,6.906292e-01,-1.535824e+00,-8.799214e-03,-1.366356e-01,3.690223e-02,1.418044e-01,0,-0.032159,0.280412,-0.427898,5.126030e-01
31.820000,DS,DS_interstep,4,,,,2.052949e-02,1.146560e-01,-1.441174e-02,-2.366096e-01,6.899389e-01,-1.535528e+00,-4.938089e-03,-1.311691e-01,4.377624e-02,1.383693e-01,0,-0.031963,0.280178,-0.427476,5.121104e-01
31.830000,DS,DS_interstep,4,,,,1.687690e-02,1.090972e-01,-2.073902e-02,-2.366039e-01,6.892765e-01,-1.535201e+00,-1.215860e-03,-1.255853e-01,5.015526e-02,1.352357e-01,0,-0.031767,0.279944,-0.427054,5.116179e-01
31.840000,DS,DS_interstep,4,,,,1.336159e-02,1.034488e-01,-2.661370e-02,-2.365802e-01,6.886425e-01,-1.534843e+00,2.367555e-03,-1.199107e-01,5.608001e-02,1.323977e-01,0,-0.031572,0.279709,-0.426632,5.111250e-01
31.850000,DS,DS_interstep,4,,,,9.983593e-03,9.773545e-02,-3.207310e-02,-2.365393e-01,6.880372e-01,-1.534459e+00,5.812067e-03,-1.141696e-01,6.158790e-02,1.298520e-01,0,-0.031376,0.279474,-0.426210,5.106321e-01
31.860000,DS,DS_interstep,4,,,,6.743042e-03,9.197951e-02,-3.715068e-02,-2.364819e-01,6.874609e-01,-1.534048e+00,9.117480e-03,-1.083846e-01,6.671243e-02,1.275966e-01,0,-0.031181,0.279239,-0.425788,5.101393e-01
31.870000,DS,DS_interstep,4,,,,3.640112e-03,8.620200e-02,-4.187575e-02,-2.364087e-01,6.869136e-01,-1.533614e+00,1.228356e-02,-1.025767e-01,7.148292e-02,1.256291e-01,0,-0.030985,0.279004,-0.425366,5.096465e-01
31.880000,DS,DS_interstep,4,,,,6.749571e-04,8.042249e-02,-4.627336e-02,-2.363203e-01,6.863955e-01,-1.533158e+00,1.531008e-02,-9.676550e-02,7.592440e-02,1.239455e-01,0,-0.030790,0.278769,-0.424943,5.091530e-01
31.890000,DS,DS_interstep,4,,,,-2.152347e-03,7.465933e-02,-5.036444e-02,-2.362175e-01,6.859063e-01,-1.532681e+00,1.819692e-02,-9.096948e-02,8.005778e-02,1.225391e-01,0,-0.030594,0.278533,-0.424521,5.086597e-01
31.900000,DS,DS_interstep,4,,,,-4.841850e-03,6.892971e-02,-5.416606e-02,-2.361010e-01,6.854460e-01,-1.532185e+00,2.094406e-02,-8.520590e-02,8.390008e-02,1.213998e-01,0,-0.030399,0.278298,-0.424099,5.081671e-01
31.910000,DS,DS_interstep,4,,,,-7.393771e-03,6.324977e-02,-5.769178e-02,-2.359714e-01,6.850143e-01,-1.531671e+00,2.355167e-02,-7.949099e-02,8.746480e-02,1.205139e-01,0,-0.030204,0.278062,-0.423676,5.076732e-01
31.920000,DS,DS_interstep,4,,,,-9.808531e-03,5.763470e-02,-6.095211e-02,-2.358295e-01,6.846109e-01,-1.531141e+00,2.602011e-02,-7.384003e-02,9.076239e-02,1.198633e-01,0,-0.030009,0.277826,-0.423254,5.071802e-01
31.930000,DS,DS_interstep,4,,,,-1.208678e-02,5.209873e-02,-6.395497e-02,-2.356760e-01,6.842353e-01,-1.530595e+00,2.835000e-02,-6.826740e-02,9.380071e-02,1.194267e-01,0,-0.029814,0.277590,-0.422831,5.066864e-01
31.940000,DS,DS_interstep,4,,,,-1.422942e-02,4.665523e-02,-6.670620e-02,-2.355115e-01,6.838872e-01,-1.530036e+00,3.054218e-02,-6.278657e-02,9.658553e-02,1.191795e-01,0,-0.029619,0.277354,-0.422408,5.061927e-01
31.950000,DS,DS_interstep,4,,,,-1.623762e-02,4.131668e-02,-6.921004e-02,-2.353367e-01,6.835659e-01,-1.529464e+00,3.259778e-02,-5.741018e-02,9.912105e-02,1.190946e-01,0,-0.029423,0.277118,-0.421985,5.056990e-01
31.960000,DS,DS_interstep,4,,,,-1.811280e-02,3.609471e-02,-7.146961e-02,-2.351524e-01,6.832710e-01,-1.528880e+00,3.451821e-02,-5.215000e-02,1.014103e-01,1.191435e-01,0,-0.029228,0.276882,-0.421563,5.052062e-01
31.970000,DS,DS_interstep,4,,,,-1.985665e-02,3.100011e-02,-7.348736e-02,-2.349591e-01,6.830018e-01,-1.528286e+00,3.630513e-02,-4.701696e-02,1.034558e-01,1.192969e-01,0,-0.029033,0.276646,-0.421140,5.047126e-01
31.980000,DS,DS_interstep,4,,,,-2.147115e-02,2.604282e-02,-7.526539e-02,-2.347576e-01,6.827575e-01,-1.527684e+00,3.796050e-02,-4.202115e-02,1.052595e-01,1.195255e-01,0,-0.028838,0.276410,-0.420716,5.042183e-01
31.990000,DS,DS_interstep,4,,,,-2.295850e-02,2.123195e-02,-7.680586e-02,-2.345484e-01,6.825375e-01,-1.527073e+00,3.948651e-02,-3.717182e-02,1.068237e-01,1.198008e-01,0,-0.028642,0.276174,-0.420293,5.037248e-01
32.000000,DS,DS_interstep,4,,,,-2.432115e-02,1.657574e-02,-7.811122e-02,-2.343322e-01,6.823410e-01,-1.526456e+00,4.088561e-02,-3.247738e-02,1.081507e-01,1.200957e-01,0,-0.028447,0.275937,-0.419870,5.032308e-01
32.010000,DS,DS_interstep,4,,,,-2.556179e-02,1.208162e-02,-7.918444e-02,-2.341097e-01,6.821672e-01,-1.525834e+00,4.216050e-02,-2.794537e-02,1.092435e-01,1.203852e-01,0,-0.028252,0.275701,-0.419446,5.027367e-01
32.020000,DS,DS_interstep,4,,,,-2.668329e-02,7.756184e-03,-8.002920e-02,-2.338815e-01,6.820152e-01,-1.525207e+00,4.331405e-02,-2.358252e-02,1.101059e-01,1.206464e-01,0,-0.028056,0.275465,-0.419023,5.022433e-01
32.030000,DS,DS_interstep,4,,,,-2.768873e-02,3.605173e-03,-8.064994e-02,-2.336480e-01,6.818841e-01,-1.524577e+00,4.434937e-02,-1.939469e-02,1.107423e-01,1.208589e-01,0,-0.027861,0.275229,-0.418599,5.017493e-01
32.040000,DS,DS_interstep,4,,,,-2.858135e-02,-3.664845e-04,-8.105201e-02,-2.334100e-01,6.817731e-01,-1.523945e+00,4.526970e-02,-1.538694e-02,1.111581e-01,1.210051e-01,0,-0.027665,0.274993,-0.418176,5.012561e-01
32.050000,DS,DS_interstep,4,,,,-2.936454e-02,-4.154673e-03,-8.124161e-02,-2.331679e-01,6.816812e-01,-1.523312e+00,4.607848e-02,-1.156347e-02,1.113596e-01,1.210698e-01,0,-0.027470,0.274756,-0.417752,5.007616e-01
32.060000,DS,DS_interstep,4,,,,-3.004181e-02,-7.756076e-03,-8.122583e-02,-2.329224e-01,6.816074e-01,-1.522679e+00,4.677923e-02,-7.927690e-03,1.113540e-01,1.210407e-01,0,-0.027274,0.274520,-0.417328,5.002677e-01
32.070000,DS,DS_interstep,4,,,,-3.061677e-02,-1.116816e-02,-8.101257e-02,-2.326739e-01,6.815510e-01,-1.522047e+00,4.737562e-02,-4.482227e-03,1.111491e-01,1.209077e-01,0,-0.027078,0.274284,-0.416904,4.997738e-01
32.080000,DS,DS_interstep,4,,,,-3.109312e-02,-1.438915e-02,-8.061047e-02,-2.324229e-01,6.815107e-01,-1.521417e+00,4.787138e-02,-1.228926e-03,1.107538e-01,1.206631e-01,0,-0.026883,0.274048,-0.416480,4.992801e-01
32.090000,DS,DS_interstep,4,,,,-3.147464e-02,-1.741800e-02,-8.002886e-02,-2.321699e-01,6.814858e-01,-1.520790e+00,4.827033e-02,1.831111e-03,1.101774e-01,1.203014e-01,0,-0.026687,0.273812,-0.416055,4.987855e-01
32.100000,DS,DS_interstep,4,,,,-3.176514e-02,-2.025437e-02,-7.927758e-02,-2.319154e-01,6.814752e-01,-1.520167e+00,4.857633e-02,4.697499e-03,1.094299e-01,1.198192e-01,0,-0.026491,0.273576,-0.415631,4.982918e-01
32.110000,DS,DS_interstep,4,,,,-3.196846e-02,-2.289862e-02,-7.836693e-02,-2.316599e-01,6.814780e-01,-1.519548e+00,4.879328e-02,7.370536e-03,1.085216e-01,1.192143e-01,0,-0.026295,0.273340,-0.415207,4.977982e-01
32.120000,DS,DS_interstep,4,,,,-3.208848e-02,-2.535173e-02,-7.730752e-02,-2.314037e-01,6.814932e-01,-1.518935e+00,4.892510e-02,9.851178e-03,1.074632e-01,1.184865e-01,0,-0.026099,0.273105,-0.414782,4.973043e-01
32.130000,DS,DS_interstep,4,,,,-3.212906e-02,-2.761530e-02,-7.611020e-02,-2.311473e-01,6.815198e-01,-1.518328e+00,4.897570e-02,1.214100e-02,1.062657e-01,1.176368e-01,0,-0.025902,0.272869,-0.414358,4.968108e-01
32.140000,DS,DS_interstep,4,,,,-3.209406e-02,-2.969150e-02,-7.478586e-02,-2.308910e-01,6.815569e-01,-1.517727e+00,4.894901e-02,1.424215e-02,1.049401e-01,1.166673e-01,0,-0.025706,0.272633,-0.413933,4.963165e-01
32.150000,DS,DS_interstep,4,,,,-3.198732e-02,-3.158303e-02,-7.334542e-02,-2.306352e-01,6.816037e-01,-1.517134e+00,4.884892e-02,1.615732e-02,1.034973e-01,1.155810e-01,0,-0.025510,0.272398,-0.413508,4.958228e-01
32.160000,DS,DS_interstep,4,,,,-3.181265e-02,-3.329311e-02,-7.179968e-02,-2.303803e-01,6.816590e-01,-1.516548e+00,4.867929e-02,1.788973e-02,1.019482e-01,1.143816e-01,0,-0.025313,0.272162,-0.413084,4.953295e-01
32.170000,DS,DS_interstep,4,,,,-3.157381e-02,-3.482540e-02,-7.015924e-02,-2.301265e-01,6.817222e-01,-1.515971e+00,4.844395e-02,1.944303e-02,1.003036e-01,1.130737e-01,0,-0.025117,0.271927,-0.412659,4.948359e-01
32.180000,SS,SS,5,-1.559905e-02,-1.195103e+00,1.508848e+00,,,,-2.223130e-01,6.731171e-01,-1.506347e+00,1.686435e-01,4.712736e-01,-2.214712e-01,5.473472e-01,0,-0.023186,0.269577,-0.408450,4.899395e-01
32.280000,SS,SS,5,9.617189e-02,-1.356235e+00,1.898664e+00,,,,-2.125118e-01,6.963431e-01,-1.525579e+00,8.129276e-02,5.298154e-01,-7.365399e-01,9.109357e-01,0,-0.021273,0.267343,-0.404385,4.852340e-01
32.380000,SS,SS,5,2.181407e-01,-1.429601e+00,2.248469e+00,,,,-2.043632e-01,7.142036e-01,-1.548297e+00,1.126299e-01,6.844950e-01,-8.115905e-01,1.067660e+00,0,-0.019413,0.265226,-0.400535,4.807806e-01
32.480000,SS,SS,5,3.364910e-01,-1.532106e+00,2.563608e+00,,,,-1.954774e-01,7.439102e-01,-1.582404e+00,1.092662e-01,8.629266e-01,-1.064556e+00,1.374722e+00,0,-0.017611,0.263257,-0.396947,4.766354e-01
32.580000,SS,SS,5,4.640380e-01,-1.604129e+00,2.871821e+00,,,,-1.868958e-01,7.798954e-01,-1.626111e+00,1.098200e-01,9.977725e-01,-1.244554e+00,1.598914e+00,0,-0.015879,0.261464,-0.393674,4.728581e-01
32.680000,SS,SS,5,5.943446e-01,-1.704451e+00,3.211423e+00,,,,-1.783729e-01,8.230267e-01,-1.678759e+00,1.103053e-01,1.140634e+00,-1.423598e+00,1.827524e+00,0,-0.014226,0.259870,-0.390758,4.694961e-01
32.780000,SS,SS,5,7.275421e-01,-1.793245e+00,3.541580e+00,,,,-1.700242e-01,8.723952e-01,-1.739459e+00,1.099920e-01,1.257019e+00,-1.569172e+00,2.013578e+00,0,-0.012660,0.258496,-0.388238,4.665932e-01
32.880000,SS,SS,5,8.612992e-01,-1.860841e+00,3.842782e+00,,,,-1.618263e-01,9.272427e-01,-1.806940e+00,1.106477e-01,1.356545e+00,-1.685892e+00,2.166723e+00,0,-0.011187,0.257359,-0.386145,4.641840e-01
32.980000,SS,SS,5,9.940640e-01,-1.908405e+00,4.111499e+00,,,,-1.537356e-01,9.869903e-01,-1.880112e+00,1.125512e-01,1.442581e+00,-1.777345e+00,2.291869e+00,0,-0.009810,0.256472,-0.384503,4.622950e-01
33.080000,SS,SS,5,1.124155e+00,-1.961854e+00,4.374469e+00,,,,-1.457110e-01,1.050962e+00,-1.957721e+00,1.156475e-01,1.516264e+00,-1.843038e+00,2.389397e+00,0,-0.008533,0.255848,-0.383328,4.609462e-01
33.180000,SS,SS,5,1.250779e+00,-2.004755e+00,4.610033e+00,,,,-1.377069e-01,1.118522e+00,-2.038624e+00,1.197480e-01,1.572555e+00,-1.880019e+00,2.453923e+00,0,-0.007355,0.255494,-0.382632,4.601505e-01
33.280000,SS,SS,5,1.372970e+00,-2.029523e+00,4.805569e+00,,,,-1.296636e-01,1.188907e+00,-2.121544e+00,1.251545e-01,1.610794e+00,-1.887744e+00,2.484733e+00,0,-0.006274,0.255417,-0.382419,4.599147e-01
33.380000,SS,SS,5,1.489697e+00,-2.038344e+00,4.958649e+00,,,,-1.215113e-01,1.261397e+00,-2.205250e+00,1.319511e-01,1.633501e+00,-1.869290e+00,2.485957e+00,0,-0.005287,0.255618,-0.382687,4.602367e-01
33.480000,SS,SS,5,1.589266e+00,-2.040799e+00,4.999622e+00,,,,-1.131088e-01,1.335368e+00,-2.288291e+00,1.418656e-01,1.643576e+00,-1.819066e+00,2.455701e+00,0,-0.004389,0.256098,-0.383430,4.611117e-01
33.580000,SS,SS,5,1.681909e+00,-2.035429e+00,4.999872e+00,,,,-1.044192e-01,1.410247e+00,-2.369708e+00,1.514653e-01,1.641024e+00,-1.752289e+00,2.405498e+00,0,-0.003572,0.256855,-0.384634,4.625263e-01
33.680000,SS,SS,5,1.773168e+00,-2.020488e+00,4.999906e+00,,,,-9.547906e-02,1.485443e+00,-2.448869e+00,1.598698e-01,1.625451e+00,-1.672587e+00,2.337776e+00,0,-0.002829,0.257884,-0.386282,4.644631e-01
33.780000,SS,SS,5,1.862130e+00,-1.997910e+00,4.999908e+00,,,,-8.631839e-02,1.560375e+00,-2.525124e+00,1.673403e-01,1.598071e+00,-1.579813e+00,2.253363e+00,0,-0.002151,0.259181,-0.388355,4.669037e-01
33.880000,SS,SS,5,1.948043e+00,-1.969196e+00,4.999885e+00,,,,-7.697712e-02,1.634503e+00,-2.597841e+00,1.735025e-01,1.561052e+00,-1.476194e+00,2.155490e+00,0,-0.001530,0.260737,-0.390828,4.698219e-01
33.980000,SS,SS,5,2.029850e+00,-1.935352e+00,4.999741e+00,,,,-6.752112e-02,1.707225e+00,-2.666407e+00,1.778444e-01,1.511512e+00,-1.360580e+00,2.041439e+00,0,-0.000958,0.262542,-0.393677,4.731921e-01
34.080000,SS,SS,5,2.105391e+00,-1.897752e+00,4.992979e+00,,,,-5.799339e-02,1.778210e+00,-2.730442e+00,1.808044e-01,1.456100e+00,-1.238978e+00,1.920412e+00,0,-0.000426,0.264585,-0.396871,4.769822e-01
34.180000,SS,SS,5,2.159539e+00,-1.853357e+00,4.871060e+00,,,,-4.835457e-02,1.846943e+00,-2.789034e+00,1.843376e-01,1.384586e+00,-1.092030e+00,1.773017e+00,0,0.000073,0.266853,-0.400380,4.811597e-01
34.280000,SS,SS,5,2.202715e+00,-1.798721e+00,4.705209e+00,,,,-3.867260e-02,1.912823e+00,-2.841550e+00,1.853361e-01,1.305370e+00,-9.417952e-01,1.620283e+00,0,0.000548,0.269333,-0.404169,4.856883e-01
34.380000,SS,SS,5,2.235826e+00,-1.736972e+00,4.514316e+00,,,,-2.906746e-02,1.975453e+00,-2.887816e+00,1.832858e-01,1.217816e+00,-7.892902e-01,1.462754e+00,0,0.001008,0.272009,-0.408201,4.905283e-01
34.480000,SS,SS,5,2.256537e+00,-1.674833e+00,4.301745e+00,,,,-1.965301e-02,2.034444e+00,-2.927637e+00,1.783845e-01,1.123099e+00,-6.351902e-01,1.302551e+00,0,0.001458,0.274863,-0.412438,4.956379e-01
34.580000,SS,SS,5,2.264046e+00,-1.612926e+00,4.071177e+00,,,,-1.055013e-02,2.089447e+00,-2.960893e+00,1.705078e-01,1.022602e+00,-4.819698e-01,1.143277e+00,0,0.001906,0.277878,-0.416842,5.009761e-01
34.680000,SS,SS,5,2.260373e+00,-1.539512e+00,3.826084e+00,,,,-1.900430e-03,2.140055e+00,-2.987548e+00,1.592521e-01,9.143010e-01,-3.305131e-01,9.851632e-01,0,0.002355,0.281035,-0.421373,5.064992e-01
34.780000,SS,SS,5,2.245025e+00,-1.454354e+00,3.570306e+00,,,,6.130542e-03,2.185854e+00,-3.007301e+00,1.430949e-01,8.008101e-01,-1.665208e-01,8.303627e-01,0,0.002810,0.284314,-0.425992,5.121636e-01
34.880000,SS,SS,5,2.214363e+00,-1.368386e+00,3.313876e+00,,,,1.324013e-02,2.227860e+00,-3.019865e+00,1.214280e-01,7.363991e-01,-4.356838e-02,7.476139e-01,0,0.003271,0.287696,-0.430656,5.179230e-01
34.980000,SS,SS,5,2.165339e+00,-1.267111e+00,3.083426e+00,,,,1.927189e-02,2.266105e+00,-3.026732e+00,9.679089e-02,6.300462e-01,8.833678e-02,6.435294e-01,0,0.003737,0.291168,-0.435327,5.237388e-01
35.080000,SS,SS,5,2.099281e+00,-1.140733e+00,2.859938e+00,,,,2.424991e-02,2.298878e+00,-3.027242e+00,7.463428e-02,4.988713e-01,2.238703e-01,5.518702e-01,0,0.004206,0.294711,-0.439969,5.295706e-01
35.180000,SS,SS,5,2.019164e+00,-9.944063e-01,2.634328e+00,,,,2.825674e-02,2.325067e+00,-3.021456e+00,5.383129e-02,3.406390e-01,3.585173e-01,4.974609e-01,0,0.004679,0.298300,-0.444542,5.353712e-01
35.280000,SS,SS,5,1.924652e+00,-8.574161e-01,2.403390e+00,,,,3.134727e-02,2.343283e+00,-3.009122e+00,3.537322e-02,1.565552e-01,4.983117e-01,5.235221e-01,0,0.005157,0.301906,-0.449010,5.410950e-01
35.380000,SS,SS,5,1.819025e+00,-7.395150e-01,2.162983e+00,,,,3.372494e-02,2.353200e+00,-2.990513e+00,2.282125e-02,-1.625936e-02,6.257546e-01,6.263817e-01,0,0.005640,0.305498,-0.453336,5.466940e-01
35.480000,SS,SS,5,1.708487e+00,-6.309994e-01,1.903401e+00,,,,3.546598e-02,2.356194e+00,-2.965989e+00,5.908298e-03,-1.485541e-01,7.576724e-01,7.721209e-01,0,0.006134,0.309048,-0.457487,5.521256e-01
35.580000,SS,SS,5,1.597095e+00,-5.073134e-01,1.641961e+00,,,,3.621731e-02,2.353666e+00,-2.936859e+00,-1.977759e-02,-2.869202e-01,8.580809e-01,9.049957e-01,0,0.006638,0.312535,-0.461429,5.573499e-01
35.680000,SS,SS,5,1.478716e+00,-3.856154e-01,1.409456e+00,,,,3.579315e-02,2.344285e+00,-2.902312e+00,-4.376860e-02,-4.266423e-01,9.657933e-01,1.056738e+00,0,0.007151,0.315938,-0.465130,5.623290e-01
35.780000,SS,SS,5,1.351623e+00,-2.697176e-01,1.205702e+00,,,,3.431404e-02,2.328534e+00,-2.862593e+00,-6.674433e-02,-5.597693e-01,1.064975e+00,1.204976e+00,0,0.007673,0.319232,-0.468558,5.670225e-01
35.880000,SS,SS,5,1.218192e+00,-1.441593e-01,1.019397e+00,,,,3.178848e-02,2.306228e+00,-2.817903e+00,-8.908877e-02,-6.966115e-01,1.159947e+00,1.355980e+00,0,0.008200,0.322398,-0.471684,5.713961e-01
35.980000,SS,SS,5,1.080702e+00,9.149835e-03,8.328192e-01,,,,2.831008e-02,2.277150e+00,-2.768300e+00,-1.091878e-01,-8.406117e-01,1.256297e+00,1.515530e+00,0,0.008734,0.325414,-0.474480,5.754145e-01
36.080000,SS,SS,5,9.396069e-01,1.505558e-01,6.797975e-01,,,,2.397976e-02,2.241505e+00,-2.713993e+00,-1.267064e-01,-9.677562e-01,1.335430e+00,1.654080e+00,0,0.009273,0.328258,-0.476918,5.790424e-01
36.180000,SS,SS,5,7.969190e-01,2.796206e-01,5.624152e-01,,,,1.887258e-02,2.199653e+00,-2.655487e+00,-1.428109e-01,-1.087934e+00,1.404110e+00,1.781999e+00,0,0.009818,0.330911,-0.478975,5.822504e-01
36.280000,SS,SS,5,6.543154e-01,4.083534e-01,4.665367e-01,,,,1.308555e-02,2.151757e+00,-2.593098e+00,-1.567211e-01,-1.204721e+00,1.466723e+00,1.904518e+00,0,0.010369,0.333353,-0.480630,5.850102e-01
36.380000,SS,SS,5,5.134581e-01,5.635110e-01,3.566581e-01,,,,6.759035e-03,2.097699e+00,-2.526928e+00,-1.677372e-01,-1.329649e+00,1.532465e+00,2.035817e+00,0,0.010927,0.335568,-0.481864,5.872974e-01
36.480000,SS,SS,5,3.767875e-01,6.972990e-01,2.842707e-01,,,,1.420916e-05,2.037914e+00,-2.457337e+00,-1.756999e-01,-1.429489e+00,1.574934e+00,2.134180e+00,0,0.011494,0.337538,-0.482660,5.890880e-01
36.580000,SS,SS,5,2.460618e-01,8.093834e-01,2.502756e-01,,,,-7.056713e-03,1.973105e+00,-2.385084e+00,-1.821099e-01,-1.516181e+00,1.602956e+00,2.213919e+00,0,0.012072,0.339248,-0.483006,5.903641e-01
36.680000,SS,SS,5,1.221618e-01,9.093039e-01,2.401760e-01,,,,-1.435184e-02,1.903759e+00,-2.310710e+00,-1.863070e-01,-1.592328e+00,1.620291e+00,2.279377e+00,0,0.012662,0.340687,-0.482893,5.911122e-01
36.780000,SS,SS,5,4.254449e-03,1.033216e+00,1.947000e-01,,,,-2.170377e-02,1.829978e+00,-2.234455e+00,-1.872414e-01,-1.676935e+00,1.643211e+00,2.355273e+00,0,0.013267,0.341843,-0.482315,5.913209e-01
36.880000,SS,SS,5,-1.030631e-01,1.127186e+00,1.852696e-01,,,,-2.899834e-02,1.752348e+00,-2.156740e+00,-1.849764e-01,-1.728980e+00,1.637806e+00,2.388723e+00,0,0.013890,0.342707,-0.481270,5.909838e-01
36.980000,SS,SS,5,-1.986184e-01,1.191550e+00,2.115885e-01,,,,-3.612248e-02,1.672069e+00,-2.078680e+00,-1.809749e-01,-1.758841e+00,1.611975e+00,2.392642e+00,0,0.014532,0.343271,-0.479758,5.900965e-01
37.080000,SS,SS,5,-2.818695e-01,1.234229e+00,2.614654e-01,,,,-4.298784e-02,1.589983e+00,-2.001085e+00,-1.751586e-01,-1.771384e+00,1.570440e+00,2.373766e+00,0,0.015197,0.343535,-0.477788,5.886668e-01
37.180000,SS,SS,5,-3.570516e-01,1.301797e+00,2.464719e-01,,,,-4.940688e-02,1.506363e+00,-1.924299e+00,-1.656369e-01,-1.794742e+00,1.538760e+00,2.369877e+00,0,0.015887,0.343498,-0.475372,5.867042e-01
37.280000,SS,SS,5,-4.168292e-01,1.335225e+00,2.607005e-01,,,,-5.526094e-02,1.422010e+00,-1.848849e+00,-1.527293e-01,-1.777128e+00,1.472108e+00,2.312707e+00,0,0.016605,0.343160,-0.472522,5.842188e-01
37.380000,SS,SS,5,-4.603191e-01,1.336417e+00,3.027216e-01,,,,-6.043814e-02,1.338460e+00,-1.776139e+00,-1.381817e-01,-1.732590e+00,1.381187e+00,2.220054e+00,0,0.017353,0.342527,-0.469259,5.812313e-01
37.480000,SS,SS,5,-4.870946e-01,1.310319e+00,3.655686e-01,,,,-6.485680e-02,1.256916e+00,-1.707263e+00,-1.219587e-01,-1.663049e+00,1.268332e+00,2.095059e+00,0,0.018133,0.341610,-0.465611,5.777714e-01
37.580000,SS,SS,5,-5.101756e-01,1.282309e+00,3.347017e-01,,,,-6.831060e-02,1.178207e+00,-1.642595e+00,-1.011833e-01,-1.587064e+00,1.161243e+00,1.969136e+00,0,0.018945,0.340423,-0.461609,5.738725e-01
37.680000,SS,SS,5,-5.141811e-01,1.228818e+00,3.228641e-01,,,,-7.070310e-02,1.103476e+00,-1.583127e+00,-7.839588e-02,-1.474929e+00,1.018191e+00,1.793955e+00,0,0.019792,0.338982,-0.457290,5.695741e-01
37.780000,SS,SS,5,-4.985496e-01,1.153133e+00,3.263042e-01,,,,-7.194763e-02,1.034161e+00,-1.530313e+00,-5.380503e-02,-1.338786e+00,8.522995e-01,1.587973e+00,0,0.020674,0.337309,-0.452697,5.649242e-01
37.880000,SS,SS,5,-4.625711e-01,1.059260e+00,3.404098e-01,,,,-7.194000e-02,9.714953e-01,-1.485315e+00,-2.674518e-02,-1.177389e+00,6.635478e-01,1.351760e+00,0,0.021591,0.335429,-0.447880,5.599779e-01
37.980000,SS,SS,5,-4.054669e-01,9.506396e-01,3.601986e-01,,,,-7.055745e-02,9.167789e-01,-1.449353e+00,3.051638e-03,-9.912545e-01,4.522075e-01,1.089535e+00,0,0.022541,0.333373,-0.442896,5.547995e-01
38.080000,SS,SS,5,-3.262180e-01,8.307847e-01,3.802110e-01,,,,-6.766515e-02,8.712892e-01,-1.423627e+00,3.589812e-02,-7.807494e-01,2.183865e-01,8.115115e-01,0,0.023523,0.331174,-0.437809,5.494600e-01
38.180000,SS,SS,5,-2.236569e-01,7.030058e-01,3.944834e-01,,,,-6.311281e-02,8.362292e-01,-1.409254e+00,7.225426e-02,-5.509787e-01,-3.184917e-02,5.566081e-01,0,0.024536,0.328870,-0.432688,5.440371e-01
38.280000,SS,SS,5,-9.685618e-02,5.699914e-01,3.963759e-01,,,,-5.877887e-02,8.115973e-01,-1.401554e+00,2.014541e-02,-3.520607e-01,-1.647581e-01,3.892272e-01,0,0.025570,0.326500,-0.427593,5.386018e-01
38.380000,DS,DS_terminal,5,,,,-8.033836e-01,-5.894375e-01,-2.410605e+00,-2.449095e-02,8.128457e-01,-1.298537e+00,7.730829e-01,4.474381e-01,1.921868e+00,2.119301e+00,0,0.027592,0.323944,-0.420407,5.314537e-01
38.480000,DS,DS_terminal,5,,,,2.145554e-01,3.696686e-01,8.744728e-01,-1.385958e-02,8.004489e-01,-1.267824e+00,-2.262999e-01,-3.529959e-01,-6.918903e-01,8.090302e-01,0,0.028980,0.321707,-0.414871,5.257882e-01
38.580000,DS,DS_terminal,5,,,,1.691563e-01,2.280783e-01,7.667438e-01,-2.150688e-02,7.829251e-01,-1.290981e+00,-1.576346e-01,-2.169462e-01,-5.947190e-01,6.523841e-01,0,0.029938,0.319424,-0.409908,5.205310e-01
38.680000,DS,DS_terminal,5,,,,9.637277e-02,2.089583e-01,5.518861e-01,-2.496532e-02,7.666585e-01,-1.302147e+00,-8.643618e-02,-2.123963e-01,-4.166535e-01,4.755876e-01,0,0.030927,0.317179,-0.405068,5.154019e-01
38.780000,DS,DS_terminal,5,,,,1.100416e-01,1.200378e-01,7.859621e-01,-2.733471e-02,7.523817e-01,-1.315762e+00,-1.048034e-01,-1.409271e-01,-6.200877e-01,6.444788e-01,0,0.031895,0.314913,-0.400303,5.103234e-01
38.880000,DS,DS_terminal,5,,,,1.784576e-01,1.354803e-01,1.086598e+00,-3.268420e-02,7.400662e-01,-1.343519e+00,-1.748568e-01,-1.423994e-01,-8.640202e-01,8.929633e-01,0,0.032768,0.312616,-0.395710,5.053602e-01
38.980000,DS,DS_terminal,5,,,,2.183565e-01,1.776822e-01,1.121877e+00,-4.105726e-02,7.267235e-01,-1.378582e+00,-2.164132e-01,-1.706950e-01,-9.042645e-01,9.453390e-01,0,0.033527,0.310316,-0.391371,5.005910e-01
39.080000,DS,DS_terminal,5,,,,3.033487e-01,6.076152e-01,7.811251e-01,-5.006050e-02,7.105797e-01,-1.405115e+00,-3.038733e-01,-5.210324e-01,-6.156589e-01,8.618872e-01,0,0.034164,0.308003,-0.387275,4.959989e-01
39.180000,DS,DS_terminal,5,,,,1.882910e-01,4.745318e-01,2.489102e-01,-5.570894e-02,6.973421e-01,-1.415784e+00,-1.874474e-01,-4.123084e-01,-1.564967e-01,4.791930e-01,0,0.034693,0.305673,-0.383364,4.915359e-01
39.280000,DS,DS_terminal,5,,,,7.821940e-02,1.351252e-01,2.543471e-02,-5.826285e-02,6.890757e-01,-1.417170e+00,-7.589016e-02,-1.011879e-01,1.603847e-02,1.274972e-01,0,0.035158,0.303333,-0.379561,4.871484e-01
39.380000,DS,DS_terminal,5,,,,-9.453414e-03,8.003435e-02,-3.426347e-01,-5.790685e-02,6.841321e-01,-1.409855e+00,1.334449e-02,-8.538430e-02,3.427579e-01,3.534848e-01,0,0.035591,0.301003,-0.375816,4.828118e-01
39.480000,DS,DS_terminal,5,,,,-3.719090e-02,4.358268e-02,-4.018229e-01,-5.581007e-02,6.815538e-01,-1.398849e+00,4.172803e-02,-6.282155e-02,3.923157e-01,3.994989e-01,0,0.036020,0.298697,-0.372097,4.785118e-01
39.580000,DS,DS_terminal,5,,,,-4.485423e-02,3.460761e-02,-4.219296e-01,-5.287004e-02,6.800431e-01,-1.386194e+00,4.962049e-02,-5.899444e-02,4.077273e-01,4.149507e-01,0,0.036457,0.296427,-0.368390,4.742460e-01
39.680000,DS,DS_terminal,5,,,,-4.509637e-02,2.770421e-02,-4.188913e-01,-4.975325e-02,6.786865e-01,-1.373010e+00,4.990594e-02,-5.427767e-02,4.034804e-01,4.101623e-01,0,0.036904,0.294196,-0.364694,4.700159e-01
39.780000,DS,DS_terminal,5,,,,-3.710542e-02,3.909362e-02,-3.952317e-01,-4.695896e-02,6.767037e-01,-1.360246e+00,4.180085e-02,-6.423713e-02,3.825577e-01,3.901591e-01,0,0.037359,0.292004,-0.361011,4.658229e-01
39.880000,DS,DS_terminal,5,,,,-2.458848e-02,6.348002e-02,-3.611474e-01,-4.472115e-02,6.736226e-01,-1.348314e+00,2.904758e-02,-8.480631e-02,3.531947e-01,3.643932e-01,0,0.037815,0.289849,-0.357348,4.616709e-01
39.980000,DS,DS_terminal,5,,,,-1.161304e-02,8.958411e-02,-3.244516e-01,-4.308516e-02,6.693537e-01,-1.337303e+00,1.578206e-02,-1.062773e-01,3.215173e-01,3.389946e-01,0,0.038268,0.287723,-0.353707,4.575561e-01
40.080000,DS,DS_terminal,5,,,,-9.509064e-04,1.095794e-01,-2.904376e-01,-4.198068e-02,6.640804e-01,-1.327129e+00,4.837565e-03,-1.220354e-01,2.918027e-01,3.163303e-01,0,0.038711,0.285621,-0.350094,4.534796e-01
40.180000,DS,DS_terminal,5,,,,6.105704e-03,1.200858e-01,-2.619700e-01,-4.127496e-02,6.581202e-01,-1.317610e+00,-2.456441e-03,-1.293947e-01,2.664649e-01,2.962306e-01,0,0.039141,0.283538,-0.346512,4.494401e-01
40.280000,DS,DS_terminal,5,,,,9.458246e-03,1.209989e-01,-2.397228e-01,-4.081766e-02,6.518155e-01,-1.308538e+00,-5.986898e-03,-1.284743e-01,2.461519e-01,2.777269e-01,0,0.039555,0.281471,-0.342963,4.454370e-01
40.380000,DS,DS_terminal,5,,,,9.794535e-03,1.142649e-01,-2.228041e-01,-4.047418e-02,6.454600e-01,-1.299722e+00,-6.444002e-03,-1.210965e-01,2.302167e-01,2.602030e-01,0,0.039952,0.279419,-0.339447,4.414696e-01
40.480000,DS,DS_terminal,5,,,,8.174324e-03,1.027690e-01,-2.095380e-01,-4.014458e-02,6.392607e-01,-1.291016e+00,-4.900161e-03,-1.098242e-01,2.173465e-01,2.435670e-01,0,0.040332,0.277382,-0.335965,4.375385e-01
40.580000,DS,DS_terminal,5,,,,5.686212e-03,8.943676e-02,-1.981520e-01,-3.976915e-02,6.333292e-01,-1.282331e+00,-2.460704e-03,-9.719662e-02,2.061269e-01,2.279069e-01,0,0.040698,0.275358,-0.332515,4.336411e-01
40.680000,DS,DS_terminal,5,,,,3.216248e-03,7.663457e-02,-1.872321e-01,-3.932435e-02,6.276945e-01,-1.273626e+00,-2.764875e-05,-8.523090e-02,1.954191e-01,2.131969e-01,0,0.041049,0.273351,-0.329096,4.297790e-01
40.780000,DS,DS_terminal,5,,,,1.337212e-03,6.588318e-02,-1.759152e-01,-3.881334e-02,6.223269e-01,-1.264894e+00,1.813982e-03,-7.519527e-02,1.845221e-01,1.992637e-01,0,0.041388,0.271359,-0.325708,4.259511e-01
40.880000,DS,DS_terminal,5,,,,3.024103e-04,5.784075e-02,-1.638715e-01,-3.825493e-02,6.171648e-01,-1.256148e+00,2.803514e-03,-6.761006e-02,1.731627e-01,1.859148e-01,0,0.041716,0.269385,-0.322349,4.221580e-01
40.980000,DS,DS_terminal,5,,,,1.090171e-04,5.246801e-02,-1.511704e-01,-3.767354e-02,6.121373e-01,-1.247406e+00,2.941014e-03,-6.240037e-02,1.613871e-01,1.730556e-01,0,0.042034,0.267429,-0.319019,4.183996e-01
41.080000,DS,DS_terminal,5,,,,5.913118e-04,4.927755e-02,-1.381143e-01,-3.709193e-02,6.071811e-01,-1.238686e+00,2.392961e-03,-5.911553e-02,1.494284e-01,1.607147e-01,0,0.042341,0.265490,-0.315718,4.146752e-01
41.180000,DS,DS_terminal,5,,,,1.512238e-03,4.758486e-02,-1.250943e-01,-3.652692e-02,6.022496e-01,-1.229997e+00,1.399293e-03,-5.714633e-02,1.375909e-01,1.489930e-01,0,0.042639,0.263569,-0.312444,4.109841e-01
41.280000,DS,DS_terminal,5,,,,2.634656e-03,4.670825e-02,-1.124871e-01,-3.598792e-02,5.973154e-01,-1.221339e+00,2.008486e-04,-5.589584e-02,1.261689e-01,1.379963e-01,0,0.042928,0.261665,-0.309198,4.073264e-01
41.380000,DS,DS_terminal,5,,,,3.765326e-03,4.609437e-02,-1.005947e-01,-3.547754e-02,5.923681e-01,-1.212708e+00,-1.005607e-03,-5.488490e-02,1.153982e-01,1.277893e-01,0,0.043208,0.259779,-0.305979,4.037019e-01
41.480000,DS,DS_terminal,5,,,,4.772954e-03,4.536961e-02,-8.961936e-02,-3.499332e-02,5.874101e-01,-1.204092e+00,-2.086028e-03,-5.379363e-02,1.054365e-01,1.183848e-01,0,0.043479,0.257909,-0.302787,4.001093e-01
41.580000,DS,DS_terminal,5,,,,5.586662e-03,4.433453e-02,-7.966420e-02,-3.452994e-02,5.824507e-01,-1.195481e+00,-2.967783e-03,-5.245415e-02,9.636322e-02,1.097548e-01,0,0.043740,0.256055,-0.299622,3.965485e-01
41.680000,DS,DS_terminal,5,,,,6.183267e-03,4.292545e-02,-7.075056e-02,-3.408123e-02,5.775019e-01,-1.186865e+00,-3.626892e-03,-5.081567e-02,8.819235e-02,1.018493e-01,0,0.043994,0.254218,-0.296482,3.930189e-01
41.780000,DS,DS_terminal,5,,,,6.571054e-03,4.116618e-02,-6.284128e-02,-3.364160e-02,5.725748e-01,-1.178238e+00,-4.071599e-03,-4.890183e-02,8.089114e-02,9.461154e-02,0,0.044239,0.252397,-0.293368,3.895204e-01
41.880000,DS,DS_terminal,5,,,,6.775206e-03,3.912534e-02,-5.586369e-02,-3.320699e-02,5.676777e-01,-1.169598e+00,-4.327547e-03,-4.677342e-02,7.439805e-02,8.798608e-02,0,0.044476,0.250591,-0.290280,3.860524e-01
41.980000,DS,DS_terminal,5,,,,6.827178e-03,3.688578e-02,-4.972814e-02,-3.277507e-02,5.628156e-01,-1.160950e+00,-4.426917e-03,-4.450199e-02,6.863767e-02,8.192164e-02,0,0.044706,0.248801,-0.287215,3.826134e-01
42.080000,DS,DS_terminal,5,,,,6.758130e-03,3.452632e-02,-4.434104e-02,-3.234517e-02,5.579910e-01,-1.152301e+00,-4.401671e-03,-4.215424e-02,6.353132e-02,7.637135e-02,0,0.044928,0.247027,-0.284175,3.792048e-01
42.180000,DS,DS_terminal,5,,,,6.595571e-03,3.211301e-02,-3.961295e-02,-3.191776e-02,5.532038e-01,-1.143660e+00,-4.280068e-03,-3.978497e-02,5.900368e-02,7.129234e-02,0,0.045144,0.245268,-0.281158,3.758247e-01
42.280000,DS,DS_terminal,5,,,,6.362185e-03,2.969675e-02,-3.546273e-02,-3.149404e-02,5.484534e-01,-1.135039e+00,-4.085411e-03,-3.743535e-02,5.498629e-02,6.664524e-02,0,0.045353,0.243524,-0.278164,3.724729e-01
42.380000,DS,DS_terminal,5,,,,6.075999e-03,2.731457e-02,-3.181890e-02,-3.107539e-02,5.437386e-01,-1.126449e+00,-3.836186e-03,-3.513452e-02,5.141874e-02,6.239421e-02,0,0.045555,0.241796,-0.275193,3.691500e-01
42.480000,DS,DS_terminal,5,,,,5.751190e-03,2.499257e-02,-2.861946e-02,-3.066306e-02,5.390588e-01,-1.117898e+00,-3.546870e-03,-3.290239e-02,4.824859e-02,5.850704e-02,0,0.045752,0.240082,-0.272245,3.658551e-01
42.580000,DS,DS_terminal,5,,,,5.398992e-03,2.274889e-02,-2.581114e-02,-3.025790e-02,5.344136e-01,-1.109396e+00,-3.228871e-03,-3.075231e-02,4.543066e-02,5.495521e-02,0,0.045942,0.238383,-0.269319,3.625877e-01
42.680000,DS,DS_terminal,5,,,,5.028376e-03,2.059572e-02,-2.334837e-02,-2.986035e-02,5.298037e-01,-1.100947e+00,-2.891243e-03,-2.869287e-02,4.292607e-02,5.171351e-02,0,0.046127,0.236699,-0.266415,3.593481e-01
42.780000,DS,DS_terminal,5,,,,4.646391e-03,1.854027e-02,-2.119227e-02,-2.947042e-02,5.252297e-01,-1.092556e+00,-2.541070e-03,-2.672862e-02,4.070121e-02,4.875925e-02,0,0.046306,0.235030,-0.263533,3.561362e-01
42.880000,DS,DS_terminal,5,,,,4.258256e-03,1.658485e-02,-1.930935e-02,-2.908781e-02,5.206929e-01,-1.084224e+00,-2.183580e-03,-2.486001e-02,3.872655e-02,4.607096e-02,0,0.046480,0.233376,-0.260672,3.529513e-01
42.980000,DS,DS_terminal,5,,,,3.867339e-03,1.472667e-02,-1.767016e-02,-2.871203e-02,5.161942e-01,-1.075952e+00,-1.822161e-03,-2.308319e-02,3.697544e-02,4.362725e-02,0,0.046648,0.231735,-0.257834,3.497935e-01
43.080000,DS,DS_terminal,5,,,,3.475177e-03,1.295757e-02,-1.624778e-02,-2.834249e-02,5.117346e-01,-1.067740e+00,-1.458371e-03,-2.138971e-02,3.542291e-02,4.140566e-02,0,0.046812,0.230109,-0.255016,3.466622e-01
43.180000,DS,DS_terminal,5,,,,3.081492e-03,1.126373e-02,-1.501649e-02,-2.797862e-02,5.073146e-01,-1.059587e+00,-1.091957e-03,-1.976623e-02,3.404459e-02,3.938185e-02,0,0.046971,0.228498,-0.252220,3.435586e-01
43.280000,DS,DS_terminal,5,,,,2.683951e-03,9.624229e-03,-1.395078e-02,-2.761986e-02,5.029347e-01,-1.051492e+00,-7.205901e-04,-1.819313e-02,3.281580e-02,3.752847e-02,0,0.047125,0.226900,-0.249445,3.404808e-01
43.380000,DS,DS_terminal,5,,,,2.277133e-03,8.006386e-03,-1.302417e-02,-2.726574e-02,4.985949e-01,-1.043453e+00,-3.388042e-04,-1.664015e-02,3.171003e-02,3.581250e-02,0,0.047275,0.225316,-0.246691,3.374295e-01
43.480000,DS,DS_terminal,5,,,,1.849600e-03,6.353013e-03,-1.220609e-02,-2.691575e-02,4.942953e-01,-1.035468e+00,6.498674e-05,-1.505464e-02,3.069488e-02,3.418804e-02,0,0.047421,0.223747,-0.243958,3.344054e-01
43.580000,DS,DS_terminal,5,,,,1.376125e-03,4.547430e-03,-1.144911e-02,-2.656935e-02,4.900362e-01,-1.027536e+00,5.163773e-04,-1.332942e-02,2.971739e-02,3.257397e-02,0,0.047562,0.222191,-0.241245,3.314063e-01
43.680000,DS,DS_terminal,5,,,,7.960655e-04,2.306302e-03,-1.062795e-02,-2.622581e-02,4.858184e-01,-1.019655e+00,1.076921e-03,-1.120466e-02,2.864088e-02,3.077343e-02,0,0.047699,0.220648,-0.238552,3.284323e-01
43.780000,DS,DS_terminal,5,,,,-3.467247e-05,-1.149977e-03,-9.175082e-03,-2.588462e-02,4.816437e-01,-1.011828e+00,1.893042e-03,-7.968111e-03,2.690270e-02,2.812169e-02,0,0.047833,0.219120,-0.235880,3.254857e-01
43.880000,DS,DS_terminal,5,,,,-1.132488e-03,-6.870724e-03,-4.644166e-03,-2.555118e-02,4.775095e-01,-1.004093e+00,2.983436e-03,-2.676609e-03,2.233364e-02,2.269045e-02,0,0.047963,0.217604,-0.233228,3.225636e-01
43.980000,DS,DS_terminal,5,,,,-1.428053e-03,-9.538076e-03,-1.334234e-04,-2.524455e-02,4.733842e-01,-9.965313e-01,3.255420e-03,-1.625082e-04,1.805297e-02,1.834486e-02,0,0.048089,0.216102,-0.230596,3.196672e-01
44.080000,DS,DS_terminal,5,,,,-1.162476e-03,-8.148603e-03,-5.306267e-04,-2.496314e-02,4.692467e-01,-9.890618e-01,2.952955e-03,-1.286265e-03,1.827831e-02,1.855993e-02,0,0.048212,0.214613,-0.227984,3.167962e-01
44.180000,DS,DS_terminal,5,,,,-1.029037e-03,-6.930952e-03,-1.663482e-03,-2.469664e-02,4.651144e-01,-9.816369e-01,2.786487e-03,-2.288366e-03,1.918361e-02,1.951953e-02,0,0.048331,0.213137,-0.225393,3.139511e-01
44.280000,DS,DS_terminal,5,,,,-1.013678e-03,-6.083909e-03,-2.871326e-03,-2.443573e-02,4.610121e-01,-9.742503e-01,2.741941e-03,-2.986653e-03,2.016887e-02,2.057235e-02,0,0.048446,0.211674,-0.222822,3.111311e-01
44.380000,DS,DS_terminal,5,,,,-1.060872e-03,-5.517050e-03,-3.908486e-03,-2.417504e-02,4.569533e-01,-9.669009e-01,2.762931e-03,-3.453600e-03,2.100814e-02,2.146865e-02,0,0.048558,0.210223,-0.220271,3.083357e-01
44.480000,DS,DS_terminal,5,,,,-1.120285e-03,-5.116746e-03,-4.674380e-03,-2.391279e-02,4.529423e-01,-9.595916e-01,2.797933e-03,-3.779013e-03,2.160784e-02,2.211353e-02,0,0.048666,0.208784,-0.217739,3.055641e-01
44.580000,DS,DS_terminal,5,,,,-1.166005e-03,-4.805916e-03,-5.169973e-03,-2.364972e-02,4.489777e-01,-9.523271e-01,2.820240e-03,-4.022295e-03,2.196464e-02,2.250729e-02,0,0.048771,0.207358,-0.215227,3.028178e-01
44.680000,DS,DS_terminal,5,,,,-1.192067e-03,-4.544334e-03,-5.452011e-03,-2.338771e-02,4.450553e-01,-9.451117e-01,2.823495e-03,-4.214370e-03,2.212606e-02,2.270012e-02,0,0.048873,0.205944,-0.212734,3.000954e-01
44.780000,DS,DS_terminal,5,,,,-1.201992e-03,-4.313565e-03,-5.589472e-03,-2.312872e-02,4.411702e-01,-9.379485e-01,2.811093e-03,-4.370583e-03,2.215295e-02,2.275428e-02,0,0.048972,0.204542,-0.210261,2.973977e-01
44.880000,DS,DS_terminal,5,,,,-1.202666e-03,-4.109301e-03,-5.638559e-03,-2.287427e-02,4.373187e-01,-9.308391e-01,2.789943e-03,-4.496049e-03,2.209637e-02,2.272109e-02,0,0.049069,0.203153,-0.207806,2.947240e-01
44.980000,DS,DS_terminal,5,,,,-1.201053e-03,-3.935202e-03,-5.636147e-03,-2.262519e-02,4.334985e-01,-9.237839e-01,2.767087e-03,-4.589649e-03,2.199053e-02,2.263416e-02,0,0.049162,0.201775,-0.205370,2.920734e-01
45.080000,DS,DS_terminal,5,,,,-1.202282e-03,-3.796230e-03,-5.603208e-03,-2.238183e-02,4.297083e-01,-9.167830e-01,2.747718e-03,-4.648973e-03,2.185520e-02,2.251250e-02,0,0.049253,0.200410,-0.202952,2.894470e-01
45.180000,DS,DS_terminal,5,,,,-1.209013e-03,-3.694362e-03,-5.550690e-03,-2.214415e-02,4.259478e-01,-9.098361e-01,2.734529e-03,-4.673720e-03,2.170091e-02,2.236629e-02,0,0.049342,0.199056,-0.200554,2.868446e-01
45.280000,DS,DS_terminal,5,,,,-1.221815e-03,-3.627669e-03,-5.484273e-03,-2.191195e-02,4.222172e-01,-9.029426e-01,2.728084e-03,-4.666500e-03,2.153323e-02,2.220132e-02,0,0.049428,0.197714,-0.198173,2.842648e-01
45.380000,DS,DS_terminal,5,,,,-1.239965e-03,-3.591459e-03,-5.407257e-03,-2.168496e-02,4.185165e-01,-8.961020e-01,2.727637e-03,-4.631956e-03,2.135548e-02,2.202162e-02,0,0.049511,0.196384,-0.195811,2.817090e-01
45.480000,DS,DS_terminal,5,,,,-1.262197e-03,-3.579925e-03,-5.321987e-03,-2.146294e-02,4.148460e-01,-8.893139e-01,2.731887e-03,-4.575468e-03,2.117004e-02,2.183045e-02,0,0.049592,0.195065,-0.193467,2.791759e-01
45.580000,DS,DS_terminal,5,,,,-1.287205e-03,-3.587430e-03,-5.230397e-03,-2.124564e-02,4.112057e-01,-8.825776e-01,2.739491e-03,-4.502140e-03,2.097889e-02,2.163072e-02,0,0.049671,0.193757,-0.191141,2.766656e-01
45.680000,DS,DS_terminal,5,,,,-1.313888e-03,-3.609192e-03,-5.134156e-03,-2.103289e-02,4.075955e-01,-8.758928e-01,2.749319e-03,-4.416273e-03,2.078371e-02,2.142486e-02,0,0.049747,0.192461,-0.188832,2.741779e-01
45.780000,DS,DS_terminal,5,,,,-1.341424e-03,-3.641480e-03,-5.034669e-03,-2.082451e-02,4.040155e-01,-8.692587e-01,2.760519e-03,-4.321216e-03,2.058594e-02,2.121495e-02,0,0.049822,0.191176,-0.186542,2.717138e-01
45.880000,DS,DS_terminal,5,,,,-1.369240e-03,-3.681533e-03,-4.933072e-03,-2.062035e-02,4.004654e-01,-8.626750e-01,2.772496e-03,-4.219462e-03,2.038672e-02,2.100259e-02,0,0.049894,0.189902,-0.184269,2.692717e-01
45.980000,DS,DS_terminal,5,,,,-1.396955e-03,-3.727359e-03,-4.830242e-03,-2.042029e-02,3.969451e-01,-8.561410e-01,2.784850e-03,-4.112817e-03,2.018695e-02,2.078903e-02,0,0.049964,0.188639,-0.182013,2.668517e-01
46.080000,DS,DS_terminal,5,,,,-1.424323e-03,-3.777530e-03,-4.726836e-03,-2.022419e-02,3.934544e-01,-8.496563e-01,2.797315e-03,-4.002587e-03,1.998729e-02,2.057517e-02,0,0.050032,0.187386,-0.179775,2.644537e-01
46.180000,DS,DS_terminal,5,,,,-1.451185e-03,-3.831011e-03,-4.623333e-03,-2.003193e-02,3.899930e-01,-8.432202e-01,2.809718e-03,-3.889728e-03,1.978824e-02,2.036170e-02,0,0.050098,0.186145,-0.177554,2.620786e-01
46.280000,DS,DS_terminal,5,,,,-1.477437e-03,-3.887031e-03,-4.520074e-03,-1.984339e-02,3.865609e-01,-8.368324e-01,2.821939e-03,-3.774949e-03,1.959014e-02,2.014912e-02,0,0.050163,0.184914,-0.175350,2.597251e-01
46.380000,DS,DS_terminal,5,,,,-1.503012e-03,-3.945006e-03,-4.417299e-03,-1.965845e-02,3.831577e-01,-8.304923e-01,2.833897e-03,-3.658795e-03,1.939324e-02,1.993779e-02,0,0.050225,0.183694,-0.173163,2.573936e-01
46.480000,DS,DS_terminal,5,,,,-1.527865e-03,-4.004481e-03,-4.315169e-03,-1.947700e-02,3.797834e-01,-8.241994e-01,2.845535e-03,-3.541685e-03,1.919771e-02,1.972797e-02,0,0.050286,0.182484,-0.170992,2.550830e-01
46.580000,DS,DS_terminal,5,,,,-1.551969e-03,-4.065097e-03,-4.213788e-03,-1.929893e-02,3.764376e-01,-8.179532e-01,2.856811e-03,-3.423955e-03,1.900365e-02,1.951982e-02,0,0.050344,0.181285,-0.168839,2.527951e-01
46.680000,DS,DS_terminal,5,,,,-1.575307e-03,-4.126566e-03,-4.113215e-03,-1.912412e-02,3.731203e-01,-8.117534e-01,2.867698e-03,-3.305869e-03,1.881113e-02,1.931349e-02,0,0.050401,0.180096,-0.166702,2.505282e-01
46.780000,DS,DS_terminal,5,,,,-1.597870e-03,-4.188659e-03,-4.013470e-03,-1.895248e-02,3.698312e-01,-8.055994e-01,2.878176e-03,-3.187641e-03,1.862017e-02,1.910905e-02,0,0.050457,0.178917,-0.164581,2.482823e-01
46.880000,DS,DS_terminal,5,,,,-1.619656e-03,-4.251190e-03,-3.914547e-03,-1.878390e-02,3.665701e-01,-7.994908e-01,2.888231e-03,-3.069440e-03,1.843076e-02,1.890651e-02,0,0.050511,0.177748,-0.162477,2.460579e-01
46.980000,DS,DS_terminal,5,,,,-1.640669e-03,-4.314009e-03,-3.816416e-03,-1.861829e-02,3.633369e-01,-7.934272e-01,2.897856e-03,-2.951404e-03,1.824288e-02,1.870591e-02,0,0.050563,0.176589,-0.160388,2.438536e-01
47.080000,DS,DS_terminal,5,,,,-1.660914e-03,-4.376995e-03,-3.719028e-03,-1.845555e-02,3.601313e-01,-7.874082e-01,2.907046e-03,-2.833643e-03,1.805648e-02,1.850721e-02,0,0.050614,0.175440,-0.158316,2.416711e-01
47.180000,DS,DS_terminal,5,,,,-1.680398e-03,-4.440050e-03,-3.622320e-03,-1.829559e-02,3.569532e-01,-7.814333e-01,2.915799e-03,-2.716247e-03,1.787151e-02,1.831040e-02,0,0.050663,0.174301,-0.156260,2.395094e-01
47.280000,DS,DS_terminal,5,,,,-1.699131e-03,-4.503092e-03,-3.526222e-03,-1.813832e-02,3.538023e-01,-7.755021e-01,2.924114e-03,-2.599288e-03,1.768789e-02,1.811541e-02,0,0.050711,0.173172,-0.154219,2.373682e-01
47.380000,DS,DS_terminal,5,,,,-1.717122e-03,-4.566052e-03,-3.430654e-03,-1.798366e-02,3.506784e-01,-7.696143e-01,2.931992e-03,-2.482827e-03,1.750556e-02,1.792221e-02,0,0.050758,0.172052,-0.152194,2.352473e-01
47.480000,DS,DS_terminal,5,,,,-1.734381e-03,-4.628871e-03,-3.335532e-03,-1.783153e-02,3.475814e-01,-7.637694e-01,2.939434e-03,-2.366917e-03,1.732443e-02,1.773072e-02,0,0.050803,0.170942,-0.150185,2.331473e-01
47.580000,DS,DS_terminal,5,,,,-1.750919e-03,-4.691499e-03,-3.240770e-03,-1.768184e-02,3.445110e-01,-7.579671e-01,2.946441e-03,-2.251601e-03,1.714442e-02,1.754088e-02,0,0.050847,0.169842,-0.148191,2.310677e-01
47.680000,DS,DS_terminal,5,,,,-1.766744e-03,-4.753889e-03,-3.146281e-03,-1.753453e-02,3.414670e-01,-7.522069e-01,2.953014e-03,-2.136918e-03,1.696544e-02,1.735260e-02,0,0.050889,0.168751,-0.146212,2.290077e-01
47.780000,DS,DS_terminal,5,,,,-1.781867e-03,-4.815999e-03,-3.051978e-03,-1.738952e-02,3.384493e-01,-7.464885e-01,2.959154e-03,-2.022904e-03,1.678743e-02,1.716585e-02,0,0.050931,0.167669,-0.144249,2.269684e-01
47.880000,DS,DS_terminal,5,,,,-1.796295e-03,-4.877792e-03,-2.957776e-03,-1.724673e-02,3.354576e-01,-7.408116e-01,2.964862e-03,-1.909591e-03,1.661029e-02,1.698054e-02,0,0.050971,0.166596,-0.142300,2.249479e-01
47.980000,DS,DS_terminal,5,,,,-1.810037e-03,-4.939230e-03,-2.863589e-03,-1.710611e-02,3.324918e-01,-7.351758e-01,2.970139e-03,-1.797008e-03,1.643394e-02,1.679659e-02,0,0.051010,0.165533,-0.140366,2.229480e-01
48.080000,DS,DS_terminal,5,,,,-1.823101e-03,-5.000279e-03,-2.769336e-03,-1.696758e-02,3.295515e-01,-7.295806e-01,2.974985e-03,-1.685183e-03,1.625831e-02,1.661394e-02,0,0.051047,0.164479,-0.138448,2.209683e-01
48.180000,DS,DS_terminal,5,,,,-1.835494e-03,-5.060907e-03,-2.674938e-03,-1.683107e-02,3.266367e-01,-7.240258e-01,2.979401e-03,-1.574143e-03,1.608332e-02,1.643253e-02,0,0.051084,0.163434,-0.136543,2.190074e-01
48.280000,DS,DS_terminal,5,,,,-1.847223e-03,-5.121081e-03,-2.580315e-03,-1.669654e-02,3.237471e-01,-7.185110e-01,2.983385e-03,-1.463911e-03,1.590889e-02,1.625227e-02,0,0.051120,0.162397,-0.134654,2.170662e-01
48.380000,DS,DS_terminal,5,,,,-1.858294e-03,-5.180771e-03,-2.485393e-03,-1.656391e-02,3.208825e-01,-7.130358e-01,2.986938e-03,-1.354512e-03,1.573495e-02,1.607312e-02,0,0.051154,0.161370,-0.132779,2.151448e-01
48.480000,DS,DS_terminal,5,,,,-1.868713e-03,-5.239948e-03,-2.390098e-03,-1.643312e-02,3.180427e-01,-7.075999e-01,2.990060e-03,-1.245968e-03,1.556143e-02,1.589500e-02,0,0.051188,0.160351,-0.130918,2.132421e-01
48.580000,DS,DS_terminal,5,,,,-1.878486e-03,-5.298582e-03,-2.294361e-03,-1.630413e-02,3.152275e-01,-7.022030e-01,2.992749e-03,-1.138300e-03,1.538826e-02,1.571785e-02,0,0.051220,0.159341,-0.129071,2.113584e-01
48.680000,DS,DS_terminal,5,,,,-1.887619e-03,-5.356645e-03,-2.198113e-03,-1.617687e-02,3.124368e-01,-6.968446e-01,2.995006e-03,-1.031531e-03,1.521537e-02,1.554161e-02,0,0.051252,0.158340,-0.127239,2.094948e-01
48.780000,DS,DS_terminal,5,,,,-1.896115e-03,-5.414109e-03,-2.101289e-03,-1.605128e-02,3.096702e-01,-6.915245e-01,2.996829e-03,-9.256795e-04,1.504270e-02,1.536622e-02,0,0.051283,0.157347,-0.125420,2.076492e-01
48.880000,DS,DS_terminal,5,,,,-1.903980e-03,-5.470948e-03,-2.003824e-03,-1.592732e-02,3.069277e-01,-6.862423e-01,2.998216e-03,-8.207652e-04,1.487019e-02,1.519163e-02,0,0.051312,0.156363,-0.123616,2.058233e-01
48.980000,DS,DS_terminal,5,,,,-1.911218e-03,-5.527135e-03,-1.905659e-03,-1.580494e-02,3.042089e-01,-6.809977e-01,2.999169e-03,-7.168065e-04,1.469777e-02,1.501777e-02,0,0.051341,0.155387,-0.121825,2.040156e-01
49.080000,DS,DS_terminal,5,,,,-1.917832e-03,-5.582644e-03,-1.806733e-03,-1.568407e-02,3.015138e-01,-6.757903e-01,2.999684e-03,-6.138211e-04,1.452538e-02,1.484458e-02,0,0.051369,0.154419,-0.120047,2.022258e-01
49.180000,DS,DS_terminal,5,,,,-1.923828e-03,-5.637452e-03,-1.706992e-03,-1.556467e-02,2.988421e-01,-6.706198e-01,2.999763e-03,-5.118254e-04,1.435296e-02,1.467201e-02,0,0.051396,0.153460,-0.118284,2.004560e-01
49.280000,DS,DS_terminal,5,,,,-1.929209e-03,-5.691533e-03,-1.606382e-03,-1.544670e-02,2.961936e-01,-6.654859e-01,2.999403e-03,-4.108349e-04,1.418047e-02,1.450003e-02,0,0.051423,0.152509,-0.116534,1.987045e-01
49.380000,DS,DS_terminal,5,,,,-1.933978e-03,-5.744867e-03,-1.504850e-03,-1.533009e-02,2.935682e-01,-6.603881e-01,2.998606e-03,-3.108634e-04,1.400784e-02,1.432857e-02,0,0.051448,0.151566,-0.114797,1.969708e-01
49.480000,DS,DS_terminal,5,,,,-1.938141e-03,-5.797431e-03,-1.402348e-03,-1.521480e-02,2.909656e-01,-6.553262e-01,2.997370e-03,-2.119234e-04,1.383502e-02,1.415757e-02,0,0.051473,0.150631,-0.113073,1.952554e-01
49.580000,DS,DS_terminal,5,,,,-1.941700e-03,-5.849207e-03,-1.298830e-03,-1.510078e-02,2.883856e-01,-6.502999e-01,2.995696e-03,-1.140255e-04,1.366196e-02,1.398701e-02,0,0.051497,0.149704,-0.111362,1.935581e-01
49.680000,DS,DS_terminal,5,,,,-1.944661e-03,-5.900177e-03,-1.194252e-03,-1.498798e-02,2.858281e-01,-6.453087e-01,2.993585e-03,-1.717849e-05,1.348862e-02,1.381683e-02,0,0.051521,0.148785,-0.109665,1.918797e-01
49.780000,DS,DS_terminal,5,,,,-1.947029e-03,-5.950326e-03,-1.088573e-03,-1.487635e-02,2.832929e-01,-6.403523e-01,2.991038e-03,7.861093e-05,1.331493e-02,1.364697e-02,0,0.051543,0.147874,-0.107980,1.902185e-01
49.880000,DS,DS_terminal,5,,,,-1.948808e-03,-5.999639e-03,-9.817543e-04,-1.476584e-02,2.807798e-01,-6.354304e-01,2.988058e-03,1.733379e-04,1.314087e-02,1.347743e-02,0,0.051565,0.146971,-0.106308,1.885758e-01
49.980000,DS,DS_terminal,5,,,,-1.950003e-03,-6.048103e-03,-8.737621e-04,-1.465641e-02,2.782885e-01,-6.305426e-01,2.984648e-03,2.669993e-04,1.296638e-02,1.330813e-02,0,0.051587,0.146075,-0.104649,1.869506e-01
50.080000,DS,DS_terminal,5,,,,-1.950621e-03,-6.095708e-03,-7.645651e-04,-1.454799e-02,2.758190e-01,-6.256886e-01,2.980809e-03,3.595930e-04,1.279143e-02,1.313907e-02,0,0.051607,0.145187,-0.103002,1.853428e-01
50.180000,DS,DS_terminal,5,,,,-1.950666e-03,-6.142441e-03,-6.541362e-04,-1.444055e-02,2.733711e-01,-6.208680e-01,2.976545e-03,4.511169e-04,1.261597e-02,1.297020e-02,0,0.051627,0.144306,-0.101368,1.837527e-01
50.280000,DS,DS_terminal,5,,,,-1.950143e-03,-6.188287e-03,-5.424530e-04,-1.433402e-02,2.709445e-01,-6.160804e-01,2.971859e-03,5.415678e-04,1.243997e-02,1.280149e-02,0,0.051647,0.143433,-0.099746,1.821804e-01
50.380000,DS,DS_terminal,5,,,,-1.948733e-03,-6.233238e-03,-4.276062e-04,-1.422792e-02,2.685399e-01,-6.113244e-01,2.966681e-03,6.308184e-04,1.226230e-02,1.263183e-02,0,0.051666,0.142568,-0.098136,1.806258e-01
50.480000,DS,DS_terminal,5,,,,-1.945530e-03,-6.275620e-03,-3.065122e-04,-1.412072e-02,2.661599e-01,-6.065961e-01,2.960729e-03,7.172724e-04,1.208150e-02,1.245966e-02,0,0.051684,0.141710,-0.096539,1.790886e-01
50.580000,DS,DS_terminal,5,,,,-1.948528e-03,-6.328623e-03,-2.187128e-04,-1.400582e-02,2.638169e-01,-6.018815e-01,2.965628e-03,8.158499e-04,1.193687e-02,1.232678e-02,0,0.051702,0.140859,-0.094953,1.775681e-01
50.680000,DS,DS_terminal,5,,,,-2.169689e-03,-6.849370e-03,-7.538687e-04,-1.387941e-02,2.615184e-01,-5.971734e-01,3.190679e-03,1.322985e-03,1.229712e-02,1.277301e-02,0,0.051719,0.140016,-0.093379,1.760653e-01
50.780000,DS,DS_terminal,5,,,,-2.449207e-03,-7.494181e-03,-1.450180e-03,-1.373935e-02,2.592682e-01,-5.924680e-01,3.475666e-03,1.938111e-03,1.278956e-02,1.339438e-02,0,0.051736,0.139180,-0.091817,1.745796e-01
50.880000,DS,DS_terminal,5,,,,-2.700304e-03,-8.077267e-03,-2.061244e-03,-1.358621e-02,2.570646e-01,-5.877672e-01,3.732127e-03,2.500352e-03,1.321298e-02,1.395576e-02,0,0.051753,0.138352,-0.090267,1.731120e-01
50.980000,DS,DS_terminal,5,,,,-2.911194e-03,-8.576744e-03,-2.554688e-03,-1.342156e-02,2.549044e-01,-5.830748e-01,3.948276e-03,2.989920e-03,1.354206e-02,1.441929e-02,0,0.051770,0.137531,-0.088727,1.716607e-01
51.080000,DS,DS_terminal,5,,,,-3.083613e-03,-8.997286e-03,-2.935394e-03,-1.324717e-02,2.527840e-01,-5.783950e-01,4.125917e-03,3.410771e-03,1.378082e-02,1.478403e-02,0,0.051788,0.136718,-0.087199,1.702277e-01
51.180000,DS,DS_terminal,5,,,,-3.221542e-03,-9.345917e-03,-3.215621e-03,-1.306465e-02,2.507003e-01,-5.737317e-01,4.268981e-03,3.768911e-03,1.393902e-02,1.505740e-02,0,0.051805,0.135912,-0.085681,1.688107e-01
51.280000,DS,DS_terminal,5,,,,-3.328283e-03,-9.628564e-03,-3.405804e-03,-1.287552e-02,2.486503e-01,-5.690883e-01,4.380665e-03,4.069356e-03,1.402502e-02,1.524635e-02,0,0.051822,0.135114,-0.084174,1.674114e-01
51.380000,DS,DS_terminal,5,,,,-3.406507e-03,-9.850651e-03,-3.514299e-03,-1.268117e-02,2.466311e-01,-5.644680e-01,4.463548e-03,4.316746e-03,1.404542e-02,1.535680e-02,0,0.051840,0.134324,-0.082677,1.660295e-01
51.480000,DS,DS_terminal,5,,,,-3.458719e-03,-1.001742e-02,-3.548857e-03,-1.248288e-02,2.446402e-01,-5.598735e-01,4.520077e-03,4.515594e-03,1.400637e-02,1.539481e-02,0,0.051858,0.133541,-0.081191,1.646646e-01
51.580000,DS,DS_terminal,5,,,,-3.487469e-03,-1.013405e-02,-3.517319e-03,-1.228187e-02,2.426752e-01,-5.553074e-01,4.552755e-03,4.670337e-03,1.391412e-02,1.536692e-02,0,0.051877,0.132766,-0.079715,1.633172e-01
51.680000,DS,DS_terminal,5,,,,-3.495273e-03,-1.020557e-02,-3.427394e-03,-1.207922e-02,2.407339e-01,-5.507720e-01,4.564063e-03,4.785301e-03,1.377485e-02,1.527993e-02,0,0.051895,0.131998,-0.078249,1.619860e-01
51.780000,DS,DS_terminal,5,,,,-3.484520e-03,-1.023682e-02,-3.286358e-03,-1.187595e-02,2.388143e-01,-5.462693e-01,4.556356e-03,4.864645e-03,1.359437e-02,1.514041e-02,0,0.051914,0.131238,-0.076794,1.606729e-01
51.880000,DS,DS_terminal,5,,,,-3.457455e-03,-1.023241e-02,-3.101018e-03,-1.167295e-02,2.369147e-01,-5.418010e-01,4.531858e-03,4.912335e-03,1.337813e-02,1.495470e-02,0,0.051934,0.130485,-0.075348,1.593763e-01
51.980000,DS,DS_terminal,5,,,,-3.416204e-03,-1.019669e-02,-2.877780e-03,-1.147105e-02,2.350334e-01,-5.373686e-01,4.492681e-03,4.932139e-03,1.313128e-02,1.472891e-02,0,0.051953,0.129739,-0.073913,1.580963e-01
52.080000,DS,DS_terminal,5,,,,-3.362772e-03,-1.013381e-02,-2.622662e-03,-1.127096e-02,2.331689e-01,-5.329734e-01,4.440826e-03,4.927619e-03,1.285865e-02,1.446884e-02,0,0.051973,0.129001,-0.072488,1.568342e-01
52.180000,DS,DS_terminal,5,,,,-3.299036e-03,-1.004762e-02,-2.341262e-03,-1.107333e-02,2.313200e-01,-5.286165e-01,4.378166e-03,4.902124e-03,1.256474e-02,1.417998e-02,0,0.051993,0.128269,-0.071073,1.555879e-01
52.280000,DS,DS_terminal,5,,,,-3.226740e-03,-9.941744e-03,-2.038754e-03,-1.087872e-02,2.294854e-01,-5.242986e-01,4.306452e-03,4.858782e-03,1.225373e-02,1.386749e-02,0,0.052013,0.127545,-0.069667,1.543586e-01
52.380000,DS,DS_terminal,5,,,,-3.147496e-03,-9.819538e-03,-1.719894e-03,-1.068761e-02,2.276643e-01,-5.200204e-01,4.227303e-03,4.800502e-03,1.192945e-02,1.353613e-02,0,0.052033,0.126828,-0.068272,1.531465e-01
52.480000,DS,DS_terminal,5,,,,-3.064748e-03,-9.688712e-03,-1.397475e-03,-1.049894e-02,2.258594e-01,-5.157812e-01,4.145143e-03,4.733606e-03,1.160374e-02,1.319985e-02,0,0.052054,0.126117,-0.066887,1.519506e-01
52.580000,DS,DS_terminal,5,,,,-2.980170e-03,-9.551076e-03,-1.078908e-03,-1.031237e-02,2.240717e-01,-5.115810e-01,4.060930e-03,4.660450e-03,1.128114e-02,1.286371e-02,0,0.052074,0.125413,-0.065511,1.507707e-01
52.680000,DS,DS_terminal,5,,,,-2.888814e-03,-9.394021e-03,-7.534988e-04,-1.012809e-02,2.223011e-01,-5.074205e-01,3.969549e-03,4.569761e-03,1.095328e-02,1.251457e-02,0,0.052095,0.124717,-0.064146,1.496093e-01
52.780000,DS,DS_terminal,5,,,,-2.788835e-03,-9.212359e-03,-4.204582e-04,-9.945982e-03,2.205487e-01,-5.033012e-01,3.869617e-03,4.456591e-03,1.062063e-02,1.215043e-02,0,0.052115,0.124026,-0.062790,1.484621e-01
52.880000,DS,DS_terminal,5,,,,-2.683051e-03,-9.010904e-03,-9.042206e-05,-9.766677e-03,2.188135e-01,-4.992246e-01,3.763282e-03,4.325708e-03,1.029052e-02,1.178002e-02,0,0.052136,0.123343,-0.061444,1.473330e-01
52.980000,DS,DS_terminal,5,,,,-2.724415e-03,-9.083780e-03,-2.781414e-04,-9.589632e-03,2.170972e-01,-4.951908e-01,3.804040e-03,4.417815e-03,1.040738e-02,1.192901e-02,0,0.052157,0.122665,-0.060108,1.462191e-01
53.080000,DS,DS_terminal,5,,,,-2.731696e-03,-9.024019e-03,-5.019242e-04,-9.415556e-03,2.153995e-01,-4.912030e-01,3.810735e-03,4.382518e-03,1.057529e-02,1.206503e-02,0,0.052177,0.121995,-0.058782,1.451225e-01
53.180000,DS,DS_terminal,5,,,,-2.560044e-03,-8.465364e-03,-4.570285e-04,-9.245434e-03,2.137197e-01,-4.872651e-01,3.638415e-03,3.904747e-03,1.054483e-02,1.181857e-02,0,0.052198,0.121331,-0.057465,1.440419e-01
53.280000,DS,DS_terminal,5,,,,-2.059256e-03,-7.158641e-03,4.174279e-04,-9.081716e-03,2.120539e-01,-4.833837e-01,3.135376e-03,2.791985e-03,9.825111e-03,1.068450e-02,0,0.052218,0.120673,-0.056159,1.429774e-01
53.380000,DS,DS_terminal,5,,,,-1.441745e-03,-5.674878e-03,1.793217e-03,-8.932450e-03,2.103724e-01,-4.795484e-01,2.513044e-03,1.517671e-03,8.672964e-03,9.156365e-03,0,0.052238,0.120021,-0.054862,1.419285e-01
53.480000,DS,DS_terminal,5,,,,-1.027855e-03,-4.481389e-03,2.347576e-03,-8.801134e-03,2.086745e-01,-4.757795e-01,2.088778e-03,4.791798e-04,8.174885e-03,8.451115e-03,0,0.052258,0.119375,-0.053575,1.408956e-01
53.580000,DS,DS_terminal,5,,,,-5.771161e-04,-3.085429e-03,2.734567e-03,-8.687845e-03,2.069474e-01,-4.720490e-01,1.624323e-03,-6.813387e-04,7.801481e-03,7.997859e-03,0,0.052277,0.118736,-0.052298,1.398792e-01
53.680000,DS,DS_terminal,5,,,,-5.235099e-04,-2.893110e-03,2.752511e-03,-8.586150e-03,2.052020e-01,-4.683396e-01,1.563765e-03,-8.201719e-04,7.727822e-03,7.926997e-03,0,0.052296,0.118101,-0.051031,1.388772e-01
53.780000,DS,DS_terminal,5,,,,-4.636221e-04,-2.744356e-03,2.880366e-03,-8.493571e-03,2.034548e-01,-4.646685e-01,1.496164e-03,-9.024901e-04,7.555009e-03,7.754428e-03,0,0.052314,0.117472,-0.049774,1.378908e-01
53.880000,DS,DS_terminal,5,,,,-5.015923e-04,-2.845256e-03,2.784055e-03,-8.406578e-03,2.017149e-01,-4.610308e-01,1.528401e-03,-7.720506e-04,7.573623e-03,7.764782e-03,0,0.052331,0.116849,-0.048527,1.369200e-01
53.980000,DS,DS_terminal,5,,,,-5.478437e-04,-2.980143e-03,2.702057e-03,-8.322344e-03,1.999890e-01,-4.574227e-01,1.569785e-03,-6.119660e-04,7.578942e-03,7.763961e-03,0,0.052348,0.116230,-0.047290,1.359635e-01
54.080000,DS,DS_terminal,5,,,,-6.002805e-04,-3.133497e-03,2.623535e-03,-8.238799e-03,1.982813e-01,-4.538415e-01,1.617877e-03,-4.388932e-04,7.580507e-03,7.763649e-03,0,0.052364,0.115617,-0.046062,1.350222e-01
54.180000,DS,DS_terminal,5,,,,-6.633857e-04,-3.308681e-03,2.518190e-03,-8.154751e-03,1.965939e-01,-4.502852e-01,1.677380e-03,-2.516710e-04,7.606539e-03,7.793355e-03,0,0.052379,0.115009,-0.044844,1.340955e-01
54.280000,DS,DS_terminal,5,,,,-7.093866e-04,-3.449665e-03,2.468722e-03,-8.069959e-03,1.949266e-01,-4.467530e-01,1.720056e-03,-9.619261e-05,7.586397e-03,7.779541e-03,0,0.052394,0.114406,-0.043636,1.331840e-01
54.380000,DS,DS_terminal,5,,,,-7.216966e-04,-3.508270e-03,2.496412e-03,-7.984594e-03,1.932785e-01,-4.432447e-01,1.729003e-03,-1.150979e-05,7.502553e-03,7.699213e-03,0,0.052407,0.113808,-0.042437,1.322863e-01
54.480000,DS,DS_terminal,5,,,,-7.231946e-04,-3.539133e-03,2.546597e-03,-7.899130e-03,1.916480e-01,-4.397608e-01,1.727000e-03,4.791181e-05,7.400797e-03,7.599778e-03,0,0.052421,0.113215,-0.041247,1.314036e-01
54.580000,DS,DS_terminal,5,,,,-7.036022e-04,-3.520802e-03,2.648929e-03,-7.814154e-03,1.900337e-01,-4.363018e-01,1.703740e-03,6.534720e-05,7.255908e-03,7.453536e-03,0,0.052434,0.112627,-0.040067,1.305356e-01
54.680000,DS,DS_terminal,5,,,,-6.777468e-04,-3.487486e-03,2.765068e-03,-7.730141e-03,1.884342e-01,-4.328684e-01,1.674094e-03,6.997666e-05,7.099928e-03,7.294962e-03,0,0.052446,0.112045,-0.038895,1.296823e-01
54.780000,DS,DS_terminal,5,,,,-6.556918e-04,-3.463668e-03,2.871642e-03,-7.647424e-03,1.868487e-01,-4.294610e-01,1.648181e-03,8.293711e-05,6.952050e-03,7.145235e-03,0,0.052458,0.111467,-0.037733,1.288430e-01
54.880000,DS,DS_terminal,5,,,,-6.391962e-04,-3.448812e-03,2.954555e-03,-7.566227e-03,1.852766e-01,-4.260798e-01,1.627766e-03,1.029982e-04,6.824919e-03,7.017104e-03,0,0.052469,0.110894,-0.036580,1.280179e-01
54.980000,DS,DS_terminal,5,,,,-6.260604e-04,-3.441456e-03,3.028163e-03,-7.486616e-03,1.837176e-01,-4.227248e-01,1.610736e-03,1.298347e-04,6.705671e-03,6.897634e-03,0,0.052480,0.110326,-0.035436,1.272073e-01
55.080000,DS,DS_terminal,5,,,,-6.210350e-04,-3.450739e-03,3.077251e-03,-7.408614e-03,1.821715e-01,-4.193960e-01,1.601763e-03,1.704805e-04,6.606940e-03,6.800468e-03,0,0.052490,0.109762,-0.034301,1.264099e-01
55.180000,DS,DS_terminal,5,,,,-6.147844e-04,-3.456093e-03,3.127421e-03,-7.332168e-03,1.806382e-01,-4.160929e-01,1.591655e-03,2.078910e-04,6.507720e-03,6.702761e-03,0,0.052500,0.109204,-0.033175,1.256278e-01
55.280000,DS,DS_terminal,5,,,,-6.087967e-04,-3.461894e-03,3.176789e-03,-7.257170e-03,1.791177e-01,-4.128152e-01,1.581926e-03,2.456069e-04,6.409603e-03,6.606499e-03,0,0.052510,0.108650,-0.032057,1.248590e-01
55.380000,DS,DS_terminal,5,,,,-6.060460e-04,-3.474819e-03,3.217838e-03,-7.183530e-03,1.776102e-01,-4.095626e-01,1.575487e-03,2.889816e-04,6.318624e-03,6.518487e-03,0,0.052519,0.108101,-0.030949,1.241044e-01
55.480000,DS,DS_terminal,5,,,,-6.041508e-04,-3.489406e-03,3.256322e-03,-7.111161e-03,1.761156e-01,-4.063349e-01,1.569991e-03,3.334633e-04,6.230151e-03,6.433572e-03,0,0.052527,0.107557,-0.029849,1.233635e-01
55.580000,DS,DS_terminal,5,,,,-6.031207e-04,-3.505696e-03,3.292327e-03,-7.040000e-03,1.746339e-01,-4.031317e-01,1.565435e-03,3.790431e-04,6.144094e-03,6.351705e-03,0,0.052535,0.107017,-0.028757,1.226358e-01
55.680000,DS,DS_terminal,5,,,,-6.022971e-04,-3.522355e-03,3.327540e-03,-6.969986e-03,1.731650e-01,-3.999528e-01,1.561177e-03,4.246425e-04,6.059152e-03,6.271437e-03,0,0.052543,0.106482,-0.027674,1.219222e-01
55.780000,DS,DS_terminal,5,,,,-6.020272e-04,-3.540052e-03,3.361204e-03,-6.901080e-03,1.717088e-01,-3.967980e-01,1.557537e-03,4.707642e-04,5.975858e-03,6.193417e-03,0,0.052550,0.105951,-0.026600,1.212216e-01
55.880000,DS,DS_terminal,5,,,,-6.019114e-04,-3.557862e-03,3.394094e-03,-6.833256e-03,1.702652e-01,-3.936671e-01,1.554114e-03,5.166639e-04,5.893590e-03,6.116912e-03,0,0.052557,0.105425,-0.025534,1.205349e-01
55.980000,DS,DS_terminal,5,,,,-6.018050e-04,-3.575441e-03,3.426517e-03,-6.766495e-03,1.688342e-01,-3.905599e-01,1.550759e-03,5.620733e-04,5.812088e-03,6.041618e-03,0,0.052563,0.104903,-0.024476,1.198607e-01
56.080000,DS,DS_terminal,5,,,,-6.015092e-04,-3.592274e-03,3.459042e-03,-6.700788e-03,1.674156e-01,-3.874763e-01,1.547266e-03,6.065578e-04,5.730844e-03,5.966952e-03,0,0.052569,0.104385,-0.023427,1.191996e-01
56.180000,DS,DS_terminal,5,,,,-6.012315e-04,-3.608997e-03,3.490782e-03,-6.636116e-03,1.660092e-01,-3.844161e-01,1.543846e-03,6.507412e-04,5.650654e-03,5.893795e-03,0,0.052574,0.103872,-0.022386,1.185519e-01
56.280000,DS,DS_terminal,5,,,,-6.005945e-04,-3.624465e-03,3.523014e-03,-6.572471e-03,1.646150e-01,-3.813792e-01,1.540120e-03,6.935801e-04,5.570413e-03,5.820870e-03,0,0.052579,0.103364,-0.021353,1.179178e-01
56.380000,DS,DS_terminal,5,,,,-5.974283e-04,-3.631860e-03,3.555883e-03,-6.509838e-03,1.632329e-01,-3.783653e-01,1.533897e-03,7.295633e-04,5.490132e-03,5.746882e-03,0,0.052584,0.102859,-0.020328,1.172957e-01
56.480000,DS,DS_terminal,5,,,,-5.932556e-04,-3.633828e-03,3.586768e-03,-6.448229e-03,1.618626e-01,-3.753745e-01,1.526730e-03,7.604383e-04,5.412085e-03,5.674490e-03,0,0.052589,0.102359,-0.019311,1.166871e-01
56.580000,DS,DS_terminal,5,,,,-5.885059e-04,-3.631879e-03,3.614400e-03,-6.387643e-03,1.605041e-01,-3.724065e-01,1.519030e-03,7.875828e-04,5.337188e-03,5.604758e-03,0,0.052593,0.101863,-0.018302,1.160907e-01
56.680000,DS,DS_terminal,5,,,,-5.828716e-04,-3.625066e-03,3.638964e-03,-6.328088e-03,1.591573e-01,-3.694614e-01,1.510500e-03,8.102008e-04,5.265350e-03,5.537323e-03,0,0.052596,0.101371,-0.017302,1.155066e-01
56.780000,DS,DS_terminal,5,,,,-5.751600e-04,-3.607832e-03,3.657892e-03,-6.269567e-03,1.578220e-01,-3.665391e-01,1.499929e-03,8.236615e-04,5.198829e-03,5.473210e-03,0,0.052600,0.100884,-0.016308,1.149360e-01
56.880000,DS,DS_terminal,5,,,,-5.659646e-04,-3.586302e-03,3.679848e-03,-6.212128e-03,1.564982e-01,-3.636401e-01,1.488012e-03,8.327020e-04,5.130320e-03,5.406270e-03,0,0.052603,0.100400,-0.015323,1.143767e-01
56.980000,DS,DS_terminal,5,,,,-5.501500e-04,-3.540556e-03,3.701591e-03,-6.155810e-03,1.551860e-01,-3.607645e-01,1.469483e-03,8.208126e-04,5.062544e-03,5.335023e-03,0,0.052605,0.099921,-0.014346,1.138301e-01
57.080000,DS,DS_terminal,5,,,,-5.346184e-04,-3.486070e-03,3.703518e-03,-6.100755e-03,1.538851e-01,-3.579130e-01,1.451008e-03,8.006543e-04,5.011184e-03,5.278109e-03,0,0.052608,0.099445,-0.013376,1.132953e-01
57.180000,DS,DS_terminal,5,,,,-5.391804e-04,-3.475290e-03,3.643609e-03,-6.047047e-03,1.525949e-01,-3.550848e-01,1.451920e-03,8.168585e-04,5.010245e-03,5.279951e-03,0,0.052610,0.098974,-0.012414,1.127731e-01
57.280000,DS,DS_terminal,5,,,,-5.066306e-04,-3.388040e-03,3.699239e-03,-5.994539e-03,1.513144e-01,-3.522768e-01,1.416038e-03,7.720611e-04,4.911826e-03,5.169843e-03,0,0.052611,0.098506,-0.011459,1.122616e-01
57.380000,DS,DS_terminal,5,,,,-3.659684e-04,-3.080050e-03,4.091633e-03,-5.943116e-03,1.500438e-01,-3.494894e-01,1.271279e-03,5.525261e-04,4.522257e-03,4.729931e-03,0,0.052613,0.098043,-0.010512,1.117634e-01
57.480000,DS,DS_terminal,5,,,,-2.152405e-04,-2.741101e-03,4.494542e-03,-5.892126e-03,1.487841e-01,-3.467209e-01,1.116931e-03,3.123588e-04,4.123521e-03,4.283518e-03,0,0.052614,0.097583,-0.009573,1.112759e-01
57.580000,DS,DS_terminal,5,,,,-2.283970e-04,-2.809273e-03,4.537794e-03,-5.841386e-03,1.475367e-01,-3.439731e-01,1.128341e-03,3.970066e-04,4.038744e-03,4.212152e-03,0,0.052615,0.097127,-0.008640,1.108000e-01
57.680000,DS,DS_terminal,5,,,,-2.271677e-04,-2.827547e-03,4.580127e-03,-5.790856e-03,1.463026e-01,-3.412476e-01,1.125159e-03,4.395470e-04,3.955904e-03,4.136225e-03,0,0.052615,0.096675,-0.007716,1.103355e-01
57.780000,DS,DS_terminal,5,,,,-1.909577e-04,-2.745730e-03,4.673416e-03,-5.740703e-03,1.450812e-01,-3.385446e-01,1.086589e-03,3.991428e-04,3.829176e-03,4.000322e-03,0,0.052615,0.096227,-0.006798,1.098826e-01
57.880000,DS,DS_terminal,5,,,,-1.402218e-04,-2.607472e-03,4.756808e-03,-5.691040e-03,1.438723e-01,-3.358642e-01,1.033419e-03,3.103639e-04,3.712053e-03,3.865698e-03,0,0.052615,0.095783,-0.005888,1.094413e-01
57.980000,DS,DS_terminal,5,,,,-3.199180e-04,-2.990356e-03,4.232577e-03,-5.641882e-03,1.426752e-01,-3.332055e-01,1.212957e-03,6.322629e-04,4.123780e-03,4.344719e-03,0,0.052615,0.095342,-0.004985,1.090105e-01
58.080000,DS,DS_terminal,5,,,,-5.454940e-04,-3.416115e-03,3.459824e-03,-5.592828e-03,1.414874e-01,-3.305611e-01,1.439826e-03,9.925841e-04,4.751039e-03,5.062677e-03,0,0.052614,0.094905,-0.004089,1.085906e-01
58.180000,DS,DS_terminal,5,,,,-5.190958e-04,-3.382468e-03,3.578369e-03,-5.544235e-03,1.403091e-01,-3.279335e-01,1.411579e-03,9.915207e-04,4.606074e-03,4.918494e-03,0,0.052613,0.094472,-0.003200,1.081819e-01
58.280000,DS,DS_terminal,5,,,,-5.078451e-04,-3.363496e-03,3.630796e-03,-5.496094e-03,1.391414e-01,-3.253262e-01,1.398212e-03,9.984232e-04,4.516370e-03,4.832126e-03,0,0.052612,0.094042,-0.002318,1.077835e-01
