t_s,phase,phase_raw,step_index,Hdot_s_planned_x_Nm,Hdot_s_planned_y_Nm,Hdot_s_planned_z_Nm,Hdot_s_realized_x_Nm,Hdot_s_realized_y_Nm,Hdot_s_realized_z_Nm,hw_x_Nms,hw_y_Nms,hw_z_Nms,tauw_x_Nm,tauw_y_Nm,tauw_z_Nm,tauw_norm_Nm,tauw_saturated,theta_s_x_deg,theta_s_y_deg,theta_s_z_deg,theta_s_geodesic_deg
0.010000,DS,DS_interstep,-1,,,,-8.637813e-14,-5.839634e-14,1.984524e-15,1.956614e-16,2.400628e-16,-9.461157e-16,8.637813e-14,5.839634e-14,-1.984524e-15,1.042845e-13,0,0.000000,0.000000,0.000000,0.000000e+00
0.020000,DS,DS_interstep,-1,,,,-9.037221e-09,3.484450e-10,-1.728139e-10,4.578751e-11,-1.609430e-12,3.249702e-12,9.157696e-09,-3.219693e-10,6.502869e-10,9.186399e-09,0,0.000000,0.000000,0.000000,0.000000e+00
0.030000,DS,DS_interstep,-1,,,,-7.046559e-09,3.283879e-09,-7.817941e-09,8.108480e-11,-1.837146e-11,4.418306e-11,7.060106e-09,-3.352518e-09,8.187002e-09,1.131863e-08,0,0.000000,-0.000000,0.000000,0.000000e+00
0.040000,DS,DS_interstep,-1,,,,-3.502334e-09,1.448623e-09,-7.356052e-09,9.876701e-11,-2.576624e-11,8.222329e-11,3.537363e-09,-1.479185e-09,7.608731e-09,8.520194e-09,0,0.000000,-0.000000,0.000000,0.000000e+00
0.050000,DS,DS_interstep,-1,,,,-1.263074e-09,1.554977e-09,-9.867790e-09,1.053662e-10,-3.364769e-11,1.323389e-10,1.320871e-09,-1.576584e-09,1.002424e-08,1.023307e-08,0,0.000000,-0.000000,0.000000,0.000000e+00
0.060000,DS,DS_interstep,-1,,,,3.784482e-10,2.473413e-11,-8.508244e-09,1.037336e-10,-3.374403e-11,1.753918e-10,-3.254508e-10,-1.960183e-11,8.612134e-09,8.618303e-09,0,0.000000,-0.000000,0.000000,0.000000e+00
0.070000,DS,DS_interstep,-1,,,,1.094131e-09,1.465298e-10,-9.350312e-09,9.846454e-11,-3.443443e-11,2.224512e-10,-1.052798e-09,-1.384120e-10,9.413863e-09,9.473561e-09,0,0.000000,-0.000000,0.000000,0.000000e+00
0.080000,DS,DS_interstep,-1,,,,1.533918e-09,-4.165878e-10,-8.317829e-09,9.089010e-11,-3.224998e-11,2.642417e-10,-1.513944e-09,4.365635e-10,8.360530e-09,8.507707e-09,0,0.000000,-0.000000,0.000000,0.000000e+00
0.090000,DS,DS_interstep,-1,,,,1.553439e-09,-9.877128e-12,-8.616644e-09,8.312529e-11,-3.210855e-11,3.074346e-10,-1.552101e-09,2.797365e-11,8.641444e-09,8.779770e-09,0,0.000000,-0.000000,0.000000,0.000000e+00
0.100000,DS,DS_interstep,-1,,,,1.510480e-09,-9.565409e-12,-7.883170e-09,7.548300e-11,-3.195643e-11,3.469101e-10,-1.527678e-09,3.010959e-11,7.898358e-09,8.044797e-09,0,0.000000,-0.000000,0.000000,0.000000e+00
0.110000,SS,SS,0,4.570210e-01,-1.444435e+00,2.471738e+00,,,,-1.381843e-02,3.432399e-02,-4.686168e-02,-6.477173e-01,1.272677e+00,-1.235408e+00,1.888247e+00,0,-0.000061,0.000067,-0.000088,1.263091e-04
0.210000,SS,SS,0,6.068923e-01,-1.413428e+00,2.706244e+00,,,,-4.859188e-02,1.136927e-01,-1.338797e-01,-8.399353e-01,1.993741e+00,-2.388137e+00,3.222374e+00,0,-0.000473,0.000417,-0.000415,7.548795e-04
0.310000,SS,SS,0,6.781446e-01,-1.226730e+00,3.344714e+00,,,,-9.368482e-02,2.202234e-01,-2.669136e-01,-1.059581e+00,2.541465e+00,-3.258239e+00,4.265897e+00,0,-0.001358,0.001175,-0.001146,2.130283e-03
0.410000,SS,SS,0,6.889688e-01,-9.818339e-01,3.891936e+00,,,,-1.484632e-01,3.482563e-01,-4.338151e-01,-1.214027e+00,2.934835e+00,-3.910494e+00,5.037766e+00,0,-0.002822,0.002434,-0.002404,4.434778e-03
0.510000,SS,SS,0,6.272738e-01,-7.061408e-01,4.429178e+00,,,,-2.089267e-01,4.902465e-01,-6.269505e-01,-1.274505e+00,3.160978e+00,-4.390829e+00,5.558374e+00,0,-0.004928,0.004253,-0.004280,7.790481e-03
0.610000,SS,SS,0,5.016704e-01,-4.266809e-01,4.895322e+00,,,,-2.715244e-01,6.394116e-01,-8.381348e-01,-1.262580e+00,3.241946e+00,-4.681698e+00,5.832891e+00,0,-0.007692,0.006659,-0.006838,1.225836e-02
0.710000,SS,SS,0,3.178258e-01,-1.712868e-01,5.269580e+00,,,,-3.332782e-01,7.897964e-01,-1.059113e+00,-1.189359e+00,3.197547e+00,-4.789831e+00,5.880592e+00,0,-0.011092,0.009653,-0.010111,1.784503e-02
0.810000,SS,SS,0,8.384586e-02,4.300190e-02,5.541807e+00,,,,-3.917111e-01,9.363668e-01,-1.281976e+00,-1.068731e+00,3.050378e+00,-4.724672e+00,5.724467e+00,0,-0.015074,0.013212,-0.014103,2.450871e-02
0.910000,SS,SS,0,-1.963641e-01,2.163808e-01,5.697268e+00,,,,-4.448510e-01,1.074994e+00,-1.499182e+00,-9.115255e-01,2.819690e+00,-4.498111e+00,5.386514e+00,0,-0.019562,0.017295,-0.018795,3.217205e-02
1.010000,SS,SS,0,-5.122470e-01,3.517673e-01,5.739567e+00,,,,-4.910740e-01,1.202325e+00,-1.703870e+00,-7.248821e-01,2.522330e+00,-4.127304e+00,4.891037e+00,0,-0.024460,0.021849,-0.024140,4.072358e-02
1.110000,SS,SS,0,-8.549218e-01,4.680251e-01,5.658139e+00,,,,-5.289275e-01,1.315532e+00,-1.889777e+00,-5.123490e-01,2.167411e+00,-3.627780e+00,4.256872e+00,0,-0.029658,0.026808,-0.030072,5.002590e-02
1.210000,SS,SS,0,-1.208692e+00,5.819662e-01,5.451868e+00,,,,-5.571042e-01,1.412091e+00,-2.051300e+00,-2.784291e-01,1.761171e+00,-3.014376e+00,3.502243e+00,0,-0.035033,0.032098,-0.036505,5.991834e-02
1.310000,SS,SS,0,-1.554141e+00,7.061455e-01,5.124923e+00,,,,-5.745537e-01,1.489674e+00,-2.183410e+00,-3.085572e-02,1.307339e+00,-2.300770e+00,2.646437e+00,0,-0.040453,0.037636,-0.043336,7.022053e-02
1.410000,SS,SS,0,-1.874047e+00,8.616478e-01,4.663502e+00,,,,-5.806465e-01,1.545987e+00,-2.281474e+00,2.189983e-01,8.061885e-01,-1.497964e+00,1.715167e+00,0,-0.045782,0.043331,-0.050446,8.073640e-02
1.510000,SS,SS,0,-2.143285e+00,1.034565e+00,4.107877e+00,,,,-5.754338e-01,1.578992e+00,-2.341726e+00,4.542515e-01,2.673184e-01,-6.260056e-01,8.183438e-01,0,-0.050885,0.049087,-0.057704,9.126099e-02
1.610000,SS,SS,0,-2.355525e+00,1.250283e+00,3.426821e+00,,,,-5.616110e-01,1.586429e+00,-2.359512e+00,7.043511e-01,-2.619667e-01,2.988731e-01,8.087411e-01,0,-0.055650,0.054797,-0.064963,1.015865e-01
1.710000,SS,SS,0,-2.502992e+00,1.458236e+00,2.735573e+00,,,,-5.338735e-01,1.568460e+00,-2.338217e+00,7.920047e-01,-9.073740e-01,1.247545e+00,1.734061e+00,0,-0.059931,0.060360,-0.072084,1.114951e-01
1.810000,SS,SS,0,-2.543682e+00,1.706298e+00,1.889039e+00,,,,-5.035452e-01,1.522645e+00,-2.270215e+00,9.165718e-01,-1.488749e+00,2.176898e+00,2.792018e+00,0,-0.063684,0.065659,-0.078907,1.208018e-01
1.910000,SS,SS,0,-2.546373e+00,1.904334e+00,1.137873e+00,,,,-4.668250e-01,1.450935e+00,-2.161953e+00,9.908626e-01,-2.040669e+00,3.023714e+00,3.780077e+00,0,-0.066844,0.070591,-0.085287,1.293255e-01
2.010000,SS,SS,0,-2.474319e+00,2.109140e+00,3.311080e-01,,,,-4.277035e-01,1.354497e+00,-2.015188e+00,9.890277e-01,-2.554803e+00,3.794500e+00,4.680109e+00,0,-0.069376,0.075056,-0.091092,1.369094e-01
2.110000,SS,SS,0,-2.334924e+00,2.232809e+00,-3.608253e-01,,,,-3.882243e-01,1.236459e+00,-1.836023e+00,9.520868e-01,-2.973450e+00,4.406616e+00,5.400568e+00,0,-0.071280,0.078967,-0.096204,1.434289e-01
2.210000,SS,SS,0,-2.135039e+00,2.266299e+00,-9.236598e-01,,,,-3.499155e-01,1.101621e+00,-1.632319e+00,8.823088e-01,-3.273470e+00,4.824686e+00,5.896751e+00,0,-0.072574,0.082258,-0.100537,1.487987e-01
2.310000,SS,SS,0,-1.892335e+00,2.212308e+00,-1.353795e+00,,,,-3.139912e-01,9.559469e-01,-1.415389e+00,7.929726e-01,-3.424520e+00,5.000000e+00,6.111967e+00,1,-0.073294,0.084885,-0.104033,1.529717e-01
2.410000,SS,SS,0,-1.620156e+00,2.075182e+00,-1.649286e+00,,,,-2.811779e-01,8.069029e-01,-1.197139e+00,6.926210e-01,-3.396132e+00,4.934632e+00,6.030259e+00,0,-0.073491,0.086837,-0.106669,1.559483e-01
2.510000,SS,SS,0,-1.332038e+00,1.867065e+00,-1.813378e+00,,,,-2.519867e-01,6.632994e-01,-9.849625e-01,5.852783e-01,-3.162018e+00,4.563066e+00,5.582336e+00,0,-0.073224,0.088136,-0.108479,1.577891e-01
2.610000,SS,SS,0,-1.043582e+00,1.606698e+00,-1.854705e+00,,,,-2.268977e-01,5.350751e-01,-7.956960e-01,4.702177e-01,-2.699423e+00,3.868582e+00,4.740666e+00,0,-0.072567,0.088845,-0.109549,1.586203e-01
2.710000,SS,SS,0,-7.723372e-01,1.318385e+00,-1.786736e+00,,,,-2.066143e-01,4.331512e-01,-6.459716e-01,3.411267e-01,-1.989983e+00,2.824586e+00,3.471986e+00,0,-0.071600,0.089069,-0.110012,1.586269e-01
2.810000,SS,SS,0,-5.378288e-01,1.030958e+00,-1.628712e+00,,,,-1.923187e-01,3.691359e-01,-5.521829e-01,1.828014e-01,-1.042201e+00,1.548558e+00,1.875535e+00,0,-0.070423,0.088961,-0.110059,1.580710e-01
2.910000,SS,SS,0,-3.661580e-01,7.870412e-01,-1.391781e+00,,,,-1.794855e-01,3.349207e-01,-4.825120e-01,2.601528e-01,-6.985550e-01,1.383606e+00,1.571631e+00,0,-0.069120,0.088683,-0.109842,1.571862e-01
3.010000,SS,SS,0,-2.485271e-01,6.829348e-01,-9.460937e-01,,,,-1.643535e-01,3.034146e-01,-4.262589e-01,2.498419e-01,-6.548982e-01,1.128913e+00,1.328818e+00,0,-0.067679,0.088282,-0.109413,1.560300e-01
3.110000,SS,SS,0,-1.823210e-01,5.719579e-01,-7.092465e-01,,,,-1.512550e-01,2.756317e-01,-3.771993e-01,1.952804e-01,-5.562825e-01,9.901026e-01,1.152340e+00,0,-0.066122,0.087771,-0.108808,1.546449e-01
3.210000,SS,SS,0,-1.452206e-01,4.698729e-01,-5.010096e-01,,,,-1.398585e-01,2.514093e-01,-3.345284e-01,1.594253e-01,-4.805232e-01,8.413779e-01,9.819551e-01,0,-0.064479,0.087166,-0.108052,1.530709e-01
3.320000,DS,DS_interstep,0,,,,3.381282e-01,7.718056e-01,-3.232273e-01,-1.414747e-01,2.475222e-01,-3.328741e-01,-3.245043e-01,-7.748812e-01,3.275861e-01,9.016965e-01,0,-0.064264,0.087118,-0.107954,1.528839e-01
3.330000,DS,DS_interstep,0,,,,3.361530e+00,2.730114e+00,-3.189041e+00,-1.563670e-01,2.339703e-01,-3.158057e-01,-2.979882e+00,-2.707997e+00,3.410478e+00,5.276770e+00,0,-0.063989,0.087068,-0.107816,1.526425e-01
3.340000,DS,DS_interstep,0,,,,3.708834e-01,2.693979e+00,-5.493277e+00,-1.572450e-01,2.202628e-01,-2.907908e-01,-1.771486e-01,-2.739258e+00,5.000000e+00,5.703939e+00,1,-0.063692,0.087005,-0.107651,1.523656e-01
3.350000,DS,DS_interstep,0,,,,-2.061503e+00,2.394163e+00,-7.134715e+00,-1.465902e-01,2.079678e-01,-2.657770e-01,2.129440e+00,-2.456877e+00,5.000000e+00,5.964123e+00,1,-0.063393,0.086929,-0.107466,1.520666e-01
3.360000,DS,DS_interstep,0,,,,-3.252701e+00,2.185336e+00,-8.064588e+00,-1.302776e-01,1.967243e-01,-2.407645e-01,3.261113e+00,-2.246685e+00,5.000000e+00,6.378280e+00,1,-0.063100,0.086841,-0.107264,1.517516e-01
3.370000,DS,DS_interstep,0,,,,-3.936966e+00,1.814574e+00,-7.993358e+00,-1.106327e-01,1.873791e-01,-2.157532e-01,3.927782e+00,-1.867138e+00,5.000000e+00,6.626739e+00,1,-0.062813,0.086744,-0.107049,1.514248e-01
3.380000,DS,DS_interstep,0,,,,-3.749459e+00,1.846586e+00,-7.664639e+00,-9.188831e-02,1.779418e-01,-1.907431e-01,3.747854e+00,-1.885643e+00,5.000000e+00,6.527025e+00,1,-0.062531,0.086641,-0.106825,1.510906e-01
3.390000,DS,DS_interstep,0,,,,-3.194055e+00,1.779883e+00,-6.644250e+00,-7.584184e-02,1.689007e-01,-1.657342e-01,3.208456e+00,-1.806497e+00,5.000000e+00,6.209478e+00,1,-0.062249,0.086535,-0.106598,1.507527e-01
3.400000,DS,DS_interstep,0,,,,-2.535105e+00,1.722276e+00,-5.542877e+00,-6.303879e-02,1.601766e-01,-1.407265e-01,2.559917e+00,-1.743177e+00,5.000000e+00,5.881483e+00,1,-0.061967,0.086426,-0.106368,1.504111e-01
3.410000,DS,DS_interstep,0,,,,-2.045904e+00,1.617435e+00,-4.582108e+00,-5.266295e-02,1.519846e-01,-1.176887e-01,2.074592e+00,-1.636841e+00,4.606275e+00,5.310457e+00,0,-0.061683,0.086315,-0.106137,1.500671e-01
3.420000,DS,DS_interstep,0,,,,-1.774389e+00,1.463650e+00,-3.739948e+00,-4.363640e-02,1.445687e-01,-9.888161e-02,1.804832e+00,-1.481696e+00,3.760334e+00,4.426393e+00,0,-0.061398,0.086202,-0.105907,1.497224e-01
3.430000,DS,DS_interstep,0,,,,-1.454874e+00,1.286273e+00,-2.809095e+00,-3.619337e-02,1.380566e-01,-8.476318e-02,1.488212e+00,-1.301020e+00,2.822764e+00,3.446074e+00,0,-0.061110,0.086087,-0.105679,1.493769e-01
3.440000,DS,DS_interstep,0,,,,-1.160338e+00,1.097010e+00,-1.877285e+00,-3.021481e-02,1.325025e-01,-7.533328e-02,1.195384e+00,-1.109469e+00,1.885173e+00,2.492738e+00,0,-0.060819,0.085972,-0.105453,1.490318e-01
3.450000,DS,DS_interstep,0,,,,-9.029323e-01,9.002619e-01,-9.932180e-01,-2.552289e-02,1.279411e-01,-7.034845e-02,9.381104e-01,-9.109604e-01,9.962313e-01,1.643891e+00,0,-0.060527,0.085857,-0.105231,1.486893e-01
3.460000,DS,DS_interstep,0,,,,-6.795083e-01,7.006687e-01,-1.891671e-01,-2.195429e-02,1.243852e-01,-6.940372e-02,7.134844e-01,-7.099295e-01,1.882389e-01,1.023960e+00,0,-0.060232,0.085741,-0.105014,1.483488e-01
3.470000,DS,DS_interstep,0,,,,-4.844271e-01,5.031312e-01,5.139407e-01,-1.937205e-02,1.218233e-01,-7.198952e-02,5.162444e-01,-5.111472e-01,-5.178765e-01,8.921748e-01,0,-0.059936,0.085626,-0.104801,1.480114e-01
3.480000,DS,DS_interstep,0,,,,-3.206083e-01,3.136768e-01,1.091897e+00,-1.762087e-02,1.202142e-01,-7.747368e-02,3.500506e-01,-3.206119e-01,-1.097588e+00,1.195837e+00,0,-0.059639,0.085511,-0.104594,1.476782e-01
3.490000,DS,DS_interstep,0,,,,-1.892578e-01,1.581766e-01,1.478289e+00,-1.653874e-02,1.193871e-01,-8.488820e-02,2.162560e-01,-1.642180e-01,-1.483722e+00,1.508365e+00,0,-0.059342,0.085397,-0.104391,1.473486e-01
3.500000,DS,DS_interstep,0,,,,-9.048030e-02,4.823560e-02,1.670697e+00,-1.596102e-02,1.191125e-01,-9.325701e-02,1.153796e-01,-5.372291e-02,-1.674661e+00,1.679490e+00,0,-0.059046,0.085284,-0.104193,1.470237e-01
3.510000,DS,DS_interstep,0,,,,-1.795195e-02,-4.927043e-02,1.773373e+00,-1.575488e-02,1.193279e-01,-1.021329e-01,4.106827e-02,4.426514e-02,-1.776152e+00,1.777178e+00,0,-0.058749,0.085172,-0.103998,1.467014e-01
3.520000,DS,DS_interstep,0,,,,3.522171e-02,-1.519374e-01,1.844273e+00,-1.582480e-02,1.200591e-01,-1.113623e-01,-1.414331e-02,1.474545e-01,-1.846969e+00,1.852900e+00,0,-0.058454,0.085060,-0.103808,1.463837e-01
3.530000,DS,DS_interstep,0,,,,1.254673e-01,-3.023980e-01,2.001146e+00,-1.636046e-02,1.215460e-01,-1.213766e-01,-1.072972e-01,2.985835e-01,-2.004027e+00,2.028987e+00,0,-0.058161,0.084949,-0.103622,1.460704e-01
3.540000,DS,DS_interstep,0,,,,2.376666e-01,-4.415785e-01,2.163097e+00,-1.747303e-02,1.237325e-01,-1.322047e-01,-2.226883e-01,4.385197e-01,-2.166894e+00,2.222008e+00,0,-0.057871,0.084840,-0.103440,1.457625e-01
3.550000,DS,DS_interstep,0,,,,3.420900e-01,-5.395133e-01,2.260118e+00,-1.912225e-02,1.264155e-01,-1.435255e-01,-3.300328e-01,5.378708e-01,-2.265539e+00,2.351785e+00,0,-0.057583,0.084733,-0.103262,1.454597e-01
3.560000,DS,DS_interstep,0,,,,4.520903e-01,-6.265714e-01,2.319884e+00,-2.133565e-02,1.295415e-01,-1.551460e-01,-4.428893e-01,6.264811e-01,-2.325605e+00,2.448891e+00,0,-0.057299,0.084627,-0.103089,1.451628e-01
3.570000,DS,DS_interstep,0,,,,5.502098e-01,-6.896848e-01,2.318683e+00,-2.405081e-02,1.329892e-01,-1.667584e-01,-5.432648e-01,6.908492e-01,-2.324108e+00,2.484731e+00,0,-0.057019,0.084523,-0.102920,1.448718e-01
3.580000,DS,DS_interstep,0,,,,6.313272e-01,-7.332719e-01,2.267358e+00,-2.718030e-02,1.366597e-01,-1.781103e-01,-6.261628e-01,7.354441e-01,-2.272094e+00,2.468880e+00,0,-0.056743,0.084422,-0.102755,1.445871e-01
3.590000,DS,DS_interstep,0,,,,6.953815e-01,-7.614589e-01,2.180467e+00,-3.063697e-02,1.404745e-01,-1.890226e-01,-6.916301e-01,7.643594e-01,-2.184317e+00,2.415334e+00,0,-0.056472,0.084323,-0.102593,1.443079e-01
3.600000,DS,DS_interstep,0,,,,7.440196e-01,-7.767672e-01,2.070759e+00,-3.434218e-02,1.443680e-01,-1.993812e-01,-7.413758e-01,7.801187e-01,-2.073657e+00,2.336295e+00,0,-0.056205,0.084227,-0.102435,1.440351e-01
3.610000,DS,DS_interstep,0,,,,7.791566e-01,-7.807369e-01,1.948259e+00,-3.822707e-02,1.482821e-01,-2.091221e-01,-7.773491e-01,7.842885e-01,-1.950222e+00,2.241148e+00,0,-0.055944,0.084132,-0.102280,1.437676e-01
3.620000,DS,DS_interstep,0,,,,8.025222e-01,-7.745525e-01,1.820535e+00,-4.223154e-02,1.521650e-01,-2.182195e-01,-8.013036e-01,7.780915e-01,-1.821624e+00,2.136780e+00,0,-0.055686,0.084041,-0.102127,1.435052e-01
3.630000,DS,DS_interstep,0,,,,8.156141e-01,-7.593972e-01,1.693170e+00,-4.630309e-02,1.559710e-01,-2.266757e-01,-8.147609e-01,7.627523e-01,-1.693471e+00,2.028169e+00,0,-0.055434,0.083951,-0.101977,1.432481e-01
3.640000,DS,DS_interstep,0,,,,8.197800e-01,-7.365830e-01,1.570202e+00,-5.039611e-02,1.596612e-01,-2.345132e-01,-8.190952e-01,7.396237e-01,-1.569808e+00,1.918921e+00,0,-0.055186,0.083863,-0.101830,1.429960e-01
3.650000,DS,DS_interstep,0,,,,8.163062e-01,-7.075432e-01,1.454441e+00,-5.447156e-02,1.632040e-01,-2.417685e-01,-8.156235e-01,7.101771e-01,-1.453449e+00,1.811659e+00,0,-0.054942,0.083778,-0.101685,1.427488e-01
3.660000,DS,DS_interstep,0,,,,8.064695e-01,-6.737581e-01,1.347694e+00,-5.849698e-02,1.665754e-01,-2.484872e-01,-8.056555e-01,6.759265e-01,-1.346198e+00,1.708276e+00,0,-0.054703,0.083694,-0.101541,1.425050e-01
3.670000,DS,DS_interstep,0,,,,7.915393e-01,-6.366638e-01,1.250930e+00,-6.244639e-02,1.697587e-01,-2.547197e-01,-7.904941e-01,6.383367e-01,-1.249017e+00,1.610093e+00,0,-0.054468,0.083611,-0.101400,1.422657e-01
3.680000,DS,DS_interstep,0,,,,7.727429e-01,-5.975732e-01,1.164414e+00,-6.630012e-02,1.727438e-01,-2.605176e-01,-7.713975e-01,5.987434e-01,-1.162161e+00,1.517948e+00,0,-0.054237,0.083531,-0.101261,1.420312e-01
3.690000,DS,DS_interstep,0,,,,7.512132e-01,-5.576239e-01,1.087847e+00,-7.004431e-02,1.755266e-01,-2.659310e-01,-7.495258e-01,5.583013e-01,-1.085318e+00,1.432272e+00,0,-0.054010,0.083451,-0.101123,1.417992e-01
3.700000,DS,DS_interstep,0,,,,7.279405e-01,-5.177528e-01,1.020506e+00,-7.367014e-02,1.781075e-01,-2.710063e-01,-7.258915e-01,5.179585e-01,-1.017755e+00,1.353154e+00,0,-0.053787,0.083373,-0.100987,1.415714e-01
3.710000,DS,DS_interstep,0,,,,7.037418e-01,-4.786921e-01,9.613931e-01,-7.717298e-02,1.804908e-01,-2.757850e-01,-7.013281e-01,4.784539e-01,-9.584583e-01,1.280399e+00,0,-0.053567,0.083296,-0.100853,1.413470e-01
3.720000,DS,DS_interstep,0,,,,6.792522e-01,-4.409821e-01,9.093582e-01,-8.055142e-02,1.826834e-01,-2.803024e-01,-6.764821e-01,4.403309e-01,-9.062679e-01,1.213607e+00,0,-0.053351,0.083220,-0.100720,1.411255e-01
3.730000,DS,DS_interstep,0,,,,6.549345e-01,-4.049922e-01,8.632114e-01,-8.380640e-02,1.846940e-01,-2.845882e-01,-6.518240e-01,4.039592e-01,-8.599831e-01,1.152228e+00,0,-0.053138,0.083145,-0.100588,1.409066e-01
3.740000,DS,DS_interstep,0,,,,6.311027e-01,-3.709478e-01,8.218038e-01,-8.694047e-02,1.865325e-01,-2.886660e-01,-6.276716e-01,3.695631e-01,-8.184467e-01,1.095629e+00,0,-0.052928,0.083070,-0.100458,1.406905e-01
3.750000,DS,DS_interstep,0,,,,6.079505e-01,-3.389579e-01,7.840856e-01,-8.995712e-02,1.882094e-01,-2.925545e-01,-6.042199e-01,3.372497e-01,-7.806023e-01,1.043149e+00,0,-0.052721,0.082997,-0.100330,1.404782e-01
3.760000,DS,DS_interstep,0,,,,5.855797e-01,-3.090430e-01,7.491413e-01,-9.286037e-02,1.897351e-01,-2.962674e-01,-5.815706e-01,3.070374e-01,-7.455299e-01,9.941384e-01,0,-0.052517,0.082924,-0.100202,1.402671e-01
3.770000,DS,DS_interstep,0,,,,5.640742e-01,-2.811579e-01,7.161693e-01,-9.565468e-02,1.911200e-01,-2.998146e-01,-5.598087e-01,2.788790e-01,-7.124244e-01,9.480020e-01,0,-0.052316,0.082851,-0.100076,1.400588e-01
3.780000,DS,DS_interstep,0,,,,5.435903e-01,-2.552112e-01,6.844149e-01,-9.834528e-02,1.923738e-01,-3.032022e-01,-5.390950e-01,2.526826e-01,-6.805268e-01,9.042061e-01,0,-0.052118,0.082779,-0.099951,1.398530e-01
3.790000,DS,DS_interstep,0,,,,5.241071e-01,-2.311526e-01,6.535020e-01,-1.009373e-01,1.935062e-01,-3.064342e-01,-5.194042e-01,2.283956e-01,-6.494620e-01,8.624072e-01,0,-0.051922,0.082708,-0.099828,1.396501e-01
3.800000,DS,DS_interstep,0,,,,5.055711e-01,-2.089374e-01,6.233843e-01,-1.034356e-01,1.945263e-01,-3.095148e-01,-5.006803e-01,2.059723e-01,-6.191894e-01,8.224967e-01,0,-0.051729,0.082636,-0.099705,1.394478e-01
3.810000,DS,DS_interstep,0,,,,4.878694e-01,-1.883740e-01,5.938788e-01,-1.058443e-01,1.954427e-01,-3.124469e-01,-4.828050e-01,1.852179e-01,-5.895272e-01,7.841866e-01,0,-0.051538,0.082566,-0.099583,1.392483e-01
3.820000,DS,DS_interstep,0,,,,4.708947e-01,-1.692824e-01,5.648540e-01,-1.081673e-01,1.962626e-01,-3.152329e-01,-4.656668e-01,1.659509e-01,-5.603447e-01,7.472426e-01,0,-0.051350,0.082495,-0.099462,1.390501e-01
3.830000,DS,DS_interstep,0,,,,4.545629e-01,-1.515201e-01,5.362599e-01,-1.104077e-01,1.969929e-01,-3.178750e-01,-4.491787e-01,1.480278e-01,-5.315930e-01,7.115229e-01,0,-0.051163,0.082425,-0.099343,1.388545e-01
3.840000,DS,DS_interstep,0,,,,4.388110e-01,-1.349742e-01,5.081063e-01,-1.125685e-01,1.976397e-01,-3.203755e-01,-4.332761e-01,1.313347e-01,-5.032829e-01,6.769569e-01,0,-0.050979,0.082355,-0.099224,1.386600e-01
3.850000,DS,DS_interstep,0,,,,4.235922e-01,-1.195528e-01,4.804427e-01,-1.146524e-01,1.982087e-01,-3.227367e-01,-4.179107e-01,1.157787e-01,-4.754648e-01,6.435222e-01,0,-0.050797,0.082285,-0.099106,1.384672e-01
3.860000,DS,DS_interstep,0,,,,4.088711e-01,-1.051790e-01,4.533422e-01,-1.166618e-01,1.987052e-01,-3.249616e-01,-4.030466e-01,1.012820e-01,-4.482128e-01,6.112277e-01,0,-0.050618,0.082215,-0.098988,1.382755e-01
3.870000,DS,DS_interstep,0,,,,3.946210e-01,-9.178728e-02,4.268892e-01,-1.185992e-01,1.991342e-01,-3.270533e-01,-3.886565e-01,8.777790e-02,-4.216121e-01,5.800996e-01,0,-0.050440,0.082146,-0.098871,1.380856e-01
3.880000,DS,DS_interstep,0,,,,3.808210e-01,-7.931948e-02,4.011697e-01,-1.204668e-01,1.995002e-01,-3.290157e-01,-3.747192e-01,7.520735e-02,-3.957494e-01,5.501711e-01,0,-0.050264,0.082076,-0.098755,1.378967e-01
3.890000,DS,DS_interstep,0,,,,3.674538e-01,-6.772335e-02,3.762651e-01,-1.222668e-01,1.998078e-01,-3.308527e-01,-3.612174e-01,6.351711e-02,-3.707066e-01,5.214747e-01,0,-0.050090,0.082007,-0.098640,1.377099e-01
3.900000,DS,DS_interstep,0,,,,3.545043e-01,-5.695073e-02,3.522469e-01,-1.240013e-01,2.000611e-01,-3.325689e-01,-3.481360e-01,5.265816e-02,-3.465558e-01,4.940369e-01,0,-0.049917,0.081938,-0.098525,1.375235e-01
3.910000,DS,DS_interstep,0,,,,3.419587e-01,-4.695672e-02,3.291742e-01,-1.256723e-01,2.002640e-01,-3.341690e-01,-3.354610e-01,4.258476e-02,-3.233562e-01,4.678747e-01,0,-0.049747,0.081869,-0.098411,1.373391e-01
3.920000,DS,DS_interstep,0,,,,3.298035e-01,-3.769899e-02,3.070924e-01,-1.272819e-01,2.004203e-01,-3.356580e-01,-3.231791e-01,3.325382e-02,-3.011534e-01,4.429943e-01,0,-0.049578,0.081799,-0.098297,1.371545e-01
3.930000,DS,DS_interstep,0,,,,3.180250e-01,-2.913744e-02,2.860321e-01,-1.288319e-01,2.005334e-01,-3.370411e-01,-3.112767e-01,2.462458e-02,-2.799782e-01,4.193893e-01,0,-0.049410,0.081730,-0.098184,1.369717e-01
3.940000,DS,DS_interstep,0,,,,3.066096e-01,-2.123398e-02,2.660102e-01,-1.303241e-01,2.006066e-01,-3.383234e-01,-2.997401e-01,1.665833e-02,-2.598474e-01,3.970419e-01,0,-0.049244,0.081661,-0.098071,1.367897e-01
3.950000,DS,DS_interstep,0,,,,2.955431e-01,-1.395237e-02,2.470305e-01,-1.317603e-01,2.006432e-01,-3.395103e-01,-2.885551e-01,9.318344e-03,-2.407645e-01,3.759234e-01,0,-0.049080,0.081592,-0.097959,1.366092e-01
3.960000,DS,DS_interstep,0,,,,2.848112e-01,-7.258175e-03,2.290848e-01,-1.331422e-01,2.006460e-01,-3.406069e-01,-2.777073e-01,2.569741e-03,-2.227214e-01,3.559955e-01,0,-0.048917,0.081523,-0.097847,1.364291e-01
3.970000,DS,DS_interstep,0,,,,2.743995e-01,-1.118712e-03,2.121551e-01,-1.344714e-01,2.006179e-01,-3.416183e-01,-2.671824e-01,-3.620538e-03,-2.056996e-01,3.372119e-01,0,-0.048755,0.081453,-0.097735,1.362489e-01
3.980000,DS,DS_interstep,0,,,,2.642939e-01,4.497038e-03,1.962143e-01,-1.357495e-01,2.005614e-01,-3.425496e-01,-2.569659e-01,-9.283811e-03,-1.896720e-01,3.195202e-01,0,-0.048595,0.081384,-0.097624,1.360708e-01
3.990000,DS,DS_interstep,0,,,,2.544802e-01,9.618475e-03,1.812286e-01,-1.369778e-01,2.004792e-01,-3.434055e-01,-2.470440e-01,-1.444972e-02,-1.746043e-01,3.028633e-01,0,-0.048436,0.081315,-0.097513,1.358932e-01
4.000000,DS,DS_interstep,0,,,,2.449452e-01,1.427346e-02,1.671587e-01,-1.381580e-01,2.003734e-01,-3.441906e-01,-2.374030e-01,-1.914633e-02,-1.604570e-01,2.871815e-01,0,-0.048278,0.081245,-0.097402,1.357154e-01
4.010000,DS,DS_interstep,0,,,,2.356761e-01,1.848841e-02,1.539615e-01,-1.392912e-01,2.002464e-01,-3.449093e-01,-2.280301e-01,-2.340019e-02,-1.471867e-01,2.724137e-01,0,-0.048121,0.081176,-0.097291,1.355386e-01
4.020000,DS,DS_interstep,0,,,,2.266609e-01,2.228839e-02,1.415913e-01,-1.403787e-01,2.001002e-01,-3.455657e-01,-2.189132e-01,-2.723651e-02,-1.347472e-01,2.584988e-01,0,-0.047966,0.081106,-0.097181,1.353627e-01
4.030000,DS,DS_interstep,0,,,,2.178886e-01,2.569719e-02,1.300009e-01,-1.414219e-01,1.999368e-01,-3.461639e-01,-2.100412e-01,-3.067916e-02,-1.230913e-01,2.453772e-01,0,-0.047811,0.081037,-0.097071,1.351875e-01
4.040000,DS,DS_interstep,0,,,,2.093491e-01,2.873748e-02,1.191430e-01,-1.424218e-01,1.997581e-01,-3.467074e-01,-2.014039e-01,-3.375087e-02,-1.121713e-01,2.329915e-01,0,-0.047658,0.080967,-0.096961,1.350125e-01
4.050000,DS,DS_interstep,0,,,,2.010333e-01,3.143084e-02,1.089709e-01,-1.433796e-01,1.995657e-01,-3.471998e-01,-1.929920e-01,-3.647329e-02,-1.019403e-01,2.212872e-01,0,-0.047506,0.080897,-0.096851,1.348379e-01
4.060000,DS,DS_interstep,0,,,,1.929330e-01,3.379788e-02,9.943933e-02,-1.442964e-01,1.993614e-01,-3.476442e-01,-1.847975e-01,-3.886707e-02,-9.235265e-02,2.102136e-01,0,-0.047354,0.080828,-0.096742,1.346647e-01
4.070000,DS,DS_interstep,0,,,,1.850411e-01,3.585830e-02,9.050490e-02,-1.451732e-01,1.991467e-01,-3.480436e-01,-1.768129e-01,-4.095195e-02,-8.336489e-02,1.997237e-01,0,-0.047204,0.080758,-0.096633,1.344917e-01
4.080000,DS,DS_interstep,0,,,,1.773512e-01,3.763097e-02,8.212676e-02,-1.460111e-01,1.989230e-01,-3.484009e-01,-1.690318e-01,-4.274686e-02,-7.493594e-02,1.897747e-01,0,-0.047054,0.080688,-0.096523,1.343180e-01
4.090000,DS,DS_interstep,0,,,,1.698578e-01,3.913397e-02,7.426683e-02,-1.468110e-01,1.986917e-01,-3.487186e-01,-1.614487e-01,-4.426991e-02,-6.702756e-02,1.803280e-01,0,-0.046905,0.080617,-0.096414,1.341448e-01
4.100000,DS,DS_interstep,0,,,,1.625562e-01,4.038463e-02,6.689000e-02,-1.475739e-01,1.984541e-01,-3.489992e-01,-1.540588e-01,-4.553850e-02,-5.960451e-02,1.713493e-01,0,-0.046757,0.080547,-0.096305,1.339727e-01
4.110000,DS,DS_interstep,0,,,,1.554420e-01,4.139960e-02,5.996430e-02,-1.483008e-01,1.982113e-01,-3.492449e-01,-1.468578e-01,-4.656932e-02,-5.263469e-02,1.628076e-01,0,-0.046610,0.080477,-0.096196,1.338010e-01
4.120000,DS,DS_interstep,0,,,,1.485118e-01,4.219483e-02,5.346082e-02,-1.489926e-01,1.979645e-01,-3.494579e-01,-1.398420e-01,-4.737839e-02,-4.608910e-02,1.546761e-01,0,-0.046464,0.080406,-0.096088,1.336298e-01
4.130000,DS,DS_interstep,0,,,,1.417623e-01,4.278560e-02,4.735371e-02,-1.496502e-01,1.977147e-01,-3.496401e-01,-1.330082e-01,-4.798107e-02,-3.994179e-02,1.469310e-01,0,-0.046318,0.080336,-0.095979,1.334586e-01
4.140000,DS,DS_interstep,0,,,,1.351907e-01,4.318658e-02,4.161997e-02,-1.502744e-01,1.974629e-01,-3.497934e-01,-1.263537e-01,-4.839211e-02,-3.416972e-02,1.395515e-01,0,-0.046173,0.080265,-0.095870,1.332872e-01
4.150000,DS,DS_interstep,0,,,,1.287947e-01,4.341179e-02,3.623932e-02,-1.508663e-01,1.972099e-01,-3.499197e-01,-1.198760e-01,-4.862561e-02,-2.875254e-02,1.325195e-01,0,-0.046028,0.080194,-0.095762,1.331165e-01
4.160000,DS,DS_interstep,0,,,,1.225720e-01,4.347464e-02,3.119390e-02,-1.514266e-01,1.969566e-01,-3.500206e-01,-1.135729e-01,-4.869506e-02,-2.367236e-02,1.258189e-01,0,-0.045885,0.080124,-0.095653,1.329465e-01
4.170000,DS,DS_interstep,0,,,,1.165206e-01,4.338790e-02,2.646804e-02,-1.519562e-01,1.967037e-01,-3.500976e-01,-1.074423e-01,-4.861337e-02,-1.891347e-02,1.194355e-01,0,-0.045741,0.080053,-0.095545,1.327764e-01
4.180000,DS,DS_interstep,0,,,,1.106385e-01,4.316378e-02,2.204796e-02,-1.524560e-01,1.964519e-01,-3.501524e-01,-1.014824e-01,-4.839282e-02,-1.446208e-02,1.133565e-01,0,-0.045599,0.079982,-0.095437,1.326070e-01
4.190000,DS,DS_interstep,0,,,,1.049241e-01,4.281387e-02,1.792151e-02,-1.529268e-01,1.962018e-01,-3.501865e-01,-9.569135e-02,-4.804511e-02,-1.030599e-02,1.075704e-01,0,-0.045457,0.079910,-0.095328,1.324363e-01
4.200000,DS,DS_interstep,0,,,,9.937551e-02,4.234919e-02,1.407784e-02,-1.533695e-01,1.959541e-01,-3.502011e-01,-9.006749e-02,-4.758136e-02,-6.434347e-03,1.020663e-01,0,-0.045315,0.079839,-0.095220,1.322670e-01
4.210000,DS,DS_interstep,0,,,,9.399114e-02,4.178019e-02,1.050716e-02,-1.537849e-01,1.957093e-01,-3.501978e-01,-8.460915e-02,-4.701214e-02,-2.837334e-03,9.683439e-02,0,-0.045174,0.079768,-0.095112,1.320981e-01
4.220000,DS,DS_interstep,0,,,,8.876931e-02,4.111677e-02,7.200445e-03,-1.541737e-01,1.954678e-01,-3.501778e-01,-7.931467e-02,-4.634743e-02,4.940765e-04,9.186482e-02,0,-0.045033,0.079696,-0.095003,1.319280e-01
4.230000,DS,DS_interstep,0,,,,8.370834e-02,4.036829e-02,4.149254e-03,-1.545369e-01,1.952300e-01,-3.501425e-01,-7.418242e-02,-4.559670e-02,3.568360e-03,8.714829e-02,0,-0.044893,0.079625,-0.094895,1.317596e-01
4.240000,DS,DS_interstep,0,,,,7.880654e-02,3.954357e-02,1.345476e-03,-1.548752e-01,1.949964e-01,-3.500930e-01,-6.921074e-02,-4.476888e-02,6.393648e-03,8.267562e-02,0,-0.044753,0.079553,-0.094787,1.315906e-01
4.250000,DS,DS_interstep,0,,,,7.406221e-02,3.865096e-02,-1.218829e-03,-1.551895e-01,1.947673e-01,-3.500306e-01,-6.439794e-02,-4.387239e-02,8.977910e-03,7.843777e-02,0,-0.044614,0.079482,-0.094679,1.314226e-01
4.260000,DS,DS_interstep,0,,,,6.947360e-02,3.769830e-02,-3.551587e-03,-1.554804e-01,1.945430e-01,-3.499565e-01,-5.974230e-02,-4.291515e-02,1.132910e-02,7.442581e-02,0,-0.044475,0.079410,-0.094570,1.312534e-01
4.270000,DS,DS_interstep,0,,,,6.503891e-02,3.669297e-02,-5.660823e-03,-1.557488e-01,1.943238e-01,-3.498717e-01,-5.524206e-02,-4.190464e-02,1.345528e-02,7.063093e-02,0,-0.044336,0.079338,-0.094462,1.310850e-01
4.280000,DS,DS_interstep,0,,,,6.075632e-02,3.564191e-02,-7.554753e-03,-1.559955e-01,1.941098e-01,-3.497774e-01,-5.089542e-02,-4.084788e-02,1.536471e-02,6.704452e-02,0,-0.044197,0.079266,-0.094354,1.309166e-01
4.290000,DS,DS_interstep,0,,,,5.662393e-02,3.455164e-02,-9.241843e-03,-1.562212e-01,1.939013e-01,-3.496746e-01,-4.670052e-02,-3.975144e-02,1.706590e-02,6.365815e-02,0,-0.044059,0.079194,-0.094246,1.307486e-01
4.300000,DS,DS_interstep,0,,,,5.263983e-02,3.342829e-02,-1.073084e-02,-1.564267e-01,1.936986e-01,-3.495642e-01,-4.265545e-02,-3.862151e-02,1.856764e-02,6.046376e-02,0,-0.043921,0.079122,-0.094137,1.305799e-01
4.310000,DS,DS_interstep,0,,,,4.880200e-02,3.227757e-02,-1.203079e-02,-1.566126e-01,1.935016e-01,-3.494474e-01,-3.875824e-02,-3.746388e-02,1.987904e-02,5.745363e-02,0,-0.043784,0.079050,-0.094029,1.304124e-01
4.320000,DS,DS_interstep,0,,,,4.510841e-02,3.110487e-02,-1.315103e-02,-1.567798e-01,1.933105e-01,-3.493249e-01,-3.500688e-02,-3.628397e-02,2.100947e-02,5.462056e-02,0,-0.043647,0.078978,-0.093921,1.302449e-01
4.330000,DS,DS_interstep,0,,,,4.155696e-02,2.991522e-02,-1.410111e-02,-1.569290e-01,1.931254e-01,-3.491976e-01,-3.139927e-02,-3.508687e-02,2.196858e-02,5.195788e-02,0,-0.043510,0.078906,-0.093813,1.300775e-01
4.340000,DS,DS_interstep,0,,,,3.814547e-02,2.871332e-02,-1.489085e-02,-1.570608e-01,1.929463e-01,-3.490663e-01,-2.793327e-02,-3.387733e-02,2.276621e-02,4.945949e-02,0,-0.043373,0.078834,-0.093704,1.299094e-01
4.350000,DS,DS_interstep,0,,,,3.487173e-02,2.750358e-02,-1.553018e-02,-1.571760e-01,1.927734e-01,-3.489318e-01,-2.460667e-02,-3.265977e-02,2.341238e-02,4.711994e-02,0,-0.043236,0.078761,-0.093596,1.297415e-01
4.360000,DS,DS_interstep,0,,,,3.173344e-02,2.629010e-02,-1.602915e-02,-1.572752e-01,1.926066e-01,-3.487947e-01,-2.141720e-02,-3.143836e-02,2.391719e-02,4.493438e-02,0,-0.043099,0.078689,-0.093488,1.295743e-01
4.370000,DS,DS_interstep,0,,,,2.872828e-02,2.507672e-02,-1.639781e-02,-1.573591e-01,1.924459e-01,-3.486558e-01,-1.836252e-02,-3.021695e-02,2.429077e-02,4.289857e-02,0,-0.042963,0.078617,-0.093379,1.294067e-01
4.380000,DS,DS_interstep,0,,,,2.585383e-02,2.386701e-02,-1.664618e-02,-1.574285e-01,1.922912e-01,-3.485157e-01,-1.544023e-02,-2.899913e-02,2.454320e-02,4.100877e-02,0,-0.042827,0.078544,-0.093271,1.292393e-01
4.390000,DS,DS_interstep,0,,,,2.310763e-02,2.266429e-02,-1.678417e-02,-1.574838e-01,1.921427e-01,-3.483748e-01,-1.264788e-02,-2.778826e-02,2.468445e-02,3.926166e-02,0,-0.042691,0.078472,-0.093162,1.290718e-01
4.400000,DS,DS_interstep,0,,,,2.048716e-02,2.147165e-02,-1.682151e-02,-1.575259e-01,1.920001e-01,-3.482338e-01,-9.982941e-03,-2.658744e-02,2.472431e-02,3.765425e-02,0,-0.042555,0.078399,-0.093054,1.289045e-01
4.410000,DS,DS_interstep,0,,,,1.798985e-02,2.029193e-02,-1.676766e-02,-1.575552e-01,1.918636e-01,-3.480930e-01,-7.442834e-03,-2.539955e-02,2.467231e-02,3.618364e-02,0,-0.042419,0.078327,-0.092946,1.287379e-01
4.420000,DS,DS_interstep,0,,,,1.561306e-02,1.912777e-02,-1.663181e-02,-1.575725e-01,1.917328e-01,-3.479529e-01,-5.024924e-03,-2.422724e-02,2.453770e-02,3.484692e-02,0,-0.042284,0.078254,-0.092837,1.285703e-01
4.430000,DS,DS_interstep,0,,,,1.335412e-02,1.798160e-02,-1.642277e-02,-1.575782e-01,1.916079e-01,-3.478139e-01,-2.726519e-03,-2.307295e-02,2.432935e-02,3.364093e-02,0,-0.042148,0.078182,-0.092729,1.284038e-01
4.440000,DS,DS_interstep,0,,,,1.121031e-02,1.685565e-02,-1.614898e-02,-1.575730e-01,1.914886e-01,-3.476762e-01,-5.448785e-04,-2.193892e-02,2.405574e-02,3.256212e-02,0,-0.042013,0.078109,-0.092620,1.282364e-01
4.450000,DS,DS_interstep,0,,,,9.178836e-03,1.575194e-02,-1.581843e-02,-1.575576e-01,1.913749e-01,-3.475402e-01,1.522787e-03,-2.082720e-02,2.372491e-02,3.160637e-02,0,-0.041877,0.078037,-0.092512,1.280700e-01
4.460000,DS,DS_interstep,0,,,,7.256900e-03,1.467231e-02,-1.543865e-02,-1.575323e-01,1.912666e-01,-3.474061e-01,3.479310e-03,-1.973965e-02,2.334447e-02,3.076887e-02,0,-0.041742,0.077964,-0.092403,1.279027e-01
4.470000,DS,DS_interstep,0,,,,5.441649e-03,1.361843e-02,-1.501671e-02,-1.574978e-01,1.911637e-01,-3.472742e-01,5.327559e-03,-1.867795e-02,2.292151e-02,3.004404e-02,0,-0.041607,0.077891,-0.092295,1.277361e-01
4.480000,DS,DS_interstep,0,,,,3.730201e-03,1.259179e-02,-1.455919e-02,-1.574545e-01,1.910659e-01,-3.471445e-01,7.070438e-03,-1.764358e-02,2.246264e-02,2.942545e-02,0,-0.041471,0.077819,-0.092186,1.275692e-01
4.490000,DS,DS_interstep,0,,,,2.119650e-03,1.159370e-02,-1.407215e-02,-1.574031e-01,1.909732e-01,-3.470173e-01,8.710882e-03,-1.663790e-02,2.197399e-02,2.890598e-02,0,-0.041336,0.077746,-0.092078,1.274028e-01
4.500000,DS,DS_interstep,0,,,,6.070641e-04,1.062532e-02,-1.356119e-02,-1.573440e-01,1.908853e-01,-3.468926e-01,1.025185e-02,-1.566205e-02,2.146118e-02,2.847775e-02,0,-0.041201,0.077673,-0.091969,1.272357e-01
4.510000,DS,DS_interstep,0,,,,-8.105016e-04,9.687649e-03,-1.303143e-02,-1.572776e-01,1.908022e-01,-3.467706e-01,1.169631e-02,-1.471706e-02,2.092937e-02,2.813244e-02,0,-0.041066,0.077601,-0.091860,1.270692e-01
4.520000,DS,DS_interstep,0,,,,-2.136006e-03,8.781532e-03,-1.248752e-02,-1.572045e-01,1.907236e-01,-3.466514e-01,1.304725e-02,-1.380377e-02,2.038324e-02,2.786129e-02,0,-0.040931,0.077528,-0.091752,1.269030e-01
4.530000,DS,DS_interstep,0,,,,-3.372413e-03,7.907675e-03,-1.193365e-02,-1.571251e-01,1.906495e-01,-3.465349e-01,1.430767e-02,-1.292291e-02,1.982700e-02,2.765540e-02,0,-0.040796,0.077455,-0.091643,1.267361e-01
4.540000,DS,DS_interstep,0,,,,-4.522688e-03,7.066638e-03,-1.137361e-02,-1.570399e-01,1.905796e-01,-3.464213e-01,1.548057e-02,-1.207505e-02,1.926446e-02,2.750590e-02,0,-0.040661,0.077382,-0.091535,1.265699e-01
4.550000,DS,DS_interstep,0,,,,-5.589792e-03,6.258853e-03,-1.081076e-02,-1.569492e-01,1.905137e-01,-3.463105e-01,1.656894e-02,-1.126062e-02,1.869903e-02,2.740411e-02,0,-0.040526,0.077310,-0.091426,1.264037e-01
4.560000,DS,DS_interstep,0,,,,-6.576677e-03,5.484621e-03,-1.024812e-02,-1.568535e-01,1.904518e-01,-3.462025e-01,1.757577e-02,-1.047994e-02,1.813372e-02,2.734170e-02,0,-0.040391,0.077237,-0.091318,1.262377e-01
4.570000,DS,DS_interstep,0,,,,-7.486280e-03,4.744124e-03,-9.688328e-03,-1.567531e-01,1.903936e-01,-3.460973e-01,1.850403e-02,-9.733199e-03,1.757121e-02,2.731084e-02,0,-0.040256,0.077164,-0.091209,1.260711e-01
4.580000,DS,DS_interstep,0,,,,-8.321518e-03,4.037428e-03,-9.133730e-03,-1.566485e-01,1.903390e-01,-3.459949e-01,1.935666e-02,-9.020462e-03,1.701385e-02,2.730421e-02,0,-0.040121,0.077092,-0.091101,1.259058e-01
4.590000,DS,DS_interstep,0,,,,-9.085285e-03,3.364491e-03,-8.586368e-03,-1.565400e-01,1.902878e-01,-3.458953e-01,2.013661e-02,-8.341696e-03,1.646370e-02,2.731520e-02,0,-0.039986,0.077019,-0.090992,1.257392e-01
4.600000,SS,SS,1,-7.501387e-02,-7.184304e-01,1.121366e+00,,,,-1.455924e-01,1.952276e-01,-3.540571e-01,2.497251e-01,2.328779e-01,-2.717627e-01,4.364054e-01,0,-0.038633,0.076312,-0.089936,1.241149e-01
4.700000,SS,SS,1,5.762469e-02,-8.039276e-01,1.258068e+00,,,,-1.330993e-01,2.066199e-01,-3.688617e-01,1.628999e-01,3.272852e-01,-4.979419e-01,6.177363e-01,0,-0.037230,0.075663,-0.088948,1.225672e-01
4.800000,SS,SS,1,1.716457e-01,-8.797560e-01,1.420684e+00,,,,-1.247141e-01,2.233097e-01,-3.957353e-01,1.155571e-01,4.696029e-01,-7.429582e-01,8.864915e-01,0,-0.035826,0.075093,-0.088066,1.211531e-01
4.900000,SS,SS,1,2.491532e-01,-9.303415e-01,1.494181e+00,,,,-1.165373e-01,2.450363e-01,-4.298657e-01,1.229462e-01,5.393686e-01,-8.436184e-01,1.008824e+00,0,-0.034446,0.074624,-0.087325,1.199205e-01
5.000000,SS,SS,1,3.164277e-01,-1.018569e+00,1.639212e+00,,,,-1.083194e-01,2.702243e-01,-4.693413e-01,1.176455e-01,6.294581e-01,-9.846150e-01,1.174532e+00,0,-0.033096,0.074271,-0.086745,1.188958e-01
5.100000,SS,SS,1,3.794540e-01,-1.110092e+00,1.789278e+00,,,,-1.008372e-01,3.002722e-01,-5.164508e-01,1.023476e-01,7.307499e-01,-1.146423e+00,1.363362e+00,0,-0.031787,0.074052,-0.086350,1.181120e-01
5.200000,SS,SS,1,4.356734e-01,-1.182327e+00,1.911650e+00,,,,-9.387950e-02,3.344653e-01,-5.701059e-01,9.733527e-02,8.078716e-01,-1.269208e+00,1.507654e+00,0,-0.030532,0.073983,-0.086164,1.176007e-01
5.300000,SS,SS,1,4.871024e-01,-1.237229e+00,2.006711e+00,,,,-8.720003e-02,3.721852e-01,-6.292767e-01,9.395782e-02,8.777517e-01,-1.380541e+00,1.638649e+00,0,-0.029338,0.074079,-0.086207,1.173885e-01
5.400000,SS,SS,1,5.353099e-01,-1.276469e+00,2.076021e+00,,,,-8.083594e-02,4.132249e-01,-6.936863e-01,9.050238e-02,9.412190e-01,-1.482866e+00,1.758686e+00,0,-0.028210,0.074350,-0.086496,1.174959e-01
5.500000,SS,SS,1,5.796440e-01,-1.309117e+00,2.132747e+00,,,,-7.471268e-02,4.572772e-01,-7.628558e-01,8.947001e-02,9.970953e-01,-1.572806e+00,1.864383e+00,0,-0.027154,0.074807,-0.087045,1.179418e-01
5.600000,SS,SS,1,6.191370e-01,-1.367480e+00,2.227333e+00,,,,-6.874919e-02,5.042401e-01,-8.365938e-01,8.989210e-02,1.052731e+00,-1.661118e+00,1.968664e+00,0,-0.026172,0.075459,-0.087869,1.187434e-01
5.700000,SS,SS,1,6.554295e-01,-1.409477e+00,2.291886e+00,,,,-6.291699e-02,5.537727e-01,-9.143661e-01,9.153565e-02,1.096997e+00,-1.732636e+00,2.052756e+00,0,-0.025266,0.076314,-0.088979,1.199144e-01
5.800000,SS,SS,1,6.884925e-01,-1.435533e+00,2.326073e+00,,,,-5.713663e-02,6.054499e-01,-9.954950e-01,9.472436e-02,1.132540e+00,-1.789829e+00,2.120167e+00,0,-0.024437,0.077379,-0.090385,1.214666e-01
5.900000,SS,SS,1,7.185442e-01,-1.446702e+00,2.330573e+00,,,,-5.135660e-02,6.589219e-01,-1.079411e+00,9.882603e-02,1.160110e+00,-1.834086e+00,2.172439e+00,0,-0.023684,0.078657,-0.092094,1.234065e-01
6.000000,SS,SS,1,7.456220e-01,-1.443809e+00,2.306116e+00,,,,-4.552864e-02,7.138471e-01,-1.165557e+00,1.038500e-01,1.179911e+00,-1.865577e+00,2.209831e+00,0,-0.023005,0.080152,-0.094112,1.257404e-01
6.100000,SS,SS,1,7.697150e-01,-1.450085e+00,2.289670e+00,,,,-3.961213e-02,7.700410e-01,-1.253602e+00,1.094231e-01,1.197176e+00,-1.891548e+00,2.241240e+00,0,-0.022398,0.081864,-0.096440,1.284681e-01
6.200000,SS,SS,1,7.907671e-01,-1.459366e+00,2.271258e+00,,,,-3.359412e-02,8.273136e-01,-1.343207e+00,1.152054e-01,1.209247e+00,-1.908717e+00,2.262466e+00,0,-0.021859,0.083795,-0.099081,1.315920e-01
6.300000,SS,SS,1,8.086329e-01,-1.455822e+00,2.225506e+00,,,,-2.745189e-02,8.853245e-01,-1.433813e+00,1.213395e-01,1.212847e+00,-1.912339e+00,2.267766e+00,0,-0.021385,0.085944,-0.102034,1.351097e-01
6.400000,SS,SS,1,8.232822e-01,-1.440451e+00,2.153767e+00,,,,-2.116038e-02,9.437331e-01,-1.524865e+00,1.276368e-01,1.209466e+00,-1.904319e+00,2.259542e+00,0,-0.020972,0.088308,-0.105298,1.390173e-01
6.500000,SS,SS,1,8.347316e-01,-1.414368e+00,2.057622e+00,,,,-1.470796e-02,1.002243e+00,-1.615870e+00,1.338507e-01,1.199692e+00,-1.885629e+00,2.238922e+00,0,-0.020614,0.090886,-0.108869,1.433097e-01
6.600000,SS,SS,1,8.429603e-01,-1.378578e+00,1.938724e+00,,,,-8.087017e-03,1.060573e+00,-1.706364e+00,1.399026e-01,1.183896e+00,-1.856871e+00,2.206616e+00,0,-0.020307,0.093671,-0.112741,1.479769e-01
6.700000,SS,SS,1,8.493750e-01,-1.359164e+00,1.840022e+00,,,,-1.309356e-03,1.118631e+00,-1.796152e+00,1.452494e-01,1.168312e+00,-1.826477e+00,2.173032e+00,0,-0.020046,0.096658,-0.116906,1.530086e-01
6.800000,SS,SS,1,8.524997e-01,-1.331457e+00,1.721908e+00,,,,5.597332e-03,1.176192e+00,-1.884856e+00,1.499075e-01,1.145427e+00,-1.785036e+00,2.126224e+00,0,-0.019825,0.099842,-0.121358,1.583958e-01
6.900000,SS,SS,1,8.521447e-01,-1.295669e+00,1.585162e+00,,,,1.263293e-02,1.232956e+00,-1.971997e+00,1.542408e-01,1.116989e+00,-1.734323e+00,2.068654e+00,0,-0.019639,0.103216,-0.126085,1.641239e-01
7.000000,SS,SS,1,8.483770e-01,-1.252953e+00,1.431645e+00,,,,1.978360e-02,1.288690e+00,-2.057192e+00,1.578874e-01,1.083784e+00,-1.675733e+00,2.001898e+00,0,-0.019484,0.106771,-0.131078,1.701797e-01
7.100000,SS,SS,1,8.412392e-01,-1.204246e+00,1.263308e+00,,,,2.703220e-02,1.343172e+00,-2.140081e+00,1.608791e-01,1.046024e+00,-1.609679e+00,1.926425e+00,0,-0.019353,0.110500,-0.136323,1.765467e-01
7.200000,SS,SS,1,8.317384e-01,-1.155278e+00,1.090498e+00,,,,3.435375e-02,1.396231e+00,-2.220380e+00,1.629711e-01,1.005371e+00,-1.538491e+00,1.845070e+00,0,-0.019242,0.114391,-0.141808,1.832077e-01
7.300000,SS,SS,1,8.205841e-01,-1.109783e+00,9.205210e-01,,,,4.170904e-02,1.447741e+00,-2.297872e+00,1.639089e-01,9.624714e-01,-1.463314e+00,1.759121e+00,0,-0.019145,0.118435,-0.147518,1.901445e-01
7.400000,SS,SS,1,8.062043e-01,-1.059996e+00,7.407407e-01,,,,4.906606e-02,1.497513e+00,-2.372265e+00,1.639658e-01,9.151413e-01,-1.381549e+00,1.665247e+00,0,-0.019058,0.122622,-0.153437,1.973380e-01
7.500000,SS,SS,1,7.886210e-01,-1.006743e+00,5.529991e-01,,,,5.640163e-02,1.545364e+00,-2.443274e+00,1.632452e-01,8.644971e-01,-1.294554e+00,1.565207e+00,0,-0.018976,0.126941,-0.159550,2.047689e-01
7.600000,SS,SS,1,7.679735e-01,-9.508455e-01,3.591626e-01,,,,6.368784e-02,1.591134e+00,-2.510656e+00,1.616524e-01,8.108392e-01,-1.202989e+00,1.459717e+00,0,-0.018895,0.131379,-0.165840,2.124156e-01
7.700000,SS,SS,1,7.444126e-01,-8.930364e-01,1.610762e-01,,,,7.089567e-02,1.634678e+00,-2.574191e+00,1.591909e-01,7.545020e-01,-1.107445e+00,1.349463e+00,0,-0.018811,0.135926,-0.172288,2.202564e-01
7.800000,SS,SS,1,7.205019e-01,-8.340764e-01,-3.704433e-02,,,,7.798023e-02,1.675871e+00,-2.633699e+00,1.554813e-01,6.961511e-01,-1.008913e+00,1.235600e+00,0,-0.018719,0.140567,-0.178877,2.282684e-01
7.900000,SS,SS,1,6.947169e-01,-7.741487e-01,-2.353395e-01,,,,8.490047e-02,1.714597e+00,-2.689013e+00,1.506602e-01,6.356047e-01,-9.075105e-01,1.118153e+00,0,-0.018617,0.145291,-0.185587,2.364289e-01
8.000000,SS,SS,1,6.663978e-01,-7.137809e-01,-4.328211e-01,,,,9.162206e-02,1.750747e+00,-2.739986e+00,1.449392e-01,5.732662e-01,-8.037863e-01,9.978547e-01,0,-0.018501,0.150084,-0.192399,2.447139e-01
8.100000,SS,SS,1,6.356601e-01,-6.535654e-01,-6.277987e-01,,,,9.811181e-02,1.784223e+00,-2.786488e+00,1.383318e-01,5.094726e-01,-6.983062e-01,8.754025e-01,0,-0.018369,0.154934,-0.199294,2.531009e-01
8.200000,SS,SS,1,6.026642e-01,-5.940350e-01,-8.186159e-01,,,,1.043349e-01,1.814943e+00,-2.828416e+00,1.308208e-01,4.445478e-01,-5.916303e-01,7.515073e-01,0,-0.018217,0.159827,-0.206251,2.615645e-01
8.300000,SS,SS,1,5.681038e-01,-5.336682e-01,-1.006250e+00,,,,1.102535e-01,1.842841e+00,-2.865687e+00,1.222970e-01,3.788858e-01,-4.841821e-01,6.268519e-01,0,-0.018045,0.164750,-0.213250,2.700810e-01
8.400000,SS,SS,1,5.343074e-01,-4.645573e-01,-1.199579e+00,,,,1.158109e-01,1.867779e+00,-2.898144e+00,1.124097e-01,3.100709e-01,-3.735112e-01,4.982876e-01,0,-0.017849,0.169689,-0.220271,2.786257e-01
8.500000,SS,SS,1,4.986766e-01,-3.975151e-01,-1.383656e+00,,,,1.209750e-01,1.889680e+00,-2.925713e+00,1.017865e-01,2.413944e-01,-2.635492e-01,3.716045e-01,0,-0.017629,0.174631,-0.227293,2.871739e-01
8.600000,SS,SS,1,4.612543e-01,-3.330667e-01,-1.557113e+00,,,,1.257073e-01,1.908515e+00,-2.948387e+00,9.028157e-02,1.725914e-01,-1.543843e-01,2.485419e-01,0,-0.017385,0.179562,-0.234295,2.957007e-01
8.700000,SS,SS,1,4.221196e-01,-2.715964e-01,-1.718490e+00,,,,1.299726e-01,1.924226e+00,-2.966136e+00,7.811517e-02,1.030964e-01,-4.552628e-02,1.371258e-01,0,-0.017114,0.184468,-0.241258,3.041821e-01
8.800000,SS,SS,1,3.813674e-01,-2.136123e-01,-1.866606e+00,,,,1.337452e-01,1.936740e+00,-2.978921e+00,6.550933e-02,3.272082e-02,6.305246e-02,9.663197e-02,0,-0.016818,0.189336,-0.248159,3.125922e-01
8.900000,SS,SS,1,3.407281e-01,-1.464408e-01,-2.019614e+00,,,,1.370002e-01,1.945924e+00,-2.986627e+00,5.243571e-02,-4.070531e-02,1.740249e-01,1.862554e-01,0,-0.016497,0.194153,-0.254979,3.209078e-01
9.000000,SS,SS,1,3.001071e-01,-7.407028e-02,-2.171814e+00,,,,1.397255e-01,1.951678e+00,-2.989170e+00,3.927589e-02,-1.142861e-01,2.841572e-01,3.087867e-01,0,-0.016150,0.198904,-0.261698,3.291040e-01
9.100000,SS,SS,1,2.584990e-01,-8.045632e-03,-2.306482e+00,,,,1.419061e-01,1.954102e+00,-2.986689e+00,2.575135e-02,-1.837210e-01,3.882263e-01,4.302746e-01,0,-0.015778,0.203577,-0.268294,3.371561e-01
9.200000,SS,SS,1,2.160958e-01,5.148391e-02,-2.421648e+00,,,,1.435324e-01,1.953307e+00,-2.979415e+00,1.141755e-02,-2.521541e-01,4.901965e-01,5.513662e-01,0,-0.015381,0.208157,-0.274748,3.450397e-01
9.300000,SS,SS,1,1.731701e-01,1.044403e-01,-2.516834e+00,,,,1.445576e-01,1.949285e+00,-2.967381e+00,-3.468402e-03,-3.196021e-01,5.890191e-01,6.701500e-01,0,-0.014962,0.212634,-0.281043,3.527354e-01
9.400000,SS,SS,1,1.295784e-01,1.504639e-01,-2.590680e+00,,,,1.449589e-01,1.942094e+00,-2.950708e+00,-1.861803e-02,-3.849352e-01,6.838664e-01,7.849809e-01,0,-0.014520,0.216995,-0.287159,3.602193e-01
9.500000,SS,SS,1,8.733483e-02,2.220866e-01,-2.691645e+00,,,,1.447242e-01,1.931496e+00,-2.929161e+00,-3.359747e-02,-4.578494e-01,7.863768e-01,9.105731e-01,0,-0.014058,0.221228,-0.293079,3.674708e-01
9.600000,SS,SS,1,4.493279e-02,2.860697e-01,-2.770677e+00,,,,1.438825e-01,1.917532e+00,-2.902828e+00,-4.825788e-02,-5.254362e-01,8.815438e-01,1.027391e+00,0,-0.013577,0.225321,-0.298784,3.744673e-01
9.700000,SS,SS,1,2.550797e-03,3.404694e-01,-2.824992e+00,,,,1.424178e-01,1.900337e+00,-2.871952e+00,-6.307858e-02,-5.903803e-01,9.713697e-01,1.138458e+00,0,-0.013079,0.229263,-0.304258,3.811896e-01
9.800000,SS,SS,1,-3.972015e-02,3.851243e-01,-2.853693e+00,,,,1.403355e-01,1.880002e+00,-2.836717e+00,-7.744528e-02,-6.523230e-01,1.055998e+00,1.243646e+00,0,-0.012565,0.233043,-0.309484,3.876174e-01
9.900000,SS,SS,1,-8.169284e-02,4.197719e-01,-2.856442e+00,,,,1.376485e-01,1.856632e+00,-2.797315e+00,-9.136291e-02,-7.111745e-01,1.135216e+00,1.342696e+00,0,-0.012037,0.236650,-0.314448,3.937330e-01
10.000000,SS,SS,1,-1.228805e-01,4.593836e-01,-2.857099e+00,,,,1.343768e-01,1.830215e+00,-2.753790e+00,-1.044879e-01,-7.705426e-01,1.213699e+00,1.441429e+00,0,-0.011497,0.240075,-0.319135,3.995189e-01
10.100000,SS,SS,1,-1.627381e-01,5.156123e-01,-2.875237e+00,,,,1.305657e-01,1.800660e+00,-2.706065e+00,-1.164574e-01,-8.318276e-01,1.293717e+00,1.542467e+00,0,-0.010946,0.243310,-0.323531,4.049591e-01
10.200000,SS,SS,1,-2.012308e-01,5.586317e-01,-2.865111e+00,,,,1.262599e-01,1.768146e+00,-2.654408e+00,-1.277319e-01,-8.864216e-01,1.364318e+00,1.631999e+00,0,-0.010386,0.246343,-0.327623,4.100361e-01
10.300000,SS,SS,1,-2.380802e-01,5.884118e-01,-2.826776e+00,,,,1.214788e-01,1.732878e+00,-2.599141e+00,-1.382681e-01,-9.362432e-01,1.427379e+00,1.712624e+00,0,-0.009818,0.249168,-0.331399,4.147365e-01
10.400000,SS,SS,1,-2.731139e-01,6.049748e-01,-2.760266e+00,,,,1.162578e-01,1.695044e+00,-2.540560e+00,-1.478113e-01,-9.810053e-01,1.482848e+00,1.784113e+00,0,-0.009241,0.251777,-0.334850,4.190484e-01
10.500000,SS,SS,1,-3.060935e-01,6.083440e-01,-2.665978e+00,,,,1.106328e-01,1.654840e+00,-2.478970e+00,-1.563901e-01,-1.020678e+00,1.530632e+00,1.846368e+00,0,-0.008659,0.254164,-0.337965,4.229594e-01
10.600000,SS,SS,1,-3.374566e-01,6.366611e-01,-2.607845e+00,,,,1.046612e-01,1.612167e+00,-2.414274e+00,-1.632186e-01,-1.064466e+00,1.582990e+00,1.914572e+00,0,-0.008072,0.256323,-0.340738,4.264610e-01
10.700000,SS,SS,1,-3.662406e-01,6.624587e-01,-2.542780e+00,,,,9.842355e-02,1.567168e+00,-2.346663e+00,-1.687391e-01,-1.102421e+00,1.627679e+00,1.973105e+00,0,-0.007479,0.258250,-0.343160,4.295437e-01
10.800000,SS,SS,1,-3.918087e-01,6.723785e-01,-2.449709e+00,,,,9.195995e-02,1.520148e+00,-2.276576e+00,-1.733862e-01,-1.132756e+00,1.661530e+00,2.018386e+00,0,-0.006881,0.259938,-0.345226,4.321991e-01
10.900000,SS,SS,1,-4.140240e-01,6.668895e-01,-2.329283e+00,,,,8.530990e-02,1.471406e+00,-2.204446e+00,-1.769553e-01,-1.156082e+00,1.685374e+00,2.051420e+00,0,-0.006278,0.261386,-0.346931,4.344228e-01
11.000000,SS,SS,1,-4.327748e-01,6.464918e-01,-2.182502e+00,,,,7.851695e-02,1.421235e+00,-2.130698e+00,-1.794494e-01,-1.172356e+00,1.699170e+00,2.072148e+00,0,-0.005671,0.262591,-0.348273,4.362113e-01
11.100000,SS,SS,1,-4.483432e-01,6.199694e-01,-2.024944e+00,,,,7.162712e-02,1.369870e+00,-2.055674e+00,-1.807387e-01,-1.183615e+00,1.705650e+00,2.083951e+00,0,-0.005059,0.263554,-0.349254,4.375668e-01
11.200000,SS,SS,1,-4.625557e-01,6.285875e-01,-1.929400e+00,,,,6.471616e-02,1.317232e+00,-1.979270e+00,-1.800358e-01,-1.199166e+00,1.717624e+00,2.102533e+00,0,-0.004443,0.264274,-0.349872,4.384871e-01
11.300000,SS,SS,1,-4.725481e-01,6.206262e-01,-1.808797e+00,,,,5.786982e-02,1.263675e+00,-1.901958e+00,-1.782122e-01,-1.202844e+00,1.714173e+00,2.101662e+00,0,-0.003822,0.264751,-0.350129,4.389738e-01
11.400000,SS,SS,1,-4.781565e-01,5.969311e-01,-1.665138e+00,,,,5.111744e-02,1.209642e+00,-1.824356e+00,-1.756221e-01,-1.197566e+00,1.697910e+00,2.085163e+00,0,-0.003195,0.264987,-0.350029,4.390315e-01
11.500000,SS,SS,1,-4.794095e-01,5.587347e-01,-1.499695e+00,,,,4.449947e-02,1.155522e+00,-1.747025e+00,-1.720078e-01,-1.183392e+00,1.669148e+00,2.053304e+00,0,-0.002563,0.264987,-0.349579,4.386686e-01
11.600000,SS,SS,1,-4.763716e-01,5.071571e-01,-1.314515e+00,,,,3.805630e-02,1.101712e+00,-1.670528e+00,-1.674461e-01,-1.160416e+00,1.627916e+00,2.006169e+00,0,-0.001925,0.264756,-0.348788,4.378956e-01
11.700000,SS,SS,1,-4.716686e-01,4.778882e-01,-1.174300e+00,,,,3.184694e-02,1.048330e+00,-1.595036e+00,-1.612351e-01,-1.137455e+00,1.586223e+00,1.958546e+00,0,-0.001283,0.264300,-0.347666,4.367239e-01
11.800000,SS,SS,1,-4.647387e-01,4.651673e-01,-1.070799e+00,,,,2.596247e-02,9.955604e-01,-1.520787e+00,-1.533536e-01,-1.110011e+00,1.538858e+00,1.903609e+00,0,-0.000634,0.263627,-0.346224,4.351674e-01
11.900000,SS,SS,1,-4.530807e-01,4.391417e-01,-9.517548e-01,,,,2.046570e-02,9.439071e-01,-1.448469e+00,-1.445773e-01,-1.070243e+00,1.474701e+00,1.827858e+00,0,0.000020,0.262744,-0.344475,4.332406e-01
12.000000,SS,SS,1,-4.366754e-01,4.015658e-01,-8.197545e-01,,,,1.539251e-02,8.938768e-01,-1.378805e+00,-1.349135e-01,-1.020208e+00,1.395740e+00,1.734104e+00,0,0.000680,0.261662,-0.342437,4.309647e-01
12.100000,SS,SS,1,-4.156606e-01,3.542758e-01,-6.775397e-01,,,,1.078735e-02,8.459521e-01,-1.312493e+00,-1.242090e-01,-9.599710e-01,1.302192e+00,1.622552e+00,0,0.001346,0.260392,-0.340127,4.283599e-01
12.200000,SS,SS,1,-3.901564e-01,2.990798e-01,-5.283297e-01,,,,6.695599e-03,8.006140e-01,-1.250224e+00,-1.124719e-01,-8.898214e-01,1.194338e+00,1.493611e+00,0,0.002017,0.258950,-0.337569,4.254551e-01
12.300000,SS,SS,1,-3.543688e-01,2.745059e-01,-4.242164e-01,,,,3.127250e-03,7.580576e-01,-1.192369e+00,-1.003878e-01,-8.181872e-01,1.081884e+00,1.360140e+00,0,0.002691,0.257351,-0.334787,4.222785e-01
12.400000,SS,SS,1,-3.138194e-01,2.467808e-01,-3.221828e-01,,,,1.565301e-04,7.187922e-01,-1.139629e+00,-8.691604e-02,-7.345720e-01,9.533817e-01,1.206684e+00,0,0.003368,0.255610,-0.331806,4.188592e-01
12.500000,SS,SS,1,-2.689346e-01,2.152184e-01,-2.224221e-01,,,,-2.153139e-03,6.833562e-01,-1.092761e+00,-7.206162e-02,-6.405341e-01,8.100177e-01,1.035184e+00,0,0.004046,0.253745,-0.328656,4.152321e-01
12.600000,SS,SS,1,-2.197331e-01,1.820224e-01,-1.288269e-01,,,,-3.736406e-03,6.522747e-01,-1.052512e+00,-5.574631e-02,-5.361385e-01,6.518675e-01,8.458625e-01,0,0.004724,0.251779,-0.325368,4.114357e-01
12.700000,SS,SS,1,-1.661953e-01,1.493854e-01,-4.558982e-02,,,,-4.522896e-03,6.260670e-01,-1.019626e+00,-3.789641e-02,-4.217371e-01,4.792868e-01,6.395421e-01,0,0.005400,0.249731,-0.321978,4.075102e-01
12.800000,SS,SS,1,-1.082493e-01,1.195325e-01,2.284795e-02,,,,-4.430104e-03,6.052043e-01,-9.947984e-01,-1.803428e-02,-2.992521e-01,2.943477e-01,4.201400e-01,0,0.006073,0.247626,-0.318523,4.035002e-01
12.900000,SS,SS,1,-4.580136e-02,9.437516e-02,7.138897e-02,,,,-3.347134e-03,5.901680e-01,-9.787245e-01,4.146235e-03,-1.659293e-01,9.446560e-02,1.909803e-01,0,0.006741,0.245490,-0.315043,3.994532e-01
13.000000,SS,SS,1,2.148977e-02,7.587328e-02,9.477497e-02,,,,-2.012542e-03,5.804028e-01,-9.694133e-01,-1.438878e-02,-8.508958e-02,8.683311e-03,8.673335e-02,0,0.007400,0.243347,-0.311576,3.954139e-01
13.110000,DS,DS_interstep,1,,,,2.345921e-01,5.750376e-02,4.981213e-01,-3.162649e-03,5.800152e-01,-9.717336e-01,-2.299413e-01,-7.174250e-02,-4.737294e-01,5.314504e-01,0,0.007492,0.243125,-0.311217,3.949961e-01
13.120000,DS,DS_interstep,1,,,,1.393229e+00,1.619883e+00,-3.798240e-01,-8.475327e-03,5.714157e-01,-9.689767e-01,-1.062514e+00,-1.714158e+00,5.417230e-01,2.088238e+00,0,0.007644,0.242890,-0.310834,3.945526e-01
13.130000,DS,DS_interstep,1,,,,-3.517663e-01,4.881317e-01,-1.391889e+00,-5.640371e-03,5.686301e-01,-9.614042e-01,5.669589e-01,-5.514190e-01,1.504859e+00,1.700031e+00,0,0.007829,0.242647,-0.310438,3.940947e-01
13.140000,DS,DS_interstep,1,,,,-1.627173e+00,1.798241e-01,-2.584560e+00,3.057302e-03,5.675236e-01,-9.481285e-01,1.739532e+00,-2.156173e-01,2.645581e+00,3.173572e+00,0,0.008027,0.242402,-0.310038,3.936327e-01
13.150000,DS,DS_interstep,1,,,,-2.162193e+00,1.687498e-02,-2.794548e+00,1.408896e-02,5.673318e-01,-9.339518e-01,2.206413e+00,-3.268210e-02,2.825925e+00,3.585412e+00,0,0.008227,0.242159,-0.309640,3.931737e-01
13.160000,DS,DS_interstep,1,,,,-2.192376e+00,1.311043e-01,-2.853633e+00,2.506967e-02,5.666221e-01,-9.195593e-01,2.196322e+00,-1.362647e-01,2.869237e+00,3.615926e+00,0,0.008421,0.241919,-0.309245,3.927190e-01
13.170000,DS,DS_interstep,1,,,,-1.941176e+00,1.989053e-01,-2.594382e+00,3.468385e-02,5.655973e-01,-9.064888e-01,1.923118e+00,-1.993018e-01,2.604960e+00,3.244059e+00,0,0.008605,0.241682,-0.308855,3.922699e-01
13.180000,DS,DS_interstep,1,,,,-1.573795e+00,2.836809e-01,-2.325993e+00,4.241015e-02,5.641498e-01,-8.947583e-01,1.545627e+00,-2.838360e-01,2.337089e+00,2.816294e+00,0,0.008779,0.241449,-0.308468,3.918255e-01
13.190000,DS,DS_interstep,1,,,,-1.197800e+00,3.027581e-01,-2.009305e+00,4.824664e-02,5.625962e-01,-8.845903e-01,1.167738e+00,-3.050965e-01,2.024703e+00,2.357142e+00,0,0.008944,0.241219,-0.308083,3.913844e-01
13.200000,DS,DS_interstep,1,,,,-9.115155e-01,2.381575e-01,-1.716161e+00,5.268766e-02,5.613472e-01,-8.758550e-01,8.886967e-01,-2.441717e-01,1.738254e+00,1.967468e+00,0,0.009101,0.240991,-0.307699,3.909452e-01
13.210000,DS,DS_interstep,1,,,,-6.909323e-01,1.656531e-01,-1.464500e+00,5.606209e-02,5.604445e-01,-8.683513e-01,6.754185e-01,-1.749277e-01,1.492024e+00,1.647096e+00,0,0.009252,0.240764,-0.307315,3.905066e-01
13.220000,DS,DS_interstep,1,,,,-4.779713e-01,1.425777e-01,-1.232265e+00,5.837693e-02,5.596487e-01,-8.619993e-01,4.635271e-01,-1.535506e-01,1.261756e+00,1.352946e+00,0,0.009397,0.240538,-0.306931,3.900685e-01
13.230000,DS,DS_interstep,1,,,,-2.659840e-01,1.305682e-01,-9.713252e-01,5.961792e-02,5.589102e-01,-8.569542e-01,2.487761e-01,-1.421131e-01,1.000410e+00,1.040628e+00,0,0.009534,0.240312,-0.306547,3.896304e-01
13.240000,DS,DS_interstep,1,,,,-5.399446e-02,1.104817e-01,-6.669524e-01,5.978355e-02,5.582711e-01,-8.534377e-01,3.370974e-02,-1.222227e-01,6.947622e-01,7.062360e-01,0,0.009664,0.240088,-0.306162,3.891925e-01
13.250000,DS,DS_interstep,1,,,,1.286895e-01,7.549900e-02,-3.654460e-01,5.903489e-02,5.578051e-01,-8.514335e-01,-1.491478e-01,-8.762154e-02,3.923141e-01,4.287575e-01,0,0.009787,0.239864,-0.305779,3.887561e-01
13.260000,DS,DS_interstep,1,,,,2.647597e-01,2.934403e-02,-1.022295e-01,5.761686e-02,5.575676e-01,-8.507485e-01,-2.830342e-01,-4.193107e-02,1.284819e-01,3.136466e-01,0,0.009904,0.239641,-0.305395,3.883195e-01
13.270000,DS,DS_interstep,1,,,,3.540195e-01,-2.024807e-02,1.103460e-01,5.576901e-02,5.575761e-01,-8.511289e-01,-3.690116e-01,7.282084e-03,-8.459493e-02,3.786541e-01,0,0.010016,0.239418,-0.305013,3.878843e-01
13.280000,DS,DS_interstep,1,,,,4.027139e-01,-6.629855e-02,2.692674e-01,5.369595e-02,5.578136e-01,-8.523060e-01,-4.140700e-01,5.307057e-02,-2.439456e-01,4.835079e-01,0,0.010123,0.239196,-0.304630,3.874489e-01
13.290000,DS,DS_interstep,1,,,,4.185448e-01,-1.044863e-01,3.761725e-01,5.156186e-02,5.582411e-01,-8.540192e-01,-4.262975e-01,9.108047e-02,-3.511623e-01,5.597680e-01,0,0.010227,0.238974,-0.304249,3.870150e-01
13.300000,DS,DS_interstep,1,,,,4.101745e-01,-1.321733e-01,4.359157e-01,4.948606e-02,5.588064e-01,-8.560319e-01,-4.146599e-01,1.186523e-01,-4.111020e-01,5.958406e-01,0,0.010328,0.238753,-0.303868,3.865817e-01
13.310000,DS,DS_interstep,1,,,,3.883585e-01,-1.516979e-01,4.666024e-01,4.753245e-02,5.594693e-01,-8.581991e-01,-3.902405e-01,1.381716e-01,-4.420015e-01,6.055942e-01,0,0.010427,0.238531,-0.303489,3.861494e-01
13.320000,DS,DS_interstep,1,,,,3.625589e-01,-1.635674e-01,4.819002e-01,4.571701e-02,5.601921e-01,-8.604443e-01,-3.626249e-01,1.501523e-01,-4.576409e-01,6.028911e-01,0,0.010524,0.238311,-0.303110,3.857182e-01
13.330000,DS,DS_interstep,1,,,,3.398103e-01,-1.694231e-01,4.926924e-01,4.402046e-02,5.609452e-01,-8.627459e-01,-3.388626e-01,1.562349e-01,-4.689410e-01,5.992853e-01,0,0.010619,0.238090,-0.302732,3.852873e-01
13.340000,DS,DS_interstep,1,,,,3.234360e-01,-1.709813e-01,5.042696e-01,4.240792e-02,5.617076e-01,-8.651085e-01,-3.220786e-01,1.580930e-01,-4.811468e-01,6.001919e-01,0,0.010713,0.237871,-0.302355,3.848583e-01
13.350000,DS,DS_interstep,1,,,,3.143456e-01,-1.697980e-01,5.190895e-01,4.084096e-02,5.624657e-01,-8.675484e-01,-3.129799e-01,1.572361e-01,-4.966595e-01,6.077419e-01,0,0.010805,0.237652,-0.301979,3.844301e-01
13.360000,DS,DS_interstep,1,,,,3.123583e-01,-1.665907e-01,5.375305e-01,3.928268e-02,5.632093e-01,-8.700841e-01,-3.112575e-01,1.543481e-01,-5.158177e-01,6.219103e-01,0,0.010896,0.237433,-0.301605,3.840036e-01
13.370000,DS,DS_interstep,1,,,,3.165834e-01,-1.616751e-01,5.588176e-01,3.770117e-02,5.639297e-01,-8.727295e-01,-3.159211e-01,1.497154e-01,-5.378025e-01,6.414455e-01,0,0.010984,0.237215,-0.301232,3.835783e-01
13.380000,DS,DS_interstep,1,,,,3.255124e-01,-1.550671e-01,5.810604e-01,3.607249e-02,5.646181e-01,-8.754891e-01,-3.253699e-01,1.433248e-01,-5.606718e-01,6.638979e-01,0,0.011071,0.236998,-0.300861,3.831553e-01
13.390000,DS,DS_interstep,1,,,,3.371228e-01,-1.467908e-01,6.017763e-01,3.438328e-02,5.652657e-01,-8.783547e-01,-3.374926e-01,1.351738e-01,-5.818853e-01,6.861222e-01,0,0.011157,0.236782,-0.300491,3.827336e-01
13.400000,DS,DS_interstep,1,,,,3.491033e-01,-1.369520e-01,6.182817e-01,3.263212e-02,5.658641e-01,-8.813042e-01,-3.499007e-01,1.253489e-01,-5.987094e-01,7.046955e-01,0,0.011240,0.236566,-0.300123,3.823135e-01
13.410000,DS,DS_interstep,1,,,,3.592524e-01,-1.258315e-01,6.284113e-01,3.082883e-02,5.664065e-01,-8.843048e-01,-3.603443e-01,1.141267e-01,-6.089518e-01,7.167253e-01,0,0.011321,0.236351,-0.299757,3.818956e-01
13.420000,DS,DS_interstep,1,,,,3.659322e-01,-1.138143e-01,6.310443e-01,2.899146e-02,5.668877e-01,-8.873180e-01,-3.671774e-01,1.019062e-01,-6.114998e-01,7.205110e-01,0,0.011401,0.236137,-0.299393,3.814798e-01
13.430000,DS,DS_interstep,1,,,,3.683784e-01,-1.013075e-01,6.263769e-01,2.714174e-02,5.673049e-01,-8.903065e-01,-3.696661e-01,8.912400e-02,-6.065907e-01,7.159248e-01,0,0.011478,0.235923,-0.299030,3.810648e-01
13.440000,DS,DS_interstep,1,,,,3.667152e-01,-8.865154e-02,6.157170e-01,2.530052e-02,5.676573e-01,-8.932399e-01,-3.679850e-01,7.615584e-02,-5.955928e-01,7.042325e-01,0,0.011554,0.235709,-0.298668,3.806505e-01
13.450000,DS,DS_interstep,1,,,,3.616979e-01,-7.610303e-02,6.010046e-01,2.348462e-02,5.679454e-01,-8.960977e-01,-3.629385e-01,6.329050e-02,-5.805065e-01,6.875448e-01,0,0.011628,0.235496,-0.298308,3.802384e-01
13.460000,DS,DS_interstep,1,,,,3.543485e-01,-6.385825e-02,5.842743e-01,2.170561e-02,5.681707e-01,-8.988699e-01,-3.555805e-01,5.074661e-02,-5.634133e-01,6.681671e-01,0,0.011700,0.235283,-0.297948,3.798263e-01
13.470000,DS,DS_interstep,1,,,,3.456473e-01,-5.208880e-02,5.672729e-01,1.997007e-02,5.683358e-01,-9.015553e-01,-3.469030e-01,3.870762e-02,-5.460888e-01,6.481149e-01,0,0.011771,0.235070,-0.297590,3.794157e-01
13.480000,DS,DS_interstep,1,,,,3.363573e-01,-4.095800e-02,5.512759e-01,1.828080e-02,5.684441e-01,-9.041593e-01,-3.376648e-01,2.734042e-02,-5.298211e-01,6.288684e-01,0,0.011839,0.234858,-0.297233,3.790065e-01
13.490000,DS,DS_interstep,1,,,,3.269719e-01,-3.061996e-02,5.370667e-01,1.663821e-02,5.684997e-01,-9.066910e-01,-3.283457e-01,1.679771e-02,-5.153957e-01,6.113312e-01,0,0.011906,0.234646,-0.296877,3.785980e-01
13.500000,DS,DS_interstep,1,,,,3.177398e-01,-2.120899e-02,5.250046e-01,1.504155e-02,5.685073e-01,-9.091614e-01,-3.191781e-01,7.210270e-03,-5.031674e-01,5.959061e-01,0,0.011972,0.234433,-0.296522,3.781897e-01
13.510000,DS,DS_interstep,1,,,,3.087251e-01,-1.282991e-02,5.151266e-01,1.348979e-02,5.684723e-01,-9.115817e-01,-3.102106e-01,-1.321039e-03,-4.931664e-01,5.826195e-01,0,0.012036,0.234221,-0.296167,3.777820e-01
13.520000,DS,DS_interstep,1,,,,2.998737e-01,-5.552050e-03,5.072504e-01,1.198229e-02,5.684002e-01,-9.139621e-01,-3.013769e-01,-8.730223e-03,-4.852031e-01,5.712498e-01,0,0.012098,0.234009,-0.295814,3.773758e-01
13.530000,DS,DS_interstep,1,,,,2.910733e-01,5.922066e-04,5.010632e-01,1.051895e-02,5.682968e-01,-9.163111e-01,-2.925568e-01,-1.498735e-02,-4.789577e-01,5.614397e-01,0,0.012158,0.233796,-0.295461,3.769689e-01
13.540000,DS,DS_interstep,1,,,,2.822003e-01,5.605996e-03,4.961917e-01,9.100362e-03,5.681680e-01,-9.186355e-01,-2.836227e-01,-2.009711e-02,-4.740517e-01,5.527845e-01,0,0.012217,0.233584,-0.295109,3.765635e-01
13.550000,DS,DS_interstep,1,,,,2.731527e-01,9.524419e-03,4.922546e-01,7.727589e-03,5.680191e-01,-9.209400e-01,-2.744730e-01,-2.409549e-02,-4.700994e-01,5.448940e-01,0,0.012275,0.233372,-0.294757,3.761580e-01
13.560000,DS,DS_interstep,1,,,,2.638699e-01,1.240970e-02,4.888976e-01,6.401995e-03,5.678554e-01,-9.232276e-01,-2.650506e-01,-2.704521e-02,-4.667430e-01,5.374312e-01,0,0.012331,0.233160,-0.294407,3.757541e-01
13.570000,DS,DS_interstep,1,,,,2.543397e-01,1.434539e-02,4.858145e-01,5.124972e-03,5.676819e-01,-9.254997e-01,-2.553491e-01,-2.903020e-02,-4.636739e-01,5.301315e-01,0,0.012386,0.232947,-0.294057,3.753495e-01
13.580000,DS,DS_interstep,1,,,,2.445957e-01,1.543003e-02,4.827566e-01,3.897710e-03,5.675028e-01,-9.277566e-01,-2.454096e-01,-3.014946e-02,-4.606415e-01,5.228054e-01,0,0.012440,0.232735,-0.293708,3.749463e-01
13.590000,DS,DS_interstep,1,,,,2.347086e-01,1.577085e-02,4.795329e-01,2.721001e-03,5.673219e-01,-9.299974e-01,-2.353107e-01,-3.051090e-02,-4.574529e-01,5.153302e-01,0,0.012492,0.232522,-0.293360,3.745432e-01
13.600000,DS,DS_interstep,1,,,,2.247732e-01,1.547783e-02,4.760050e-01,1.595127e-03,5.671424e-01,-9.322207e-01,-2.251551e-01,-3.022554e-02,-4.539679e-01,5.076369e-01,0,0.012543,0.232310,-0.293012,3.741407e-01
13.610000,SS,SS,2,9.208620e-01,-1.407748e+00,4.847666e+00,,,,-1.743904e-02,5.738901e-01,-9.977787e-01,-7.027445e-01,7.727766e-01,-2.402638e+00,2.619867e+00,0,0.012938,0.230213,-0.289698,3.702571e-01
13.710000,SS,SS,2,1.028701e+00,-1.457713e+00,4.982653e+00,,,,-5.552017e-02,6.176320e-01,-1.127144e+00,-9.555734e-01,1.326608e+00,-3.648524e+00,3.998092e+00,0,0.012927,0.228300,-0.286856,3.668438e-01
13.810000,SS,SS,2,1.060945e+00,-1.357906e+00,5.385002e+00,,,,-1.046583e-01,6.842603e-01,-1.312475e+00,-1.156894e+00,1.782985e+00,-4.726019e+00,5.181959e+00,0,0.012380,0.226672,-0.284695,3.641218e-01
13.910000,SS,SS,2,1.014801e+00,-1.224217e+00,5.628735e+00,,,,-1.627290e-01,7.716897e-01,-1.532238e+00,-1.303715e+00,2.181987e+00,-5.000000e+00,5.608987e+00,1,0.011205,0.225413,-0.283396,3.622842e-01
14.010000,SS,SS,2,8.988033e-01,-1.055162e+00,5.779229e+00,,,,-2.268535e-01,8.762311e-01,-1.754573e+00,-1.376434e+00,2.487485e+00,-5.000000e+00,5.751709e+00,1,0.009340,0.224589,-0.283160,3.615343e-01
14.110000,SS,SS,2,7.177921e-01,-8.681990e-01,5.823229e+00,,,,-2.938732e-01,9.941179e-01,-1.979383e+00,-1.381856e+00,2.714615e+00,-5.000000e+00,5.854798e+00,1,0.006768,0.224250,-0.284160,3.620508e-01
14.210000,SS,SS,2,4.791335e-01,-6.776142e-01,5.749425e+00,,,,-3.610625e-01,1.122007e+00,-2.206972e+00,-1.330704e+00,2.867650e+00,-5.000000e+00,5.915589e+00,1,0.003504,0.224430,-0.286494,3.639504e-01
14.310000,SS,SS,2,1.900303e-01,-4.911921e-01,5.563613e+00,,,,-4.260393e-01,1.256572e+00,-2.437479e+00,-1.231690e+00,2.947484e+00,-5.000000e+00,5.933357e+00,1,-0.000410,0.225151,-0.290192,3.672935e-01
14.410000,SS,SS,2,-1.410174e-01,-3.085392e-01,5.271614e+00,,,,-4.867772e-01,1.394477e+00,-2.670887e+00,-1.093558e+00,2.954339e+00,-5.000000e+00,5.909652e+00,1,-0.004906,0.226419,-0.295212,3.720749e-01
14.510000,SS,SS,2,-5.056302e-01,-1.271505e-01,4.885646e+00,,,,-5.415082e-01,1.532317e+00,-2.907033e+00,-9.216292e-01,2.887143e+00,-5.000000e+00,5.846794e+00,1,-0.009897,0.228228,-0.301450,3.782302e-01
14.610000,SS,SS,2,-8.889944e-01,6.768314e-02,4.415323e+00,,,,-5.887553e-01,1.666231e+00,-3.145614e+00,-7.332749e-01,2.720911e+00,-5.000000e+00,5.739429e+00,1,-0.015281,0.230558,-0.308738,3.856289e-01
14.710000,SS,SS,2,-1.279764e+00,2.862256e-01,3.901492e+00,,,,-6.292109e-01,1.790693e+00,-3.364197e+00,-5.696881e-01,2.447454e+00,-3.945983e+00,4.678179e+00,0,-0.020950,0.233369,-0.316826,3.940542e-01
14.810000,SS,SS,2,-1.667639e+00,5.856203e-01,3.466673e+00,,,,-6.608085e-01,1.901175e+00,-3.535017e+00,-3.315720e-01,2.084682e+00,-2.804194e+00,3.509892e+00,0,-0.026791,0.236605,-0.325490,4.032907e-01
14.910000,SS,SS,2,-2.033456e+00,9.380919e-01,3.080843e+00,,,,-6.807126e-01,1.994017e+00,-3.653589e+00,-5.788624e-02,1.658016e+00,-1.630835e+00,2.326369e+00,0,-0.032665,0.240189,-0.334527,4.131175e-01
15.010000,SS,SS,2,-2.331399e+00,1.344721e+00,2.683956e+00,,,,-6.880260e-01,2.065916e+00,-3.718657e+00,2.184538e-01,1.164517e+00,-4.587880e-01,1.270554e+00,0,-0.038424,0.244033,-0.343731,4.232960e-01
15.110000,SS,SS,2,-2.552580e+00,1.745264e+00,2.284653e+00,,,,-6.851257e-01,2.114057e+00,-3.733156e+00,4.531389e-01,6.519966e-01,6.914607e-01,1.052878e+00,0,-0.043937,0.248037,-0.352905,4.335836e-01
15.210000,SS,SS,2,-2.717388e+00,2.156919e+00,1.791848e+00,,,,-6.639365e-01,2.134916e+00,-3.687237e+00,7.114929e-01,5.163587e-03,1.757541e+00,1.896101e+00,0,-0.049042,0.252090,-0.361837,4.437122e-01
15.310000,SS,SS,2,-2.721448e+00,2.515526e+00,1.280651e+00,,,,-6.389188e-01,2.127641e+00,-3.599216e+00,8.604773e-01,-6.003874e-01,2.774888e+00,2.966629e+00,0,-0.053655,0.256073,-0.370355,4.534480e-01
15.410000,SS,SS,2,-2.729189e+00,2.819951e+00,6.600482e-01,,,,-6.038605e-01,2.090448e+00,-3.462227e+00,1.029047e+00,-1.245764e+00,3.727870e+00,4.062989e+00,0,-0.057692,0.259867,-0.378287,4.625584e-01
15.510000,SS,SS,2,-2.639252e+00,3.033476e+00,3.631196e-02,,,,-5.627421e-01,2.023456e+00,-3.284532e+00,1.102225e+00,-1.858605e+00,4.493402e+00,4.985978e+00,0,-0.061082,0.263353,-0.385480,4.708297e-01
15.610000,SS,SS,2,-2.516143e+00,3.177445e+00,-7.291222e-01,,,,-5.178224e-01,1.928095e+00,-3.074241e+00,1.140918e+00,-2.431434e+00,5.000000e+00,5.675700e+00,1,-0.063793,0.266419,-0.391805,4.780793e-01
15.710000,SS,SS,2,-2.327961e+00,3.188368e+00,-1.412352e+00,,,,-4.707824e-01,1.807206e+00,-2.860935e+00,1.133303e+00,-2.935120e+00,5.000000e+00,5.907563e+00,1,-0.065812,0.268966,-0.397121,4.841271e-01
15.810000,SS,SS,2,-2.082986e+00,3.081937e+00,-1.988248e+00,,,,-4.244740e-01,1.663466e+00,-2.645297e+00,1.061093e+00,-3.358368e+00,5.000000e+00,6.115926e+00,1,-0.067151,0.270911,-0.401254,4.887809e-01
15.910000,SS,SS,2,-1.808809e+00,2.881157e+00,-2.361518e+00,,,,-3.805008e-01,1.502814e+00,-2.426961e+00,9.737570e-01,-3.615903e+00,5.000000e+00,6.246836e+00,1,-0.067847,0.272188,-0.404077,4.919022e-01
16.010000,SS,SS,2,-1.519826e+00,2.594882e+00,-2.547867e+00,,,,-3.394853e-01,1.334128e+00,-2.205737e+00,8.715579e-01,-3.661126e+00,5.000000e+00,6.258071e+00,1,-0.067948,0.272766,-0.405552,4.934477e-01
16.110000,SS,SS,2,-1.224213e+00,2.238973e+00,-2.574753e+00,,,,-3.023601e-01,1.168121e+00,-1.981657e+00,7.504529e-01,-3.462844e+00,5.000000e+00,6.128170e+00,1,-0.067519,0.272655,-0.405749,4.934894e-01
16.210000,SS,SS,2,-9.359306e-01,1.836362e+00,-2.473793e+00,,,,-2.702079e-01,1.016864e+00,-1.756808e+00,6.074993e-01,-2.999036e+00,4.749968e+00,5.650263e+00,0,-0.066636,0.271909,-0.404853,4.922203e-01
16.310000,SS,SS,2,-6.710720e-01,1.416488e+00,-2.284702e+00,,,,-2.443249e-01,8.933300e-01,-1.564500e+00,4.391541e-01,-2.258263e+00,3.440284e+00,4.138618e+00,0,-0.065397,0.270634,-0.403138,4.899385e-01
16.410000,SS,SS,2,-4.477740e-01,1.014084e+00,-2.052544e+00,,,,-2.265519e-01,8.114008e-01,-1.442227e+00,2.287419e-01,-1.224424e+00,1.891545e+00,2.264835e+00,0,-0.063920,0.268988,-0.400878,4.869738e-01
16.510000,SS,SS,2,-2.920892e-01,6.840213e-01,-1.808314e+00,,,,-2.117932e-01,7.650463e-01,-1.352162e+00,2.807999e-01,-7.854747e-01,1.712484e+00,1.904841e+00,0,-0.062309,0.267150,-0.398285,4.836140e-01
16.610000,SS,SS,2,-1.935204e-01,5.163389e-01,-1.414139e+00,,,,-1.950709e-01,7.287863e-01,-1.273881e+00,2.718739e-01,-6.204743e-01,1.446988e+00,1.597710e+00,0,-0.060562,0.265194,-0.395411,4.799432e-01
16.710000,SS,SS,2,-1.354350e-01,3.709512e-01,-1.187631e+00,,,,-1.804517e-01,6.984730e-01,-1.206328e+00,2.119676e-01,-5.093263e-01,1.221876e+00,1.340643e+00,0,-0.058700,0.263149,-0.392305,4.760213e-01
16.810000,SS,SS,2,-1.010023e-01,2.491085e-01,-9.764731e-01,,,,-1.677993e-01,6.718756e-01,-1.147741e+00,1.710215e-01,-4.389714e-01,1.032648e+00,1.135036e+00,0,-0.056756,0.261036,-0.389005,4.718961e-01
16.920000,DS,DS_interstep,2,,,,3.781771e-01,1.030010e+00,-3.084206e-01,-1.696002e-01,6.666325e-01,-1.146039e+00,-3.617279e-01,-1.041850e+00,3.292510e-01,1.150958e+00,0,-0.056514,0.260864,-0.388610,4.714463e-01
16.930000,DS,DS_interstep,2,,,,2.980607e+00,7.640299e+00,-8.226761e+00,-1.827786e-01,6.416001e-01,-1.120983e+00,-2.637394e+00,-5.000000e+00,5.000000e+00,7.546910e+00,1,-0.056219,0.260682,-0.388101,4.708907e-01
16.940000,DS,DS_interstep,2,,,,-2.030026e-01,6.334757e+00,-1.535063e+01,-1.808940e-01,6.165689e-01,-1.095928e+00,3.751230e-01,-5.000000e+00,5.000000e+00,7.081011e+00,1,-0.055905,0.260465,-0.387513,4.702486e-01
16.950000,DS,DS_interstep,2,,,,-2.491913e+00,4.098699e+00,-1.801013e+01,-1.681341e-01,5.952209e-01,-1.070874e+00,2.550219e+00,-4.263584e+00,5.000000e+00,7.048529e+00,1,-0.055590,0.260219,-0.386874,4.695484e-01
16.960000,DS,DS_interstep,2,,,,-3.470384e+00,2.358316e+00,-1.764494e+01,-1.507315e-01,5.827943e-01,-1.045822e+00,3.478924e+00,-2.479462e+00,5.000000e+00,6.576522e+00,1,-0.055280,0.259953,-0.386204,4.688123e-01
16.970000,DS,DS_interstep,2,,,,-3.791060e+00,9.043044e-01,-1.560716e+01,-1.317845e-01,5.778255e-01,-1.020770e+00,3.787980e+00,-9.879563e-01,5.000000e+00,6.350185e+00,1,-0.054976,0.259677,-0.385516,4.680567e-01
16.980000,DS,DS_interstep,2,,,,-3.478949e+00,2.050608e-01,-1.265986e+01,-1.143520e-01,5.765415e-01,-9.957197e-01,3.485263e+00,-2.510264e-01,5.000000e+00,6.100006e+00,1,-0.054674,0.259398,-0.384822,4.672949e-01
16.990000,DS,DS_interstep,2,,,,-2.875279e+00,-6.588415e-02,-9.468501e+00,-9.986028e-02,5.767432e-01,-9.706705e-01,2.897278e+00,4.609888e-02,5.000000e+00,5.778957e+00,1,-0.054372,0.259120,-0.384129,4.665346e-01
17.000000,DS,DS_interstep,2,,,,-2.262219e+00,-1.221619e-01,-6.747225e+00,-8.838777e-02,5.772776e-01,-9.456225e-01,2.293564e+00,1.126527e-01,5.000000e+00,5.502102e+00,1,-0.054068,0.258844,-0.383441,4.657795e-01
17.010000,DS,DS_interstep,2,,,,-1.921552e+00,-3.337773e-01,-4.691552e+00,-7.860604e-02,5.788752e-01,-9.219856e-01,1.955516e+00,3.253125e-01,4.718032e+00,5.117587e+00,0,-0.053762,0.258572,-0.382760,4.650323e-01
17.020000,DS,DS_interstep,2,,,,-1.573107e+00,-4.640303e-01,-2.807417e+00,-7.054923e-02,5.811532e-01,-9.078521e-01,1.610622e+00,4.614098e-01,2.817545e+00,3.278042e+00,0,-0.053453,0.258304,-0.382090,4.642962e-01
17.030000,DS,DS_interstep,2,,,,-1.240836e+00,-5.351066e-01,-1.112978e+00,-6.414086e-02,5.838036e-01,-9.022101e-01,1.281007e+00,5.359105e-01,1.119313e+00,1.783547e+00,0,-0.053141,0.258040,-0.381430,4.635703e-01
17.040000,DS,DS_interstep,2,,,,-9.530101e-01,-5.803986e-01,3.414845e-01,-5.916803e-02,5.866856e-01,-9.038544e-01,9.939555e-01,5.822600e-01,-3.378949e-01,1.200478e+00,0,-0.052825,0.257781,-0.380781,4.628560e-01
17.050000,DS,DS_interstep,2,,,,-7.083347e-01,-6.139179e-01,1.552535e+00,-5.542339e-02,5.897342e-01,-9.115645e-01,7.483583e-01,6.156021e-01,-1.551130e+00,1.828937e+00,0,-0.052507,0.257527,-0.380143,4.621535e-01
17.060000,DS,DS_interstep,2,,,,-4.996554e-01,-6.415680e-01,2.530340e+00,-5.273322e-02,5.929167e-01,-9.241714e-01,5.374975e-01,6.424230e-01,-2.530578e+00,2.665602e+00,0,-0.052186,0.257276,-0.379517,4.614623e-01
17.070000,DS,DS_interstep,2,,,,-3.218737e-01,-6.672975e-01,3.287666e+00,-5.094667e-02,5.962219e-01,-9.405688e-01,3.567938e-01,6.669898e-01,-3.288818e+00,3.374685e+00,0,-0.051864,0.257029,-0.378901,4.607817e-01
17.080000,DS,DS_interstep,2,,,,-1.806528e-01,-6.946344e-01,3.804932e+00,-4.988078e-02,5.996555e-01,-9.595469e-01,2.126745e-01,6.927151e-01,-3.805134e+00,3.873516e+00,0,-0.051541,0.256785,-0.378296,4.601118e-01
17.090000,DS,DS_interstep,2,,,,-6.926828e-02,-7.065224e-01,4.062907e+00,-4.938721e-02,6.031395e-01,-9.798013e-01,9.821633e-02,7.028242e-01,-4.060593e+00,4.122138e+00,0,-0.051219,0.256545,-0.377700,4.594519e-01
17.100000,DS,DS_interstep,2,,,,1.276285e-02,-7.069108e-01,4.111069e+00,-4.931642e-02,6.066175e-01,-1.000280e+00,1.366271e-02,7.016479e-01,-4.105755e+00,4.165300e+00,0,-0.050896,0.256306,-0.377113,4.587999e-01
17.110000,DS,DS_interstep,2,,,,7.361238e-02,-7.207166e-01,4.066908e+00,-4.956063e-02,6.101608e-01,-1.020529e+00,-4.933741e-02,7.147366e-01,-4.059816e+00,4.122546e+00,0,-0.050575,0.256070,-0.376534,4.581567e-01
17.120000,DS,DS_interstep,2,,,,1.247372e-01,-7.485786e-01,4.001242e+00,-5.007180e-02,6.138424e-01,-1.040446e+00,-1.027351e-01,7.424595e-01,-3.993708e+00,4.063435e+00,0,-0.050255,0.255836,-0.375964,4.575222e-01
17.130000,DS,DS_interstep,2,,,,2.071428e-01,-7.779347e-01,3.992269e+00,-5.100941e-02,6.176716e-01,-1.060317e+00,-1.880313e-01,7.719869e-01,-3.984722e+00,4.063167e+00,0,-0.049937,0.255604,-0.375401,4.568950e-01
17.140000,DS,DS_interstep,2,,,,2.970694e-01,-7.721994e-01,3.972159e+00,-5.241037e-02,6.214724e-01,-1.080089e+00,-2.807152e-01,7.663725e-01,-3.965211e+00,4.048336e+00,0,-0.049622,0.255375,-0.374847,4.562773e-01
17.150000,DS,DS_interstep,2,,,,3.942388e-01,-7.553907e-01,3.954682e+00,-5.431100e-02,6.251917e-01,-1.099778e+00,-3.806651e-01,7.500826e-01,-3.948552e+00,4.037152e+00,0,-0.049310,0.255148,-0.374301,4.556679e-01
17.160000,DS,DS_interstep,2,,,,4.913329e-01,-7.269667e-01,3.903016e+00,-5.671000e-02,6.287694e-01,-1.119205e+00,-4.803609e-01,7.218148e-01,-3.896652e+00,3.991949e+00,0,-0.049002,0.254923,-0.373762,4.550659e-01
17.170000,DS,DS_interstep,2,,,,5.766911e-01,-6.909848e-01,3.799790e+00,-5.954617e-02,6.321665e-01,-1.138111e+00,-5.678222e-01,6.857345e-01,-3.792490e+00,3.895592e+00,0,-0.048698,0.254701,-0.373231,4.544727e-01
17.180000,DS,DS_interstep,2,,,,6.470470e-01,-6.537065e-01,3.652870e+00,-6.274242e-02,6.353762e-01,-1.156275e+00,-6.398691e-01,6.482828e-01,-3.644310e+00,3.756421e+00,0,-0.048398,0.254480,-0.372707,4.538865e-01
17.190000,DS,DS_interstep,2,,,,7.028672e-01,-6.173448e-01,3.475907e+00,-6.622438e-02,6.384029e-01,-1.173547e+00,-6.970465e-01,6.117102e-01,-3.465976e+00,3.587904e+00,0,-0.048102,0.254262,-0.372189,4.533074e-01
17.200000,DS,DS_interstep,2,,,,7.457505e-01,-5.818149e-01,3.281995e+00,-6.992595e-02,6.412505e-01,-1.189841e+00,-7.410013e-01,5.759319e-01,-3.270683e+00,3.402668e+00,0,-0.047811,0.254046,-0.371677,4.527351e-01
17.210000,DS,DS_interstep,2,,,,7.773577e-01,-5.462562e-01,3.081702e+00,-7.378944e-02,6.439188e-01,-1.205127e+00,-7.734259e-01,5.400796e-01,-3.069055e+00,3.210759e+00,0,-0.047525,0.253831,-0.371170,4.521681e-01
17.220000,DS,DS_interstep,2,,,,7.991370e-01,-5.098130e-01,2.882900e+00,-7.776459e-02,6.464030e-01,-1.219411e+00,-7.957947e-01,5.032945e-01,-2.868990e+00,3.019553e+00,0,-0.047244,0.253618,-0.370669,4.516078e-01
17.230000,DS,DS_interstep,2,,,,8.123470e-01,-4.719279e-01,2.691156e+00,-8.180752e-02,6.486957e-01,-1.232730e+00,-8.093927e-01,4.650223e-01,-2.676073e+00,2.834207e+00,0,-0.046967,0.253407,-0.370173,4.510533e-01
17.240000,DS,DS_interstep,2,,,,8.181353e-01,-4.323900e-01,2.510199e+00,-8.588027e-02,6.507885e-01,-1.245138e+00,-8.153963e-01,4.250599e-01,-2.494045e+00,2.658159e+00,0,-0.046695,0.253197,-0.369681,4.505033e-01
17.250000,DS,DS_interstep,2,,,,8.175915e-01,-3.912843e-01,2.342310e+00,-8.995046e-02,6.526734e-01,-1.256702e+00,-8.149247e-01,3.835018e-01,-2.325193e+00,2.493531e+00,0,-0.046427,0.252988,-0.369194,4.499584e-01
17.260000,DS,DS_interstep,2,,,,8.117599e-01,-3.489123e-01,2.188624e+00,-9.399108e-02,6.543440e-01,-1.267492e+00,-8.090518e-01,3.406593e-01,-2.170650e+00,2.341439e+00,0,-0.046164,0.252781,-0.368711,4.494187e-01
17.270000,DS,DS_interstep,2,,,,8.016246e-01,-3.057159e-01,2.049359e+00,-9.798019e-02,6.557962e-01,-1.277581e+00,-7.987894e-01,2.969830e-01,-2.030630e+00,2.202208e+00,0,-0.045905,0.252575,-0.368231,4.488825e-01
17.280000,DS,DS_interstep,2,,,,7.880834e-01,-2.622135e-01,1.924014e+00,-1.019005e-01,6.570283e-01,-1.287040e+00,-7.850602e-01,2.529978e-01,-1.904623e+00,2.075552e+00,0,-0.045651,0.252369,-0.367755,4.483502e-01
17.290000,DS,DS_interstep,2,,,,7.719256e-01,-2.189480e-01,1.811553e+00,-1.057386e-01,6.580417e-01,-1.295933e+00,-7.686740e-01,2.092514e-01,-1.791579e+00,1.960714e+00,0,-0.045400,0.252165,-0.367282,4.478219e-01
17.300000,DS,DS_interstep,2,,,,7.538190e-01,-1.764459e-01,1.710573e+00,-1.094848e-01,6.588402e-01,-1.304319e+00,-7.503152e-01,1.662740e-01,-1.690081e+00,1.856608e+00,0,-0.045153,0.251961,-0.366812,4.472965e-01
17.310000,DS,DS_interstep,2,,,,7.343103e-01,-1.351865e-01,1.619468e+00,-1.131319e-01,6.594299e-01,-1.312246e+00,-7.305431e-01,1.245474e-01,-1.598506e+00,1.761938e+00,0,-0.044910,0.251758,-0.366346,4.467755e-01
17.320000,DS,DS_interstep,2,,,,7.138350e-01,-9.557949e-02,1.536572e+00,-1.166751e-01,6.598194e-01,-1.319756e+00,-7.098020e-01,8.448391e-02,-1.515176e+00,1.675325e+00,0,-0.044671,0.251555,-0.365882,4.462567e-01
17.330000,DS,DS_interstep,2,,,,6.927330e-01,-5.795248e-02,1.460279e+00,-1.201114e-01,6.600184e-01,-1.326882e+00,-6.884375e-01,4.641316e-02,-1.438471e+00,1.595399e+00,0,-0.044435,0.251352,-0.365421,4.457407e-01
17.340000,DS,DS_interstep,2,,,,6.712660e-01,-2.254674e-02,1.389130e+00,-1.234388e-01,6.600383e-01,-1.333650e+00,-6.667148e-01,1.057876e-02,-1.366925e+00,1.520889e+00,0,-0.044203,0.251150,-0.364962,4.452275e-01
17.350000,DS,DS_interstep,2,,,,6.496334e-01,1.047938e-02,1.321872e+00,-1.266567e-01,6.598910e-01,-1.340080e+00,-6.448347e-01,-2.285863e-02,-1.299278e+00,1.450675e+00,0,-0.043974,0.250948,-0.364506,4.447170e-01
17.360000,DS,DS_interstep,2,,,,6.280161e-01,4.105083e-02,1.257499e+00,-1.297652e-01,6.595889e-01,-1.346185e+00,-6.229798e-01,-5.382142e-02,-1.234519e+00,1.383849e+00,0,-0.043748,0.250746,-0.364052,4.442086e-01
17.370000,DS,DS_interstep,2,,,,6.066674e-01,6.918824e-02,1.195264e+00,-1.327656e-01,6.591443e-01,-1.351977e+00,-6.014095e-01,-8.232725e-02,-1.171902e+00,1.319782e+00,0,-0.043524,0.250544,-0.363601,4.437030e-01
17.380000,DS,DS_interstep,2,,,,5.856930e-01,9.489557e-02,1.134619e+00,-1.356600e-01,6.585695e-01,-1.357464e+00,-5.802260e-01,-1.083794e-01,-1.110875e+00,1.257955e+00,0,-0.043304,0.250342,-0.363151,4.431986e-01
17.390000,DS,DS_interstep,2,,,,5.651766e-01,1.182079e-01,1.075418e+00,-1.384507e-01,6.578765e-01,-1.362652e+00,-5.595119e-01,-1.320093e-01,-1.051301e+00,1.198213e+00,0,-0.043087,0.250140,-0.362704,4.426971e-01
17.400000,DS,DS_interstep,2,,,,5.451354e-01,1.392593e-01,1.017540e+00,-1.411401e-01,6.570769e-01,-1.367549e+00,-5.392804e-01,-1.533518e-01,-9.930578e-01,1.140396e+00,0,-0.042873,0.249937,-0.362258,4.421962e-01
17.410000,DS,DS_interstep,2,,,,5.255567e-01,1.581931e-01,9.609228e-01,-1.437305e-01,6.561813e-01,-1.372161e+00,-5.195152e-01,-1.725516e-01,-9.360837e-01,1.084400e+00,0,-0.042661,0.249735,-0.361814,4.416977e-01
17.420000,DS,DS_interstep,2,,,,5.064308e-01,1.751378e-01,9.056015e-01,-1.462243e-01,6.551999e-01,-1.376495e+00,-5.002046e-01,-1.897377e-01,-8.804157e-01,1.030212e+00,0,-0.042451,0.249532,-0.361371,4.411998e-01
17.430000,DS,DS_interstep,2,,,,4.877551e-01,1.902104e-01,8.516810e-01,-1.486236e-01,6.541420e-01,-1.380556e+00,-4.813449e-01,-2.050280e-01,-8.261597e-01,9.778902e-01,0,-0.042244,0.249328,-0.360930,4.407034e-01
17.440000,DS,DS_interstep,2,,,,4.695329e-01,2.035194e-01,7.993046e-01,-1.509308e-01,6.530167e-01,-1.384355e+00,-4.629384e-01,-2.185323e-01,-7.734602e-01,9.275284e-01,0,-0.042040,0.249125,-0.360491,4.402095e-01
17.450000,DS,DS_interstep,2,,,,4.517706e-01,2.151675e-01,7.486288e-01,-1.531481e-01,6.518323e-01,-1.387898e+00,-4.449916e-01,-2.303549e-01,-7.224750e-01,8.792332e-01,0,-0.041837,0.248921,-0.360053,4.397160e-01
17.460000,DS,DS_interstep,2,,,,4.344757e-01,2.252534e-01,6.998053e-01,-1.552780e-01,6.505967e-01,-1.391195e+00,-4.275121e-01,-2.405960e-01,-6.733563e-01,8.331037e-01,0,-0.041637,0.248716,-0.359615,4.392223e-01
17.470000,DS,DS_interstep,2,,,,4.176551e-01,2.338728e-01,6.529671e-01,-1.573227e-01,6.493175e-01,-1.394257e+00,-4.105074e-01,-2.493530e-01,-6.262377e-01,7.892192e-01,0,-0.041439,0.248511,-0.359179,4.387305e-01
17.480000,DS,DS_interstep,2,,,,4.013138e-01,2.411192e-01,6.082204e-01,-1.592846e-01,6.480014e-01,-1.397093e+00,-3.939827e-01,-2.567210e-01,-5.812256e-01,7.476304e-01,0,-0.041243,0.248305,-0.358745,4.382400e-01
17.490000,DS,DS_interstep,2,,,,3.854536e-01,2.470839e-01,5.656399e-01,-1.611663e-01,6.466551e-01,-1.399715e+00,-3.779406e-01,-2.627932e-01,-5.383947e-01,7.083560e-01,0,-0.041049,0.248099,-0.358311,4.377498e-01
17.500000,DS,DS_interstep,2,,,,3.700728e-01,2.518560e-01,5.252677e-01,-1.629701e-01,6.452845e-01,-1.402134e+00,-3.623799e-01,-2.676599e-01,-4.977867e-01,6.713811e-01,0,-0.040857,0.247893,-0.357877,4.372599e-01
17.510000,DS,DS_interstep,2,,,,3.551664e-01,2.555219e-01,4.871135e-01,-1.646984e-01,6.438952e-01,-1.404361e+00,-3.472960e-01,-2.714091e-01,-4.594109e-01,6.366599e-01,0,-0.040667,0.247686,-0.357445,4.367712e-01
17.520000,DS,DS_interstep,2,,,,3.407260e-01,2.581646e-01,4.511578e-01,-1.663535e-01,6.424925e-01,-1.406407e+00,-3.326810e-01,-2.741252e-01,-4.232471e-01,6.041187e-01,0,-0.040478,0.247479,-0.357014,4.362835e-01
17.530000,DS,DS_interstep,2,,,,3.267401e-01,2.598639e-01,4.173551e-01,-1.679377e-01,6.410809e-01,-1.408282e+00,-3.185236e-01,-2.758889e-01,-3.892491e-01,5.736609e-01,0,-0.040291,0.247271,-0.356583,4.357955e-01
17.540000,DS,DS_interstep,2,,,,3.131951e-01,2.606952e-01,3.856386e-01,-1.694533e-01,6.396650e-01,-1.409999e+00,-3.048106e-01,-2.767767e-01,-3.573493e-01,5.451728e-01,0,-0.040106,0.247062,-0.356153,4.353080e-01
17.550000,DS,DS_interstep,2,,,,3.000756e-01,2.607299e-01,3.559238e-01,-1.709024e-01,6.382488e-01,-1.411566e+00,-2.915265e-01,-2.768609e-01,-3.274624e-01,5.185280e-01,0,-0.039922,0.246853,-0.355724,4.348215e-01
17.560000,DS,DS_interstep,2,,,,2.873650e-01,2.600348e-01,3.281139e-01,-1.722871e-01,6.368359e-01,-1.412992e+00,-2.786550e-01,-2.762091e-01,-2.994906e-01,4.935937e-01,0,-0.039739,0.246644,-0.355295,4.343351e-01
17.570000,DS,DS_interstep,2,,,,2.750464e-01,2.586726e-01,3.021029e-01,-1.736094e-01,6.354296e-01,-1.414288e+00,-2.661791e-01,-2.748844e-01,-2.733272e-01,4.702345e-01,0,-0.039558,0.246434,-0.354866,4.338484e-01
17.580000,DS,DS_interstep,2,,,,2.631027e-01,2.567014e-01,2.777798e-01,-1.748711e-01,6.340332e-01,-1.415462e+00,-2.540817e-01,-2.729455e-01,-2.488604e-01,4.483171e-01,0,-0.039379,0.246223,-0.354439,4.333630e-01
17.590000,DS,DS_interstep,2,,,,2.515174e-01,2.541752e-01,2.550320e-01,-1.760740e-01,6.326493e-01,-1.416521e+00,-2.423461e-01,-2.704469e-01,-2.259766e-01,4.277132e-01,0,-0.039200,0.246012,-0.354011,4.328768e-01
17.600000,DS,DS_interstep,2,,,,2.402746e-01,2.511441e-01,2.337472e-01,-1.772199e-01,6.312805e-01,-1.417473e+00,-2.309564e-01,-2.674389e-01,-2.045630e-01,4.083019e-01,0,-0.039023,0.245801,-0.353584,4.323917e-01
17.610000,DS,DS_interstep,2,,,,2.293595e-01,2.476544e-01,2.138166e-01,-1.783105e-01,6.299291e-01,-1.418325e+00,-2.198977e-01,-2.639681e-01,-1.845101e-01,3.899720e-01,0,-0.038847,0.245589,-0.353158,4.319070e-01
17.620000,DS,DS_interstep,2,,,,2.187586e-01,2.437492e-01,1.951360e-01,-1.793474e-01,6.285973e-01,-1.419082e+00,-2.091563e-01,-2.600779e-01,-1.657131e-01,3.726227e-01,0,-0.038672,0.245376,-0.352731,4.314210e-01
17.630000,DS,DS_interstep,2,,,,2.084596e-01,2.394684e-01,1.776071e-01,-1.803320e-01,6.272868e-01,-1.419752e+00,-1.987197e-01,-2.558082e-01,-1.480733e-01,3.561644e-01,0,-0.038498,0.245163,-0.352306,4.309368e-01
17.640000,DS,DS_interstep,2,,,,1.984514e-01,2.348489e-01,1.611389e-01,-1.812658e-01,6.259995e-01,-1.420338e+00,-1.885770e-01,-2.511963e-01,-1.314990e-01,3.405185e-01,0,-0.038325,0.244950,-0.351880,4.304519e-01
17.650000,DS,DS_interstep,2,,,,1.887244e-01,2.299254e-01,1.456477e-01,-1.821503e-01,6.247369e-01,-1.420847e+00,-1.787181e-01,-2.462768e-01,-1.159064e-01,3.256174e-01,0,-0.038153,0.244736,-0.351455,4.299674e-01
17.660000,DS,DS_interstep,2,,,,1.792701e-01,2.247301e-01,1.310578e-01,-1.829868e-01,6.235003e-01,-1.421282e+00,-1.691345e-01,-2.410822e-01,-1.012192e-01,3.114040e-01,0,-0.037981,0.244522,-0.351029,4.294822e-01
17.670000,DS,DS_interstep,2,,,,1.700811e-01,2.192932e-01,1.173011e-01,-1.837767e-01,6.222909e-01,-1.421647e+00,-1.598188e-01,-2.356427e-01,-8.736917e-02,2.978303e-01,0,-0.037811,0.244307,-0.350605,4.289982e-01
17.680000,DS,DS_interstep,2,,,,1.611510e-01,2.136431e-01,1.043171e-01,-1.845214e-01,6.211099e-01,-1.421948e+00,-1.507644e-01,-2.299869e-01,-7.429566e-02,2.848574e-01,0,-0.037642,0.244092,-0.350180,4.285135e-01
17.690000,DS,DS_interstep,2,,,,1.524745e-01,2.078065e-01,9.205281e-02,-1.852219e-01,6.199582e-01,-1.422186e+00,-1.419659e-01,-2.241415e-01,-6.194531e-02,2.724536e-01,0,-0.037473,0.243877,-0.349755,4.280289e-01
17.700000,DS,DS_interstep,2,,,,1.440467e-01,2.018086e-01,8.046168e-02,-1.858797e-01,6.188365e-01,-1.422367e+00,-1.334185e-01,-2.181321e-01,-5.027152e-02,2.605942e-01,0,-0.037305,0.243661,-0.349331,4.275447e-01
17.710000,DS,DS_interstep,2,,,,1.358636e-01,1.956733e-01,6.950348e-02,-1.864960e-01,6.177457e-01,-1.422492e+00,-1.251180e-01,-2.119825e-01,-3.923395e-02,2.492597e-01,0,-0.037138,0.243445,-0.348907,4.270606e-01
17.720000,DS,DS_interstep,2,,,,1.279217e-01,1.894232e-01,5.914355e-02,-1.870720e-01,6.166863e-01,-1.422565e+00,-1.170608e-01,-2.057155e-01,-2.879782e-02,2.384353e-01,0,-0.036971,0.243228,-0.348483,4.265760e-01
17.730000,DS,DS_interstep,2,,,,1.202178e-01,1.830799e-01,4.935212e-02,-1.876088e-01,6.156587e-01,-1.422588e+00,-1.092439e-01,-1.993529e-01,-1.893328e-02,2.281102e-01,0,-0.036805,0.243011,-0.348059,4.260916e-01
17.740000,DS,DS_interstep,2,,,,1.127491e-01,1.766638e-01,4.010367e-02,-1.881077e-01,6.146634e-01,-1.422565e+00,-1.016643e-01,-1.929152e-01,-9.614777e-03,2.182759e-01,0,-0.036640,0.242794,-0.347635,4.256072e-01
17.750000,DS,DS_interstep,2,,,,1.055130e-01,1.701942e-01,3.137628e-02,-1.885699e-01,6.137006e-01,-1.422498e+00,-9.431940e-02,-1.864219e-01,-8.203314e-04,2.089257e-01,0,-0.036475,0.242576,-0.347211,4.251224e-01
17.760000,DS,DS_interstep,2,,,,9.850706e-02,1.636897e-01,2.315102e-02,-1.889965e-01,6.127705e-01,-1.422390e+00,-8.720683e-02,-1.798919e-01,7.469020e-03,2.000548e-01,0,-0.036310,0.242358,-0.346788,4.246384e-01
17.770000,DS,DS_interstep,2,,,,9.172893e-02,1.571679e-01,1.541136e-02,-1.893887e-01,6.118731e-01,-1.422242e+00,-8.032423e-02,-1.733427e-01,1.526984e-02,1.916581e-01,0,-0.036146,0.242140,-0.346364,4.241537e-01
17.780000,DS,DS_interstep,2,,,,8.517632e-02,1.506453e-01,8.142657e-03,-1.897475e-01,6.110086e-01,-1.422058e+00,-7.366934e-02,-1.667912e-01,2.259679e-02,1.837310e-01,0,-0.035983,0.241921,-0.345940,4.236685e-01
17.790000,DS,DS_interstep,2,,,,7.884694e-02,1.441379e-01,1.331657e-03,-1.900742e-01,6.101768e-01,-1.421840e+00,-6.723987e-02,-1.602535e-01,2.946317e-02,1.762682e-01,0,-0.035820,0.241702,-0.345517,4.231843e-01
17.800000,DS,DS_interstep,2,,,,7.273849e-02,1.376606e-01,-5.033914e-03,-1.903699e-01,6.093776e-01,-1.421589e+00,-6.103354e-02,-1.537446e-01,3.588129e-02,1.692630e-01,0,-0.035657,0.241483,-0.345093,4.226992e-01
17.810000,DS,DS_interstep,2,,,,6.684860e-02,1.312274e-01,-1.096572e-02,-1.906356e-01,6.086108e-01,-1.421309e+00,-5.504802e-02,-1.472788e-01,4.186283e-02,1.627078e-01,0,-0.035495,0.241264,-0.344669,4.222143e-01
17.820000,DS,DS_interstep,2,,,,6.117482e-02,1.248516e-01,-1.647511e-02,-1.908725e-01,6.078760e-01,-1.421001e+00,-4.928091e-02,-1.408696e-01,4.741918e-02,1.565932e-01,0,-0.035333,0.241044,-0.344246,4.217297e-01
17.830000,DS,DS_interstep,2,,,,5.571464e-02,1.185457e-01,-2.157337e-02,-1.910816e-01,6.071730e-01,-1.420667e+00,-4.372970e-02,-1.345294e-01,5.256169e-02,1.509078e-01,0,-0.035171,0.240825,-0.343822,4.212449e-01
17.840000,DS,DS_interstep,2,,,,5.046544e-02,1.123212e-01,-2.627192e-02,-1.912640e-01,6.065013e-01,-1.420309e+00,-3.839181e-02,-1.282702e-01,5.730182e-02,1.456388e-01,0,-0.035010,0.240604,-0.343398,4.207590e-01
17.850000,DS,DS_interstep,2,,,,4.542450e-02,1.061890e-01,-3.058245e-02,-1.914207e-01,6.058605e-01,-1.419930e+00,-3.326458e-02,-1.221027e-01,6.165131e-02,1.407710e-01,0,-0.034849,0.240384,-0.342975,4.202746e-01
17.860000,DS,DS_interstep,2,,,,4.058901e-02,1.001589e-01,-3.451704e-02,-1.915529e-01,6.052500e-01,-1.419531e+00,-2.834519e-02,-1.160371e-01,6.562230e-02,1.362877e-01,0,-0.034688,0.240164,-0.342551,4.197895e-01
17.870000,DS,DS_interstep,2,,,,3.595603e-02,9.424025e-02,-3.808819e-02,-1.916614e-01,6.046693e-01,-1.419114e+00,-2.363076e-02,-1.100827e-01,6.922737e-02,1.321705e-01,0,-0.034527,0.239943,-0.342127,4.193038e-01
17.880000,DS,DS_interstep,2,,,,3.152252e-02,8.844123e-02,-4.130886e-02,-1.917474e-01,6.041179e-01,-1.418680e+00,-1.911827e-02,-1.042479e-01,7.247954e-02,1.283994e-01,0,-0.034367,0.239723,-0.341703,4.188188e-01
17.890000,DS,DS_interstep,2,,,,2.728536e-02,8.276947e-02,-4.419246e-02,-1.918119e-01,6.035950e-01,-1.418232e+00,-1.480461e-02,-9.854039e-02,7.539230e-02,1.249535e-01,0,-0.034206,0.239502,-0.341280,4.183340e-01
17.900000,DS,DS_interstep,2,,,,2.324128e-02,7.723175e-02,-4.675281e-02,-1.918557e-01,6.031000e-01,-1.417772e+00,-1.068656e-02,-9.296708e-02,7.797956e-02,1.218109e-01,0,-0.034046,0.239281,-0.340856,4.178485e-01
17.910000,DS,DS_interstep,2,,,,1.938696e-02,7.183412e-02,-4.900413e-02,-1.918799e-01,6.026322e-01,-1.417300e+00,-6.760786e-03,-8.753409e-02,8.025560e-02,1.189491e-01,0,-0.033886,0.239059,-0.340432,4.173624e-01
17.920000,DS,DS_interstep,2,,,,1.571894e-02,6.658188e-02,-5.096088e-02,-1.918854e-01,6.021908e-01,-1.416817e+00,-3.023853e-03,-8.224682e-02,8.223499e-02,1.163455e-01,0,-0.033726,0.238838,-0.340008,4.168770e-01
17.930000,DS,DS_interstep,2,,,,1.223368e-02,6.147963e-02,-5.263778e-02,-1.918732e-01,6.017752e-01,-1.416327e+00,5.277682e-04,-7.710993e-02,8.393254e-02,1.139776e-01,0,-0.033566,0.238617,-0.339584,4.163917e-01
17.940000,DS,DS_interstep,2,,,,8.927550e-03,5.653130e-02,-5.404968e-02,-1.918441e-01,6.013845e-01,-1.415829e+00,3.897706e-03,-7.212743e-02,8.536316e-02,1.118232e-01,0,-0.033407,0.238395,-0.339160,4.159059e-01
17.950000,DS,DS_interstep,2,,,,5.796838e-03,5.174016e-02,-5.521144e-02,-1.917991e-01,6.010179e-01,-1.415326e+00,7.089679e-03,-6.730264e-02,8.654184e-02,1.098608e-01,0,-0.033247,0.238174,-0.338736,4.154206e-01
17.960000,DS,DS_interstep,2,,,,2.837740e-03,4.710883e-02,-5.613791e-02,-1.917390e-01,6.006746e-01,-1.414818e+00,1.010750e-02,-6.263825e-02,8.748349e-02,1.080698e-01,0,-0.033087,0.237952,-0.338311,4.149340e-01
17.970000,DS,DS_interstep,2,,,,4.637680e-05,4.263937e-02,-5.684379e-02,-1.916646e-01,6.003539e-01,-1.414306e+00,1.295504e-02,-5.813635e-02,8.820291e-02,1.064304e-01,0,-0.032928,0.237731,-0.337887,4.144489e-01
17.980000,DS,DS_interstep,2,,,,-2.581203e-03,3.833325e-02,-5.734355e-02,-1.915768e-01,6.000549e-01,-1.413792e+00,1.563629e-02,-5.379847e-02,8.871467e-02,1.049241e-01,0,-0.032768,0.237509,-0.337463,4.139632e-01
17.990000,DS,DS_interstep,2,,,,-5.049018e-03,3.419144e-02,-5.765139e-02,-1.914765e-01,5.997768e-01,-1.413276e+00,1.815528e-02,-4.962560e-02,8.903304e-02,1.035336e-01,0,-0.032609,0.237287,-0.337038,4.134768e-01
18.000000,DS,DS_interstep,2,,,,-7.361152e-03,3.021438e-02,-5.778113e-02,-1.913643e-01,5.995187e-01,-1.412759e+00,2.051611e-02,-4.561822e-02,8.917193e-02,1.022427e-01,0,-0.032449,0.237065,-0.336614,4.129912e-01
18.010000,DS,DS_interstep,2,,,,-9.521743e-03,2.640206e-02,-5.774619e-02,-1.912412e-01,5.992799e-01,-1.412243e+00,2.272295e-02,-4.177635e-02,8.914483e-02,1.010366e-01,0,-0.032290,0.236843,-0.336189,4.125049e-01
18.020000,DS,DS_interstep,2,,,,-1.153498e-02,2.275403e-02,-5.755948e-02,-1.911077e-01,5.990594e-01,-1.411728e+00,2.478003e-02,-3.809956e-02,8.896476e-02,9.990173e-02,0,-0.032130,0.236622,-0.335765,4.120200e-01
18.030000,DS,DS_interstep,2,,,,-1.340510e-02,1.926945e-02,-5.723345e-02,-1.909647e-01,5.988566e-01,-1.411214e+00,2.669161e-02,-3.458703e-02,8.864422e-02,9.882562e-02,0,-0.031970,0.236400,-0.335340,4.115337e-01
18.040000,DS,DS_interstep,2,,,,-1.513637e-02,1.594709e-02,-5.677997e-02,-1.908128e-01,5.986704e-01,-1.410702e+00,2.846200e-02,-3.123755e-02,8.819517e-02,9.779702e-02,0,-0.031811,0.236178,-0.334916,4.110483e-01
18.050000,DS,DS_interstep,2,,,,-1.673310e-02,1.278539e-02,-5.621037e-02,-1.906528e-01,5.985002e-01,-1.410194e+00,3.009555e-02,-2.804958e-02,8.762900e-02,9.680580e-02,0,-0.031651,0.235956,-0.334491,4.105621e-01
18.060000,DS,DS_interstep,2,,,,-1.819962e-02,9.782479e-03,-5.553538e-02,-1.904853e-01,5.983452e-01,-1.409688e+00,3.159664e-02,-2.502125e-02,8.695651e-02,9.584282e-02,0,-0.031492,0.235734,-0.334066,4.100760e-01
18.070000,DS,DS_interstep,2,,,,-1.954027e-02,6.936198e-03,-5.476516e-02,-1.903109e-01,5.982046e-01,-1.409187e+00,3.296966e-02,-2.215041e-02,8.618794e-02,9.489995e-02,0,-0.031332,0.235512,-0.333641,4.095899e-01
18.080000,DS,DS_interstep,2,,,,-2.075941e-02,4.244128e-03,-5.390931e-02,-1.901303e-01,5.980775e-01,-1.408690e+00,3.421901e-02,-1.943464e-02,8.533293e-02,9.396997e-02,0,-0.031172,0.235290,-0.333217,4.091047e-01
18.090000,DS,DS_interstep,2,,,,-2.186141e-02,1.703616e-03,-5.297682e-02,-1.899441e-01,5.979632e-01,-1.408197e+00,3.534912e-02,-1.687131e-02,8.440054e-02,9.304651e-02,0,-0.031012,0.235069,-0.332792,4.086193e-01
18.100000,DS,DS_interstep,2,,,,-2.285064e-02,-6.882015e-04,-5.197614e-02,-1.897528e-01,5.978610e-01,-1.407710e+00,3.636439e-02,-1.445755e-02,8.339929e-02,9.212400e-02,0,-0.030852,0.234847,-0.332367,4.081333e-01
18.110000,DS,DS_interstep,2,,,,-2.373143e-02,-2.934376e-03,-5.091520e-02,-1.895569e-01,5.977702e-01,-1.407228e+00,3.726924e-02,-1.219031e-02,8.233712e-02,9.119759e-02,0,-0.030693,0.234625,-0.331942,4.076474e-01
18.120000,DS,DS_interstep,2,,,,-2.450813e-02,-5.038129e-03,-4.980138e-02,-1.893571e-01,5.976900e-01,-1.406751e+00,3.806804e-02,-1.006636e-02,8.122150e-02,9.026317e-02,0,-0.030533,0.234403,-0.331517,4.071616e-01
18.130000,DS,DS_interstep,2,,,,-2.518505e-02,-7.002828e-03,-4.864157e-02,-1.891538e-01,5.976197e-01,-1.406281e+00,3.876519e-02,-8.082341e-03,8.005936e-02,8.931722e-02,0,-0.030373,0.234182,-0.331092,4.066763e-01
18.140000,DS,DS_interstep,2,,,,-2.576647e-02,-8.831974e-03,-4.744219e-02,-1.889476e-01,5.975586e-01,-1.405816e+00,3.936500e-02,-6.234738e-03,7.885716e-02,8.835682e-02,0,-0.030212,0.233960,-0.330667,4.061905e-01
18.150000,DS,DS_interstep,2,,,,-2.625664e-02,-1.052918e-02,-4.620924e-02,-1.887388e-01,5.975061e-01,-1.405358e+00,3.987180e-02,-4.519932e-03,7.762094e-02,8.737963e-02,0,-0.030052,0.233739,-0.330242,4.057053e-01
18.160000,DS,DS_interstep,2,,,,-2.665976e-02,-1.209816e-02,-4.494828e-02,-1.885279e-01,5.974616e-01,-1.404906e+00,4.028983e-02,-2.934205e-03,7.635630e-02,8.638382e-02,0,-0.029892,0.233517,-0.329817,4.052197e-01
18.170000,DS,DS_interstep,2,,,,-2.697999e-02,-1.354271e-02,-4.366447e-02,-1.883153e-01,5.974244e-01,-1.404460e+00,4.062332e-02,-1.473752e-03,7.506845e-02,8.536802e-02,0,-0.029732,0.233296,-0.329392,4.047346e-01
18.180000,DS,DS_interstep,2,,,,-2.722143e-02,-1.486670e-02,-4.236262e-02,-1.881016e-01,5.973938e-01,-1.404021e+00,4.087642e-02,-1.346948e-04,7.376223e-02,8.433129e-02,0,-0.029571,0.233074,-0.328967,4.042490e-01
18.190000,DS,DS_interstep,2,,,,-2.738811e-02,-1.607405e-02,-4.104721e-02,-1.878869e-01,5.973694e-01,-1.403589e+00,4.105323e-02,1.086901e-03,7.244216e-02,8.327314e-02,0,-0.029411,0.232853,-0.328542,4.037640e-01
18.200000,DS,DS_interstep,2,,,,-2.748401e-02,-1.716872e-02,-3.972238e-02,-1.876717e-01,5.973505e-01,-1.403163e+00,4.115779e-02,2.195017e-03,7.111240e-02,8.219340e-02,0,-0.029250,0.232632,-0.328117,4.032790e-01
18.210000,DS,DS_interstep,2,,,,-2.751304e-02,-1.815473e-02,-3.839200e-02,-1.874564e-01,5.973366e-01,-1.402744e+00,4.119406e-02,3.193670e-03,6.977686e-02,8.109229e-02,0,-0.029090,0.232411,-0.327692,4.027942e-01
18.220000,DS,DS_interstep,2,,,,-2.747902e-02,-1.903610e-02,-3.705963e-02,-1.872412e-01,5.973272e-01,-1.402332e+00,4.116592e-02,4.086902e-03,6.843914e-02,7.997032e-02,0,-0.028929,0.232189,-0.327266,4.023079e-01
18.230000,DS,DS_interstep,2,,,,-2.738570e-02,-1.981686e-02,-3.572861e-02,-1.870264e-01,5.973217e-01,-1.401926e+00,4.107718e-02,4.878770e-03,6.710259e-02,7.882826e-02,0,-0.028768,0.231968,-0.326841,4.018231e-01
18.240000,DS,DS_interstep,2,,,,-2.723674e-02,-2.050107e-02,-3.440203e-02,-1.868124e-01,5.973197e-01,-1.401527e+00,4.093156e-02,5.573334e-03,6.577034e-02,7.766719e-02,0,-0.028607,0.231747,-0.326416,4.013383e-01
18.250000,SS,SS,3,-6.523753e-02,-8.703239e-01,1.144336e+00,,,,-1.743553e-01,5.976148e-01,-1.398747e+00,2.785550e-01,1.951191e-01,3.447700e-02,3.418377e-01,0,-0.026996,0.229568,-0.322223,3.965576e-01
18.350000,SS,SS,3,8.874620e-02,-9.764321e-01,1.287158e+00,,,,-1.604795e-01,6.041733e-01,-1.395296e+00,1.732856e-01,3.447964e-01,-4.007133e-01,5.563125e-01,0,-0.025333,0.227452,-0.318097,3.918697e-01
18.450000,SS,SS,3,2.197348e-01,-1.070185e+00,1.470114e+00,,,,-1.507775e-01,6.177649e-01,-1.412065e+00,1.373774e-01,4.894203e-01,-6.653159e-01,8.372873e-01,0,-0.023673,0.225428,-0.314112,3.873558e-01
18.550000,SS,SS,3,3.138882e-01,-1.154895e+00,1.568288e+00,,,,-1.411104e-01,6.354313e-01,-1.432959e+00,1.388856e-01,5.369970e-01,-7.028861e-01,8.953792e-01,0,-0.022038,0.223517,-0.310310,3.830637e-01
18.650000,SS,SS,3,3.987541e-01,-1.284119e+00,1.743227e+00,,,,-1.319206e-01,6.564748e-01,-1.458904e+00,1.243895e-01,6.373453e-01,-8.626833e-01,1.079770e+00,0,-0.020437,0.221730,-0.306709,3.790149e-01
18.750000,SS,SS,3,4.767932e-01,-1.402553e+00,1.903777e+00,,,,-1.235466e-01,6.823564e-01,-1.492821e+00,1.104504e-01,7.286482e-01,-1.012959e+00,1.252682e+00,0,-0.018885,0.220085,-0.303340,3.752455e-01
18.850000,SS,SS,3,5.476083e-01,-1.502601e+00,2.037794e+00,,,,-1.157136e-01,7.119163e-01,-1.532565e+00,1.030673e-01,7.984177e-01,-1.120276e+00,1.379533e+00,0,-0.017394,0.218597,-0.300230,3.717866e-01
18.950000,SS,SS,3,6.132817e-01,-1.587966e+00,2.149043e+00,,,,-1.083363e-01,7.448733e-01,-1.577576e+00,9.620453e-02,8.658540e-01,-1.224670e+00,1.502922e+00,0,-0.015973,0.217278,-0.297402,3.686636e-01
19.050000,SS,SS,3,6.743775e-01,-1.658723e+00,2.236368e+00,,,,-1.013778e-01,7.810176e-01,-1.627516e+00,9.126361e-02,9.251567e-01,-1.314481e+00,1.610001e+00,0,-0.014628,0.216138,-0.294873,3.658957e-01
19.150000,SS,SS,3,7.297780e-01,-1.759866e+00,2.361344e+00,,,,-9.473901e-02,8.202982e-01,-1.682042e+00,8.860403e-02,9.884675e-01,-1.402851e+00,1.718403e+00,0,-0.013365,0.215188,-0.292661,3.635037e-01
19.250000,SS,SS,3,7.808949e-01,-1.852147e+00,2.468627e+00,,,,-8.837261e-02,8.624927e-01,-1.740720e+00,8.734659e-02,1.040929e+00,-1.473868e+00,1.806502e+00,0,-0.012186,0.214436,-0.290780,3.615028e-01
19.350000,SS,SS,3,8.279435e-01,-1.928614e+00,2.547203e+00,,,,-8.219919e-02,9.072038e-01,-1.802804e+00,8.783221e-02,1.084930e+00,-1.528767e+00,1.876677e+00,0,-0.011095,0.213890,-0.289243,3.599077e-01
19.450000,SS,SS,3,8.710745e-01,-1.990228e+00,2.597342e+00,,,,-7.615363e-02,9.541162e-01,-1.867676e+00,8.964250e-02,1.121390e+00,-1.569557e+00,1.931078e+00,0,-0.010092,0.213555,-0.288058,3.587269e-01
19.550000,SS,SS,3,9.103432e-01,-2.037726e+00,2.619427e+00,,,,-7.017524e-02,1.002920e+00,-1.934735e+00,9.267943e-02,1.150410e+00,-1.596382e+00,1.969890e+00,0,-0.009175,0.213437,-0.287230,3.579673e-01
19.650000,SS,SS,3,9.457031e-01,-2.089046e+00,2.639385e+00,,,,-6.420970e-02,1.053425e+00,-2.003531e+00,9.671592e-02,1.177223e+00,-1.615829e+00,2.001527e+00,0,-0.008343,0.213538,-0.286762,3.576318e-01
19.750000,SS,SS,3,9.771869e-01,-2.144957e+00,2.658731e+00,,,,-5.822429e-02,1.105486e+00,-2.073713e+00,1.013199e-01,1.200154e+00,-1.626808e+00,2.024139e+00,0,-0.007594,0.213861,-0.286655,3.577224e-01
19.850000,SS,SS,3,1.004806e+00,-2.187313e+00,2.651337e+00,,,,-5.219100e-02,1.158793e+00,-2.144740e+00,1.063396e-01,1.213849e+00,-1.623236e+00,2.029688e+00,0,-0.006925,0.214407,-0.286909,3.582389e-01
19.950000,SS,SS,3,1.028462e+00,-2.216990e+00,2.618306e+00,,,,-4.607864e-02,1.213004e+00,-2.216028e+00,1.117329e-01,1.220538e+00,-1.607858e+00,2.021733e+00,0,-0.006330,0.215176,-0.287520,3.591776e-01
20.050000,SS,SS,3,1.048124e+00,-2.235081e+00,2.561135e+00,,,,-3.986671e-02,1.267833e+00,-2.287092e+00,1.172552e-01,1.220646e+00,-1.581895e+00,2.001529e+00,0,-0.005807,0.216166,-0.288483,3.605328e-01
20.150000,SS,SS,3,1.063840e+00,-2.244622e+00,2.484731e+00,,,,-3.354052e-02,1.323013e+00,-2.357488e+00,1.227810e-01,1.215099e+00,-1.546777e+00,1.970802e+00,0,-0.005349,0.217374,-0.289789,3.622951e-01
20.250000,SS,SS,3,1.076190e+00,-2.261191e+00,2.414219e+00,,,,-2.709894e-02,1.378401e+00,-2.426941e+00,1.280177e-01,1.208935e+00,-1.508856e+00,1.937668e+00,0,-0.004951,0.218797,-0.291429,3.644551e-01
20.350000,SS,SS,3,1.084519e+00,-2.267555e+00,2.323669e+00,,,,-2.055656e-02,1.433763e+00,-2.495118e+00,1.326179e-01,1.194172e+00,-1.460083e+00,1.890893e+00,0,-0.004608,0.220432,-0.293393,3.670027e-01
20.450000,SS,SS,3,1.088680e+00,-2.264493e+00,2.214598e+00,,,,-1.391456e-02,1.488783e+00,-2.561565e+00,1.369130e-01,1.173614e+00,-1.403102e+00,1.834342e+00,0,-0.004315,0.222271,-0.295667,3.699216e-01
20.550000,SS,SS,3,1.088691e+00,-2.253144e+00,2.088859e+00,,,,-7.181291e-03,1.543217e+00,-2.625946e+00,1.406659e-01,1.147639e+00,-1.339209e+00,1.769278e+00,0,-0.004065,0.224309,-0.298239,3.731991e-01
20.650000,SS,SS,3,1.084605e+00,-2.234387e+00,1.948300e+00,,,,-3.681608e-04,1.596818e+00,-2.687938e+00,1.438584e-01,1.116386e+00,-1.268808e+00,1.696139e+00,0,-0.003853,0.226539,-0.301091,3.768163e-01
20.750000,SS,SS,3,1.077402e+00,-2.212009e+00,1.801762e+00,,,,6.504860e-03,1.649387e+00,-2.747285e+00,1.462920e-01,1.082238e+00,-1.194832e+00,1.618723e+00,0,-0.003673,0.228952,-0.304208,3.807558e-01
20.850000,SS,SS,3,1.066657e+00,-2.184269e+00,1.646319e+00,,,,1.340767e-02,1.700726e+00,-2.803765e+00,1.477263e-01,1.042951e+00,-1.115781e+00,1.534450e+00,0,-0.003520,0.231539,-0.307572,3.849977e-01
20.950000,SS,SS,3,1.052059e+00,-2.150669e+00,1.481088e+00,,,,2.031583e-02,1.750610e+00,-2.857132e+00,1.483662e-01,9.989868e-01,-1.032096e+00,1.444025e+00,0,-0.003387,0.234290,-0.311164,3.895206e-01
21.050000,SS,SS,3,1.033692e+00,-2.112052e+00,1.307850e+00,,,,2.720635e-02,1.798834e+00,-2.907172e+00,1.482206e-01,9.509482e-01,-9.447184e-01,1.348616e+00,0,-0.003271,0.237197,-0.314964,3.943037e-01
21.150000,SS,SS,3,1.011721e+00,-2.069182e+00,1.128413e+00,,,,3.405446e-02,1.845204e+00,-2.953698e+00,1.472565e-01,8.990868e-01,-8.542451e-01,1.248910e+00,0,-0.003165,0.240246,-0.318952,3.993226e-01
21.250000,SS,SS,3,9.877147e-01,-2.019926e+00,9.447367e-01,,,,4.082523e-02,1.889523e+00,-2.996544e+00,1.452521e-01,8.436464e-01,-7.615008e-01,1.145740e+00,0,-0.003064,0.243428,-0.323107,4.045550e-01
21.350000,SS,SS,3,9.629777e-01,-1.962397e+00,7.586536e-01,,,,4.718011e-02,1.931183e+00,-3.034347e+00,1.298246e-01,7.716964e-01,-6.262904e-01,1.002302e+00,0,-0.002966,0.246728,-0.327404,4.099718e-01
21.450000,SS,SS,3,9.327702e-01,-1.900250e+00,5.950740e-01,,,,5.279763e-02,1.970179e+00,-3.066810e+00,1.166042e-01,7.084563e-01,-5.087541e-01,8.799645e-01,0,-0.002870,0.250134,-0.331816,4.155444e-01
21.550000,SS,SS,3,8.962559e-01,-1.828801e+00,4.664312e-01,,,,5.802291e-02,2.006291e+00,-3.093919e+00,1.098521e-01,6.342109e-01,-3.821388e-01,7.485459e-01,0,-0.002775,0.253631,-0.336314,4.212404e-01
21.650000,SS,SS,3,8.563658e-01,-1.749204e+00,3.563372e-01,,,,6.301109e-02,2.039415e+00,-3.115927e+00,1.047015e-01,5.647754e-01,-2.723246e-01,6.356842e-01,0,-0.002678,0.257206,-0.340873,4.270322e-01
21.750000,SS,SS,3,8.143926e-01,-1.664035e+00,2.556747e-01,,,,6.778334e-02,2.069734e+00,-3.133547e+00,9.943989e-02,4.983123e-01,-1.764929e-01,5.379156e-01,0,-0.002575,0.260843,-0.345467,4.328893e-01
21.850000,SS,SS,3,7.751057e-01,-1.555952e+00,1.455739e-01,,,,7.231627e-02,2.097122e+00,-3.147076e+00,9.346685e-02,4.280417e-01,-8.566700e-02,4.464242e-01,0,-0.002464,0.264531,-0.350076,4.387892e-01
21.950000,SS,SS,3,7.345635e-01,-1.446322e+00,3.671949e-02,,,,7.661382e-02,2.121544e+00,-3.156781e+00,8.742485e-02,3.592610e-01,-3.034832e-03,3.697577e-01,0,-0.002340,0.268254,-0.354679,4.447054e-01
22.050000,SS,SS,3,6.929143e-01,-1.337700e+00,-7.236498e-02,,,,8.066234e-02,2.143011e+00,-3.162962e+00,8.079430e-02,2.909496e-01,7.267221e-02,3.105811e-01,0,-0.002202,0.272000,-0.359256,4.506148e-01
22.150000,SS,SS,3,6.503413e-01,-1.231717e+00,-1.826128e-01,,,,8.443626e-02,2.161476e+00,-3.165827e+00,7.350930e-02,2.220802e-01,1.435483e-01,2.744619e-01,0,-0.002047,0.275755,-0.363789,4.564947e-01
22.250000,SS,SS,3,6.069209e-01,-1.129924e+00,-2.944273e-01,,,,8.790960e-02,2.176860e+00,-3.165510e+00,6.561086e-02,1.520970e-01,2.110287e-01,2.682748e-01,0,-0.001872,0.279507,-0.368260,4.623236e-01
22.350000,SS,SS,3,5.648697e-01,-1.015866e+00,-4.261822e-01,,,,9.104964e-02,2.188978e+00,-3.162025e+00,5.691316e-02,7.712951e-02,2.794012e-01,2.953864e-01,0,-0.001676,0.283241,-0.372653,4.680796e-01
22.450000,SS,SS,3,5.234820e-01,-8.975778e-01,-5.709315e-01,,,,9.384219e-02,2.197654e+00,-3.155339e+00,4.807146e-02,5.095491e-04,3.465517e-01,3.498703e-01,0,-0.001456,0.286944,-0.376949,4.737399e-01
22.550000,SS,SS,3,4.813630e-01,-7.890864e-01,-7.156198e-01,,,,9.628710e-02,2.202960e+00,-3.145639e+00,3.905897e-02,-7.174606e-02,4.067476e-01,4.148695e-01,0,-0.001210,0.290602,-0.381132,4.792834e-01
22.650000,SS,SS,3,4.387026e-01,-6.911635e-01,-8.589560e-01,,,,9.835312e-02,2.205029e+00,-3.133188e+00,2.898586e-02,-1.420590e-01,4.619785e-01,4.841953e-01,0,-0.000937,0.294202,-0.385185,4.846887e-01
22.750000,SS,SS,3,3.954989e-01,-6.039453e-01,-9.990421e-01,,,,9.999280e-02,2.203822e+00,-3.118069e+00,1.797384e-02,-2.132308e-01,5.157806e-01,5.584085e-01,0,-0.000636,0.297733,-0.389094,4.899382e-01
22.850000,SS,SS,3,3.520905e-01,-5.194712e-01,-1.144643e+00,,,,1.011758e-01,2.199239e+00,-3.100262e+00,6.432120e-03,-2.860077e-01,5.696845e-01,6.374811e-01,0,-0.000306,0.301181,-0.392843,4.950108e-01
22.950000,SS,SS,3,3.097734e-01,-4.175324e-01,-1.319769e+00,,,,1.018849e-01,2.191071e+00,-3.079616e+00,-5.436635e-03,-3.654835e-01,6.293309e-01,7.277810e-01,0,0.000053,0.304534,-0.396418,4.998882e-01
23.050000,SS,SS,3,2.667369e-01,-3.298209e-01,-1.485964e+00,,,,1.021326e-01,2.179303e+00,-3.056126e+00,-1.697058e-02,-4.399113e-01,6.829703e-01,8.125628e-01,0,0.000443,0.307779,-0.399802,5.045491e-01
23.150000,SS,SS,3,2.231627e-01,-2.568656e-01,-1.642109e+00,,,,1.019121e-01,2.164051e+00,-3.029984e+00,-2.870352e-02,-5.121803e-01,7.328198e-01,8.945264e-01,0,0.000863,0.310904,-0.402981,5.089752e-01
23.250000,SS,SS,3,1.792253e-01,-1.987290e-01,-1.786652e+00,,,,1.012267e-01,2.145379e+00,-3.001290e+00,-4.015501e-02,-5.816502e-01,7.794006e-01,9.733420e-01,0,0.001314,0.313898,-0.405941,5.131489e-01
23.350000,SS,SS,3,1.351564e-01,-1.555903e-01,-1.918183e+00,,,,9.995239e-02,2.123115e+00,-2.969492e+00,-6.064711e-02,-6.640747e-01,8.626796e-01,1.090362e+00,0,0.001795,0.316749,-0.408670,5.170535e-01
23.450000,SS,SS,3,9.081178e-02,-8.830997e-02,-2.074176e+00,,,,9.766600e-02,2.096661e+00,-2.933216e+00,-8.298288e-02,-7.505227e-01,9.522665e-01,1.215311e+00,0,0.002303,0.319443,-0.411147,5.206640e-01
23.550000,SS,SS,3,4.403650e-02,-2.337213e-02,-2.185674e+00,,,,9.458869e-02,2.066002e+00,-2.892216e+00,-9.964398e-02,-8.356972e-01,1.045818e+00,1.342406e+00,0,0.002833,0.321969,-0.413351,5.239572e-01
23.650000,SS,SS,3,-3.598960e-03,3.307919e-02,-2.250315e+00,,,,9.084798e-02,2.031342e+00,-2.846742e+00,-1.146027e-01,-9.116515e-01,1.125158e+00,1.452661e+00,0,0.003383,0.324313,-0.415264,5.269104e-01
23.750000,SS,SS,3,-5.116564e-02,8.089887e-02,-2.272980e+00,,,,8.648974e-02,1.993019e+00,-2.797371e+00,-1.283333e-01,-9.797362e-01,1.191970e+00,1.548272e+00,0,0.003952,0.326463,-0.416868,5.295023e-01
23.850000,SS,SS,3,-9.815768e-02,1.197530e-01,-2.256514e+00,,,,8.156695e-02,1.951315e+00,-2.744551e+00,-1.407301e-01,-1.040325e+00,1.247641e+00,1.630549e+00,0,0.004537,0.328410,-0.418150,5.317172e-01
23.950000,SS,SS,3,-1.445844e-01,1.713727e-01,-2.238016e+00,,,,7.614880e-02,1.906337e+00,-2.688509e+00,-1.512331e-01,-1.100220e+00,1.300906e+00,1.710471e+00,0,0.005136,0.330145,-0.419099,5.335411e-01
24.050000,SS,SS,3,-1.899051e-01,2.365574e-01,-2.223836e+00,,,,7.033124e-02,1.858178e+00,-2.629380e+00,-1.596049e-01,-1.157336e+00,1.350263e+00,1.785528e+00,0,0.005748,0.331661,-0.419704,5.349612e-01
24.150000,SS,SS,3,-2.327724e-01,2.875406e-01,-2.175314e+00,,,,6.418331e-02,1.807212e+00,-2.567646e+00,-1.667480e-01,-1.202805e+00,1.384288e+00,1.841412e+00,0,0.006372,0.332948,-0.419956,5.359646e-01
24.250000,SS,SS,3,-2.726366e-01,3.243796e-01,-2.094363e+00,,,,5.774709e-02,1.753847e+00,-2.503883e+00,-1.727624e-01,-1.239152e+00,1.405961e+00,1.882039e+00,0,0.007007,0.334002,-0.419851,5.365457e-01
24.350000,SS,SS,3,-3.091425e-01,3.472825e-01,-1.982952e+00,,,,5.107347e-02,1.698455e+00,-2.438592e+00,-1.775084e-01,-1.266275e+00,1.415919e+00,1.907823e+00,0,0.007651,0.334819,-0.419384,5.366985e-01
24.450000,SS,SS,3,-3.422450e-01,3.608247e-01,-1.850961e+00,,,,4.421798e-02,1.641375e+00,-2.372218e+00,-1.808501e-01,-1.285705e+00,1.416432e+00,1.921464e+00,0,0.008303,0.335397,-0.418557,5.364234e-01
24.550000,SS,SS,3,-3.742765e-01,4.057172e-01,-1.772346e+00,,,,3.729554e-02,1.582596e+00,-2.304693e+00,-1.810725e-01,-1.310471e+00,1.425937e+00,1.945101e+00,0,0.008964,0.335733,-0.417370,5.357189e-01
24.650000,SS,SS,3,-4.015580e-01,4.328407e-01,-1.667692e+00,,,,3.041278e-02,1.522523e+00,-2.236367e+00,-1.798618e-01,-1.319803e+00,1.418004e+00,1.945499e+00,0,0.009632,0.335827,-0.415823,5.345852e-01
24.750000,SS,SS,3,-4.235609e-01,4.428787e-01,-1.539245e+00,,,,2.360423e-02,1.461701e+00,-2.167937e+00,-1.777885e-01,-1.318279e+00,1.396769e+00,1.928842e+00,0,0.010309,0.335679,-0.413923,5.330281e-01
24.850000,SS,SS,3,-4.401397e-01,4.370614e-01,-1.388822e+00,,,,1.691897e-02,1.400596e+00,-2.099942e+00,-1.745137e-01,-1.306013e+00,1.363640e+00,1.896217e+00,0,0.010994,0.335292,-0.411677,5.310551e-01
24.950000,SS,SS,3,-4.512181e-01,4.164276e-01,-1.218847e+00,,,,1.040515e-02,1.339677e+00,-2.032927e+00,-1.701440e-01,-1.283077e+00,1.318605e+00,1.847689e+00,0,0.011686,0.334671,-0.409094,5.286768e-01
25.050000,SS,SS,3,-4.606659e-01,4.184351e-01,-1.102933e+00,,,,4.169317e-03,1.279078e+00,-1.966939e+00,-1.627915e-01,-1.262730e+00,1.280719e+00,1.805887e+00,0,0.012386,0.333821,-0.406188,5.259074e-01
25.150000,SS,SS,3,-4.657073e-01,4.190862e-01,-9.998193e-01,,,,-1.663550e-03,1.219144e+00,-1.902183e+00,-1.534479e-01,-1.231994e+00,1.233442e+00,1.750067e+00,0,0.013095,0.332750,-0.402970,5.227608e-01
25.250000,SS,SS,3,-4.642332e-01,4.036662e-01,-8.825016e-01,,,,-7.040925e-03,1.160479e+00,-1.839330e+00,-1.433037e-01,-1.187664e+00,1.170561e+00,1.673707e+00,0,0.013812,0.331464,-0.399456,5.192536e-01
25.350000,SS,SS,3,-4.561566e-01,3.742262e-01,-7.533216e-01,,,,-1.192230e-02,1.103660e+00,-1.779042e+00,-1.321746e-01,-1.131451e+00,1.094686e+00,1.579870e+00,0,0.014539,0.329975,-0.395663,5.154067e-01
25.450000,SS,SS,3,-4.415579e-01,3.327831e-01,-6.151016e-01,,,,-1.626008e-02,1.049247e+00,-1.721939e+00,-1.199948e-01,-1.063522e+00,1.006218e+00,1.468997e+00,0,0.015276,0.328295,-0.391614,5.112460e-01
25.550000,SS,SS,3,-4.197814e-01,2.949160e-01,-4.882277e-01,,,,-2.000532e-02,9.976832e-01,-1.668515e+00,-1.066007e-01,-9.877808e-01,9.098121e-01,1.347157e+00,0,0.016021,0.326438,-0.387332,5.067983e-01
25.650000,SS,SS,3,-3.901071e-01,2.754875e-01,-3.929254e-01,,,,-2.309381e-02,9.493209e-01,-1.619126e+00,-9.176009e-02,-9.067407e-01,8.087989e-01,1.218505e+00,0,0.016775,0.324420,-0.382844,5.020949e-01
25.750000,SS,SS,3,-3.538834e-01,2.478240e-01,-2.970111e-01,,,,-2.545166e-02,9.047798e-01,-1.574387e+00,-7.570624e-02,-8.116685e-01,6.929116e-01,1.069890e+00,0,0.017536,0.322257,-0.378179,4.971684e-01
25.850000,SS,SS,3,-3.110644e-01,2.142977e-01,-2.039251e-01,,,,-2.702463e-02,8.646920e-01,-1.534998e+00,-5.837353e-02,-7.046691e-01,5.643811e-01,9.047055e-01,0,0.018304,0.319970,-0.373367,4.920556e-01
25.950000,SS,SS,3,-2.616627e-01,1.773778e-01,-1.172837e-01,,,,-2.774624e-02,8.296688e-01,-1.501608e+00,-3.956794e-02,-5.858545e-01,4.237047e-01,7.240972e-01,0,0.019077,0.317578,-0.368445,4.867971e-01
26.050000,SS,SS,3,-2.056095e-01,1.395151e-01,-4.104111e-02,,,,-2.754481e-02,8.003164e-01,-1.474861e+00,-1.917486e-02,-4.558105e-01,2.714909e-01,5.308844e-01,0,0.019854,0.315107,-0.363451,4.814387e-01
26.150000,SS,SS,3,-1.427834e-01,1.031291e-01,2.062530e-02,,,,-2.632106e-02,7.771798e-01,-1.455288e+00,3.717828e-03,-3.156871e-01,1.105706e-01,3.345116e-01,0,0.020633,0.312580,-0.358424,4.760249e-01
26.250000,SS,SS,3,-7.291838e-02,7.017403e-02,6.285296e-02,,,,-2.400942e-02,7.608382e-01,-1.443068e+00,2.093313e-02,-1.709760e-01,-1.447687e-02,1.728600e-01,0,0.021413,0.310025,-0.353409,4.706081e-01
26.360000,DS,DS_interstep,3,,,,2.448059e-01,9.743770e-02,1.244528e+00,-2.520264e-02,7.602312e-01,-1.449037e+00,-2.387791e-01,-1.138692e-01,-1.208100e+00,1.236724e+00,0,0.021520,0.309749,-0.352857,4.700166e-01
26.370000,DS,DS_interstep,3,,,,1.307532e+00,2.985004e+00,-2.621784e-01,-3.005863e-02,7.441469e-01,-1.444972e+00,-9.713925e-01,-3.209386e+00,7.985414e-01,3.446945e+00,0,0.021688,0.309436,-0.352223,4.693421e-01
26.380000,DS,DS_interstep,3,,,,-6.744976e-01,5.832476e-01,-3.680201e+00,-2.558432e-02,7.404575e-01,-1.424924e+00,8.946218e-01,-7.304630e-01,3.995344e+00,4.158930e+00,0,0.021890,0.309105,-0.351552,4.686298e-01
26.390000,DS,DS_interstep,3,,,,-1.815666e+00,1.595963e-01,-6.362371e+00,-1.591674e-02,7.393358e-01,-1.399853e+00,1.933322e+00,-2.169307e-01,5.000000e+00,5.365146e+00,1,0.022106,0.308773,-0.350874,4.679124e-01
26.400000,DS,DS_interstep,3,,,,-2.234969e+00,-1.001432e-01,-6.732221e+00,-4.482221e-03,7.397733e-01,-1.374784e+00,2.286800e+00,9.491768e-02,5.000000e+00,5.498951e+00,1,0.022325,0.308449,-0.350205,4.672074e-01
26.410000,DS,DS_interstep,3,,,,-2.179759e+00,7.673100e-02,-6.417554e+00,6.476778e-03,7.394521e-01,-1.349716e+00,2.191798e+00,-5.682482e-02,5.000000e+00,5.459598e+00,1,0.022539,0.308135,-0.349550,4.665194e-01
26.420000,DS,DS_interstep,3,,,,-1.896594e+00,1.355656e-01,-5.425669e+00,1.590559e-02,7.388742e-01,-1.324649e+00,1.885859e+00,-1.081789e-01,5.000000e+00,5.344920e+00,1,0.022746,0.307832,-0.348910,4.658499e-01
26.430000,DS,DS_interstep,3,,,,-1.524601e+00,2.117350e-01,-4.358591e+00,2.341581e-02,7.379032e-01,-1.302892e+00,1.502223e+00,-1.867957e-01,4.338087e+00,4.594624e+00,0,0.022942,0.307538,-0.348285,4.651972e-01
26.440000,DS,DS_interstep,3,,,,-1.158767e+00,1.992581e-01,-3.285429e+00,2.907404e-02,7.369572e-01,-1.286461e+00,1.131892e+00,-1.818260e-01,3.273389e+00,3.468330e+00,0,0.023129,0.307252,-0.347673,4.645592e-01
26.450000,DS,DS_interstep,3,,,,-8.839975e-01,8.679481e-02,-2.439462e+00,3.337904e-02,7.365226e-01,-1.274174e+00,8.613019e-01,-7.953572e-02,2.444554e+00,2.593070e+00,0,0.023308,0.306971,-0.347067,4.639288e-01
26.460000,DS,DS_interstep,3,,,,-6.991854e-01,-6.313800e-02,-1.834779e+00,3.679921e-02,7.367930e-01,-1.264829e+00,6.843726e-01,6.145167e-02,1.856330e+00,1.979420e+00,0,0.023480,0.306693,-0.346467,4.633047e-01
26.470000,DS,DS_interstep,3,,,,-5.146581e-01,-1.278384e-01,-1.281734e+00,3.930545e-02,7.373667e-01,-1.258216e+00,5.016157e-01,1.221036e-01,1.309838e+00,1.407907e+00,0,0.023646,0.306418,-0.345870,4.626848e-01
26.480000,DS,DS_interstep,3,,,,-3.011152e-01,-1.245387e-01,-6.747014e-01,4.072686e-02,7.379185e-01,-1.254643e+00,2.846699e-01,1.177456e-01,7.020508e-01,7.666657e-01,0,0.023804,0.306145,-0.345278,4.620696e-01
26.490000,DS,DS_interstep,3,,,,-7.382203e-02,-1.059182e-01,-2.695867e-02,4.098996e-02,7.383754e-01,-1.254325e+00,5.301295e-02,9.876226e-02,5.111306e-02,1.231946e-01,0,0.023954,0.305875,-0.344691,4.614599e-01
26.500000,DS,DS_interstep,3,,,,1.266710e-01,-1.122906e-01,5.592383e-01,4.024346e-02,7.388586e-01,-1.256945e+00,-1.489071e-01,1.040352e-01,-5.366628e-01,5.665718e-01,0,0.024096,0.305607,-0.344110,4.608557e-01
26.510000,DS,DS_interstep,3,,,,2.795198e-01,-1.449137e-01,1.017190e+00,3.873999e-02,7.394977e-01,-1.261855e+00,-3.003109e-01,1.352163e-01,-9.945213e-01,1.047637e+00,0,0.024231,0.305341,-0.343533,4.602556e-01
26.520000,DS,DS_interstep,3,,,,3.828278e-01,-1.915279e-01,1.333638e+00,3.673551e-02,7.403634e-01,-1.268342e+00,-4.005284e-01,1.805378e-01,-1.310011e+00,1.381718e+00,0,0.024360,0.305077,-0.342960,4.596596e-01
26.530000,DS,DS_interstep,3,,,,4.420708e-01,-2.402144e-01,1.518766e+00,3.445400e-02,7.414673e-01,-1.275747e+00,-4.559534e-01,2.281959e-01,-1.493720e+00,1.578343e+00,0,0.024483,0.304813,-0.342392,4.590672e-01
26.540000,DS,DS_interstep,3,,,,4.649103e-01,-2.819052e-01,1.589757e+00,3.207838e-02,7.427755e-01,-1.283498e+00,-4.747975e-01,2.690666e-01,-1.562986e+00,1.655522e+00,0,0.024602,0.304551,-0.341827,4.584782e-01
26.550000,DS,DS_interstep,3,,,,4.622690e-01,-3.088676e-01,1.573174e+00,2.973449e-02,7.442156e-01,-1.291157e+00,-4.684744e-01,2.954488e-01,-1.544736e+00,1.641026e+00,0,0.024718,0.304289,-0.341266,4.578922e-01
26.560000,DS,DS_interstep,3,,,,4.464413e-01,-3.212894e-01,1.510733e+00,2.748477e-02,7.457165e-01,-1.298498e+00,-4.496636e-01,3.076268e-01,-1.481131e+00,1.578157e+00,0,0.024831,0.304028,-0.340707,4.573083e-01
26.570000,DS,DS_interstep,3,,,,4.272835e-01,-3.184403e-01,1.431687e+00,2.534172e-02,7.472034e-01,-1.305441e+00,-4.283493e-01,3.048491e-01,-1.401610e+00,1.496973e+00,0,0.024942,0.303768,-0.340152,4.567280e-01
26.580000,DS,DS_interstep,3,,,,4.111988e-01,-3.034520e-01,1.357666e+00,2.328596e-02,7.486168e-01,-1.312014e+00,-4.109128e-01,2.901735e-01,-1.327781e+00,1.419878e+00,0,0.025050,0.303509,-0.339599,4.561499e-01
26.590000,DS,DS_interstep,3,,,,4.019817e-01,-2.797958e-01,1.300736e+00,2.127946e-02,7.499144e-01,-1.318307e+00,-4.010799e-01,2.670029e-01,-1.271632e+00,1.359854e+00,0,0.025157,0.303252,-0.339049,4.555753e-01
26.600000,DS,DS_interstep,3,,,,4.007569e-01,-2.513368e-01,1.266398e+00,1.927960e-02,7.510723e-01,-1.324433e+00,-3.997722e-01,2.390894e-01,-1.238443e+00,1.323149e+00,0,0.025261,0.302995,-0.338503,4.550037e-01
26.610000,DS,DS_interstep,3,,,,4.069905e-01,-2.203618e-01,1.254640e+00,1.724736e-02,7.520778e-01,-1.330506e+00,-4.062692e-01,2.086195e-01,-1.227997e+00,1.310173e+00,0,0.025364,0.302740,-0.337960,4.544357e-01
26.620000,DS,DS_interstep,3,,,,4.189240e-01,-1.886278e-01,1.262123e+00,1.515326e-02,7.529265e-01,-1.336623e+00,-4.186611e-01,1.772644e-01,-1.236753e+00,1.317671e+00,0,0.025464,0.302485,-0.337421,4.538706e-01
26.630000,DS,DS_interstep,3,,,,4.337878e-01,-1.573873e-01,1.282204e+00,1.298237e-02,7.536198e-01,-1.342846e+00,-4.340413e-01,1.461993e-01,-1.257867e+00,1.338654e+00,0,0.025562,0.302233,-0.336886,4.533105e-01
26.640000,DS,DS_interstep,3,,,,4.481935e-01,-1.277843e-01,1.306347e+00,1.073729e-02,7.541647e-01,-1.349191e+00,-4.489022e-01,1.165112e-01,-1.282619e+00,1.363891e+00,0,0.025658,0.301981,-0.336355,4.527533e-01
26.650000,DS,DS_interstep,3,,,,4.588661e-01,-1.006183e-01,1.325830e+00,8.437381e-03,7.545719e-01,-1.355635e+00,-4.598891e-01,8.898577e-02,-1.302184e+00,1.383871e+00,0,0.025752,0.301730,-0.335827,4.521990e-01
26.660000,DS,DS_interstep,3,,,,4.635005e-01,-7.624430e-02,1.334176e+00,6.113656e-03,7.548542e-01,-1.362117e+00,-4.646760e-01,6.402047e-02,-1.310097e+00,1.391537e+00,0,0.025844,0.301481,-0.335303,4.516490e-01
26.670000,DS,DS_interstep,3,,,,4.613581e-01,-5.445100e-02,1.328767e+00,3.800621e-03,7.550239e-01,-1.368568e+00,-4.625611e-01,4.149401e-02,-1.303878e+00,1.384118e+00,0,0.025934,0.301232,-0.334783,4.511019e-01
26.680000,DS,DS_interstep,3,,,,4.532560e-01,-3.462423e-02,1.311001e+00,1.528351e-03,7.550907e-01,-1.374925e+00,-4.544309e-01,2.089822e-02,-1.285119e+00,1.363259e+00,0,0.026021,0.300983,-0.334265,4.505563e-01
26.690000,DS,DS_interstep,3,,,,4.408050e-01,-1.611220e-02,1.284290e+00,-6.814161e-04,7.550612e-01,-1.381143e+00,-4.419527e-01,1.659754e-03,-1.257405e+00,1.332814e+00,0,0.026107,0.300735,-0.333750,4.500135e-01
26.700000,DS,DS_interstep,3,,,,4.258793e-01,1.469023e-03,1.253040e+00,-2.816501e-03,7.549407e-01,-1.387200e+00,-4.270379e-01,-1.655716e-02,-1.225259e+00,1.297650e+00,0,0.026190,0.300488,-0.333237,4.494729e-01
26.710000,DS,DS_interstep,3,,,,4.100460e-01,1.826920e-02,1.220871e+00,-4.872591e-03,7.547335e-01,-1.393093e+00,-4.112599e-01,-3.388938e-02,-1.192356e+00,1.261743e+00,0,0.026272,0.300240,-0.332727,4.489338e-01
26.720000,DS,DS_interstep,3,,,,3.943554e-01,3.413501e-02,1.190234e+00,-6.850560e-03,7.544448e-01,-1.398829e+00,-3.956557e-01,-5.019171e-02,-1.161149e+00,1.227734e+00,0,0.026351,0.299992,-0.332219,4.483961e-01
26.730000,DS,DS_interstep,3,,,,3.793615e-01,4.880986e-02,1.162290e+00,-8.753936e-03,7.540810e-01,-1.404422e+00,-3.807566e-01,-6.522415e-02,-1.132774e+00,1.196832e+00,0,0.026429,0.299744,-0.331712,4.478591e-01
26.740000,DS,DS_interstep,3,,,,3.652370e-01,6.200974e-02,1.137214e+00,-1.058700e-02,7.536497e-01,-1.409889e+00,-3.667120e-01,-7.871975e-02,-1.107377e+00,1.169170e+00,0,0.026504,0.299497,-0.331208,4.473250e-01
26.750000,DS,DS_interstep,3,,,,3.519119e-01,7.351629e-02,1.114510e+00,-1.235357e-02,7.531596e-01,-1.415240e+00,-3.534322e-01,-9.047397e-02,-1.084428e+00,1.144152e+00,0,0.026578,0.299249,-0.330705,4.467909e-01
26.760000,DS,DS_interstep,3,,,,3.391938e-01,8.319833e-02,1.093331e+00,-1.405645e-02,7.526202e-01,-1.420485e+00,-3.407115e-01,-1.003652e-01,-1.063058e+00,1.120826e+00,0,0.026650,0.299001,-0.330205,4.462591e-01
26.770000,DS,DS_interstep,3,,,,3.268590e-01,9.102563e-02,1.072731e+00,-1.569729e-02,7.520407e-01,-1.425625e+00,-3.283193e-01,-1.083689e-01,-1.042299e+00,1.098146e+00,0,0.026720,0.298752,-0.329706,4.457272e-01
26.780000,DS,DS_interstep,3,,,,3.147116e-01,9.705474e-02,1.051844e+00,-1.727674e-02,7.514304e-01,-1.430660e+00,-3.160589e-01,-1.145447e-01,-1.021274e+00,1.075181e+00,0,0.026788,0.298503,-0.329208,4.451961e-01
26.790000,DS,DS_interstep,3,,,,3.026154e-01,1.014127e-01,1.029989e+00,-1.879482e-02,7.507978e-01,-1.435585e+00,-3.037986e-01,-1.190210e-01,-9.992967e-01,1.051215e+00,0,0.026855,0.298255,-0.328712,4.446671e-01
26.800000,DS,DS_interstep,3,,,,2.905042e-01,1.042724e-01,1.006725e+00,-2.025123e-02,7.501504e-01,-1.440393e+00,-2.914802e-01,-1.219717e-01,-9.759218e-01,1.025798e+00,0,0.026920,0.298005,-0.328218,4.441382e-01
26.810000,DS,DS_interstep,3,,,,2.783754e-01,1.058308e-01,9.818493e-01,-2.164573e-02,7.494949e-01,-1.445075e+00,-2.791112e-01,-1.235945e-01,-9.509462e-01,9.987379e-01,0,0.026984,0.297756,-0.327725,4.436107e-01
26.820000,DS,DS_interstep,3,,,,2.662753e-01,1.062876e-01,9.553700e-01,-2.297834e-02,7.488370e-01,-1.449625e+00,-2.667488e-01,-1.240909e-01,-9.243773e-01,9.700654e-01,0,0.027046,0.297506,-0.327233,4.430832e-01
26.830000,DS,DS_interstep,3,,,,2.542802e-01,1.058309e-01,9.274562e-01,-2.424955e-02,7.481813e-01,-1.454034e+00,-2.544796e-01,-1.236510e-01,-8.963845e-01,9.399759e-01,0,0.027107,0.297256,-0.326743,4.425572e-01
26.840000,DS,DS_interstep,3,,,,2.424780e-01,1.046267e-01,8.983861e-01,-2.546030e-02,7.475317e-01,-1.458297e+00,-2.424007e-01,-1.224439e-01,-8.672454e-01,9.087713e-01,0,0.027167,0.297006,-0.326254,4.420320e-01
26.850000,DS,DS_interstep,3,,,,2.309540e-01,1.028151e-01,8.684965e-01,-2.661201e-02,7.468913e-01,-1.462411e+00,-2.306048e-01,-1.206130e-01,-8.372957e-01,8.768068e-01,0,0.027225,0.296755,-0.325767,4.415075e-01
26.860000,DS,DS_interstep,3,,,,2.197807e-01,1.005099e-01,8.381419e-01,-2.770650e-02,7.462626e-01,-1.466372e+00,-2.191703e-01,-1.182756e-01,-8.068883e-01,8.444486e-01,0,0.027283,0.296505,-0.325280,4.409837e-01
26.870000,DS,DS_interstep,3,,,,2.090129e-01,9.780226e-02,8.076638e-01,-2.874586e-02,7.456477e-01,-1.470180e+00,-2.081561e-01,-1.155262e-01,-7.763626e-01,8.120432e-01,0,0.027339,0.296254,-0.324795,4.404607e-01
26.880000,DS,DS_interstep,3,,,,1.986863e-01,9.476393e-02,7.773707e-01,-2.973239e-02,7.450482e-01,-1.473837e+00,-1.976004e-01,-1.124398e-01,-7.460253e-01,7.798990e-01,0,0.027395,0.296002,-0.324311,4.399378e-01
26.890000,DS,DS_interstep,3,,,,1.888188e-01,9.145247e-02,7.475277e-01,-3.066849e-02,7.444656e-01,-1.477344e+00,-1.875224e-01,-1.090766e-01,-7.161392e-01,7.482765e-01,0,0.027450,0.295751,-0.323829,4.394171e-01
26.900000,DS,DS_interstep,3,,,,1.794136e-01,8.791497e-02,7.183516e-01,-3.155655e-02,7.439009e-01,-1.480704e+00,-1.779258e-01,-1.054862e-01,-6.869198e-01,7.173867e-01,0,0.027504,0.295499,-0.323347,4.388957e-01
26.910000,DS,DS_interstep,3,,,,1.704624e-01,8.419134e-02,6.900123e-01,-3.239896e-02,7.433552e-01,-1.483923e+00,-1.688021e-01,-1.017101e-01,-6.585355e-01,6.873922e-01,0,0.027557,0.295248,-0.322867,4.383764e-01
26.920000,DS,DS_interstep,3,,,,1.619492e-01,8.031656e-02,6.626357e-01,-3.319799e-02,7.428291e-01,-1.487004e+00,-1.601346e-01,-9.778477e-02,-6.311111e-01,6.584119e-01,0,0.027610,0.294996,-0.322387,4.378565e-01
26.930000,DS,DS_interstep,3,,,,1.538534e-01,7.632221e-02,6.363089e-01,-3.395581e-02,7.423233e-01,-1.489954e+00,-1.519015e-01,-9.374266e-02,-6.047333e-01,6.305269e-01,0,0.027662,0.294744,-0.321909,4.373381e-01
26.940000,DS,DS_interstep,3,,,,1.461522e-01,7.223720e-02,6.110854e-01,-3.467448e-02,7.418381e-01,-1.492776e+00,-1.440786e-01,-8.961332e-02,-5.794552e-01,6.037860e-01,0,0.027713,0.294491,-0.321431,4.368190e-01
26.950000,DS,DS_interstep,3,,,,1.388221e-01,6.808823e-02,5.869907e-01,-3.535593e-02,7.413739e-01,-1.495478e+00,-1.366412e-01,-8.542370e-02,-5.553024e-01,5.782117e-01,0,0.027764,0.294239,-0.320955,4.363021e-01
26.960000,DS,DS_interstep,3,,,,1.318406e-01,6.389980e-02,5.640267e-01,-3.600197e-02,7.409309e-01,-1.498065e+00,-1.295653e-01,-8.119838e-02,-5.322770e-01,5.538043e-01,0,0.027814,0.293987,-0.320479,4.357852e-01
26.970000,DS,DS_interstep,3,,,,1.251865e-01,5.969419e-02,5.421763e-01,-3.661429e-02,7.405090e-01,-1.500541e+00,-1.228281e-01,-7.695948e-02,-5.103626e-01,5.305464e-01,0,0.027864,0.293734,-0.320005,4.352692e-01
26.980000,DS,DS_interstep,3,,,,1.188403e-01,5.549134e-02,5.214072e-01,-3.719448e-02,7.401084e-01,-1.502914e+00,-1.164087e-01,-7.272668e-02,-4.895272e-01,5.084064e-01,0,0.027913,0.293482,-0.319531,4.347538e-01
26.990000,DS,DS_interstep,3,,,,1.127841e-01,5.130885e-02,5.016750e-01,-3.774404e-02,7.397288e-01,-1.505187e+00,-1.102876e-01,-6.851721e-02,-4.697270e-01,4.873412e-01,0,0.027962,0.293229,-0.319058,4.342386e-01
27.000000,DS,DS_interstep,3,,,,1.070015e-01,4.716193e-02,4.829259e-01,-3.826438e-02,7.393701e-01,-1.507367e+00,-1.044473e-01,-6.434585e-02,-4.509091e-01,4.672993e-01,0,0.028010,0.292977,-0.318586,4.337247e-01
27.010000,DS,DS_interstep,3,,,,1.014777e-01,4.306354e-02,4.650999e-01,-3.875681e-02,7.390320e-01,-1.509456e+00,-9.887167e-02,-6.022513e-02,-4.330139e-01,4.482228e-01,0,0.028058,0.292724,-0.318115,4.332110e-01
27.020000,DS,DS_interstep,3,,,,9.619891e-02,3.902460e-02,4.481324e-01,-3.922258e-02,7.387142e-01,-1.511461e+00,-9.354564e-02,-5.616546e-02,-4.159777e-01,4.300498e-01,0,0.028105,0.292471,-0.317645,4.326980e-01
27.030000,DS,DS_interstep,3,,,,9.115226e-02,3.505414e-02,4.319570e-01,-3.966288e-02,7.384164e-01,-1.513384e+00,-8.845541e-02,-5.217548e-02,-3.997345e-01,4.127158e-01,0,0.028152,0.292218,-0.317175,4.321850e-01
27.040000,DS,DS_interstep,3,,,,8.632582e-02,3.115969e-02,4.165070e-01,-4.007883e-02,7.381382e-01,-1.515229e+00,-8.358810e-02,-4.826225e-02,-3.842181e-01,3.961562e-01,0,0.028199,0.291966,-0.316706,4.316735e-01
27.050000,DS,DS_interstep,3,,,,8.170841e-02,2.734748e-02,4.017174e-01,-4.047147e-02,7.378792e-01,-1.517000e+00,-7.893174e-02,-4.443165e-02,-3.693639e-01,3.803079e-01,0,0.028245,0.291713,-0.316238,4.311621e-01
27.060000,DS,DS_interstep,3,,,,7.728958e-02,2.362275e-02,3.875263e-01,-4.084181e-02,7.376388e-01,-1.518700e+00,-7.447520e-02,-4.068859e-02,-3.551103e-01,3.651102e-01,0,0.028291,0.291460,-0.315770,4.306507e-01
27.070000,DS,DS_interstep,3,,,,7.305958e-02,1.999005e-02,3.738762e-01,-4.119080e-02,7.374168e-01,-1.520331e+00,-7.020820e-02,-3.703733e-02,-3.414001e-01,3.505068e-01,0,0.028337,0.291207,-0.315303,4.301401e-01
27.080000,DS,DS_interstep,3,,,,6.900939e-02,1.645341e-02,3.607150e-01,-4.151933e-02,7.372125e-01,-1.521896e+00,-6.612129e-02,-3.348169e-02,-3.281814e-01,3.364463e-01,0,0.028382,0.290954,-0.314837,4.296302e-01
27.090000,DS,DS_interstep,3,,,,6.513072e-02,1.301656e-02,3.479965e-01,-4.182828e-02,7.370255e-01,-1.523396e+00,-6.220587e-02,-3.002521e-02,-3.154082e-01,3.228830e-01,0,0.028427,0.290701,-0.314371,4.291204e-01
27.100000,DS,DS_interstep,3,,,,6.141601e-02,9.683029e-03,3.356812e-01,-4.211845e-02,7.368553e-01,-1.524835e+00,-5.845417e-02,-2.667134e-02,-3.030410e-01,3.097775e-01,0,0.028472,0.290448,-0.313906,4.286113e-01
27.110000,DS,DS_interstep,3,,,,5.785839e-02,6.456297e-03,3.237361e-01,-4.239063e-02,7.367013e-01,-1.526214e+00,-5.485919e-02,-2.342349e-02,-2.910469e-01,2.970968e-01,0,0.028517,0.290196,-0.313441,4.281030e-01
27.120000,DS,DS_interstep,3,,,,5.445168e-02,3.339798e-03,3.121345e-01,-4.264557e-02,7.365631e-01,-1.527535e+00,-5.141473e-02,-2.028509e-02,-2.793991e-01,2.848137e-01,0,0.028561,0.289943,-0.312977,4.275948e-01
27.130000,DS,DS_interstep,3,,,,5.119031e-02,3.369668e-04,3.008561e-01,-4.288401e-02,7.364400e-01,-1.528799e+00,-4.811525e-02,-1.725961e-02,-2.680773e-01,2.729073e-01,0,0.028605,0.289690,-0.312513,4.270865e-01
27.140000,DS,DS_interstep,3,,,,4.806928e-02,-2.548776e-03,2.898860e-01,-4.310664e-02,7.363314e-01,-1.530008e+00,-4.495582e-02,-1.435055e-02,-2.570663e-01,2.613619e-01,0,0.028649,0.289437,-0.312050,4.265791e-01
27.150000,DS,DS_interstep,3,,,,4.508407e-02,-5.314050e-03,2.792140e-01,-4.331413e-02,7.362368e-01,-1.531163e+00,-4.193206e-02,-1.156141e-02,-2.463561e-01,2.501665e-01,0,0.028692,0.289184,-0.311587,4.260717e-01
27.160000,DS,DS_interstep,3,,,,4.223057e-02,-7.955559e-03,2.688343e-01,-4.350716e-02,7.361555e-01,-1.532266e+00,-3.904002e-02,-8.895623e-03,-2.359405e-01,2.393140e-01,0,0.028735,0.288931,-0.311125,4.255650e-01
27.170000,DS,DS_interstep,3,,,,3.950499e-02,-1.047015e-02,2.587444e-01,-4.368636e-02,7.360869e-01,-1.533319e+00,-3.627607e-02,-6.356500e-03,-2.258170e-01,2.288005e-01,0,0.028778,0.288679,-0.310663,4.250591e-01
27.180000,DS,DS_interstep,3,,,,3.690378e-02,-1.285486e-02,2.489441e-01,-4.385235e-02,7.360304e-01,-1.534322e+00,-3.363686e-02,-3.947173e-03,-2.159851e-01,2.186243e-01,0,0.028821,0.288426,-0.310202,4.245533e-01
27.190000,DS,DS_interstep,3,,,,3.442357e-02,-1.510701e-02,2.394351e-01,-4.400575e-02,7.359852e-01,-1.535277e+00,-3.111921e-02,-1.670517e-03,-2.064465e-01,2.087854e-01,0,0.028864,0.288173,-0.309741,4.240475e-01
27.200000,DS,DS_interstep,3,,,,3.206113e-02,-1.722422e-02,2.302200e-01,-4.414715e-02,7.359508e-01,-1.536187e+00,-2.872007e-02,4.709159e-04,-1.972036e-01,1.992845e-01,0,0.028907,0.287921,-0.309280,4.235425e-01
27.210000,DS,DS_interstep,3,,,,2.981326e-02,-1.920451e-02,2.213020e-01,-4.427712e-02,7.359263e-01,-1.537051e+00,-2.643641e-02,2.474959e-03,-1.882592e-01,1.901224e-01,0,0.028949,0.287668,-0.308820,4.230375e-01
27.220000,DS,DS_interstep,3,,,,2.767681e-02,-2.104632e-02,2.126838e-01,-4.439623e-02,7.359112e-01,-1.537872e+00,-2.426523e-02,4.339888e-03,-1.796159e-01,1.812995e-01,0,0.028992,0.287416,-0.308360,4.225333e-01
27.230000,DS,DS_interstep,3,,,,2.564864e-02,-2.274859e-02,2.043675e-01,-4.450502e-02,7.359048e-01,-1.538652e+00,-2.220354e-02,6.064466e-03,-1.712759e-01,1.728155e-01,0,0.029034,0.287163,-0.307901,4.220291e-01
27.240000,DS,DS_interstep,3,,,,2.372558e-02,-2.431074e-02,1.963543e-01,-4.460403e-02,7.359062e-01,-1.539391e+00,-2.024826e-02,7.647989e-03,-1.632399e-01,1.646686e-01,0,0.029076,0.286911,-0.307442,4.215257e-01
27.250000,DS,DS_interstep,3,,,,2.190442e-02,-2.573276e-02,1.886440e-01,-4.469378e-02,7.359149e-01,-1.540092e+00,-1.839629e-02,9.090313e-03,-1.555078e-01,1.568558e-01,0,0.029118,0.286659,-0.306983,4.210223e-01
27.260000,DS,DS_interstep,3,,,,2.018195e-02,-2.701519e-02,1.812350e-01,-4.477477e-02,7.359300e-01,-1.540755e+00,-1.664450e-02,1.039187e-02,-1.480777e-01,1.493721e-01,0,0.029160,0.286407,-0.306525,4.205197e-01
27.270000,DS,DS_interstep,3,,,,1.855492e-02,-2.815915e-02,1.741242e-01,-4.484747e-02,7.359510e-01,-1.541383e+00,-1.498967e-02,1.155369e-02,-1.409465e-01,1.422114e-01,0,0.029201,0.286155,-0.306067,4.200171e-01
27.280000,DS,DS_interstep,3,,,,1.702008e-02,-2.916631e-02,1.673067e-01,-4.491237e-02,7.359771e-01,-1.541976e+00,-1.342858e-02,1.257739e-02,-1.341092e-01,1.353654e-01,0,0.029243,0.285903,-0.305609,4.195146e-01
27.290000,DS,DS_interstep,3,,,,1.557416e-02,-3.003891e-02,1.607764e-01,-4.496991e-02,7.360076e-01,-1.542537e+00,-1.195797e-02,1.346516e-02,-1.275597e-01,1.288246e-01,0,0.029285,0.285651,-0.305151,4.190122e-01
27.300000,DS,DS_interstep,3,,,,1.421390e-02,-3.077972e-02,1.545257e-01,-4.502054e-02,7.360419e-01,-1.543066e+00,-1.057458e-02,1.421975e-02,-1.212901e-01,1.225778e-01,0,0.029326,0.285399,-0.304694,4.185105e-01
27.310000,DS,DS_interstep,3,,,,1.293608e-02,-3.139204e-02,1.485457e-01,-4.506466e-02,7.360793e-01,-1.543565e+00,-9.275160e-03,1.484445e-02,-1.152917e-01,1.166129e-01,0,0.029368,0.285148,-0.304238,4.180103e-01
27.320000,DS,DS_interstep,3,,,,1.173751e-02,-3.187962e-02,1.428265e-01,-4.510269e-02,7.361192e-01,-1.544036e+00,-8.056472e-03,1.534302e-02,-1.095544e-01,1.109166e-01,0,0.029409,0.284896,-0.303781,4.175087e-01
27.330000,DS,DS_interstep,3,,,,1.061503e-02,-3.224666e-02,1.373573e-01,-4.513501e-02,7.361610e-01,-1.544479e+00,-6.915331e-03,1.571970e-02,-1.040674e-01,1.054749e-01,0,0.029450,0.284645,-0.303325,4.170086e-01
27.340000,DS,DS_interstep,3,,,,9.565578e-03,-3.249774e-02,1.321266e-01,-4.516199e-02,7.362041e-01,-1.544896e+00,-5.848600e-03,1.597910e-02,-9.881927e-02,1.002736e-01,0,0.029492,0.284393,-0.302869,4.165078e-01
27.350000,DS,DS_interstep,3,,,,8.586138e-03,-3.263778e-02,1.271225e-01,-4.518400e-02,7.362479e-01,-1.545288e+00,-4.853211e-03,1.612621e-02,-9.379805e-02,9.529786e-02,0,0.029533,0.284142,-0.302413,4.160078e-01
27.360000,DS,DS_interstep,3,,,,7.673783e-03,-3.267199e-02,1.223328e-01,-4.520137e-02,7.362919e-01,-1.545655e+00,-3.926171e-03,1.616628e-02,-8.899158e-02,9.053322e-02,0,0.029574,0.283891,-0.301958,4.155085e-01
27.370000,DS,DS_interstep,3,,,,6.825674e-03,-3.260579e-02,1.177454e-01,-4.521443e-02,7.363357e-01,-1.546000e+00,-3.064573e-03,1.610481e-02,-8.438767e-02,8.596531e-02,0,0.029615,0.283640,-0.301503,4.150093e-01
27.380000,DS,DS_interstep,3,,,,6.039062e-03,-3.244479e-02,1.133481e-01,-4.522350e-02,7.363786e-01,-1.546323e+00,-2.265602e-03,1.594748e-02,-7.997426e-02,8.158025e-02,0,0.029657,0.283389,-0.301048,4.145103e-01
27.390000,DS,DS_interstep,3,,,,5.311293e-03,-3.219471e-02,1.091292e-01,-4.522887e-02,7.364203e-01,-1.546624e+00,-1.526537e-03,1.570010e-02,-7.573957e-02,7.736476e-02,0,0.029698,0.283138,-0.300593,4.140112e-01
27.400000,DS,DS_interstep,3,,,,4.639808e-03,-3.186134e-02,1.050774e-01,-4.523083e-02,7.364603e-01,-1.546905e+00,-8.447552e-04,1.536851e-02,-7.167229e-02,7.330636e-02,0,0.029739,0.282887,-0.300138,4.135121e-01
27.410000,DS,DS_interstep,3,,,,4.022143e-03,-3.145047e-02,1.011818e-01,-4.522966e-02,7.364982e-01,-1.547166e+00,-2.177330e-04,1.495862e-02,-6.776165e-02,6.939344e-02,0,0.029780,0.282636,-0.299684,4.130139e-01
27.420000,DS,DS_interstep,3,,,,3.455927e-03,-3.096788e-02,9.743226e-02,-4.522561e-02,7.365338e-01,-1.547409e+00,3.569582e-04,1.447625e-02,-6.399752e-02,6.561533e-02,0,0.029821,0.282386,-0.299230,4.125163e-01
27.430000,DS,DS_interstep,3,,,,2.938878e-03,-3.041926e-02,9.381945e-02,-4.521894e-02,7.365666e-01,-1.547633e+00,8.816531e-04,1.392718e-02,-6.037051e-02,6.196243e-02,0,0.029862,0.282135,-0.298776,4.120182e-01
27.440000,DS,DS_interstep,3,,,,2.468797e-03,-2.981020e-02,9.033468e-02,-4.520989e-02,7.365964e-01,-1.547840e+00,1.358597e-03,1.331707e-02,-5.687198e-02,5.842613e-02,0,0.029903,0.281885,-0.298323,4.115215e-01
27.450000,DS,DS_interstep,3,,,,2.043567e-03,-2.914614e-02,8.697007e-02,-4.519868e-02,7.366228e-01,-1.548030e+00,1.789950e-03,1.265143e-02,-5.349406e-02,5.499888e-02,0,0.029944,0.281635,-0.297869,4.110242e-01
27.460000,DS,DS_interstep,3,,,,1.661144e-03,-2.843234e-02,8.371855e-02,-4.518553e-02,7.366456e-01,-1.548204e+00,2.177796e-03,1.193557e-02,-5.022969e-02,5.167419e-02,0,0.029985,0.281385,-0.297416,4.105276e-01
27.470000,DS,DS_interstep,3,,,,1.319551e-03,-2.767389e-02,8.057382e-02,-4.517065e-02,7.366647e-01,-1.548362e+00,2.524145e-03,1.117463e-02,-4.707257e-02,4.844657e-02,0,0.030026,0.281134,-0.296963,4.100304e-01
27.480000,DS,DS_interstep,3,,,,1.016874e-03,-2.687563e-02,7.753032e-02,-4.515424e-02,7.366797e-01,-1.548505e+00,2.830940e-03,1.037352e-02,-4.401714e-02,4.531151e-02,0,0.030066,0.280884,-0.296510,4.095338e-01
27.490000,DS,DS_interstep,3,,,,7.512543e-04,-2.604221e-02,7.458319e-02,-4.513648e-02,7.366906e-01,-1.548633e+00,3.100067e-03,9.536912e-03,-4.105854e-02,4.226543e-02,0,0.030107,0.280634,-0.296058,4.090382e-01
27.500000,DS,DS_interstep,3,,,,5.208836e-04,-2.517801e-02,7.172821e-02,-4.511756e-02,7.366971e-01,-1.548746e+00,3.333358e-03,8.669245e-03,-3.819256e-02,3.930571e-02,0,0.030148,0.280385,-0.295605,4.085425e-01
27.510000,DS,DS_interstep,3,,,,3.239978e-04,-2.428720e-02,6.896176e-02,-4.509764e-02,7.366991e-01,-1.548846e+00,3.532597e-03,7.774706e-03,-3.541555e-02,3.643057e-02,0,0.030189,0.280135,-0.295153,4.080469e-01
27.520000,DS,DS_interstep,3,,,,1.588727e-04,-2.337369e-02,6.628072e-02,-4.507689e-02,7.366966e-01,-1.548932e+00,3.699526e-03,6.857239e-03,-3.272439e-02,3.363917e-02,0,0.030230,0.279885,-0.294701,4.075514e-01
27.530000,DS,DS_interstep,3,,,,2.381998e-05,-2.244116e-02,6.368243e-02,-4.505545e-02,7.366893e-01,-1.549005e+00,3.835851e-03,5.920540e-03,-3.011640e-02,3.093160e-02,0,0.030271,0.279636,-0.294249,4.070566e-01
27.540000,DS,DS_interstep,3,,,,-8.281656e-05,-2.149303e-02,6.116459e-02,-4.503349e-02,7.366773e-01,-1.549066e+00,3.943244e-03,4.968067e-03,-2.758927e-02,2.830899e-02,0,0.030312,0.279386,-0.293797,4.065612e-01
27.550000,DS,DS_interstep,3,,,,-1.626636e-04,-2.053252e-02,5.872523e-02,-4.501112e-02,7.366605e-01,-1.549114e+00,4.023346e-03,4.003048e-03,-2.514100e-02,2.577366e-02,0,0.030352,0.279137,-0.293346,4.060672e-01
27.560000,DS,DS_interstep,3,,,,-2.173203e-04,-1.956263e-02,5.636259e-02,-4.498848e-02,7.366388e-01,-1.549150e+00,4.077772e-03,3.028484e-03,-2.276982e-02,2.332948e-02,0,0.030393,0.278887,-0.292894,4.055719e-01
27.570000,DS,DS_interstep,3,,,,-2.483598e-04,-1.858612e-02,5.407511e-02,-4.496569e-02,7.366122e-01,-1.549175e+00,4.108110e-03,2.047168e-03,-2.047416e-02,2.098234e-02,0,0.030434,0.278638,-0.292443,4.050781e-01
27.580000,DS,DS_interstep,3,,,,-2.573293e-04,-1.760559e-02,5.186136e-02,-4.494286e-02,7.365807e-01,-1.549189e+00,4.115922e-03,1.061691e-03,-1.825255e-02,1.874096e-02,0,0.030475,0.278389,-0.291992,4.045843e-01
27.590000,DS,DS_interstep,3,,,,-2.457507e-04,-1.662343e-02,4.971996e-02,-4.492010e-02,7.365442e-01,-1.549192e+00,4.102747e-03,7.445867e-05,-1.610361e-02,1.661819e-02,0,0.030515,0.278140,-0.291541,4.040906e-01
27.600000,DS,DS_interstep,3,,,,-2.151191e-04,-1.564186e-02,4.764959e-02,-4.489751e-02,7.365029e-01,-1.549185e+00,4.070096e-03,-9.123009e-04,-1.402597e-02,1.463304e-02,0,0.030556,0.277891,-0.291090,4.035969e-01
27.610000,DS,DS_interstep,3,,,,-1.669026e-04,-1.466294e-02,4.564891e-02,-4.487516e-02,7.364565e-01,-1.549167e+00,4.019456e-03,-1.896520e-03,-1.201829e-02,1.281375e-02,0,0.030597,0.277642,-0.290640,4.031040e-01
27.620000,SS,SS,4,7.473394e-01,-1.447238e+00,5.463168e+00,,,,-5.702605e-02,7.229493e-01,-1.600768e+00,-5.969207e-01,4.409523e-01,-2.713912e+00,2.813551e+00,0,0.030945,0.275139,-0.286258,3.982496e-01
27.720000,SS,SS,4,8.441359e-01,-1.549793e+00,5.742077e+00,,,,-8.650929e-02,7.409068e-01,-1.735123e+00,-7.126524e-01,7.525679e-01,-3.809223e+00,3.947710e+00,0,0.030985,0.272733,-0.282384,3.938072e-01
27.820000,SS,SS,4,8.595018e-01,-1.529220e+00,6.134942e+00,,,,-1.234122e-01,7.784779e-01,-1.928567e+00,-8.829921e-01,1.175982e+00,-5.000000e+00,5.211776e+00,1,0.030631,0.270496,-0.279240,3.899761e-01
27.920000,SS,SS,4,8.196081e-01,-1.504470e+00,6.270230e+00,,,,-1.689300e-01,8.372151e-01,-2.146467e+00,-1.040393e+00,1.580713e+00,-5.000000e+00,5.346127e+00,1,0.029798,0.268507,-0.277071,3.869784e-01
28.020000,SS,SS,4,7.139764e-01,-1.441609e+00,6.245777e+00,,,,-2.208301e-01,9.147388e-01,-2.366747e+00,-1.132827e+00,1.920870e+00,-5.000000e+00,5.474764e+00,1,0.028422,0.266836,-0.276162,3.850646e-01
28.120000,SS,SS,4,5.466719e-01,-1.354839e+00,6.056429e+00,,,,-2.766713e-01,1.008970e+00,-2.590002e+00,-1.176167e+00,2.225317e+00,-5.000000e+00,5.597804e+00,1,0.026472,0.265542,-0.276737,3.844433e-01
28.220000,SS,SS,4,3.264716e-01,-1.241047e+00,5.705667e+00,,,,-3.344927e-01,1.118136e+00,-2.816632e+00,-1.176214e+00,2.487815e+00,-5.000000e+00,5.707250e+00,1,0.023941,0.264675,-0.278935,3.852671e-01
28.320000,SS,SS,4,5.664346e-02,-1.104100e+00,5.212226e+00,,,,-3.923551e-01,1.240187e+00,-3.046864e+00,-1.134732e+00,2.704056e+00,-5.000000e+00,5.796511e+00,1,0.020843,0.264279,-0.282819,3.876395e-01
28.420000,SS,SS,4,-2.547361e-01,-9.372194e-01,4.596425e+00,,,,-4.499830e-01,1.370162e+00,-3.280748e+00,-1.124394e+00,2.776244e+00,-5.000000e+00,5.828533e+00,1,0.017207,0.264383,-0.288352,3.915882e-01
28.520000,SS,SS,4,-6.124203e-01,-6.913324e-01,3.983466e+00,,,,-5.076554e-01,1.503812e+00,-3.518041e+00,-1.071861e+00,2.780278e+00,-5.000000e+00,5.820553e+00,1,0.013060,0.265000,-0.295372,3.970393e-01
28.620000,SS,SS,4,-1.017519e+00,-3.313145e-01,3.470905e+00,,,,-5.618434e-01,1.636912e+00,-3.758296e+00,-9.462445e-01,2.705146e+00,-5.000000e+00,5.763089e+00,1,0.008449,0.266123,-0.303641,4.038449e-01
28.720000,SS,SS,4,-1.443741e+00,1.236611e-01,3.021819e+00,,,,-6.101867e-01,1.766439e+00,-3.993712e+00,-7.849036e-01,2.579795e+00,-4.431167e+00,5.187163e+00,0,0.003452,0.267736,-0.312862,4.117974e-01
28.820000,SS,SS,4,-1.870738e+00,6.521327e-01,2.631013e+00,,,,-6.510045e-01,1.889888e+00,-4.193522e+00,-5.884584e-01,2.406563e+00,-3.328292e+00,4.149139e+00,0,-0.001837,0.269808,-0.322759,4.206817e-01
28.920000,SS,SS,4,-2.277374e+00,1.235110e+00,2.287741e+00,,,,-6.824071e-01,2.004677e+00,-4.342613e+00,-3.567426e-01,2.180348e+00,-2.181416e+00,3.104796e+00,0,-0.007306,0.272298,-0.333126,4.303168e-01
29.020000,SS,SS,4,-2.642712e+00,1.833888e+00,1.968415e+00,,,,-7.031684e-01,2.108068e+00,-4.439448e+00,-1.125023e-01,1.899056e+00,-1.031543e+00,2.164059e+00,0,-0.012833,0.275155,-0.343764,4.405095e-01
29.120000,SS,SS,4,-2.947253e+00,2.424567e+00,1.658135e+00,,,,-7.130086e-01,2.196826e+00,-4.484106e+00,1.183081e-01,1.550441e+00,5.960200e-02,1.556090e+00,0,-0.018294,0.278316,-0.354474,4.510502e-01
29.220000,SS,SS,4,-3.182298e+00,2.972559e+00,1.349030e+00,,,,-7.134103e-01,2.267957e+00,-4.480108e+00,3.637578e-01,1.114114e+00,1.285345e+00,1.739449e+00,0,-0.023579,0.281711,-0.365074,4.617316e-01
29.320000,SS,SS,4,-3.342216e+00,3.471219e+00,1.065362e+00,,,,-6.997318e-01,2.314593e+00,-4.414674e+00,5.796086e-01,6.131234e-01,2.261948e+00,2.414182e+00,0,-0.028551,0.285246,-0.375350,4.723008e-01
29.420000,SS,SS,4,-3.373483e+00,3.876269e+00,8.096382e-01,,,,-6.810701e-01,2.337683e+00,-4.313528e+00,6.948125e-01,6.036103e-02,3.123598e+00,3.200511e+00,0,-0.033128,0.288826,-0.385147,4.825517e-01
29.520000,SS,SS,4,-3.363057e+00,4.186597e+00,5.294658e-01,,,,-6.538193e-01,2.330586e+00,-4.163802e+00,8.592592e-01,-5.870604e-01,4.082499e+00,4.213047e+00,0,-0.037239,0.292345,-0.394307,4.922706e-01
29.620000,SS,SS,4,-3.247382e+00,4.379510e+00,3.194338e-01,,,,-6.199198e-01,2.291833e+00,-3.972653e+00,9.589441e-01,-1.243653e+00,4.838751e+00,5.087215e+00,0,-0.040807,0.295685,-0.402673,5.012388e-01
29.720000,SS,SS,4,-3.104079e+00,4.483097e+00,-1.942310e-01,,,,-5.808797e-01,2.219917e+00,-3.763510e+00,1.036378e+00,-1.926034e+00,5.000000e+00,5.457443e+00,1,-0.043782,0.298727,-0.410086,5.092398e-01
29.820000,SS,SS,4,-2.927406e+00,4.466714e+00,-8.881901e-01,,,,-5.376817e-01,2.115060e+00,-3.552148e+00,1.086310e+00,-2.583410e+00,5.000000e+00,5.731848e+00,1,-0.046132,0.301355,-0.416345,5.160292e-01
29.920000,SS,SS,4,-2.678080e+00,4.300637e+00,-1.487157e+00,,,,-4.919250e-01,1.980054e+00,-3.338104e+00,1.098602e+00,-3.154897e+00,5.000000e+00,6.013344e+00,1,-0.047839,0.303463,-0.421270,5.213893e-01
30.020000,SS,SS,4,-2.369040e+00,3.988784e+00,-1.984243e+00,,,,-4.450089e-01,1.819881e+00,-3.121045e+00,1.083442e+00,-3.594549e+00,5.000000e+00,6.252570e+00,1,-0.048904,0.304959,-0.424746,5.251674e-01
30.120000,SS,SS,4,-2.018794e+00,3.521693e+00,-2.388234e+00,,,,-3.980648e-01,1.642038e+00,-2.900794e+00,1.039228e+00,-3.844363e+00,5.000000e+00,6.392114e+00,1,-0.049345,0.305781,-0.426734,5.272939e-01
30.220000,SS,SS,4,-1.641514e+00,2.922275e+00,-2.709615e+00,,,,-3.533833e-01,1.457186e+00,-2.677348e+00,9.370473e-01,-3.846790e+00,5.000000e+00,6.377762e+00,1,-0.049197,0.305900,-0.427254,5.277700e-01
30.320000,SS,SS,4,-1.269185e+00,2.275973e+00,-2.861017e+00,,,,-3.129312e-01,1.277337e+00,-2.450796e+00,8.066620e-01,-3.588624e+00,5.000000e+00,6.207167e+00,1,-0.048522,0.305334,-0.426397,5.266855e-01
30.420000,SS,SS,4,-9.180128e-01,1.628883e+00,-2.844262e+00,,,,-2.778782e-01,1.115673e+00,-2.223242e+00,6.547092e-01,-3.057104e+00,4.740532e+00,5.678659e+00,0,-0.047398,0.304145,-0.424388,5.242670e-01
30.520000,SS,SS,4,-6.065573e-01,1.002570e+00,-2.752546e+00,,,,-2.494834e-01,9.856792e-01,-2.031445e+00,4.810887e-01,-2.253089e+00,3.244645e+00,3.979394e+00,0,-0.045919,0.302444,-0.421553,5.208530e-01
30.620000,SS,SS,4,-3.504467e-01,4.275015e-01,-2.658685e+00,,,,-2.292862e-01,9.014190e-01,-1.914456e+00,2.992777e-01,-1.227543e+00,1.824799e+00,2.219532e+00,0,-0.044204,0.300394,-0.418207,5.168052e-01
30.720000,SS,SS,4,-1.714609e-01,-2.578771e-02,-2.576746e+00,,,,-2.102723e-01,8.526867e-01,-1.822516e+00,3.506416e-01,-7.367858e-01,1.736392e+00,1.918557e+00,0,-0.042337,0.298162,-0.414539,5.123823e-01
30.820000,SS,SS,4,-4.205229e-02,-3.088520e-01,-2.413787e+00,,,,-1.910411e-01,8.192933e-01,-1.739276e+00,3.024832e-01,-5.003228e-01,1.471762e+00,1.583636e+00,0,-0.040322,0.295830,-0.410584,5.076618e-01
30.920000,SS,SS,4,4.314378e-02,-5.272479e-01,-2.313430e+00,,,,-1.747303e-01,7.927207e-01,-1.668558e+00,2.334289e-01,-3.903832e-01,1.212878e+00,1.295361e+00,0,-0.038192,0.293436,-0.406386,5.027056e-01
31.030000,DS,DS_interstep,4,,,,7.549916e-01,1.398091e+00,-1.505544e+00,-1.784035e-01,7.856289e-01,-1.660809e+00,-7.363221e-01,-1.410470e+00,1.533522e+00,2.209816e+00,0,-0.037945,0.293216,-0.405850,5.021252e-01
31.040000,DS,DS_interstep,4,,,,4.079137e+00,1.598697e+01,-1.408599e+01,-1.977218e-01,7.605911e-01,-1.635729e+00,-3.865513e+00,-5.000000e+00,5.000000e+00,8.058672e+00,1,-0.037662,0.292925,-0.405110,5.013358e-01
31.050000,DS,DS_interstep,4,,,,3.219893e-01,1.316542e+01,-2.726597e+01,-1.986657e-01,7.355543e-01,-1.610648e+00,-1.907328e-01,-5.000000e+00,5.000000e+00,7.073640e+00,1,-0.037364,0.292552,-0.404231,5.003853e-01
31.060000,DS,DS_interstep,4,,,,-2.131915e+00,8.144475e+00,-3.114859e+01,-1.877331e-01,7.105184e-01,-1.585569e+00,2.184570e+00,-5.000000e+00,5.000000e+00,7.400834e+00,1,-0.037064,0.292129,-0.403265,4.993353e-01
31.070000,DS,DS_interstep,4,,,,-3.065010e+00,3.998471e+00,-2.918391e+01,-1.723171e-01,6.896262e-01,-1.560491e+00,3.081406e+00,-4.171455e+00,5.000000e+00,7.203895e+00,1,-0.036767,0.291687,-0.402250,4.982351e-01
31.080000,DS,DS_interstep,4,,,,-3.182911e+00,9.811744e-01,-2.461754e+01,-1.563606e-01,6.843758e-01,-1.535413e+00,3.189639e+00,-1.043211e+00,5.000000e+00,6.021801e+00,1,-0.036473,0.291245,-0.401211,4.971159e-01
31.090000,DS,DS_interstep,4,,,,-2.924250e+00,-1.023643e+00,-1.902212e+01,-1.416801e-01,6.894480e-01,-1.510337e+00,2.934605e+00,1.021345e+00,5.000000e+00,5.886854e+00,1,-0.036182,0.290816,-0.400167,4.960007e-01
31.100000,DS,DS_interstep,4,,,,-2.318326e+00,-1.652706e+00,-1.323850e+01,-1.299778e-01,6.978813e-01,-1.485262e+00,2.339107e+00,1.693639e+00,5.000000e+00,5.774066e+00,1,-0.035891,0.290404,-0.399129,4.949006e-01
31.110000,DS,DS_interstep,4,,,,-1.835058e+00,-2.043662e+00,-8.667795e+00,-1.206633e-01,7.082997e-01,-1.460189e+00,1.861653e+00,2.090741e+00,5.000000e+00,5.730353e+00,1,-0.035599,0.290009,-0.398106,4.938227e-01
31.120000,DS,DS_interstep,4,,,,-1.492191e+00,-2.395765e+00,-5.048404e+00,-1.130530e-01,7.204698e-01,-1.435116e+00,1.520896e+00,2.441181e+00,5.000000e+00,5.768231e+00,1,-0.035305,0.289631,-0.397102,4.927703e-01
31.130000,DS,DS_interstep,4,,,,-1.140383e+00,-2.446469e+00,-1.861950e+00,-1.071869e-01,7.329057e-01,-1.425831e+00,1.172127e+00,2.494471e+00,1.842678e+00,3.315378e+00,0,-0.035011,0.289270,-0.396120,4.917458e-01
31.140000,DS,DS_interstep,4,,,,-8.458027e-01,-2.363820e+00,7.622046e-01,-1.027846e-01,7.449117e-01,-1.429664e+00,8.794073e-01,2.408628e+00,-7.808879e-01,2.680416e+00,0,-0.034714,0.288925,-0.395161,4.907494e-01
31.150000,DS,DS_interstep,4,,,,-6.067112e-01,-2.218071e+00,2.852651e+00,-9.957581e-02,7.561599e-01,-1.443941e+00,6.407460e-01,2.257156e+00,-2.869875e+00,3.706952e+00,0,-0.034415,0.288593,-0.394222,4.897768e-01
31.160000,DS,DS_interstep,4,,,,-4.122455e-01,-2.048823e+00,4.465429e+00,-9.734313e-02,7.665270e-01,-1.466272e+00,4.455536e-01,2.081064e+00,-4.480859e+00,4.960589e+00,0,-0.034115,0.288273,-0.393303,4.888276e-01
31.170000,DS,DS_interstep,4,,,,-2.518247e-01,-1.879159e+00,5.660215e+00,-9.592046e-02,7.760099e-01,-1.491198e+00,2.835704e-01,1.904303e+00,-5.000000e+00,5.357871e+00,1,-0.033813,0.287963,-0.392404,4.879005e-01
31.180000,DS,DS_interstep,4,,,,-1.165341e-01,-1.720716e+00,6.494623e+00,-9.518478e-02,7.846661e-01,-1.516123e+00,1.461804e-01,1.739049e+00,-5.000000e+00,5.295815e+00,1,-0.033511,0.287661,-0.391525,4.869945e-01
31.190000,DS,DS_interstep,4,,,,-7.345098e-03,-1.589148e+00,6.985225e+00,-9.500617e-02,7.926304e-01,-1.541046e+00,3.477126e-02,1.600765e+00,-5.000000e+00,5.250110e+00,1,-0.033209,0.287366,-0.390666,4.861090e-01
31.200000,DS,DS_interstep,4,,,,5.800931e-02,-1.498792e+00,7.075626e+00,-9.516285e-02,8.001060e-01,-1.565969e+00,-3.228683e-02,1.503081e+00,-5.000000e+00,5.221139e+00,1,-0.032907,0.287076,-0.389824,4.852404e-01
31.210000,DS,DS_interstep,4,,,,8.189774e-02,-1.443893e+00,6.858997e+00,-9.544491e-02,8.072779e-01,-1.590889e+00,-5.736492e-02,1.442436e+00,-5.000000e+00,5.204221e+00,1,-0.032606,0.286790,-0.388998,4.843873e-01
31.220000,DS,DS_interstep,4,,,,1.107849e-01,-1.421789e+00,6.566907e+00,-9.587855e-02,8.143261e-01,-1.615809e+00,-8.768726e-02,1.417743e+00,-5.000000e+00,5.197854e+00,1,-0.032305,0.286507,-0.388187,4.835484e-01
31.230000,DS,DS_interstep,4,,,,1.783785e-01,-1.390875e+00,6.339715e+00,-9.666046e-02,8.212141e-01,-1.640728e+00,-1.573478e-01,1.385786e+00,-5.000000e+00,5.190873e+00,1,-0.032006,0.286227,-0.387389,4.827220e-01
31.240000,DS,DS_interstep,4,,,,2.547750e-01,-1.306747e+00,6.126761e+00,-9.783538e-02,8.276787e-01,-1.665645e+00,-2.359597e-01,1.301179e+00,-5.000000e+00,5.171919e+00,1,-0.031708,0.285951,-0.386605,4.819095e-01
31.250000,DS,DS_interstep,4,,,,3.312171e-01,-1.206569e+00,5.977266e+00,-9.940335e-02,8.336454e-01,-1.690561e+00,-3.145843e-01,1.201655e+00,-5.000000e+00,5.151984e+00,1,-0.031412,0.285678,-0.385834,4.811097e-01
31.260000,DS,DS_interstep,4,,,,4.189778e-01,-1.114527e+00,5.847570e+00,-1.014220e-01,8.391518e-01,-1.715476e+00,-4.047443e-01,1.109636e+00,-5.000000e+00,5.137617e+00,1,-0.031120,0.285408,-0.385075,4.803217e-01
31.270000,DS,DS_interstep,4,,,,4.977267e-01,-1.023850e+00,5.664919e+00,-1.038448e-01,8.441999e-01,-1.740389e+00,-4.855937e-01,1.018046e+00,-5.000000e+00,5.125643e+00,1,-0.030830,0.285140,-0.384328,4.795449e-01
31.280000,DS,DS_interstep,4,,,,5.639525e-01,-9.391932e-01,5.428812e+00,-1.066075e-01,8.488193e-01,-1.765301e+00,-5.535835e-01,9.323434e-01,-5.000000e+00,5.116221e+00,1,-0.030544,0.284875,-0.383592,4.787792e-01
31.290000,DS,DS_interstep,4,,,,6.184038e-01,-8.634983e-01,5.155844e+00,-1.096497e-01,8.530552e-01,-1.790212e+00,-6.095256e-01,8.557040e-01,-5.000000e+00,5.109183e+00,1,-0.030261,0.284613,-0.382865,4.780229e-01
31.300000,DS,DS_interstep,4,,,,6.624263e-01,-7.961826e-01,4.863225e+00,-1.129182e-01,8.569504e-01,-1.814359e+00,-6.548196e-01,7.875923e-01,-4.847302e+00,4.954334e+00,0,-0.029982,0.284352,-0.382148,4.772757e-01
31.310000,DS,DS_interstep,4,,,,6.972256e-01,-7.346275e-01,4.564522e+00,-1.163659e-01,8.605343e-01,-1.836997e+00,-6.906963e-01,7.253711e-01,-4.545859e+00,4.654896e+00,0,-0.029707,0.284093,-0.381438,4.765357e-01
31.320000,DS,DS_interstep,4,,,,7.236503e-01,-6.760128e-01,4.269344e+00,-1.199500e-01,8.638221e-01,-1.858149e+00,-7.180141e-01,6.661837e-01,-4.249018e+00,4.360447e+00,0,-0.029437,0.283836,-0.380736,4.758039e-01
31.330000,DS,DS_interstep,4,,,,7.423099e-01,-6.182337e-01,3.984355e+00,-1.236308e-01,8.668183e-01,-1.877868e+00,-7.373910e-01,6.078950e-01,-3.962457e+00,4.076070e+00,0,-0.029170,0.283581,-0.380042,4.750800e-01
31.340000,DS,DS_interstep,4,,,,7.538697e-01,-5.597757e-01,3.714155e+00,-1.273720e-01,8.695197e-01,-1.896228e+00,-7.495010e-01,5.489678e-01,-3.690797e+00,3.805930e+00,0,-0.028908,0.283327,-0.379354,4.743620e-01
31.350000,DS,DS_interstep,4,,,,7.590447e-01,-4.997858e-01,3.461699e+00,-1.311409e-01,8.719188e-01,-1.913317e+00,-7.550707e-01,4.885314e-01,-3.436998e+00,3.552710e+00,0,-0.028649,0.283074,-0.378673,4.736506e-01
31.360000,DS,DS_interstep,4,,,,7.585955e-01,-4.379819e-01,3.228635e+00,-1.349086e-01,8.740066e-01,-1.929235e+00,-7.548760e-01,4.262902e-01,-3.202711e+00,3.317969e+00,0,-0.028395,0.282822,-0.377997,4.729443e-01
31.370000,DS,DS_interstep,4,,,,7.533044e-01,-3.745230e-01,3.015546e+00,-1.386503e-01,8.757748e-01,-1.944081e+00,-7.497172e-01,3.623934e-01,-2.988513e+00,3.102356e+00,0,-0.028145,0.282572,-0.377327,4.722444e-01
31.380000,DS,DS_interstep,4,,,,7.439415e-01,-3.098861e-01,2.822132e+00,-1.423451e-01,8.772176e-01,-1.957953e+00,-7.403837e-01,2.973101e-01,-2.794099e+00,2.905779e+00,0,-0.027898,0.282322,-0.376662,4.715488e-01
31.390000,DS,DS_interstep,4,,,,7.312319e-01,-2.447580e-01,2.647379e+00,-1.459760e-01,8.783323e-01,-1.970947e+00,-7.276195e-01,2.317218e-01,-2.618443e+00,2.727521e+00,0,-0.027656,0.282073,-0.376002,4.708583e-01
31.400000,DS,DS_interstep,4,,,,7.158317e-01,-1.799434e-01,2.489726e+00,-1.495291e-01,8.791205e-01,-1.983148e+00,-7.120985e-01,1.664296e-01,-2.459970e+00,2.566366e+00,0,-0.027417,0.281825,-0.375347,4.701727e-01
31.410000,DS,DS_interstep,4,,,,6.983155e-01,-1.162864e-01,2.347242e+00,-1.529935e-01,8.795879e-01,-1.994633e+00,-6.944110e-01,1.022766e-01,-2.316734e+00,2.420728e+00,0,-0.027182,0.281577,-0.374697,4.694915e-01
31.420000,DS,DS_interstep,4,,,,6.791749e-01,-5.460416e-02,2.217807e+00,-1.563611e-01,8.797443e-01,-2.005466e+00,-6.750616e-01,4.008115e-02,-2.186598e+00,2.288783e+00,0,-0.026951,0.281330,-0.374050,4.688137e-01
31.430000,DS,DS_interstep,4,,,,6.588245e-01,4.365474e-03,2.099275e+00,-1.596255e-01,8.796032e-01,-2.015702e+00,-6.544761e-01,-1.941528e-02,-2.067403e+00,2.168610e+00,0,-0.026723,0.281083,-0.373408,4.681403e-01
31.440000,DS,DS_interstep,4,,,,6.376123e-01,6.000158e-02,1.989619e+00,-1.627825e-01,8.791813e-01,-2.025386e+00,-6.330109e-01,-7.558617e-02,-1.957109e+00,2.058323e+00,0,-0.026498,0.280836,-0.372769,4.674695e-01
31.450000,DS,DS_interstep,4,,,,6.158292e-01,1.118216e-01,1.887030e+00,-1.658291e-01,8.784977e-01,-2.034554e+00,-6.109637e-01,-1.279420e-01,-1.853900e+00,1.956167e+00,0,-0.026276,0.280590,-0.372134,4.668028e-01
31.460000,DS,DS_interstep,4,,,,5.937210e-01,1.594895e-01,1.789987e+00,-1.687636e-01,8.775731e-01,-2.043234e+00,-5.885853e-01,-1.761391e-01,-1.756247e+00,1.860608e+00,0,-0.026058,0.280343,-0.371502,4.661383e-01
31.470000,DS,DS_interstep,4,,,,5.716132e-01,2.028558e-01,1.697466e+00,-1.715861e-01,8.764292e-01,-2.051447e+00,-5.662098e-01,-2.200198e-01,-1.663130e+00,1.770594e+00,0,-0.025842,0.280096,-0.370874,4.654773e-01
31.480000,DS,DS_interstep,4,,,,5.498935e-01,2.419329e-01,1.608979e+00,-1.742986e-01,8.750874e-01,-2.059214e+00,-5.442343e-01,-2.595859e-01,-1.574069e+00,1.685606e+00,0,-0.025629,0.279849,-0.370248,4.648181e-01
31.490000,DS,DS_interstep,4,,,,5.286833e-01,2.767643e-01,1.523902e+00,-1.769037e-01,8.735693e-01,-2.066553e+00,-5.227780e-01,-2.948769e-01,-1.488435e+00,1.604895e+00,0,-0.025419,0.279602,-0.369625,4.641617e-01
31.500000,DS,DS_interstep,4,,,,5.079771e-01,3.074893e-01,1.441624e+00,-1.794039e-01,8.718956e-01,-2.073478e+00,-5.018332e-01,-3.260304e-01,-1.405613e+00,1.527704e+00,0,-0.025211,0.279354,-0.369005,4.635072e-01
31.510000,DS,DS_interstep,4,,,,4.877583e-01,3.343154e-01,1.361752e+00,-1.818018e-01,8.700858e-01,-2.080000e+00,-4.813817e-01,-3.532509e-01,-1.325211e+00,1.453513e+00,0,-0.025006,0.279105,-0.368387,4.628541e-01
31.520000,DS,DS_interstep,4,,,,4.680148e-01,3.574836e-01,1.284087e+00,-1.840997e-01,8.681584e-01,-2.086131e+00,-4.614103e-01,-3.767777e-01,-1.247033e+00,1.382010e+00,0,-0.024803,0.278856,-0.367771,4.622027e-01
31.530000,DS,DS_interstep,4,,,,4.487405e-01,3.772464e-01,1.208578e+00,-1.863000e-01,8.661308e-01,-2.091882e+00,-4.419117e-01,-3.968627e-01,-1.171028e+00,1.313047e+00,0,-0.024602,0.278606,-0.367158,4.615534e-01
31.540000,DS,DS_interstep,4,,,,4.299339e-01,3.938544e-01,1.135270e+00,-1.884050e-01,8.640187e-01,-2.097263e+00,-4.228839e-01,-4.137574e-01,-1.097244e+00,1.246583e+00,0,-0.024404,0.278356,-0.366547,4.609060e-01
31.550000,DS,DS_interstep,4,,,,4.115971e-01,4.075501e-01,1.064269e+00,-1.904172e-01,8.618370e-01,-2.102287e+00,-4.043283e-01,-4.277054e-01,-1.025788e+00,1.182647e+00,0,-0.024208,0.278105,-0.365937,4.602590e-01
31.560000,DS,DS_interstep,4,,,,3.937339e-01,4.185640e-01,9.957077e-01,-1.923388e-01,8.595993e-01,-2.106966e+00,-3.862487e-01,-4.389395e-01,-9.567931e-01,1.121298e+00,0,-0.024013,0.277853,-0.365329,4.596131e-01
31.570000,DS,DS_interstep,4,,,,3.763484e-01,4.271139e-01,9.297232e-01,-1.941724e-01,8.573180e-01,-2.111313e+00,-3.686491e-01,-4.476799e-01,-8.903967e-01,1.062603e+00,0,-0.023821,0.277600,-0.364723,4.589685e-01
31.580000,DS,DS_interstep,4,,,,3.594437e-01,4.334044e-01,8.664378e-01,-1.959203e-01,8.550045e-01,-2.115340e+00,-3.515328e-01,-4.541338e-01,-8.267214e-01,1.006619e+00,0,-0.023631,0.277347,-0.364118,4.583249e-01
31.590000,DS,DS_interstep,4,,,,3.430210e-01,4.376274e-01,8.059484e-01,-1.975849e-01,8.526694e-01,-2.119064e+00,-3.349009e-01,-4.584956e-01,-7.658635e-01,9.533749e-01,0,-0.023442,0.277092,-0.363515,4.576818e-01
31.600000,DS,DS_interstep,4,,,,3.270788e-01,4.399620e-01,7.483188e-01,-1.991688e-01,8.503221e-01,-2.122497e+00,-3.187521e-01,-4.609472e-01,-7.078862e-01,9.028721e-01,0,-0.023255,0.276837,-0.362913,4.570398e-01
31.610000,DS,DS_interstep,4,,,,3.116125e-01,4.405753e-01,6.935770e-01,-2.006742e-01,8.479713e-01,-2.125655e+00,-3.030821e-01,-4.616582e-01,-6.528166e-01,8.550769e-01,0,-0.023069,0.276581,-0.362312,4.563981e-01
31.620000,DS,DS_interstep,4,,,,2.966146e-01,4.396228e-01,6.417158e-01,-2.021035e-01,8.456251e-01,-2.128552e+00,-2.878835e-01,-4.607863e-01,-6.006464e-01,8.099241e-01,0,-0.022885,0.276324,-0.361712,4.557568e-01
31.630000,DS,DS_interstep,4,,,,2.820750e-01,4.372486e-01,5.926947e-01,-2.034591e-01,8.432905e-01,-2.131202e+00,-2.731463e-01,-4.584776e-01,-5.513341e-01,7.673199e-01,0,-0.022703,0.276067,-0.361113,4.551165e-01
31.640000,DS,DS_interstep,4,,,,2.679814e-01,4.335859e-01,5.464444e-01,-2.047431e-01,8.409740e-01,-2.133620e+00,-2.588583e-01,-4.548672e-01,-5.048090e-01,7.271478e-01,0,-0.022521,0.275808,-0.360515,4.544759e-01
31.650000,DS,DS_interstep,4,,,,2.543196e-01,4.287576e-01,5.028714e-01,-2.059579e-01,8.386816e-01,-2.135818e+00,-2.450053e-01,-4.500795e-01,-4.609764e-01,6.892738e-01,0,-0.022341,0.275549,-0.359919,4.538370e-01
31.660000,DS,DS_interstep,4,,,,2.410746e-01,4.228768e-01,4.618631e-01,-2.071054e-01,8.364186e-01,-2.137810e+00,-2.315722e-01,-4.442291e-01,-4.197225e-01,6.535535e-01,0,-0.022163,0.275289,-0.359322,4.531970e-01
31.670000,DS,DS_interstep,4,,,,2.282307e-01,4.160473e-01,4.232933e-01,-2.081877e-01,8.341898e-01,-2.139607e+00,-2.185434e-01,-4.374209e-01,-3.809198e-01,6.198372e-01,0,-0.021985,0.275028,-0.358727,4.525581e-01
31.680000,DS,DS_interstep,4,,,,2.157723e-01,4.083645e-01,3.870269e-01,-2.092068e-01,8.319994e-01,-2.141222e+00,-2.059031e-01,-4.297513e-01,-3.444321e-01,5.879760e-01,0,-0.021809,0.274767,-0.358132,4.519193e-01
31.690000,DS,DS_interstep,4,,,,2.036841e-01,3.999160e-01,3.529242e-01,-2.101645e-01,8.298513e-01,-2.142666e+00,-1.936360e-01,-4.213086e-01,-3.101187e-01,5.578256e-01,0,-0.021634,0.274504,-0.357538,4.512803e-01
31.700000,DS,DS_interstep,4,,,,1.919517e-01,3.907821e-01,3.208447e-01,-2.110626e-01,8.277490e-01,-2.143948e+00,-1.817276e-01,-4.121739e-01,-2.778380e-01,5.292506e-01,0,-0.021459,0.274241,-0.356944,4.506414e-01
31.710000,DS,DS_interstep,4,,,,1.805619e-01,3.810370e-01,2.906506e-01,-2.119028e-01,8.256955e-01,-2.145078e+00,-1.701646e-01,-4.024219e-01,-2.474514e-01,5.021270e-01,0,-0.021286,0.273977,-0.356351,4.500028e-01
31.720000,DS,DS_interstep,4,,,,1.695025e-01,3.707491e-01,2.622090e-01,-2.126869e-01,8.236937e-01,-2.146065e+00,-1.589348e-01,-3.921213e-01,-2.188252e-01,4.763443e-01,0,-0.021113,0.273713,-0.355759,4.493651e-01
31.730000,DS,DS_interstep,4,,,,1.587629e-01,3.599815e-01,2.353937e-01,-2.134164e-01,8.217459e-01,-2.146917e+00,-1.480273e-01,-3.813358e-01,-1.918326e-01,4.518062e-01,0,-0.020942,0.273448,-0.355167,4.487271e-01
31.740000,DS,DS_interstep,4,,,,1.483336e-01,3.487933e-01,2.100872e-01,-2.140928e-01,8.198542e-01,-2.147641e+00,-1.374330e-01,-3.701245e-01,-1.663554e-01,4.284321e-01,0,-0.020771,0.273182,-0.354575,4.480885e-01
31.750000,DS,DS_interstep,4,,,,1.382069e-01,3.372392e-01,1.861811e-01,-2.147178e-01,8.180206e-01,-2.148245e+00,-1.271436e-01,-3.585427e-01,-1.422849e-01,4.061568e-01,0,-0.020601,0.272915,-0.353983,4.474494e-01
31.760000,DS,DS_interstep,4,,,,1.283758e-01,3.253709e-01,1.635769e-01,-2.152928e-01,8.162465e-01,-2.148735e+00,-1.171526e-01,-3.466421e-01,-1.195221e-01,3.849299e-01,0,-0.020431,0.272648,-0.353392,4.468112e-01
31.770000,DS,DS_interstep,4,,,,1.188351e-01,3.132367e-01,1.421856e-01,-2.158193e-01,8.145334e-01,-2.149118e+00,-1.074544e-01,-3.344713e-01,-9.797774e-02,3.647151e-01,0,-0.020262,0.272381,-0.352801,4.461732e-01
31.780000,DS,DS_interstep,4,,,,1.095802e-01,3.008824e-01,1.219285e-01,-2.162987e-01,8.128823e-01,-2.149398e+00,-9.804470e-02,-3.220761e-01,-7.757270e-02,3.454899e-01,0,-0.020094,0.272112,-0.352211,4.455348e-01
31.790000,DS,DS_interstep,4,,,,1.006077e-01,2.883514e-01,1.027356e-01,-2.167325e-01,8.112942e-01,-2.149582e+00,-8.891995e-02,-3.095004e-01,-5.823704e-02,3.272443e-01,0,-0.019926,0.271843,-0.351620,4.448958e-01
31.800000,DS,DS_interstep,4,,,,9.191477e-02,2.756848e-01,8.454602e-02,-2.171220e-01,8.097698e-01,-2.149674e+00,-8.007751e-02,-2.967853e-01,-3.990964e-02,3.099785e-01,0,-0.019759,0.271574,-0.351030,4.442577e-01
31.810000,DS,DS_interstep,4,,,,8.349940e-02,2.629220e-01,6.730686e-02,-2.174688e-01,8.083095e-01,-2.149679e+00,-7.151533e-02,-2.839705e-01,-2.253745e-02,2.937033e-01,0,-0.019592,0.271304,-0.350439,4.436183e-01
31.820000,DS,DS_interstep,4,,,,7.536000e-02,2.501005e-01,5.097239e-02,-2.177740e-01,8.069136e-01,-2.149602e+00,-6.323190e-02,-2.710936e-01,-6.074739e-03,2.784366e-01,0,-0.019425,0.271034,-0.349849,4.429798e-01
31.830000,DS,DS_interstep,4,,,,6.749532e-02,2.372561e-01,3.550335e-02,-2.180393e-01,8.055824e-01,-2.149447e+00,-5.522607e-02,-2.581907e-01,9.517815e-03,2.642025e-01,0,-0.019259,0.270763,-0.349259,4.423408e-01
31.840000,DS,DS_interstep,4,,,,5.990439e-02,2.244230e-01,2.086605e-02,-2.182658e-01,8.043157e-01,-2.149218e+00,-4.749693e-02,-2.452963e-01,2.427392e-02,2.510288e-01,0,-0.019094,0.270492,-0.348669,4.417019e-01
31.850000,DS,DS_interstep,4,,,,5.258638e-02,2.116340e-01,7.031551e-03,-2.184551e-01,8.031133e-01,-2.148919e+00,-4.004372e-02,-2.324434e-01,3.822253e-02,2.389443e-01,0,-0.018928,0.270220,-0.348079,4.410625e-01
31.860000,DS,DS_interstep,4,,,,4.554048e-02,1.989203e-01,-6.025153e-03,-2.186085e-01,8.019748e-01,-2.148555e+00,-3.286575e-02,-2.196634e-01,5.138864e-02,2.279758e-01,0,-0.018763,0.269948,-0.347489,4.404232e-01
31.870000,DS,DS_interstep,4,,,,3.876587e-02,1.863116e-01,-1.832587e-02,-2.187274e-01,8.008998e-01,-2.148129e+00,-2.596225e-02,-2.069864e-01,6.379408e-02,2.181447e-01,0,-0.018598,0.269676,-0.346899,4.397840e-01
31.880000,DS,DS_interstep,4,,,,3.226160e-02,1.738362e-01,-2.988993e-02,-2.188131e-01,7.998876e-01,-2.147644e+00,-1.933237e-02,-1.944408e-01,7.545816e-02,2.094634e-01,0,-0.018433,0.269403,-0.346309,4.391443e-01
31.890000,DS,DS_interstep,4,,,,2.602657e-02,1.615209e-01,-4.073477e-02,-2.188671e-01,7.989374e-01,-2.147105e+00,-1.297509e-02,-1.820539e-01,8.639835e-02,2.019323e-01,0,-0.018268,0.269130,-0.345719,4.385046e-01
31.900000,DS,DS_interstep,4,,,,2.005948e-02,1.493910e-01,-5.087654e-02,-2.188906e-01,7.980482e-01,-2.146514e+00,-6.889180e-03,-1.698510e-01,9.663078e-02,1.955360e-01,0,-0.018104,0.268857,-0.345129,4.378651e-01
31.910000,DS,DS_interstep,4,,,,1.435877e-02,1.374702e-01,-6.033055e-02,-2.188850e-01,7.972190e-01,-2.145876e+00,-1.073156e-03,-1.578563e-01,1.061708e-01,1.902420e-01,0,-0.017940,0.268583,-0.344538,4.372243e-01
31.920000,DS,DS_interstep,4,,,,8.922609e-03,1.257808e-01,-6.911171e-02,-2.188517e-01,7.964487e-01,-2.145193e+00,4.474743e-03,-1.460923e-01,1.150334e-01,1.859991e-01,0,-0.017775,0.268309,-0.343948,4.365844e-01
31.930000,DS,DS_interstep,4,,,,3.748884e-03,1.143434e-01,-7.723484e-02,-2.187919e-01,7.957360e-01,-2.144470e+00,9.756570e-03,-1.345798e-01,1.232333e-01,1.827385e-01,0,-0.017611,0.268035,-0.343358,4.359445e-01
31.940000,DS,DS_interstep,4,,,,-1.164828e-03,1.031771e-01,-8.471496e-02,-2.187071e-01,7.950796e-01,-2.143709e+00,1.477469e-02,-1.233383e-01,1.307858e-01,1.803761e-01,0,-0.017447,0.267761,-0.342767,4.353040e-01
31.950000,DS,DS_interstep,4,,,,-5.821258e-03,9.229944e-02,-9.156751e-02,-2.185985e-01,7.944779e-01,-2.142913e+00,1.953179e-02,-1.123855e-01,1.377061e-01,1.788154e-01,0,-0.017283,0.267487,-0.342176,4.346636e-01
31.960000,DS,DS_interstep,4,,,,-1.022345e-02,8.172626e-02,-9.780849e-02,-2.184675e-01,7.939295e-01,-2.142086e+00,2.403088e-02,-1.017374e-01,1.440106e-01,1.779523e-01,0,-0.017118,0.267212,-0.341585,4.340226e-01
31.970000,DS,DS_interstep,4,,,,-1.437475e-02,7.147187e-02,-1.034545e-01,-2.183152e-01,7.934328e-01,-2.141230e+00,2.827527e-02,-9.140860e-02,1.497158e-01,1.776790e-01,0,-0.016954,0.266938,-0.340994,4.333823e-01
31.980000,DS,DS_interstep,4,,,,-1.827883e-02,6.154893e-02,-1.085230e-01,-2.181429e-01,7.929860e-01,-2.140349e+00,3.226859e-02,-8.141199e-02,1.548392e-01,1.778886e-01,0,-0.016790,0.266663,-0.340403,4.327416e-01
31.990000,DS,DS_interstep,4,,,,-2.193964e-02,5.196854e-02,-1.130321e-01,-2.179519e-01,7.925876e-01,-2.139445e+00,3.601479e-02,-7.175884e-02,1.593991e-01,1.784782e-01,0,-0.016626,0.266388,-0.339812,4.321009e-01
32.000000,DS,DS_interstep,4,,,,-2.536142e-02,4.274024e-02,-1.170005e-01,-2.177435e-01,7.922357e-01,-2.138521e+00,3.951809e-02,-6.245885e-02,1.634144e-01,1.793518e-01,0,-0.016461,0.266113,-0.339220,4.314595e-01
32.010000,DS,DS_interstep,4,,,,-2.854867e-02,3.387200e-02,-1.204477e-01,-2.175187e-01,7.919285e-01,-2.137580e+00,4.278302e-02,-5.352019e-02,1.669046e-01,1.804216e-01,0,-0.016297,0.265838,-0.338628,4.308182e-01
32.020000,DS,DS_interstep,4,,,,-3.150619e-02,2.537032e-02,-1.233939e-01,-2.172787e-01,7.916642e-01,-2.136623e+00,4.581434e-02,-4.494948e-02,1.698901e-01,1.816096e-01,0,-0.016132,0.265563,-0.338036,4.301770e-01
32.030000,DS,DS_interstep,4,,,,-3.423897e-02,1.724023e-02,-1.258596e-01,-2.170248e-01,7.914408e-01,-2.135655e+00,4.861709e-02,-3.675191e-02,1.723914e-01,1.828473e-01,0,-0.015967,0.265288,-0.337444,4.295359e-01
32.040000,DS,DS_interstep,4,,,,-3.675226e-02,9.485353e-03,-1.278658e-01,-2.167580e-01,7.912566e-01,-2.134676e+00,5.119653e-02,-2.893120e-02,1.744297e-01,1.840756e-01,0,-0.015802,0.265012,-0.336852,4.288943e-01
32.050000,DS,DS_interstep,4,,,,-3.905152e-02,2.107955e-03,-1.294339e-01,-2.164793e-01,7.911096e-01,-2.133689e+00,5.355815e-02,-2.148973e-02,1.760266e-01,1.852448e-01,0,-0.015637,0.264737,-0.336259,4.282526e-01
32.060000,DS,DS_interstep,4,,,,-4.114239e-02,-4.890988e-03,-1.305854e-01,-2.161900e-01,7.909979e-01,-2.132696e+00,5.570762e-02,-1.442858e-02,1.772036e-01,1.863133e-01,0,-0.015472,0.264462,-0.335667,4.276118e-01
32.070000,DS,DS_interstep,4,,,,-4.303068e-02,-1.151173e-02,-1.313419e-01,-2.158909e-01,7.909196e-01,-2.131700e+00,5.765081e-02,-7.747576e-03,1.779825e-01,1.872469e-01,0,-0.015307,0.264187,-0.335074,4.269703e-01
32.080000,DS,DS_interstep,4,,,,-4.472237e-02,-1.775568e-02,-1.317249e-01,-2.155832e-01,7.908728e-01,-2.130701e+00,5.939374e-02,-1.445367e-03,1.783850e-01,1.880184e-01,0,-0.015141,0.263912,-0.334481,4.263289e-01
32.090000,DS,DS_interstep,4,,,,-4.622358e-02,-2.362533e-02,-1.317559e-01,-2.152677e-01,7.908557e-01,-2.129703e+00,6.094258e-02,4.480487e-03,1.784327e-01,1.886062e-01,0,-0.014976,0.263637,-0.333888,4.256876e-01
32.100000,DS,DS_interstep,4,,,,-4.754053e-02,-2.912422e-02,-1.314563e-01,-2.149454e-01,7.908663e-01,-2.128705e+00,6.230362e-02,1.003346e-02,1.781470e-01,1.889941e-01,0,-0.014810,0.263363,-0.333295,4.250470e-01
32.110000,DS,DS_interstep,4,,,,-4.867957e-02,-3.425680e-02,-1.308469e-01,-2.146173e-01,7.909029e-01,-2.127711e+00,6.348326e-02,1.521798e-02,1.775490e-01,1.891702e-01,0,-0.014644,0.263088,-0.332701,4.244051e-01
32.120000,DS,DS_interstep,4,,,,-4.964711e-02,-3.902841e-02,-1.299482e-01,-2.142841e-01,7.909635e-01,-2.126722e+00,6.448800e-02,2.003934e-02,1.766594e-01,1.891265e-01,0,-0.014477,0.262813,-0.332107,4.237633e-01
32.130000,DS,DS_interstep,4,,,,-5.044964e-02,-4.344517e-02,-1.287805e-01,-2.139468e-01,7.910465e-01,-2.125738e+00,6.532441e-02,2.450367e-02,1.754983e-01,1.888580e-01,0,-0.014311,0.262539,-0.331514,4.231230e-01
32.140000,DS,DS_interstep,4,,,,-5.109370e-02,-4.751395e-02,-1.273632e-01,-2.136061e-01,7.911500e-01,-2.124761e+00,6.599910e-02,2.861781e-02,1.740856e-01,1.883631e-01,0,-0.014144,0.262264,-0.330920,4.224814e-01
32.150000,DS,DS_interstep,4,,,,-5.158586e-02,-5.124225e-02,-1.257155e-01,-2.132628e-01,7.912724e-01,-2.123793e+00,6.651872e-02,3.238928e-02,1.724402e-01,1.876418e-01,0,-0.013977,0.261990,-0.330326,4.218405e-01
32.160000,DS,DS_interstep,4,,,,-5.193273e-02,-5.463817e-02,-1.238556e-01,-2.129177e-01,7.914120e-01,-2.122834e+00,6.688997e-02,3.582616e-02,1.705809e-01,1.866966e-01,0,-0.013810,0.261716,-0.329731,4.211989e-01
32.170000,DS,DS_interstep,4,,,,-5.214089e-02,-5.771035e-02,-1.218014e-01,-2.125715e-01,7.915671e-01,-2.121885e+00,6.711953e-02,3.893710e-02,1.685254e-01,1.855315e-01,0,-0.013643,0.261442,-0.329137,4.205582e-01
32.180000,DS,DS_interstep,4,,,,-5.221693e-02,-6.046785e-02,-1.195700e-01,-2.122248e-01,7.917361e-01,-2.120947e+00,6.721409e-02,4.173119e-02,1.662910e-01,1.841519e-01,0,-0.013476,0.261168,-0.328542,4.199169e-01
32.190000,DS,DS_interstep,4,,,,-5.216743e-02,-6.292015e-02,-1.171779e-01,-2.118783e-01,7.919176e-01,-2.120022e+00,6.718029e-02,4.421793e-02,1.638943e-01,1.825644e-01,0,-0.013308,0.260894,-0.327948,4.192764e-01
32.200000,DS,DS_interstep,4,,,,-5.199890e-02,-6.507706e-02,-1.146407e-01,-2.115326e-01,7.921101e-01,-2.119109e+00,6.702476e-02,4.640717e-02,1.613511e-01,1.807764e-01,0,-0.013140,0.260620,-0.327353,4.186352e-01
32.210000,DS,DS_interstep,4,,,,-5.171782e-02,-6.694871e-02,-1.119737e-01,-2.111883e-01,7.923120e-01,-2.118210e+00,6.675409e-02,4.830902e-02,1.586766e-01,1.787963e-01,0,-0.012972,0.260347,-0.326758,4.179948e-01
32.220000,DS,DS_interstep,4,,,,-5.133060e-02,-6.854541e-02,-1.091912e-01,-2.108458e-01,7.925221e-01,-2.117324e+00,6.637477e-02,4.993388e-02,1.558854e-01,1.766331e-01,0,-0.012804,0.260074,-0.326163,4.173544e-01
32.230000,DS,DS_interstep,4,,,,-5.084358e-02,-6.987770e-02,-1.063070e-01,-2.105058e-01,7.927389e-01,-2.116454e+00,6.589326e-02,5.129230e-02,1.529912e-01,1.742961e-01,0,-0.012636,0.259800,-0.325568,4.167136e-01
32.240000,DS,DS_interstep,4,,,,-5.026302e-02,-7.095624e-02,-1.033342e-01,-2.101687e-01,7.929612e-01,-2.115598e+00,6.531590e-02,5.239500e-02,1.500074e-01,1.717953e-01,0,-0.012467,0.259527,-0.324973,4.160735e-01
32.250000,DS,DS_interstep,4,,,,-4.959507e-02,-7.179181e-02,-1.002853e-01,-2.098350e-01,7.931878e-01,-2.114757e+00,6.464896e-02,5.325278e-02,1.469463e-01,1.691407e-01,0,-0.012299,0.259255,-0.324377,4.154333e-01
32.260000,DS,DS_interstep,4,,,,-4.884578e-02,-7.239524e-02,-9.717199e-02,-2.095050e-01,7.934175e-01,-2.113933e+00,6.389858e-02,5.387652e-02,1.438201e-01,1.663428e-01,0,-0.012130,0.258982,-0.323782,4.147934e-01
32.270000,DS,DS_interstep,4,,,,-4.802110e-02,-7.277738e-02,-9.400564e-02,-2.091792e-01,7.936492e-01,-2.113124e+00,6.307082e-02,5.427714e-02,1.406399e-01,1.634121e-01,0,-0.011961,0.258710,-0.323187,4.141543e-01
32.280000,DS,DS_interstep,4,,,,-4.712683e-02,-7.294909e-02,-9.079687e-02,-2.088579e-01,7.938819e-01,-2.112331e+00,6.217159e-02,5.446553e-02,1.374166e-01,1.603594e-01,0,-0.011792,0.258437,-0.322591,4.135138e-01
32.290000,DS,DS_interstep,4,,,,-4.616867e-02,-7.292118e-02,-8.755578e-02,-2.085414e-01,7.941144e-01,-2.111555e+00,6.120667e-02,5.445257e-02,1.341603e-01,1.571952e-01,0,-0.011622,0.258165,-0.321996,4.128749e-01
32.300000,DS,DS_interstep,4,,,,-4.515216e-02,-7.270440e-02,-8.429189e-02,-2.082301e-01,7.943460e-01,-2.110795e+00,6.018171e-02,5.424905e-02,1.308805e-01,1.539302e-01,0,-0.011453,0.257893,-0.321400,4.122353e-01
32.310000,DS,DS_interstep,4,,,,-4.408270e-02,-7.230941e-02,-8.101425e-02,-2.079242e-01,7.945756e-01,-2.110051e+00,5.910221e-02,5.386569e-02,1.275865e-01,1.505752e-01,0,-0.011283,0.257622,-0.320804,4.115964e-01
32.320000,SS,SS,5,3.144530e-01,-9.807349e-01,2.901818e+00,,,,-1.987910e-01,7.877693e-01,-2.107160e+00,1.898204e-01,2.450071e-01,-1.878207e-01,3.624043e-01,0,-0.009602,0.254921,-0.314923,4.052819e-01
32.420000,SS,SS,5,5.094194e-01,-1.080880e+00,3.271707e+00,,,,-1.881010e-01,8.003419e-01,-2.116759e+00,1.151345e-01,5.009316e-01,-7.933000e-01,9.452583e-01,0,-0.007911,0.252297,-0.309182,3.991364e-01
32.520000,SS,SS,5,6.845872e-01,-1.170558e+00,3.634410e+00,,,,-1.804674e-01,8.149215e-01,-2.142348e+00,1.015493e-01,5.646666e-01,-9.137243e-01,1.078913e+00,0,-0.006253,0.249777,-0.303674,3.932500e-01
32.620000,SS,SS,5,8.381977e-01,-1.257928e+00,3.913812e+00,,,,-1.726055e-01,8.362906e-01,-2.173446e+00,9.796114e-02,7.013258e-01,-1.065681e+00,1.279504e+00,0,-0.004646,0.247380,-0.298437,3.876636e-01
32.720000,SS,SS,5,9.897092e-01,-1.328434e+00,4.197944e+00,,,,-1.655206e-01,8.630383e-01,-2.213459e+00,8.283647e-02,8.133526e-01,-1.253939e+00,1.496919e+00,0,-0.003101,0.245126,-0.293514,3.824223e-01
32.820000,SS,SS,5,1.134930e+00,-1.383227e+00,4.457380e+00,,,,-1.590613e-01,8.953708e-01,-2.261955e+00,7.303141e-02,9.170490e-01,-1.407789e+00,1.681720e+00,0,-0.001634,0.243035,-0.288944,3.775676e-01
32.920000,SS,SS,5,1.267436e+00,-1.450359e+00,4.693572e+00,,,,-1.530941e-01,9.326538e-01,-2.317541e+00,6.617025e-02,1.014148e+00,-1.541356e+00,1.846254e+00,0,-0.000254,0.241123,-0.284763,3.731358e-01
33.020000,SS,SS,5,1.389998e+00,-1.520503e+00,4.904227e+00,,,,-1.475524e-01,9.746769e-01,-2.379612e+00,6.107727e-02,1.103057e+00,-1.657193e+00,1.991671e+00,0,0.001030,0.239406,-0.280998,3.691560e-01
33.120000,SS,SS,5,1.507607e+00,-1.571895e+00,5.083815e+00,,,,-1.423884e-01,1.020932e+00,-2.447286e+00,5.734755e-02,1.177064e+00,-1.749010e+00,2.108982e+00,0,0.002212,0.237898,-0.277674,3.656545e-01
33.220000,SS,SS,5,1.619780e+00,-1.605540e+00,5.229628e+00,,,,-1.375284e-01,1.070928e+00,-2.519605e+00,5.553178e-02,1.239982e+00,-1.818735e+00,2.201916e+00,0,0.003288,0.236609,-0.274808,3.626487e-01
33.320000,SS,SS,5,1.724985e+00,-1.627719e+00,5.340439e+00,,,,-1.328804e-01,1.124243e+00,-2.595614e+00,5.586691e-02,1.293211e+00,-1.866562e+00,2.271469e+00,0,0.004258,0.235551,-0.272414,3.601552e-01
33.420000,SS,SS,5,1.815194e+00,-1.671848e+00,5.418208e+00,,,,-1.282988e-01,1.180654e+00,-2.674316e+00,5.964723e-02,1.346528e+00,-1.896392e+00,2.326585e+00,0,0.005121,0.234729,-0.270499,3.581810e-01
33.520000,SS,SS,5,1.899939e+00,-1.698774e+00,5.458804e+00,,,,-1.237390e-01,1.239821e+00,-2.754995e+00,6.358494e-02,1.383953e+00,-1.904674e+00,2.355239e+00,0,0.005879,0.234150,-0.269068,3.567329e-01
33.620000,SS,SS,5,1.978650e+00,-1.709405e+00,5.461444e+00,,,,-1.191550e-01,1.301107e+00,-2.836619e+00,6.866643e-02,1.408516e+00,-1.890752e+00,2.358723e+00,0,0.006536,0.233820,-0.268121,3.558137e-01
33.720000,SS,SS,5,2.050928e+00,-1.705763e+00,5.426536e+00,,,,-1.144895e-01,1.364050e+00,-2.918319e+00,7.467562e-02,1.422901e+00,-1.858693e+00,2.342000e+00,0,0.007096,0.233740,-0.267651,3.554178e-01
33.820000,SS,SS,5,2.111569e+00,-1.710539e+00,5.357299e+00,,,,-1.096627e-01,1.428332e+00,-2.999254e+00,8.235690e-02,1.434405e+00,-1.812022e+00,2.312515e+00,0,0.007564,0.233910,-0.267650,3.555385e-01
33.920000,SS,SS,5,2.162988e+00,-1.713650e+00,5.253787e+00,,,,-1.047872e-01,1.493135e+00,-3.077136e+00,8.271878e-02,1.426841e+00,-1.680648e+00,2.206195e+00,0,0.007948,0.234329,-0.268102,3.561628e-01
34.020000,SS,SS,5,2.212585e+00,-1.690246e+00,5.164359e+00,,,,-1.003186e-01,1.560071e+00,-3.151246e+00,7.261083e-02,1.461200e+00,-1.587998e+00,2.159193e+00,0,0.008252,0.234997,-0.268979,3.572693e-01
34.120000,SS,SS,5,2.256378e+00,-1.615595e+00,5.133702e+00,,,,-9.658788e-02,1.628336e+00,-3.221343e+00,5.831588e-02,1.460706e+00,-1.464917e+00,2.069552e+00,0,0.008475,0.235917,-0.270256,3.588411e-01
34.220000,SS,SS,5,2.281819e+00,-1.502022e+00,5.129505e+00,,,,-9.363101e-02,1.697381e+00,-3.286884e+00,4.442738e-02,1.461102e+00,-1.346229e+00,1.987241e+00,0,0.008616,0.237088,-0.271904,3.608556e-01
34.320000,SS,SS,5,2.281674e+00,-1.369273e+00,5.138166e+00,,,,-9.141412e-02,1.767284e+00,-3.348061e+00,3.182066e-02,1.463969e+00,-1.232956e+00,1.914262e+00,0,0.008674,0.238508,-0.273895,3.632902e-01
34.420000,SS,SS,5,2.258552e+00,-1.203933e+00,5.148136e+00,,,,-8.991144e-02,1.837826e+00,-3.404905e+00,1.972751e-02,1.456078e+00,-1.116523e+00,1.834987e+00,0,0.008647,0.240174,-0.276205,3.661250e-01
34.520000,SS,SS,5,2.212316e+00,-1.010363e+00,5.153175e+00,,,,-8.906163e-02,1.908674e+00,-3.457264e+00,9.515849e-03,1.443169e+00,-9.993242e-01,1.755413e+00,0,0.008537,0.242083,-0.278805,3.693363e-01
34.620000,SS,SS,5,2.143709e+00,-7.928441e-01,5.148835e+00,,,,-8.877255e-02,1.979621e+00,-3.505044e+00,1.442921e-03,1.425415e+00,-8.807534e-01,1.675571e+00,0,0.008342,0.244231,-0.281670,3.729026e-01
34.720000,SS,SS,5,2.053201e+00,-5.587049e-01,5.132216e+00,,,,-8.894023e-02,2.050497e+00,-3.548098e+00,-4.158995e-03,1.407322e+00,-7.627195e-01,1.600723e+00,0,0.008066,0.246613,-0.284771,3.767991e-01
34.820000,SS,SS,5,1.942818e+00,-3.076576e-01,5.100127e+00,,,,-8.947060e-02,2.121129e+00,-3.586308e+00,-7.981134e-03,1.383577e+00,-6.419874e-01,1.525286e+00,0,0.007713,0.249222,-0.288081,3.810010e-01
34.920000,SS,SS,5,1.814301e+00,-4.061460e-02,5.050111e+00,,,,-9.027014e-02,2.191281e+00,-3.619508e+00,-9.851791e-03,1.355016e+00,-5.193361e-01,1.451163e+00,0,0.007286,0.252053,-0.291572,3.854842e-01
35.020000,SS,SS,5,1.669102e+00,2.395421e-01,4.980374e+00,,,,-9.124021e-02,2.260715e+00,-3.647523e+00,-9.734665e-03,1.322059e+00,-3.951832e-01,1.379893e+00,0,0.006793,0.255097,-0.295213,3.902196e-01
35.120000,SS,SS,5,1.509331e+00,5.324545e-01,4.889473e+00,,,,-9.229042e-02,2.329147e+00,-3.670167e+00,-7.894466e-03,1.284222e+00,-2.702489e-01,1.312373e+00,0,0.006241,0.258347,-0.298974,3.951804e-01
35.220000,SS,SS,5,1.337747e+00,8.407735e-01,4.776051e+00,,,,-9.334937e-02,2.396228e+00,-3.687269e+00,-4.777545e-03,1.240875e+00,-1.458926e-01,1.249431e+00,0,0.005638,0.261793,-0.302823,4.003363e-01
35.320000,SS,SS,5,1.154412e+00,1.155216e+00,4.639565e+00,,,,-9.434276e-02,2.461572e+00,-3.698689e+00,-5.004780e-04,1.188570e+00,-2.116192e-02,1.188758e+00,0,0.004993,0.265425,-0.306729,4.056575e-01
35.420000,SS,SS,5,9.611705e-01,1.473040e+00,4.479134e+00,,,,-9.520026e-02,2.524678e+00,-3.704300e+00,5.004512e-03,1.127421e+00,1.011225e-01,1.131958e+00,0,0.004316,0.269232,-0.310659,4.111125e-01
35.520000,SS,SS,5,7.602091e-01,1.791168e+00,4.293876e+00,,,,-9.585550e-02,2.584985e+00,-3.704068e+00,1.147068e-02,1.057484e+00,2.164002e-01,1.079460e+00,0,0.003620,0.273199,-0.314580,4.166670e-01
35.620000,SS,SS,5,5.580721e-01,2.124802e+00,4.082046e+00,,,,-9.628630e-02,2.641700e+00,-3.698076e+00,1.777397e-02,9.658317e-01,3.308219e-01,1.021073e+00,0,0.002913,0.277312,-0.318459,4.222873e-01
35.720000,SS,SS,5,3.548390e-01,2.456944e+00,3.843350e+00,,,,-9.646406e-02,2.693743e+00,-3.686227e+00,2.451579e-02,8.525736e-01,4.419689e-01,9.606348e-01,0,0.002210,0.281552,-0.322264,4.279375e-01
35.820000,SS,SS,5,1.526266e-01,2.776799e+00,3.577093e+00,,,,-9.635321e-02,2.739915e+00,-3.668532e+00,3.177753e-02,7.092453e-01,5.547527e-01,9.009935e-01,0,0.001521,0.285895,-0.325962,4.335775e-01
35.920000,SS,SS,5,-4.465717e-02,3.077978e+00,3.282082e+00,,,,-9.590243e-02,2.778401e+00,-3.644553e+00,4.070083e-02,5.185387e-01,6.859941e-01,8.608872e-01,0,0.000858,0.290315,-0.329521,4.391670e-01
36.020000,SS,SS,5,-2.301833e-01,3.361967e+00,2.956954e+00,,,,-9.493059e-02,2.807017e+00,-3.613506e+00,5.533620e-02,2.826490e-01,8.362208e-01,8.844308e-01,0,0.000237,0.294775,-0.332905,4.446550e-01
36.120000,SS,SS,5,-3.944977e-01,3.630360e+00,2.600050e+00,,,,-9.313967e-02,2.824889e+00,-3.576246e+00,7.439963e-02,3.680304e-02,9.514210e-01,9.550349e-01,0,-0.000328,0.299234,-0.336081,4.499906e-01
36.220000,SS,SS,5,-5.340259e-01,3.847630e+00,2.209178e+00,,,,-9.054808e-02,2.831256e+00,-3.534613e+00,8.889776e-02,-2.411522e-01,1.036229e+00,1.067627e+00,0,-0.000819,0.303649,-0.339020,4.551241e-01
36.320000,SS,SS,5,-6.424148e-01,4.007303e+00,1.783374e+00,,,,-8.732878e-02,2.823621e+00,-3.488600e+00,1.004826e-01,-5.685328e-01,1.124811e+00,1.264328e+00,0,-0.001220,0.307974,-0.341697,4.600069e-01
36.420000,SS,SS,5,-7.158853e-01,4.098763e+00,1.324937e+00,,,,-8.348453e-02,2.800589e+00,-3.438648e+00,1.108744e-01,-9.151033e-01,1.196001e+00,1.510008e+00,0,-0.001517,0.312152,-0.344090,4.645849e-01
36.520000,SS,SS,5,-7.421958e-01,4.151926e+00,8.369291e-01,,,,-7.909062e-02,2.760512e+00,-3.385316e+00,1.181157e-01,-1.298275e+00,1.259343e+00,1.812571e+00,0,-0.001696,0.316128,-0.346176,4.688044e-01
36.620000,SS,SS,5,-7.241911e-01,4.124321e+00,3.221769e-01,,,,-7.423233e-02,2.702645e+00,-3.329223e+00,1.227132e-01,-1.676511e+00,1.295811e+00,2.122469e+00,0,-0.001744,0.319838,-0.347937,4.726093e-01
36.720000,SS,SS,5,-6.623096e-01,4.002061e+00,-2.145694e-01,,,,-6.906215e-02,2.627087e+00,-3.271186e+00,1.223078e-01,-2.040097e+00,1.309720e+00,2.427410e+00,0,-0.001650,0.323223,-0.349358,4.759484e-01
36.820000,SS,SS,5,-5.583390e-01,3.783452e+00,-7.668284e-01,,,,-6.379021e-02,2.534098e+00,-3.211475e+00,1.165658e-01,-2.396176e+00,1.328048e+00,2.742072e+00,0,-0.001409,0.326225,-0.350428,4.787740e-01
36.920000,SS,SS,5,-4.131963e-01,3.487292e+00,-1.326621e+00,,,,-5.853913e-02,2.424657e+00,-3.150616e+00,1.080350e-01,-2.713250e+00,1.327403e+00,3.022482e+00,0,-0.001014,0.328790,-0.351134,4.810395e-01
37.020000,SS,SS,5,-2.290466e-01,3.127618e+00,-1.887016e+00,,,,-5.342354e-02,2.300294e+00,-3.089230e+00,9.642909e-02,-2.997798e+00,1.324332e+00,3.278711e+00,0,-0.000465,0.330869,-0.351471,4.827073e-01
37.120000,SS,SS,5,-1.896407e-02,2.671908e+00,-2.442437e+00,,,,-4.859003e-02,2.163280e+00,-3.027403e+00,8.173711e-02,-3.213140e+00,1.307920e+00,3.470101e+00,0,0.000238,0.332421,-0.351432,4.837440e-01
37.220000,SS,SS,5,2.075316e-01,2.128762e+00,-2.984838e+00,,,,-4.421270e-02,2.016802e+00,-2.964960e+00,6.069205e-02,-3.340248e+00,1.365965e+00,3.609266e+00,0,0.001091,0.333419,-0.351012,4.841269e-01
37.320000,SS,SS,5,4.376222e-01,1.516635e+00,-3.495639e+00,,,,-4.108259e-02,1.872825e+00,-2.897577e+00,1.625878e-02,-3.082568e+00,1.384822e+00,3.379382e+00,0,0.002081,0.333861,-0.350195,4.838430e-01
37.420000,SS,SS,5,6.431626e-01,9.848850e-01,-3.856261e+00,,,,-3.993516e-02,1.739115e+00,-2.830777e+00,-3.699626e-02,-2.871536e+00,1.402860e+00,3.196108e+00,0,0.003182,0.333796,-0.348971,4.829189e-01
37.520000,SS,SS,5,7.970546e-01,5.150503e-01,-4.070902e+00,,,,-4.077361e-02,1.613556e+00,-2.761522e+00,-8.219631e-02,-2.649404e+00,1.428450e+00,3.011074e+00,0,0.004369,0.333264,-0.347328,4.813738e-01
37.620000,SS,SS,5,8.944435e-01,9.464899e-02,-4.159904e+00,,,,-4.323429e-02,1.497298e+00,-2.690853e+00,-1.184612e-01,-2.410993e+00,1.430498e+00,2.805930e+00,0,0.005617,0.332308,-0.345260,4.792334e-01
37.720000,SS,SS,5,9.415957e-01,-2.758527e-01,-4.136292e+00,,,,-4.698265e-02,1.390464e+00,-2.619453e+00,-1.461165e-01,-2.177340e+00,1.420009e+00,2.603572e+00,0,0.006904,0.330972,-0.342766,4.765277e-01
37.820000,SS,SS,5,9.379081e-01,-5.670937e-01,-4.104497e+00,,,,-5.148798e-02,1.292156e+00,-2.547366e+00,-1.606881e-01,-1.982304e+00,1.426838e+00,2.447696e+00,0,0.008214,0.329297,-0.339851,4.732892e-01
37.920000,SS,SS,5,8.922442e-01,-7.779348e-01,-4.109926e+00,,,,-5.615000e-02,1.200972e+00,-2.474070e+00,-1.615404e-01,-1.821830e+00,1.443313e+00,2.329874e+00,0,0.009538,0.327317,-0.336518,4.695442e-01
38.020000,SS,SS,5,8.295154e-01,-9.639846e-01,-4.034219e+00,,,,-6.064523e-02,1.116702e+00,-2.400263e+00,-1.559247e-01,-1.646535e+00,1.415122e+00,2.176686e+00,0,0.010870,0.325062,-0.332775,4.653200e-01
38.120000,SS,SS,5,7.580892e-01,-1.127552e+00,-3.886058e+00,,,,-6.474738e-02,1.039604e+00,-2.327574e+00,-1.455748e-01,-1.474393e+00,1.360416e+00,2.011407e+00,0,0.012206,0.322562,-0.328637,4.606490e-01
38.220000,SS,SS,5,6.853367e-01,-1.270023e+00,-3.675357e+00,,,,-6.826641e-02,9.697066e-01,-2.257282e+00,-1.314715e-01,-1.303255e+00,1.277935e+00,1.829994e+00,0,0.013545,0.319850,-0.324127,4.555720e-01
38.320000,SS,SS,5,5.994822e-01,-1.354901e+00,-3.574641e+00,,,,-7.087760e-02,9.061952e-01,-2.189456e+00,-1.096348e-01,-1.167065e+00,1.216138e+00,1.689098e+00,0,0.014887,0.316951,-0.319272,4.501268e-01
38.420000,SS,SS,5,5.243957e-01,-1.427357e+00,-3.439232e+00,,,,-7.241279e-02,8.491662e-01,-2.125042e+00,-8.511611e-02,-1.009574e+00,1.106950e+00,1.500607e+00,0,0.016233,0.313893,-0.314102,4.443562e-01
38.520000,SS,SS,5,4.650333e-01,-1.491143e+00,-3.270715e+00,,,,-7.281987e-02,7.992580e-01,-2.065910e+00,-5.995995e-02,-8.472534e-01,9.679700e-01,1.287789e+00,0,0.017584,0.310702,-0.308655,4.383068e-01
38.620000,SS,SS,5,4.241865e-01,-1.546422e+00,-3.079356e+00,,,,-7.205330e-02,7.568922e-01,-2.013437e+00,-3.383777e-02,-6.758594e-01,8.009230e-01,1.048527e+00,0,0.018942,0.307406,-0.302976,4.320321e-01
38.720000,SS,SS,5,4.037357e-01,-1.593650e+00,-2.875214e+00,,,,-7.007707e-02,7.226667e-01,-1.969043e+00,-7.186351e-03,-4.938084e-01,6.063834e-01,7.820481e-01,0,0.020306,0.304034,-0.297117,4.255908e-01
38.820000,SS,SS,5,4.049750e-01,-1.632640e+00,-2.668141e+00,,,,-6.686663e-02,6.972353e-01,-1.934081e+00,1.991191e-02,-3.001180e-01,3.864409e-01,4.896977e-01,0,0.021676,0.300619,-0.291136,4.190487e-01
38.920000,SS,SS,5,4.286273e-01,-1.662959e+00,-2.467795e+00,,,,-6.238171e-02,6.811356e-01,-1.909572e+00,4.839744e-02,-9.718761e-02,1.499014e-01,1.850896e-01,0,0.023048,0.297193,-0.285099,4.124759e-01
39.020000,SS,SS,5,4.750827e-01,-1.684804e+00,-2.283494e+00,,,,-5.787406e-02,6.747032e-01,-1.892178e+00,1.251747e-02,9.343247e-02,1.654511e-02,9.570817e-02,0,0.024417,0.293790,-0.279062,4.059364e-01
39.120000,SS,SS,5,5.044673e-01,-1.688691e+00,-2.118086e+00,,,,-5.621644e-02,6.750296e-01,-1.886087e+00,-4.580687e-02,1.965932e-01,-2.379920e-01,3.120695e-01,0,0.025754,0.290440,-0.273064,3.994779e-01
39.220000,SS,SS,5,4.908957e-01,-1.674929e+00,-1.967424e+00,,,,-5.594080e-02,6.773836e-01,-1.884422e+00,-5.556395e-02,2.038257e-01,-2.288409e-01,3.114489e-01,0,0.027038,0.287155,-0.267133,3.931273e-01
39.320000,SS,SS,5,4.598443e-01,-1.651424e+00,-1.826655e+00,,,,-5.575161e-02,6.798421e-01,-1.880816e+00,-5.393474e-02,2.098674e-01,-1.990416e-01,2.942292e-01,0,0.028266,0.283937,-0.261269,3.868859e-01
39.420000,DS,DS_terminal,5,,,,-8.615558e-01,-1.374974e+00,-2.657167e+00,-1.763196e-02,7.185347e-01,-1.770522e+00,8.625037e-01,1.009277e+00,2.009168e+00,2.408175e+00,0,0.030048,0.281373,-0.253768,3.800945e-01
39.520000,DS,DS_terminal,5,,,,2.503885e-01,-2.410971e-01,8.974071e-01,-6.796302e-04,7.482540e-01,-1.729406e+00,-2.522245e-01,2.325036e-01,-6.620479e-01,7.456424e-01,0,0.031698,0.278617,-0.247305,3.738876e-01
39.620000,DS,DS_terminal,5,,,,2.706329e-01,-1.863087e-01,1.130853e+00,-1.140354e-02,7.513763e-01,-1.756689e+00,-2.616724e-01,1.992448e-01,-8.768651e-01,9.365166e-01,0,0.032998,0.275964,-0.241341,3.680903e-01
39.720000,DS,DS_terminal,5,,,,2.367346e-01,-1.266462e-01,9.675354e-01,-2.140133e-02,7.523465e-01,-1.785671e+00,-2.306983e-01,1.200703e-01,-7.801713e-01,8.223782e-01,0,0.034197,0.273390,-0.235613,3.625259e-01
39.820000,DS,DS_terminal,5,,,,1.949718e-01,-1.242760e-01,7.738283e-01,-2.932488e-02,7.522096e-01,-1.806411e+00,-1.904106e-01,1.229153e-01,-6.189220e-01,6.591121e-01,0,0.035270,0.270860,-0.230093,3.571441e-01
39.920000,DS,DS_terminal,5,,,,1.637832e-01,-1.110739e-01,6.255914e-01,-3.586007e-02,7.522297e-01,-1.820943e+00,-1.590296e-01,1.155919e-01,-4.895518e-01,5.275537e-01,0,0.036217,0.268375,-0.224774,3.519377e-01
40.020000,DS,DS_terminal,5,,,,1.301041e-01,-9.355548e-02,4.537160e-01,-4.099791e-02,7.515824e-01,-1.828777e+00,-1.251903e-01,9.758589e-02,-3.412021e-01,3.763170e-01,0,0.037066,0.265926,-0.219609,3.468698e-01
40.120000,DS,DS_terminal,5,,,,1.000617e-01,-7.905982e-02,3.019418e-01,-4.471302e-02,7.500690e-01,-1.829768e+00,-9.519225e-02,8.102758e-02,-2.114453e-01,2.456342e-01,0,0.037837,0.263509,-0.214560,3.419132e-01
40.220000,DS,DS_terminal,5,,,,7.730863e-02,-6.616811e-02,1.943472e-01,-4.727758e-02,7.477874e-01,-1.825385e+00,-7.247092e-02,6.668985e-02,-1.196001e-01,1.549315e-01,0,0.038545,0.261121,-0.209604,3.370515e-01
40.320000,DS,DS_terminal,5,,,,6.066010e-02,-5.716190e-02,1.306955e-01,-4.900210e-02,7.447116e-01,-1.817163e+00,-5.585136e-02,5.638578e-02,-6.594206e-02,1.031847e-01,0,0.039203,0.258762,-0.204719,3.322718e-01
40.420000,DS,DS_terminal,5,,,,4.837765e-02,-7.429555e-02,1.466586e-01,-5.012883e-02,7.408473e-01,-1.806395e+00,-4.360583e-02,7.117560e-02,-8.369028e-02,1.182011e-01,0,0.039817,0.256427,-0.199891,3.275616e-01
40.520000,DS,DS_terminal,5,,,,3.815606e-02,-1.275469e-01,2.556430e-01,-5.086274e-02,7.361659e-01,-1.794448e+00,-3.339028e-02,1.201027e-01,-1.852891e-01,2.233195e-01,0,0.040395,0.254113,-0.195112,3.229146e-01
40.620000,DS,DS_terminal,5,,,,3.248162e-02,-1.178560e-01,2.431259e-01,-5.139491e-02,7.305713e-01,-1.781901e+00,-2.785301e-02,1.099310e-01,-1.757104e-01,2.091286e-01,0,0.040942,0.251819,-0.190376,3.183270e-01
40.720000,DS,DS_terminal,5,,,,2.799799e-02,-1.018970e-01,2.147099e-01,-5.180710e-02,7.244194e-01,-1.769068e+00,-2.355351e-02,9.391370e-02,-1.516482e-01,1.799214e-01,0,0.041458,0.249540,-0.185684,3.137954e-01
40.820000,DS,DS_terminal,5,,,,2.421833e-02,-8.610442e-02,1.834130e-01,-5.210103e-02,7.180063e-01,-1.756114e+00,-1.994870e-02,7.826042e-02,-1.246795e-01,1.485517e-01,0,0.041947,0.247277,-0.181034,3.093199e-01
40.920000,DS,DS_terminal,5,,,,2.077580e-02,-7.165181e-02,1.519218e-01,-5.227380e-02,7.115424e-01,-1.743137e+00,-1.665652e-02,6.387746e-02,-9.726574e-02,1.175517e-01,0,0.042411,0.245028,-0.176425,3.048987e-01
41.020000,DS,DS_terminal,5,,,,1.751641e-02,-5.858694e-02,1.206686e-01,-5.231889e-02,7.051436e-01,-1.730155e+00,-1.352809e-02,5.071040e-02,-6.989908e-02,8.740958e-02,0,0.042852,0.242794,-0.171855,3.005318e-01
41.120000,DS,DS_terminal,5,,,,1.465905e-02,-4.581362e-02,8.975452e-02,-5.223839e-02,6.988651e-01,-1.717171e+00,-1.078998e-02,3.777939e-02,-4.266784e-02,5.800216e-02,0,0.043271,0.240575,-0.167325,2.962201e-01
41.220000,DS,DS_terminal,5,,,,1.247026e-02,-3.230489e-02,5.980466e-02,-5.204644e-02,6.927194e-01,-1.704205e+00,-8.715362e-03,2.418884e-02,-1.609889e-02,3.033532e-02,0,0.043673,0.238372,-0.162832,2.919637e-01
41.320000,DS,DS_terminal,5,,,,1.113379e-02,-1.798889e-02,3.295789e-02,-5.176764e-02,6.866875e-01,-1.691309e+00,-7.493389e-03,9.920645e-03,7.902941e-03,1.473182e-02,0,0.044057,0.236186,-0.158376,2.877635e-01
41.420000,DS,DS_terminal,5,,,,1.060733e-02,-5.386719e-03,1.488974e-02,-5.143593e-02,6.807304e-01,-1.678589e+00,-7.083347e-03,-2.620155e-03,2.415825e-02,2.531126e-02,0,0.044426,0.234016,-0.153957,2.836193e-01
41.520000,DS,DS_terminal,5,,,,1.051024e-02,1.596023e-03,1.055067e-02,-5.109169e-02,6.747937e-01,-1.666169e+00,-7.101377e-03,-9.732069e-03,2.801209e-02,3.049295e-02,0,0.044780,0.231863,-0.149574,2.795319e-01
41.620000,DS,DS_terminal,5,,,,1.073411e-02,4.956171e-03,1.436961e-02,-5.077427e-02,6.688083e-01,-1.654102e+00,-7.442001e-03,-1.328567e-02,2.446213e-02,2.881472e-02,0,0.045121,0.229726,-0.145228,2.755016e-01
41.720000,DS,DS_terminal,5,,,,1.135596e-02,8.039589e-03,2.004759e-02,-5.051445e-02,6.627191e-01,-1.642397e+00,-8.188194e-03,-1.645334e-02,1.927468e-02,2.663216e-02,0,0.045448,0.227606,-0.140920,2.715298e-01
41.820000,DS,DS_terminal,5,,,,1.229278e-02,1.136398e-02,2.606984e-02,-5.033367e-02,6.564981e-01,-1.631060e+00,-9.257178e-03,-1.975615e-02,1.382905e-02,2.583106e-02,0,0.045761,0.225501,-0.136651,2.676159e-01
41.920000,DS,DS_terminal,5,,,,1.343601e-02,1.477833e-02,3.206408e-02,-5.024690e-02,6.501331e-01,-1.620092e+00,-1.053955e-02,-2.307963e-02,8.442786e-03,2.674008e-02,0,0.046061,0.223411,-0.132421,2.637601e-01
42.020000,DS,DS_terminal,5,,,,1.467657e-02,1.809149e-02,3.769361e-02,-5.026372e-02,6.436217e-01,-1.609486e+00,-1.192533e-02,-2.626419e-02,3.388943e-03,2.904318e-02,0,0.046346,0.221334,-0.128232,2.599618e-01
42.120000,DS,DS_terminal,5,,,,1.587657e-02,2.107566e-02,4.249126e-02,-5.038733e-02,6.369716e-01,-1.599217e+00,-1.327435e-02,-2.911573e-02,-9.512823e-04,3.201311e-02,0,0.046617,0.219271,-0.124084,2.562221e-01
42.220000,DS,DS_terminal,5,,,,1.685992e-02,2.344976e-02,4.588281e-02,-5.061207e-02,6.302035e-01,-1.589237e+00,-1.440613e-02,-3.139649e-02,-4.104840e-03,3.478686e-02,0,0.046874,0.217220,-0.119977,2.525395e-01
42.320000,DS,DS_terminal,5,,,,1.744846e-02,2.493034e-02,4.736964e-02,-5.092199e-02,6.233522e-01,-1.579475e+00,-1.513654e-02,-3.286936e-02,-5.660070e-03,3.662712e-02,0,0.047115,0.215180,-0.115913,2.489138e-01
42.420000,DS,DS_terminal,5,,,,1.752196e-02,2.534003e-02,4.671779e-02,-5.129236e-02,6.164644e-01,-1.569844e+00,-1.533978e-02,-3.338863e-02,-5.425401e-03,3.714222e-02,0,0.047342,0.213152,-0.111890,2.453455e-01
42.520000,DS,DS_terminal,5,,,,1.705660e-02,2.468403e-02,4.402672e-02,-5.169402e-02,6.095907e-01,-1.560252e+00,-1.498856e-02,-3.296382e-02,-3.486382e-03,3.637891e-02,0,0.047553,0.211135,-0.107910,2.418343e-01
42.620000,DS,DS_terminal,5,,,,1.611936e-02,2.313726e-02,3.966651e-02,-5.209853e-02,6.027777e-01,-1.550617e+00,-1.414905e-02,-3.174884e-02,-1.524258e-04,3.475928e-02,0,0.047751,0.209129,-0.103970,2.383797e-01
42.720000,DS,DS_terminal,5,,,,1.483080e-02,2.096606e-02,3.414237e-02,-5.248199e-02,5.960617e-01,-1.540877e+00,-1.294292e-02,-2.997578e-02,4.156318e-03,3.291415e-02,0,0.047935,0.207134,-0.100070,2.349814e-01
42.820000,DS,DS_terminal,5,,,,1.332262e-02,1.844287e-02,2.796008e-02,-5.282683e-02,5.894671e-01,-1.530991e+00,-1.150393e-02,-2.788191e-02,9.020350e-03,3.148187e-02,0,0.048107,0.205152,-0.096208,2.316411e-01
42.920000,DS,DS_terminal,5,,,,1.170908e-02,1.579251e-02,2.154113e-02,-5.312167e-02,5.830072e-01,-1.520934e+00,-9.948423e-03,-2.566340e-02,1.409055e-02,3.092127e-02,0,0.048267,0.203181,-0.092383,2.283568e-01
43.020000,DS,DS_terminal,5,,,,9.901985e-03,1.282752e-02,1.456042e-02,-5.333360e-02,5.767344e-01,-1.510627e+00,-8.171492e-03,-2.315788e-02,1.966867e-02,3.146295e-02,0,0.048416,0.201223,-0.088593,2.251300e-01
43.120000,DS,DS_terminal,5,,,,7.019434e-03,7.683235e-03,4.238946e-03,-5.341993e-02,5.707206e-01,-1.499970e+00,-5.291607e-03,-1.871256e-02,2.799745e-02,3.408839e-02,0,0.048557,0.199278,-0.084837,2.219613e-01
43.220000,DS,DS_terminal,5,,,,4.175036e-03,2.596211e-03,-5.544961e-03,-5.338017e-02,5.649625e-01,-1.488984e+00,-2.440698e-03,-1.429184e-02,3.587627e-02,3.869523e-02,0,0.048690,0.197348,-0.081111,2.188514e-01
43.320000,DS,DS_terminal,5,,,,1.556714e-03,-2.027513e-03,-1.430810e-02,-5.321833e-02,5.594488e-01,-1.477699e+00,1.886901e-04,-1.025875e-02,4.291820e-02,4.412765e-02,0,0.048818,0.195433,-0.077414,2.158013e-01
43.420000,DS,DS_terminal,5,,,,-7.992555e-04,-6.145165e-03,-2.195888e-02,-5.294390e-02,5.541601e-01,-1.466154e+00,2.560775e-03,-6.654698e-03,4.905370e-02,4.956922e-02,0,0.048941,0.193535,-0.073745,2.128129e-01
43.520000,DS,DS_terminal,5,,,,-2.906529e-03,-9.801867e-03,-2.855444e-02,-5.256677e-02,5.490776e-01,-1.454392e+00,4.688806e-03,-3.440399e-03,5.432806e-02,5.463844e-02,0,0.049060,0.191653,-0.070100,2.098851e-01
43.620000,DS,DS_terminal,5,,,,-4.778691e-03,-1.303084e-02,-3.416096e-02,-5.209647e-02,5.441839e-01,-1.442449e+00,6.585551e-03,-5.873373e-04,5.879386e-02,5.916445e-02,0,0.049177,0.189789,-0.066480,2.070213e-01
43.720000,DS,DS_terminal,5,,,,-6.426768e-03,-1.585896e-02,-3.883865e-02,-5.154223e-02,5.394626e-01,-1.430362e+00,8.261034e-03,1.927070e-03,6.249935e-02,6.307240e-02,0,0.049293,0.187942,-0.062883,2.042211e-01
43.820000,DS,DS_terminal,5,,,,-7.861176e-03,-1.831291e-02,-4.264453e-02,-5.091308e-02,5.348983e-01,-1.418166e+00,9.724756e-03,4.125394e-03,6.549023e-02,6.633672e-02,0,0.049408,0.186115,-0.059307,2.014876e-01
43.920000,DS,DS_terminal,5,,,,-9.092792e-03,-2.041915e-02,-4.563652e-02,-5.021779e-02,5.304766e-01,-1.405893e+00,1.098687e-02,6.030071e-03,6.781301e-02,6.896142e-02,0,0.049523,0.184306,-0.055752,1.988203e-01
44.020000,DS,DS_terminal,5,,,,-1.013340e-02,-2.220317e-02,-4.787530e-02,-4.946486e-02,5.261839e-01,-1.393572e+00,1.205854e-02,7.662594e-03,6.951671e-02,7.096969e-02,0,0.049638,0.182516,-0.052217,1.962209e-01
44.120000,DS,DS_terminal,5,,,,-1.099536e-02,-2.368941e-02,-4.942304e-02,-4.866239e-02,5.220077e-01,-1.381232e+00,1.295157e-02,9.043458e-03,7.065178e-02,7.239614e-02,0,0.049755,0.180745,-0.048702,1.936910e-01
44.220000,DS,DS_terminal,5,,,,-1.169113e-02,-2.490132e-02,-5.034138e-02,-4.781811e-02,5.179361e-01,-1.368899e+00,1.367787e-02,1.019230e-02,7.126833e-02,7.328125e-02,0,0.049873,0.178993,-0.045207,1.912315e-01
44.320000,DS,DS_terminal,5,,,,-1.223303e-02,-2.586139e-02,-5.069060e-02,-4.693933e-02,5.139582e-01,-1.356597e+00,1.424934e-02,1.112797e-02,7.141542e-02,7.366843e-02,0,0.049993,0.177261,-0.041730,1.888443e-01
44.420000,DS,DS_terminal,5,,,,-1.263332e-02,-2.659112e-02,-5.052955e-02,-4.603294e-02,5.100641e-01,-1.344346e+00,1.467785e-02,1.186843e-02,7.114110e-02,7.360268e-02,0,0.050114,0.175549,-0.038271,1.865302e-01
44.520000,DS,DS_terminal,5,,,,-1.290412e-02,-2.711099e-02,-4.991549e-02,-4.510538e-02,5.062442e-01,-1.332166e+00,1.497518e-02,1.243081e-02,7.049215e-02,7.312950e-02,0,0.050237,0.173855,-0.034832,1.842894e-01
44.620000,DS,DS_terminal,5,,,,-1.305731e-02,-2.744047e-02,-4.890358e-02,-4.416265e-02,5.024900e-01,-1.320074e+00,1.515297e-02,1.283133e-02,6.951378e-02,7.229399e-02,0,0.050363,0.172182,-0.031410,1.821254e-01
44.720000,DS,DS_terminal,5,,,,-1.310442e-02,-2.759802e-02,-4.754655e-02,-4.321031e-02,4.987937e-01,-1.308086e+00,1.522251e-02,1.308541e-02,6.824922e-02,7.114006e-02,0,0.050491,0.170527,-0.028008,1.800368e-01
44.820000,DS,DS_terminal,5,,,,-1.305659e-02,-2.760112e-02,-4.589446e-02,-4.225344e-02,4.951481e-01,-1.296214e+00,1.519477e-02,1.320760e-02,6.673959e-02,6.971008e-02,0,0.050620,0.168891,-0.024623,1.780248e-01
44.920000,DS,DS_terminal,5,,,,-1.292452e-02,-2.746625e-02,-4.399453e-02,-4.129671e-02,4.915464e-01,-1.284469e+00,1.508032e-02,1.321168e-02,6.502373e-02,6.804447e-02,0,0.050752,0.167274,-0.021258,1.760916e-01
45.020000,DS,DS_terminal,5,,,,-1.271841e-02,-2.720895e-02,-4.189104e-02,-4.034434e-02,4.879829e-01,-1.272861e+00,1.488929e-02,1.311059e-02,6.313813e-02,6.618158e-02,0,0.050885,0.165676,-0.017912,1.742374e-01
45.120000,DS,DS_terminal,5,,,,-1.244798e-02,-2.684383e-02,-3.962525e-02,-3.940013e-02,4.844522e-01,-1.261398e+00,1.463131e-02,1.291652e-02,6.111681e-02,6.415743e-02,0,0.051020,0.164096,-0.014584,1.724623e-01
45.220000,DS,DS_terminal,5,,,,-1.212237e-02,-2.638456e-02,-3.723533e-02,-3.846747e-02,4.809493e-01,-1.250086e+00,1.431553e-02,1.264089e-02,5.899129e-02,6.200564e-02,0,0.051157,0.162535,-0.011276,1.707683e-01
45.320000,DS,DS_terminal,5,,,,-1.175020e-02,-2.584394e-02,-3.475634e-02,-3.754938e-02,4.774700e-01,-1.238930e+00,1.395055e-02,1.229440e-02,5.679058e-02,5.975734e-02,0,0.051295,0.160991,-0.007988,1.691540e-01
45.420000,DS,DS_terminal,5,,,,-1.133951e-02,-2.523390e-02,-3.222029e-02,-3.664846e-02,4.740104e-01,-1.227933e+00,1.354446e-02,1.188700e-02,5.454120e-02,5.744124e-02,0,0.051434,0.159464,-0.004720,1.676201e-01
45.520000,DS,DS_terminal,5,,,,-1.089798e-02,-2.456598e-02,-2.965705e-02,-3.576690e-02,4.705675e-01,-1.217098e+00,1.310502e-02,1.142839e-02,5.226795e-02,5.508437e-02,0,0.051574,0.157955,-0.001472,1.661681e-01
45.620000,DS,DS_terminal,5,,,,-1.044729e-02,-2.387843e-02,-2.716141e-02,-3.489920e-02,4.671595e-01,-1.206425e+00,1.265805e-02,1.095019e-02,5.005492e-02,5.277905e-02,0,0.051715,0.156464,0.001756,1.647984e-01
45.720000,DS,DS_terminal,5,,,,-9.993919e-03,-2.316411e-02,-2.481427e-02,-3.403438e-02,4.638224e-01,-1.195917e+00,1.221263e-02,1.044663e-02,4.797212e-02,5.059254e-02,0,0.051857,0.154989,0.004963,1.635095e-01
45.820000,DS,DS_terminal,5,,,,-9.493922e-03,-2.229405e-02,-2.255361e-02,-3.317007e-02,4.605724e-01,-1.185593e+00,1.172084e-02,9.807316e-03,4.596514e-02,4.843920e-02,0,0.051999,0.153531,0.008148,1.623024e-01
45.920000,DS,DS_terminal,5,,,,-8.907164e-03,-2.114368e-02,-2.032741e-02,-3.231319e-02,4.574036e-01,-1.175479e+00,1.113866e-02,8.923312e-03,4.399057e-02,4.624787e-02,0,0.052141,0.152089,0.011312,1.611760e-01
46.020000,DS,DS_terminal,5,,,,-8.235868e-03,-1.968151e-02,-1.819817e-02,-3.147753e-02,4.542917e-01,-1.165607e+00,1.046470e-02,7.767251e-03,4.209753e-02,4.406861e-02,0,0.052285,0.150665,0.014455,1.601331e-01
46.120000,DS,DS_terminal,5,,,,-7.520795e-03,-1.800063e-02,-1.623172e-02,-3.068185e-02,4.511937e-01,-1.156002e+00,9.731793e-03,6.427298e-03,4.030700e-02,4.196036e-02,0,0.052428,0.149257,0.017574,1.591703e-01
46.220000,DS,DS_terminal,5,,,,-6.905495e-03,-1.774897e-02,-1.184765e-02,-2.994576e-02,4.480584e-01,-1.146675e+00,9.088339e-03,6.359724e-03,3.639163e-02,3.804464e-02,0,0.052571,0.147866,0.020670,1.582887e-01
46.320000,DS,DS_terminal,5,,,,-5.829285e-03,-1.598529e-02,-7.296509e-03,-2.928490e-02,4.448315e-01,-1.137602e+00,7.976468e-03,4.936708e-03,3.240124e-02,3.373182e-02,0,0.052713,0.146489,0.023743,1.574847e-01
46.420000,DS,DS_terminal,5,,,,-4.544331e-03,-1.319396e-02,-3.447252e-03,-2.870353e-02,4.414830e-01,-1.128740e+00,6.650491e-03,2.582216e-03,2.905570e-02,2.991873e-02,0,0.052853,0.145127,0.026790,1.567577e-01
46.520000,DS,DS_terminal,5,,,,-3.330667e-03,-1.012816e-02,-7.858795e-04,-2.819699e-02,4.380071e-01,-1.120038e+00,5.392888e-03,-3.307385e-05,2.673585e-02,2.727435e-02,0,0.052991,0.143779,0.029813,1.561066e-01
46.620000,DS,DS_terminal,5,,,,-2.337832e-03,-7.333764e-03,7.522817e-04,-2.775450e-02,4.344178e-01,-1.111453e+00,4.356290e-03,-2.419569e-03,2.536640e-02,2.585122e-02,0,0.053126,0.142444,0.032811,1.555289e-01
46.720000,DS,DS_terminal,5,,,,-1.610602e-03,-5.076489e-03,1.416564e-03,-2.736242e-02,4.307411e-01,-1.102949e+00,3.587983e-03,-4.338192e-03,2.472638e-02,2.535917e-02,0,0.053258,0.141122,0.035783,1.550234e-01
46.820000,DS,DS_terminal,5,,,,-1.133454e-03,-3.424782e-03,1.479232e-03,-2.700671e-02,4.270082e-01,-1.094501e+00,3.073855e-03,-5.726076e-03,2.458151e-02,2.542611e-02,0,0.053386,0.139810,0.038731,1.545865e-01
46.920000,DS,DS_terminal,5,,,,-8.645799e-04,-2.342116e-03,1.178591e-03,-2.667475e-02,4.232497e-01,-1.086094e+00,2.772637e-03,-6.613523e-03,2.472903e-02,2.574784e-02,0,0.053511,0.138510,0.041654,1.542190e-01
47.020000,DS,DS_terminal,5,,,,-8.050215e-04,-1.954515e-03,7.678638e-04,-2.635600e-02,4.194929e-01,-1.077719e+00,2.686259e-03,-6.883691e-03,2.493993e-02,2.601156e-02,0,0.053632,0.137221,0.044552,1.539184e-01
47.120000,DS,DS_terminal,5,,,,-1.132839e-03,-3.006278e-03,4.006410e-04,-2.603808e-02,4.157672e-01,-1.069358e+00,2.995157e-03,-5.834319e-03,2.501341e-02,2.585887e-02,0,0.053750,0.135943,0.047427,1.536844e-01
47.220000,DS,DS_terminal,5,,,,-1.366747e-03,-3.643259e-03,-8.998653e-05,-2.571516e-02,4.120905e-01,-1.061014e+00,3.207876e-03,-5.175953e-03,2.522170e-02,2.594639e-02,0,0.053865,0.134675,0.050278,1.535144e-01
47.320000,DS,DS_terminal,5,,,,-1.216781e-03,-8.529049e-04,-5.207092e-03,-2.537407e-02,4.084768e-01,-1.052628e+00,3.046050e-03,-7.696503e-03,2.978113e-02,3.091004e-02,0,0.053977,0.133419,0.053106,1.534092e-01
47.420000,DS,DS_terminal,5,,,,-1.137876e-03,-3.213371e-03,3.883327e-04,-2.502826e-02,4.049183e-01,-1.044274e+00,2.958497e-03,-5.339445e-03,2.458391e-02,2.533044e-02,0,0.054086,0.132173,0.055911,1.533657e-01
47.520000,DS,DS_terminal,5,,,,-2.287480e-03,-3.611321e-03,-7.672749e-03,-2.466192e-02,4.014349e-01,-1.035897e+00,4.105874e-03,-5.261755e-03,3.161284e-02,3.230969e-02,0,0.054192,0.130937,0.058694,1.533827e-01
47.620000,DS,DS_terminal,5,,,,-1.032898e-03,-3.123997e-03,8.857967e-04,-2.431019e-02,3.979781e-01,-1.027633e+00,2.822767e-03,-5.300847e-03,2.392461e-02,2.466686e-02,0,0.054296,0.129713,0.061456,1.534613e-01
47.720000,DS,DS_terminal,5,,,,-2.371709e-03,-4.060819e-03,-7.467439e-03,-2.394995e-02,3.945680e-01,-1.019366e+00,4.155552e-03,-4.751371e-03,3.115216e-02,3.178524e-02,0,0.054398,0.128499,0.064195,1.535973e-01
47.820000,DS,DS_terminal,5,,,,-1.024362e-03,-3.316362e-03,1.183214e-03,-2.361353e-02,3.911717e-01,-1.011245e+00,2.778335e-03,-5.008268e-03,2.339312e-02,2.408402e-02,0,0.054497,0.127296,0.066914,1.537910e-01
47.920000,DS,DS_terminal,5,,,,-2.004141e-03,-3.362934e-03,-6.327116e-03,-2.327333e-02,3.878099e-01,-1.003125e+00,3.749738e-03,-5.202728e-03,2.992462e-02,3.060411e-02,0,0.054595,0.126103,0.069610,1.540394e-01
48.020000,DS,DS_terminal,5,,,,-1.001779e-03,-3.382606e-03,1.351567e-03,-2.295718e-02,3.844589e-01,-9.951456e-01,2.720304e-03,-4.821481e-03,2.297787e-02,2.363534e-02,0,0.054690,0.124921,0.072286,1.543422e-01
48.120000,DS,DS_terminal,5,,,,-1.681980e-03,-2.742655e-03,-5.335106e-03,-2.263673e-02,3.811425e-01,-9.871656e-01,3.391710e-03,-5.583534e-03,2.882260e-02,2.955371e-02,0,0.054782,0.123750,0.074940,1.546969e-01
48.220000,DS,DS_terminal,5,,,,-9.604973e-04,-3.342985e-03,1.471256e-03,-2.233733e-02,3.778403e-01,-9.793163e-01,2.645029e-03,-4.721315e-03,2.260973e-02,2.324837e-02,0,0.054873,0.122588,0.077573,1.551014e-01
48.320000,DS,DS_terminal,5,,,,-1.545419e-03,-2.533336e-03,-4.845040e-03,-2.203220e-02,3.745749e-01,-9.714638e-01,3.221161e-03,-5.613369e-03,2.813636e-02,2.887110e-02,0,0.054961,0.121437,0.080185,1.555548e-01
48.420000,DS,DS_terminal,5,,,,-9.430801e-04,-3.361124e-03,1.557221e-03,-2.174589e-02,3.713274e-01,-9.637376e-01,2.595398e-03,-4.569321e-03,2.226966e-02,2.288127e-02,0,0.055048,0.120295,0.082776,1.560546e-01
48.520000,DS,DS_terminal,5,,,,-1.504988e-03,-2.543983e-03,-4.594914e-03,-2.145279e-02,3.681167e-01,-9.560037e-01,3.148805e-03,-5.459720e-03,2.765287e-02,2.836203e-02,0,0.055132,0.119164,0.085347,1.566005e-01
48.620000,DS,DS_terminal,5,,,,-9.348863e-04,-3.392516e-03,1.616409e-03,-2.117757e-02,3.649265e-01,-9.483976e-01,2.556121e-03,-4.404772e-03,2.195202e-02,2.253502e-02,0,0.055214,0.118042,0.087897,1.571890e-01
48.720000,DS,DS_terminal,5,,,,-1.504653e-03,-2.643033e-03,-4.447519e-03,-2.089501e-02,3.617711e-01,-9.407776e-01,3.118115e-03,-5.234700e-03,2.725884e-02,2.793151e-02,0,0.055294,0.116930,0.090427,1.578198e-01
48.820000,DS,DS_terminal,5,,,,-9.061552e-04,-3.334083e-03,1.651055e-03,-2.063034e-02,3.586375e-01,-9.332906e-01,2.496926e-03,-4.318361e-03,2.165866e-02,2.222567e-02,0,0.055373,0.115828,0.092936,1.584910e-01
48.920000,DS,DS_terminal,5,,,,-1.514453e-03,-2.757611e-03,-4.333014e-03,-2.035788e-02,3.555354e-01,-9.257815e-01,3.098863e-03,-4.999792e-03,2.689639e-02,2.753210e-02,0,0.055449,0.114735,0.095426,1.592006e-01
49.020000,DS,DS_terminal,5,,,,-8.784560e-04,-3.202062e-03,1.538981e-03,-2.010508e-02,3.524543e-01,-9.184170e-01,2.439775e-03,-4.322035e-03,2.150494e-02,2.207023e-02,0,0.055523,0.113652,0.097896,1.599475e-01
49.120000,DS,DS_terminal,5,,,,-1.502618e-03,-2.805716e-03,-4.188118e-03,-1.984246e-02,3.494032e-01,-9.110161e-01,3.058943e-03,-4.823076e-03,2.651256e-02,2.712075e-02,0,0.055596,0.112578,0.100346,1.607297e-01
49.220000,DS,DS_terminal,5,,,,-1.486270e-03,-2.857668e-03,-3.906179e-03,-1.959786e-02,3.463735e-01,-9.037507e-01,3.020336e-03,-4.693852e-03,2.607774e-02,2.666839e-02,0,0.055667,0.111513,0.102776,1.615453e-01
49.320000,DS,DS_terminal,5,,,,-1.512787e-03,-2.789659e-03,-4.296366e-03,-1.935766e-02,3.433614e-01,-8.965198e-01,3.033063e-03,-4.682472e-03,2.629214e-02,2.687753e-02,0,0.055736,0.110458,0.105187,1.623939e-01
49.420000,DS,DS_terminal,5,,,,-1.552016e-03,-2.843772e-03,-4.508731e-03,-1.912059e-02,3.403771e-01,-8.893358e-01,3.061470e-03,-4.571845e-03,2.636195e-02,2.693003e-02,0,0.055803,0.109412,0.107578,1.632727e-01
49.520000,DS,DS_terminal,5,,,,-1.571435e-03,-2.971970e-03,-4.410931e-03,-1.888464e-02,3.374235e-01,-8.821940e-01,3.072606e-03,-4.404613e-03,2.617339e-02,2.671868e-02,0,0.055869,0.108375,0.109951,1.641819e-01
49.620000,DS,DS_terminal,5,,,,-1.685390e-03,-3.320911e-03,-4.546165e-03,-1.864959e-02,3.345021e-01,-8.750987e-01,3.175994e-03,-4.047755e-03,2.616302e-02,2.666411e-02,0,0.055933,0.107346,0.112304,1.651177e-01
49.720000,DS,DS_terminal,5,,,,-1.753033e-03,-3.541809e-03,-4.595743e-03,-1.841673e-02,3.316110e-01,-8.680557e-01,3.232216e-03,-3.799172e-03,2.607825e-02,2.655101e-02,0,0.055995,0.106327,0.114639,1.660812e-01
49.820000,DS,DS_terminal,5,,,,-1.755415e-03,-3.606708e-03,-4.487459e-03,-1.818712e-02,3.287472e-01,-8.610664e-01,3.223176e-03,-3.683567e-03,2.586392e-02,2.632299e-02,0,0.056056,0.105317,0.116955,1.670701e-01
49.920000,DS,DS_terminal,5,,,,-1.717331e-03,-3.575677e-03,-4.280303e-03,-1.796147e-02,3.259087e-01,-8.541312e-01,3.173716e-03,-3.649605e-03,2.556878e-02,2.602219e-02,0,0.056115,0.104315,0.119252,1.680820e-01
50.020000,DS,DS_terminal,5,,,,-1.660975e-03,-3.501708e-03,-4.027422e-03,-1.774016e-02,3.230940e-01,-8.472503e-01,3.106087e-03,-3.652159e-03,2.523652e-02,2.568790e-02,0,0.056173,0.103322,0.121532,1.691179e-01
50.120000,DS,DS_terminal,5,,,,-1.602859e-03,-3.423838e-03,-3.769707e-03,-1.752330e-02,3.203026e-01,-8.404231e-01,3.036847e-03,-3.658001e-03,2.490077e-02,2.535058e-02,0,0.056230,0.102338,0.123793,1.701752e-01
50.220000,DS,DS_terminal,5,,,,-1.552648e-03,-3.364392e-03,-3.532304e-03,-1.731078e-02,3.175342e-01,-8.336491e-01,2.975693e-03,-3.648218e-03,2.458230e-02,2.502906e-02,0,0.056285,0.101362,0.126035,1.712515e-01
50.320000,DS,DS_terminal,5,,,,-1.513969e-03,-3.331395e-03,-3.325304e-03,-1.710242e-02,3.147889e-01,-8.269274e-01,2.926272e-03,-3.616142e-03,2.428956e-02,2.473100e-02,0,0.056339,0.100395,0.128260,1.723481e-01
50.420000,DS,DS_terminal,5,,,,-1.486458e-03,-3.323718e-03,-3.148337e-03,-1.689799e-02,3.120666e-01,-8.202574e-01,2.888240e-03,-3.562898e-03,2.402239e-02,2.445632e-02,0,0.056391,0.099436,0.130467,1.734621e-01
50.520000,DS,DS_terminal,5,,,,-1.467891e-03,-3.336050e-03,-2.995980e-03,-1.669725e-02,3.093676e-01,-8.136386e-01,2.859382e-03,-3.493124e-03,2.377640e-02,2.420114e-02,0,0.056442,0.098486,0.132657,1.745940e-01
50.620000,DS,DS_terminal,5,,,,-1.455639e-03,-3.362219e-03,-2.861625e-03,-1.650001e-02,3.066920e-01,-8.070702e-01,2.837070e-03,-3.412149e-03,2.354619e-02,2.396069e-02,0,0.056492,0.097543,0.134829,1.757408e-01
50.720000,DS,DS_terminal,5,,,,-1.447398e-03,-3.396847e-03,-2.739412e-03,-1.630612e-02,3.040398e-01,-8.005520e-01,2.819002e-03,-3.324592e-03,2.332694e-02,2.373069e-02,0,0.056540,0.096609,0.136983,1.769023e-01
50.820000,DS,DS_terminal,5,,,,-1.441434e-03,-3.435901e-03,-2.624862e-03,-1.611544e-02,3.014108e-01,-7.940834e-01,2.803436e-03,-3.233908e-03,2.311496e-02,2.350785e-02,0,0.056588,0.095683,0.139120,1.780781e-01
50.920000,DS,DS_terminal,5,,,,-1.436565e-03,-3.476662e-03,-2.514854e-03,-1.592789e-02,2.988049e-01,-7.876640e-01,2.789188e-03,-3.142419e-03,2.290768e-02,2.328983e-02,0,0.056634,0.094766,0.141240,1.792672e-01
51.020000,DS,DS_terminal,5,,,,-1.432045e-03,-3.517445e-03,-2.407339e-03,-1.574337e-02,2.962219e-01,-7.812934e-01,2.775505e-03,-3.051556e-03,2.270341e-02,2.307510e-02,0,0.056679,0.093856,0.143343,1.804679e-01
51.120000,DS,DS_terminal,5,,,,-1.427430e-03,-3.557267e-03,-2.301024e-03,-1.556183e-02,2.936616e-01,-7.749712e-01,2.761939e-03,-2.962143e-03,2.250106e-02,2.286264e-02,0,0.056722,0.092953,0.145429,1.816789e-01
51.220000,DS,DS_terminal,5,,,,-1.422459e-03,-3.595573e-03,-2.195103e-03,-1.538321e-02,2.911238e-01,-7.686971e-01,2.748223e-03,-2.874633e-03,2.229996e-02,2.265181e-02,0,0.056765,0.092059,0.147498,1.829010e-01
51.320000,DS,DS_terminal,5,,,,-1.416980e-03,-3.632040e-03,-2.089081e-03,-1.520745e-02,2.886081e-01,-7.624706e-01,2.734196e-03,-2.789280e-03,2.209967e-02,2.244218e-02,0,0.056806,0.091173,0.149550,1.841321e-01
51.420000,DS,DS_terminal,5,,,,-1.410900e-03,-3.666472e-03,-1.982670e-03,-1.503452e-02,2.861145e-01,-7.562914e-01,2.719761e-03,-2.706227e-03,2.189995e-02,2.223350e-02,0,0.056847,0.090294,0.151586,1.853723e-01
51.520000,DS,DS_terminal,5,,,,-1.404171e-03,-3.698756e-03,-1.875734e-03,-1.486435e-02,2.836425e-01,-7.501591e-01,2.704863e-03,-2.625548e-03,2.170068e-02,2.202565e-02,0,0.056886,0.089423,0.153605,1.866199e-01
51.620000,DS,DS_terminal,5,,,,-1.396781e-03,-3.728848e-03,-1.768268e-03,-1.469690e-02,2.811921e-01,-7.440735e-01,2.689486e-03,-2.547263e-03,2.150183e-02,2.181858e-02,0,0.056924,0.088559,0.155609,1.878755e-01
51.720000,DS,DS_terminal,5,,,,-1.388749e-03,-3.756770e-03,-1.660377e-03,-1.453213e-02,2.787630e-01,-7.380341e-01,2.673643e-03,-2.471337e-03,2.130348e-02,2.161236e-02,0,0.056961,0.087703,0.157596,1.891372e-01
51.820000,DS,DS_terminal,5,,,,-1.380126e-03,-3.782609e-03,-1.552251e-03,-1.436997e-02,2.763550e-01,-7.320406e-01,2.657381e-03,-2.397685e-03,2.110580e-02,2.140713e-02,0,0.056998,0.086855,0.159567,1.904053e-01
51.920000,DS,DS_terminal,5,,,,-1.370984e-03,-3.806503e-03,-1.444145e-03,-1.421039e-02,2.739678e-01,-7.260928e-01,2.640766e-03,-2.326180e-03,2.090897e-02,2.120306e-02,0,0.057033,0.086013,0.161522,1.916777e-01
52.020000,DS,DS_terminal,5,,,,-1.361411e-03,-3.828629e-03,-1.336351e-03,-1.405334e-02,2.716015e-01,-7.201902e-01,2.623884e-03,-2.256665e-03,2.071324e-02,2.100037e-02,0,0.057067,0.085180,0.163461,1.929554e-01
52.120000,DS,DS_terminal,5,,,,-1.351506e-03,-3.849188e-03,-1.229173e-03,-1.389875e-02,2.692556e-01,-7.143326e-01,2.606828e-03,-2.188965e-03,2.051886e-02,2.079930e-02,0,0.057101,0.084353,0.165385,1.942374e-01
52.220000,DS,DS_terminal,5,,,,-1.341365e-03,-3.868386e-03,-1.122914e-03,-1.374660e-02,2.669301e-01,-7.085195e-01,2.589690e-03,-2.122900e-03,2.032607e-02,2.060006e-02,0,0.057133,0.083533,0.167293,1.955221e-01
52.320000,DS,DS_terminal,5,,,,-1.331087e-03,-3.886427e-03,-1.017867e-03,-1.359682e-02,2.646247e-01,-7.027507e-01,2.572564e-03,-2.058290e-03,2.013510e-02,2.040286e-02,0,0.057165,0.082721,0.169185,1.968100e-01
52.420000,DS,DS_terminal,5,,,,-1.320763e-03,-3.903508e-03,-9.143119e-04,-1.344937e-02,2.623394e-01,-6.970259e-01,2.555536e-03,-1.994965e-03,1.994619e-02,2.020795e-02,0,0.057196,0.081916,0.171062,1.981005e-01
52.520000,DS,DS_terminal,5,,,,-1.312954e-03,-3.926538e-03,-8.166706e-04,-1.330419e-02,2.600738e-01,-6.913446e-01,2.541164e-03,-1.926823e-03,1.976264e-02,2.001829e-02,0,0.057225,0.081117,0.172924,1.993925e-01
52.620000,DS,DS_terminal,5,,,,-1.300599e-03,-3.936332e-03,-7.131204e-04,-1.316126e-02,2.578279e-01,-6.857066e-01,2.522386e-03,-1.870856e-03,1.957569e-02,1.982600e-02,0,0.057255,0.080326,0.174771,2.006871e-01
52.720000,DS,DS_terminal,5,,,,-1.290426e-03,-3.950998e-03,-6.151811e-04,-1.302053e-02,2.556014e-01,-6.801117e-01,2.505911e-03,-1.810971e-03,1.939383e-02,1.963873e-02,0,0.057283,0.079541,0.176603,2.019820e-01
52.820000,DS,DS_terminal,5,,,,-1.280630e-03,-3.965663e-03,-5.199517e-04,-1.288196e-02,2.533942e-01,-6.745593e-01,2.489941e-03,-1.751530e-03,1.921501e-02,1.945467e-02,0,0.057310,0.078764,0.178420,2.032779e-01
52.920000,DS,DS_terminal,5,,,,-1.271314e-03,-3.980512e-03,-4.277441e-04,-1.274551e-02,2.512061e-01,-6.690493e-01,2.474572e-03,-1.692380e-03,1.903947e-02,1.927405e-02,0,0.057337,0.077993,0.180223,2.045746e-01
53.020000,DS,DS_terminal,5,,,,-1.262526e-03,-3.995632e-03,-3.387303e-04,-1.261114e-02,2.490368e-01,-6.635813e-01,2.459847e-03,-1.633444e-03,1.886734e-02,1.909700e-02,0,0.057363,0.077229,0.182010,2.058700e-01
53.120000,DS,DS_terminal,5,,,,-1.254316e-03,-4.011123e-03,-2.531025e-04,-1.247880e-02,2.468864e-01,-6.581549e-01,2.445811e-03,-1.574631e-03,1.869877e-02,1.892367e-02,0,0.057388,0.076471,0.183783,2.071651e-01
53.220000,DS,DS_terminal,5,,,,-1.246753e-03,-4.027121e-03,-1.710902e-04,-1.234846e-02,2.447545e-01,-6.527699e-01,2.432529e-03,-1.515821e-03,1.853394e-02,1.875425e-02,0,0.057412,0.075720,0.185542,2.084598e-01
53.320000,DS,DS_terminal,5,,,,-1.239917e-03,-4.043796e-03,-9.293703e-05,-1.222008e-02,2.426410e-01,-6.474260e-01,2.420074e-03,-1.456868e-03,1.837306e-02,1.858894e-02,0,0.057436,0.074975,0.187286,2.097527e-01
53.420000,DS,DS_terminal,5,,,,-1.233327e-03,-4.060947e-03,-1.560311e-05,-1.209363e-02,2.405458e-01,-6.421227e-01,2.407978e-03,-1.397889e-03,1.821357e-02,1.842516e-02,0,0.057459,0.074237,0.189017,2.110452e-01
53.520000,DS,DS_terminal,5,,,,-1.228895e-03,-4.080647e-03,5.132194e-05,-1.196907e-02,2.384686e-01,-6.368600e-01,2.398098e-03,-1.337240e-03,1.806342e-02,1.827091e-02,0,0.057481,0.073506,0.190733,2.123353e-01
53.620000,DS,DS_terminal,5,,,,-1.224628e-03,-4.100118e-03,1.165823e-04,-1.184637e-02,2.364094e-01,-6.316375e-01,2.388494e-03,-1.277191e-03,1.791540e-02,1.811899e-02,0,0.057503,0.072780,0.192435,2.136229e-01
53.720000,DS,DS_terminal,5,,,,-1.221529e-03,-4.121413e-03,1.770921e-04,-1.172551e-02,2.343679e-01,-6.264547e-01,2.380140e-03,-1.216003e-03,1.777201e-02,1.797187e-02,0,0.057523,0.072061,0.194123,2.149079e-01
53.820000,DS,DS_terminal,5,,,,-1.219614e-03,-4.144605e-03,2.328783e-04,-1.160644e-02,2.323439e-01,-6.213115e-01,2.373050e-03,-1.153616e-03,1.763321e-02,1.782953e-02,0,0.057544,0.071349,0.195797,2.161908e-01
53.920000,DS,DS_terminal,5,,,,-1.218953e-03,-4.169922e-03,2.838721e-04,-1.148914e-02,2.303374e-01,-6.162076e-01,2.367292e-03,-1.089836e-03,1.749907e-02,1.769207e-02,0,0.057563,0.070642,0.197458,2.174706e-01
54.020000,DS,DS_terminal,5,,,,-1.219622e-03,-4.197638e-03,3.300855e-04,-1.137359e-02,2.283480e-01,-6.111426e-01,2.362939e-03,-1.024433e-03,1.736954e-02,1.755944e-02,0,0.057582,0.069942,0.199105,2.187473e-01
54.120000,DS,DS_terminal,5,,,,-1.221686e-03,-4.228059e-03,3.716670e-04,-1.125975e-02,2.263758e-01,-6.061162e-01,2.360054e-03,-9.571517e-04,1.724451e-02,1.743156e-02,0,0.057601,0.069248,0.200738,2.200202e-01
54.220000,DS,DS_terminal,5,,,,-1.225191e-03,-4.261511e-03,4.089517e-04,-1.114760e-02,2.244204e-01,-6.011283e-01,2.358683e-03,-8.877225e-04,1.712368e-02,1.730814e-02,0,0.057618,0.068559,0.202359,2.212902e-01
54.320000,DS,DS_terminal,5,,,,-1.230147e-03,-4.298322e-03,4.425401e-04,-1.103713e-02,2.224818e-01,-5.961784e-01,2.358836e-03,-8.158782e-04,1.700654e-02,1.718872e-02,0,0.057636,0.067877,0.203966,2.225563e-01
54.420000,DS,DS_terminal,5,,,,-1.235807e-03,-4.337184e-03,4.752546e-04,-1.092830e-02,2.205598e-01,-5.912664e-01,2.359762e-03,-7.426950e-04,1.689070e-02,1.707091e-02,0,0.057652,0.067201,0.205559,2.238174e-01
54.520000,DS,DS_terminal,5,,,,-1.241612e-03,-4.376852e-03,5.086630e-04,-1.082116e-02,2.186540e-01,-5.863920e-01,2.360945e-03,-6.692938e-04,1.677503e-02,1.695357e-02,0,0.057668,0.066530,0.207140,2.250751e-01
54.620000,DS,DS_terminal,5,,,,-1.245936e-03,-4.414239e-03,5.484783e-04,-1.071573e-02,2.167642e-01,-5.815551e-01,2.360740e-03,-5.978410e-04,1.665443e-02,1.683153e-02,0,0.057684,0.065865,0.208708,2.263287e-01
54.720000,DS,DS_terminal,5,,,,-1.249260e-03,-4.449624e-03,5.909688e-04,-1.061204e-02,2.148901e-01,-5.767555e-01,2.359591e-03,-5.288276e-04,1.653259e-02,1.670850e-02,0,0.057699,0.065206,0.210262,2.275766e-01
54.820000,DS,DS_terminal,5,,,,-1.253521e-03,-4.489541e-03,6.359873e-04,-1.051002e-02,2.130319e-01,-5.719928e-01,2.359518e-03,-4.561144e-04,1.640910e-02,1.658415e-02,0,0.057713,0.064553,0.211804,2.288205e-01
54.920000,DS,DS_terminal,5,,,,-1.257944e-03,-4.532587e-03,6.863130e-04,-1.040959e-02,2.111892e-01,-5.672666e-01,2.359729e-03,-3.811374e-04,1.628177e-02,1.645629e-02,0,0.057727,0.063906,0.213334,2.300604e-01
55.020000,DS,DS_terminal,5,,,,-1.255422e-03,-4.562275e-03,7.604127e-04,-1.031069e-02,2.093622e-01,-5.625765e-01,2.353075e-03,-3.174692e-04,1.613504e-02,1.630881e-02,0,0.057740,0.063264,0.214850,2.312937e-01
55.120000,DS,DS_terminal,5,,,,-1.262513e-03,-4.619382e-03,8.200630e-04,-1.021326e-02,2.075508e-01,-5.579224e-01,2.356256e-03,-2.317299e-04,1.600118e-02,1.617539e-02,0,0.057753,0.062627,0.216355,2.325232e-01
55.220000,DS,DS_terminal,5,,,,-1.259690e-03,-4.657893e-03,9.146121e-04,-1.011727e-02,2.057549e-01,-5.533039e-01,2.349589e-03,-1.617020e-04,1.583852e-02,1.601266e-02,0,0.057765,0.061997,0.217846,2.337462e-01
55.320000,DS,DS_terminal,5,,,,-1.250953e-03,-4.688089e-03,1.035880e-03,-1.002266e-02,2.039744e-01,-5.487206e-01,2.337120e-03,-9.895336e-05,1.565395e-02,1.582776e-02,0,0.057777,0.061371,0.219326,2.349648e-01
55.420000,DS,DS_terminal,5,,,,-1.233538e-03,-4.706702e-03,1.197664e-03,-9.929428e-03,2.022091e-01,-5.441724e-01,2.316070e-03,-4.614602e-05,1.543567e-02,1.560853e-02,0,0.057788,0.060751,0.220793,2.361772e-01
55.520000,DS,DS_terminal,5,,,,-1.203670e-03,-4.707511e-03,1.415297e-03,-9.837571e-03,2.004588e-01,-5.396591e-01,2.282649e-03,-8.262048e-06,1.517054e-02,1.534131e-02,0,0.057799,0.060137,0.222248,2.373844e-01
55.620000,DS,DS_terminal,5,,,,-1.154167e-03,-4.681437e-03,1.723748e-03,-9.747113e-03,1.987234e-01,-5.351805e-01,2.229651e-03,7.605142e-06,1.482847e-02,1.499516e-02,0,0.057810,0.059527,0.223691,2.385857e-01
55.720000,DS,DS_terminal,5,,,,-1.070154e-03,-4.611287e-03,2.199195e-03,-9.658127e-03,1.970026e-01,-5.307368e-01,2.142154e-03,-1.138791e-05,1.434347e-02,1.450255e-02,0,0.057819,0.058923,0.225122,2.397809e-01
55.820000,DS,DS_terminal,5,,,,-9.170546e-04,-4.469000e-03,3.045574e-03,-9.570740e-03,1.952962e-01,-5.263284e-01,1.985457e-03,-8.204352e-05,1.353639e-02,1.368147e-02,0,0.057829,0.058324,0.226542,2.409713e-01
55.920000,DS,DS_terminal,5,,,,-6.964683e-04,-4.365533e-03,4.500954e-03,-9.484413e-03,1.936055e-01,-5.219547e-01,1.760815e-03,-7.906922e-05,1.217516e-02,1.230208e-02,0,0.057838,0.057731,0.227949,2.421546e-01
56.020000,DS,DS_terminal,5,,,,-5.706930e-04,-4.236454e-03,5.177065e-03,-9.396874e-03,1.919329e-01,-5.176065e-01,1.633462e-03,-9.459356e-05,1.148893e-02,1.160485e-02,0,0.057847,0.057142,0.229345,2.433323e-01
56.120000,DS,DS_terminal,5,,,,-5.321819e-04,-4.139585e-03,5.225541e-03,-9.309177e-03,1.902765e-01,-5.132866e-01,1.595715e-03,-1.503595e-04,1.139634e-02,1.150850e-02,0,0.057855,0.056559,0.230729,2.445036e-01
56.220000,DS,DS_terminal,5,,,,-5.421202e-04,-4.200766e-03,5.267010e-03,-9.221168e-03,1.886388e-01,-5.089997e-01,1.603296e-03,-6.710221e-05,1.129069e-02,1.140415e-02,0,0.057863,0.055981,0.232102,2.456692e-01
56.320000,DS,DS_terminal,5,,,,-5.393448e-04,-4.212915e-03,5.307737e-03,-9.133817e-03,1.870169e-01,-5.047465e-01,1.597398e-03,-2.601539e-05,1.118385e-02,1.129738e-02,0,0.057870,0.055407,0.233463,2.468276e-01
56.420000,DS,DS_terminal,5,,,,-5.279459e-04,-4.195171e-03,5.349608e-03,-9.047893e-03,1.854084e-01,-5.005270e-01,1.582486e-03,-9.736544e-06,1.107521e-02,1.118770e-02,0,0.057877,0.054839,0.234813,2.479803e-01
56.520000,DS,DS_terminal,5,,,,-5.128834e-04,-4.163907e-03,5.390032e-03,-8.963816e-03,1.838120e-01,-4.963411e-01,1.563780e-03,-4.443795e-06,1.096776e-02,1.107868e-02,0,0.057884,0.054276,0.236152,2.491269e-01
56.620000,DS,DS_terminal,5,,,,-4.978112e-04,-4.131082e-03,5.427521e-03,-8.881693e-03,1.822273e-01,-4.921885e-01,1.545082e-03,-1.755724e-07,1.086302e-02,1.097235e-02,0,0.057890,0.053718,0.237480,2.502671e-01
56.720000,DS,DS_terminal,5,,,,-4.843582e-04,-4.102473e-03,5.461765e-03,-8.801407e-03,1.806543e-01,-4.880685e-01,1.528144e-03,7.771692e-06,1.076162e-02,1.086958e-02,0,0.057896,0.053164,0.238797,2.514008e-01
56.820000,DS,DS_terminal,5,,,,-4.726776e-04,-4.079028e-03,5.493216e-03,-8.722708e-03,1.790933e-01,-4.839802e-01,1.513220e-03,2.002188e-05,1.066358e-02,1.077043e-02,0,0.057902,0.052615,0.240102,2.525271e-01
56.920000,DS,DS_terminal,5,,,,-4.623832e-04,-4.059839e-03,5.522741e-03,-8.645297e-03,1.775448e-01,-4.799231e-01,1.499971e-03,3.565553e-05,1.056839e-02,1.067436e-02,0,0.057907,0.052071,0.241397,2.536476e-01
57.020000,DS,DS_terminal,5,,,,-4.531321e-04,-4.044001e-03,5.551038e-03,-8.568883e-03,1.760095e-01,-4.758962e-01,1.488059e-03,5.374784e-05,1.047556e-02,1.058086e-02,0,0.057912,0.051532,0.242681,2.547615e-01
57.120000,DS,DS_terminal,5,,,,-4.448778e-04,-4.031420e-03,5.578326e-03,-8.493235e-03,1.744875e-01,-4.718992e-01,1.477402e-03,7.405383e-05,1.038488e-02,1.048971e-02,0,0.057917,0.050998,0.243955,2.558695e-01
57.220000,DS,DS_terminal,5,,,,-4.378111e-04,-4.022744e-03,5.604670e-03,-8.418205e-03,1.729792e-01,-4.679316e-01,1.468128e-03,9.702018e-05,1.029612e-02,1.040072e-02,0,0.057921,0.050468,0.245217,2.569693e-01
57.320000,DS,DS_terminal,5,,,,-4.320521e-04,-4.018524e-03,5.630524e-03,-8.343733e-03,1.714844e-01,-4.639931e-01,1.460281e-03,1.231327e-04,1.020861e-02,1.031326e-02,0,0.057925,0.049942,0.246469,2.580629e-01
57.420000,DS,DS_terminal,5,,,,-4.274229e-04,-4.018466e-03,5.656797e-03,-8.269831e-03,1.700032e-01,-4.600839e-01,1.453612e-03,1.522696e-04,1.012128e-02,1.022626e-02,0,0.057929,0.049421,0.247711,2.591504e-01
57.520000,DS,DS_terminal,5,,,,-4.235128e-04,-4.021510e-03,5.684467e-03,-8.196561e-03,1.685352e-01,-4.562037e-01,1.447664e-03,1.836999e-04,1.003307e-02,1.013864e-02,0,0.057932,0.048905,0.248942,2.602305e-01
57.620000,DS,DS_terminal,5,,,,-4.198864e-04,-4.026402e-03,5.714190e-03,-8.124005e-03,1.670802e-01,-4.523528e-01,1.441976e-03,2.165045e-04,9.943295e-03,1.004964e-02,0,0.057935,0.048393,0.250163,2.613042e-01
57.720000,DS,DS_terminal,5,,,,-4.162265e-04,-4.032127e-03,5.746192e-03,-8.052241e-03,1.656378e-01,-4.485311e-01,1.436226e-03,2.499206e-04,9.851711e-03,9.958987e-03,0,0.057938,0.047886,0.251373,2.623705e-01
57.820000,DS,DS_terminal,5,,,,-4.123596e-04,-4.038027e-03,5.780355e-03,-7.981330e-03,1.642078e-01,-4.447385e-01,1.430247e-03,2.834418e-04,9.758432e-03,9.866759e-03,0,0.057940,0.047383,0.252574,2.634309e-01
57.920000,DS,DS_terminal,5,,,,-4.082144e-04,-4.043720e-03,5.816373e-03,-7.911309e-03,1.627901e-01,-4.409750e-01,1.423978e-03,3.167567e-04,9.663748e-03,9.773233e-03,0,0.057942,0.046884,0.253764,2.644836e-01
58.020000,DS,DS_terminal,5,,,,-4.037651e-04,-4.048954e-03,5.853884e-03,-7.842193e-03,1.613845e-01,-4.372405e-01,1.417403e-03,3.496401e-04,9.568011e-03,9.678745e-03,0,0.057944,0.046390,0.254945,2.655306e-01
58.120000,DS,DS_terminal,5,,,,-3.989902e-04,-4.053493e-03,5.892539e-03,-7.773975e-03,1.599909e-01,-4.335348e-01,1.410511e-03,3.818677e-04,9.471559e-03,9.583621e-03,0,0.057946,0.045900,0.256115,2.665698e-01
58.220000,DS,DS_terminal,5,,,,-3.938535e-04,-4.057069e-03,5.932024e-03,-7.706641e-03,1.586092e-01,-4.298577e-01,1.403270e-03,4.131776e-04,9.374696e-03,9.488140e-03,0,0.057947,0.045414,0.257276,2.676027e-01
58.320000,DS,DS_terminal,5,,,,-3.883042e-04,-4.059372e-03,5.972064e-03,-7.640165e-03,1.572394e-01,-4.262091e-01,1.395636e-03,4.432768e-04,9.277691e-03,9.392542e-03,0,0.057948,0.044933,0.258427,2.686289e-01
58.420000,DS,DS_terminal,5,,,,-3.822870e-04,-4.060093e-03,6.012414e-03,-7.574523e-03,1.558814e-01,-4.225886e-01,1.387554e-03,4.718736e-04,9.180784e-03,9.297030e-03,0,0.057949,0.044456,0.259568,2.696479e-01
58.520000,DS,DS_terminal,5,,,,-3.757550e-04,-4.058964e-03,6.052853e-03,-7.509690e-03,1.545352e-01,-4.189960e-01,1.378979e-03,4.987166e-04,9.084183e-03,9.201776e-03,0,0.057949,0.043982,0.260699,2.706593e-01
58.620000,DS,DS_terminal,5,,,,-3.686795e-04,-4.055794e-03,6.093191e-03,-7.445644e-03,1.532006e-01,-4.154312e-01,1.369884e-03,5.236260e-04,8.988072e-03,9.106932e-03,0,0.057949,0.043513,0.261821,2.716647e-01
58.720000,DS,DS_terminal,5,,,,-3.610547e-04,-4.050488e-03,6.133260e-03,-7.382363e-03,1.518776e-01,-4.118939e-01,1.360262e-03,5.465075e-04,8.892605e-03,9.012625e-03,0,0.057949,0.043048,0.262933,2.726628e-01
58.820000,DS,DS_terminal,5,,,,-3.528971e-04,-4.043041e-03,6.172926e-03,-7.319831e-03,1.505661e-01,-4.083839e-01,1.350129e-03,5.673500e-04,8.797907e-03,8.918963e-03,0,0.057949,0.042587,0.264036,2.736544e-01
58.920000,DS,DS_terminal,5,,,,-3.442410e-04,-4.033526e-03,6.212078e-03,-7.258029e-03,1.492660e-01,-4.049009e-01,1.339521e-03,5.862104e-04,8.704075e-03,8.826034e-03,0,0.057949,0.042130,0.265130,2.746397e-01
59.020000,DS,DS_terminal,5,,,,-3.351321e-04,-4.022067e-03,6.250632e-03,-7.196941e-03,1.479772e-01,-4.014447e-01,1.328482e-03,6.031932e-04,8.611185e-03,8.733912e-03,0,0.057948,0.041677,0.266214,2.756172e-01
59.120000,DS,DS_terminal,5,,,,-3.255400e-04,-4.008481e-03,6.288396e-03,-7.136554e-03,1.466995e-01,-3.980150e-01,1.316983e-03,6.181470e-04,8.519402e-03,8.642729e-03,0,0.057947,0.041228,0.267290,2.765891e-01
59.220000,DS,DS_terminal,5,,,,-3.157559e-04,-3.993912e-03,6.325701e-03,-7.076852e-03,1.454330e-01,-3.946117e-01,1.305315e-03,6.320280e-04,8.428429e-03,8.552293e-03,0,0.057946,0.040783,0.268356,2.775535e-01
59.320000,DS,DS_terminal,5,,,,-3.056070e-04,-3.977637e-03,6.362189e-03,-7.017821e-03,1.441774e-01,-3.912345e-01,1.293305e-03,6.442377e-04,8.338587e-03,8.462843e-03,0,0.057944,0.040342,0.269412,2.785100e-01
