t_s,tick,phase,step_index,stance_a_idx,stance_b_idx,lambda_qp_0,lambda_qp_1,lambda_qp_2,lambda_qp_3,lambda_qp_4,lambda_qp_5,lambda_qp_6,lambda_qp_7,lambda_qp_8,lambda_qp_9,lambda_qp_10,lambda_qp_11
0.010000,0,DS_interstep,-1,2,2,-2.570166e-14,-2.642331e-14,-3.619327e-14,-4.646283e-14,-1.471046e-14,-1.107447e-14,-2.764455e-14,-3.075318e-14,-3.530509e-14,-4.107825e-14,-1.375289e-14,-9.228729e-15
0.020000,1,DS_interstep,-1,2,2,-1.514738e-09,3.016153e-09,3.832660e-09,-3.575858e-09,-1.767693e-09,1.049183e-09,-6.926846e-10,3.504496e-09,7.122284e-09,-4.311459e-09,-2.210654e-09,1.139646e-09
0.030000,2,DS_interstep,-1,2,2,-4.774798e-09,4.552686e-09,3.229087e-09,-2.637364e-09,-4.593279e-11,-1.616412e-09,-5.857696e-09,5.186369e-09,6.049008e-09,-3.319742e-09,-1.156134e-10,-1.981037e-09
0.040000,3,DS_interstep,-1,2,2,-3.152534e-09,4.823707e-09,2.327935e-09,-1.092676e-09,-4.979844e-10,-1.375743e-09,-4.256797e-09,5.308071e-09,3.921655e-09,-1.678247e-09,-3.679957e-10,-1.596319e-09
0.050000,4,DS_interstep,-1,2,2,-2.704184e-09,2.985410e-09,1.185047e-09,-2.536232e-10,-4.206077e-12,-3.114683e-09,-5.227307e-09,3.367161e-09,1.833482e-09,-6.561058e-10,5.500591e-10,-3.455142e-09
0.060000,5,DS_interstep,-1,2,2,-7.905329e-10,1.431762e-09,4.669141e-10,3.562133e-10,-4.666718e-10,-3.128012e-09,-3.486106e-09,1.658700e-09,3.662726e-10,6.930402e-11,2.650472e-10,-3.335375e-09
0.070000,6,DS_interstep,-1,2,2,-3.580471e-10,-4.117082e-10,-1.909100e-10,5.373892e-10,-1.685606e-10,-4.146351e-09,-3.858655e-09,-2.606212e-10,-7.134159e-10,3.831817e-10,7.822384e-10,-4.422710e-09
0.080000,7,DS_interstep,-1,2,2,4.770249e-10,-1.545954e-09,-5.329948e-10,6.467314e-10,-2.991160e-10,-4.121403e-09,-3.038452e-09,-1.475850e-09,-1.326499e-09,5.735900e-10,6.903615e-10,-4.350506e-09
0.090000,8,DS_interstep,-1,2,2,3.215803e-10,-2.531052e-09,-8.070078e-10,5.767879e-10,1.848262e-11,-4.588909e-09,-3.498683e-09,-2.488500e-09,-1.689374e-09,5.864526e-10,1.049620e-09,-4.889477e-09
0.100000,9,DS_interstep,-1,2,2,3.548758e-10,-2.956099e-09,-8.943913e-10,5.165641e-10,8.766787e-11,-4.422335e-09,-3.289992e-09,-2.941838e-09,-1.796552e-09,5.758195e-10,1.052522e-09,-4.726550e-09
0.110000,10,SS,0,2,2,2.697023e+00,8.099107e-01,-6.569544e-01,7.649929e-01,-1.101121e+00,2.528252e+00,0.000000e+00,0.000000e+00,0.000000e+00,0.000000e+00,0.000000e+00,0.000000e+00
0.210000,11,SS,0,2,2,4.581158e+00,1.296732e+00,-8.228338e-01,1.139712e+00,-1.741815e+00,4.242777e+00,0.000000e+00,0.000000e+00,0.000000e+00,0.000000e+00,0.000000e+00,0.000000e+00
0.310000,12,SS,0,2,2,6.096895e+00,1.730502e+00,-8.758984e-01,1.397412e+00,-2.262309e+00,5.651488e+00,0.000000e+00,0.000000e+00,0.000000e+00,0.000000e+00,0.000000e+00,0.000000e+00
0.410000,13,SS,0,2,2,7.222203e+00,2.078156e+00,-8.408010e-01,1.546973e+00,-2.643549e+00,6.725367e+00,0.000000e+00,0.000000e+00,0.000000e+00,0.000000e+00,0.000000e+00,0.000000e+00
0.510000,14,SS,0,2,2,7.982576e+00,2.348844e+00,-7.095238e-01,1.583376e+00,-2.901005e+00,7.482978e+00,0.000000e+00,0.000000e+00,0.000000e+00,0.000000e+00,0.000000e+00,0.000000e+00
0.610000,15,SS,0,2,2,8.393837e+00,2.541977e+00,-4.966001e-01,1.519095e+00,-3.044281e+00,7.929667e+00,0.000000e+00,0.000000e+00,0.000000e+00,0.000000e+00,0.000000e+00,0.000000e+00
0.710000,16,SS,0,2,2,8.475575e+00,2.651552e+00,-2.274477e-01,1.373920e+00,-3.084967e+00,8.074510e+00,0.000000e+00,0.000000e+00,0.000000e+00,0.000000e+00,0.000000e+00,0.000000e+00
0.810000,17,SS,0,2,2,8.248990e+00,2.669832e+00,6.827870e-02,1.169537e+00,-3.034355e+00,7.930610e+00,0.000000e+00,0.000000e+00,0.000000e+00,0.000000e+00,0.000000e+00,0.000000e+00
0.910000,18,SS,0,2,2,7.735070e+00,2.584687e+00,3.611125e-01,9.241445e-01,-2.900173e+00,7.511409e+00,0.000000e+00,0.000000e+00,0.000000e+00,0.000000e+00,0.000000e+00,0.000000e+00
1.010000,19,SS,0,2,2,6.960942e+00,2.389293e+00,6.272386e-01,6.514309e-01,-2.689369e+00,6.838504e+00,0.000000e+00,0.000000e+00,0.000000e+00,0.000000e+00,0.000000e+00,0.000000e+00
1.110000,20,SS,0,2,2,5.952069e+00,2.080303e+00,8.482976e-01,3.609832e-01,-2.404112e+00,5.931438e+00,0.000000e+00,0.000000e+00,0.000000e+00,0.000000e+00,0.000000e+00,0.000000e+00
1.210000,21,SS,0,2,2,4.738199e+00,1.664827e+00,1.012041e+00,6.184771e-02,-2.045788e+00,4.814716e+00,0.000000e+00,0.000000e+00,0.000000e+00,0.000000e+00,0.000000e+00,0.000000e+00
1.310000,22,SS,0,2,2,3.352587e+00,1.160010e+00,1.110875e+00,-2.349737e-01,-1.615643e+00,3.516944e+00,0.000000e+00,0.000000e+00,0.000000e+00,0.000000e+00,0.000000e+00,0.000000e+00
1.410000,23,SS,0,2,2,1.827654e+00,5.908535e-01,1.141020e+00,-5.159852e-01,-1.114041e+00,2.066880e+00,0.000000e+00,0.000000e+00,0.000000e+00,0.000000e+00,0.000000e+00,0.000000e+00
1.510000,24,SS,0,2,2,2.130475e-01,-7.000341e-03,1.103138e+00,-7.645564e-01,-5.508957e-01,5.137813e-01,0.000000e+00,0.000000e+00,0.000000e+00,0.000000e+00,0.000000e+00,0.000000e+00
1.610000,25,SS,0,2,2,-1.453465e+00,-6.071617e-01,9.961394e-01,-9.647918e-01,6.941767e-02,-1.107632e+00,0.000000e+00,0.000000e+00,0.000000e+00,0.000000e+00,0.000000e+00,0.000000e+00
1.710000,26,SS,0,2,2,-3.095853e+00,-1.152056e+00,8.443787e-01,-1.110307e+00,7.128672e-01,-2.704435e+00,0.000000e+00,0.000000e+00,0.000000e+00,0.000000e+00,0.000000e+00,0.000000e+00
1.810000,27,SS,0,2,2,-4.681488e+00,-1.653688e+00,6.287179e-01,-1.184818e+00,1.380744e+00,-4.263940e+00,0.000000e+00,0.000000e+00,0.000000e+00,0.000000e+00,0.000000e+00,0.000000e+00
1.910000,28,SS,0,2,2,-6.106793e+00,-2.062944e+00,3.871732e-01,-1.199569e+00,2.016774e+00,-5.664928e+00,0.000000e+00,0.000000e+00,0.000000e+00,0.000000e+00,0.000000e+00,0.000000e+00
2.010000,29,SS,0,2,2,-7.335591e+00,-2.386336e+00,1.220685e-01,-1.157429e+00,2.608523e+00,-6.880613e+00,0.000000e+00,0.000000e+00,0.000000e+00,0.000000e+00,0.000000e+00,0.000000e+00
2.110000,30,SS,0,2,2,-8.266591e+00,-2.613445e+00,-1.464022e-01,-1.069385e+00,3.104384e+00,-7.815882e+00,0.000000e+00,0.000000e+00,0.000000e+00,0.000000e+00,0.000000e+00,0.000000e+00
2.210000,31,SS,0,2,2,-8.834464e+00,-2.745778e+00,-4.009034e-01,-9.486263e-01,3.469411e+00,-8.414963e+00,0.000000e+00,0.000000e+00,0.000000e+00,0.000000e+00,0.000000e+00,0.000000e+00
2.310000,32,SS,0,2,2,-8.976754e+00,-2.777142e+00,-6.156735e-01,-8.122525e-01,3.664331e+00,-8.622511e+00,0.000000e+00,0.000000e+00,0.000000e+00,0.000000e+00,0.000000e+00,0.000000e+00
2.410000,33,SS,0,2,2,-8.633451e+00,-2.701598e+00,-7.702372e-01,-6.718445e-01,3.653258e+00,-8.386507e+00,0.000000e+00,0.000000e+00,0.000000e+00,0.000000e+00,0.000000e+00,0.000000e+00
2.510000,34,SS,0,2,2,-7.750521e+00,-2.507408e+00,-8.478431e-01,-5.336953e-01,3.405208e+00,-7.657386e+00,0.000000e+00,0.000000e+00,0.000000e+00,0.000000e+00,0.000000e+00,0.000000e+00
2.610000,35,SS,0,2,2,-6.279389e+00,-2.176881e+00,-8.380898e-01,-3.972242e-01,2.895801e+00,-6.386698e+00,0.000000e+00,0.000000e+00,0.000000e+00,0.000000e+00,0.000000e+00,0.000000e+00
2.710000,36,SS,0,2,2,-4.176068e+00,-1.689110e+00,-7.382853e-01,-2.549890e-01,2.107304e+00,-4.527761e+00,0.000000e+00,0.000000e+00,0.000000e+00,0.000000e+00,0.000000e+00,0.000000e+00
2.810000,37,SS,0,2,2,-1.947559e+00,-1.105955e+00,-4.660083e-01,-1.686006e-01,1.141218e+00,-2.478791e+00,0.000000e+00,0.000000e+00,0.000000e+00,0.000000e+00,0.000000e+00,0.000000e+00
2.910000,38,SS,0,2,2,-1.656159e+00,-9.307319e-01,-1.748171e-01,-2.556823e-01,8.215794e-01,-2.118767e+00,0.000000e+00,0.000000e+00,0.000000e+00,0.000000e+00,0.000000e+00,0.000000e+00
3.010000,39,SS,0,2,2,-1.431139e+00,-7.513615e-01,-4.918232e-02,-2.628175e-01,6.456500e-01,-1.805882e+00,0.000000e+00,0.000000e+00,0.000000e+00,0.000000e+00,0.000000e+00,0.000000e+00
3.110000,40,SS,0,2,2,-1.243242e+00,-6.012513e-01,-5.763139e-03,-2.314438e-01,5.396796e-01,-1.539787e+00,0.000000e+00,0.000000e+00,0.000000e+00,0.000000e+00,0.000000e+00,0.000000e+00
3.210000,41,SS,0,2,2,-1.072770e+00,-4.688042e-01,1.129709e-02,-1.919154e-01,4.587770e-01,-1.297100e+00,0.000000e+00,0.000000e+00,0.000000e+00,0.000000e+00,0.000000e+00,0.000000e+00
3.320000,42,DS_interstep,0,2,3,-6.133388e-01,6.555444e-01,1.484504e-01,1.088782e-01,3.394188e-01,-8.901404e-02,-6.589086e-01,5.155001e-01,-7.435788e-02,1.916836e-01,3.750697e-01,-1.645247e-01
3.330000,43,DS_interstep,0,2,3,-9.292640e-01,-2.055009e+00,-2.047740e+00,1.182668e+00,1.049455e+00,-1.182385e+00,-2.008899e+00,-3.424643e+00,-4.038785e+00,1.444557e+00,9.576941e-01,-1.134912e+00
3.340000,44,DS_interstep,0,2,3,-1.015943e+00,-4.803569e+00,-1.678269e+00,-2.008786e-01,1.030780e+00,-2.189241e+00,-2.920542e+00,-6.986134e+00,-3.136402e+00,-1.604204e-01,1.178359e+00,-1.859631e+00
3.350000,45,DS_interstep,0,2,3,-1.339939e+00,-5.557151e+00,-8.735839e-01,-1.222500e+00,9.106187e-01,-2.875083e+00,-3.759414e+00,-8.273913e+00,-1.670760e+00,-1.423933e+00,1.292158e+00,-2.447085e+00
3.360000,46,DS_interstep,0,2,3,-1.778022e+00,-4.978992e+00,-1.593804e-01,-1.658820e+00,8.309973e-01,-3.227005e+00,-4.428659e+00,-7.978978e+00,-5.243078e-01,-2.027308e+00,1.363535e+00,-2.842398e+00
3.370000,47,DS_interstep,0,2,3,-1.841871e+00,-3.079859e+00,4.682192e-01,-1.378179e+00,6.770944e-01,-2.878966e+00,-4.679649e+00,-7.758441e+00,5.601930e-01,-2.802152e+00,1.337307e+00,-2.391625e+00
3.380000,48,DS_interstep,0,2,3,-2.195059e+00,-1.491131e+00,8.675480e-01,-8.846190e-01,6.670743e-01,-2.652540e+00,-4.846367e+00,-6.169412e+00,1.096371e+00,-2.987707e+00,1.447077e+00,-2.345395e+00
3.390000,49,DS_interstep,0,2,3,-2.310339e+00,-5.148581e-01,1.038343e+00,-6.887686e-01,6.495310e-01,-2.349709e+00,-4.456823e+00,-4.189972e+00,1.282651e+00,-2.549615e+00,1.397255e+00,-2.180550e+00
3.400000,50,DS_interstep,0,2,3,-2.320337e+00,3.347582e-02,1.076792e+00,-7.996632e-01,6.897042e-01,-2.053196e+00,-3.939759e+00,-2.375233e+00,1.234888e+00,-1.746557e+00,1.252313e+00,-2.040371e+00
3.410000,51,DS_interstep,0,2,3,-2.210053e+00,4.866239e-01,1.087340e+00,-8.882941e-01,7.085183e-01,-1.713595e+00,-3.475755e+00,-1.155301e+00,1.186778e+00,-1.144496e+00,1.090837e+00,-1.832032e+00
3.420000,52,DS_interstep,0,2,3,-2.060582e+00,9.590096e-01,1.115606e+00,-7.562029e-01,6.598373e-01,-1.377849e+00,-3.047774e+00,-3.723054e-01,1.250641e+00,-9.630074e-01,9.855363e-01,-1.533415e+00
3.430000,53,DS_interstep,0,2,3,-1.843676e+00,1.327210e+00,1.087421e+00,-6.093049e-01,5.995349e-01,-1.012031e+00,-2.534082e+00,3.357025e-01,1.242076e+00,-7.575999e-01,8.580439e-01,-1.193339e+00
3.440000,54,DS_interstep,0,2,3,-1.591665e+00,1.580475e+00,1.030401e+00,-4.784574e-01,5.331304e-01,-6.504218e-01,-1.992609e+00,9.276554e-01,1.203449e+00,-5.672631e-01,7.227061e-01,-8.454518e-01
3.450000,55,DS_interstep,0,2,3,-1.323289e+00,1.734674e+00,9.564651e-01,-3.668576e-01,4.616748e-01,-3.109886e-01,-1.455621e+00,1.402490e+00,1.149103e+00,-3.998542e-01,5.851150e-01,-5.096562e-01
3.460000,56,DS_interstep,0,2,3,-1.052748e+00,1.810414e+00,8.724792e-01,-2.713248e-01,3.863243e-01,-5.105190e-03,-9.457879e-01,1.769486e+00,1.084728e+00,-2.550113e-01,4.492074e-01,-1.997786e-01
3.470000,57,DS_interstep,0,2,3,-7.909320e-01,1.826358e+00,7.831951e-01,-1.881299e-01,3.086405e-01,2.601271e-01,-4.791341e-01,2.039923e+00,1.013289e+00,-1.306119e-01,3.182801e-01,7.484850e-02
3.480000,58,DS_interstep,0,2,3,-5.485390e-01,1.792144e+00,6.936206e-01,-1.178166e-01,2.308772e-01,4.759809e-01,-7.283043e-02,2.214846e+00,9.392272e-01,-2.893496e-02,1.965765e-01,3.041228e-01
3.490000,59,DS_interstep,0,2,3,-3.558050e-01,1.728765e+00,6.124692e-01,-6.021281e-02,1.633466e-01,6.186190e-01,2.250597e-01,2.291048e+00,8.647637e-01,4.713866e-02,9.901646e-02,4.604980e-01
3.500000,60,DS_interstep,0,2,3,-2.227700e-01,1.651580e+00,5.445331e-01,-1.571804e-02,1.117628e-01,6.879093e-01,4.053156e-01,2.282917e+00,7.932983e-01,9.822973e-02,3.141520e-02,5.418269e-01
3.510000,61,DS_interstep,0,2,3,-1.115057e-01,1.553613e+00,4.836216e-01,1.792372e-02,6.350185e-02,7.223673e-01,5.357931e-01,2.221644e+00,7.282349e-01,1.318897e-01,-2.553416e-02,5.896033e-01
3.520000,62,DS_interstep,0,2,3,-3.965413e-02,1.397023e+00,4.251422e-01,1.984791e-02,1.251065e-02,7.118489e-01,6.803649e-01,2.196915e+00,6.830718e-01,1.826012e-01,-7.729391e-02,5.964618e-01
3.530000,63,DS_interstep,0,2,3,1.144216e-01,1.267306e+00,3.498987e-01,5.632234e-02,-6.021349e-02,7.617254e-01,8.677063e-01,2.132578e+00,6.138366e-01,2.333235e-01,-1.611625e-01,6.673257e-01
3.540000,64,DS_interstep,0,2,3,3.000808e-01,1.205245e+00,2.751387e-01,1.405514e-01,-1.297324e-01,8.525806e-01,1.020298e+00,2.014114e+00,5.188946e-01,2.507259e-01,-2.473532e-01,7.709039e-01
3.550000,65,DS_interstep,0,2,3,4.073973e-01,1.123261e+00,2.075905e-01,1.893975e-01,-1.794202e-01,8.857318e-01,1.145184e+00,1.966368e+00,4.394879e-01,2.995025e-01,-3.061486e-01,8.158078e-01
3.560000,66,DS_interstep,0,2,3,5.011794e-01,1.051725e+00,1.423153e-01,2.414167e-01,-2.254118e-01,9.054817e-01,1.246163e+00,1.915454e+00,3.575736e-01,3.494305e-01,-3.587398e-01,8.454162e-01
3.570000,67,DS_interstep,0,2,3,5.687522e-01,9.879138e-01,8.524460e-02,2.881892e-01,-2.614949e-01,9.028276e-01,1.304083e+00,1.850039e+00,2.799082e-01,3.913684e-01,-3.971453e-01,8.504064e-01
3.580000,68,DS_interstep,0,2,3,6.149338e-01,9.268182e-01,3.693154e-02,3.272653e-01,-2.893311e-01,8.815121e-01,1.326650e+00,1.769161e+00,2.095818e-01,4.232565e-01,-4.234202e-01,8.353937e-01
3.590000,69,DS_interstep,0,2,3,6.447109e-01,8.667356e-01,-3.354673e-03,3.584486e-01,-3.104082e-01,8.468776e-01,1.323008e+00,1.676434e+00,1.473042e-01,4.457098e-01,-4.399801e-01,8.062212e-01
3.600000,70,DS_interstep,0,2,3,6.615883e-01,8.078002e-01,-3.663001e-02,3.822919e-01,-3.255021e-01,8.037110e-01,1.300433e+00,1.576599e+00,9.271377e-02,4.601407e-01,-4.485782e-01,7.678750e-01
3.610000,71,DS_interstep,0,2,3,6.679585e-01,7.507083e-01,-6.388119e-02,3.994906e-01,-3.349978e-01,7.558208e-01,1.264333e+00,1.473958e+00,4.510641e-02,4.679789e-01,-4.504514e-01,7.242260e-01
3.620000,72,DS_interstep,0,2,3,6.656101e-01,6.961022e-01,-8.599023e-02,4.107056e-01,-3.391921e-01,7.060913e-01,1.218781e+00,1.371872e+00,3.746474e-03,4.704369e-01,-4.465755e-01,6.781838e-01
3.630000,73,DS_interstep,0,2,3,6.560591e-01,6.443720e-01,-1.037373e-01,4.165527e-01,-3.384584e-01,6.566473e-01,1.166956e+00,1.272744e+00,-3.203751e-02,4.684993e-01,-4.378342e-01,6.319051e-01
3.640000,74,DS_interstep,0,2,3,6.407066e-01,5.956595e-01,-1.178205e-01,4.176364e-01,-3.333008e-01,6.090140e-01,1.111426e+00,1.178177e+00,-6.284744e-02,4.629814e-01,-4.250963e-01,5.869653e-01
3.650000,75,DS_interstep,0,2,3,6.208833e-01,5.499402e-01,-1.288705e-01,4.145818e-01,-3.243419e-01,5.642434e-01,1.054298e+00,1.089174e+00,-8.923761e-02,4.545922e-01,-4.092277e-01,5.444793e-01
3.660000,76,DS_interstep,0,2,3,5.978308e-01,5.071131e-01,-1.374548e-01,4.080449e-01,-3.122784e-01,5.230039e-01,9.972706e-01,1.006305e+00,-1.117344e-01,4.439761e-01,-3.910691e-01,5.051816e-01
3.670000,77,DS_interstep,0,2,3,5.726627e-01,4.670636e-01,-1.440744e-01,3.987026e-01,-2.978280e-01,4.856451e-01,9.416580e-01,9.298223e-01,-1.308426e-01,4.317284e-01,-3.714011e-01,4.694831e-01
3.680000,78,DS_interstep,0,2,3,5.463296e-01,4.296919e-01,-1.491579e-01,3.872247e-01,-2.816821e-01,4.522527e-01,8.884001e-01,8.597415e-01,-1.470397e-01,4.183895e-01,-3.509121e-01,4.375208e-01
3.690000,79,DS_interstep,0,2,3,5.196009e-01,3.949116e-01,-1.530573e-01,3.742403e-01,-2.644703e-01,4.227006e-01,8.380918e-01,7.958847e-01,-1.607634e-01,4.044310e-01,-3.301784e-01,4.092098e-01
3.700000,80,DS_interstep,0,2,3,4.930654e-01,3.626359e-01,-1.560504e-01,3.603086e-01,-2.467384e-01,3.967053e-01,7.910288e-01,7.379186e-01,-1.724003e-01,3.902407e-01,-3.096567e-01,3.842988e-01
3.710000,81,DS_interstep,0,2,3,4.671449e-01,3.327627e-01,-1.583461e-01,3.458989e-01,-2.289378e-01,3.738793e-01,7.472658e-01,6.853915e-01,-1.822791e-01,3.761169e-01,-2.896878e-01,3.624260e-01
3.720000,82,DS_interstep,0,2,3,4.421171e-01,3.051676e-01,-1.600951e-01,3.313830e-01,-2.114244e-01,3.537789e-01,7.066780e-01,6.377724e-01,-1.906705e-01,3.622700e-01,-2.705078e-01,3.431691e-01
3.730000,83,DS_interstep,0,2,3,4.181414e-01,2.797039e-01,-1.614011e-01,3.170388e-01,-1.944637e-01,3.359459e-01,6.690198e-01,5.944902e-01,-1.977917e-01,3.488333e-01,-2.522638e-01,3.260874e-01
3.740000,84,DS_interstep,0,2,3,3.952854e-01,2.562102e-01,-1.623323e-01,3.030605e-01,-1.782412e-01,3.199382e-01,6.339753e-01,5.549717e-01,-2.038144e-01,3.358772e-01,-2.350309e-01,3.107540e-01
3.750000,85,DS_interstep,0,2,3,3.735495e-01,2.345196e-01,-1.629310e-01,2.895727e-01,-1.628741e-01,3.053522e-01,6.011996e-01,5.186713e-01,-2.088729e-01,3.234251e-01,-2.188293e-01,2.967777e-01
3.760000,86,DS_interstep,0,2,3,3.528889e-01,2.144685e-01,-1.632223e-01,2.766456e-01,-1.484245e-01,2.918359e-01,5.703508e-01,4.850941e-01,-2.130721e-01,3.114681e-01,-2.036395e-01,2.838166e-01
3.770000,87,DS_interstep,0,2,3,3.332248e-01,1.959383e-01,-1.632239e-01,2.643330e-01,-1.349148e-01,2.790836e-01,5.410946e-01,4.538292e-01,-2.165115e-01,2.999992e-01,-1.894162e-01,2.715684e-01
3.780000,88,DS_interstep,0,2,3,3.144469e-01,1.789053e-01,-1.629577e-01,2.527186e-01,-1.223443e-01,2.668123e-01,5.130862e-01,4.245763e-01,-2.193158e-01,2.890513e-01,-1.760985e-01,2.597424e-01
3.790000,89,DS_interstep,0,2,3,2.965280e-01,1.632101e-01,-1.624440e-01,2.417922e-01,-1.107088e-01,2.548749e-01,4.861743e-01,3.970369e-01,-2.215433e-01,2.785913e-01,-1.636511e-01,2.482025e-01
3.800000,90,DS_interstep,0,2,3,2.794893e-01,1.486805e-01,-1.617181e-01,2.315175e-01,-9.998958e-02,2.432479e-01,4.603573e-01,3.710185e-01,-2.232439e-01,2.685883e-01,-1.520543e-01,2.369407e-01
3.810000,91,DS_interstep,0,2,3,2.632204e-01,1.352244e-01,-1.607761e-01,2.218254e-01,-9.009620e-02,2.318620e-01,4.354739e-01,3.463573e-01,-2.244439e-01,2.589833e-01,-1.412123e-01,2.258876e-01
3.820000,92,DS_interstep,0,2,3,2.476227e-01,1.227705e-01,-1.596095e-01,2.126496e-01,-8.094211e-02,2.206677e-01,4.113909e-01,3.229292e-01,-2.251597e-01,2.497225e-01,-1.310357e-01,2.149923e-01
3.830000,93,DS_interstep,0,2,3,2.326331e-01,1.112575e-01,-1.582146e-01,2.039362e-01,-7.245739e-02,2.096461e-01,3.880345e-01,3.006508e-01,-2.254063e-01,2.407669e-01,-1.214561e-01,2.042360e-01
3.840000,94,DS_interstep,0,2,3,2.182147e-01,1.006321e-01,-1.565930e-01,1.956415e-01,-6.458508e-02,1.988010e-01,3.653740e-01,2.794685e-01,-2.251997e-01,2.320900e-01,-1.124215e-01,1.936230e-01
3.850000,95,DS_interstep,0,2,3,2.043483e-01,9.084727e-02,-1.547502e-01,1.877305e-01,-5.727766e-02,1.881507e-01,3.434075e-01,2.593497e-01,-2.245573e-01,2.236744e-01,-1.038918e-01,1.831732e-01
3.860000,96,DS_interstep,0,2,3,1.910258e-01,8.185966e-02,-1.526953e-01,1.801743e-01,-5.049448e-02,1.777229e-01,3.221509e-01,2.402745e-01,-2.234986e-01,2.155091e-01,-9.583530e-02,1.729158e-01
3.870000,97,DS_interstep,0,2,3,1.782453e-01,7.362808e-02,-1.504402e-01,1.729486e-01,-4.419989e-02,1.675492e-01,3.016290e-01,2.222291e-01,-2.220449e-01,2.075875e-01,-8.822610e-02,1.628845e-01
3.880000,98,DS_interstep,0,2,3,1.660078e-01,6.611232e-02,-1.479990e-01,1.660325e-01,-3.836199e-02,1.576616e-01,2.818698e-01,2.052017e-01,-2.202190e-01,1.999054e-01,-8.104243e-02,1.531138e-01
3.890000,99,DS_interstep,0,2,3,1.543148e-01,5.927235e-02,-1.453874e-01,1.594076e-01,-3.295171e-02,1.480906e-01,2.628998e-01,1.891790e-01,-2.180454e-01,1.924601e-01,-7.426519e-02,1.436363e-01
3.900000,100,DS_interstep,0,2,3,1.431664e-01,5.306779e-02,-1.426221e-01,1.530574e-01,-2.794223e-02,1.388628e-01,2.447412e-01,1.741438e-01,-2.155492e-01,1.852491e-01,-6.787704e-02,1.344813e-01
3.910000,101,DS_interstep,0,2,3,1.325608e-01,4.745778e-02,-1.397204e-01,1.469665e-01,-2.330860e-02,1.299998e-01,2.274098e-01,1.600742e-01,-2.127564e-01,1.782697e-01,-6.186179e-02,1.256731e-01
3.920000,102,DS_interstep,0,2,3,1.224936e-01,4.240093e-02,-1.366999e-01,1.411207e-01,-1.902747e-02,1.215184e-01,2.109146e-01,1.469430e-01,-2.096930e-01,1.715184e-01,-5.620398e-02,1.172309e-01
3.930000,103,DS_interstep,0,2,3,1.129576e-01,3.785556e-02,-1.335778e-01,1.355063e-01,-1.507696e-02,1.134293e-01,1.952574e-01,1.347173e-01,-2.063848e-01,1.649909e-01,-5.088863e-02,1.091682e-01
3.940000,104,DS_interstep,0,2,3,1.039429e-01,3.377994e-02,-1.303712e-01,1.301103e-01,-1.143655e-02,1.057383e-01,1.804327e-01,1.233593e-01,-2.028571e-01,1.586820e-01,-4.590115e-02,1.014932e-01
3.950000,105,DS_interstep,0,2,3,9.543718e-02,3.013268e-02,-1.270963e-01,1.249204e-01,-8.087032e-03,9.844597e-02,1.664286e-01,1.128271e-01,-1.991344e-01,1.525852e-01,-4.122722e-02,9.420926e-02
3.960000,106,DS_interstep,0,2,3,8.742616e-02,2.687316e-02,-1.237686e-01,1.199247e-01,-5.010421e-03,9.154864e-02,1.532276e-01,1.030754e-01,-1.952405e-01,1.466936e-01,-3.685285e-02,8.731484e-02
3.970000,107,DS_interstep,0,2,3,7.989370e-02,2.396192e-02,-1.204026e-01,1.151119e-01,-2.189944e-03,8.503862e-02,1.408073e-01,9.405639e-02,-1.911977e-01,1.409995e-01,-3.276433e-02,8.080458e-02
3.980000,108,DS_interstep,0,2,3,7.282235e-02,2.136106e-02,-1.170117e-01,1.104715e-01,3.900373e-04,7.890501e-02,1.291411e-01,8.572087e-02,-1.870273e-01,1.354947e-01,-2.894830e-02,7.466971e-02
3.990000,109,DS_interstep,0,2,3,6.619366e-02,1.903462e-02,-1.136085e-01,1.059935e-01,2.744088e-03,7.313432e-02,1.181996e-01,7.801918e-02,-1.827492e-01,1.301709e-01,-2.539174e-02,6.889865e-02
4.000000,110,DS_interstep,0,2,3,5.998851e-02,1.694884e-02,-1.102042e-01,1.016686e-01,4.885770e-03,6.771107e-02,1.079510e-01,7.090206e-02,-1.783822e-01,1.250196e-01,-2.208200e-02,6.347762e-02
4.010000,111,DS_interstep,0,2,3,5.418744e-02,1.507244e-02,-1.068089e-01,9.748826e-02,6.827725e-03,6.261836e-02,9.836207e-02,6.432139e-02,-1.739434e-01,1.200324e-01,-1.900685e-02,5.839122e-02
4.020000,112,DS_interstep,0,2,3,4.877086e-02,1.337678e-02,-1.034318e-01,9.344476e-02,8.581751e-03,5.783837e-02,8.939875e-02,5.823085e-02,-1.694489e-01,1.152012e-01,-1.615442e-02,5.362292e-02
4.030000,113,DS_interstep,0,2,3,4.371933e-02,1.183594e-02,-1.000809e-01,8.953099e-02,1.015889e-02,5.335288e-02,8.102682e-02,5.258650e-02,-1.649132e-01,1.105185e-01,-1.351328e-02,4.915554e-02
4.040000,114,DS_interstep,0,2,3,3.901370e-02,1.042679e-02,-9.676320e-02,8.574056e-02,1.156951e-02,4.914362e-02,7.321238e-02,4.734714e-02,-1.603500e-01,1.059768e-01,-1.107238e-02,4.497164e-02
4.050000,115,DS_interstep,0,2,3,3.463529e-02,9.128957e-03,-9.348472e-02,8.206777e-02,1.282336e-02,4.519265e-02,6.592231e-02,4.247462e-02,-1.557713e-01,1.015696e-01,-8.821082e-03,4.105390e-02
4.060000,116,DS_interstep,0,2,3,3.056601e-02,7.924712e-03,-9.025063e-02,7.850750e-02,1.392969e-02,4.148264e-02,5.912462e-02,3.793406e-02,-1.511883e-01,9.729069e-02,-6.749130e-03,3.738537e-02
4.070000,117,DS_interstep,0,2,3,2.678848e-02,6.798885e-03,-8.706522e-02,7.505524e-02,1.489725e-02,3.799708e-02,5.278869e-02,3.369386e-02,-1.466109e-01,9.313447e-02,-4.846668e-03,3.394978e-02
4.080000,118,DS_interstep,0,2,3,2.328605e-02,5.738683e-03,-8.393206e-02,7.170694e-02,1.573439e-02,3.472044e-02,4.688554e-02,2.972578e-02,-1.420483e-01,8.909602e-02,-3.104223e-03,3.073164e-02
4.090000,119,DS_interstep,0,2,3,2.004290e-02,4.733500e-03,-8.085404e-02,6.845905e-02,1.644910e-02,3.163832e-02,4.138793e-02,2.600481e-02,-1.375085e-01,8.517091e-02,-1.512697e-03,2.771647e-02
4.100000,120,DS_interstep,0,2,3,1.704402e-02,3.774708e-03,-7.783345e-02,6.530836e-02,1.704901e-02,2.873753e-02,3.627044e-02,2.250905e-02,-1.329988e-01,8.135530e-02,-6.336959e-05,2.489082e-02
4.110000,121,DS_interstep,0,2,3,1.427529e-02,2.855433e-03,-7.487204e-02,6.225204e-02,1.754148e-02,2.600605e-02,3.150953e-02,1.921949e-02,-1.285255e-01,7.764580e-02,1.252114e-03,2.224236e-02
4.120000,122,DS_interstep,0,2,3,1.172340e-02,1.970337e-03,-7.197113e-02,5.928752e-02,1.793357e-02,2.343311e-02,2.708350e-02,1.611985e-02,-1.240945e-01,7.403949e-02,2.441744e-03,1.975988e-02
4.130000,123,DS_interstep,0,2,3,9.375877e-03,1.115394e-03,-6.913168e-02,5.641245e-02,1.823209e-02,2.100911e-02,2.297245e-02,1.319626e-02,-1.197108e-01,7.053386e-02,3.513152e-03,1.743328e-02
4.140000,124,DS_interstep,0,2,3,7.221040e-03,2.876801e-04,-6.635430e-02,5.362471e-02,1.844360e-02,1.872555e-02,1.915818e-02,1.043703e-02,-1.153790e-01,6.712673e-02,4.473616e-03,1.525354e-02
4.150000,125,DS_interstep,0,2,3,5.247965e-03,-5.148222e-04,-6.363939e-02,5.092228e-02,1.857439e-02,1.657497e-02,1.562410e-02,7.832372e-03,-1.111032e-01,6.381623e-02,5.330069e-03,1.321263e-02
4.160000,126,DS_interstep,0,2,3,3.446431e-03,-1.293406e-03,-6.098712e-02,4.830333e-02,1.863055e-02,1.455085e-02,1.235508e-02,5.374135e-03,-1.068870e-01,6.060074e-02,6.089103e-03,1.130343e-02
4.170000,127,DS_interstep,0,2,3,1.806875e-03,-2.048801e-03,-5.839755e-02,4.576607e-02,1.861791e-02,1.264750e-02,9.337333e-03,3.055538e-03,-1.027336e-01,5.747887e-02,6.756983e-03,9.519660e-03
4.180000,128,DS_interstep,0,2,3,3.203328e-04,-2.781316e-03,-5.587059e-02,4.330883e-02,1.854206e-02,1.085995e-02,6.558225e-03,8.709272e-04,-9.864584e-02,5.444935e-02,7.339649e-03,7.855749e-03
4.190000,129,DS_interstep,0,2,3,-1.021618e-03,-3.490961e-03,-5.340610e-02,4.093000e-02,1.840837e-02,9.183820e-03,4.006163e-03,-1.184450e-03,-9.462647e-02,5.151108e-02,7.842734e-03,6.306754e-03
4.200000,130,DS_interstep,0,2,3,-2.226911e-03,-4.177549e-03,-5.100389e-02,3.862801e-02,1.822195e-02,7.615241e-03,1.670428e-03,-3.114652e-03,-9.067783e-02,4.866301e-02,8.271573e-03,4.868242e-03
4.210000,131,DS_interstep,0,2,3,-3.303050e-03,-4.840781e-03,-4.866375e-02,3.640135e-02,1.798769e-02,6.150723e-03,-4.589689e-04,-4.923230e-03,-8.680208e-02,4.590419e-02,8.631216e-03,3.536189e-03
4.220000,132,DS_interstep,0,2,3,-4.257160e-03,-5.480309e-03,-4.638542e-02,3.424855e-02,1.771023e-02,4.787065e-03,-2.391415e-03,-6.613384e-03,-8.300122e-02,4.323368e-02,8.926439e-03,2.306886e-03
4.230000,133,DS_interstep,0,2,3,-5.096032e-03,-6.095791e-03,-4.416869e-02,3.216818e-02,1.739396e-02,3.521263e-03,-4.135820e-03,-8.188100e-03,-7.927708e-02,4.065055e-02,9.161764e-03,1.176851e-03
4.240000,134,DS_interstep,0,2,3,-5.826169e-03,-6.686925e-03,-4.201330e-02,3.015883e-02,1.704306e-02,2.350432e-03,-5.700728e-03,-9.650262e-03,-7.563134e-02,3.815387e-02,9.341469e-03,1.427470e-04
4.250000,135,DS_interstep,0,2,3,-6.453827e-03,-7.253473e-03,-3.991901e-02,2.821915e-02,1.666145e-02,1.271735e-03,-7.094404e-03,-1.100274e-02,-7.206554e-02,3.574269e-02,9.469602e-03,-7.986831e-04
4.260000,136,DS_interstep,0,2,3,-6.985042e-03,-7.795278e-03,-3.788558e-02,2.634781e-02,1.625283e-02,2.823296e-04,-8.324920e-03,-1.224847e-02,-6.858111e-02,3.341603e-02,9.549998e-03,-1.650677e-03
4.270000,137,DS_interstep,0,2,3,-7.425663e-03,-8.312267e-03,-3.591275e-02,2.454351e-02,1.582068e-02,-6.206777e-04,-9.400213e-03,-1.339048e-02,-6.517934e-02,3.117285e-02,9.586292e-03,-2.416496e-03
4.280000,138,DS_interstep,0,2,3,-7.781372e-03,-8.804452e-03,-3.400025e-02,2.280499e-02,1.536826e-02,-1.440266e-03,-1.032813e-02,-1.443194e-02,-6.186139e-02,2.901207e-02,9.581932e-03,-3.099463e-03
4.290000,139,DS_interstep,0,2,3,-8.057697e-03,-9.271925e-03,-3.214778e-02,2.113100e-02,1.489859e-02,-2.179520e-03,-1.111649e-02,-1.537618e-02,-5.862832e-02,2.693257e-02,9.540190e-03,-3.702984e-03
4.300000,140,DS_interstep,0,2,3,-8.260033e-03,-9.714850e-03,-3.035502e-02,1.952034e-02,1.441453e-02,-2.841644e-03,-1.177304e-02,-1.622668e-02,-5.548104e-02,2.493314e-02,9.464178e-03,-4.230563e-03
4.310000,141,DS_interstep,0,2,3,-8.393640e-03,-1.013345e-02,-2.862160e-02,1.797183e-02,1.391871e-02,-3.429963e-03,-1.230555e-02,-1.698708e-02,-5.242033e-02,2.301254e-02,9.356852e-03,-4.685807e-03
4.320000,142,DS_interstep,0,2,3,-8.463651e-03,-1.052800e-02,-2.694710e-02,1.648430e-02,1.341359e-02,-3.947920e-03,-1.272173e-02,-1.766114e-02,-4.944683e-02,2.116946e-02,9.221030e-03,-5.072424e-03
4.330000,143,DS_interstep,0,2,3,-8.475072e-03,-1.089880e-02,-2.533105e-02,1.505661e-02,1.290144e-02,-4.399062e-03,-1.302928e-02,-1.825275e-02,-4.656105e-02,1.940256e-02,9.059394e-03,-5.394209e-03
4.340000,144,DS_interstep,0,2,3,-8.432779e-03,-1.124618e-02,-2.377291e-02,1.368764e-02,1.238437e-02,-4.787025e-03,-1.323584e-02,-1.876587e-02,-4.376333e-02,1.771041e-02,8.874499e-03,-5.655031e-03
4.350000,145,DS_interstep,0,2,3,-8.341510e-03,-1.157049e-02,-2.227208e-02,1.237625e-02,1.186433e-02,-5.115510e-03,-1.334898e-02,-1.920454e-02,-4.105390e-02,1.609155e-02,8.668782e-03,-5.858815e-03
4.360000,146,DS_interstep,0,2,3,-8.205865e-03,-1.187208e-02,-2.082788e-02,1.112136e-02,1.134312e-02,-5.388264e-03,-1.337616e-02,-1.957279e-02,-3.843279e-02,1.454449e-02,8.444566e-03,-6.009512e-03
4.370000,147,DS_interstep,0,2,3,-8.030291e-03,-1.215129e-02,-1.943958e-02,9.921844e-03,1.082241e-02,-5.609046e-03,-1.332471e-02,-1.987468e-02,-3.589991e-02,1.306769e-02,8.204062e-03,-6.111081e-03
4.380000,148,DS_interstep,0,2,3,-7.819079e-03,-1.240846e-02,-1.810636e-02,8.776609e-03,1.030370e-02,-5.781608e-03,-1.320181e-02,-2.011420e-02,-3.345500e-02,1.165956e-02,7.949377e-03,-6.167456e-03
4.390000,149,DS_interstep,0,2,3,-7.576353e-03,-1.264391e-02,-1.682733e-02,7.684545e-03,9.788425e-03,-5.909664e-03,-1.301444e-02,-2.029530e-02,-3.109765e-02,1.031851e-02,7.682515e-03,-6.182525e-03
4.400000,150,DS_interstep,0,2,3,-7.306062e-03,-1.285795e-02,-1.560155e-02,6.644540e-03,9.277854e-03,-5.996865e-03,-1.276936e-02,-2.042183e-02,-2.882730e-02,9.042897e-03,7.405379e-03,-6.160098e-03
4.410000,151,DS_interstep,0,2,3,-7.011976e-03,-1.305086e-02,-1.442800e-02,5.655472e-03,8.773174e-03,-6.046775e-03,-1.247308e-02,-2.049752e-02,-2.664326e-02,7.831083e-03,7.119774e-03,-6.103890e-03
4.420000,152,DS_interstep,0,2,3,-6.697675e-03,-1.322293e-02,-1.330559e-02,4.716210e-03,8.275463e-03,-6.062849e-03,-1.213183e-02,-2.052597e-02,-2.454469e-02,6.681400e-03,6.827408e-03,-6.017491e-03
4.430000,153,DS_interstep,0,2,3,-6.366549e-03,-1.337441e-02,-1.223322e-02,3.825610e-03,7.785707e-03,-6.048415e-03,-1.175158e-02,-2.051064e-02,-2.253060e-02,5.592171e-03,6.529894e-03,-5.904355e-03
4.440000,154,DS_interstep,0,2,3,-6.021789e-03,-1.350556e-02,-1.120969e-02,2.982515e-03,7.304801e-03,-6.006655e-03,-1.133795e-02,-2.045482e-02,-2.059991e-02,4.561715e-03,6.228750e-03,-5.767776e-03
4.450000,155,DS_interstep,0,2,3,-5.666388e-03,-1.361663e-02,-1.023379e-02,2.185751e-03,6.833558e-03,-5.940595e-03,-1.089625e-02,-2.036163e-02,-1.875140e-02,3.588346e-03,5.925401e-03,-5.610877e-03
4.460000,156,DS_interstep,0,2,3,-5.303140e-03,-1.370786e-02,-9.304282e-03,1.434133e-03,6.372712e-03,-5.853091e-03,-1.043147e-02,-2.023402e-02,-1.698374e-02,2.670381e-03,5.621180e-03,-5.436601e-03
4.470000,157,DS_interstep,0,2,3,-4.934640e-03,-1.377952e-02,-8.419879e-03,7.264608e-04,5.922920e-03,-5.746825e-03,-9.948250e-03,-2.007478e-02,-1.529552e-02,1.806138e-03,5.317328e-03,-5.247701e-03
4.480000,158,DS_interstep,0,2,3,-4.563285e-03,-1.383185e-02,-7.579285e-03,6.151973e-05,5.484773e-03,-5.624300e-03,-9.450896e-03,-1.988651e-02,-1.368522e-02,9.939424e-04,5.014998e-03,-5.046737e-03
4.490000,159,DS_interstep,0,2,3,-4.191278e-03,-1.386513e-02,-6.781192e-03,-5.619162e-04,5.058790e-03,-5.487837e-03,-8.943377e-03,-1.967164e-02,-1.215125e-02,2.321284e-04,4.715253e-03,-4.836076e-03
4.500000,160,DS_interstep,0,2,3,-3.820634e-03,-1.387966e-02,-6.024282e-03,-1.145084e-03,4.645429e-03,-5.339577e-03,-8.429329e-03,-1.943245e-02,-1.069196e-02,-4.809583e-04,4.419069e-03,-4.617887e-03
4.510000,161,DS_interstep,0,2,3,-3.453183e-03,-1.387575e-02,-5.307238e-03,-1.689229e-03,4.245086e-03,-5.181486e-03,-7.912069e-03,-1.917107e-02,-9.305625e-03,-1.146959e-03,4.127338e-03,-4.394154e-03
4.520000,162,DS_interstep,0,2,3,-3.090580e-03,-1.385375e-02,-4.628745e-03,-2.195605e-03,3.858099e-03,-5.015357e-03,-7.394599e-03,-1.888946e-02,-7.990477e-03,-1.767500e-03,3.840870e-03,-4.166671e-03
4.530000,163,DS_interstep,0,2,3,-2.734305e-03,-1.381402e-02,-3.987501e-03,-2.665470e-03,3.484750e-03,-4.842820e-03,-6.879625e-03,-1.858947e-02,-6.744703e-03,-2.344191e-03,3.560392e-03,-3.937059e-03
4.540000,164,DS_interstep,0,2,3,-2.385682e-03,-1.375699e-02,-3.382214e-03,-3.100082e-03,3.125265e-03,-4.665348e-03,-6.369566e-03,-1.827281e-02,-5.566459e-03,-2.878624e-03,3.286556e-03,-3.706765e-03
4.550000,165,DS_interstep,0,2,3,-2.045875e-03,-1.368307e-02,-2.811612e-03,-3.500702e-03,2.779823e-03,-4.484265e-03,-5.866573e-03,-1.794109e-02,-4.453873e-03,-3.372372e-03,3.019936e-03,-3.477080e-03
4.560000,166,DS_interstep,0,2,3,-1.715905e-03,-1.359275e-02,-2.274443e-03,-3.868587e-03,2.448551e-03,-4.300761e-03,-5.372547e-03,-1.759580e-02,-3.405056e-03,-3.826988e-03,2.761036e-03,-3.249142e-03
4.570000,167,DS_interstep,0,2,3,-1.396657e-03,-1.348653e-02,-1.769478e-03,-4.204987e-03,2.131528e-03,-4.115896e-03,-4.889150e-03,-1.723835e-02,-2.418104e-03,-4.244002e-03,2.510291e-03,-3.023954e-03
4.580000,168,DS_interstep,0,2,3,-1.088887e-03,-1.336495e-02,-1.295512e-03,-4.511147e-03,1.828790e-03,-3.930613e-03,-4.417828e-03,-1.687007e-02,-1.491109e-03,-4.624925e-03,2.268067e-03,-2.802388e-03
4.590000,169,DS_interstep,0,2,3,-7.932302e-04,-1.322859e-02,-8.513690e-04,-4.788300e-03,1.540329e-03,-3.745748e-03,-3.959825e-03,-1.649220e-02,-6.221610e-04,-4.971242e-03,2.034672e-03,-2.585201e-03
4.600000,170,SS,1,2,3,0.000000e+00,0.000000e+00,0.000000e+00,0.000000e+00,0.000000e+00,0.000000e+00,5.557404e-01,-4.373838e-02,-9.969578e-03,-1.521678e-01,-2.529864e-01,2.100155e-01
4.700000,171,SS,1,2,3,0.000000e+00,0.000000e+00,0.000000e+00,0.000000e+00,0.000000e+00,0.000000e+00,8.836524e-01,-1.508936e-03,-1.714854e-02,-1.030094e-01,-3.793963e-01,2.953882e-01
4.800000,172,SS,1,2,3,0.000000e+00,0.000000e+00,0.000000e+00,0.000000e+00,0.000000e+00,0.000000e+00,1.166594e+00,8.679870e-03,-3.066384e-02,-8.304399e-02,-4.839059e-01,3.609618e-01
4.900000,173,SS,1,2,3,0.000000e+00,0.000000e+00,0.000000e+00,0.000000e+00,0.000000e+00,0.000000e+00,1.445957e+00,2.058163e-02,-4.290177e-02,-6.723014e-02,-5.883038e-01,4.221690e-01
5.000000,174,SS,1,2,3,0.000000e+00,0.000000e+00,0.000000e+00,0.000000e+00,0.000000e+00,0.000000e+00,1.730797e+00,4.541902e-02,-4.998589e-02,-4.948712e-02,-6.949776e-01,4.837829e-01
5.100000,175,SS,1,2,3,0.000000e+00,0.000000e+00,0.000000e+00,0.000000e+00,0.000000e+00,0.000000e+00,1.988214e+00,6.130241e-02,-6.093551e-02,-3.631798e-02,-7.928455e-01,5.413181e-01
5.200000,176,SS,1,2,3,0.000000e+00,0.000000e+00,0.000000e+00,0.000000e+00,0.000000e+00,0.000000e+00,2.218614e+00,7.386810e-02,-6.913272e-02,-2.595421e-02,-8.794460e-01,5.936193e-01
5.300000,177,SS,1,2,3,0.000000e+00,0.000000e+00,0.000000e+00,0.000000e+00,0.000000e+00,0.000000e+00,2.424297e+00,8.477382e-02,-7.478675e-02,-1.718896e-02,-9.559593e-01,6.411562e-01
5.400000,178,SS,1,2,3,0.000000e+00,0.000000e+00,0.000000e+00,0.000000e+00,0.000000e+00,0.000000e+00,2.604251e+00,9.159687e-02,-7.907778e-02,-1.064998e-02,-1.022257e+00,6.839154e-01
5.500000,179,SS,1,2,3,0.000000e+00,0.000000e+00,0.000000e+00,0.000000e+00,0.000000e+00,0.000000e+00,2.763697e+00,9.555758e-02,-8.103710e-02,-5.815818e-03,-1.080167e+00,7.229687e-01
5.600000,180,SS,1,2,3,0.000000e+00,0.000000e+00,0.000000e+00,0.000000e+00,0.000000e+00,0.000000e+00,2.915379e+00,9.922198e-02,-7.968012e-02,-1.525662e-03,-1.134852e+00,7.614452e-01
5.700000,181,SS,1,2,3,0.000000e+00,0.000000e+00,0.000000e+00,0.000000e+00,0.000000e+00,0.000000e+00,3.040593e+00,9.931074e-02,-7.679601e-02,9.976328e-04,-1.179001e+00,7.944189e-01
5.800000,182,SS,1,2,3,0.000000e+00,0.000000e+00,0.000000e+00,0.000000e+00,0.000000e+00,0.000000e+00,3.141404e+00,9.653277e-02,-7.215610e-02,2.066545e-03,-1.213300e+00,8.219880e-01
5.900000,183,SS,1,2,3,0.000000e+00,0.000000e+00,0.000000e+00,0.000000e+00,0.000000e+00,0.000000e+00,3.219120e+00,9.093124e-02,-6.608475e-02,1.807065e-03,-1.238364e+00,8.442987e-01
6.000000,184,SS,1,2,3,0.000000e+00,0.000000e+00,0.000000e+00,0.000000e+00,0.000000e+00,0.000000e+00,3.275085e+00,8.280293e-02,-5.870462e-02,3.977209e-04,-1.254756e+00,8.615092e-01
6.100000,185,SS,1,2,3,0.000000e+00,0.000000e+00,0.000000e+00,0.000000e+00,0.000000e+00,0.000000e+00,3.319406e+00,7.380994e-02,-4.980047e-02,-1.332413e-03,-1.266756e+00,8.761487e-01
6.200000,186,SS,1,2,3,0.000000e+00,0.000000e+00,0.000000e+00,0.000000e+00,0.000000e+00,0.000000e+00,3.348751e+00,6.369439e-02,-3.978154e-02,-3.448865e-03,-1.273121e+00,8.872393e-01
6.300000,187,SS,1,2,3,0.000000e+00,0.000000e+00,0.000000e+00,0.000000e+00,0.000000e+00,0.000000e+00,3.356993e+00,5.197879e-02,-2.892709e-02,-6.222325e-03,-1.271249e+00,8.929136e-01
6.400000,188,SS,1,2,3,0.000000e+00,0.000000e+00,0.000000e+00,0.000000e+00,0.000000e+00,0.000000e+00,3.345730e+00,3.902992e-02,-1.734953e-02,-9.500170e-03,-1.261780e+00,8.933914e-01
6.500000,189,SS,1,2,3,0.000000e+00,0.000000e+00,0.000000e+00,0.000000e+00,0.000000e+00,0.000000e+00,3.316268e+00,2.500498e-02,-5.304373e-03,-1.317935e-02,-1.245302e+00,8.889155e-01
6.600000,190,SS,1,2,3,0.000000e+00,0.000000e+00,0.000000e+00,0.000000e+00,0.000000e+00,0.000000e+00,3.269886e+00,1.015885e-02,7.053134e-03,-1.713820e-02,-1.222366e+00,8.797392e-01
6.700000,191,SS,1,2,3,0.000000e+00,0.000000e+00,0.000000e+00,0.000000e+00,0.000000e+00,0.000000e+00,3.218134e+00,-4.319515e-03,1.922582e-02,-2.056171e-02,-1.198206e+00,8.690054e-01
6.800000,192,SS,1,2,3,0.000000e+00,0.000000e+00,0.000000e+00,0.000000e+00,0.000000e+00,0.000000e+00,3.149690e+00,-1.919258e-02,3.138118e-02,-2.403957e-02,-1.167821e+00,8.535403e-01
6.900000,193,SS,1,2,3,0.000000e+00,0.000000e+00,0.000000e+00,0.000000e+00,0.000000e+00,0.000000e+00,3.065918e+00,-3.400486e-02,4.365345e-02,-2.749210e-02,-1.131676e+00,8.335621e-01
7.000000,194,SS,1,2,3,0.000000e+00,0.000000e+00,0.000000e+00,0.000000e+00,0.000000e+00,0.000000e+00,2.968023e+00,-4.877457e-02,5.572019e-02,-3.089796e-02,-1.090343e+00,8.093731e-01
7.100000,195,SS,1,2,3,0.000000e+00,0.000000e+00,0.000000e+00,0.000000e+00,0.000000e+00,0.000000e+00,2.857205e+00,-6.335992e-02,6.745316e-02,-3.420384e-02,-1.044334e+00,7.812783e-01
7.200000,196,SS,1,2,3,0.000000e+00,0.000000e+00,0.000000e+00,0.000000e+00,0.000000e+00,0.000000e+00,2.736821e+00,-7.766105e-02,7.833441e-02,-3.721047e-02,-9.952414e-01,7.502244e-01
7.300000,197,SS,1,2,3,0.000000e+00,0.000000e+00,0.000000e+00,0.000000e+00,0.000000e+00,0.000000e+00,2.608940e+00,-9.150470e-02,8.805843e-02,-3.974316e-02,-9.440497e-01,7.167890e-01
7.400000,198,SS,1,2,3,0.000000e+00,0.000000e+00,0.000000e+00,0.000000e+00,0.000000e+00,0.000000e+00,2.470112e+00,-1.045376e-01,9.736572e-02,-4.196713e-02,-8.889909e-01,6.799531e-01
7.500000,199,SS,1,2,3,0.000000e+00,0.000000e+00,0.000000e+00,0.000000e+00,0.000000e+00,0.000000e+00,2.321520e+00,-1.166661e-01,1.061543e-01,-4.388607e-02,-8.305647e-01,6.400403e-01
7.600000,200,SS,1,2,3,0.000000e+00,0.000000e+00,0.000000e+00,0.000000e+00,0.000000e+00,0.000000e+00,2.164198e+00,-1.278614e-01,1.142702e-01,-4.548671e-02,-7.692217e-01,5.973538e-01
7.700000,201,SS,1,2,3,0.000000e+00,0.000000e+00,0.000000e+00,0.000000e+00,0.000000e+00,0.000000e+00,1.999136e+00,-1.380440e-01,1.216286e-01,-4.673752e-02,-7.053745e-01,5.521878e-01
7.800000,202,SS,1,2,3,0.000000e+00,0.000000e+00,0.000000e+00,0.000000e+00,0.000000e+00,0.000000e+00,1.828224e+00,-1.479412e-01,1.270073e-01,-4.757417e-02,-6.400218e-01,5.050950e-01
7.900000,203,SS,1,2,3,0.000000e+00,0.000000e+00,0.000000e+00,0.000000e+00,0.000000e+00,0.000000e+00,1.651435e+00,-1.566626e-01,1.314168e-01,-4.789820e-02,-5.729157e-01,4.560351e-01
8.000000,204,SS,1,2,3,0.000000e+00,0.000000e+00,0.000000e+00,0.000000e+00,0.000000e+00,0.000000e+00,1.469296e+00,-1.638875e-01,1.351749e-01,-4.772049e-02,-5.042042e-01,4.051902e-01
8.100000,205,SS,1,2,3,0.000000e+00,0.000000e+00,0.000000e+00,0.000000e+00,0.000000e+00,0.000000e+00,1.282650e+00,-1.696082e-01,1.381748e-01,-4.704348e-02,-4.342456e-01,3.528363e-01
8.200000,206,SS,1,2,3,0.000000e+00,0.000000e+00,0.000000e+00,0.000000e+00,0.000000e+00,0.000000e+00,1.092292e+00,-1.738004e-01,1.403393e-01,-4.584526e-02,-3.633604e-01,2.992263e-01
8.300000,207,SS,1,2,3,0.000000e+00,0.000000e+00,0.000000e+00,0.000000e+00,0.000000e+00,0.000000e+00,8.984496e-01,-1.767605e-01,1.412036e-01,-4.410368e-02,-2.916610e-01,2.444151e-01
8.400000,208,SS,1,2,3,0.000000e+00,0.000000e+00,0.000000e+00,0.000000e+00,0.000000e+00,0.000000e+00,6.996035e-01,-1.795934e-01,1.397702e-01,-4.200897e-02,-2.183361e-01,1.878782e-01
8.500000,209,SS,1,2,3,0.000000e+00,0.000000e+00,0.000000e+00,0.000000e+00,0.000000e+00,0.000000e+00,4.999228e-01,-1.803938e-01,1.378840e-01,-3.922078e-02,-1.450847e-01,1.309055e-01
8.600000,210,SS,1,2,3,0.000000e+00,0.000000e+00,0.000000e+00,0.000000e+00,0.000000e+00,0.000000e+00,2.998801e-01,-1.793356e-01,1.353391e-01,-3.580705e-02,-7.211614e-02,7.372649e-02
8.700000,211,SS,1,2,3,0.000000e+00,0.000000e+00,0.000000e+00,0.000000e+00,0.000000e+00,0.000000e+00,9.999068e-02,-1.764264e-01,1.322764e-01,-3.184610e-02,4.520182e-04,1.656050e-02
8.800000,212,SS,1,2,3,0.000000e+00,0.000000e+00,0.000000e+00,0.000000e+00,0.000000e+00,0.000000e+00,-9.929192e-02,-1.717190e-01,1.289175e-01,-2.746667e-02,7.257242e-02,-4.038769e-02
8.900000,213,SS,1,2,3,0.000000e+00,0.000000e+00,0.000000e+00,0.000000e+00,0.000000e+00,0.000000e+00,-3.021243e-01,-1.668309e-01,1.243637e-01,-2.319228e-02,1.464176e-01,-9.845476e-02
9.000000,214,SS,1,2,3,0.000000e+00,0.000000e+00,0.000000e+00,0.000000e+00,0.000000e+00,0.000000e+00,-5.060113e-01,-1.614486e-01,1.190800e-01,-1.900376e-02,2.209469e-01,-1.568094e-01
9.100000,215,SS,1,2,3,0.000000e+00,0.000000e+00,0.000000e+00,0.000000e+00,0.000000e+00,0.000000e+00,-7.060838e-01,-1.546015e-01,1.133259e-01,-1.444406e-02,2.936617e-01,-2.137924e-01
9.200000,216,SS,1,2,3,0.000000e+00,0.000000e+00,0.000000e+00,0.000000e+00,0.000000e+00,0.000000e+00,-9.015933e-01,-1.458619e-01,1.068098e-01,-9.004450e-03,3.642472e-01,-2.699123e-01
9.300000,217,SS,1,2,3,0.000000e+00,0.000000e+00,0.000000e+00,0.000000e+00,0.000000e+00,0.000000e+00,-1.092445e+00,-1.356043e-01,9.985922e-02,-3.149623e-03,4.326985e-01,-3.244595e-01
9.400000,218,SS,1,2,3,0.000000e+00,0.000000e+00,0.000000e+00,0.000000e+00,0.000000e+00,0.000000e+00,-1.278273e+00,-1.240329e-01,9.234450e-02,3.075894e-03,4.988998e-01,-3.772807e-01
9.500000,219,SS,1,2,3,0.000000e+00,0.000000e+00,0.000000e+00,0.000000e+00,0.000000e+00,0.000000e+00,-1.470904e+00,-1.141652e-01,8.319433e-02,8.428826e-03,5.689960e-01,-4.323867e-01
9.600000,220,SS,1,2,3,0.000000e+00,0.000000e+00,0.000000e+00,0.000000e+00,0.000000e+00,0.000000e+00,-1.655555e+00,-1.029876e-01,7.421690e-02,1.395056e-02,6.358645e-01,-4.850434e-01
9.700000,221,SS,1,2,3,0.000000e+00,0.000000e+00,0.000000e+00,0.000000e+00,0.000000e+00,0.000000e+00,-1.831635e+00,-9.075183e-02,6.510939e-02,1.962192e-02,6.991976e-01,-5.349429e-01
9.800000,222,SS,1,2,3,0.000000e+00,0.000000e+00,0.000000e+00,0.000000e+00,0.000000e+00,0.000000e+00,-1.998921e+00,-7.751336e-02,5.610286e-02,2.533493e-02,7.589589e-01,-5.819157e-01
9.900000,223,SS,1,2,3,0.000000e+00,0.000000e+00,0.000000e+00,0.000000e+00,0.000000e+00,0.000000e+00,-2.157168e+00,-6.340638e-02,4.724334e-02,3.102329e-02,8.150995e-01,-6.258598e-01
10.000000,224,SS,1,2,3,0.000000e+00,0.000000e+00,0.000000e+00,0.000000e+00,0.000000e+00,0.000000e+00,-2.312162e+00,-4.985884e-02,3.819205e-02,3.603970e-02,8.706121e-01,-6.687674e-01
10.100000,225,SS,1,2,3,0.000000e+00,0.000000e+00,0.000000e+00,0.000000e+00,0.000000e+00,0.000000e+00,-2.467285e+00,-3.798208e-02,2.875074e-02,3.988214e-02,9.273617e-01,-7.119895e-01
10.200000,226,SS,1,2,3,0.000000e+00,0.000000e+00,0.000000e+00,0.000000e+00,0.000000e+00,0.000000e+00,-2.608696e+00,-2.547559e-02,1.980365e-02,4.358553e-02,9.785944e-01,-7.509532e-01
10.300000,227,SS,1,2,3,0.000000e+00,0.000000e+00,0.000000e+00,0.000000e+00,0.000000e+00,0.000000e+00,-2.736566e+00,-1.253360e-02,1.125537e-02,4.709817e-02,1.024405e+00,-7.855820e-01
10.400000,228,SS,1,2,3,0.000000e+00,0.000000e+00,0.000000e+00,0.000000e+00,0.000000e+00,0.000000e+00,-2.850790e+00,8.162037e-04,3.238651e-03,5.038621e-02,1.064790e+00,-8.157901e-01
10.500000,229,SS,1,2,3,0.000000e+00,0.000000e+00,0.000000e+00,0.000000e+00,0.000000e+00,0.000000e+00,-2.951215e+00,1.448924e-02,-4.202362e-03,5.342391e-02,1.099740e+00,-8.415431e-01
10.600000,230,SS,1,2,3,0.000000e+00,0.000000e+00,0.000000e+00,0.000000e+00,0.000000e+00,0.000000e+00,-3.053748e+00,2.549514e-02,-1.173669e-02,5.477403e-02,1.137169e+00,-8.684501e-01
10.700000,231,SS,1,2,3,0.000000e+00,0.000000e+00,0.000000e+00,0.000000e+00,0.000000e+00,0.000000e+00,-3.143769e+00,3.581030e-02,-1.873347e-02,5.541645e-02,1.170134e+00,-8.918491e-01
10.800000,232,SS,1,2,3,0.000000e+00,0.000000e+00,0.000000e+00,0.000000e+00,0.000000e+00,0.000000e+00,-3.214939e+00,4.629991e-02,-2.513120e-02,5.588383e-02,1.195588e+00,-9.095182e-01
10.900000,233,SS,1,2,3,0.000000e+00,0.000000e+00,0.000000e+00,0.000000e+00,0.000000e+00,0.000000e+00,-3.267483e+00,5.698558e-02,-3.087051e-02,5.619917e-02,1.213657e+00,-9.214209e-01
11.000000,234,SS,1,2,3,0.000000e+00,0.000000e+00,0.000000e+00,0.000000e+00,0.000000e+00,0.000000e+00,-3.301473e+00,6.788144e-02,-3.589288e-02,5.638078e-02,1.224428e+00,-9.275718e-01
11.100000,235,SS,1,2,3,0.000000e+00,0.000000e+00,0.000000e+00,0.000000e+00,0.000000e+00,0.000000e+00,-3.320593e+00,7.837769e-02,-4.028625e-02,5.613653e-02,1.229749e+00,-9.293108e-01
11.200000,236,SS,1,2,3,0.000000e+00,0.000000e+00,0.000000e+00,0.000000e+00,0.000000e+00,0.000000e+00,-3.342390e+00,8.556127e-02,-4.459339e-02,5.398874e-02,1.238181e+00,-9.330008e-01
11.300000,237,SS,1,2,3,0.000000e+00,0.000000e+00,0.000000e+00,0.000000e+00,0.000000e+00,0.000000e+00,-3.339709e+00,9.284022e-02,-4.804170e-02,5.171257e-02,1.236978e+00,-9.295990e-01
11.400000,238,SS,1,2,3,0.000000e+00,0.000000e+00,0.000000e+00,0.000000e+00,0.000000e+00,0.000000e+00,-3.313351e+00,1.001774e-01,-5.103432e-02,4.949821e-02,1.226509e+00,-9.191911e-01
11.500000,239,SS,1,2,3,0.000000e+00,0.000000e+00,0.000000e+00,0.000000e+00,0.000000e+00,0.000000e+00,-3.263692e+00,1.076737e-01,-5.338015e-02,4.734822e-02,1.206972e+00,-9.017947e-01
11.600000,240,SS,1,2,3,0.000000e+00,0.000000e+00,0.000000e+00,0.000000e+00,0.000000e+00,0.000000e+00,-3.191019e+00,1.153165e-01,-5.508090e-02,4.527378e-02,1.178567e+00,-8.775208e-01
11.700000,241,SS,1,2,3,0.000000e+00,0.000000e+00,0.000000e+00,0.000000e+00,0.000000e+00,0.000000e+00,-3.111784e+00,1.207937e-01,-5.638598e-02,4.199237e-02,1.149141e+00,-8.522232e-01
11.800000,242,SS,1,2,3,0.000000e+00,0.000000e+00,0.000000e+00,0.000000e+00,0.000000e+00,0.000000e+00,-3.020117e+00,1.242488e-01,-5.725619e-02,3.760105e-02,1.116194e+00,-8.242974e-01
11.900000,243,SS,1,2,3,0.000000e+00,0.000000e+00,0.000000e+00,0.000000e+00,0.000000e+00,0.000000e+00,-2.899654e+00,1.274779e-01,-5.772186e-02,3.324934e-02,1.072192e+00,-7.881616e-01
12.000000,244,SS,1,2,3,0.000000e+00,0.000000e+00,0.000000e+00,0.000000e+00,0.000000e+00,0.000000e+00,-2.751340e+00,1.305018e-01,-5.784596e-02,2.900245e-02,1.017570e+00,-7.439144e-01
12.100000,245,SS,1,2,3,0.000000e+00,0.000000e+00,0.000000e+00,0.000000e+00,0.000000e+00,0.000000e+00,-2.575815e+00,1.332984e-01,-5.753595e-02,2.481559e-02,9.526630e-01,-6.916920e-01
12.200000,246,SS,1,2,3,0.000000e+00,0.000000e+00,0.000000e+00,0.000000e+00,0.000000e+00,0.000000e+00,-2.373584e+00,1.357725e-01,-5.680482e-02,2.064003e-02,8.777685e-01,-6.316773e-01
12.300000,247,SS,1,2,3,0.000000e+00,0.000000e+00,0.000000e+00,0.000000e+00,0.000000e+00,0.000000e+00,-2.158052e+00,1.359371e-01,-5.757956e-02,1.594761e-02,7.998057e-01,-5.688347e-01
12.400000,248,SS,1,2,3,0.000000e+00,0.000000e+00,0.000000e+00,0.000000e+00,0.000000e+00,0.000000e+00,-1.914533e+00,1.352202e-01,-5.776588e-02,1.096386e-02,7.114894e-01,-4.981669e-01
12.500000,249,SS,1,2,3,0.000000e+00,0.000000e+00,0.000000e+00,0.000000e+00,0.000000e+00,0.000000e+00,-1.642553e+00,1.336390e-01,-5.739526e-02,5.682840e-03,6.125905e-01,-4.193912e-01
12.600000,250,SS,1,2,3,0.000000e+00,0.000000e+00,0.000000e+00,0.000000e+00,0.000000e+00,0.000000e+00,-1.342578e+00,1.310054e-01,-5.652407e-02,-7.453048e-06,5.033973e-01,-3.326401e-01
12.700000,251,SS,1,2,3,0.000000e+00,0.000000e+00,0.000000e+00,0.000000e+00,0.000000e+00,0.000000e+00,-1.014917e+00,1.271090e-01,-5.520348e-02,-6.219491e-03,3.841415e-01,-2.380483e-01
12.800000,252,SS,1,2,3,0.000000e+00,0.000000e+00,0.000000e+00,0.000000e+00,0.000000e+00,0.000000e+00,-6.598096e-01,1.215785e-01,-5.320653e-02,-1.328865e-02,2.550655e-01,-1.357090e-01
12.900000,253,SS,1,2,3,0.000000e+00,0.000000e+00,0.000000e+00,0.000000e+00,0.000000e+00,0.000000e+00,-2.774285e-01,1.139788e-01,-5.041819e-02,-2.152692e-02,1.163989e-01,-2.573086e-02
13.000000,254,SS,1,2,3,0.000000e+00,0.000000e+00,0.000000e+00,0.000000e+00,0.000000e+00,0.000000e+00,-1.781973e-01,1.393594e-01,-1.318303e-02,2.738420e-02,8.103821e-02,3.291447e-03
13.110000,255,DS_interstep,1,3,3,-1.507747e-01,4.164835e-01,5.607481e-02,1.250516e-01,4.980819e-02,7.172567e-02,-9.836142e-02,4.207604e-01,1.546710e-02,1.182893e-01,4.254074e-02,7.577412e-02
13.120000,256,DS_interstep,1,3,3,-5.863254e-01,5.039607e-01,-6.001557e-01,6.231985e-01,4.727444e-01,-3.180596e-01,-7.942314e-01,4.931647e-01,-9.670442e-01,6.848917e-01,5.547725e-01,-3.982427e-01
13.130000,257,DS_interstep,1,3,3,2.189904e-01,-9.170694e-01,-3.157610e-01,-1.996244e-01,9.154277e-02,-2.867482e-01,-4.567460e-03,-9.307841e-01,-2.445833e-01,-1.769849e-01,1.670906e-01,-2.989315e-01
13.140000,258,DS_interstep,1,3,3,3.655792e-01,-1.866110e+00,-8.819149e-02,-8.047990e-01,9.061995e-02,-4.825922e-01,-8.718223e-03,-1.868371e+00,3.110040e-01,-7.959776e-01,1.694076e-01,-4.958860e-01
13.150000,259,DS_interstep,1,3,3,3.508968e-01,-2.115832e+00,8.315651e-02,-1.053589e+00,1.191187e-01,-4.894795e-01,-2.185933e-02,-2.110821e+00,6.251535e-01,-1.051672e+00,1.728543e-01,-5.025805e-01
13.160000,260,DS_interstep,1,3,3,1.162831e-01,-1.986383e+00,1.683263e-01,-1.064015e+00,2.245958e-01,-5.561484e-01,-2.926827e-01,-1.971405e+00,7.235270e-01,-1.060746e+00,2.676598e-01,-5.916791e-01
13.170000,261,DS_interstep,1,3,3,-9.479880e-02,-1.637218e+00,2.157953e-01,-9.384017e-01,2.757220e-01,-5.607011e-01,-4.978153e-01,-1.615042e+00,7.116305e-01,-9.353300e-01,3.089689e-01,-6.118717e-01
13.180000,262,DS_interstep,1,3,3,-2.982068e-01,-1.235707e+00,2.265365e-01,-7.580346e-01,3.093193e-01,-5.792025e-01,-7.093368e-01,-1.207240e+00,6.321748e-01,-7.551423e-01,3.430347e-01,-6.462729e-01
13.190000,263,DS_interstep,1,3,3,-4.219539e-01,-8.575197e-01,2.219263e-01,-5.734114e-01,2.995806e-01,-5.702945e-01,-8.264375e-01,-8.255255e-01,5.340610e-01,-5.728242e-01,3.367821e-01,-6.444473e-01
13.200000,264,DS_interstep,1,3,3,-4.464299e-01,-5.889711e-01,2.243116e-01,-4.571259e-01,2.539072e-01,-5.391998e-01,-8.342947e-01,-5.361058e-01,4.515336e-01,-4.143499e-01,2.866065e-01,-6.105709e-01
13.210000,265,DS_interstep,1,3,3,-4.270067e-01,-3.899023e-01,2.164189e-01,-3.568730e-01,2.000633e-01,-4.970591e-01,-7.944783e-01,-3.336453e-01,3.819817e-01,-3.024791e-01,2.354872e-01,-5.677804e-01
13.220000,266,DS_interstep,1,3,3,-4.247473e-01,-1.984948e-01,1.852953e-01,-2.259016e-01,1.613044e-01,-4.617849e-01,-7.673528e-01,-1.626278e-01,3.124570e-01,-2.229493e-01,2.101767e-01,-5.232489e-01
13.230000,267,DS_interstep,1,3,3,-4.331162e-01,-7.557729e-03,1.573422e-01,-1.141971e-01,1.334167e-01,-4.150375e-01,-7.417068e-01,2.160606e-02,2.382304e-01,-1.271692e-01,1.847511e-01,-4.693298e-01
13.240000,268,DS_interstep,1,3,3,-4.333050e-01,1.844362e-01,1.319294e-01,-1.047733e-02,1.043685e-01,-3.496026e-01,-6.942034e-01,2.113348e-01,1.620458e-01,-2.458794e-02,1.518910e-01,-3.973887e-01
13.250000,269,DS_interstep,1,3,3,-4.136094e-01,3.481389e-01,1.095528e-01,7.887721e-02,7.075679e-02,-2.759235e-01,-6.209254e-01,3.721810e-01,9.558008e-02,6.362845e-02,1.126587e-01,-3.154556e-01
13.260000,270,DS_interstep,1,3,3,-3.756491e-01,4.667787e-01,9.190809e-02,1.454040e-01,3.543812e-02,-2.035358e-01,-5.307611e-01,4.876948e-01,4.465271e-02,1.290409e-01,7.119048e-02,-2.339495e-01
13.270000,271,DS_interstep,1,3,3,-3.266274e-01,5.405388e-01,7.878776e-02,1.889429e-01,2.182492e-03,-1.377192e-01,-4.345412e-01,5.583258e-01,9.221809e-03,1.716785e-01,3.180248e-02,-1.591065e-01
13.280000,272,DS_interstep,1,3,3,-2.740296e-01,5.756048e-01,6.932715e-02,2.124933e-01,-2.611828e-02,-8.178062e-02,-3.419070e-01,5.904736e-01,-1.295326e-02,1.946884e-01,-2.232304e-03,-9.502012e-02
13.290000,273,DS_interstep,1,3,3,-2.232728e-01,5.793635e-01,6.261967e-02,2.198047e-01,-4.802389e-02,-3.747361e-02,-2.594210e-01,5.916654e-01,-2.453866e-02,2.018683e-01,-2.916269e-02,-4.392095e-02
13.300000,274,DS_interstep,1,3,3,-1.781642e-01,5.597673e-01,5.769259e-02,2.150995e-01,-6.303204e-02,-5.381828e-03,-1.912600e-01,5.699310e-01,-2.855713e-02,1.974425e-01,-4.825147e-02,-6.653088e-03
13.310000,275,DS_interstep,1,3,3,-1.389143e-01,5.276916e-01,5.400157e-02,2.036870e-01,-7.285922e-02,1.857760e-02,-1.345940e-01,5.360524e-01,-2.812528e-02,1.866270e-01,-6.165041e-02,2.123116e-02
13.320000,276,DS_interstep,1,3,3,-1.066893e-01,4.923662e-01,5.084780e-02,1.902025e-01,-7.834141e-02,3.715798e-02,-8.848266e-02,4.992059e-01,-2.621427e-02,1.740271e-01,-7.049326e-02,4.265136e-02
13.330000,277,DS_interstep,1,3,3,-8.144680e-02,4.605676e-01,4.780815e-02,1.781075e-01,-8.073089e-02,5.273039e-02,-5.114884e-02,4.661104e-01,-2.496683e-02,1.630373e-01,-7.624074e-02,6.020144e-02
13.340000,278,DS_interstep,1,3,3,-6.248354e-02,4.353772e-01,4.471658e-02,1.690536e-01,-8.112573e-02,6.650396e-02,-2.107642e-02,4.398102e-01,-2.537684e-02,1.552340e-01,-8.003067e-02,7.526858e-02
13.350000,279,DS_interstep,1,3,3,-4.867780e-02,4.175849e-01,4.155079e-02,1.635129e-01,-8.039205e-02,7.924292e-02,3.328721e-03,4.210593e-01,-2.769630e-02,1.510247e-01,-8.273042e-02,8.878693e-02
13.360000,280,DS_interstep,1,3,3,-3.913359e-02,4.068248e-01,3.824540e-02,1.614090e-01,-7.895284e-02,9.121547e-02,2.308597e-02,4.094643e-01,-3.194683e-02,1.502989e-01,-8.471726e-02,1.011335e-01
13.370000,281,DS_interstep,1,3,3,-3.301963e-02,4.020211e-01,3.472852e-02,1.623134e-01,-7.700562e-02,1.024362e-01,3.896778e-02,4.039248e-01,-3.797498e-02,1.526076e-01,-8.611680e-02,1.124068e-01
13.380000,282,DS_interstep,1,3,3,-2.957788e-02,4.014960e-01,3.093355e-02,1.654952e-01,-7.457810e-02,1.126440e-01,5.146798e-02,4.027451e-01,-4.546141e-02,1.572048e-01,-8.684738e-02,1.224062e-01
13.390000,283,DS_interstep,1,3,3,-2.797432e-02,4.031370e-01,2.683693e-02,1.699785e-01,-7.166793e-02,1.214672e-01,6.106547e-02,4.037971e-01,-5.390708e-02,1.630945e-01,-8.677821e-02,1.308235e-01
13.400000,284,DS_interstep,1,3,3,-2.733307e-02,4.046455e-01,2.246208e-02,1.746541e-01,-6.828081e-02,1.285083e-01,6.825761e-02,4.047688e-01,-6.268474e-02,1.691405e-01,-8.578337e-02,1.373305e-01
13.410000,285,DS_interstep,1,3,3,-2.678306e-02,4.039541e-01,1.787794e-02,1.784735e-01,-6.448181e-02,1.335134e-01,7.365016e-02,4.035798e-01,-7.114139e-02,1.742615e-01,-8.382678e-02,1.417544e-01
13.420000,286,DS_interstep,1,3,3,-2.561796e-02,3.996534e-01,1.317268e-02,1.806646e-01,-6.037826e-02,1.364587e-01,7.787814e-02,3.988080e-01,-7.874181e-02,1.776548e-01,-8.097015e-02,1.441522e-01
13.430000,287,DS_interstep,1,3,3,-2.341623e-02,3.912574e-01,8.429241e-03,1.808781e-01,-5.609642e-02,1.375814e-01,8.151995e-02,3.899562e-01,-8.517656e-02,1.789489e-01,-7.736265e-02,1.448292e-01
13.440000,288,DS_interstep,1,3,3,-2.009044e-02,3.791640e-01,3.710015e-03,1.791900e-01,-5.174756e-02,1.373060e-01,8.499525e-02,3.774149e-01,-9.038641e-02,1.782107e-01,-7.319716e-02,1.442536e-01
13.450000,289,DS_interstep,1,3,3,-1.581697e-02,3.643632e-01,-9.400889e-04,1.759755e-01,-4.741898e-02,1.361365e-01,8.854510e-02,3.621697e-01,-9.449903e-02,1.758180e-01,-6.867790e-02,1.429463e-01
13.460000,290,DS_interstep,1,3,3,-1.090817e-02,3.480536e-01,-5.482915e-03,1.717327e-01,-4.317844e-02,1.345512e-01,9.226752e-02,3.454192e-01,-9.772809e-02,1.722791e-01,-6.399819e-02,1.413813e-01
13.470000,291,DS_interstep,1,3,3,-5.686133e-03,3.313322e-01,-9.877720e-03,1.669346e-01,-3.908520e-02,1.329407e-01,9.618447e-02,3.282623e-01,-1.002857e-01,1.680801e-01,-5.933142e-02,1.399332e-01
13.480000,292,DS_interstep,1,3,3,-4.048701e-04,3.150242e-01,-1.407869e-02,1.619461e-01,-3.519477e-02,1.315847e-01,1.002944e-01,3.115274e-01,-1.023332e-01,1.635987e-01,-5.482524e-02,1.388608e-01
13.490000,293,DS_interstep,1,3,3,4.777115e-03,2.996395e-01,-1.803738e-02,1.569988e-01,-3.155831e-02,1.306565e-01,1.046002e-01,2.957272e-01,-1.039677e-01,1.590782e-01,-5.059810e-02,1.383167e-01
13.500000,294,DS_interstep,1,3,3,9.788515e-03,2.854077e-01,-2.170695e-02,1.522051e-01,-2.821866e-02,1.302399e-01,1.091146e-01,2.810941e-01,-1.052291e-01,1.546406e-01,-4.673732e-02,1.383661e-01
13.510000,295,DS_interstep,1,3,3,1.462112e-02,2.723485e-01,-2.504593e-02,1.475871e-01,-2.520714e-02,1.303500e-01,1.138529e-01,2.676498e-01,-1.061172e-01,1.503165e-01,-4.329988e-02,1.390078e-01
13.520000,296,DS_interstep,1,3,3,1.930271e-02,2.603460e-01,-2.802081e-02,1.431099e-01,-2.254200e-02,1.309519e-01,1.188230e-01,2.552801e-01,-1.066093e-01,1.460779e-01,-4.031523e-02,1.401920e-01
13.530000,297,DS_interstep,1,3,3,2.387417e-02,2.492144e-01,-3.060764e-02,1.387102e-01,-2.022874e-02,1.319776e-01,1.240169e-01,2.438009e-01,-1.066756e-01,1.418682e-01,-3.778962e-02,1.418367e-01
13.540000,298,DS_interstep,1,3,3,2.837293e-02,2.387495e-01,-3.279297e-02,1.343199e-01,-1.826155e-02,1.333384e-01,1.294057e-01,2.330094e-01,-1.062916e-01,1.376248e-01,-3.571075e-02,1.438399e-01
13.550000,299,DS_interstep,1,3,3,3.282307e-02,2.287639e-01,-3.457412e-02,1.298818e-01,-1.662551e-02,1.349364e-01,1.349385e-01,2.227198e-01,-1.054467e-01,1.332962e-01,-3.405244e-02,1.460901e-01
13.560000,300,DS_interstep,1,3,3,3.723088e-02,2.191084e-01,-3.595893e-02,1.253595e-01,-1.529878e-02,1.366718e-01,1.405453e-01,2.127844e-01,-1.041484e-01,1.288509e-01,-3.277885e-02,1.484744e-01
13.570000,301,DS_interstep,1,3,3,4.158498e-02,2.096813e-01,-3.696483e-02,1.207403e-01,-1.425492e-02,1.384493e-01,1.461415e-01,2.031028e-01,-1.024234e-01,1.242813e-01,-3.184814e-02,1.508846e-01
13.580000,302,DS_interstep,1,3,3,4.585924e-02,2.004279e-01,-3.761735e-02,1.160349e-01,-1.346492e-02,1.401822e-01,1.516344e-01,1.936214e-01,-1.003157e-01,1.196025e-01,-3.121563e-02,1.532221e-01
13.590000,303,DS_interstep,1,3,3,5.001744e-02,1.913334e-01,-3.794817e-02,1.112723e-01,-1.289890e-02,1.417949e-01,1.569298e-01,1.843265e-01,-9.788245e-02,1.148475e-01,-3.083618e-02,1.554003e-01
13.600000,304,DS_interstep,1,3,3,5.401832e-02,1.824128e-01,-3.799293e-02,1.064939e-01,-1.252749e-02,1.432239e-01,1.619377e-01,1.752336e-01,-9.518846e-02,1.100618e-01,-3.066614e-02,1.573468e-01
13.610000,305,SS,2,3,3,2.763127e+00,1.185207e+00,-6.209048e-01,8.894266e-01,-1.110988e+00,2.816934e+00,0.000000e+00,0.000000e+00,0.000000e+00,0.000000e+00,0.000000e+00,0.000000e+00
13.710000,306,SS,2,3,3,4.486137e+00,1.697672e+00,-7.481152e-01,1.231085e+00,-1.705101e+00,4.375688e+00,0.000000e+00,0.000000e+00,0.000000e+00,0.000000e+00,0.000000e+00,0.000000e+00
13.810000,307,SS,2,3,3,5.881383e+00,2.138825e+00,-7.827278e-01,1.470119e+00,-2.190958e+00,5.647081e+00,0.000000e+00,0.000000e+00,0.000000e+00,0.000000e+00,0.000000e+00,0.000000e+00
13.910000,308,SS,2,3,3,6.929907e+00,2.479060e+00,-7.512644e-01,1.616862e+00,-2.553090e+00,6.612265e+00,0.000000e+00,0.000000e+00,0.000000e+00,0.000000e+00,0.000000e+00,0.000000e+00
14.010000,309,SS,2,3,3,7.643210e+00,2.722575e+00,-6.507577e-01,1.669140e+00,-2.798671e+00,7.279367e+00,0.000000e+00,0.000000e+00,0.000000e+00,0.000000e+00,0.000000e+00,0.000000e+00
14.110000,310,SS,2,3,3,8.041467e+00,2.874559e+00,-4.875722e-01,1.634279e+00,-2.938923e+00,7.662047e+00,0.000000e+00,0.000000e+00,0.000000e+00,0.000000e+00,0.000000e+00,0.000000e+00
14.210000,311,SS,2,3,3,8.143293e+00,2.935351e+00,-2.777933e-01,1.525547e+00,-2.983833e+00,7.773293e+00,0.000000e+00,0.000000e+00,0.000000e+00,0.000000e+00,0.000000e+00,0.000000e+00
14.310000,312,SS,2,3,3,7.969850e+00,2.904021e+00,-4.123754e-02,1.358064e+00,-2.944347e+00,7.629242e+00,0.000000e+00,0.000000e+00,0.000000e+00,0.000000e+00,0.000000e+00,0.000000e+00
14.410000,313,SS,2,3,3,7.542165e+00,2.777230e+00,2.008667e-01,1.145788e+00,-2.829391e+00,7.246959e+00,0.000000e+00,0.000000e+00,0.000000e+00,0.000000e+00,0.000000e+00,0.000000e+00
14.510000,314,SS,2,3,3,6.884128e+00,2.550917e+00,4.288451e-01,8.997434e-01,-2.646385e+00,6.646374e+00,0.000000e+00,0.000000e+00,0.000000e+00,0.000000e+00,0.000000e+00,0.000000e+00
14.610000,315,SS,2,3,3,6.001133e+00,2.193969e+00,5.706906e-01,6.722583e-01,-2.404718e+00,5.722879e+00,0.000000e+00,0.000000e+00,0.000000e+00,0.000000e+00,0.000000e+00,0.000000e+00
14.710000,316,SS,2,3,3,4.887345e+00,1.662727e+00,6.172626e-01,4.419235e-01,-2.089691e+00,4.527384e+00,0.000000e+00,0.000000e+00,0.000000e+00,0.000000e+00,0.000000e+00,0.000000e+00
14.810000,317,SS,2,3,3,3.612211e+00,1.059524e+00,6.520696e-01,1.644459e-01,-1.697893e+00,3.252652e+00,0.000000e+00,0.000000e+00,0.000000e+00,0.000000e+00,0.000000e+00,0.000000e+00
14.910000,318,SS,2,3,3,2.237452e+00,4.391537e-01,6.787371e-01,-1.370570e-01,-1.245637e+00,1.936560e+00,0.000000e+00,0.000000e+00,0.000000e+00,0.000000e+00,0.000000e+00,0.000000e+00
15.010000,319,SS,2,3,3,7.826973e-01,-1.584027e-01,6.921115e-01,-4.369532e-01,-7.337481e-01,5.886831e-01,0.000000e+00,0.000000e+00,0.000000e+00,0.000000e+00,0.000000e+00,0.000000e+00
15.110000,320,SS,2,3,3,-6.948059e-01,-7.177372e-01,6.770162e-01,-7.078337e-01,-1.826251e-01,-7.577620e-01,0.000000e+00,0.000000e+00,0.000000e+00,0.000000e+00,0.000000e+00,0.000000e+00
15.210000,321,SS,2,3,3,-2.177482e+00,-1.203510e+00,6.541888e-01,-9.505936e-01,4.021920e-01,-2.062301e+00,0.000000e+00,0.000000e+00,0.000000e+00,0.000000e+00,0.000000e+00,0.000000e+00
15.310000,322,SS,2,3,3,-3.600353e+00,-1.631781e+00,5.785259e-01,-1.123310e+00,9.975133e-01,-3.318497e+00,0.000000e+00,0.000000e+00,0.000000e+00,0.000000e+00,0.000000e+00,0.000000e+00
15.410000,323,SS,2,3,3,-4.921106e+00,-1.980599e+00,4.839630e-01,-1.246624e+00,1.580513e+00,-4.462251e+00,0.000000e+00,0.000000e+00,0.000000e+00,0.000000e+00,0.000000e+00,0.000000e+00
15.510000,324,SS,2,3,3,-6.078654e+00,-2.248698e+00,3.657357e-01,-1.311793e+00,2.123414e+00,-5.453443e+00,0.000000e+00,0.000000e+00,0.000000e+00,0.000000e+00,0.000000e+00,0.000000e+00
15.610000,325,SS,2,3,3,-7.037847e+00,-2.450083e+00,2.286851e-01,-1.327593e+00,2.609309e+00,-6.273950e+00,0.000000e+00,0.000000e+00,0.000000e+00,0.000000e+00,0.000000e+00,0.000000e+00
15.710000,326,SS,2,3,3,-7.741826e+00,-2.630395e+00,2.921902e-02,-1.270398e+00,3.000076e+00,-6.973640e+00,0.000000e+00,0.000000e+00,0.000000e+00,0.000000e+00,0.000000e+00,0.000000e+00
15.810000,327,SS,2,3,3,-8.167567e+00,-2.762549e+00,-2.036235e-01,-1.159118e+00,3.282583e+00,-7.486793e+00,0.000000e+00,0.000000e+00,0.000000e+00,0.000000e+00,0.000000e+00,0.000000e+00
15.910000,328,SS,2,3,3,-8.226172e+00,-2.780815e+00,-3.928504e-01,-1.031720e+00,3.414682e+00,-7.644972e+00,0.000000e+00,0.000000e+00,0.000000e+00,0.000000e+00,0.000000e+00,0.000000e+00
16.010000,329,SS,2,3,3,-7.854882e+00,-2.679226e+00,-5.232375e-01,-8.939818e-01,3.362379e+00,-7.400503e+00,0.000000e+00,0.000000e+00,0.000000e+00,0.000000e+00,0.000000e+00,0.000000e+00
16.110000,330,SS,2,3,3,-7.005781e+00,-2.445468e+00,-5.847198e-01,-7.463375e-01,3.100571e+00,-6.711388e+00,0.000000e+00,0.000000e+00,0.000000e+00,0.000000e+00,0.000000e+00,0.000000e+00
16.210000,331,SS,2,3,3,-5.637619e+00,-2.062929e+00,-5.728479e-01,-5.837621e-01,2.610452e+00,-5.537465e+00,0.000000e+00,0.000000e+00,0.000000e+00,0.000000e+00,0.000000e+00,0.000000e+00
16.310000,332,SS,2,3,3,-3.710680e+00,-1.510513e+00,-4.880343e-01,-3.963356e-01,1.876824e+00,-3.836125e+00,0.000000e+00,0.000000e+00,0.000000e+00,0.000000e+00,0.000000e+00,0.000000e+00
16.410000,333,SS,2,3,3,-1.840768e+00,-9.093217e-01,-2.416156e-01,-2.707570e-01,1.031291e+00,-2.114702e+00,0.000000e+00,0.000000e+00,0.000000e+00,0.000000e+00,0.000000e+00,0.000000e+00
16.510000,334,SS,2,3,3,-1.598913e+00,-7.663017e-01,-1.503780e-02,-3.227300e-01,7.551119e-01,-1.841987e+00,0.000000e+00,0.000000e+00,0.000000e+00,0.000000e+00,0.000000e+00,0.000000e+00
16.610000,335,SS,2,3,3,-1.407533e+00,-6.201840e-01,7.342337e-02,-3.109148e-01,6.055506e-01,-1.601974e+00,0.000000e+00,0.000000e+00,0.000000e+00,0.000000e+00,0.000000e+00,0.000000e+00
16.710000,336,SS,2,3,3,-1.245837e+00,-4.991979e-01,9.199327e-02,-2.690158e-01,5.180839e-01,-1.396005e+00,0.000000e+00,0.000000e+00,0.000000e+00,0.000000e+00,0.000000e+00,0.000000e+00
16.810000,337,SS,2,3,3,-1.096073e+00,-3.925153e-01,8.969248e-02,-2.222289e-01,4.513551e-01,-1.204631e+00,0.000000e+00,0.000000e+00,0.000000e+00,0.000000e+00,0.000000e+00,0.000000e+00
16.920000,338,DS_interstep,2,3,4,-7.396816e-01,5.645708e-01,6.959302e-02,1.298024e-01,3.698026e-01,-3.158765e-01,-9.884565e-01,2.048386e-01,-2.215514e-01,1.802666e-01,4.653865e-01,-3.895462e-01
16.930000,339,DS_interstep,2,3,4,-1.064891e+00,-2.211916e+00,-2.184465e+00,1.033962e+00,1.002632e+00,-1.325486e+00,-2.267544e+00,-3.676741e+00,-4.045569e+00,1.241097e+00,9.925089e-01,-1.243624e+00
16.940000,340,DS_interstep,2,3,4,-1.305422e+00,-4.836838e+00,-1.672437e+00,-4.303341e-01,1.006235e+00,-2.321802e+00,-3.290819e+00,-7.101198e+00,-2.935327e+00,-4.499863e-01,1.252062e+00,-1.977036e+00
16.950000,341,DS_interstep,2,3,4,-1.673268e+00,-5.365442e+00,-7.806311e-01,-1.380835e+00,8.905299e-01,-2.919292e+00,-4.089742e+00,-8.092700e+00,-1.400460e+00,-1.633480e+00,1.359440e+00,-2.508481e+00
16.960000,342,DS_interstep,2,3,4,-2.078594e+00,-4.621997e+00,-2.824097e-02,-1.718337e+00,8.048554e-01,-3.161260e+00,-4.641098e+00,-7.541193e+00,-2.561252e-01,-2.124492e+00,1.402806e+00,-2.816699e+00
16.970000,343,DS_interstep,2,3,4,-2.171906e+00,-2.890692e+00,5.402212e-01,-1.441657e+00,6.596505e-01,-2.879985e+00,-4.884243e+00,-6.871551e+00,6.608752e-01,-2.557263e+00,1.430196e+00,-2.511336e+00
16.980000,344,DS_interstep,2,3,4,-2.363118e+00,-1.374470e+00,8.962401e-01,-9.589656e-01,6.204048e-01,-2.582928e+00,-4.881433e+00,-5.368489e+00,1.129240e+00,-2.618657e+00,1.479353e+00,-2.329458e+00
16.990000,345,DS_interstep,2,3,4,-2.433786e+00,-4.815263e-01,1.052412e+00,-7.922972e-01,6.378769e-01,-2.272343e+00,-4.439131e+00,-3.527072e+00,1.242272e+00,-2.126239e+00,1.379752e+00,-2.169458e+00
17.000000,346,DS_interstep,2,3,4,-2.371352e+00,-7.700610e-04,1.094868e+00,-9.168560e-01,6.930335e-01,-1.951060e+00,-3.876956e+00,-1.943740e+00,1.168556e+00,-1.371869e+00,1.181227e+00,-2.011688e+00
17.010000,347,DS_interstep,2,3,4,-2.213183e+00,5.159669e-01,1.138300e+00,-8.216854e-01,6.665808e-01,-1.598722e+00,-3.412362e+00,-1.015471e+00,1.218722e+00,-1.088228e+00,1.058067e+00,-1.720898e+00
17.020000,348,DS_interstep,2,3,4,-1.998990e+00,9.451226e-01,1.123068e+00,-6.641727e-01,6.215955e-01,-1.231592e+00,-2.900517e+00,-2.492809e-01,1.211239e+00,-8.650873e-01,9.395756e-01,-1.384280e+00
17.030000,349,DS_interstep,2,3,4,-1.740770e+00,1.245211e+00,1.064672e+00,-5.202526e-01,5.701437e-01,-8.642047e-01,-2.348000e+00,3.909856e-01,1.156789e+00,-6.520437e-01,8.109846e-01,-1.033872e+00
17.040000,350,DS_interstep,2,3,4,-1.463158e+00,1.431285e+00,9.833419e-01,-3.996700e-01,5.134587e-01,-5.183037e-01,-1.795677e+00,9.004134e-01,1.082314e+00,-4.653561e-01,6.797269e-01,-6.934660e-01
17.050000,351,DS_interstep,2,3,4,-1.183046e+00,1.529264e+00,8.898078e-01,-2.993145e-01,4.519695e-01,-2.061455e-01,-1.269609e+00,1.292810e+00,9.986449e-01,-3.058172e-01,5.497261e-01,-3.784287e-01
17.060000,352,DS_interstep,2,3,4,-9.130178e-01,1.563246e+00,7.910240e-01,-2.142073e-01,3.866705e-01,6.493222e-02,-7.877825e-01,1.584579e+00,9.111662e-01,-1.707098e-01,4.240906e-01,-9.895622e-02
17.070000,353,DS_interstep,2,3,4,-6.613784e-01,1.550794e+00,6.919675e-01,-1.409764e-01,3.185787e-01,2.911622e-01,-3.611464e-01,1.789151e+00,8.237982e-01,-5.784943e-02,3.050318e-01,1.391351e-01
17.080000,354,DS_interstep,2,3,4,-4.408424e-01,1.501437e+00,5.995483e-01,-8.132041e-02,2.504783e-01,4.627518e-01,-9.764410e-03,1.906457e+00,7.431571e-01,2.894761e-02,1.977604e-01,3.245336e-01
17.090000,355,DS_interstep,2,3,4,-2.765767e-01,1.439315e+00,5.212712e-01,-3.175374e-02,1.916501e-01,5.642628e-01,2.295443e-01,1.944225e+00,6.694629e-01,9.153147e-02,1.148673e-01,4.380120e-01
17.100000,356,DS_interstep,2,3,4,-1.616553e-01,1.368523e+00,4.577719e-01,6.976851e-03,1.426172e-01,6.083462e-01,3.740537e-01,1.918536e+00,6.051420e-01,1.321735e-01,5.444115e-02,4.923574e-01
17.110000,357,DS_interstep,2,3,4,-5.548991e-02,1.279619e+00,4.000035e-01,3.745943e-02,9.124438e-02,6.327757e-01,4.939487e-01,1.857303e+00,5.498344e-01,1.595253e-01,-3.119793e-03,5.286902e-01
17.120000,358,DS_interstep,2,3,4,1.803798e-02,1.154556e+00,3.462031e-01,4.178811e-02,3.971437e-02,6.257880e-01,6.222089e-01,1.831903e+00,5.071286e-01,2.058882e-01,-5.726348e-02,5.340964e-01
17.130000,359,DS_interstep,2,3,4,1.616520e-01,1.079024e+00,2.786388e-01,9.264991e-02,-2.638182e-02,6.732518e-01,7.643803e-01,1.758507e+00,4.425236e-01,2.345966e-01,-1.322199e-01,5.963804e-01
17.140000,360,DS_interstep,2,3,4,2.746138e-01,1.028219e+00,2.157622e-01,1.508232e-01,-7.799038e-02,7.100731e-01,8.670026e-01,1.692969e+00,3.710802e-01,2.608713e-01,-1.911484e-01,6.415192e-01
17.150000,361,DS_interstep,2,3,4,3.598815e-01,9.760961e-01,1.550925e-01,1.986604e-01,-1.231533e-01,7.272521e-01,9.602218e-01,1.659122e+00,3.010031e-01,3.052321e-01,-2.419992e-01,6.659431e-01
17.160000,362,DS_interstep,2,3,4,4.264741e-01,9.347553e-01,9.931491e-02,2.468762e-01,-1.620991e-01,7.301536e-01,1.023769e+00,1.621528e+00,2.313589e-01,3.479770e-01,-2.837671e-01,6.739377e-01
17.170000,363,DS_interstep,2,3,4,4.722132e-01,8.977544e-01,5.146014e-02,2.898950e-01,-1.935411e-01,7.163505e-01,1.053714e+00,1.571814e+00,1.671650e-01,3.832468e-01,-3.144098e-01,6.637101e-01
17.180000,364,DS_interstep,2,3,4,5.026427e-01,8.606600e-01,1.140806e-02,3.260776e-01,-2.193014e-01,6.898814e-01,1.058772e+00,1.509807e+00,1.104581e-01,4.099461e-01,-3.363276e-01,6.401170e-01
17.190000,365,DS_interstep,2,3,4,5.220018e-01,8.223117e-01,-2.176290e-02,3.554126e-01,-2.403609e-01,6.551708e-01,1.046667e+00,1.438698e+00,6.126089e-02,4.288870e-01,-3.513927e-01,6.079737e-01
17.200000,366,DS_interstep,2,3,4,5.329837e-01,7.829872e-01,-4.910207e-02,3.783911e-01,-2.570205e-01,6.159185e-01,1.023023e+00,1.362288e+00,1.880093e-02,4.413622e-01,-3.607743e-01,5.711243e-01
17.210000,367,DS_interstep,2,3,4,5.373237e-01,7.433050e-01,-7.157566e-02,3.955695e-01,-2.693139e-01,5.749604e-01,9.918233e-01,1.283850e+00,-1.786310e-02,4.485808e-01,-3.652370e-01,5.324502e-01
17.220000,368,DS_interstep,2,3,4,5.362653e-01,7.038056e-01,-9.002567e-02,4.074695e-01,-2.772728e-01,5.343789e-01,9.559579e-01,1.205867e+00,-4.960538e-02,4.515354e-01,-3.653825e-01,4.940515e-01
17.230000,369,DS_interstep,2,3,4,5.308155e-01,6.648709e-01,-1.051777e-01,4.145942e-01,-2.810443e-01,4.956461e-01,9.175874e-01,1.130097e+00,-7.717650e-02,4.510273e-01,-3.617765e-01,4.574134e-01
17.240000,370,DS_interstep,2,3,4,5.218553e-01,6.267605e-01,-1.176548e-01,4.174593e-01,-2.809156e-01,4.597430e-01,8.783474e-01,1.057728e+00,-1.012092e-01,4.477218e-01,-3.549924e-01,4.235302e-01
17.250000,371,DS_interstep,2,3,4,5.101729e-01,5.896638e-01,-1.279856e-01,4.166059e-01,-2.772937e-01,4.272531e-01,8.394567e-01,9.895086e-01,-1.222362e-01,4.421898e-01,-3.456090e-01,3.929962e-01
17.260000,372,DS_interstep,2,3,4,4.964642e-01,5.537329e-01,-1.366098e-01,4.125932e-01,-2.706665e-01,3.984364e-01,8.017798e-01,9.258514e-01,-1.407045e-01,4.349279e-01,-3.341913e-01,3.660782e-01
17.270000,373,DS_interstep,2,3,4,4.813250e-01,5.190950e-01,-1.438808e-01,4.059790e-01,-2.615621e-01,3.732940e-01,7.658727e-01,8.669023e-01,-1.569841e-01,4.263645e-01,-3.212670e-01,3.427796e-01
17.280000,374,DS_interstep,2,3,4,4.652459e-01,4.858510e-01,-1.500717e-01,3.972960e-01,-2.505132e-01,3.516269e-01,7.320267e-01,8.125932e-01,-1.713732e-01,4.168581e-01,-3.073087e-01,3.229005e-01
17.290000,375,DS_interstep,2,3,4,4.486135e-01,4.540710e-01,-1.553833e-01,3.870312e-01,-2.380288e-01,3.330923e-01,7.003163e-01,7.626885e-01,-1.841055e-01,4.066968e-01,-2.927223e-01,3.060952e-01
17.300000,376,DS_interstep,2,3,4,4.317172e-01,4.237908e-01,-1.599551e-01,3.756128e-01,-2.245738e-01,3.172554e-01,6.706481e-01,7.168307e-01,-1.953582e-01,3.961008e-01,-2.778432e-01,2.919252e-01
17.310000,377,DS_interstep,2,3,4,4.147603e-01,3.950153e-01,-1.638777e-01,3.634040e-01,-2.105559e-01,3.036362e-01,6.428107e-01,6.745866e-01,-2.052632e-01,3.852307e-01,-2.629367e-01,2.799068e-01
17.320000,378,DS_interstep,2,3,4,3.978741e-01,3.677246e-01,-1.672060e-01,3.507039e-01,-1.963193e-01,2.917488e-01,6.165208e-01,6.354904e-01,-2.139184e-01,3.741977e-01,-2.482046e-01,2.695510e-01
17.330000,379,DS_interstep,2,3,4,3.811337e-01,3.418824e-01,-1.699705e-01,3.377525e-01,-1.821429e-01,2.811336e-01,5.914635e-01,5.990820e-01,-2.213994e-01,3.630759e-01,-2.337920e-01,2.603950e-01
17.340000,380,DS_interstep,2,3,4,3.645729e-01,3.174439e-01,-1.721876e-01,3.247376e-01,-1.682432e-01,2.713793e-01,5.673260e-01,5.649352e-01,-2.277679e-01,3.519138e-01,-2.197976e-01,2.520246e-01
17.350000,381,DS_interstep,2,3,4,3.481992e-01,2.943607e-01,-1.738667e-01,3.118023e-01,-1.547801e-01,2.621380e-01,5.438234e-01,5.326776e-01,-2.330788e-01,3.407435e-01,-2.062824e-01,2.440892e-01
17.360000,382,DS_interstep,2,3,4,3.320023e-01,2.726075e-01,-1.750181e-01,2.990680e-01,-1.418667e-01,2.531253e-01,5.207069e-01,5.020161e-01,-2.373937e-01,3.296009e-01,-1.932799e-01,2.362997e-01
17.370000,383,DS_interstep,2,3,4,3.159511e-01,2.522442e-01,-1.756619e-01,2.866827e-01,-1.295845e-01,2.440992e-01,4.977423e-01,4.727759e-01,-2.408091e-01,3.185661e-01,-1.808053e-01,2.283991e-01
17.380000,384,DS_interstep,2,3,4,3.000627e-01,2.332192e-01,-1.758187e-01,2.747094e-01,-1.179884e-01,2.349214e-01,4.748290e-01,4.447747e-01,-2.433819e-01,3.076645e-01,-1.688740e-01,2.202504e-01
17.390000,385,DS_interstep,2,3,4,2.844299e-01,2.154383e-01,-1.755404e-01,2.631860e-01,-1.071179e-01,2.255908e-01,4.520527e-01,4.179188e-01,-2.451831e-01,2.969317e-01,-1.575221e-01,2.118629e-01
17.400000,386,DS_interstep,2,3,4,2.690584e-01,1.988329e-01,-1.748558e-01,2.521087e-01,-9.694601e-02,2.161036e-01,4.294147e-01,3.921329e-01,-2.462714e-01,2.863762e-01,-1.467245e-01,2.032373e-01
17.410000,387,DS_interstep,2,3,4,2.539428e-01,1.833405e-01,-1.737836e-01,2.414562e-01,-8.742840e-02,2.064715e-01,4.069187e-01,3.673615e-01,-2.466916e-01,2.759956e-01,-1.364434e-01,1.943885e-01
17.420000,388,DS_interstep,2,3,4,2.391000e-01,1.689023e-01,-1.723441e-01,2.312076e-01,-7.852505e-02,1.967329e-01,3.846126e-01,3.435786e-01,-2.464850e-01,2.657929e-01,-1.266496e-01,1.853595e-01
17.430000,389,DS_interstep,2,3,4,2.245639e-01,1.554638e-01,-1.705607e-01,2.213446e-01,-7.020057e-02,1.869440e-01,3.625751e-01,3.207803e-01,-2.456921e-01,2.557772e-01,-1.173223e-01,1.762118e-01
17.440000,390,DS_interstep,2,3,4,2.103778e-01,1.429742e-01,-1.684587e-01,2.118520e-01,-6.242357e-02,1.771706e-01,3.409019e-01,2.989753e-01,-2.443530e-01,2.459613e-01,-1.084462e-01,1.670167e-01
17.450000,391,DS_interstep,2,3,4,1.965886e-01,1.313846e-01,-1.660651e-01,2.027168e-01,-5.516571e-02,1.674815e-01,3.196944e-01,2.781776e-01,-2.425082e-01,2.363599e-01,-1.000098e-01,1.578486e-01
17.460000,392,DS_interstep,2,3,4,1.832424e-01,1.206472e-01,-1.634075e-01,1.939270e-01,-4.840088e-02,1.579434e-01,2.990514e-01,2.584004e-01,-2.401978e-01,2.269878e-01,-9.200347e-02,1.487798e-01
17.470000,393,DS_interstep,2,3,4,1.703808e-01,1.107144e-01,-1.605141e-01,1.854717e-01,-4.210450e-02,1.486173e-01,2.790627e-01,2.396520e-01,-2.374616e-01,2.178583e-01,-8.441844e-02,1.398771e-01
17.480000,394,DS_interstep,2,3,4,1.580390e-01,1.015386e-01,-1.574126e-01,1.773400e-01,-3.625303e-02,1.395562e-01,2.598051e-01,2.219333e-01,-2.343388e-01,2.089828e-01,-7.724554e-02,1.311989e-01
17.490000,395,DS_interstep,2,3,4,1.462438e-01,9.307180e-02,-1.541300e-01,1.695207e-01,-3.082368e-02,1.308042e-01,2.413400e-01,2.052366e-01,-2.308674e-01,2.003693e-01,-7.047487e-02,1.227943e-01
17.500000,396,DS_interstep,2,3,4,1.350142e-01,8.526613e-02,-1.506921e-01,1.620025e-01,-2.579426e-02,1.223954e-01,2.237128e-01,1.895448e-01,-2.270839e-01,1.920231e-01,-6.409545e-02,1.147025e-01
17.510000,397,DS_interstep,2,3,4,1.243606e-01,7.807373e-02,-1.471235e-01,1.547733e-01,-2.114311e-02,1.143547e-01,2.069532e-01,1.748324e-01,-2.230233e-01,1.839458e-01,-5.809521e-02,1.069526e-01
17.520000,398,DS_interstep,2,3,4,1.142858e-01,7.144735e-02,-1.434471e-01,1.478209e-01,-1.684923e-02,1.066979e-01,1.910758e-01,1.610660e-01,-2.187184e-01,1.761365e-01,-5.246109e-02,9.956477e-02
17.530000,399,DS_interstep,2,3,4,1.047860e-01,6.534069e-02,-1.396841e-01,1.411327e-01,-1.289232e-02,9.943268e-02,1.760825e-01,1.482056e-01,-2.142000e-01,1.685913e-01,-4.717921e-02,9.255046e-02
17.540000,400,DS_interstep,2,3,4,9.585134e-02,5.970893e-02,-1.358539e-01,1.346960e-01,-9.252878e-03,9.255994e-02,1.619635e-01,1.362063e-01,-2.094969e-01,1.613041e-01,-4.223513e-02,8.591386e-02
17.550000,401,DS_interstep,2,3,4,8.746743e-02,5.450912e-02,-1.319743e-01,1.284983e-01,-5.912321e-03,8.607449e-02,1.486998e-01,1.250193e-01,-2.046353e-01,1.542672e-01,-3.761404e-02,7.965286e-02
17.560000,402,DS_interstep,2,3,4,7.961603e-02,4.970056e-02,-1.280611e-01,1.225274e-01,-2.853020e-03,7.996639e-02,1.362647e-01,1.145937e-01,-1.996396e-01,1.474714e-01,-3.330107e-02,7.376014e-02
17.570000,403,DS_interstep,2,3,4,7.227611e-02,4.524513e-02,-1.241287e-01,1.167715e-01,-5.834329e-05,7.422197e-02,1.246260e-01,1.048780e-01,-1.945319e-01,1.409070e-01,-2.928140e-02,6.822432e-02
17.580000,404,DS_interstep,2,3,4,6.542472e-02,4.110752e-02,-1.201899e-01,1.112196e-01,2.487342e-03,6.882479e-02,1.137470e-01,9.582038e-02,-1.893327e-01,1.345635e-01,-2.554046e-02,6.303089e-02
17.590000,405,DS_interstep,2,3,4,5.903771e-02,3.725540e-02,-1.162560e-01,1.058613e-01,4.798697e-03,6.375655e-02,1.035889e-01,8.737065e-02,-1.840604e-01,1.284304e-01,-2.206407e-02,5.816313e-02
17.600000,406,DS_interstep,2,3,4,5.309035e-02,3.365943e-02,-1.123370e-01,1.006871e-01,6.889455e-03,5.899781e-02,9.411114e-02,7.948043e-02,-1.787319e-01,1.224975e-01,-1.883846e-02,5.360290e-02
17.610000,407,DS_interstep,2,3,4,4.755786e-02,3.029333e-02,-1.084417e-01,9.568823e-02,8.772483e-03,5.452872e-02,8.527282e-02,7.210397e-02,-1.733624e-01,1.167550e-01,-1.585039e-02,4.933134e-02
17.620000,408,DS_interstep,2,3,4,4.241584e-02,2.713372e-02,-1.045776e-01,9.085678e-02,1.045986e-02,5.032949e-02,7.703364e-02,6.519854e-02,-1.679661e-01,1.111936e-01,-1.308718e-02,4.532940e-02
17.630000,409,DS_interstep,2,3,4,3.764059e-02,2.416008e-02,-1.007514e-01,8.618568e-02,1.196294e-02,4.638087e-02,6.935442e-02,5.872473e-02,-1.625556e-01,1.058048e-01,-1.053667e-02,4.157837e-02
17.640000,410,DS_interstep,2,3,4,3.320939e-02,2.135449e-02,-9.696895e-02,8.166861e-02,1.329244e-02,4.266452e-02,6.219768e-02,5.264658e-02,-1.571425e-01,1.005807e-01,-8.187268e-03,3.806020e-02
17.650000,411,DS_interstep,2,3,4,2.910062e-02,1.870147e-02,-9.323512e-02,7.729993e-02,1.445851e-02,3.916319e-02,5.552804e-02,4.693159e-02,-1.517376e-01,9.551456e-02,-6.027921e-03,3.475781e-02
17.660000,412,DS_interstep,2,3,4,2.529394e-02,1.618775e-02,-8.955418e-02,7.307461e-02,1.547082e-02,3.586097e-02,4.931242e-02,4.155073e-02,-1.463505e-01,9.060003e-02,-4.048099e-03,3.165530e-02
17.670000,413,DS_interstep,2,3,4,2.177031e-02,1.380202e-02,-8.592979e-02,6.898818e-02,1.633856e-02,3.274336e-02,4.352023e-02,3.647822e-02,-1.409902e-01,8.583177e-02,-2.237769e-03,2.873806e-02
17.680000,414,DS_interstep,2,3,4,1.851203e-02,1.153467e-02,-8.236509e-02,6.503663e-02,1.707056e-02,2.979730e-02,3.812341e-02,3.169141e-02,-1.356650e-01,8.120507e-02,-5.873747e-04,2.599286e-02
17.690000,415,DS_interstep,2,3,4,1.550274e-02,9.377592e-03,-7.886276e-02,6.121636e-02,1.767530e-02,2.701123e-02,3.309640e-02,2.717048e-02,-1.303824e-01,7.671591e-02,9.121914e-04,2.340788e-02
17.700000,416,DS_interstep,2,3,4,1.272732e-02,7.323948e-03,-7.542508e-02,5.752408e-02,1.816094e-02,2.437495e-02,2.841606e-02,2.289822e-02,-1.251495e-01,7.236085e-02,2.269612e-03,2.097266e-02
17.710000,417,DS_interstep,2,3,4,1.017189e-02,5.367954e-03,-7.205403e-02,5.395675e-02,1.853537e-02,2.187964e-02,2.406155e-02,1.885978e-02,-1.199728e-01,6.813696e-02,3.493170e-03,1.867803e-02
17.720000,418,DS_interstep,2,3,4,7.823679e-03,3.504702e-03,-6.875131e-02,5.051157e-02,1.880620e-02,1.951768e-02,2.001413e-02,1.504232e-02,-1.148582e-01,6.404178e-02,4.590765e-03,1.651607e-02
17.730000,419,DS_interstep,2,3,4,5.670938e-03,1.730002e-03,-6.551839e-02,4.718589e-02,1.898079e-02,1.728258e-02,1.625701e-02,1.143480e-02,-1.098114e-01,6.007318e-02,5.569942e-03,1.447996e-02
17.740000,420,DS_interstep,2,3,4,3.702858e-03,4.023179e-05,-6.235655e-02,4.397718e-02,1.906627e-02,1.516882e-02,1.277509e-02,8.027704e-03,-1.048375e-01,5.622936e-02,6.437901e-03,1.256385e-02
17.750000,421,DS_interstep,2,3,4,1.909449e-03,-1.567778e-03,-5.926692e-02,4.088303e-02,1.906951e-02,1.317172e-02,9.554802e-03,4.812760e-03,-9.994150e-02,5.250874e-02,7.201519e-03,1.076275e-02
17.760000,422,DS_interstep,2,3,4,2.814394e-04,-3.096844e-03,-5.625047e-02,3.790108e-02,1.899715e-02,1.128731e-02,6.583828e-03,1.782761e-03,-9.512782e-02,4.890993e-02,7.867366e-03,9.072418e-03
17.770000,423,DS_interstep,2,3,4,-1.189820e-03,-4.549512e-03,-5.330810e-02,3.502905e-02,1.885559e-02,9.512180e-03,3.850949e-03,-1.068673e-03,-9.040068e-02,4.543165e-02,8.441713e-03,7.489161e-03
17.780000,424,DS_interstep,2,3,4,-2.512451e-03,-5.928123e-03,-5.044057e-02,3.226468e-02,1.865096e-02,7.843376e-03,1.345821e-03,-3.747267e-03,-8.576397e-02,4.207273e-02,8.930550e-03,6.009769e-03
17.790000,425,DS_interstep,2,3,4,-3.694132e-03,-7.234858e-03,-4.764858e-02,2.960578e-02,1.838918e-02,6.278256e-03,-9.412013e-04,-6.258251e-03,-8.122133e-02,3.883201e-02,9.339598e-03,4.631367e-03
17.800000,426,DS_interstep,2,3,4,-4.742178e-03,-8.471778e-03,-4.493271e-02,2.705018e-02,1.807588e-02,4.814396e-03,-3.019224e-03,-8.606501e-03,-7.677609e-02,3.570834e-02,9.674317e-03,3.351316e-03
17.810000,427,DS_interstep,2,3,4,-5.663602e-03,-9.640853e-03,-4.229348e-02,2.459573e-02,1.771645e-02,3.449496e-03,-4.896960e-03,-1.079665e-02,-7.243135e-02,3.270057e-02,9.939916e-03,2.167114e-03
17.820000,428,DS_interstep,2,3,4,-6.465174e-03,-1.074398e-02,-3.973132e-02,2.224033e-02,1.731600e-02,2.181297e-03,-6.582849e-03,-1.283319e-02,-6.818991e-02,2.980749e-02,1.014137e-02,1.076312e-03
17.830000,429,DS_interstep,2,3,4,-7.153472e-03,-1.178297e-02,-3.724658e-02,1.998190e-02,1.687940e-02,1.007514e-03,-8.085160e-03,-1.472053e-02,-6.405433e-02,2.702783e-02,1.028341e-02,7.644647e-05
17.840000,430,DS_interstep,2,3,4,-7.734912e-03,-1.275962e-02,-3.483949e-02,1.781839e-02,1.641123e-02,-7.421834e-05,-9.412070e-03,-1.646307e-02,-6.002690e-02,2.436026e-02,1.037057e-02,-8.350167e-04
17.850000,431,DS_interstep,2,3,4,-8.215780e-03,-1.367563e-02,-3.251022e-02,1.574779e-02,1.591583e-02,-1.066384e-03,-1.057172e-02,-1.806526e-02,-5.610967e-02,2.180336e-02,1.040716e-02,-1.660725e-03
17.860000,432,DS_interstep,2,3,4,-8.602249e-03,-1.453267e-02,-3.025880e-02,1.376811e-02,1.539725e-02,-1.971616e-03,-1.157227e-02,-1.953157e-02,-5.230439e-02,1.935562e-02,1.039727e-02,-2.403468e-03
17.870000,433,DS_interstep,2,3,4,-8.900396e-03,-1.533235e-02,-2.808518e-02,1.187740e-02,1.485931e-02,-2.792713e-03,-1.242191e-02,-2.086657e-02,-4.861259e-02,1.701543e-02,1.034481e-02,-3.066199e-03
17.880000,434,DS_interstep,2,3,4,-9.116199e-03,-1.607624e-02,-2.598918e-02,1.007373e-02,1.430556e-02,-3.532644e-03,-1.312887e-02,-2.207490e-02,-4.503551e-02,1.478111e-02,1.025352e-02,-3.652035e-03
17.890000,435,DS_interstep,2,3,4,-9.255542e-03,-1.676584e-02,-2.397052e-02,8.355218e-03,1.373930e-02,-4.194547e-03,-1.370142e-02,-2.316129e-02,-4.157414e-02,1.265087e-02,1.012692e-02,-4.164262e-03
17.900000,436,DS_interstep,2,3,4,-9.324208e-03,-1.740261e-02,-2.202878e-02,6.719979e-03,1.316360e-02,-4.781721e-03,-1.414788e-02,-2.413052e-02,-3.822921e-02,1.062285e-02,9.968390e-03,-4.606323e-03
17.910000,437,DS_interstep,2,3,4,-9.327869e-03,-1.798794e-02,-2.016343e-02,5.166167e-03,1.258131e-02,-5.297607e-03,-1.447654e-02,-2.498745e-02,-3.500119e-02,8.695079e-03,9.781121e-03,-4.981798e-03
17.920000,438,DS_interstep,2,3,4,-9.272075e-03,-1.852320e-02,-1.837382e-02,3.691952e-03,1.199504e-02,-5.745765e-03,-1.469571e-02,-2.573697e-02,-3.189030e-02,6.865537e-03,9.568154e-03,-5.294386e-03
17.930000,439,DS_interstep,2,3,4,-9.162240e-03,-1.900968e-02,-1.665917e-02,2.295518e-03,1.140718e-02,-6.129857e-03,-1.481359e-02,-2.638398e-02,-2.889651e-02,5.132117e-03,9.332369e-03,-5.547877e-03
17.940000,440,DS_interstep,2,3,4,-9.003624e-03,-1.944864e-02,-1.501859e-02,9.750600e-04,1.081996e-02,-6.453611e-03,-1.483834e-02,-2.693339e-02,-2.601955e-02,3.492652e-03,9.076499e-03,-5.746126e-03
17.950000,441,DS_interstep,2,3,4,-8.801324e-03,-1.984132e-02,-1.345108e-02,-2.712173e-04,1.023537e-02,-6.720795e-03,-1.477794e-02,-2.739009e-02,-2.325892e-02,1.944917e-03,8.803130e-03,-5.893020e-03
17.960000,442,DS_interstep,2,3,4,-8.560253e-03,-2.018889e-02,-1.195551e-02,-1.445107e-03,9.655263e-03,-6.935192e-03,-1.464024e-02,-2.775893e-02,-2.061389e-02,4.866377e-04,8.514707e-03,-5.992448e-03
17.970000,443,DS_interstep,2,3,4,-8.285131e-03,-2.049254e-02,-1.053067e-02,-2.548400e-03,9.081293e-03,-7.100566e-03,-1.443284e-02,-2.804468e-02,-1.808351e-02,-8.845055e-04,8.213538e-03,-6.048275e-03
17.980000,444,DS_interstep,2,3,4,-7.980470e-03,-2.075338e-02,-9.175248e-03,-3.582891e-03,8.514971e-03,-7.220636e-03,-1.416312e-02,-2.825205e-02,-1.566664e-02,-2.170866e-03,7.901801e-03,-6.064309e-03
17.990000,445,DS_interstep,2,3,4,-7.650561e-03,-2.097256e-02,-7.887831e-03,-4.550379e-03,7.957654e-03,-7.299054e-03,-1.383820e-02,-2.838562e-02,-1.336194e-02,-3.374828e-03,7.581543e-03,-6.044275e-03
18.000000,446,DS_interstep,2,3,4,-7.299472e-03,-2.115119e-02,-6.666938e-03,-5.452669e-03,7.410562e-03,-7.339379e-03,-1.346488e-02,-2.844988e-02,-1.116789e-02,-4.498795e-03,7.254687e-03,-5.991796e-03
18.010000,447,DS_interstep,2,3,4,-6.931035e-03,-2.129039e-02,-5.511013e-03,-6.291576e-03,6.874786e-03,-7.345056e-03,-1.304964e-02,-2.844919e-02,-9.082792e-03,-5.545190e-03,6.923035e-03,-5.910364e-03
18.020000,448,DS_interstep,2,3,4,-6.548845e-03,-2.139126e-02,-4.418440e-03,-7.068925e-03,6.351297e-03,-7.319400e-03,-1.259862e-02,-2.838777e-02,-7.104814e-03,-6.516443e-03,6.588269e-03,-5.803327e-03
18.030000,449,DS_interstep,2,3,4,-6.156255e-03,-2.145494e-02,-3.387547e-03,-7.786551e-03,5.840952e-03,-7.265584e-03,-1.211760e-02,-2.826968e-02,-5.231971e-03,-7.414991e-03,6.251957e-03,-5.673874e-03
18.040000,450,DS_interstep,2,3,4,-5.756380e-03,-2.148255e-02,-2.416620e-03,-8.446297e-03,5.344506e-03,-7.186621e-03,-1.161201e-02,-2.809885e-02,-3.462156e-03,-8.243269e-03,5.915556e-03,-5.525021e-03
18.050000,451,DS_interstep,2,3,4,-5.352094e-03,-2.147524e-02,-1.503909e-03,-9.050018e-03,4.862614e-03,-7.085363e-03,-1.108690e-02,-2.787905e-02,-1.793144e-03,-9.003709e-03,5.580413e-03,-5.359603e-03
18.060000,452,DS_interstep,2,3,4,-4.946041e-03,-2.143419e-02,-6.476385e-04,-9.599577e-03,4.395844e-03,-6.964491e-03,-1.054695e-02,-2.761389e-02,-2.226100e-04,-9.698732e-03,5.247772e-03,-5.180270e-03
18.070000,453,DS_interstep,2,3,4,-4.540630e-03,-2.136056e-02,1.539859e-04,-1.009684e-02,3.944677e-03,-6.826513e-03,-9.996474e-03,-2.730682e-02,1.251858e-03,-1.033075e-02,4.918772e-03,-4.989484e-03
18.080000,454,DS_interstep,2,3,4,-4.138052e-03,-2.125557e-02,9.027694e-04,-1.054369e-02,3.509516e-03,-6.673765e-03,-9.439441e-03,-2.696115e-02,2.632748e-03,-1.090214e-02,4.594455e-03,-4.789518e-03
18.090000,455,DS_interstep,2,3,4,-3.740284e-03,-2.112045e-02,1.600521e-03,-1.094200e-02,3.090689e-03,-6.508410e-03,-8.879452e-03,-2.658002e-02,3.922616e-03,-1.141530e-02,4.275768e-03,-4.582457e-03
18.100000,456,DS_interstep,2,3,4,-3.349096e-03,-2.095643e-02,2.249046e-03,-1.129364e-02,2.688458e-03,-6.332447e-03,-8.319781e-03,-2.616643e-02,5.124068e-03,-1.187256e-02,3.963563e-03,-4.370207e-03
18.110000,457,DS_interstep,2,3,4,-2.966063e-03,-2.076479e-02,2.850142e-03,-1.160050e-02,2.303016e-03,-6.147707e-03,-7.763373e-03,-2.572324e-02,6.239755e-03,-1.227625e-02,3.658606e-03,-4.154495e-03
18.120000,458,DS_interstep,2,3,4,-2.592577e-03,-2.054681e-02,3.405593e-03,-1.186443e-02,1.934500e-03,-5.955869e-03,-7.212869e-03,-2.525318e-02,7.272359e-03,-1.262867e-02,3.361576e-03,-3.936882e-03
18.130000,459,DS_interstep,2,3,4,-2.229854e-03,-2.030378e-02,3.917163e-03,-1.208730e-02,1.582985e-03,-5.758462e-03,-6.670618e-03,-2.475883e-02,8.224591e-03,-1.293209e-02,3.073073e-03,-3.718766e-03
18.140000,460,DS_interstep,2,3,4,-1.878949e-03,-2.003704e-02,4.386595e-03,-1.227095e-02,1.248496e-03,-5.556873e-03,-6.138693e-03,-2.424266e-02,9.099172e-03,-1.318873e-02,2.793615e-03,-3.501394e-03
18.150000,461,DS_interstep,2,3,4,-1.540761e-03,-1.974789e-02,4.815605e-03,-1.241723e-02,9.310061e-04,-5.352360e-03,-5.618915e-03,-2.370701e-02,9.898835e-03,-1.340082e-02,2.523649e-03,-3.285873e-03
18.160000,462,DS_interstep,2,3,4,-1.216051e-03,-1.943768e-02,5.205881e-03,-1.252793e-02,6.304400e-04,-5.146055e-03,-5.112863e-03,-2.315411e-02,1.062631e-02,-1.357050e-02,2.263549e-03,-3.073176e-03
18.170000,463,DS_interstep,2,3,4,-9.054461e-04,-1.910775e-02,5.559080e-03,-1.260485e-02,3.466787e-04,-4.938977e-03,-4.621897e-03,-2.258608e-02,1.128433e-02,-1.369991e-02,2.013623e-03,-2.864155e-03
18.180000,464,DS_interstep,2,3,4,-6.094527e-04,-1.875944e-02,5.876828e-03,-1.264977e-02,7.956093e-05,-4.732038e-03,-4.147174e-03,-2.200495e-02,1.187561e-02,-1.379113e-02,1.774116e-03,-2.659551e-03
18.190000,465,DS_interstep,2,3,4,-3.284650e-04,-1.839407e-02,6.160713e-03,-1.266441e-02,-1.711139e-04,-4.526055e-03,-3.689663e-03,-2.141264e-02,1.240284e-02,-1.384623e-02,1.545213e-03,-2.460001e-03
18.200000,466,DS_interstep,2,3,4,-6.277441e-05,-1.801300e-02,6.412291e-03,-1.265048e-02,-4.055830e-04,-4.321754e-03,-3.250162e-03,-2.081097e-02,1.286870e-02,-1.386721e-02,1.327044e-03,-2.266048e-03
18.210000,467,DS_interstep,2,3,4,1.874219e-04,-1.761753e-02,6.633080e-03,-1.260967e-02,-6.241181e-04,-4.119782e-03,-2.829311e-03,-2.020169e-02,1.327585e-02,-1.385602e-02,1.119684e-03,-2.078153e-03
18.220000,468,DS_interstep,2,3,4,4.220134e-04,-1.720898e-02,6.824564e-03,-1.254361e-02,-8.270223e-04,-3.920709e-03,-2.427607e-03,-1.958646e-02,1.362689e-02,-1.381459e-02,9.231629e-04,-1.896696e-03
18.230000,469,DS_interstep,2,3,4,6.409681e-04,-1.678863e-02,6.988187e-03,-1.245391e-02,-1.014628e-03,-3.725041e-03,-2.045417e-03,-1.896684e-02,1.392442e-02,-1.374480e-02,7.374634e-04,-1.721992e-03
18.240000,470,DS_interstep,2,3,4,8.443262e-04,-1.635777e-02,7.125360e-03,-1.234213e-02,-1.187295e-03,-3.533219e-03,-1.682990e-03,-1.834434e-02,1.417099e-02,-1.364847e-02,5.625274e-04,-1.554292e-03
18.250000,471,SS,3,3,4,0.000000e+00,0.000000e+00,0.000000e+00,0.000000e+00,0.000000e+00,0.000000e+00,6.084953e-01,-3.607481e-02,-1.003511e-02,-1.666291e-01,-2.824113e-01,1.930938e-01
18.350000,472,SS,3,3,4,0.000000e+00,0.000000e+00,0.000000e+00,0.000000e+00,0.000000e+00,0.000000e+00,9.576376e-01,1.768423e-03,-2.065295e-02,-1.180359e-01,-4.175353e-01,2.690397e-01
18.450000,473,SS,3,3,4,0.000000e+00,0.000000e+00,0.000000e+00,0.000000e+00,0.000000e+00,0.000000e+00,1.261386e+00,2.011315e-02,-3.379833e-02,-9.390731e-02,-5.275895e-01,3.219043e-01
18.550000,474,SS,3,3,4,0.000000e+00,0.000000e+00,0.000000e+00,0.000000e+00,0.000000e+00,0.000000e+00,1.569543e+00,4.378651e-02,-4.604672e-02,-7.273231e-02,-6.424738e-01,3.716825e-01
18.650000,475,SS,3,3,4,0.000000e+00,0.000000e+00,0.000000e+00,0.000000e+00,0.000000e+00,0.000000e+00,1.873665e+00,7.222945e-02,-5.621052e-02,-5.306813e-02,-7.571370e-01,4.207114e-01
18.750000,476,SS,3,3,4,0.000000e+00,0.000000e+00,0.000000e+00,0.000000e+00,0.000000e+00,0.000000e+00,2.143256e+00,9.212536e-02,-6.857150e-02,-3.808435e-02,-8.593960e-01,4.652881e-01
18.850000,477,SS,3,3,4,0.000000e+00,0.000000e+00,0.000000e+00,0.000000e+00,0.000000e+00,0.000000e+00,2.384565e+00,1.097064e-01,-7.753889e-02,-2.538588e-02,-9.497068e-01,5.058079e-01
18.950000,478,SS,3,3,4,0.000000e+00,0.000000e+00,0.000000e+00,0.000000e+00,0.000000e+00,0.000000e+00,2.597329e+00,1.233342e-01,-8.449953e-02,-1.506111e-02,-1.028501e+00,5.426262e-01
19.050000,479,SS,3,3,4,0.000000e+00,0.000000e+00,0.000000e+00,0.000000e+00,0.000000e+00,0.000000e+00,2.782094e+00,1.325457e-01,-8.935783e-02,-7.113647e-03,-1.095854e+00,5.757604e-01
19.150000,480,SS,3,3,4,0.000000e+00,0.000000e+00,0.000000e+00,0.000000e+00,0.000000e+00,0.000000e+00,2.958140e+00,1.408416e-01,-9.071837e-02,-1.404162e-04,-1.159957e+00,6.088923e-01
19.250000,481,SS,3,3,4,0.000000e+00,0.000000e+00,0.000000e+00,0.000000e+00,0.000000e+00,0.000000e+00,3.107428e+00,1.453864e-01,-8.993559e-02,4.992460e-03,-1.213268e+00,6.382704e-01
19.350000,482,SS,3,3,4,0.000000e+00,0.000000e+00,0.000000e+00,0.000000e+00,0.000000e+00,0.000000e+00,3.228655e+00,1.462875e-01,-8.700981e-02,8.377678e-03,-1.255062e+00,6.632128e-01
19.450000,483,SS,3,3,4,0.000000e+00,0.000000e+00,0.000000e+00,0.000000e+00,0.000000e+00,0.000000e+00,3.323367e+00,1.436815e-01,-8.221766e-02,1.016431e-02,-1.286044e+00,6.837793e-01
19.550000,484,SS,3,3,4,0.000000e+00,0.000000e+00,0.000000e+00,0.000000e+00,0.000000e+00,0.000000e+00,3.393070e+00,1.379095e-01,-7.571036e-02,1.055209e-02,-1.306866e+00,7.000498e-01
19.650000,485,SS,3,3,4,0.000000e+00,0.000000e+00,0.000000e+00,0.000000e+00,0.000000e+00,0.000000e+00,3.446849e+00,1.303449e-01,-6.750832e-02,1.017263e-02,-1.321644e+00,7.137281e-01
19.750000,486,SS,3,3,4,0.000000e+00,0.000000e+00,0.000000e+00,0.000000e+00,0.000000e+00,0.000000e+00,3.484713e+00,1.212862e-01,-5.788535e-02,9.235353e-03,-1.330527e+00,7.246604e-01
19.850000,487,SS,3,3,4,0.000000e+00,0.000000e+00,0.000000e+00,0.000000e+00,0.000000e+00,0.000000e+00,3.498545e+00,1.100926e-01,-4.711761e-02,7.485590e-03,-1.329845e+00,7.309221e-01
19.950000,488,SS,3,3,4,0.000000e+00,0.000000e+00,0.000000e+00,0.000000e+00,0.000000e+00,0.000000e+00,3.490130e+00,9.720486e-02,-3.530654e-02,5.084039e-03,-1.320320e+00,7.326401e-01
20.050000,489,SS,3,3,4,0.000000e+00,0.000000e+00,0.000000e+00,0.000000e+00,0.000000e+00,0.000000e+00,3.460950e+00,8.280623e-02,-2.275699e-02,2.132463e-03,-1.302650e+00,7.300086e-01
20.150000,490,SS,3,3,4,0.000000e+00,0.000000e+00,0.000000e+00,0.000000e+00,0.000000e+00,0.000000e+00,3.413649e+00,6.727016e-02,-9.717892e-03,-1.186845e-03,-1.278064e+00,7.234929e-01
20.250000,491,SS,3,3,4,0.000000e+00,0.000000e+00,0.000000e+00,0.000000e+00,0.000000e+00,0.000000e+00,3.357751e+00,5.140465e-02,3.182067e-03,-4.371888e-03,-1.251204e+00,7.151025e-01
20.350000,492,SS,3,3,4,0.000000e+00,0.000000e+00,0.000000e+00,0.000000e+00,0.000000e+00,0.000000e+00,3.282881e+00,3.490802e-02,1.629871e-02,-7.679403e-03,-1.217108e+00,7.024783e-01
20.450000,493,SS,3,3,4,0.000000e+00,0.000000e+00,0.000000e+00,0.000000e+00,0.000000e+00,0.000000e+00,3.190761e+00,1.815010e-02,2.963901e-02,-1.106278e-02,-1.176447e+00,6.858539e-01
20.550000,494,SS,3,3,4,0.000000e+00,0.000000e+00,0.000000e+00,0.000000e+00,0.000000e+00,0.000000e+00,3.082775e+00,1.150035e-03,4.286250e-02,-1.450493e-02,-1.129901e+00,6.655003e-01
20.650000,495,SS,3,3,4,0.000000e+00,0.000000e+00,0.000000e+00,0.000000e+00,0.000000e+00,0.000000e+00,2.960289e+00,-1.591114e-02,5.581702e-02,-1.794960e-02,-1.078077e+00,6.416852e-01
20.750000,496,SS,3,3,4,0.000000e+00,0.000000e+00,0.000000e+00,0.000000e+00,0.000000e+00,0.000000e+00,2.828900e+00,-3.327382e-02,6.746094e-02,-2.126002e-02,-1.023876e+00,6.156883e-01
20.850000,497,SS,3,3,4,0.000000e+00,0.000000e+00,0.000000e+00,0.000000e+00,0.000000e+00,0.000000e+00,2.686143e+00,-5.029889e-02,7.840099e-02,-2.432251e-02,-9.659131e-01,5.868753e-01
20.950000,498,SS,3,3,4,0.000000e+00,0.000000e+00,0.000000e+00,0.000000e+00,0.000000e+00,0.000000e+00,2.531445e+00,-6.663796e-02,8.891844e-02,-2.714691e-02,-9.037584e-01,5.550734e-01
21.050000,499,SS,3,3,4,0.000000e+00,0.000000e+00,0.000000e+00,0.000000e+00,0.000000e+00,0.000000e+00,2.366081e+00,-8.224964e-02,9.882475e-02,-2.974631e-02,-8.379977e-01,5.205682e-01
21.150000,500,SS,3,3,4,0.000000e+00,0.000000e+00,0.000000e+00,0.000000e+00,0.000000e+00,0.000000e+00,2.191244e+00,-9.705326e-02,1.079822e-01,-3.209890e-02,-7.691626e-01,4.836334e-01
21.250000,501,SS,3,3,4,0.000000e+00,0.000000e+00,0.000000e+00,0.000000e+00,0.000000e+00,0.000000e+00,2.008612e+00,-1.111265e-01,1.158053e-01,-3.410985e-02,-6.981029e-01,4.446486e-01
21.350000,502,SS,3,3,4,0.000000e+00,0.000000e+00,0.000000e+00,0.000000e+00,0.000000e+00,0.000000e+00,1.819523e+00,-1.215490e-01,1.081335e-01,-2.838539e-02,-6.341239e-01,3.601512e-01
21.450000,503,SS,3,3,4,0.000000e+00,0.000000e+00,0.000000e+00,0.000000e+00,0.000000e+00,0.000000e+00,1.617087e+00,-1.417900e-01,9.794324e-02,-2.871130e-02,-5.684761e-01,2.920919e-01
21.550000,504,SS,3,3,4,0.000000e+00,0.000000e+00,0.000000e+00,0.000000e+00,0.000000e+00,0.000000e+00,1.411358e+00,-1.617257e-01,9.140930e-02,-3.118479e-02,-5.001606e-01,2.387664e-01
21.650000,505,SS,3,3,4,0.000000e+00,0.000000e+00,0.000000e+00,0.000000e+00,0.000000e+00,0.000000e+00,1.205213e+00,-1.775654e-01,8.864240e-02,-3.369085e-02,-4.292386e-01,1.936722e-01
21.750000,506,SS,3,3,4,0.000000e+00,0.000000e+00,0.000000e+00,0.000000e+00,0.000000e+00,0.000000e+00,9.989806e-01,-1.890847e-01,8.810641e-02,-3.547006e-02,-3.562021e-01,1.530886e-01
21.850000,507,SS,3,3,4,0.000000e+00,0.000000e+00,0.000000e+00,0.000000e+00,0.000000e+00,0.000000e+00,7.894379e-01,-1.973263e-01,8.813148e-02,-3.644159e-02,-2.798349e-01,1.148262e-01
21.950000,508,SS,3,3,4,0.000000e+00,0.000000e+00,0.000000e+00,0.000000e+00,0.000000e+00,0.000000e+00,5.801942e-01,-2.013969e-01,9.006229e-02,-3.647134e-02,-2.020967e-01,7.886345e-02
22.050000,509,SS,3,3,4,0.000000e+00,0.000000e+00,0.000000e+00,0.000000e+00,0.000000e+00,0.000000e+00,3.710585e-01,-2.018452e-01,9.322496e-02,-3.555562e-02,-1.233883e-01,4.446551e-02
22.150000,510,SS,3,3,4,0.000000e+00,0.000000e+00,0.000000e+00,0.000000e+00,0.000000e+00,0.000000e+00,1.619087e-01,-1.990814e-01,9.733938e-02,-3.374097e-02,-4.394137e-02,1.113511e-02
22.250000,511,SS,3,3,4,0.000000e+00,0.000000e+00,0.000000e+00,0.000000e+00,0.000000e+00,0.000000e+00,-4.726917e-02,-1.934970e-01,1.022739e-01,-3.112777e-02,3.608602e-02,-2.145663e-02
22.350000,512,SS,3,3,4,0.000000e+00,0.000000e+00,0.000000e+00,0.000000e+00,0.000000e+00,0.000000e+00,-2.614137e-01,-1.867550e-01,1.070623e-01,-2.817733e-02,1.191546e-01,-5.468154e-02
22.450000,513,SS,3,3,4,0.000000e+00,0.000000e+00,0.000000e+00,0.000000e+00,0.000000e+00,0.000000e+00,-4.775526e-01,-1.786115e-01,1.123814e-01,-2.497561e-02,2.039173e-01,-8.799774e-02
22.550000,514,SS,3,3,4,0.000000e+00,0.000000e+00,0.000000e+00,0.000000e+00,0.000000e+00,0.000000e+00,-6.912344e-01,-1.686263e-01,1.180846e-01,-2.120228e-02,2.878181e-01,-1.207938e-01
22.650000,515,SS,3,3,4,0.000000e+00,0.000000e+00,0.000000e+00,0.000000e+00,0.000000e+00,0.000000e+00,-9.018407e-01,-1.570836e-01,1.231382e-01,-1.658135e-02,3.701059e-01,-1.534149e-01
22.750000,516,SS,3,3,4,0.000000e+00,0.000000e+00,0.000000e+00,0.000000e+00,0.000000e+00,0.000000e+00,-1.108830e+00,-1.440078e-01,1.276806e-01,-1.120652e-02,4.505167e-01,-1.857820e-01
22.850000,517,SS,3,3,4,0.000000e+00,0.000000e+00,0.000000e+00,0.000000e+00,0.000000e+00,0.000000e+00,-1.314726e+00,-1.302723e-01,1.315298e-01,-5.508663e-03,5.305088e-01,-2.184637e-01
22.950000,518,SS,3,3,4,0.000000e+00,0.000000e+00,0.000000e+00,0.000000e+00,0.000000e+00,0.000000e+00,-1.525808e+00,-1.176866e-01,1.341217e-01,-2.368279e-04,6.136290e-01,-2.529442e-01
23.050000,519,SS,3,3,4,0.000000e+00,0.000000e+00,0.000000e+00,0.000000e+00,0.000000e+00,0.000000e+00,-1.728775e+00,-1.038169e-01,1.368844e-01,5.241442e-03,6.931826e-01,-2.860142e-01
23.150000,520,SS,3,3,4,0.000000e+00,0.000000e+00,0.000000e+00,0.000000e+00,0.000000e+00,0.000000e+00,-1.923378e+00,-8.900886e-02,1.392580e-01,1.090564e-02,7.689502e-01,-3.179020e-01
23.250000,521,SS,3,3,4,0.000000e+00,0.000000e+00,0.000000e+00,0.000000e+00,0.000000e+00,0.000000e+00,-2.109133e+00,-7.338638e-02,1.413702e-01,1.658592e-02,8.407480e-01,-3.485158e-01
23.350000,522,SS,3,3,4,0.000000e+00,0.000000e+00,0.000000e+00,0.000000e+00,0.000000e+00,0.000000e+00,-2.279091e+00,-5.807941e-02,1.258544e-01,2.756824e-02,8.982903e-01,-4.171059e-01
23.450000,523,SS,3,3,4,0.000000e+00,0.000000e+00,0.000000e+00,0.000000e+00,0.000000e+00,0.000000e+00,-2.460137e+00,-5.462776e-02,1.043420e-01,3.354930e-02,9.582520e-01,-4.853224e-01
23.550000,524,SS,3,3,4,0.000000e+00,0.000000e+00,0.000000e+00,0.000000e+00,0.000000e+00,0.000000e+00,-2.630751e+00,-5.340215e-02,8.405413e-02,3.730884e-02,1.013604e+00,-5.430983e-01
23.650000,525,SS,3,3,4,0.000000e+00,0.000000e+00,0.000000e+00,0.000000e+00,0.000000e+00,0.000000e+00,-2.784889e+00,-5.094338e-02,6.533587e-02,4.049160e-02,1.062436e+00,-5.926852e-01
23.750000,526,SS,3,3,4,0.000000e+00,0.000000e+00,0.000000e+00,0.000000e+00,0.000000e+00,0.000000e+00,-2.921927e+00,-4.660111e-02,4.791697e-02,4.354439e-02,1.104871e+00,-6.353561e-01
23.850000,527,SS,3,3,4,0.000000e+00,0.000000e+00,0.000000e+00,0.000000e+00,0.000000e+00,0.000000e+00,-3.041514e+00,-4.005086e-02,3.192153e-02,4.661368e-02,1.140892e+00,-6.715612e-01
23.950000,528,SS,3,3,4,0.000000e+00,0.000000e+00,0.000000e+00,0.000000e+00,0.000000e+00,0.000000e+00,-3.154468e+00,-3.352427e-02,1.722785e-02,4.864054e-02,1.176343e+00,-7.044662e-01
24.050000,529,SS,3,3,4,0.000000e+00,0.000000e+00,0.000000e+00,0.000000e+00,0.000000e+00,0.000000e+00,-3.259915e+00,-2.740515e-02,3.875353e-03,4.941649e-02,1.210968e+00,-7.342581e-01
24.150000,530,SS,3,3,4,0.000000e+00,0.000000e+00,0.000000e+00,0.000000e+00,0.000000e+00,0.000000e+00,-3.343068e+00,-1.936743e-02,-8.103707e-03,5.015955e-02,1.237076e+00,-7.572717e-01
24.250000,531,SS,3,3,4,0.000000e+00,0.000000e+00,0.000000e+00,0.000000e+00,0.000000e+00,0.000000e+00,-3.404550e+00,-9.651475e-03,-1.886163e-02,5.092338e-02,1.254953e+00,-7.736684e-01
24.350000,532,SS,3,3,4,0.000000e+00,0.000000e+00,0.000000e+00,0.000000e+00,0.000000e+00,0.000000e+00,-3.444659e+00,1.578339e-03,-2.830169e-02,5.167942e-02,1.264774e+00,-7.836129e-01
24.450000,533,SS,3,3,4,0.000000e+00,0.000000e+00,0.000000e+00,0.000000e+00,0.000000e+00,0.000000e+00,-3.466063e+00,1.361471e-02,-3.643539e-02,5.215616e-02,1.267983e+00,-7.879918e-01
24.550000,534,SS,3,3,4,0.000000e+00,0.000000e+00,0.000000e+00,0.000000e+00,0.000000e+00,0.000000e+00,-3.491360e+00,2.189103e-02,-4.316564e-02,5.005848e-02,1.276471e+00,-7.931990e-01
24.650000,535,SS,3,3,4,0.000000e+00,0.000000e+00,0.000000e+00,0.000000e+00,0.000000e+00,0.000000e+00,-3.489462e+00,3.123397e-02,-4.854188e-02,4.780615e-02,1.274430e+00,-7.913841e-01
24.750000,536,SS,3,3,4,0.000000e+00,0.000000e+00,0.000000e+00,0.000000e+00,0.000000e+00,0.000000e+00,-3.461391e+00,4.136086e-02,-5.315464e-02,4.565276e-02,1.262312e+00,-7.827706e-01
24.850000,537,SS,3,3,4,0.000000e+00,0.000000e+00,0.000000e+00,0.000000e+00,0.000000e+00,0.000000e+00,-3.407593e+00,5.224645e-02,-5.676624e-02,4.358529e-02,1.240370e+00,-7.674710e-01
24.950000,538,SS,3,3,4,0.000000e+00,0.000000e+00,0.000000e+00,0.000000e+00,0.000000e+00,0.000000e+00,-3.328423e+00,6.371010e-02,-5.943656e-02,4.159539e-02,1.208852e+00,-7.457094e-01
25.050000,539,SS,3,3,4,0.000000e+00,0.000000e+00,0.000000e+00,0.000000e+00,0.000000e+00,0.000000e+00,-3.247428e+00,7.135173e-02,-6.075823e-02,3.733614e-02,1.179957e+00,-7.241112e-01
25.150000,540,SS,3,3,4,0.000000e+00,0.000000e+00,0.000000e+00,0.000000e+00,0.000000e+00,0.000000e+00,-3.145796e+00,7.764578e-02,-6.104495e-02,3.208073e-02,1.144433e+00,-6.980876e-01
25.250000,541,SS,3,3,4,0.000000e+00,0.000000e+00,0.000000e+00,0.000000e+00,0.000000e+00,0.000000e+00,-3.012952e+00,8.415630e-02,-6.096373e-02,2.695477e-02,1.096961e+00,-6.648109e-01
25.350000,542,SS,3,3,4,0.000000e+00,0.000000e+00,0.000000e+00,0.000000e+00,0.000000e+00,0.000000e+00,-2.849790e+00,9.081663e-02,-6.046939e-02,2.199305e-02,1.038002e+00,-6.243902e-01
25.450000,543,SS,3,3,4,0.000000e+00,0.000000e+00,0.000000e+00,0.000000e+00,0.000000e+00,0.000000e+00,-2.656930e+00,9.750311e-02,-5.952389e-02,1.714845e-02,9.679358e-01,-5.770021e-01
25.550000,544,SS,3,3,4,0.000000e+00,0.000000e+00,0.000000e+00,0.000000e+00,0.000000e+00,0.000000e+00,-2.439778e+00,1.028926e-01,-5.860183e-02,1.190566e-02,8.897793e-01,-5.243539e-01
25.650000,545,SS,3,3,4,0.000000e+00,0.000000e+00,0.000000e+00,0.000000e+00,0.000000e+00,0.000000e+00,-2.202572e+00,1.057355e-01,-5.807330e-02,5.740632e-03,8.059996e-01,-4.679200e-01
25.750000,546,SS,3,3,4,0.000000e+00,0.000000e+00,0.000000e+00,0.000000e+00,0.000000e+00,0.000000e+00,-1.933714e+00,1.082571e-01,-5.695837e-02,-5.271684e-04,7.105157e-01,-4.043771e-01
25.850000,547,SS,3,3,4,0.000000e+00,0.000000e+00,0.000000e+00,0.000000e+00,0.000000e+00,0.000000e+00,-1.633829e+00,1.101803e-01,-5.544945e-02,-6.993678e-03,6.037213e-01,-3.338503e-01
25.950000,548,SS,3,3,4,0.000000e+00,0.000000e+00,0.000000e+00,0.000000e+00,0.000000e+00,0.000000e+00,-1.303284e+00,1.112695e-01,-5.354582e-02,-1.380549e-02,4.859162e-01,-2.564485e-01
26.050000,549,SS,3,3,4,0.000000e+00,0.000000e+00,0.000000e+00,0.000000e+00,0.000000e+00,0.000000e+00,-9.423379e-01,1.112268e-01,-5.125510e-02,-2.114405e-02,3.573797e-01,-1.722915e-01
26.150000,550,SS,3,3,4,0.000000e+00,0.000000e+00,0.000000e+00,0.000000e+00,0.000000e+00,0.000000e+00,-5.512843e-01,1.095843e-01,-4.809623e-02,-2.953164e-02,2.185187e-01,-8.144294e-02
26.250000,551,SS,3,3,4,0.000000e+00,0.000000e+00,0.000000e+00,0.000000e+00,0.000000e+00,0.000000e+00,-2.278505e-01,1.172777e-01,-2.517838e-02,-1.324898e-02,1.056681e-01,-3.721276e-03
26.360000,552,DS_interstep,3,4,4,-1.617261e-01,4.523098e-01,3.049707e-02,1.317494e-01,7.052476e-02,6.876912e-02,-1.114697e-01,4.569298e-01,2.082904e-03,1.272633e-01,7.283880e-02,6.959420e-02
26.370000,553,DS_interstep,3,4,4,-5.662258e-01,3.200022e-01,-6.739431e-01,5.791592e-01,4.234927e-01,-4.201356e-01,-8.733087e-01,3.101712e-01,-1.030462e+00,6.371714e-01,5.522134e-01,-5.061260e-01
26.380000,554,DS_interstep,3,4,4,3.730513e-01,-1.249755e+00,-3.054365e-01,-3.515879e-01,-4.765075e-02,-3.001492e-01,1.174095e-01,-1.261943e+00,-1.675999e-01,-3.443511e-01,5.099327e-02,-2.893218e-01
26.390000,555,DS_interstep,3,4,4,3.521414e-01,-2.172758e+00,-1.476022e-01,-9.031334e-01,1.041138e-01,-5.101279e-01,-5.756387e-02,-2.179362e+00,2.770026e-01,-8.939544e-01,2.033985e-01,-5.067879e-01
26.400000,556,DS_interstep,3,4,4,2.697682e-01,-2.358418e+00,-1.740573e-02,-1.103239e+00,2.191719e-01,-4.782483e-01,-1.004208e-01,-2.364411e+00,5.198369e-01,-1.088627e+00,2.793686e-01,-4.755218e-01
26.410000,557,DS_interstep,3,4,4,-2.285829e-02,-2.178118e+00,4.022946e-02,-1.077253e+00,3.891932e-01,-5.249935e-01,-4.093157e-01,-2.178842e+00,5.700914e-01,-1.052472e+00,4.307271e-01,-5.482718e-01
26.420000,558,DS_interstep,3,4,4,-2.406921e-01,-1.784384e+00,9.056668e-02,-9.364893e-01,4.558534e-01,-5.010211e-01,-5.961756e-01,-1.779960e+00,5.575274e-01,-9.091251e-01,4.783468e-01,-5.407906e-01
26.430000,559,DS_interstep,3,4,4,-4.348511e-01,-1.343228e+00,1.178476e-01,-7.516413e-01,4.832336e-01,-4.943861e-01,-7.781498e-01,-1.332550e+00,4.993728e-01,-7.253967e-01,4.994908e-01,-5.502813e-01
26.440000,560,DS_interstep,3,4,4,-5.431097e-01,-9.223583e-01,1.385868e-01,-5.678587e-01,4.548002e-01,-4.657198e-01,-8.639627e-01,-9.063319e-01,4.362561e-01,-5.473250e-01,4.694462e-01,-5.290248e-01
26.450000,561,DS_interstep,3,4,4,-5.566598e-01,-6.052017e-01,1.593891e-01,-4.272328e-01,3.841394e-01,-4.296920e-01,-8.559925e-01,-5.850458e-01,3.944170e-01,-4.160124e-01,4.025389e-01,-4.916731e-01
26.460000,562,DS_interstep,3,4,4,-5.098545e-01,-3.914612e-01,1.763063e-01,-3.306708e-01,2.997465e-01,-3.917582e-01,-7.895345e-01,-3.686507e-01,3.695681e-01,-3.295388e-01,3.246496e-01,-4.469826e-01
26.470000,563,DS_interstep,3,4,4,-4.778413e-01,-1.961573e-01,1.761281e-01,-2.361590e-01,2.379835e-01,-3.561899e-01,-7.377172e-01,-1.717778e-01,3.274517e-01,-2.423004e-01,2.688629e-01,-4.060592e-01
26.480000,564,DS_interstep,3,4,4,-4.683712e-01,1.755588e-02,1.636168e-01,-1.289364e-01,1.930289e-01,-3.154084e-01,-7.018250e-01,4.276252e-02,2.659403e-01,-1.399739e-01,2.271559e-01,-3.616389e-01
26.490000,565,DS_interstep,3,4,4,-4.592125e-01,2.391782e-01,1.467993e-01,-1.573333e-02,1.495073e-01,-2.647982e-01,-6.575895e-01,2.645337e-01,1.962558e-01,-3.065894e-02,1.841606e-01,-3.071017e-01
26.500000,566,DS_interstep,3,4,4,-4.307131e-01,4.304086e-01,1.323173e-01,8.405715e-02,9.965041e-02,-2.094361e-01,-5.906651e-01,4.553148e-01,1.343128e-01,6.535560e-02,1.335496e-01,-2.462081e-01
26.510000,567,DS_interstep,3,4,4,-3.826598e-01,5.702298e-01,1.214558e-01,1.601507e-01,4.685783e-02,-1.564780e-01,-5.064224e-01,5.941880e-01,8.627368e-02,1.379248e-01,7.973087e-02,-1.865042e-01
26.520000,568,DS_interstep,3,4,4,-3.226443e-01,6.569162e-01,1.133248e-01,2.114559e-01,-3.331598e-03,-1.097592e-01,-4.149413e-01,6.795220e-01,5.186494e-02,1.863449e-01,2.847100e-02,-1.326398e-01
26.530000,569,DS_interstep,3,4,4,-2.589739e-01,6.967891e-01,1.068459e-01,2.405932e-01,-4.667102e-02,-7.131200e-02,-3.256518e-01,7.177708e-01,2.898187e-02,2.134823e-01,-1.593431e-02,-8.739078e-02
26.540000,570,DS_interstep,3,4,4,-1.983898e-01,6.983400e-01,1.010948e-01,2.513340e-01,-8.056244e-02,-4.243062e-02,-2.460244e-01,7.175759e-01,1.514062e-02,2.231879e-01,-5.074999e-02,-5.262130e-02
26.550000,571,DS_interstep,3,4,4,-1.458322e-01,6.725864e-01,9.497408e-02,2.490373e-01,-1.038342e-01,-2.296802e-02,-1.807324e-01,6.900555e-01,6.793748e-03,2.208436e-01,-7.474786e-02,-2.855835e-02
26.560000,572,DS_interstep,3,4,4,-1.019010e-01,6.329560e-01,8.821514e-02,2.398309e-01,-1.183195e-01,-8.759155e-03,-1.271505e-01,6.486187e-01,8.756255e-04,2.124480e-01,-9.033471e-02,-1.082225e-02
26.570000,573,DS_interstep,3,4,4,-6.797220e-02,5.897343e-01,8.052765e-02,2.286137e-01,-1.252478e-01,2.216199e-03,-8.508656e-02,6.035918e-01,-5.189749e-03,2.027878e-01,-9.896057e-02,2.613449e-03
26.580000,574,DS_interstep,3,4,4,-4.345389e-02,5.500260e-01,7.216543e-02,2.186395e-01,-1.267161e-01,1.193159e-02,-5.253108e-02,5.621106e-01,-1.262808e-02,1.949246e-01,-1.028915e-01,1.389333e-02
26.590000,575,DS_interstep,3,4,4,-2.721318e-02,5.179105e-01,6.343162e-02,2.118701e-01,-1.246974e-01,2.133968e-02,-2.778033e-02,5.282936e-01,-2.203763e-02,1.906259e-01,-1.040508e-01,2.412104e-02
26.600000,576,DS_interstep,3,4,4,-1.741967e-02,4.948657e-01,5.470119e-02,2.089533e-01,-1.209084e-01,3.123939e-02,-8.569391e-03,5.036331e-01,-3.329659e-02,1.903667e-01,-1.040931e-01,3.430456e-02
26.610000,577,DS_interstep,3,4,4,-1.262048e-02,4.805825e-01,4.617368e-02,2.096928e-01,-1.162511e-01,4.190627e-02,6.622571e-03,4.878238e-01,-4.604796e-02,1.938414e-01,-1.038099e-01,4.487353e-02
26.620000,578,DS_interstep,3,4,4,-1.139189e-02,4.735706e-01,3.800623e-02,2.132848e-01,-1.112339e-01,5.339976e-02,1.912901e-02,4.793716e-01,-5.966412e-02,2.001616e-01,-1.035768e-01,5.603650e-02
26.630000,579,DS_interstep,3,4,4,-1.246172e-02,4.713343e-01,3.032382e-02,2.184275e-01,-1.060221e-01,6.539018e-02,2.983166e-02,4.757815e-01,-7.329187e-02,2.079534e-01,-1.033611e-01,6.758693e-02
26.640000,580,DS_interstep,3,4,4,-1.456222e-02,4.707875e-01,2.325693e-02,2.235191e-01,-1.006450e-01,7.733561e-02,3.943485e-02,4.739722e-01,-8.591397e-02,2.155422e-01,-1.029496e-01,7.910024e-02
26.650000,581,DS_interstep,3,4,4,-1.659254e-02,4.688861e-01,1.689251e-02,2.270071e-01,-9.503598e-02,8.857396e-02,4.838847e-02,4.709075e-01,-9.658874e-02,2.213094e-01,-1.020127e-01,9.000978e-02
26.660000,582,DS_interstep,3,4,4,-1.771978e-02,4.634129e-01,1.123976e-02,2.277987e-01,-8.912740e-02,9.856698e-02,5.699532e-02,4.643763e-01,-1.047062e-01,2.241128e-01,-1.002585e-01,9.984693e-02
26.670000,583,DS_interstep,3,4,4,-1.751323e-02,4.535179e-01,6.206384e-03,2.255426e-01,-8.288613e-02,1.070509e-01,6.541444e-02,4.535289e-01,-1.101675e-01,2.235795e-01,-9.751569e-02,1.083817e-01
26.680000,584,DS_interstep,3,4,4,-1.593514e-02,4.397343e-01,1.629615e-03,2.206244e-01,-7.634887e-02,1.140836e-01,7.371303e-02,4.388918e-01,-1.133536e-01,2.201022e-01,-9.378864e-02,1.156717e-01
26.690000,585,DS_interstep,3,4,4,-1.322611e-02,4.233118e-01,-2.645470e-03,2.138033e-01,-6.961276e-02,1.198640e-01,8.182847e-02,4.217073e-01,-1.148536e-01,2.144647e-01,-8.921343e-02,1.218870e-01
26.700000,586,DS_interstep,3,4,4,-9.675490e-03,4.057773e-01,-6.722141e-03,2.059622e-01,-6.286387e-02,1.247377e-01,8.978438e-02,4.034917e-01,-1.152813e-01,2.075811e-01,-8.407393e-02,1.273411e-01
26.710000,587,DS_interstep,3,4,4,-5.588450e-03,3.883898e-01,-1.064468e-02,1.978340e-01,-5.628634e-02,1.289879e-01,9.754890e-02,3.854954e-01,-1.151203e-01,2.002165e-01,-7.866144e-02,1.322796e-01
26.720000,588,DS_interstep,3,4,4,-1.155089e-03,3.719642e-01,-1.439715e-02,1.899037e-01,-5.007059e-02,1.328465e-01,1.051605e-01,3.685254e-01,-1.146655e-01,1.928834e-01,-7.326970e-02,1.369056e-01
26.730000,589,DS_interstep,3,4,4,3.513636e-03,3.568640e-01,-1.793736e-02,1.824177e-01,-4.436176e-02,1.364509e-01,1.126569e-01,3.529380e-01,-1.140591e-01,1.858524e-01,-6.812835e-02,1.413332e-01
26.740000,590,DS_interstep,3,4,4,8.381244e-03,3.431053e-01,-2.121470e-02,1.754390e-01,-3.925973e-02,1.398702e-01,1.200886e-01,3.387429e-01,-1.133357e-01,1.792079e-01,-6.340270e-02,1.456142e-01
26.750000,591,DS_interstep,3,4,4,1.344314e-02,3.304792e-01,-2.418670e-02,1.689146e-01,-3.481165e-02,1.431119e-01,1.274837e-01,3.257245e-01,-1.124727e-01,1.729166e-01,-5.918656e-02,1.497411e-01
26.760000,592,DS_interstep,3,4,4,1.870588e-02,3.186670e-01,-2.682449e-02,1.627333e-01,-3.102299e-02,1.461464e-01,1.348476e-01,3.135589e-01,-1.114257e-01,1.668857e-01,-5.551774e-02,1.536713e-01
26.770000,593,DS_interstep,3,4,4,2.416398e-02,3.073292e-01,-2.911534e-02,1.567706e-01,-2.786508e-02,1.489204e-01,1.421517e-01,3.019014e-01,-1.101529e-01,1.610079e-01,-5.238907e-02,1.573380e-01
26.780000,594,DS_interstep,3,4,4,2.979168e-02,2.961665e-01,-3.106102e-02,1.509170e-01,-2.528692e-02,1.513737e-01,1.493395e-01,2.904487e-01,-1.086286e-01,1.551897e-01,-4.976422e-02,1.606675e-01
26.790000,595,DS_interstep,3,4,4,3.553846e-02,2.849546e-01,-3.267520e-02,1.450943e-01,-2.322371e-02,1.534488e-01,1.563304e-01,2.789737e-01,-1.068487e-01,1.493673e-01,-4.758900e-02,1.635884e-01
26.800000,596,DS_interstep,3,4,4,4.133280e-02,2.735577e-01,-3.397980e-02,1.392606e-01,-2.160536e-02,1.550994e-01,1.630299e-01,2.673383e-01,-1.048291e-01,1.435112e-01,-4.580201e-02,1.660410e-01
26.810000,597,DS_interstep,3,4,4,4.708827e-02,2.619247e-01,-3.500145e-02,1.334075e-01,-2.036212e-02,1.562947e-01,1.693394e-01,2.554899e-01,-1.026017e-01,1.376232e-01,-4.434163e-02,1.679817e-01
26.820000,598,DS_interstep,3,4,4,5.271205e-02,2.500752e-01,-3.576818e-02,1.275525e-01,-1.942902e-02,1.570206e-01,1.751656e-01,2.434475e-01,-1.002075e-01,1.317290e-01,-4.315107e-02,1.693860e-01
26.830000,599,DS_interstep,3,4,4,5.811269e-02,2.380800e-01,-3.630703e-02,1.217303e-01,-1.874808e-02,1.572795e-01,1.804276e-01,2.312818e-01,-9.768986e-02,1.258691e-01,-4.218074e-02,1.702481e-01
26.840000,600,DS_interstep,3,4,4,6.320687e-02,2.260413e-01,-3.664242e-02,1.159831e-01,-1.826928e-02,1.570878e-01,1.850617e-01,2.190946e-01,-9.508955e-02,1.200892e-01,-4.138908e-02,1.705787e-01
26.850000,601,DS_interstep,3,4,4,6.792392e-02,2.140741e-01,-3.679546e-02,1.103534e-01,-1.795032e-02,1.564732e-01,1.890238e-01,2.070015e-01,-9.244087e-02,1.144338e-01,-4.074192e-02,1.704027e-01
26.860000,602,DS_interstep,3,4,4,7.220851e-02,2.022929e-01,-3.678391e-02,1.048791e-01,-1.775585e-02,1.554709e-01,1.922893e-01,1.951169e-01,-8.976999e-02,1.089410e-01,-4.021133e-02,1.697551e-01
26.870000,603,DS_interstep,3,4,4,7.602155e-02,1.908018e-01,-3.662271e-02,9.959010e-02,-1.765643e-02,1.541207e-01,1.948515e-01,1.835451e-01,-8.709484e-02,1.036398e-01,-3.977420e-02,1.686778e-01
26.880000,604,DS_interstep,3,4,4,7.933985e-02,1.796889e-01,-3.632465e-02,9.450764e-02,-1.762752e-02,1.524646e-01,1.967197e-01,1.723740e-01,-8.442616e-02,9.854975e-02,-3.941101e-02,1.672166e-01
26.890000,605,DS_interstep,3,4,4,8.215496e-02,1.690239e-01,-3.590114e-02,8.964447e-02,-1.764870e-02,1.505441e-01,1.979165e-01,1.616732e-01,-8.176905e-02,9.368139e-02,-3.910484e-02,1.654186e-01
26.900000,606,DS_interstep,3,4,4,8.447153e-02,1.588580e-01,-3.536285e-02,8.500604e-02,-1.770308e-02,1.483992e-01,1.984750e-01,1.514931e-01,-7.912483e-02,8.903772e-02,-3.884083e-02,1.633301e-01
26.910000,607,DS_interstep,3,4,4,8.630541e-02,1.492250e-01,-3.472025e-02,8.059201e-02,-1.777696e-02,1.460672e-01,1.984368e-01,1.418670e-01,-7.649274e-02,8.461591e-02,-3.860584e-02,1.609953e-01
26.920000,608,DS_interstep,3,4,4,8.768172e-02,1.401436e-01,-3.398389e-02,7.639783e-02,-1.785956e-02,1.435822e-01,1.978495e-01,1.328125e-01,-7.387136e-02,8.040904e-02,-3.838845e-02,1.584558e-01
26.930000,609,DS_interstep,3,4,4,8.863286e-02,1.316196e-01,-3.316455e-02,7.241613e-02,-1.794281e-02,1.409749e-01,1.967648e-01,1.243344e-01,-7.125962e-02,7.640763e-02,-3.817892e-02,1.557496e-01
26.940000,610,DS_interstep,3,4,4,8.919662e-02,1.236481e-01,-3.227322e-02,6.863792e-02,-1.802116e-02,1.382725e-01,1.952371e-01,1.164265e-01,-6.865747e-02,7.260084e-02,-3.796931e-02,1.529112e-01
26.950000,611,DS_interstep,3,4,4,8.941436e-02,1.162159e-01,-3.132099e-02,6.505338e-02,-1.809133e-02,1.354989e-01,1.933218e-01,1.090742e-01,-6.606619e-02,6.897742e-02,-3.775347e-02,1.499713e-01
26.960000,612,DS_interstep,3,4,4,8.932940e-02,1.093033e-01,-3.031888e-02,6.165249e-02,-1.815204e-02,1.326749e-01,1.910738e-01,1.022562e-01,-6.348844e-02,6.552626e-02,-3.752703e-02,1.469571e-01
26.970000,613,DS_interstep,3,4,4,8.898541e-02,1.028853e-01,-2.927760e-02,5.842538e-02,-1.820369e-02,1.298182e-01,1.885464e-01,9.594601e-02,-6.092812e-02,6.223680e-02,-3.728728e-02,1.438922e-01
26.980000,614,DS_interstep,3,4,4,8.842518e-02,9.693378e-02,-2.820737e-02,5.536252e-02,-1.824792e-02,1.269439e-01,1.857902e-01,9.011384e-02,-5.839005e-02,5.909918e-02,-3.703302e-02,1.407967e-01
26.990000,615,DS_interstep,3,4,4,8.768941e-02,9.141779e-02,-2.711772e-02,5.245481e-02,-1.828732e-02,1.240643e-01,1.828526e-01,8.472726e-02,-5.587969e-02,5.610430e-02,-3.676427e-02,1.376877e-01
27.000000,616,DS_interstep,3,4,4,8.681586e-02,8.630508e-02,-2.601735e-02,4.969352e-02,-1.832500e-02,1.211897e-01,1.797763e-01,7.975245e-02,-5.340281e-02,5.324380e-02,-3.648206e-02,1.345790e-01
27.010000,617,DS_interstep,3,4,4,8.583862e-02,8.156271e-02,-2.491401e-02,4.707036e-02,-1.836425e-02,1.183283e-01,1.765996e-01,7.515502e-02,-5.096512e-02,5.050998e-02,-3.618812e-02,1.314820e-01
27.020000,618,DS_interstep,3,4,4,8.478765e-02,7.715788e-02,-2.381447e-02,4.457737e-02,-1.840823e-02,1.154862e-01,1.733559e-01,7.090079e-02,-4.857207e-02,4.789572e-02,-3.588461e-02,1.284053e-01
27.030000,619,DS_interstep,3,4,4,8.368848e-02,7.305852e-02,-2.272447e-02,4.220693e-02,-1.845974e-02,1.126681e-01,1.700733e-01,6.695642e-02,-4.622863e-02,4.539446e-02,-3.557387e-02,1.253555e-01
27.040000,620,DS_interstep,3,4,4,8.256219e-02,6.923386e-02,-2.164879e-02,3.995173e-02,-1.852102e-02,1.098774e-01,1.667750e-01,6.328999e-02,-4.393914e-02,4.300008e-02,-3.525823e-02,1.223372e-01
27.050000,621,DS_interstep,3,4,4,8.142540e-02,6.565492e-02,-2.059125e-02,3.780483e-02,-1.859359e-02,1.071164e-01,1.634792e-01,5.987146e-02,-4.170729e-02,4.070693e-02,-3.493980e-02,1.193533e-01
27.060000,622,DS_interstep,3,4,4,8.029052e-02,6.229484e-02,-1.955486e-02,3.575965e-02,-1.867818e-02,1.043864e-01,1.602001e-01,5.667307e-02,-3.953601e-02,3.850979e-02,-3.462039e-02,1.164056e-01
27.070000,623,DS_interstep,3,4,4,7.916609e-02,5.912922e-02,-1.854185e-02,3.380997e-02,-1.877473e-02,1.016883e-01,1.569475e-01,5.366960e-02,-3.742756e-02,3.640386e-02,-3.430136e-02,1.134949e-01
27.080000,624,DS_interstep,3,4,4,7.805715e-02,5.613631e-02,-1.755380e-02,3.195005e-02,-1.888238e-02,9.902261e-02,1.537277e-01,5.083859e-02,-3.538353e-02,3.438479e-02,-3.398363e-02,1.106213e-01
27.090000,625,DS_interstep,3,4,4,7.696568e-02,5.329706e-02,-1.659175e-02,3.017456e-02,-1.899956e-02,9.638943e-02,1.505444e-01,4.816040e-02,-3.340493e-02,3.244864e-02,-3.366764e-02,1.077845e-01
27.100000,626,DS_interstep,3,4,4,7.589116e-02,5.059519e-02,-1.565628e-02,2.847868e-02,-1.912404e-02,9.378898e-02,1.473983e-01,4.561824e-02,-3.149223e-02,3.059188e-02,-3.335338e-02,1.049840e-01
27.110000,627,DS_interstep,3,4,4,7.483099e-02,4.801706e-02,-1.474763e-02,2.685804e-02,-1.925303e-02,9.122148e-02,1.442887e-01,4.319808e-02,-2.964546e-02,2.881138e-02,-3.304037e-02,1.022191e-01
27.120000,628,DS_interstep,3,4,4,7.378103e-02,4.555159e-02,-1.386579e-02,2.530874e-02,-1.938335e-02,8.868734e-02,1.412131e-01,4.088846e-02,-2.786428e-02,2.710440e-02,-3.272779e-02,9.948952e-02
27.130000,629,DS_interstep,3,4,4,7.273607e-02,4.318998e-02,-1.301056e-02,2.382732e-02,-1.951149e-02,8.618712e-02,1.381684e-01,3.868033e-02,-2.614806e-02,2.546849e-02,-3.241449e-02,9.679494e-02
27.140000,630,DS_interstep,3,4,4,7.169023e-02,4.092551e-02,-1.218162e-02,2.241075e-02,-1.963380e-02,8.372167e-02,1.351508e-01,3.656674e-02,-2.449592e-02,2.390155e-02,-3.209905e-02,9.413543e-02
27.150000,631,DS_interstep,3,4,4,7.063740e-02,3.875326e-02,-1.137860e-02,2.105633e-02,-1.974652e-02,8.129201e-02,1.321562e-01,3.454259e-02,-2.290682e-02,2.240167e-02,-3.177988e-02,9.151132e-02
27.160000,632,DS_interstep,3,4,4,6.957154e-02,3.666976e-02,-1.060113e-02,1.976172e-02,-1.984599e-02,7.889940e-02,1.291808e-01,3.260429e-02,-2.137961e-02,2.096716e-02,-3.145526e-02,8.892327e-02
27.170000,633,DS_interstep,3,4,4,6.848699e-02,3.467275e-02,-9.848839e-03,1.852481e-02,-1.992867e-02,7.654525e-02,1.262211e-01,3.074948e-02,-1.991302e-02,1.959648e-02,-3.112341e-02,8.637219e-02
27.180000,634,DS_interstep,3,4,4,6.737870e-02,3.276087e-02,-9.121436e-03,1.734374e-02,-1.999126e-02,7.423108e-02,1.232742e-01,2.897670e-02,-1.850578e-02,1.828818e-02,-3.078258e-02,8.385926e-02
27.190000,635,DS_interstep,3,4,4,6.624238e-02,3.093335e-02,-8.418686e-03,1.621681e-02,-2.003077e-02,7.195849e-02,1.203375e-01,2.728515e-02,-1.715658e-02,1.704086e-02,-3.043105e-02,8.138582e-02
27.200000,636,DS_interstep,3,4,4,6.507467e-02,2.918984e-02,-7.740434e-03,1.514246e-02,-2.004459e-02,6.972908e-02,1.174096e-01,2.567443e-02,-1.586414e-02,1.585316e-02,-3.006722e-02,7.895335e-02
27.210000,637,DS_interstep,3,4,4,6.387317e-02,2.753011e-02,-7.086605e-03,1.411923e-02,-2.003050e-02,6.754438e-02,1.144896e-01,2.414430e-02,-1.462720e-02,1.472371e-02,-2.968965e-02,7.656339e-02
27.220000,638,DS_interstep,3,4,4,6.263648e-02,2.595395e-02,-6.457200e-03,1.314570e-02,-1.998672e-02,6.540584e-02,1.115774e-01,2.269451e-02,-1.344455e-02,1.365112e-02,-2.929705e-02,7.421750e-02
27.230000,639,DS_interstep,3,4,4,6.136423e-02,2.446095e-02,-5.852291e-03,1.222051e-02,-1.991194e-02,6.331476e-02,1.086737e-01,2.132467e-02,-1.231504e-02,1.263395e-02,-2.888839e-02,7.191717e-02
27.240000,640,DS_interstep,3,4,4,6.005697e-02,2.305045e-02,-5.272001e-03,1.134231e-02,-1.980529e-02,6.127224e-02,1.057797e-01,2.003410e-02,-1.123755e-02,1.167071e-02,-2.846282e-02,6.966380e-02
27.250000,641,DS_interstep,3,4,4,5.871617e-02,2.172143e-02,-4.716497e-03,1.050976e-02,-1.966636e-02,5.927918e-02,1.028974e-01,1.882177e-02,-1.021104e-02,1.075988e-02,-2.801978e-02,6.745864e-02
27.260000,642,DS_interstep,3,4,4,5.734407e-02,2.047247e-02,-4.185968e-03,9.721499e-03,-1.949518e-02,5.733625e-02,1.000292e-01,1.768628e-02,-9.234524e-03,9.899852e-03,-2.755894e-02,6.530275e-02
27.270000,643,DS_interstep,3,4,4,5.594362e-02,1.930172e-02,-3.680608e-03,8.976171e-03,-1.929216e-02,5.544387e-02,9.717793e-02,1.662578e-02,-8.307046e-03,9.089008e-03,-2.708021e-02,6.319699e-02
27.280000,644,DS_interstep,3,4,4,5.451835e-02,1.820694e-02,-3.200598e-03,8.272402e-03,-1.905811e-02,5.360222e-02,9.434676e-02,1.563802e-02,-7.427700e-03,8.325672e-03,-2.658378e-02,6.114201e-02
27.290000,645,DS_interstep,3,4,4,5.307222e-02,1.718545e-02,-2.746092e-03,7.608804e-03,-1.879417e-02,5.181120e-02,9.153904e-02,1.472035e-02,-6.595608e-03,7.608143e-03,-2.607006e-02,5.913819e-02
27.300000,646,DS_interstep,3,4,4,5.160953e-02,1.623427e-02,-2.317196e-03,6.983984e-03,-1.850177e-02,5.007052e-02,8.875827e-02,1.386979e-02,-5.809911e-03,6.934704e-03,-2.553967e-02,5.718569e-02
27.310000,647,DS_interstep,3,4,4,5.013480e-02,1.535005e-02,-1.913958e-03,6.396540e-03,-1.818261e-02,4.837965e-02,8.600793e-02,1.308302e-02,-5.069757e-03,6.303628e-03,-2.499346e-02,5.528443e-02
27.320000,648,DS_interstep,3,4,4,4.865265e-02,1.452925e-02,-1.536355e-03,5.845075e-03,-1.783857e-02,4.673784e-02,8.329150e-02,1.235650e-02,-4.374292e-03,5.713193e-03,-2.443243e-02,5.343411e-02
27.330000,649,DS_interstep,3,4,4,4.716767e-02,1.376810e-02,-1.184282e-03,5.328194e-03,-1.747170e-02,4.514419e-02,8.061227e-02,1.168648e-02,-3.722646e-03,5.161693e-03,-2.385777e-02,5.163421e-02
27.340000,650,DS_interstep,3,4,4,4.568438e-02,1.306273e-02,-8.575484e-04,4.844517e-03,-1.708417e-02,4.359761e-02,7.797338e-02,1.106913e-02,-3.113928e-03,4.647444e-03,-2.327079e-02,4.988402e-02
27.350000,651,DS_interstep,3,4,4,4.420709e-02,1.240921e-02,-5.558722e-04,4.392682e-03,-1.667821e-02,4.209693e-02,7.537769e-02,1.050054e-02,-2.547218e-03,4.168796e-03,-2.267289e-02,4.818267e-02
27.360000,652,DS_interstep,3,4,4,4.273989e-02,1.180360e-02,-2.788777e-04,3.971351e-03,-1.625612e-02,4.064082e-02,7.282778e-02,9.976815e-03,-2.021553e-03,3.724140e-03,-2.206558e-02,4.652914e-02
27.370000,653,DS_interstep,3,4,4,4.128654e-02,1.124203e-02,-2.609757e-05,3.579214e-03,-1.582014e-02,3.922792e-02,7.032591e-02,9.494122e-03,-1.535932e-03,3.311914e-03,-2.145040e-02,4.492228e-02
27.380000,654,DS_interstep,3,4,4,3.985046e-02,1.072075e-02,2.030247e-04,3.214994e-03,-1.537252e-02,3.785680e-02,6.787403e-02,9.048753e-03,-1.089306e-03,2.930607e-03,-2.082892e-02,4.336085e-02
27.390000,655,DS_interstep,3,4,4,3.843471e-02,1.023616e-02,4.091294e-04,2.877451e-03,-1.491542e-02,3.652600e-02,6.547371e-02,8.637155e-03,-6.805777e-04,2.578763e-03,-2.020274e-02,4.184356e-02
27.400000,656,DS_interstep,3,4,4,3.704193e-02,9.784838e-03,5.929341e-04,2.565383e-03,-1.445092e-02,3.523408e-02,6.312619e-02,8.255979e-03,-3.086021e-04,2.254985e-03,-1.957342e-02,4.036904e-02
27.410000,657,DS_interstep,3,4,4,3.567440e-02,9.363614e-03,7.552259e-04,2.277630e-03,-1.398101e-02,3.397958e-02,6.083238e-02,7.902098e-03,2.781242e-05,1.957932e-03,-1.894248e-02,3.893594e-02
27.420000,658,DS_interstep,3,4,4,3.433398e-02,8.969541e-03,8.968517e-04,2.013074e-03,-1.350752e-02,3.276110e-02,5.859288e-02,7.572638e-03,3.299018e-04,1.686323e-03,-1.831142e-02,3.754287e-02
27.430000,659,DS_interstep,3,4,4,3.302217e-02,8.599938e-03,1.018709e-03,1.770637e-03,-1.303218e-02,3.157730e-02,5.640799e-02,7.264985e-03,5.989419e-04,1.438934e-03,-1.768165e-02,3.618849e-02
27.440000,660,DS_interstep,3,4,4,3.174011e-02,8.252388e-03,1.121736e-03,1.549285e-03,-1.255655e-02,3.042688e-02,5.427774e-02,6.976794e-03,8.362440e-04,1.214594e-03,-1.705452e-02,3.487149e-02
27.450000,661,DS_interstep,3,4,4,3.048861e-02,7.924736e-03,1.206900e-03,1.348023e-03,-1.208208e-02,2.930861e-02,5.220192e-02,6.705986e-03,1.043149e-03,1.012187e-03,-1.643126e-02,3.359060e-02
27.460000,662,DS_interstep,3,4,4,2.926817e-02,7.615091e-03,1.275189e-03,1.165897e-03,-1.161004e-02,2.822135e-02,5.018011e-02,6.450745e-03,1.221021e-03,8.306425e-04,-1.581306e-02,3.234462e-02
27.470000,663,DS_interstep,3,4,4,2.807906e-02,7.321806e-03,1.327600e-03,1.001986e-03,-1.114158e-02,2.716403e-02,4.821174e-02,6.209505e-03,1.371240e-03,6.689392e-04,-1.520097e-02,3.113241e-02
27.480000,664,DS_interstep,3,4,4,2.692127e-02,7.043469e-03,1.365131e-03,8.554089e-04,-1.067770e-02,2.613569e-02,4.629607e-02,5.980933e-03,1.495198e-03,5.260950e-04,-1.459597e-02,2.995291e-02
27.490000,665,DS_interstep,3,4,4,2.579465e-02,6.778880e-03,1.388775e-03,7.253122e-04,-1.021928e-02,2.513542e-02,4.443226e-02,5.763910e-03,1.594289e-03,4.011661e-04,-1.399893e-02,2.880513e-02
27.500000,666,DS_interstep,3,4,4,2.469885e-02,6.527034e-03,1.399505e-03,6.108737e-04,-9.767070e-03,2.416241e-02,4.261938e-02,5.557513e-03,1.669902e-03,2.932426e-04,-1.341061e-02,2.768818e-02
27.510000,667,DS_interstep,3,4,4,2.363343e-02,6.287098e-03,1.398275e-03,5.112979e-04,-9.321713e-03,2.321593e-02,4.085646e-02,5.360987e-03,1.723417e-03,2.014444e-04,-1.283171e-02,2.660122e-02
27.520000,668,DS_interstep,3,4,4,2.259783e-02,6.058382e-03,1.386012e-03,4.258133e-04,-8.883747e-03,2.229529e-02,3.914248e-02,5.173722e-03,1.756198e-03,1.249180e-04,-1.226280e-02,2.554351e-02
27.530000,669,DS_interstep,3,4,4,2.159145e-02,5.840323e-03,1.363607e-03,3.536700e-04,-8.453614e-03,2.139991e-02,3.747643e-02,4.995233e-03,1.769588e-03,6.283323e-05,-1.170441e-02,2.451436e-02
27.540000,670,DS_interstep,3,4,4,2.061364e-02,5.632458e-03,1.331917e-03,2.941377e-04,-8.031681e-03,2.052925e-02,3.585728e-02,4.825132e-03,1.764902e-03,1.438068e-05,-1.115694e-02,2.351315e-02
27.550000,671,DS_interstep,3,4,4,1.966373e-02,5.434401e-03,1.291761e-03,2.465038e-04,-7.618238e-03,1.968280e-02,3.428405e-02,4.663107e-03,1.743423e-03,-2.123098e-05,-1.062076e-02,2.253932e-02
27.560000,672,DS_interstep,3,4,4,1.874108e-02,5.245826e-03,1.243913e-03,2.100712e-04,-7.213518e-03,1.886013e-02,3.275578e-02,4.508906e-03,1.706401e-03,-4.477671e-05,-1.009616e-02,2.159237e-02
27.570000,673,DS_interstep,3,4,4,1.784504e-02,5.066448e-03,1.189108e-03,1.841575e-04,-6.817699e-03,1.806082e-02,3.127154e-02,4.362309e-03,1.655047e-03,-5.701665e-05,-9.583352e-03,2.067183e-02
27.580000,674,DS_interstep,3,4,4,1.697500e-02,4.896002e-03,1.128039e-03,1.680936e-04,-6.430919e-03,1.728449e-02,2.983046e-02,4.223121e-03,1.590532e-03,-5.869710e-05,-9.082524e-03,1.977728e-02
27.590000,675,DS_interstep,3,4,4,1.613040e-02,4.734237e-03,1.061355e-03,1.612234e-04,-6.053277e-03,1.653078e-02,2.843173e-02,4.091153e-03,1.513982e-03,-5.055114e-05,-8.593799e-03,1.890831e-02
27.600000,676,DS_interstep,3,4,4,1.531071e-02,4.580899e-03,9.896663e-04,1.629027e-04,-5.684846e-03,1.579935e-02,2.707456e-02,3.966212e-03,1.426484e-03,-3.329883e-05,-8.117265e-03,1.806456e-02
27.610000,677,DS_interstep,3,4,4,1.451547e-02,4.435722e-03,9.135417e-04,1.724999e-04,-5.325674e-03,1.508985e-02,2.575823e-02,3.848093e-03,1.329075e-03,-7.647086e-06,-7.652972e-03,1.724565e-02
27.620000,678,SS,4,4,4,2.251080e+00,8.981344e-01,-4.488132e-01,6.390314e-01,-9.524595e-01,2.096797e+00,0.000000e+00,0.000000e+00,0.000000e+00,0.000000e+00,0.000000e+00,0.000000e+00
27.720000,679,SS,4,4,4,3.845770e+00,1.314003e+00,-5.449702e-01,9.159898e-01,-1.494400e+00,3.494604e+00,0.000000e+00,0.000000e+00,0.000000e+00,0.000000e+00,0.000000e+00,0.000000e+00
27.820000,680,SS,4,4,4,5.171059e+00,1.698073e+00,-5.634475e-01,1.121131e+00,-1.952394e+00,4.663283e+00,0.000000e+00,0.000000e+00,0.000000e+00,0.000000e+00,0.000000e+00,0.000000e+00
27.920000,681,SS,4,4,4,6.200828e+00,1.998490e+00,-5.484932e-01,1.268376e+00,-2.305808e+00,5.574456e+00,0.000000e+00,0.000000e+00,0.000000e+00,0.000000e+00,0.000000e+00,0.000000e+00
28.020000,682,SS,4,4,4,6.937278e+00,2.220535e+00,-4.906657e-01,1.350498e+00,-2.558141e+00,6.231125e+00,0.000000e+00,0.000000e+00,0.000000e+00,0.000000e+00,0.000000e+00,0.000000e+00
28.120000,683,SS,4,4,4,7.403787e+00,2.366618e+00,-3.918741e-01,1.370388e+00,-2.720986e+00,6.650527e+00,0.000000e+00,0.000000e+00,0.000000e+00,0.000000e+00,0.000000e+00,0.000000e+00
28.220000,684,SS,4,4,4,7.606729e+00,2.438799e+00,-2.600267e-01,1.334219e+00,-2.797009e+00,6.837308e+00,0.000000e+00,0.000000e+00,0.000000e+00,0.000000e+00,0.000000e+00,0.000000e+00
28.320000,685,SS,4,4,4,7.573527e+00,2.437900e+00,-1.150544e-01,1.259211e+00,-2.805859e+00,6.791099e+00,0.000000e+00,0.000000e+00,0.000000e+00,0.000000e+00,0.000000e+00,0.000000e+00
28.420000,686,SS,4,4,4,7.317104e+00,2.317902e+00,-6.921613e-02,1.229110e+00,-2.812879e+00,6.346839e+00,0.000000e+00,0.000000e+00,0.000000e+00,0.000000e+00,0.000000e+00,0.000000e+00
28.520000,687,SS,4,4,4,6.823621e+00,2.071707e+00,-2.377072e-02,1.135462e+00,-2.730127e+00,5.745852e+00,0.000000e+00,0.000000e+00,0.000000e+00,0.000000e+00,0.000000e+00,0.000000e+00
28.620000,688,SS,4,4,4,6.139040e+00,1.752882e+00,3.541522e-02,9.867024e-01,-2.571712e+00,5.014799e+00,0.000000e+00,0.000000e+00,0.000000e+00,0.000000e+00,0.000000e+00,0.000000e+00
28.720000,689,SS,4,4,4,5.287666e+00,1.382130e+00,1.061861e-01,7.917525e-01,-2.341449e+00,4.170587e+00,0.000000e+00,0.000000e+00,0.000000e+00,0.000000e+00,0.000000e+00,0.000000e+00
28.820000,690,SS,4,4,4,4.294068e+00,9.778075e-01,1.936459e-01,5.519213e-01,-2.037441e+00,3.253321e+00,0.000000e+00,0.000000e+00,0.000000e+00,0.000000e+00,0.000000e+00,0.000000e+00
28.920000,691,SS,4,4,4,3.185708e+00,5.650271e-01,2.954415e-01,2.804406e-01,-1.665967e+00,2.288934e+00,0.000000e+00,0.000000e+00,0.000000e+00,0.000000e+00,0.000000e+00,0.000000e+00
29.020000,692,SS,4,4,4,1.996508e+00,1.589801e-01,3.961992e-01,-1.257183e-03,-1.241482e+00,1.295556e+00,0.000000e+00,0.000000e+00,0.000000e+00,0.000000e+00,0.000000e+00,0.000000e+00
29.120000,693,SS,4,4,4,7.469418e-01,-2.298611e-01,4.805077e-01,-2.743517e-01,-7.709818e-01,2.821782e-01,0.000000e+00,0.000000e+00,0.000000e+00,0.000000e+00,0.000000e+00,0.000000e+00
29.220000,694,SS,4,4,4,-5.267481e-01,-5.976296e-01,5.303658e-01,-5.202938e-01,-2.684650e-01,-7.330906e-01,0.000000e+00,0.000000e+00,0.000000e+00,0.000000e+00,0.000000e+00,0.000000e+00
29.320000,695,SS,4,4,4,-1.809414e+00,-9.302608e-01,5.644556e-01,-7.483777e-01,2.645891e-01,-1.719188e+00,0.000000e+00,0.000000e+00,0.000000e+00,0.000000e+00,0.000000e+00,0.000000e+00
29.420000,696,SS,4,4,4,-3.057870e+00,-1.233421e+00,5.428997e-01,-9.198893e-01,8.085060e-01,-2.685490e+00,0.000000e+00,0.000000e+00,0.000000e+00,0.000000e+00,0.000000e+00,0.000000e+00
29.520000,697,SS,4,4,4,-4.249687e+00,-1.500453e+00,4.943384e-01,-1.058633e+00,1.358131e+00,-3.588015e+00,0.000000e+00,0.000000e+00,0.000000e+00,0.000000e+00,0.000000e+00,0.000000e+00
29.620000,698,SS,4,4,4,-5.340200e+00,-1.725242e+00,4.204689e-01,-1.156704e+00,1.892394e+00,-4.400474e+00,0.000000e+00,0.000000e+00,0.000000e+00,0.000000e+00,0.000000e+00,0.000000e+00
29.720000,699,SS,4,4,4,-6.302106e+00,-1.933739e+00,3.135654e-01,-1.216955e+00,2.397488e+00,-5.127449e+00,0.000000e+00,0.000000e+00,0.000000e+00,0.000000e+00,0.000000e+00,0.000000e+00
29.820000,700,SS,4,4,4,-7.078489e+00,-2.109473e+00,1.832365e-01,-1.238855e+00,2.839567e+00,-5.726189e+00,0.000000e+00,0.000000e+00,0.000000e+00,0.000000e+00,0.000000e+00,0.000000e+00
29.920000,701,SS,4,4,4,-7.600241e+00,-2.226728e+00,4.493775e-02,-1.223739e+00,3.183949e+00,-6.125066e+00,0.000000e+00,0.000000e+00,0.000000e+00,0.000000e+00,0.000000e+00,0.000000e+00
30.020000,702,SS,4,4,4,-7.826952e+00,-2.276992e+00,-8.447494e-02,-1.180263e+00,3.408871e+00,-6.284508e+00,0.000000e+00,0.000000e+00,0.000000e+00,0.000000e+00,0.000000e+00,0.000000e+00
30.120000,703,SS,4,4,4,-7.706881e+00,-2.265052e+00,-2.036387e-01,-1.101483e+00,3.461180e+00,-6.226703e+00,0.000000e+00,0.000000e+00,0.000000e+00,0.000000e+00,0.000000e+00,0.000000e+00
30.220000,704,SS,4,4,4,-7.204424e+00,-2.168960e+00,-3.083140e-01,-9.712027e-01,3.291683e+00,-5.968907e+00,0.000000e+00,0.000000e+00,0.000000e+00,0.000000e+00,0.000000e+00,0.000000e+00
30.320000,705,SS,4,4,4,-6.307979e+00,-1.945628e+00,-3.495356e-01,-8.262373e-01,2.958077e+00,-5.324823e+00,0.000000e+00,0.000000e+00,0.000000e+00,0.000000e+00,0.000000e+00,0.000000e+00
30.420000,706,SS,4,4,4,-4.971103e+00,-1.595865e+00,-3.299138e-01,-6.621515e-01,2.442005e+00,-4.265578e+00,0.000000e+00,0.000000e+00,0.000000e+00,0.000000e+00,0.000000e+00,0.000000e+00
30.520000,707,SS,4,4,4,-3.157055e+00,-1.108509e+00,-2.554305e-01,-4.693735e-01,1.730866e+00,-2.758700e+00,0.000000e+00,0.000000e+00,0.000000e+00,0.000000e+00,0.000000e+00,0.000000e+00
30.620000,708,SS,4,4,4,-1.918231e+00,-7.193319e-01,-1.615462e-02,-3.976120e-01,1.073271e+00,-1.693530e+00,0.000000e+00,0.000000e+00,0.000000e+00,0.000000e+00,0.000000e+00,0.000000e+00
30.720000,709,SS,4,4,4,-1.700855e+00,-5.978202e-01,1.370825e-01,-4.055819e-01,8.280176e-01,-1.517150e+00,0.000000e+00,0.000000e+00,0.000000e+00,0.000000e+00,0.000000e+00,0.000000e+00
30.820000,710,SS,4,4,4,-1.518821e+00,-4.802519e-01,1.860655e-01,-3.650250e-01,6.847783e-01,-1.360199e+00,0.000000e+00,0.000000e+00,0.000000e+00,0.000000e+00,0.000000e+00,0.000000e+00
30.920000,711,SS,4,4,4,-1.356505e+00,-3.829727e-01,1.868184e-01,-3.084788e-01,5.888462e-01,-1.219285e+00,0.000000e+00,0.000000e+00,0.000000e+00,0.000000e+00,0.000000e+00,0.000000e+00
31.030000,712,DS_interstep,4,4,5,-7.640400e-01,7.093367e-01,-7.541090e-02,3.852188e-01,1.314657e-01,-8.471545e-01,-1.506149e+00,-1.597655e-01,-3.904993e-01,2.889855e-01,4.518883e-01,-9.674302e-01
31.040000,713,DS_interstep,4,4,5,-1.001656e+00,-2.305086e+00,-3.278085e+00,1.623422e+00,7.827726e-01,-1.568435e+00,-2.475660e+00,-3.943082e+00,-5.275497e+00,1.700288e+00,8.064343e-01,-1.423091e+00
31.050000,714,DS_interstep,4,4,5,-1.893466e+00,-5.040898e+00,-2.502167e+00,-1.586352e-01,1.049188e+00,-2.787597e+00,-4.272003e+00,-7.676963e+00,-3.929890e+00,-2.656389e-01,1.407989e+00,-2.361808e+00
31.060000,715,DS_interstep,4,4,5,-2.622304e+00,-5.364246e+00,-1.227544e+00,-1.195644e+00,1.037606e+00,-3.526068e+00,-5.527517e+00,-8.613371e+00,-2.068083e+00,-1.537873e+00,1.701396e+00,-3.087119e+00
31.070000,716,DS_interstep,4,4,5,-3.115180e+00,-4.370513e+00,-1.626130e-01,-1.500265e+00,9.467124e-01,-3.798533e+00,-6.200251e+00,-7.862639e+00,-6.510245e-01,-2.017098e+00,1.787460e+00,-3.489960e+00
31.080000,717,DS_interstep,4,4,5,-3.258380e+00,-2.745127e+00,6.108266e-01,-1.334080e+00,7.941976e-01,-3.627020e+00,-6.458248e+00,-6.653141e+00,3.219237e-01,-2.170458e+00,1.806732e+00,-3.430129e+00
31.090000,718,DS_interstep,4,4,5,-3.166223e+00,-1.045721e+00,1.096787e+00,-8.210216e-01,6.074733e-01,-3.183926e+00,-6.355631e+00,-5.293028e+00,9.692594e-01,-2.299955e+00,1.861593e+00,-3.040453e+00
31.100000,719,DS_interstep,4,4,5,-3.182797e+00,-1.663071e-01,1.266157e+00,-7.159951e-01,6.892455e-01,-2.799005e+00,-5.659970e+00,-3.320430e+00,1.129466e+00,-1.730506e+00,1.657438e+00,-2.855916e+00
31.110000,720,DS_interstep,4,4,5,-2.984490e+00,4.097413e-01,1.337933e+00,-7.411864e-01,7.336854e-01,-2.350451e+00,-4.860967e+00,-1.847270e+00,1.179390e+00,-1.177373e+00,1.383088e+00,-2.551550e+00
31.120000,721,DS_interstep,4,4,5,-2.673734e+00,9.601956e-01,1.360154e+00,-5.862673e-01,6.755328e-01,-1.882665e+00,-4.169379e+00,-8.728676e-01,1.244677e+00,-9.383837e-01,1.221320e+00,-2.123545e+00
31.130000,722,DS_interstep,4,4,5,-2.303415e+00,1.350219e+00,1.292739e+00,-4.385655e-01,6.169695e-01,-1.401903e+00,-3.410033e+00,-4.308866e-02,1.208391e+00,-6.944434e-01,1.047466e+00,-1.662147e+00
31.140000,723,DS_interstep,4,4,5,-1.909646e+00,1.584742e+00,1.181382e+00,-3.234715e-01,5.566952e-01,-9.439517e-01,-2.646123e+00,6.153279e-01,1.131216e+00,-4.823792e-01,8.734702e-01,-1.205247e+00
31.150000,724,DS_interstep,4,4,5,-1.516413e+00,1.699785e+00,1.048568e+00,-2.356153e-01,4.928558e-01,-5.281533e-01,-1.917114e+00,1.119496e+00,1.035536e+00,-3.045232e-01,7.042652e-01,-7.777204e-01
31.160000,725,DS_interstep,4,4,5,-1.141259e+00,1.729701e+00,9.087715e-01,-1.667734e-01,4.250091e-01,-1.658210e-01,-1.249774e+00,1.492023e+00,9.334447e-01,-1.575270e-01,5.433591e-01,-3.958833e-01
31.170000,726,DS_interstep,4,4,5,-7.964596e-01,1.702270e+00,7.715764e-01,-1.100818e-01,3.538388e-01,1.374249e-01,-6.609946e-01,1.754340e+00,8.320832e-01,-3.717565e-02,3.934963e-01,-6.925422e-02
31.180000,727,DS_interstep,4,4,5,-4.896318e-01,1.638513e+00,6.428024e-01,-6.043080e-02,2.806713e-01,3.803779e-01,-1.594108e-01,1.925407e+00,7.352202e-01,6.072008e-02,2.566420e-01,1.981494e-01
31.190000,728,DS_interstep,4,4,5,-2.289640e-01,1.549363e+00,5.289645e-01,-1.757645e-02,2.071723e-01,5.591684e-01,2.438137e-01,2.012091e+00,6.488827e-01,1.352432e-01,1.358311e-01,4.008044e-01
31.200000,729,DS_interstep,4,4,5,-4.183607e-02,1.440173e+00,4.429753e-01,1.034415e-02,1.431456e-01,6.567853e-01,5.080354e-01,2.003003e+00,5.835779e-01,1.759254e-01,4.513406e-02,5.196647e-01
31.210000,730,DS_interstep,4,4,5,2.981735e-02,1.293348e+00,3.851337e-01,4.620273e-03,1.022519e-01,6.534643e-01,6.499765e-01,1.967870e+00,5.473919e-01,2.074854e-01,-6.195602e-03,5.317280e-01
31.220000,731,DS_interstep,4,4,5,7.397768e-02,1.128330e+00,3.324946e-01,-1.118878e-02,5.758545e-02,6.128036e-01,7.752800e-01,1.942497e+00,5.213147e-01,2.553904e-01,-5.898300e-02,5.047238e-01
31.230000,732,DS_interstep,4,4,5,2.195436e-01,1.047052e+00,2.713827e-01,3.173006e-02,-1.670908e-02,6.421001e-01,9.017817e-01,1.843780e+00,4.697669e-01,2.784346e-01,-1.370058e-01,5.489205e-01
31.240000,733,DS_interstep,4,4,5,3.847511e-01,1.034108e+00,2.158132e-01,1.180605e-01,-8.676140e-02,7.030991e-01,9.753200e-01,1.690546e+00,3.954221e-01,2.587135e-01,-2.041669e-01,6.244713e-01
31.250000,734,DS_interstep,4,4,5,4.692577e-01,9.802802e-01,1.609804e-01,1.632352e-01,-1.314144e-01,7.147785e-01,1.053712e+00,1.632713e+00,3.337031e-01,2.851235e-01,-2.526460e-01,6.453883e-01
31.260000,735,DS_interstep,4,4,5,5.527714e-01,9.262479e-01,1.049137e-01,2.098392e-01,-1.798857e-01,7.214361e-01,1.139364e+00,1.589259e+00,2.730031e-01,3.224531e-01,-3.050423e-01,6.601407e-01
31.270000,736,DS_interstep,4,4,5,6.128798e-01,8.773369e-01,5.712290e-02,2.525271e-01,-2.206035e-01,7.121095e-01,1.188855e+00,1.535107e+00,2.169213e-01,3.534502e-01,-3.458999e-01,6.569981e-01
31.280000,737,DS_interstep,4,4,5,6.504718e-01,8.319806e-01,1.861450e-02,2.894575e-01,-2.533654e-01,6.877552e-01,1.203964e+00,1.469709e+00,1.674096e-01,3.766757e-01,-3.750321e-01,6.372139e-01
31.290000,738,DS_interstep,4,4,5,6.714914e-01,7.891889e-01,-1.176833e-02,3.208139e-01,-2.798924e-01,6.529385e-01,1.194348e+00,1.396578e+00,1.246600e-01,3.931626e-01,-3.950540e-01,6.058667e-01
31.300000,739,DS_interstep,4,4,5,6.806299e-01,7.485764e-01,-3.555048e-02,3.469624e-01,-3.011627e-01,6.119972e-01,1.168207e+00,1.319501e+00,8.796469e-02,4.042203e-01,-4.079720e-01,5.676621e-01
31.310000,740,DS_interstep,4,4,5,6.809699e-01,7.099279e-01,-5.420940e-02,3.681788e-01,-3.174976e-01,5.683210e-01,1.131353e+00,1.241470e+00,5.622994e-02,4.109636e-01,-4.150294e-01,5.262337e-01
31.320000,741,DS_interstep,4,4,5,6.745569e-01,6.729928e-01,-6.898419e-02,3.846169e-01,-3.289665e-01,5.243937e-01,1.087831e+00,1.164568e+00,2.842619e-02,4.141956e-01,-4.170346e-01,4.842403e-01
31.330000,742,DS_interstep,4,4,5,6.628812e-01,6.375275e-01,-8.083407e-02,3.964009e-01,-3.356592e-01,4.819874e-01,1.040553e+00,1.090226e+00,3.766106e-03,4.144829e-01,-4.146291e-01,4.435820e-01
31.340000,743,DS_interstep,4,4,5,6.471445e-01,6.033574e-01,-9.054309e-02,4.037651e-01,-3.377878e-01,4.423264e-01,9.916945e-01,1.019431e+00,-1.840523e-02,4.123157e-01,-4.084210e-01,4.055717e-01
31.350000,744,DS_interstep,4,4,5,6.283781e-01,5.703600e-01,-9.873097e-02,4.070421e-01,-3.357074e-01,4.061972e-01,9.429026e-01,9.528277e-01,-3.859319e-02,4.081236e-01,-3.990240e-01,3.710570e-01
31.360000,745,DS_interstep,4,4,5,6.074780e-01,5.384642e-01,-1.058710e-01,4.066458e-01,-3.298893e-01,3.740305e-01,8.953973e-01,8.907823e-01,-5.717083e-02,4.022909e-01,-3.870514e-01,3.405074e-01
31.370000,746,DS_interstep,4,4,5,5.852072e-01,5.076429e-01,-1.123065e-01,4.030443e-01,-3.208788e-01,3.459664e-01,8.500293e-01,8.334390e-01,-7.440016e-02,3.951590e-01,-3.730933e-01,3.140838e-01
31.380000,747,DS_interstep,4,4,5,5.621912e-01,4.778979e-01,-1.182671e-01,3.967287e-01,-3.092535e-01,3.219110e-01,8.073217e-01,7.807529e-01,-9.045135e-02,3.870238e-01,-3.576937e-01,2.916988e-01
31.390000,748,DS_interstep,4,4,5,5.389179e-01,4.492445e-01,-1.238858e-01,3.881845e-01,-2.955879e-01,3.015891e-01,7.675145e-01,7.325222e-01,-1.054198e-01,3.781314e-01,-3.413334e-01,2.730734e-01
31.400000,749,DS_interstep,4,4,5,5.157456e-01,4.216980e-01,-1.292170e-01,3.778701e-01,-2.804271e-01,2.845948e-01,7.306141e-01,6.884209e-01,-1.193428e-01,3.686769e-01,-3.244213e-01,2.577914e-01
31.410000,750,DS_interstep,4,4,5,4.929169e-01,3.952669e-01,-1.342565e-01,3.662021e-01,-2.642687e-01,2.704406e-01,6.964471e-01,6.480358e-01,-1.322163e-01,3.588080e-01,-3.072922e-01,2.453509e-01
31.420000,751,DS_interstep,4,4,5,4.705772e-01,3.699514e-01,-1.389606e-01,3.535486e-01,-2.475507e-01,2.586008e-01,6.647153e-01,6.109066e-01,-1.440112e-01,3.486325e-01,-2.902111e-01,2.352098e-01
31.430000,752,DS_interstep,4,4,5,4.487961e-01,3.457468e-01,-1.432642e-01,3.402273e-01,-2.306462e-01,2.485508e-01,6.350473e-01,5.765632e-01,-1.546891e-01,3.382275e-01,-2.733797e-01,2.268266e-01
31.440000,753,DS_interstep,4,4,5,4.275874e-01,3.226463e-01,-1.470952e-01,3.265074e-01,-2.138617e-01,2.397978e-01,6.070448e-01,5.445586e-01,-1.642144e-01,3.276493e-01,-2.569456e-01,2.196913e-01
31.450000,754,DS_interstep,4,4,5,4.069291e-01,3.006445e-01,-1.503869e-01,3.126131e-01,-1.974392e-01,2.319038e-01,5.803197e-01,5.144930e-01,-1.725634e-01,3.169416e-01,-2.410114e-01,2.133498e-01
31.460000,755,DS_interstep,4,4,5,3.867791e-01,2.797396e-01,-1.530851e-01,2.987284e-01,-1.815615e-01,2.244994e-01,5.545216e-01,4.860296e-01,-1.797303e-01,3.061433e-01,-2.256442e-01,2.074181e-01
31.470000,756,DS_interstep,4,4,5,3.670853e-01,2.600193e-01,-1.551598e-01,2.850643e-01,-1.663735e-01,2.172733e-01,5.293357e-01,4.589672e-01,-1.857601e-01,2.953434e-01,-2.108933e-01,2.015601e-01
31.480000,757,DS_interstep,4,4,5,3.478790e-01,2.415872e-01,-1.566353e-01,2.718477e-01,-1.520138e-01,2.100321e-01,5.046255e-01,4.332280e-01,-1.907533e-01,2.846808e-01,-1.968350e-01,1.955622e-01
31.490000,758,DS_interstep,4,4,5,3.291771e-01,2.243869e-01,-1.575323e-01,2.591517e-01,-1.385421e-01,2.026657e-01,4.803147e-01,4.086566e-01,-1.947632e-01,2.741884e-01,-1.834961e-01,1.893175e-01
31.500000,759,DS_interstep,4,4,5,3.109262e-01,2.083320e-01,-1.578597e-01,2.469718e-01,-1.259417e-01,1.950914e-01,4.562825e-01,3.850894e-01,-1.978302e-01,2.638497e-01,-1.708413e-01,1.827487e-01
31.510000,760,DS_interstep,4,4,5,2.930842e-01,1.933414e-01,-1.576386e-01,2.352891e-01,-1.141734e-01,1.872759e-01,4.324600e-01,3.624120e-01,-2.000058e-01,2.536529e-01,-1.588278e-01,1.758293e-01
31.520000,761,DS_interstep,4,4,5,2.756331e-01,1.793430e-01,-1.569002e-01,2.240814e-01,-1.031908e-01,1.792268e-01,4.088360e-01,3.405565e-01,-2.013494e-01,2.435962e-01,-1.474165e-01,1.685749e-01
31.530000,762,DS_interstep,4,4,5,2.585769e-01,1.662718e-01,-1.556827e-01,2.133264e-01,-9.294651e-02,1.709813e-01,3.854446e-01,3.194894e-01,-2.019238e-01,2.336859e-01,-1.365744e-01,1.610313e-01
31.540000,763,DS_interstep,4,4,5,2.419366e-01,1.540694e-01,-1.540276e-01,2.030027e-01,-8.339506e-02,1.625955e-01,3.623530e-01,2.992013e-01,-2.017918e-01,2.239338e-01,-1.262745e-01,1.532637e-01
31.550000,764,DS_interstep,4,4,5,2.257454e-01,1.426817e-01,-1.519780e-01,1.930904e-01,-7.449399e-02,1.541360e-01,3.396487e-01,2.796978e-01,-2.010153e-01,2.143551e-01,-1.164949e-01,1.453483e-01
31.560000,765,DS_interstep,4,4,5,2.100425e-01,1.320585e-01,-1.495769e-01,1.835709e-01,-6.620424e-02,1.456734e-01,3.174285e-01,2.609915e-01,-1.996533e-01,2.049663e-01,-1.072176e-01,1.373652e-01
31.570000,766,DS_interstep,4,4,5,1.948691e-01,1.221521e-01,-1.468664e-01,1.744269e-01,-5.848990e-02,1.372773e-01,2.957898e-01,2.430972e-01,-1.977623e-01,1.957839e-01,-9.842695e-02,1.293927e-01
31.580000,767,DS_interstep,4,4,5,1.802642e-01,1.129165e-01,-1.438863e-01,1.656419e-01,-5.131778e-02,1.290120e-01,2.748240e-01,2.260270e-01,-1.953952e-01,1.868227e-01,-9.010902e-02,1.215040e-01
31.590000,768,DS_interstep,4,4,5,1.662617e-01,1.043073e-01,-1.406744e-01,1.572001e-01,-4.465695e-02,1.209350e-01,2.546115e-01,2.097878e-01,-1.926017e-01,1.780951e-01,-8.225018e-02,1.137641e-01
31.600000,769,DS_interstep,4,4,5,1.528890e-01,9.628099e-02,-1.372654e-01,1.490860e-01,-3.847830e-02,1.130945e-01,2.352187e-01,1.943796e-01,-1.894279e-01,1.696106e-01,-7.483667e-02,1.062290e-01
31.610000,770,DS_interstep,4,4,5,1.401656e-01,8.879530e-02,-1.336913e-01,1.412842e-01,-3.275427e-02,1.055297e-01,2.166964e-01,1.797948e-01,-1.859163e-01,1.613755e-01,-6.785422e-02,9.894405e-02
31.620000,771,DS_interstep,4,4,5,1.281027e-01,8.180894e-02,-1.299810e-01,1.337796e-01,-2.745870e-02,9.827019e-02,1.990801e-01,1.660184e-01,-1.821063e-01,1.533930e-01,-6.128788e-02,9.194483e-02
31.630000,772,DS_interstep,4,4,5,1.167041e-01,7.528193e-02,-1.261605e-01,1.265575e-01,-2.256667e-02,9.133677e-02,1.823899e-01,1.530284e-01,-1.780337e-01,1.456633e-01,-5.512204e-02,8.525715e-02
31.640000,773,DS_interstep,4,4,5,1.059662e-01,6.917584e-02,-1.222529e-01,1.196032e-01,-1.805454e-02,8.474206e-02,1.666322e-01,1.407968e-01,-1.737313e-01,1.381840e-01,-4.934056e-02,7.889798e-02
31.650000,774,DS_interstep,4,4,5,9.587913e-02,6.345404e-02,-1.182789e-01,1.129029e-01,-1.389989e-02,7.849149e-02,1.518016e-01,1.292909e-01,-1.692289e-01,1.309504e-01,-4.392696e-02,7.287644e-02
31.660000,775,DS_interstep,4,4,5,8.642776e-02,5.808202e-02,-1.142567e-01,1.064432e-01,-1.008158e-02,7.258441e-02,1.378819e-01,1.184746e-01,-1.645536e-01,1.239563e-01,-3.886464e-02,6.719488e-02
31.670000,776,DS_interstep,4,4,5,7.759262e-02,5.302756e-02,-1.102022e-01,1.002116e-01,-6.579725e-03,6.701509e-02,1.248488e-01,1.083091e-01,-1.597302e-01,1.171942e-01,-3.413707e-02,6.185002e-02
31.680000,777,DS_interstep,4,4,5,6.935093e-02,4.826094e-02,-1.061296e-01,9.419656e-02,-3.375673e-03,6.177383e-02,1.126716e-01,9.875485e-02,-1.547810e-01,1.106557e-01,-2.972801e-02,5.683405e-02
31.690000,778,DS_interstep,4,4,5,6.167751e-02,4.375506e-02,-1.020513e-01,8.838749e-02,-4.520022e-04,5.684786e-02,1.013143e-01,8.977179e-02,-1.497266e-01,1.043322e-01,-2.562164e-02,5.213563e-02
31.700000,779,DS_interstep,4,4,5,5.454559e-02,3.948548e-02,-9.797822e-02,8.277486e-02,2.207559e-03,5.222229e-02,9.073802e-02,8.132067e-02,-1.445856e-01,9.821479e-02,-2.180267e-02,4.774080e-02
31.710000,780,DS_interstep,4,4,5,4.792754e-02,3.543043e-02,-9.391989e-02,7.735019e-02,4.618194e-03,4.788083e-02,8.090156e-02,7.336361e-02,-1.393753e-01,9.229492e-02,-1.825643e-02,4.363388e-02
31.720000,781,DS_interstep,4,4,5,4.179543e-02,3.157071e-02,-8.988487e-02,7.210601e-02,6.794082e-03,4.380645e-02,7.176300e-02,6.586463e-02,-1.341115e-01,8.656439e-02,-1.496889e-02,3.979812e-02
31.730000,782,DS_interstep,4,4,5,3.612157e-02,2.788961e-02,-8.588072e-02,6.703584e-02,8.748489e-03,3.998196e-02,6.328048e-02,5.879010e-02,-1.288089e-01,8.101555e-02,-1.192674e-02,3.621630e-02
31.740000,783,DS_interstep,4,4,5,3.087887e-02,2.437274e-02,-8.191418e-02,6.213411e-02,1.049387e-02,3.639047e-02,5.541298e-02,5.210895e-02,-1.234812e-01,7.564147e-02,-9.117314e-03,3.287131e-02
31.750000,784,DS_interstep,4,4,5,2.604120e-02,2.100785e-02,-7.799131e-02,5.739602e-02,1.204193e-02,3.301569e-02,4.812096e-02,4.579282e-02,-1.181411e-01,7.043590e-02,-6.528614e-03,2.974645e-02
31.760000,785,DS_interstep,4,4,5,2.158355e-02,1.778462e-02,-7.411759e-02,5.281753e-02,1.340377e-02,2.984225e-02,4.136672e-02,3.981614e-02,-1.128008e-01,6.539338e-02,-4.149261e-03,2.682582e-02
31.770000,786,DS_interstep,4,4,5,1.748222e-02,1.469447e-02,-7.029799e-02,4.839517e-02,1.458992e-02,2.685587e-02,3.511481e-02,3.415608e-02,-1.074714e-01,6.050918e-02,-1.968464e-03,2.409448e-02
31.780000,787,DS_interstep,4,4,5,1.371493e-02,1.173031e-02,-6.653704e-02,4.412600e-02,1.561043e-02,2.404346e-02,2.933214e-02,2.879240e-02,-1.021637e-01,5.577929e-02,2.403050e-05,2.153865e-02
31.790000,788,DS_interstep,4,4,5,1.026083e-02,8.886354e-03,-6.283890e-02,4.000750e-02,1.647492e-02,2.139321e-02,2.398811e-02,2.370739e-02,-9.688777e-02,5.120035e-02,1.837979e-03,1.914578e-02
31.800000,789,DS_interstep,4,4,5,7.100520e-03,6.157916e-03,-5.920743e-02,3.603746e-02,1.719267e-02,1.889458e-02,1.905461e-02,1.888556e-02,-9.165332e-02,4.676962e-02,3.482690e-03,1.690459e-02
31.810000,790,DS_interstep,4,4,5,4.216007e-03,3.541210e-03,-5.564617e-02,3.221392e-02,1.777261e-02,1.653826e-02,1.450596e-02,1.431355e-02,-8.646944e-02,4.248487e-02,4.967060e-03,1.480505e-02
31.820000,791,DS_interstep,4,4,5,1.590639e-03,1.033192e-03,-5.215841e-02,2.853507e-02,1.822343e-02,1.431614e-02,1.031881e-02,9.979822e-03,-8.134481e-02,3.834433e-02,6.299619e-03,1.283832e-02
31.830000,792,DS_interstep,4,4,5,-7.909770e-04,-1.368599e-03,-4.874722e-02,2.499923e-02,1.855353e-02,1.222119e-02,6.471935e-03,5.874447e-03,-7.628766e-02,3.434660e-02,7.488559e-03,1.099671e-02
31.840000,793,DS_interstep,4,4,5,-2.943075e-03,-3.666171e-03,-4.541543e-02,2.160476e-02,1.877107e-02,1.024737e-02,2.946111e-03,1.988895e-03,-7.130581e-02,3.049058e-02,8.541769e-03,9.273537e-03
31.850000,794,DS_interstep,4,4,5,-4.878839e-03,-5.861191e-03,-4.216565e-02,1.835005e-02,1.888401e-02,8.389509e-03,-2.761294e-04,-1.684195e-03,-6.640663e-02,2.677540e-02,9.466859e-03,7.663050e-03
31.860000,795,DS_interstep,4,4,5,-6.610514e-03,-7.955087e-03,-3.900030e-02,1.523344e-02,1.890008e-02,6.643172e-03,-3.210694e-03,-5.151226e-03,-6.159712e-02,2.320034e-02,1.027118e-02,6.160285e-03
31.870000,796,DS_interstep,4,4,5,-8.149520e-03,-9.949120e-03,-3.592160e-02,1.225326e-02,1.882678e-02,5.004558e-03,-5.872148e-03,-8.417825e-03,-5.688381e-02,1.976477e-02,1.096185e-02,4.760952e-03
31.880000,797,DS_interstep,4,4,5,-9.506562e-03,-1.184445e-02,-3.293156e-02,9.407746e-03,1.867141e-02,3.470362e-03,-8.273920e-03,-1.148902e-02,-5.227286e-02,1.646813e-02,1.154574e-02,3.461304e-03
31.890000,798,DS_interstep,4,4,5,-1.069173e-02,-1.364218e-02,-3.003199e-02,6.695086e-03,1.844104e-02,2.037667e-03,-1.042850e-02,-1.436941e-02,-4.776998e-02,1.330980e-02,1.202954e-02,2.258028e-03
31.900000,799,DS_interstep,4,4,5,-1.171460e-02,-1.534342e-02,-2.722450e-02,4.113372e-03,1.814252e-02,7.038377e-04,-1.234763e-02,-1.706325e-02,-4.338047e-02,1.028915e-02,1.241971e-02,1.148125e-03
31.910000,800,DS_interstep,4,4,5,-1.258433e-02,-1.694925e-02,-2.451047e-02,1.660615e-03,1.778245e-02,-5.335795e-04,-1.404245e-02,-1.957463e-02,-3.910918e-02,7.405445e-03,1.272249e-02,1.288183e-04
31.920000,801,DS_interstep,4,4,5,-1.330968e-02,-1.846083e-02,-2.189110e-02,-6.652556e-04,1.736718e-02,-1.676936e-03,-1.552366e-02,-2.190752e-02,-3.496057e-02,4.657816e-03,1.294396e-02,-8.025424e-04
31.930000,802,DS_interstep,4,4,5,-1.389918e-02,-1.987933e-02,-1.936736e-02,-2.866395e-03,1.690284e-02,-2.728556e-03,-1.680162e-02,-2.406590e-02,-3.093863e-02,2.045266e-03,1.308997e-02,-1.648554e-03
31.940000,803,DS_interstep,4,4,5,-1.436106e-02,-2.120599e-02,-1.693999e-02,-4.945033e-03,1.639527e-02,-3.690796e-03,-1.788649e-02,-2.605376e-02,-2.704692e-02,-4.333678e-04,1.316619e-02,-2.411824e-03
31.950000,804,DS_interstep,4,4,5,-1.470339e-02,-2.244210e-02,-1.460954e-02,-6.903476e-03,1.585005e-02,-4.566091e-03,-1.878828e-02,-2.787521e-02,-2.328857e-02,-2.779426e-03,1.317808e-02,-3.095023e-03
31.960000,805,DS_interstep,4,4,5,-1.493407e-02,-2.358901e-02,-1.237630e-02,-8.744097e-03,1.527250e-02,-5.356992e-03,-1.951691e-02,-2.953445e-02,-1.966628e-02,-4.994431e-03,1.313093e-02,-3.700922e-03
31.970000,806,DS_interstep,4,4,5,-1.506084e-02,-2.464814e-02,-1.024038e-02,-1.046933e-02,1.466765e-02,-6.066188e-03,-2.008225e-02,-3.103587e-02,-1.618228e-02,-7.080093e-03,1.302978e-02,-4.232417e-03
31.980000,807,DS_interstep,4,4,5,-1.509131e-02,-2.562094e-02,-8.201644e-03,-1.208167e-02,1.404027e-02,-6.696521e-03,-2.049418e-02,-3.238399e-02,-1.283840e-02,-9.038313e-03,1.287952e-02,-4.692549e-03
31.990000,808,DS_interstep,4,4,5,-1.503297e-02,-2.650893e-02,-6.259751e-03,-1.358366e-02,1.339483e-02,-7.250992e-03,-2.076256e-02,-3.358349e-02,-9.636038e-03,-1.087117e-02,1.268482e-02,-5.084504e-03
32.000000,809,DS_interstep,4,4,5,-1.489318e-02,-2.731370e-02,-4.414143e-03,-1.497790e-02,1.273555e-02,-7.732755e-03,-2.089721e-02,-3.463923e-02,-6.576165e-03,-1.258094e-02,1.245014e-02,-5.411614e-03
32.010000,810,DS_interstep,4,4,5,-1.467913e-02,-2.803687e-02,-2.664058e-03,-1.626703e-02,1.206635e-02,-8.145109e-03,-2.090795e-02,-3.555619e-02,-3.659347e-03,-1.417006e-02,1.217976e-02,-5.677343e-03
32.020000,811,DS_interstep,4,4,5,-1.439790e-02,-2.868011e-02,-1.008533e-03,-1.745373e-02,1.139090e-02,-8.491480e-03,-2.080453e-02,-3.633952e-02,-8.857513e-04,-1.564111e-02,1.187774e-02,-5.885272e-03
32.030000,812,DS_interstep,4,4,5,-1.405638e-02,-2.924515e-02,5.535864e-04,-1.854072e-02,1.071259e-02,-8.775403e-03,-2.059661e-02,-3.699444e-02,1.744840e-03,-1.699686e-02,1.154795e-02,-6.039077e-03
32.040000,813,DS_interstep,4,4,5,-1.366126e-02,-2.973377e-02,2.023636e-03,-1.953076e-02,1.003456e-02,-9.000495e-03,-2.029372e-02,-3.752629e-02,4.233013e-03,-1.824019e-02,1.119406e-02,-6.142506e-03
32.050000,814,DS_interstep,4,4,5,-1.321904e-02,-3.014779e-02,3.403125e-03,-2.042664e-02,9.359691e-03,-9.170433e-03,-1.990524e-02,-3.794048e-02,6.579712e-03,-1.937411e-02,1.081954e-02,-6.199344e-03
32.060000,815,DS_interstep,4,4,5,-1.273600e-02,-3.048910e-02,4.693720e-03,-2.123118e-02,8.690630e-03,-9.288925e-03,-1.944033e-02,-3.824244e-02,8.786214e-03,-2.040175e-02,1.042768e-02,-6.213395e-03
32.070000,816,DS_interstep,4,4,5,-1.221816e-02,-3.075961e-02,5.897239e-03,-2.194722e-02,8.029782e-03,-9.359680e-03,-1.890788e-02,-3.843764e-02,1.085412e-02,-2.132633e-02,1.002156e-02,-6.188444e-03
32.080000,817,DS_interstep,4,4,5,-1.167128e-02,-3.096132e-02,7.015636e-03,-2.257764e-02,7.379328e-03,-9.386389e-03,-1.831654e-02,-3.853155e-02,1.278532e-02,-2.215115e-02,9.604087e-03,-6.128232e-03
32.090000,818,DS_interstep,4,4,5,-1.110085e-02,-3.109624e-02,8.050986e-03,-2.312534e-02,6.741236e-03,-9.372688e-03,-1.767459e-02,-3.852961e-02,1.458198e-02,-2.287959e-02,9.177967e-03,-6.036429e-03
32.100000,819,DS_interstep,4,4,5,-1.051206e-02,-3.116646e-02,9.005475e-03,-2.359323e-02,6.117267e-03,-9.322147e-03,-1.698997e-02,-3.843721e-02,1.624655e-02,-2.351507e-02,8.745740e-03,-5.916609e-03
32.110000,820,DS_interstep,4,4,5,-9.909784e-03,-3.117411e-02,9.881387e-03,-2.398425e-02,5.508988e-03,-9.238236e-03,-1.627023e-02,-3.825968e-02,1.778169e-02,-2.406107e-02,8.309763e-03,-5.772228e-03
32.120000,821,DS_interstep,4,4,5,-9.298600e-03,-3.112136e-02,1.068109e-02,-2.430135e-02,4.917781e-03,-9.124316e-03,-1.552251e-02,-3.800226e-02,1.919029e-02,-2.452109e-02,7.872225e-03,-5.606600e-03
32.130000,822,DS_interstep,4,4,5,-8.682759e-03,-3.101045e-02,1.140701e-02,-2.454749e-02,4.344854e-03,-8.983617e-03,-1.475353e-02,-3.767012e-02,2.047542e-02,-2.489864e-02,7.435146e-03,-5.422886e-03
32.140000,823,DS_interstep,4,4,5,-8.066191e-03,-3.084365e-02,1.206166e-02,-2.472564e-02,3.791250e-03,-8.819223e-03,-1.396954e-02,-3.726828e-02,2.164035e-02,-2.519725e-02,7.000385e-03,-5.224077e-03
32.150000,824,DS_interstep,4,4,5,-7.452504e-03,-3.062327e-02,1.264757e-02,-2.483876e-02,3.257857e-03,-8.634069e-03,-1.317637e-02,-3.680167e-02,2.268847e-02,-2.542045e-02,6.569644e-03,-5.012983e-03
32.160000,825,DS_interstep,4,4,5,-6.844985e-03,-3.035166e-02,1.316732e-02,-2.488983e-02,2.745420e-03,-8.430923e-03,-1.237938e-02,-3.627506e-02,2.362334e-02,-2.557176e-02,6.144476e-03,-4.792228e-03
32.170000,826,DS_interstep,4,4,5,-6.246608e-03,-3.003123e-02,1.362350e-02,-2.488181e-02,2.254545e-03,-8.212388e-03,-1.158347e-02,-3.569312e-02,2.444861e-02,-2.565465e-02,5.726289e-03,-4.564242e-03
32.180000,827,DS_interstep,4,4,5,-5.660042e-03,-2.966438e-02,1.401874e-02,-2.481765e-02,1.785714e-03,-7.980896e-03,-1.079311e-02,-3.506033e-02,2.516805e-02,-2.567261e-02,5.316349e-03,-4.331262e-03
32.190000,828,DS_interstep,4,4,5,-5.087654e-03,-2.925358e-02,1.435564e-02,-2.470029e-02,1.339288e-03,-7.738707e-03,-1.001233e-02,-3.438106e-02,2.578548e-02,-2.562905e-02,4.915792e-03,-4.095332e-03
32.200000,829,DS_interstep,4,4,5,-4.531530e-03,-2.880128e-02,1.463681e-02,-2.453264e-02,9.155186e-04,-7.487912e-03,-9.244716e-03,-3.365951e-02,2.630481e-02,-2.552738e-02,4.525623e-03,-3.858305e-03
32.210000,830,DS_interstep,4,4,5,-3.993478e-03,-2.830998e-02,1.486485e-02,-2.431760e-02,5.145550e-04,-7.230436e-03,-8.493462e-03,-3.289973e-02,2.672999e-02,-2.537091e-02,4.146726e-03,-3.621849e-03
32.220000,831,DS_interstep,4,4,5,-3.475049e-03,-2.778217e-02,1.504234e-02,-2.405804e-02,1.364503e-04,-6.968042e-03,-7.761365e-03,-3.210562e-02,2.706500e-02,-2.516296e-02,3.779870e-03,-3.387451e-03
32.230000,832,DS_interstep,4,4,5,-2.977546e-03,-2.722034e-02,1.517182e-02,-2.375677e-02,-2.188309e-04,-6.702334e-03,-7.050851e-03,-3.128094e-02,2.731384e-02,-2.490674e-02,3.425712e-03,-3.156429e-03
32.240000,833,DS_interstep,4,4,5,-2.502045e-03,-2.662699e-02,1.525581e-02,-2.341659e-02,-5.514054e-04,-6.434770e-03,-6.363996e-03,-3.042927e-02,2.748051e-02,-2.460542e-02,3.084805e-03,-2.929934e-03
32.250000,834,DS_interstep,4,4,5,-2.049403e-03,-2.600462e-02,1.529677e-02,-2.304025e-02,-8.614659e-04,-6.166665e-03,-5.702545e-03,-2.955407e-02,2.756901e-02,-2.426212e-02,2.757603e-03,-2.708969e-03
32.260000,835,DS_interstep,4,4,5,-1.620279e-03,-2.535567e-02,1.529714e-02,-2.263042e-02,-1.149274e-03,-5.899200e-03,-5.067938e-03,-2.865865e-02,2.758333e-02,-2.387986e-02,2.444467e-03,-2.494388e-03
32.270000,836,DS_interstep,4,4,5,-1.215149e-03,-2.468261e-02,1.525930e-02,-2.218977e-02,-1.415156e-03,-5.633430e-03,-4.461331e-03,-2.774615e-02,2.752741e-02,-2.346161e-02,2.145670e-03,-2.286916e-03
32.280000,837,DS_interstep,4,4,5,-8.343191e-04,-2.398785e-02,1.518557e-02,-2.172086e-02,-1.659496e-03,-5.370294e-03,-3.883618e-03,-2.681961e-02,2.740518e-02,-2.301027e-02,1.861404e-03,-2.087153e-03
32.290000,838,DS_interstep,4,4,5,-4.779388e-04,-2.327377e-02,1.507823e-02,-2.122623e-02,-1.882731e-03,-5.110622e-03,-3.335453e-03,-2.588190e-02,2.722051e-02,-2.252864e-02,1.591784e-03,-1.895586e-03
32.300000,839,DS_interstep,4,4,5,-1.460188e-04,-2.254272e-02,1.493950e-02,-2.070833e-02,-2.085347e-03,-4.855143e-03,-2.817273e-03,-2.493576e-02,2.697721e-02,-2.201947e-02,1.336853e-03,-1.712600e-03
32.310000,840,DS_interstep,4,4,5,1.615578e-04,-2.179699e-02,1.477155e-02,-2.016956e-02,-2.267871e-03,-4.604493e-03,-2.329312e-03,-2.398381e-02,2.667904e-02,-2.148541e-02,1.096588e-03,-1.538486e-03
32.320000,841,SS,5,4,5,0.000000e+00,0.000000e+00,0.000000e+00,0.000000e+00,0.000000e+00,0.000000e+00,8.288901e-01,1.703237e-01,-3.130482e-02,-1.018263e-01,-4.026194e-01,7.162941e-02
32.420000,842,SS,5,4,5,0.000000e+00,0.000000e+00,0.000000e+00,0.000000e+00,0.000000e+00,0.000000e+00,1.287570e+00,1.928112e-01,-6.594154e-02,-7.380622e-02,-5.886077e-01,1.397119e-01
32.520000,843,SS,5,4,5,0.000000e+00,0.000000e+00,0.000000e+00,0.000000e+00,0.000000e+00,0.000000e+00,1.735128e+00,2.428376e-01,-6.796903e-02,-4.877485e-02,-7.498632e-01,1.765863e-01
32.620000,844,SS,5,4,5,0.000000e+00,0.000000e+00,0.000000e+00,0.000000e+00,0.000000e+00,0.000000e+00,2.150305e+00,2.840557e-01,-7.978493e-02,-2.766397e-02,-9.052577e-01,2.078437e-01
32.720000,845,SS,5,4,5,0.000000e+00,0.000000e+00,0.000000e+00,0.000000e+00,0.000000e+00,0.000000e+00,2.520697e+00,3.226669e-01,-8.910409e-02,-8.812717e-03,-1.042045e+00,2.338213e-01
32.820000,846,SS,5,4,5,0.000000e+00,0.000000e+00,0.000000e+00,0.000000e+00,0.000000e+00,0.000000e+00,2.846183e+00,3.544275e-01,-9.732862e-02,7.134225e-03,-1.161180e+00,2.574534e-01
32.920000,847,SS,5,4,5,0.000000e+00,0.000000e+00,0.000000e+00,0.000000e+00,0.000000e+00,0.000000e+00,3.140183e+00,3.796733e-01,-1.026254e-01,2.012703e-02,-1.268502e+00,2.811874e-01
33.020000,848,SS,5,4,5,0.000000e+00,0.000000e+00,0.000000e+00,0.000000e+00,0.000000e+00,0.000000e+00,3.396830e+00,3.979329e-01,-1.054347e-01,3.042665e-02,-1.361257e+00,3.044157e-01
33.120000,849,SS,5,4,5,0.000000e+00,0.000000e+00,0.000000e+00,0.000000e+00,0.000000e+00,0.000000e+00,3.607986e+00,4.098179e-01,-1.056531e-01,3.847247e-02,-1.435213e+00,3.256142e-01
33.220000,850,SS,5,4,5,0.000000e+00,0.000000e+00,0.000000e+00,0.000000e+00,0.000000e+00,0.000000e+00,3.775648e+00,4.151745e-01,-1.033493e-01,4.414270e-02,-1.491196e+00,3.448066e-01
33.320000,851,SS,5,4,5,0.000000e+00,0.000000e+00,0.000000e+00,0.000000e+00,0.000000e+00,0.000000e+00,3.903961e+00,4.139556e-01,-9.867080e-02,4.739699e-02,-1.531152e+00,3.623233e-01
33.420000,852,SS,5,4,5,0.000000e+00,0.000000e+00,0.000000e+00,0.000000e+00,0.000000e+00,0.000000e+00,4.008652e+00,4.060402e-01,-9.164585e-02,4.807047e-02,-1.562861e+00,3.800667e-01
33.520000,853,SS,5,4,5,0.000000e+00,0.000000e+00,0.000000e+00,0.000000e+00,0.000000e+00,0.000000e+00,4.071615e+00,3.928105e-01,-8.282645e-02,4.724202e-02,-1.577452e+00,3.950013e-01
33.620000,854,SS,5,4,5,0.000000e+00,0.000000e+00,0.000000e+00,0.000000e+00,0.000000e+00,0.000000e+00,4.095696e+00,3.749873e-01,-7.194532e-02,4.496852e-02,-1.575963e+00,4.069340e-01
33.720000,855,SS,5,4,5,0.000000e+00,0.000000e+00,0.000000e+00,0.000000e+00,0.000000e+00,0.000000e+00,4.083198e+00,3.527499e-01,-5.948237e-02,4.134336e-02,-1.559550e+00,4.158582e-01
33.820000,856,SS,5,4,5,0.000000e+00,0.000000e+00,0.000000e+00,0.000000e+00,0.000000e+00,0.000000e+00,4.047272e+00,3.261965e-01,-4.586792e-02,3.637604e-02,-1.534905e+00,4.231725e-01
33.920000,857,SS,5,4,5,0.000000e+00,0.000000e+00,0.000000e+00,0.000000e+00,0.000000e+00,0.000000e+00,4.027369e+00,3.168403e-01,-5.487608e-02,3.056618e-02,-1.563286e+00,3.153438e-01
34.020000,858,SS,5,4,5,0.000000e+00,0.000000e+00,0.000000e+00,0.000000e+00,0.000000e+00,0.000000e+00,3.952831e+00,2.936573e-01,-5.649964e-02,3.526853e-02,-1.567240e+00,2.371798e-01
34.120000,859,SS,5,4,5,0.000000e+00,0.000000e+00,0.000000e+00,0.000000e+00,0.000000e+00,0.000000e+00,3.843994e+00,2.656492e-01,-4.928136e-02,4.551660e-02,-1.548881e+00,1.822802e-01
34.220000,860,SS,5,4,5,0.000000e+00,0.000000e+00,0.000000e+00,0.000000e+00,0.000000e+00,0.000000e+00,3.713697e+00,2.357880e-01,-3.689873e-02,5.755519e-02,-1.515535e+00,1.406293e-01
34.320000,861,SS,5,4,5,0.000000e+00,0.000000e+00,0.000000e+00,0.000000e+00,0.000000e+00,0.000000e+00,3.574090e+00,2.042831e-01,-2.248321e-02,6.946373e-02,-1.475301e+00,1.077787e-01
34.420000,862,SS,5,4,5,0.000000e+00,0.000000e+00,0.000000e+00,0.000000e+00,0.000000e+00,0.000000e+00,3.414008e+00,1.723129e-01,-5.876917e-03,8.070263e-02,-1.422997e+00,7.968195e-02
34.520000,863,SS,5,4,5,0.000000e+00,0.000000e+00,0.000000e+00,0.000000e+00,0.000000e+00,0.000000e+00,3.234700e+00,1.398104e-01,1.302935e-02,9.052458e-02,-1.359537e+00,5.537415e-02
34.620000,864,SS,5,4,5,0.000000e+00,0.000000e+00,0.000000e+00,0.000000e+00,0.000000e+00,0.000000e+00,3.036990e+00,1.063351e-01,3.394457e-02,9.847048e-02,-1.285794e+00,3.425541e-02
34.720000,865,SS,5,4,5,0.000000e+00,0.000000e+00,0.000000e+00,0.000000e+00,0.000000e+00,0.000000e+00,2.828170e+00,7.151708e-02,5.614318e-02,1.044399e-01,-1.206141e+00,1.664400e-02
34.820000,866,SS,5,4,5,0.000000e+00,0.000000e+00,0.000000e+00,0.000000e+00,0.000000e+00,0.000000e+00,2.603904e+00,3.555816e-02,7.997582e-02,1.085255e-01,-1.118512e+00,1.661187e-03
34.920000,867,SS,5,4,5,0.000000e+00,0.000000e+00,0.000000e+00,0.000000e+00,0.000000e+00,0.000000e+00,2.362039e+00,-1.536743e-03,1.055388e-01,1.106411e-01,-1.021862e+00,-1.111796e-02
35.020000,868,SS,5,4,5,0.000000e+00,0.000000e+00,0.000000e+00,0.000000e+00,0.000000e+00,0.000000e+00,2.103665e+00,-3.995356e-02,1.322691e-01,1.107015e-01,-9.169893e-01,-2.168067e-02
35.120000,869,SS,5,4,5,0.000000e+00,0.000000e+00,0.000000e+00,0.000000e+00,0.000000e+00,0.000000e+00,1.830766e+00,-7.977354e-02,1.592025e-01,1.087250e-01,-8.051840e-01,-2.983684e-02
35.220000,870,SS,5,4,5,0.000000e+00,0.000000e+00,0.000000e+00,0.000000e+00,0.000000e+00,0.000000e+00,1.546201e+00,-1.209577e-01,1.849677e-01,1.048277e-01,-6.882233e-01,-3.530609e-02
35.320000,871,SS,5,4,5,0.000000e+00,0.000000e+00,0.000000e+00,0.000000e+00,0.000000e+00,0.000000e+00,1.247608e+00,-1.630709e-01,2.095366e-01,9.882733e-02,-5.646523e-01,-3.819987e-02
35.420000,872,SS,5,4,5,0.000000e+00,0.000000e+00,0.000000e+00,0.000000e+00,0.000000e+00,0.000000e+00,9.361423e-01,-2.059020e-01,2.316395e-01,9.048334e-02,-4.349826e-01,-3.826426e-02
35.520000,873,SS,5,4,5,0.000000e+00,0.000000e+00,0.000000e+00,0.000000e+00,0.000000e+00,0.000000e+00,6.129932e-01,-2.491745e-01,2.496092e-01,7.958670e-02,-2.997433e-01,-3.534015e-02
35.620000,874,SS,5,4,5,0.000000e+00,0.000000e+00,0.000000e+00,0.000000e+00,0.000000e+00,0.000000e+00,2.773098e-01,-2.926995e-01,2.606418e-01,6.599648e-02,-1.583120e-01,-2.956561e-02
35.720000,875,SS,5,4,5,0.000000e+00,0.000000e+00,0.000000e+00,0.000000e+00,0.000000e+00,0.000000e+00,-6.787564e-02,-3.354328e-01,2.646518e-01,4.928273e-02,-1.135321e-02,-2.041582e-02
35.820000,876,SS,5,4,5,0.000000e+00,0.000000e+00,0.000000e+00,0.000000e+00,0.000000e+00,0.000000e+00,-4.207147e-01,-3.765460e-01,2.607789e-01,2.896673e-02,1.410941e-01,-7.771066e-03
35.920000,877,SS,5,4,5,0.000000e+00,0.000000e+00,0.000000e+00,0.000000e+00,0.000000e+00,0.000000e+00,-7.804625e-01,-4.148245e-01,2.494778e-01,4.161878e-03,3.006830e-01,9.401877e-03
36.020000,878,SS,5,4,5,0.000000e+00,0.000000e+00,0.000000e+00,0.000000e+00,0.000000e+00,0.000000e+00,-1.150081e+00,-4.497036e-01,2.301833e-01,-2.672535e-02,4.717037e-01,3.292463e-02
36.120000,879,SS,5,4,5,0.000000e+00,0.000000e+00,0.000000e+00,0.000000e+00,0.000000e+00,0.000000e+00,-1.530277e+00,-4.817831e-01,1.958952e-01,-6.363712e-02,6.538461e-01,6.079179e-02
36.220000,880,SS,5,4,5,0.000000e+00,0.000000e+00,0.000000e+00,0.000000e+00,0.000000e+00,0.000000e+00,-1.905695e+00,-5.085386e-01,1.451956e-01,-1.034117e-01,8.362967e-01,8.831994e-02
36.320000,881,SS,5,4,5,0.000000e+00,0.000000e+00,0.000000e+00,0.000000e+00,0.000000e+00,0.000000e+00,-2.272954e+00,-5.269802e-01,8.411584e-02,-1.448316e-01,1.019172e+00,1.159270e-01
36.420000,882,SS,5,4,5,0.000000e+00,0.000000e+00,0.000000e+00,0.000000e+00,0.000000e+00,0.000000e+00,-2.628999e+00,-5.369421e-01,1.378556e-02,-1.865645e-01,1.201033e+00,1.429088e-01
36.520000,883,SS,5,4,5,0.000000e+00,0.000000e+00,0.000000e+00,0.000000e+00,0.000000e+00,0.000000e+00,-2.986534e+00,-5.392129e-01,-6.493077e-02,-2.287020e-01,1.389969e+00,1.680325e-01
36.620000,884,SS,5,4,5,0.000000e+00,0.000000e+00,0.000000e+00,0.000000e+00,0.000000e+00,0.000000e+00,-3.324817e+00,-5.327438e-01,-1.466699e-01,-2.678222e-01,1.572951e+00,1.903459e-01
36.720000,885,SS,5,4,5,0.000000e+00,0.000000e+00,0.000000e+00,0.000000e+00,0.000000e+00,0.000000e+00,-3.636094e+00,-5.174927e-01,-2.268819e-01,-3.006762e-01,1.743644e+00,2.084959e-01
36.820000,886,SS,5,4,5,0.000000e+00,0.000000e+00,0.000000e+00,0.000000e+00,0.000000e+00,0.000000e+00,-3.917912e+00,-4.938557e-01,-2.991456e-01,-3.253995e-01,1.899726e+00,2.227219e-01
36.920000,887,SS,5,4,5,0.000000e+00,0.000000e+00,0.000000e+00,0.000000e+00,0.000000e+00,0.000000e+00,-4.180169e+00,-4.648188e-01,-3.605042e-01,-3.426641e-01,2.046579e+00,2.330473e-01
37.020000,888,SS,5,4,5,0.000000e+00,0.000000e+00,0.000000e+00,0.000000e+00,0.000000e+00,0.000000e+00,-4.427385e+00,-4.331025e-01,-4.091007e-01,-3.523597e-01,2.185559e+00,2.389055e-01
37.120000,889,SS,5,4,5,0.000000e+00,0.000000e+00,0.000000e+00,0.000000e+00,0.000000e+00,0.000000e+00,-4.635458e+00,-3.982450e-01,-4.386001e-01,-3.511142e-01,2.300485e+00,2.413524e-01
37.220000,890,SS,5,4,5,0.000000e+00,0.000000e+00,0.000000e+00,0.000000e+00,0.000000e+00,0.000000e+00,-4.751855e+00,-3.585101e-01,-4.320035e-01,-3.271789e-01,2.331430e+00,1.828448e-01
37.320000,891,SS,5,4,5,0.000000e+00,0.000000e+00,0.000000e+00,0.000000e+00,0.000000e+00,0.000000e+00,-4.750046e+00,-3.180360e-01,-3.675791e-01,-2.627111e-01,2.232830e+00,3.379089e-02
37.420000,892,SS,5,4,5,0.000000e+00,0.000000e+00,0.000000e+00,0.000000e+00,0.000000e+00,0.000000e+00,-4.773026e+00,-2.881011e-01,-3.064929e-01,-1.947436e-01,2.157454e+00,-7.918861e-02
37.520000,893,SS,5,4,5,0.000000e+00,0.000000e+00,0.000000e+00,0.000000e+00,0.000000e+00,0.000000e+00,-4.754097e+00,-2.572113e-01,-2.374556e-01,-1.293946e-01,2.069324e+00,-1.703584e-01
37.620000,894,SS,5,4,5,0.000000e+00,0.000000e+00,0.000000e+00,0.000000e+00,0.000000e+00,0.000000e+00,-4.688850e+00,-2.288754e-01,-1.727019e-01,-7.195005e-02,1.968062e+00,-2.457730e-01
37.720000,895,SS,5,4,5,0.000000e+00,0.000000e+00,0.000000e+00,0.000000e+00,0.000000e+00,0.000000e+00,-4.576507e+00,-2.018155e-01,-1.151863e-01,-2.392247e-02,1.854172e+00,-3.076522e-01
37.820000,896,SS,5,4,5,0.000000e+00,0.000000e+00,0.000000e+00,0.000000e+00,0.000000e+00,0.000000e+00,-4.444907e+00,-1.830130e-01,-6.880777e-02,8.624896e-03,1.746933e+00,-3.577013e-01
37.920000,897,SS,5,4,5,0.000000e+00,0.000000e+00,0.000000e+00,0.000000e+00,0.000000e+00,0.000000e+00,-4.300503e+00,-1.731562e-01,-3.316045e-02,2.504616e-02,1.651306e+00,-3.965053e-01
38.020000,898,SS,5,4,5,0.000000e+00,0.000000e+00,0.000000e+00,0.000000e+00,0.000000e+00,0.000000e+00,-4.103782e+00,-1.601530e-01,-4.209546e-03,3.452985e-02,1.541351e+00,-4.227771e-01
38.120000,899,SS,5,4,5,0.000000e+00,0.000000e+00,0.000000e+00,0.000000e+00,0.000000e+00,0.000000e+00,-3.858580e+00,-1.443001e-01,1.689017e-02,3.837805e-02,1.418912e+00,-4.365640e-01
38.220000,900,SS,5,4,5,0.000000e+00,0.000000e+00,0.000000e+00,0.000000e+00,0.000000e+00,0.000000e+00,-3.566785e+00,-1.249904e-01,3.091926e-02,3.796977e-02,1.284630e+00,-4.380186e-01
38.320000,901,SS,5,4,5,0.000000e+00,0.000000e+00,0.000000e+00,0.000000e+00,0.000000e+00,0.000000e+00,-3.251814e+00,-1.127304e-01,3.767609e-02,2.826437e-02,1.154193e+00,-4.294814e-01
38.420000,902,SS,5,4,5,0.000000e+00,0.000000e+00,0.000000e+00,0.000000e+00,0.000000e+00,0.000000e+00,-2.890470e+00,-9.512013e-02,4.172501e-02,1.673229e-02,1.011824e+00,-4.093169e-01
38.520000,903,SS,5,4,5,0.000000e+00,0.000000e+00,0.000000e+00,0.000000e+00,0.000000e+00,0.000000e+00,-2.483254e+00,-7.238875e-02,4.259496e-02,4.661186e-03,8.571960e-01,-3.780540e-01
38.620000,904,SS,5,4,5,0.000000e+00,0.000000e+00,0.000000e+00,0.000000e+00,0.000000e+00,0.000000e+00,-2.030497e+00,-4.458233e-02,4.174827e-02,-7.392631e-03,6.902267e-01,-3.362941e-01
38.720000,905,SS,5,4,5,0.000000e+00,0.000000e+00,0.000000e+00,0.000000e+00,0.000000e+00,0.000000e+00,-1.532455e+00,-1.215068e-02,3.980031e-02,-1.899319e-02,5.108546e-01,-2.847645e-01
38.820000,906,SS,5,4,5,0.000000e+00,0.000000e+00,0.000000e+00,0.000000e+00,0.000000e+00,0.000000e+00,-9.889499e-01,2.449413e-02,3.763559e-02,-2.994261e-02,3.189008e-01,-2.241709e-01
38.920000,907,SS,5,4,5,0.000000e+00,0.000000e+00,0.000000e+00,0.000000e+00,0.000000e+00,0.000000e+00,-3.997388e-01,6.483751e-02,3.706672e-02,-4.066723e-02,1.145406e-01,-1.551535e-01
39.020000,908,SS,5,4,5,0.000000e+00,0.000000e+00,0.000000e+00,0.000000e+00,0.000000e+00,0.000000e+00,-2.532096e-01,1.120238e-01,7.845755e-02,3.349075e-02,6.176585e-02,-1.249543e-01
39.120000,909,SS,5,4,5,0.000000e+00,0.000000e+00,0.000000e+00,0.000000e+00,0.000000e+00,0.000000e+00,-1.754044e-01,1.342276e-01,8.529058e-02,6.893508e-02,2.360289e-02,-1.152340e-01
39.220000,910,SS,5,4,5,0.000000e+00,0.000000e+00,0.000000e+00,0.000000e+00,0.000000e+00,0.000000e+00,-1.055897e-01,1.427252e-01,8.483629e-02,8.134222e-02,-1.040391e-02,-1.080041e-01
39.320000,911,SS,5,4,5,0.000000e+00,0.000000e+00,0.000000e+00,0.000000e+00,0.000000e+00,0.000000e+00,-4.064849e-02,1.464179e-01,7.952483e-02,8.555708e-02,-4.319543e-02,-1.008877e-01
39.420000,912,DS_terminal,5,5,5,-2.127476e-01,-7.887406e-01,4.217576e-01,-7.515644e-01,1.744065e-01,-2.513148e-01,-3.486716e-01,-2.949013e-01,3.183564e-01,-1.681029e-01,-5.511693e-02,-1.977914e-01
39.520000,913,DS_terminal,5,5,5,1.946103e-01,2.575887e-01,-9.087076e-03,2.422069e-01,-2.368326e-01,4.287675e-02,1.993753e-01,1.531935e-01,-3.678520e-03,2.007375e-02,-3.964532e-02,3.153651e-02
39.620000,914,DS_terminal,5,5,5,2.483881e-01,2.705783e-01,-3.374021e-02,2.266084e-01,-2.134217e-01,9.110361e-02,3.010601e-01,1.878154e-01,-2.183682e-02,5.905539e-02,-9.777728e-02,1.071600e-01
39.720000,915,DS_terminal,5,5,5,2.229846e-01,1.866205e-01,-1.282077e-02,1.149769e-01,-1.485745e-01,7.162577e-02,2.748839e-01,2.039051e-01,-5.566308e-02,1.186681e-01,-1.274861e-01,9.928856e-02
39.820000,916,DS_terminal,5,5,5,2.107423e-01,1.487632e-01,-1.818695e-02,1.003354e-01,-1.458914e-01,6.096611e-02,2.399734e-01,1.613702e-01,-4.262522e-02,9.505827e-02,-1.112768e-01,8.382613e-02
39.920000,917,DS_terminal,5,5,5,1.925760e-01,1.243451e-01,-2.574317e-02,9.587478e-02,-1.411066e-01,5.023951e-02,2.033272e-01,1.275854e-01,-3.057346e-02,7.275757e-02,-9.249810e-02,6.826551e-02
40.020000,918,DS_terminal,5,5,5,1.662552e-01,9.422210e-02,-2.510442e-02,8.046103e-02,-1.271301e-01,3.257837e-02,1.515663e-01,9.553697e-02,-2.431983e-02,5.462247e-02,-7.321941e-02,4.602612e-02
40.120000,919,DS_terminal,5,5,5,1.381174e-01,6.641345e-02,-2.226672e-02,6.351163e-02,-1.119600e-01,1.557407e-02,1.040791e-01,6.953304e-02,-1.932552e-02,4.083105e-02,-5.633917e-02,2.468620e-02
40.220000,920,DS_terminal,5,5,5,1.140578e-01,4.641867e-02,-2.028453e-02,5.071321e-02,-9.907083e-02,3.778639e-03,6.957446e-02,5.080237e-02,-1.525902e-02,3.053360e-02,-4.277519e-02,9.471497e-03
40.320000,921,DS_terminal,5,5,5,9.863958e-02,3.361046e-02,-1.855275e-02,4.109209e-02,-8.903742e-02,-1.463453e-03,4.970501e-02,3.828929e-02,-1.251996e-02,2.317534e-02,-3.397852e-02,3.039833e-03
40.420000,922,DS_terminal,5,5,5,1.087951e-01,3.092253e-02,-1.548026e-02,3.350386e-02,-8.725031e-02,8.752685e-03,6.365503e-02,3.489012e-02,-8.052157e-03,1.874753e-02,-3.842133e-02,1.982263e-02
40.520000,923,DS_terminal,5,5,5,1.489404e-01,3.939529e-02,-9.926060e-03,2.698657e-02,-9.497243e-02,3.793026e-02,1.184175e-01,4.138609e-02,3.977206e-04,1.628616e-02,-5.831510e-02,6.530683e-02
40.620000,924,DS_terminal,5,5,5,1.417275e-01,3.587511e-02,-9.354560e-03,2.303628e-02,-8.797085e-02,3.890326e-02,1.146285e-01,3.724227e-02,2.567634e-05,1.408735e-02,-5.495182e-02,6.611760e-02
40.720000,925,DS_terminal,5,5,5,1.280573e-01,3.083800e-02,-9.275228e-03,1.956494e-02,-7.911074e-02,3.546791e-02,1.032572e-01,3.235134e-02,-1.135822e-03,1.245460e-02,-4.939124e-02,6.030340e-02
40.820000,926,DS_terminal,5,5,5,1.124939e-01,2.591133e-02,-9.394766e-03,1.688668e-02,-7.037803e-02,3.068971e-02,9.027419e-02,2.766312e-02,-1.874479e-03,1.092710e-02,-4.333409e-02,5.224029e-02
40.920000,927,DS_terminal,5,5,5,9.682043e-02,2.130666e-02,-9.395715e-03,1.468825e-02,-6.207570e-02,2.549459e-02,7.688828e-02,2.316734e-02,-2.287648e-03,9.331822e-03,-3.728555e-02,4.345882e-02
41.020000,928,DS_terminal,5,5,5,8.150039e-02,1.693681e-02,-9.155406e-03,1.270435e-02,-5.420924e-02,2.008819e-02,6.339741e-02,1.884607e-02,-2.531107e-03,7.693916e-03,-3.137318e-02,3.444549e-02
41.120000,929,DS_terminal,5,5,5,6.631681e-02,1.282451e-02,-8.826578e-03,1.096998e-02,-4.664339e-02,1.442792e-02,4.963449e-02,1.477066e-02,-2.854754e-03,6.170502e-03,-2.543168e-02,2.514095e-02
41.220000,930,DS_terminal,5,5,5,5.111612e-02,9.101610e-03,-8.581247e-03,9.584520e-03,-3.924971e-02,8.557276e-03,3.554179e-02,1.107818e-02,-3.473535e-03,4.922544e-03,-1.933120e-02,1.556010e-02
41.320000,931,DS_terminal,5,5,5,3.632166e-02,6.065041e-03,-8.493551e-03,8.613620e-03,-3.207087e-02,2.859026e-03,2.175285e-02,8.047886e-03,-4.447392e-03,4.086840e-03,-1.325177e-02,6.243656e-03
41.420000,932,DS_terminal,5,5,5,2.413018e-02,4.312167e-03,-8.425408e-03,8.026792e-03,-2.577824e-02,-1.375576e-03,1.089668e-02,6.215666e-03,-5.463587e-03,3.732282e-03,-8.262138e-03,-8.202992e-04
41.520000,933,DS_terminal,5,5,5,1.748582e-02,4.156014e-03,-8.129301e-03,7.652606e-03,-2.142776e-02,-2.706567e-03,6.169887e-03,5.837634e-03,-5.986341e-03,3.750363e-03,-5.798891e-03,-3.335274e-03
41.620000,934,DS_terminal,5,5,5,1.464298e-02,4.887404e-03,-7.769692e-03,7.442246e-03,-1.849606e-02,-2.232745e-03,5.391921e-03,6.292616e-03,-6.225750e-03,4.034550e-03,-5.039528e-03,-2.982370e-03
41.720000,935,DS_terminal,5,5,5,1.272070e-02,5.890434e-03,-7.563002e-03,7.437284e-03,-1.603093e-02,-1.476182e-03,5.333381e-03,7.058626e-03,-6.556182e-03,4.544453e-03,-4.619198e-03,-2.158159e-03
41.820000,936,DS_terminal,5,5,5,1.103008e-02,7.009767e-03,-7.502220e-03,7.611921e-03,-1.383157e-02,-7.811827e-04,5.267727e-03,7.986258e-03,-7.001826e-03,5.205878e-03,-4.219986e-03,-1.412318e-03
41.920000,937,DS_terminal,5,5,5,9.509551e-03,8.178161e-03,-7.538967e-03,7.918784e-03,-1.189357e-02,-1.798160e-04,5.142866e-03,8.995797e-03,-7.525140e-03,5.950721e-03,-3.822632e-03,-7.940114e-04
42.020000,938,DS_terminal,5,5,5,8.178042e-03,9.314774e-03,-7.631025e-03,8.304638e-03,-1.023023e-02,3.252723e-04,4.980848e-03,9.998173e-03,-8.087717e-03,6.717751e-03,-3.444735e-03,-2.983992e-04
42.120000,939,DS_terminal,5,5,5,7.065272e-03,1.030723e-02,-7.733057e-03,8.701643e-03,-8.855039e-03,7.262152e-04,4.800133e-03,1.087608e-02,-8.636308e-03,7.433530e-03,-3.104666e-03,7.796851e-05
42.220000,940,DS_terminal,5,5,5,6.188787e-03,1.102005e-02,-7.786968e-03,9.022609e-03,-7.771666e-03,1.006136e-03,4.599437e-03,1.149215e-02,-9.096170e-03,8.007353e-03,-2.814559e-03,3.290732e-04
42.320000,941,DS_terminal,5,5,5,5.547497e-03,1.133355e-02,-7.730365e-03,9.177961e-03,-6.966635e-03,1.151140e-03,4.370395e-03,1.172678e-02,-9.385299e-03,8.350523e-03,-2.582298e-03,4.509813e-04
42.420000,942,DS_terminal,5,5,5,5.122259e-03,1.118540e-02,-7.519718e-03,9.105294e-03,-6.406507e-03,1.162126e-03,4.110956e-03,1.151786e-02,-9.443907e-03,8.406987e-03,-2.411543e-03,4.525384e-04
42.520000,943,DS_terminal,5,5,5,4.878222e-03,1.058816e-02,-7.147113e-03,8.788750e-03,-6.041697e-03,1.056711e-03,3.826596e-03,1.087689e-02,-9.256210e-03,8.171744e-03,-2.298538e-03,3.553794e-04
42.620000,944,DS_terminal,5,5,5,4.769901e-03,9.617593e-03,-6.638028e-03,8.256914e-03,-5.815785e-03,8.632751e-04,3.525029e-03,9.877120e-03,-8.850269e-03,7.686145e-03,-2.230918e-03,1.872700e-04
42.720000,945,DS_terminal,5,5,5,4.749369e-03,8.383122e-03,-6.036033e-03,7.565015e-03,-5.675659e-03,6.129046e-04,3.212427e-03,8.624483e-03,-8.280871e-03,7.017521e-03,-2.191132e-03,-2.466109e-05
42.820000,946,DS_terminal,5,5,5,4.774256e-03,6.996909e-03,-5.386639e-03,6.774373e-03,-5.578301e-03,3.332507e-04,2.892928e-03,7.227648e-03,-7.609009e-03,6.237147e-03,-2.161808e-03,-2.578861e-04
42.920000,947,DS_terminal,5,5,5,4.812277e-03,5.553558e-03,-4.727459e-03,5.938428e-03,-5.493030e-03,4.569606e-05,2.569644e-03,5.778364e-03,-6.887807e-03,5.405843e-03,-2.129545e-03,-4.956182e-04
43.020000,948,DS_terminal,5,5,5,4.866138e-03,3.986203e-03,-4.026591e-03,5.018102e-03,-5.435505e-03,-2.772399e-04,2.203998e-03,4.215669e-03,-6.063646e-03,4.477814e-03,-2.094204e-03,-7.674399e-04
43.120000,949,DS_terminal,5,5,5,5.184011e-03,1.641334e-03,-2.992036e-03,3.613027e-03,-5.607575e-03,-7.366155e-04,1.863495e-03,1.907713e-03,-4.664945e-03,2.993260e-03,-2.199340e-03,-1.126377e-03
43.220000,950,DS_terminal,5,5,5,5.492583e-03,-6.018803e-04,-1.984473e-03,2.234049e-03,-5.758799e-03,-1.144413e-03,1.589852e-03,-3.000338e-04,-3.262729e-03,1.534962e-03,-2.316455e-03,-1.425901e-03
43.320000,951,DS_terminal,5,5,5,5.716770e-03,-2.616643e-03,-1.062889e-03,9.660859e-04,-5.845163e-03,-1.503325e-03,1.313890e-03,-2.281811e-03,-1.957185e-03,1.998784e-04,-2.398265e-03,-1.687007e-03
43.420000,952,DS_terminal,5,5,5,5.861181e-03,-4.380684e-03,-2.348061e-04,-1.737004e-04,-5.871575e-03,-1.811262e-03,1.041236e-03,-4.015740e-03,-7.652118e-04,-9.945875e-04,-2.446186e-03,-1.908788e-03
43.520000,953,DS_terminal,5,5,5,5.939799e-03,-5.908041e-03,5.062627e-04,-1.191456e-03,-5.848542e-03,-2.069174e-03,7.821470e-04,-5.515827e-03,3.202654e-04,-2.056469e-03,-2.468318e-03,-2.090237e-03
43.620000,954,DS_terminal,5,5,5,5.960179e-03,-7.213841e-03,1.165827e-03,-2.093776e-03,-5.782586e-03,-2.279738e-03,5.395747e-04,-6.797196e-03,1.304772e-03,-2.993507e-03,-2.469549e-03,-2.232971e-03
43.720000,955,DS_terminal,5,5,5,5.929098e-03,-8.311560e-03,1.748518e-03,-2.886129e-03,-5.679537e-03,-2.445766e-03,3.154537e-04,-7.873316e-03,2.192404e-03,-3.812095e-03,-2.453690e-03,-2.339034e-03
43.820000,956,DS_terminal,5,5,5,5.854405e-03,-9.214046e-03,2.258814e-03,-3.573632e-03,-5.545631e-03,-2.569794e-03,1.127718e-04,-8.757007e-03,2.987127e-03,-4.518326e-03,-2.424578e-03,-2.410139e-03
43.920000,957,DS_terminal,5,5,5,5.743765e-03,-9.934370e-03,2.701195e-03,-4.161642e-03,-5.386792e-03,-2.654343e-03,-6.562460e-05,-9.461315e-03,3.693049e-03,-5.118486e-03,-2.385825e-03,-2.447993e-03
44.020000,958,DS_terminal,5,5,5,5.603698e-03,-1.048613e-02,3.080157e-03,-4.656006e-03,-5.208061e-03,-2.702194e-03,-2.181543e-04,-9.999803e-03,4.314540e-03,-5.619226e-03,-2.340351e-03,-2.454679e-03
44.120000,959,DS_terminal,5,5,5,5.439796e-03,-1.088319e-02,3.400162e-03,-5.062892e-03,-5.013749e-03,-2.716337e-03,-3.443062e-04,-1.038625e-02,4.856152e-03,-6.027410e-03,-2.290418e-03,-2.432599e-03
44.220000,960,DS_terminal,5,5,5,5.257181e-03,-1.113923e-02,3.665557e-03,-5.388511e-03,-4.807733e-03,-2.699795e-03,-4.440359e-04,-1.063426e-02,5.322459e-03,-6.349883e-03,-2.237882e-03,-2.384250e-03
44.320000,961,DS_terminal,5,5,5,5.060582e-03,-1.126763e-02,3.880556e-03,-5.639026e-03,-4.593525e-03,-2.655544e-03,-5.175788e-04,-1.075711e-02,5.718003e-03,-6.593386e-03,-2.184319e-03,-2.312125e-03
44.420000,962,DS_terminal,5,5,5,4.854221e-03,-1.128144e-02,4.049244e-03,-5.820561e-03,-4.374223e-03,-2.586519e-03,-5.655385e-04,-1.076775e-02,6.047311e-03,-6.764566e-03,-2.131000e-03,-2.218731e-03
44.520000,963,DS_terminal,5,5,5,4.641790e-03,-1.119333e-02,4.175568e-03,-5.939175e-03,-4.152502e-03,-2.495617e-03,-5.889045e-04,-1.067871e-02,6.314887e-03,-6.869948e-03,-2.078899e-03,-2.106582e-03
44.620000,964,DS_terminal,5,5,5,4.426512e-03,-1.101548e-02,4.263322e-03,-6.000805e-03,-3.930672e-03,-2.385660e-03,-5.889578e-04,-1.050208e-02,6.525179e-03,-6.915884e-03,-2.028734e-03,-1.978169e-03
44.720000,965,DS_terminal,5,5,5,4.211201e-03,-1.075954e-02,4.316140e-03,-6.011212e-03,-3.710722e-03,-2.259368e-03,-5.671798e-04,-1.024934e-02,6.682547e-03,-6.908507e-03,-1.981026e-03,-1.835915e-03
44.820000,966,DS_terminal,5,5,5,3.998283e-03,-1.043655e-02,4.337485e-03,-5.975953e-03,-3.494350e-03,-2.119339e-03,-5.252045e-04,-9.931410e-03,6.791248e-03,-6.853709e-03,-1.936126e-03,-1.682156e-03
44.920000,967,DS_terminal,5,5,5,3.789818e-03,-1.005693e-02,4.330653e-03,-5.900357e-03,-3.282980e-03,-1.968043e-03,-4.647871e-04,-9.558559e-03,6.855424e-03,-6.757117e-03,-1.894238e-03,-1.519128e-03
45.020000,968,DS_terminal,5,5,5,3.587527e-03,-9.630441e-03,4.298764e-03,-5.789506e-03,-3.077791e-03,-1.807808e-03,-3.877679e-04,-9.140404e-03,6.879089e-03,-6.624081e-03,-1.855448e-03,-1.348955e-03
45.120000,969,DS_terminal,5,5,5,3.392821e-03,-9.166178e-03,4.244767e-03,-5.648217e-03,-2.879739e-03,-1.640816e-03,-2.960345e-04,-8.685892e-03,6.866118e-03,-6.459658e-03,-1.819739e-03,-1.173637e-03
45.220000,970,DS_terminal,5,5,5,3.206829e-03,-8.672556e-03,4.171436e-03,-5.481029e-03,-2.689584e-03,-1.469093e-03,-1.914893e-04,-8.203292e-03,6.820234e-03,-6.268600e-03,-1.787022e-03,-9.950411e-04
45.320000,971,DS_terminal,5,5,5,3.030428e-03,-8.157310e-03,4.081374e-03,-5.292198e-03,-2.507907e-03,-1.294511e-03,-7.602408e-05,-7.700189e-03,6.745003e-03,-6.055354e-03,-1.757143e-03,-8.148948e-04
45.420000,972,DS_terminal,5,5,5,2.864260e-03,-7.627499e-03,3.977011e-03,-5.085687e-03,-2.335136e-03,-1.118781e-03,4.850222e-05,-7.183501e-03,6.643828e-03,-5.824053e-03,-1.729907e-03,-6.347855e-04
45.520000,973,DS_terminal,5,5,5,2.708940e-03,-7.089747e-03,3.860672e-03,-4.865273e-03,-2.171660e-03,-9.434533e-04,1.804462e-04,-6.659716e-03,6.520015e-03,-5.578645e-03,-1.705182e-03,-4.561196e-04
45.620000,974,DS_terminal,5,5,5,2.578428e-03,-6.567330e-03,3.737757e-03,-4.641655e-03,-2.025673e-03,-7.695832e-04,3.305662e-04,-6.152629e-03,6.380086e-03,-5.330939e-03,-1.689795e-03,-2.775548e-04
45.720000,975,DS_terminal,5,5,5,2.480917e-03,-6.078601e-03,3.606903e-03,-4.419317e-03,-1.901708e-03,-5.996534e-04,5.029395e-04,-5.681591e-03,6.218540e-03,-5.085115e-03,-1.686109e-03,-1.008438e-04
45.820000,976,DS_terminal,5,5,5,2.390685e-03,-5.602583e-03,3.450609e-03,-4.179873e-03,-1.784035e-03,-4.402775e-04,6.659960e-04,-5.225884e-03,6.005287e-03,-4.818357e-03,-1.674637e-03,6.100890e-05
45.920000,977,DS_terminal,5,5,5,2.277714e-03,-5.118942e-03,3.253195e-03,-3.906627e-03,-1.654877e-03,-3.013695e-04,7.787763e-04,-4.764557e-03,5.713927e-03,-4.509404e-03,-1.630970e-03,1.906380e-04
46.020000,978,DS_terminal,5,5,5,2.122850e-03,-4.635112e-03,3.013493e-03,-3.601908e-03,-1.505037e-03,-1.959773e-04,8.050653e-04,-4.303413e-03,5.342142e-03,-4.158829e-03,-1.538403e-03,2.701870e-04
46.120000,979,DS_terminal,5,5,5,1.912704e-03,-4.163428e-03,2.749905e-03,-3.283295e-03,-1.331604e-03,-1.332614e-04,7.197958e-04,-3.851486e-03,4.921807e-03,-3.786303e-03,-1.391411e-03,2.892444e-04
46.220000,980,DS_terminal,5,5,5,2.028855e-03,-3.315651e-03,2.662907e-03,-2.959934e-03,-1.305923e-03,2.732027e-04,1.447399e-03,-3.043336e-03,4.803333e-03,-3.462408e-03,-1.597475e-03,7.715602e-04
46.320000,981,DS_terminal,5,5,5,1.955135e-03,-2.358959e-03,2.354303e-03,-2.451518e-03,-1.148664e-03,5.988710e-04,1.911959e-03,-2.139270e-03,4.301911e-03,-2.905940e-03,-1.620878e-03,1.114030e-03
46.420000,982,DS_terminal,5,5,5,1.719636e-03,-1.483669e-03,1.903718e-03,-1.874182e-03,-9.052817e-04,7.890006e-04,2.038508e-03,-1.314004e-03,3.556203e-03,-2.244346e-03,-1.462792e-03,1.263432e-03
46.520000,983,DS_terminal,5,5,5,1.403747e-03,-8.206110e-04,1.423385e-03,-1.346500e-03,-6.414435e-04,8.454658e-04,1.880716e-03,-6.871321e-04,2.765784e-03,-1.619141e-03,-1.190495e-03,1.241050e-03
46.620000,984,DS_terminal,5,5,5,1.068822e-03,-3.830520e-04,9.907015e-04,-9.245122e-04,-3.994022e-04,8.048573e-04,1.553123e-03,-2.683741e-04,2.069745e-03,-1.105892e-03,-8.790182e-04,1.104986e-03
46.720000,985,DS_terminal,5,5,5,7.513362e-04,-1.359598e-04,6.430809e-04,-6.210715e-04,-2.002898e-04,7.055164e-04,1.156689e-03,-2.408423e-05,1.529312e-03,-7.276620e-04,-5.791142e-04,9.095297e-04
46.820000,986,DS_terminal,5,5,5,4.725718e-04,-3.163906e-05,3.897307e-04,-4.260109e-04,-5.170323e-05,5.787804e-04,7.637519e-04,8.981436e-05,1.152793e-03,-4.770700e-04,-3.189388e-04,6.967466e-04
46.920000,987,DS_terminal,5,5,5,2.470055e-04,-2.516144e-05,2.236910e-04,-3.195398e-04,4.549790e-05,4.469267e-04,4.242014e-04,1.143070e-04,9.221735e-04,-3.332667e-04,-1.126650e-04,5.002150e-04
47.020000,988,DS_terminal,5,5,5,1.714859e-04,-9.032262e-05,1.545629e-04,-3.012061e-04,5.739461e-05,3.499134e-04,2.689695e-04,7.283404e-05,8.501424e-04,-2.955788e-04,-1.351039e-05,4.236824e-04
47.120000,989,DS_terminal,5,5,5,6.768828e-04,-2.962600e-04,2.400734e-04,-4.455654e-04,-1.632693e-04,4.376863e-04,6.868854e-04,-1.096907e-04,1.081445e-03,-4.450113e-04,-2.340663e-04,7.718554e-04
47.220000,990,DS_terminal,5,5,5,8.518199e-04,-4.574980e-04,3.144293e-04,-5.492029e-04,-2.879586e-04,3.768876e-04,8.642943e-04,-2.439650e-04,1.227136e-03,-5.612681e-04,-3.150720e-04,9.323095e-04
47.320000,991,DS_terminal,5,5,5,-1.110442e-03,-9.752347e-04,6.079878e-05,-4.793743e-04,3.939310e-04,-6.134399e-04,-1.723913e-03,-7.095138e-04,8.803752e-04,-5.336529e-04,7.063709e-04,-1.040114e-03
47.420000,992,DS_terminal,5,5,5,9.196715e-04,-3.356950e-04,1.820308e-04,-4.449317e-04,-2.760715e-04,5.290372e-04,7.274742e-04,-1.050175e-04,1.153577e-03,-4.124986e-04,-3.072634e-04,7.983797e-04
47.520000,993,DS_terminal,5,5,5,-1.203366e-03,-1.490596e-03,6.101797e-04,-9.585535e-04,1.704774e-04,-8.923499e-04,-1.923778e-03,-1.168556e-03,1.554493e-03,-1.112111e-03,6.257249e-04,-1.245971e-03
47.620000,994,DS_terminal,5,5,5,7.686291e-04,-1.805988e-04,2.190802e-04,-3.947762e-04,-2.665274e-04,5.113611e-04,6.197286e-04,3.869963e-05,1.101905e-03,-3.768221e-04,-2.502081e-04,7.029041e-04
47.720000,995,DS_terminal,5,5,5,-1.168372e-03,-1.452140e-03,7.190925e-04,-1.004333e-03,1.103169e-04,-8.798371e-04,-1.868491e-03,-1.128457e-03,1.616241e-03,-1.162747e-03,5.754524e-04,-1.216372e-03
47.820000,996,DS_terminal,5,5,5,8.044398e-04,-1.208047e-04,2.682983e-04,-3.918289e-04,-3.178646e-04,5.232539e-04,7.047345e-04,9.417936e-05,1.103059e-03,-3.827710e-04,-2.935130e-04,7.431222e-04
47.920000,997,DS_terminal,5,5,5,-1.160080e-03,-1.202597e-03,5.901374e-04,-8.335846e-04,1.286559e-04,-8.040788e-04,-1.766304e-03,-8.942607e-04,1.410898e-03,-9.767492e-04,5.836412e-04,-1.147454e-03
48.020000,998,DS_terminal,5,5,5,8.340107e-04,-8.708744e-05,2.789629e-04,-3.778165e-04,-3.516433e-04,5.233541e-04,7.629789e-04,1.257360e-04,1.095447e-03,-3.780509e-04,-3.220671e-04,7.722256e-04
48.120000,999,DS_terminal,5,5,5,-1.124070e-03,-9.944130e-04,4.605286e-04,-6.808475e-04,1.388144e-04,-7.325520e-04,-1.651089e-03,-6.967338e-04,1.237066e-03,-8.104499e-04,5.830995e-04,-1.062154e-03
48.220000,1000,DS_terminal,5,5,5,8.329952e-04,-5.816057e-05,2.660046e-04,-3.542836e-04,-3.666849e-04,5.118778e-04,7.796022e-04,1.569627e-04,1.078608e-03,-3.599627e-04,-3.273901e-04,7.777923e-04
48.320000,1001,DS_terminal,5,5,5,-1.079260e-03,-8.976454e-04,4.040912e-04,-6.125321e-04,1.267962e-04,-6.911288e-04,-1.569968e-03,-6.026246e-04,1.175276e-03,-7.390378e-04,5.648333e-04,-1.006158e-03
48.420000,1002,DS_terminal,5,5,5,8.339050e-04,-3.927484e-05,2.615350e-04,-3.409917e-04,-3.831476e-04,4.982700e-04,7.970822e-04,1.800804e-04,1.080261e-03,-3.529504e-04,-3.351591e-04,7.883863e-04
48.520000,1003,DS_terminal,5,5,5,-1.040761e-03,-8.522085e-04,3.912478e-04,-5.886315e-04,1.059902e-04,-6.676532e-04,-1.514230e-03,-5.557419e-04,1.172089e-03,-7.173029e-04,5.405750e-04,-9.693191e-04
48.620000,1004,DS_terminal,5,5,5,8.333689e-04,-2.737582e-05,2.591862e-04,-3.317204e-04,-3.976010e-04,4.767263e-04,8.145753e-04,1.970101e-04,1.087190e-03,-3.505240e-04,-3.433618e-04,8.060525e-04
48.720000,1005,DS_terminal,5,5,5,-1.007488e-03,-8.279335e-04,3.973057e-04,-5.833830e-04,8.412115e-05,-6.519676e-04,-1.471966e-03,-5.292201e-04,1.192470e-03,-7.166500e-04,5.143824e-04,-9.419008e-04
48.820000,1006,DS_terminal,5,5,5,8.018440e-04,-1.619622e-05,2.429021e-04,-3.123601e-04,-3.986369e-04,4.236153e-04,8.157201e-04,2.152215e-04,1.076646e-03,-3.386962e-04,-3.367879e-04,8.252261e-04
48.920000,1007,DS_terminal,5,5,5,-9.768632e-04,-8.102733e-04,4.072493e-04,-5.828351e-04,6.469074e-05,-6.377017e-04,-1.433773e-03,-5.099703e-04,1.217817e-03,-7.214542e-04,4.880961e-04,-9.177521e-04
49.020000,1008,DS_terminal,5,5,5,6.029378e-04,-1.663924e-05,2.380568e-04,-2.899487e-04,-3.754708e-04,1.981340e-04,7.533987e-04,2.403151e-04,1.056650e-03,-3.373374e-04,-2.710860e-04,8.483565e-04
49.120000,1009,DS_terminal,5,5,5,-9.467084e-04,-7.867375e-04,4.028867e-04,-5.723918e-04,5.135108e-05,-6.208237e-04,-1.391088e-03,-4.853246e-04,1.228849e-03,-7.142394e-04,4.648500e-04,-8.898565e-04
49.220000,1010,DS_terminal,5,5,5,-9.536582e-04,-7.787066e-04,4.030891e-04,-5.530599e-04,5.904102e-06,-8.777429e-04,-1.103537e-03,-4.491766e-04,1.213205e-03,-7.208721e-04,4.204464e-04,-5.277060e-04
49.320000,1011,DS_terminal,5,5,5,-9.522514e-04,-8.424073e-04,3.769627e-04,-5.637209e-04,2.977186e-05,-8.258976e-04,-1.219464e-03,-5.202841e-04,1.222709e-03,-7.294097e-04,4.342064e-04,-6.649214e-04
49.420000,1012,DS_terminal,5,5,5,-9.265803e-04,-8.733180e-04,3.776351e-04,-5.801538e-04,3.703158e-05,-7.381543e-04,-1.307043e-03,-5.622725e-04,1.252489e-03,-7.452955e-04,4.352843e-04,-7.852566e-04
49.520000,1013,DS_terminal,5,5,5,-9.002069e-04,-8.486127e-04,3.962382e-04,-5.864884e-04,2.995225e-05,-6.568103e-04,-1.324437e-03,-5.449279e-04,1.286917e-03,-7.525816e-04,4.200034e-04,-8.397701e-04
49.620000,1014,DS_terminal,5,5,5,-8.892923e-04,-8.797371e-04,4.604270e-04,-6.350877e-04,7.105868e-06,-6.464407e-04,-1.322969e-03,-5.754611e-04,1.372145e-03,-8.131674e-04,3.924331e-04,-8.592250e-04
49.720000,1015,DS_terminal,5,5,5,-8.799176e-04,-8.933978e-04,5.017433e-04,-6.635247e-04,-7.455408e-06,-6.426538e-04,-1.308319e-03,-5.896550e-04,1.423177e-03,-8.501545e-04,3.701932e-04,-8.584634e-04
49.820000,1016,DS_terminal,5,5,5,-8.716579e-04,-8.728866e-04,5.134785e-04,-6.627625e-04,-1.266087e-05,-6.284645e-04,-1.283254e-03,-5.713759e-04,1.434224e-03,-8.525358e-04,3.552303e-04,-8.469904e-04
49.920000,1017,DS_terminal,5,5,5,-8.636757e-04,-8.309622e-04,5.064979e-04,-6.437828e-04,-1.246268e-05,-6.069960e-04,-1.253334e-03,-5.323901e-04,1.421364e-03,-8.331721e-04,3.454345e-04,-8.297051e-04
50.020000,1018,DS_terminal,5,5,5,-8.547203e-04,-7.794404e-04,4.906190e-04,-6.166275e-04,-1.012963e-05,-5.816890e-04,-1.221705e-03,-4.836996e-04,1.398296e-03,-8.036234e-04,3.381621e-04,-8.093574e-04
50.120000,1019,DS_terminal,5,5,5,-8.442773e-04,-7.273161e-04,4.731793e-04,-5.887330e-04,-8.018096e-06,-5.554730e-04,-1.190406e-03,-4.338040e-04,1.374979e-03,-7.726136e-04,3.313649e-04,-7.881553e-04
50.220000,1020,DS_terminal,5,5,5,-8.326701e-04,-6.799376e-04,4.585621e-04,-5.644217e-04,-7.323938e-06,-5.304309e-04,-1.160860e-03,-3.878903e-04,1.357036e-03,-7.453802e-04,3.239653e-04,-7.677609e-04
50.320000,1021,DS_terminal,5,5,5,-8.205559e-04,-6.392990e-04,4.485541e-04,-5.453047e-04,-8.309716e-06,-5.076046e-04,-1.133777e-03,-3.480201e-04,1.346374e-03,-7.240010e-04,3.156285e-04,-7.490943e-04
50.420000,1022,DS_terminal,5,5,5,-8.084743e-04,-6.051606e-04,4.431912e-04,-5.312145e-04,-1.073949e-05,-4.871772e-04,-1.109183e-03,-3.141283e-04,1.342535e-03,-7.084224e-04,3.064146e-04,-7.323692e-04
50.520000,1023,DS_terminal,5,5,5,-7.967020e-04,-5.762588e-04,4.416441e-04,-5.211570e-04,-1.421909e-05,-4.688454e-04,-1.086676e-03,-2.851409e-04,1.343997e-03,-6.975628e-04,2.965359e-04,-7.173436e-04
50.620000,1024,DS_terminal,5,5,5,-7.853133e-04,-5.511305e-04,4.428478e-04,-5.139625e-04,-1.837336e-05,-4.521493e-04,-1.065726e-03,-2.597504e-04,1.349053e-03,-6.900866e-04,2.862315e-04,-7.035901e-04
50.720000,1025,DS_terminal,5,5,5,-7.742830e-04,-5.285090e-04,4.458351e-04,-5.086099e-04,-2.291009e-05,-4.366609e-04,-1.045849e-03,-2.367953e-04,1.356239e-03,-6.848001e-04,2.757141e-04,-6.906724e-04
50.820000,1026,DS_terminal,5,5,5,-7.635585e-04,-5.074419e-04,4.498592e-04,-5.043305e-04,-2.762740e-05,-4.220524e-04,-1.026670e-03,-2.153820e-04,1.364475e-03,-6.807897e-04,2.651503e-04,-6.782287e-04
50.920000,1027,DS_terminal,5,5,5,-7.530932e-04,-4.872749e-04,4.544018e-04,-5.006005e-04,-3.239826e-05,-4.080980e-04,-1.007928e-03,-1.948812e-04,1.373047e-03,-6.774245e-04,2.546587e-04,-6.659935e-04
51.020000,1028,DS_terminal,5,5,5,-7.428540e-04,-4.675855e-04,4.591288e-04,-4.970879e-04,-3.714871e-05,-3.946493e-04,-9.894482e-04,-1.748758e-04,1.381523e-03,-6.742999e-04,2.443157e-04,-6.537888e-04
51.120000,1029,DS_terminal,5,5,5,-7.328199e-04,-4.481115e-04,4.638335e-04,-4.935911e-04,-4.183785e-05,-3.816078e-04,-9.711172e-04,-1.550998e-04,1.389665e-03,-6.711693e-04,2.341656e-04,-6.415042e-04
51.220000,1030,DS_terminal,5,5,5,-7.229772e-04,-4.286922e-04,4.683879e-04,-4.899886e-04,-4.644292e-05,-3.689039e-04,-9.528571e-04,-1.353871e-04,1.397345e-03,-6.678855e-04,2.242309e-04,-6.290765e-04
51.320000,1031,DS_terminal,5,5,5,-7.133155e-04,-4.092300e-04,4.727090e-04,-4.862049e-04,-5.094999e-05,-3.564843e-04,-9.346149e-04,-1.156365e-04,1.404497e-03,-6.643600e-04,2.145209e-04,-6.164742e-04
51.420000,1032,DS_terminal,5,5,5,-7.038257e-04,-3.896679e-04,4.767403e-04,-4.821921e-04,-5.534927e-05,-3.443069e-04,-9.163552e-04,-9.579033e-05,1.411087e-03,-6.605400e-04,2.050376e-04,-6.036873e-04
51.520000,1033,DS_terminal,5,5,5,-6.945000e-04,-3.699791e-04,4.804441e-04,-4.779219e-04,-5.963349e-05,-3.323391e-04,-8.980582e-04,-7.582390e-05,1.417100e-03,-6.563975e-04,1.957790e-04,-5.907211e-04
51.620000,1034,DS_terminal,5,5,5,-6.853315e-04,-3.501616e-04,4.837992e-04,-4.733828e-04,-6.379773e-05,-3.205576e-04,-8.797187e-04,-5.573904e-05,1.422533e-03,-6.519252e-04,1.867408e-04,-5.775929e-04
51.720000,1035,DS_terminal,5,5,5,-6.763146e-04,-3.302354e-04,4.868003e-04,-4.685790e-04,-6.783976e-05,-3.089480e-04,-8.613451e-04,-3.555970e-05,1.427403e-03,-6.471342e-04,1.779169e-04,-5.643292e-04
51.820000,1036,DS_terminal,5,5,5,-6.674455e-04,-3.102375e-04,4.894575e-04,-4.635295e-04,-7.176008e-05,-2.975039e-04,-8.429571e-04,-1.532716e-05,1.431737e-03,-6.420516e-04,1.692999e-04,-5.509642e-04
51.920000,1037,DS_terminal,5,5,5,-6.587223e-04,-2.902178e-04,4.917935e-04,-4.582646e-04,-7.556162e-05,-2.862249e-04,-8.245827e-04,4.905266e-06,1.435576e-03,-6.367170e-04,1.608814e-04,-5.375371e-04
52.020000,1038,DS_terminal,5,5,5,-6.501448e-04,-2.702339e-04,4.938401e-04,-4.528226e-04,-7.924918e-05,-2.751148e-04,-8.062554e-04,2.507756e-05,1.438971e-03,-6.311783e-04,1.526524e-04,-5.240901e-04
52.120000,1039,DS_terminal,5,5,5,-6.417141e-04,-2.503459e-04,4.956348e-04,-4.472465e-04,-8.282870e-05,-2.641798e-04,-7.880114e-04,4.512753e-05,1.441975e-03,-6.254877e-04,1.446039e-04,-5.106669e-04
52.220000,1040,DS_terminal,5,5,5,-6.334329e-04,-2.306141e-04,4.972175e-04,-4.415802e-04,-8.630666e-05,-2.534269e-04,-7.698873e-04,6.499398e-05,1.444644e-03,-6.196978e-04,1.367271e-04,-4.973107e-04
52.320000,1041,DS_terminal,5,5,5,-6.253050e-04,-2.110963e-04,4.986283e-04,-4.358676e-04,-8.968964e-05,-2.428634e-04,-7.519190e-04,8.461841e-05,1.447032e-03,-6.138602e-04,1.290143e-04,-4.840642e-04
52.420000,1042,DS_terminal,5,5,5,-6.173349e-04,-1.918478e-04,4.999061e-04,-4.301505e-04,-9.298405e-05,-2.324961e-04,-7.341414e-04,1.039453e-04,1.449192e-03,-6.080241e-04,1.214584e-04,-4.709690e-04
52.520000,1043,DS_terminal,5,5,5,-6.076323e-04,-1.742449e-04,5.020653e-04,-4.255809e-04,-9.697276e-05,-2.218717e-04,-7.152127e-04,1.215518e-04,1.452683e-03,-6.035049e-04,1.130026e-04,-4.571385e-04
52.620000,1044,DS_terminal,5,5,5,-6.019027e-04,-1.544537e-04,5.023874e-04,-4.189943e-04,-9.939830e-05,-2.124103e-04,-6.993151e-04,1.414239e-04,1.453197e-03,-5.966880e-04,1.067660e-04,-4.454268e-04
52.720000,1045,DS_terminal,5,5,5,-5.944343e-04,-1.362262e-04,5.033686e-04,-4.133996e-04,-1.024035e-04,-2.026341e-04,-6.822865e-04,1.596283e-04,1.454802e-03,-5.910117e-04,9.966389e-05,-4.329956e-04
52.820000,1046,DS_terminal,5,5,5,-5.871522e-04,-1.185180e-04,5.043929e-04,-4.079894e-04,-1.053826e-04,-1.931005e-04,-6.655674e-04,1.773001e-04,1.456436e-03,-5.855583e-04,9.269535e-05,-4.208907e-04
52.920000,1047,DS_terminal,5,5,5,-5.800679e-04,-1.013857e-04,5.055120e-04,-4.028157e-04,-1.083206e-04,-1.838119e-04,-6.492200e-04,1.943741e-04,1.458145e-03,-5.803843e-04,8.585386e-05,-4.091632e-04
53.020000,1048,DS_terminal,5,5,5,-5.731904e-04,-8.486198e-05,5.067463e-04,-3.979018e-04,-1.112153e-04,-1.747682e-04,-6.332658e-04,2.108168e-04,1.459948e-03,-5.755143e-04,7.913411e-05,-3.978492e-04
53.120000,1049,DS_terminal,5,5,5,-5.665261e-04,-6.898355e-05,5.081159e-04,-3.932711e-04,-1.140705e-04,-1.659692e-04,-6.177243e-04,2.265898e-04,1.461874e-03,-5.709771e-04,7.253329e-05,-3.869863e-04
53.220000,1050,DS_terminal,5,5,5,-5.600816e-04,-5.379545e-05,5.096482e-04,-3.889547e-04,-1.168918e-04,-1.574164e-04,-6.026194e-04,2.416468e-04,1.463957e-03,-5.668091e-04,6.604871e-05,-3.766151e-04
53.320000,1051,DS_terminal,5,5,5,-5.538630e-04,-3.934659e-05,5.113774e-04,-3.849896e-04,-1.196869e-04,-1.491108e-04,-5.879741e-04,2.559388e-04,1.466242e-03,-5.630529e-04,5.967543e-05,-3.667773e-04
53.420000,1052,DS_terminal,5,5,5,-5.478329e-04,-2.504151e-05,5.131887e-04,-3.811275e-04,-1.224308e-04,-1.409342e-04,-5.735300e-04,2.701163e-04,1.468706e-03,-5.594172e-04,5.330757e-05,-3.571094e-04
53.520000,1053,DS_terminal,5,5,5,-5.420596e-04,-1.277395e-05,5.157094e-04,-3.783330e-04,-1.252948e-04,-1.331456e-04,-5.601515e-04,2.821426e-04,1.471780e-03,-5.570069e-04,4.718239e-05,-3.488422e-04
53.620000,1054,DS_terminal,5,5,5,-5.365553e-04,-8.074807e-07,5.181846e-04,-3.755980e-04,-1.280427e-04,-1.255828e-04,-5.469437e-04,2.938601e-04,1.474861e-03,-5.547010e-04,4.110326e-05,-3.408236e-04
53.720000,1055,DS_terminal,5,5,5,-5.312450e-04,1.022550e-05,5.210841e-04,-3.734243e-04,-1.308521e-04,-1.181988e-04,-5.342558e-04,3.046258e-04,1.478422e-03,-5.530327e-04,3.508758e-05,-3.335086e-04
53.820000,1056,DS_terminal,5,5,5,-5.261235e-04,2.032816e-05,5.244211e-04,-3.718174e-04,-1.337228e-04,-1.109716e-04,-5.220491e-04,3.144372e-04,1.482473e-03,-5.520117e-04,2.911027e-05,-3.269031e-04
53.920000,1057,DS_terminal,5,5,5,-5.211635e-04,2.948109e-05,5.282398e-04,-3.708104e-04,-1.366808e-04,-1.038555e-04,-5.102903e-04,3.232684e-04,1.487062e-03,-5.516776e-04,2.314748e-05,-3.210334e-04
54.020000,1058,DS_terminal,5,5,5,-5.163234e-04,3.767786e-05,5.325948e-04,-3.704403e-04,-1.397596e-04,-9.678526e-05,-4.989314e-04,3.311074e-04,1.492239e-03,-5.520692e-04,1.716996e-05,-3.159174e-04
54.120000,1059,DS_terminal,5,5,5,-5.115449e-04,4.493557e-05,5.375468e-04,-3.707415e-04,-1.430022e-04,-8.967000e-05,-4.878983e-04,3.379662e-04,1.498059e-03,-5.532187e-04,1.114023e-05,-3.115606e-04
54.220000,1060,DS_terminal,5,5,5,-5.067480e-04,5.130468e-05,5.431605e-04,-3.717418e-04,-1.464629e-04,-8.238476e-05,-4.770814e-04,3.438899e-04,1.504571e-03,-5.551465e-04,5.011256e-06,-3.079526e-04
54.320000,1061,DS_terminal,5,5,5,-5.018257e-04,5.688432e-05,5.495010e-04,-3.734546e-04,-1.502087e-04,-7.475856e-05,-4.663245e-04,3.489705e-04,1.511816e-03,-5.578517e-04,-1.274945e-06,-3.050614e-04
54.420000,1062,DS_terminal,5,5,5,-4.966038e-04,6.223023e-05,5.562978e-04,-3.755521e-04,-1.542179e-04,-6.642549e-05,-4.552784e-04,3.537445e-04,1.519417e-03,-5.609194e-04,-7.739184e-06,-3.026669e-04
54.520000,1063,DS_terminal,5,5,5,-4.912560e-04,6.764533e-05,5.632022e-04,-3.777263e-04,-1.583922e-04,-5.779117e-05,-4.439141e-04,3.586244e-04,1.527203e-03,-5.640287e-04,-1.426887e-05,-3.002878e-04
54.620000,1064,DS_terminal,5,5,5,-4.844061e-04,7.398798e-05,5.691507e-04,-3.791673e-04,-1.627553e-04,-4.825103e-05,-4.307849e-04,3.644955e-04,1.534499e-03,-5.662026e-04,-2.130502e-05,-2.963240e-04
54.720000,1065,DS_terminal,5,5,5,-4.795008e-04,8.135750e-05,5.751938e-04,-3.802961e-04,-1.669032e-04,-3.808503e-05,-4.192405e-04,3.714777e-04,1.541279e-03,-5.678175e-04,-2.730675e-05,-2.946948e-04
54.820000,1066,DS_terminal,5,5,5,-4.728662e-04,8.876799e-05,5.816766e-04,-3.817968e-04,-1.718566e-04,-2.684404e-05,-4.057779e-04,3.785448e-04,1.549083e-03,-5.698190e-04,-3.419789e-05,-2.919208e-04
54.920000,1067,DS_terminal,5,5,5,-4.654277e-04,9.704821e-05,5.887314e-04,-3.834503e-04,-1.774261e-04,-1.413217e-05,-3.910906e-04,3.865059e-04,1.557387e-03,-5.718080e-04,-4.151184e-05,-2.889642e-04
55.020000,1068,DS_terminal,5,5,5,-4.570711e-04,1.100936e-04,5.930147e-04,-3.820222e-04,-1.825409e-04,1.128603e-06,-3.739626e-04,3.991756e-04,1.562141e-03,-5.699299e-04,-4.864779e-05,-2.841868e-04
55.120000,1069,DS_terminal,5,5,5,-4.473922e-04,1.196463e-04,6.029199e-04,-3.851454e-04,-1.901647e-04,1.734638e-05,-3.559808e-04,4.084287e-04,1.572918e-03,-5.731668e-04,-5.745755e-05,-2.808567e-04
55.220000,1070,DS_terminal,5,5,5,-4.360478e-04,1.361244e-04,6.090364e-04,-3.839229e-04,-1.973167e-04,3.753414e-05,-3.339819e-04,4.244684e-04,1.578540e-03,-5.709016e-04,-6.617288e-05,-2.747275e-04
55.320000,1071,DS_terminal,5,5,5,-4.227230e-04,1.576759e-04,6.134306e-04,-3.801954e-04,-2.047981e-04,6.136300e-05,-3.080648e-04,4.455019e-04,1.581409e-03,-5.652841e-04,-7.534150e-05,-2.662357e-04
55.420000,1072,DS_terminal,5,5,5,-4.059502e-04,1.868336e-04,6.154038e-04,-3.728329e-04,-2.129133e-04,9.102858e-05,-2.758190e-04,4.739730e-04,1.580247e-03,-5.547320e-04,-8.544338e-05,-2.540171e-04
55.520000,1073,DS_terminal,5,5,5,-3.840274e-04,2.263773e-04,6.134784e-04,-3.601763e-04,-2.217664e-04,1.284436e-04,-2.345462e-04,5.126062e-04,1.573202e-03,-5.371019e-04,-9.691840e-05,-2.359574e-04
55.620000,1074,DS_terminal,5,5,5,-3.522548e-04,2.824583e-04,6.053150e-04,-3.391527e-04,-2.321697e-04,1.787839e-04,-1.772652e-04,5.673566e-04,1.557018e-03,-5.082584e-04,-1.113643e-04,-2.071628e-04
55.720000,1075,DS_terminal,5,5,5,-2.983019e-04,3.679426e-04,5.857997e-04,-3.033139e-04,-2.463747e-04,2.534615e-04,-8.676472e-05,6.506265e-04,1.525180e-03,-4.595617e-04,-1.333256e-04,-1.548661e-04
55.820000,1076,DS_terminal,5,5,5,-1.772646e-04,5.142571e-04,5.419401e-04,-2.372593e-04,-2.735272e-04,3.845979e-04,9.452469e-05,7.923310e-04,1.464186e-03,-3.704568e-04,-1.811518e-04,-3.373729e-05
55.920000,1077,DS_terminal,5,5,5,1.710848e-04,7.307255e-04,4.599912e-04,-1.369092e-04,-3.513066e-04,6.214543e-04,5.377522e-04,9.978624e-04,1.390343e-03,-2.372389e-04,-3.312791e-04,3.123235e-04
56.020000,1078,DS_terminal,5,5,5,4.001365e-04,8.088189e-04,3.676018e-04,-6.476954e-05,-3.880841e-04,6.596182e-04,8.233650e-04,1.077148e-03,1.353981e-03,-1.628604e-04,-4.357906e-04,6.185456e-04
56.120000,1079,DS_terminal,5,5,5,3.065042e-04,8.356024e-04,3.517649e-04,-3.975726e-05,-3.617768e-04,5.838754e-04,7.583262e-04,1.114960e-03,1.347791e-03,-1.448526e-04,-4.053159e-04,6.049937e-04
56.220000,1080,DS_terminal,5,5,5,2.858503e-04,8.496649e-04,3.671898e-04,-4.171301e-05,-3.593042e-04,5.730971e-04,7.400084e-04,1.129384e-03,1.363830e-03,-1.519388e-04,-4.050689e-04,5.995683e-04
56.320000,1081,DS_terminal,5,5,5,2.738873e-04,8.626393e-04,3.743642e-04,-4.018211e-05,-3.542152e-04,5.704321e-04,7.256333e-04,1.141068e-03,1.365382e-03,-1.517646e-04,-4.041952e-04,5.943668e-04
56.420000,1082,DS_terminal,5,5,5,2.669822e-04,8.748805e-04,3.747391e-04,-3.534749e-05,-3.490096e-04,5.718851e-04,7.156412e-04,1.151755e-03,1.359345e-03,-1.465507e-04,-4.025583e-04,5.898542e-04
56.520000,1083,DS_terminal,5,5,5,2.620227e-04,8.861810e-04,3.712226e-04,-2.884336e-05,-3.442602e-04,5.747766e-04,7.076641e-04,1.161868e-03,1.350752e-03,-1.389800e-04,-3.999392e-04,5.854653e-04
56.620000,1084,DS_terminal,5,5,5,2.574828e-04,8.963619e-04,3.663487e-04,-2.223680e-05,-3.401876e-04,5.779750e-04,7.004151e-04,1.171555e-03,1.342729e-03,-1.309624e-04,-3.966861e-04,5.808328e-04
56.720000,1085,DS_terminal,5,5,5,2.520269e-04,9.055631e-04,3.614679e-04,-1.616801e-05,-3.367269e-04,5.804366e-04,6.931155e-04,1.181066e-03,1.336719e-03,-1.234492e-04,-3.930007e-04,5.757445e-04
56.820000,1086,DS_terminal,5,5,5,2.445579e-04,9.141365e-04,3.569809e-04,-1.057595e-05,-3.335678e-04,5.811369e-04,6.851857e-04,1.190685e-03,1.332935e-03,-1.166949e-04,-3.888714e-04,5.702471e-04
56.920000,1087,DS_terminal,5,5,5,2.345508e-04,9.224583e-04,3.529381e-04,-5.211409e-06,-3.303761e-04,5.794393e-04,6.763748e-04,1.200613e-03,1.331023e-03,-1.106696e-04,-3.843143e-04,5.646116e-04
57.020000,1088,DS_terminal,5,5,5,2.218748e-04,9.308053e-04,3.494133e-04,7.923605e-08,-3.269053e-04,5.751397e-04,6.666213e-04,1.210917e-03,1.330533e-03,-1.053322e-04,-3.794148e-04,5.590287e-04
57.120000,1089,DS_terminal,5,5,5,2.066827e-04,9.392981e-04,3.466345e-04,5.255275e-06,-3.230561e-04,5.684649e-04,6.559711e-04,1.221515e-03,1.331169e-03,-1.007525e-04,-3.743239e-04,5.534490e-04
57.220000,1090,DS_terminal,5,5,5,1.895474e-04,9.479292e-04,3.449018e-04,1.013019e-05,-3.189074e-04,5.600992e-04,6.447242e-04,1.232205e-03,1.332793e-03,-9.707038e-05,-3.693033e-04,5.477498e-04
57.320000,1091,DS_terminal,5,5,5,1.714747e-04,9.566596e-04,3.443619e-04,1.454125e-05,-3.146619e-04,5.510327e-04,6.335142e-04,1.242787e-03,1.335282e-03,-9.433128e-05,-3.647003e-04,5.419865e-04
57.420000,1092,DS_terminal,5,5,5,1.535884e-04,9.654888e-04,3.448717e-04,1.848201e-05,-3.105294e-04,5.422288e-04,6.230980e-04,1.253160e-03,1.338396e-03,-9.238143e-05,-3.608183e-04,5.364185e-04
57.520000,1093,DS_terminal,5,5,5,1.367618e-04,9.744503e-04,3.460771e-04,2.208553e-05,-3.066514e-04,5.343595e-04,6.140619e-04,1.263334e-03,1.341833e-03,-9.092698e-05,-3.578094e-04,5.313484e-04
57.620000,1094,DS_terminal,5,5,5,1.214699e-04,9.835721e-04,3.475891e-04,2.552552e-05,-3.030955e-04,5.277472e-04,6.066883e-04,1.273376e-03,1.345332e-03,-8.966553e-05,-3.556692e-04,5.269816e-04
57.720000,1095,DS_terminal,5,5,5,1.078430e-04,9.928542e-04,3.491059e-04,2.894019e-05,-2.998795e-04,5.224461e-04,6.009905e-04,1.283352e-03,1.348732e-03,-8.837380e-05,-3.542932e-04,5.233884e-04
57.820000,1096,DS_terminal,5,5,5,9.579545e-05,1.002270e-03,3.504451e-04,3.240971e-05,-2.969933e-04,5.183558e-04,5.968184e-04,1.293307e-03,1.351961e-03,-8.692524e-05,-3.535378e-04,5.205372e-04
57.920000,1097,DS_terminal,5,5,5,8.514303e-05,1.011780e-03,3.515210e-04,3.596850e-05,-2.944117e-04,5.153130e-04,5.939554e-04,1.303256e-03,1.354992e-03,-8.526583e-05,-3.532606e-04,5.183428e-04
58.020000,1098,DS_terminal,5,5,5,7.567767e-05,1.021347e-03,3.523035e-04,3.962783e-05,-2.920998e-04,5.131448e-04,5.921782e-04,1.313196e-03,1.357803e-03,-8.337946e-05,-3.533364e-04,5.167044e-04
58.120000,1099,DS_terminal,5,5,5,6.720280e-05,1.030937e-03,3.527835e-04,4.339404e-05,-2.900144e-04,5.116930e-04,5.912808e-04,1.323112e-03,1.360358e-03,-8.126077e-05,-3.536592e-04,5.155231e-04
58.220000,1100,DS_terminal,5,5,5,5.954414e-05,1.040529e-03,3.529512e-04,4.727794e-05,-2.881061e-04,5.108195e-04,5.910771e-04,1.332989e-03,1.362594e-03,-7.890054e-05,-3.541372e-04,5.147084e-04
58.320000,1101,DS_terminal,5,5,5,5.254972e-05,1.050103e-03,3.527897e-04,5.129619e-05,-2.863213e-04,5.104057e-04,5.913971e-04,1.342811e-03,1.364440e-03,-7.628233e-05,-3.546888e-04,5.141770e-04
58.420000,1102,DS_terminal,5,5,5,4.608787e-05,1.059645e-03,3.522762e-04,5.546792e-05,-2.846070e-04,5.103495e-04,5.920837e-04,1.352561e-03,1.365823e-03,-7.338573e-05,-3.552414e-04,5.138523e-04
58.520000,1103,DS_terminal,5,5,5,4.004598e-05,1.069141e-03,3.513888e-04,5.980964e-05,-2.829150e-04,5.105644e-04,5.929932e-04,1.362229e-03,1.366683e-03,-7.019226e-05,-3.557319e-04,5.136647e-04
58.620000,1104,DS_terminal,5,5,5,3.433031e-05,1.078578e-03,3.501127e-04,6.433114e-05,-2.812052e-04,5.109788e-04,5.939985e-04,1.371802e-03,1.366982e-03,-6.669049e-05,-3.561090e-04,5.135526e-04
58.720000,1105,DS_terminal,5,5,5,2.886559e-05,1.087940e-03,3.484441e-04,6.903338e-05,-2.794480e-04,5.115353e-04,5.949920e-04,1.381272e-03,1.366707e-03,-6.287884e-05,-3.563339e-04,5.134640e-04
58.820000,1106,DS_terminal,5,5,5,2.359378e-05,1.097214e-03,3.463913e-04,7.390857e-05,-2.776243e-04,5.121898e-04,5.958870e-04,1.390631e-03,1.365870e-03,-5.876589e-05,-3.563808e-04,5.133570e-04
58.920000,1107,DS_terminal,5,5,5,1.847206e-05,1.106388e-03,3.439733e-04,7.894193e-05,-2.757238e-04,5.129097e-04,5.966175e-04,1.399874e-03,1.364499e-03,-5.436871e-05,-3.562352e-04,5.131992e-04
59.020000,1108,DS_terminal,5,5,5,1.347008e-05,1.115450e-03,3.412159e-04,8.411417e-05,-2.737434e-04,5.136723e-04,5.971366e-04,1.408997e-03,1.362633e-03,-4.971011e-05,-3.558919e-04,5.129667e-04
59.120000,1109,DS_terminal,5,5,5,8.482743e-06,1.124375e-03,3.380857e-04,8.943843e-05,-2.716448e-04,5.143953e-04,5.973678e-04,1.417990e-03,1.360249e-03,-4.477030e-05,-3.553133e-04,5.126062e-04
59.220000,1110,DS_terminal,5,5,5,3.741052e-06,1.133197e-03,3.347986e-04,9.479223e-05,-2.695551e-04,5.152654e-04,5.974306e-04,1.426860e-03,1.357589e-03,-3.970949e-05,-3.546103e-04,5.122148e-04
59.320000,1111,DS_terminal,5,5,5,-9.876648e-07,1.141874e-03,3.312170e-04,1.002467e-04,-2.673589e-04,5.160956e-04,5.971966e-04,1.435601e-03,1.354518e-03,-3.442649e-05,-3.537134e-04,5.116886e-04
