t_s,omega_s_x_dps,omega_s_y_dps,omega_s_z_dps,hw_x_Nms,hw_y_Nms,hw_z_Nms,theta_s_x_deg,theta_s_y_deg,theta_s_z_deg,tau_w_x_Nm,tau_w_y_Nm,tau_w_z_Nm
0.010,2.706960e-12,5.949187e-13,1.072825e-11,-2.319809e-16,-4.596853e-17,-9.352192e-16,1.461351e-14,3.295215e-15,6.009005e-14,8.479328e-16,1.189326e-15,1.942890e-16
0.210,-4.100109e-03,3.601931e-03,-1.092707e-03,-3.879511e-02,8.124363e-02,-3.989160e-02,-3.938036e-04,3.235088e-04,-1.305917e-04,-4.144067e-01,1.111207e+00,-4.853268e-01
0.410,-8.052130e-03,8.277550e-03,-2.254061e-03,-8.598456e-02,1.933104e-01,-8.226290e-02,-1.600188e-03,1.521419e-03,-4.780065e-04,-5.801752e-01,1.270799e+00,-4.378423e-01
0.610,-1.285120e-02,1.273881e-02,-3.053060e-03,-1.505092e-01,3.080654e-01,-1.187999e-01,-3.683684e-03,3.650548e-03,-1.015869e-03,-7.500628e-01,1.157310e+00,-4.037881e-01
0.810,-1.847101e-02,1.610247e-02,-3.562465e-03,-2.314015e-01,4.053260e-01,-1.517365e-01,-6.809286e-03,6.564348e-03,-1.680628e-03,-8.904395e-01,8.912674e-01,-3.878874e-01
1.010,-2.438117e-02,1.815267e-02,-4.071763e-03,-3.215653e-01,4.778014e-01,-1.868804e-01,-1.109686e-02,1.000979e-02,-2.439550e-03,-9.034181e-01,6.162117e-01,-4.645553e-01
1.210,-2.928917e-02,1.922348e-02,-5.167795e-03,-4.044848e-01,5.297194e-01,-2.368597e-01,-1.647913e-02,1.375304e-02,-3.350049e-03,-6.991340e-01,4.274077e-01,-6.964377e-01
1.410,-3.171420e-02,1.982740e-02,-7.491933e-03,-4.597275e-01,5.699433e-01,-3.164948e-01,-2.259703e-02,1.765160e-02,-4.598362e-03,-2.878035e-01,3.394205e-01,-1.060376e+00
1.610,-3.086099e-02,2.042791e-02,-1.141406e-02,-4.726116e-01,6.069018e-01,-4.341732e-01,-2.885535e-02,2.166214e-02,-6.474983e-03,2.164161e-01,3.320440e-01,-1.449755e+00
1.810,-2.704199e-02,2.134036e-02,-1.687126e-02,-4.410588e-01,6.462449e-01,-5.870192e-01,-3.461704e-02,2.582003e-02,-9.299298e-03,6.646782e-01,3.622876e-01,-1.745370e+00
2.010,-2.131553e-02,2.259126e-02,-2.341749e-02,-3.746926e-01,6.881614e-01,-7.627875e-01,-3.939735e-02,3.019605e-02,-1.333579e-02,9.577012e-01,3.580409e-01,-1.874422e+00
2.210,-1.471831e-02,2.390120e-02,-3.040958e-02,-2.875971e-01,7.269615e-01,-9.454817e-01,-4.293650e-02,3.483136e-02,-1.873468e-02,1.100591e+00,2.811275e-01,-1.838732e+00
2.410,-7.949776e-03,2.497764e-02,-3.718688e-02,-1.926585e-01,7.578589e-01,-1.121570e+00,-4.513506e-02,3.970555e-02,-2.551732e-02,1.082869e+00,1.841370e-01,-1.678311e+00
2.610,-2.206107e-03,2.543139e-02,-4.249803e-02,-1.094229e-01,7.775360e-01,-1.267706e+00,-4.607466e-02,4.474289e-02,-3.352911e-02,8.088814e-01,-2.039299e-03,-1.223802e+00
2.810,1.368823e-03,2.519321e-02,-4.512148e-02,-5.813371e-02,7.893877e-01,-1.363407e+00,-4.608943e-02,4.978078e-02,-4.232000e-02,3.509199e-01,7.226919e-02,-7.078350e-01
3.020,-1.204242e-03,2.227567e-02,-4.482181e-02,-3.732778e-02,7.885648e-01,-1.386810e+00,-4.590102e-02,5.250643e-02,-4.727927e-02,2.500000e+00,-2.479990e+00,2.195942e+00
3.200,-5.318091e-03,1.247023e-02,-3.282538e-02,-1.658420e-01,5.861828e-01,-1.207684e+00,-4.678361e-02,5.650215e-02,-5.530085e-02,-5.687799e-01,-1.933996e+00,2.500000e+00
3.400,-2.886110e-03,9.449785e-03,-2.622668e-02,-1.656416e-01,4.594285e-01,-9.578583e-01,-4.743807e-02,5.850570e-02,-6.097790e-02,-2.393096e-01,-1.100108e+00,2.488056e+00
3.600,-7.777825e-03,4.589505e-03,-1.740392e-02,-2.092141e-01,3.466020e-01,-7.071985e-01,-4.854090e-02,5.988905e-02,-6.533242e-02,-3.702317e-01,-1.090485e+00,2.500000e+00
3.800,-9.447596e-03,7.169262e-04,-9.640816e-03,-2.277653e-01,2.385332e-01,-4.566173e-01,-5.032056e-02,6.042951e-02,-6.805351e-02,-2.211542e-02,-1.065785e+00,2.500000e+00
4.000,-7.818476e-03,-2.976093e-03,-2.326519e-03,-2.123483e-01,1.452271e-01,-2.335450e-01,-5.209512e-02,6.017899e-02,-6.919903e-02,2.781115e-01,-6.778264e-01,1.651573e+00
4.200,-4.701249e-03,-4.396518e-03,8.641753e-04,-1.800377e-01,1.056930e-01,-1.307642e-01,-5.335299e-02,5.940991e-02,-6.928760e-02,3.332054e-01,-1.975102e-01,5.922465e-01
4.400,-1.536728e-03,-4.652157e-03,1.996010e-03,-1.470867e-01,9.681343e-02,-9.467412e-02,-5.397350e-02,5.849452e-02,-6.898208e-02,3.170787e-01,-1.816614e-02,2.090984e-01
4.600,1.184994e-03,-4.522644e-03,2.342233e-03,-1.181334e-01,9.834391e-02,-8.304559e-02,-5.399669e-02,5.757467e-02,-6.853906e-02,2.554665e-01,3.446250e-02,5.361370e-02
4.800,3.110687e-03,-4.337356e-03,2.388109e-03,-9.679316e-02,1.018879e-01,-8.066457e-02,-5.355269e-02,5.668953e-02,-6.806291e-02,1.734777e-01,3.373373e-02,6.607649e-03
5.000,4.280416e-03,-4.204124e-03,2.375469e-03,-8.312391e-02,1.044165e-01,-8.030078e-02,-5.280223e-02,5.583692e-02,-6.758570e-02,1.053011e-01,1.925511e-02,2.446605e-03
5.200,4.922568e-03,-4.129698e-03,2.372586e-03,-7.504417e-02,1.055683e-01,-7.979389e-02,-5.187469e-02,5.500478e-02,-6.711038e-02,6.072959e-02,7.446567e-03,5.819359e-03
5.400,5.255152e-03,-4.090118e-03,2.380047e-03,-7.035605e-02,1.058509e-01,-7.906139e-02,-5.085274e-02,5.418360e-02,-6.663446e-02,3.542609e-02,1.480490e-03,6.665788e-03
5.600,5.422783e-03,-4.064822e-03,2.387715e-03,-6.751938e-02,1.057597e-01,-7.838158e-02,-4.978256e-02,5.336865e-02,-6.615691e-02,2.203078e-02,-6.698276e-04,5.222338e-03
5.820,6.972182e-03,-1.853613e-03,6.634587e-04,-4.187649e-02,1.496642e-01,-1.192013e-01,-4.791867e-02,5.232163e-02,-6.556416e-02,1.604072e-01,5.449426e-01,-6.501799e-01
6.020,7.420735e-03,5.660524e-04,-1.986456e-03,-2.442661e-02,2.026297e-01,-1.884344e-01,-4.648258e-02,5.219733e-02,-6.569563e-02,1.521592e-01,6.344849e-01,-8.551456e-01
6.220,7.363746e-03,3.365431e-03,-5.422331e-03,-9.657711e-03,2.664529e-01,-2.806591e-01,-4.500535e-02,5.259422e-02,-6.643771e-02,1.163375e-01,7.477458e-01,-1.096649e+00
6.420,7.043841e-03,6.415461e-03,-9.332441e-03,3.691894e-03,3.385272e-01,-3.883670e-01,-4.357248e-02,5.357725e-02,-6.791962e-02,1.126266e-01,8.145523e-01,-1.223797e+00
6.620,6.636313e-03,9.732431e-03,-1.367500e-02,1.729507e-02,4.191202e-01,-5.102342e-01,-4.221448e-02,5.519479e-02,-7.022656e-02,1.240279e-01,8.957098e-01,-1.358791e+00
6.820,6.260409e-03,1.327972e-02,-1.837468e-02,3.230851e-02,5.075734e-01,-6.443651e-01,-4.093480e-02,5.749766e-02,-7.343821e-02,1.424957e-01,9.639615e-01,-1.468527e+00
7.020,5.949895e-03,1.700857e-02,-2.335844e-02,4.906687e-02,6.030140e-01,-7.890546e-01,-3.972426e-02,6.052652e-02,-7.761800e-02,1.660489e-01,1.021433e+00,-1.556869e+00
7.220,5.730217e-03,2.090566e-02,-2.860365e-02,6.794059e-02,7.052813e-01,-9.437693e-01,-3.856616e-02,6.431594e-02,-8.281968e-02,1.899352e-01,1.077264e+00,-1.641813e+00
7.420,5.573745e-03,2.491630e-02,-3.404628e-02,8.860348e-02,8.134413e-01,-1.107162e+00,-3.744566e-02,6.889439e-02,-8.908944e-02,2.093481e-01,1.119353e+00,-1.706839e+00
7.620,5.481362e-03,2.899503e-02,-3.962684e-02,1.109242e-01,9.266464e-01,-1.277873e+00,-3.635128e-02,7.427929e-02,-9.646002e-02,2.290045e-01,1.154068e+00,-1.757625e+00
7.820,5.454155e-03,3.309098e-02,-4.527708e-02,1.347183e-01,1.043922e+00,-1.454312e+00,-3.527000e-02,8.047962e-02,-1.049525e-01,2.441200e-01,1.174173e+00,-1.786661e+00
8.020,5.479302e-03,3.713428e-02,-5.090429e-02,1.595380e-01,1.163848e+00,-1.634314e+00,-3.419113e-02,8.749148e-02,-1.145712e-01,2.550390e-01,1.179351e+00,-1.791408e+00
8.220,5.569361e-03,4.106692e-02,-5.642214e-02,1.851758e-01,1.285133e+00,-1.815710e+00,-3.310392e-02,9.529849e-02,-1.253026e-01,2.641777e-01,1.169136e+00,-1.769755e+00
8.420,5.758981e-03,4.479448e-02,-6.171504e-02,2.115142e-01,1.405633e+00,-1.994277e+00,-3.199258e-02,1.038693e-01,-1.371137e-01,2.714941e-01,1.133897e+00,-1.707193e+00
8.620,6.078358e-03,4.822514e-02,-6.669201e-02,2.383963e-01,1.523140e+00,-2.164812e+00,-3.083627e-02,1.131541e-01,-1.499541e-01,2.806425e-01,1.068777e+00,-1.593414e+00
8.820,6.634351e-03,5.122116e-02,-7.111676e-02,2.663336e-01,1.634121e+00,-2.321206e+00,-2.959697e-02,1.230795e-01,-1.637362e-01,2.890276e-01,9.687320e-01,-1.416854e+00
9.020,7.519051e-03,5.358651e-02,-7.461898e-02,2.954811e-01,1.733594e+00,-2.454099e+00,-2.822002e-02,1.335395e-01,-1.783126e-01,3.013350e-01,8.105520e-01,-1.126756e+00
9.220,8.668221e-03,5.525662e-02,-7.707840e-02,3.252588e-01,1.819350e+00,-2.560482e+00,-2.664320e-02,1.443990e-01,-1.934813e-01,2.989590e-01,6.455633e-01,-8.325756e-01
9.420,9.947792e-03,5.623547e-02,-7.850251e-02,3.545850e-01,1.890904e+00,-2.640951e+00,-2.482775e-02,1.555196e-01,-2.090337e-01,2.833674e-01,4.811082e-01,-5.498771e-01
9.620,1.122021e-02,5.652697e-02,-7.889923e-02,3.822258e-01,1.947599e+00,-2.696157e+00,-2.276173e-02,1.667651e-01,-2.247647e-01,2.525836e-01,3.063348e-01,-2.645701e-01
9.820,1.236968e-02,5.609879e-02,-7.824017e-02,4.069799e-01,1.988133e+00,-2.725686e+00,-2.045864e-02,1.779946e-01,-2.404644e-01,2.107457e-01,1.278027e-01,1.418058e-02
10.020,1.329444e-02,5.497145e-02,-7.659464e-02,4.279003e-01,2.012675e+00,-2.731546e+00,-1.795279e-02,1.890661e-01,-2.559283e-01,1.596662e-01,-4.662713e-02,2.683709e-01
10.220,1.389154e-02,5.311930e-02,-7.394358e-02,4.436678e-01,2.019714e+00,-2.713704e+00,-1.529876e-02,1.998391e-01,-2.709587e-01,9.450261e-02,-2.366386e-01,5.297630e-01
10.420,1.412398e-02,5.061086e-02,-7.038724e-02,4.537520e-01,2.010059e+00,-2.674949e+00,-1.256593e-02,2.101737e-01,-2.853626e-01,2.986875e-02,-4.040505e-01,7.501645e-01
10.620,1.398546e-02,4.747982e-02,-6.598495e-02,4.579022e-01,1.983939e+00,-2.617009e+00,-9.825646e-03,2.199454e-01,-2.989679e-01,-3.929567e-02,-5.805612e-01,9.683990e-01
10.820,1.341453e-02,4.373581e-02,-6.078647e-02,4.551829e-01,1.941007e+00,-2.541573e+00,-7.155426e-03,2.290271e-01,-3.116045e-01,-1.186488e-01,-7.320236e-01,1.124278e+00
11.020,1.236322e-02,3.953854e-02,-5.508306e-02,4.451656e-01,1.884565e+00,-2.456397e+00,-4.648894e-03,2.373150e-01,-3.231482e-01,-1.903488e-01,-8.611327e-01,1.233205e+00
11.220,1.087063e-02,3.487384e-02,-4.888415e-02,4.276943e-01,1.813906e+00,-2.360079e+00,-2.393209e-03,2.447187e-01,-3.335002e-01,-2.720176e-01,-1.000278e+00,1.341546e+00
11.420,9.030511e-03,2.980432e-02,-4.230143e-02,4.033030e-01,1.730003e+00,-2.252535e+00,-4.701868e-04,2.511494e-01,-3.425758e-01,-3.316900e-01,-1.119141e+00,1.437243e+00
11.620,7.025629e-03,2.440551e-02,-3.537256e-02,3.737110e-01,1.634086e+00,-2.133962e+00,1.074570e-03,2.565354e-01,-3.503029e-01,-3.818671e-01,-1.226879e+00,1.525261e+00
11.820,4.860676e-03,1.869263e-02,-2.810252e-02,3.386685e-01,1.526266e+00,-2.004645e+00,2.207243e-03,2.608115e-01,-3.566125e-01,-4.249788e-01,-1.326992e+00,1.611008e+00
12.020,2.775541e-03,1.279462e-02,-2.056980e-02,3.007909e-01,1.408998e+00,-1.865321e+00,2.920969e-03,2.639272e-01,-3.614441e-01,-4.374424e-01,-1.393202e+00,1.683227e+00
12.220,7.720497e-04,6.774165e-03,-1.282877e-02,2.603807e-01,1.283611e+00,-1.717053e+00,3.238187e-03,2.658543e-01,-3.647514e-01,-4.628024e-01,-1.452881e+00,1.736725e+00
12.420,-1.064899e-03,7.241673e-04,-4.957340e-03,2.185426e-01,1.152081e+00,-1.561199e+00,3.177292e-03,2.665755e-01,-3.665001e-01,-4.556156e-01,-1.479292e+00,1.782813e+00
12.620,-2.554118e-03,-5.196318e-03,2.913617e-03,1.780021e-01,1.017844e+00,-1.399311e+00,2.795012e-03,2.661019e-01,-3.666769e-01,-4.315008e-01,-1.469148e+00,1.800097e+00
12.820,-3.768202e-03,-1.089462e-02,1.064653e-02,1.388441e-01,8.831609e-01,-1.234184e+00,2.153031e-03,2.644691e-01,-3.652956e-01,-4.059529e-01,-1.433881e+00,1.786413e+00
13.020,-4.593098e-03,-1.619955e-02,1.805654e-02,1.032774e-01,7.520535e-01,-1.068994e+00,1.316288e-03,2.617383e-01,-3.624020e-01,-3.542577e-01,-1.350102e+00,1.734781e+00
13.220,-4.967347e-03,-2.092895e-02,2.492445e-02,7.321162e-02,6.290049e-01,-9.079572e-01,3.692665e-04,2.580068e-01,-3.580825e-01,-2.852931e-01,-1.218766e+00,1.635286e+00
13.420,-5.037575e-03,-2.492613e-02,3.105492e-02,4.855074e-02,5.181924e-01,-7.556820e-01,-6.068784e-04,2.534074e-01,-3.524682e-01,-2.451717e-01,-1.057014e+00,1.502933e+00
13.620,-5.187895e-03,-2.805412e-02,3.607411e-02,2.613641e-02,4.236569e-01,-6.224528e-01,-1.598217e-03,2.480986e-01,-3.457372e-01,-2.161352e-01,-8.401528e-01,1.215758e+00
13.820,-5.257754e-03,-3.026243e-02,3.980141e-02,7.932154e-03,3.474749e-01,-5.131496e-01,-2.609993e-03,2.422629e-01,-3.381397e-01,-1.603579e-01,-6.276826e-01,9.376113e-01
14.020,-5.143530e-03,-3.161139e-02,4.231439e-02,-4.967164e-03,2.889764e-01,-4.265972e-01,-3.613870e-03,2.360776e-01,-3.299250e-01,-1.004044e-01,-4.271763e-01,6.745650e-01
14.220,-4.839821e-03,-3.218532e-02,4.371588e-02,-1.257360e-02,2.469584e-01,-3.614933e-01,-4.573132e-03,2.297055e-01,-3.213252e-01,-4.399014e-02,-2.454147e-01,4.322698e-01
14.420,-4.378110e-03,-3.208498e-02,4.412937e-02,-1.538033e-02,2.197819e-01,-3.161706e-01,-5.454208e-03,2.232907e-01,-3.125495e-01,5.133620e-03,-8.573520e-02,2.138616e-01
14.620,-3.802066e-03,-3.141254e-02,4.368665e-02,-1.408671e-02,2.057158e-01,-2.887765e-01,-6.231023e-03,2.169571e-01,-3.037814e-01,4.510035e-02,5.005897e-02,2.246235e-02
14.800,4.036990e-03,-3.465087e-02,4.347407e-02,1.195834e-02,1.975581e-01,-2.863851e-01,-5.469840e-03,2.139376e-01,-3.002674e-01,1.163473e+00,-1.024246e-01,3.113032e-01
15.000,-1.518058e-03,-2.609794e-02,4.213008e-02,3.695541e-02,3.074804e-01,-3.219681e-01,-5.811454e-03,2.080382e-01,-2.916845e-01,3.956548e-01,1.257230e+00,-8.299786e-01
15.200,1.143429e-03,-2.321804e-02,3.875565e-02,6.228163e-02,3.844514e-01,-4.206464e-01,-5.751918e-03,2.031583e-01,-2.836016e-01,1.177638e-01,4.834196e-01,-1.012972e+00
15.400,1.304121e-03,-2.175064e-02,3.548570e-02,6.499776e-02,4.204822e-01,-5.157489e-01,-5.456237e-03,1.986717e-01,-2.761809e-01,-3.558959e-02,2.828935e-01,-8.806204e-01
15.600,6.113514e-04,-2.077087e-02,3.281046e-02,5.848689e-02,4.425490e-01,-5.925433e-01,-5.237733e-03,1.944265e-01,-2.693633e-01,-7.482663e-02,1.838700e-01,-6.769580e-01
15.800,-2.402404e-05,-2.006850e-02,3.079529e-02,5.155205e-02,4.575063e-01,-6.500044e-01,-5.160862e-03,1.903465e-01,-2.630120e-01,-6.117356e-02,1.309642e-01,-5.005368e-01
16.000,-4.782224e-04,-1.953351e-02,2.928803e-02,4.627100e-02,4.681440e-01,-6.920521e-01,-5.194077e-03,1.863892e-01,-2.570104e-01,-4.494851e-02,9.476041e-02,-3.673869e-01
16.200,-8.032461e-04,-1.911833e-02,2.814658e-02,4.234006e-02,4.756352e-01,-7.227037e-01,-5.305338e-03,1.825263e-01,-2.512717e-01,-3.429502e-02,6.691489e-02,-2.695904e-01
16.400,-1.054754e-03,-1.879733e-02,2.727375e-02,3.922903e-02,4.806402e-01,-7.449214e-01,-5.474630e-03,1.787366e-01,-2.457332e-01,-2.787543e-02,4.477972e-02,-1.965406e-01
16.600,-1.257264e-03,-1.854946e-02,2.660305e-02,3.665599e-02,4.837110e-01,-7.607962e-01,-5.689920e-03,1.750035e-01,-2.403480e-01,-2.324087e-02,2.795630e-02,-1.413364e-01
16.800,-1.420344e-03,-1.835577e-02,2.608553e-02,3.450477e-02,4.853447e-01,-7.718765e-01,-5.942378e-03,1.713143e-01,-2.350810e-01,-1.935210e-02,1.570628e-02,-9.966137e-02
17.000,-1.548752e-03,-1.820081e-02,2.568332e-02,3.271887e-02,4.859489e-01,-7.793534e-01,-6.224519e-03,1.676597e-01,-2.299053e-01,-1.594523e-02,7.033986e-03,-6.848248e-02
17.200,-1.647172e-03,-1.807300e-02,2.536690e-02,3.124915e-02,4.858295e-01,-7.841486e-01,-6.529796e-03,1.640333e-01,-2.248011e-01,-1.304129e-02,9.619943e-04,-4.538309e-02
17.400,-1.720632e-03,-1.796414e-02,2.511375e-02,3.004407e-02,4.852049e-01,-7.869653e-01,-6.852659e-03,1.604304e-01,-2.197535e-01,-1.065088e-02,-3.279392e-03,-2.838728e-02
17.600,-1.773939e-03,-1.786850e-02,2.490699e-02,2.905387e-02,4.842278e-01,-7.883299e-01,-7.188567e-03,1.568480e-01,-2.147516e-01,-8.731068e-03,-6.243809e-03,-1.592685e-02
17.800,-1.811252e-03,-1.778209e-02,2.473420e-02,2.823503e-02,4.830048e-01,-7.886314e-01,-7.533887e-03,1.532837e-01,-2.097875e-01,-7.209036e-03,-8.315416e-03,-6.802920e-03
18.000,-1.835979e-03,-1.770213e-02,2.458626e-02,2.755157e-02,4.816107e-01,-7.881553e-01,-7.885753e-03,1.497360e-01,-2.048553e-01,-6.010533e-03,-9.761353e-03,-1.229402e-04
18.200,-5.023089e-03,-1.800176e-02,2.285950e-02,-2.141790e-03,4.660922e-01,-8.284611e-01,-8.499801e-03,1.445942e-01,-1.978178e-01,-1.313748e+00,-2.129057e-03,-1.784852e+00
18.400,-1.133938e-02,-1.797638e-02,1.968209e-02,-7.927006e-02,4.589999e-01,-9.318208e-01,-1.020608e-02,1.409993e-01,-1.936109e-01,-7.908663e-01,1.172993e-01,-1.262383e+00
18.600,-1.655987e-02,-1.705478e-02,1.666750e-02,-1.520734e-01,4.716419e-01,-1.035015e+00,-1.301687e-02,1.375002e-01,-1.900064e-01,-7.103494e-01,3.172046e-01,-1.252442e+00
18.800,-2.046394e-02,-1.523932e-02,1.369551e-02,-2.169535e-01,5.044237e-01,-1.137700e+00,-1.672794e-02,1.342789e-01,-1.869953e-01,-5.933271e-01,5.197566e-01,-1.244622e+00
19.000,-2.288165e-02,-1.255195e-02,1.060001e-02,-2.693971e-01,5.574358e-01,-1.240580e+00,-2.106278e-02,1.315112e-01,-1.845868e-01,-4.278213e-01,7.258569e-01,-1.239660e+00
19.200,-2.365139e-02,-8.987257e-03,7.230551e-03,-3.047511e-01,6.315760e-01,-1.344578e+00,-2.571040e-02,1.293702e-01,-1.828215e-01,-2.096434e-01,9.440582e-01,-1.232573e+00
19.400,-2.265528e-02,-4.575223e-03,3.481212e-03,-3.187702e-01,7.272176e-01,-1.450211e+00,-3.032975e-02,1.280283e-01,-1.817657e-01,4.833799e-02,1.160851e+00,-1.221347e+00
19.600,-1.988322e-02,5.400231e-04,-7.212989e-04,-3.083037e-01,8.423385e-01,-1.557625e+00,-3.456450e-02,1.276415e-01,-1.815024e-01,3.194524e-01,1.340468e+00,-1.214635e+00
19.800,-1.569847e-02,6.109208e-03,-5.469648e-03,-2.740544e-01,9.723277e-01,-1.668093e+00,-3.809045e-02,1.283253e-01,-1.821305e-01,5.468781e-01,1.458597e+00,-1.233547e+00
20.000,-1.096684e-02,1.180294e-02,-1.089352e-02,-2.225343e-01,1.110392e+00,-1.784953e+00,-4.070887e-02,1.301365e-01,-1.837715e-01,6.698547e-01,1.496050e+00,-1.300098e+00
20.200,-6.950052e-03,1.722868e-02,-1.713940e-02,-1.659508e-01,1.247882e+00,-1.913823e+00,-4.243993e-02,1.330594e-01,-1.865755e-01,6.449418e-01,1.433156e+00,-1.430554e+00
20.400,-4.953515e-03,2.190558e-02,-2.430901e-02,-1.195401e-01,1.373643e+00,-2.061437e+00,-4.356587e-02,1.369918e-01,-1.907186e-01,4.610075e-01,1.233703e+00,-1.628411e+00
20.600,-5.881701e-03,2.518604e-02,-3.234796e-02,-9.771982e-02,1.471982e+00,-2.233147e+00,-4.459319e-02,1.417211e-01,-1.963837e-01,1.455774e-01,8.350442e-01,-1.864420e+00
20.800,-9.439501e-03,2.642713e-02,-4.077360e-02,-1.056342e-01,1.525443e+00,-2.423867e+00,-4.609802e-02,1.468998e-01,-2.037053e-01,-1.590715e-01,2.595540e-01,-1.970537e+00
21.000,-1.402224e-02,2.554351e-02,-4.854160e-02,-1.344146e-01,1.527511e+00,-2.611019e+00,-4.845693e-02,1.520963e-01,-2.126616e-01,-2.970086e-01,-2.734930e-01,-1.748066e+00
21.200,-1.806168e-02,2.321559e-02,-5.454757e-02,-1.706018e-01,1.491481e+00,-2.767718e+00,-5.169618e-02,1.569492e-01,-2.230007e-01,-3.101988e-01,-5.870169e-01,-1.297192e+00
21.400,-1.919465e-02,2.023959e-02,-5.694010e-02,-1.902160e-01,1.435774e+00,-2.842927e+00,-5.547330e-02,1.612621e-01,-2.341828e-01,-5.393283e-02,-7.450471e-01,-3.127831e-01
21.600,-1.889537e-02,1.721582e-02,-5.672187e-02,-2.030235e-01,1.377561e+00,-2.868566e+00,-5.927562e-02,1.649622e-01,-2.455376e-01,-1.188502e-01,-6.312563e-01,-4.842217e-02
21.800,-1.958130e-02,1.481151e-02,-5.558081e-02,-2.294354e-01,1.333672e+00,-2.886429e+00,-6.311699e-02,1.681251e-01,-2.567472e-01,-2.391546e-01,-5.246054e-01,8.425999e-02
22.000,-2.046818e-02,1.238608e-02,-5.366179e-02,-2.609740e-01,1.288324e+00,-2.890205e+00,-6.712374e-02,1.708145e-01,-2.676462e-01,-2.829144e-01,-5.686808e-01,2.202990e-01
22.200,-2.174558e-02,9.767739e-03,-5.129483e-02,-2.988820e-01,1.237399e+00,-2.886628e+00,-7.134217e-02,1.730015e-01,-2.781106e-01,-3.612914e-01,-6.253190e-01,2.471107e-01
22.400,-2.375241e-02,6.965756e-03,-4.885983e-02,-3.466814e-01,1.181322e+00,-2.886429e+00,-7.588198e-02,1.746463e-01,-2.880897e-01,-4.877012e-01,-6.599279e-01,1.404952e-01
22.600,-2.659802e-02,4.109348e-03,-4.660516e-02,-4.066380e-01,1.122918e+00,-2.897487e+00,-8.091232e-02,1.757245e-01,-2.976024e-01,-5.970898e-01,-6.617056e-01,1.028998e-02
22.800,-2.969980e-02,1.348119e-03,-4.440642e-02,-4.740468e-01,1.064722e+00,-2.915192e+00,-8.654719e-02,1.762412e-01,-3.066765e-01,-6.273583e-01,-6.429892e-01,-1.738997e-02
23.000,-3.218082e-02,-1.232192e-03,-4.191896e-02,-5.398380e-01,1.007711e+00,-2.925988e+00,-9.274748e-02,1.762255e-01,-3.152886e-01,-5.499932e-01,-6.196623e-01,1.243551e-01
23.200,-3.337458e-02,-3.603958e-03,-3.882766e-02,-5.955063e-01,9.521024e-01,-2.916307e+00,-9.931268e-02,1.757167e-01,-3.233450e-01,-4.012896e-01,-5.938591e-01,3.862517e-01
23.400,-3.303960e-02,-5.761625e-03,-3.498977e-02,-6.364216e-01,8.981556e-01,-2.878907e+00,-1.059547e-01,1.747575e-01,-3.307067e-01,-2.272255e-01,-5.645225e-01,6.922166e-01
23.600,-3.122809e-02,-7.704339e-03,-3.040366e-02,-6.612376e-01,8.461955e-01,-2.812217e+00,-1.123713e-01,1.733910e-01,-3.372228e-01,-5.609441e-02,-5.322187e-01,9.929772e-01
23.800,-2.812075e-02,-9.435082e-03,-2.513977e-02,-6.703275e-01,7.964391e-01,-2.717674e+00,-1.182869e-01,1.716604e-01,-3.427504e-01,1.002136e-01,-4.985588e-01,1.267025e+00
24.000,-2.393975e-02,-1.095991e-02,-1.929688e-02,-6.647946e-01,7.490019e-01,-2.597919e+00,-1.234665e-01,1.696079e-01,-3.471646e-01,2.371606e-01,-4.651710e-01,1.506075e+00
24.200,-1.891254e-02,-1.229123e-02,-1.298436e-02,-6.460375e-01,7.038428e-01,-2.456050e+00,-1.277209e-01,1.672740e-01,-3.503612e-01,3.538150e-01,-4.336415e-01,1.707782e+00
24.400,-1.325746e-02,-1.344598e-02,-6.313582e-03,-6.155679e-01,6.608120e-01,-2.295304e+00,-1.309048e-01,1.646960e-01,-3.522583e-01,4.503926e-01,-4.049753e-01,1.871921e+00
24.600,-7.178792e-03,-1.444397e-02,6.054487e-04,-5.749410e-01,6.196908e-01,-2.118931e+00,-1.329151e-01,1.619073e-01,-3.527962e-01,5.275628e-01,-3.796973e-01,1.999170e+00
24.800,-8.645872e-04,-1.530614e-02,7.666109e-03,-5.257216e-01,5.802276e-01,-1.930134e+00,-1.336877e-01,1.589374e-01,-3.519367e-01,5.862235e-01,-3.579428e-01,2.090717e+00
25.000,5.514460e-03,-1.605312e-02,1.476654e-02,-4.694612e-01,5.421677e-01,-1.732033e+00,-1.331940e-01,1.558112e-01,-3.496624e-01,6.274338e-01,-3.395555e-01,2.148117e+00
25.200,1.180578e-02,-1.670419e-02,2.181076e-02,-4.076768e-01,5.052740e-01,-1.527630e+00,-1.314374e-01,1.525496e-01,-3.459757e-01,6.523877e-01,-3.241805e-01,2.173220e+00
25.400,1.787539e-02,-1.727668e-02,2.870952e-02,-3.418325e-01,4.693411e-01,-1.319784e+00,-1.284500e-01,1.491697e-01,-3.408973e-01,6.623915e-01,-3.113443e-01,2.168107e+00
25.600,2.360794e-02,-1.778561e-02,3.538098e-02,-2.733232e-01,4.342027e-01,-1.111188e+00,-1.242881e-01,1.456853e-01,-3.344652e-01,6.588357e-01,-3.005203e-01,2.135035e+00
25.800,2.890655e-02,-1.824364e-02,4.175115e-02,-2.034607e-01,3.997340e-01,-9.043592e-01,-1.190294e-01,1.421072e-01,-3.267325e-01,6.431448e-01,-2.911838e-01,2.076364e+00
26.000,3.369172e-02,-1.866123e-02,4.775396e-02,-1.334686e-01,3.658492e-01,-7.016264e-01,-1.127689e-01,1.384440e-01,-3.177667e-01,6.167192e-01,-2.828657e-01,1.994469e+00
26.200,3.790158e-02,-1.904652e-02,5.333183e-02,-6.446490e-02,3.325023e-01,-5.051135e-01,-1.056155e-01,1.347022e-01,-3.076472e-01,5.810946e-01,-2.750806e-01,1.891969e+00
26.400,4.148921e-02,-1.940578e-02,5.843489e-02,2.528141e-03,2.996786e-01,-3.167570e-01,-9.768877e-02,1.308872e-01,-2.964641e-01,5.373134e-01,-2.675020e-01,1.770803e+00
26.600,4.441867e-02,-1.974327e-02,6.306613e-02,6.657077e-02,2.673853e-01,-1.397643e-01,-8.911657e-02,1.270029e-01,-2.843111e-01,4.865702e-01,-2.595909e-01,1.633421e+00
26.800,4.656451e-02,-2.006903e-02,6.712966e-02,1.258717e-01,2.355683e-01,2.158827e-02,-8.003721e-02,1.230524e-01,-2.712869e-01,4.019456e-01,-2.508730e-01,1.425760e+00
27.000,4.710729e-02,-2.042967e-02,6.998028e-02,1.716608e-01,2.039117e-01,1.480765e-01,-7.068669e-02,1.190322e-01,-2.575697e-01,2.200785e-01,-2.450787e-01,9.937040e-01
27.200,4.622286e-02,-2.081501e-02,7.163517e-02,2.038552e-01,1.726489e-01,2.400821e-01,-6.138370e-02,1.149357e-01,-2.434104e-01,8.167522e-02,-2.363584e-01,6.310346e-01
27.400,4.421594e-02,-2.118227e-02,7.221572e-02,2.242893e-01,1.425446e-01,3.015618e-01,-5.237776e-02,1.107618e-01,-2.290347e-01,-3.341232e-02,-2.182284e-01,3.077515e-01
27.600,4.135200e-02,-2.149123e-02,7.183736e-02,2.346340e-01,1.143894e-01,3.361729e-01,-4.386377e-02,1.065180e-01,-2.146453e-01,-1.258052e-01,-1.911198e-01,2.476375e-02
27.800,3.785205e-02,-2.170074e-02,7.061290e-02,2.363475e-01,8.906605e-02,3.474243e-01,-3.598891e-02,1.022203e-01,-2.004222e-01,-1.974566e-01,-1.550935e-01,-2.179050e-01
28.000,3.397305e-02,-2.177504e-02,6.869213e-02,2.314010e-01,6.738372e-02,3.398832e-01,-2.885561e-02,9.789265e-02,-1.865209e-01,-2.347155e-01,-1.145784e-01,-3.947683e-01
28.200,3.020661e-02,-2.170049e-02,6.640879e-02,2.243803e-01,4.947159e-02,3.235868e-01,-2.248822e-02,9.356425e-02,-1.730456e-01,-2.261883e-01,-7.568257e-02,-4.683969e-01
28.400,2.657234e-02,-2.147071e-02,6.381530e-02,2.158101e-01,3.550598e-02,3.001451e-01,-1.685459e-02,8.926497e-02,-1.600597e-01,-2.269431e-01,-3.172969e-02,-5.471630e-01
28.600,2.651873e-02,-1.480131e-02,5.807606e-02,2.222142e-01,1.557415e-01,1.770570e-01,-1.359465e-02,8.857494e-02,-1.540522e-01,3.053833e-01,2.342462e+00,-2.472319e+00
28.800,2.714118e-02,-8.781063e-03,4.868613e-02,2.406262e-01,3.252847e-01,-7.062744e-02,-8.264503e-03,8.617490e-02,-1.433660e-01,1.301649e-01,1.334633e+00,-2.478544e+00
29.000,2.677511e-02,-5.581289e-03,4.112338e-02,2.361341e-01,4.174338e-01,-3.183959e-01,-2.794626e-03,8.478687e-02,-1.343859e-01,-2.423903e-01,5.907595e-01,-2.483199e+00
29.200,2.193459e-02,-4.420198e-03,3.299666e-02,1.873404e-01,4.468660e-01,-5.667000e-01,2.157596e-03,8.381845e-02,-1.269733e-01,-6.880768e-01,6.366496e-02,-2.490696e+00
29.400,1.481398e-02,-4.815990e-03,2.667899e-02,1.155285e-01,4.284126e-01,-7.471973e-01,5.823415e-03,8.292254e-02,-1.210995e-01,-6.419940e-01,-3.605950e-01,-1.014474e+00
29.600,9.910502e-03,-6.383126e-03,2.505927e-02,6.409774e-02,3.866208e-01,-7.958380e-01,8.266360e-03,8.180481e-02,-1.159643e-01,-4.155107e-01,-4.178922e-01,-2.185619e-01
29.800,6.691681e-03,-7.784455e-03,2.457151e-02,3.019033e-02,3.487088e-01,-8.068653e-01,9.911911e-03,8.038131e-02,-1.110100e-01,-2.767504e-01,-3.286056e-01,-5.472440e-02
30.000,4.599080e-03,-8.772560e-03,2.441832e-02,8.120808e-03,3.212743e-01,-8.077210e-01,1.103159e-02,7.871760e-02,-1.061145e-01,-1.743423e-01,-2.205570e-01,7.833310e-03
30.200,3.335912e-03,-9.379020e-03,2.437616e-02,-5.226678e-03,3.036221e-01,-8.049255e-01,1.182023e-02,7.689604e-02,-1.012363e-01,-1.009948e-01,-1.354785e-01,2.654293e-02
30.400,2.627331e-03,-9.715977e-03,2.435034e-02,-1.266098e-02,2.929519e-01,-8.012803e-01,1.241588e-02,7.498194e-02,-9.636394e-02,-5.420855e-02,-7.921046e-02,2.882176e-02
30.600,2.244870e-03,-9.883766e-03,2.431128e-02,-1.653844e-02,2.866461e-01,-7.976996e-01,1.290546e-02,7.301878e-02,-9.149793e-02,-2.768539e-02,-4.597315e-02,2.662583e-02
30.800,2.035477e-03,-9.955678e-03,2.425463e-02,-1.848696e-02,2.827993e-01,-7.943861e-01,1.333760e-02,7.103259e-02,-8.664152e-02,-1.387885e-02,-2.810264e-02,2.392901e-02
30.960,2.527745e-03,-8.669424e-03,2.037075e-02,-2.440705e-03,3.061360e-01,-8.569196e-01,1.390410e-02,6.865777e-02,-8.097556e-02,1.424150e-01,4.263300e-01,-1.000754e+00
31.160,2.571612e-03,-7.025663e-03,1.619034e-02,1.067611e-02,3.396710e-01,-9.303890e-01,1.442026e-02,6.709395e-02,-7.734711e-02,1.289162e-01,4.634434e-01,-9.179365e-01
31.360,2.210082e-03,-4.912996e-03,1.167789e-02,2.100321e-02,3.838551e-01,-1.012011e+00,1.490708e-02,6.590293e-02,-7.457637e-02,9.029701e-02,5.833599e-01,-1.030765e+00
31.560,1.604441e-03,-2.421396e-03,6.987471e-03,2.898658e-02,4.370841e-01,-1.099465e+00,1.529214e-02,6.517556e-02,-7.272880e-02,7.147519e-02,6.566057e-01,-1.048605e+00
31.760,8.893671e-04,4.292545e-04,2.137418e-03,3.561127e-02,4.990857e-01,-1.192292e+00,1.554373e-02,6.498138e-02,-7.183023e-02,6.307833e-02,7.507154e-01,-1.104089e+00
31.960,1.460203e-04,3.642345e-03,-2.934819e-03,4.176256e-02,5.707017e-01,-1.292315e+00,1.564774e-02,6.539538e-02,-7.192415e-02,6.544288e-02,8.271041e-01,-1.139224e+00
32.160,-5.017526e-04,7.097429e-03,-8.051166e-03,4.841538e-02,6.498320e-01,-1.395759e+00,1.561195e-02,6.647717e-02,-7.303592e-02,7.772040e-02,8.846126e-01,-1.140512e+00
32.360,-1.021272e-03,1.076042e-02,-1.321750e-02,5.630873e-02,7.362649e-01,-1.502446e+00,1.546026e-02,6.826936e-02,-7.517126e-02,9.606244e-02,9.528577e-01,-1.161535e+00
32.560,-1.384079e-03,1.454769e-02,-1.834337e-02,6.589890e-02,8.289070e-01,-1.610610e+00,1.521997e-02,7.080748e-02,-7.833542e-02,1.194936e-01,9.916021e-01,-1.135004e+00
32.760,-1.577543e-03,1.834386e-02,-2.328662e-02,7.740641e-02,9.255464e-01,-1.716876e+00,1.492475e-02,7.410342e-02,-8.250360e-02,1.418021e-01,1.012578e+00,-1.086303e+00
32.960,-1.639941e-03,2.208717e-02,-2.801321e-02,9.067843e-02,1.025060e+00,-1.820333e+00,1.460352e-02,7.815179e-02,-8.763557e-02,1.627794e-01,1.021525e+00,-1.025894e+00
33.160,-1.535656e-03,2.571182e-02,-3.241372e-02,1.059748e-01,1.126195e+00,-1.918688e+00,1.428530e-02,8.293570e-02,-9.367790e-02,1.860272e-01,1.015706e+00,-9.387482e-01
33.360,-1.250037e-03,2.917084e-02,-3.641441e-02,1.233576e-01,1.227832e+00,-2.010306e+00,1.400509e-02,8.842586e-02,-1.005567e-01,2.079722e-01,1.002956e+00,-8.435736e-01
33.560,-7.888443e-04,3.242884e-02,-3.996845e-02,1.426532e-01,1.329049e+00,-2.094319e+00,1.379778e-02,9.458588e-02,-1.081882e-01,2.269643e-01,9.767795e-01,-7.356788e-01
33.760,-1.610190e-04,3.543087e-02,-4.299996e-02,1.635049e-01,1.428331e+00,-2.169335e+00,1.369784e-02,1.013703e-01,-1.164754e-01,2.389124e-01,9.337052e-01,-6.178833e-01
33.960,5.609116e-04,3.808380e-02,-4.543039e-02,1.848977e-01,1.523042e+00,-2.233704e+00,1.373058e-02,1.087182e-01,-1.253059e-01,2.391759e-01,8.630972e-01,-4.840410e-01
34.160,1.343335e-03,4.034314e-02,-4.722483e-02,2.061981e-01,1.611648e+00,-2.286860e+00,1.391069e-02,1.165548e-01,-1.345557e-01,2.327804e-01,7.797683e-01,-3.500787e-01
34.360,2.156209e-03,4.217073e-02,-4.835737e-02,2.268219e-01,1.692720e+00,-2.328399e+00,1.424709e-02,1.247982e-01,-1.440961e-01,2.193809e-01,6.787017e-01,-2.095263e-01
34.560,2.962936e-03,4.350490e-02,-4.877438e-02,2.461169e-01,1.764164e+00,-2.357013e+00,1.474211e-02,1.333552e-01,-1.537887e-01,1.986973e-01,5.605366e-01,-6.404340e-02
34.760,3.723948e-03,4.433613e-02,-4.850685e-02,2.635427e-01,1.825126e+00,-2.373341e+00,1.539065e-02,1.421262e-01,-1.634936e-01,1.721956e-01,4.364432e-01,6.911184e-02
34.960,4.397714e-03,4.461732e-02,-4.753222e-02,2.784537e-01,1.873894e+00,-2.376786e+00,1.617961e-02,1.510072e-01,-1.730738e-01,1.381334e-01,2.867078e-01,2.178504e-01
35.160,4.951212e-03,4.429490e-02,-4.582698e-02,2.903153e-01,1.908427e+00,-2.366342e+00,1.708838e-02,1.598815e-01,-1.823836e-01,1.003805e-01,1.290320e-01,3.596538e-01
35.360,5.350669e-03,4.338915e-02,-4.347912e-02,2.987505e-01,1.928520e+00,-2.343688e+00,1.809012e-02,1.686305e-01,-1.912863e-01,5.919056e-02,-2.630314e-02,4.781656e-01
35.560,5.565383e-03,4.185476e-02,-4.045869e-02,3.031440e-01,1.932492e+00,-2.308158e+00,1.915130e-02,1.771344e-01,-1.996528e-01,1.219465e-02,-2.052464e-01,6.133737e-01
35.760,5.595441e-03,3.972987e-02,-3.684838e-02,3.034469e-01,1.920507e+00,-2.261123e+00,2.023566e-02,1.852696e-01,-2.073547e-01,-3.321784e-02,-3.675393e-01,7.161498e-01
35.960,5.437141e-03,3.703858e-02,-3.271055e-02,2.995463e-01,1.892620e+00,-2.203746e+00,2.130717e-02,1.929230e-01,-2.142839e-01,-8.143276e-02,-5.413833e-01,8.193568e-01
36.160,5.091058e-03,3.375405e-02,-2.801649e-02,2.911160e-01,1.847568e+00,-2.135396e+00,2.232821e-02,1.999767e-01,-2.203297e-01,-1.284555e-01,-7.103830e-01,9.118936e-01
36.360,4.599656e-03,2.998198e-02,-2.291254e-02,2.787124e-01,1.787328e+00,-2.058798e+00,2.326669e-02,2.063227e-01,-2.253958e-01,-1.686653e-01,-8.537304e-01,9.706114e-01
36.560,3.974092e-03,2.574002e-02,-1.741171e-02,2.622517e-01,1.711920e+00,-1.974446e+00,2.409609e-02,2.118682e-01,-2.294052e-01,-2.123760e-01,-1.009157e+00,1.036170e+00
36.760,3.263061e-03,2.109381e-02,-1.157403e-02,2.421860e-01,1.622458e+00,-1.883465e+00,2.479426e-02,2.165232e-01,-2.322816e-01,-2.454528e-01,-1.132206e+00,1.073249e+00
36.960,2.526054e-03,1.618019e-02,-5.553855e-03,2.194307e-01,1.521948e+00,-1.788675e+00,2.535173e-02,2.202221e-01,-2.339747e-01,-2.706599e-01,-1.225492e+00,1.080996e+00
37.160,1.766974e-03,1.100607e-02,6.744018e-04,1.938515e-01,1.410393e+00,-1.690014e+00,2.576397e-02,2.229133e-01,-2.344467e-01,-2.971100e-01,-1.321695e+00,1.094665e+00
37.360,1.062359e-03,5.718018e-03,6.959643e-03,1.666756e-01,1.291145e+00,-1.589853e+00,2.603440e-02,2.245577e-01,-2.336691e-01,-3.070875e-01,-1.367152e+00,1.071385e+00
37.560,4.349932e-04,4.301078e-04,1.317967e-02,1.385878e-01,1.167027e+00,-1.490362e+00,2.617837e-02,2.251478e-01,-2.316467e-01,-3.176521e-01,-1.400221e+00,1.034320e+00
37.760,-1.209248e-04,-4.840776e-03,1.934024e-02,1.095768e-01,1.038526e+00,-1.391643e+00,2.620814e-02,2.246821e-01,-2.283881e-01,-3.181178e-01,-1.406910e+00,9.904683e-01
37.960,-5.390841e-04,-9.900770e-03,2.521319e-02,8.128075e-02,9.104883e-01,-1.296818e+00,2.614609e-02,2.231842e-01,-2.239278e-01,-3.043305e-01,-1.360681e+00,9.066152e-01
38.160,-9.009444e-04,-1.464285e-02,3.057875e-02,5.358803e-02,7.858821e-01,-1.210420e+00,2.601329e-02,2.207087e-01,-2.183454e-01,-2.993467e-01,-1.289673e+00,7.633560e-01
38.360,-1.217989e-03,-1.893824e-02,3.523627e-02,2.712222e-02,6.682923e-01,-1.136008e+00,2.581645e-02,2.173316e-01,-2.117639e-01,-2.791496e-01,-1.175634e+00,6.025455e-01
38.560,-1.475066e-03,-2.263477e-02,3.898823e-02,3.011434e-03,5.619013e-01,-1.076185e+00,2.556667e-02,2.131579e-01,-2.043438e-01,-2.494665e-01,-1.018046e+00,4.103023e-01
38.760,-1.716047e-03,-2.559000e-02,4.167544e-02,-1.821009e-02,4.706831e-01,-1.033270e+00,2.527287e-02,2.083216e-01,-1.962845e-01,-2.241370e-01,-8.168887e-01,2.191636e-01
38.960,-2.134603e-03,-2.766639e-02,4.336474e-02,-3.833511e-02,3.984775e-01,-1.006282e+00,2.491469e-02,2.029869e-01,-1.877946e-01,-2.065171e-01,-5.975010e-01,5.745347e-02
39.160,-2.435904e-03,-2.893987e-02,4.432624e-02,-5.455415e-02,3.440668e-01,-9.868763e-01,2.448259e-02,1.973238e-01,-1.790459e-01,-1.517844e-01,-4.034352e-01,-4.777886e-03
39.360,-2.510201e-03,-2.949369e-02,4.466876e-02,-6.561450e-02,3.059608e-01,-9.718970e-01,2.401435e-02,1.914831e-01,-1.701694e-01,-9.192488e-02,-2.262096e-01,-4.825152e-02
39.560,-2.348328e-03,-2.942294e-02,4.448502e-02,-7.139388e-02,2.824031e-01,-9.597182e-01,2.355650e-02,1.855984e-01,-1.612787e-01,-3.483661e-02,-7.105172e-02,-7.734690e-02
39.760,-1.985875e-03,-2.882597e-02,4.385614e-02,-7.231935e-02,2.715053e-01,-9.495219e-01,2.315219e-02,1.797840e-01,-1.524704e-01,1.513498e-02,5.979706e-02,-9.672771e-02
39.960,-1.475466e-03,-2.780488e-02,4.286172e-02,-6.908974e-02,2.712055e-01,-9.407623e-01,2.283562e-02,1.741345e-01,-1.438250e-01,5.573139e-02,1.652887e-01,-1.096648e-01
40.200,8.522979e-05,-2.766797e-02,4.378626e-02,-3.332546e-02,2.508773e-01,-8.499627e-01,2.392170e-02,1.688557e-01,-1.373204e-01,6.556674e-02,5.383352e-01,1.145021e+00
40.400,2.817357e-03,-2.197395e-02,4.674843e-02,-6.890781e-04,3.725496e-01,-7.618201e-01,2.404247e-02,1.639502e-01,-1.281408e-01,4.110256e-01,1.137728e+00,-1.201661e-01
40.600,5.055458e-03,-1.938796e-02,4.500312e-02,2.290835e-02,4.445886e-01,-8.188847e-01,2.491076e-02,1.598436e-01,-1.189290e-01,1.083249e-01,4.768651e-01,-7.990731e-01
40.800,5.017294e-03,-1.806024e-02,4.189022e-02,2.423523e-02,4.763668e-01,-9.033168e-01,2.596757e-02,1.561099e-01,-1.102384e-01,-5.022790e-02,2.076681e-01,-8.377909e-01
41.000,4.180002e-03,-1.744372e-02,3.923993e-02,1.670199e-02,4.889777e-01,-9.759395e-01,2.691177e-02,1.525640e-01,-1.021403e-01,-8.335413e-02,8.028116e-02,-6.304592e-01
41.200,3.412059e-03,-1.714895e-02,3.736711e-02,9.030013e-03,4.936080e-01,-1.026762e+00,2.768776e-02,1.491042e-01,-9.449311e-02,-6.777392e-02,3.237533e-02,-4.252259e-01
41.400,2.853756e-03,-1.697362e-02,3.608345e-02,3.334512e-03,4.952668e-01,-1.060154e+00,2.832991e-02,1.456895e-01,-8.715741e-02,-4.777880e-02,1.411655e-02,-2.808994e-01
41.600,2.454769e-03,-1.684501e-02,3.516688e-02,-6.740799e-04,4.956125e-01,-1.081942e+00,2.887661e-02,1.423046e-01,-8.003882e-02,-3.413935e-02,3.739911e-03,-1.876178e-01
41.800,2.152651e-03,-1.674717e-02,3.448415e-02,-3.608401e-03,4.950471e-01,-1.096149e+00,2.935318e-02,1.389423e-01,-7.307856e-02,-2.564058e-02,-4.411697e-03,-1.252979e-01
42.000,1.913434e-03,-1.667316e-02,3.396126e-02,-5.846965e-03,4.937776e-01,-1.105153e+00,2.977529e-02,1.355971e-01,-6.623796e-02,-1.980559e-02,-1.038941e-02,-8.138808e-02
42.200,1.721658e-03,-1.661504e-02,3.355406e-02,-7.571897e-03,4.920393e-01,-1.110427e+00,3.015386e-02,1.322650e-01,-5.948980e-02,-1.520427e-02,-1.395865e-02,-4.951043e-02
42.400,1.569379e-03,-1.656509e-02,3.323164e-02,-8.876851e-03,4.900542e-01,-1.112989e+00,3.049758e-02,1.289435e-01,-5.281417e-02,-1.136843e-02,-1.557832e-02,-2.639866e-02
42.600,1.450038e-03,-1.651781e-02,3.297043e-02,-9.833622e-03,4.879787e-01,-1.113602e+00,3.081373e-02,1.256317e-01,-4.619657e-02,-8.226597e-03,-1.598736e-02,-9.893722e-03
42.800,1.357121e-03,-1.647016e-02,3.275254e-02,-1.051096e-02,4.858998e-01,-1.112834e+00,3.110827e-02,1.223293e-01,-3.962664e-02,-5.754157e-03,-1.579993e-02,1.723938e-03
43.000,1.284599e-03,-1.642086e-02,3.256492e-02,-1.097233e-02,4.838556e-01,-1.111099e+00,3.138590e-02,1.190366e-01,-3.309710e-02,-3.871735e-03,-1.538974e-02,9.845036e-03
43.180,-2.533999e-03,-1.736895e-02,2.799327e-02,-5.456036e-02,4.449947e-01,-1.236995e+00,3.140162e-02,1.144846e-01,-2.475402e-02,-4.750176e-01,-2.839951e-01,-1.599472e+00
43.380,-5.929346e-03,-1.737432e-02,2.351022e-02,-1.017602e-01,4.311378e-01,-1.388308e+00,3.056250e-02,1.109953e-01,-1.962850e-02,-5.328485e-01,6.643885e-02,-1.972961e+00
43.580,-8.919747e-03,-1.601280e-02,1.871611e-02,-1.487717e-01,4.514263e-01,-1.559412e+00,2.906723e-02,1.076505e-01,-1.544704e-02,-4.660246e-01,4.367633e-01,-2.041830e+00
43.780,-1.118282e-02,-1.312420e-02,1.363089e-02,-1.891508e-01,5.106347e-01,-1.738660e+00,2.704928e-02,1.047368e-01,-1.225054e-02,-3.635326e-01,8.546824e-01,-2.080725e+00
43.980,-1.260280e-02,-8.665267e-03,8.136540e-03,-2.192570e-01,6.112801e-01,-1.922250e+00,2.466763e-02,1.025639e-01,-1.010796e-02,-2.297046e-01,1.290935e+00,-2.084579e+00
44.180,-1.304624e-02,-2.729164e-03,2.232909e-03,-2.356225e-01,7.529449e-01,-2.104628e+00,2.210497e-02,1.014392e-01,-9.101718e-03,-6.549473e-02,1.695044e+00,-2.022178e+00
44.380,-1.243322e-02,4.291856e-03,-3.991930e-03,-2.357052e-01,9.280396e-01,-2.278983e+00,1.956420e-02,1.016202e-01,-9.304485e-03,1.206955e-01,1.987369e+00,-1.876296e+00
44.580,-1.089282e-02,1.180616e-02,-1.049109e-02,-2.191533e-01,1.123392e+00,-2.439805e+00,1.724642e-02,1.032620e-01,-1.077252e-02,2.955089e-01,2.127360e+00,-1.680241e+00
44.780,-9.913946e-03,1.858194e-02,-1.790497e-02,-2.007586e-01,1.309229e+00,-2.607203e+00,1.521241e-02,1.063408e-01,-1.360588e-02,2.163064e-01,1.914366e+00,-1.901696e+00
44.980,-9.878708e-03,2.418455e-02,-2.625957e-02,-1.857104e-01,1.474100e+00,-2.782861e+00,1.326156e-02,1.106480e-01,-1.802443e-02,2.133016e-01,1.646630e+00,-1.821573e+00
45.180,-1.025953e-02,2.875303e-02,-3.505923e-02,-1.688816e-01,1.618491e+00,-2.947200e+00,1.126671e-02,1.159642e-01,-2.415858e-02,2.483797e-01,1.379649e+00,-1.588196e+00
45.380,-1.093630e-02,3.213276e-02,-4.402637e-02,-1.509770e-01,1.735465e+00,-3.094916e+00,9.172847e-03,1.220769e-01,-3.205926e-02,2.123059e-01,9.906730e-01,-1.463464e+00
45.580,-1.337565e-02,3.295504e-02,-5.361971e-02,-1.536465e-01,1.788930e+00,-3.263935e+00,6.781107e-03,1.286147e-01,-4.180161e-02,-9.918448e-02,1.675850e-01,-1.862104e+00
45.780,-1.721914e-02,3.064832e-02,-6.293410e-02,-1.817344e-01,1.761208e+00,-3.453900e+00,3.725925e-03,1.349854e-01,-5.345975e-02,-3.073577e-01,-7.004879e-01,-1.861963e+00
45.980,-2.102929e-02,2.587004e-02,-7.033878e-02,-2.234291e-01,1.665023e+00,-3.622157e+00,-1.221346e-04,1.406209e-01,-6.681651e-02,-3.792713e-01,-1.330724e+00,-1.423248e+00
46.180,-2.415287e-02,1.972525e-02,-7.500923e-02,-2.701611e-01,1.528021e+00,-3.746359e+00,-4.662029e-03,1.451425e-01,-8.137346e-02,-4.173647e-01,-1.631757e+00,-9.923664e-01
46.380,-2.548771e-02,1.359542e-02,-7.593923e-02,-3.078249e-01,1.386854e+00,-3.795809e+00,-9.660357e-03,1.484252e-01,-9.649106e-02,-2.634957e-01,-1.556389e+00,-1.617774e-01
46.580,-2.657257e-02,8.706351e-03,-7.505801e-02,-3.470668e-01,1.272876e+00,-3.824472e+00,-1.485918e-02,1.505935e-01,-1.115712e-01,-3.501602e-01,-1.134886e+00,-9.235845e-02
46.780,-2.855764e-02,4.724612e-03,-7.412813e-02,-3.980464e-01,1.179098e+00,-3.869390e+00,-2.036206e-02,1.518987e-01,-1.264503e-01,-4.973554e-01,-9.956041e-01,-4.289006e-01
46.980,-3.112976e-02,1.204743e-03,-7.345470e-02,-4.593626e-01,1.094252e+00,-3.938390e+00,-2.633347e-02,1.524600e-01,-1.411799e-01,-5.723634e-01,-9.016976e-01,-6.277664e-01
47.180,-3.358113e-02,-1.878959e-03,-7.254340e-02,-5.243537e-01,1.017193e+00,-4.014522e+00,-3.281637e-02,1.523644e-01,-1.557635e-01,-5.639639e-01,-8.128279e-01,-5.895702e-01
47.380,-3.529438e-02,-4.607826e-03,-7.081919e-02,-5.858417e-01,9.458312e-01,-4.075672e+00,-3.971805e-02,1.516911e-01,-1.700902e-01,-4.842602e-01,-7.500055e-01,-3.183258e-01
47.580,-3.583236e-02,-7.047260e-03,-6.783327e-02,-6.374102e-01,8.787986e-01,-4.101908e+00,-4.684192e-02,1.505033e-01,-1.839464e-01,-3.478606e-01,-6.974162e-01,1.369676e-01
47.780,-3.503692e-02,-9.221787e-03,-6.340579e-02,-6.753304e-01,8.157754e-01,-4.082993e+00,-5.393220e-02,1.488559e-01,-1.970549e-01,-1.910811e-01,-6.445503e-01,6.527859e-01
47.980,-3.295931e-02,-1.113340e-02,-5.756894e-02,-6.984174e-01,7.569293e-01,-4.017571e+00,-6.072620e-02,1.468016e-01,-2.091277e-01,-3.541734e-02,-5.888268e-01,1.155409e+00
48.180,-2.974332e-02,-1.277742e-02,-5.046753e-02,-7.068305e-01,7.025298e-01,-3.908385e+00,-6.698281e-02,1.443940e-01,-2.198967e-01,1.093811e-01,-5.309005e-01,1.612070e+00
48.380,-2.556918e-02,-1.415201e-02,-4.235183e-02,-7.014057e-01,6.527910e-01,-3.758121e+00,-7.249385e-02,1.416873e-01,-2.291378e-01,2.384553e-01,-4.719768e-01,2.007964e+00
48.580,-2.063342e-02,-1.526276e-02,-3.343624e-02,-6.833175e-01,6.077788e-01,-3.571996e+00,-7.708915e-02,1.387355e-01,-2.366717e-01,3.497933e-01,-4.139780e-01,2.337806e+00
48.780,-1.529077e-02,-1.617679e-02,-2.407880e-02,-6.554360e-01,5.663043e-01,-3.363495e+00,-8.064599e-02,1.355869e-01,-2.423645e-01,3.972121e-01,-3.797154e-01,2.428698e+00
48.980,-1.003204e-02,-1.696803e-02,-1.491583e-02,-6.229911e-01,5.269683e-01,-3.150214e+00,-8.314614e-02,1.322712e-01,-2.462093e-01,4.259892e-01,-3.510124e-01,2.450461e+00
49.180,-4.846521e-03,-1.761535e-02,-5.928139e-03,-5.857993e-01,4.904342e-01,-2.931161e+00,-8.460506e-02,1.288147e-01,-2.482440e-01,4.518232e-01,-3.121301e-01,2.475447e+00
49.380,1.559726e-04,-1.808504e-02,2.883626e-03,-5.449622e-01,4.576956e-01,-2.706707e+00,-8.504766e-02,1.252500e-01,-2.485034e-01,4.635852e-01,-2.655082e-01,2.492445e+00
49.580,4.964474e-03,-1.837983e-02,1.152792e-02,-5.007238e-01,4.288946e-01,-2.477193e+00,-8.451457e-02,1.216129e-01,-2.470234e-01,4.805515e-01,-2.209418e-01,2.500000e+00
49.780,9.603526e-03,-1.850373e-02,2.004673e-02,-4.529331e-01,4.040389e-01,-2.243790e+00,-8.304149e-02,1.179375e-01,-2.438332e-01,4.988630e-01,-1.763965e-01,2.500000e+00
49.980,1.409046e-02,-1.845949e-02,2.845145e-02,-4.015759e-01,3.831398e-01,-2.006844e+00,-8.066042e-02,1.142573e-01,-2.389561e-01,5.177217e-01,-1.325197e-01,2.500000e+00
50.180,1.843727e-02,-1.825183e-02,3.674383e-02,-3.467077e-01,3.661475e-01,-1.766408e+00,-7.740049e-02,1.106051e-01,-2.324150e-01,5.364446e-01,-9.002583e-02,2.500000e+00
50.380,2.265092e-02,-1.788837e-02,4.492543e-02,-2.884316e-01,3.529449e-01,-1.522536e+00,-7.328891e-02,1.070126e-01,-2.242321e-01,5.544681e-01,-4.957804e-02,2.500000e+00
50.580,2.673340e-02,-1.737979e-02,5.299619e-02,-2.268986e-01,3.433578e-01,-1.275280e+00,-6.835215e-02,1.035091e-01,-2.144295e-01,5.716135e-01,-1.197845e-02,2.500000e+00
50.780,3.068581e-02,-1.674070e-02,6.096601e-02,-1.622547e-01,3.371281e-01,-1.024856e+00,-6.261625e-02,1.001218e-01,-2.030285e-01,5.875310e-01,2.216899e-02,2.500000e+00
50.980,3.450189e-02,-1.598774e-02,6.892068e-02,-9.466686e-02,3.339398e-01,-7.739569e-01,-5.610789e-02,9.687444e-02,-1.900376e-01,6.018952e-01,5.230236e-02,2.500000e+00
51.180,3.817613e-02,-1.514047e-02,7.688356e-02,-2.434236e-02,3.334270e-01,-5.233090e-01,-4.885486e-02,9.378725e-02,-1.754554e-01,6.144572e-01,7.789788e-02,2.500000e+00
51.380,4.167453e-02,-1.424225e-02,8.478015e-02,4.828239e-02,3.348143e-01,-2.729116e-01,-4.088657e-02,9.087561e-02,-1.592816e-01,6.084698e-01,7.779103e-02,2.500000e+00
51.580,4.439924e-02,-1.347129e-02,9.126511e-02,1.161760e-01,3.344290e-01,-3.011960e-02,-3.229127e-02,8.813091e-02,-1.416526e-01,5.102346e-01,4.668091e-02,2.283557e+00
51.780,4.621228e-02,-1.288267e-02,9.660567e-02,1.769492e-01,3.308622e-01,1.815090e-01,-2.325058e-02,8.551927e-02,-1.228508e-01,4.215868e-01,8.119484e-03,1.923277e+00
51.980,4.695297e-02,-1.253007e-02,1.005978e-01,2.282311e-01,3.226627e-01,3.523158e-01,-1.394939e-02,8.299976e-02,-1.031074e-01,2.686034e-01,-4.289663e-02,1.333793e+00
52.180,4.591041e-02,-1.258600e-02,1.022942e-01,2.611736e-01,3.058114e-01,4.518558e-01,-4.684848e-03,8.050389e-02,-8.280276e-02,6.564151e-02,-1.352810e-01,5.472305e-01
52.380,4.344458e-02,-1.297104e-02,1.019766e-01,2.777476e-01,2.818985e-01,4.889441e-01,4.217508e-03,7.795800e-02,-6.237569e-02,-9.425762e-02,-2.025143e-01,-9.668276e-02
52.580,3.989590e-02,-1.355448e-02,9.995409e-02,2.803290e-01,2.537183e-01,4.737799e-01,1.251061e-02,7.531025e-02,-4.219670e-02,-2.189717e-01,-2.405850e-01,-6.187245e-01
52.780,3.564230e-02,-1.423580e-02,9.659179e-02,2.719813e-01,2.234790e-01,4.182649e-01,2.001795e-02,7.253252e-02,-2.256937e-02,-3.031552e-01,-2.575620e-01,-1.004035e+00
52.980,3.130416e-02,-1.486879e-02,9.259320e-02,2.586561e-01,1.945213e-01,3.447381e-01,2.665742e-02,6.962086e-02,-3.696178e-03,-3.015794e-01,-2.404943e-01,-1.082448e+00
53.180,2.713145e-02,-1.536691e-02,8.827850e-02,2.434018e-01,1.686788e-01,2.642913e-01,3.245288e-02,6.659442e-02,1.434471e-02,-3.045745e-01,-1.987589e-01,-1.161880e+00
53.400,3.765219e-02,2.488752e-02,8.244384e-02,2.322558e-01,1.820726e-01,1.977087e-01,3.573033e-02,6.532700e-02,2.468730e-02,2.454293e-01,2.500000e+00,-2.396168e+00
53.600,2.474863e-02,-3.233254e-03,7.320110e-02,2.464068e-01,4.245229e-01,-4.744901e-02,4.098455e-02,6.494258e-02,4.039710e-02,3.806669e-01,2.500000e+00,-2.458428e+00
53.800,2.731706e-02,2.611755e-03,6.632489e-02,2.702868e-01,6.009956e-01,-2.926345e-01,4.628425e-02,6.498349e-02,5.432665e-02,1.417185e-02,9.517788e-01,-2.456267e+00
54.000,2.495044e-02,3.684413e-03,5.848577e-02,2.476268e-01,6.348793e-01,-5.383408e-01,5.159766e-02,6.565661e-02,6.682615e-02,-4.154727e-01,-1.038148e-01,-2.465378e+00
54.200,1.924275e-02,2.060462e-03,5.024407e-02,1.903914e-01,5.898990e-01,-7.845910e-01,5.606670e-02,6.625626e-02,7.769731e-02,-6.777024e-01,-6.810664e-01,-2.472219e+00
54.400,1.228879e-02,-9.711009e-04,4.227037e-02,1.170203e-01,5.085284e-01,-1.031229e+00,5.923856e-02,6.636796e-02,8.694510e-02,-7.623163e-01,-8.804881e-01,-2.478478e+00
54.600,5.668741e-03,-4.104466e-03,3.582588e-02,4.853532e-02,4.170955e-01,-1.213555e+00,6.100741e-02,6.584935e-02,9.466839e-02,-5.507744e-01,-8.832936e-01,-1.001867e+00
54.800,2.116158e-03,-6.716745e-03,3.431012e-02,9.994443e-03,3.455483e-01,-1.256468e+00,6.174531e-02,6.474075e-02,1.016301e-01,-2.553969e-01,-5.451148e-01,-1.048270e-01
55.000,7.279045e-04,-8.157825e-03,3.440143e-02,-5.962407e-03,3.067877e-01,-1.251664e+00,6.201279e-02,6.322821e-02,1.084898e-01,-9.168956e-02,-2.586445e-01,1.073075e-01
55.200,3.209263e-04,-8.760802e-03,3.468795e-02,-1.092249e-02,2.899585e-01,-1.238368e+00,6.211583e-02,6.151875e-02,1.153981e-01,-2.290725e-02,-9.989843e-02,1.170838e-01
55.400,2.337576e-04,-8.947977e-03,3.481778e-02,-1.193503e-02,2.835676e-01,-1.227343e+00,6.217645e-02,5.973623e-02,1.223500e-01,-3.530810e-03,-3.687468e-02,7.917813e-02
55.640,1.857141e-03,-6.766552e-03,2.804022e-02,1.887947e-02,3.407964e-01,-1.317668e+00,6.256252e-02,5.708575e-02,1.328208e-01,1.819110e-01,5.252825e-01,-9.446292e-01
55.840,2.031006e-03,-5.069141e-03,2.305001e-02,3.303903e-02,3.839179e-01,-1.388614e+00,6.296932e-02,5.590030e-02,1.379102e-01,1.248311e-01,5.693720e-01,-1.000808e+00
56.040,1.695362e-03,-3.081366e-03,1.779691e-02,4.279112e-02,4.322164e-01,-1.465920e+00,6.335128e-02,5.508709e-02,1.419681e-01,8.638173e-02,5.858265e-01,-9.661170e-01
56.240,1.121006e-03,-8.460932e-04,1.259269e-02,5.002227e-02,4.843000e-01,-1.541220e+00,6.363860e-02,5.469594e-02,1.449846e-01,6.571517e-02,6.251268e-01,-9.232185e-01
56.440,4.288649e-04,1.707180e-03,7.343296e-03,5.608533e-02,5.428496e-01,-1.616089e+00,6.379719e-02,5.478409e-02,1.469598e-01,6.060250e-02,6.849606e-01,-8.873824e-01
56.640,-2.541711e-04,4.508234e-03,2.212322e-03,6.203748e-02,6.073273e-01,-1.687282e+00,6.381736e-02,5.541058e-02,1.478982e-01,6.535927e-02,7.259686e-01,-8.052958e-01
56.840,-9.550398e-04,7.402188e-03,-2.719150e-03,6.767358e-02,6.747982e-01,-1.752743e+00,6.370050e-02,5.660714e-02,1.478370e-01,6.446423e-02,7.497697e-01,-7.355992e-01
57.040,-1.681684e-03,1.032915e-02,-7.471114e-03,7.310651e-02,7.450820e-01,-1.813290e+00,6.344025e-02,5.838667e-02,1.468099e-01,6.837269e-02,7.575219e-01,-6.408729e-01
57.240,-2.338071e-03,1.325099e-02,-1.190818e-02,7.923488e-02,8.183243e-01,-1.866415e+00,6.304127e-02,6.075117e-02,1.448669e-01,8.253735e-02,7.742389e-01,-5.281184e-01
57.440,-2.892587e-03,1.616579e-02,-1.603525e-02,8.658188e-02,8.951672e-01,-1.912190e+00,6.252199e-02,6.369835e-02,1.420732e-01,9.971467e-02,8.048526e-01,-4.344505e-01
57.640,-3.297103e-03,1.906324e-02,-1.978895e-02,9.557177e-02,9.761444e-01,-1.950260e+00,6.190656e-02,6.722708e-02,1.384936e-01,1.220666e-01,8.322952e-01,-3.211950e-01
57.840,-3.499712e-03,2.193755e-02,-2.310130e-02,1.066300e-01,1.061412e+00,-1.979878e+00,6.123051e-02,7.133249e-02,1.342111e-01,1.475283e-01,8.671335e-01,-2.121821e-01
58.040,-3.477496e-03,2.479017e-02,-2.595438e-02,1.199543e-01,1.151122e+00,-2.001337e+00,6.053628e-02,7.601013e-02,1.293152e-01,1.731224e-01,8.987927e-01,-1.056015e-01
58.240,-3.207245e-03,2.760994e-02,-2.830175e-02,1.355956e-01,1.244964e+00,-2.014763e+00,5.987084e-02,8.125448e-02,1.239022e-01,1.978039e-01,9.275562e-01,-5.345945e-03
58.440,-2.666578e-03,3.038149e-02,-3.009706e-02,1.536430e-01,1.342332e+00,-2.019886e+00,5.928547e-02,8.705738e-02,1.180770e-01,2.227674e-01,9.484528e-01,1.000836e-01
58.640,-1.862928e-03,3.307744e-02,-3.132047e-02,1.739207e-01,1.442185e+00,-2.016969e+00,5.883372e-02,9.340629e-02,1.119529e-01,2.425299e-01,9.576164e-01,1.918267e-01
58.840,-8.244152e-04,3.565645e-02,-3.196684e-02,1.960323e-01,1.543096e+00,-2.006706e+00,5.856450e-02,1.002819e-01,1.056433e-01,2.575447e-01,9.480386e-01,2.817933e-01
59.040,4.409041e-04,3.806043e-02,-3.197683e-02,2.197936e-01,1.643122e+00,-1.988012e+00,5.852394e-02,1.076551e-01,9.926960e-02,2.684290e-01,9.175829e-01,3.769377e-01
59.240,1.833369e-03,4.019406e-02,-3.138963e-02,2.441758e-01,1.739149e+00,-1.961906e+00,5.874801e-02,1.154807e-01,9.295651e-02,2.642560e-01,8.542398e-01,4.458032e-01
59.440,3.273814e-03,4.194872e-02,-3.018678e-02,2.682223e-01,1.827858e+00,-1.928308e+00,5.925338e-02,1.236954e-01,8.682141e-02,2.491012e-01,7.408948e-01,5.357727e-01
59.640,4.470333e-03,4.292072e-02,-2.827491e-02,2.885218e-01,1.897340e+00,-1.884445e+00,6.002288e-02,1.321818e-01,8.100186e-02,1.885862e-01,5.026758e-01,6.113876e-01
59.840,5.332492e-03,4.304760e-02,-2.576689e-02,3.037486e-01,1.944939e+00,-1.833395e+00,6.099367e-02,1.407736e-01,7.562404e-02,1.285392e-01,2.560547e-01,6.839117e-01
60.040,5.863266e-03,4.228515e-02,-2.262558e-02,3.134203e-01,1.968435e+00,-1.774391e+00,6.210047e-02,1.492980e-01,7.081026e-02,6.377586e-02,-1.270700e-02,7.607769e-01
60.240,6.090842e-03,4.069747e-02,-1.895564e-02,3.176000e-01,1.968408e+00,-1.709399e+00,6.328047e-02,1.575819e-01,6.667818e-02,3.207739e-03,-2.581049e-01,8.033832e-01
60.440,6.037495e-03,3.832586e-02,-1.482264e-02,3.162949e-01,1.945147e+00,-1.639750e+00,6.447686e-02,1.654675e-01,6.332288e-02,-5.913838e-02,-5.161345e-01,8.448679e-01
60.640,5.730349e-03,3.517552e-02,-1.021290e-02,3.093637e-01,1.897868e+00,-1.565475e+00,6.563626e-02,1.727958e-01,6.084162e-02,-1.170673e-01,-7.542334e-01,8.643944e-01
60.840,5.229387e-03,3.139398e-02,-5.301144e-03,2.975209e-01,1.829764e+00,-1.489836e+00,6.671528e-02,1.794266e-01,5.931126e-02,-1.666941e-01,-9.546470e-01,8.463972e-01
61.040,4.560056e-03,2.701894e-02,-9.215831e-05,2.807377e-01,1.741310e+00,-1.413772e+00,6.767898e-02,1.852403e-01,5.878798e-02,-2.186653e-01,-1.163848e+00,8.300915e-01
61.240,3.792010e-03,2.217752e-02,5.309994e-03,2.597938e-01,1.635347e+00,-1.339219e+00,6.850079e-02,1.901287e-01,5.932377e-02,-2.571624e-01,-1.318711e+00,7.782076e-01
61.440,2.982814e-03,1.702781e-02,1.075671e-02,2.355695e-01,1.515852e+00,-1.268958e+00,6.916847e-02,1.940171e-01,6.093961e-02,-2.895457e-01,-1.440420e+00,7.003993e-01
61.640,2.156358e-03,1.161672e-02,1.625697e-02,2.081918e-01,1.383923e+00,-1.203668e+00,6.967561e-02,1.968480e-01,6.364605e-02,-3.166666e-01,-1.540725e+00,6.166989e-01
61.840,1.391004e-03,6.139209e-03,2.163030e-02,1.790844e-01,1.244762e+00,-1.145674e+00,7.002735e-02,1.985884e-01,6.743686e-02,-3.277095e-01,-1.575582e+00,5.016484e-01
62.040,6.943038e-04,6.893651e-04,2.680467e-02,1.486347e-01,1.101127e+00,-1.096584e+00,7.023800e-02,1.992382e-01,7.227582e-02,-3.410271e-01,-1.601819e+00,3.773251e-01
62.240,9.621031e-05,-4.640820e-03,3.171987e-02,1.175226e-01,9.557128e-01,-1.057040e+00,7.032246e-02,1.988094e-01,7.812063e-02,-3.392096e-01,-1.576043e+00,2.463237e-01
62.440,-3.651863e-04,-9.654106e-03,3.614901e-02,8.716867e-02,8.142711e-01,-1.029308e+00,7.030575e-02,1.973471e-01,8.489739e-02,-3.267457e-01,-1.490895e+00,8.005368e-02
62.640,-7.752262e-04,-1.424593e-02,3.983955e-02,5.736138e-02,6.802205e-01,-1.018852e+00,7.020645e-02,1.949263e-01,9.248378e-02,-3.186356e-01,-1.374229e+00,-1.453573e-01
62.840,-1.113300e-03,-1.827340e-02,4.262320e-02,2.924765e-02,5.581067e-01,-1.026625e+00,7.003507e-02,1.916459e-01,1.007137e-01,-2.942489e-01,-1.207579e+00,-3.582390e-01
63.040,-1.379226e-03,-2.159777e-02,4.433301e-02,3.873596e-03,4.523568e-01,-1.053065e+00,6.980618e-02,1.876334e-01,1.093903e-01,-2.604144e-01,-9.959840e-01,-5.757087e-01
63.240,-1.683049e-03,-2.406045e-02,4.491037e-02,-1.876975e-02,3.676566e-01,-1.096974e+00,6.952742e-02,1.830436e-01,1.182895e-01,-2.460908e-01,-7.190696e-01,-7.640056e-01
63.440,-2.141999e-03,-2.552176e-02,4.459894e-02,-3.983489e-02,3.085508e-01,-1.152398e+00,6.916741e-02,1.780697e-01,1.272043e-01,-2.089237e-01,-4.567295e-01,-7.897602e-01
63.640,-2.437361e-03,-2.616048e-02,4.384361e-02,-5.605497e-02,2.707386e-01,-1.203432e+00,6.873102e-02,1.728928e-01,1.360099e-01,-1.484650e-01,-2.316162e-01,-7.164164e-01
63.840,-2.496749e-03,-2.610401e-02,4.278202e-02,-6.665916e-02,2.513035e-01,-1.245962e+00,6.825991e-02,1.676634e-01,1.446333e-01,-8.493779e-02,-4.187789e-02,-6.049376e-01
64.040,-2.328600e-03,-2.548456e-02,4.152033e-02,-7.178899e-02,2.471000e-01,-1.277892e+00,6.780082e-02,1.625061e-01,1.530256e-01,-2.670933e-02,1.130048e-01,-4.812131e-01
64.240,-1.977075e-03,-2.442936e-02,4.013630e-02,-7.205141e-02,2.550486e-01,-1.298631e+00,6.739454e-02,1.575200e-01,1.611552e-01,2.247065e-02,2.321598e-01,-3.560712e-01
64.440,-1.499712e-03,-2.306052e-02,3.869014e-02,-6.829181e-02,2.721113e-01,-1.308484e+00,6.707151e-02,1.527790e-01,1.690041e-01,6.099579e-02,3.167883e-01,-2.373419e-01
64.640,-2.227091e-03,-1.659512e-02,3.659364e-02,-4.226238e-02,3.097059e-01,-1.253609e+00,6.778660e-02,1.468743e-01,1.772366e-01,2.311869e-01,6.575903e-01,3.268542e-01
64.840,1.931907e-03,-1.497770e-02,4.000229e-02,-1.420828e-02,3.700262e-01,-1.204226e+00,6.784258e-02,1.436666e-01,1.849894e-01,2.644689e-01,6.230487e-01,2.566527e-01
65.040,3.451208e-03,-1.220301e-02,4.033119e-02,8.069734e-03,4.179600e-01,-1.170866e+00,6.839062e-02,1.409725e-01,1.929838e-01,1.982611e-01,5.197504e-01,9.911178e-02
65.240,4.666247e-03,-1.033497e-02,4.029982e-02,2.487053e-02,4.557535e-01,-1.151813e+00,6.923124e-02,1.387195e-01,2.010409e-01,1.336496e-01,4.015283e-01,-4.758214e-02
65.440,5.215540e-03,-8.992205e-03,3.964706e-02,3.594853e-02,4.829193e-01,-1.145804e+00,7.023939e-02,1.367902e-01,2.090219e-01,7.416159e-02,2.910015e-01,-1.686407e-01
65.640,5.246943e-03,-8.156995e-03,3.848449e-02,4.170360e-02,5.000687e-01,-1.150531e+00,7.130354e-02,1.350766e-01,2.168206e-01,2.090539e-02,1.884722e-01,-2.648377e-01
65.840,4.855536e-03,-7.753114e-03,3.694380e-02,4.273382e-02,5.081412e-01,-1.163435e+00,7.232893e-02,1.334861e-01,2.243470e-01,-2.353610e-02,9.829112e-02,-3.323331e-01
66.040,4.147079e-03,-7.699481e-03,3.514213e-02,3.980605e-02,5.083252e-01,-1.181846e+00,7.324232e-02,1.319407e-01,2.315374e-01,-5.847554e-02,2.195675e-02,-3.717922e-01
66.240,2.742699e-03,-8.542219e-03,3.286784e-02,2.708219e-02,4.888836e-01,-1.215731e+00,7.396978e-02,1.303314e-01,2.383536e-01,-2.100900e-01,-2.851881e-01,-6.219565e-01
66.440,5.316712e-04,-9.943929e-03,2.992303e-02,6.768361e-03,4.514762e-01,-1.248129e+00,7.429997e-02,1.284926e-01,2.445824e-01,-2.130618e-01,-3.107148e-01,-5.007483e-01
66.640,-1.032039e-03,-1.123892e-02,2.827095e-02,-9.346564e-03,4.158046e-01,-1.254330e+00,7.424684e-02,1.263698e-01,2.503554e-01,-1.226286e-01,-2.574399e-01,-8.702360e-02
66.840,-1.645760e-03,-1.192508e-02,2.771657e-02,-1.727873e-02,3.926804e-01,-1.240434e+00,7.397910e-02,1.240427e-01,2.559213e-01,-3.762104e-02,-1.078334e-01,5.323289e-02
67.040,-1.609473e-03,-1.196488e-02,2.756099e-02,-1.876495e-02,3.823589e-01,-1.218983e+00,7.366127e-02,1.216471e-01,2.614261e-01,1.125388e-02,-4.287045e-03,9.078708e-02
67.240,-1.333093e-03,-1.167806e-02,2.742421e-02,-1.742194e-02,3.784448e-01,-1.196832e+00,7.338022e-02,1.192811e-01,2.669065e-01,2.414902e-02,2.987734e-02,8.159090e-02
67.440,-1.076718e-03,-1.133381e-02,2.717524e-02,-1.583988e-02,3.755379e-01,-1.176433e+00,7.315435e-02,1.169813e-01,2.723492e-01,1.822401e-02,2.226008e-02,6.255912e-02
67.640,-9.236058e-04,-1.105656e-02,2.682875e-02,-1.503136e-02,3.712344e-01,-1.157790e+00,7.296894e-02,1.147444e-01,2.777319e-01,8.540633e-03,3.449939e-03,4.935761e-02
67.840,-8.543794e-04,-1.085647e-02,2.643724e-02,-1.496188e-02,3.654308e-01,-1.140197e+00,7.280442e-02,1.125549e-01,2.830400e-01,2.284386e-03,-9.754823e-03,4.386248e-02
68.040,-8.224923e-04,-1.069907e-02,2.604163e-02,-1.524454e-02,3.588913e-01,-1.123043e+00,7.264881e-02,1.104006e-01,2.882692e-01,2.856435e-04,-1.443847e-02,4.338608e-02
68.240,-7.950371e-04,-1.055248e-02,2.566002e-02,-1.556316e-02,3.522815e-01,-1.106015e+00,7.249838e-02,1.082763e-01,2.934207e-01,7.015856e-04,-1.397762e-02,4.473862e-02
68.440,-7.602093e-04,-1.040167e-02,2.529373e-02,-1.578451e-02,3.458974e-01,-1.089049e+00,7.235374e-02,1.061817e-01,2.984978e-01,1.703672e-03,-1.205847e-02,4.588764e-02
68.640,-7.190572e-04,-1.024462e-02,2.493756e-02,-1.590340e-02,3.397662e-01,-1.072202e+00,7.221639e-02,1.041178e-01,3.035030e-01,2.396593e-03,-1.060360e-02,4.622582e-02
68.840,-6.762226e-04,-1.008457e-02,2.458677e-02,-1.595963e-02,3.338141e-01,-1.055539e+00,7.208713e-02,1.020857e-01,3.084378e-01,2.643646e-03,-1.000730e-02,4.596063e-02
69.040,-6.351286e-04,-9.924886e-03,2.423912e-02,-1.598826e-02,3.279702e-01,-1.039099e+00,7.196592e-02,1.000857e-01,3.133030e-01,2.621383e-03,-9.976946e-03,4.546645e-02
69.240,-5.970655e-04,-9.767312e-03,2.389431e-02,-1.600614e-02,3.221987e-01,-1.022885e+00,7.185228e-02,9.811733e-02,3.180993e-01,2.516739e-03,-1.014860e-02,4.498189e-02
69.440,-5.619807e-04,-9.612265e-03,2.355278e-02,-1.601675e-02,3.164910e-01,-1.006891e+00,7.174559e-02,9.618024e-02,3.228271e-01,2.426125e-03,-1.031770e-02,4.458265e-02
69.640,-5.293972e-04,-9.459573e-03,2.321501e-02,-1.601841e-02,3.108498e-01,-9.911072e-01,7.164533e-02,9.427392e-02,3.274872e-01,2.370333e-03,-1.042948e-02,4.425590e-02
69.840,-4.989012e-04,-9.308984e-03,2.288121e-02,-1.600927e-02,3.052790e-01,-9.755252e-01,7.155105e-02,9.239791e-02,3.320804e-01,2.337680e-03,-1.049979e-02,4.396830e-02
70.040,-4.702520e-04,-9.160357e-03,2.255145e-02,-1.598876e-02,2.997802e-01,-9.601406e-01,7.146237e-02,9.055181e-02,3.366075e-01,2.313197e-03,-1.055626e-02,4.369719e-02
70.240,-4.433273e-04,-9.013652e-03,2.222571e-02,-1.595737e-02,2.943527e-01,-9.449503e-01,7.137894e-02,8.873524e-02,3.410692e-01,2.288571e-03,-1.061586e-02,4.343451e-02
70.440,-4.180514e-04,-8.868882e-03,2.190397e-02,-1.591601e-02,2.889949e-01,-9.299512e-01,7.130045e-02,8.694781e-02,3.454664e-01,2.261429e-03,-1.068438e-02,4.318064e-02
70.640,-3.943552e-04,-8.726072e-03,2.158621e-02,-1.586560e-02,2.837048e-01,-9.151401e-01,7.122658e-02,8.518913e-02,3.497999e-01,2.232077e-03,-1.076203e-02,4.293841e-02
70.840,-3.721654e-04,-8.585240e-03,2.127245e-02,-1.580698e-02,2.784807e-01,-9.005136e-01,7.115702e-02,8.345880e-02,3.540705e-01,2.201286e-03,-1.084784e-02,4.271041e-02
71.040,-3.514064e-04,-8.446399e-03,2.096269e-02,-1.574086e-02,2.733209e-01,-8.860679e-01,7.109150e-02,8.175644e-02,3.582789e-01,2.169514e-03,-1.094129e-02,4.249840e-02
71.240,-3.320041e-04,-8.309560e-03,2.065696e-02,-1.566790e-02,2.682236e-01,-8.717993e-01,7.102975e-02,8.008163e-02,3.624260e-01,2.136881e-03,-1.104260e-02,4.230379e-02
71.440,-3.138875e-04,-8.174734e-03,2.035528e-02,-1.558873e-02,2.631873e-01,-8.577038e-01,7.097150e-02,7.843398e-02,3.665126e-01,2.103341e-03,-1.115240e-02,4.212796e-02
71.640,-2.969894e-04,-8.041933e-03,2.005769e-02,-1.550392e-02,2.582100e-01,-8.437772e-01,7.091653e-02,7.681309e-02,3.705394e-01,2.068807e-03,-1.127160e-02,4.197265e-02
71.840,-2.812466e-04,-7.911170e-03,1.976422e-02,-1.541402e-02,2.532901e-01,-8.300152e-01,7.086459e-02,7.521854e-02,3.745074e-01,2.033179e-03,-1.140130e-02,4.183989e-02
72.040,-2.665989e-04,-7.782461e-03,1.947492e-02,-1.531956e-02,2.484255e-01,-8.164133e-01,7.081548e-02,7.364993e-02,3.784172e-01,1.996397e-03,-1.154280e-02,4.173237e-02
72.240,-2.529894e-04,-7.655826e-03,1.918984e-02,-1.522101e-02,2.436142e-01,-8.029664e-01,7.076899e-02,7.210685e-02,3.822698e-01,1.958431e-03,-1.169761e-02,4.165344e-02
72.440,-2.403634e-04,-7.531289e-03,1.890907e-02,-1.511884e-02,2.388540e-01,-7.896694e-01,7.072492e-02,7.058888e-02,3.860660e-01,1.919305e-03,-1.186752e-02,4.160730e-02
72.640,-2.286684e-04,-7.408880e-03,1.863268e-02,-1.501345e-02,2.341425e-01,-7.765164e-01,7.068309e-02,6.909560e-02,3.898067e-01,1.879129e-03,-1.205460e-02,4.159936e-02
72.840,-2.178529e-04,-7.288632e-03,1.836079e-02,-1.490522e-02,2.294772e-01,-7.635010e-01,7.064332e-02,6.762658e-02,3.934928e-01,1.838127e-03,-1.226125e-02,4.163637e-02
73.040,-2.078660e-04,-7.170590e-03,1.809354e-02,-1.479444e-02,2.248553e-01,-7.506160e-01,7.060546e-02,6.618138e-02,3.971251e-01,1.796714e-03,-1.249025e-02,4.172712e-02
73.240,-1.986553e-04,-7.054805e-03,1.783110e-02,-1.468136e-02,2.202736e-01,-7.378532e-01,7.056934e-02,6.475956e-02,4.007046e-01,1.755560e-03,-1.274482e-02,4.188284e-02
73.440,-1.901657e-04,-6.941338e-03,1.757370e-02,-1.456610e-02,2.157286e-01,-7.252031e-01,7.053483e-02,6.336065e-02,4.042323e-01,1.715699e-03,-1.302865e-02,4.211801e-02
73.640,-1.821018e-04,-6.828813e-03,1.732094e-02,-1.444562e-02,2.112263e-01,-7.126204e-01,7.050181e-02,6.198431e-02,4.077091e-01,1.761447e-03,-1.312405e-02,4.311927e-02
73.840,-1.729042e-04,-6.716488e-03,1.707398e-02,-1.430215e-02,2.067983e-01,-7.000246e-01,7.047032e-02,6.063045e-02,4.111362e-01,2.043593e-03,-1.287790e-02,4.463364e-02
74.040,-1.602116e-04,-6.602136e-03,1.683480e-02,-1.411021e-02,2.024823e-01,-6.873881e-01,7.044084e-02,5.929921e-02,4.145147e-01,2.568978e-03,-1.219266e-02,4.640671e-02
74.240,-1.425765e-04,-6.484785e-03,1.660503e-02,-1.385020e-02,1.983143e-01,-6.746972e-01,7.041422e-02,5.799110e-02,4.178465e-01,3.249410e-03,-1.119141e-02,4.820155e-02
74.440,-1.193826e-04,-6.363748e-03,1.638505e-02,-1.350982e-02,1.943193e-01,-6.619567e-01,7.039152e-02,5.670679e-02,4.211335e-01,4.007679e-03,-9.974754e-03,4.984230e-02
74.640,-9.065908e-05,-6.238859e-03,1.617458e-02,-1.308372e-02,1.905128e-01,-6.491864e-01,7.037386e-02,5.544703e-02,4.243776e-01,4.775483e-03,-8.639975e-03,5.118333e-02
74.840,-5.698916e-05,-6.110339e-03,1.597267e-02,-1.257276e-02,1.869014e-01,-6.364192e-01,7.036229e-02,5.421258e-02,4.275807e-01,5.494516e-03,-7.275047e-03,5.211321e-02
75.040,-1.936458e-05,-5.978743e-03,1.577790e-02,-1.198306e-02,1.834835e-01,-6.236964e-01,7.035769e-02,5.300408e-02,4.307442e-01,6.118885e-03,-5.955022e-03,5.255812e-02
75.240,2.094563e-05,-5.844872e-03,1.558855e-02,-1.132490e-02,1.802511e-01,-6.110652e-01,7.036074e-02,5.182209e-02,4.338696e-01,6.615232e-03,-4.740474e-03,5.247985e-02
75.440,6.252141e-05,-5.709696e-03,1.540277e-02,-1.061156e-02,1.771905e-01,-5.985753e-01,7.037184e-02,5.066696e-02,4.369577e-01,6.962446e-03,-3.676836e-03,5.187291e-02
75.640,1.039027e-04,-5.574274e-03,1.521865e-02,-9.858257e-03,1.742846e-01,-5.862756e-01,7.039109e-02,4.953884e-02,4.400089e-01,7.150632e-03,-2.794756e-03,5.075996e-02
75.840,1.436827e-04,-5.439690e-03,1.503442e-02,-9.081083e-03,1.715135e-01,-5.742119e-01,7.041831e-02,4.843768e-02,4.430236e-01,7.179712e-03,-2.111159e-03,4.918660e-02
76.040,1.805824e-04,-5.306992e-03,1.484845e-02,-8.296150e-03,1.688563e-01,-5.624254e-01,7.045306e-02,4.736319e-02,4.460013e-01,7.057754e-03,-1.630824e-03,4.721576e-02
76.240,2.139123e-04,-5.174217e-03,1.465512e-02,-7.504308e-03,1.663596e-01,-5.510065e-01,7.049466e-02,4.631496e-02,4.489417e-01,7.866541e-03,4.222199e-03,3.959861e-02
76.440,2.500729e-04,-5.028093e-03,1.443755e-02,-6.682526e-03,1.643766e-01,-5.406472e-01,7.054316e-02,4.529475e-02,4.518410e-01,6.237573e-03,-2.172903e-03,4.276230e-02
76.640,2.712985e-04,-4.897321e-03,1.421568e-02,-5.976969e-03,1.622014e-01,-5.306394e-01,7.059742e-02,4.430257e-02,4.546963e-01,4.519544e-03,-1.993394e-03,3.151289e-02
76.840,2.724130e-04,-4.786415e-03,1.398055e-02,-5.469861e-03,1.597142e-01,-5.211615e-01,7.065384e-02,4.333442e-02,4.575064e-01,2.516545e-03,-4.953567e-03,2.645639e-02
77.040,2.570246e-04,-4.691512e-03,1.373451e-02,-5.137842e-03,1.569868e-01,-5.121327e-01,7.070861e-02,4.238677e-02,4.602683e-01,1.256158e-03,-6.862184e-03,2.384197e-02
77.240,2.342040e-04,-4.607042e-03,1.348770e-02,-4.906036e-03,1.541431e-01,-5.033649e-01,7.075937e-02,4.145696e-02,4.629810e-01,7.897771e-04,-7.586254e-03,2.307317e-02
77.440,2.107251e-04,-4.527165e-03,1.324560e-02,-4.708833e-03,1.512967e-01,-4.947388e-01,7.080538e-02,4.054351e-02,4.656449e-01,7.796844e-04,-7.537581e-03,2.307530e-02
77.640,1.897346e-04,-4.448214e-03,1.300950e-02,-4.510769e-03,1.485152e-01,-4.862122e-01,7.084688e-02,3.964590e-02,4.682611e-01,9.314106e-04,-7.181049e-03,2.325103e-02
77.840,1.718001e-04,-4.369043e-03,1.277914e-02,-4.301550e-03,1.458171e-01,-4.777768e-01,7.088446e-02,3.876410e-02,4.708309e-01,1.083144e-03,-6.833133e-03,2.339942e-02
78.040,1.561064e-04,-4.290060e-03,1.255364e-02,-4.085975e-03,1.431899e-01,-4.694406e-01,7.091866e-02,3.789813e-02,4.733552e-01,1.159596e-03,-6.626215e-03,2.340860e-02
78.240,1.416165e-04,-4.211989e-03,1.233206e-02,-3.872569e-03,1.406160e-01,-4.612173e-01,7.094981e-02,3.704787e-02,4.758350e-01,1.164419e-03,-6.539340e-03,2.328115e-02
78.440,1.277047e-04,-4.135311e-03,1.211383e-02,-3.666963e-03,1.380847e-01,-4.531160e-01,7.097809e-02,3.621309e-02,4.782710e-01,1.136573e-03,-6.499197e-03,2.308120e-02
78.640,1.141870e-04,-4.060172e-03,1.189879e-02,-3.470813e-03,1.355926e-01,-4.451396e-01,7.100359e-02,3.539349e-02,4.806638e-01,1.108350e-03,-6.449815e-03,2.286268e-02
78.840,1.011148e-04,-3.986502e-03,1.168693e-02,-3.283355e-03,1.331406e-01,-4.372866e-01,7.102639e-02,3.458877e-02,4.830141e-01,1.092629e-03,-6.372389e-03,2.265116e-02
79.040,8.858454e-05,-3.914174e-03,1.147829e-02,-3.103172e-03,1.307305e-01,-4.295542e-01,7.104660e-02,3.379865e-02,4.853225e-01,1.088199e-03,-6.273915e-03,2.245233e-02
79.240,7.664635e-05,-3.843094e-03,1.127286e-02,-2.929175e-03,1.283629e-01,-4.219396e-01,7.106432e-02,3.302287e-02,4.875896e-01,1.088999e-03,-6.168970e-03,2.226374e-02
79.440,6.529396e-05,-3.773220e-03,1.107061e-02,-2.760800e-03,1.260375e-01,-4.144405e-01,7.107968e-02,3.226118e-02,4.898160e-01,1.090143e-03,-6.068077e-03,2.208190e-02
79.640,5.449019e-05,-3.704540e-03,1.087149e-02,-2.597830e-03,1.237532e-01,-4.070548e-01,7.109280e-02,3.151335e-02,4.920025e-01,1.089672e-03,-5.974735e-03,2.190450e-02
79.840,4.419282e-05,-3.637050e-03,1.067546e-02,-2.440152e-03,1.215088e-01,-3.997808e-01,7.110378e-02,3.077913e-02,4.941496e-01,1.087773e-03,-5.887628e-03,2.173040e-02
80.040,3.436750e-05,-3.570741e-03,1.048245e-02,-2.287623e-03,1.193035e-01,-3.926166e-01,7.111271e-02,3.005830e-02,4.962580e-01,1.085382e-03,-5.803949e-03,2.155901e-02
80.240,2.498910e-05,-3.505595e-03,1.029243e-02,-2.140039e-03,1.171364e-01,-3.855607e-01,7.111970e-02,2.935061e-02,4.983282e-01,1.083244e-03,-5.721579e-03,2.138992e-02
80.440,1.603792e-05,-3.441590e-03,1.010535e-02,-1.997164e-03,1.150070e-01,-3.786114e-01,7.112483e-02,2.865584e-02,5.003608e-01,1.081630e-03,-5.639698e-03,2.122289e-02
80.640,7.495757e-06,-3.378701e-03,9.921155e-03,-1.858766e-03,1.129146e-01,-3.717671e-01,7.112818e-02,2.797375e-02,5.023564e-01,1.080464e-03,-5.558432e-03,2.105783e-02
80.840,-6.558800e-07,-3.316907e-03,9.739807e-03,-1.724630e-03,1.108586e-01,-3.650264e-01,7.112983e-02,2.730414e-02,5.043155e-01,1.079554e-03,-5.478246e-03,2.089475e-02
81.040,-8.435911e-06,-3.256188e-03,9.561257e-03,-1.594566e-03,1.088385e-01,-3.583876e-01,7.112987e-02,2.664678e-02,5.062388e-01,1.078750e-03,-5.399523e-03,2.073376e-02
81.240,-1.586298e-05,-3.196526e-03,9.385462e-03,-1.468401e-03,1.068536e-01,-3.518493e-01,7.112836e-02,2.600145e-02,5.081268e-01,1.077987e-03,-5.322419e-03,2.057495e-02
81.440,-2.295485e-05,-3.137902e-03,9.212378e-03,-1.345971e-03,1.049032e-01,-3.454099e-01,7.112537e-02,2.536796e-02,5.099801e-01,1.077265e-03,-5.246913e-03,2.041836e-02
81.640,-2.972812e-05,-3.080298e-03,9.041961e-03,-1.227117e-03,1.029867e-01,-3.390679e-01,7.112098e-02,2.474609e-02,5.117991e-01,1.076609e-03,-5.172904e-03,2.026399e-02
81.840,-3.619831e-05,-3.023697e-03,8.874172e-03,-1.111687e-03,1.011036e-01,-3.328218e-01,7.111524e-02,2.413565e-02,5.135844e-01,1.076033e-03,-5.100299e-03,2.011180e-02
82.040,-4.238004e-05,-2.968081e-03,8.708967e-03,-9.995334e-04,9.925329e-02,-3.266703e-01,7.110821e-02,2.353642e-02,5.153365e-01,1.075540e-03,-5.029039e-03,1.996175e-02
82.240,-4.828720e-05,-2.913433e-03,8.546308e-03,-8.905169e-04,9.743512e-02,-3.206119e-01,7.109995e-02,2.294823e-02,5.170559e-01,1.075120e-03,-4.959098e-03,1.981377e-02
82.440,-5.393303e-05,-2.859734e-03,8.386154e-03,-7.845047e-04,9.564857e-02,-3.146451e-01,7.109052e-02,2.237087e-02,5.187432e-01,1.074759e-03,-4.890467e-03,1.966784e-02
82.640,-5.933019e-05,-2.806970e-03,8.228466e-03,-6.813715e-04,9.389309e-02,-3.087687e-01,7.107997e-02,2.180416e-02,5.203988e-01,1.074445e-03,-4.823137e-03,1.952394e-02
82.840,-6.449073e-05,-2.755122e-03,8.073205e-03,-5.809981e-04,9.216814e-02,-3.029812e-01,7.106834e-02,2.124791e-02,5.220232e-01,1.074169e-03,-4.757095e-03,1.938204e-02
83.040,-6.942610e-05,-2.704175e-03,7.920333e-03,-4.832715e-04,9.047317e-02,-2.972813e-01,7.105568e-02,2.070195e-02,5.236170e-01,1.073924e-03,-4.692322e-03,1.924212e-02
83.240,-7.414720e-05,-2.654114e-03,7.769813e-03,-3.880839e-04,8.880767e-02,-2.916677e-01,7.104204e-02,2.016608e-02,5.251804e-01,1.073706e-03,-4.628797e-03,1.910416e-02
83.440,-7.866435e-05,-2.604922e-03,7.621609e-03,-2.953330e-04,8.717112e-02,-2.861391e-01,7.102746e-02,1.964015e-02,5.267142e-01,1.073511e-03,-4.566497e-03,1.896814e-02
83.640,-8.298739e-05,-2.556585e-03,7.475684e-03,-2.049211e-04,8.556302e-02,-2.806943e-01,7.101198e-02,1.912397e-02,5.282186e-01,1.073334e-03,-4.505401e-03,1.883403e-02
83.840,-8.712564e-05,-2.509087e-03,7.332002e-03,-1.167555e-04,8.398286e-02,-2.753319e-01,7.099564e-02,1.861737e-02,5.296941e-01,1.073171e-03,-4.445489e-03,1.870182e-02
84.040,-9.108797e-05,-2.462413e-03,7.190529e-03,-3.074795e-05,8.243015e-02,-2.700507e-01,7.097847e-02,1.812020e-02,5.311412e-01,1.073018e-03,-4.386742e-03,1.857148e-02
84.240,-9.488282e-05,-2.416550e-03,7.051231e-03,5.318563e-05,8.090443e-02,-2.648495e-01,7.096052e-02,1.763228e-02,5.325604e-01,1.072871e-03,-4.329140e-03,1.844299e-02
84.440,-9.851819e-05,-2.371483e-03,6.914073e-03,1.351251e-04,7.940521e-02,-2.597272e-01,7.094180e-02,1.715346e-02,5.339520e-01,1.072727e-03,-4.272665e-03,1.831632e-02
84.640,-1.020017e-04,-2.327198e-03,6.779022e-03,2.151465e-04,7.793203e-02,-2.546824e-01,7.092237e-02,1.668357e-02,5.353165e-01,1.072582e-03,-4.217299e-03,1.819146e-02
84.840,-1.053407e-04,-2.283681e-03,6.646046e-03,2.933221e-04,7.648444e-02,-2.497141e-01,7.090223e-02,1.622247e-02,5.366542e-01,1.072434e-03,-4.163021e-03,1.806839e-02
85.040,-1.085419e-04,-2.240919e-03,6.515112e-03,3.697208e-04,7.506199e-02,-2.448211e-01,7.088143e-02,1.576999e-02,5.379657e-01,1.072280e-03,-4.109813e-03,1.794707e-02
85.240,-1.116119e-04,-2.198899e-03,6.386189e-03,4.444083e-04,7.366425e-02,-2.400022e-01,7.085999e-02,1.532600e-02,5.392513e-01,1.072119e-03,-4.057659e-03,1.782751e-02
85.440,-1.145570e-04,-2.157608e-03,6.259246e-03,5.174469e-04,7.229078e-02,-2.352565e-01,7.083794e-02,1.489034e-02,5.405114e-01,1.071950e-03,-4.006538e-03,1.770967e-02
85.640,-1.173830e-04,-2.117033e-03,6.134251e-03,5.888962e-04,7.094115e-02,-2.305826e-01,7.081530e-02,1.446287e-02,5.417463e-01,1.071769e-03,-3.956433e-03,1.759353e-02
85.840,-1.200956e-04,-2.077162e-03,6.011176e-03,6.588127e-04,6.961496e-02,-2.259796e-01,7.079210e-02,1.404345e-02,5.429566e-01,1.071575e-03,-3.907326e-03,1.747908e-02
86.040,-1.227002e-04,-2.037981e-03,5.889989e-03,7.272504e-04,6.831179e-02,-2.214465e-01,7.076835e-02,1.363193e-02,5.441425e-01,1.071368e-03,-3.859200e-03,1.736629e-02
86.240,-1.252017e-04,-1.999480e-03,5.770662e-03,7.942607e-04,6.703124e-02,-2.169821e-01,7.074408e-02,1.322819e-02,5.453044e-01,1.071146e-03,-3.812035e-03,1.725515e-02
86.440,-1.276050e-04,-1.961647e-03,5.653167e-03,8.598924e-04,6.577292e-02,-2.125854e-01,7.071932e-02,1.283208e-02,5.464428e-01,1.070909e-03,-3.765814e-03,1.714564e-02
86.640,-1.299147e-04,-1.924469e-03,5.537474e-03,9.241923e-04,6.453643e-02,-2.082554e-01,7.069407e-02,1.244348e-02,5.475579e-01,1.070657e-03,-3.720520e-03,1.703773e-02
86.840,-1.321352e-04,-1.887935e-03,5.423556e-03,9.872047e-04,6.332141e-02,-2.039912e-01,7.066836e-02,1.206225e-02,5.486501e-01,1.070388e-03,-3.676134e-03,1.693141e-02
87.040,-1.342706e-04,-1.852035e-03,5.311386e-03,1.048972e-03,6.212747e-02,-1.997916e-01,7.064221e-02,1.168826e-02,5.497198e-01,1.070104e-03,-3.632637e-03,1.682666e-02
87.240,-1.363249e-04,-1.816756e-03,5.200937e-03,1.109535e-03,6.095426e-02,-1.956558e-01,7.061563e-02,1.132140e-02,5.507673e-01,1.069805e-03,-3.590013e-03,1.672346e-02
87.440,-1.383017e-04,-1.782089e-03,5.092182e-03,1.168932e-03,5.980139e-02,-1.915828e-01,7.058864e-02,1.096153e-02,5.517930e-01,1.069489e-03,-3.548243e-03,1.662179e-02
87.640,-1.402047e-04,-1.748023e-03,4.985095e-03,1.227200e-03,5.866853e-02,-1.875716e-01,7.056126e-02,1.060854e-02,5.527971e-01,1.069159e-03,-3.507308e-03,1.652163e-02
87.840,-1.420372e-04,-1.714546e-03,4.879651e-03,1.284373e-03,5.755533e-02,-1.836213e-01,7.053349e-02,1.026231e-02,5.537801e-01,1.068815e-03,-3.467189e-03,1.642296e-02
88.040,-1.438025e-04,-1.681650e-03,4.775824e-03,1.340486e-03,5.646144e-02,-1.797311e-01,7.050536e-02,9.922715e-03,5.547422e-01,1.068457e-03,-3.427868e-03,1.632576e-02
88.240,-1.455036e-04,-1.649323e-03,4.673589e-03,1.395571e-03,5.538652e-02,-1.758999e-01,7.047688e-02,9.589646e-03,5.556838e-01,1.068086e-03,-3.389325e-03,1.623001e-02
88.440,-1.471434e-04,-1.617557e-03,4.572923e-03,1.449657e-03,5.433025e-02,-1.721270e-01,7.044805e-02,9.262990e-03,5.566052e-01,1.067704e-03,-3.351541e-03,1.613568e-02
88.640,-1.487246e-04,-1.586340e-03,4.473800e-03,1.502774e-03,5.329230e-02,-1.684113e-01,7.041890e-02,8.942634e-03,5.575067e-01,1.067312e-03,-3.314495e-03,1.604276e-02
88.840,-1.502500e-04,-1.555664e-03,4.376197e-03,1.554950e-03,5.227236e-02,-1.647522e-01,7.038944e-02,8.628470e-03,5.583885e-01,1.066911e-03,-3.278167e-03,1.595121e-02
89.040,-1.517220e-04,-1.525520e-03,4.280091e-03,1.606212e-03,5.127010e-02,-1.611487e-01,7.035966e-02,8.320391e-03,5.592511e-01,1.066502e-03,-3.242538e-03,1.586103e-02
89.240,-1.531429e-04,-1.495897e-03,4.185459e-03,1.656584e-03,5.028523e-02,-1.575999e-01,7.032960e-02,8.018291e-03,5.600946e-01,1.066088e-03,-3.207585e-03,1.577218e-02
89.440,-1.545151e-04,-1.466787e-03,4.092278e-03,1.706092e-03,4.931744e-02,-1.541052e-01,7.029924e-02,7.722068e-03,5.609194e-01,1.065669e-03,-3.173288e-03,1.568463e-02
89.640,-1.558406e-04,-1.438182e-03,4.000526e-03,1.754759e-03,4.836643e-02,-1.506636e-01,7.026862e-02,7.431618e-03,5.617258e-01,1.065247e-03,-3.139625e-03,1.559837e-02
89.840,-1.571216e-04,-1.410071e-03,3.910182e-03,1.802606e-03,4.743192e-02,-1.472743e-01,7.023773e-02,7.146842e-03,5.625141e-01,1.064825e-03,-3.106574e-03,1.551336e-02
90.040,-1.583600e-04,-1.382448e-03,3.821222e-03,1.849656e-03,4.651361e-02,-1.439366e-01,7.020658e-02,6.867643e-03,5.632845e-01,1.064403e-03,-3.074113e-03,1.542958e-02
90.240,-1.595575e-04,-1.355302e-03,3.733628e-03,1.895929e-03,4.561123e-02,-1.406498e-01,7.017519e-02,6.593923e-03,5.640373e-01,1.063984e-03,-3.042219e-03,1.534700e-02
90.440,-1.607161e-04,-1.328627e-03,3.647376e-03,1.941443e-03,4.472449e-02,-1.374129e-01,7.014356e-02,6.325588e-03,5.647727e-01,1.063570e-03,-3.010871e-03,1.526560e-02
90.640,-1.618372e-04,-1.302414e-03,3.562448e-03,1.986218e-03,4.385313e-02,-1.342254e-01,7.011169e-02,6.062544e-03,5.654912e-01,1.063162e-03,-2.980046e-03,1.518534e-02
90.840,-1.629226e-04,-1.276654e-03,3.478822e-03,2.030273e-03,4.299688e-02,-1.310864e-01,7.007960e-02,5.804700e-03,5.661928e-01,1.062762e-03,-2.949721e-03,1.510620e-02
91.040,-1.639738e-04,-1.251340e-03,3.396479e-03,2.073623e-03,4.215549e-02,-1.279952e-01,7.004730e-02,5.551966e-03,5.668778e-01,1.062373e-03,-2.919874e-03,1.502814e-02
91.240,-1.649921e-04,-1.226465e-03,3.315399e-03,2.116286e-03,4.132868e-02,-1.249511e-01,7.001478e-02,5.304254e-03,5.675466e-01,1.061995e-03,-2.890483e-03,1.495115e-02
91.440,-1.659790e-04,-1.202020e-03,3.235563e-03,2.158277e-03,4.051621e-02,-1.219534e-01,6.998207e-02,5.061476e-03,5.681994e-01,1.061633e-03,-2.861526e-03,1.487520e-02
91.640,-1.669357e-04,-1.177998e-03,3.156951e-03,2.199611e-03,3.971783e-02,-1.190014e-01,6.994915e-02,4.823547e-03,5.688363e-01,1.061287e-03,-2.832982e-03,1.480026e-02
91.840,-1.678625e-04,-1.154392e-03,3.079548e-03,2.240312e-03,3.893330e-02,-1.160944e-01,6.991604e-02,4.590383e-03,5.694577e-01,1.060688e-03,-2.805463e-03,1.472557e-02
92.040,-1.687612e-04,-1.131194e-03,3.003332e-03,2.280393e-03,3.816239e-02,-1.132317e-01,6.988275e-02,4.361903e-03,5.700639e-01,1.060522e-03,-2.777435e-03,1.465300e-02
92.240,-1.696352e-04,-1.108398e-03,2.928283e-03,2.319842e-03,3.740483e-02,-1.104128e-01,6.984928e-02,4.138024e-03,5.706549e-01,1.060270e-03,-2.749712e-03,1.458082e-02
92.440,-1.704846e-04,-1.085998e-03,2.854384e-03,2.358680e-03,3.666039e-02,-1.076368e-01,6.981564e-02,3.918667e-03,5.712311e-01,1.059994e-03,-2.722544e-03,1.450956e-02
92.640,-1.713091e-04,-1.063985e-03,2.781620e-03,2.396929e-03,3.592888e-02,-1.049033e-01,6.978183e-02,3.703754e-03,5.717926e-01,1.059812e-03,-2.695732e-03,1.443959e-02
92.840,-1.721095e-04,-1.042353e-03,2.709974e-03,2.434605e-03,3.521005e-02,-1.022115e-01,6.974785e-02,3.493208e-03,5.723398e-01,1.059675e-03,-2.669240e-03,1.437063e-02
93.040,-1.728870e-04,-1.021096e-03,2.639428e-03,2.471720e-03,3.450370e-02,-9.956078e-02,6.971371e-02,3.286953e-03,5.728728e-01,1.059554e-03,-2.643044e-03,1.430251e-02
93.240,-1.736426e-04,-1.000207e-03,2.569965e-03,2.508281e-03,3.380960e-02,-9.695056e-02,6.967942e-02,3.084915e-03,5.733919e-01,1.059453e-03,-2.617109e-03,1.423517e-02
93.440,-1.743772e-04,-9.796789e-04,2.501569e-03,2.544300e-03,3.312754e-02,-9.438022e-02,6.964498e-02,2.887021e-03,5.738972e-01,1.059388e-03,-2.591377e-03,1.416862e-02
93.640,-1.750942e-04,-9.595055e-04,2.434221e-03,2.579788e-03,3.245729e-02,-9.184908e-02,6.961039e-02,2.693199e-03,5.743890e-01,1.062879e-03,-2.562351e-03,1.411976e-02
93.840,-1.757906e-04,-9.396867e-04,2.367909e-03,2.614715e-03,3.179865e-02,-8.935682e-02,6.957566e-02,2.503379e-03,5.748675e-01,1.060231e-03,-2.539545e-03,1.404188e-02
94.040,-1.764681e-04,-9.202073e-04,2.302616e-03,2.649160e-03,3.115146e-02,-8.690256e-02,6.954079e-02,2.317491e-03,5.753328e-01,1.061799e-03,-2.512894e-03,1.398489e-02
94.240,-1.771252e-04,-9.010657e-04,2.238326e-03,2.683097e-03,3.051554e-02,-8.448600e-02,6.950579e-02,2.135467e-03,5.757853e-01,1.059611e-03,-2.488541e-03,1.390703e-02
94.440,-1.777672e-04,-8.822482e-04,2.175015e-03,2.716575e-03,2.989071e-02,-8.210632e-02,6.947065e-02,1.957241e-03,5.762250e-01,1.065430e-03,-2.460138e-03,1.387624e-02
94.640,-1.783885e-04,-8.637684e-04,2.112691e-03,2.749491e-03,2.927666e-02,-7.976332e-02,6.943539e-02,1.782747e-03,5.766522e-01,1.054769e-03,-2.454190e-03,1.377611e-02
94.840,-1.789952e-04,-8.455999e-04,2.051318e-03,2.782003e-03,2.867334e-02,-7.745598e-02,6.940000e-02,1.611921e-03,5.770671e-01,1.056985e-03,-2.425854e-03,1.372075e-02
95.040,-1.795864e-04,-8.277469e-04,1.990890e-03,2.814052e-03,2.808046e-02,-7.518390e-02,6.936450e-02,1.444700e-03,5.774699e-01,1.058893e-03,-2.397525e-03,1.366432e-02
95.240,-1.801661e-04,-8.102070e-04,1.931389e-03,2.845589e-03,2.749781e-02,-7.294676e-02,6.932887e-02,1.281019e-03,5.778607e-01,1.058636e-03,-2.373961e-03,1.360273e-02
95.440,-1.807329e-04,-7.929715e-04,1.872799e-03,2.876656e-03,2.692526e-02,-7.074400e-02,6.929314e-02,1.120818e-03,5.782397e-01,1.058978e-03,-2.348657e-03,1.354171e-02
95.640,-1.812818e-04,-7.760344e-04,1.815110e-03,2.907279e-03,2.636273e-02,-6.857522e-02,6.925729e-02,9.640364e-04,5.786071e-01,1.056069e-03,-2.326068e-03,1.346342e-02
95.840,-1.818160e-04,-7.593860e-04,1.758310e-03,2.937493e-03,2.581003e-02,-6.643959e-02,6.922133e-02,8.106162e-04,5.789631e-01,1.054826e-03,-2.307264e-03,1.340326e-02
96.040,-1.823362e-04,-7.430248e-04,1.702384e-03,2.967303e-03,2.526694e-02,-6.433666e-02,6.918526e-02,6.604991e-04,5.793079e-01,1.055785e-03,-2.281335e-03,1.334558e-02
96.240,-1.828425e-04,-7.269474e-04,1.647323e-03,2.996698e-03,2.473328e-02,-6.226594e-02,6.914909e-02,5.136281e-04,5.796417e-01,1.055899e-03,-2.257494e-03,1.328631e-02
96.440,-1.833359e-04,-7.111492e-04,1.593112e-03,3.025676e-03,2.420886e-02,-6.022699e-02,6.911282e-02,3.699469e-04,5.799645e-01,1.055008e-03,-2.236826e-03,1.322615e-02
96.640,-1.838181e-04,-6.956250e-04,1.539735e-03,3.054238e-03,2.369355e-02,-5.821937e-02,6.907646e-02,2.294002e-04,5.802766e-01,1.053878e-03,-2.216636e-03,1.316551e-02
96.840,-1.842900e-04,-6.803701e-04,1.487178e-03,3.082384e-03,2.318719e-02,-5.624266e-02,6.904000e-02,9.193360e-05,5.805782e-01,1.052592e-03,-2.196942e-03,1.310501e-02
97.040,-1.847518e-04,-6.653800e-04,1.435428e-03,3.110118e-03,2.268962e-02,-5.429641e-02,6.900344e-02,-4.250627e-05,5.808694e-01,1.051147e-03,-2.177913e-03,1.304489e-02
97.240,-1.852006e-04,-6.506663e-04,1.384484e-03,3.137328e-03,2.220061e-02,-5.238068e-02,6.896680e-02,-1.739724e-04,5.811503e-01,1.032488e-03,-2.161099e-03,1.286175e-02
97.440,-1.856322e-04,-6.362398e-04,1.334290e-03,3.163857e-03,2.172043e-02,-5.049747e-02,6.893006e-02,-3.025168e-04,5.814212e-01,9.786493e-04,-2.065785e-03,1.225961e-02
97.640,-1.861597e-04,-6.218998e-04,1.284579e-03,3.190209e-03,2.124912e-02,-4.864290e-02,6.889323e-02,-4.281855e-04,5.816821e-01,1.054246e-03,-2.117176e-03,1.293075e-02
97.840,-1.866241e-04,-6.079256e-04,1.235738e-03,3.215911e-03,2.078723e-02,-4.682079e-02,6.885630e-02,-5.510287e-04,5.819332e-01,1.121163e-03,-1.567835e-03,1.210638e-02
98.040,-1.871215e-04,-5.942202e-04,1.187705e-03,3.240829e-03,2.033108e-02,-4.502289e-02,6.881928e-02,-6.711004e-04,5.821746e-01,1.054888e-03,-1.627606e-03,1.188648e-02
98.240,-1.874899e-04,-5.806624e-04,1.140590e-03,3.266601e-03,1.988377e-02,-4.324768e-02,6.878218e-02,-7.884459e-04,5.824065e-01,1.121821e-03,-2.027934e-03,1.315522e-02
98.440,-1.878295e-04,-5.675265e-04,1.094405e-03,3.291658e-03,1.944388e-02,-4.149975e-02,6.874499e-02,-9.031234e-04,5.826292e-01,1.092602e-03,-1.559303e-03,1.188887e-02
98.640,-1.880833e-04,-5.544165e-04,1.048885e-03,3.317650e-03,1.901390e-02,-3.977729e-02,6.870775e-02,-1.015163e-03,5.828427e-01,1.098028e-03,-1.537304e-03,1.185313e-02
98.840,-1.883746e-04,-5.415462e-04,1.003938e-03,3.342962e-03,1.859106e-02,-3.808421e-02,6.867046e-02,-1.124603e-03,5.830472e-01,1.118477e-03,-1.508643e-03,1.187708e-02
99.040,-1.887089e-04,-5.289690e-04,9.597442e-04,3.367468e-03,1.817413e-02,-3.641532e-02,6.863310e-02,-1.231496e-03,5.832428e-01,1.083499e-03,-1.539212e-03,1.175266e-02
99.240,-1.890692e-04,-5.166281e-04,9.161667e-04,3.391296e-03,1.776409e-02,-3.477379e-02,6.859567e-02,-1.335895e-03,5.834297e-01,1.079005e-03,-1.533422e-03,1.170434e-02
99.440,-1.894414e-04,-5.045182e-04,8.732389e-04,3.414567e-03,1.736083e-02,-3.315817e-02,6.855817e-02,-1.437847e-03,5.836079e-01,1.075435e-03,-1.525194e-03,1.165747e-02
99.640,-1.898103e-04,-4.926251e-04,8.309729e-04,3.437426e-03,1.696448e-02,-3.156764e-02,6.852060e-02,-1.537397e-03,5.837777e-01,1.072471e-03,-1.514690e-03,1.160917e-02
99.840,-1.901689e-04,-4.809365e-04,7.893591e-04,3.459953e-03,1.657508e-02,-3.000180e-02,6.848295e-02,-1.634588e-03,5.839390e-01,1.070028e-03,-1.503399e-03,1.156215e-02
100.040,-1.905083e-04,-4.694560e-04,7.484319e-04,3.482239e-03,1.619246e-02,-2.845937e-02,6.844524e-02,-1.729460e-03,5.840922e-01,1.071507e-03,-1.486279e-03,1.152085e-02
100.240,-1.908391e-04,-4.581709e-04,7.081251e-04,3.504207e-03,1.581666e-02,-2.694112e-02,6.840746e-02,-1.822051e-03,5.842373e-01,1.046075e-03,-1.492416e-03,1.138666e-02
100.440,-1.911632e-04,-4.470854e-04,6.684530e-04,3.525861e-03,1.544729e-02,-2.544603e-02,6.836961e-02,-1.912406e-03,5.843744e-01,1.044310e-03,-1.478341e-03,1.133499e-02
100.640,-1.914872e-04,-4.362003e-04,6.293833e-04,3.547105e-03,1.508427e-02,-2.397443e-02,6.833170e-02,-2.000561e-03,5.845036e-01,1.031381e-03,-1.473121e-03,1.124323e-02
100.840,-1.918118e-04,-4.255006e-04,5.908866e-04,3.567962e-03,1.472761e-02,-2.252628e-02,6.829372e-02,-2.086557e-03,5.846252e-01,1.029877e-03,-1.459050e-03,1.119497e-02
101.040,-1.921317e-04,-4.149826e-04,5.529634e-04,3.588467e-03,1.437725e-02,-2.110115e-02,6.825568e-02,-2.170429e-03,5.847391e-01,1.029144e-03,-1.445190e-03,1.115250e-02
101.240,-1.924430e-04,-4.046418e-04,5.156168e-04,3.608669e-03,1.403310e-02,-1.969844e-02,6.821758e-02,-2.252214e-03,5.848455e-01,1.029098e-03,-1.431096e-03,1.111401e-02
101.440,-1.927435e-04,-3.944746e-04,4.788457e-04,3.628599e-03,1.369506e-02,-1.831766e-02,6.817941e-02,-2.331946e-03,5.849445e-01,1.029338e-03,-1.417234e-03,1.107785e-02
101.640,-1.930331e-04,-3.844789e-04,4.426451e-04,3.648268e-03,1.336300e-02,-1.695836e-02,6.814119e-02,-2.409660e-03,5.850362e-01,1.029519e-03,-1.404002e-03,1.104284e-02
101.840,-1.933131e-04,-3.746531e-04,4.070080e-04,3.667675e-03,1.303678e-02,-1.562020e-02,6.810291e-02,-2.485391e-03,5.851208e-01,1.029517e-03,-1.391489e-03,1.100843e-02
102.040,-1.935846e-04,-3.649956e-04,3.719267e-04,3.686818e-03,1.271628e-02,-1.430281e-02,6.806458e-02,-2.559172e-03,5.851984e-01,1.029352e-03,-1.379588e-03,1.097450e-02
102.240,-1.938482e-04,-3.555046e-04,3.373940e-04,3.705696e-03,1.240137e-02,-1.300586e-02,6.802620e-02,-2.631037e-03,5.852690e-01,1.029085e-03,-1.368150e-03,1.094104e-02
102.440,-1.941042e-04,-3.461777e-04,3.034024e-04,3.724313e-03,1.209194e-02,-1.172901e-02,6.798776e-02,-2.701018e-03,5.853327e-01,1.028764e-03,-1.357073e-03,1.090809e-02
102.640,-1.943515e-04,-3.370127e-04,2.699485e-04,3.742685e-03,1.178790e-02,-1.047185e-02,6.794927e-02,-2.769148e-03,5.853898e-01,1.028540e-03,-1.346286e-03,1.087606e-02
102.840,-1.945903e-04,-3.280067e-04,2.370249e-04,3.760822e-03,1.148913e-02,-9.234049e-03,6.791074e-02,-2.835460e-03,5.854402e-01,1.028219e-03,-1.335923e-03,1.084433e-02
103.040,-1.948214e-04,-3.191572e-04,2.046228e-04,3.778723e-03,1.119553e-02,-8.015317e-03,6.787216e-02,-2.899985e-03,5.854841e-01,1.027731e-03,-1.326052e-03,1.081276e-02
103.240,-1.950414e-04,-3.104648e-04,1.727507e-04,3.796422e-03,1.090696e-02,-6.814988e-03,6.783353e-02,-2.962754e-03,5.855217e-01,1.027925e-03,-1.313008e-03,1.077609e-02
103.440,-1.952553e-04,-3.019234e-04,1.413805e-04,3.813893e-03,1.062333e-02,-5.633171e-03,6.779486e-02,-3.023799e-03,5.855529e-01,1.026420e-03,-1.308329e-03,1.075068e-02
103.640,-1.954694e-04,-2.935272e-04,1.104863e-04,3.831076e-03,1.034468e-02,-4.470039e-03,6.775615e-02,-3.083148e-03,5.855779e-01,1.025134e-03,-1.299539e-03,1.071849e-02
103.840,-1.956766e-04,-2.852787e-04,8.008242e-05,3.848021e-03,1.007087e-02,-3.324946e-03,6.771740e-02,-3.140831e-03,5.855968e-01,1.024354e-03,-1.290886e-03,1.068798e-02
104.040,-1.958776e-04,-2.771739e-04,5.015913e-05,3.864739e-03,9.801806e-03,-2.197589e-03,6.767861e-02,-3.196878e-03,5.856097e-01,1.023462e-03,-1.282587e-03,1.065759e-02
104.240,-1.960733e-04,-2.692105e-04,2.070839e-05,3.881226e-03,9.537393e-03,-1.087708e-03,6.763978e-02,-3.251316e-03,5.856167e-01,1.022458e-03,-1.274646e-03,1.062741e-02
104.440,-1.962639e-04,-2.613862e-04,-8.277405e-06,3.897484e-03,9.277551e-03,4.949257e-06,6.760091e-02,-3.304174e-03,5.856178e-01,1.021388e-03,-1.266976e-03,1.059749e-02
104.640,-1.964498e-04,-2.536984e-04,-3.680569e-05,3.913513e-03,9.022204e-03,1.080632e-03,6.756200e-02,-3.355479e-03,5.856132e-01,1.020273e-03,-1.259536e-03,1.056786e-02
104.840,-1.966298e-04,-2.461464e-04,-6.487473e-05,3.929334e-03,8.771226e-03,2.139836e-03,6.752306e-02,-3.405259e-03,5.856030e-01,1.018527e-03,-1.247745e-03,1.052626e-02
105.040,-1.968053e-04,-2.387264e-04,-9.250530e-05,3.944922e-03,8.524592e-03,3.182405e-03,6.748408e-02,-3.453541e-03,5.855873e-01,1.017863e-03,-1.245800e-03,1.050957e-02
105.240,-1.969785e-04,-2.314331e-04,-1.197067e-04,3.960279e-03,8.282278e-03,4.208611e-03,6.744507e-02,-3.500350e-03,5.855660e-01,1.016573e-03,-1.238734e-03,1.048042e-02
105.440,-1.971467e-04,-2.242671e-04,-1.464785e-04,3.975417e-03,8.044181e-03,5.218781e-03,6.740602e-02,-3.545712e-03,5.855394e-01,1.015375e-03,-1.231993e-03,1.045191e-02
105.640,-1.973110e-04,-2.172261e-04,-1.728287e-04,3.990337e-03,7.810213e-03,6.213160e-03,6.736694e-02,-3.589652e-03,5.855075e-01,1.014072e-03,-1.225575e-03,1.042357e-02
105.840,-1.974717e-04,-2.103080e-04,-1.987642e-04,4.005037e-03,7.580301e-03,7.191973e-03,6.732783e-02,-3.632194e-03,5.854704e-01,1.012730e-03,-1.219357e-03,1.039552e-02
106.040,-1.976289e-04,-2.035107e-04,-2.242913e-04,4.019519e-03,7.354376e-03,8.155449e-03,6.728869e-02,-3.673364e-03,5.854281e-01,1.011390e-03,-1.213259e-03,1.036780e-02
106.240,-1.977774e-04,-1.968349e-04,-2.493976e-04,4.033833e-03,7.132306e-03,9.104240e-03,6.724952e-02,-3.713186e-03,5.853808e-01,1.010331e-03,-1.207629e-03,1.034141e-02
106.440,-1.979290e-04,-1.902712e-04,-2.741305e-04,4.047887e-03,6.914145e-03,1.003771e-02,6.721032e-02,-3.751682e-03,5.853286e-01,1.008455e-03,-1.201913e-03,1.031284e-02
106.640,-1.980769e-04,-1.838232e-04,-2.984730e-04,4.061721e-03,6.699791e-03,1.095646e-02,6.717109e-02,-3.788875e-03,5.852714e-01,1.007151e-03,-1.196101e-03,1.028615e-02
106.840,-1.982208e-04,-1.774872e-04,-3.224317e-04,4.075352e-03,6.489180e-03,1.186073e-02,6.713183e-02,-3.824789e-03,5.852095e-01,1.005900e-03,-1.190323e-03,1.025980e-02
107.040,-1.983613e-04,-1.712622e-04,-3.460079e-04,4.088786e-03,6.282188e-03,1.275093e-02,6.709254e-02,-3.859446e-03,5.851427e-01,1.004949e-03,-1.183882e-03,1.023485e-02
107.240,-1.984973e-04,-1.651489e-04,-3.692045e-04,4.102021e-03,6.078733e-03,1.362727e-02,6.705323e-02,-3.892868e-03,5.850714e-01,1.003690e-03,-1.178636e-03,1.020955e-02
107.440,-1.986300e-04,-1.591441e-04,-3.920281e-04,4.115061e-03,5.878735e-03,1.449000e-02,6.701389e-02,-3.925077e-03,5.849954e-01,1.002529e-03,-1.173112e-03,1.018485e-02
107.640,-1.987588e-04,-1.532454e-04,-4.144855e-04,4.127910e-03,5.682164e-03,1.533926e-02,6.697452e-02,-3.956095e-03,5.849150e-01,1.001345e-03,-1.167750e-03,1.016032e-02
107.840,-1.988794e-04,-1.474529e-04,-4.365762e-04,4.140584e-03,5.489025e-03,1.617524e-02,6.693513e-02,-3.985942e-03,5.848301e-01,9.984180e-04,-1.157357e-03,1.011189e-02
108.040,-1.990005e-04,-1.417519e-04,-4.583408e-04,4.153053e-03,5.299365e-03,1.699757e-02,6.689571e-02,-4.014639e-03,5.847408e-01,9.975759e-04,-1.160921e-03,1.010700e-02
108.240,-1.991215e-04,-1.361412e-04,-4.797821e-04,4.165321e-03,5.113237e-03,1.780641e-02,6.685628e-02,-4.042203e-03,5.846472e-01,9.960083e-04,-1.150584e-03,1.007249e-02
108.440,-1.992373e-04,-1.306296e-04,-5.008861e-04,4.177390e-03,4.930433e-03,1.860219e-02,6.681682e-02,-4.068655e-03,5.845494e-01,9.950016e-04,-1.150088e-03,1.005805e-02
108.640,-1.993527e-04,-1.252151e-04,-5.216590e-04,4.189253e-03,4.750805e-03,1.938530e-02,6.677733e-02,-4.094012e-03,5.844474e-01,9.934333e-04,-1.145594e-03,1.003330e-02
108.840,-1.994667e-04,-1.198978e-04,-5.421030e-04,4.200909e-03,4.574275e-03,2.015594e-02,6.673783e-02,-4.118296e-03,5.843413e-01,9.919641e-04,-1.141186e-03,1.000925e-02
109.040,-1.995788e-04,-1.146749e-04,-5.622224e-04,4.212369e-03,4.400800e-03,2.091434e-02,6.669830e-02,-4.141524e-03,5.842311e-01,9.906580e-04,-1.136599e-03,9.985857e-03
109.240,-1.996877e-04,-1.095443e-04,-5.820205e-04,4.223644e-03,4.230344e-03,2.166070e-02,6.665875e-02,-4.163717e-03,5.841170e-01,9.895013e-04,-1.131875e-03,9.963052e-03
109.440,-1.998086e-04,-1.045140e-04,-6.014461e-04,4.234676e-03,4.061486e-03,2.239785e-02,6.661917e-02,-4.184893e-03,5.839990e-01,9.836702e-04,-1.483109e-03,1.067781e-02
109.640,-1.999177e-04,-9.958636e-05,-6.205723e-04,4.245552e-03,3.896220e-03,2.312195e-02,6.657958e-02,-4.205074e-03,5.838771e-01,9.824734e-04,-1.473921e-03,1.064571e-02
109.840,-2.000183e-04,-9.473922e-05,-6.393967e-04,4.256286e-03,3.734014e-03,2.383433e-02,6.653997e-02,-4.224278e-03,5.837514e-01,9.813147e-04,-1.464930e-03,1.061366e-02
110.040,-2.001117e-04,-8.997046e-05,-6.579210e-04,4.266892e-03,3.574758e-03,2.453535e-02,6.650033e-02,-4.242518e-03,5.836221e-01,9.800728e-04,-1.456121e-03,1.058177e-02
110.240,-2.001998e-04,-8.528053e-05,-6.761532e-04,4.277355e-03,3.418384e-03,2.522508e-02,6.646068e-02,-4.259812e-03,5.834890e-01,9.787250e-04,-1.447613e-03,1.054994e-02
110.440,-2.002845e-04,-8.067033e-05,-6.940980e-04,4.287655e-03,3.264804e-03,2.590369e-02,6.642102e-02,-4.276175e-03,5.833524e-01,9.773303e-04,-1.439314e-03,1.051829e-02
110.640,-2.003674e-04,-7.613918e-05,-7.117614e-04,4.297784e-03,3.113950e-03,2.657131e-02,6.638133e-02,-4.291623e-03,5.832122e-01,9.759201e-04,-1.431142e-03,1.048694e-02
110.840,-2.004485e-04,-7.168637e-05,-7.291474e-04,4.307738e-03,2.965775e-03,2.722808e-02,6.634163e-02,-4.306171e-03,5.830685e-01,9.745090e-04,-1.423125e-03,1.045592e-02
111.040,-2.005278e-04,-6.731039e-05,-7.462605e-04,4.317520e-03,2.820235e-03,2.787418e-02,6.630192e-02,-4.319836e-03,5.829214e-01,9.731022e-04,-1.415248e-03,1.042531e-02
111.240,-2.006052e-04,-6.300991e-05,-7.631046e-04,4.327132e-03,2.677292e-03,2.850974e-02,6.626219e-02,-4.332633e-03,5.827708e-01,9.716974e-04,-1.407543e-03,1.039510e-02
111.440,-2.006804e-04,-5.878360e-05,-7.796835e-04,4.336576e-03,2.536902e-03,2.913493e-02,6.622244e-02,-4.344576e-03,5.826170e-01,9.702948e-04,-1.400017e-03,1.036536e-02
111.640,-2.007447e-04,-5.460888e-05,-7.960384e-04,4.345914e-03,2.399585e-03,2.974886e-02,6.618268e-02,-4.355679e-03,5.824599e-01,9.683992e-04,-1.393593e-03,1.033641e-02
111.840,-2.008078e-04,-5.050932e-05,-8.121013e-04,4.355150e-03,2.264315e-03,3.035397e-02,6.614291e-02,-4.365953e-03,5.822995e-01,9.681611e-04,-1.364043e-03,1.026522e-02
112.040,-2.008560e-04,-4.649986e-05,-8.278661e-04,4.364272e-03,2.131398e-03,3.094952e-02,6.610313e-02,-4.375416e-03,5.821360e-01,9.657975e-04,-1.378980e-03,1.028036e-02
112.240,-2.009068e-04,-4.255086e-05,-8.434277e-04,4.373272e-03,2.001666e-03,3.153398e-02,6.606333e-02,-4.384080e-03,5.819693e-01,9.714289e-04,-1.080838e-03,9.664088e-03
112.440,-2.009543e-04,-3.866459e-05,-8.587119e-04,4.382113e-03,1.873732e-03,3.211012e-02,6.602353e-02,-4.391959e-03,5.817996e-01,9.708498e-04,-1.093214e-03,9.678891e-03
112.640,-2.010195e-04,-3.486568e-05,-8.737655e-04,4.390624e-03,1.747617e-03,3.267665e-02,6.598371e-02,-4.399069e-03,5.816269e-01,9.671139e-04,-1.102864e-03,9.670896e-03
112.840,-2.011047e-04,-3.111864e-05,-8.886526e-04,4.398802e-03,1.623892e-03,3.323257e-02,6.594388e-02,-4.405425e-03,5.814511e-01,9.625263e-04,-1.120748e-03,9.684340e-03
113.040,-2.011752e-04,-2.745917e-05,-9.032540e-04,4.406855e-03,1.502313e-03,3.377972e-02,6.590404e-02,-4.411040e-03,5.812725e-01,9.646704e-04,-1.092754e-03,9.629102e-03
113.240,-2.012342e-04,-2.386306e-05,-9.175905e-04,4.414849e-03,1.382812e-03,3.431869e-02,6.586418e-02,-4.415928e-03,5.810909e-01,9.656266e-04,-1.085844e-03,9.611465e-03
113.440,-2.012681e-04,-2.031614e-05,-9.316698e-04,4.422932e-03,1.265877e-03,3.484932e-02,6.582431e-02,-4.420102e-03,5.809065e-01,9.731629e-04,-1.054752e-03,9.561125e-03
113.640,-2.013115e-04,-1.681888e-05,-9.455266e-04,4.430893e-03,1.150732e-03,3.537207e-02,6.578444e-02,-4.423568e-03,5.807194e-01,9.647718e-04,-1.068534e-03,9.569488e-03
113.840,-2.013500e-04,-1.339472e-05,-9.591955e-04,4.438583e-03,1.037869e-03,3.588459e-02,6.574456e-02,-4.426346e-03,5.805295e-01,9.666560e-04,-1.115054e-03,9.643912e-03
114.040,-2.014101e-04,-1.003780e-05,-9.726493e-04,4.445996e-03,9.265233e-04,3.638914e-02,6.570467e-02,-4.428444e-03,5.803368e-01,9.615157e-04,-1.164386e-03,9.727272e-03
114.240,-2.014554e-04,-6.774375e-06,-9.857675e-04,4.453332e-03,8.162075e-04,3.688814e-02,6.566477e-02,-4.429878e-03,5.801416e-01,9.499302e-04,-1.318305e-03,1.000228e-02
114.440,-2.015118e-04,-3.570513e-06,-9.987241e-04,4.460474e-03,7.081732e-04,3.737773e-02,6.562485e-02,-4.430666e-03,5.799437e-01,9.520079e-04,-1.260507e-03,9.880427e-03
114.640,-2.015590e-04,-3.974431e-07,-1.011515e-03,4.467480e-03,6.026098e-04,3.785800e-02,6.558493e-02,-4.430815e-03,5.797433e-01,9.477262e-04,-1.306769e-03,9.954021e-03
114.840,-2.016040e-04,2.710686e-06,-1.024081e-03,4.474358e-03,4.988149e-04,3.833067e-02,6.554500e-02,-4.430337e-03,5.795403e-01,9.469579e-04,-1.300356e-03,9.930827e-03
115.040,-2.016381e-04,5.776886e-06,-1.036455e-03,4.481194e-03,3.973332e-04,3.879499e-02,6.550506e-02,-4.429241e-03,5.793349e-01,9.535685e-04,-1.197451e-03,9.733997e-03
115.240,-2.016549e-04,8.760286e-06,-1.048471e-03,4.488112e-03,2.963765e-04,3.925591e-02,6.546512e-02,-4.427535e-03,5.791270e-01,9.444479e-04,-1.289527e-03,9.884103e-03
115.440,-2.016608e-04,1.167349e-05,-1.060261e-03,4.494951e-03,1.970846e-04,3.970956e-02,6.542518e-02,-4.425241e-03,5.789168e-01,9.428483e-04,-1.282388e-03,9.854553e-03
115.640,-2.016811e-04,1.454275e-05,-1.071903e-03,4.501561e-03,9.955236e-05,4.015509e-02,6.538523e-02,-4.422369e-03,5.787042e-01,9.415054e-04,-1.274726e-03,9.825748e-03
115.840,-2.017044e-04,1.736721e-05,-1.083386e-03,4.507985e-03,3.934256e-06,4.059243e-02,6.534528e-02,-4.418926e-03,5.784893e-01,9.402944e-04,-1.267186e-03,9.797751e-03
116.040,-2.017280e-04,2.015181e-05,-1.094711e-03,4.514258e-03,-8.972401e-05,4.102176e-02,6.530532e-02,-4.414922e-03,5.782721e-01,9.390894e-04,-1.260055e-03,9.770732e-03
116.240,-2.017507e-04,2.289690e-05,-1.105877e-03,4.520393e-03,-1.814453e-04,4.144324e-02,6.526536e-02,-4.410365e-03,5.780527e-01,9.378445e-04,-1.253485e-03,9.744749e-03
116.440,-2.017647e-04,2.560138e-05,-1.116899e-03,4.526440e-03,-2.707141e-04,4.185608e-02,6.522540e-02,-4.405262e-03,5.778311e-01,9.445397e-04,-1.032374e-03,9.303524e-03
116.640,-2.017817e-04,2.828924e-05,-1.127788e-03,4.532348e-03,-3.581352e-04,4.226131e-02,6.518543e-02,-4.399619e-03,5.776073e-01,9.447872e-04,-1.022929e-03,9.281953e-03
116.840,-2.018023e-04,3.093209e-05,-1.138479e-03,4.538120e-03,-4.445284e-04,4.266080e-02,6.514546e-02,-4.393442e-03,5.773814e-01,9.334203e-04,-1.240042e-03,9.677383e-03
117.040,-2.018146e-04,3.351749e-05,-1.148999e-03,4.543781e-03,-5.289610e-04,4.305260e-02,6.510548e-02,-4.386744e-03,5.771533e-01,9.322845e-04,-1.234718e-03,9.657230e-03
117.240,-2.018226e-04,3.606635e-05,-1.159365e-03,4.549369e-03,-6.114565e-04,4.343720e-02,6.506551e-02,-4.379531e-03,5.769232e-01,9.305411e-04,-1.233452e-03,9.637347e-03
117.440,-2.018241e-04,3.856276e-05,-1.169559e-03,4.554894e-03,-6.921168e-04,4.381486e-02,6.502553e-02,-4.371814e-03,5.766910e-01,9.470803e-04,-9.921413e-04,9.209588e-03
117.640,-2.018434e-04,4.099763e-05,-1.179515e-03,4.560141e-03,-7.729615e-04,4.418883e-02,6.498555e-02,-4.363601e-03,5.764568e-01,9.279089e-04,-1.226672e-03,9.600965e-03
117.840,-2.018482e-04,4.338024e-05,-1.189343e-03,4.565357e-03,-8.512342e-04,4.455440e-02,6.494557e-02,-4.354910e-03,5.762206e-01,9.447978e-04,-1.004445e-03,9.215353e-03
118.040,-2.018608e-04,4.575230e-05,-1.199024e-03,4.570395e-03,-9.284413e-04,4.491427e-02,6.490559e-02,-4.345741e-03,5.759825e-01,9.253142e-04,-1.220465e-03,9.564937e-03
118.240,-2.018692e-04,4.801831e-05,-1.208474e-03,4.575341e-03,-1.004545e-03,4.526884e-02,6.486560e-02,-4.336107e-03,5.757425e-01,9.457054e-04,-9.614317e-04,9.123964e-03
118.440,-2.018654e-04,5.031211e-05,-1.217844e-03,4.580298e-03,-1.078404e-03,4.561596e-02,6.482561e-02,-4.326017e-03,5.755006e-01,9.472388e-04,-9.634549e-04,9.136610e-03
118.640,-2.018601e-04,5.255312e-05,-1.227027e-03,4.585155e-03,-1.151137e-03,4.595787e-02,6.478563e-02,-4.315473e-03,5.752568e-01,9.462862e-04,-9.798694e-04,9.164598e-03
118.840,-2.018606e-04,5.474892e-05,-1.236090e-03,4.589804e-03,-1.222382e-03,4.629282e-02,6.474564e-02,-4.304486e-03,5.750113e-01,9.414455e-04,-9.746118e-04,9.123647e-03
119.040,-2.018631e-04,5.689054e-05,-1.244960e-03,4.594341e-03,-1.292848e-03,4.662327e-02,6.470566e-02,-4.293064e-03,5.747639e-01,9.400235e-04,-9.860555e-04,9.138752e-03
119.240,-2.018649e-04,5.899663e-05,-1.253702e-03,4.598744e-03,-1.361850e-03,4.694736e-02,6.466568e-02,-4.281218e-03,5.745148e-01,9.344481e-04,-9.938497e-04,9.123368e-03
119.440,-2.018600e-04,6.105068e-05,-1.262243e-03,4.603110e-03,-1.429989e-03,4.726725e-02,6.462569e-02,-4.268955e-03,5.742640e-01,9.347314e-04,-9.988811e-04,9.132987e-03
119.640,-2.018672e-04,6.306453e-05,-1.270628e-03,4.607286e-03,-1.497597e-03,4.758251e-02,6.458571e-02,-4.256285e-03,5.740114e-01,9.158889e-04,-1.204661e-03,9.449247e-03
119.840,-2.018408e-04,6.505179e-05,-1.278880e-03,4.611621e-03,-1.562672e-03,4.789111e-02,6.454573e-02,-4.243215e-03,5.737573e-01,9.399228e-04,-1.024574e-03,9.207287e-03
120.040,-2.018295e-04,6.697472e-05,-1.286910e-03,4.615746e-03,-1.628163e-03,4.819712e-02,6.450575e-02,-4.229753e-03,5.735015e-01,9.141882e-04,-1.200012e-03,9.421680e-03
120.240,-2.017910e-04,6.889507e-05,-1.294858e-03,4.620022e-03,-1.690954e-03,4.849594e-02,6.446577e-02,-4.215907e-03,5.732441e-01,9.399151e-04,-1.021817e-03,9.193040e-03
120.440,-2.017642e-04,7.076494e-05,-1.302640e-03,4.624113e-03,-1.753363e-03,4.879071e-02,6.442581e-02,-4.201683e-03,5.729851e-01,9.415053e-04,-1.015720e-03,9.183604e-03
120.640,-2.017363e-04,7.259717e-05,-1.310278e-03,4.628114e-03,-1.814765e-03,4.908060e-02,6.438585e-02,-4.187088e-03,5.727246e-01,9.406138e-04,-1.011565e-03,9.166045e-03
120.840,-2.017082e-04,7.439674e-05,-1.317789e-03,4.632020e-03,-1.875036e-03,4.936536e-02,6.434589e-02,-4.172129e-03,5.724626e-01,9.383051e-04,-1.007236e-03,9.140853e-03
121.040,-2.016812e-04,7.616497e-05,-1.325179e-03,4.635817e-03,-1.934170e-03,4.964495e-02,6.430594e-02,-4.156814e-03,5.721991e-01,9.354842e-04,-1.004285e-03,9.115955e-03
121.240,-2.016552e-04,7.790220e-05,-1.332450e-03,4.639507e-03,-1.992188e-03,4.991946e-02,6.426599e-02,-4.141147e-03,5.719342e-01,9.328511e-04,-1.001997e-03,9.093578e-03
121.440,-2.016293e-04,7.960881e-05,-1.339601e-03,4.643099e-03,-2.049108e-03,5.018901e-02,6.422605e-02,-4.125136e-03,5.716678e-01,9.304039e-04,-1.000045e-03,9.073039e-03
121.640,-2.016031e-04,8.128488e-05,-1.346632e-03,4.646596e-03,-2.104978e-03,5.045374e-02,6.418612e-02,-4.108786e-03,5.714000e-01,9.274233e-04,-1.003042e-03,9.060069e-03
121.840,-2.015765e-04,8.292871e-05,-1.353539e-03,4.650001e-03,-2.159868e-03,5.071387e-02,6.414619e-02,-4.092104e-03,5.711308e-01,9.247826e-04,-1.007293e-03,9.051517e-03
122.040,-2.015480e-04,8.454118e-05,-1.360321e-03,4.653332e-03,-2.213789e-03,5.096953e-02,6.410626e-02,-4.075096e-03,5.708603e-01,9.233569e-04,-1.008591e-03,9.043235e-03
122.240,-2.015170e-04,8.612378e-05,-1.366980e-03,4.656596e-03,-2.266743e-03,5.122079e-02,6.406634e-02,-4.057769e-03,5.705884e-01,9.215912e-04,-1.010450e-03,9.034275e-03
122.440,-2.014840e-04,8.767704e-05,-1.373518e-03,4.659789e-03,-2.318751e-03,5.146770e-02,6.402643e-02,-4.040127e-03,5.703152e-01,9.196281e-04,-1.012775e-03,9.025213e-03
122.640,-2.014493e-04,8.920133e-05,-1.379939e-03,4.662911e-03,-2.369830e-03,5.171031e-02,6.398653e-02,-4.022178e-03,5.700407e-01,9.177544e-04,-1.014824e-03,9.016036e-03
122.840,-2.014130e-04,9.069734e-05,-1.386243e-03,4.665963e-03,-2.419993e-03,5.194868e-02,6.394663e-02,-4.003927e-03,5.697649e-01,9.160161e-04,-1.016382e-03,9.006536e-03
123.040,-2.013737e-04,9.217301e-05,-1.392448e-03,4.668961e-03,-2.469047e-03,5.218250e-02,6.390674e-02,-3.985378e-03,5.694879e-01,9.159125e-04,-1.012759e-03,8.994816e-03
123.240,-2.013356e-04,9.360824e-05,-1.398522e-03,4.671860e-03,-2.517466e-03,5.241262e-02,6.386685e-02,-3.966539e-03,5.692096e-01,9.213849e-04,-9.933596e-04,8.979924e-03
123.440,-2.012900e-04,9.503835e-05,-1.404525e-03,4.674739e-03,-2.564376e-03,5.263753e-02,6.382698e-02,-3.947412e-03,5.689302e-01,9.132959e-04,-9.705497e-04,8.887314e-03
123.640,-2.012529e-04,9.642930e-05,-1.410412e-03,4.677456e-03,-2.610788e-03,5.285875e-02,6.378711e-02,-3.928003e-03,5.686496e-01,9.113222e-04,-9.625906e-04,8.858201e-03
123.840,-2.012125e-04,9.779561e-05,-1.416189e-03,4.680123e-03,-2.656370e-03,5.307615e-02,6.374725e-02,-3.908318e-03,5.683678e-01,9.125180e-04,-9.624537e-04,8.860936e-03
124.040,-2.011684e-04,9.913778e-05,-1.421857e-03,4.682748e-03,-2.701091e-03,5.328974e-02,6.370740e-02,-3.888362e-03,5.680848e-01,9.130505e-04,-9.612168e-04,8.857898e-03
124.240,-2.011206e-04,1.004560e-04,-1.427418e-03,4.685335e-03,-2.744975e-03,5.349961e-02,6.366756e-02,-3.868140e-03,5.678008e-01,9.137765e-04,-9.592867e-04,8.854293e-03
124.440,-2.010700e-04,1.017501e-04,-1.432873e-03,4.687876e-03,-2.788049e-03,5.370580e-02,6.362772e-02,-3.847656e-03,5.675156e-01,9.141496e-04,-9.569635e-04,8.847963e-03
124.640,-2.010177e-04,1.030199e-04,-1.438226e-03,4.690364e-03,-2.830337e-03,5.390833e-02,6.358790e-02,-3.826916e-03,5.672294e-01,9.141034e-04,-9.544379e-04,8.838983e-03
124.840,-2.009646e-04,1.042655e-04,-1.443481e-03,4.692788e-03,-2.871858e-03,5.410721e-02,6.354809e-02,-3.805925e-03,5.669421e-01,9.135618e-04,-9.519129e-04,8.827406e-03
125.040,-2.009115e-04,1.054872e-04,-1.448640e-03,4.695141e-03,-2.912627e-03,5.430245e-02,6.350829e-02,-3.784686e-03,5.666538e-01,9.124881e-04,-9.496040e-04,8.813524e-03
125.240,-2.008589e-04,1.066853e-04,-1.453706e-03,4.697416e-03,-2.952652e-03,5.449406e-02,6.346849e-02,-3.763205e-03,5.663645e-01,9.108841e-04,-9.476436e-04,8.797669e-03
125.440,-2.008071e-04,1.078603e-04,-1.458683e-03,4.699611e-03,-2.991943e-03,5.468206e-02,6.342871e-02,-3.741487e-03,5.660741e-01,9.087356e-04,-9.460428e-04,8.779848e-03
125.640,-2.007565e-04,1.090126e-04,-1.463572e-03,4.701719e-03,-3.030506e-03,5.486645e-02,6.338894e-02,-3.719536e-03,5.657828e-01,9.059374e-04,-9.446874e-04,8.759355e-03
125.840,-2.007075e-04,1.101426e-04,-1.468377e-03,4.703736e-03,-3.068352e-03,5.504727e-02,6.334918e-02,-3.697357e-03,5.654905e-01,9.022496e-04,-9.432087e-04,8.734321e-03
126.040,-2.006703e-04,1.112481e-04,-1.473068e-03,4.705629e-03,-3.106329e-03,5.522615e-02,6.330943e-02,-3.674954e-03,5.651973e-01,8.914131e-04,-1.126328e-03,9.042238e-03
126.240,-2.006119e-04,1.123407e-04,-1.477686e-03,4.707594e-03,-3.142709e-03,5.540051e-02,6.326969e-02,-3.652332e-03,5.649031e-01,8.905637e-04,-1.124477e-03,9.031443e-03
126.440,-2.005413e-04,1.134035e-04,-1.482217e-03,4.709558e-03,-3.177895e-03,5.557090e-02,6.322996e-02,-3.629494e-03,5.646080e-01,9.059418e-04,-9.340393e-04,8.724580e-03
126.640,-2.004970e-04,1.144533e-04,-1.486649e-03,4.711316e-03,-3.213714e-03,5.573994e-02,6.319024e-02,-3.606444e-03,5.643121e-01,8.893294e-04,-1.119285e-03,9.007844e-03
126.840,-2.004369e-04,1.154879e-04,-1.491019e-03,4.713103e-03,-3.248034e-03,5.590451e-02,6.315053e-02,-3.583187e-03,5.640152e-01,8.884708e-04,-1.117814e-03,8.997293e-03
127.040,-2.003671e-04,1.164897e-04,-1.495306e-03,4.714854e-03,-3.281235e-03,5.606514e-02,6.311084e-02,-3.559725e-03,5.637175e-01,9.003703e-04,-9.295662e-04,8.677090e-03
127.240,-2.003205e-04,1.174837e-04,-1.499497e-03,4.716439e-03,-3.315057e-03,5.622467e-02,6.307116e-02,-3.536064e-03,5.634189e-01,8.872925e-04,-1.112482e-03,8.974624e-03
127.440,-2.002576e-04,1.184624e-04,-1.503625e-03,4.718060e-03,-3.347418e-03,5.637994e-02,6.303148e-02,-3.512206e-03,5.631195e-01,8.864444e-04,-1.111506e-03,8.964377e-03
127.640,-2.001857e-04,1.194077e-04,-1.507675e-03,4.719634e-03,-3.378708e-03,5.653134e-02,6.299182e-02,-3.488155e-03,5.628193e-01,8.954782e-04,-9.250388e-04,8.633687e-03
127.840,-2.001350e-04,1.203484e-04,-1.511630e-03,4.721069e-03,-3.410628e-03,5.668188e-02,6.295218e-02,-3.463916e-03,5.625183e-01,8.852513e-04,-1.106261e-03,8.942430e-03
128.040,-2.000685e-04,1.212737e-04,-1.515526e-03,4.722541e-03,-3.441136e-03,5.682832e-02,6.291254e-02,-3.439490e-03,5.622166e-01,8.843782e-04,-1.105604e-03,8.932406e-03
128.240,-1.999924e-04,1.221662e-04,-1.519344e-03,4.723972e-03,-3.470606e-03,5.697105e-02,6.287292e-02,-3.414882e-03,5.619140e-01,8.924164e-04,-9.203856e-04,8.599657e-03
128.440,-1.999381e-04,1.230556e-04,-1.523073e-03,4.725265e-03,-3.500738e-03,5.711305e-02,6.283331e-02,-3.390096e-03,5.616107e-01,8.831158e-04,-1.100647e-03,8.910897e-03
128.640,-1.998689e-04,1.239292e-04,-1.526745e-03,4.726589e-03,-3.529513e-03,5.725108e-02,6.279371e-02,-3.365134e-03,5.613067e-01,8.822217e-04,-1.100106e-03,8.901072e-03
128.840,-1.997906e-04,1.247698e-04,-1.530344e-03,4.727867e-03,-3.557296e-03,5.738553e-02,6.275413e-02,-3.340001e-03,5.610019e-01,8.896008e-04,-9.169863e-04,8.569738e-03
129.040,-1.997344e-04,1.256091e-04,-1.533857e-03,4.729011e-03,-3.585757e-03,5.751936e-02,6.271456e-02,-3.314699e-03,5.606964e-01,8.809557e-04,-1.095307e-03,8.880065e-03
129.240,-1.996473e-04,1.264211e-04,-1.537302e-03,4.730274e-03,-3.612423e-03,5.764887e-02,6.267501e-02,-3.289232e-03,5.603903e-01,8.942267e-04,-9.100873e-04,8.573456e-03
129.440,-1.995876e-04,1.272315e-04,-1.540676e-03,4.731346e-03,-3.639763e-03,5.777745e-02,6.263547e-02,-3.263602e-03,5.600834e-01,8.794225e-04,-1.091763e-03,8.859048e-03
129.640,-1.995176e-04,1.280227e-04,-1.544002e-03,4.732408e-03,-3.665889e-03,5.790223e-02,6.259594e-02,-3.237814e-03,5.597759e-01,8.785282e-04,-1.091319e-03,8.849543e-03
129.840,-1.994496e-04,1.287826e-04,-1.547237e-03,4.733383e-03,-3.691862e-03,5.802507e-02,6.255643e-02,-3.211870e-03,5.594677e-01,8.780459e-04,-1.088967e-03,8.838815e-03
130.040,-1.993704e-04,1.295496e-04,-1.550423e-03,4.734418e-03,-3.716855e-03,5.814492e-02,6.251693e-02,-3.185774e-03,5.591589e-01,8.771414e-04,-1.087700e-03,8.829295e-03
130.240,-1.993003e-04,1.302814e-04,-1.553528e-03,4.735317e-03,-3.741799e-03,5.826283e-02,6.247744e-02,-3.159528e-03,5.588495e-01,8.765337e-04,-1.085554e-03,8.818466e-03
130.440,-1.992219e-04,1.310182e-04,-1.556590e-03,4.736246e-03,-3.765836e-03,5.837777e-02,6.243797e-02,-3.133135e-03,5.585394e-01,8.756341e-04,-1.084360e-03,8.809080e-03
130.640,-1.991520e-04,1.317205e-04,-1.559572e-03,4.737041e-03,-3.789833e-03,5.849083e-02,6.239852e-02,-3.106598e-03,5.582288e-01,8.750479e-04,-1.082208e-03,8.798471e-03
130.840,-1.990731e-04,1.324288e-04,-1.562511e-03,4.737872e-03,-3.812928e-03,5.860101e-02,6.235908e-02,-3.079921e-03,5.579176e-01,8.741729e-04,-1.081067e-03,8.789285e-03
131.040,-1.990023e-04,1.331032e-04,-1.565371e-03,4.738574e-03,-3.835990e-03,5.870937e-02,6.231965e-02,-3.053105e-03,5.576057e-01,8.735866e-04,-1.078919e-03,8.778870e-03
131.240,-1.989226e-04,1.337840e-04,-1.568192e-03,4.739313e-03,-3.858170e-03,5.881494e-02,6.228024e-02,-3.026153e-03,5.572933e-01,8.727257e-04,-1.077882e-03,8.769875e-03
131.440,-1.988506e-04,1.344318e-04,-1.570934e-03,4.739927e-03,-3.880325e-03,5.891876e-02,6.224085e-02,-2.999069e-03,5.569804e-01,8.721374e-04,-1.075740e-03,8.759657e-03
131.640,-1.987701e-04,1.350861e-04,-1.573639e-03,4.740577e-03,-3.901621e-03,5.901986e-02,6.220146e-02,-2.971855e-03,5.566669e-01,8.712883e-04,-1.074813e-03,8.750854e-03
131.840,-1.986969e-04,1.357080e-04,-1.576267e-03,4.741106e-03,-3.922903e-03,5.911928e-02,6.216210e-02,-2.944513e-03,5.563529e-01,8.707010e-04,-1.072678e-03,8.740840e-03
132.040,-1.986153e-04,1.363365e-04,-1.578858e-03,4.741670e-03,-3.943346e-03,5.921605e-02,6.212275e-02,-2.917047e-03,5.560384e-01,8.698637e-04,-1.071856e-03,8.732228e-03
132.240,-1.985408e-04,1.369335e-04,-1.581375e-03,4.742117e-03,-3.963783e-03,5.931122e-02,6.208341e-02,-2.889457e-03,5.557233e-01,8.692802e-04,-1.069727e-03,8.722420e-03
132.440,-1.984580e-04,1.375371e-04,-1.583857e-03,4.742599e-03,-3.983404e-03,5.940381e-02,6.204409e-02,-2.861748e-03,5.554078e-01,8.684551e-04,-1.069004e-03,8.713994e-03
132.640,-1.983823e-04,1.381098e-04,-1.586266e-03,4.742966e-03,-4.003028e-03,5.949485e-02,6.200479e-02,-2.833921e-03,5.550917e-01,8.678774e-04,-1.066874e-03,8.704386e-03
132.840,-1.982983e-04,1.386892e-04,-1.588640e-03,4.743370e-03,-4.021857e-03,5.958340e-02,6.196550e-02,-2.805980e-03,5.547752e-01,8.670649e-04,-1.066247e-03,8.696137e-03
133.040,-1.982213e-04,1.392386e-04,-1.590943e-03,4.743660e-03,-4.040697e-03,5.967045e-02,6.192623e-02,-2.777925e-03,5.544583e-01,8.664944e-04,-1.064109e-03,8.686723e-03
133.240,-1.981359e-04,1.397946e-04,-1.593213e-03,4.743989e-03,-4.058762e-03,5.975509e-02,6.188697e-02,-2.749761e-03,5.541408e-01,8.656930e-04,-1.063568e-03,8.678627e-03
133.440,-1.980576e-04,1.403213e-04,-1.595414e-03,4.744207e-03,-4.076847e-03,5.983828e-02,6.184773e-02,-2.721487e-03,5.538230e-01,8.651310e-04,-1.061422e-03,8.669389e-03
133.640,-1.979707e-04,1.408547e-04,-1.597582e-03,4.744465e-03,-4.094176e-03,5.991915e-02,6.180850e-02,-2.693109e-03,5.535046e-01,8.643397e-04,-1.060954e-03,8.661427e-03
133.840,-1.978911e-04,1.413596e-04,-1.599684e-03,4.744611e-03,-4.111532e-03,5.999859e-02,6.176930e-02,-2.664626e-03,5.531859e-01,8.637856e-04,-1.058799e-03,8.652347e-03
134.040,-1.978028e-04,1.418712e-04,-1.601752e-03,4.744801e-03,-4.128151e-03,6.007580e-02,6.173010e-02,-2.636042e-03,5.528668e-01,8.630041e-04,-1.058399e-03,8.644504e-03
134.240,-1.977219e-04,1.423549e-04,-1.603758e-03,4.744880e-03,-4.144804e-03,6.015163e-02,6.169093e-02,-2.607358e-03,5.525472e-01,8.624567e-04,-1.056227e-03,8.635566e-03
134.440,-1.976322e-04,1.428454e-04,-1.605730e-03,4.745003e-03,-4.160737e-03,6.022529e-02,6.165177e-02,-2.578578e-03,5.522272e-01,8.616850e-04,-1.055895e-03,8.627832e-03
134.640,-1.975500e-04,1.433088e-04,-1.607642e-03,4.745016e-03,-4.176712e-03,6.029760e-02,6.161263e-02,-2.549701e-03,5.519069e-01,8.611433e-04,-1.053697e-03,8.619022e-03
134.840,-1.974592e-04,1.437789e-04,-1.609522e-03,4.745075e-03,-4.191984e-03,6.036783e-02,6.157351e-02,-2.520732e-03,5.515862e-01,8.603813e-04,-1.053434e-03,8.611385e-03
135.040,-1.973756e-04,1.442227e-04,-1.611343e-03,4.745025e-03,-4.207302e-03,6.043674e-02,6.153440e-02,-2.491672e-03,5.512651e-01,8.598439e-04,-1.051205e-03,8.602692e-03
135.240,-1.972677e-04,1.446602e-04,-1.613116e-03,4.745100e-03,-4.221478e-03,6.050314e-02,6.149531e-02,-2.462522e-03,5.509437e-01,8.690204e-04,-8.832149e-04,8.315280e-03
135.440,-1.971870e-04,1.451080e-04,-1.614854e-03,4.745032e-03,-4.236425e-03,6.056947e-02,6.145624e-02,-2.433284e-03,5.506219e-01,8.584253e-04,-1.048797e-03,8.586036e-03
135.640,-1.970889e-04,1.455182e-04,-1.616551e-03,4.744949e-03,-4.250160e-03,6.063246e-02,6.141718e-02,-2.403961e-03,5.502997e-01,8.632871e-04,-8.856343e-04,8.286350e-03
135.840,-1.970126e-04,1.459435e-04,-1.618209e-03,4.744768e-03,-4.264592e-03,6.069551e-02,6.137815e-02,-2.374554e-03,5.499772e-01,8.571301e-04,-1.046331e-03,8.569924e-03
136.040,-1.969137e-04,1.463345e-04,-1.619821e-03,4.744611e-03,-4.277733e-03,6.075529e-02,6.133913e-02,-2.345066e-03,5.496544e-01,8.607221e-04,-8.842105e-04,8.265973e-03
136.240,-1.968338e-04,1.467442e-04,-1.621394e-03,4.744393e-03,-4.291527e-03,6.081526e-02,6.130013e-02,-2.315497e-03,5.493313e-01,8.559182e-04,-1.043905e-03,8.554151e-03
136.440,-1.967456e-04,1.471236e-04,-1.622913e-03,4.744149e-03,-4.304780e-03,6.087324e-02,6.126114e-02,-2.285851e-03,5.490079e-01,8.553753e-04,-1.043129e-03,8.545972e-03
136.640,-1.966431e-04,1.475180e-04,-1.624406e-03,4.744007e-03,-4.317200e-03,6.092926e-02,6.122218e-02,-2.256128e-03,5.486842e-01,8.544932e-04,-1.042628e-03,8.538387e-03
136.840,-1.965549e-04,1.478820e-04,-1.625853e-03,4.743703e-03,-4.329829e-03,6.098409e-02,6.118323e-02,-2.226329e-03,5.483602e-01,8.538389e-04,-1.040589e-03,8.529782e-03
137.040,-1.964450e-04,1.482388e-04,-1.627258e-03,4.743503e-03,-4.341421e-03,6.103664e-02,6.114430e-02,-2.196457e-03,5.480359e-01,8.637670e-04,-8.749590e-04,8.251477e-03
137.240,-1.963611e-04,1.486085e-04,-1.628635e-03,4.743166e-03,-4.353785e-03,6.108924e-02,6.110539e-02,-2.166512e-03,5.477113e-01,8.524561e-04,-1.038335e-03,8.513732e-03
137.440,-1.962614e-04,1.489400e-04,-1.629975e-03,4.742802e-03,-4.365026e-03,6.113872e-02,6.106650e-02,-2.136498e-03,5.473864e-01,8.568196e-04,-8.781537e-04,8.218056e-03
137.640,-1.961810e-04,1.492910e-04,-1.631283e-03,4.742368e-03,-4.376937e-03,6.118845e-02,6.102763e-02,-2.106416e-03,5.470613e-01,8.512251e-04,-1.035960e-03,8.498340e-03
137.840,-1.960913e-04,1.496130e-04,-1.632539e-03,4.741918e-03,-4.388330e-03,6.123638e-02,6.098877e-02,-2.076267e-03,5.467360e-01,8.507365e-04,-1.035293e-03,8.490497e-03
138.040,-1.959857e-04,1.499527e-04,-1.633771e-03,4.741589e-03,-4.398889e-03,6.128252e-02,6.094994e-02,-2.046053e-03,5.464103e-01,8.498541e-04,-1.034755e-03,8.483117e-03
138.240,-1.958958e-04,1.502619e-04,-1.634963e-03,4.741087e-03,-4.409709e-03,6.132758e-02,6.091112e-02,-2.015774e-03,5.460845e-01,8.491804e-04,-1.032754e-03,8.474758e-03
138.440,-1.958006e-04,1.505774e-04,-1.636135e-03,4.740606e-03,-4.419988e-03,6.137098e-02,6.087232e-02,-1.985433e-03,5.457584e-01,8.484822e-04,-1.032728e-03,8.467747e-03
138.640,-1.957122e-04,1.508700e-04,-1.637261e-03,4.740018e-03,-4.430368e-03,6.141336e-02,6.083354e-02,-1.955031e-03,5.454321e-01,8.479920e-04,-1.030381e-03,8.459897e-03
138.840,-1.955979e-04,1.511596e-04,-1.638345e-03,4.739586e-03,-4.439689e-03,6.145379e-02,6.079478e-02,-1.924570e-03,5.451055e-01,8.589409e-04,-8.672407e-04,8.192486e-03
139.040,-1.955071e-04,1.514654e-04,-1.639404e-03,4.739042e-03,-4.449764e-03,6.149445e-02,6.075603e-02,-1.894049e-03,5.447788e-01,8.466405e-04,-1.028540e-03,8.444593e-03
139.240,-1.954047e-04,1.517315e-04,-1.640435e-03,4.738444e-03,-4.458835e-03,6.153217e-02,6.071731e-02,-1.863472e-03,5.444518e-01,8.504977e-04,-8.723672e-04,8.155467e-03
139.440,-1.953203e-04,1.520189e-04,-1.641438e-03,4.737788e-03,-4.468578e-03,6.157029e-02,6.067861e-02,-1.832839e-03,5.441246e-01,8.454003e-04,-1.026382e-03,8.429910e-03
139.640,-1.952168e-04,1.522710e-04,-1.642405e-03,4.737130e-03,-4.477206e-03,6.160556e-02,6.063992e-02,-1.802153e-03,5.437973e-01,8.480538e-04,-8.716220e-04,8.137768e-03
139.840,-1.951285e-04,1.525479e-04,-1.643343e-03,4.736454e-03,-4.486459e-03,6.164135e-02,6.060125e-02,-1.771414e-03,5.434697e-01,8.442552e-04,-1.024275e-03,8.415626e-03
140.040,-1.950342e-04,1.527958e-04,-1.644238e-03,4.735742e-03,-4.495289e-03,6.167553e-02,6.056260e-02,-1.740624e-03,5.431420e-01,8.437143e-04,-1.023819e-03,8.408209e-03
140.240,-1.949213e-04,1.530618e-04,-1.645108e-03,4.735174e-03,-4.503326e-03,6.170823e-02,6.052397e-02,-1.709782e-03,5.428141e-01,8.428396e-04,-1.023377e-03,8.401225e-03
140.440,-1.948262e-04,1.532993e-04,-1.645948e-03,4.734428e-03,-4.511672e-03,6.174002e-02,6.048537e-02,-1.678891e-03,5.424860e-01,8.421429e-04,-1.021664e-03,8.393250e-03
140.640,-1.947250e-04,1.535436e-04,-1.646770e-03,4.733710e-03,-4.519525e-03,6.177038e-02,6.044678e-02,-1.647952e-03,5.421577e-01,8.414182e-04,-1.021704e-03,8.386571e-03
140.840,-1.946324e-04,1.537661e-04,-1.647555e-03,4.732880e-03,-4.527534e-03,6.179990e-02,6.040821e-02,-1.616966e-03,5.418293e-01,8.409241e-04,-1.019713e-03,8.379101e-03
141.040,-1.945287e-04,1.539993e-04,-1.648317e-03,4.732129e-03,-4.534968e-03,6.182812e-02,6.036966e-02,-1.585934e-03,5.415007e-01,8.402338e-04,-1.019749e-03,8.372573e-03
141.240,-1.944337e-04,1.542116e-04,-1.649045e-03,4.731272e-03,-4.542564e-03,6.185554e-02,6.033113e-02,-1.554859e-03,5.411720e-01,8.397101e-04,-1.017776e-03,8.365141e-03
141.440,-1.943289e-04,1.544339e-04,-1.649752e-03,4.730485e-03,-4.549617e-03,6.188169e-02,6.029262e-02,-1.523740e-03,5.408432e-01,8.390062e-04,-1.017925e-03,8.358646e-03
141.640,-1.942325e-04,1.546357e-04,-1.650424e-03,4.729594e-03,-4.556830e-03,6.190707e-02,6.025413e-02,-1.492579e-03,5.405142e-01,8.384787e-04,-1.015973e-03,8.351283e-03
141.840,-1.941267e-04,1.548473e-04,-1.651076e-03,4.728773e-03,-4.563516e-03,6.193122e-02,6.021566e-02,-1.461377e-03,5.401851e-01,8.377652e-04,-1.016156e-03,8.344830e-03
142.040,-1.940294e-04,1.550384e-04,-1.651695e-03,4.727846e-03,-4.570370e-03,6.195463e-02,6.017720e-02,-1.430135e-03,5.398558e-01,8.372377e-04,-1.014243e-03,8.337526e-03
142.240,-1.939226e-04,1.552395e-04,-1.652295e-03,4.726990e-03,-4.576705e-03,6.197684e-02,6.013877e-02,-1.398854e-03,5.395264e-01,8.365202e-04,-1.014422e-03,8.331116e-03
142.440,-1.938247e-04,1.554203e-04,-1.652862e-03,4.726027e-03,-4.583217e-03,6.199834e-02,6.010036e-02,-1.367535e-03,5.391969e-01,8.359955e-04,-1.012550e-03,8.323864e-03
142.640,-1.937172e-04,1.556111e-04,-1.653411e-03,4.725136e-03,-4.589214e-03,6.201867e-02,6.006197e-02,-1.336179e-03,5.388673e-01,8.352772e-04,-1.012712e-03,8.317497e-03
142.840,-1.936188e-04,1.557818e-04,-1.653928e-03,4.724138e-03,-4.595398e-03,6.203832e-02,6.002360e-02,-1.304787e-03,5.385376e-01,8.347551e-04,-1.010873e-03,8.310289e-03
143.040,-1.935105e-04,1.559628e-04,-1.654428e-03,4.723213e-03,-4.601070e-03,6.205682e-02,5.998525e-02,-1.273360e-03,5.382078e-01,8.340379e-04,-1.011019e-03,8.303960e-03
143.240,-1.934116e-04,1.561237e-04,-1.654897e-03,4.722179e-03,-4.606937e-03,6.207466e-02,5.994692e-02,-1.241900e-03,5.378779e-01,8.335176e-04,-1.009204e-03,8.296793e-03
143.440,-1.933028e-04,1.562952e-04,-1.655349e-03,4.721220e-03,-4.612295e-03,6.209140e-02,5.990861e-02,-1.210406e-03,5.375479e-01,8.328025e-04,-1.009340e-03,8.290502e-03
143.640,-1.932034e-04,1.564467e-04,-1.655771e-03,4.720153e-03,-4.617854e-03,6.210749e-02,5.987032e-02,-1.178880e-03,5.372178e-01,8.322832e-04,-1.007543e-03,8.283374e-03
143.840,-1.930941e-04,1.566090e-04,-1.656177e-03,4.719160e-03,-4.622910e-03,6.212250e-02,5.983205e-02,-1.147323e-03,5.368877e-01,8.315705e-04,-1.007676e-03,8.277119e-03
144.040,-1.929943e-04,1.567516e-04,-1.656554e-03,4.718060e-03,-4.628170e-03,6.213690e-02,5.979380e-02,-1.115736e-03,5.365574e-01,8.310513e-04,-1.005893e-03,8.270027e-03
144.240,-1.928844e-04,1.569050e-04,-1.656916e-03,4.717035e-03,-4.632932e-03,6.215024e-02,5.975558e-02,-1.084120e-03,5.362271e-01,8.303404e-04,-1.006028e-03,8.263807e-03
144.440,-1.927841e-04,1.570389e-04,-1.657249e-03,4.715903e-03,-4.637904e-03,6.216299e-02,5.971737e-02,-1.052474e-03,5.358967e-01,8.298205e-04,-1.004262e-03,8.256751e-03
144.640,-1.926739e-04,1.571839e-04,-1.657567e-03,4.714847e-03,-4.642382e-03,6.217470e-02,5.967918e-02,-1.020802e-03,5.355663e-01,8.291104e-04,-1.004398e-03,8.250565e-03
144.840,-1.925731e-04,1.573094e-04,-1.657858e-03,4.713684e-03,-4.647074e-03,6.218586e-02,5.964102e-02,-9.891024e-04,5.352358e-01,8.285894e-04,-1.002655e-03,8.243543e-03
145.040,-1.924623e-04,1.574463e-04,-1.658135e-03,4.712598e-03,-4.651277e-03,6.219600e-02,5.960287e-02,-9.573770e-04,5.349052e-01,8.278790e-04,-1.002789e-03,8.237392e-03
145.240,-1.923611e-04,1.575638e-04,-1.658385e-03,4.711405e-03,-4.655698e-03,6.220560e-02,5.956475e-02,-9.256263e-04,5.345746e-01,8.273566e-04,-1.001077e-03,8.230403e-03
145.440,-1.922499e-04,1.576927e-04,-1.658621e-03,4.710289e-03,-4.659635e-03,6.221422e-02,5.952664e-02,-8.938515e-04,5.342439e-01,8.266450e-04,-1.001202e-03,8.224285e-03
145.640,-1.921483e-04,1.578025e-04,-1.658831e-03,4.709067e-03,-4.663796e-03,6.222232e-02,5.948856e-02,-8.620527e-04,5.339132e-01,8.261215e-04,-9.995302e-04,8.217329e-03
145.840,-1.920367e-04,1.579238e-04,-1.659029e-03,4.707923e-03,-4.667475e-03,6.222946e-02,5.945050e-02,-8.302314e-04,5.335824e-01,8.254079e-04,-9.996396e-04,8.211245e-03
146.040,-1.919348e-04,1.580260e-04,-1.659200e-03,4.706673e-03,-4.671384e-03,6.223611e-02,5.941246e-02,-7.983877e-04,5.332516e-01,8.248836e-04,-9.980147e-04,8.204322e-03
146.240,-1.918227e-04,1.581401e-04,-1.659359e-03,4.705501e-03,-4.674814e-03,6.224180e-02,5.937444e-02,-7.665229e-04,5.329208e-01,8.241678e-04,-9.981018e-04,8.198272e-03
146.440,-1.917205e-04,1.582350e-04,-1.659494e-03,4.704222e-03,-4.678481e-03,6.224704e-02,5.933644e-02,-7.346372e-04,5.325900e-01,8.236434e-04,-9.965288e-04,8.191384e-03
146.640,-1.916079e-04,1.583420e-04,-1.659616e-03,4.703023e-03,-4.681670e-03,6.225135e-02,5.929847e-02,-7.027319e-04,5.322591e-01,8.229254e-04,-9.965888e-04,8.185370e-03
146.840,-1.915055e-04,1.584298e-04,-1.659715e-03,4.701717e-03,-4.685104e-03,6.225522e-02,5.926051e-02,-6.708071e-04,5.319282e-01,8.224017e-04,-9.950702e-04,8.178518e-03
147.040,-1.913926e-04,1.585300e-04,-1.659802e-03,4.700492e-03,-4.688060e-03,6.225818e-02,5.922257e-02,-6.388639e-04,5.315973e-01,8.216818e-04,-9.951001e-04,8.172541e-03
147.240,-1.912900e-04,1.586110e-04,-1.659866e-03,4.699158e-03,-4.691270e-03,6.226072e-02,5.918466e-02,-6.069027e-04,5.312663e-01,8.211594e-04,-9.936365e-04,8.165728e-03
147.440,-1.911766e-04,1.587046e-04,-1.659918e-03,4.697908e-03,-4.694001e-03,6.226237e-02,5.914677e-02,-5.749246e-04,5.309354e-01,8.204381e-04,-9.936353e-04,8.159790e-03
147.640,-1.910739e-04,1.587789e-04,-1.659948e-03,4.696547e-03,-4.696993e-03,6.226362e-02,5.910890e-02,-5.429297e-04,5.306044e-01,8.199178e-04,-9.922253e-04,8.153018e-03
147.840,-1.909601e-04,1.588661e-04,-1.659967e-03,4.695272e-03,-4.699507e-03,6.226400e-02,5.907105e-02,-5.109191e-04,5.302735e-01,8.191956e-04,-9.921936e-04,8.147122e-03
148.040,-1.908573e-04,1.589340e-04,-1.659964e-03,4.693884e-03,-4.702290e-03,6.226400e-02,5.903322e-02,-4.788931e-04,5.299425e-01,8.186780e-04,-9.908350e-04,8.140395e-03
148.240,-1.907432e-04,1.590150e-04,-1.659951e-03,4.692585e-03,-4.704595e-03,6.226315e-02,5.899541e-02,-4.468526e-04,5.296115e-01,8.179556e-04,-9.907745e-04,8.134542e-03
148.440,-1.906402e-04,1.590767e-04,-1.659917e-03,4.691172e-03,-4.707176e-03,6.226194e-02,5.895762e-02,-4.147980e-04,5.292806e-01,8.174413e-04,-9.894642e-04,8.127861e-03
148.640,-1.905257e-04,1.591518e-04,-1.659872e-03,4.689849e-03,-4.709278e-03,6.225990e-02,5.891986e-02,-3.827301e-04,5.289496e-01,8.167191e-04,-9.893773e-04,8.122052e-03
148.840,-1.904226e-04,1.592075e-04,-1.659807e-03,4.688411e-03,-4.711663e-03,6.225752e-02,5.888211e-02,-3.506493e-04,5.286187e-01,8.162086e-04,-9.881116e-04,8.115420e-03
149.040,-1.903078e-04,1.592768e-04,-1.659732e-03,4.687065e-03,-4.713570e-03,6.225432e-02,5.884439e-02,-3.185564e-04,5.282878e-01,8.154872e-04,-9.880009e-04,8.109658e-03
149.240,-1.902046e-04,1.593267e-04,-1.659637e-03,4.685603e-03,-4.715766e-03,6.225080e-02,5.880669e-02,-2.864517e-04,5.279569e-01,8.149809e-04,-9.867762e-04,8.103075e-03
149.440,-1.900894e-04,1.593904e-04,-1.659532e-03,4.684235e-03,-4.717484e-03,6.224649e-02,5.876901e-02,-2.543361e-04,5.276260e-01,8.142607e-04,-9.866446e-04,8.097359e-03
149.640,-1.899860e-04,1.594348e-04,-1.659409e-03,4.682749e-03,-4.719499e-03,6.224187e-02,5.873135e-02,-2.222098e-04,5.272951e-01,8.137588e-04,-9.854567e-04,8.090827e-03
149.840,-1.898705e-04,1.594931e-04,-1.659275e-03,4.681359e-03,-4.721035e-03,6.223647e-02,5.869372e-02,-1.900737e-04,5.269643e-01,8.130403e-04,-9.853071e-04,8.085158e-03
150.040,-1.897670e-04,1.595321e-04,-1.659124e-03,4.679851e-03,-4.722873e-03,6.223078e-02,5.865610e-02,-1.579279e-04,5.266335e-01,8.125430e-04,-9.841520e-04,8.078676e-03
150.240,-1.896511e-04,1.595852e-04,-1.658963e-03,4.678440e-03,-4.724233e-03,6.222434e-02,5.861851e-02,-1.257734e-04,5.263027e-01,8.118266e-04,-9.839871e-04,8.073053e-03
150.440,-1.895475e-04,1.596190e-04,-1.658785e-03,4.676910e-03,-4.725902e-03,6.221762e-02,5.858094e-02,-9.361036e-05,5.259720e-01,8.113340e-04,-9.828606e-04,8.066621e-03
150.640,-1.894312e-04,1.596671e-04,-1.658596e-03,4.675479e-03,-4.727092e-03,6.221016e-02,5.854339e-02,-6.143957e-05,5.256413e-01,8.106201e-04,-9.826833e-04,8.061044e-03
150.840,-1.893274e-04,1.596958e-04,-1.658392e-03,4.673928e-03,-4.728596e-03,6.220244e-02,5.850586e-02,-2.926119e-05,5.253106e-01,8.101321e-04,-9.815813e-04,8.054660e-03
151.040,-1.892109e-04,1.597390e-04,-1.658177e-03,4.672478e-03,-4.729624e-03,6.219400e-02,5.846835e-02,2.923914e-06,5.249800e-01,8.094209e-04,-9.813942e-04,8.049128e-03
151.240,-1.891069e-04,1.597630e-04,-1.657947e-03,4.670907e-03,-4.730969e-03,6.218531e-02,5.843087e-02,3.511563e-05,5.246494e-01,8.089374e-04,-9.803125e-04,8.042791e-03
151.440,-1.889900e-04,1.598015e-04,-1.657708e-03,4.669439e-03,-4.731838e-03,6.217592e-02,5.839340e-02,6.731312e-05,5.243188e-01,8.082293e-04,-9.801184e-04,8.037301e-03
151.640,-1.888858e-04,1.598208e-04,-1.657453e-03,4.667848e-03,-4.733031e-03,6.216630e-02,5.835596e-02,9.951627e-05,5.239884e-01,8.077500e-04,-9.790532e-04,8.031008e-03
151.840,-1.887686e-04,1.598547e-04,-1.657188e-03,4.666362e-03,-4.733748e-03,6.215599e-02,5.831854e-02,1.317243e-04,5.236579e-01,8.070452e-04,-9.788545e-04,8.025560e-03
152.040,-1.886643e-04,1.598695e-04,-1.656909e-03,4.664753e-03,-4.734792e-03,6.214546e-02,5.828114e-02,1.639371e-04,5.233275e-01,8.065697e-04,-9.778023e-04,8.019309e-03
152.240,-1.885468e-04,1.598991e-04,-1.656621e-03,4.663249e-03,-4.735363e-03,6.213426e-02,5.824377e-02,1.961538e-04,5.229972e-01,8.058683e-04,-9.776011e-04,8.013900e-03
152.440,-1.884422e-04,1.599096e-04,-1.656319e-03,4.661623e-03,-4.736264e-03,6.212286e-02,5.820641e-02,2.283744e-04,5.226669e-01,8.053963e-04,-9.765589e-04,8.007688e-03
152.640,-1.883244e-04,1.599349e-04,-1.656008e-03,4.660102e-03,-4.736694e-03,6.211080e-02,5.816908e-02,2.605982e-04,5.223367e-01,8.046984e-04,-9.763573e-04,8.002316e-03
152.840,-1.882196e-04,1.599413e-04,-1.655683e-03,4.658459e-03,-4.737457e-03,6.209854e-02,5.813177e-02,2.928250e-04,5.220066e-01,8.042294e-04,-9.753223e-04,7.996141e-03
153.040,-1.881016e-04,1.599625e-04,-1.655350e-03,4.656923e-03,-4.737750e-03,6.208565e-02,5.809448e-02,3.250541e-04,5.216765e-01,8.035350e-04,-9.751219e-04,7.990804e-03
153.240,-1.879966e-04,1.599648e-04,-1.655003e-03,4.655263e-03,-4.738379e-03,6.207257e-02,5.805721e-02,3.572854e-04,5.213465e-01,8.030686e-04,-9.740923e-04,7.984662e-03
153.440,-1.878783e-04,1.599822e-04,-1.654648e-03,4.653711e-03,-4.738541e-03,6.205887e-02,5.801997e-02,3.895182e-04,5.210166e-01,8.023776e-04,-9.738943e-04,7.979357e-03
153.640,-1.877731e-04,1.599806e-04,-1.654280e-03,4.652036e-03,-4.739042e-03,6.204500e-02,5.798275e-02,4.217525e-04,5.206867e-01,8.019134e-04,-9.728686e-04,7.973246e-03
153.840,-1.876545e-04,1.599942e-04,-1.653904e-03,4.650470e-03,-4.739076e-03,6.203052e-02,5.794554e-02,4.539875e-04,5.203569e-01,8.012256e-04,-9.726737e-04,7.967973e-03
154.040,-1.875492e-04,1.599889e-04,-1.653516e-03,4.648780e-03,-4.739452e-03,6.201588e-02,5.790837e-02,4.862232e-04,5.200272e-01,8.007631e-04,-9.716513e-04,7.961890e-03
154.240,-1.874304e-04,1.599988e-04,-1.653119e-03,4.647199e-03,-4.739364e-03,6.200064e-02,5.787121e-02,5.184589e-04,5.196976e-01,8.000784e-04,-9.714598e-04,7.956645e-03
154.440,-1.873248e-04,1.599899e-04,-1.652711e-03,4.645495e-03,-4.739620e-03,6.198526e-02,5.783407e-02,5.506945e-04,5.193680e-01,7.996173e-04,-9.704405e-04,7.950588e-03
154.640,-1.872058e-04,1.599963e-04,-1.652295e-03,4.643900e-03,-4.739413e-03,6.196929e-02,5.779696e-02,5.829295e-04,5.190385e-01,7.989354e-04,-9.702523e-04,7.945369e-03
154.840,-1.871001e-04,1.599839e-04,-1.651867e-03,4.642182e-03,-4.739554e-03,6.195318e-02,5.775987e-02,6.151637e-04,5.187092e-01,7.984753e-04,-9.692367e-04,7.939337e-03
155.040,-1.869589e-04,1.599462e-04,-1.651332e-03,4.640691e-03,-4.739347e-03,6.193812e-02,5.772280e-02,6.473966e-04,5.183799e-01,8.474707e-04,-7.819474e-04,7.819946e-03
155.240,-1.868004e-04,1.600276e-04,-1.650954e-03,4.639658e-03,-4.737032e-03,6.192059e-02,5.768577e-02,6.796368e-04,5.180507e-01,8.183409e-04,-7.944474e-04,7.690067e-03
155.440,-1.866281e-04,1.599645e-04,-1.650398e-03,4.638091e-03,-4.736925e-03,6.190668e-02,5.764876e-02,7.118739e-04,5.177215e-01,8.599678e-04,-8.276585e-04,8.330641e-03
155.640,-1.866649e-04,1.598398e-04,-1.650207e-03,4.634892e-03,-4.737463e-03,6.188480e-02,5.761176e-02,7.440905e-04,5.173925e-01,8.021304e-04,-9.650214e-04,7.926716e-03
155.840,-1.867559e-04,1.595066e-04,-1.649656e-03,4.630483e-03,-4.743336e-03,6.187100e-02,5.757474e-02,7.762756e-04,5.170635e-01,4.992927e-04,-1.697671e-03,8.037487e-03
156.040,-1.867864e-04,1.591776e-04,-1.649373e-03,4.626745e-03,-4.744526e-03,6.184820e-02,5.753772e-02,8.083842e-04,5.167346e-01,8.153442e-04,-9.534093e-04,7.950460e-03
156.240,-1.868148e-04,1.591353e-04,-1.649285e-03,4.624285e-03,-4.742065e-03,6.183141e-02,5.750069e-02,8.404597e-04,5.164058e-01,8.919781e-04,-4.167863e-04,7.682705e-03
156.440,-1.867265e-04,1.591370e-04,-1.648865e-03,4.622223e-03,-4.741652e-03,6.181692e-02,5.746367e-02,8.725161e-04,5.160770e-01,8.202297e-04,-9.130692e-04,7.943994e-03
156.640,-1.862294e-04,1.591478e-04,-1.647699e-03,4.623937e-03,-4.737143e-03,6.181399e-02,5.742670e-02,9.045778e-04,5.157483e-01,8.723744e-04,-6.155228e-04,7.610001e-03
156.840,-1.858127e-04,1.593322e-04,-1.647092e-03,4.624742e-03,-4.731096e-03,6.179727e-02,5.738984e-02,9.366521e-04,5.154199e-01,8.427791e-04,-7.172303e-04,7.762823e-03
157.040,-1.855992e-04,1.596181e-04,-1.646858e-03,4.624391e-03,-4.723975e-03,6.177269e-02,5.735303e-02,9.687817e-04,5.150915e-01,8.284776e-04,-8.854760e-04,8.091560e-03
157.240,-1.854237e-04,1.595598e-04,-1.646390e-03,4.622628e-03,-4.719783e-03,6.174725e-02,5.731625e-02,1.000943e-03,5.147632e-01,7.199994e-04,-6.991882e-04,7.191009e-03
157.440,-1.856764e-04,1.594152e-04,-1.646415e-03,4.618899e-03,-4.720944e-03,6.172396e-02,5.727948e-02,1.033076e-03,5.144350e-01,9.214368e-04,-4.392090e-04,7.659107e-03
157.640,-1.860187e-04,1.589327e-04,-1.646427e-03,4.612092e-03,-4.728065e-03,6.169850e-02,5.724265e-02,1.065125e-03,5.141067e-01,8.062604e-04,-9.229407e-04,7.892747e-03
157.840,-1.860747e-04,1.585966e-04,-1.645889e-03,4.608231e-03,-4.730024e-03,6.168281e-02,5.720577e-02,1.097098e-03,5.137785e-01,8.267601e-04,-8.866546e-04,7.882081e-03
158.040,-1.857621e-04,1.585485e-04,-1.645114e-03,4.607645e-03,-4.725958e-03,6.166896e-02,5.716892e-02,1.129028e-03,5.134505e-01,8.576446e-04,-9.376270e-04,8.397919e-03
158.240,-1.852197e-04,1.587940e-04,-1.644234e-03,4.610030e-03,-4.715573e-03,6.165819e-02,5.713216e-02,1.160991e-03,5.131226e-01,8.191210e-04,-9.038794e-04,7.891960e-03
158.440,-1.847234e-04,1.589962e-04,-1.643284e-03,4.612298e-03,-4.707808e-03,6.164724e-02,5.709550e-02,1.193002e-03,5.127948e-01,8.103102e-04,-9.212787e-04,7.864353e-03
158.640,-1.843632e-04,1.590004e-04,-1.642536e-03,4.612223e-03,-4.702438e-03,6.162709e-02,5.705892e-02,1.225038e-03,5.124673e-01,7.273947e-04,-7.772451e-04,7.321626e-03
158.840,-1.843511e-04,1.586146e-04,-1.641824e-03,4.607274e-03,-4.705745e-03,6.159918e-02,5.702237e-02,1.257082e-03,5.121398e-01,2.035880e-04,-1.945532e-03,7.050259e-03
159.040,-1.848532e-04,1.586468e-04,-1.642385e-03,4.603160e-03,-4.707031e-03,6.156992e-02,5.698576e-02,1.289054e-03,5.118123e-01,7.571022e-04,-1.166820e-03,8.231032e-03
159.240,-1.849159e-04,1.582122e-04,-1.641867e-03,4.598104e-03,-4.708994e-03,6.153966e-02,5.694911e-02,1.320976e-03,5.114849e-01,8.224214e-04,-9.243834e-04,7.899870e-03
159.440,-1.849415e-04,1.580124e-04,-1.641275e-03,4.595100e-03,-4.710741e-03,6.152118e-02,5.691244e-02,1.352840e-03,5.111576e-01,8.231437e-04,-8.888778e-04,7.886304e-03
159.640,-1.847001e-04,1.580511e-04,-1.640591e-03,4.594558e-03,-4.706775e-03,6.150109e-02,5.687580e-02,1.384676e-03,5.108304e-01,7.889533e-04,-7.565540e-04,7.473327e-03
159.840,-1.843081e-04,1.583094e-04,-1.639710e-03,4.596493e-03,-4.700081e-03,6.148906e-02,5.683924e-02,1.416540e-03,5.105035e-01,1.028862e-03,-2.877486e-04,7.839202e-03
160.040,-1.839779e-04,1.582887e-04,-1.638715e-03,4.596007e-03,-4.698505e-03,6.147250e-02,5.680275e-02,1.448418e-03,5.101767e-01,7.860815e-04,-1.064582e-03,8.145401e-03
160.240,-1.841313e-04,1.578893e-04,-1.638129e-03,4.591361e-03,-4.703086e-03,6.144735e-02,5.676629e-02,1.480268e-03,5.098500e-01,8.180963e-04,-8.749222e-04,7.842668e-03
160.440,-1.844376e-04,1.575673e-04,-1.637902e-03,4.586525e-03,-4.707097e-03,6.142567e-02,5.672977e-02,1.512050e-03,5.095234e-01,8.778530e-04,-6.538497e-04,7.670790e-03
160.640,-1.846470e-04,1.568185e-04,-1.637192e-03,4.579834e-03,-4.715752e-03,6.140305e-02,5.669319e-02,1.543689e-03,5.091970e-01,6.757508e-04,-7.693721e-04,6.958911e-03
160.840,-1.844745e-04,1.570819e-04,-1.637085e-03,4.578613e-03,-4.706547e-03,6.137168e-02,5.665661e-02,1.575285e-03,5.088706e-01,8.498956e-04,-8.199511e-04,7.837779e-03
161.040,-1.843584e-04,1.566614e-04,-1.636154e-03,4.575144e-03,-4.705043e-03,6.135085e-02,5.662005e-02,1.606848e-03,5.085443e-01,7.431037e-04,-6.456206e-04,7.035498e-03
161.240,-1.838783e-04,1.569162e-04,-1.635524e-03,4.576005e-03,-4.695239e-03,6.132543e-02,5.658356e-02,1.638429e-03,5.082182e-01,8.554323e-04,-7.910123e-04,7.848398e-03
161.440,-1.834664e-04,1.573750e-04,-1.635046e-03,4.578189e-03,-4.681126e-03,6.130178e-02,5.654716e-02,1.670086e-03,5.078921e-01,8.167744e-04,-6.871769e-04,7.493331e-03
161.640,-1.828312e-04,1.576462e-04,-1.634019e-03,4.581367e-03,-4.668892e-03,6.128639e-02,5.651087e-02,1.701807e-03,5.075663e-01,8.406228e-04,-7.350723e-04,7.651191e-03
161.840,-1.823887e-04,1.579340e-04,-1.633274e-03,4.583378e-03,-4.658718e-03,6.126425e-02,5.647468e-02,1.733589e-03,5.072406e-01,8.351741e-04,-7.833776e-04,7.703200e-03
162.040,-1.821478e-04,1.580432e-04,-1.632652e-03,4.583383e-03,-4.651766e-03,6.123558e-02,5.643855e-02,1.765416e-03,5.069150e-01,7.892578e-04,-7.572910e-04,7.497507e-03
162.240,-1.820972e-04,1.580224e-04,-1.632165e-03,4.581536e-03,-4.648437e-03,6.120297e-02,5.640245e-02,1.797254e-03,5.065895e-01,7.280954e-04,-8.252002e-04,7.266785e-03
162.440,-1.821179e-04,1.579299e-04,-1.631617e-03,4.578770e-03,-4.647482e-03,6.117142e-02,5.636635e-02,1.829086e-03,5.062641e-01,6.960118e-04,-9.540045e-04,7.506087e-03
162.640,-1.821854e-04,1.577939e-04,-1.631073e-03,4.576234e-03,-4.647669e-03,6.114324e-02,5.633024e-02,1.860887e-03,5.059389e-01,8.158103e-04,-8.826785e-04,7.786831e-03
162.840,-1.820400e-04,1.574303e-04,-1.629926e-03,4.572822e-03,-4.649408e-03,6.111472e-02,5.629413e-02,1.892658e-03,5.056137e-01,4.544937e-04,-1.317640e-03,7.027252e-03
163.040,-1.822667e-04,1.573037e-04,-1.629654e-03,4.569752e-03,-4.650906e-03,6.108671e-02,5.625801e-02,1.924373e-03,5.052888e-01,8.212850e-04,-8.805166e-04,7.796696e-03
163.240,-1.822931e-04,1.572377e-04,-1.629132e-03,4.567089e-03,-4.650314e-03,6.105724e-02,5.622188e-02,1.956045e-03,5.049639e-01,7.927833e-04,-1.006854e-03,8.008953e-03
163.440,-1.819810e-04,1.571239e-04,-1.627934e-03,4.566512e-03,-4.647406e-03,6.103555e-02,5.618577e-02,1.987714e-03,5.046392e-01,8.251274e-04,-8.702422e-04,7.791622e-03
163.640,-1.818171e-04,1.568747e-04,-1.626991e-03,4.563573e-03,-4.646797e-03,6.100462e-02,5.614970e-02,2.019358e-03,5.043147e-01,5.351057e-04,-9.467485e-04,6.911308e-03
163.840,-1.820389e-04,1.569780e-04,-1.626913e-03,4.561418e-03,-4.645297e-03,6.097707e-02,5.611363e-02,2.050982e-03,5.039903e-01,8.552775e-04,-6.751644e-04,7.603654e-03
164.040,-1.821446e-04,1.564218e-04,-1.626167e-03,4.557149e-03,-4.648086e-03,6.095745e-02,5.607754e-02,2.082523e-03,5.036660e-01,1.071661e-03,2.481374e-05,8.143848e-03
164.240,-1.822672e-04,1.561002e-04,-1.625602e-03,4.552838e-03,-4.649471e-03,6.092761e-02,5.604142e-02,2.113979e-03,5.033419e-01,9.315530e-04,-2.991862e-04,7.452437e-03
164.440,-1.818938e-04,1.560612e-04,-1.624650e-03,4.552092e-03,-4.643422e-03,6.090250e-02,5.600533e-02,2.145407e-03,5.030179e-01,8.409948e-04,-8.112838e-04,7.781581e-03
164.640,-1.814179e-04,1.563641e-04,-1.623651e-03,4.554350e-03,-4.632678e-03,6.088251e-02,5.596932e-02,2.176872e-03,5.026941e-01,8.075270e-04,-8.677965e-04,7.748104e-03
164.840,-1.809303e-04,1.565145e-04,-1.622714e-03,4.555060e-03,-4.623543e-03,6.085331e-02,5.593341e-02,2.208392e-03,5.023704e-01,8.283125e-04,-8.305141e-04,7.763713e-03
165.040,-1.809849e-04,1.561170e-04,-1.621895e-03,4.551257e-03,-4.626290e-03,6.082713e-02,5.589753e-02,2.239906e-03,5.020470e-01,8.271304e-04,-8.301813e-04,7.762303e-03
165.240,-1.813237e-04,1.557363e-04,-1.621529e-03,4.545859e-03,-4.631922e-03,6.079720e-02,5.586161e-02,2.271334e-03,5.017236e-01,8.733884e-04,-7.498442e-04,7.789009e-03
165.440,-1.812317e-04,1.552540e-04,-1.620578e-03,4.540901e-03,-4.632810e-03,6.076253e-02,5.582566e-02,2.302690e-03,5.014003e-01,2.673819e-04,-1.540106e-03,6.525842e-03
165.640,-1.814744e-04,1.554386e-04,-1.620724e-03,4.538550e-03,-4.628336e-03,6.072846e-02,5.578969e-02,2.333996e-03,5.010772e-01,8.476313e-04,-8.146406e-04,7.778701e-03
165.840,-1.811814e-04,1.552972e-04,-1.619820e-03,4.536895e-03,-4.621335e-03,6.070271e-02,5.575375e-02,2.365283e-03,5.007541e-01,8.493098e-04,-7.826317e-04,7.785756e-03
166.040,-1.808076e-04,1.551792e-04,-1.618592e-03,4.537401e-03,-4.617814e-03,6.069184e-02,5.571786e-02,2.396566e-03,5.004313e-01,7.832292e-04,-9.624070e-04,8.220138e-03
166.240,-1.806100e-04,1.552053e-04,-1.617744e-03,4.537418e-03,-4.613811e-03,6.067138e-02,5.568203e-02,2.427821e-03,5.001087e-01,8.694811e-04,-7.077749e-04,7.683193e-03
166.440,-1.800887e-04,1.554191e-04,-1.616531e-03,4.539434e-03,-4.605557e-03,6.065222e-02,5.564628e-02,2.459109e-03,4.997862e-01,8.429041e-04,-7.824856e-04,7.732215e-03
166.640,-1.797584e-04,1.556410e-04,-1.615708e-03,4.540749e-03,-4.596953e-03,6.062546e-02,5.561061e-02,2.490436e-03,4.994640e-01,8.559938e-04,-6.495410e-04,7.519664e-03
166.840,-1.794997e-04,1.558895e-04,-1.615147e-03,4.540962e-03,-4.587695e-03,6.058936e-02,5.557500e-02,2.521809e-03,4.991419e-01,8.361176e-04,-7.074817e-04,7.526783e-03
167.040,-1.794379e-04,1.559534e-04,-1.614629e-03,4.539438e-03,-4.582249e-03,6.055209e-02,5.553943e-02,2.553215e-03,4.988200e-01,8.181645e-04,-5.944030e-04,7.263856e-03
167.240,-1.795844e-04,1.556372e-04,-1.613960e-03,4.535035e-03,-4.585984e-03,6.051793e-02,5.550385e-02,2.584597e-03,4.984981e-01,8.190633e-04,-8.244642e-04,7.687669e-03
167.440,-1.799341e-04,1.552481e-04,-1.613599e-03,4.529302e-03,-4.590552e-03,6.048000e-02,5.546822e-02,2.615897e-03,4.981764e-01,7.212028e-04,-7.886589e-04,7.117316e-03
167.640,-1.800808e-04,1.548465e-04,-1.612576e-03,4.525475e-03,-4.595850e-03,6.045985e-02,5.543254e-02,2.647113e-03,4.978548e-01,9.804249e-04,-4.806214e-04,8.048352e-03
167.840,-1.797746e-04,1.548131e-04,-1.611641e-03,4.524167e-03,-4.591423e-03,6.042537e-02,5.539687e-02,2.678282e-03,4.975334e-01,8.388032e-04,-7.892366e-04,7.692715e-03
168.040,-1.793614e-04,1.550584e-04,-1.610558e-03,4.525849e-03,-4.582350e-03,6.040208e-02,5.536128e-02,2.709492e-03,4.972122e-01,9.077199e-04,-4.444328e-04,7.416078e-03
168.240,-1.792195e-04,1.548301e-04,-1.609598e-03,4.523362e-03,-4.582282e-03,6.037073e-02,5.532575e-02,2.740695e-03,4.968912e-01,8.325433e-04,-8.081950e-04,7.668052e-03
168.440,-1.791903e-04,1.549157e-04,-1.609094e-03,4.521878e-03,-4.577768e-03,6.033734e-02,5.529021e-02,2.771891e-03,4.965703e-01,8.505371e-04,-6.429765e-04,7.471296e-03
168.640,-1.790877e-04,1.548829e-04,-1.608306e-03,4.520330e-03,-4.574295e-03,6.030654e-02,5.525471e-02,2.803085e-03,4.962496e-01,8.565655e-04,-6.583035e-04,7.545874e-03
168.840,-1.792764e-04,1.542139e-04,-1.607534e-03,4.513710e-03,-4.580114e-03,6.027169e-02,5.521919e-02,2.834198e-03,4.959290e-01,8.447673e-04,-7.949236e-04,7.689525e-03
169.040,-1.793340e-04,1.542698e-04,-1.607187e-03,4.511741e-03,-4.575382e-03,6.023926e-02,5.518363e-02,2.865261e-03,4.956085e-01,8.302826e-04,-7.075533e-04,7.490707e-03
169.240,-1.788326e-04,1.544438e-04,-1.606083e-03,4.513091e-03,-4.564783e-03,6.021217e-02,5.514813e-02,2.896340e-03,4.952882e-01,8.622770e-04,-7.788074e-04,7.810030e-03
169.440,-1.784123e-04,1.546967e-04,-1.605234e-03,4.514325e-03,-4.554251e-03,6.017933e-02,5.511272e-02,2.927464e-03,4.949681e-01,7.938683e-04,-8.041872e-04,7.504220e-03
169.640,-1.780784e-04,1.548589e-04,-1.604175e-03,4.515213e-03,-4.547520e-03,6.015312e-02,5.507738e-02,2.958639e-03,4.946481e-01,8.225405e-04,-7.623026e-04,7.543694e-03
169.840,-1.778945e-04,1.547455e-04,-1.603279e-03,4.513381e-03,-4.543688e-03,6.011533e-02,5.504210e-02,2.989822e-03,4.943284e-01,6.168920e-04,-9.399963e-04,6.900048e-03
170.040,-1.779262e-04,1.546021e-04,-1.602580e-03,4.510178e-03,-4.543335e-03,6.007844e-02,5.500681e-02,3.021000e-03,4.940088e-01,8.202756e-04,-8.366478e-04,7.657184e-03
170.240,-1.781420e-04,1.544384e-04,-1.602067e-03,4.506691e-03,-4.544943e-03,6.004506e-02,5.497151e-02,3.052131e-03,4.936893e-01,8.142305e-04,-8.278555e-04,7.627051e-03
170.440,-1.779394e-04,1.538773e-04,-1.600394e-03,4.502758e-03,-4.549755e-03,6.001763e-02,5.493619e-02,3.083214e-03,4.933699e-01,3.446131e-04,-1.436422e-03,6.607402e-03
170.640,-1.781400e-04,1.539149e-04,-1.600205e-03,4.500218e-03,-4.548526e-03,5.998195e-02,5.490088e-02,3.114227e-03,4.930508e-01,8.187232e-04,-7.996672e-04,7.618349e-03
170.840,-1.781049e-04,1.533871e-04,-1.599155e-03,4.494397e-03,-4.550137e-03,5.994091e-02,5.486555e-02,3.145209e-03,4.927319e-01,2.176712e-04,-1.693612e-03,6.469126e-03
171.040,-1.783549e-04,1.531489e-04,-1.598854e-03,4.489561e-03,-4.550433e-03,5.990103e-02,5.483019e-02,3.176123e-03,4.924130e-01,8.455783e-04,-8.014936e-04,7.699886e-03
171.240,-1.783865e-04,1.527944e-04,-1.597840e-03,4.486028e-03,-4.553292e-03,5.987581e-02,5.479481e-02,3.206978e-03,4.920942e-01,8.393781e-04,-7.641720e-04,7.659241e-03
171.440,-1.781763e-04,1.528754e-04,-1.597114e-03,4.485401e-03,-4.546448e-03,5.984434e-02,5.475944e-02,3.237773e-03,4.917757e-01,7.949199e-04,-2.978107e-04,6.883886e-03
171.640,-1.777334e-04,1.531558e-04,-1.595935e-03,4.487222e-03,-4.537952e-03,5.982291e-02,5.472415e-02,3.268599e-03,4.914573e-01,8.705674e-04,-6.459275e-04,7.564109e-03
171.840,-1.769949e-04,1.534302e-04,-1.594522e-03,4.490143e-03,-4.525731e-03,5.979591e-02,5.468898e-02,3.299487e-03,4.911393e-01,6.605644e-04,-9.642196e-04,7.291071e-03
172.040,-1.767852e-04,1.538464e-04,-1.594000e-03,4.491752e-03,-4.515351e-03,5.976324e-02,5.465390e-02,3.330429e-03,4.908214e-01,8.145076e-04,-8.063344e-04,7.576828e-03
172.240,-1.765650e-04,1.539300e-04,-1.593187e-03,4.490689e-03,-4.509156e-03,5.972487e-02,5.461888e-02,3.361418e-03,4.905037e-01,7.247267e-04,-1.003108e-03,7.618118e-03
172.440,-1.766511e-04,1.536861e-04,-1.592441e-03,4.487469e-03,-4.509750e-03,5.968975e-02,5.458387e-02,3.392393e-03,4.901861e-01,8.075949e-04,-8.371539e-04,7.578493e-03
172.640,-1.767378e-04,1.534967e-04,-1.591762e-03,4.484102e-03,-4.509587e-03,5.965241e-02,5.454883e-02,3.423322e-03,4.898687e-01,7.591321e-04,-6.967169e-04,7.104167e-03
172.840,-1.766716e-04,1.533422e-04,-1.590815e-03,4.481699e-03,-4.508784e-03,5.961965e-02,5.451379e-02,3.454216e-03,4.895514e-01,8.092857e-04,-8.278650e-04,7.579322e-03
173.040,-1.765365e-04,1.534005e-04,-1.589993e-03,4.480622e-03,-4.504582e-03,5.958609e-02,5.447878e-02,3.485099e-03,4.892343e-01,8.067569e-04,-8.296711e-04,7.571270e-03
173.240,-1.763214e-04,1.534399e-04,-1.589021e-03,4.479955e-03,-4.499955e-03,5.955345e-02,5.444380e-02,3.515983e-03,4.889174e-01,8.025944e-04,-8.360568e-04,7.563816e-03
173.440,-1.761158e-04,1.532976e-04,-1.587986e-03,4.477939e-03,-4.496332e-03,5.951550e-02,5.440886e-02,3.546869e-03,4.886007e-01,6.345484e-04,-8.929807e-04,6.871329e-03
173.640,-1.762496e-04,1.532462e-04,-1.587413e-03,4.475298e-03,-4.496367e-03,5.948209e-02,5.437393e-02,3.577737e-03,4.882841e-01,7.897517e-04,-6.865631e-04,7.211048e-03
173.840,-1.763195e-04,1.526358e-04,-1.586299e-03,4.469417e-03,-4.501875e-03,5.944463e-02,5.433897e-02,3.608539e-03,4.879678e-01,4.356425e-04,-1.201455e-03,6.515770e-03
174.040,-1.764748e-04,1.526118e-04,-1.585915e-03,4.466503e-03,-4.499966e-03,5.940789e-02,5.430399e-02,3.639278e-03,4.876515e-01,7.885386e-04,-6.698574e-04,7.183551e-03
174.240,-1.765032e-04,1.521186e-04,-1.584621e-03,4.462461e-03,-4.504284e-03,5.938587e-02,5.426899e-02,3.669948e-03,4.873354e-01,7.387055e-04,-7.759139e-04,7.306288e-03
174.440,-1.760364e-04,1.517795e-04,-1.583048e-03,4.460735e-03,-4.502374e-03,5.935610e-02,5.423402e-02,3.700569e-03,4.870196e-01,4.221560e-04,-1.104616e-03,6.397758e-03
174.640,-1.760059e-04,1.520192e-04,-1.582699e-03,4.459900e-03,-4.495983e-03,5.932291e-02,5.419911e-02,3.731177e-03,4.867040e-01,8.260436e-04,-7.975666e-04,7.579929e-03
174.840,-1.759025e-04,1.520020e-04,-1.581715e-03,4.459087e-03,-4.493377e-03,5.929906e-02,5.416421e-02,3.761788e-03,4.863885e-01,6.490022e-04,-1.113083e-03,7.318721e-03
175.040,-1.757979e-04,1.516422e-04,-1.580550e-03,4.455886e-03,-4.494627e-03,5.926952e-02,5.412935e-02,3.792350e-03,4.860733e-01,6.257865e-04,-1.090898e-03,7.369362e-03
175.240,-1.757141e-04,1.516658e-04,-1.579920e-03,4.454660e-03,-4.489152e-03,5.923589e-02,5.409450e-02,3.822879e-03,4.857583e-01,8.171919e-04,-7.869376e-04,7.523204e-03
175.440,-1.756389e-04,1.517158e-04,-1.579660e-03,4.451539e-03,-4.480314e-03,5.918402e-02,5.405967e-02,3.853400e-03,4.854433e-01,7.487713e-04,-6.303527e-04,6.929816e-03
175.640,-1.755510e-04,1.516441e-04,-1.578763e-03,4.449383e-03,-4.476531e-03,5.915114e-02,5.402487e-02,3.883945e-03,4.851285e-01,8.704980e-04,-5.680102e-04,7.402106e-03
175.840,-1.752797e-04,1.514018e-04,-1.577562e-03,4.447174e-03,-4.472804e-03,5.911855e-02,5.399009e-02,3.914476e-03,4.848138e-01,5.000675e-04,-1.025255e-03,6.513881e-03
176.040,-1.750882e-04,1.514681e-04,-1.576766e-03,4.446613e-03,-4.468218e-03,5.908689e-02,5.395534e-02,3.944978e-03,4.844993e-01,8.163080e-04,-7.858720e-04,7.540854e-03
176.240,-1.746472e-04,1.510975e-04,-1.575213e-03,4.443923e-03,-4.465949e-03,5.905224e-02,5.392064e-02,3.975489e-03,4.841850e-01,2.312063e-04,-1.527683e-03,6.370540e-03
176.440,-1.750245e-04,1.508661e-04,-1.575071e-03,4.439052e-03,-4.467282e-03,5.901319e-02,5.388595e-02,4.005944e-03,4.838709e-01,8.329971e-04,-8.040137e-04,7.593321e-03
176.640,-1.754142e-04,1.507645e-04,-1.574957e-03,4.434681e-03,-4.466939e-03,5.897894e-02,5.385119e-02,4.036321e-03,4.835568e-01,6.577325e-04,-1.135159e-03,7.569374e-03
176.840,-1.749768e-04,1.505299e-04,-1.573847e-03,4.433098e-03,-4.457654e-03,5.894158e-02,5.381645e-02,4.066656e-03,4.832429e-01,6.661306e-04,-5.494319e-04,6.715636e-03
177.040,-1.748766e-04,1.507415e-04,-1.573155e-03,4.433284e-03,-4.451001e-03,5.891782e-02,5.378176e-02,4.096998e-03,4.829292e-01,8.704289e-04,-5.977482e-04,7.483722e-03
177.240,-1.743518e-04,1.502763e-04,-1.571614e-03,4.431427e-03,-4.446559e-03,5.889064e-02,5.374713e-02,4.127308e-03,4.826157e-01,5.689372e-04,-8.224174e-04,6.964387e-03
177.440,-1.743552e-04,1.506151e-04,-1.571325e-03,4.431980e-03,-4.436040e-03,5.886040e-02,5.371254e-02,4.157609e-03,4.823024e-01,8.143528e-04,-5.539728e-04,7.135315e-03
177.640,-1.738559e-04,1.505059e-04,-1.569988e-03,4.431901e-03,-4.429005e-03,5.883318e-02,5.367802e-02,4.187932e-03,4.819892e-01,8.238225e-04,-7.718145e-04,7.554195e-03
177.840,-1.736032e-04,1.506021e-04,-1.568972e-03,4.432529e-03,-4.422540e-03,5.880651e-02,5.364356e-02,4.218261e-03,4.816763e-01,6.842562e-04,-9.347805e-04,7.226309e-03
178.040,-1.733038e-04,1.507370e-04,-1.567885e-03,4.433203e-03,-4.416072e-03,5.877803e-02,5.360916e-02,4.248605e-03,4.813635e-01,7.255551e-04,-8.172681e-04,7.257556e-03
178.240,-1.730605e-04,1.507398e-04,-1.566780e-03,4.432954e-03,-4.411516e-03,5.874560e-02,5.357482e-02,4.278963e-03,4.810510e-01,6.791973e-04,-8.541369e-04,6.986343e-03
178.440,-1.730222e-04,1.507665e-04,-1.566048e-03,4.431470e-03,-4.408188e-03,5.870825e-02,5.354050e-02,4.309321e-03,4.807387e-01,7.312416e-04,-7.509899e-04,7.014445e-03
178.640,-1.731843e-04,1.503247e-04,-1.564991e-03,4.427014e-03,-4.414505e-03,5.867735e-02,5.350619e-02,4.339642e-03,4.804266e-01,7.979929e-04,-8.060497e-04,7.473646e-03
178.840,-1.735737e-04,1.498746e-04,-1.564416e-03,4.421073e-03,-4.421539e-03,5.863973e-02,5.347181e-02,4.369860e-03,4.801146e-01,7.192242e-04,-7.679023e-04,6.982453e-03
179.040,-1.735745e-04,1.494335e-04,-1.563264e-03,4.416460e-03,-4.425580e-03,5.860602e-02,5.343738e-02,4.399994e-03,4.798029e-01,8.188647e-04,-7.601702e-04,7.490118e-03
179.240,-1.736112e-04,1.495758e-04,-1.562893e-03,4.414394e-03,-4.420472e-03,5.856608e-02,5.340296e-02,4.430088e-03,4.794912e-01,8.298862e-04,-6.046757e-04,7.216219e-03
179.440,-1.731877e-04,1.492609e-04,-1.561182e-03,4.412730e-03,-4.418474e-03,5.853838e-02,5.336858e-02,4.460195e-03,4.791798e-01,8.244951e-04,-7.504684e-04,7.510594e-03
179.640,-1.728331e-04,1.490136e-04,-1.559586e-03,4.410957e-03,-4.419430e-03,5.851280e-02,5.333424e-02,4.490282e-03,4.788685e-01,1.440022e-04,-2.064781e-03,6.914015e-03
179.840,-1.730892e-04,1.486551e-04,-1.558934e-03,4.407009e-03,-4.423411e-03,5.848328e-02,5.329992e-02,4.520293e-03,4.785576e-01,8.440687e-04,-7.485999e-04,7.516084e-03
180.040,-1.732612e-04,1.487573e-04,-1.558695e-03,4.404916e-03,-4.419905e-03,5.844689e-02,5.326556e-02,4.550242e-03,4.782468e-01,7.854028e-04,-6.266894e-04,7.056339e-03
180.240,-1.730289e-04,1.489509e-04,-1.558302e-03,4.403468e-03,-4.407480e-03,5.839877e-02,5.323122e-02,4.580185e-03,4.779361e-01,7.802143e-04,-5.464985e-04,6.882835e-03
180.440,-1.725805e-04,1.491798e-04,-1.556933e-03,4.405487e-03,-4.398763e-03,5.837994e-02,5.319695e-02,4.610193e-03,4.776255e-01,7.750491e-04,-8.482057e-04,7.439336e-03
180.640,-1.720446e-04,1.490386e-04,-1.555669e-03,4.404306e-03,-4.392107e-03,5.834131e-02,5.316279e-02,4.640212e-03,4.773152e-01,4.535324e-04,-1.394372e-03,7.156599e-03
180.840,-1.721603e-04,1.493139e-04,-1.555647e-03,4.403519e-03,-4.382541e-03,5.829822e-02,5.312865e-02,4.670253e-03,4.770050e-01,7.372409e-04,-6.686628e-04,6.878954e-03
181.040,-1.721037e-04,1.492629e-04,-1.554970e-03,4.401224e-03,-4.377649e-03,5.825921e-02,5.309451e-02,4.700289e-03,4.766950e-01,8.142719e-04,-7.689584e-04,7.433254e-03
181.240,-1.719440e-04,1.492036e-04,-1.554090e-03,4.399429e-03,-4.372174e-03,5.822068e-02,5.306041e-02,4.730328e-03,4.763850e-01,8.612543e-04,-5.777506e-04,7.336683e-03
181.440,-1.717936e-04,1.490965e-04,-1.553083e-03,4.397827e-03,-4.368396e-03,5.818599e-02,5.302633e-02,4.760358e-03,4.760753e-01,8.117242e-04,-7.854950e-04,7.442388e-03
181.640,-1.716095e-04,1.490449e-04,-1.551956e-03,4.396684e-03,-4.365663e-03,5.815594e-02,5.299227e-02,4.790376e-03,4.757657e-01,6.430929e-04,-1.160143e-03,7.494070e-03
181.840,-1.716281e-04,1.485750e-04,-1.550695e-03,4.393622e-03,-4.370032e-03,5.813130e-02,5.295824e-02,4.820335e-03,4.754564e-01,8.135165e-04,-7.745081e-04,7.422434e-03
182.040,-1.717802e-04,1.484124e-04,-1.550020e-03,4.390373e-03,-4.371719e-03,5.809762e-02,5.292419e-02,4.850224e-03,4.751473e-01,8.233188e-04,-7.889604e-04,7.530603e-03
182.240,-1.716520e-04,1.480741e-04,-1.548914e-03,4.386711e-03,-4.371034e-03,5.806024e-02,5.289014e-02,4.880070e-03,4.748384e-01,8.170177e-04,-7.336546e-04,7.418372e-03
182.440,-1.717897e-04,1.475647e-04,-1.548083e-03,4.381208e-03,-4.373885e-03,5.802325e-02,5.285609e-02,4.909854e-03,4.745297e-01,8.387239e-04,-7.466579e-04,7.471478e-03
182.640,-1.721236e-04,1.471800e-04,-1.547558e-03,4.375606e-03,-4.376855e-03,5.798882e-02,5.282198e-02,4.939545e-03,4.742210e-01,8.448910e-04,-7.192308e-04,7.475824e-03
182.840,-1.719321e-04,1.467675e-04,-1.546606e-03,4.371850e-03,-4.374128e-03,5.795250e-02,5.278785e-02,4.969150e-03,4.739125e-01,8.638013e-04,-6.942784e-04,7.492244e-03
183.040,-1.716532e-04,1.467888e-04,-1.545522e-03,4.371218e-03,-4.366358e-03,5.792654e-02,5.275374e-02,4.998724e-03,4.736042e-01,5.476219e-04,-1.127700e-03,7.380572e-03
183.240,-1.713980e-04,1.471272e-04,-1.545051e-03,4.373189e-03,-4.352035e-03,5.789260e-02,5.271973e-02,5.028301e-03,4.732961e-01,8.603071e-04,-4.492336e-04,7.075151e-03
183.440,-1.709585e-04,1.472920e-04,-1.544129e-03,4.374034e-03,-4.339259e-03,5.785942e-02,5.268579e-02,5.057923e-03,4.729882e-01,7.922923e-04,-4.446316e-04,6.794626e-03
183.640,-1.706281e-04,1.472941e-04,-1.543021e-03,4.373572e-03,-4.333387e-03,5.783196e-02,5.265192e-02,5.087573e-03,4.726804e-01,6.389186e-04,-1.198855e-03,7.659301e-03
183.840,-1.702171e-04,1.472270e-04,-1.541766e-03,4.373580e-03,-4.325414e-03,5.779890e-02,5.261811e-02,5.117235e-03,4.723729e-01,5.079599e-04,-9.501524e-04,6.458588e-03
184.040,-1.698882e-04,1.473602e-04,-1.540667e-03,4.374372e-03,-4.318396e-03,5.776832e-02,5.258436e-02,5.146921e-03,4.720656e-01,8.334427e-04,-7.317518e-04,7.415368e-03
184.240,-1.697920e-04,1.473377e-04,-1.539804e-03,4.372963e-03,-4.314802e-03,5.773110e-02,5.255067e-02,5.176619e-03,4.717584e-01,8.272389e-04,-7.423698e-04,7.407031e-03
184.440,-1.698997e-04,1.469878e-04,-1.538860e-03,4.368545e-03,-4.317407e-03,5.769355e-02,5.251696e-02,5.206286e-03,4.714514e-01,2.892337e-04,-1.344909e-03,6.059194e-03
184.640,-1.702674e-04,1.468760e-04,-1.538563e-03,4.365110e-03,-4.319731e-03,5.765874e-02,5.248323e-02,5.235876e-03,4.711446e-01,7.679151e-04,-6.621111e-04,6.988230e-03
184.840,-1.700692e-04,1.465947e-04,-1.537069e-03,4.362704e-03,-4.322046e-03,5.763150e-02,5.244947e-02,5.265416e-03,4.708380e-01,5.206158e-04,-1.224300e-03,6.916854e-03
185.040,-1.698414e-04,1.467286e-04,-1.536135e-03,4.362647e-03,-4.316518e-03,5.759684e-02,5.241576e-02,5.294939e-03,4.705317e-01,8.226893e-04,-6.928117e-04,7.337058e-03
185.240,-1.695312e-04,1.469756e-04,-1.535055e-03,4.363638e-03,-4.309503e-03,5.756596e-02,5.238211e-02,5.324504e-03,4.702255e-01,8.001360e-04,-7.728666e-04,7.368999e-03
185.440,-1.690854e-04,1.472649e-04,-1.533926e-03,4.365263e-03,-4.300204e-03,5.753021e-02,5.234853e-02,5.354114e-03,4.699196e-01,8.097887e-04,-7.249912e-04,7.304176e-03
185.640,-1.686393e-04,1.476511e-04,-1.532823e-03,4.367676e-03,-4.289538e-03,5.749562e-02,5.231504e-02,5.383802e-03,4.696138e-01,7.952045e-04,-7.468862e-04,7.277172e-03
185.840,-1.682761e-04,1.478739e-04,-1.531598e-03,4.369500e-03,-4.282159e-03,5.746432e-02,5.228163e-02,5.413552e-03,4.693083e-01,7.815982e-04,-7.711152e-04,7.249662e-03
186.040,-1.679537e-04,1.480272e-04,-1.530390e-03,4.370683e-03,-4.275507e-03,5.743076e-02,5.224828e-02,5.443344e-03,4.690031e-01,6.430346e-04,-8.885265e-04,6.746524e-03
186.240,-1.677958e-04,1.481308e-04,-1.529408e-03,4.370896e-03,-4.270470e-03,5.739539e-02,5.221498e-02,5.473165e-03,4.686980e-01,6.538706e-04,-8.905831e-04,6.808972e-03
186.440,-1.677317e-04,1.481282e-04,-1.528477e-03,4.370042e-03,-4.267445e-03,5.735861e-02,5.218170e-02,5.502996e-03,4.683932e-01,6.421335e-04,-9.180799e-04,6.802601e-03
186.640,-1.677406e-04,1.480537e-04,-1.527598e-03,4.368372e-03,-4.265938e-03,5.732085e-02,5.214843e-02,5.532818e-03,4.680885e-01,6.478445e-04,-9.184877e-04,6.834572e-03
186.840,-1.677961e-04,1.479264e-04,-1.526747e-03,4.366083e-03,-4.265588e-03,5.728250e-02,5.211515e-02,5.562618e-03,4.677840e-01,6.620813e-04,-9.058061e-04,6.885420e-03
187.040,-1.678866e-04,1.478051e-04,-1.525947e-03,4.363600e-03,-4.265867e-03,5.724484e-02,5.208186e-02,5.592389e-03,4.674796e-01,7.244773e-04,-8.524210e-04,7.119320e-03
187.240,-1.679436e-04,1.476270e-04,-1.525043e-03,4.360838e-03,-4.266649e-03,5.720712e-02,5.204855e-02,5.622125e-03,4.671755e-01,7.191545e-04,-8.581648e-04,7.101024e-03
187.440,-1.680030e-04,1.474470e-04,-1.524152e-03,4.357894e-03,-4.267595e-03,5.716911e-02,5.201524e-02,5.651824e-03,4.668715e-01,7.152819e-04,-8.612226e-04,7.085828e-03
187.640,-1.680278e-04,1.472841e-04,-1.523213e-03,4.355164e-03,-4.268328e-03,5.713218e-02,5.198191e-02,5.681491e-03,4.665677e-01,7.194883e-04,-8.599960e-04,7.105549e-03
187.840,-1.680177e-04,1.471149e-04,-1.522235e-03,4.352445e-03,-4.268632e-03,5.709469e-02,5.194858e-02,5.711126e-03,4.662641e-01,6.612654e-04,-8.767187e-04,6.820201e-03
188.040,-1.680496e-04,1.469695e-04,-1.521387e-03,4.349402e-03,-4.268821e-03,5.705537e-02,5.191525e-02,5.740730e-03,4.659606e-01,6.729810e-04,-8.600401e-04,6.851009e-03
188.240,-1.681124e-04,1.468026e-04,-1.520591e-03,4.345903e-03,-4.269457e-03,5.701487e-02,5.188191e-02,5.770303e-03,4.656574e-01,6.754188e-04,-8.473855e-04,6.839606e-03
188.440,-1.681628e-04,1.466379e-04,-1.519790e-03,4.342345e-03,-4.270001e-03,5.697419e-02,5.184855e-02,5.799842e-03,4.653543e-01,6.825105e-04,-8.286607e-04,6.840638e-03
188.640,-1.681889e-04,1.464898e-04,-1.518977e-03,4.338891e-03,-4.270186e-03,5.693364e-02,5.181519e-02,5.829349e-03,4.650513e-01,6.893455e-04,-8.068441e-04,6.835089e-03
188.840,-1.681878e-04,1.463630e-04,-1.518151e-03,4.335603e-03,-4.269901e-03,5.689330e-02,5.178183e-02,5.858828e-03,4.647485e-01,6.973249e-04,-7.829684e-04,6.832316e-03
189.040,-1.681609e-04,1.462595e-04,-1.517310e-03,4.332507e-03,-4.269186e-03,5.685336e-02,5.174847e-02,5.888283e-03,4.644459e-01,7.054106e-04,-7.709619e-04,6.854513e-03
189.240,-1.681154e-04,1.461759e-04,-1.516433e-03,4.329596e-03,-4.268640e-03,5.681493e-02,5.171512e-02,5.917716e-03,4.641435e-01,7.117429e-04,-8.407897e-04,7.023254e-03
189.440,-1.680802e-04,1.458725e-04,-1.515263e-03,4.325884e-03,-4.271091e-03,5.678102e-02,5.168178e-02,5.947117e-03,4.638412e-01,7.140219e-04,-8.665782e-04,7.083453e-03
189.640,-1.682590e-04,1.455551e-04,-1.514668e-03,4.320514e-03,-4.274228e-03,5.673786e-02,5.164842e-02,5.976453e-03,4.635392e-01,7.184874e-04,-8.719999e-04,7.086018e-03
189.840,-1.688182e-04,1.449826e-04,-1.514341e-03,4.312318e-03,-4.282916e-03,5.669763e-02,5.161500e-02,6.005678e-03,4.632373e-01,7.219731e-04,-8.538011e-04,7.071159e-03
190.040,-1.687717e-04,1.442531e-04,-1.512829e-03,4.306023e-03,-4.290136e-03,5.667127e-02,5.158150e-02,6.034781e-03,4.629354e-01,7.649983e-04,-7.966767e-04,7.169403e-03
190.240,-1.686401e-04,1.442566e-04,-1.512222e-03,4.304892e-03,-4.282161e-03,5.663749e-02,5.154805e-02,6.063804e-03,4.626339e-01,8.548392e-04,-2.992891e-04,6.817313e-03
190.440,-1.678807e-04,1.444937e-04,-1.511134e-03,4.306012e-03,-4.268015e-03,5.660543e-02,5.151465e-02,6.092863e-03,4.623325e-01,8.379135e-04,-3.338105e-04,7.448029e-03
190.640,-1.671640e-04,1.447619e-04,-1.509937e-03,4.307604e-03,-4.252138e-03,5.657082e-02,5.148138e-02,6.121998e-03,4.620313e-01,5.372554e-04,-7.992096e-04,6.898823e-03
190.840,-1.671364e-04,1.450867e-04,-1.509573e-03,4.307994e-03,-4.241598e-03,5.653523e-02,5.144821e-02,6.151178e-03,4.617303e-01,7.115066e-04,-8.115598e-04,6.977137e-03
191.040,-1.669346e-04,1.450826e-04,-1.508857e-03,4.306347e-03,-4.234064e-03,5.649566e-02,5.141509e-02,6.180380e-03,4.614294e-01,6.692984e-04,-7.982474e-04,6.812273e-03
191.240,-1.670205e-04,1.448342e-04,-1.508205e-03,4.302495e-03,-4.233568e-03,5.645781e-02,5.138197e-02,6.209557e-03,4.611286e-01,7.620138e-04,-6.742558e-04,6.946052e-03
191.440,-1.670645e-04,1.442569e-04,-1.507415e-03,4.295874e-03,-4.235550e-03,5.641474e-02,5.134883e-02,6.238665e-03,4.608279e-01,7.519013e-04,-8.434638e-04,7.161567e-03
191.640,-1.674200e-04,1.438077e-04,-1.506675e-03,4.290660e-03,-4.240271e-03,5.639051e-02,5.131563e-02,6.267668e-03,4.605274e-01,6.087927e-04,-1.150731e-03,7.482029e-03
191.840,-1.671326e-04,1.435345e-04,-1.505265e-03,4.290142e-03,-4.236996e-03,5.636994e-02,5.128245e-02,6.296578e-03,4.602272e-01,7.514937e-04,-8.091058e-04,7.113468e-03
192.040,-1.665337e-04,1.435689e-04,-1.503829e-03,4.291258e-03,-4.229180e-03,5.634694e-02,5.124934e-02,6.325473e-03,4.599272e-01,7.579761e-04,-7.998343e-04,7.109426e-03
192.240,-1.663052e-04,1.438615e-04,-1.503259e-03,4.291033e-03,-4.218903e-03,5.630728e-02,5.121634e-02,6.354404e-03,4.596274e-01,7.431506e-04,-7.954231e-04,7.097668e-03
192.440,-1.662534e-04,1.437583e-04,-1.502692e-03,4.288465e-03,-4.211611e-03,5.626672e-02,5.118336e-02,6.383357e-03,4.593278e-01,5.990114e-04,-7.321379e-04,6.359579e-03
192.640,-1.663219e-04,1.435548e-04,-1.502137e-03,4.284733e-03,-4.209391e-03,5.622912e-02,5.115038e-02,6.412274e-03,4.590282e-01,6.276258e-04,-6.616489e-04,6.363672e-03
192.840,-1.660067e-04,1.432153e-04,-1.500716e-03,4.282141e-03,-4.209689e-03,5.620420e-02,5.111740e-02,6.441150e-03,4.587288e-01,5.109435e-04,-1.259333e-03,7.343132e-03
193.040,-1.660833e-04,1.431022e-04,-1.499750e-03,4.281093e-03,-4.209495e-03,5.618413e-02,5.108445e-02,6.469967e-03,4.584297e-01,7.788608e-04,-5.886953e-04,6.838979e-03
193.240,-1.656420e-04,1.428449e-04,-1.498138e-03,4.280511e-03,-4.207476e-03,5.616118e-02,5.105155e-02,6.498742e-03,4.581308e-01,5.696117e-04,-8.339516e-04,6.382297e-03
193.440,-1.653892e-04,1.431627e-04,-1.497360e-03,4.281300e-03,-4.199334e-03,5.612799e-02,5.101871e-02,6.527526e-03,4.578322e-01,7.963834e-04,-6.197755e-04,7.001259e-03
193.640,-1.649894e-04,1.433317e-04,-1.496394e-03,4.280881e-03,-4.190560e-03,5.608693e-02,5.098593e-02,6.556364e-03,4.575337e-01,6.319491e-04,-8.049459e-04,6.822390e-03
193.840,-1.650070e-04,1.432645e-04,-1.495548e-03,4.278687e-03,-4.188059e-03,5.605081e-02,5.095320e-02,6.585222e-03,4.572354e-01,5.071785e-04,-1.065758e-03,6.385769e-03
194.040,-1.649779e-04,1.425544e-04,-1.494185e-03,4.272089e-03,-4.195824e-03,5.601244e-02,5.092045e-02,6.614030e-03,4.569373e-01,4.856994e-05,-2.069394e-03,6.457899e-03
194.240,-1.657200e-04,1.417337e-04,-1.494191e-03,4.261880e-03,-4.204552e-03,5.596072e-02,5.088762e-02,6.642683e-03,4.566393e-01,1.643020e-04,-1.474987e-03,5.846706e-03
194.440,-1.660307e-04,1.412421e-04,-1.493950e-03,4.253882e-03,-4.204321e-03,5.590987e-02,5.085466e-02,6.671214e-03,4.563413e-01,1.882684e-04,-1.225444e-03,5.851063e-03
194.640,-1.658032e-04,1.416528e-04,-1.493389e-03,4.255775e-03,-4.189846e-03,5.588073e-02,5.082170e-02,6.699712e-03,4.560434e-01,7.811839e-04,-7.280658e-04,7.125361e-03
194.840,-1.650987e-04,1.419909e-04,-1.492232e-03,4.259176e-03,-4.173010e-03,5.585276e-02,5.078888e-02,6.728259e-03,4.557458e-01,7.303497e-04,-3.135027e-04,6.381199e-03
195.040,-1.643900e-04,1.421457e-04,-1.490549e-03,4.261811e-03,-4.164586e-03,5.583606e-02,5.075618e-02,6.756870e-03,4.554484e-01,5.747022e-04,-1.039244e-03,7.240622e-03
195.240,-1.641925e-04,1.420072e-04,-1.489539e-03,4.260869e-03,-4.160177e-03,5.580312e-02,5.072358e-02,6.785487e-03,4.551513e-01,7.731297e-04,-7.816784e-04,7.126706e-03
195.440,-1.643577e-04,1.421421e-04,-1.489185e-03,4.259583e-03,-4.155563e-03,5.576968e-02,5.069099e-02,6.814089e-03,4.548543e-01,7.541720e-04,-7.740187e-04,7.061443e-03
195.640,-1.643591e-04,1.420628e-04,-1.488580e-03,4.256728e-03,-4.151443e-03,5.572824e-02,5.065840e-02,6.842661e-03,4.545575e-01,7.527034e-04,-7.734721e-04,7.060208e-03
195.840,-1.644505e-04,1.416892e-04,-1.487968e-03,4.251326e-03,-4.149709e-03,5.568095e-02,5.062579e-02,6.871190e-03,4.542608e-01,7.602245e-04,-7.604493e-04,7.094373e-03
196.040,-1.641725e-04,1.415429e-04,-1.486638e-03,4.250899e-03,-4.145372e-03,5.565634e-02,5.059319e-02,6.899702e-03,4.539642e-01,7.606298e-04,-7.688688e-04,7.083142e-03
196.240,-1.638726e-04,1.414881e-04,-1.485191e-03,4.251326e-03,-4.143298e-03,5.563572e-02,5.056064e-02,6.928177e-03,4.536680e-01,7.631719e-04,-7.636494e-04,7.061073e-03
196.440,-1.634826e-04,1.415840e-04,-1.483805e-03,4.252516e-03,-4.137658e-03,5.560884e-02,5.052817e-02,6.956656e-03,4.533720e-01,7.574396e-04,-6.289037e-04,6.806082e-03
196.640,-1.632380e-04,1.415900e-04,-1.482723e-03,4.251388e-03,-4.134219e-03,5.557358e-02,5.049577e-02,6.985161e-03,4.530763e-01,7.635876e-04,-7.619869e-04,7.073480e-03
196.840,-1.635001e-04,1.414926e-04,-1.482226e-03,4.248615e-03,-4.134679e-03,5.553849e-02,5.046337e-02,7.013641e-03,4.527807e-01,7.452413e-04,-7.679586e-04,7.003856e-03
197.040,-1.637917e-04,1.406480e-04,-1.481219e-03,4.239603e-03,-4.145010e-03,5.549577e-02,5.043090e-02,7.042019e-03,4.524853e-01,7.848458e-04,-7.384470e-04,7.120299e-03
197.240,-1.638793e-04,1.403576e-04,-1.480368e-03,4.236394e-03,-4.145498e-03,5.546480e-02,5.039838e-02,7.070310e-03,4.521900e-01,7.774142e-04,-7.032395e-04,7.064827e-03
197.440,-1.635671e-04,1.404478e-04,-1.479184e-03,4.237244e-03,-4.139595e-03,5.543984e-02,5.036590e-02,7.098567e-03,4.518950e-01,7.678989e-04,-7.964682e-04,7.190451e-03
197.640,-1.629722e-04,1.406814e-04,-1.478081e-03,4.238027e-03,-4.127653e-03,5.539874e-02,5.033350e-02,7.126858e-03,4.516002e-01,7.876473e-04,-7.087576e-04,7.071780e-03
197.840,-1.627145e-04,1.404846e-04,-1.476899e-03,4.235902e-03,-4.122277e-03,5.536125e-02,5.030117e-02,7.155195e-03,4.513055e-01,2.104349e-04,-1.468692e-03,5.982350e-03
198.040,-1.629734e-04,1.406432e-04,-1.476755e-03,4.234169e-03,-4.119362e-03,5.532731e-02,5.026885e-02,7.183504e-03,4.510110e-01,5.911741e-04,-1.162792e-03,7.231312e-03
198.240,-1.627970e-04,1.405539e-04,-1.475710e-03,4.232851e-03,-4.115840e-03,5.529405e-02,5.023653e-02,7.211799e-03,4.507167e-01,7.817356e-04,-6.902681e-04,7.019164e-03
198.440,-1.626628e-04,1.404040e-04,-1.474542e-03,4.231590e-03,-4.114713e-03,5.526442e-02,5.020424e-02,7.240064e-03,4.504226e-01,7.981556e-04,-5.852027e-04,6.909001e-03
198.640,-1.624143e-04,1.403897e-04,-1.473402e-03,4.230168e-03,-4.111892e-03,5.522991e-02,5.017200e-02,7.268326e-03,4.501287e-01,5.769683e-04,-1.213975e-03,7.199444e-03
198.840,-1.624231e-04,1.403588e-04,-1.472601e-03,4.228710e-03,-4.110021e-03,5.519626e-02,5.013977e-02,7.296576e-03,4.498350e-01,7.873557e-04,-6.004822e-04,6.879303e-03
199.040,-1.622173e-04,1.403941e-04,-1.471695e-03,4.227244e-03,-4.105147e-03,5.515474e-02,5.010757e-02,7.324825e-03,4.495415e-01,7.626901e-04,-7.090670e-04,6.978014e-03
199.240,-1.622142e-04,1.403735e-04,-1.470895e-03,4.225201e-03,-4.102753e-03,5.511813e-02,5.007539e-02,7.353081e-03,4.492481e-01,7.589027e-04,-7.171106e-04,6.963077e-03
199.440,-1.621111e-04,1.403356e-04,-1.469931e-03,4.223611e-03,-4.100640e-03,5.508238e-02,5.004322e-02,7.381322e-03,4.489549e-01,8.149599e-04,-4.907395e-04,6.815463e-03
199.640,-1.621890e-04,1.400056e-04,-1.469048e-03,4.219176e-03,-4.102978e-03,5.504317e-02,5.001107e-02,7.409526e-03,4.486620e-01,7.690469e-04,-7.128827e-04,6.991302e-03
199.840,-1.622691e-04,1.397835e-04,-1.468456e-03,4.215148e-03,-4.101103e-03,5.499883e-02,4.997888e-02,7.437687e-03,4.483691e-01,7.644589e-04,-6.974594e-04,6.963527e-03
200.040,-1.624168e-04,1.396955e-04,-1.467928e-03,4.212126e-03,-4.098695e-03,5.496238e-02,4.994668e-02,7.465798e-03,4.480764e-01,7.663275e-04,-7.053636e-04,6.947766e-03
200.240,-1.625744e-04,1.390008e-04,-1.466952e-03,4.204757e-03,-4.105693e-03,5.492224e-02,4.991443e-02,7.493808e-03,4.477839e-01,7.981349e-04,-6.716955e-04,7.040977e-03
200.440,-1.622544e-04,1.392163e-04,-1.465893e-03,4.205776e-03,-4.097549e-03,5.489453e-02,4.988220e-02,7.521801e-03,4.474915e-01,7.645389e-04,-7.997109e-04,7.193318e-03
200.640,-1.617443e-04,1.394995e-04,-1.464871e-03,4.207518e-03,-4.084392e-03,5.485784e-02,4.985007e-02,7.549825e-03,4.471993e-01,7.808742e-04,-3.965650e-04,6.501306e-03
200.840,-1.613547e-04,1.396893e-04,-1.463916e-03,4.208117e-03,-4.073919e-03,5.482090e-02,4.981803e-02,7.577910e-03,4.469074e-01,7.024935e-04,-5.550210e-04,6.379791e-03
201.040,-1.611093e-04,1.399538e-04,-1.463143e-03,4.208342e-03,-4.065464e-03,5.478381e-02,4.978605e-02,7.606045e-03,4.466156e-01,7.884460e-04,-5.750454e-04,6.806744e-03
201.240,-1.612677e-04,1.393555e-04,-1.462157e-03,4.202678e-03,-4.070102e-03,5.474446e-02,4.975409e-02,7.634154e-03,4.463240e-01,7.616146e-04,-7.017230e-04,6.960946e-03
201.440,-1.617420e-04,1.388479e-04,-1.461728e-03,4.195943e-03,-4.076229e-03,5.470477e-02,4.972204e-02,7.662145e-03,4.460325e-01,5.798719e-04,-7.685744e-04,6.230272e-03
201.640,-1.614055e-04,1.389002e-04,-1.460446e-03,4.196226e-03,-4.070377e-03,5.467803e-02,4.968996e-02,7.690082e-03,4.457412e-01,7.854466e-04,-6.796882e-04,6.980883e-03
201.840,-1.608306e-04,1.389738e-04,-1.459104e-03,4.196964e-03,-4.060628e-03,5.464158e-02,4.965800e-02,7.718033e-03,4.454501e-01,7.860718e-04,-6.899270e-04,6.990489e-03
202.040,-1.607306e-04,1.393196e-04,-1.458616e-03,4.197036e-03,-4.051151e-03,5.460242e-02,4.962610e-02,7.746035e-03,4.451592e-01,7.732793e-04,-6.961413e-04,6.971696e-03
202.240,-1.602558e-04,1.392345e-04,-1.457116e-03,4.196859e-03,-4.044566e-03,5.456756e-02,4.959425e-02,7.774079e-03,4.448685e-01,4.957558e-04,-1.001159e-03,6.318285e-03
202.440,-1.601329e-04,1.393794e-04,-1.456072e-03,4.197348e-03,-4.041694e-03,5.454251e-02,4.956245e-02,7.802129e-03,4.445781e-01,6.461870e-04,-9.728923e-04,7.075225e-03
202.640,-1.601835e-04,1.392492e-04,-1.455243e-03,4.195483e-03,-4.041600e-03,5.450784e-02,4.953068e-02,7.830145e-03,4.442879e-01,7.549938e-04,-7.177539e-04,6.918319e-03
202.840,-1.603831e-04,1.388405e-04,-1.454463e-03,4.189919e-03,-4.045558e-03,5.446567e-02,4.949890e-02,7.858110e-03,4.439978e-01,7.598594e-04,-6.977634e-04,6.939832e-03
203.040,-1.608418e-04,1.383598e-04,-1.454080e-03,4.183260e-03,-4.050613e-03,5.442176e-02,4.946704e-02,7.885986e-03,4.437079e-01,7.807558e-04,-4.763838e-04,6.603721e-03
203.240,-1.607223e-04,1.382472e-04,-1.452868e-03,4.181350e-03,-4.050310e-03,5.439444e-02,4.943514e-02,7.913799e-03,4.434181e-01,7.527296e-04,-7.795326e-04,7.061792e-03
203.440,-1.604568e-04,1.379239e-04,-1.451557e-03,4.178706e-03,-4.047888e-03,5.435791e-02,4.940329e-02,7.941567e-03,4.431286e-01,8.201021e-04,-5.454602e-04,6.939212e-03
203.640,-1.600497e-04,1.376417e-04,-1.449832e-03,4.176801e-03,-4.047240e-03,5.433023e-02,4.937148e-02,7.969339e-03,4.428393e-01,1.022301e-04,-1.932545e-03,6.291003e-03
203.840,-1.599436e-04,1.380005e-04,-1.449308e-03,4.178625e-03,-4.038014e-03,5.429890e-02,4.933971e-02,7.997085e-03,4.425502e-01,7.049738e-04,-5.939253e-04,6.421088e-03
204.040,-1.597689e-04,1.381210e-04,-1.448328e-03,4.178229e-03,-4.033783e-03,5.426918e-02,4.930801e-02,8.024858e-03,4.422614e-01,6.756581e-04,-8.912808e-04,6.920298e-03
204.240,-1.596709e-04,1.378984e-04,-1.447303e-03,4.175242e-03,-4.033367e-03,5.423189e-02,4.927633e-02,8.052621e-03,4.419727e-01,7.841925e-04,-6.616274e-04,6.946526e-03
204.440,-1.596976e-04,1.378830e-04,-1.446737e-03,4.173165e-03,-4.029824e-03,5.419250e-02,4.924465e-02,8.080358e-03,4.416842e-01,7.761098e-04,-6.691548e-04,6.902284e-03
204.640,-1.596433e-04,1.377843e-04,-1.445925e-03,4.170833e-03,-4.026504e-03,5.415959e-02,4.921297e-02,8.108061e-03,4.413959e-01,7.736007e-04,-6.518705e-04,6.891560e-03
204.840,-1.595225e-04,1.375344e-04,-1.444762e-03,4.168932e-03,-4.024970e-03,5.412787e-02,4.918132e-02,8.135740e-03,4.411078e-01,8.685292e-04,-3.402064e-04,6.767409e-03
205.040,-1.593786e-04,1.375724e-04,-1.443863e-03,4.168005e-03,-4.021343e-03,5.409605e-02,4.914969e-02,8.163395e-03,4.408198e-01,7.742246e-04,-6.502404e-04,6.861664e-03
205.240,-1.592261e-04,1.374769e-04,-1.442895e-03,4.166133e-03,-4.018442e-03,5.406161e-02,4.911810e-02,8.191032e-03,4.405321e-01,6.847855e-04,-7.857288e-04,6.724094e-03
205.440,-1.591199e-04,1.370032e-04,-1.441896e-03,4.160737e-03,-4.017936e-03,5.401339e-02,4.908652e-02,8.218658e-03,4.402445e-01,8.018037e-04,-6.478363e-04,6.956963e-03
205.640,-1.593145e-04,1.371965e-04,-1.441629e-03,4.159473e-03,-4.012864e-03,5.398120e-02,4.905491e-02,8.246261e-03,4.399570e-01,7.920642e-04,-4.497566e-04,6.548350e-03
205.840,-1.591332e-04,1.368517e-04,-1.440390e-03,4.157279e-03,-4.011943e-03,5.395207e-02,4.902334e-02,8.273812e-03,4.396697e-01,7.281861e-04,-3.004254e-04,6.124438e-03
206.040,-1.592280e-04,1.365762e-04,-1.439702e-03,4.153406e-03,-4.013169e-03,5.391780e-02,4.899177e-02,8.301307e-03,4.393826e-01,8.127130e-04,-5.156568e-04,6.830983e-03
206.240,-1.590538e-04,1.366624e-04,-1.439078e-03,4.152038e-03,-4.003902e-03,5.387754e-02,4.896020e-02,8.328786e-03,4.390957e-01,7.634576e-04,-2.375140e-04,6.217904e-03
206.440,-1.586520e-04,1.366034e-04,-1.438055e-03,4.150625e-03,-3.995135e-03,5.383658e-02,4.892867e-02,8.356273e-03,4.388088e-01,5.651888e-04,-6.975664e-04,6.124227e-03
206.640,-1.581253e-04,1.372609e-04,-1.437303e-03,4.154483e-03,-3.976889e-03,5.380047e-02,4.889722e-02,8.383838e-03,4.385222e-01,7.663963e-04,-3.018417e-04,6.257500e-03
206.840,-1.576896e-04,1.375296e-04,-1.435981e-03,4.157093e-03,-3.968806e-03,5.377644e-02,4.886589e-02,8.411480e-03,4.382357e-01,7.697121e-04,-6.658807e-04,6.852088e-03
207.040,-1.575154e-04,1.374362e-04,-1.434622e-03,4.157061e-03,-3.969225e-03,5.375426e-02,4.883463e-02,8.439125e-03,4.379496e-01,7.489931e-04,-7.209978e-04,6.877943e-03
207.240,-1.575025e-04,1.372258e-04,-1.433739e-03,4.154101e-03,-3.968312e-03,5.371349e-02,4.880338e-02,8.466742e-03,4.376637e-01,6.299974e-04,-6.211317e-04,6.158866e-03
207.440,-1.575533e-04,1.371877e-04,-1.432945e-03,4.151946e-03,-3.967686e-03,5.367837e-02,4.877212e-02,8.494346e-03,4.373779e-01,7.637534e-04,-6.595841e-04,6.830246e-03
207.640,-1.573475e-04,1.371239e-04,-1.431778e-03,4.150988e-03,-3.964784e-03,5.364293e-02,4.874088e-02,8.521941e-03,4.370923e-01,7.604600e-04,-6.580157e-04,6.820452e-03
207.840,-1.572126e-04,1.369526e-04,-1.430591e-03,4.148401e-03,-3.964749e-03,5.360548e-02,4.870966e-02,8.549529e-03,4.368069e-01,4.067674e-04,-1.379495e-03,6.606139e-03
208.040,-1.574289e-04,1.369948e-04,-1.430239e-03,4.146574e-03,-3.962437e-03,5.356736e-02,4.867844e-02,8.577083e-03,4.365217e-01,7.515840e-04,-6.777985e-04,6.789702e-03
208.240,-1.575006e-04,1.367613e-04,-1.429565e-03,4.142096e-03,-3.961630e-03,5.351943e-02,4.864720e-02,8.604604e-03,4.362366e-01,7.560232e-04,-6.641893e-04,6.810363e-03
208.440,-1.574385e-04,1.367891e-04,-1.428848e-03,4.140334e-03,-3.956443e-03,5.347767e-02,4.861595e-02,8.632120e-03,4.359517e-01,7.615465e-04,-5.361609e-04,6.575634e-03
208.640,-1.571641e-04,1.367730e-04,-1.427654e-03,4.139419e-03,-3.951278e-03,5.344157e-02,4.858474e-02,8.659641e-03,4.356669e-01,6.063488e-04,-7.771418e-04,6.380931e-03
208.840,-1.569658e-04,1.368099e-04,-1.426503e-03,4.139405e-03,-3.948582e-03,5.341284e-02,4.855357e-02,8.687169e-03,4.353823e-01,7.471045e-04,-6.887908e-04,6.804036e-03
209.040,-1.568011e-04,1.367744e-04,-1.425365e-03,4.138785e-03,-3.946416e-03,5.338129e-02,4.852244e-02,8.714687e-03,4.350980e-01,7.434255e-04,-7.028785e-04,6.790540e-03
209.240,-1.567024e-04,1.368032e-04,-1.424499e-03,4.137398e-03,-3.943040e-03,5.334278e-02,4.849134e-02,8.742202e-03,4.348139e-01,7.375756e-04,-6.993844e-04,6.775447e-03
209.440,-1.567876e-04,1.366695e-04,-1.423646e-03,4.134705e-03,-3.944127e-03,5.330828e-02,4.846024e-02,8.769704e-03,4.345300e-01,7.101748e-04,-6.939155e-04,6.611826e-03
209.640,-1.568270e-04,1.363854e-04,-1.422675e-03,4.131220e-03,-3.945636e-03,5.327067e-02,4.842913e-02,8.797157e-03,4.342463e-01,7.401615e-04,-6.530281e-04,6.700980e-03
209.840,-1.567696e-04,1.362858e-04,-1.421800e-03,4.128787e-03,-3.943931e-03,5.323115e-02,4.839801e-02,8.824578e-03,4.339627e-01,7.074801e-04,-6.158154e-04,6.443487e-03
210.040,-1.566526e-04,1.362508e-04,-1.420770e-03,4.127166e-03,-3.941828e-03,5.319751e-02,4.836692e-02,8.851987e-03,4.336793e-01,7.372131e-04,-6.982212e-04,6.766178e-03
210.240,-1.563893e-04,1.357741e-04,-1.419091e-03,4.123627e-03,-3.944360e-03,5.316328e-02,4.833585e-02,8.879383e-03,4.333962e-01,1.874080e-04,-1.546959e-03,5.774203e-03
210.440,-1.565993e-04,1.359472e-04,-1.418869e-03,4.122243e-03,-3.941724e-03,5.312756e-02,4.830477e-02,8.906728e-03,4.331132e-01,7.358044e-04,-6.956705e-04,6.749229e-03
210.640,-1.564257e-04,1.357385e-04,-1.417492e-03,4.120390e-03,-3.941976e-03,5.309948e-02,4.827371e-02,8.934062e-03,4.328304e-01,7.413084e-04,-7.022189e-04,6.757085e-03
210.840,-1.563240e-04,1.358241e-04,-1.416692e-03,4.119542e-03,-3.938672e-03,5.306492e-02,4.824268e-02,8.961368e-03,4.325479e-01,7.345792e-04,-6.983959e-04,6.728418e-03
211.040,-1.560527e-04,1.359529e-04,-1.415821e-03,4.118871e-03,-3.930550e-03,5.302259e-02,4.821169e-02,8.988695e-03,4.322655e-01,6.810030e-04,-5.943958e-04,6.261306e-03
211.240,-1.560346e-04,1.357738e-04,-1.414886e-03,4.115766e-03,-3.930718e-03,5.298639e-02,4.818073e-02,9.016031e-03,4.319834e-01,5.232288e-04,-1.108753e-03,6.541927e-03
211.440,-1.562478e-04,1.355408e-04,-1.414301e-03,4.111896e-03,-3.932425e-03,5.294851e-02,4.814975e-02,9.043316e-03,4.317013e-01,7.450818e-04,-4.773158e-04,6.383839e-03
211.640,-1.562158e-04,1.352501e-04,-1.413038e-03,4.108936e-03,-3.936094e-03,5.292308e-02,4.811874e-02,9.070543e-03,4.314195e-01,6.512676e-04,-9.670924e-04,6.929269e-03
211.840,-1.559611e-04,1.352260e-04,-1.411886e-03,4.108398e-03,-3.932310e-03,5.289169e-02,4.808777e-02,9.097732e-03,4.311379e-01,7.369368e-04,-6.860629e-04,6.711317e-03
212.040,-1.556630e-04,1.354258e-04,-1.411063e-03,4.108290e-03,-3.923530e-03,5.285085e-02,4.805685e-02,9.124944e-03,4.308565e-01,7.449589e-04,-5.305915e-04,6.452001e-03
212.240,-1.554928e-04,1.356206e-04,-1.410534e-03,4.107146e-03,-3.914135e-03,5.280449e-02,4.802598e-02,9.152200e-03,4.305752e-01,7.211383e-04,-5.839531e-04,6.435531e-03
212.440,-1.555918e-04,1.351413e-04,-1.409522e-03,4.101599e-03,-3.917680e-03,5.276710e-02,4.799512e-02,9.179442e-03,4.302940e-01,2.359390e-04,-1.587696e-03,6.004940e-03
212.640,-1.556936e-04,1.349360e-04,-1.408695e-03,4.099255e-03,-3.920250e-03,5.274099e-02,4.796422e-02,9.206611e-03,4.300130e-01,6.505722e-04,-9.570173e-04,6.893048e-03
212.840,-1.560027e-04,1.345051e-04,-1.408147e-03,4.093639e-03,-3.924142e-03,5.270257e-02,4.793331e-02,9.233677e-03,4.297323e-01,7.249979e-04,-4.963436e-04,6.321875e-03
213.040,-1.557916e-04,1.342751e-04,-1.407271e-03,4.090415e-03,-3.917758e-03,5.266060e-02,4.790237e-02,9.260699e-03,4.294516e-01,5.804390e-04,-6.908000e-04,6.098099e-03
213.240,-1.554850e-04,1.345329e-04,-1.406582e-03,4.090664e-03,-3.906867e-03,5.262588e-02,4.787148e-02,9.287737e-03,4.291711e-01,7.467937e-04,-6.826222e-04,6.734962e-03
213.440,-1.553445e-04,1.342738e-04,-1.405535e-03,4.088484e-03,-3.902824e-03,5.259370e-02,4.784063e-02,9.314765e-03,4.288908e-01,5.372802e-04,-6.984499e-04,5.797917e-03
213.640,-1.553601e-04,1.341245e-04,-1.404903e-03,4.085857e-03,-3.900173e-03,5.256127e-02,4.780981e-02,9.341748e-03,4.286106e-01,7.395390e-04,-6.749751e-04,6.721281e-03
213.840,-1.553352e-04,1.339462e-04,-1.404011e-03,4.083795e-03,-3.898025e-03,5.253465e-02,4.777899e-02,9.368698e-03,4.283306e-01,7.589387e-04,-4.677964e-04,6.421006e-03
214.040,-1.548036e-04,1.337037e-04,-1.402530e-03,4.082737e-03,-3.893256e-03,5.250338e-02,4.774821e-02,9.395619e-03,4.280508e-01,7.576403e-04,-6.756414e-04,6.753890e-03
214.240,-1.545263e-04,1.338036e-04,-1.401489e-03,4.082826e-03,-3.885948e-03,5.247189e-02,4.771749e-02,9.422551e-03,4.277712e-01,4.833346e-04,-7.570005e-04,5.732987e-03
214.440,-1.545341e-04,1.339770e-04,-1.401025e-03,4.081965e-03,-3.880206e-03,5.243579e-02,4.768682e-02,9.449484e-03,4.274918e-01,6.643522e-04,-5.564501e-04,6.137645e-03
214.640,-1.542539e-04,1.336572e-04,-1.399747e-03,4.078302e-03,-3.879117e-03,5.239692e-02,4.765617e-02,9.476428e-03,4.272126e-01,2.530207e-04,-1.558625e-03,6.361190e-03
214.840,-1.545434e-04,1.335001e-04,-1.399260e-03,4.075528e-03,-3.879106e-03,5.236612e-02,4.762551e-02,9.503318e-03,4.269335e-01,7.441954e-04,-6.989283e-04,6.721632e-03
215.040,-1.547958e-04,1.331277e-04,-1.398542e-03,4.070881e-03,-3.884223e-03,5.233533e-02,4.759483e-02,9.530115e-03,4.266546e-01,6.191978e-04,-9.668978e-04,6.744134e-03
215.240,-1.548419e-04,1.324810e-04,-1.397594e-03,4.064472e-03,-3.887000e-03,5.229403e-02,4.756411e-02,9.556823e-03,4.263759e-01,7.550413e-04,-6.284848e-04,6.719204e-03
215.440,-1.547502e-04,1.327099e-04,-1.397059e-03,4.064053e-03,-3.878875e-03,5.226232e-02,4.753337e-02,9.583500e-03,4.260973e-01,8.038190e-04,-6.959766e-04,7.294337e-03
215.640,-1.540580e-04,1.328409e-04,-1.395654e-03,4.066037e-03,-3.865983e-03,5.223165e-02,4.750274e-02,9.610206e-03,4.258189e-01,7.584280e-04,-6.351337e-04,6.730176e-03
215.840,-1.533835e-04,1.331293e-04,-1.394441e-03,4.068648e-03,-3.850981e-03,5.219841e-02,4.747221e-02,9.636988e-03,4.255407e-01,4.746961e-04,-7.417865e-04,5.740482e-03
216.040,-1.531819e-04,1.332423e-04,-1.393748e-03,4.068073e-03,-3.842503e-03,5.216088e-02,4.744177e-02,9.663815e-03,4.252627e-01,3.724357e-04,-8.591361e-04,5.569512e-03
216.240,-1.534283e-04,1.331520e-04,-1.393447e-03,4.064842e-03,-3.840698e-03,5.212207e-02,4.741133e-02,9.690626e-03,4.249848e-01,4.466781e-04,-9.105389e-04,5.762412e-03
216.440,-1.536478e-04,1.330043e-04,-1.392783e-03,4.062544e-03,-3.842203e-03,5.209849e-02,4.738086e-02,9.717379e-03,4.247070e-01,7.302850e-04,-6.878798e-04,6.666740e-03
216.640,-1.532429e-04,1.326232e-04,-1.390836e-03,4.061645e-03,-3.844518e-03,5.208045e-02,4.735040e-02,9.744070e-03,4.244295e-01,7.476547e-04,-6.706839e-04,6.702271e-03
216.840,-1.528336e-04,1.328060e-04,-1.389518e-03,4.063536e-03,-3.838586e-03,5.205638e-02,4.732003e-02,9.770761e-03,4.241524e-01,7.402032e-04,-6.727055e-04,6.669934e-03
217.040,-1.525351e-04,1.331214e-04,-1.388678e-03,4.064673e-03,-3.829379e-03,5.202041e-02,4.728973e-02,9.797498e-03,4.238754e-01,7.128871e-04,-5.423509e-04,6.278959e-03
217.240,-1.525362e-04,1.330219e-04,-1.387913e-03,4.062236e-03,-3.827864e-03,5.198269e-02,4.725946e-02,9.824252e-03,4.235986e-01,7.231084e-04,-6.886051e-04,6.636687e-03
217.440,-1.530075e-04,1.326108e-04,-1.387515e-03,4.056139e-03,-3.834282e-03,5.194420e-02,4.722917e-02,9.850944e-03,4.233220e-01,6.672265e-04,-8.550493e-04,6.709908e-03
217.640,-1.531326e-04,1.317485e-04,-1.386184e-03,4.048655e-03,-3.844552e-03,5.191053e-02,4.719878e-02,9.877535e-03,4.230455e-01,4.021032e-04,-1.189330e-03,6.363807e-03
217.840,-1.533343e-04,1.315996e-04,-1.385680e-03,4.045409e-03,-3.845756e-03,5.187651e-02,4.716835e-02,9.904014e-03,4.227691e-01,6.204955e-04,-8.354548e-04,6.460975e-03
218.040,-1.530981e-04,1.316627e-04,-1.384594e-03,4.045227e-03,-3.840063e-03,5.184911e-02,4.713795e-02,9.930478e-03,4.224930e-01,6.848258e-04,-4.429972e-04,5.974650e-03
218.240,-1.528266e-04,1.314076e-04,-1.383315e-03,4.043565e-03,-3.838528e-03,5.182067e-02,4.710760e-02,9.956921e-03,4.222171e-01,7.577256e-04,-6.428382e-04,6.658390e-03
218.440,-1.523720e-04,1.317646e-04,-1.382297e-03,4.045661e-03,-3.828236e-03,5.179148e-02,4.707730e-02,9.983391e-03,4.219413e-01,7.497743e-04,-6.193008e-04,6.623980e-03
218.640,-1.519635e-04,1.319471e-04,-1.381260e-03,4.046225e-03,-3.819888e-03,5.175613e-02,4.704711e-02,1.000992e-02,4.216658e-01,7.418598e-04,-6.269577e-04,6.620193e-03
218.840,-1.521559e-04,1.319840e-04,-1.381016e-03,4.043719e-03,-3.816319e-03,5.171494e-02,4.701693e-02,1.003646e-02,4.213905e-01,7.338742e-04,-6.556012e-04,6.597274e-03
219.040,-1.520723e-04,1.321028e-04,-1.380608e-03,4.041499e-03,-3.808740e-03,5.166608e-02,4.698674e-02,1.006300e-02,4.211152e-01,7.359204e-04,-6.613260e-04,6.611562e-03
219.240,-1.518822e-04,1.321041e-04,-1.379548e-03,4.040749e-03,-3.804203e-03,5.163369e-02,4.695658e-02,1.008956e-02,4.208400e-01,7.794850e-04,-4.024450e-04,6.366752e-03
219.440,-1.516546e-04,1.318562e-04,-1.378087e-03,4.039532e-03,-3.805542e-03,5.160857e-02,4.692646e-02,1.011611e-02,4.205651e-01,7.282147e-04,-6.621711e-04,6.593712e-03
219.640,-1.518184e-04,1.317677e-04,-1.377447e-03,4.036777e-03,-3.807543e-03,5.157561e-02,4.689635e-02,1.014261e-02,4.202904e-01,7.069049e-04,-7.254480e-04,6.618191e-03
219.840,-1.520349e-04,1.314771e-04,-1.376830e-03,4.031938e-03,-3.810494e-03,5.153618e-02,4.686621e-02,1.016906e-02,4.200159e-01,6.818033e-04,-8.030788e-04,6.666173e-03
220.040,-1.519306e-04,1.309975e-04,-1.375597e-03,4.027519e-03,-3.812429e-03,5.149769e-02,4.683605e-02,1.019545e-02,4.197415e-01,7.414433e-04,-6.261727e-04,6.607161e-03
220.240,-1.517453e-04,1.310549e-04,-1.374585e-03,4.026756e-03,-3.807079e-03,5.146762e-02,4.680589e-02,1.022183e-02,4.194673e-01,6.570897e-04,-3.002927e-04,6.118483e-03
220.440,-1.513565e-04,1.313090e-04,-1.373601e-03,4.028048e-03,-3.798688e-03,5.143457e-02,4.677581e-02,1.024823e-02,4.191933e-01,7.380947e-04,-6.307182e-04,6.584185e-03
220.640,-1.510262e-04,1.311772e-04,-1.372410e-03,4.026318e-03,-3.794450e-03,5.139639e-02,4.674580e-02,1.027466e-02,4.189195e-01,7.523814e-04,-6.531279e-04,6.645993e-03
220.840,-1.512313e-04,1.311831e-04,-1.371881e-03,4.024752e-03,-3.793283e-03,5.136820e-02,4.671577e-02,1.030107e-02,4.186459e-01,5.628029e-04,-8.948441e-04,6.256835e-03
221.040,-1.510891e-04,1.311499e-04,-1.370917e-03,4.023802e-03,-3.791169e-03,5.133743e-02,4.668577e-02,1.032745e-02,4.183724e-01,7.314488e-04,-6.407046e-04,6.556405e-03
221.240,-1.508165e-04,1.313188e-04,-1.369913e-03,4.024223e-03,-3.785071e-03,5.130620e-02,4.665581e-02,1.035383e-02,4.180992e-01,6.821654e-04,-7.837916e-04,6.613726e-03
221.440,-1.507007e-04,1.311471e-04,-1.368903e-03,4.021847e-03,-3.783851e-03,5.126907e-02,4.662590e-02,1.038023e-02,4.178262e-01,7.225151e-04,-6.462629e-04,6.535565e-03
221.640,-1.508855e-04,1.308572e-04,-1.368177e-03,4.017635e-03,-3.787289e-03,5.123282e-02,4.659597e-02,1.040659e-02,4.175533e-01,7.243343e-04,-6.399674e-04,6.532483e-03
221.840,-1.510041e-04,1.306120e-04,-1.367430e-03,4.013715e-03,-3.789397e-03,5.119630e-02,4.656602e-02,1.043289e-02,4.172806e-01,7.282903e-04,-6.260679e-04,6.532460e-03
222.040,-1.510613e-04,1.301962e-04,-1.366370e-03,4.009394e-03,-3.793049e-03,5.116444e-02,4.653603e-02,1.045913e-02,4.170081e-01,7.390582e-04,-6.077636e-04,6.547201e-03
222.240,-1.508606e-04,1.302521e-04,-1.365539e-03,4.008538e-03,-3.787572e-03,5.112921e-02,4.650606e-02,1.048534e-02,4.167357e-01,7.384390e-04,-6.094042e-04,6.535691e-03
222.440,-1.505780e-04,1.306826e-04,-1.365050e-03,4.009318e-03,-3.774999e-03,5.108666e-02,4.647614e-02,1.051158e-02,4.164635e-01,7.514729e-04,-4.943057e-04,6.361590e-03
222.640,-1.503439e-04,1.307288e-04,-1.364084e-03,4.008399e-03,-3.769018e-03,5.105182e-02,4.644629e-02,1.053787e-02,4.161914e-01,7.240614e-04,-6.384705e-04,6.521612e-03
222.840,-1.505172e-04,1.302470e-04,-1.363265e-03,4.003153e-03,-3.773058e-03,5.101436e-02,4.641643e-02,1.056412e-02,4.159195e-01,3.936514e-04,-8.846236e-04,5.406592e-03
223.040,-1.504395e-04,1.300401e-04,-1.362195e-03,4.000775e-03,-3.774412e-03,5.098615e-02,4.638655e-02,1.059031e-02,4.156478e-01,7.447808e-04,-6.293011e-04,6.565817e-03
223.240,-1.502006e-04,1.301597e-04,-1.361224e-03,4.000763e-03,-3.769520e-03,5.095602e-02,4.635670e-02,1.061649e-02,4.153762e-01,7.421047e-04,-6.286767e-04,6.545231e-03
223.440,-1.501363e-04,1.302851e-04,-1.360446e-03,4.000256e-03,-3.765309e-03,5.092784e-02,4.632691e-02,1.064267e-02,4.151049e-01,6.505709e-04,-8.238824e-04,6.554000e-03
223.640,-1.499991e-04,1.302788e-04,-1.359748e-03,3.998632e-03,-3.760087e-03,5.088823e-02,4.629713e-02,1.066885e-02,4.148338e-01,6.689870e-04,-5.265977e-04,6.006925e-03
223.840,-1.497164e-04,1.302504e-04,-1.358541e-03,3.998353e-03,-3.756267e-03,5.086066e-02,4.626739e-02,1.069503e-02,4.145628e-01,7.411764e-04,-4.208979e-04,6.162433e-03
224.040,-1.495930e-04,1.300449e-04,-1.357378e-03,3.996499e-03,-3.757171e-03,5.083409e-02,4.623769e-02,1.072120e-02,4.142921e-01,7.287200e-04,-6.393041e-04,6.489432e-03
224.240,-1.494572e-04,1.301853e-04,-1.356750e-03,3.995637e-03,-3.751191e-03,5.079488e-02,4.620801e-02,1.074736e-02,4.140215e-01,7.205679e-04,-5.158215e-04,6.236947e-03
224.440,-1.493576e-04,1.301796e-04,-1.355819e-03,3.994022e-03,-3.748200e-03,5.076368e-02,4.617835e-02,1.077354e-02,4.137511e-01,7.241463e-04,-6.364734e-04,6.482937e-03
224.640,-1.493257e-04,1.298900e-04,-1.354871e-03,3.991343e-03,-3.748831e-03,5.073006e-02,4.614872e-02,1.079968e-02,4.134809e-01,7.183461e-04,-6.280664e-04,6.458010e-03
224.840,-1.492071e-04,1.297380e-04,-1.353912e-03,3.988855e-03,-3.746569e-03,5.069314e-02,4.611908e-02,1.082580e-02,4.132108e-01,4.178654e-04,-9.252087e-04,5.555903e-03
225.040,-1.490287e-04,1.299326e-04,-1.353226e-03,3.988681e-03,-3.739498e-03,5.065664e-02,4.608947e-02,1.085193e-02,4.129409e-01,7.213184e-04,-6.467090e-04,6.466097e-03
225.240,-1.487376e-04,1.300559e-04,-1.352135e-03,3.988721e-03,-3.733737e-03,5.062433e-02,4.605990e-02,1.087809e-02,4.126711e-01,7.203647e-04,-6.495701e-04,6.479311e-03
225.440,-1.488193e-04,1.298673e-04,-1.351419e-03,3.985859e-03,-3.734207e-03,5.058786e-02,4.603037e-02,1.090423e-02,4.124016e-01,7.118402e-04,-6.597918e-04,6.451421e-03
225.640,-1.489564e-04,1.297955e-04,-1.350929e-03,3.982837e-03,-3.732952e-03,5.054900e-02,4.600082e-02,1.093033e-02,4.121322e-01,7.113505e-04,-5.341287e-04,6.226296e-03
225.840,-1.488195e-04,1.298117e-04,-1.350009e-03,3.981613e-03,-3.728852e-03,5.051598e-02,4.597126e-02,1.095642e-02,4.118630e-01,6.617752e-04,-7.752872e-04,6.467572e-03
226.040,-1.484751e-04,1.298174e-04,-1.348767e-03,3.981900e-03,-3.723308e-03,5.048520e-02,4.594176e-02,1.098252e-02,4.115939e-01,6.774126e-04,-5.792998e-04,6.132429e-03
226.240,-1.483001e-04,1.298386e-04,-1.347788e-03,3.981170e-03,-3.720282e-03,5.045332e-02,4.591231e-02,1.100863e-02,4.113251e-01,6.980033e-04,-6.661092e-04,6.410487e-03
226.440,-1.482295e-04,1.298532e-04,-1.347005e-03,3.979767e-03,-3.717219e-03,5.041737e-02,4.588288e-02,1.103474e-02,4.110565e-01,6.945173e-04,-6.801825e-04,6.404953e-03
226.640,-1.481682e-04,1.298611e-04,-1.346219e-03,3.978202e-03,-3.714227e-03,5.038145e-02,4.585346e-02,1.106085e-02,4.107880e-01,6.908269e-04,-6.872462e-04,6.398178e-03
226.840,-1.481396e-04,1.297313e-04,-1.345325e-03,3.975904e-03,-3.713433e-03,5.034644e-02,4.582405e-02,1.108694e-02,4.105197e-01,6.886261e-04,-6.889902e-04,6.395340e-03
227.040,-1.481315e-04,1.296144e-04,-1.344536e-03,3.973353e-03,-3.712073e-03,5.030901e-02,4.579465e-02,1.111301e-02,4.102515e-01,6.773987e-04,-5.315344e-04,6.041208e-03
227.240,-1.480834e-04,1.294360e-04,-1.343470e-03,3.971121e-03,-3.713294e-03,5.027923e-02,4.576525e-02,1.113905e-02,4.099835e-01,7.034171e-04,-5.550891e-04,6.211924e-03
227.440,-1.478858e-04,1.288525e-04,-1.341909e-03,3.966127e-03,-3.717321e-03,5.024375e-02,4.573586e-02,1.116505e-02,4.097158e-01,4.679298e-05,-1.785646e-03,5.556791e-03
227.640,-1.485376e-04,1.286837e-04,-1.342242e-03,3.961019e-03,-3.719653e-03,5.020356e-02,4.570642e-02,1.119095e-02,4.094482e-01,6.947951e-04,-6.802968e-04,6.388417e-03
227.840,-1.486785e-04,1.284644e-04,-1.341847e-03,3.956187e-03,-3.717539e-03,5.015831e-02,4.567692e-02,1.121678e-02,4.091806e-01,7.374390e-04,-4.348039e-04,6.165526e-03
228.040,-1.485770e-04,1.285408e-04,-1.341338e-03,3.954299e-03,-3.708363e-03,5.011929e-02,4.564742e-02,1.124260e-02,4.089131e-01,7.067593e-04,-6.672800e-04,6.430776e-03
228.240,-1.479511e-04,1.287417e-04,-1.339944e-03,3.956684e-03,-3.697302e-03,5.009485e-02,4.561799e-02,1.126845e-02,4.086458e-01,6.913026e-04,-7.639534e-04,6.604923e-03
228.440,-1.472371e-04,1.288554e-04,-1.338242e-03,3.959790e-03,-3.687888e-03,5.007303e-02,4.558869e-02,1.129435e-02,4.083788e-01,6.158985e-04,-5.244650e-04,5.810052e-03
228.640,-1.469339e-04,1.289436e-04,-1.337158e-03,3.959991e-03,-3.682563e-03,5.004141e-02,4.555949e-02,1.132028e-02,4.081121e-01,4.548779e-04,-8.713131e-04,5.638773e-03
228.840,-1.470087e-04,1.289901e-04,-1.336616e-03,3.958302e-03,-3.680465e-03,5.000698e-02,4.553031e-02,1.134623e-02,4.078455e-01,6.763425e-04,-7.075286e-04,6.380146e-03
229.040,-1.472369e-04,1.286388e-04,-1.335793e-03,3.954309e-03,-3.685289e-03,4.997756e-02,4.550110e-02,1.137213e-02,4.075791e-01,6.766481e-04,-7.211060e-04,6.374651e-03
229.240,-1.473147e-04,1.275499e-04,-1.334197e-03,3.945392e-03,-3.698242e-03,4.994084e-02,4.547185e-02,1.139791e-02,4.073129e-01,-5.963527e-05,-1.936360e-03,5.307439e-03
229.440,-1.478849e-04,1.274889e-04,-1.334320e-03,3.941409e-03,-3.700954e-03,4.990879e-02,4.544252e-02,1.142358e-02,4.070468e-01,7.518139e-04,-4.486805e-04,6.263005e-03
229.640,-1.475699e-04,1.275269e-04,-1.333158e-03,3.941512e-03,-3.695015e-03,4.988372e-02,4.541319e-02,1.144921e-02,4.067809e-01,7.033502e-04,-6.543624e-04,6.381615e-03
229.840,-1.472392e-04,1.275587e-04,-1.332077e-03,3.941548e-03,-3.688892e-03,4.985566e-02,4.538393e-02,1.147482e-02,4.065152e-01,7.026903e-04,-6.488377e-04,6.372546e-03
230.040,-1.467419e-04,1.279095e-04,-1.331167e-03,3.943326e-03,-3.676123e-03,4.982001e-02,4.535476e-02,1.150049e-02,4.062497e-01,7.218845e-04,-5.241210e-04,6.237240e-03
230.240,-1.465697e-04,1.279800e-04,-1.330277e-03,3.942880e-03,-3.671631e-03,4.978954e-02,4.532566e-02,1.152621e-02,4.059844e-01,6.959604e-04,-5.218531e-04,6.081331e-03
230.440,-1.464482e-04,1.275138e-04,-1.329030e-03,3.938889e-03,-3.674499e-03,4.975677e-02,4.529656e-02,1.155191e-02,4.057193e-01,4.239915e-04,-8.312525e-04,5.655775e-03
230.640,-1.465483e-04,1.269444e-04,-1.328044e-03,3.933011e-03,-3.679704e-03,4.972185e-02,4.526745e-02,1.157754e-02,4.054543e-01,1.259278e-04,-1.435390e-03,5.471678e-03
230.840,-1.471609e-04,1.268269e-04,-1.328261e-03,3.928911e-03,-3.681300e-03,4.969125e-02,4.523829e-02,1.160306e-02,4.051895e-01,6.968747e-04,-6.436826e-04,6.351524e-03
231.040,-1.471217e-04,1.266631e-04,-1.327718e-03,3.925732e-03,-3.676723e-03,4.965318e-02,4.520909e-02,1.162852e-02,4.049247e-01,7.612628e-04,-3.418402e-04,6.101591e-03
231.240,-1.471722e-04,1.263520e-04,-1.327100e-03,3.921746e-03,-3.674992e-03,4.962007e-02,4.517989e-02,1.165393e-02,4.046601e-01,7.584557e-04,-3.372846e-04,6.085252e-03
231.440,-1.465213e-04,1.263292e-04,-1.325544e-03,3.923020e-03,-3.666321e-03,4.959911e-02,4.515072e-02,1.167933e-02,4.043957e-01,6.684154e-04,-4.021954e-04,5.947666e-03
231.640,-1.457397e-04,1.268013e-04,-1.324341e-03,3.926745e-03,-3.650777e-03,4.957051e-02,4.512169e-02,1.170479e-02,4.041315e-01,5.671681e-04,-4.854348e-04,5.876678e-03
231.840,-1.454675e-04,1.272791e-04,-1.323577e-03,3.929698e-03,-3.639990e-03,4.954504e-02,4.509277e-02,1.173034e-02,4.038675e-01,6.794464e-04,-5.250516e-04,6.007016e-03
232.040,-1.453506e-04,1.271408e-04,-1.322640e-03,3.928409e-03,-3.638355e-03,4.951615e-02,4.506393e-02,1.175591e-02,4.036037e-01,6.840688e-04,-6.601328e-04,6.307179e-03
232.240,-1.456906e-04,1.267804e-04,-1.322196e-03,3.923434e-03,-3.642564e-03,4.948075e-02,4.503504e-02,1.178143e-02,4.033400e-01,7.222431e-04,-3.804413e-04,5.984098e-03
232.440,-1.456888e-04,1.263310e-04,-1.321108e-03,3.919328e-03,-3.645666e-03,4.944876e-02,4.500611e-02,1.180686e-02,4.030765e-01,5.359621e-04,-6.675787e-04,5.577588e-03
232.640,-1.456236e-04,1.265644e-04,-1.320790e-03,3.918078e-03,-3.638010e-03,4.940633e-02,4.497719e-02,1.183228e-02,4.028132e-01,7.154993e-04,-4.658015e-04,6.077585e-03
232.840,-1.453462e-04,1.268312e-04,-1.320028e-03,3.918317e-03,-3.628373e-03,4.936972e-02,4.494831e-02,1.185775e-02,4.025499e-01,7.050137e-04,-4.955455e-04,6.065047e-03
233.040,-1.448580e-04,1.265316e-04,-1.318344e-03,3.916614e-03,-3.625516e-03,4.933767e-02,4.491949e-02,1.188325e-02,4.022868e-01,1.305862e-04,-1.560369e-03,5.559803e-03
233.240,-1.449750e-04,1.263305e-04,-1.317588e-03,3.914050e-03,-3.627134e-03,4.930887e-02,4.489069e-02,1.190871e-02,4.020239e-01,2.752127e-04,-1.311461e-03,5.864080e-03
233.440,-1.453711e-04,1.261161e-04,-1.317389e-03,3.910134e-03,-3.629046e-03,4.927358e-02,4.486185e-02,1.193410e-02,4.017612e-01,5.090091e-04,-7.240357e-04,5.574156e-03
233.640,-1.451539e-04,1.261105e-04,-1.316257e-03,3.909765e-03,-3.626317e-03,4.924820e-02,4.483301e-02,1.195945e-02,4.014987e-01,6.929452e-04,-6.546656e-04,6.304114e-03
233.840,-1.449473e-04,1.258192e-04,-1.314751e-03,3.908204e-03,-3.628515e-03,4.922763e-02,4.480420e-02,1.198476e-02,4.012364e-01,7.005870e-04,-6.437006e-04,6.316433e-03
234.040,-1.447375e-04,1.260403e-04,-1.314016e-03,3.908705e-03,-3.621842e-03,4.919512e-02,4.477544e-02,1.201007e-02,4.009743e-01,6.622649e-04,-5.207933e-04,5.887628e-03
234.240,-1.445338e-04,1.260157e-04,-1.313213e-03,3.906932e-03,-3.615964e-03,4.915451e-02,4.474673e-02,1.203541e-02,4.007124e-01,6.924474e-04,-6.582159e-04,6.289590e-03
234.440,-1.449453e-04,1.258269e-04,-1.313114e-03,3.901854e-03,-3.617460e-03,4.911320e-02,4.471801e-02,1.206072e-02,4.004506e-01,6.854585e-04,-6.632231e-04,6.279637e-03
234.640,-1.449825e-04,1.253881e-04,-1.312323e-03,3.896758e-03,-3.618394e-03,4.907396e-02,4.468923e-02,1.208598e-02,4.001889e-01,6.950824e-04,-6.325122e-04,6.310993e-03
234.840,-1.448198e-04,1.254814e-04,-1.311511e-03,3.896655e-03,-3.613125e-03,4.904622e-02,4.466045e-02,1.211121e-02,3.999273e-01,6.944847e-04,-6.368677e-04,6.293228e-03
235.040,-1.446042e-04,1.252634e-04,-1.310428e-03,3.894289e-03,-3.611092e-03,4.901257e-02,4.463172e-02,1.213643e-02,3.996659e-01,6.975745e-04,-6.242632e-04,6.312398e-03
235.240,-1.445923e-04,1.253516e-04,-1.309852e-03,3.893478e-03,-3.606223e-03,4.898248e-02,4.460301e-02,1.216163e-02,3.994047e-01,7.072329e-04,-5.456327e-04,6.187051e-03
235.440,-1.441972e-04,1.254804e-04,-1.308783e-03,3.894149e-03,-3.597282e-03,4.895172e-02,4.457434e-02,1.218683e-02,3.991436e-01,6.915606e-04,-6.381407e-04,6.282920e-03
235.640,-1.438577e-04,1.257777e-04,-1.307875e-03,3.895849e-03,-3.587975e-03,4.892267e-02,4.454575e-02,1.221209e-02,3.988828e-01,6.816207e-04,-6.639186e-04,6.265759e-03
235.840,-1.436824e-04,1.254851e-04,-1.306951e-03,3.892556e-03,-3.584877e-03,4.888013e-02,4.451720e-02,1.223735e-02,3.986221e-01,3.601673e-04,-9.447811e-04,5.325502e-03
236.040,-1.439697e-04,1.253538e-04,-1.306738e-03,3.888457e-03,-3.584809e-03,4.883981e-02,4.448864e-02,1.226258e-02,3.983615e-01,6.794105e-04,-6.635827e-04,6.286597e-03
236.240,-1.441124e-04,1.247897e-04,-1.305644e-03,3.883547e-03,-3.590886e-03,4.881206e-02,4.446003e-02,1.228776e-02,3.981010e-01,6.981194e-04,-6.779692e-04,6.331542e-03
236.440,-1.442089e-04,1.247604e-04,-1.305034e-03,3.881701e-03,-3.590880e-03,4.878345e-02,4.443140e-02,1.231284e-02,3.978407e-01,7.518737e-04,-3.435614e-04,6.042527e-03
236.640,-1.444100e-04,1.243541e-04,-1.304201e-03,3.877381e-03,-3.595086e-03,4.875823e-02,4.440278e-02,1.233785e-02,3.975807e-01,6.901531e-04,-6.306437e-04,6.263535e-03
236.840,-1.442101e-04,1.240670e-04,-1.302990e-03,3.874925e-03,-3.594689e-03,4.873045e-02,4.437412e-02,1.236280e-02,3.973208e-01,7.468130e-04,-4.384542e-04,6.172684e-03
237.040,-1.433071e-04,1.245369e-04,-1.301382e-03,3.880437e-03,-3.578154e-03,4.871066e-02,4.434557e-02,1.238780e-02,3.970611e-01,6.452194e-04,-5.060680e-04,5.877005e-03
237.240,-1.426316e-04,1.250889e-04,-1.300226e-03,3.885164e-03,-3.563909e-03,4.868430e-02,4.431718e-02,1.241289e-02,3.968018e-01,6.850606e-04,-6.518169e-04,6.240862e-03
237.440,-1.423293e-04,1.253745e-04,-1.299383e-03,3.886567e-03,-3.555057e-03,4.865068e-02,4.428889e-02,1.243807e-02,3.965426e-01,5.816586e-04,-6.456382e-04,5.706445e-03
237.640,-1.422391e-04,1.254391e-04,-1.298594e-03,3.885898e-03,-3.551527e-03,4.861675e-02,4.426064e-02,1.246329e-02,3.962836e-01,6.621600e-04,-6.942387e-04,6.209475e-03
237.840,-1.422874e-04,1.253078e-04,-1.297823e-03,3.883582e-03,-3.551403e-03,4.858148e-02,4.423240e-02,1.248850e-02,3.960247e-01,5.241576e-04,-7.536628e-04,5.626961e-03
238.040,-1.423732e-04,1.251675e-04,-1.297061e-03,3.881091e-03,-3.552557e-03,4.854824e-02,4.420413e-02,1.251368e-02,3.957660e-01,5.987672e-04,-6.643464e-04,5.831955e-03
238.240,-1.424866e-04,1.248806e-04,-1.296155e-03,3.877738e-03,-3.556512e-03,4.851711e-02,4.417585e-02,1.253882e-02,3.955075e-01,5.875982e-04,-6.859625e-04,5.812892e-03
238.440,-1.426684e-04,1.245046e-04,-1.295280e-03,3.873343e-03,-3.562687e-03,4.848553e-02,4.414755e-02,1.256389e-02,3.952492e-01,6.617504e-04,-6.928527e-04,6.190192e-03
238.640,-1.427867e-04,1.243721e-04,-1.294728e-03,3.869867e-03,-3.563163e-03,4.844668e-02,4.411920e-02,1.258890e-02,3.949910e-01,6.286860e-04,-5.801953e-04,5.818891e-03
238.840,-1.427254e-04,1.242275e-04,-1.293741e-03,3.867378e-03,-3.563192e-03,4.841568e-02,4.409085e-02,1.261388e-02,3.947329e-01,5.230525e-04,-7.532410e-04,5.634148e-03
239.040,-1.427813e-04,1.240920e-04,-1.293053e-03,3.864663e-03,-3.563900e-03,4.838391e-02,4.406251e-02,1.263883e-02,3.944751e-01,6.427857e-04,-6.332126e-04,5.982276e-03
239.240,-1.430086e-04,1.239070e-04,-1.292831e-03,3.859833e-03,-3.561835e-03,4.833943e-02,4.403416e-02,1.266373e-02,3.942173e-01,5.954294e-04,-5.557525e-04,5.616278e-03
239.440,-1.427892e-04,1.238302e-04,-1.291860e-03,3.858734e-03,-3.557187e-03,4.831101e-02,4.400578e-02,1.268861e-02,3.939597e-01,6.496788e-04,-7.491591e-04,6.269770e-03
239.640,-1.423136e-04,1.240067e-04,-1.290668e-03,3.860207e-03,-3.548521e-03,4.828326e-02,4.397748e-02,1.271351e-02,3.937022e-01,6.833058e-04,-4.885568e-04,5.912756e-03
239.840,-1.421142e-04,1.239630e-04,-1.289663e-03,3.859141e-03,-3.546221e-03,4.825639e-02,4.394925e-02,1.273842e-02,3.934450e-01,5.524190e-04,-9.587180e-04,6.318117e-03
240.040,-1.420082e-04,1.237138e-04,-1.288387e-03,3.857656e-03,-3.548660e-03,4.823706e-02,4.392104e-02,1.276331e-02,3.931880e-01,5.242820e-04,-1.053052e-03,6.309082e-03
240.240,-1.419113e-04,1.235690e-04,-1.287455e-03,3.856058e-03,-3.548264e-03,4.820706e-02,4.389285e-02,1.278817e-02,3.929312e-01,6.654384e-04,-6.602592e-04,6.139377e-03
240.440,-1.417896e-04,1.235413e-04,-1.286645e-03,3.854062e-03,-3.544685e-03,4.817105e-02,4.386468e-02,1.281302e-02,3.926745e-01,4.527555e-04,-6.908383e-04,5.220309e-03
240.640,-1.418317e-04,1.229678e-04,-1.285684e-03,3.847604e-03,-3.550096e-03,4.813289e-02,4.383651e-02,1.283783e-02,3.924181e-01,4.428521e-05,-1.769843e-03,5.659505e-03
240.840,-1.421764e-04,1.226650e-04,-1.285387e-03,3.842936e-03,-3.551339e-03,4.809696e-02,4.380827e-02,1.286256e-02,3.921616e-01,3.027143e-04,-8.782883e-04,5.111684e-03
241.040,-1.418441e-04,1.225011e-04,-1.284310e-03,3.841203e-03,-3.545454e-03,4.806312e-02,4.378003e-02,1.288726e-02,3.919054e-01,1.858985e-04,-1.039098e-03,4.890173e-03
241.240,-1.420339e-04,1.226590e-04,-1.284375e-03,3.839188e-03,-3.538823e-03,4.802530e-02,4.375182e-02,1.291193e-02,3.916492e-01,3.441567e-04,-8.471355e-04,5.031875e-03
241.440,-1.418715e-04,1.225465e-04,-1.283549e-03,3.837499e-03,-3.534081e-03,4.799680e-02,4.372361e-02,1.293659e-02,3.913932e-01,4.406526e-04,-5.696125e-04,5.096623e-03
241.640,-1.416518e-04,1.229054e-04,-1.283095e-03,3.838547e-03,-3.524156e-03,4.796448e-02,4.369546e-02,1.296125e-02,3.911373e-01,6.964745e-04,-3.881854e-04,5.805781e-03
241.840,-1.412905e-04,1.230296e-04,-1.282080e-03,3.839539e-03,-3.514780e-03,4.793955e-02,4.366738e-02,1.298596e-02,3.908816e-01,6.522426e-04,-6.849153e-04,6.152249e-03
242.040,-1.410042e-04,1.231330e-04,-1.281199e-03,3.839883e-03,-3.507780e-03,4.791106e-02,4.363937e-02,1.301068e-02,3.906261e-01,6.309541e-04,-7.458387e-04,6.170438e-03
242.240,-1.407749e-04,1.229801e-04,-1.280068e-03,3.839022e-03,-3.505390e-03,4.788388e-02,4.361140e-02,1.303542e-02,3.903708e-01,6.610180e-04,-6.540658e-04,6.118903e-03
242.440,-1.409502e-04,1.227055e-04,-1.279377e-03,3.835461e-03,-3.508466e-03,4.785436e-02,4.358344e-02,1.306010e-02,3.901156e-01,6.588493e-04,-6.475643e-04,6.100890e-03
242.640,-1.409925e-04,1.220746e-04,-1.278312e-03,3.829340e-03,-3.512642e-03,4.781509e-02,4.355543e-02,1.308471e-02,3.898606e-01,1.612993e-04,-1.217807e-03,4.893610e-03
242.840,-1.411170e-04,1.222323e-04,-1.278185e-03,3.827492e-03,-3.507440e-03,4.777727e-02,4.352741e-02,1.310928e-02,3.896057e-01,6.741224e-04,-6.236543e-04,6.136960e-03
243.040,-1.408526e-04,1.219325e-04,-1.276967e-03,3.824997e-03,-3.505022e-03,4.774498e-02,4.349942e-02,1.313386e-02,3.893510e-01,6.781119e-04,-6.172693e-04,6.162540e-03
243.240,-1.409880e-04,1.220388e-04,-1.276471e-03,3.824228e-03,-3.503076e-03,4.772145e-02,4.347141e-02,1.315839e-02,3.890964e-01,6.577883e-04,-7.029846e-04,6.212162e-03
243.440,-1.406066e-04,1.218862e-04,-1.275247e-03,3.822591e-03,-3.498393e-03,4.768925e-02,4.344344e-02,1.318289e-02,3.888420e-01,3.997593e-04,-1.137224e-03,6.081108e-03
243.640,-1.405245e-04,1.219414e-04,-1.274559e-03,3.822711e-03,-3.493117e-03,4.766226e-02,4.341554e-02,1.320739e-02,3.885878e-01,7.243657e-04,-3.687001e-04,5.900473e-03
243.840,-1.405237e-04,1.217851e-04,-1.273656e-03,3.821035e-03,-3.492825e-03,4.764149e-02,4.338764e-02,1.323187e-02,3.883338e-01,6.706029e-04,-6.237205e-04,6.096491e-03
244.040,-1.405158e-04,1.212624e-04,-1.272710e-03,3.815476e-03,-3.496544e-03,4.760791e-02,4.335974e-02,1.325627e-02,3.880799e-01,3.377427e-04,-1.331397e-03,6.189743e-03
244.240,-1.403863e-04,1.212948e-04,-1.271970e-03,3.815703e-03,-3.489631e-03,4.758103e-02,4.333184e-02,1.328064e-02,3.878262e-01,6.408189e-04,-4.669390e-04,5.670324e-03
244.440,-1.399667e-04,1.215615e-04,-1.271026e-03,3.817233e-03,-3.479918e-03,4.755206e-02,4.330401e-02,1.330505e-02,3.875727e-01,7.266585e-04,-3.464074e-04,5.854429e-03
244.640,-1.398046e-04,1.212855e-04,-1.269994e-03,3.814749e-03,-3.478096e-03,4.752073e-02,4.327624e-02,1.332945e-02,3.873194e-01,3.938496e-04,-8.713034e-04,5.256837e-03
244.840,-1.399702e-04,1.212970e-04,-1.269814e-03,3.811911e-03,-3.474275e-03,4.748131e-02,4.324846e-02,1.335383e-02,3.870662e-01,5.138685e-04,-5.739240e-04,5.287851e-03
245.040,-1.398126e-04,1.213252e-04,-1.269114e-03,3.810708e-03,-3.467698e-03,4.744723e-02,4.322067e-02,1.337821e-02,3.868131e-01,6.316910e-04,-6.132375e-04,5.987128e-03
245.240,-1.393672e-04,1.216304e-04,-1.268110e-03,3.812968e-03,-3.457214e-03,4.741935e-02,4.319295e-02,1.340262e-02,3.865602e-01,6.721598e-04,-6.228816e-04,6.091611e-03
245.440,-1.389951e-04,1.216634e-04,-1.266953e-03,3.813250e-03,-3.451208e-03,4.738824e-02,4.316532e-02,1.342708e-02,3.863074e-01,6.644881e-04,-6.317882e-04,6.088637e-03
245.640,-1.390526e-04,1.217128e-04,-1.266422e-03,3.812052e-03,-3.448596e-03,4.735553e-02,4.313771e-02,1.345154e-02,3.860549e-01,6.572734e-04,-6.529308e-04,6.064437e-03
245.840,-1.390754e-04,1.215947e-04,-1.265666e-03,3.809706e-03,-3.447702e-03,4.732155e-02,4.311010e-02,1.347598e-02,3.858025e-01,6.782826e-04,-4.293203e-04,5.770778e-03
246.040,-1.390207e-04,1.213822e-04,-1.264508e-03,3.807649e-03,-3.450485e-03,4.729688e-02,4.308249e-02,1.350040e-02,3.855502e-01,5.614602e-04,-9.307409e-04,6.218691e-03
246.240,-1.388649e-04,1.212914e-04,-1.263450e-03,3.806906e-03,-3.448406e-03,4.726799e-02,4.305490e-02,1.352478e-02,3.852982e-01,6.100644e-04,-5.675624e-04,5.667025e-03
246.440,-1.387928e-04,1.213208e-04,-1.262698e-03,3.805643e-03,-3.445911e-03,4.723454e-02,4.302733e-02,1.354916e-02,3.850464e-01,6.696426e-04,-4.749070e-04,5.790372e-03
246.640,-1.391021e-04,1.207942e-04,-1.262039e-03,3.799604e-03,-3.451923e-03,4.719830e-02,4.299975e-02,1.357349e-02,3.847947e-01,5.342085e-04,-6.108105e-04,5.422128e-03
246.840,-1.392323e-04,1.205604e-04,-1.261283e-03,3.795884e-03,-3.455554e-03,4.716848e-02,4.297210e-02,1.359774e-02,3.845431e-01,6.942263e-04,-5.041806e-04,5.984129e-03
247.040,-1.390128e-04,1.205978e-04,-1.260334e-03,3.795728e-03,-3.450513e-03,4.713965e-02,4.294447e-02,1.362197e-02,3.842917e-01,7.356429e-04,-1.956330e-04,5.672215e-03
247.240,-1.385500e-04,1.206927e-04,-1.259070e-03,3.796141e-03,-3.444444e-03,4.710965e-02,4.291691e-02,1.364623e-02,3.840406e-01,6.698132e-04,-6.256491e-04,6.061779e-03
247.440,-1.385342e-04,1.204536e-04,-1.258288e-03,3.792898e-03,-3.444157e-03,4.707335e-02,4.288939e-02,1.367048e-02,3.837896e-01,6.729425e-04,-6.419156e-04,6.081146e-03
247.640,-1.388223e-04,1.205550e-04,-1.258341e-03,3.790152e-03,-3.440964e-03,4.703382e-02,4.286185e-02,1.369471e-02,3.835387e-01,6.581776e-04,-6.324749e-04,6.028152e-03
247.840,-1.385643e-04,1.204911e-04,-1.257124e-03,3.789458e-03,-3.438280e-03,4.700904e-02,4.283430e-02,1.371893e-02,3.832879e-01,6.739186e-04,-5.564427e-04,5.953001e-03
248.040,-1.382380e-04,1.204842e-04,-1.256013e-03,3.789481e-03,-3.433718e-03,4.697930e-02,4.280682e-02,1.374315e-02,3.830374e-01,6.608796e-04,-6.423298e-04,6.032862e-03
248.240,-1.381836e-04,1.206844e-04,-1.255473e-03,3.788972e-03,-3.428448e-03,4.694619e-02,4.277937e-02,1.376739e-02,3.827870e-01,6.596319e-04,-4.527386e-04,5.706925e-03
248.440,-1.383272e-04,1.203575e-04,-1.254680e-03,3.785469e-03,-3.431415e-03,4.691879e-02,4.275193e-02,1.379159e-02,3.825368e-01,6.500409e-04,-6.430066e-04,5.993521e-03
248.640,-1.384246e-04,1.193907e-04,-1.253484e-03,3.776402e-03,-3.441493e-03,4.687686e-02,4.272443e-02,1.381569e-02,3.822867e-01,-1.303529e-06,-1.439517e-03,4.718558e-03
248.840,-1.383818e-04,1.192285e-04,-1.252807e-03,3.773591e-03,-3.438538e-03,4.684185e-02,4.269688e-02,1.383974e-02,3.820367e-01,1.150187e-04,-1.215483e-03,4.798545e-03
249.040,-1.383610e-04,1.190837e-04,-1.252202e-03,3.770560e-03,-3.435332e-03,4.680864e-02,4.266937e-02,1.386375e-02,3.817869e-01,-5.446917e-05,-1.649988e-03,4.811193e-03
249.240,-1.383506e-04,1.190408e-04,-1.251868e-03,3.768295e-03,-3.428508e-03,4.677240e-02,4.264185e-02,1.388773e-02,3.815371e-01,1.676674e-04,-1.083581e-03,4.936179e-03
249.440,-1.383257e-04,1.191720e-04,-1.251651e-03,3.767465e-03,-3.419807e-03,4.673995e-02,4.261436e-02,1.391169e-02,3.812875e-01,6.790965e-04,-5.834099e-04,6.072302e-03
249.640,-1.378736e-04,1.192647e-04,-1.250334e-03,3.769584e-03,-3.410703e-03,4.672424e-02,4.258690e-02,1.393568e-02,3.810380e-01,5.268883e-04,-4.545769e-04,5.220128e-03
249.840,-1.374408e-04,1.195780e-04,-1.249378e-03,3.772304e-03,-3.401099e-03,4.670162e-02,4.255957e-02,1.395968e-02,3.807888e-01,6.252822e-04,-5.293468e-04,5.697466e-03
250.040,-1.371292e-04,1.198098e-04,-1.248429e-03,3.773893e-03,-3.393702e-03,4.667811e-02,4.253231e-02,1.398373e-02,3.805398e-01,6.602810e-04,-6.297774e-04,6.018102e-03
250.240,-1.370416e-04,1.197345e-04,-1.247726e-03,3.772200e-03,-3.389806e-03,4.664368e-02,4.250509e-02,1.400779e-02,3.802910e-01,5.626439e-04,-5.311070e-04,5.378812e-03
250.440,-1.369509e-04,1.195397e-04,-1.246717e-03,3.770291e-03,-3.389732e-03,4.661498e-02,4.247789e-02,1.403183e-02,3.800423e-01,5.104250e-04,-6.713970e-04,5.380711e-03
250.640,-1.369765e-04,1.189638e-04,-1.245392e-03,3.764970e-03,-3.398151e-03,4.658710e-02,4.245067e-02,1.405583e-02,3.797938e-01,3.760993e-05,-1.791844e-03,5.396579e-03
250.840,-1.373001e-04,1.184783e-04,-1.244479e-03,3.760949e-03,-3.407318e-03,4.656972e-02,4.242341e-02,1.407972e-02,3.795455e-01,6.840308e-04,-5.967457e-04,6.057678e-03
251.040,-1.372743e-04,1.179247e-04,-1.243127e-03,3.756855e-03,-3.414286e-03,4.654614e-02,4.239612e-02,1.410351e-02,3.792975e-01,9.170045e-05,-1.666259e-03,5.255895e-03
251.240,-1.373002e-04,1.180248e-04,-1.242901e-03,3.755360e-03,-3.408211e-03,4.650925e-02,4.236884e-02,1.412724e-02,3.790496e-01,6.916459e-04,-5.709649e-04,6.016363e-03
251.440,-1.371417e-04,1.177223e-04,-1.242055e-03,3.750530e-03,-3.405720e-03,4.646952e-02,4.234156e-02,1.415098e-02,3.788018e-01,2.742186e-05,-1.619160e-03,5.406193e-03
251.640,-1.373198e-04,1.178889e-04,-1.242171e-03,3.749693e-03,-3.396366e-03,4.643541e-02,4.231427e-02,1.417468e-02,3.785541e-01,6.998377e-04,-5.658731e-04,6.031782e-03
251.840,-1.369064e-04,1.179528e-04,-1.241290e-03,3.750118e-03,-3.386232e-03,4.640587e-02,4.228704e-02,1.419840e-02,3.783065e-01,6.913232e-04,-5.397988e-04,6.031974e-03
252.040,-1.365344e-04,1.181148e-04,-1.240501e-03,3.751091e-03,-3.375695e-03,4.637984e-02,4.225988e-02,1.422215e-02,3.780590e-01,7.006205e-04,-5.667460e-04,6.050014e-03
252.240,-1.364743e-04,1.183416e-04,-1.240227e-03,3.751581e-03,-3.365424e-03,4.634975e-02,4.223277e-02,1.424591e-02,3.778117e-01,7.018541e-04,-4.881993e-04,5.968464e-03
252.440,-1.360752e-04,1.185495e-04,-1.239276e-03,3.752870e-03,-3.355527e-03,4.632250e-02,4.220570e-02,1.426971e-02,3.775645e-01,6.763073e-04,-5.849559e-04,6.004317e-03
252.640,-1.356431e-04,1.187705e-04,-1.238234e-03,3.755125e-03,-3.345736e-03,4.629506e-02,4.217872e-02,1.429355e-02,3.773175e-01,6.072541e-04,-4.864227e-04,5.467216e-03
252.840,-1.354153e-04,1.188638e-04,-1.237219e-03,3.755571e-03,-3.342049e-03,4.626898e-02,4.215181e-02,1.431743e-02,3.770707e-01,6.563876e-04,-6.157561e-04,5.971527e-03
253.040,-1.355419e-04,1.186183e-04,-1.236396e-03,3.753031e-03,-3.344802e-03,4.624108e-02,4.212491e-02,1.434129e-02,3.768242e-01,6.465701e-04,-6.210377e-04,5.935708e-03
253.240,-1.356602e-04,1.182580e-04,-1.235470e-03,3.749340e-03,-3.349405e-03,4.621094e-02,4.209797e-02,1.436509e-02,3.765777e-01,6.572868e-04,-6.211407e-04,5.957583e-03
253.440,-1.356717e-04,1.181320e-04,-1.234636e-03,3.747220e-03,-3.350035e-03,4.618083e-02,4.207103e-02,1.438884e-02,3.763315e-01,6.575650e-04,-6.169213e-04,5.947453e-03
253.640,-1.359612e-04,1.176093e-04,-1.233754e-03,3.742050e-03,-3.358779e-03,4.615423e-02,4.204405e-02,1.441251e-02,3.760854e-01,6.584661e-04,-5.847091e-04,5.923889e-03
253.840,-1.358494e-04,1.176944e-04,-1.233240e-03,3.740460e-03,-3.352888e-03,4.611275e-02,4.201705e-02,1.443614e-02,3.758395e-01,5.760976e-04,-5.106796e-04,5.350308e-03
254.040,-1.355905e-04,1.175670e-04,-1.232115e-03,3.738754e-03,-3.349986e-03,4.608047e-02,4.199010e-02,1.445980e-02,3.755937e-01,6.641549e-04,-5.776195e-04,5.951062e-03
254.240,-1.358271e-04,1.171559e-04,-1.231466e-03,3.733729e-03,-3.354260e-03,4.604703e-02,4.196314e-02,1.448342e-02,3.753481e-01,1.868531e-04,-1.187193e-03,4.814387e-03
254.440,-1.360943e-04,1.170189e-04,-1.231308e-03,3.730038e-03,-3.353466e-03,4.601191e-02,4.193612e-02,1.450695e-02,3.751025e-01,5.859957e-04,-3.192016e-04,5.148367e-03
254.640,-1.359839e-04,1.171175e-04,-1.230924e-03,3.728526e-03,-3.345734e-03,4.597316e-02,4.190911e-02,1.453046e-02,3.748571e-01,6.922221e-04,-2.293910e-04,5.463186e-03
254.840,-1.354843e-04,1.167668e-04,-1.229374e-03,3.725969e-03,-3.342672e-03,4.594105e-02,4.188214e-02,1.455400e-02,3.746118e-01,7.035263e-04,-5.849278e-04,6.065177e-03
255.040,-1.356588e-04,1.169245e-04,-1.229021e-03,3.725710e-03,-3.340783e-03,4.592210e-02,4.185519e-02,1.457751e-02,3.743666e-01,6.744357e-04,-5.597073e-04,5.966526e-03
255.240,-1.353901e-04,1.166685e-04,-1.227732e-03,3.725058e-03,-3.339077e-03,4.590335e-02,4.182828e-02,1.460098e-02,3.741217e-01,5.865169e-04,-4.609601e-04,5.460088e-03
255.440,-1.352265e-04,1.169763e-04,-1.227241e-03,3.725479e-03,-3.331305e-03,4.587298e-02,4.180140e-02,1.462445e-02,3.738770e-01,6.748096e-04,-5.676830e-04,5.936288e-03
255.640,-1.352144e-04,1.165945e-04,-1.226735e-03,3.720577e-03,-3.328269e-03,4.582891e-02,4.177455e-02,1.464789e-02,3.736324e-01,6.880376e-04,-5.731326e-04,5.985729e-03
255.840,-1.355497e-04,1.164391e-04,-1.226391e-03,3.717472e-03,-3.327786e-03,4.580669e-02,4.174766e-02,1.467130e-02,3.733878e-01,6.782637e-04,-5.731585e-04,5.950428e-03
256.040,-1.351190e-04,1.157597e-04,-1.224444e-03,3.715464e-03,-3.331149e-03,4.579337e-02,4.172078e-02,1.469462e-02,3.731435e-01,7.046688e-04,-5.428979e-04,6.000394e-03
256.240,-1.347406e-04,1.163128e-04,-1.223815e-03,3.719080e-03,-3.319116e-03,4.577264e-02,4.169397e-02,1.471795e-02,3.728994e-01,7.006585e-04,-3.350797e-04,5.643936e-03
256.440,-1.340293e-04,1.167543e-04,-1.222566e-03,3.723400e-03,-3.304622e-03,4.574909e-02,4.166728e-02,1.474136e-02,3.726555e-01,6.784523e-04,-5.454121e-04,5.910701e-03
256.640,-1.335254e-04,1.171834e-04,-1.221621e-03,3.726563e-03,-3.292281e-03,4.571898e-02,4.164071e-02,1.476487e-02,3.724118e-01,6.631139e-04,-5.797166e-04,5.889866e-03
256.840,-1.334496e-04,1.171713e-04,-1.220881e-03,3.725363e-03,-3.289505e-03,4.568420e-02,4.161420e-02,1.478843e-02,3.721683e-01,6.556999e-04,-6.029167e-04,5.890392e-03
257.040,-1.337403e-04,1.170751e-04,-1.220592e-03,3.722141e-03,-3.290689e-03,4.564744e-02,4.158767e-02,1.481197e-02,3.719249e-01,6.363298e-04,-4.662781e-04,5.554024e-03
257.240,-1.341499e-04,1.166451e-04,-1.220105e-03,3.716320e-03,-3.298296e-03,4.561279e-02,4.156106e-02,1.483543e-02,3.716816e-01,5.824244e-04,-5.463895e-04,5.423973e-03
257.440,-1.344117e-04,1.162274e-04,-1.219481e-03,3.711125e-03,-3.303800e-03,4.557837e-02,4.153440e-02,1.485879e-02,3.714385e-01,6.603936e-04,-5.777049e-04,5.872428e-03
257.640,-1.344958e-04,1.159330e-04,-1.218740e-03,3.706803e-03,-3.306207e-03,4.554376e-02,4.150769e-02,1.488209e-02,3.711954e-01,6.689652e-04,-5.455354e-04,5.893297e-03
257.840,-1.342698e-04,1.157756e-04,-1.217555e-03,3.705384e-03,-3.304665e-03,4.551657e-02,4.148100e-02,1.490538e-02,3.709525e-01,6.727634e-04,-5.407193e-04,5.902645e-03
258.040,-1.340985e-04,1.158270e-04,-1.216619e-03,3.705519e-03,-3.302258e-03,4.549398e-02,4.145434e-02,1.492865e-02,3.707099e-01,7.080071e-04,-3.614766e-04,5.707231e-03
258.240,-1.337126e-04,1.158407e-04,-1.215470e-03,3.705328e-03,-3.297198e-03,4.546461e-02,4.142774e-02,1.495193e-02,3.704674e-01,4.739691e-04,-5.627548e-04,5.006741e-03
258.440,-1.333832e-04,1.163725e-04,-1.214867e-03,3.707720e-03,-3.285928e-03,4.543384e-02,4.140120e-02,1.497527e-02,3.702251e-01,6.592421e-04,-5.580242e-04,5.848085e-03
258.640,-1.332017e-04,1.164148e-04,-1.214022e-03,3.707226e-03,-3.281386e-03,4.540191e-02,4.137473e-02,1.499866e-02,3.699829e-01,5.123035e-04,-6.074230e-04,5.210761e-03
258.840,-1.332151e-04,1.164310e-04,-1.213408e-03,3.705723e-03,-3.280082e-03,4.536993e-02,4.134828e-02,1.502205e-02,3.697410e-01,6.339036e-04,-4.800849e-04,5.566577e-03
259.040,-1.334053e-04,1.162246e-04,-1.212862e-03,3.702262e-03,-3.282286e-03,4.533814e-02,4.132181e-02,1.504540e-02,3.694991e-01,6.451964e-04,-5.850325e-04,5.815674e-03
259.240,-1.337648e-04,1.157786e-04,-1.212562e-03,3.695777e-03,-3.286647e-03,4.529523e-02,4.129529e-02,1.506868e-02,3.692574e-01,6.290315e-04,-3.951694e-04,5.399082e-03
259.440,-1.338884e-04,1.150640e-04,-1.211543e-03,3.688672e-03,-3.294056e-03,4.525864e-02,4.126871e-02,1.509188e-02,3.690157e-01,6.822053e-04,-5.583017e-04,5.926391e-03
259.640,-1.339401e-04,1.151146e-04,-1.211298e-03,3.686263e-03,-3.288272e-03,4.522236e-02,4.124209e-02,1.511503e-02,3.687741e-01,3.498828e-04,-1.170971e-03,5.638941e-03
259.840,-1.335914e-04,1.155005e-04,-1.210585e-03,3.688704e-03,-3.275797e-03,4.519779e-02,4.121553e-02,1.513819e-02,3.685326e-01,6.383954e-04,-5.057458e-04,5.663638e-03
260.040,-1.329426e-04,1.152822e-04,-1.208842e-03,3.689286e-03,-3.270450e-03,4.517906e-02,4.118906e-02,1.516139e-02,3.682914e-01,6.851078e-04,-5.592234e-04,5.937544e-03
260.240,-1.330433e-04,1.151230e-04,-1.208168e-03,3.687883e-03,-3.271060e-03,4.515833e-02,4.116265e-02,1.518456e-02,3.680505e-01,6.670092e-04,-5.764895e-04,5.874516e-03
260.440,-1.333350e-04,1.148022e-04,-1.207898e-03,3.682993e-03,-3.272115e-03,4.512312e-02,4.113621e-02,1.520765e-02,3.678096e-01,4.602904e-04,-6.255297e-04,5.041706e-03
260.640,-1.331358e-04,1.148454e-04,-1.207158e-03,3.682167e-03,-3.265643e-03,4.509298e-02,4.110973e-02,1.523071e-02,3.675689e-01,5.553420e-04,-4.200471e-04,5.105438e-03
260.840,-1.327275e-04,1.147545e-04,-1.205876e-03,3.682296e-03,-3.260736e-03,4.507122e-02,4.108332e-02,1.525378e-02,3.673283e-01,6.796436e-04,-5.499564e-04,5.873447e-03
261.040,-1.324496e-04,1.149271e-04,-1.205148e-03,3.682848e-03,-3.253017e-03,4.504109e-02,4.105699e-02,1.527686e-02,3.670879e-01,6.639103e-04,-5.420833e-04,5.845956e-03
261.240,-1.324540e-04,1.147161e-04,-1.204397e-03,3.680509e-03,-3.251210e-03,4.501318e-02,4.103068e-02,1.529995e-02,3.668477e-01,5.294173e-04,-3.592145e-04,5.070444e-03
261.440,-1.325618e-04,1.146109e-04,-1.203909e-03,3.677946e-03,-3.250106e-03,4.498210e-02,4.100436e-02,1.532300e-02,3.666076e-01,5.121439e-04,-6.222567e-04,5.259938e-03
261.640,-1.326085e-04,1.139538e-04,-1.202987e-03,3.672073e-03,-3.253134e-03,4.494883e-02,4.097802e-02,1.534597e-02,3.663677e-01,1.319512e-04,-1.140650e-03,4.555663e-03
261.840,-1.327398e-04,1.141732e-04,-1.202959e-03,3.671282e-03,-3.246530e-03,4.491751e-02,4.095165e-02,1.536890e-02,3.661278e-01,7.332534e-04,-2.091208e-04,5.566752e-03
262.040,-1.324661e-04,1.141693e-04,-1.201768e-03,3.671561e-03,-3.243073e-03,4.490176e-02,4.092532e-02,1.539182e-02,3.658881e-01,6.082158e-04,-6.839023e-04,5.875281e-03
262.240,-1.322523e-04,1.140787e-04,-1.201141e-03,3.669914e-03,-3.237232e-03,4.486538e-02,4.089905e-02,1.541472e-02,3.656486e-01,6.696362e-04,-5.214445e-04,5.832583e-03
262.440,-1.322211e-04,1.140497e-04,-1.200578e-03,3.668088e-03,-3.231933e-03,4.483427e-02,4.087278e-02,1.543763e-02,3.654091e-01,4.285996e-04,-8.171003e-04,5.208032e-03
262.640,-1.317121e-04,1.139674e-04,-1.199211e-03,3.668714e-03,-3.225848e-03,4.481343e-02,4.084656e-02,1.546054e-02,3.651699e-01,6.904065e-04,-5.292094e-04,5.903190e-03
262.840,-1.315322e-04,1.139206e-04,-1.198102e-03,3.669092e-03,-3.223655e-03,4.479584e-02,4.082040e-02,1.548346e-02,3.649309e-01,6.802423e-04,-5.392085e-04,5.876586e-03
263.040,-1.313860e-04,1.140654e-04,-1.197410e-03,3.669932e-03,-3.217609e-03,4.477055e-02,4.079429e-02,1.550637e-02,3.646921e-01,6.393190e-04,-4.134460e-04,5.454824e-03
263.240,-1.314985e-04,1.139777e-04,-1.196870e-03,3.667455e-03,-3.217828e-03,4.474099e-02,4.076820e-02,1.552926e-02,3.644534e-01,5.987861e-04,-5.574706e-04,5.528717e-03
263.440,-1.314946e-04,1.134519e-04,-1.195868e-03,3.662247e-03,-3.221630e-03,4.470638e-02,4.074208e-02,1.555211e-02,3.642149e-01,2.276527e-04,-1.319497e-03,5.328115e-03
263.640,-1.316165e-04,1.133454e-04,-1.195261e-03,3.660363e-03,-3.222227e-03,4.468134e-02,4.071593e-02,1.557491e-02,3.639764e-01,6.716060e-04,-5.130586e-04,5.813681e-03
263.840,-1.312082e-04,1.130474e-04,-1.193865e-03,3.657723e-03,-3.220900e-03,4.464803e-02,4.068981e-02,1.559769e-02,3.637382e-01,4.560051e-06,-1.477633e-03,4.675623e-03
264.040,-1.313457e-04,1.135035e-04,-1.193919e-03,3.658875e-03,-3.213196e-03,4.462094e-02,4.066371e-02,1.562047e-02,3.635001e-01,6.680166e-04,-5.131280e-04,5.800618e-03
264.240,-1.313258e-04,1.133861e-04,-1.193272e-03,3.656412e-03,-3.210253e-03,4.458818e-02,4.063763e-02,1.564324e-02,3.632622e-01,5.352821e-04,-8.722959e-04,5.950918e-03
264.440,-1.313463e-04,1.132872e-04,-1.192744e-03,3.654216e-03,-3.207238e-03,4.455580e-02,4.061156e-02,1.566600e-02,3.630243e-01,6.998090e-04,-3.810839e-04,5.654514e-03
264.640,-1.310443e-04,1.129021e-04,-1.191412e-03,3.651933e-03,-3.205955e-03,4.452732e-02,4.058550e-02,1.568874e-02,3.627866e-01,6.888956e-04,-5.267001e-04,5.856965e-03
264.840,-1.308319e-04,1.130190e-04,-1.190723e-03,3.652136e-03,-3.198795e-03,4.449727e-02,4.055946e-02,1.571146e-02,3.625491e-01,4.144159e-04,-6.076954e-04,4.802719e-03
265.040,-1.304839e-04,1.132838e-04,-1.189857e-03,3.653333e-03,-3.189975e-03,4.446776e-02,4.053349e-02,1.573423e-02,3.623117e-01,6.779153e-04,-5.435287e-04,5.835691e-03
265.240,-1.304672e-04,1.131043e-04,-1.188954e-03,3.651405e-03,-3.189894e-03,4.444180e-02,4.050756e-02,1.575701e-02,3.620745e-01,2.728979e-04,-8.869608e-04,4.727487e-03
265.440,-1.305895e-04,1.131983e-04,-1.188633e-03,3.650372e-03,-3.187523e-03,4.441209e-02,4.048162e-02,1.577974e-02,3.618375e-01,6.604188e-04,-5.469858e-04,5.773979e-03
265.640,-1.304959e-04,1.132797e-04,-1.188089e-03,3.649124e-03,-3.181359e-03,4.437563e-02,4.045569e-02,1.580248e-02,3.616005e-01,6.178519e-04,-3.901995e-04,5.310386e-03
265.840,-1.302474e-04,1.133573e-04,-1.187158e-03,3.649386e-03,-3.175829e-03,4.434770e-02,4.042979e-02,1.582523e-02,3.613638e-01,6.553018e-04,-5.618902e-04,5.775250e-03
266.040,-1.299614e-04,1.134854e-04,-1.186179e-03,3.649802e-03,-3.170306e-03,4.431897e-02,4.040395e-02,1.584801e-02,3.611272e-01,6.535310e-04,-5.603400e-04,5.786505e-03
266.240,-1.298748e-04,1.133217e-04,-1.185124e-03,3.648680e-03,-3.170719e-03,4.429386e-02,4.037815e-02,1.587080e-02,3.608908e-01,6.462449e-04,-5.748388e-04,5.765590e-03
266.440,-1.298918e-04,1.131422e-04,-1.184134e-03,3.647134e-03,-3.173208e-03,4.427191e-02,4.035234e-02,1.589355e-02,3.606546e-01,5.666650e-04,-4.969052e-04,5.211711e-03
266.640,-1.298368e-04,1.130217e-04,-1.183202e-03,3.645600e-03,-3.174185e-03,4.424516e-02,4.032655e-02,1.591626e-02,3.604186e-01,6.431796e-04,-5.670886e-04,5.728159e-03
266.840,-1.298436e-04,1.130067e-04,-1.182627e-03,3.643314e-03,-3.172498e-03,4.420912e-02,4.030076e-02,1.593896e-02,3.601827e-01,6.451107e-04,-5.669725e-04,5.742365e-03
267.040,-1.299262e-04,1.127784e-04,-1.181939e-03,3.639851e-03,-3.174079e-03,4.417492e-02,4.027497e-02,1.596164e-02,3.599470e-01,6.415284e-04,-5.552899e-04,5.732948e-03
267.240,-1.300605e-04,1.124897e-04,-1.181262e-03,3.635996e-03,-3.175894e-03,4.414172e-02,4.024913e-02,1.598428e-02,3.597114e-01,4.254109e-04,-6.168132e-04,4.822958e-03
267.440,-1.300508e-04,1.120952e-04,-1.180231e-03,3.631758e-03,-3.180229e-03,4.411134e-02,4.022329e-02,1.600686e-02,3.594759e-01,1.477129e-04,-1.477211e-03,5.138806e-03
267.640,-1.302801e-04,1.122199e-04,-1.180160e-03,3.630032e-03,-3.177504e-03,4.407964e-02,4.019743e-02,1.602939e-02,3.592406e-01,6.053423e-04,-6.824348e-04,5.807159e-03
267.840,-1.300460e-04,1.114768e-04,-1.178512e-03,3.623898e-03,-3.182984e-03,4.404646e-02,4.017156e-02,1.605189e-02,3.590054e-01,-1.756446e-04,-1.954674e-03,4.666384e-03
268.040,-1.303762e-04,1.115362e-04,-1.178536e-03,3.622452e-03,-3.180046e-03,4.401961e-02,4.014567e-02,1.607431e-02,3.587704e-01,5.447940e-04,-4.646779e-04,5.121450e-03
268.240,-1.299416e-04,1.116941e-04,-1.177550e-03,3.623360e-03,-3.170762e-03,4.399192e-02,4.011981e-02,1.609672e-02,3.585355e-01,5.547337e-04,-3.499893e-04,4.952883e-03
268.440,-1.291264e-04,1.121450e-04,-1.176194e-03,3.627470e-03,-3.156085e-03,4.396612e-02,4.009406e-02,1.611922e-02,3.583008e-01,4.018249e-04,-6.867153e-04,4.915852e-03
268.640,-1.287837e-04,1.125422e-04,-1.175442e-03,3.630037e-03,-3.146732e-03,4.394002e-02,4.006844e-02,1.614182e-02,3.580664e-01,6.427963e-04,-5.507699e-04,5.714579e-03
268.840,-1.286670e-04,1.126033e-04,-1.174670e-03,3.629805e-03,-3.143358e-03,4.391149e-02,4.004287e-02,1.616444e-02,3.578321e-01,6.378768e-04,-5.802818e-04,5.704478e-03
269.040,-1.287560e-04,1.124993e-04,-1.174086e-03,3.627267e-03,-3.143903e-03,4.387860e-02,4.001730e-02,1.618706e-02,3.575979e-01,6.312895e-04,-5.671089e-04,5.689831e-03
269.240,-1.289622e-04,1.123559e-04,-1.173526e-03,3.624212e-03,-3.146510e-03,4.384995e-02,3.999170e-02,1.620964e-02,3.573639e-01,6.257885e-04,-4.774070e-04,5.456686e-03
269.440,-1.289498e-04,1.120179e-04,-1.172606e-03,3.620925e-03,-3.148186e-03,4.381805e-02,3.996608e-02,1.623216e-02,3.571300e-01,4.200455e-04,-7.247711e-04,4.925318e-03
269.640,-1.290327e-04,1.116691e-04,-1.171889e-03,3.616439e-03,-3.150834e-03,4.378157e-02,3.994045e-02,1.625464e-02,3.568962e-01,6.490645e-04,-5.701579e-04,5.729526e-03
269.840,-1.293712e-04,1.116325e-04,-1.171719e-03,3.613277e-03,-3.151736e-03,4.375172e-02,3.991478e-02,1.627706e-02,3.566626e-01,6.393531e-04,-5.548559e-04,5.685266e-03
270.040,-1.293774e-04,1.112082e-04,-1.170757e-03,3.609065e-03,-3.155188e-03,4.372107e-02,3.988909e-02,1.629942e-02,3.564291e-01,7.055369e-04,-3.433241e-04,5.623959e-03
270.240,-1.288952e-04,1.109279e-04,-1.169233e-03,3.607146e-03,-3.151904e-03,4.369062e-02,3.986341e-02,1.632177e-02,3.561958e-01,1.191047e-04,-1.031335e-03,4.323486e-03
270.440,-1.290417e-04,1.114297e-04,-1.169326e-03,3.608214e-03,-3.144441e-03,4.366530e-02,3.983778e-02,1.634411e-02,3.559626e-01,6.192611e-04,-6.193975e-04,5.739338e-03
270.640,-1.285340e-04,1.113610e-04,-1.167900e-03,3.608028e-03,-3.139614e-03,4.364027e-02,3.981219e-02,1.636648e-02,3.557296e-01,4.050130e-04,-1.047928e-03,5.747979e-03
270.840,-1.283014e-04,1.114103e-04,-1.167068e-03,3.608472e-03,-3.134516e-03,4.361280e-02,3.978668e-02,1.638886e-02,3.554968e-01,6.428461e-04,-5.388820e-04,5.689135e-03
271.040,-1.282227e-04,1.114053e-04,-1.166212e-03,3.607135e-03,-3.133769e-03,4.358854e-02,3.976120e-02,1.641125e-02,3.552641e-01,4.047821e-04,-1.099414e-03,5.789769e-03
271.240,-1.282833e-04,1.109921e-04,-1.165242e-03,3.604191e-03,-3.137436e-03,4.356455e-02,3.973571e-02,1.643359e-02,3.550317e-01,6.499315e-04,-5.457944e-04,5.686137e-03
271.440,-1.282992e-04,1.107984e-04,-1.164521e-03,3.601194e-03,-3.138613e-03,4.353435e-02,3.971022e-02,1.645589e-02,3.547994e-01,6.497198e-04,-5.129615e-04,5.679456e-03
271.640,-1.282929e-04,1.110203e-04,-1.164274e-03,3.600466e-03,-3.131380e-03,4.349955e-02,3.968472e-02,1.647817e-02,3.545673e-01,6.246386e-04,-2.221796e-04,5.041217e-03
271.840,-1.282387e-04,1.110071e-04,-1.163514e-03,3.599146e-03,-3.130011e-03,4.347431e-02,3.965925e-02,1.650045e-02,3.543352e-01,6.190046e-04,-6.093448e-04,5.695334e-03
272.040,-1.278830e-04,1.109425e-04,-1.162578e-03,3.597796e-03,-3.123189e-03,4.343564e-02,3.963380e-02,1.652273e-02,3.541033e-01,4.154690e-04,-6.118548e-04,4.710404e-03
272.240,-1.275372e-04,1.112503e-04,-1.161809e-03,3.598944e-03,-3.113955e-03,4.340438e-02,3.960842e-02,1.654507e-02,3.538716e-01,6.395912e-04,-5.408279e-04,5.668139e-03
272.440,-1.274954e-04,1.113138e-04,-1.161153e-03,3.598331e-03,-3.111001e-03,4.337641e-02,3.958309e-02,1.656744e-02,3.536400e-01,6.327588e-04,-5.690739e-04,5.660843e-03
272.640,-1.275399e-04,1.112608e-04,-1.160461e-03,3.596647e-03,-3.111638e-03,4.335156e-02,3.955775e-02,1.658980e-02,3.534085e-01,5.319856e-04,-8.418168e-04,5.777186e-03
272.840,-1.275691e-04,1.109390e-04,-1.159589e-03,3.593802e-03,-3.113482e-03,4.332230e-02,3.953242e-02,1.661210e-02,3.531772e-01,5.638194e-04,-5.002457e-04,5.188094e-03
273.040,-1.275871e-04,1.107413e-04,-1.158900e-03,3.590450e-03,-3.113526e-03,4.328768e-02,3.950707e-02,1.663436e-02,3.529461e-01,4.304583e-04,-7.332321e-04,5.031120e-03
273.240,-1.274068e-04,1.109216e-04,-1.158186e-03,3.590480e-03,-3.107842e-03,4.325931e-02,3.948173e-02,1.665662e-02,3.527151e-01,6.325173e-04,-5.494723e-04,5.641447e-03
273.440,-1.270113e-04,1.110825e-04,-1.157037e-03,3.592326e-03,-3.101185e-03,4.323673e-02,3.945646e-02,1.667892e-02,3.524843e-01,6.375600e-04,-4.273203e-04,5.400760e-03
273.640,-1.267305e-04,1.112385e-04,-1.156113e-03,3.593269e-03,-3.095440e-03,4.321009e-02,3.943125e-02,1.670125e-02,3.522537e-01,5.980133e-04,-4.691542e-04,5.278091e-03
273.840,-1.266562e-04,1.109542e-04,-1.155025e-03,3.590688e-03,-3.097838e-03,4.318250e-02,3.940608e-02,1.672358e-02,3.520233e-01,3.277370e-04,-9.914038e-04,4.924317e-03
274.040,-1.268550e-04,1.109707e-04,-1.154767e-03,3.588476e-03,-3.097328e-03,4.314957e-02,3.938089e-02,1.674587e-02,3.517930e-01,5.489320e-04,-5.123300e-04,5.123245e-03
274.240,-1.270353e-04,1.106386e-04,-1.154032e-03,3.584434e-03,-3.102083e-03,4.312102e-02,3.935567e-02,1.676812e-02,3.515628e-01,6.153167e-04,-5.855292e-04,5.589488e-03
274.440,-1.271879e-04,1.104173e-04,-1.153473e-03,3.580679e-03,-3.103900e-03,4.308856e-02,3.933043e-02,1.679031e-02,3.513328e-01,6.698649e-04,-3.555290e-04,5.450235e-03
274.640,-1.271910e-04,1.102599e-04,-1.152772e-03,3.578193e-03,-3.103010e-03,4.305955e-02,3.930516e-02,1.681245e-02,3.511029e-01,5.953701e-04,-4.200844e-04,5.168918e-03
274.840,-1.272739e-04,1.096708e-04,-1.151689e-03,3.573351e-03,-3.110364e-03,4.303636e-02,3.927990e-02,1.683453e-02,3.508732e-01,6.268940e-04,-5.411001e-04,5.600222e-03
275.040,-1.272791e-04,1.096106e-04,-1.151027e-03,3.571821e-03,-3.109378e-03,4.301238e-02,3.925461e-02,1.685655e-02,3.506436e-01,6.972941e-04,-2.714324e-04,5.428288e-03
275.240,-1.269284e-04,1.095751e-04,-1.149764e-03,3.571809e-03,-3.107374e-03,4.299441e-02,3.922936e-02,1.687855e-02,3.504143e-01,4.962065e-04,-8.685061e-04,5.639313e-03
275.440,-1.265969e-04,1.098088e-04,-1.149049e-03,3.572636e-03,-3.098996e-03,4.296482e-02,3.920417e-02,1.690058e-02,3.501851e-01,6.309091e-04,-5.200346e-04,5.558620e-03
275.640,-1.263787e-04,1.098100e-04,-1.148505e-03,3.570595e-03,-3.091942e-03,4.292319e-02,3.917904e-02,1.692264e-02,3.499560e-01,6.399730e-04,-5.491065e-04,5.598597e-03
275.840,-1.263479e-04,1.099600e-04,-1.148244e-03,3.569261e-03,-3.084869e-03,4.288615e-02,3.915392e-02,1.694474e-02,3.497270e-01,6.326391e-04,-5.617026e-04,5.591424e-03
276.040,-1.264493e-04,1.101351e-04,-1.148272e-03,3.567579e-03,-3.077625e-03,4.284713e-02,3.912880e-02,1.696683e-02,3.494981e-01,7.295587e-04,-1.449456e-04,5.455275e-03
276.240,-1.260833e-04,1.101640e-04,-1.147165e-03,3.567620e-03,-3.071668e-03,4.282078e-02,3.910371e-02,1.698896e-02,3.492692e-01,6.191881e-04,-5.634271e-04,5.585661e-03
276.440,-1.259447e-04,1.100600e-04,-1.146060e-03,3.567775e-03,-3.071290e-03,4.280542e-02,3.907867e-02,1.701108e-02,3.490406e-01,6.695135e-04,-2.738435e-04,5.330090e-03
276.640,-1.257398e-04,1.099023e-04,-1.144837e-03,3.566763e-03,-3.072256e-03,4.278442e-02,3.905367e-02,1.703318e-02,3.488122e-01,4.067921e-04,-7.658749e-04,4.971394e-03
276.840,-1.257033e-04,1.100329e-04,-1.144326e-03,3.566395e-03,-3.068630e-03,4.275608e-02,3.902869e-02,1.705526e-02,3.485840e-01,6.069864e-04,-5.733301e-04,5.527786e-03
277.040,-1.256028e-04,1.098375e-04,-1.143469e-03,3.563724e-03,-3.067422e-03,4.272175e-02,3.900373e-02,1.707734e-02,3.483560e-01,6.129376e-04,-5.904477e-04,5.554157e-03
277.240,-1.256712e-04,1.095440e-04,-1.142676e-03,3.559838e-03,-3.070330e-03,4.268984e-02,3.897876e-02,1.709941e-02,3.481280e-01,6.234058e-04,-5.837052e-04,5.601433e-03
277.440,-1.258927e-04,1.094781e-04,-1.142269e-03,3.557742e-03,-3.071641e-03,4.266471e-02,3.895375e-02,1.712141e-02,3.479002e-01,5.963306e-04,-4.481109e-04,5.202910e-03
277.640,-1.258944e-04,1.090128e-04,-1.141042e-03,3.554420e-03,-3.077741e-03,4.264624e-02,3.892874e-02,1.714334e-02,3.476726e-01,6.159031e-04,-5.470755e-04,5.531830e-03
277.840,-1.257721e-04,1.089543e-04,-1.140277e-03,3.552588e-03,-3.075855e-03,4.261614e-02,3.890373e-02,1.716524e-02,3.474451e-01,3.874441e-04,-9.477896e-04,5.188865e-03
278.040,-1.255407e-04,1.088950e-04,-1.139328e-03,3.551743e-03,-3.072270e-03,4.258932e-02,3.887876e-02,1.718714e-02,3.472178e-01,6.201106e-04,-5.342318e-04,5.524110e-03
278.240,-1.256218e-04,1.090343e-04,-1.139027e-03,3.550719e-03,-3.069086e-03,4.256085e-02,3.885380e-02,1.720903e-02,3.469907e-01,6.162697e-04,-5.423248e-04,5.496425e-03
278.440,-1.252979e-04,1.093569e-04,-1.138490e-03,3.551101e-03,-3.058340e-03,4.252320e-02,3.882887e-02,1.723094e-02,3.467636e-01,6.136103e-04,-5.541540e-04,5.505087e-03
278.640,-1.248115e-04,1.094620e-04,-1.137250e-03,3.552301e-03,-3.050424e-03,4.249694e-02,3.880402e-02,1.725293e-02,3.465367e-01,6.124413e-04,-5.768749e-04,5.523652e-03
278.840,-1.247662e-04,1.093134e-04,-1.136502e-03,3.550174e-03,-3.049654e-03,4.246513e-02,3.877922e-02,1.727492e-02,3.463100e-01,2.200676e-04,-9.938157e-04,4.442381e-03
279.040,-1.249599e-04,1.093743e-04,-1.136233e-03,3.548462e-03,-3.048652e-03,4.243677e-02,3.875440e-02,1.729689e-02,3.460834e-01,5.863380e-04,-4.087727e-04,5.096924e-03
279.240,-1.247723e-04,1.092418e-04,-1.135128e-03,3.547617e-03,-3.047583e-03,4.241349e-02,3.872959e-02,1.731884e-02,3.458570e-01,5.403029e-04,-4.837517e-04,5.013775e-03
279.440,-1.246320e-04,1.089853e-04,-1.134053e-03,3.545147e-03,-3.049427e-03,4.238606e-02,3.870482e-02,1.734077e-02,3.456308e-01,6.094647e-04,-5.821236e-04,5.516796e-03
279.640,-1.248735e-04,1.087391e-04,-1.133575e-03,3.541507e-03,-3.052173e-03,4.235620e-02,3.868002e-02,1.736266e-02,3.454047e-01,3.314164e-04,-8.076670e-04,4.583151e-03
279.840,-1.249297e-04,1.084842e-04,-1.132962e-03,3.537852e-03,-3.052727e-03,4.232289e-02,3.865518e-02,1.738448e-02,3.451787e-01,3.556734e-04,-6.911770e-04,4.540338e-03
280.040,-1.248091e-04,1.088435e-04,-1.132550e-03,3.538579e-03,-3.045275e-03,4.229556e-02,3.863036e-02,1.740631e-02,3.449528e-01,6.014504e-04,-5.671633e-04,5.462611e-03
280.240,-1.245109e-04,1.089828e-04,-1.131729e-03,3.538689e-03,-3.038249e-03,4.226559e-02,3.860559e-02,1.742817e-02,3.447271e-01,6.004365e-04,-5.708012e-04,5.475276e-03
280.440,-1.242480e-04,1.089324e-04,-1.130683e-03,3.538316e-03,-3.034888e-03,4.223956e-02,3.858088e-02,1.745005e-02,3.445015e-01,4.431588e-04,-8.457419e-04,5.293132e-03
280.640,-1.242257e-04,1.088978e-04,-1.130113e-03,3.536897e-03,-3.032123e-03,4.220837e-02,3.855619e-02,1.747193e-02,3.442761e-01,4.607541e-04,-5.748549e-04,4.784729e-03
280.840,-1.242472e-04,1.089616e-04,-1.129666e-03,3.535343e-03,-3.029342e-03,4.217693e-02,3.853151e-02,1.749380e-02,3.440509e-01,5.835986e-04,-5.981228e-04,5.433933e-03
281.040,-1.240904e-04,1.087418e-04,-1.128747e-03,3.532443e-03,-3.027090e-03,4.214004e-02,3.850683e-02,1.751567e-02,3.438257e-01,3.187005e-04,-8.544382e-04,4.715354e-03
281.240,-1.240862e-04,1.087550e-04,-1.128226e-03,3.530806e-03,-3.024320e-03,4.210813e-02,3.848216e-02,1.753752e-02,3.436007e-01,3.821381e-04,-7.716010e-04,4.808211e-03
281.440,-1.240548e-04,1.087287e-04,-1.127612e-03,3.529242e-03,-3.021795e-03,4.207717e-02,3.845750e-02,1.755937e-02,3.433757e-01,4.662428e-04,-5.918542e-04,4.865271e-03
281.640,-1.239639e-04,1.087504e-04,-1.126824e-03,3.528478e-03,-3.019716e-03,4.205198e-02,3.843286e-02,1.758121e-02,3.431510e-01,6.022080e-04,-4.493436e-04,5.244170e-03
281.840,-1.237336e-04,1.085239e-04,-1.125546e-03,3.527220e-03,-3.019692e-03,4.202931e-02,3.840824e-02,1.760304e-02,3.429264e-01,3.852456e-04,-7.457007e-04,4.777610e-03
282.040,-1.237338e-04,1.085813e-04,-1.124966e-03,3.526336e-03,-3.018296e-03,4.200336e-02,3.838365e-02,1.762485e-02,3.427020e-01,5.912203e-04,-5.216612e-04,5.325672e-03
282.240,-1.235705e-04,1.084845e-04,-1.124079e-03,3.524694e-03,-3.015645e-03,4.197172e-02,3.835907e-02,1.764666e-02,3.424778e-01,3.941153e-04,-7.166469e-04,4.740245e-03
282.440,-1.235440e-04,1.086037e-04,-1.123474e-03,3.524257e-03,-3.013450e-03,4.194739e-02,3.833452e-02,1.766846e-02,3.422537e-01,5.679282e-04,-6.375930e-04,5.420838e-03
282.640,-1.234576e-04,1.084269e-04,-1.122560e-03,3.522058e-03,-3.013545e-03,4.191888e-02,3.830998e-02,1.769025e-02,3.420298e-01,4.497864e-04,-8.416881e-04,5.283916e-03
282.840,-1.234479e-04,1.082351e-04,-1.121679e-03,3.519995e-03,-3.015420e-03,4.189443e-02,3.828544e-02,1.771201e-02,3.418061e-01,5.683973e-04,-6.261034e-04,5.418604e-03
283.040,-1.235020e-04,1.081779e-04,-1.121103e-03,3.518041e-03,-3.015418e-03,4.186640e-02,3.826091e-02,1.773373e-02,3.415825e-01,5.668148e-04,-6.320525e-04,5.402542e-03
283.240,-1.236511e-04,1.078063e-04,-1.120431e-03,3.513742e-03,-3.017633e-03,4.183566e-02,3.823637e-02,1.775541e-02,3.413590e-01,5.556567e-04,-3.108675e-04,4.868453e-03
283.440,-1.236460e-04,1.074116e-04,-1.119496e-03,3.509692e-03,-3.020927e-03,4.180812e-02,3.821178e-02,1.777704e-02,3.411357e-01,4.003826e-04,-7.305458e-04,4.985888e-03
283.640,-1.235783e-04,1.069685e-04,-1.118608e-03,3.504879e-03,-3.023214e-03,4.177594e-02,3.818720e-02,1.779859e-02,3.409125e-01,9.097929e-05,-1.393522e-03,5.032881e-03
283.840,-1.240244e-04,1.069448e-04,-1.118709e-03,3.502390e-03,-3.022553e-03,4.175310e-02,3.816258e-02,1.782009e-02,3.406894e-01,6.023733e-04,-3.504763e-04,5.046582e-03
284.040,-1.237531e-04,1.068172e-04,-1.117511e-03,3.502280e-03,-3.021741e-03,4.174121e-02,3.813797e-02,1.784152e-02,3.404665e-01,5.901956e-04,-5.658742e-04,5.401885e-03
284.240,-1.234682e-04,1.067664e-04,-1.116507e-03,3.501821e-03,-3.018866e-03,4.172020e-02,3.811342e-02,1.786294e-02,3.402439e-01,5.722967e-04,-6.444303e-04,5.469381e-03
284.440,-1.231710e-04,1.068100e-04,-1.115941e-03,3.500390e-03,-3.010394e-03,4.168170e-02,3.808892e-02,1.788437e-02,3.400213e-01,4.239682e-04,-4.866070e-04,4.512135e-03
284.640,-1.226436e-04,1.070843e-04,-1.115096e-03,3.501768e-03,-2.998139e-03,4.165206e-02,3.806447e-02,1.790588e-02,3.397988e-01,3.928773e-04,-5.669899e-04,4.779468e-03
284.840,-1.225006e-04,1.073448e-04,-1.114671e-03,3.502122e-03,-2.990246e-03,4.162099e-02,3.804010e-02,1.792743e-02,3.395765e-01,5.808024e-04,-5.877860e-04,5.404213e-03
285.040,-1.224768e-04,1.070289e-04,-1.113811e-03,3.498843e-03,-2.991588e-03,4.159580e-02,3.801574e-02,1.794899e-02,3.393543e-01,2.272795e-04,-1.291670e-03,5.370881e-03
285.240,-1.227092e-04,1.067581e-04,-1.113265e-03,3.496570e-03,-2.994036e-03,4.157568e-02,3.799136e-02,1.797047e-02,3.391322e-01,5.150791e-04,-4.138088e-04,4.756435e-03
285.440,-1.226576e-04,1.067626e-04,-1.112533e-03,3.495607e-03,-2.993387e-03,4.155438e-02,3.796698e-02,1.799189e-02,3.389103e-01,5.822356e-04,-5.806576e-04,5.369115e-03
285.640,-1.225099e-04,1.068921e-04,-1.112192e-03,3.494243e-03,-2.985443e-03,4.151506e-02,3.794263e-02,1.801332e-02,3.386886e-01,5.834409e-04,-5.853318e-04,5.378293e-03
285.840,-1.222355e-04,1.068867e-04,-1.111487e-03,3.492797e-03,-2.977570e-03,4.147791e-02,3.791832e-02,1.803479e-02,3.384669e-01,5.884137e-04,-6.035657e-04,5.415803e-03
286.040,-1.222351e-04,1.062747e-04,-1.110315e-03,3.487296e-03,-2.983718e-03,4.145079e-02,3.789400e-02,1.805624e-02,3.382453e-01,-1.782014e-04,-2.012378e-03,4.727034e-03
286.240,-1.225664e-04,1.062097e-04,-1.110249e-03,3.485517e-03,-2.983564e-03,4.142689e-02,3.786964e-02,1.807760e-02,3.380239e-01,5.918561e-04,-5.918571e-04,5.409194e-03
286.440,-1.224586e-04,1.058836e-04,-1.109395e-03,3.481952e-03,-2.983138e-03,4.139480e-02,3.784529e-02,1.809891e-02,3.378026e-01,6.083866e-04,-5.878059e-04,5.463461e-03
286.640,-1.224709e-04,1.053395e-04,-1.108459e-03,3.476590e-03,-2.986122e-03,4.136523e-02,3.782092e-02,1.812018e-02,3.375814e-01,-1.160920e-04,-1.368989e-03,3.892465e-03
286.840,-1.223887e-04,1.051599e-04,-1.107746e-03,3.474073e-03,-2.985203e-03,4.134075e-02,3.779652e-02,1.814137e-02,3.373603e-01,-2.031977e-05,-1.523898e-03,4.802030e-03
287.040,-1.223048e-04,1.055124e-04,-1.107302e-03,3.476478e-03,-2.976700e-03,4.132517e-02,3.777217e-02,1.816255e-02,3.371394e-01,4.493865e-04,-6.980622e-04,5.015002e-03
287.240,-1.218077e-04,1.058893e-04,-1.106472e-03,3.479212e-03,-2.965443e-03,4.130409e-02,3.774793e-02,1.818378e-02,3.369187e-01,6.143946e-04,-5.189448e-04,5.401546e-03
287.440,-1.213181e-04,1.060792e-04,-1.105155e-03,3.482125e-03,-2.958089e-03,4.129337e-02,3.772377e-02,1.820507e-02,3.366982e-01,6.004161e-04,-5.563972e-04,5.405372e-03
287.640,-1.209396e-04,1.059191e-04,-1.103757e-03,3.483087e-03,-2.956594e-03,4.127834e-02,3.769969e-02,1.822637e-02,3.364780e-01,3.520188e-04,-7.095756e-04,4.478870e-03
287.840,-1.211250e-04,1.059551e-04,-1.103548e-03,3.480743e-03,-2.956704e-03,4.124827e-02,3.767564e-02,1.824765e-02,3.362579e-01,6.026463e-04,-5.124958e-04,5.322115e-03
288.040,-1.213092e-04,1.057260e-04,-1.103029e-03,3.477165e-03,-2.958997e-03,4.121871e-02,3.765156e-02,1.826890e-02,3.360379e-01,5.867718e-04,-5.469001e-04,5.348674e-03
288.240,-1.212353e-04,1.056431e-04,-1.102315e-03,3.475111e-03,-2.958063e-03,4.119052e-02,3.762745e-02,1.829013e-02,3.358180e-01,4.085554e-04,-9.984143e-04,5.449105e-03
288.440,-1.209203e-04,1.056655e-04,-1.101269e-03,3.475758e-03,-2.953123e-03,4.116663e-02,3.760338e-02,1.831136e-02,3.355983e-01,5.949944e-04,-5.601260e-04,5.354100e-03
288.640,-1.208323e-04,1.059187e-04,-1.100779e-03,3.476082e-03,-2.948211e-03,4.114044e-02,3.757936e-02,1.833260e-02,3.353788e-01,5.101130e-04,-7.492755e-04,5.380595e-03
288.840,-1.206764e-04,1.058200e-04,-1.099998e-03,3.474528e-03,-2.944618e-03,4.110684e-02,3.755535e-02,1.835386e-02,3.351594e-01,3.627932e-04,-6.958983e-04,4.492510e-03
289.040,-1.206570e-04,1.059916e-04,-1.099568e-03,3.474081e-03,-2.940175e-03,4.107751e-02,3.753137e-02,1.837513e-02,3.349401e-01,5.161680e-04,-4.687479e-04,4.804408e-03
289.240,-1.205754e-04,1.060003e-04,-1.098906e-03,3.473031e-03,-2.937807e-03,4.104795e-02,3.750740e-02,1.839641e-02,3.347209e-01,5.714621e-04,-5.788612e-04,5.291572e-03
289.440,-1.205795e-04,1.058987e-04,-1.098368e-03,3.470467e-03,-2.935631e-03,4.101245e-02,3.748345e-02,1.841768e-02,3.345019e-01,5.724077e-04,-5.897367e-04,5.302579e-03
289.640,-1.207634e-04,1.057846e-04,-1.098063e-03,3.467227e-03,-2.935478e-03,4.097807e-02,3.745947e-02,1.843893e-02,3.342829e-01,5.838048e-04,-4.326592e-04,5.084699e-03
289.840,-1.208056e-04,1.051716e-04,-1.097204e-03,3.461170e-03,-2.938227e-03,4.093973e-02,3.743546e-02,1.846012e-02,3.340640e-01,1.603549e-04,-1.046046e-03,4.397950e-03
290.040,-1.210075e-04,1.050828e-04,-1.096795e-03,3.458720e-03,-2.939508e-03,4.091782e-02,3.741140e-02,1.848126e-02,3.338452e-01,5.932743e-04,-5.624064e-04,5.366295e-03
290.240,-1.209065e-04,1.048650e-04,-1.095778e-03,3.457827e-03,-2.939870e-03,4.090108e-02,3.738736e-02,1.850233e-02,3.336266e-01,5.835821e-04,-5.577638e-04,5.317146e-03
290.440,-1.208175e-04,1.045156e-04,-1.094721e-03,3.454731e-03,-2.942902e-03,4.087905e-02,3.736333e-02,1.852334e-02,3.334083e-01,6.053010e-04,-5.369621e-04,5.372392e-03
290.640,-1.204295e-04,1.046658e-04,-1.093742e-03,3.456246e-03,-2.934793e-03,4.085664e-02,3.733934e-02,1.854437e-02,3.331900e-01,3.962248e-04,-5.055760e-04,4.359334e-03
290.840,-1.201092e-04,1.051852e-04,-1.093228e-03,3.458783e-03,-2.923806e-03,4.083125e-02,3.731543e-02,1.856543e-02,3.329720e-01,5.592339e-04,-6.707573e-04,5.462909e-03
291.040,-1.199125e-04,1.053060e-04,-1.092613e-03,3.458836e-03,-2.917120e-03,4.080109e-02,3.729160e-02,1.858656e-02,3.327541e-01,5.693730e-04,-5.663896e-04,5.266597e-03
291.240,-1.199217e-04,1.050321e-04,-1.091785e-03,3.455979e-03,-2.918167e-03,4.077366e-02,3.726776e-02,1.860768e-02,3.325363e-01,3.280987e-04,-8.273214e-04,4.607718e-03
291.440,-1.200298e-04,1.050559e-04,-1.091523e-03,3.454105e-03,-2.916319e-03,4.074283e-02,3.724392e-02,1.862877e-02,3.323187e-01,5.580703e-04,-6.381778e-04,5.348365e-03
291.640,-1.198203e-04,1.049725e-04,-1.090621e-03,3.452568e-03,-2.912464e-03,4.071116e-02,3.722008e-02,1.864985e-02,3.321011e-01,3.658186e-04,-7.824058e-04,4.760611e-03
291.840,-1.196703e-04,1.051781e-04,-1.090049e-03,3.453208e-03,-2.906375e-03,4.068433e-02,3.719628e-02,1.867095e-02,3.318837e-01,5.657599e-04,-5.847154e-04,5.263606e-03
292.040,-1.194657e-04,1.052776e-04,-1.089330e-03,3.453025e-03,-2.900562e-03,4.065305e-02,3.717252e-02,1.869207e-02,3.316664e-01,5.583890e-04,-4.796374e-04,5.029008e-03
292.240,-1.193420e-04,1.051852e-04,-1.088475e-03,3.451547e-03,-2.898946e-03,4.062371e-02,3.714878e-02,1.871321e-02,3.314493e-01,3.942733e-04,-7.246382e-04,4.683812e-03
292.440,-1.195881e-04,1.050770e-04,-1.088104e-03,3.448707e-03,-2.901421e-03,4.059608e-02,3.712505e-02,1.873432e-02,3.312323e-01,5.519048e-04,-6.087760e-04,5.246250e-03
292.640,-1.198347e-04,1.046481e-04,-1.087515e-03,3.443540e-03,-2.906736e-03,4.056430e-02,3.710126e-02,1.875536e-02,3.310154e-01,6.107247e-04,-3.877675e-04,5.126280e-03
292.840,-1.196940e-04,1.045990e-04,-1.086678e-03,3.442594e-03,-2.903337e-03,4.053905e-02,3.707745e-02,1.877636e-02,3.307987e-01,5.869082e-04,-3.412888e-04,4.911321e-03
293.040,-1.195821e-04,1.044046e-04,-1.085609e-03,3.441493e-03,-2.904761e-03,4.052181e-02,3.705368e-02,1.879733e-02,3.305822e-01,5.601595e-04,-5.867654e-04,5.240448e-03
293.240,-1.193797e-04,1.044259e-04,-1.084834e-03,3.440756e-03,-2.900956e-03,4.049270e-02,3.702994e-02,1.881829e-02,3.303658e-01,5.647301e-04,-5.871029e-04,5.254758e-03
293.440,-1.190900e-04,1.045295e-04,-1.083820e-03,3.441269e-03,-2.896560e-03,4.047030e-02,3.700624e-02,1.883927e-02,3.301496e-01,5.611439e-04,-5.832223e-04,5.249746e-03
293.640,-1.189436e-04,1.046191e-04,-1.083086e-03,3.441320e-03,-2.893040e-03,4.044535e-02,3.698258e-02,1.886027e-02,3.299335e-01,5.537727e-04,-6.024474e-04,5.229325e-03
293.840,-1.188284e-04,1.045247e-04,-1.082299e-03,3.439550e-03,-2.891309e-03,4.041451e-02,3.695895e-02,1.888127e-02,3.297176e-01,5.560114e-04,-6.126247e-04,5.243283e-03
294.040,-1.190145e-04,1.041539e-04,-1.081619e-03,3.435214e-03,-2.896053e-03,4.038561e-02,3.693531e-02,1.890224e-02,3.295019e-01,2.477279e-04,-8.440903e-04,4.215917e-03
294.240,-1.194809e-04,1.037224e-04,-1.081303e-03,3.429492e-03,-2.904665e-03,4.035808e-02,3.691162e-02,1.892312e-02,3.292863e-01,5.581376e-04,-5.752205e-04,5.229204e-03
294.440,-1.197731e-04,1.033669e-04,-1.081099e-03,3.423767e-03,-2.907620e-03,4.032055e-02,3.688784e-02,1.894390e-02,3.290707e-01,6.039342e-04,-4.444742e-04,5.198556e-03
294.640,-1.198262e-04,1.029746e-04,-1.080356e-03,3.419165e-03,-2.909153e-03,4.029145e-02,3.686405e-02,1.896462e-02,3.288552e-01,5.796089e-04,-5.409796e-04,5.271621e-03
294.840,-1.200539e-04,1.025542e-04,-1.079713e-03,3.415082e-03,-2.913673e-03,4.027248e-02,3.684022e-02,1.898525e-02,3.286399e-01,6.451764e-04,-3.512009e-04,5.241844e-03
295.040,-1.195433e-04,1.025206e-04,-1.078959e-03,3.414751e-03,-2.900667e-03,4.024097e-02,3.681641e-02,1.900583e-02,3.284247e-01,6.085669e-04,-5.252640e-04,5.298452e-03
295.240,-1.189989e-04,1.023467e-04,-1.077699e-03,3.414185e-03,-2.892093e-03,4.022009e-02,3.679268e-02,1.902645e-02,3.282096e-01,-1.301888e-04,-1.512481e-03,4.044388e-03
295.440,-1.191517e-04,1.028722e-04,-1.078105e-03,3.415983e-03,-2.880964e-03,4.019812e-02,3.676900e-02,1.904706e-02,3.279946e-01,5.877010e-04,-5.289429e-04,5.253735e-03
295.640,-1.189192e-04,1.026273e-04,-1.077444e-03,3.413617e-03,-2.874467e-03,4.016816e-02,3.674534e-02,1.906765e-02,3.277798e-01,6.030391e-04,-5.288428e-04,5.298021e-03
295.840,-1.185623e-04,1.024580e-04,-1.076306e-03,3.412693e-03,-2.869110e-03,4.014657e-02,3.672173e-02,1.908826e-02,3.275650e-01,4.760323e-05,-1.265134e-03,4.179668e-03
296.040,-1.184230e-04,1.026321e-04,-1.075671e-03,3.414385e-03,-2.863716e-03,4.013380e-02,3.669817e-02,1.910887e-02,3.273505e-01,6.611768e-04,-3.214625e-04,5.251363e-03
296.240,-1.180423e-04,1.026249e-04,-1.074595e-03,3.415044e-03,-2.858886e-03,4.011668e-02,3.667468e-02,1.912948e-02,3.271361e-01,6.015245e-04,-5.182263e-04,5.291186e-03
296.440,-1.178190e-04,1.025253e-04,-1.073871e-03,3.414303e-03,-2.853734e-03,4.008853e-02,3.665124e-02,1.915010e-02,3.269219e-01,5.979518e-04,-5.415492e-04,5.279313e-03
296.640,-1.179863e-04,1.025031e-04,-1.073537e-03,3.411831e-03,-2.852850e-03,4.006291e-02,3.662779e-02,1.917070e-02,3.267077e-01,6.032608e-04,-5.233276e-04,5.308937e-03
296.840,-1.177133e-04,1.024851e-04,-1.072483e-03,3.412737e-03,-2.848887e-03,4.004646e-02,3.660435e-02,1.919129e-02,3.264938e-01,5.967138e-04,-5.203161e-04,5.268401e-03
297.040,-1.172804e-04,1.024989e-04,-1.071262e-03,3.413928e-03,-2.843837e-03,4.002607e-02,3.658099e-02,1.921190e-02,3.262800e-01,5.977416e-04,-5.285236e-04,5.266598e-03
297.240,-1.171898e-04,1.028746e-04,-1.070911e-03,3.415544e-03,-2.835992e-03,4.000076e-02,3.655767e-02,1.923253e-02,3.260664e-01,5.823261e-04,-4.628886e-04,5.093127e-03
297.440,-1.170239e-04,1.029140e-04,-1.070042e-03,3.415582e-03,-2.832846e-03,3.997716e-02,3.653440e-02,1.925319e-02,3.258530e-01,5.702223e-04,-5.560087e-04,5.195794e-03
297.640,-1.170560e-04,1.029427e-04,-1.069554e-03,3.414260e-03,-2.831371e-03,3.994795e-02,3.651114e-02,1.927385e-02,3.256397e-01,5.082671e-04,-6.849229e-04,5.175898e-03
297.840,-1.171330e-04,1.028160e-04,-1.069146e-03,3.411393e-03,-2.829844e-03,3.991048e-02,3.648787e-02,1.929449e-02,3.254265e-01,4.855057e-04,-5.229080e-04,4.712583e-03
298.040,-1.171868e-04,1.025430e-04,-1.068293e-03,3.408607e-03,-2.832247e-03,3.988566e-02,3.646457e-02,1.931511e-02,3.252134e-01,4.857909e-04,-4.076321e-04,4.579431e-03
298.240,-1.171997e-04,1.025379e-04,-1.067754e-03,3.407082e-03,-2.831408e-03,3.985737e-02,3.644128e-02,1.933569e-02,3.250004e-01,5.651887e-04,-5.537364e-04,5.181354e-03
298.440,-1.172151e-04,1.023603e-04,-1.067125e-03,3.404219e-03,-2.831299e-03,3.982560e-02,3.641799e-02,1.935626e-02,3.247876e-01,5.645892e-04,-5.471938e-04,5.183998e-03
298.640,-1.175844e-04,1.018778e-04,-1.066613e-03,3.398867e-03,-2.839001e-03,3.979918e-02,3.639466e-02,1.937677e-02,3.245749e-01,5.681079e-04,-5.387179e-04,5.182229e-03
298.840,-1.177674e-04,1.016116e-04,-1.066040e-03,3.395365e-03,-2.842307e-03,3.977488e-02,3.637128e-02,1.939718e-02,3.243623e-01,5.742945e-04,-5.227415e-04,5.168985e-03
299.040,-1.175447e-04,1.009397e-04,-1.064742e-03,3.389203e-03,-2.845524e-03,3.973970e-02,3.634787e-02,1.941753e-02,3.241498e-01,-1.974630e-04,-1.744002e-03,4.152902e-03
299.240,-1.175505e-04,1.014070e-04,-1.064704e-03,3.390983e-03,-2.836851e-03,3.971811e-02,3.632447e-02,1.943787e-02,3.239374e-01,4.582418e-04,-8.663139e-04,5.409211e-03
299.440,-1.168720e-04,1.018626e-04,-1.063467e-03,3.396018e-03,-2.823626e-03,3.970336e-02,3.630117e-02,1.945827e-02,3.237253e-01,5.809306e-04,-5.138954e-04,5.170168e-03
299.640,-1.165803e-04,1.019119e-04,-1.062689e-03,3.396313e-03,-2.816809e-03,3.967696e-02,3.627798e-02,1.947870e-02,3.235133e-01,4.671289e-04,-4.538787e-04,4.515536e-03
299.840,-1.163049e-04,1.016958e-04,-1.061801e-03,3.393765e-03,-2.813457e-03,3.964229e-02,3.625482e-02,1.949917e-02,3.233015e-01,6.421416e-05,-1.108051e-03,4.006812e-03
300.040,-1.167653e-04,1.018555e-04,-1.062145e-03,3.391833e-03,-2.811540e-03,3.961487e-02,3.623165e-02,1.951962e-02,3.230897e-01,6.047157e-04,-3.191559e-04,4.944367e-03
300.240,-1.169576e-04,1.014210e-04,-1.061537e-03,3.387705e-03,-2.814601e-03,3.959035e-02,3.620843e-02,1.954000e-02,3.228780e-01,5.745053e-04,-5.388762e-04,5.164469e-03
300.440,-1.166581e-04,1.010324e-04,-1.060226e-03,3.384984e-03,-2.815826e-03,3.956952e-02,3.618519e-02,1.956031e-02,3.226665e-01,2.564735e-04,-1.044907e-03,5.062185e-03
300.640,-1.164084e-04,1.013574e-04,-1.059649e-03,3.387617e-03,-2.806221e-03,3.954819e-02,3.616201e-02,1.958063e-02,3.224551e-01,5.791467e-04,-5.245516e-04,5.160419e-03
300.840,-1.162581e-04,1.015709e-04,-1.059326e-03,3.387450e-03,-2.797222e-03,3.951473e-02,3.613890e-02,1.960099e-02,3.222439e-01,5.086289e-04,-3.792728e-04,4.571929e-03
301.040,-1.159697e-04,1.016781e-04,-1.058493e-03,3.387396e-03,-2.791775e-03,3.948917e-02,3.611582e-02,1.962139e-02,3.220327e-01,4.028295e-04,-9.360729e-04,5.359854e-03
301.240,-1.157851e-04,1.015145e-04,-1.057226e-03,3.387613e-03,-2.792018e-03,3.947667e-02,3.609278e-02,1.964180e-02,3.218218e-01,3.918506e-04,-8.793094e-04,5.014933e-03
301.440,-1.157003e-04,1.014222e-04,-1.056468e-03,3.386646e-03,-2.791164e-03,3.945028e-02,3.606977e-02,1.966217e-02,3.216111e-01,3.673763e-04,-6.702391e-04,4.426023e-03
301.640,-1.155792e-04,1.013926e-04,-1.055705e-03,3.385197e-03,-2.788698e-03,3.941984e-02,3.604677e-02,1.968255e-02,3.214004e-01,2.219941e-04,-8.944567e-04,4.178399e-03
301.840,-1.156124e-04,1.014961e-04,-1.055357e-03,3.384135e-03,-2.785364e-03,3.938858e-02,3.602378e-02,1.970294e-02,3.211899e-01,5.583645e-04,-5.646318e-04,5.135378e-03
302.040,-1.156567e-04,1.015786e-04,-1.054985e-03,3.382887e-03,-2.782225e-03,3.935724e-02,3.600079e-02,1.972333e-02,3.209796e-01,5.372441e-04,-4.360313e-04,4.795017e-03
302.240,-1.158373e-04,1.011733e-04,-1.054286e-03,3.378540e-03,-2.786962e-03,3.933017e-02,3.597778e-02,1.974366e-02,3.207693e-01,5.568575e-04,-5.662926e-04,5.128598e-03
302.440,-1.160954e-04,1.007693e-04,-1.053794e-03,3.373679e-03,-2.791901e-03,3.929913e-02,3.595473e-02,1.976393e-02,3.205591e-01,3.733142e-04,-6.425930e-04,4.404717e-03
302.640,-1.163144e-04,1.004609e-04,-1.053195e-03,3.369889e-03,-2.796899e-03,3.927673e-02,3.593163e-02,1.978412e-02,3.203491e-01,6.207226e-04,-4.001078e-04,5.173119e-03
302.840,-1.162787e-04,9.995267e-05,-1.052165e-03,3.365039e-03,-2.801628e-03,3.924745e-02,3.590852e-02,1.980424e-02,3.201392e-01,5.907978e-04,-5.204301e-04,5.200731e-03
303.040,-1.161873e-04,1.001054e-04,-1.051532e-03,3.365360e-03,-2.797767e-03,3.923068e-02,3.588540e-02,1.982433e-02,3.199294e-01,4.688219e-04,-8.279918e-04,5.361383e-03
303.240,-1.157266e-04,1.000543e-04,-1.050187e-03,3.366429e-03,-2.793524e-03,3.921453e-02,3.586235e-02,1.984442e-02,3.197199e-01,6.022750e-04,-4.745118e-04,5.158724e-03
303.440,-1.155917e-04,1.003112e-04,-1.049773e-03,3.366625e-03,-2.787166e-03,3.918708e-02,3.583936e-02,1.986453e-02,3.195106e-01,4.887124e-04,-7.516516e-04,5.239982e-03
303.640,-1.151398e-04,1.000724e-04,-1.048309e-03,3.365241e-03,-2.785087e-03,3.916415e-02,3.581642e-02,1.988467e-02,3.193013e-01,-4.471174e-05,-1.628744e-03,4.432064e-03
303.840,-1.154713e-04,9.994056e-05,-1.048272e-03,3.362140e-03,-2.786712e-03,3.913440e-02,3.579349e-02,1.990477e-02,3.190923e-01,5.853154e-04,-5.047728e-04,5.143594e-03
304.040,-1.156372e-04,9.959101e-05,-1.047852e-03,3.357376e-03,-2.788154e-03,3.910251e-02,3.577051e-02,1.992482e-02,3.188833e-01,5.975563e-04,-4.942733e-04,5.162318e-03
304.240,-1.159228e-04,9.920868e-05,-1.047483e-03,3.353092e-03,-2.790595e-03,3.908209e-02,3.574748e-02,1.994478e-02,3.186744e-01,5.887385e-04,-4.574391e-04,5.112371e-03
304.440,-1.157341e-04,9.925781e-05,-1.047095e-03,3.352966e-03,-2.783665e-03,3.906102e-02,3.572446e-02,1.996468e-02,3.184656e-01,6.029460e-04,-4.418183e-04,5.105303e-03
304.640,-1.152503e-04,9.922290e-05,-1.046160e-03,3.353565e-03,-2.773326e-03,3.903989e-02,3.570149e-02,1.998459e-02,3.182569e-01,5.572356e-04,-2.557938e-04,5.105660e-03
304.840,-1.147654e-04,9.951189e-05,-1.045197e-03,3.356311e-03,-2.760972e-03,3.902076e-02,3.567860e-02,2.000455e-02,3.180484e-01,3.796268e-04,-5.461134e-04,4.496560e-03
305.040,-1.142544e-04,1.001118e-04,-1.044632e-03,3.360932e-03,-2.744670e-03,3.899686e-02,3.565583e-02,2.002459e-02,3.178400e-01,5.366699e-04,-3.187279e-04,4.574720e-03
305.240,-1.139207e-04,1.004372e-04,-1.043953e-03,3.362923e-03,-2.735587e-03,3.897178e-02,3.563316e-02,2.004472e-02,3.176318e-01,5.827463e-04,-4.238403e-04,4.965915e-03
305.440,-1.139801e-04,1.000429e-04,-1.043230e-03,3.358947e-03,-2.738185e-03,3.893872e-02,3.561052e-02,2.006486e-02,3.174237e-01,5.731898e-04,-5.335797e-04,5.110877e-03
305.640,-1.143080e-04,9.990602e-05,-1.043046e-03,3.355647e-03,-2.740217e-03,3.890878e-02,3.558781e-02,2.008495e-02,3.172157e-01,5.678356e-04,-5.291899e-04,5.084956e-03
305.840,-1.146424e-04,9.965124e-05,-1.042796e-03,3.351355e-03,-2.743789e-03,3.887714e-02,3.556506e-02,2.010497e-02,3.170078e-01,5.627188e-04,-2.780154e-04,4.635092e-03
306.040,-1.147814e-04,9.928031e-05,-1.041911e-03,3.347901e-03,-2.749182e-03,3.885813e-02,3.554226e-02,2.012492e-02,3.167999e-01,6.252825e-04,-3.526435e-04,5.116133e-03
306.240,-1.145871e-04,9.912240e-05,-1.040836e-03,3.347047e-03,-2.749497e-03,3.883921e-02,3.551947e-02,2.014482e-02,3.165923e-01,5.782823e-04,-4.872748e-04,5.061828e-03
306.440,-1.141809e-04,9.931577e-05,-1.039799e-03,3.348665e-03,-2.742685e-03,3.881846e-02,3.549673e-02,2.016472e-02,3.163849e-01,5.775544e-04,-4.870664e-04,5.052820e-03
306.640,-1.137115e-04,9.972521e-05,-1.039001e-03,3.351431e-03,-2.730972e-03,3.879121e-02,3.547407e-02,2.018470e-02,3.161777e-01,5.140067e-04,-3.879260e-04,4.556863e-03
306.840,-1.133854e-04,1.001064e-04,-1.038371e-03,3.353462e-03,-2.721478e-03,3.876281e-02,3.545151e-02,2.020475e-02,3.159706e-01,5.538927e-04,-5.231908e-04,5.018594e-03
307.040,-1.133928e-04,1.001174e-04,-1.037868e-03,3.352211e-03,-2.718862e-03,3.873227e-02,3.542898e-02,2.022485e-02,3.157636e-01,5.444751e-04,-5.467913e-04,5.007483e-03
307.240,-1.137794e-04,9.954045e-05,-1.037514e-03,3.345165e-03,-2.726265e-03,3.869237e-02,3.540640e-02,2.024489e-02,3.155567e-01,5.565153e-04,-5.435907e-04,5.055690e-03
307.440,-1.143543e-04,9.906331e-05,-1.037376e-03,3.338993e-03,-2.734376e-03,3.866347e-02,3.538372e-02,2.026482e-02,3.153499e-01,5.547168e-04,-5.294317e-04,5.021157e-03
307.640,-1.145055e-04,9.873183e-05,-1.036608e-03,3.335308e-03,-2.739338e-03,3.864239e-02,3.536097e-02,2.028465e-02,3.151431e-01,5.649783e-04,-4.900642e-04,5.025898e-03
307.840,-1.141605e-04,9.869465e-05,-1.035464e-03,3.335399e-03,-2.735612e-03,3.862178e-02,3.533824e-02,2.030444e-02,3.149365e-01,5.879278e-04,-2.529705e-04,4.673277e-03
308.040,-1.134770e-04,9.909776e-05,-1.034143e-03,3.339788e-03,-2.725020e-03,3.860668e-02,3.531561e-02,2.032428e-02,3.147302e-01,5.880255e-04,-3.021431e-04,4.752064e-03
308.240,-1.129427e-04,9.949075e-05,-1.033110e-03,3.343313e-03,-2.714891e-03,3.858554e-02,3.529311e-02,2.034422e-02,3.145241e-01,5.009173e-04,-4.484743e-04,4.577644e-03
308.440,-1.126776e-04,9.982502e-05,-1.032509e-03,3.344832e-03,-2.706773e-03,3.855685e-02,3.527068e-02,2.036422e-02,3.143182e-01,5.405103e-04,-5.410062e-04,4.973340e-03
308.640,-1.125270e-04,9.993358e-05,-1.031835e-03,3.344871e-03,-2.702074e-03,3.852755e-02,3.524829e-02,2.038428e-02,3.141124e-01,4.137778e-04,-6.397893e-04,4.513301e-03
308.840,-1.124382e-04,1.000608e-04,-1.031229e-03,3.344954e-03,-2.698311e-03,3.850035e-02,3.522593e-02,2.040436e-02,3.139067e-01,5.230587e-04,-5.749293e-04,4.950856e-03
309.040,-1.123290e-04,1.001404e-04,-1.030479e-03,3.345218e-03,-2.695488e-03,3.847634e-02,3.520358e-02,2.042446e-02,3.137011e-01,5.132389e-04,-5.826642e-04,4.929220e-03
309.240,-1.121701e-04,1.002145e-04,-1.029636e-03,3.345770e-03,-2.692360e-03,3.845318e-02,3.518126e-02,2.044457e-02,3.134957e-01,5.053061e-04,-5.959164e-04,4.911787e-03
309.440,-1.120416e-04,1.002825e-04,-1.028864e-03,3.346038e-03,-2.689013e-03,3.842811e-02,3.515898e-02,2.046470e-02,3.132905e-01,4.958228e-04,-6.109801e-04,4.893019e-03
309.640,-1.120043e-04,1.002438e-04,-1.028161e-03,3.345189e-03,-2.687359e-03,3.840079e-02,3.513671e-02,2.048483e-02,3.130854e-01,4.044064e-04,-6.913187e-04,4.560769e-03
309.840,-1.120533e-04,1.001707e-04,-1.027575e-03,3.343616e-03,-2.686893e-03,3.837232e-02,3.511443e-02,2.050495e-02,3.128805e-01,3.979945e-04,-6.972753e-04,4.541491e-03
310.040,-1.121313e-04,1.000549e-04,-1.027000e-03,3.341583e-03,-2.687307e-03,3.834356e-02,3.509214e-02,2.052506e-02,3.126756e-01,3.980413e-04,-6.973039e-04,4.542955e-03
310.240,-1.122221e-04,9.991709e-05,-1.026425e-03,3.339277e-03,-2.688290e-03,3.831487e-02,3.506983e-02,2.054513e-02,3.124709e-01,4.061549e-04,-6.840356e-04,4.560144e-03
310.440,-1.123135e-04,9.976702e-05,-1.025840e-03,3.336807e-03,-2.689637e-03,3.828640e-02,3.504751e-02,2.056518e-02,3.122662e-01,4.175285e-04,-6.651211e-04,4.582823e-03
310.640,-1.123978e-04,9.961251e-05,-1.025242e-03,3.334254e-03,-2.691192e-03,3.825826e-02,3.502517e-02,2.058520e-02,3.120617e-01,4.305816e-04,-6.433733e-04,4.608333e-03
310.840,-1.124706e-04,9.945841e-05,-1.024628e-03,3.331667e-03,-2.692847e-03,3.823045e-02,3.500281e-02,2.060518e-02,3.118574e-01,4.435850e-04,-6.217634e-04,4.633559e-03
311.040,-1.125302e-04,9.930785e-05,-1.023999e-03,3.329078e-03,-2.694526e-03,3.820296e-02,3.498045e-02,2.062513e-02,3.116531e-01,4.554990e-04,-6.019797e-04,4.656481e-03
311.240,-1.125716e-04,9.917247e-05,-1.023330e-03,3.326631e-03,-2.696485e-03,3.817713e-02,3.495807e-02,2.064506e-02,3.114490e-01,4.653449e-04,-6.359663e-04,4.779738e-03
311.440,-1.125523e-04,9.903989e-05,-1.022598e-03,3.324367e-03,-2.697649e-03,3.815067e-02,3.493569e-02,2.066495e-02,3.112450e-01,4.696078e-04,-6.584111e-04,4.847672e-03
311.640,-1.126280e-04,9.885044e-05,-1.021952e-03,3.321369e-03,-2.700471e-03,3.812412e-02,3.491330e-02,2.068482e-02,3.110412e-01,4.694835e-04,-6.567991e-04,4.843241e-03
311.840,-1.126547e-04,9.873297e-05,-1.021317e-03,3.318800e-03,-2.702032e-03,3.809737e-02,3.489090e-02,2.070465e-02,3.108375e-01,4.708472e-04,-6.532368e-04,4.842080e-03
312.040,-1.126146e-04,9.865784e-05,-1.020630e-03,3.316767e-03,-2.702334e-03,3.807107e-02,3.486851e-02,2.072446e-02,3.106339e-01,4.800613e-04,-5.745815e-04,4.729059e-03
312.240,-1.125574e-04,9.859728e-05,-1.019947e-03,3.314840e-03,-2.702197e-03,3.804443e-02,3.484613e-02,2.074425e-02,3.104304e-01,4.901575e-04,-5.285878e-04,4.686255e-03
312.440,-1.125273e-04,9.851199e-05,-1.019291e-03,3.312537e-03,-2.702675e-03,3.801711e-02,3.482375e-02,2.076404e-02,3.102271e-01,4.939892e-04,-5.513422e-04,4.753239e-03
312.640,-1.124823e-04,9.845226e-05,-1.018631e-03,3.310504e-03,-2.702719e-03,3.799056e-02,3.480138e-02,2.078381e-02,3.100240e-01,4.995861e-04,-5.224276e-04,4.723184e-03
312.840,-1.123774e-04,9.840329e-05,-1.017887e-03,3.308715e-03,-2.702388e-03,3.796448e-02,3.477903e-02,2.080357e-02,3.098209e-01,4.714326e-04,-6.492039e-04,4.832274e-03
313.040,-1.123474e-04,9.833447e-05,-1.017241e-03,3.306542e-03,-2.702740e-03,3.793791e-02,3.475669e-02,2.082332e-02,3.096180e-01,4.711356e-04,-6.471728e-04,4.830730e-03
313.240,-1.122776e-04,9.832380e-05,-1.016600e-03,3.304945e-03,-2.701889e-03,3.791205e-02,3.473435e-02,2.084305e-02,3.094152e-01,4.705901e-04,-6.501129e-04,4.822792e-03
313.440,-1.121411e-04,9.831544e-05,-1.015854e-03,3.303580e-03,-2.700552e-03,3.788629e-02,3.471205e-02,2.086279e-02,3.092126e-01,4.700870e-04,-6.488060e-04,4.821605e-03
313.640,-1.120838e-04,9.827277e-05,-1.015214e-03,3.301779e-03,-2.699873e-03,3.785960e-02,3.468976e-02,2.088252e-02,3.090101e-01,4.979974e-04,-5.318458e-04,4.729676e-03
313.840,-1.120219e-04,9.819641e-05,-1.014509e-03,3.299674e-03,-2.700200e-03,3.783347e-02,3.466748e-02,2.090224e-02,3.088077e-01,4.703976e-04,-6.461256e-04,4.821423e-03
314.040,-1.119444e-04,9.818971e-05,-1.013866e-03,3.298189e-03,-2.699104e-03,3.780777e-02,3.464521e-02,2.092195e-02,3.086055e-01,4.695188e-04,-6.501829e-04,4.812069e-03
314.240,-1.118044e-04,9.819503e-05,-1.013127e-03,3.296970e-03,-2.697493e-03,3.778237e-02,3.462297e-02,2.094166e-02,3.084034e-01,4.688144e-04,-6.481542e-04,4.810645e-03
314.440,-1.117372e-04,9.815354e-05,-1.012473e-03,3.295292e-03,-2.696627e-03,3.775605e-02,3.460074e-02,2.096136e-02,3.082015e-01,4.968954e-04,-5.325375e-04,4.722399e-03
314.640,-1.116726e-04,9.812702e-05,-1.011840e-03,3.293586e-03,-2.695690e-03,3.772951e-02,3.457853e-02,2.098106e-02,3.079997e-01,4.998564e-04,-4.972064e-04,4.666334e-03
314.840,-1.116346e-04,9.806274e-05,-1.011192e-03,3.291595e-03,-2.695691e-03,3.770356e-02,3.455634e-02,2.100075e-02,3.077980e-01,4.949108e-04,-5.067167e-04,4.662051e-03
315.040,-1.114857e-04,9.805832e-05,-1.010433e-03,3.290349e-03,-2.694167e-03,3.767828e-02,3.453415e-02,2.102043e-02,3.075964e-01,4.683347e-04,-6.468198e-04,4.802977e-03
315.240,-1.113755e-04,9.804668e-05,-1.009730e-03,3.289054e-03,-2.692722e-03,3.765298e-02,3.451200e-02,2.104011e-02,3.073950e-01,4.667325e-04,-6.485686e-04,4.797458e-03
315.440,-1.113256e-04,9.799635e-05,-1.009095e-03,3.287318e-03,-2.691973e-03,3.762677e-02,3.448986e-02,2.105979e-02,3.071937e-01,4.961495e-04,-5.295966e-04,4.709661e-03
315.640,-1.112685e-04,9.789573e-05,-1.008379e-03,3.285181e-03,-2.692333e-03,3.760082e-02,3.446773e-02,2.107945e-02,3.069926e-01,4.677441e-04,-6.443749e-04,4.798545e-03
315.840,-1.112338e-04,9.787777e-05,-1.007787e-03,3.283561e-03,-2.691551e-03,3.757547e-02,3.444561e-02,2.109910e-02,3.067916e-01,4.852654e-04,-5.421973e-04,4.680872e-03
316.040,-1.110824e-04,9.787546e-05,-1.007028e-03,3.282446e-03,-2.689810e-03,3.755062e-02,3.442350e-02,2.111874e-02,3.065907e-01,4.675841e-04,-6.438562e-04,4.789819e-03
316.240,-1.109583e-04,9.787646e-05,-1.006312e-03,3.281366e-03,-2.688034e-03,3.752593e-02,3.440143e-02,2.113839e-02,3.063900e-01,4.658267e-04,-6.458267e-04,4.783695e-03
316.440,-1.108641e-04,9.785186e-05,-1.005626e-03,3.279993e-03,-2.686712e-03,3.750059e-02,3.437938e-02,2.115803e-02,3.061894e-01,4.648004e-04,-6.465623e-04,4.779459e-03
316.640,-1.108518e-04,9.778612e-05,-1.005012e-03,3.278107e-03,-2.686683e-03,3.747535e-02,3.435733e-02,2.117766e-02,3.059889e-01,4.772084e-04,-5.605808e-04,4.672319e-03
316.840,-1.107140e-04,9.776788e-05,-1.004261e-03,3.276921e-03,-2.685095e-03,3.745045e-02,3.433530e-02,2.119728e-02,3.057886e-01,4.652920e-04,-6.437888e-04,4.774931e-03
317.040,-1.106078e-04,9.775775e-05,-1.003566e-03,3.275741e-03,-2.683460e-03,3.742558e-02,3.431330e-02,2.121690e-02,3.055884e-01,4.637127e-04,-6.452622e-04,4.768877e-03
317.240,-1.105256e-04,9.772589e-05,-1.002896e-03,3.274315e-03,-2.682193e-03,3.740014e-02,3.429132e-02,2.123652e-02,3.053884e-01,4.628569e-04,-6.457322e-04,4.764889e-03
317.440,-1.105179e-04,9.765466e-05,-1.002294e-03,3.272412e-03,-2.682039e-03,3.737463e-02,3.426934e-02,2.125612e-02,3.051885e-01,4.776980e-04,-5.445107e-04,4.638600e-03
317.640,-1.103903e-04,9.763499e-05,-1.001562e-03,3.271179e-03,-2.680450e-03,3.734959e-02,3.424738e-02,2.127572e-02,3.049887e-01,4.633949e-04,-6.430396e-04,4.760760e-03
317.840,-1.102892e-04,9.761972e-05,-1.000875e-03,3.269981e-03,-2.678808e-03,3.732472e-02,3.422544e-02,2.129531e-02,3.047890e-01,4.619147e-04,-6.444064e-04,4.754956e-03
318.040,-1.102103e-04,9.758574e-05,-1.000211e-03,3.268560e-03,-2.677498e-03,3.729933e-02,3.420351e-02,2.131490e-02,3.045895e-01,4.610961e-04,-6.448103e-04,4.751019e-03
318.240,-1.101689e-04,9.751931e-05,-9.995867e-04,3.266824e-03,-2.676598e-03,3.727314e-02,3.418160e-02,2.133448e-02,3.043901e-01,4.866939e-04,-5.395762e-04,4.669661e-03
318.440,-1.101310e-04,9.749076e-05,-9.990177e-04,3.265135e-03,-2.675282e-03,3.724651e-02,3.415970e-02,2.135405e-02,3.041909e-01,4.780744e-04,-5.443216e-04,4.640862e-03
318.640,-1.100432e-04,9.745885e-05,-9.983660e-04,3.263646e-03,-2.673560e-03,3.722003e-02,3.413781e-02,2.137361e-02,3.039918e-01,4.891829e-04,-5.140476e-04,4.629537e-03
318.840,-1.099960e-04,9.739393e-05,-9.977449e-04,3.261800e-03,-2.672626e-03,3.719339e-02,3.411594e-02,2.139316e-02,3.037927e-01,4.898156e-04,-5.310481e-04,4.668212e-03
319.040,-1.099359e-04,9.732467e-05,-9.970714e-04,3.260112e-03,-2.671910e-03,3.716822e-02,3.409407e-02,2.141271e-02,3.035939e-01,4.956393e-04,-5.206942e-04,4.678390e-03
319.240,-1.098330e-04,9.729111e-05,-9.963593e-04,3.258766e-03,-2.670729e-03,3.714387e-02,3.407222e-02,2.143224e-02,3.033951e-01,4.614281e-04,-6.421842e-04,4.743735e-03
319.440,-1.097373e-04,9.727358e-05,-9.956816e-04,3.257563e-03,-2.669087e-03,3.711938e-02,3.405039e-02,2.145176e-02,3.031965e-01,4.603874e-04,-6.427261e-04,4.738722e-03
319.640,-1.096732e-04,9.719327e-05,-9.949913e-04,3.255865e-03,-2.668470e-03,3.709435e-02,3.402858e-02,2.147128e-02,3.029980e-01,4.607441e-04,-6.400600e-04,4.739194e-03
319.840,-1.096131e-04,9.717935e-05,-9.943767e-04,3.254586e-03,-2.666978e-03,3.706992e-02,3.400677e-02,2.149078e-02,3.027997e-01,4.597544e-04,-6.432025e-04,4.729657e-03
320.040,-1.094743e-04,9.717261e-05,-9.936333e-04,3.253642e-03,-2.664974e-03,3.704608e-02,3.398499e-02,2.151028e-02,3.026015e-01,4.595520e-04,-6.411110e-04,4.728894e-03
320.240,-1.093733e-04,9.714431e-05,-9.929370e-04,3.252484e-03,-2.663328e-03,3.702180e-02,3.396323e-02,2.152978e-02,3.024034e-01,4.584614e-04,-6.418498e-04,4.724230e-03
320.440,-1.092953e-04,9.710399e-05,-9.922722e-04,3.251129e-03,-2.661919e-03,3.699699e-02,3.394149e-02,2.154927e-02,3.022055e-01,4.577917e-04,-6.419559e-04,4.720459e-03
320.640,-1.092920e-04,9.702347e-05,-9.916796e-04,3.249287e-03,-2.661574e-03,3.697195e-02,3.391976e-02,2.156875e-02,3.020077e-01,4.752321e-04,-5.290617e-04,4.584300e-03
320.840,-1.091653e-04,9.700016e-05,-9.909535e-04,3.248147e-03,-2.659779e-03,3.694752e-02,3.389803e-02,2.158821e-02,3.018100e-01,4.585050e-04,-6.388941e-04,4.716540e-03
321.040,-1.090627e-04,9.698052e-05,-9.902650e-04,3.247071e-03,-2.657926e-03,3.692338e-02,3.387634e-02,2.160768e-02,3.016125e-01,4.570353e-04,-6.401469e-04,4.710513e-03
321.240,-1.089818e-04,9.694366e-05,-9.896007e-04,3.245782e-03,-2.656395e-03,3.689875e-02,3.385466e-02,2.162714e-02,3.014151e-01,4.561766e-04,-6.404549e-04,4.706158e-03
321.440,-1.089125e-04,9.689920e-05,-9.889527e-04,3.244379e-03,-2.654973e-03,3.687378e-02,3.383299e-02,2.164659e-02,3.012179e-01,4.556518e-04,-6.404250e-04,4.702727e-03
321.640,-1.088722e-04,9.682553e-05,-9.883343e-04,3.242723e-03,-2.653866e-03,3.684811e-02,3.381134e-02,2.166602e-02,3.010207e-01,4.810910e-04,-5.359823e-04,4.621808e-03
321.840,-1.088459e-04,9.678652e-05,-9.877835e-04,3.241027e-03,-2.652500e-03,3.682189e-02,3.378969e-02,2.168545e-02,3.008237e-01,4.695574e-04,-5.514147e-04,4.599647e-03
322.040,-1.087624e-04,9.674510e-05,-9.871419e-04,3.239588e-03,-2.650613e-03,3.679588e-02,3.376806e-02,2.170487e-02,3.006268e-01,4.843059e-04,-5.069612e-04,4.578585e-03
322.240,-1.087063e-04,9.669199e-05,-9.865307e-04,3.237962e-03,-2.649143e-03,3.676982e-02,3.374644e-02,2.172427e-02,3.004300e-01,4.858389e-04,-5.132748e-04,4.599845e-03
322.440,-1.086667e-04,9.664723e-05,-9.859329e-04,3.236279e-03,-2.648121e-03,3.674456e-02,3.372482e-02,2.174367e-02,3.002334e-01,4.551209e-04,-6.393251e-04,4.695233e-03
322.640,-1.086148e-04,9.656202e-05,-9.852658e-04,3.234669e-03,-2.647359e-03,3.672036e-02,3.370322e-02,2.176305e-02,3.000369e-01,4.545519e-04,-6.411976e-04,4.688094e-03
322.840,-1.084829e-04,9.653470e-05,-9.845284e-04,3.233600e-03,-2.645467e-03,3.669655e-02,3.368164e-02,2.178242e-02,2.998405e-01,4.558881e-04,-6.366091e-04,4.691622e-03
323.040,-1.083713e-04,9.651218e-05,-9.838314e-04,3.232573e-03,-2.643471e-03,3.667278e-02,3.366007e-02,2.180179e-02,2.996442e-01,4.550169e-04,-6.372681e-04,4.687812e-03
323.240,-1.082783e-04,9.647882e-05,-9.831562e-04,3.231408e-03,-2.641699e-03,3.664872e-02,3.363853e-02,2.182116e-02,2.994481e-01,4.542019e-04,-6.376623e-04,4.683885e-03
323.440,-1.082243e-04,9.638948e-05,-9.824850e-04,3.229746e-03,-2.640970e-03,3.662415e-02,3.361701e-02,2.184051e-02,2.992522e-01,4.545624e-04,-6.349341e-04,4.684167e-03
323.640,-1.081715e-04,9.636419e-05,-9.818844e-04,3.228486e-03,-2.639364e-03,3.660009e-02,3.359549e-02,2.185985e-02,2.990563e-01,4.536786e-04,-6.377218e-04,4.675004e-03
323.840,-1.080427e-04,9.634736e-05,-9.811593e-04,3.227560e-03,-2.637258e-03,3.657666e-02,3.357399e-02,2.187918e-02,2.988606e-01,4.535093e-04,-6.356433e-04,4.674071e-03
324.040,-1.079482e-04,9.631196e-05,-9.804783e-04,3.226445e-03,-2.635470e-03,3.655285e-02,3.355251e-02,2.189851e-02,2.986650e-01,4.524631e-04,-6.362401e-04,4.669289e-03
324.240,-1.078734e-04,9.626702e-05,-9.798252e-04,3.225163e-03,-2.633878e-03,3.652858e-02,3.353105e-02,2.191784e-02,2.984696e-01,4.517804e-04,-6.362934e-04,4.665285e-03
324.440,-1.078064e-04,9.621779e-05,-9.791845e-04,3.223807e-03,-2.632343e-03,3.650407e-02,3.350961e-02,2.193715e-02,2.982743e-01,4.513275e-04,-6.361387e-04,4.661941e-03
324.640,-1.077975e-04,9.612519e-05,-9.786148e-04,3.221931e-03,-2.631481e-03,3.647817e-02,3.348817e-02,2.195645e-02,2.980791e-01,4.780763e-04,-5.227376e-04,4.570354e-03
324.840,-1.077301e-04,9.608774e-05,-9.780071e-04,3.220522e-03,-2.629526e-03,3.645266e-02,3.346674e-02,2.197573e-02,2.978840e-01,4.823302e-04,-4.986991e-04,4.543057e-03
325.040,-1.076667e-04,9.604714e-05,-9.774062e-04,3.219068e-03,-2.627660e-03,3.642707e-02,3.344533e-02,2.199501e-02,2.976891e-01,4.810155e-04,-5.037905e-04,4.545952e-03
325.240,-1.076236e-04,9.597250e-05,-9.768014e-04,3.217332e-03,-2.626424e-03,3.640137e-02,3.342392e-02,2.201427e-02,2.974942e-01,4.814181e-04,-5.180470e-04,4.577382e-03
325.440,-1.075477e-04,9.592694e-05,-9.761631e-04,3.215975e-03,-2.624607e-03,3.637661e-02,3.340253e-02,2.203353e-02,2.972995e-01,4.866191e-04,-4.990737e-04,4.565676e-03
325.640,-1.075070e-04,9.582439e-05,-9.755153e-04,3.214034e-03,-2.624175e-03,3.635160e-02,3.338114e-02,2.205277e-02,2.971049e-01,4.524779e-04,-6.309751e-04,4.659388e-03
325.840,-1.074513e-04,9.579603e-05,-9.749168e-04,3.212868e-03,-2.622239e-03,3.632789e-02,3.335977e-02,2.207199e-02,2.969105e-01,4.893047e-04,-4.438954e-04,4.471213e-03
326.040,-1.073035e-04,9.577457e-05,-9.741592e-04,3.212014e-03,-2.620138e-03,3.630552e-02,3.333842e-02,2.209121e-02,2.967162e-01,4.514937e-04,-6.317764e-04,4.648168e-03
326.240,-1.072738e-04,9.569624e-05,-9.735530e-04,3.210449e-03,-2.619087e-03,3.628135e-02,3.331708e-02,2.211042e-02,2.965220e-01,4.853392e-04,-4.786246e-04,4.515567e-03
326.440,-1.071336e-04,9.568515e-05,-9.728306e-04,3.209544e-03,-2.616805e-03,3.625803e-02,3.329576e-02,2.212962e-02,2.963279e-01,4.517637e-04,-6.297490e-04,4.644855e-03
326.640,-1.070164e-04,9.566926e-05,-9.721338e-04,3.208727e-03,-2.614530e-03,3.623519e-02,3.327447e-02,2.214882e-02,2.961340e-01,4.500028e-04,-6.313350e-04,4.638062e-03
326.840,-1.069270e-04,9.563175e-05,-9.714663e-04,3.207642e-03,-2.612677e-03,3.621174e-02,3.325319e-02,2.216801e-02,2.959402e-01,4.489315e-04,-6.317893e-04,4.633046e-03
327.040,-1.068537e-04,9.558373e-05,-9.708198e-04,3.206405e-03,-2.610994e-03,3.618787e-02,3.323194e-02,2.218720e-02,2.957466e-01,4.482734e-04,-6.317989e-04,4.629075e-03
327.240,-1.068440e-04,9.549087e-05,-9.702513e-04,3.204613e-03,-2.610041e-03,3.616254e-02,3.321069e-02,2.220636e-02,2.955531e-01,4.749360e-04,-5.167952e-04,4.533737e-03
327.440,-1.067752e-04,9.544856e-05,-9.696391e-04,3.203263e-03,-2.608063e-03,3.613759e-02,3.318945e-02,2.222552e-02,2.953597e-01,4.784330e-04,-4.981658e-04,4.513260e-03
327.640,-1.067152e-04,9.540298e-05,-9.690424e-04,3.201838e-03,-2.606194e-03,3.611244e-02,3.316822e-02,2.224467e-02,2.951664e-01,4.768910e-04,-5.032348e-04,4.514955e-03
327.840,-1.066748e-04,9.532414e-05,-9.684425e-04,3.200134e-03,-2.604931e-03,3.608716e-02,3.314700e-02,2.226380e-02,2.949732e-01,4.769904e-04,-5.175927e-04,4.545010e-03
328.040,-1.065997e-04,9.527556e-05,-9.678069e-04,3.198821e-03,-2.603067e-03,3.606282e-02,3.312579e-02,2.228293e-02,2.947802e-01,4.818222e-04,-4.997729e-04,4.533446e-03
328.240,-1.065574e-04,9.517833e-05,-9.671673e-04,3.196981e-03,-2.602448e-03,3.603824e-02,3.310460e-02,2.230204e-02,2.945872e-01,4.492182e-04,-6.261810e-04,4.624334e-03
328.440,-1.064957e-04,9.514879e-05,-9.665637e-04,3.195902e-03,-2.600369e-03,3.601496e-02,3.308341e-02,2.232113e-02,2.943944e-01,4.852592e-04,-4.422254e-04,4.436803e-03
328.640,-1.063459e-04,9.513228e-05,-9.658121e-04,3.195150e-03,-2.598098e-03,3.599301e-02,3.306225e-02,2.234022e-02,2.942018e-01,4.479221e-04,-6.273722e-04,4.612382e-03
328.840,-1.062418e-04,9.510690e-05,-9.651410e-04,3.194204e-03,-2.595895e-03,3.596989e-02,3.304111e-02,2.235930e-02,2.940093e-01,4.469522e-04,-6.280487e-04,4.608547e-03
329.040,-1.061532e-04,9.506709e-05,-9.644820e-04,3.193127e-03,-2.593950e-03,3.594658e-02,3.301999e-02,2.237838e-02,2.938169e-01,4.460673e-04,-6.284677e-04,4.604280e-03
329.240,-1.061023e-04,9.499244e-05,-9.638597e-04,3.191729e-03,-2.592466e-03,3.592246e-02,3.299889e-02,2.239745e-02,2.936246e-01,4.714665e-04,-5.237008e-04,4.522558e-03
329.440,-1.060705e-04,9.494947e-05,-9.633079e-04,3.190243e-03,-2.590846e-03,3.589776e-02,3.297779e-02,2.241650e-02,2.934325e-01,4.575666e-04,-5.512601e-04,4.511334e-03
329.640,-1.059902e-04,9.489537e-05,-9.626730e-04,3.188936e-03,-2.588815e-03,3.587309e-02,3.295670e-02,2.243555e-02,2.932405e-01,4.730517e-04,-4.991374e-04,4.479579e-03
329.840,-1.059369e-04,9.483443e-05,-9.620741e-04,3.187445e-03,-2.587145e-03,3.584825e-02,3.293563e-02,2.245458e-02,2.930486e-01,4.739336e-04,-5.049137e-04,4.496247e-03
330.040,-1.058926e-04,9.479022e-05,-9.614967e-04,3.186000e-03,-2.585510e-03,3.582391e-02,3.291456e-02,2.247360e-02,2.928568e-01,4.533829e-04,-5.698018e-04,4.526427e-03
330.240,-1.058231e-04,9.470346e-05,-9.608432e-04,3.184504e-03,-2.584033e-03,3.579951e-02,3.289351e-02,2.249261e-02,2.926652e-01,4.748763e-04,-5.081188e-04,4.506634e-03
330.440,-1.057994e-04,9.462435e-05,-9.602446e-04,3.182798e-03,-2.583330e-03,3.577589e-02,3.287247e-02,2.251160e-02,2.924736e-01,4.450733e-04,-6.253471e-04,4.588681e-03
330.640,-1.056620e-04,9.459757e-05,-9.595204e-04,3.181966e-03,-2.580968e-03,3.575332e-02,3.285144e-02,2.253058e-02,2.922822e-01,4.462196e-04,-6.232573e-04,4.589780e-03
330.840,-1.055378e-04,9.458433e-05,-9.588216e-04,3.181270e-03,-2.578508e-03,3.573126e-02,3.283044e-02,2.254956e-02,2.920910e-01,4.443653e-04,-6.250180e-04,4.582704e-03
331.040,-1.054408e-04,9.454768e-05,-9.581489e-04,3.180312e-03,-2.576497e-03,3.570865e-02,3.280946e-02,2.256854e-02,2.918999e-01,4.431602e-04,-6.255660e-04,4.577110e-03
331.240,-1.053627e-04,9.449974e-05,-9.575014e-04,3.179184e-03,-2.574686e-03,3.568554e-02,3.278850e-02,2.258750e-02,2.917089e-01,4.423630e-04,-6.256330e-04,4.572521e-03
331.440,-1.052931e-04,9.444767e-05,-9.568670e-04,3.177978e-03,-2.572940e-03,3.566219e-02,3.276755e-02,2.260646e-02,2.915180e-01,4.417770e-04,-6.254963e-04,4.568506e-03
331.640,-1.052800e-04,9.435250e-05,-9.563033e-04,3.176253e-03,-2.571837e-03,3.563733e-02,3.274661e-02,2.262539e-02,2.913273e-01,4.667564e-04,-5.165585e-04,4.476057e-03
331.840,-1.052178e-04,9.430530e-05,-9.557067e-04,3.174918e-03,-2.569843e-03,3.561288e-02,3.272568e-02,2.264432e-02,2.911366e-01,4.704048e-04,-4.955432e-04,4.451559e-03
332.040,-1.051590e-04,9.425914e-05,-9.551230e-04,3.173551e-03,-2.567852e-03,3.558823e-02,3.270476e-02,2.266324e-02,2.909461e-01,4.690782e-04,-4.961844e-04,4.445406e-03
332.240,-1.051101e-04,9.419306e-05,-9.545347e-04,3.172024e-03,-2.566199e-03,3.556350e-02,3.268385e-02,2.268214e-02,2.907557e-01,4.699335e-04,-5.022920e-04,4.462232e-03
332.440,-1.050646e-04,9.414967e-05,-9.539662e-04,3.170603e-03,-2.564441e-03,3.553928e-02,3.266295e-02,2.270103e-02,2.905655e-01,4.507754e-04,-5.593399e-04,4.484082e-03
332.640,-1.049866e-04,9.407663e-05,-9.533216e-04,3.169236e-03,-2.562637e-03,3.551512e-02,3.264206e-02,2.271991e-02,2.903753e-01,4.715414e-04,-4.968654e-04,4.458313e-03
332.840,-1.049481e-04,9.396849e-05,-9.526887e-04,3.167373e-03,-2.562033e-03,3.549095e-02,3.262119e-02,2.273878e-02,2.901853e-01,4.422909e-04,-6.200372e-04,4.561203e-03
333.040,-1.048888e-04,9.393512e-05,-9.520972e-04,3.166318e-03,-2.559894e-03,3.546815e-02,3.260032e-02,2.275763e-02,2.899954e-01,4.772923e-04,-4.361634e-04,4.368185e-03
333.240,-1.047381e-04,9.392951e-05,-9.513677e-04,3.165636e-03,-2.557419e-03,3.544636e-02,3.257947e-02,2.277647e-02,2.898056e-01,4.411602e-04,-6.213259e-04,4.550842e-03
333.440,-1.046258e-04,9.389740e-05,-9.506789e-04,3.164808e-03,-2.555219e-03,3.542432e-02,3.255865e-02,2.279531e-02,2.896160e-01,4.398526e-04,-6.221916e-04,4.545282e-03
333.640,-1.045404e-04,9.385217e-05,-9.500258e-04,3.163762e-03,-2.553309e-03,3.540169e-02,3.253785e-02,2.281415e-02,2.894265e-01,4.389049e-04,-6.224055e-04,4.540315e-03
333.840,-1.044680e-04,9.379993e-05,-9.493915e-04,3.162598e-03,-2.551516e-03,3.537869e-02,3.251707e-02,2.283297e-02,2.892371e-01,4.382601e-04,-6.223075e-04,4.536124e-03
334.040,-1.044001e-04,9.374607e-05,-9.487657e-04,3.161394e-03,-2.549744e-03,3.535554e-02,3.249629e-02,2.285179e-02,2.890478e-01,4.377427e-04,-6.221050e-04,4.532302e-03
334.240,-1.043854e-04,9.365349e-05,-9.482090e-04,3.159715e-03,-2.548530e-03,3.533096e-02,3.247553e-02,2.287058e-02,2.888587e-01,4.630952e-04,-5.089170e-04,4.432978e-03
334.440,-1.043195e-04,9.360909e-05,-9.476168e-04,3.158433e-03,-2.546410e-03,3.530677e-02,3.245478e-02,2.288937e-02,2.886697e-01,4.661888e-04,-4.890819e-04,4.408099e-03
334.640,-1.042563e-04,9.356644e-05,-9.470359e-04,3.157135e-03,-2.544281e-03,3.528242e-02,3.243404e-02,2.290814e-02,2.884808e-01,4.646792e-04,-4.897796e-04,4.401091e-03
334.840,-1.042032e-04,9.350496e-05,-9.464517e-04,3.155686e-03,-2.542481e-03,3.525801e-02,3.241331e-02,2.292691e-02,2.882920e-01,4.655610e-04,-4.946204e-04,4.415393e-03
335.040,-1.041715e-04,9.341309e-05,-9.458696e-04,3.153960e-03,-2.541292e-03,3.523348e-02,3.239259e-02,2.294566e-02,2.881034e-01,4.657535e-04,-5.098261e-04,4.447860e-03
335.240,-1.041112e-04,9.330650e-05,-9.451904e-04,3.152316e-03,-2.540608e-03,3.521058e-02,3.237187e-02,2.296439e-02,2.879148e-01,4.387572e-04,-6.167005e-04,4.527667e-03
335.440,-1.040348e-04,9.329795e-05,-9.446055e-04,3.151482e-03,-2.538030e-03,3.518809e-02,3.235117e-02,2.298311e-02,2.877264e-01,4.707736e-04,-4.446249e-04,4.341502e-03
335.640,-1.038925e-04,9.329190e-05,-9.438926e-04,3.150805e-03,-2.535552e-03,3.516652e-02,3.233049e-02,2.300183e-02,2.875381e-01,4.366098e-04,-6.188505e-04,4.514419e-03
335.840,-1.037926e-04,9.325110e-05,-9.432229e-04,3.149888e-03,-2.533489e-03,3.514445e-02,3.230984e-02,2.302054e-02,2.873500e-01,4.353496e-04,-6.195426e-04,4.508784e-03
336.040,-1.037172e-04,9.319995e-05,-9.425890e-04,3.148765e-03,-2.531654e-03,3.512175e-02,3.228920e-02,2.303924e-02,2.871620e-01,4.345585e-04,-6.195497e-04,4.504157e-03
336.240,-1.036504e-04,9.314468e-05,-9.419697e-04,3.147560e-03,-2.529874e-03,3.509876e-02,3.226858e-02,2.305793e-02,2.869741e-01,4.340231e-04,-6.193501e-04,4.500274e-03
336.440,-1.035855e-04,9.308936e-05,-9.413554e-04,3.146337e-03,-2.528084e-03,3.507568e-02,3.224797e-02,2.307662e-02,2.867863e-01,4.335627e-04,-6.191179e-04,4.496662e-03
336.640,-1.035201e-04,9.303469e-05,-9.407418e-04,3.145119e-03,-2.526277e-03,3.505259e-02,3.222737e-02,2.309529e-02,2.865986e-01,4.331005e-04,-6.189113e-04,4.493087e-03
336.840,-1.034541e-04,9.298028e-05,-9.401283e-04,3.143904e-03,-2.524462e-03,3.502952e-02,3.220679e-02,2.311394e-02,2.864111e-01,4.326193e-04,-6.187296e-04,4.489479e-03
337.040,-1.033882e-04,9.292563e-05,-9.395155e-04,3.142685e-03,-2.522647e-03,3.500644e-02,3.218622e-02,2.313259e-02,2.862237e-01,4.321278e-04,-6.185578e-04,4.485855e-03
337.240,-1.033229e-04,9.287049e-05,-9.389044e-04,3.141458e-03,-2.520838e-03,3.498334e-02,3.216566e-02,2.315123e-02,2.860364e-01,4.316390e-04,-6.183848e-04,4.482255e-03
337.440,-1.032585e-04,9.281482e-05,-9.382955e-04,3.140219e-03,-2.519034e-03,3.496021e-02,3.214512e-02,2.316985e-02,2.858493e-01,4.311626e-04,-6.182068e-04,4.478717e-03
337.640,-1.031949e-04,9.275865e-05,-9.376890e-04,3.138968e-03,-2.517234e-03,3.493703e-02,3.212458e-02,2.318847e-02,2.856622e-01,4.307035e-04,-6.180244e-04,4.475266e-03
337.840,-1.031320e-04,9.270208e-05,-9.370847e-04,3.137706e-03,-2.515435e-03,3.491382e-02,3.210406e-02,2.320707e-02,2.854753e-01,4.302637e-04,-6.178398e-04,4.471916e-03
338.040,-1.030697e-04,9.264519e-05,-9.364824e-04,3.136434e-03,-2.513636e-03,3.489057e-02,3.208356e-02,2.322566e-02,2.852885e-01,4.298440e-04,-6.176548e-04,4.468676e-03
338.240,-1.030078e-04,9.258803e-05,-9.358820e-04,3.135152e-03,-2.511836e-03,3.486729e-02,3.206306e-02,2.324424e-02,2.851019e-01,4.294446e-04,-6.174708e-04,4.465550e-03
338.440,-1.029462e-04,9.253067e-05,-9.352832e-04,3.133862e-03,-2.510033e-03,3.484399e-02,3.204258e-02,2.326281e-02,2.849153e-01,4.290654e-04,-6.172887e-04,4.462540e-03
338.640,-1.028847e-04,9.247316e-05,-9.346856e-04,3.132566e-03,-2.508228e-03,3.482068e-02,3.202211e-02,2.328136e-02,2.847289e-01,4.287061e-04,-6.171086e-04,4.459644e-03
338.840,-1.028233e-04,9.241552e-05,-9.340892e-04,3.131264e-03,-2.506419e-03,3.479735e-02,3.200165e-02,2.329991e-02,2.845425e-01,4.283662e-04,-6.169309e-04,4.456861e-03
339.040,-1.027617e-04,9.235780e-05,-9.334936e-04,3.129959e-03,-2.504606e-03,3.477401e-02,3.198120e-02,2.331844e-02,2.843563e-01,4.280450e-04,-6.167554e-04,4.454186e-03
339.240,-1.027000e-04,9.230003e-05,-9.328985e-04,3.128650e-03,-2.502789e-03,3.475068e-02,3.196077e-02,2.333696e-02,2.841703e-01,4.277415e-04,-6.165819e-04,4.451614e-03
339.440,-1.026380e-04,9.224224e-05,-9.323038e-04,3.127341e-03,-2.500967e-03,3.472736e-02,3.194035e-02,2.335547e-02,2.839843e-01,4.274544e-04,-6.164103e-04,4.449138e-03
339.640,-1.025756e-04,9.218446e-05,-9.317092e-04,3.126031e-03,-2.499140e-03,3.470406e-02,3.191994e-02,2.337397e-02,2.837985e-01,4.271824e-04,-6.162400e-04,4.446748e-03
339.840,-1.025129e-04,9.212671e-05,-9.311145e-04,3.124722e-03,-2.497309e-03,3.468077e-02,3.189954e-02,2.339246e-02,2.836127e-01,4.269240e-04,-6.160704e-04,4.444437e-03
340.040,-1.024496e-04,9.206901e-05,-9.305195e-04,3.123415e-03,-2.495472e-03,3.465752e-02,3.187915e-02,2.341093e-02,2.834271e-01,4.266777e-04,-6.159010e-04,4.442193e-03
340.240,-1.023858e-04,9.201137e-05,-9.299242e-04,3.122112e-03,-2.493632e-03,3.463429e-02,3.185878e-02,2.342940e-02,2.832416e-01,4.264417e-04,-6.157308e-04,4.440006e-03
340.440,-1.023215e-04,9.195380e-05,-9.293283e-04,3.120813e-03,-2.491787e-03,3.461111e-02,3.183842e-02,2.344785e-02,2.830563e-01,4.262145e-04,-6.155590e-04,4.437866e-03
340.640,-1.022567e-04,9.189632e-05,-9.287317e-04,3.119518e-03,-2.489937e-03,3.458796e-02,3.181807e-02,2.346629e-02,2.828710e-01,4.259943e-04,-6.153845e-04,4.435760e-03
340.840,-1.021913e-04,9.183892e-05,-9.281343e-04,3.118230e-03,-2.488085e-03,3.456486e-02,3.179774e-02,2.348472e-02,2.826859e-01,4.257794e-04,-6.152064e-04,4.433677e-03
341.040,-1.021253e-04,9.178162e-05,-9.275361e-04,3.116947e-03,-2.486229e-03,3.454180e-02,3.177742e-02,2.350314e-02,2.825009e-01,4.255683e-04,-6.150234e-04,4.431607e-03
341.240,-1.020588e-04,9.172443e-05,-9.269371e-04,3.115671e-03,-2.484370e-03,3.451880e-02,3.175711e-02,2.352154e-02,2.823160e-01,4.253593e-04,-6.148346e-04,4.429537e-03
341.440,-1.019917e-04,9.166733e-05,-9.263372e-04,3.114403e-03,-2.482509e-03,3.449585e-02,3.173682e-02,2.353994e-02,2.821312e-01,4.251509e-04,-6.146389e-04,4.427458e-03
341.640,-1.019242e-04,9.161034e-05,-9.257363e-04,3.113142e-03,-2.480647e-03,3.447295e-02,3.171653e-02,2.355832e-02,2.819465e-01,4.249414e-04,-6.144352e-04,4.425358e-03
341.840,-1.018562e-04,9.155347e-05,-9.251346e-04,3.111889e-03,-2.478784e-03,3.445010e-02,3.169627e-02,2.357669e-02,2.817620e-01,4.247296e-04,-6.142226e-04,4.423229e-03
342.040,-1.017878e-04,9.149671e-05,-9.245319e-04,3.110643e-03,-2.476921e-03,3.442731e-02,3.167601e-02,2.359505e-02,2.815776e-01,4.245139e-04,-6.140004e-04,4.421060e-03
342.240,-1.017190e-04,9.144006e-05,-9.239285e-04,3.109405e-03,-2.475057e-03,3.440457e-02,3.165577e-02,2.361340e-02,2.813933e-01,4.242932e-04,-6.137680e-04,4.418843e-03
342.440,-1.016498e-04,9.138354e-05,-9.233243e-04,3.108176e-03,-2.473194e-03,3.438189e-02,3.163554e-02,2.363173e-02,2.812091e-01,4.240662e-04,-6.135249e-04,4.416571e-03
342.640,-1.015804e-04,9.132714e-05,-9.227194e-04,3.106953e-03,-2.471332e-03,3.435926e-02,3.161533e-02,2.365006e-02,2.810251e-01,4.238317e-04,-6.132710e-04,4.414236e-03
342.840,-1.015107e-04,9.127087e-05,-9.221140e-04,3.105738e-03,-2.469471e-03,3.433667e-02,3.159513e-02,2.366837e-02,2.808411e-01,4.235889e-04,-6.130063e-04,4.411835e-03
343.040,-1.014408e-04,9.121473e-05,-9.215080e-04,3.104530e-03,-2.467612e-03,3.431414e-02,3.157494e-02,2.368668e-02,2.806573e-01,4.233370e-04,-6.127311e-04,4.409361e-03
343.240,-1.013709e-04,9.115871e-05,-9.209018e-04,3.103329e-03,-2.465754e-03,3.429164e-02,3.155477e-02,2.370497e-02,2.804736e-01,4.230751e-04,-6.124459e-04,4.406813e-03
343.440,-1.013008e-04,9.110281e-05,-9.202953e-04,3.102133e-03,-2.463898e-03,3.426919e-02,3.153461e-02,2.372325e-02,2.802901e-01,4.228030e-04,-6.121516e-04,4.404190e-03
343.640,-1.012307e-04,9.104703e-05,-9.196888e-04,3.100943e-03,-2.462044e-03,3.424677e-02,3.151447e-02,2.374152e-02,2.801066e-01,4.225204e-04,-6.118492e-04,4.401491e-03
343.840,-1.011607e-04,9.099137e-05,-9.190824e-04,3.099757e-03,-2.460191e-03,3.422438e-02,3.149434e-02,2.375977e-02,2.799233e-01,4.222271e-04,-6.115399e-04,4.398719e-03
344.040,-1.010909e-04,9.093580e-05,-9.184764e-04,3.098575e-03,-2.458340e-03,3.420202e-02,3.147422e-02,2.377802e-02,2.797401e-01,4.219234e-04,-6.112251e-04,4.395878e-03
344.240,-1.010212e-04,9.088032e-05,-9.178708e-04,3.097397e-03,-2.456489e-03,3.417968e-02,3.145412e-02,2.379626e-02,2.795570e-01,4.216096e-04,-6.109064e-04,4.392972e-03
344.440,-1.009517e-04,9.082491e-05,-9.172659e-04,3.096220e-03,-2.454640e-03,3.415735e-02,3.143403e-02,2.381448e-02,2.793740e-01,4.212864e-04,-6.105852e-04,4.390007e-03
344.640,-1.008825e-04,9.076955e-05,-9.166618e-04,3.095044e-03,-2.452791e-03,3.413504e-02,3.141396e-02,2.383269e-02,2.791912e-01,4.209546e-04,-6.102630e-04,4.386992e-03
344.840,-1.008137e-04,9.071424e-05,-9.160587e-04,3.093869e-03,-2.450943e-03,3.411273e-02,3.139390e-02,2.385089e-02,2.790085e-01,4.206151e-04,-6.099414e-04,4.383934e-03
345.040,-1.007453e-04,9.065894e-05,-9.154567e-04,3.092694e-03,-2.449095e-03,3.409042e-02,3.137385e-02,2.386908e-02,2.788259e-01,4.202691e-04,-6.096216e-04,4.380843e-03
345.240,-1.006773e-04,9.060364e-05,-9.148559e-04,3.091517e-03,-2.447247e-03,3.406812e-02,3.135381e-02,2.388726e-02,2.786434e-01,4.199179e-04,-6.093049e-04,4.377728e-03
345.440,-1.006097e-04,9.054832e-05,-9.142565e-04,3.090339e-03,-2.445398e-03,3.404580e-02,3.133379e-02,2.390543e-02,2.784610e-01,4.195627e-04,-6.089924e-04,4.374598e-03
345.640,-1.005426e-04,9.049296e-05,-9.136584e-04,3.089158e-03,-2.443550e-03,3.402348e-02,3.131378e-02,2.392359e-02,2.782788e-01,4.192051e-04,-6.086850e-04,4.371464e-03
345.840,-1.004759e-04,9.043755e-05,-9.130618e-04,3.087975e-03,-2.441701e-03,3.400115e-02,3.129379e-02,2.394173e-02,2.780966e-01,4.188462e-04,-6.083833e-04,4.368335e-03
346.040,-1.004097e-04,9.038208e-05,-9.124666e-04,3.086788e-03,-2.439852e-03,3.397881e-02,3.127381e-02,2.395987e-02,2.779146e-01,4.184876e-04,-6.080878e-04,4.365219e-03
346.240,-1.003440e-04,9.032653e-05,-9.118729e-04,3.085597e-03,-2.438002e-03,3.395645e-02,3.125384e-02,2.397799e-02,2.777327e-01,4.181305e-04,-6.077990e-04,4.362125e-03
346.440,-1.002786e-04,9.027089e-05,-9.112806e-04,3.084402e-03,-2.436151e-03,3.393409e-02,3.123389e-02,2.399610e-02,2.775510e-01,4.177762e-04,-6.075170e-04,4.359059e-03
346.640,-1.002137e-04,9.021515e-05,-9.106897e-04,3.083204e-03,-2.434300e-03,3.391171e-02,3.121394e-02,2.401420e-02,2.773693e-01,4.174256e-04,-6.072418e-04,4.356028e-03
346.840,-1.001491e-04,9.015933e-05,-9.101001e-04,3.082002e-03,-2.432447e-03,3.388932e-02,3.119401e-02,2.403229e-02,2.771878e-01,4.170798e-04,-6.069734e-04,4.353038e-03
347.040,-1.000849e-04,9.010340e-05,-9.095117e-04,3.080797e-03,-2.430595e-03,3.386692e-02,3.117410e-02,2.405037e-02,2.770064e-01,4.167395e-04,-6.067116e-04,4.350092e-03
347.240,-1.000209e-04,9.004738e-05,-9.089245e-04,3.079587e-03,-2.428741e-03,3.384451e-02,3.115419e-02,2.406844e-02,2.768251e-01,4.164055e-04,-6.064560e-04,4.347194e-03
347.440,-9.995712e-05,8.999127e-05,-9.083383e-04,3.078375e-03,-2.426886e-03,3.382210e-02,3.113430e-02,2.408649e-02,2.766439e-01,4.160782e-04,-6.062064e-04,4.344346e-03
347.640,-9.989355e-05,8.993508e-05,-9.077531e-04,3.077160e-03,-2.425031e-03,3.379968e-02,3.111442e-02,2.410454e-02,2.764628e-01,4.157579e-04,-6.059623e-04,4.341550e-03
347.840,-9.983012e-05,8.987880e-05,-9.071687e-04,3.075943e-03,-2.423175e-03,3.377727e-02,3.109456e-02,2.412257e-02,2.762819e-01,4.154450e-04,-6.057232e-04,4.338804e-03
348.040,-9.976677e-05,8.982246e-05,-9.065849e-04,3.074724e-03,-2.421318e-03,3.375485e-02,3.107470e-02,2.414059e-02,2.761010e-01,4.151393e-04,-6.054885e-04,4.336109e-03
348.240,-9.970346e-05,8.976605e-05,-9.060018e-04,3.073503e-03,-2.419460e-03,3.373245e-02,3.105486e-02,2.415860e-02,2.759203e-01,4.148408e-04,-6.052577e-04,4.333463e-03
348.440,-9.964015e-05,8.970960e-05,-9.054191e-04,3.072282e-03,-2.417601e-03,3.371005e-02,3.103504e-02,2.417660e-02,2.757397e-01,4.145493e-04,-6.050302e-04,4.330862e-03
348.640,-9.957679e-05,8.965310e-05,-9.048368e-04,3.071060e-03,-2.415742e-03,3.368766e-02,3.101522e-02,2.419459e-02,2.755592e-01,4.142645e-04,-6.048054e-04,4.328306e-03
348.840,-9.951337e-05,8.959657e-05,-9.042548e-04,3.069839e-03,-2.413882e-03,3.366529e-02,3.099542e-02,2.421257e-02,2.753789e-01,4.139859e-04,-6.045827e-04,4.325788e-03
349.040,-9.944984e-05,8.954002e-05,-9.036730e-04,3.068618e-03,-2.412021e-03,3.364293e-02,3.097563e-02,2.423053e-02,2.751986e-01,4.137130e-04,-6.043613e-04,4.323307e-03
349.240,-9.938617e-05,8.948346e-05,-9.030912e-04,3.067398e-03,-2.410159e-03,3.362060e-02,3.095585e-02,2.424848e-02,2.750185e-01,4.134453e-04,-6.041407e-04,4.320856e-03
349.440,-9.932235e-05,8.942689e-05,-9.025095e-04,3.066180e-03,-2.408297e-03,3.359829e-02,3.093608e-02,2.426643e-02,2.748385e-01,4.131821e-04,-6.039202e-04,4.318431e-03
349.640,-9.925836e-05,8.937033e-05,-9.019278e-04,3.064964e-03,-2.406435e-03,3.357600e-02,3.091633e-02,2.428436e-02,2.746585e-01,4.129228e-04,-6.036992e-04,4.316028e-03
349.840,-9.919419e-05,8.931379e-05,-9.013459e-04,3.063750e-03,-2.404573e-03,3.355374e-02,3.089659e-02,2.430228e-02,2.744788e-01,4.126666e-04,-6.034772e-04,4.313641e-03
350.040,-9.912983e-05,8.925727e-05,-9.007639e-04,3.062538e-03,-2.402710e-03,3.353150e-02,3.087686e-02,2.432018e-02,2.742991e-01,4.124129e-04,-6.032534e-04,4.311265e-03
350.240,-9.906528e-05,8.920077e-05,-9.001818e-04,3.061330e-03,-2.400848e-03,3.350929e-02,3.085715e-02,2.433808e-02,2.741195e-01,4.121610e-04,-6.030275e-04,4.308894e-03
350.440,-9.900053e-05,8.914432e-05,-8.995995e-04,3.060125e-03,-2.398985e-03,3.348712e-02,3.083744e-02,2.435596e-02,2.739401e-01,4.119101e-04,-6.027990e-04,4.306525e-03
350.640,-9.893561e-05,8.908790e-05,-8.990170e-04,3.058923e-03,-2.397123e-03,3.346497e-02,3.081776e-02,2.437384e-02,2.737608e-01,4.116595e-04,-6.025674e-04,4.304153e-03
350.840,-9.887051e-05,8.903153e-05,-8.984343e-04,3.057725e-03,-2.395261e-03,3.344286e-02,3.079808e-02,2.439170e-02,2.735816e-01,4.114087e-04,-6.023324e-04,4.301772e-03
351.040,-9.880524e-05,8.897520e-05,-8.978515e-04,3.056530e-03,-2.393400e-03,3.342077e-02,3.077842e-02,2.440955e-02,2.734025e-01,4.111570e-04,-6.020937e-04,4.299380e-03
351.240,-9.873984e-05,8.891893e-05,-8.972685e-04,3.055339e-03,-2.391540e-03,3.339872e-02,3.075877e-02,2.442739e-02,2.732235e-01,4.109037e-04,-6.018511e-04,4.296972e-03
351.440,-9.867430e-05,8.886272e-05,-8.966854e-04,3.054151e-03,-2.389680e-03,3.337670e-02,3.073913e-02,2.444522e-02,2.730446e-01,4.106485e-04,-6.016046e-04,4.294545e-03
351.640,-9.860866e-05,8.880656e-05,-8.961022e-04,3.052967e-03,-2.387822e-03,3.335470e-02,3.071950e-02,2.446304e-02,2.728659e-01,4.103908e-04,-6.013540e-04,4.292096e-03
351.840,-9.854293e-05,8.875046e-05,-8.955189e-04,3.051786e-03,-2.385964e-03,3.333274e-02,3.069989e-02,2.448084e-02,2.726873e-01,4.101301e-04,-6.010994e-04,4.289624e-03
352.040,-9.847713e-05,8.869442e-05,-8.949357e-04,3.050608e-03,-2.384107e-03,3.331080e-02,3.068029e-02,2.449864e-02,2.725087e-01,4.098663e-04,-6.008410e-04,4.287126e-03
352.240,-9.841131e-05,8.863844e-05,-8.943526e-04,3.049434e-03,-2.382252e-03,3.328889e-02,3.066071e-02,2.451642e-02,2.723303e-01,4.095990e-04,-6.005790e-04,4.284602e-03
352.440,-9.834546e-05,8.858252e-05,-8.937695e-04,3.048262e-03,-2.380397e-03,3.326701e-02,3.064114e-02,2.453419e-02,2.721521e-01,4.093280e-04,-6.003137e-04,4.282051e-03
352.640,-9.827964e-05,8.852665e-05,-8.931867e-04,3.047094e-03,-2.378544e-03,3.324514e-02,3.062158e-02,2.455195e-02,2.719739e-01,4.090532e-04,-6.000453e-04,4.279473e-03
352.840,-9.821385e-05,8.847084e-05,-8.926041e-04,3.045927e-03,-2.376691e-03,3.322330e-02,3.060203e-02,2.456970e-02,2.717959e-01,4.087746e-04,-5.997744e-04,4.276868e-03
353.040,-9.814812e-05,8.841507e-05,-8.920219e-04,3.044762e-03,-2.374840e-03,3.320148e-02,3.058250e-02,2.458744e-02,2.716179e-01,4.084922e-04,-5.995014e-04,4.274238e-03
353.240,-9.808247e-05,8.835935e-05,-8.914400e-04,3.043600e-03,-2.372989e-03,3.317968e-02,3.056298e-02,2.460517e-02,2.714401e-01,4.082062e-04,-5.992267e-04,4.271585e-03
353.440,-9.801694e-05,8.830367e-05,-8.908586e-04,3.042438e-03,-2.371140e-03,3.315789e-02,3.054347e-02,2.462288e-02,2.712624e-01,4.079168e-04,-5.989508e-04,4.268909e-03
353.640,-9.795153e-05,8.824803e-05,-8.902777e-04,3.041278e-03,-2.369291e-03,3.313612e-02,3.052398e-02,2.464059e-02,2.710848e-01,4.076241e-04,-5.986743e-04,4.266215e-03
353.840,-9.788626e-05,8.819242e-05,-8.896973e-04,3.040119e-03,-2.367443e-03,3.311436e-02,3.050450e-02,2.465828e-02,2.709074e-01,4.073285e-04,-5.983976e-04,4.263504e-03
354.040,-9.782115e-05,8.813683e-05,-8.891176e-04,3.038960e-03,-2.365596e-03,3.309261e-02,3.048503e-02,2.467596e-02,2.707300e-01,4.070304e-04,-5.981212e-04,4.260779e-03
354.240,-9.775621e-05,8.808126e-05,-8.885385e-04,3.037802e-03,-2.363750e-03,3.307087e-02,3.046557e-02,2.469363e-02,2.705528e-01,4.067302e-04,-5.978456e-04,4.258044e-03
354.440,-9.769145e-05,8.802571e-05,-8.879601e-04,3.036643e-03,-2.361904e-03,3.304914e-02,3.044613e-02,2.471129e-02,2.703757e-01,4.064282e-04,-5.975711e-04,4.255301e-03
354.640,-9.762687e-05,8.797016e-05,-8.873824e-04,3.035485e-03,-2.360059e-03,3.302742e-02,3.042670e-02,2.472894e-02,2.701987e-01,4.061249e-04,-5.972981e-04,4.252554e-03
354.840,-9.756248e-05,8.791462e-05,-8.868054e-04,3.034326e-03,-2.358215e-03,3.300570e-02,3.040728e-02,2.474658e-02,2.700218e-01,4.058209e-04,-5.970270e-04,4.249807e-03
355.040,-9.749828e-05,8.785908e-05,-8.862292e-04,3.033167e-03,-2.356370e-03,3.298399e-02,3.038788e-02,2.476420e-02,2.698450e-01,4.055164e-04,-5.967579e-04,4.247061e-03
355.240,-9.743427e-05,8.780354e-05,-8.856538e-04,3.032007e-03,-2.354527e-03,3.296228e-02,3.036849e-02,2.478182e-02,2.696683e-01,4.052120e-04,-5.964912e-04,4.244321e-03
355.440,-9.737043e-05,8.774799e-05,-8.850790e-04,3.030846e-03,-2.352683e-03,3.294058e-02,3.034911e-02,2.479942e-02,2.694918e-01,4.049081e-04,-5.962269e-04,4.241588e-03
355.640,-9.730677e-05,8.769244e-05,-8.845051e-04,3.029684e-03,-2.350841e-03,3.291889e-02,3.032974e-02,2.481701e-02,2.693154e-01,4.046051e-04,-5.959652e-04,4.238866e-03
355.840,-9.724327e-05,8.763687e-05,-8.839318e-04,3.028522e-03,-2.348998e-03,3.289719e-02,3.031039e-02,2.483459e-02,2.691390e-01,4.043033e-04,-5.957061e-04,4.236156e-03
356.040,-9.717992e-05,8.758129e-05,-8.833592e-04,3.027359e-03,-2.347156e-03,3.287551e-02,3.029105e-02,2.485216e-02,2.689628e-01,4.040030e-04,-5.954496e-04,4.233460e-03
356.240,-9.711671e-05,8.752570e-05,-8.827874e-04,3.026195e-03,-2.345314e-03,3.285383e-02,3.027172e-02,2.486972e-02,2.687867e-01,4.037046e-04,-5.951957e-04,4.230780e-03
356.440,-9.705362e-05,8.747010e-05,-8.822161e-04,3.025031e-03,-2.343472e-03,3.283216e-02,3.025240e-02,2.488727e-02,2.686108e-01,4.034083e-04,-5.949443e-04,4.228117e-03
356.640,-9.699063e-05,8.741448e-05,-8.816455e-04,3.023866e-03,-2.341631e-03,3.281049e-02,3.023310e-02,2.490480e-02,2.684349e-01,4.031142e-04,-5.946953e-04,4.225471e-03
356.840,-9.692774e-05,8.735886e-05,-8.810754e-04,3.022700e-03,-2.339790e-03,3.278884e-02,3.021381e-02,2.492233e-02,2.682592e-01,4.028224e-04,-5.944485e-04,4.222844e-03
357.040,-9.686492e-05,8.730324e-05,-8.805058e-04,3.021535e-03,-2.337950e-03,3.276719e-02,3.019453e-02,2.493984e-02,2.680835e-01,4.025331e-04,-5.942037e-04,4.220234e-03
357.240,-9.680215e-05,8.724760e-05,-8.799368e-04,3.020369e-03,-2.336110e-03,3.274555e-02,3.017526e-02,2.495735e-02,2.679080e-01,4.022463e-04,-5.939608e-04,4.217643e-03
357.440,-9.673943e-05,8.719197e-05,-8.793682e-04,3.019203e-03,-2.334270e-03,3.272392e-02,3.015601e-02,2.497484e-02,2.677326e-01,4.019619e-04,-5.937195e-04,4.215069e-03
357.640,-9.667675e-05,8.713634e-05,-8.788000e-04,3.018037e-03,-2.332430e-03,3.270231e-02,3.013677e-02,2.499232e-02,2.675573e-01,4.016799e-04,-5.934795e-04,4.212512e-03
357.840,-9.661407e-05,8.708071e-05,-8.782321e-04,3.016872e-03,-2.330592e-03,3.268071e-02,3.011754e-02,2.500979e-02,2.673821e-01,4.014003e-04,-5.932407e-04,4.209970e-03
358.040,-9.655140e-05,8.702509e-05,-8.776647e-04,3.015707e-03,-2.328753e-03,3.265912e-02,3.009832e-02,2.502724e-02,2.672071e-01,4.011229e-04,-5.930028e-04,4.207443e-03
358.240,-9.648873e-05,8.696949e-05,-8.770975e-04,3.014543e-03,-2.326915e-03,3.263755e-02,3.007912e-02,2.504469e-02,2.670321e-01,4.008474e-04,-5.927654e-04,4.204929e-03
358.440,-9.642603e-05,8.691389e-05,-8.765306e-04,3.013379e-03,-2.325078e-03,3.261599e-02,3.005993e-02,2.506213e-02,2.668573e-01,4.005739e-04,-5.925285e-04,4.202427e-03
358.640,-9.636332e-05,8.685832e-05,-8.759639e-04,3.012217e-03,-2.323241e-03,3.259445e-02,3.004075e-02,2.507955e-02,2.666825e-01,4.003020e-04,-5.922917e-04,4.199934e-03
358.840,-9.630057e-05,8.680276e-05,-8.753975e-04,3.011056e-03,-2.321404e-03,3.257293e-02,3.002158e-02,2.509696e-02,2.665079e-01,4.000315e-04,-5.920548e-04,4.197450e-03
359.040,-9.623779e-05,8.674723e-05,-8.748313e-04,3.009896e-03,-2.319569e-03,3.255143e-02,3.000243e-02,2.511436e-02,2.663334e-01,3.997621e-04,-5.918175e-04,4.194972e-03
359.240,-9.617498e-05,8.669173e-05,-8.742653e-04,3.008737e-03,-2.317734e-03,3.252994e-02,2.998329e-02,2.513175e-02,2.661590e-01,3.994938e-04,-5.915798e-04,4.192499e-03
359.440,-9.611212e-05,8.663625e-05,-8.736995e-04,3.007580e-03,-2.315900e-03,3.250847e-02,2.996416e-02,2.514913e-02,2.659848e-01,3.992262e-04,-5.913414e-04,4.190028e-03
359.640,-9.604923e-05,8.658081e-05,-8.731339e-04,3.006425e-03,-2.314066e-03,3.248703e-02,2.994504e-02,2.516650e-02,2.658106e-01,3.989590e-04,-5.911021e-04,4.187560e-03
359.840,-9.598631e-05,8.652540e-05,-8.725684e-04,3.005271e-03,-2.312234e-03,3.246560e-02,2.992594e-02,2.518386e-02,2.656366e-01,3.986921e-04,-5.908619e-04,4.185091e-03
360.040,-9.592335e-05,8.647002e-05,-8.720032e-04,3.004118e-03,-2.310402e-03,3.244419e-02,2.990684e-02,2.520121e-02,2.654626e-01,3.984252e-04,-5.906207e-04,4.182620e-03
360.240,-9.586037e-05,8.641468e-05,-8.714381e-04,3.002968e-03,-2.308572e-03,3.242280e-02,2.988776e-02,2.521854e-02,2.652888e-01,3.981582e-04,-5.903782e-04,4.180147e-03
360.440,-9.579737e-05,8.635938e-05,-8.708732e-04,3.001819e-03,-2.306742e-03,3.240143e-02,2.986870e-02,2.523586e-02,2.651151e-01,3.978909e-04,-5.901346e-04,4.177670e-03
360.640,-9.573435e-05,8.630412e-05,-8.703086e-04,3.000671e-03,-2.304913e-03,3.238008e-02,2.984964e-02,2.525318e-02,2.649415e-01,3.976230e-04,-5.898898e-04,4.175187e-03
360.840,-9.567133e-05,8.624889e-05,-8.697441e-04,2.999526e-03,-2.303085e-03,3.235875e-02,2.983060e-02,2.527048e-02,2.647680e-01,3.973544e-04,-5.896438e-04,4.172699e-03
361.040,-9.560830e-05,8.619371e-05,-8.691799e-04,2.998381e-03,-2.301258e-03,3.233743e-02,2.981157e-02,2.528777e-02,2.645946e-01,3.970851e-04,-5.893967e-04,4.170204e-03
361.240,-9.554529e-05,8.613856e-05,-8.686159e-04,2.997239e-03,-2.299432e-03,3.231614e-02,2.979255e-02,2.530505e-02,2.644214e-01,3.968148e-04,-5.891484e-04,4.167703e-03
361.440,-9.548229e-05,8.608345e-05,-8.680523e-04,2.996098e-03,-2.297607e-03,3.229486e-02,2.977355e-02,2.532231e-02,2.642482e-01,3.965436e-04,-5.888991e-04,4.165194e-03
361.640,-9.541931e-05,8.602838e-05,-8.674889e-04,2.994958e-03,-2.295783e-03,3.227360e-02,2.975456e-02,2.533957e-02,2.640752e-01,3.962715e-04,-5.886489e-04,4.162678e-03
361.840,-9.535637e-05,8.597335e-05,-8.669258e-04,2.993820e-03,-2.293960e-03,3.225236e-02,2.973558e-02,2.535682e-02,2.639022e-01,3.959982e-04,-5.883979e-04,4.160155e-03
362.040,-9.529347e-05,8.591835e-05,-8.663631e-04,2.992682e-03,-2.292138e-03,3.223113e-02,2.971661e-02,2.537405e-02,2.637294e-01,3.957240e-04,-5.881462e-04,4.157625e-03
362.240,-9.523062e-05,8.586339e-05,-8.658007e-04,2.991546e-03,-2.290318e-03,3.220992e-02,2.969765e-02,2.539128e-02,2.635567e-01,3.954487e-04,-5.878940e-04,4.155089e-03
362.440,-9.516782e-05,8.580846e-05,-8.652387e-04,2.990411e-03,-2.288498e-03,3.218872e-02,2.967871e-02,2.540849e-02,2.633841e-01,3.951725e-04,-5.876414e-04,4.152546e-03
362.640,-9.510509e-05,8.575357e-05,-8.646771e-04,2.989277e-03,-2.286679e-03,3.216754e-02,2.965978e-02,2.542569e-02,2.632117e-01,3.948954e-04,-5.873886e-04,4.149998e-03
362.840,-9.504243e-05,8.569870e-05,-8.641159e-04,2.988144e-03,-2.284861e-03,3.214637e-02,2.964087e-02,2.544288e-02,2.630393e-01,3.946175e-04,-5.871356e-04,4.147446e-03
363.040,-9.497983e-05,8.564387e-05,-8.635551e-04,2.987011e-03,-2.283044e-03,3.212521e-02,2.962196e-02,2.546006e-02,2.628670e-01,3.943388e-04,-5.868828e-04,4.144890e-03
363.240,-9.491732e-05,8.558906e-05,-8.629948e-04,2.985879e-03,-2.281227e-03,3.210407e-02,2.960307e-02,2.547723e-02,2.626949e-01,3.940596e-04,-5.866301e-04,4.142331e-03
363.440,-9.485489e-05,8.553428e-05,-8.624349e-04,2.984748e-03,-2.279412e-03,3.208294e-02,2.958419e-02,2.549438e-02,2.625229e-01,3.937798e-04,-5.863777e-04,4.139770e-03
363.640,-9.479254e-05,8.547953e-05,-8.618755e-04,2.983618e-03,-2.277598e-03,3.206182e-02,2.956532e-02,2.551153e-02,2.623510e-01,3.934997e-04,-5.861258e-04,4.137209e-03
363.840,-9.473027e-05,8.542480e-05,-8.613166e-04,2.982487e-03,-2.275784e-03,3.204071e-02,2.954646e-02,2.552867e-02,2.621792e-01,3.932194e-04,-5.858744e-04,4.134647e-03
364.040,-9.466809e-05,8.537009e-05,-8.607581e-04,2.981358e-03,-2.273972e-03,3.201962e-02,2.952762e-02,2.554579e-02,2.620075e-01,3.929389e-04,-5.856237e-04,4.132086e-03
364.240,-9.460599e-05,8.531540e-05,-8.602001e-04,2.980228e-03,-2.272160e-03,3.199853e-02,2.950879e-02,2.556290e-02,2.618359e-01,3.926585e-04,-5.853737e-04,4.129527e-03
364.440,-9.454397e-05,8.526074e-05,-8.596426e-04,2.979099e-03,-2.270349e-03,3.197746e-02,2.948997e-02,2.558001e-02,2.616644e-01,3.923782e-04,-5.851245e-04,4.126971e-03
364.640,-9.448204e-05,8.520609e-05,-8.590856e-04,2.977970e-03,-2.268539e-03,3.195640e-02,2.947117e-02,2.559710e-02,2.614930e-01,3.920982e-04,-5.848761e-04,4.124418e-03
364.840,-9.442018e-05,8.515147e-05,-8.585290e-04,2.976842e-03,-2.266730e-03,3.193535e-02,2.945237e-02,2.561418e-02,2.613218e-01,3.918185e-04,-5.846286e-04,4.121869e-03
365.040,-9.435840e-05,8.509686e-05,-8.579729e-04,2.975713e-03,-2.264921e-03,3.191431e-02,2.943359e-02,2.563125e-02,2.611507e-01,3.915394e-04,-5.843820e-04,4.119325e-03
365.240,-9.429669e-05,8.504228e-05,-8.574173e-04,2.974586e-03,-2.263114e-03,3.189328e-02,2.941482e-02,2.564830e-02,2.609796e-01,3.912608e-04,-5.841363e-04,4.116786e-03
365.440,-9.423505e-05,8.498771e-05,-8.568621e-04,2.973458e-03,-2.261307e-03,3.187227e-02,2.939606e-02,2.566535e-02,2.608087e-01,3.909828e-04,-5.838915e-04,4.114253e-03
365.640,-9.417347e-05,8.493316e-05,-8.563073e-04,2.972331e-03,-2.259501e-03,3.185126e-02,2.937732e-02,2.568239e-02,2.606379e-01,3.907055e-04,-5.836475e-04,4.111726e-03
365.840,-9.411196e-05,8.487864e-05,-8.557530e-04,2.971204e-03,-2.257696e-03,3.183027e-02,2.935858e-02,2.569941e-02,2.604672e-01,3.904290e-04,-5.834043e-04,4.109205e-03
366.040,-9.405049e-05,8.482413e-05,-8.551991e-04,2.970077e-03,-2.255891e-03,3.180929e-02,2.933986e-02,2.571643e-02,2.602966e-01,3.901533e-04,-5.831619e-04,4.106690e-03
366.240,-9.398907e-05,8.476964e-05,-8.546456e-04,2.968951e-03,-2.254088e-03,3.178832e-02,2.932116e-02,2.573343e-02,2.601261e-01,3.898783e-04,-5.829202e-04,4.104181e-03
366.440,-9.392770e-05,8.471518e-05,-8.540925e-04,2.967826e-03,-2.252285e-03,3.176736e-02,2.930246e-02,2.575042e-02,2.599558e-01,3.896042e-04,-5.826792e-04,4.101679e-03
366.640,-9.386637e-05,8.466073e-05,-8.535398e-04,2.966701e-03,-2.250483e-03,3.174642e-02,2.928378e-02,2.576740e-02,2.597855e-01,3.893310e-04,-5.824387e-04,4.099183e-03
366.840,-9.380508e-05,8.460631e-05,-8.529875e-04,2.965577e-03,-2.248683e-03,3.172549e-02,2.926510e-02,2.578437e-02,2.596154e-01,3.890585e-04,-5.821987e-04,4.096692e-03
367.040,-9.374382e-05,8.455192e-05,-8.524355e-04,2.964453e-03,-2.246883e-03,3.170457e-02,2.924644e-02,2.580133e-02,2.594453e-01,3.887868e-04,-5.819592e-04,4.094207e-03
367.240,-9.368259e-05,8.449754e-05,-8.518838e-04,2.963330e-03,-2.245083e-03,3.168367e-02,2.922780e-02,2.581828e-02,2.592754e-01,3.885158e-04,-5.817201e-04,4.091728e-03
367.440,-9.362138e-05,8.444320e-05,-8.513326e-04,2.962207e-03,-2.243285e-03,3.166278e-02,2.920916e-02,2.583522e-02,2.591056e-01,3.882455e-04,-5.814812e-04,4.089253e-03
367.640,-9.356020e-05,8.438888e-05,-8.507816e-04,2.961086e-03,-2.241488e-03,3.164191e-02,2.919054e-02,2.585215e-02,2.589359e-01,3.879759e-04,-5.812425e-04,4.086782e-03
367.840,-9.349904e-05,8.433459e-05,-8.502310e-04,2.959965e-03,-2.239691e-03,3.162105e-02,2.917192e-02,2.586906e-02,2.587663e-01,3.877068e-04,-5.810040e-04,4.084316e-03
368.040,-9.343790e-05,8.428032e-05,-8.496807e-04,2.958845e-03,-2.237896e-03,3.160020e-02,2.915333e-02,2.588597e-02,2.585968e-01,3.874383e-04,-5.807655e-04,4.081852e-03
368.240,-9.337678e-05,8.422609e-05,-8.491307e-04,2.957726e-03,-2.236101e-03,3.157937e-02,2.913474e-02,2.590286e-02,2.584274e-01,3.871702e-04,-5.805271e-04,4.079392e-03
368.440,-9.331568e-05,8.417189e-05,-8.485810e-04,2.956608e-03,-2.234308e-03,3.155855e-02,2.911616e-02,2.591974e-02,2.582582e-01,3.869025e-04,-5.802886e-04,4.076934e-03
368.640,-9.325460e-05,8.411771e-05,-8.480316e-04,2.955490e-03,-2.232515e-03,3.153775e-02,2.909760e-02,2.593661e-02,2.580890e-01,3.866352e-04,-5.800500e-04,4.074478e-03
368.840,-9.319353e-05,8.406357e-05,-8.474825e-04,2.954374e-03,-2.230724e-03,3.151697e-02,2.907905e-02,2.595347e-02,2.579200e-01,3.863681e-04,-5.798112e-04,4.072024e-03
369.040,-9.313249e-05,8.400946e-05,-8.469338e-04,2.953259e-03,-2.228933e-03,3.149619e-02,2.906051e-02,2.597032e-02,2.577510e-01,3.861012e-04,-5.795723e-04,4.069570e-03
369.240,-9.307146e-05,8.395538e-05,-8.463853e-04,2.952144e-03,-2.227143e-03,3.147544e-02,2.904198e-02,2.598716e-02,2.575822e-01,3.858345e-04,-5.793332e-04,4.067118e-03
369.440,-9.301046e-05,8.390134e-05,-8.458372e-04,2.951031e-03,-2.225355e-03,3.145470e-02,2.902347e-02,2.600399e-02,2.574135e-01,3.855678e-04,-5.790939e-04,4.064665e-03
369.640,-9.294948e-05,8.384733e-05,-8.452893e-04,2.949919e-03,-2.223567e-03,3.143397e-02,2.900497e-02,2.602081e-02,2.572449e-01,3.853012e-04,-5.788544e-04,4.062213e-03
369.840,-9.288852e-05,8.379335e-05,-8.447418e-04,2.948807e-03,-2.221781e-03,3.141326e-02,2.898648e-02,2.603762e-02,2.570764e-01,3.850346e-04,-5.786146e-04,4.059761e-03
370.040,-9.282759e-05,8.373941e-05,-8.441946e-04,2.947697e-03,-2.219995e-03,3.139257e-02,2.896800e-02,2.605441e-02,2.569080e-01,3.847679e-04,-5.783746e-04,4.057308e-03
370.240,-9.276669e-05,8.368549e-05,-8.436477e-04,2.946587e-03,-2.218211e-03,3.137188e-02,2.894953e-02,2.607120e-02,2.567397e-01,3.845012e-04,-5.781345e-04,4.054855e-03
370.440,-9.270582e-05,8.363162e-05,-8.431012e-04,2.945479e-03,-2.216427e-03,3.135122e-02,2.893108e-02,2.608797e-02,2.565715e-01,3.842344e-04,-5.778941e-04,4.052401e-03
370.640,-9.264499e-05,8.357777e-05,-8.425550e-04,2.944371e-03,-2.214645e-03,3.133057e-02,2.891264e-02,2.610473e-02,2.564035e-01,3.839675e-04,-5.776535e-04,4.049946e-03
370.840,-9.258419e-05,8.352396e-05,-8.420091e-04,2.943264e-03,-2.212863e-03,3.130993e-02,2.889421e-02,2.612149e-02,2.562355e-01,3.837004e-04,-5.774129e-04,4.047491e-03
371.040,-9.252343e-05,8.347018e-05,-8.414635e-04,2.942158e-03,-2.211083e-03,3.128930e-02,2.887579e-02,2.613823e-02,2.560677e-01,3.834332e-04,-5.771721e-04,4.045035e-03
371.240,-9.246271e-05,8.341644e-05,-8.409184e-04,2.941053e-03,-2.209304e-03,3.126869e-02,2.885738e-02,2.615496e-02,2.558999e-01,3.831659e-04,-5.769312e-04,4.042578e-03
371.440,-9.240203e-05,8.336272e-05,-8.403735e-04,2.939949e-03,-2.207525e-03,3.124810e-02,2.883899e-02,2.617168e-02,2.557323e-01,3.828984e-04,-5.766904e-04,4.040121e-03
371.640,-9.234139e-05,8.330904e-05,-8.398291e-04,2.938846e-03,-2.205748e-03,3.122752e-02,2.882061e-02,2.618839e-02,2.555648e-01,3.826308e-04,-5.764495e-04,4.037663e-03
371.840,-9.228080e-05,8.325539e-05,-8.392850e-04,2.937743e-03,-2.203972e-03,3.120695e-02,2.880224e-02,2.620508e-02,2.553974e-01,3.823632e-04,-5.762087e-04,4.035206e-03
372.040,-9.222026e-05,8.320177e-05,-8.387412e-04,2.936641e-03,-2.202197e-03,3.118639e-02,2.878388e-02,2.622177e-02,2.552301e-01,3.820955e-04,-5.759680e-04,4.032748e-03
372.240,-9.215977e-05,8.314818e-05,-8.381978e-04,2.935540e-03,-2.200422e-03,3.116585e-02,2.876553e-02,2.623845e-02,2.550629e-01,3.818277e-04,-5.757274e-04,4.030291e-03
372.440,-9.209933e-05,8.309463e-05,-8.376549e-04,2.934440e-03,-2.198649e-03,3.114532e-02,2.874720e-02,2.625511e-02,2.548958e-01,3.815599e-04,-5.754869e-04,4.027834e-03
372.640,-9.203893e-05,8.304110e-05,-8.371122e-04,2.933340e-03,-2.196877e-03,3.112481e-02,2.872888e-02,2.627177e-02,2.547288e-01,3.812922e-04,-5.752467e-04,4.025378e-03
372.840,-9.197859e-05,8.298761e-05,-8.365700e-04,2.932241e-03,-2.195106e-03,3.110431e-02,2.871057e-02,2.628841e-02,2.545619e-01,3.810244e-04,-5.750066e-04,4.022923e-03
373.040,-9.191830e-05,8.293414e-05,-8.360282e-04,2.931142e-03,-2.193336e-03,3.108382e-02,2.869227e-02,2.630505e-02,2.543952e-01,3.807568e-04,-5.747669e-04,4.020469e-03
373.240,-9.185806e-05,8.288070e-05,-8.354867e-04,2.930044e-03,-2.191567e-03,3.106334e-02,2.867398e-02,2.632167e-02,2.542285e-01,3.804892e-04,-5.745274e-04,4.018016e-03
373.440,-9.179786e-05,8.282729e-05,-8.349456e-04,2.928947e-03,-2.189798e-03,3.104287e-02,2.865571e-02,2.633828e-02,2.540620e-01,3.802219e-04,-5.742882e-04,4.015565e-03
373.640,-9.173772e-05,8.277392e-05,-8.344049e-04,2.927851e-03,-2.188031e-03,3.102242e-02,2.863745e-02,2.635488e-02,2.538955e-01,3.799546e-04,-5.740493e-04,4.013117e-03
373.840,-9.167763e-05,8.272057e-05,-8.338646e-04,2.926755e-03,-2.186265e-03,3.100198e-02,2.861920e-02,2.637147e-02,2.537292e-01,3.796876e-04,-5.738107e-04,4.010670e-03
374.040,-9.161759e-05,8.266725e-05,-8.333246e-04,2.925659e-03,-2.184500e-03,3.098156e-02,2.860096e-02,2.638805e-02,2.535630e-01,3.794208e-04,-5.735724e-04,4.008225e-03
374.240,-9.155760e-05,8.261395e-05,-8.327850e-04,2.924565e-03,-2.182736e-03,3.096114e-02,2.858273e-02,2.640462e-02,2.533968e-01,3.791543e-04,-5.733345e-04,4.005783e-03
374.440,-9.149765e-05,8.256069e-05,-8.322459e-04,2.923471e-03,-2.180973e-03,3.094074e-02,2.856452e-02,2.642118e-02,2.532308e-01,3.788880e-04,-5.730970e-04,4.003343e-03
374.640,-9.143775e-05,8.250746e-05,-8.317070e-04,2.922377e-03,-2.179210e-03,3.092036e-02,2.854631e-02,2.643773e-02,2.530649e-01,3.786220e-04,-5.728597e-04,4.000906e-03
374.840,-9.137789e-05,8.245425e-05,-8.311686e-04,2.921284e-03,-2.177449e-03,3.089998e-02,2.852812e-02,2.645426e-02,2.528991e-01,3.783563e-04,-5.726228e-04,3.998471e-03
375.040,-9.131808e-05,8.240107e-05,-8.306305e-04,2.920192e-03,-2.175689e-03,3.087962e-02,2.850994e-02,2.647079e-02,2.527335e-01,3.780910e-04,-5.723862e-04,3.996039e-03
375.240,-9.125831e-05,8.234793e-05,-8.300928e-04,2.919100e-03,-2.173930e-03,3.085927e-02,2.849178e-02,2.648730e-02,2.525679e-01,3.778259e-04,-5.721499e-04,3.993610e-03
375.440,-9.119858e-05,8.229481e-05,-8.295554e-04,2.918010e-03,-2.172172e-03,3.083893e-02,2.847362e-02,2.650381e-02,2.524024e-01,3.775612e-04,-5.719138e-04,3.991183e-03
375.640,-9.113889e-05,8.224172e-05,-8.290184e-04,2.916919e-03,-2.170415e-03,3.081861e-02,2.845548e-02,2.652030e-02,2.522370e-01,3.772969e-04,-5.716781e-04,3.988759e-03
375.840,-9.107924e-05,8.218866e-05,-8.284818e-04,2.915830e-03,-2.168658e-03,3.079830e-02,2.843735e-02,2.653679e-02,2.520718e-01,3.770328e-04,-5.714426e-04,3.986338e-03
376.040,-9.101963e-05,8.213563e-05,-8.279455e-04,2.914741e-03,-2.166903e-03,3.077800e-02,2.841923e-02,2.655326e-02,2.519066e-01,3.767691e-04,-5.712073e-04,3.983920e-03
376.240,-9.096006e-05,8.208264e-05,-8.274096e-04,2.913652e-03,-2.165149e-03,3.075772e-02,2.840112e-02,2.656972e-02,2.517416e-01,3.765057e-04,-5.709722e-04,3.981503e-03
376.440,-9.090052e-05,8.202967e-05,-8.268740e-04,2.912565e-03,-2.163396e-03,3.073745e-02,2.838302e-02,2.658617e-02,2.515767e-01,3.762426e-04,-5.707374e-04,3.979090e-03
376.640,-9.084102e-05,8.197673e-05,-8.263387e-04,2.911478e-03,-2.161644e-03,3.071719e-02,2.836494e-02,2.660261e-02,2.514118e-01,3.759798e-04,-5.705027e-04,3.976678e-03
376.840,-9.078155e-05,8.192382e-05,-8.258038e-04,2.910392e-03,-2.159893e-03,3.069694e-02,2.834687e-02,2.661904e-02,2.512471e-01,3.757172e-04,-5.702682e-04,3.974269e-03
377.040,-9.072212e-05,8.187095e-05,-8.252692e-04,2.909307e-03,-2.158143e-03,3.067671e-02,2.832881e-02,2.663546e-02,2.510825e-01,3.754550e-04,-5.700338e-04,3.971862e-03
377.240,-9.066272e-05,8.181810e-05,-8.247350e-04,2.908222e-03,-2.156394e-03,3.065650e-02,2.831076e-02,2.665187e-02,2.509180e-01,3.751930e-04,-5.697995e-04,3.969457e-03
377.440,-9.060335e-05,8.176529e-05,-8.242011e-04,2.907138e-03,-2.154646e-03,3.063629e-02,2.829272e-02,2.666827e-02,2.507536e-01,3.749313e-04,-5.695653e-04,3.967054e-03
377.640,-9.054402e-05,8.171251e-05,-8.236676e-04,2.906055e-03,-2.152899e-03,3.061610e-02,2.827469e-02,2.668466e-02,2.505893e-01,3.746698e-04,-5.693313e-04,3.964653e-03
377.840,-9.048473e-05,8.165976e-05,-8.231343e-04,2.904973e-03,-2.151153e-03,3.059593e-02,2.825668e-02,2.670103e-02,2.504251e-01,3.744084e-04,-5.690973e-04,3.962253e-03
378.040,-9.042546e-05,8.160704e-05,-8.226015e-04,2.903891e-03,-2.149409e-03,3.057576e-02,2.823868e-02,2.671740e-02,2.502610e-01,3.741473e-04,-5.688634e-04,3.959855e-03
378.240,-9.036623e-05,8.155435e-05,-8.220689e-04,2.902810e-03,-2.147665e-03,3.055561e-02,2.822069e-02,2.673375e-02,2.500970e-01,3.738864e-04,-5.686296e-04,3.957458e-03
378.440,-9.030704e-05,8.150170e-05,-8.215367e-04,2.901730e-03,-2.145922e-03,3.053548e-02,2.820271e-02,2.675010e-02,2.499331e-01,3.736256e-04,-5.683958e-04,3.955062e-03
378.640,-9.024788e-05,8.144908e-05,-8.210048e-04,2.900651e-03,-2.144180e-03,3.051535e-02,2.818474e-02,2.676643e-02,2.497694e-01,3.733650e-04,-5.681621e-04,3.952668e-03
378.840,-9.018875e-05,8.139649e-05,-8.204733e-04,2.899572e-03,-2.142440e-03,3.049524e-02,2.816679e-02,2.678276e-02,2.496057e-01,3.731046e-04,-5.679284e-04,3.950275e-03
379.040,-9.012966e-05,8.134393e-05,-8.199421e-04,2.898495e-03,-2.140700e-03,3.047515e-02,2.814885e-02,2.679907e-02,2.494422e-01,3.728443e-04,-5.676948e-04,3.947883e-03
379.240,-9.007061e-05,8.129140e-05,-8.194112e-04,2.897418e-03,-2.138962e-03,3.045506e-02,2.813091e-02,2.681537e-02,2.492787e-01,3.725841e-04,-5.674613e-04,3.945493e-03
379.440,-9.001159e-05,8.123891e-05,-8.188807e-04,2.896341e-03,-2.137224e-03,3.043499e-02,2.811299e-02,2.683166e-02,2.491154e-01,3.723240e-04,-5.672278e-04,3.943103e-03
379.640,-8.995261e-05,8.118645e-05,-8.183505e-04,2.895266e-03,-2.135488e-03,3.041494e-02,2.809509e-02,2.684795e-02,2.489521e-01,3.720640e-04,-5.669944e-04,3.940715e-03
379.840,-8.989367e-05,8.113402e-05,-8.178206e-04,2.894191e-03,-2.133753e-03,3.039490e-02,2.807719e-02,2.686422e-02,2.487890e-01,3.718042e-04,-5.667611e-04,3.938327e-03
380.040,-8.983476e-05,8.108163e-05,-8.172911e-04,2.893117e-03,-2.132018e-03,3.037487e-02,2.805930e-02,2.688048e-02,2.486260e-01,3.715444e-04,-5.665278e-04,3.935941e-03
380.240,-8.977590e-05,8.102926e-05,-8.167620e-04,2.892044e-03,-2.130285e-03,3.035485e-02,2.804143e-02,2.689673e-02,2.484631e-01,3.712848e-04,-5.662946e-04,3.933555e-03
380.440,-8.971707e-05,8.097693e-05,-8.162331e-04,2.890971e-03,-2.128553e-03,3.033485e-02,2.802357e-02,2.691297e-02,2.483002e-01,3.710253e-04,-5.660616e-04,3.931171e-03
380.640,-8.965828e-05,8.092463e-05,-8.157047e-04,2.889899e-03,-2.126822e-03,3.031486e-02,2.800572e-02,2.692919e-02,2.481375e-01,3.707659e-04,-5.658286e-04,3.928788e-03
380.840,-8.959953e-05,8.087236e-05,-8.151765e-04,2.888828e-03,-2.125092e-03,3.029488e-02,2.798788e-02,2.694541e-02,2.479749e-01,3.705066e-04,-5.655957e-04,3.926406e-03
381.040,-8.954082e-05,8.082013e-05,-8.146487e-04,2.887758e-03,-2.123363e-03,3.027492e-02,2.797006e-02,2.696162e-02,2.478124e-01,3.702474e-04,-5.653630e-04,3.924025e-03
381.240,-8.948215e-05,8.076792e-05,-8.141213e-04,2.886688e-03,-2.121635e-03,3.025497e-02,2.795224e-02,2.697782e-02,2.476500e-01,3.699883e-04,-5.651304e-04,3.921645e-03
381.440,-8.942352e-05,8.071575e-05,-8.135942e-04,2.885619e-03,-2.119908e-03,3.023503e-02,2.793444e-02,2.699400e-02,2.474877e-01,3.697294e-04,-5.648979e-04,3.919267e-03
381.640,-8.936493e-05,8.066361e-05,-8.130675e-04,2.884551e-03,-2.118182e-03,3.021510e-02,2.791665e-02,2.701018e-02,2.473256e-01,3.694706e-04,-5.646656e-04,3.916890e-03
381.840,-8.930639e-05,8.061150e-05,-8.125411e-04,2.883483e-03,-2.116457e-03,3.019519e-02,2.789887e-02,2.702635e-02,2.471635e-01,3.692119e-04,-5.644335e-04,3.914514e-03
382.040,-8.924788e-05,8.055943e-05,-8.120150e-04,2.882417e-03,-2.114734e-03,3.017529e-02,2.788110e-02,2.704250e-02,2.470015e-01,3.689534e-04,-5.642015e-04,3.912139e-03
382.240,-8.918941e-05,8.050738e-05,-8.114893e-04,2.881350e-03,-2.113011e-03,3.015540e-02,2.786334e-02,2.705865e-02,2.468396e-01,3.686950e-04,-5.639696e-04,3.909767e-03
382.440,-8.913099e-05,8.045537e-05,-8.109640e-04,2.880285e-03,-2.111289e-03,3.013553e-02,2.784560e-02,2.707478e-02,2.466779e-01,3.684368e-04,-5.637380e-04,3.907395e-03
382.640,-8.907260e-05,8.040339e-05,-8.104390e-04,2.879220e-03,-2.109569e-03,3.011567e-02,2.782786e-02,2.709090e-02,2.465162e-01,3.681788e-04,-5.635065e-04,3.905026e-03
382.840,-8.901426e-05,8.035143e-05,-8.099143e-04,2.878156e-03,-2.107849e-03,3.009582e-02,2.781014e-02,2.710702e-02,2.463547e-01,3.679209e-04,-5.632752e-04,3.902658e-03
383.040,-8.895596e-05,8.029952e-05,-8.093900e-04,2.877092e-03,-2.106131e-03,3.007599e-02,2.779243e-02,2.712312e-02,2.461932e-01,3.676633e-04,-5.630440e-04,3.900291e-03
383.240,-8.889770e-05,8.024763e-05,-8.088660e-04,2.876030e-03,-2.104413e-03,3.005616e-02,2.777473e-02,2.713921e-02,2.460319e-01,3.674058e-04,-5.628131e-04,3.897926e-03
383.440,-8.883947e-05,8.019577e-05,-8.083424e-04,2.874967e-03,-2.102697e-03,3.003635e-02,2.775704e-02,2.715529e-02,2.458706e-01,3.671485e-04,-5.625823e-04,3.895563e-03
383.640,-8.878129e-05,8.014394e-05,-8.078191e-04,2.873906e-03,-2.100981e-03,3.001656e-02,2.773937e-02,2.717136e-02,2.457095e-01,3.668914e-04,-5.623517e-04,3.893202e-03
383.840,-8.872315e-05,8.009215e-05,-8.072962e-04,2.872845e-03,-2.099267e-03,2.999677e-02,2.772170e-02,2.718743e-02,2.455485e-01,3.666344e-04,-5.621213e-04,3.890842e-03
384.040,-8.866504e-05,8.004039e-05,-8.067736e-04,2.871785e-03,-2.097554e-03,2.997700e-02,2.770405e-02,2.720348e-02,2.453875e-01,3.663777e-04,-5.618911e-04,3.888484e-03
384.240,-8.860698e-05,7.998866e-05,-8.062514e-04,2.870726e-03,-2.095841e-03,2.995724e-02,2.768641e-02,2.721952e-02,2.452267e-01,3.661212e-04,-5.616611e-04,3.886128e-03
384.440,-8.854895e-05,7.993696e-05,-8.057295e-04,2.869667e-03,-2.094130e-03,2.993750e-02,2.766878e-02,2.723555e-02,2.450660e-01,3.658649e-04,-5.614312e-04,3.883774e-03
384.640,-8.849096e-05,7.988529e-05,-8.052080e-04,2.868609e-03,-2.092420e-03,2.991776e-02,2.765116e-02,2.725157e-02,2.449054e-01,3.656088e-04,-5.612015e-04,3.881422e-03
384.840,-8.843302e-05,7.983365e-05,-8.046867e-04,2.867551e-03,-2.090711e-03,2.989804e-02,2.763355e-02,2.726757e-02,2.447449e-01,3.653529e-04,-5.609720e-04,3.879071e-03
385.040,-8.837510e-05,7.978205e-05,-8.041659e-04,2.866495e-03,-2.089003e-03,2.987834e-02,2.761596e-02,2.728357e-02,2.445844e-01,3.650972e-04,-5.607426e-04,3.876722e-03
385.240,-8.831723e-05,7.973047e-05,-8.036453e-04,2.865439e-03,-2.087296e-03,2.985864e-02,2.759837e-02,2.729956e-02,2.444241e-01,3.648417e-04,-5.605134e-04,3.874375e-03
385.440,-8.825939e-05,7.967893e-05,-8.031251e-04,2.864383e-03,-2.085590e-03,2.983896e-02,2.758080e-02,2.731554e-02,2.442639e-01,3.645864e-04,-5.602843e-04,3.872029e-03
385.640,-8.820160e-05,7.962742e-05,-8.026053e-04,2.863329e-03,-2.083885e-03,2.981929e-02,2.756324e-02,2.733151e-02,2.441038e-01,3.643313e-04,-5.600554e-04,3.869685e-03
385.840,-8.814383e-05,7.957594e-05,-8.020858e-04,2.862275e-03,-2.082181e-03,2.979963e-02,2.754569e-02,2.734746e-02,2.439438e-01,3.640764e-04,-5.598267e-04,3.867343e-03
386.040,-8.808611e-05,7.952449e-05,-8.015666e-04,2.861222e-03,-2.080479e-03,2.977999e-02,2.752815e-02,2.736341e-02,2.437840e-01,3.638217e-04,-5.595981e-04,3.865003e-03
386.240,-8.802842e-05,7.947308e-05,-8.010477e-04,2.860169e-03,-2.078777e-03,2.976036e-02,2.751063e-02,2.737935e-02,2.436242e-01,3.635672e-04,-5.593696e-04,3.862664e-03
386.440,-8.797077e-05,7.942169e-05,-8.005292e-04,2.859117e-03,-2.077076e-03,2.974074e-02,2.749311e-02,2.739527e-02,2.434645e-01,3.633129e-04,-5.591413e-04,3.860327e-03
386.640,-8.791316e-05,7.937034e-05,-8.000111e-04,2.858066e-03,-2.075377e-03,2.972114e-02,2.747561e-02,2.741119e-02,2.433049e-01,3.630588e-04,-5.589131e-04,3.857991e-03
386.840,-8.785558e-05,7.931902e-05,-7.994932e-04,2.857016e-03,-2.073678e-03,2.970155e-02,2.745812e-02,2.742709e-02,2.431454e-01,3.628048e-04,-5.586850e-04,3.855657e-03
387.040,-8.779804e-05,7.926774e-05,-7.989757e-04,2.855966e-03,-2.071981e-03,2.968197e-02,2.744064e-02,2.744299e-02,2.429861e-01,3.625510e-04,-5.584571e-04,3.853324e-03
387.240,-8.774054e-05,7.921648e-05,-7.984585e-04,2.854917e-03,-2.070284e-03,2.966240e-02,2.742317e-02,2.745887e-02,2.428268e-01,3.622975e-04,-5.582292e-04,3.850993e-03
387.440,-8.768307e-05,7.916526e-05,-7.979417e-04,2.853868e-03,-2.068589e-03,2.964285e-02,2.740571e-02,2.747475e-02,2.426676e-01,3.620440e-04,-5.580015e-04,3.848664e-03
387.640,-8.762564e-05,7.911406e-05,-7.974252e-04,2.852821e-03,-2.066894e-03,2.962330e-02,2.738826e-02,2.749061e-02,2.425086e-01,3.617908e-04,-5.577740e-04,3.846336e-03
387.840,-8.756825e-05,7.906290e-05,-7.969090e-04,2.851774e-03,-2.065201e-03,2.960378e-02,2.737083e-02,2.750647e-02,2.423496e-01,3.615377e-04,-5.575465e-04,3.844009e-03
388.040,-8.751089e-05,7.901178e-05,-7.963932e-04,2.850727e-03,-2.063509e-03,2.958426e-02,2.735340e-02,2.752231e-02,2.421907e-01,3.612848e-04,-5.573192e-04,3.841684e-03
388.240,-8.745357e-05,7.896068e-05,-7.958777e-04,2.849682e-03,-2.061818e-03,2.956476e-02,2.733599e-02,2.753814e-02,2.420320e-01,3.610320e-04,-5.570920e-04,3.839360e-03
388.440,-8.739629e-05,7.890961e-05,-7.953625e-04,2.848637e-03,-2.060128e-03,2.954527e-02,2.731859e-02,2.755397e-02,2.418733e-01,3.607794e-04,-5.568649e-04,3.837038e-03
388.640,-8.733904e-05,7.885858e-05,-7.948477e-04,2.847593e-03,-2.058439e-03,2.952579e-02,2.730120e-02,2.756978e-02,2.417148e-01,3.605270e-04,-5.566380e-04,3.834717e-03
388.840,-8.728183e-05,7.880758e-05,-7.943331e-04,2.846549e-03,-2.056751e-03,2.950633e-02,2.728382e-02,2.758558e-02,2.415563e-01,3.602747e-04,-5.564112e-04,3.832398e-03
389.040,-8.722466e-05,7.875661e-05,-7.938190e-04,2.845506e-03,-2.055064e-03,2.948687e-02,2.726645e-02,2.760137e-02,2.413980e-01,3.600226e-04,-5.561845e-04,3.830080e-03
389.240,-8.716753e-05,7.870568e-05,-7.933051e-04,2.844464e-03,-2.053378e-03,2.946743e-02,2.724910e-02,2.761715e-02,2.412397e-01,3.597707e-04,-5.559579e-04,3.827763e-03
389.440,-8.711043e-05,7.865477e-05,-7.927916e-04,2.843423e-03,-2.051693e-03,2.944801e-02,2.723175e-02,2.763293e-02,2.410816e-01,3.595189e-04,-5.557315e-04,3.825448e-03
389.640,-8.705338e-05,7.860390e-05,-7.922785e-04,2.842382e-03,-2.050009e-03,2.942859e-02,2.721442e-02,2.764869e-02,2.409236e-01,3.592672e-04,-5.555051e-04,3.823135e-03
389.840,-8.699635e-05,7.855306e-05,-7.917656e-04,2.841342e-03,-2.048327e-03,2.940919e-02,2.719710e-02,2.766444e-02,2.407656e-01,3.590157e-04,-5.552790e-04,3.820822e-03
390.040,-8.693937e-05,7.850225e-05,-7.912531e-04,2.840303e-03,-2.046645e-03,2.938980e-02,2.717979e-02,2.768018e-02,2.406078e-01,3.587644e-04,-5.550529e-04,3.818512e-03
390.240,-8.688243e-05,7.845147e-05,-7.907409e-04,2.839264e-03,-2.044964e-03,2.937043e-02,2.716249e-02,2.769591e-02,2.404501e-01,3.585132e-04,-5.548270e-04,3.816202e-03
390.440,-8.682552e-05,7.840073e-05,-7.902291e-04,2.838226e-03,-2.043285e-03,2.935106e-02,2.714520e-02,2.771163e-02,2.402924e-01,3.582622e-04,-5.546012e-04,3.813894e-03
390.640,-8.676865e-05,7.835001e-05,-7.897176e-04,2.837189e-03,-2.041606e-03,2.933171e-02,2.712792e-02,2.772734e-02,2.401349e-01,3.580114e-04,-5.543756e-04,3.811588e-03
390.840,-8.671181e-05,7.829933e-05,-7.892064e-04,2.836152e-03,-2.039929e-03,2.931238e-02,2.711066e-02,2.774304e-02,2.399775e-01,3.577607e-04,-5.541501e-04,3.809283e-03
391.040,-8.665502e-05,7.824868e-05,-7.886956e-04,2.835116e-03,-2.038252e-03,2.929305e-02,2.709340e-02,2.775873e-02,2.398202e-01,3.575102e-04,-5.539248e-04,3.806979e-03
391.240,-8.659826e-05,7.819806e-05,-7.881851e-04,2.834081e-03,-2.036577e-03,2.927374e-02,2.707616e-02,2.777441e-02,2.396629e-01,3.572599e-04,-5.536995e-04,3.804677e-03
391.440,-8.654154e-05,7.814748e-05,-7.876749e-04,2.833046e-03,-2.034903e-03,2.925444e-02,2.705893e-02,2.779008e-02,2.395058e-01,3.570097e-04,-5.534745e-04,3.802376e-03
391.640,-8.648486e-05,7.809692e-05,-7.871650e-04,2.832012e-03,-2.033229e-03,2.923515e-02,2.704171e-02,2.780574e-02,2.393488e-01,3.567596e-04,-5.532496e-04,3.800077e-03
391.840,-8.642822e-05,7.804640e-05,-7.866555e-04,2.830979e-03,-2.031557e-03,2.921587e-02,2.702450e-02,2.782139e-02,2.391919e-01,3.565098e-04,-5.530248e-04,3.797780e-03
392.040,-8.637161e-05,7.799591e-05,-7.861464e-04,2.829946e-03,-2.029886e-03,2.919661e-02,2.700730e-02,2.783703e-02,2.390351e-01,3.562601e-04,-5.528001e-04,3.795484e-03
392.240,-8.631504e-05,7.794545e-05,-7.856375e-04,2.828915e-03,-2.028216e-03,2.917736e-02,2.699012e-02,2.785266e-02,2.388784e-01,3.560106e-04,-5.525757e-04,3.793189e-03
392.440,-8.625851e-05,7.789502e-05,-7.851290e-04,2.827883e-03,-2.026547e-03,2.915812e-02,2.697294e-02,2.786827e-02,2.387218e-01,3.557613e-04,-5.523513e-04,3.790896e-03
392.640,-8.620202e-05,7.784462e-05,-7.846208e-04,2.826853e-03,-2.024879e-03,2.913889e-02,2.695578e-02,2.788388e-02,2.385652e-01,3.555121e-04,-5.521271e-04,3.788605e-03
392.840,-8.614556e-05,7.779426e-05,-7.841130e-04,2.825823e-03,-2.023212e-03,2.911968e-02,2.693862e-02,2.789948e-02,2.384088e-01,3.552631e-04,-5.519031e-04,3.786315e-03
393.040,-8.608914e-05,7.774393e-05,-7.836054e-04,2.824794e-03,-2.021546e-03,2.910048e-02,2.692148e-02,2.791507e-02,2.382525e-01,3.550143e-04,-5.516792e-04,3.784026e-03
393.240,-8.603276e-05,7.769362e-05,-7.830983e-04,2.823765e-03,-2.019881e-03,2.908129e-02,2.690435e-02,2.793065e-02,2.380963e-01,3.547656e-04,-5.514554e-04,3.781739e-03
393.440,-8.597641e-05,7.764335e-05,-7.825914e-04,2.822737e-03,-2.018217e-03,2.906211e-02,2.688723e-02,2.794622e-02,2.379402e-01,3.545171e-04,-5.512318e-04,3.779454e-03
393.640,-8.592010e-05,7.759312e-05,-7.820849e-04,2.821710e-03,-2.016555e-03,2.904295e-02,2.687012e-02,2.796177e-02,2.377842e-01,3.542688e-04,-5.510083e-04,3.777170e-03
393.840,-8.586383e-05,7.754291e-05,-7.815787e-04,2.820683e-03,-2.014893e-03,2.902380e-02,2.685303e-02,2.797732e-02,2.376283e-01,3.540207e-04,-5.507850e-04,3.774888e-03
394.040,-8.580760e-05,7.749273e-05,-7.810728e-04,2.819657e-03,-2.013232e-03,2.900466e-02,2.683594e-02,2.799286e-02,2.374725e-01,3.537728e-04,-5.505618e-04,3.772607e-03
394.240,-8.575140e-05,7.744259e-05,-7.805672e-04,2.818632e-03,-2.011573e-03,2.898553e-02,2.681887e-02,2.800839e-02,2.373168e-01,3.535250e-04,-5.503388e-04,3.770328e-03
394.440,-8.569524e-05,7.739248e-05,-7.800620e-04,2.817608e-03,-2.009914e-03,2.896642e-02,2.680180e-02,2.802390e-02,2.371612e-01,3.532774e-04,-5.501159e-04,3.768050e-03
394.640,-8.563912e-05,7.734240e-05,-7.795571e-04,2.816584e-03,-2.008257e-03,2.894732e-02,2.678475e-02,2.803941e-02,2.370057e-01,3.530299e-04,-5.498931e-04,3.765774e-03
394.840,-8.558303e-05,7.729235e-05,-7.790526e-04,2.815561e-03,-2.006600e-03,2.892823e-02,2.676771e-02,2.805491e-02,2.368503e-01,3.527827e-04,-5.496705e-04,3.763500e-03
395.040,-8.552698e-05,7.724233e-05,-7.785483e-04,2.814538e-03,-2.004945e-03,2.890915e-02,2.675068e-02,2.807040e-02,2.366950e-01,3.525356e-04,-5.494480e-04,3.761226e-03
395.240,-8.547097e-05,7.719235e-05,-7.780444e-04,2.813516e-03,-2.003290e-03,2.889009e-02,2.673366e-02,2.808587e-02,2.365398e-01,3.522887e-04,-5.492257e-04,3.758955e-03
395.440,-8.541499e-05,7.714239e-05,-7.775408e-04,2.812495e-03,-2.001637e-03,2.887104e-02,2.671665e-02,2.810134e-02,2.363847e-01,3.520419e-04,-5.490035e-04,3.756685e-03
395.640,-8.535905e-05,7.709247e-05,-7.770376e-04,2.811475e-03,-1.999985e-03,2.885200e-02,2.669965e-02,2.811680e-02,2.362297e-01,3.517953e-04,-5.487814e-04,3.754416e-03
395.840,-8.530314e-05,7.704258e-05,-7.765347e-04,2.810455e-03,-1.998333e-03,2.883297e-02,2.668267e-02,2.813224e-02,2.360748e-01,3.515489e-04,-5.485595e-04,3.752149e-03
396.040,-8.524728e-05,7.699272e-05,-7.760321e-04,2.809435e-03,-1.996683e-03,2.881396e-02,2.666569e-02,2.814768e-02,2.359200e-01,3.513027e-04,-5.483377e-04,3.749883e-03
396.240,-8.519144e-05,7.694289e-05,-7.755298e-04,2.808417e-03,-1.995034e-03,2.879495e-02,2.664873e-02,2.816311e-02,2.357653e-01,3.510566e-04,-5.481160e-04,3.747619e-03
396.440,-8.513565e-05,7.689309e-05,-7.750278e-04,2.807399e-03,-1.993386e-03,2.877596e-02,2.663178e-02,2.817852e-02,2.356107e-01,3.508107e-04,-5.478945e-04,3.745357e-03
396.640,-8.507989e-05,7.684333e-05,-7.745262e-04,2.806382e-03,-1.991739e-03,2.875699e-02,2.661483e-02,2.819393e-02,2.354562e-01,3.505650e-04,-5.476731e-04,3.743095e-03
396.840,-8.502417e-05,7.679360e-05,-7.740249e-04,2.805365e-03,-1.990093e-03,2.873802e-02,2.659790e-02,2.820933e-02,2.353018e-01,3.503194e-04,-5.474518e-04,3.740836e-03
397.040,-8.496848e-05,7.674389e-05,-7.735239e-04,2.804350e-03,-1.988448e-03,2.871907e-02,2.658098e-02,2.822472e-02,2.351475e-01,3.500740e-04,-5.472307e-04,3.738578e-03
397.240,-8.491283e-05,7.669422e-05,-7.730233e-04,2.803334e-03,-1.986804e-03,2.870013e-02,2.656408e-02,2.824009e-02,2.349933e-01,3.498287e-04,-5.470097e-04,3.736321e-03
397.440,-8.485722e-05,7.664458e-05,-7.725230e-04,2.802320e-03,-1.985161e-03,2.868120e-02,2.654718e-02,2.825546e-02,2.348392e-01,3.495837e-04,-5.467889e-04,3.734065e-03
397.640,-8.480164e-05,7.659498e-05,-7.720230e-04,2.801306e-03,-1.983519e-03,2.866228e-02,2.653029e-02,2.827082e-02,2.346852e-01,3.493387e-04,-5.465681e-04,3.731812e-03
397.840,-8.474610e-05,7.654540e-05,-7.715233e-04,2.800293e-03,-1.981878e-03,2.864338e-02,2.651342e-02,2.828616e-02,2.345313e-01,3.490940e-04,-5.463475e-04,3.729559e-03
398.040,-8.469060e-05,7.649586e-05,-7.710239e-04,2.799280e-03,-1.980238e-03,2.862449e-02,2.649655e-02,2.830150e-02,2.343775e-01,3.488494e-04,-5.461271e-04,3.727308e-03
398.240,-8.463513e-05,7.644634e-05,-7.705249e-04,2.798268e-03,-1.978600e-03,2.860561e-02,2.647970e-02,2.831683e-02,2.342238e-01,3.486050e-04,-5.459068e-04,3.725059e-03
398.440,-8.457970e-05,7.639686e-05,-7.700262e-04,2.797257e-03,-1.976962e-03,2.858674e-02,2.646286e-02,2.833214e-02,2.340702e-01,3.483607e-04,-5.456866e-04,3.722811e-03
398.640,-8.452431e-05,7.634741e-05,-7.695278e-04,2.796247e-03,-1.975325e-03,2.856788e-02,2.644603e-02,2.834745e-02,2.339167e-01,3.481166e-04,-5.454665e-04,3.720564e-03
398.840,-8.446895e-05,7.629799e-05,-7.690297e-04,2.795237e-03,-1.973690e-03,2.854904e-02,2.642921e-02,2.836275e-02,2.337633e-01,3.478727e-04,-5.452466e-04,3.718319e-03
399.040,-8.441363e-05,7.624861e-05,-7.685320e-04,2.794228e-03,-1.972055e-03,2.853021e-02,2.641240e-02,2.837804e-02,2.336100e-01,3.476289e-04,-5.450268e-04,3.716075e-03
399.240,-8.435834e-05,7.619925e-05,-7.680346e-04,2.793219e-03,-1.970422e-03,2.851139e-02,2.639560e-02,2.839331e-02,2.334568e-01,3.473853e-04,-5.448072e-04,3.713833e-03
399.440,-8.430309e-05,7.614992e-05,-7.675375e-04,2.792211e-03,-1.968789e-03,2.849259e-02,2.637881e-02,2.840858e-02,2.333037e-01,3.471419e-04,-5.445876e-04,3.711592e-03
399.640,-8.424788e-05,7.610063e-05,-7.670407e-04,2.791204e-03,-1.967158e-03,2.847379e-02,2.636203e-02,2.842384e-02,2.331507e-01,3.468986e-04,-5.443683e-04,3.709353e-03
399.840,-8.419270e-05,7.605137e-05,-7.665443e-04,2.790197e-03,-1.965527e-03,2.845501e-02,2.634527e-02,2.843909e-02,2.329978e-01,3.466555e-04,-5.441490e-04,3.707115e-03
400.040,-8.413756e-05,7.600214e-05,-7.660482e-04,2.789192e-03,-1.963898e-03,2.843624e-02,2.632851e-02,2.845432e-02,2.328450e-01,3.464125e-04,-5.439299e-04,3.704879e-03
400.240,-8.408246e-05,7.595294e-05,-7.655524e-04,2.788186e-03,-1.962269e-03,2.841748e-02,2.631177e-02,2.846955e-02,2.326923e-01,3.461697e-04,-5.437109e-04,3.702644e-03
400.440,-8.402739e-05,7.590377e-05,-7.650569e-04,2.787182e-03,-1.960642e-03,2.839874e-02,2.629504e-02,2.848477e-02,2.325397e-01,3.459271e-04,-5.434921e-04,3.700411e-03
400.640,-8.397235e-05,7.585463e-05,-7.645617e-04,2.786178e-03,-1.959016e-03,2.838001e-02,2.627832e-02,2.849998e-02,2.323872e-01,3.456847e-04,-5.432734e-04,3.698179e-03
400.840,-8.391736e-05,7.580553e-05,-7.640669e-04,2.785174e-03,-1.957391e-03,2.836129e-02,2.626160e-02,2.851517e-02,2.322348e-01,3.454424e-04,-5.430548e-04,3.695948e-03
401.040,-8.386240e-05,7.575645e-05,-7.635724e-04,2.784172e-03,-1.955766e-03,2.834258e-02,2.624490e-02,2.853036e-02,2.320825e-01,3.452002e-04,-5.428364e-04,3.693719e-03
401.240,-8.380747e-05,7.570741e-05,-7.630782e-04,2.783170e-03,-1.954143e-03,2.832388e-02,2.622822e-02,2.854554e-02,2.319302e-01,3.449582e-04,-5.426181e-04,3.691491e-03
401.440,-8.375259e-05,7.565840e-05,-7.625843e-04,2.782169e-03,-1.952521e-03,2.830520e-02,2.621154e-02,2.856071e-02,2.317781e-01,3.447164e-04,-5.424000e-04,3.689265e-03
401.640,-8.369774e-05,7.560942e-05,-7.620907e-04,2.781168e-03,-1.950900e-03,2.828652e-02,2.619487e-02,2.857587e-02,2.316261e-01,3.444748e-04,-5.421820e-04,3.687040e-03
401.840,-8.364292e-05,7.556047e-05,-7.615975e-04,2.780168e-03,-1.949280e-03,2.826786e-02,2.617821e-02,2.859102e-02,2.314742e-01,3.442333e-04,-5.419641e-04,3.684817e-03
402.040,-8.358814e-05,7.551155e-05,-7.611046e-04,2.779168e-03,-1.947661e-03,2.824921e-02,2.616157e-02,2.860616e-02,2.313224e-01,3.439920e-04,-5.417463e-04,3.682595e-03
402.240,-8.351074e-05,7.549699e-05,-7.606132e-04,2.778490e-03,-1.945308e-03,2.823081e-02,2.614493e-02,2.862129e-02,2.311707e-01,3.429047e-04,-5.452567e-04,3.677479e-03
402.440,-8.342636e-05,7.547615e-05,-7.600992e-04,2.777825e-03,-1.943062e-03,2.821264e-02,2.612832e-02,2.863641e-02,2.310190e-01,3.417701e-04,-5.464371e-04,3.673769e-03
402.640,-8.335576e-05,7.544476e-05,-7.595978e-04,2.777050e-03,-1.941039e-03,2.819431e-02,2.611172e-02,2.865154e-02,2.308675e-01,3.407719e-04,-5.477831e-04,3.670406e-03
402.840,-8.329444e-05,7.540596e-05,-7.591047e-04,2.776194e-03,-1.939161e-03,2.817582e-02,2.609513e-02,2.866665e-02,2.307161e-01,3.399416e-04,-5.488063e-04,3.667396e-03
403.040,-8.323913e-05,7.536167e-05,-7.586161e-04,2.775279e-03,-1.937394e-03,2.815726e-02,2.607855e-02,2.868176e-02,2.305648e-01,3.392298e-04,-5.495752e-04,3.664641e-03
403.240,-8.318780e-05,7.531330e-05,-7.581299e-04,2.774323e-03,-1.935715e-03,2.813867e-02,2.606199e-02,2.869686e-02,2.304136e-01,3.386150e-04,-5.501363e-04,3.662058e-03
403.440,-8.313894e-05,7.526204e-05,-7.576446e-04,2.773338e-03,-1.934103e-03,2.812008e-02,2.604543e-02,2.871195e-02,2.302624e-01,3.380796e-04,-5.505231e-04,3.659589e-03
403.640,-8.309150e-05,7.520880e-05,-7.571594e-04,2.772333e-03,-1.932540e-03,2.810150e-02,2.602889e-02,2.872702e-02,2.301114e-01,3.376082e-04,-5.507665e-04,3.657193e-03
403.840,-8.304474e-05,7.515428e-05,-7.566741e-04,2.771315e-03,-1.931013e-03,2.808295e-02,2.601235e-02,2.874209e-02,2.299605e-01,3.371882e-04,-5.508934e-04,3.654839e-03
404.040,-8.299816e-05,7.509903e-05,-7.561883e-04,2.770287e-03,-1.929511e-03,2.806442e-02,2.599582e-02,2.875714e-02,2.298096e-01,3.368089e-04,-5.509268e-04,3.652510e-03
404.240,-8.295143e-05,7.504346e-05,-7.557021e-04,2.769254e-03,-1.928025e-03,2.804591e-02,2.597930e-02,2.877219e-02,2.296589e-01,3.364620e-04,-5.508860e-04,3.650191e-03
404.440,-8.290436e-05,7.498788e-05,-7.552157e-04,2.768218e-03,-1.926548e-03,2.802742e-02,2.596279e-02,2.878722e-02,2.295082e-01,3.361405e-04,-5.507870e-04,3.647876e-03
404.640,-8.285682e-05,7.493251e-05,-7.547291e-04,2.767180e-03,-1.925075e-03,2.800895e-02,2.594629e-02,2.880224e-02,2.293577e-01,3.358388e-04,-5.506432e-04,3.645562e-03
404.840,-8.280875e-05,7.487750e-05,-7.542425e-04,2.766142e-03,-1.923602e-03,2.799050e-02,2.592980e-02,2.881725e-02,2.292072e-01,3.355526e-04,-5.504654e-04,3.643248e-03
405.040,-8.276013e-05,7.482297e-05,-7.537561e-04,2.765105e-03,-1.922127e-03,2.797206e-02,2.591332e-02,2.883225e-02,2.290569e-01,3.352785e-04,-5.502625e-04,3.640934e-03
405.240,-8.271096e-05,7.476897e-05,-7.532699e-04,2.764068e-03,-1.920646e-03,2.795362e-02,2.589685e-02,2.884724e-02,2.289066e-01,3.350137e-04,-5.500416e-04,3.638622e-03
405.440,-8.266125e-05,7.471553e-05,-7.527840e-04,2.763034e-03,-1.919160e-03,2.793520e-02,2.588039e-02,2.886222e-02,2.287565e-01,3.347561e-04,-5.498085e-04,3.636315e-03
405.640,-8.261104e-05,7.466268e-05,-7.522985e-04,2.762001e-03,-1.917666e-03,2.791678e-02,2.586394e-02,2.887719e-02,2.286064e-01,3.345042e-04,-5.495676e-04,3.634015e-03
405.840,-8.256035e-05,7.461040e-05,-7.518134e-04,2.760971e-03,-1.916165e-03,2.789837e-02,2.584750e-02,2.889214e-02,2.284564e-01,3.342567e-04,-5.493223e-04,3.631725e-03
406.040,-8.250922e-05,7.455867e-05,-7.513288e-04,2.759943e-03,-1.914656e-03,2.787996e-02,2.583107e-02,2.890709e-02,2.283066e-01,3.340127e-04,-5.490752e-04,3.629445e-03
406.240,-8.245769e-05,7.450746e-05,-7.508446e-04,2.758917e-03,-1.913141e-03,2.786156e-02,2.581465e-02,2.892202e-02,2.281568e-01,3.337715e-04,-5.488282e-04,3.627177e-03
406.440,-8.240579e-05,7.445674e-05,-7.503608e-04,2.757893e-03,-1.911618e-03,2.784316e-02,2.579824e-02,2.893695e-02,2.280071e-01,3.335327e-04,-5.485825e-04,3.624923e-03
406.640,-8.235355e-05,7.440647e-05,-7.498774e-04,2.756873e-03,-1.910089e-03,2.782478e-02,2.578184e-02,2.895187e-02,2.278575e-01,3.332958e-04,-5.483391e-04,3.622683e-03
406.840,-8.230101e-05,7.435661e-05,-7.493943e-04,2.755855e-03,-1.908554e-03,2.780640e-02,2.576545e-02,2.896677e-02,2.277081e-01,3.330605e-04,-5.480984e-04,3.620457e-03
407.040,-8.224820e-05,7.430713e-05,-7.489116e-04,2.754839e-03,-1.907014e-03,2.778803e-02,2.574907e-02,2.898167e-02,2.275587e-01,3.328267e-04,-5.478606e-04,3.618244e-03
407.240,-8.219515e-05,7.425797e-05,-7.484291e-04,2.753826e-03,-1.905469e-03,2.776967e-02,2.573270e-02,2.899655e-02,2.274094e-01,3.325940e-04,-5.476259e-04,3.616045e-03
407.440,-8.214188e-05,7.420911e-05,-7.479469e-04,2.752816e-03,-1.903920e-03,2.775133e-02,2.571634e-02,2.901143e-02,2.272602e-01,3.323625e-04,-5.473940e-04,3.613858e-03
407.640,-8.208843e-05,7.416050e-05,-7.474649e-04,2.751808e-03,-1.902368e-03,2.773299e-02,2.569999e-02,2.902629e-02,2.271111e-01,3.321319e-04,-5.471646e-04,3.611682e-03
407.840,-8.203481e-05,7.411213e-05,-7.469831e-04,2.750802e-03,-1.900814e-03,2.771467e-02,2.568366e-02,2.904115e-02,2.269621e-01,3.319022e-04,-5.469376e-04,3.609516e-03
408.040,-8.198105e-05,7.406395e-05,-7.465015e-04,2.749799e-03,-1.899256e-03,2.769636e-02,2.566733e-02,2.905599e-02,2.268132e-01,3.316731e-04,-5.467126e-04,3.607358e-03
408.240,-8.192718e-05,7.401594e-05,-7.460200e-04,2.748799e-03,-1.897698e-03,2.767807e-02,2.565101e-02,2.907083e-02,2.266644e-01,3.314448e-04,-5.464892e-04,3.605208e-03
408.440,-8.187321e-05,7.396808e-05,-7.455387e-04,2.747801e-03,-1.896137e-03,2.765979e-02,2.563471e-02,2.908566e-02,2.265157e-01,3.312169e-04,-5.462672e-04,3.603064e-03
408.640,-8.181917e-05,7.392034e-05,-7.450576e-04,2.746805e-03,-1.894576e-03,2.764153e-02,2.561842e-02,2.910047e-02,2.263671e-01,3.309895e-04,-5.460460e-04,3.600925e-03
408.840,-8.176507e-05,7.387272e-05,-7.445765e-04,2.745811e-03,-1.893014e-03,2.762328e-02,2.560213e-02,2.911528e-02,2.262185e-01,3.307624e-04,-5.458256e-04,3.598789e-03
409.040,-8.171092e-05,7.382518e-05,-7.440957e-04,2.744819e-03,-1.891452e-03,2.760505e-02,2.558586e-02,2.913008e-02,2.260701e-01,3.305356e-04,-5.456056e-04,3.596656e-03
409.240,-8.165676e-05,7.377772e-05,-7.436149e-04,2.743829e-03,-1.889890e-03,2.758683e-02,2.556960e-02,2.914487e-02,2.259218e-01,3.303090e-04,-5.453858e-04,3.594524e-03
409.440,-8.160258e-05,7.373033e-05,-7.431344e-04,2.742841e-03,-1.888328e-03,2.756863e-02,2.555335e-02,2.915965e-02,2.257735e-01,3.300826e-04,-5.451661e-04,3.592393e-03
409.640,-8.154840e-05,7.368300e-05,-7.426540e-04,2.741855e-03,-1.886766e-03,2.755044e-02,2.553710e-02,2.917442e-02,2.256254e-01,3.298561e-04,-5.449463e-04,3.590263e-03
409.840,-8.149423e-05,7.363571e-05,-7.421738e-04,2.740871e-03,-1.885204e-03,2.753227e-02,2.552087e-02,2.918917e-02,2.254774e-01,3.296297e-04,-5.447263e-04,3.588132e-03
410.040,-8.144009e-05,7.358847e-05,-7.416938e-04,2.739888e-03,-1.883643e-03,2.751411e-02,2.550466e-02,2.920393e-02,2.253294e-01,3.294032e-04,-5.445060e-04,3.586000e-03
410.240,-8.138598e-05,7.354126e-05,-7.412140e-04,2.738906e-03,-1.882082e-03,2.749596e-02,2.548845e-02,2.921867e-02,2.251816e-01,3.291767e-04,-5.442855e-04,3.583867e-03
410.440,-8.133191e-05,7.349409e-05,-7.407345e-04,2.737926e-03,-1.880522e-03,2.747783e-02,2.547225e-02,2.923340e-02,2.250338e-01,3.289500e-04,-5.440647e-04,3.581732e-03
410.640,-8.127789e-05,7.344695e-05,-7.402552e-04,2.736947e-03,-1.878963e-03,2.745971e-02,2.545606e-02,2.924812e-02,2.248861e-01,3.287231e-04,-5.438436e-04,3.579597e-03
410.840,-8.122392e-05,7.339984e-05,-7.397762e-04,2.735970e-03,-1.877404e-03,2.744161e-02,2.543989e-02,2.926283e-02,2.247386e-01,3.284961e-04,-5.436224e-04,3.577460e-03
411.040,-8.117001e-05,7.335276e-05,-7.392975e-04,2.734994e-03,-1.875846e-03,2.742351e-02,2.542372e-02,2.927753e-02,2.245911e-01,3.282689e-04,-5.434010e-04,3.575321e-03
411.240,-8.111616e-05,7.330569e-05,-7.388190e-04,2.734019e-03,-1.874288e-03,2.740543e-02,2.540757e-02,2.929223e-02,2.244437e-01,3.280415e-04,-5.431795e-04,3.573182e-03
411.440,-8.106237e-05,7.325866e-05,-7.383409e-04,2.733044e-03,-1.872731e-03,2.738736e-02,2.539142e-02,2.930691e-02,2.242965e-01,3.278139e-04,-5.429580e-04,3.571042e-03
411.640,-8.100865e-05,7.321164e-05,-7.378630e-04,2.732071e-03,-1.871175e-03,2.736931e-02,2.537529e-02,2.932159e-02,2.241493e-01,3.275861e-04,-5.427366e-04,3.568901e-03
411.840,-8.095499e-05,7.316465e-05,-7.373855e-04,2.731099e-03,-1.869619e-03,2.735126e-02,2.535917e-02,2.933625e-02,2.240022e-01,3.273582e-04,-5.425153e-04,3.566759e-03
412.040,-8.090140e-05,7.311768e-05,-7.369083e-04,2.730128e-03,-1.868065e-03,2.733322e-02,2.534305e-02,2.935091e-02,2.238552e-01,3.271301e-04,-5.422943e-04,3.564617e-03
412.240,-8.084789e-05,7.307074e-05,-7.364314e-04,2.729157e-03,-1.866510e-03,2.731520e-02,2.532695e-02,2.936555e-02,2.237083e-01,3.269018e-04,-5.420735e-04,3.562476e-03
412.440,-8.079444e-05,7.302381e-05,-7.359549e-04,2.728188e-03,-1.864957e-03,2.729719e-02,2.531086e-02,2.938019e-02,2.235615e-01,3.266735e-04,-5.418530e-04,3.560334e-03
412.640,-8.074105e-05,7.297691e-05,-7.354787e-04,2.727219e-03,-1.863404e-03,2.727918e-02,2.529478e-02,2.939482e-02,2.234148e-01,3.264451e-04,-5.416330e-04,3.558194e-03
412.840,-8.068774e-05,7.293003e-05,-7.350028e-04,2.726251e-03,-1.861851e-03,2.726119e-02,2.527871e-02,2.940943e-02,2.232682e-01,3.262166e-04,-5.414134e-04,3.556054e-03
413.040,-8.063449e-05,7.288317e-05,-7.345273e-04,2.725284e-03,-1.860300e-03,2.724321e-02,2.526265e-02,2.942404e-02,2.231217e-01,3.259880e-04,-5.411943e-04,3.553915e-03
413.240,-8.058130e-05,7.283634e-05,-7.340521e-04,2.724317e-03,-1.858749e-03,2.722524e-02,2.524660e-02,2.943864e-02,2.229752e-01,3.257595e-04,-5.409757e-04,3.551778e-03
413.440,-8.052818e-05,7.278953e-05,-7.335772e-04,2.723351e-03,-1.857198e-03,2.720728e-02,2.523057e-02,2.945323e-02,2.228289e-01,3.255309e-04,-5.407577e-04,3.549642e-03
413.640,-8.047512e-05,7.274274e-05,-7.331027e-04,2.722386e-03,-1.855649e-03,2.718933e-02,2.521454e-02,2.946781e-02,2.226827e-01,3.253025e-04,-5.405402e-04,3.547508e-03
413.840,-8.042211e-05,7.269597e-05,-7.326285e-04,2.721422e-03,-1.854100e-03,2.717140e-02,2.519852e-02,2.948238e-02,2.225365e-01,3.250740e-04,-5.403232e-04,3.545376e-03
414.040,-8.036917e-05,7.264922e-05,-7.321546e-04,2.720458e-03,-1.852551e-03,2.715347e-02,2.518251e-02,2.949694e-02,2.223905e-01,3.248457e-04,-5.401068e-04,3.543246e-03
414.240,-8.031628e-05,7.260250e-05,-7.316811e-04,2.719495e-03,-1.851004e-03,2.713555e-02,2.516652e-02,2.951150e-02,2.222445e-01,3.246174e-04,-5.398909e-04,3.541118e-03
414.440,-8.026344e-05,7.255579e-05,-7.312079e-04,2.718532e-03,-1.849457e-03,2.711765e-02,2.515053e-02,2.952604e-02,2.220987e-01,3.243893e-04,-5.396756e-04,3.538992e-03
414.640,-8.021065e-05,7.250911e-05,-7.307350e-04,2.717571e-03,-1.847911e-03,2.709976e-02,2.513456e-02,2.954057e-02,2.219529e-01,3.241613e-04,-5.394607e-04,3.536868e-03
414.840,-8.015792e-05,7.246245e-05,-7.302624e-04,2.716610e-03,-1.846365e-03,2.708187e-02,2.511859e-02,2.955509e-02,2.218073e-01,3.239335e-04,-5.392463e-04,3.534746e-03
415.040,-8.010523e-05,7.241582e-05,-7.297901e-04,2.715650e-03,-1.844820e-03,2.706400e-02,2.510264e-02,2.956961e-02,2.216617e-01,3.237058e-04,-5.390324e-04,3.532627e-03
415.240,-8.005259e-05,7.236920e-05,-7.293181e-04,2.714690e-03,-1.843277e-03,2.704614e-02,2.508670e-02,2.958411e-02,2.215162e-01,3.234783e-04,-5.388188e-04,3.530509e-03
415.440,-7.999999e-05,7.232261e-05,-7.288465e-04,2.713731e-03,-1.841733e-03,2.702829e-02,2.507076e-02,2.959861e-02,2.213708e-01,3.232509e-04,-5.386056e-04,3.528394e-03
415.640,-7.994744e-05,7.227604e-05,-7.283751e-04,2.712773e-03,-1.840191e-03,2.701045e-02,2.505484e-02,2.961310e-02,2.212255e-01,3.230238e-04,-5.383928e-04,3.526281e-03
415.840,-7.989494e-05,7.222949e-05,-7.279041e-04,2.711815e-03,-1.838650e-03,2.699263e-02,2.503893e-02,2.962757e-02,2.210803e-01,3.227968e-04,-5.381803e-04,3.524169e-03
416.040,-7.984247e-05,7.218296e-05,-7.274333e-04,2.710859e-03,-1.837109e-03,2.697481e-02,2.502302e-02,2.964204e-02,2.209352e-01,3.225701e-04,-5.379680e-04,3.522060e-03
416.240,-7.979005e-05,7.213646e-05,-7.269629e-04,2.709902e-03,-1.835569e-03,2.695701e-02,2.500713e-02,2.965650e-02,2.207902e-01,3.223435e-04,-5.377559e-04,3.519953e-03
416.440,-7.973766e-05,7.208997e-05,-7.264927e-04,2.708947e-03,-1.834030e-03,2.693921e-02,2.499125e-02,2.967095e-02,2.206453e-01,3.221171e-04,-5.375441e-04,3.517847e-03
416.640,-7.968532e-05,7.204351e-05,-7.260228e-04,2.707992e-03,-1.832492e-03,2.692143e-02,2.497538e-02,2.968539e-02,2.205005e-01,3.218909e-04,-5.373325e-04,3.515743e-03
416.840,-7.963302e-05,7.199708e-05,-7.255533e-04,2.707038e-03,-1.830955e-03,2.690366e-02,2.495952e-02,2.969982e-02,2.203558e-01,3.216649e-04,-5.371210e-04,3.513641e-03
417.040,-7.958075e-05,7.195066e-05,-7.250840e-04,2.706085e-03,-1.829418e-03,2.688591e-02,2.494367e-02,2.971424e-02,2.202111e-01,3.214391e-04,-5.369096e-04,3.511540e-03
417.240,-7.952852e-05,7.190427e-05,-7.246150e-04,2.705133e-03,-1.827883e-03,2.686816e-02,2.492783e-02,2.972865e-02,2.200666e-01,3.212135e-04,-5.366984e-04,3.509441e-03
417.440,-7.947633e-05,7.185790e-05,-7.241463e-04,2.704181e-03,-1.826348e-03,2.685043e-02,2.491200e-02,2.974305e-02,2.199221e-01,3.209881e-04,-5.364872e-04,3.507343e-03
417.640,-7.942418e-05,7.181155e-05,-7.236779e-04,2.703230e-03,-1.824814e-03,2.683270e-02,2.489618e-02,2.975744e-02,2.197778e-01,3.207628e-04,-5.362762e-04,3.505247e-03
417.840,-7.937207e-05,7.176523e-05,-7.232098e-04,2.702279e-03,-1.823281e-03,2.681499e-02,2.488037e-02,2.977183e-02,2.196335e-01,3.205377e-04,-5.360652e-04,3.503152e-03
418.040,-7.931999e-05,7.171893e-05,-7.227420e-04,2.701329e-03,-1.821749e-03,2.679729e-02,2.486458e-02,2.978620e-02,2.194894e-01,3.203128e-04,-5.358542e-04,3.501058e-03
418.240,-7.926795e-05,7.167266e-05,-7.222744e-04,2.700380e-03,-1.820218e-03,2.677960e-02,2.484879e-02,2.980057e-02,2.193453e-01,3.200880e-04,-5.356433e-04,3.498965e-03
418.440,-7.921595e-05,7.162641e-05,-7.218072e-04,2.699432e-03,-1.818687e-03,2.676193e-02,2.483301e-02,2.981492e-02,2.192013e-01,3.198634e-04,-5.354325e-04,3.496874e-03
418.640,-7.916398e-05,7.158018e-05,-7.213403e-04,2.698484e-03,-1.817158e-03,2.674426e-02,2.481724e-02,2.982927e-02,2.190574e-01,3.196390e-04,-5.352217e-04,3.494784e-03
418.840,-7.911206e-05,7.153398e-05,-7.208736e-04,2.697537e-03,-1.815629e-03,2.672661e-02,2.480149e-02,2.984361e-02,2.189136e-01,3.194147e-04,-5.350110e-04,3.492696e-03
419.040,-7.906016e-05,7.148781e-05,-7.204073e-04,2.696591e-03,-1.814101e-03,2.670897e-02,2.478574e-02,2.985793e-02,2.187699e-01,3.191905e-04,-5.348003e-04,3.490608e-03
419.240,-7.900831e-05,7.144166e-05,-7.199412e-04,2.695645e-03,-1.812574e-03,2.669134e-02,2.477000e-02,2.987225e-02,2.186263e-01,3.189665e-04,-5.345897e-04,3.488522e-03
419.440,-7.895649e-05,7.139553e-05,-7.194755e-04,2.694700e-03,-1.811048e-03,2.667372e-02,2.475428e-02,2.988656e-02,2.184828e-01,3.187426e-04,-5.343791e-04,3.486436e-03
419.640,-7.890471e-05,7.134943e-05,-7.190100e-04,2.693756e-03,-1.809523e-03,2.665611e-02,2.473856e-02,2.990086e-02,2.183394e-01,3.185189e-04,-5.341686e-04,3.484352e-03
419.840,-7.885296e-05,7.130336e-05,-7.185449e-04,2.692812e-03,-1.807998e-03,2.663851e-02,2.472286e-02,2.991515e-02,2.181960e-01,3.182953e-04,-5.339582e-04,3.482269e-03
420.040,-7.880126e-05,7.125731e-05,-7.180800e-04,2.691869e-03,-1.806475e-03,2.662093e-02,2.470716e-02,2.992943e-02,2.180528e-01,3.180719e-04,-5.337478e-04,3.480188e-03
420.240,-7.874959e-05,7.121128e-05,-7.176154e-04,2.690927e-03,-1.804952e-03,2.660335e-02,2.469148e-02,2.994371e-02,2.179097e-01,3.178486e-04,-5.335376e-04,3.478107e-03
420.440,-7.869795e-05,7.116529e-05,-7.171512e-04,2.689985e-03,-1.803430e-03,2.658579e-02,2.467580e-02,2.995797e-02,2.177666e-01,3.176254e-04,-5.333274e-04,3.476028e-03
420.640,-7.864635e-05,7.111932e-05,-7.166872e-04,2.689044e-03,-1.801909e-03,2.656824e-02,2.466014e-02,2.997222e-02,2.176236e-01,3.174024e-04,-5.331174e-04,3.473950e-03
420.840,-7.859479e-05,7.107337e-05,-7.162235e-04,2.688103e-03,-1.800389e-03,2.655070e-02,2.464448e-02,2.998647e-02,2.174808e-01,3.171795e-04,-5.329075e-04,3.471873e-03
421.040,-7.854327e-05,7.102745e-05,-7.157602e-04,2.687164e-03,-1.798870e-03,2.653317e-02,2.462884e-02,3.000070e-02,2.173380e-01,3.169567e-04,-5.326976e-04,3.469797e-03
421.240,-7.849178e-05,7.098156e-05,-7.152971e-04,2.686224e-03,-1.797351e-03,2.651565e-02,2.461320e-02,3.001493e-02,2.171953e-01,3.167340e-04,-5.324880e-04,3.467723e-03
421.440,-7.844033e-05,7.093570e-05,-7.148343e-04,2.685286e-03,-1.795834e-03,2.649815e-02,2.459758e-02,3.002914e-02,2.170527e-01,3.165115e-04,-5.322784e-04,3.465650e-03
421.640,-7.838891e-05,7.088986e-05,-7.143719e-04,2.684348e-03,-1.794317e-03,2.648065e-02,2.458197e-02,3.004335e-02,2.169102e-01,3.162892e-04,-5.320690e-04,3.463578e-03
421.840,-7.833753e-05,7.084404e-05,-7.139097e-04,2.683411e-03,-1.792801e-03,2.646317e-02,2.456636e-02,3.005755e-02,2.167678e-01,3.160669e-04,-5.318597e-04,3.461508e-03
422.040,-7.828619e-05,7.079826e-05,-7.134478e-04,2.682474e-03,-1.791286e-03,2.644569e-02,2.455077e-02,3.007174e-02,2.166255e-01,3.158448e-04,-5.316506e-04,3.459438e-03
422.240,-7.823488e-05,7.075250e-05,-7.129863e-04,2.681538e-03,-1.789772e-03,2.642823e-02,2.453519e-02,3.008592e-02,2.164833e-01,3.156229e-04,-5.314416e-04,3.457370e-03
422.440,-7.818361e-05,7.070677e-05,-7.125250e-04,2.680603e-03,-1.788258e-03,2.641078e-02,2.451962e-02,3.010009e-02,2.163412e-01,3.154010e-04,-5.312327e-04,3.455304e-03
422.640,-7.813237e-05,7.066106e-05,-7.120640e-04,2.679668e-03,-1.786746e-03,2.639334e-02,2.450405e-02,3.011425e-02,2.161991e-01,3.151794e-04,-5.310241e-04,3.453239e-03
422.840,-7.808117e-05,7.061538e-05,-7.116033e-04,2.678734e-03,-1.785234e-03,2.637592e-02,2.448850e-02,3.012840e-02,2.160572e-01,3.149578e-04,-5.308155e-04,3.451175e-03
423.040,-7.803000e-05,7.056972e-05,-7.111430e-04,2.677801e-03,-1.783724e-03,2.635850e-02,2.447296e-02,3.014255e-02,2.159153e-01,3.147364e-04,-5.306072e-04,3.449112e-03
423.240,-7.797887e-05,7.052410e-05,-7.106829e-04,2.676868e-03,-1.782214e-03,2.634109e-02,2.445743e-02,3.015668e-02,2.157736e-01,3.145151e-04,-5.303989e-04,3.447051e-03
423.440,-7.792778e-05,7.047850e-05,-7.102231e-04,2.675936e-03,-1.780705e-03,2.632370e-02,2.444190e-02,3.017080e-02,2.156319e-01,3.142940e-04,-5.301909e-04,3.444992e-03
423.640,-7.787672e-05,7.043292e-05,-7.097636e-04,2.675004e-03,-1.779196e-03,2.630632e-02,2.442639e-02,3.018492e-02,2.154903e-01,3.140730e-04,-5.299830e-04,3.442933e-03
423.840,-7.782569e-05,7.038738e-05,-7.093044e-04,2.674074e-03,-1.777689e-03,2.628894e-02,2.441089e-02,3.019903e-02,2.153488e-01,3.138522e-04,-5.297752e-04,3.440876e-03
424.040,-7.777470e-05,7.034185e-05,-7.088455e-04,2.673143e-03,-1.776183e-03,2.627158e-02,2.439540e-02,3.021312e-02,2.152074e-01,3.136315e-04,-5.295676e-04,3.438821e-03
424.240,-7.772375e-05,7.029636e-05,-7.083869e-04,2.672214e-03,-1.774677e-03,2.625423e-02,2.437992e-02,3.022721e-02,2.150661e-01,3.134110e-04,-5.293602e-04,3.436766e-03
424.440,-7.767282e-05,7.025089e-05,-7.079286e-04,2.671284e-03,-1.773172e-03,2.623690e-02,2.436445e-02,3.024129e-02,2.149249e-01,3.131906e-04,-5.291529e-04,3.434713e-03
424.640,-7.762194e-05,7.020545e-05,-7.074706e-04,2.670356e-03,-1.771669e-03,2.621957e-02,2.434899e-02,3.025536e-02,2.147838e-01,3.129703e-04,-5.289458e-04,3.432662e-03
424.840,-7.757108e-05,7.016004e-05,-7.070129e-04,2.669428e-03,-1.770166e-03,2.620225e-02,2.433353e-02,3.026942e-02,2.146428e-01,3.127502e-04,-5.287388e-04,3.430612e-03
425.040,-7.752027e-05,7.011465e-05,-7.065555e-04,2.668501e-03,-1.768664e-03,2.618495e-02,2.431809e-02,3.028347e-02,2.145018e-01,3.125302e-04,-5.285319e-04,3.428563e-03
425.240,-7.746948e-05,7.006929e-05,-7.060984e-04,2.667574e-03,-1.767162e-03,2.616765e-02,2.430266e-02,3.029752e-02,2.143610e-01,3.123104e-04,-5.283252e-04,3.426515e-03
425.440,-7.741873e-05,7.002395e-05,-7.056416e-04,2.666648e-03,-1.765662e-03,2.615037e-02,2.428724e-02,3.031155e-02,2.142202e-01,3.120907e-04,-5.281187e-04,3.424469e-03
425.640,-7.736802e-05,6.997864e-05,-7.051850e-04,2.665723e-03,-1.764163e-03,2.613310e-02,2.427183e-02,3.032557e-02,2.140796e-01,3.118712e-04,-5.279123e-04,3.422425e-03
425.840,-7.731733e-05,6.993336e-05,-7.047288e-04,2.664798e-03,-1.762664e-03,2.611584e-02,2.425643e-02,3.033959e-02,2.139390e-01,3.116518e-04,-5.277060e-04,3.420381e-03
426.040,-7.726668e-05,6.988811e-05,-7.042728e-04,2.663874e-03,-1.761167e-03,2.609859e-02,2.424104e-02,3.035359e-02,2.137985e-01,3.114326e-04,-5.274999e-04,3.418339e-03
426.240,-7.721607e-05,6.984288e-05,-7.038172e-04,2.662951e-03,-1.759670e-03,2.608135e-02,2.422566e-02,3.036759e-02,2.136581e-01,3.112135e-04,-5.272939e-04,3.416299e-03
426.440,-7.716549e-05,6.979768e-05,-7.033618e-04,2.662028e-03,-1.758174e-03,2.606412e-02,2.421029e-02,3.038158e-02,2.135178e-01,3.109945e-04,-5.270880e-04,3.414259e-03
426.640,-7.711494e-05,6.975250e-05,-7.029068e-04,2.661105e-03,-1.756679e-03,2.604691e-02,2.419493e-02,3.039556e-02,2.133776e-01,3.107757e-04,-5.268823e-04,3.412221e-03
426.840,-7.706443e-05,6.970736e-05,-7.024520e-04,2.660184e-03,-1.755185e-03,2.602970e-02,2.417958e-02,3.040953e-02,2.132375e-01,3.105571e-04,-5.266767e-04,3.410184e-03
427.040,-7.701395e-05,6.966224e-05,-7.019975e-04,2.659263e-03,-1.753692e-03,2.601251e-02,2.416424e-02,3.042349e-02,2.130974e-01,3.103385e-04,-5.264712e-04,3.408149e-03
427.240,-7.696350e-05,6.961714e-05,-7.015433e-04,2.658342e-03,-1.752200e-03,2.599533e-02,2.414891e-02,3.043744e-02,2.129575e-01,3.101202e-04,-5.262659e-04,3.406115e-03
427.440,-7.691309e-05,6.957208e-05,-7.010894e-04,2.657422e-03,-1.750708e-03,2.597815e-02,2.413359e-02,3.045138e-02,2.128176e-01,3.099020e-04,-5.260607e-04,3.404082e-03
427.640,-7.686271e-05,6.952704e-05,-7.006358e-04,2.656503e-03,-1.749218e-03,2.596099e-02,2.411828e-02,3.046532e-02,2.126779e-01,3.096839e-04,-5.258556e-04,3.402051e-03
427.840,-7.681236e-05,6.948202e-05,-7.001825e-04,2.655584e-03,-1.747728e-03,2.594384e-02,2.410298e-02,3.047924e-02,2.125382e-01,3.094659e-04,-5.256507e-04,3.400021e-03
428.040,-7.676205e-05,6.943704e-05,-6.997295e-04,2.654666e-03,-1.746240e-03,2.592671e-02,2.408769e-02,3.049316e-02,2.123986e-01,3.092481e-04,-5.254459e-04,3.397992e-03
428.240,-7.671177e-05,6.939208e-05,-6.992768e-04,2.653749e-03,-1.744752e-03,2.590958e-02,2.407240e-02,3.050706e-02,2.122592e-01,3.090305e-04,-5.252412e-04,3.395964e-03
428.440,-7.666153e-05,6.934715e-05,-6.988243e-04,2.652832e-03,-1.743265e-03,2.589246e-02,2.405713e-02,3.052096e-02,2.121198e-01,3.088130e-04,-5.250367e-04,3.393938e-03
428.640,-7.661131e-05,6.930224e-05,-6.983722e-04,2.651916e-03,-1.741779e-03,2.587536e-02,2.404187e-02,3.053485e-02,2.119805e-01,3.085956e-04,-5.248323e-04,3.391913e-03
428.840,-7.656114e-05,6.925736e-05,-6.979203e-04,2.651000e-03,-1.740294e-03,2.585826e-02,2.402662e-02,3.054873e-02,2.118412e-01,3.083784e-04,-5.246280e-04,3.389890e-03
429.040,-7.651099e-05,6.921251e-05,-6.974688e-04,2.650085e-03,-1.738810e-03,2.584118e-02,2.401138e-02,3.056260e-02,2.117021e-01,3.081613e-04,-5.244238e-04,3.387867e-03
429.240,-7.646088e-05,6.916769e-05,-6.970175e-04,2.649171e-03,-1.737326e-03,2.582411e-02,2.399615e-02,3.057646e-02,2.115631e-01,3.079444e-04,-5.242198e-04,3.385846e-03
429.440,-7.641080e-05,6.912289e-05,-6.965665e-04,2.648257e-03,-1.735844e-03,2.580705e-02,2.398093e-02,3.059031e-02,2.114241e-01,3.077276e-04,-5.240159e-04,3.383827e-03
429.640,-7.636075e-05,6.907812e-05,-6.961158e-04,2.647344e-03,-1.734362e-03,2.579000e-02,2.396572e-02,3.060415e-02,2.112853e-01,3.075109e-04,-5.238122e-04,3.381808e-03
429.840,-7.631074e-05,6.903338e-05,-6.956654e-04,2.646431e-03,-1.732882e-03,2.577296e-02,2.395052e-02,3.061799e-02,2.111465e-01,3.072944e-04,-5.236085e-04,3.379791e-03
430.040,-7.626076e-05,6.898867e-05,-6.952153e-04,2.645519e-03,-1.731402e-03,2.575593e-02,2.393533e-02,3.063181e-02,2.110078e-01,3.070780e-04,-5.234050e-04,3.377775e-03
430.240,-7.621081e-05,6.894398e-05,-6.947655e-04,2.644608e-03,-1.729923e-03,2.573891e-02,2.392015e-02,3.064563e-02,2.108692e-01,3.068618e-04,-5.232017e-04,3.375761e-03
430.440,-7.616090e-05,6.889932e-05,-6.943160e-04,2.643697e-03,-1.728445e-03,2.572190e-02,2.390498e-02,3.065944e-02,2.107307e-01,3.066457e-04,-5.229984e-04,3.373748e-03
430.640,-7.611101e-05,6.885468e-05,-6.938667e-04,2.642787e-03,-1.726968e-03,2.570491e-02,2.388982e-02,3.067323e-02,2.105923e-01,3.064298e-04,-5.227953e-04,3.371736e-03
430.840,-7.606117e-05,6.881008e-05,-6.934178e-04,2.641877e-03,-1.725492e-03,2.568792e-02,2.387466e-02,3.068702e-02,2.104540e-01,3.062140e-04,-5.225924e-04,3.369725e-03
431.040,-7.601135e-05,6.876550e-05,-6.929691e-04,2.640968e-03,-1.724017e-03,2.567095e-02,2.385952e-02,3.070080e-02,2.103158e-01,3.059983e-04,-5.223895e-04,3.367716e-03
431.240,-7.596157e-05,6.872095e-05,-6.925208e-04,2.640060e-03,-1.722543e-03,2.565399e-02,2.384439e-02,3.071458e-02,2.101776e-01,3.057828e-04,-5.221868e-04,3.365708e-03
431.440,-7.591182e-05,6.867643e-05,-6.920727e-04,2.639152e-03,-1.721069e-03,2.563704e-02,2.382927e-02,3.072834e-02,2.100396e-01,3.055674e-04,-5.219842e-04,3.363701e-03
431.640,-7.586210e-05,6.863193e-05,-6.916249e-04,2.638245e-03,-1.719597e-03,2.562010e-02,2.381416e-02,3.074209e-02,2.099016e-01,3.053521e-04,-5.217818e-04,3.361696e-03
431.840,-7.581242e-05,6.858746e-05,-6.911774e-04,2.637338e-03,-1.718125e-03,2.560317e-02,2.379906e-02,3.075584e-02,2.097638e-01,3.051370e-04,-5.215795e-04,3.359692e-03
432.040,-7.576277e-05,6.854302e-05,-6.907302e-04,2.636432e-03,-1.716655e-03,2.558625e-02,2.378396e-02,3.076957e-02,2.096260e-01,3.049221e-04,-5.213773e-04,3.357689e-03
432.240,-7.571315e-05,6.849860e-05,-6.902832e-04,2.635527e-03,-1.715185e-03,2.556934e-02,2.376888e-02,3.078330e-02,2.094883e-01,3.047073e-04,-5.211753e-04,3.355688e-03
432.440,-7.566356e-05,6.845422e-05,-6.898366e-04,2.634622e-03,-1.713716e-03,2.555244e-02,2.375381e-02,3.079702e-02,2.093507e-01,3.044926e-04,-5.209734e-04,3.353687e-03
432.640,-7.561401e-05,6.840986e-05,-6.893903e-04,2.633718e-03,-1.712248e-03,2.553556e-02,2.373875e-02,3.081072e-02,2.092132e-01,3.042781e-04,-5.207716e-04,3.351689e-03
432.840,-7.556449e-05,6.836552e-05,-6.889442e-04,2.632814e-03,-1.710781e-03,2.551868e-02,2.372369e-02,3.082442e-02,2.090757e-01,3.040637e-04,-5.205699e-04,3.349691e-03
433.040,-7.551500e-05,6.832122e-05,-6.884984e-04,2.631911e-03,-1.709315e-03,2.550182e-02,2.370865e-02,3.083812e-02,2.089384e-01,3.038494e-04,-5.203684e-04,3.347695e-03
433.240,-7.546555e-05,6.827694e-05,-6.880529e-04,2.631009e-03,-1.707850e-03,2.548496e-02,2.369362e-02,3.085180e-02,2.088011e-01,3.036353e-04,-5.201670e-04,3.345700e-03
433.440,-7.541612e-05,6.823269e-05,-6.876078e-04,2.630107e-03,-1.706385e-03,2.546812e-02,2.367860e-02,3.086547e-02,2.086640e-01,3.034213e-04,-5.199658e-04,3.343706e-03
433.640,-7.536673e-05,6.818847e-05,-6.871628e-04,2.629206e-03,-1.704922e-03,2.545129e-02,2.366358e-02,3.087914e-02,2.085269e-01,3.032075e-04,-5.197647e-04,3.341714e-03
433.840,-7.531737e-05,6.814427e-05,-6.867182e-04,2.628305e-03,-1.703459e-03,2.543447e-02,2.364858e-02,3.089279e-02,2.083899e-01,3.029938e-04,-5.195637e-04,3.339722e-03
434.040,-7.526805e-05,6.810010e-05,-6.862739e-04,2.627405e-03,-1.701998e-03,2.541766e-02,2.363358e-02,3.090644e-02,2.082530e-01,3.027803e-04,-5.193628e-04,3.337733e-03
434.240,-7.521876e-05,6.805596e-05,-6.858298e-04,2.626505e-03,-1.700537e-03,2.540086e-02,2.361860e-02,3.092008e-02,2.081162e-01,3.025668e-04,-5.191621e-04,3.335744e-03
434.440,-7.516950e-05,6.801185e-05,-6.853861e-04,2.625606e-03,-1.699077e-03,2.538407e-02,2.360363e-02,3.093370e-02,2.079795e-01,3.023536e-04,-5.189615e-04,3.333757e-03
434.640,-7.512027e-05,6.796776e-05,-6.849426e-04,2.624708e-03,-1.697618e-03,2.536730e-02,2.358866e-02,3.094732e-02,2.078429e-01,3.021404e-04,-5.187610e-04,3.331771e-03
434.840,-7.507107e-05,6.792370e-05,-6.844994e-04,2.623810e-03,-1.696160e-03,2.535053e-02,2.357371e-02,3.096093e-02,2.077063e-01,3.019275e-04,-5.185607e-04,3.329786e-03
435.040,-7.502191e-05,6.787967e-05,-6.840565e-04,2.622913e-03,-1.694703e-03,2.533377e-02,2.355876e-02,3.097454e-02,2.075699e-01,3.017146e-04,-5.183605e-04,3.327803e-03
435.240,-7.497278e-05,6.783567e-05,-6.836139e-04,2.622016e-03,-1.693247e-03,2.531703e-02,2.354383e-02,3.098813e-02,2.074335e-01,3.015019e-04,-5.181604e-04,3.325821e-03
435.440,-7.492368e-05,6.779169e-05,-6.831716e-04,2.621120e-03,-1.691792e-03,2.530029e-02,2.352890e-02,3.100172e-02,2.072973e-01,3.012893e-04,-5.179605e-04,3.323840e-03
435.640,-7.487461e-05,6.774774e-05,-6.827295e-04,2.620225e-03,-1.690337e-03,2.528357e-02,2.351399e-02,3.101529e-02,2.071611e-01,3.010769e-04,-5.177607e-04,3.321860e-03
435.840,-7.482558e-05,6.770382e-05,-6.822878e-04,2.619330e-03,-1.688884e-03,2.526686e-02,2.349908e-02,3.102886e-02,2.070250e-01,3.008646e-04,-5.175610e-04,3.319882e-03
436.040,-7.477658e-05,6.765992e-05,-6.818463e-04,2.618436e-03,-1.687431e-03,2.525016e-02,2.348418e-02,3.104242e-02,2.068890e-01,3.006525e-04,-5.173614e-04,3.317905e-03
436.240,-7.472761e-05,6.761606e-05,-6.814051e-04,2.617542e-03,-1.685980e-03,2.523347e-02,2.346930e-02,3.105597e-02,2.067530e-01,3.004404e-04,-5.171620e-04,3.315929e-03
436.440,-7.467867e-05,6.757222e-05,-6.809642e-04,2.616649e-03,-1.684529e-03,2.521679e-02,2.345442e-02,3.106951e-02,2.066172e-01,3.002286e-04,-5.169627e-04,3.313955e-03
436.640,-7.462976e-05,6.752840e-05,-6.805236e-04,2.615757e-03,-1.683079e-03,2.520012e-02,2.343955e-02,3.108304e-02,2.064815e-01,3.000168e-04,-5.167636e-04,3.311982e-03
436.840,-7.458089e-05,6.748462e-05,-6.800832e-04,2.614865e-03,-1.681630e-03,2.518346e-02,2.342470e-02,3.109656e-02,2.063458e-01,2.998053e-04,-5.165645e-04,3.310010e-03
437.040,-7.453205e-05,6.744086e-05,-6.796432e-04,2.613974e-03,-1.680182e-03,2.516681e-02,2.340985e-02,3.111007e-02,2.062102e-01,2.995938e-04,-5.163656e-04,3.308040e-03
437.240,-7.448324e-05,6.739713e-05,-6.792034e-04,2.613083e-03,-1.678735e-03,2.515017e-02,2.339501e-02,3.112358e-02,2.060747e-01,2.993825e-04,-5.161668e-04,3.306070e-03
437.440,-7.443446e-05,6.735343e-05,-6.787639e-04,2.612193e-03,-1.677289e-03,2.513355e-02,2.338018e-02,3.113708e-02,2.059393e-01,2.991713e-04,-5.159682e-04,3.304102e-03
437.640,-7.438572e-05,6.730975e-05,-6.783247e-04,2.611303e-03,-1.675843e-03,2.511693e-02,2.336536e-02,3.115056e-02,2.058040e-01,2.989603e-04,-5.157697e-04,3.302136e-03
437.840,-7.433700e-05,6.726611e-05,-6.778858e-04,2.610414e-03,-1.674399e-03,2.510033e-02,2.335055e-02,3.116404e-02,2.056688e-01,2.987494e-04,-5.155713e-04,3.300170e-03
438.040,-7.428832e-05,6.722248e-05,-6.774472e-04,2.609526e-03,-1.672956e-03,2.508373e-02,2.333576e-02,3.117751e-02,2.055337e-01,2.985386e-04,-5.153730e-04,3.298206e-03
438.240,-7.423967e-05,6.717889e-05,-6.770088e-04,2.608638e-03,-1.671513e-03,2.506715e-02,2.332097e-02,3.119097e-02,2.053986e-01,2.983280e-04,-5.151749e-04,3.296243e-03
438.440,-7.419105e-05,6.713533e-05,-6.765708e-04,2.607751e-03,-1.670071e-03,2.505058e-02,2.330619e-02,3.120443e-02,2.052637e-01,2.981175e-04,-5.149769e-04,3.294281e-03
438.640,-7.414247e-05,6.709179e-05,-6.761330e-04,2.606864e-03,-1.668630e-03,2.503401e-02,2.329142e-02,3.121787e-02,2.051288e-01,2.979072e-04,-5.147790e-04,3.292321e-03
438.840,-7.409391e-05,6.704828e-05,-6.756955e-04,2.605978e-03,-1.667191e-03,2.501746e-02,2.327665e-02,3.123131e-02,2.049940e-01,2.976970e-04,-5.145812e-04,3.290362e-03
439.040,-7.404539e-05,6.700479e-05,-6.752583e-04,2.605093e-03,-1.665752e-03,2.500092e-02,2.326190e-02,3.124473e-02,2.048593e-01,2.974869e-04,-5.143836e-04,3.288404e-03
439.240,-7.399690e-05,6.696134e-05,-6.748213e-04,2.604208e-03,-1.664314e-03,2.498439e-02,2.324716e-02,3.125815e-02,2.047247e-01,2.972770e-04,-5.141861e-04,3.286447e-03
439.440,-7.394844e-05,6.691791e-05,-6.743847e-04,2.603323e-03,-1.662876e-03,2.496787e-02,2.323243e-02,3.127156e-02,2.045902e-01,2.970672e-04,-5.139887e-04,3.284492e-03
439.640,-7.390002e-05,6.687451e-05,-6.739483e-04,2.602440e-03,-1.661440e-03,2.495137e-02,2.321771e-02,3.128496e-02,2.044557e-01,2.968575e-04,-5.137915e-04,3.282538e-03
439.840,-7.385162e-05,6.683113e-05,-6.735122e-04,2.601556e-03,-1.660005e-03,2.493487e-02,2.320300e-02,3.129835e-02,2.043214e-01,2.966480e-04,-5.135944e-04,3.280585e-03
440.040,-7.380326e-05,6.678779e-05,-6.730764e-04,2.600674e-03,-1.658570e-03,2.491838e-02,2.318829e-02,3.131173e-02,2.041871e-01,2.964387e-04,-5.133974e-04,3.278634e-03
440.240,-7.375493e-05,6.674447e-05,-6.726409e-04,2.599792e-03,-1.657137e-03,2.490190e-02,2.317360e-02,3.132511e-02,2.040530e-01,2.962294e-04,-5.132006e-04,3.276684e-03
440.440,-7.370663e-05,6.670117e-05,-6.722057e-04,2.598910e-03,-1.655704e-03,2.488544e-02,2.315892e-02,3.133847e-02,2.039189e-01,2.960203e-04,-5.130038e-04,3.274735e-03
440.640,-7.365836e-05,6.665791e-05,-6.717707e-04,2.598029e-03,-1.654273e-03,2.486898e-02,2.314424e-02,3.135183e-02,2.037849e-01,2.958114e-04,-5.128072e-04,3.272787e-03
440.840,-7.361012e-05,6.661467e-05,-6.713360e-04,2.597149e-03,-1.652842e-03,2.485254e-02,2.312958e-02,3.136518e-02,2.036510e-01,2.956025e-04,-5.126108e-04,3.270841e-03
441.040,-7.356192e-05,6.657146e-05,-6.709016e-04,2.596269e-03,-1.651412e-03,2.483610e-02,2.311492e-02,3.137852e-02,2.035171e-01,2.953938e-04,-5.124144e-04,3.268895e-03
441.240,-7.351375e-05,6.652828e-05,-6.704675e-04,2.595390e-03,-1.649983e-03,2.481968e-02,2.310028e-02,3.139185e-02,2.033834e-01,2.951853e-04,-5.122182e-04,3.266951e-03
441.440,-7.346561e-05,6.648513e-05,-6.700336e-04,2.594512e-03,-1.648555e-03,2.480327e-02,2.308564e-02,3.140517e-02,2.032497e-01,2.949769e-04,-5.120221e-04,3.265009e-03
441.640,-7.341750e-05,6.644200e-05,-6.696001e-04,2.593634e-03,-1.647128e-03,2.478687e-02,2.307101e-02,3.141848e-02,2.031162e-01,2.947686e-04,-5.118261e-04,3.263067e-03
441.840,-7.336942e-05,6.639890e-05,-6.691668e-04,2.592756e-03,-1.645701e-03,2.477047e-02,2.305640e-02,3.143179e-02,2.029827e-01,2.945605e-04,-5.116303e-04,3.261127e-03
442.040,-7.332137e-05,6.635582e-05,-6.687338e-04,2.591879e-03,-1.644276e-03,2.475409e-02,2.304179e-02,3.144508e-02,2.028493e-01,2.943525e-04,-5.114346e-04,3.259188e-03
442.240,-7.327336e-05,6.631278e-05,-6.683011e-04,2.591003e-03,-1.642851e-03,2.473772e-02,2.302719e-02,3.145837e-02,2.027160e-01,2.941446e-04,-5.112390e-04,3.257251e-03
442.440,-7.322537e-05,6.626976e-05,-6.678686e-04,2.590127e-03,-1.641428e-03,2.472136e-02,2.301260e-02,3.147165e-02,2.025827e-01,2.939369e-04,-5.110435e-04,3.255314e-03
442.640,-7.317742e-05,6.622677e-05,-6.674365e-04,2.589252e-03,-1.640005e-03,2.470501e-02,2.299803e-02,3.148492e-02,2.024496e-01,2.937293e-04,-5.108482e-04,3.253379e-03
442.840,-7.312950e-05,6.618380e-05,-6.670046e-04,2.588378e-03,-1.638583e-03,2.468867e-02,2.298346e-02,3.149818e-02,2.023166e-01,2.935218e-04,-5.106530e-04,3.251445e-03
443.040,-7.308161e-05,6.614087e-05,-6.665730e-04,2.587504e-03,-1.637162e-03,2.467235e-02,2.296890e-02,3.151143e-02,2.021836e-01,2.933145e-04,-5.104579e-04,3.249513e-03
443.240,-7.303470e-05,6.610927e-05,-6.661651e-04,2.586762e-03,-1.635285e-03,2.465586e-02,2.295435e-02,3.152468e-02,2.020507e-01,3.279395e-04,-3.255680e-04,3.064246e-03
443.440,-7.295743e-05,6.611348e-05,-6.657576e-04,2.586239e-03,-1.632665e-03,2.463901e-02,2.293981e-02,3.153792e-02,2.019179e-01,3.442023e-04,-2.798810e-04,3.062309e-03
443.640,-7.287354e-05,6.613911e-05,-6.653682e-04,2.585868e-03,-1.629601e-03,2.462213e-02,2.292529e-02,3.155116e-02,2.017852e-01,3.640788e-04,-2.455772e-04,3.111835e-03
443.840,-7.282329e-05,6.606499e-05,-6.648875e-04,2.584805e-03,-1.628799e-03,2.460596e-02,2.291078e-02,3.156440e-02,2.016526e-01,2.892662e-04,-5.176108e-04,3.240052e-03
444.040,-7.279710e-05,6.602283e-05,-6.645078e-04,2.583918e-03,-1.627151e-03,2.458912e-02,2.289628e-02,3.157763e-02,2.015200e-01,3.248121e-04,-3.381789e-04,3.074817e-03
444.240,-7.273806e-05,6.598010e-05,-6.640486e-04,2.583033e-03,-1.625848e-03,2.457304e-02,2.288179e-02,3.159085e-02,2.013876e-01,2.895282e-04,-5.165275e-04,3.242240e-03
444.440,-7.272614e-05,6.591309e-05,-6.636675e-04,2.582080e-03,-1.624530e-03,2.455658e-02,2.286730e-02,3.160406e-02,2.012552e-01,3.355884e-04,-3.039000e-04,3.067749e-03
444.640,-7.267011e-05,6.586241e-05,-6.631946e-04,2.581091e-03,-1.623586e-03,2.454068e-02,2.285283e-02,3.161725e-02,2.011229e-01,2.891572e-04,-5.162072e-04,3.239164e-03
444.840,-7.265344e-05,6.579608e-05,-6.628029e-04,2.580159e-03,-1.622306e-03,2.452448e-02,2.283835e-02,3.163044e-02,2.009907e-01,3.368129e-04,-3.042375e-04,3.074068e-03
445.040,-7.258864e-05,6.575145e-05,-6.623227e-04,2.579229e-03,-1.621235e-03,2.450867e-02,2.282389e-02,3.164361e-02,2.008586e-01,2.890322e-04,-5.153463e-04,3.236126e-03
445.240,-7.256811e-05,6.569045e-05,-6.619306e-04,2.578335e-03,-1.619875e-03,2.449255e-02,2.280944e-02,3.165677e-02,2.007265e-01,3.370834e-04,-3.017193e-04,3.068676e-03
445.440,-7.250064e-05,6.564821e-05,-6.614486e-04,2.577423e-03,-1.618778e-03,2.447681e-02,2.279499e-02,3.166993e-02,2.005946e-01,2.887997e-04,-5.145547e-04,3.232600e-03
445.640,-7.247818e-05,6.558939e-05,-6.610574e-04,2.576544e-03,-1.617372e-03,2.446069e-02,2.278055e-02,3.168307e-02,2.004627e-01,3.368050e-04,-2.976985e-04,3.056815e-03
445.840,-7.241009e-05,6.554917e-05,-6.605765e-04,2.575638e-03,-1.616275e-03,2.444499e-02,2.276613e-02,3.169620e-02,2.003309e-01,2.885504e-04,-5.136825e-04,3.228815e-03
446.040,-7.238639e-05,6.549117e-05,-6.601860e-04,2.574769e-03,-1.614841e-03,2.442887e-02,2.275171e-02,3.170933e-02,2.001993e-01,3.367602e-04,-2.933121e-04,3.045570e-03
446.240,-7.231762e-05,6.545366e-05,-6.597072e-04,2.573870e-03,-1.613726e-03,2.441318e-02,2.273730e-02,3.172244e-02,2.000677e-01,2.882909e-04,-5.127482e-04,3.224796e-03
446.440,-7.229288e-05,6.539670e-05,-6.593184e-04,2.573010e-03,-1.612254e-03,2.439704e-02,2.272290e-02,3.173554e-02,1.999362e-01,3.367594e-04,-2.889221e-04,3.034693e-03
446.640,-7.222074e-05,6.540338e-05,-6.589132e-04,2.572455e-03,-1.609910e-03,2.438079e-02,2.270851e-02,3.174864e-02,1.998047e-01,3.553758e-04,-2.715208e-04,3.112424e-03
446.840,-7.216669e-05,6.532733e-05,-6.584232e-04,2.571392e-03,-1.609253e-03,2.436510e-02,2.269413e-02,3.176173e-02,1.996734e-01,2.861599e-04,-5.153697e-04,3.213587e-03
447.040,-7.212639e-05,6.530200e-05,-6.580458e-04,2.570637e-03,-1.607297e-03,2.434851e-02,2.267976e-02,3.177481e-02,1.995421e-01,3.317242e-04,-3.070175e-04,3.042373e-03
447.240,-7.208794e-05,6.522355e-05,-6.575749e-04,2.569518e-03,-1.606878e-03,2.433306e-02,2.266540e-02,3.178788e-02,1.994110e-01,2.859965e-04,-5.145507e-04,3.210185e-03
447.440,-7.204159e-05,6.520469e-05,-6.571968e-04,2.568820e-03,-1.604766e-03,2.431647e-02,2.265105e-02,3.180094e-02,1.992799e-01,3.354761e-04,-2.939990e-04,3.035700e-03
447.640,-7.199785e-05,6.513160e-05,-6.567249e-04,2.567738e-03,-1.604230e-03,2.430101e-02,2.263671e-02,3.181400e-02,1.991489e-01,2.856527e-04,-5.138802e-04,3.205962e-03
447.840,-7.194948e-05,6.511586e-05,-6.563475e-04,2.567062e-03,-1.602063e-03,2.428444e-02,2.262237e-02,3.182704e-02,1.990179e-01,3.361676e-04,-2.901225e-04,3.030653e-03
448.040,-7.190449e-05,6.504459e-05,-6.558763e-04,2.565990e-03,-1.601496e-03,2.426897e-02,2.260805e-02,3.184008e-02,1.988871e-01,2.852795e-04,-5.133063e-04,3.201991e-03
448.240,-7.185559e-05,6.502993e-05,-6.555005e-04,2.565321e-03,-1.599302e-03,2.425240e-02,2.259373e-02,3.185310e-02,1.987564e-01,3.363359e-04,-2.875458e-04,3.025406e-03
448.440,-7.181021e-05,6.495954e-05,-6.550303e-04,2.564254e-03,-1.598722e-03,2.423693e-02,2.257942e-02,3.186612e-02,1.986257e-01,2.848739e-04,-5.128443e-04,3.198033e-03
448.640,-7.176111e-05,6.494565e-05,-6.546561e-04,2.563591e-03,-1.596508e-03,2.422035e-02,2.256513e-02,3.187913e-02,1.984951e-01,3.365003e-04,-2.851381e-04,3.020590e-03
448.840,-7.171551e-05,6.487589e-05,-6.541868e-04,2.562526e-03,-1.595918e-03,2.420488e-02,2.255084e-02,3.189213e-02,1.983646e-01,2.844471e-04,-5.124605e-04,3.194125e-03
449.040,-7.166643e-05,6.486246e-05,-6.538139e-04,2.561868e-03,-1.593691e-03,2.418832e-02,2.253656e-02,3.190512e-02,1.982342e-01,3.367842e-04,-2.824964e-04,3.016041e-03
449.240,-7.162066e-05,6.479317e-05,-6.533453e-04,2.560805e-03,-1.593094e-03,2.417285e-02,2.252229e-02,3.191810e-02,1.981039e-01,2.840032e-04,-5.121448e-04,3.190276e-03
449.440,-7.157174e-05,6.477992e-05,-6.529735e-04,2.560152e-03,-1.590859e-03,2.415630e-02,2.250803e-02,3.193108e-02,1.979736e-01,3.371820e-04,-2.796461e-04,3.011766e-03
449.640,-7.152580e-05,6.471099e-05,-6.525055e-04,2.559090e-03,-1.590258e-03,2.414083e-02,2.249378e-02,3.194405e-02,1.978435e-01,2.835464e-04,-5.118863e-04,3.186486e-03
449.840,-7.147716e-05,6.469770e-05,-6.521345e-04,2.558440e-03,-1.588021e-03,2.412431e-02,2.247954e-02,3.195700e-02,1.977134e-01,3.376556e-04,-2.766987e-04,3.007766e-03
450.040,-7.143106e-05,6.462903e-05,-6.516668e-04,2.557379e-03,-1.587418e-03,2.410885e-02,2.246531e-02,3.196996e-02,1.975834e-01,2.830811e-04,-5.116718e-04,3.182752e-03
450.240,-7.138277e-05,6.461553e-05,-6.512966e-04,2.556733e-03,-1.585183e-03,2.409236e-02,2.245109e-02,3.198290e-02,1.974535e-01,3.381665e-04,-2.737541e-04,3.004015e-03
450.440,-7.133651e-05,6.454703e-05,-6.508290e-04,2.555672e-03,-1.584580e-03,2.407692e-02,2.243688e-02,3.199583e-02,1.973237e-01,2.826114e-04,-5.114873e-04,3.179064e-03
450.640,-7.128862e-05,6.453322e-05,-6.504593e-04,2.555028e-03,-1.582350e-03,2.406047e-02,2.242267e-02,3.200876e-02,1.971939e-01,3.386816e-04,-2.708847e-04,3.000462e-03
450.840,-7.124218e-05,6.446484e-05,-6.499918e-04,2.553968e-03,-1.581749e-03,2.404503e-02,2.240848e-02,3.202168e-02,1.970643e-01,2.821407e-04,-5.113196e-04,3.175412e-03
451.040,-7.122202e-05,6.440426e-05,-6.495966e-04,2.553055e-03,-1.580647e-03,2.402947e-02,2.239429e-02,3.203458e-02,1.969347e-01,3.335932e-04,-2.856089e-04,3.002474e-03
451.240,-7.114064e-05,6.438433e-05,-6.491295e-04,2.552273e-03,-1.579142e-03,2.401369e-02,2.238012e-02,3.204748e-02,1.968052e-01,2.832081e-04,-5.075178e-04,3.176082e-03
451.440,-7.111988e-05,6.430888e-05,-6.487003e-04,2.551204e-03,-1.578665e-03,2.399852e-02,2.236595e-02,3.206037e-02,1.966758e-01,2.829954e-04,-5.067711e-04,3.172796e-03
451.640,-7.106473e-05,6.429618e-05,-6.483285e-04,2.550622e-03,-1.576227e-03,2.398199e-02,2.235179e-02,3.207324e-02,1.965465e-01,3.390614e-04,-2.658296e-04,2.988284e-03
451.840,-7.101291e-05,6.423523e-05,-6.478589e-04,2.549617e-03,-1.575527e-03,2.396670e-02,2.233764e-02,3.208611e-02,1.964172e-01,2.818374e-04,-5.079777e-04,3.164891e-03
452.040,-7.096015e-05,6.422826e-05,-6.474929e-04,2.549007e-03,-1.573161e-03,2.395014e-02,2.232350e-02,3.209898e-02,1.962881e-01,3.338619e-04,-2.769331e-04,2.981453e-03
452.240,-7.091370e-05,6.416328e-05,-6.470317e-04,2.547973e-03,-1.572497e-03,2.393475e-02,2.230937e-02,3.211183e-02,1.961590e-01,2.812118e-04,-5.082030e-04,3.160955e-03
452.440,-7.086420e-05,6.415387e-05,-6.466686e-04,2.547340e-03,-1.570184e-03,2.391819e-02,2.229525e-02,3.212468e-02,1.960300e-01,3.332145e-04,-2.776138e-04,2.979068e-03
452.640,-7.081921e-05,6.408702e-05,-6.462084e-04,2.546293e-03,-1.569550e-03,2.390280e-02,2.228115e-02,3.213753e-02,1.959011e-01,2.806468e-04,-5.083161e-04,3.157281e-03
452.840,-7.077061e-05,6.407696e-05,-6.458461e-04,2.545663e-03,-1.567245e-03,2.388628e-02,2.226704e-02,3.215036e-02,1.957723e-01,3.346901e-04,-2.721172e-04,2.975821e-03
453.040,-7.072526e-05,6.401017e-05,-6.453857e-04,2.544615e-03,-1.566611e-03,2.387088e-02,2.225295e-02,3.216319e-02,1.956436e-01,2.800837e-04,-5.084403e-04,3.153770e-03
453.240,-7.070487e-05,6.395235e-05,-6.449973e-04,2.543719e-03,-1.565442e-03,2.385531e-02,2.223887e-02,3.217600e-02,1.955149e-01,3.315274e-04,-2.806556e-04,2.976131e-03
453.440,-7.062444e-05,6.393414e-05,-6.445369e-04,2.542945e-03,-1.563912e-03,2.383955e-02,2.222479e-02,3.218881e-02,1.953863e-01,2.810453e-04,-5.049512e-04,3.154584e-03
453.640,-7.060416e-05,6.385988e-05,-6.441131e-04,2.541884e-03,-1.563407e-03,2.382441e-02,2.221073e-02,3.220160e-02,1.952578e-01,2.808113e-04,-5.043354e-04,3.151456e-03
453.840,-7.054949e-05,6.384852e-05,-6.437466e-04,2.541313e-03,-1.560942e-03,2.380792e-02,2.219667e-02,3.221439e-02,1.951294e-01,3.371343e-04,-2.633085e-04,2.968423e-03
454.040,-7.049824e-05,6.378833e-05,-6.432817e-04,2.540314e-03,-1.560223e-03,2.379267e-02,2.218263e-02,3.222717e-02,1.950011e-01,2.795942e-04,-5.058080e-04,3.143847e-03
454.240,-7.047325e-05,6.373587e-05,-6.428954e-04,2.539460e-03,-1.558915e-03,2.377704e-02,2.216859e-02,3.223994e-02,1.948729e-01,3.300456e-04,-2.745406e-04,2.951430e-03
454.440,-7.039209e-05,6.376459e-05,-6.425148e-04,2.539039e-03,-1.556164e-03,2.376081e-02,2.215456e-02,3.225270e-02,1.947447e-01,3.519832e-04,-2.521725e-04,3.038522e-03
454.640,-7.033414e-05,6.369799e-05,-6.420412e-04,2.538042e-03,-1.555309e-03,2.374522e-02,2.214055e-02,3.226547e-02,1.946167e-01,2.783298e-04,-5.066600e-04,3.137674e-03
454.840,-7.031975e-05,6.363612e-05,-6.416635e-04,2.537105e-03,-1.554178e-03,2.372950e-02,2.212654e-02,3.227822e-02,1.944887e-01,3.266601e-04,-2.792335e-04,2.941414e-03
455.040,-7.024551e-05,6.366135e-05,-6.412912e-04,2.536644e-03,-1.551515e-03,2.371324e-02,2.211254e-02,3.229096e-02,1.943607e-01,3.522318e-04,-2.522309e-04,3.041158e-03
455.240,-7.019197e-05,6.358735e-05,-6.408173e-04,2.535600e-03,-1.550779e-03,2.369765e-02,2.209856e-02,3.230371e-02,1.942329e-01,2.771942e-04,-5.076013e-04,3.132159e-03
455.440,-7.018255e-05,6.352138e-05,-6.404415e-04,2.534625e-03,-1.549777e-03,2.368201e-02,2.208458e-02,3.231643e-02,1.941052e-01,3.261951e-04,-2.847538e-04,2.951098e-03
455.640,-7.010947e-05,6.349877e-05,-6.399917e-04,2.533805e-03,-1.548336e-03,2.366624e-02,2.207061e-02,3.232915e-02,1.939775e-01,2.782352e-04,-5.043475e-04,3.133611e-03
455.840,-7.009460e-05,6.341877e-05,-6.395735e-04,2.532701e-03,-1.547935e-03,2.365111e-02,2.205664e-02,3.234186e-02,1.938499e-01,2.780338e-04,-5.037787e-04,3.130632e-03
456.040,-7.004401e-05,6.340660e-05,-6.392138e-04,2.532129e-03,-1.545509e-03,2.363479e-02,2.204268e-02,3.235456e-02,1.937224e-01,3.405689e-04,-2.474482e-04,2.952955e-03
456.240,-6.999188e-05,6.334524e-05,-6.387482e-04,2.531119e-03,-1.544814e-03,2.361958e-02,2.202874e-02,3.236725e-02,1.935950e-01,2.769114e-04,-5.050423e-04,3.123652e-03
456.440,-6.997117e-05,6.328937e-05,-6.383654e-04,2.530239e-03,-1.543623e-03,2.360412e-02,2.201480e-02,3.237993e-02,1.934677e-01,3.288510e-04,-2.780298e-04,2.950136e-03
456.640,-6.989064e-05,6.327134e-05,-6.379086e-04,2.529472e-03,-1.542093e-03,2.358850e-02,2.200087e-02,3.239261e-02,1.933404e-01,2.778166e-04,-5.019121e-04,3.124447e-03
456.840,-6.987064e-05,6.319821e-05,-6.374894e-04,2.528419e-03,-1.541591e-03,2.357349e-02,2.198695e-02,3.240527e-02,1.932133e-01,2.776051e-04,-5.012762e-04,3.121494e-03
457.040,-6.981622e-05,6.318812e-05,-6.371278e-04,2.527860e-03,-1.539125e-03,2.355715e-02,2.197304e-02,3.241792e-02,1.930862e-01,3.344473e-04,-2.597055e-04,2.940194e-03
457.240,-6.976505e-05,6.312884e-05,-6.366674e-04,2.526870e-03,-1.538406e-03,2.354203e-02,2.195914e-02,3.243057e-02,1.929592e-01,2.763783e-04,-5.028072e-04,3.113998e-03
457.440,-6.974064e-05,6.307710e-05,-6.362862e-04,2.526024e-03,-1.537104e-03,2.352654e-02,2.194525e-02,3.244321e-02,1.928323e-01,3.273167e-04,-2.708793e-04,2.922895e-03
457.640,-6.966190e-05,6.306134e-05,-6.358339e-04,2.525255e-03,-1.535607e-03,2.351098e-02,2.193137e-02,3.245584e-02,1.927054e-01,2.772508e-04,-4.995503e-04,3.114935e-03
457.840,-6.963590e-05,6.301905e-05,-6.354778e-04,2.524489e-03,-1.533871e-03,2.349504e-02,2.191749e-02,3.246846e-02,1.925787e-01,3.294279e-04,-2.669237e-04,2.926448e-03
458.040,-6.956259e-05,6.299568e-05,-6.350275e-04,2.523674e-03,-1.532471e-03,2.347944e-02,2.190363e-02,3.248108e-02,1.924520e-01,2.763623e-04,-5.004536e-04,3.110595e-03
458.240,-6.954044e-05,6.294977e-05,-6.346726e-04,2.522872e-03,-1.530838e-03,2.346351e-02,2.188978e-02,3.249369e-02,1.923254e-01,3.283594e-04,-2.689816e-04,2.925064e-03
458.440,-6.946924e-05,6.292316e-05,-6.342232e-04,2.522042e-03,-1.529479e-03,2.344792e-02,2.187593e-02,3.250630e-02,1.921989e-01,2.756808e-04,-5.010398e-04,3.107069e-03
458.640,-6.945292e-05,6.284712e-05,-6.338082e-04,2.520963e-03,-1.529058e-03,2.343295e-02,2.186210e-02,3.251889e-02,1.920724e-01,2.756724e-04,-5.000440e-04,3.104982e-03
458.840,-6.940020e-05,6.283559e-05,-6.334500e-04,2.520408e-03,-1.526604e-03,2.341670e-02,2.184827e-02,3.253148e-02,1.919461e-01,3.349593e-04,-2.521750e-04,2.925124e-03
459.040,-6.934932e-05,6.277514e-05,-6.329899e-04,2.519418e-03,-1.525909e-03,2.340166e-02,2.183445e-02,3.254405e-02,1.918198e-01,2.744361e-04,-5.017236e-04,3.097713e-03
459.240,-6.932707e-05,6.272148e-05,-6.326103e-04,2.518565e-03,-1.524668e-03,2.338631e-02,2.182064e-02,3.255662e-02,1.916936e-01,3.257304e-04,-2.717709e-04,2.913669e-03
459.440,-6.924838e-05,6.270433e-05,-6.321583e-04,2.517803e-03,-1.523179e-03,2.337086e-02,2.180684e-02,3.256918e-02,1.915675e-01,2.753224e-04,-4.985591e-04,3.098784e-03
459.640,-6.922772e-05,6.263247e-05,-6.317426e-04,2.516773e-03,-1.522652e-03,2.335598e-02,2.179305e-02,3.258173e-02,1.914415e-01,2.750825e-04,-4.980319e-04,3.095714e-03
459.840,-6.917289e-05,6.262293e-05,-6.313835e-04,2.516224e-03,-1.520182e-03,2.333974e-02,2.177926e-02,3.259427e-02,1.913156e-01,3.296804e-04,-2.626708e-04,2.914172e-03
460.040,-6.912291e-05,6.256415e-05,-6.309282e-04,2.515250e-03,-1.519463e-03,2.332477e-02,2.176549e-02,3.260681e-02,1.911897e-01,2.737939e-04,-4.997870e-04,3.088204e-03
460.240,-6.907146e-05,6.255950e-05,-6.305752e-04,2.514671e-03,-1.517082e-03,2.330854e-02,2.175173e-02,3.261933e-02,1.910639e-01,3.259042e-04,-2.690405e-04,2.905941e-03
460.440,-6.902662e-05,6.249582e-05,-6.301261e-04,2.513664e-03,-1.516423e-03,2.329350e-02,2.173797e-02,3.263186e-02,1.909382e-01,2.730781e-04,-5.004346e-04,3.084727e-03
460.640,-6.897888e-05,6.248758e-05,-6.297747e-04,2.513059e-03,-1.514123e-03,2.327732e-02,2.172423e-02,3.264437e-02,1.908126e-01,3.259221e-04,-2.684171e-04,2.904879e-03
460.840,-6.893537e-05,6.242160e-05,-6.293253e-04,2.512036e-03,-1.513507e-03,2.326229e-02,2.171049e-02,3.265688e-02,1.906871e-01,2.724552e-04,-5.008768e-04,3.081507e-03
461.040,-6.891613e-05,6.236537e-05,-6.289478e-04,2.511169e-03,-1.512345e-03,2.324707e-02,2.169676e-02,3.266937e-02,1.905616e-01,3.238663e-04,-2.727662e-04,2.902874e-03
461.240,-6.883743e-05,6.234770e-05,-6.284975e-04,2.510416e-03,-1.510849e-03,2.323169e-02,2.168304e-02,3.268186e-02,1.904363e-01,2.733726e-04,-4.976067e-04,3.082597e-03
461.440,-6.881854e-05,6.227425e-05,-6.280837e-04,2.509379e-03,-1.510370e-03,2.321692e-02,2.166933e-02,3.269434e-02,1.903110e-01,2.731356e-04,-4.970709e-04,3.079640e-03
461.640,-6.876528e-05,6.226367e-05,-6.277267e-04,2.508833e-03,-1.507938e-03,2.320083e-02,2.165563e-02,3.270681e-02,1.901858e-01,3.294502e-04,-2.574135e-04,2.899420e-03
461.840,-6.871544e-05,6.220398e-05,-6.272714e-04,2.507858e-03,-1.507250e-03,2.318597e-02,2.164194e-02,3.271927e-02,1.900606e-01,2.718950e-04,-4.987001e-04,3.072289e-03
462.040,-6.869217e-05,6.215201e-05,-6.268949e-04,2.507026e-03,-1.505981e-03,2.317074e-02,2.162825e-02,3.273172e-02,1.899356e-01,3.226524e-04,-2.678123e-04,2.882457e-03
462.240,-6.861459e-05,6.213586e-05,-6.264475e-04,2.506271e-03,-1.504516e-03,2.315544e-02,2.161458e-02,3.274417e-02,1.898106e-01,2.727515e-04,-4.954991e-04,3.073273e-03
462.440,-6.859362e-05,6.206523e-05,-6.260357e-04,2.505257e-03,-1.503974e-03,2.314069e-02,2.160091e-02,3.275661e-02,1.896857e-01,2.724914e-04,-4.950225e-04,3.070066e-03
462.640,-6.853863e-05,6.205669e-05,-6.256807e-04,2.504716e-03,-1.501499e-03,2.312454e-02,2.158726e-02,3.276903e-02,1.895609e-01,3.254671e-04,-2.640629e-04,2.888007e-03
462.840,-6.845168e-05,6.204746e-05,-6.252376e-04,2.504099e-03,-1.499592e-03,2.310917e-02,2.157361e-02,3.278146e-02,1.894362e-01,2.711099e-04,-4.976885e-04,3.065129e-03
463.040,-6.844038e-05,6.197617e-05,-6.248376e-04,2.503028e-03,-1.499193e-03,2.309436e-02,2.155998e-02,3.279388e-02,1.893116e-01,2.710105e-04,-4.965280e-04,3.063859e-03
463.240,-6.839449e-05,6.195885e-05,-6.244909e-04,2.502419e-03,-1.496856e-03,2.307813e-02,2.154635e-02,3.280628e-02,1.891870e-01,3.273189e-04,-2.547987e-04,2.879683e-03
463.440,-6.835009e-05,6.189418e-05,-6.240410e-04,2.501401e-03,-1.496271e-03,2.306327e-02,2.153273e-02,3.281869e-02,1.890625e-01,2.699460e-04,-4.981296e-04,3.057220e-03
463.640,-6.833095e-05,6.184018e-05,-6.236707e-04,2.500542e-03,-1.495068e-03,2.304807e-02,2.151912e-02,3.283108e-02,1.889381e-01,3.213127e-04,-2.688193e-04,2.875393e-03
463.840,-6.825354e-05,6.182318e-05,-6.232268e-04,2.499788e-03,-1.493571e-03,2.303275e-02,2.150551e-02,3.284346e-02,1.888138e-01,2.708159e-04,-4.950299e-04,3.058323e-03
464.040,-6.823521e-05,6.175067e-05,-6.228186e-04,2.498755e-03,-1.493083e-03,2.301804e-02,2.149192e-02,3.285583e-02,1.886895e-01,2.705860e-04,-4.945153e-04,3.055464e-03
464.240,-6.818229e-05,6.174184e-05,-6.224678e-04,2.498217e-03,-1.490629e-03,2.300202e-02,2.147833e-02,3.286820e-02,1.885654e-01,3.273011e-04,-2.542700e-04,2.876256e-03
464.440,-6.813279e-05,6.168331e-05,-6.220180e-04,2.497246e-03,-1.489924e-03,2.298720e-02,2.146476e-02,3.288055e-02,1.884413e-01,2.693168e-04,-4.962548e-04,3.048300e-03
464.640,-6.811053e-05,6.163220e-05,-6.216478e-04,2.496418e-03,-1.488649e-03,2.297205e-02,2.145119e-02,3.289290e-02,1.883173e-01,3.206467e-04,-2.648193e-04,2.860617e-03
464.840,-6.803281e-05,6.161688e-05,-6.212051e-04,2.495671e-03,-1.487159e-03,2.295681e-02,2.143763e-02,3.290524e-02,1.881934e-01,2.701105e-04,-4.933102e-04,3.049258e-03
465.040,-6.801289e-05,6.154650e-05,-6.207983e-04,2.494656e-03,-1.486628e-03,2.294214e-02,2.142408e-02,3.291758e-02,1.880696e-01,2.698558e-04,-4.928576e-04,3.046244e-03
465.240,-6.795872e-05,6.153894e-05,-6.204487e-04,2.494123e-03,-1.484148e-03,2.292610e-02,2.141054e-02,3.292990e-02,1.879458e-01,3.242460e-04,-2.586275e-04,2.865675e-03
465.440,-6.790981e-05,6.148140e-05,-6.200025e-04,2.493162e-03,-1.483428e-03,2.291133e-02,2.139700e-02,3.294222e-02,1.878221e-01,2.685321e-04,-4.947647e-04,3.038957e-03
465.640,-6.788635e-05,6.143215e-05,-6.196345e-04,2.492348e-03,-1.482105e-03,2.289617e-02,2.138348e-02,3.295452e-02,1.876985e-01,3.195059e-04,-2.612960e-04,2.844424e-03
465.840,-6.780944e-05,6.141796e-05,-6.191951e-04,2.491602e-03,-1.480620e-03,2.288097e-02,2.136996e-02,3.296682e-02,1.875750e-01,2.692905e-04,-4.918517e-04,3.040000e-03
466.040,-6.778901e-05,6.134867e-05,-6.187906e-04,2.490597e-03,-1.480061e-03,2.286631e-02,2.135646e-02,3.297912e-02,1.874516e-01,2.690148e-04,-4.914772e-04,3.036925e-03
466.240,-6.773449e-05,6.134190e-05,-6.184430e-04,2.490067e-03,-1.477565e-03,2.285028e-02,2.134296e-02,3.299140e-02,1.873282e-01,3.222404e-04,-2.603734e-04,2.856011e-03
466.440,-6.768611e-05,6.128492e-05,-6.179999e-04,2.489112e-03,-1.476833e-03,2.283553e-02,2.132947e-02,3.300368e-02,1.872049e-01,2.676492e-04,-4.935431e-04,3.029673e-03
466.640,-6.766247e-05,6.123644e-05,-6.176339e-04,2.488303e-03,-1.475493e-03,2.282039e-02,2.131599e-02,3.301594e-02,1.870817e-01,3.182116e-04,-2.606377e-04,2.833850e-03
466.840,-6.758618e-05,6.122270e-05,-6.171971e-04,2.487560e-03,-1.474006e-03,2.280521e-02,2.130252e-02,3.302821e-02,1.869586e-01,2.683811e-04,-4.907021e-04,3.030811e-03
467.040,-6.756578e-05,6.115387e-05,-6.167945e-04,2.486559e-03,-1.473435e-03,2.279058e-02,2.128906e-02,3.304046e-02,1.868356e-01,2.680921e-04,-4.903858e-04,3.027755e-03
467.240,-6.751152e-05,6.114715e-05,-6.164485e-04,2.486032e-03,-1.470939e-03,2.277457e-02,2.127561e-02,3.305270e-02,1.867126e-01,3.210524e-04,-2.601857e-04,2.847237e-03
467.440,-6.746344e-05,6.109040e-05,-6.160073e-04,2.485080e-03,-1.470203e-03,2.275986e-02,2.126216e-02,3.306494e-02,1.865897e-01,2.667089e-04,-4.925406e-04,3.020587e-03
467.640,-6.744000e-05,6.104213e-05,-6.156428e-04,2.484274e-03,-1.468862e-03,2.274476e-02,2.124873e-02,3.307717e-02,1.864669e-01,3.171927e-04,-2.601660e-04,2.825531e-03
467.840,-6.736397e-05,6.102843e-05,-6.152076e-04,2.483534e-03,-1.467375e-03,2.272962e-02,2.123530e-02,3.308939e-02,1.863442e-01,2.674239e-04,-4.897739e-04,3.021798e-03
468.040,-6.734386e-05,6.095963e-05,-6.148064e-04,2.482536e-03,-1.466806e-03,2.271503e-02,2.122188e-02,3.310161e-02,1.862216e-01,2.671312e-04,-4.894854e-04,3.018795e-03
468.240,-6.728986e-05,6.095291e-05,-6.144617e-04,2.482011e-03,-1.464313e-03,2.269908e-02,2.120847e-02,3.311381e-02,1.860990e-01,3.202016e-04,-2.592662e-04,2.838965e-03
468.440,-6.724200e-05,6.089608e-05,-6.140216e-04,2.481061e-03,-1.463581e-03,2.268441e-02,2.119507e-02,3.312601e-02,1.859765e-01,2.657397e-04,-4.916915e-04,3.011701e-03
468.640,-6.721894e-05,6.084770e-05,-6.136584e-04,2.480258e-03,-1.462247e-03,2.266936e-02,2.118168e-02,3.313820e-02,1.858541e-01,3.163995e-04,-2.591197e-04,2.817385e-03
468.840,-6.714300e-05,6.083384e-05,-6.132239e-04,2.479520e-03,-1.460765e-03,2.265427e-02,2.116830e-02,3.315039e-02,1.857318e-01,2.664485e-04,-4.889710e-04,3.012955e-03
469.040,-6.712323e-05,6.076483e-05,-6.128238e-04,2.478523e-03,-1.460207e-03,2.263974e-02,2.115493e-02,3.316256e-02,1.856095e-01,2.661589e-04,-4.886854e-04,3.009999e-03
469.240,-6.706949e-05,6.075801e-05,-6.124800e-04,2.478001e-03,-1.457722e-03,2.262384e-02,2.114156e-02,3.317473e-02,1.854874e-01,3.194227e-04,-2.581781e-04,2.830754e-03
469.440,-6.702180e-05,6.070098e-05,-6.120407e-04,2.477053e-03,-1.456999e-03,2.260924e-02,2.112821e-02,3.318689e-02,1.853653e-01,2.647686e-04,-4.909013e-04,3.002947e-03
469.640,-6.699908e-05,6.065238e-05,-6.116784e-04,2.476252e-03,-1.455675e-03,2.259424e-02,2.111486e-02,3.319904e-02,1.852433e-01,3.155813e-04,-2.581266e-04,2.809163e-03
469.840,-6.692321e-05,6.063831e-05,-6.112445e-04,2.475516e-03,-1.454202e-03,2.257922e-02,2.110152e-02,3.321118e-02,1.851213e-01,2.654807e-04,-4.881892e-04,3.004215e-03
470.040,-6.690372e-05,6.056911e-05,-6.108452e-04,2.474521e-03,-1.453656e-03,2.256474e-02,2.108819e-02,3.322332e-02,1.849995e-01,2.651957e-04,-4.878941e-04,3.001282e-03
470.240,-6.685021e-05,6.056214e-05,-6.105022e-04,2.474002e-03,-1.451182e-03,2.254892e-02,2.107486e-02,3.323545e-02,1.848777e-01,3.185578e-04,-2.572661e-04,2.822363e-03
470.440,-6.680267e-05,6.050498e-05,-6.100636e-04,2.473056e-03,-1.450469e-03,2.253437e-02,2.106155e-02,3.324757e-02,1.847560e-01,2.638123e-04,-4.900913e-04,2.994239e-03
470.640,-6.678016e-05,6.045625e-05,-6.097022e-04,2.472256e-03,-1.449156e-03,2.251944e-02,2.104825e-02,3.325968e-02,1.846344e-01,3.146345e-04,-2.574421e-04,2.800750e-03
470.840,-6.670442e-05,6.044206e-05,-6.092692e-04,2.471523e-03,-1.447692e-03,2.250447e-02,2.103495e-02,3.327178e-02,1.845128e-01,2.645307e-04,-4.873651e-04,2.995501e-03
471.040,-6.668509e-05,6.037283e-05,-6.088708e-04,2.470530e-03,-1.447154e-03,2.249005e-02,2.102167e-02,3.328388e-02,1.843914e-01,2.642484e-04,-4.870601e-04,2.992565e-03
471.240,-6.663173e-05,6.036585e-05,-6.085287e-04,2.470014e-03,-1.444689e-03,2.247428e-02,2.100839e-02,3.329597e-02,1.842700e-01,3.175760e-04,-2.566031e-04,2.813761e-03
471.440,-6.658433e-05,6.030870e-05,-6.080912e-04,2.469070e-03,-1.443983e-03,2.245979e-02,2.099512e-02,3.330805e-02,1.841487e-01,2.628706e-04,-4.892361e-04,2.985515e-03
471.640,-6.656194e-05,6.026002e-05,-6.077308e-04,2.468273e-03,-1.442677e-03,2.244491e-02,2.098186e-02,3.332012e-02,1.840275e-01,3.136355e-04,-2.567877e-04,2.792027e-03
471.840,-6.648637e-05,6.024587e-05,-6.072989e-04,2.467543e-03,-1.441219e-03,2.243000e-02,2.096861e-02,3.333219e-02,1.839063e-01,2.635910e-04,-4.864995e-04,2.986759e-03
472.040,-6.646714e-05,6.017675e-05,-6.069017e-04,2.466553e-03,-1.440686e-03,2.241564e-02,2.095536e-02,3.334424e-02,1.837853e-01,2.633095e-04,-4.861898e-04,2.983813e-03
472.240,-6.641393e-05,6.016987e-05,-6.065608e-04,2.466038e-03,-1.438227e-03,2.239992e-02,2.094213e-02,3.335629e-02,1.836643e-01,3.165726e-04,-2.559581e-04,2.805047e-03
472.440,-6.636666e-05,6.011287e-05,-6.061246e-04,2.465098e-03,-1.437525e-03,2.238548e-02,2.092890e-02,3.336834e-02,1.835434e-01,2.619352e-04,-4.883505e-04,2.976763e-03
472.640,-6.634438e-05,6.006437e-05,-6.057655e-04,2.464304e-03,-1.436223e-03,2.237065e-02,2.091568e-02,3.338037e-02,1.834225e-01,3.126501e-04,-2.561115e-04,2.783323e-03
472.840,-6.626894e-05,6.005037e-05,-6.053350e-04,2.463576e-03,-1.434768e-03,2.235578e-02,2.090247e-02,3.339239e-02,1.833018e-01,2.626514e-04,-4.856224e-04,2.977983e-03
473.040,-6.624984e-05,5.998142e-05,-6.049391e-04,2.462589e-03,-1.434238e-03,2.234147e-02,2.088927e-02,3.340441e-02,1.831811e-01,2.623696e-04,-4.853126e-04,2.975038e-03
473.240,-6.619676e-05,5.997477e-05,-6.045997e-04,2.462077e-03,-1.431782e-03,2.232579e-02,2.087608e-02,3.341642e-02,1.830605e-01,3.156406e-04,-2.551341e-04,2.796380e-03
473.440,-6.614961e-05,5.991798e-05,-6.041648e-04,2.461139e-03,-1.431082e-03,2.231140e-02,2.086290e-02,3.342842e-02,1.829400e-01,2.609959e-04,-4.874700e-04,2.968005e-03
473.640,-6.612749e-05,5.986971e-05,-6.038073e-04,2.460348e-03,-1.429781e-03,2.229661e-02,2.084972e-02,3.344042e-02,1.828195e-01,3.117878e-04,-2.551070e-04,2.774678e-03
473.840,-6.605211e-05,5.985591e-05,-6.033782e-04,2.459623e-03,-1.428325e-03,2.228179e-02,2.083656e-02,3.345240e-02,1.826992e-01,2.617017e-04,-4.847746e-04,2.969199e-03
474.040,-6.603320e-05,5.978710e-05,-6.029837e-04,2.458638e-03,-1.427799e-03,2.226751e-02,2.082340e-02,3.346438e-02,1.825789e-01,2.614210e-04,-4.844647e-04,2.966275e-03
474.240,-6.598026e-05,5.978078e-05,-6.026459e-04,2.458130e-03,-1.425343e-03,2.225189e-02,2.081025e-02,3.347635e-02,1.824587e-01,3.148435e-04,-2.539967e-04,2.787869e-03
474.440,-6.593320e-05,5.972419e-05,-6.022124e-04,2.457194e-03,-1.424645e-03,2.223753e-02,2.079711e-02,3.348832e-02,1.823386e-01,2.600464e-04,-4.866259e-04,2.959279e-03
474.640,-6.591135e-05,5.967610e-05,-6.018567e-04,2.456405e-03,-1.423345e-03,2.222279e-02,2.078398e-02,3.350027e-02,1.822185e-01,3.110890e-04,-2.536838e-04,2.766159e-03
474.840,-6.583590e-05,5.966249e-05,-6.014288e-04,2.455684e-03,-1.421888e-03,2.220800e-02,2.077086e-02,3.351222e-02,1.820985e-01,2.607383e-04,-4.839814e-04,2.960442e-03
475.040,-6.581728e-05,5.959370e-05,-6.010356e-04,2.454700e-03,-1.421369e-03,2.219378e-02,2.075774e-02,3.352416e-02,1.819786e-01,2.604614e-04,-4.836668e-04,2.957560e-03
475.240,-6.576448e-05,5.958777e-05,-6.006995e-04,2.454196e-03,-1.418912e-03,2.217820e-02,2.074464e-02,3.353609e-02,1.818588e-01,3.141881e-04,-2.525409e-04,2.779547e-03
475.440,-6.571749e-05,5.953130e-05,-6.002672e-04,2.453262e-03,-1.418216e-03,2.216388e-02,2.073154e-02,3.354802e-02,1.817391e-01,2.590866e-04,-4.858312e-04,2.950612e-03
475.640,-6.569601e-05,5.948327e-05,-5.999131e-04,2.452475e-03,-1.416922e-03,2.214919e-02,2.071845e-02,3.355993e-02,1.816194e-01,3.104386e-04,-2.523404e-04,2.758145e-03
475.840,-6.562043e-05,5.946977e-05,-5.994862e-04,2.451758e-03,-1.415462e-03,2.213444e-02,2.070537e-02,3.357184e-02,1.814998e-01,2.597665e-04,-4.832390e-04,2.951740e-03
476.040,-6.560214e-05,5.940094e-05,-5.990944e-04,2.450774e-03,-1.414953e-03,2.212027e-02,2.069230e-02,3.358374e-02,1.813803e-01,2.594955e-04,-4.829133e-04,2.948909e-03
476.240,-6.554959e-05,5.939520e-05,-5.987597e-04,2.450273e-03,-1.412500e-03,2.210474e-02,2.067924e-02,3.359564e-02,1.812609e-01,3.136380e-04,-2.508340e-04,2.771329e-03
476.440,-6.550260e-05,5.933884e-05,-5.983284e-04,2.449342e-03,-1.411808e-03,2.209047e-02,2.066618e-02,3.360752e-02,1.811415e-01,2.581263e-04,-4.850613e-04,2.942007e-03
476.640,-6.548151e-05,5.929076e-05,-5.979757e-04,2.448556e-03,-1.410524e-03,2.207583e-02,2.065314e-02,3.361940e-02,1.810222e-01,3.096809e-04,-2.516351e-04,2.750872e-03
476.840,-6.540578e-05,5.927730e-05,-5.975498e-04,2.447843e-03,-1.409062e-03,2.206113e-02,2.064010e-02,3.363127e-02,1.809030e-01,2.587993e-04,-4.825080e-04,2.943095e-03
477.040,-6.538780e-05,5.920843e-05,-5.971591e-04,2.446860e-03,-1.408563e-03,2.204700e-02,2.062707e-02,3.364313e-02,1.807839e-01,2.585343e-04,-4.821677e-04,2.940310e-03
477.240,-6.533549e-05,5.920287e-05,-5.968257e-04,2.446363e-03,-1.406115e-03,2.203153e-02,2.061405e-02,3.365499e-02,1.806649e-01,3.130823e-04,-2.491584e-04,2.763140e-03
477.440,-6.528847e-05,5.914664e-05,-5.963954e-04,2.445434e-03,-1.405427e-03,2.201731e-02,2.060104e-02,3.366684e-02,1.805459e-01,2.571720e-04,-4.842917e-04,2.933443e-03
477.640,-6.526773e-05,5.909854e-05,-5.960441e-04,2.444649e-03,-1.404152e-03,2.200272e-02,2.058803e-02,3.367867e-02,1.804270e-01,3.089242e-04,-2.508763e-04,2.743475e-03
477.840,-6.519186e-05,5.908514e-05,-5.956191e-04,2.443939e-03,-1.402688e-03,2.198806e-02,2.057504e-02,3.369051e-02,1.803082e-01,2.578384e-04,-4.817729e-04,2.934484e-03
478.040,-6.517416e-05,5.901626e-05,-5.952296e-04,2.442958e-03,-1.402199e-03,2.197399e-02,2.056205e-02,3.370233e-02,1.801895e-01,2.575792e-04,-4.814167e-04,2.931738e-03
478.240,-6.512206e-05,5.901091e-05,-5.948976e-04,2.442464e-03,-1.399756e-03,2.195857e-02,2.054907e-02,3.371415e-02,1.800708e-01,3.124946e-04,-2.475643e-04,2.754926e-03
478.440,-6.507502e-05,5.895482e-05,-5.944682e-04,2.441537e-03,-1.399072e-03,2.194440e-02,2.053611e-02,3.372596e-02,1.799522e-01,2.562237e-04,-4.835159e-04,2.924902e-03
478.640,-6.505461e-05,5.890674e-05,-5.941183e-04,2.440755e-03,-1.397805e-03,2.192986e-02,2.052314e-02,3.373776e-02,1.798337e-01,3.081715e-04,-2.500413e-04,2.735924e-03
478.840,-6.497861e-05,5.889345e-05,-5.936943e-04,2.440049e-03,-1.396339e-03,2.191525e-02,2.051019e-02,3.374955e-02,1.797153e-01,2.568820e-04,-4.810322e-04,2.925891e-03
479.040,-6.496117e-05,5.882459e-05,-5.933060e-04,2.439068e-03,-1.395859e-03,2.190123e-02,2.049725e-02,3.376134e-02,1.795969e-01,2.566286e-04,-4.806604e-04,2.923184e-03
479.240,-6.493764e-05,5.875389e-05,-5.929138e-04,2.438182e-03,-1.395082e-03,2.188715e-02,2.048431e-02,3.377311e-02,1.794786e-01,2.832512e-04,-3.239029e-04,2.742471e-03
479.440,-6.486613e-05,5.877793e-05,-5.925749e-04,2.437797e-03,-1.392407e-03,2.187186e-02,2.047138e-02,3.378487e-02,1.793604e-01,3.152930e-04,-2.383865e-04,2.750978e-03
479.640,-6.481448e-05,5.872609e-05,-5.921483e-04,2.436909e-03,-1.391576e-03,2.185761e-02,2.045846e-02,3.379664e-02,1.792423e-01,2.552864e-04,-4.817356e-04,2.914154e-03
479.840,-6.479450e-05,5.867759e-05,-5.918009e-04,2.436123e-03,-1.390305e-03,2.184306e-02,2.044555e-02,3.380839e-02,1.791243e-01,3.047405e-04,-2.533630e-04,2.720266e-03
480.040,-6.472182e-05,5.866467e-05,-5.913837e-04,2.435406e-03,-1.388872e-03,2.182847e-02,2.043265e-02,3.382014e-02,1.790063e-01,2.559123e-04,-4.793398e-04,2.915180e-03
480.240,-6.470436e-05,5.859646e-05,-5.909991e-04,2.434431e-03,-1.388360e-03,2.181443e-02,2.041976e-02,3.383188e-02,1.788884e-01,2.556181e-04,-4.791011e-04,2.912234e-03
480.440,-6.465259e-05,5.859224e-05,-5.906722e-04,2.433939e-03,-1.385902e-03,2.179904e-02,2.040687e-02,3.384361e-02,1.787706e-01,3.096681e-04,-2.475067e-04,2.734972e-03
480.640,-6.460636e-05,5.853710e-05,-5.902482e-04,2.433018e-03,-1.385204e-03,2.178491e-02,2.039400e-02,3.385534e-02,1.786528e-01,2.542346e-04,-4.813213e-04,2.905521e-03
480.840,-6.459026e-05,5.846364e-05,-5.898441e-04,2.431988e-03,-1.385065e-03,2.177137e-02,2.038113e-02,3.386705e-02,1.785352e-01,2.554461e-04,-4.775942e-04,2.907146e-03
481.040,-6.454721e-05,5.844348e-05,-5.895078e-04,2.431415e-03,-1.383013e-03,2.175637e-02,2.036826e-02,3.387875e-02,1.784176e-01,3.106729e-04,-2.422552e-04,2.728279e-03
481.240,-6.446363e-05,5.843826e-05,-5.890880e-04,2.430797e-03,-1.381265e-03,2.174175e-02,2.035541e-02,3.389045e-02,1.783001e-01,2.546886e-04,-4.784813e-04,2.903392e-03
481.440,-6.444668e-05,5.837458e-05,-5.887077e-04,2.429832e-03,-1.380743e-03,2.172777e-02,2.034257e-02,3.390215e-02,1.781826e-01,2.544788e-04,-4.779391e-04,2.901600e-03
481.640,-6.442377e-05,5.830440e-05,-5.883216e-04,2.428949e-03,-1.379940e-03,2.171369e-02,2.032973e-02,3.391383e-02,1.780653e-01,2.803904e-04,-3.231389e-04,2.720631e-03
481.840,-6.435447e-05,5.832811e-05,-5.879898e-04,2.428553e-03,-1.377275e-03,2.169841e-02,2.031690e-02,3.392551e-02,1.779480e-01,3.118068e-04,-2.388026e-04,2.728056e-03
482.040,-6.430469e-05,5.827640e-05,-5.875699e-04,2.427662e-03,-1.376445e-03,2.168419e-02,2.030409e-02,3.393718e-02,1.778308e-01,2.530880e-04,-4.793649e-04,2.892850e-03
482.240,-6.428954e-05,5.820408e-05,-5.871711e-04,2.426638e-03,-1.376278e-03,2.167065e-02,2.029128e-02,3.394884e-02,1.777136e-01,2.542031e-04,-4.758991e-04,2.894283e-03
482.440,-6.424730e-05,5.818369e-05,-5.868385e-04,2.426057e-03,-1.374224e-03,2.165562e-02,2.027847e-02,3.396049e-02,1.775966e-01,3.075287e-04,-2.452868e-04,2.714127e-03
482.640,-6.416682e-05,5.817791e-05,-5.864248e-04,2.425425e-03,-1.372507e-03,2.164101e-02,2.026568e-02,3.397214e-02,1.774796e-01,2.534845e-04,-4.767685e-04,2.890957e-03
482.840,-6.415039e-05,5.811458e-05,-5.860488e-04,2.424462e-03,-1.371963e-03,2.162702e-02,2.025290e-02,3.398379e-02,1.773627e-01,2.532371e-04,-4.763644e-04,2.889017e-03
483.040,-6.412762e-05,5.804542e-05,-5.856663e-04,2.423583e-03,-1.371137e-03,2.161294e-02,2.024012e-02,3.399541e-02,1.772459e-01,2.790035e-04,-3.222683e-04,2.708722e-03
483.240,-6.405866e-05,5.806991e-05,-5.853381e-04,2.423191e-03,-1.368453e-03,2.159767e-02,2.022735e-02,3.400704e-02,1.771291e-01,3.105765e-04,-2.375729e-04,2.716355e-03
483.440,-6.400923e-05,5.801892e-05,-5.849219e-04,2.422302e-03,-1.367604e-03,2.158345e-02,2.021460e-02,3.401866e-02,1.770124e-01,2.517814e-04,-4.780700e-04,2.880547e-03
483.640,-6.399475e-05,5.794660e-05,-5.845263e-04,2.421278e-03,-1.367433e-03,2.156993e-02,2.020185e-02,3.403027e-02,1.768958e-01,2.528809e-04,-4.746977e-04,2.882064e-03
483.840,-6.395321e-05,5.792667e-05,-5.841969e-04,2.420700e-03,-1.365373e-03,2.155495e-02,2.018910e-02,3.404187e-02,1.767793e-01,3.070486e-04,-2.422953e-04,2.703317e-03
484.040,-6.387217e-05,5.792138e-05,-5.837852e-04,2.420076e-03,-1.363630e-03,2.154036e-02,2.017637e-02,3.405347e-02,1.766628e-01,2.521035e-04,-4.758020e-04,2.878762e-03
484.240,-6.385648e-05,5.785786e-05,-5.834112e-04,2.419110e-03,-1.363099e-03,2.152642e-02,2.016364e-02,3.406506e-02,1.765465e-01,2.518743e-04,-4.753955e-04,2.877097e-03
484.440,-6.383471e-05,5.778795e-05,-5.830307e-04,2.418228e-03,-1.362294e-03,2.151240e-02,2.015092e-02,3.407664e-02,1.764302e-01,2.778221e-04,-3.209610e-04,2.697281e-03
484.640,-6.376578e-05,5.781299e-05,-5.827043e-04,2.417845e-03,-1.359603e-03,2.149721e-02,2.013821e-02,3.408821e-02,1.763139e-01,3.104755e-04,-2.339462e-04,2.706443e-03
484.840,-6.371597e-05,5.776218e-05,-5.822890e-04,2.416960e-03,-1.358750e-03,2.148305e-02,2.012551e-02,3.409978e-02,1.761978e-01,2.504158e-04,-4.771987e-04,2.868919e-03
485.040,-6.370248e-05,5.768847e-05,-5.818943e-04,2.415931e-03,-1.358611e-03,2.146960e-02,2.011282e-02,3.411134e-02,1.760817e-01,2.515197e-04,-4.738783e-04,2.870491e-03
485.240,-6.366175e-05,5.766819e-05,-5.815665e-04,2.415355e-03,-1.356570e-03,2.145471e-02,2.010013e-02,3.412288e-02,1.759657e-01,3.067271e-04,-2.390783e-04,2.693072e-03
485.440,-6.357983e-05,5.766286e-05,-5.811547e-04,2.414740e-03,-1.354820e-03,2.144020e-02,2.008746e-02,3.413443e-02,1.758498e-01,2.507267e-04,-4.750616e-04,2.867133e-03
485.640,-6.356471e-05,5.759871e-05,-5.807810e-04,2.413774e-03,-1.354320e-03,2.142636e-02,2.007479e-02,3.414597e-02,1.757339e-01,2.505269e-04,-4.745946e-04,2.865672e-03
485.840,-6.354375e-05,5.752777e-05,-5.804013e-04,2.412889e-03,-1.353549e-03,2.141244e-02,2.006213e-02,3.415749e-02,1.756181e-01,2.766808e-04,-3.196329e-04,2.686005e-03
486.040,-6.347490e-05,5.755269e-05,-5.800752e-04,2.412513e-03,-1.350872e-03,2.139736e-02,2.004947e-02,3.416901e-02,1.755024e-01,3.099445e-04,-2.313697e-04,2.696133e-03
486.240,-6.342486e-05,5.750160e-05,-5.796598e-04,2.411633e-03,-1.350035e-03,2.138329e-02,2.003684e-02,3.418053e-02,1.753868e-01,2.491074e-04,-4.763050e-04,2.857561e-03
486.440,-6.341183e-05,5.742701e-05,-5.792655e-04,2.410603e-03,-1.349924e-03,2.136994e-02,2.002420e-02,3.419204e-02,1.752712e-01,2.502235e-04,-4.729697e-04,2.859129e-03
486.640,-6.337144e-05,5.740628e-05,-5.789382e-04,2.410030e-03,-1.347908e-03,2.135516e-02,2.001157e-02,3.420353e-02,1.751558e-01,3.055693e-04,-2.379086e-04,2.681974e-03
486.840,-6.328948e-05,5.740062e-05,-5.785264e-04,2.409419e-03,-1.346177e-03,2.134075e-02,1.999895e-02,3.421503e-02,1.750403e-01,2.494605e-04,-4.740624e-04,2.855754e-03
487.040,-6.327450e-05,5.733622e-05,-5.781533e-04,2.408456e-03,-1.345696e-03,2.132700e-02,1.998634e-02,3.422651e-02,1.749250e-01,2.492687e-04,-4.735613e-04,2.854261e-03
487.240,-6.325367e-05,5.726516e-05,-5.777743e-04,2.407576e-03,-1.344941e-03,2.131318e-02,1.997374e-02,3.423799e-02,1.748098e-01,2.754698e-04,-3.184971e-04,2.674592e-03
487.440,-6.318503e-05,5.728976e-05,-5.774490e-04,2.407201e-03,-1.342285e-03,2.129819e-02,1.996114e-02,3.424945e-02,1.746946e-01,3.084885e-04,-2.308342e-04,2.684489e-03
487.640,-6.313522e-05,5.723847e-05,-5.770344e-04,2.406325e-03,-1.341466e-03,2.128421e-02,1.994856e-02,3.426092e-02,1.745795e-01,2.478802e-04,-4.751486e-04,2.846048e-03
487.840,-6.312207e-05,5.716424e-05,-5.766412e-04,2.405302e-03,-1.341362e-03,2.127095e-02,1.993598e-02,3.427237e-02,1.744644e-01,2.490016e-04,-4.717784e-04,2.847582e-03
488.040,-6.308160e-05,5.714356e-05,-5.763148e-04,2.404732e-03,-1.339357e-03,2.125624e-02,1.992341e-02,3.428381e-02,1.743495e-01,3.038425e-04,-2.380345e-04,2.670026e-03
488.240,-6.300024e-05,5.713786e-05,-5.759048e-04,2.404123e-03,-1.337645e-03,2.124191e-02,1.991085e-02,3.429525e-02,1.742346e-01,2.482646e-04,-4.727760e-04,2.844222e-03
488.440,-6.298517e-05,5.707381e-05,-5.755333e-04,2.403166e-03,-1.337164e-03,2.122824e-02,1.989830e-02,3.430669e-02,1.741198e-01,2.480628e-04,-4.722850e-04,2.842606e-03
488.640,-6.296416e-05,5.700343e-05,-5.751560e-04,2.402293e-03,-1.336405e-03,2.121448e-02,1.988575e-02,3.431811e-02,1.740051e-01,2.741847e-04,-3.175195e-04,2.663009e-03
488.840,-6.289575e-05,5.702810e-05,-5.748324e-04,2.401920e-03,-1.333758e-03,2.119955e-02,1.987321e-02,3.432952e-02,1.738904e-01,3.067629e-04,-2.308359e-04,2.672316e-03
489.040,-6.284631e-05,5.697711e-05,-5.744200e-04,2.401047e-03,-1.332945e-03,2.118564e-02,1.986069e-02,3.434093e-02,1.737758e-01,2.466727e-04,-4.738459e-04,2.834318e-03
489.240,-6.283302e-05,5.690366e-05,-5.740290e-04,2.400031e-03,-1.332832e-03,2.117243e-02,1.984817e-02,3.435234e-02,1.736613e-01,2.477866e-04,-4.704791e-04,2.835822e-03
489.440,-6.279257e-05,5.688350e-05,-5.737047e-04,2.399465e-03,-1.330825e-03,2.115777e-02,1.983565e-02,3.436372e-02,1.735469e-01,3.023657e-04,-2.374727e-04,2.658108e-03
489.640,-6.271157e-05,5.687825e-05,-5.732973e-04,2.398859e-03,-1.329112e-03,2.114349e-02,1.982315e-02,3.437511e-02,1.734325e-01,2.470373e-04,-4.715010e-04,2.832445e-03
489.840,-6.269659e-05,5.681470e-05,-5.729281e-04,2.397908e-03,-1.328627e-03,2.112986e-02,1.981066e-02,3.438650e-02,1.733182e-01,2.468301e-04,-4.710265e-04,2.830821e-03
490.040,-6.267570e-05,5.674489e-05,-5.725531e-04,2.397038e-03,-1.327865e-03,2.111615e-02,1.979817e-02,3.439786e-02,1.732040e-01,2.728914e-04,-3.165405e-04,2.651426e-03
490.240,-6.260743e-05,5.677013e-05,-5.722321e-04,2.396670e-03,-1.325212e-03,2.110126e-02,1.978569e-02,3.440923e-02,1.730899e-01,3.055698e-04,-2.296120e-04,2.660773e-03
490.440,-6.255807e-05,5.671982e-05,-5.718222e-04,2.395802e-03,-1.324390e-03,2.108739e-02,1.977322e-02,3.442059e-02,1.729758e-01,2.454214e-04,-4.726452e-04,2.822599e-03
490.640,-6.254513e-05,5.664656e-05,-5.714335e-04,2.394788e-03,-1.324277e-03,2.107423e-02,1.976076e-02,3.443194e-02,1.728618e-01,2.465223e-04,-4.693283e-04,2.824090e-03
490.840,-6.250508e-05,5.662692e-05,-5.711120e-04,2.394227e-03,-1.322267e-03,2.105962e-02,1.974830e-02,3.444327e-02,1.727479e-01,3.016089e-04,-2.351383e-04,2.646861e-03
491.040,-6.242370e-05,5.662239e-05,-5.707069e-04,2.393629e-03,-1.320534e-03,2.104537e-02,1.973585e-02,3.445461e-02,1.726340e-01,2.457278e-04,-4.704831e-04,2.820615e-03
491.240,-6.240914e-05,5.655904e-05,-5.703397e-04,2.392678e-03,-1.320056e-03,2.103180e-02,1.972342e-02,3.446594e-02,1.725202e-01,2.455346e-04,-4.699896e-04,2.819161e-03
491.440,-6.238891e-05,5.648908e-05,-5.699670e-04,2.391808e-03,-1.319306e-03,2.101814e-02,1.971098e-02,3.447726e-02,1.724066e-01,2.716450e-04,-3.154520e-04,2.639982e-03
491.640,-6.232064e-05,5.651515e-05,-5.696483e-04,2.391448e-03,-1.316641e-03,2.100331e-02,1.969856e-02,3.448857e-02,1.722929e-01,3.051172e-04,-2.267428e-04,2.650238e-03
491.840,-6.227093e-05,5.646565e-05,-5.692404e-04,2.390586e-03,-1.315805e-03,2.098947e-02,1.968615e-02,3.449988e-02,1.721794e-01,2.441169e-04,-4.716628e-04,2.811109e-03
492.040,-6.225880e-05,5.639163e-05,-5.688537e-04,2.389570e-03,-1.315709e-03,2.097637e-02,1.967374e-02,3.451118e-02,1.720659e-01,2.452067e-04,-4.684161e-04,2.812585e-03
492.240,-6.221951e-05,5.637225e-05,-5.685348e-04,2.389012e-03,-1.313705e-03,2.096183e-02,1.966134e-02,3.452246e-02,1.719525e-01,3.014138e-04,-2.314562e-04,2.636234e-03
492.440,-6.213711e-05,5.636851e-05,-5.681312e-04,2.388425e-03,-1.311941e-03,2.094761e-02,1.964895e-02,3.453375e-02,1.718392e-01,2.443541e-04,-4.697376e-04,2.808912e-03
492.640,-6.212314e-05,5.630497e-05,-5.677653e-04,2.387473e-03,-1.311484e-03,2.093411e-02,1.963658e-02,3.454503e-02,1.717259e-01,2.441951e-04,-4.691759e-04,2.807749e-03
492.840,-6.210393e-05,5.623423e-05,-5.673942e-04,2.386599e-03,-1.310762e-03,2.092052e-02,1.962420e-02,3.455630e-02,1.716127e-01,2.704412e-04,-3.142712e-04,2.628653e-03
493.040,-6.203558e-05,5.626110e-05,-5.670775e-04,2.386250e-03,-1.308089e-03,2.090578e-02,1.961183e-02,3.456756e-02,1.714996e-01,3.050900e-04,-2.229408e-04,2.640302e-03
493.240,-6.198520e-05,5.621242e-05,-5.666708e-04,2.385395e-03,-1.307239e-03,2.089198e-02,1.959948e-02,3.457882e-02,1.713866e-01,2.427893e-04,-4.708388e-04,2.799876e-03
493.440,-6.197409e-05,5.613710e-05,-5.662856e-04,2.384373e-03,-1.307172e-03,2.087894e-02,1.958713e-02,3.459006e-02,1.712736e-01,2.438704e-04,-4.676598e-04,2.801311e-03
493.640,-6.193569e-05,5.611772e-05,-5.659690e-04,2.383819e-03,-1.305182e-03,2.086449e-02,1.957478e-02,3.460130e-02,1.711607e-01,3.013690e-04,-2.274129e-04,2.625768e-03
493.840,-6.185211e-05,5.611455e-05,-5.655659e-04,2.383243e-03,-1.303396e-03,2.085032e-02,1.956245e-02,3.461253e-02,1.710479e-01,2.429822e-04,-4.690745e-04,2.797447e-03
494.040,-6.183879e-05,5.605057e-05,-5.652009e-04,2.382289e-03,-1.302968e-03,2.083690e-02,1.955013e-02,3.462376e-02,1.709351e-01,2.428557e-04,-4.684397e-04,2.796514e-03
494.240,-6.182058e-05,5.597894e-05,-5.648312e-04,2.381411e-03,-1.302280e-03,2.082340e-02,1.953781e-02,3.463498e-02,1.708225e-01,2.692559e-04,-3.130717e-04,2.617387e-03
494.440,-6.178480e-05,5.592621e-05,-5.644283e-04,2.380506e-03,-1.301903e-03,2.081040e-02,1.952550e-02,3.464618e-02,1.707099e-01,2.437968e-04,-4.646244e-04,2.792914e-03
494.640,-6.173966e-05,5.591130e-05,-5.641046e-04,2.379983e-03,-1.299877e-03,2.079607e-02,1.951319e-02,3.465737e-02,1.705973e-01,2.932091e-04,-2.476564e-04,2.617698e-03
494.840,-6.165933e-05,5.590880e-05,-5.637042e-04,2.379405e-03,-1.298186e-03,2.078212e-02,1.950090e-02,3.466857e-02,1.704849e-01,2.431026e-04,-4.653781e-04,2.790005e-03
495.040,-6.164064e-05,5.585063e-05,-5.633412e-04,2.378508e-03,-1.297599e-03,2.076870e-02,1.948861e-02,3.467976e-02,1.703725e-01,2.427627e-04,-4.651617e-04,2.787592e-03
495.240,-6.159065e-05,5.584785e-05,-5.630330e-04,2.378043e-03,-1.295193e-03,2.075390e-02,1.947633e-02,3.469094e-02,1.702602e-01,2.933812e-04,-2.439443e-04,2.611079e-03
495.440,-6.154682e-05,5.579682e-05,-5.626320e-04,2.377169e-03,-1.294491e-03,2.074038e-02,1.946407e-02,3.470211e-02,1.701480e-01,2.413177e-04,-4.676962e-04,2.781042e-03
495.640,-6.153088e-05,5.572901e-05,-5.622494e-04,2.376197e-03,-1.294304e-03,2.072740e-02,1.945181e-02,3.471328e-02,1.700358e-01,2.424451e-04,-4.641959e-04,2.782712e-03
495.840,-6.148915e-05,5.571211e-05,-5.619332e-04,2.375662e-03,-1.292263e-03,2.071298e-02,1.943955e-02,3.472443e-02,1.699237e-01,2.955527e-04,-2.360768e-04,2.605917e-03
496.040,-6.140919e-05,5.570916e-05,-5.615365e-04,2.375078e-03,-1.290541e-03,2.069894e-02,1.942731e-02,3.473559e-02,1.698117e-01,2.416053e-04,-4.654508e-04,2.779344e-03
496.240,-6.139393e-05,5.564848e-05,-5.611770e-04,2.374155e-03,-1.290021e-03,2.068554e-02,1.941507e-02,3.474673e-02,1.696997e-01,2.413541e-04,-4.651113e-04,2.777670e-03
496.440,-6.137304e-05,5.558154e-05,-5.608118e-04,2.373311e-03,-1.289231e-03,2.067206e-02,1.940284e-02,3.475787e-02,1.695879e-01,2.671587e-04,-3.119872e-04,2.599516e-03
496.640,-6.130569e-05,5.560819e-05,-5.605004e-04,2.372959e-03,-1.286578e-03,2.065740e-02,1.939062e-02,3.476900e-02,1.694761e-01,2.994027e-04,-2.261763e-04,2.608598e-03
496.840,-6.125722e-05,5.555993e-05,-5.601009e-04,2.372111e-03,-1.285742e-03,2.064374e-02,1.937841e-02,3.478013e-02,1.693643e-01,2.398535e-04,-4.670613e-04,2.769725e-03
497.040,-6.124514e-05,5.548812e-05,-5.597220e-04,2.371115e-03,-1.285619e-03,2.063080e-02,1.936620e-02,3.479124e-02,1.692527e-01,2.409123e-04,-4.639035e-04,2.771247e-03
497.240,-6.120633e-05,5.547030e-05,-5.594106e-04,2.370573e-03,-1.283606e-03,2.061645e-02,1.935400e-02,3.480235e-02,1.691411e-01,2.968947e-04,-2.283360e-04,2.596369e-03
497.440,-6.112460e-05,5.546789e-05,-5.590152e-04,2.370002e-03,-1.281824e-03,2.060239e-02,1.934182e-02,3.481345e-02,1.690296e-01,2.399732e-04,-4.655102e-04,2.767582e-03
497.640,-6.111139e-05,5.540547e-05,-5.586564e-04,2.369062e-03,-1.281369e-03,2.058907e-02,1.932964e-02,3.482455e-02,1.689181e-01,2.398136e-04,-4.649987e-04,2.766639e-03
497.840,-6.109327e-05,5.533548e-05,-5.582926e-04,2.368199e-03,-1.280655e-03,2.057567e-02,1.931746e-02,3.483564e-02,1.688068e-01,2.660112e-04,-3.107326e-04,2.588660e-03
498.040,-6.105800e-05,5.528390e-05,-5.578959e-04,2.367306e-03,-1.280261e-03,2.056277e-02,1.930530e-02,3.484671e-02,1.686955e-01,2.406813e-04,-4.614526e-04,2.763189e-03
498.240,-6.101362e-05,5.526982e-05,-5.575779e-04,2.366791e-03,-1.278230e-03,2.054856e-02,1.929313e-02,3.485778e-02,1.685843e-01,2.901664e-04,-2.449825e-04,2.589565e-03
498.440,-6.093377e-05,5.526795e-05,-5.571830e-04,2.366224e-03,-1.276528e-03,2.053472e-02,1.928098e-02,3.486884e-02,1.684731e-01,2.399283e-04,-4.624484e-04,2.760410e-03
498.640,-6.091600e-05,5.521006e-05,-5.568251e-04,2.365332e-03,-1.275950e-03,2.052144e-02,1.926884e-02,3.487990e-02,1.683620e-01,2.395870e-04,-4.622863e-04,2.758191e-03
498.840,-6.089294e-05,5.514663e-05,-5.564625e-04,2.364519e-03,-1.275102e-03,2.050806e-02,1.925671e-02,3.489095e-02,1.682510e-01,2.652216e-04,-3.101901e-04,2.580986e-03
499.040,-6.082588e-05,5.517250e-05,-5.561524e-04,2.364163e-03,-1.272484e-03,2.049349e-02,1.924458e-02,3.490199e-02,1.681401e-01,2.949247e-04,-2.302965e-04,2.587500e-03
499.240,-6.077854e-05,5.512438e-05,-5.557565e-04,2.363322e-03,-1.271667e-03,2.047999e-02,1.923247e-02,3.491303e-02,1.680292e-01,2.380251e-04,-4.643360e-04,2.749922e-03
499.440,-6.076483e-05,5.505599e-05,-5.553810e-04,2.362352e-03,-1.271495e-03,2.046714e-02,1.922036e-02,3.492406e-02,1.679184e-01,2.390711e-04,-4.611317e-04,2.751464e-03
499.640,-6.072495e-05,5.503877e-05,-5.550711e-04,2.361816e-03,-1.269476e-03,2.045284e-02,1.920825e-02,3.493508e-02,1.678077e-01,2.920887e-04,-2.335481e-04,2.575499e-03
499.840,-6.064650e-05,5.503558e-05,-5.546806e-04,2.361235e-03,-1.267765e-03,2.043892e-02,1.919616e-02,3.494610e-02,1.676971e-01,2.382189e-04,-4.625247e-04,2.748311e-03
500.040,-6.063267e-05,5.497453e-05,-5.543264e-04,2.360312e-03,-1.267267e-03,2.042566e-02,1.918408e-02,3.495711e-02,1.675865e-01,2.379762e-04,-4.622180e-04,2.746819e-03
500.240,-6.060260e-05,5.492117e-05,-5.539589e-04,2.359463e-03,-1.266503e-03,2.041224e-02,1.917200e-02,3.496811e-02,1.674760e-01,2.386080e-04,-4.604348e-04,2.746407e-03
500.440,-6.057852e-05,5.486442e-05,-5.536039e-04,2.358685e-03,-1.265539e-03,2.039888e-02,1.915993e-02,3.497910e-02,1.673655e-01,2.648261e-04,-3.079314e-04,2.572135e-03
500.640,-6.051197e-05,5.488883e-05,-5.532939e-04,2.358335e-03,-1.262946e-03,2.038446e-02,1.914786e-02,3.499009e-02,1.672552e-01,2.956634e-04,-2.247682e-04,2.578187e-03
500.840,-6.046305e-05,5.484093e-05,-5.528958e-04,2.357503e-03,-1.262138e-03,2.037106e-02,1.913581e-02,3.500107e-02,1.671449e-01,2.366101e-04,-4.632783e-04,2.737476e-03
501.040,-6.044777e-05,5.478081e-05,-5.525480e-04,2.356649e-03,-1.261394e-03,2.035771e-02,1.912376e-02,3.501204e-02,1.670347e-01,2.635664e-04,-3.048484e-04,2.558471e-03
501.240,-6.041450e-05,5.472575e-05,-5.521553e-04,2.355746e-03,-1.261039e-03,2.034489e-02,1.911172e-02,3.502301e-02,1.669245e-01,2.377286e-04,-4.593558e-04,2.737053e-03
501.440,-6.037289e-05,5.471026e-05,-5.518427e-04,2.355219e-03,-1.259063e-03,2.033079e-02,1.909969e-02,3.503396e-02,1.668144e-01,2.865297e-04,-2.441463e-04,2.562654e-03
501.640,-6.029528e-05,5.470704e-05,-5.514530e-04,2.354647e-03,-1.257397e-03,2.031707e-02,1.908767e-02,3.504491e-02,1.667044e-01,2.370502e-04,-4.602727e-04,2.734815e-03
501.840,-6.027921e-05,5.464775e-05,-5.510988e-04,2.353752e-03,-1.256859e-03,2.030393e-02,1.907565e-02,3.505586e-02,1.665945e-01,2.367175e-04,-4.601318e-04,2.732688e-03
502.040,-6.024384e-05,5.462612e-05,-5.507928e-04,2.353192e-03,-1.254926e-03,2.028975e-02,1.906365e-02,3.506679e-02,1.664846e-01,2.894582e-04,-2.327246e-04,2.555653e-03
502.240,-6.016627e-05,5.462218e-05,-5.504050e-04,2.352615e-03,-1.253230e-03,2.027594e-02,1.905165e-02,3.507773e-02,1.663748e-01,2.358485e-04,-4.618066e-04,2.729815e-03
502.440,-6.015550e-05,5.455741e-05,-5.500525e-04,2.351675e-03,-1.252821e-03,2.026283e-02,1.903966e-02,3.508866e-02,1.662651e-01,2.356027e-04,-4.615146e-04,2.728349e-03
502.640,-6.013894e-05,5.448663e-05,-5.496935e-04,2.350816e-03,-1.252155e-03,2.024967e-02,1.902768e-02,3.509958e-02,1.661554e-01,2.618310e-04,-3.073147e-04,2.550829e-03
502.840,-6.010487e-05,5.443441e-05,-5.493016e-04,2.349930e-03,-1.251799e-03,2.023699e-02,1.901570e-02,3.511048e-02,1.660459e-01,2.365061e-04,-4.579218e-04,2.725100e-03
503.040,-6.006161e-05,5.442016e-05,-5.489885e-04,2.349426e-03,-1.249804e-03,2.022304e-02,1.900372e-02,3.512137e-02,1.659364e-01,2.866234e-04,-2.403410e-04,2.552908e-03
503.240,-5.998176e-05,5.441832e-05,-5.485974e-04,2.348874e-03,-1.248117e-03,2.020943e-02,1.899176e-02,3.513227e-02,1.658269e-01,2.357404e-04,-4.589871e-04,2.722304e-03
503.440,-5.996502e-05,5.436011e-05,-5.482437e-04,2.347991e-03,-1.247580e-03,2.019640e-02,1.897981e-02,3.514316e-02,1.657175e-01,2.354184e-04,-4.587866e-04,2.720222e-03
503.640,-5.992937e-05,5.433859e-05,-5.479383e-04,2.347435e-03,-1.245660e-03,2.018230e-02,1.896787e-02,3.515404e-02,1.656082e-01,2.873574e-04,-2.335194e-04,2.542702e-03
503.840,-5.985271e-05,5.433443e-05,-5.475521e-04,2.346858e-03,-1.243996e-03,2.016860e-02,1.895593e-02,3.516491e-02,1.654990e-01,2.345908e-04,-4.603010e-04,2.717357e-03
504.040,-5.984161e-05,5.427023e-05,-5.472013e-04,2.345927e-03,-1.243583e-03,2.015557e-02,1.894401e-02,3.517579e-02,1.653899e-01,2.343296e-04,-4.600240e-04,2.715682e-03
504.240,-5.982454e-05,5.420054e-05,-5.468441e-04,2.345077e-03,-1.242906e-03,2.014248e-02,1.893209e-02,3.518664e-02,1.652808e-01,2.604094e-04,-3.063188e-04,2.538183e-03
504.440,-5.979031e-05,5.414929e-05,-5.464546e-04,2.344200e-03,-1.242541e-03,2.012986e-02,1.892017e-02,3.519749e-02,1.651718e-01,2.352044e-04,-4.564472e-04,2.712298e-03
504.640,-5.974703e-05,5.413538e-05,-5.461435e-04,2.343699e-03,-1.240548e-03,2.011596e-02,1.890826e-02,3.520833e-02,1.650628e-01,2.844960e-04,-2.409308e-04,2.539361e-03
504.840,-5.966824e-05,5.413379e-05,-5.457558e-04,2.343146e-03,-1.238874e-03,2.010241e-02,1.889636e-02,3.521917e-02,1.649539e-01,2.344484e-04,-4.574647e-04,2.709521e-03
505.040,-5.965143e-05,5.407627e-05,-5.454048e-04,2.342269e-03,-1.238327e-03,2.008942e-02,1.888447e-02,3.523000e-02,1.648451e-01,2.341113e-04,-4.572983e-04,2.707332e-03
505.240,-5.961569e-05,5.405554e-05,-5.451019e-04,2.341718e-03,-1.236400e-03,2.007537e-02,1.887259e-02,3.524082e-02,1.647364e-01,2.856470e-04,-2.331263e-04,2.529549e-03
505.440,-5.953951e-05,5.405203e-05,-5.447192e-04,2.341144e-03,-1.234732e-03,2.006171e-02,1.886072e-02,3.525164e-02,1.646278e-01,2.332669e-04,-4.588479e-04,2.704464e-03
505.640,-5.952847e-05,5.398855e-05,-5.443712e-04,2.340218e-03,-1.234309e-03,2.004872e-02,1.884885e-02,3.526246e-02,1.645192e-01,2.329957e-04,-4.586026e-04,2.702777e-03
505.840,-5.951150e-05,5.391966e-05,-5.440169e-04,2.339374e-03,-1.233624e-03,2.003567e-02,1.883699e-02,3.527326e-02,1.644106e-01,2.589975e-04,-3.052471e-04,2.525526e-03
506.040,-5.947747e-05,5.386905e-05,-5.436305e-04,2.338501e-03,-1.233249e-03,2.002310e-02,1.882514e-02,3.528405e-02,1.643022e-01,2.338472e-04,-4.551009e-04,2.699418e-03
506.240,-5.943450e-05,5.385583e-05,-5.433225e-04,2.338004e-03,-1.231249e-03,2.000923e-02,1.881329e-02,3.529483e-02,1.641938e-01,2.833877e-04,-2.390636e-04,2.526806e-03
506.440,-5.935559e-05,5.385499e-05,-5.429377e-04,2.337458e-03,-1.229558e-03,1.999572e-02,1.880146e-02,3.530561e-02,1.640855e-01,2.330542e-04,-4.562382e-04,2.696622e-03
506.640,-5.933918e-05,5.379781e-05,-5.425893e-04,2.336582e-03,-1.229012e-03,1.998278e-02,1.878963e-02,3.531639e-02,1.639773e-01,2.327209e-04,-4.560812e-04,2.694551e-03
506.840,-5.930402e-05,5.377759e-05,-5.422896e-04,2.336035e-03,-1.227083e-03,1.996878e-02,1.877781e-02,3.532715e-02,1.638691e-01,2.849447e-04,-2.303041e-04,2.517462e-03
507.040,-5.922723e-05,5.377494e-05,-5.419093e-04,2.335471e-03,-1.225388e-03,1.995515e-02,1.876600e-02,3.533792e-02,1.637610e-01,2.318262e-04,-4.577964e-04,2.691599e-03
507.240,-5.921674e-05,5.371158e-05,-5.415635e-04,2.334545e-03,-1.224975e-03,1.994221e-02,1.875420e-02,3.534868e-02,1.636529e-01,2.315708e-04,-4.575324e-04,2.690123e-03
507.440,-5.918990e-05,5.365609e-05,-5.412040e-04,2.333691e-03,-1.224306e-03,1.992914e-02,1.874240e-02,3.535942e-02,1.635450e-01,2.322690e-04,-4.556201e-04,2.689902e-03
507.640,-5.916817e-05,5.359830e-05,-5.408566e-04,2.332917e-03,-1.223417e-03,1.991613e-02,1.873061e-02,3.537016e-02,1.634371e-01,2.589102e-04,-3.022892e-04,2.516438e-03
507.840,-5.910174e-05,5.362537e-05,-5.405556e-04,2.332605e-03,-1.220811e-03,1.990207e-02,1.871882e-02,3.538089e-02,1.633293e-01,2.927628e-04,-2.123487e-04,2.525835e-03
508.040,-5.905156e-05,5.357950e-05,-5.401637e-04,2.331797e-03,-1.219993e-03,1.988894e-02,1.870705e-02,3.539162e-02,1.632215e-01,2.302963e-04,-4.583947e-04,2.681343e-03
508.240,-5.903931e-05,5.351679e-05,-5.398234e-04,2.330941e-03,-1.219342e-03,1.987596e-02,1.869529e-02,3.540234e-02,1.631138e-01,2.572782e-04,-3.003558e-04,2.502963e-03
508.440,-5.900834e-05,5.346015e-05,-5.394382e-04,2.330040e-03,-1.219060e-03,1.986347e-02,1.868352e-02,3.541305e-02,1.630062e-01,2.314448e-04,-4.545207e-04,2.680839e-03
508.640,-5.896853e-05,5.344552e-05,-5.391345e-04,2.329533e-03,-1.217124e-03,1.984974e-02,1.867177e-02,3.542375e-02,1.628987e-01,2.830326e-04,-2.325295e-04,2.508481e-03
508.840,-5.888842e-05,5.344447e-05,-5.387506e-04,2.329000e-03,-1.215413e-03,1.983631e-02,1.866003e-02,3.543445e-02,1.627912e-01,2.306751e-04,-4.556681e-04,2.678136e-03
509.040,-5.887412e-05,5.338501e-05,-5.384030e-04,2.328112e-03,-1.214949e-03,1.982353e-02,1.864829e-02,3.544514e-02,1.626838e-01,2.304103e-04,-4.553585e-04,2.676499e-03
509.240,-5.884443e-05,5.333297e-05,-5.380436e-04,2.327291e-03,-1.214231e-03,1.981059e-02,1.863656e-02,3.545582e-02,1.625765e-01,2.310583e-04,-4.534883e-04,2.676064e-03
509.440,-5.882066e-05,5.327777e-05,-5.376973e-04,2.326542e-03,-1.213302e-03,1.979767e-02,1.862484e-02,3.546649e-02,1.624692e-01,2.573868e-04,-3.011961e-04,2.502604e-03
509.640,-5.875465e-05,5.330335e-05,-5.373962e-04,2.326219e-03,-1.210748e-03,1.978368e-02,1.861312e-02,3.547716e-02,1.623620e-01,2.880216e-04,-2.185996e-04,2.508394e-03
509.840,-5.870617e-05,5.325718e-05,-5.370076e-04,2.325415e-03,-1.209966e-03,1.977070e-02,1.860142e-02,3.548783e-02,1.622549e-01,2.290781e-04,-4.561748e-04,2.666984e-03
510.040,-5.869162e-05,5.319835e-05,-5.366696e-04,2.324587e-03,-1.209254e-03,1.975777e-02,1.858972e-02,3.549848e-02,1.621478e-01,2.558592e-04,-2.987754e-04,2.488700e-03
510.240,-5.865919e-05,5.314475e-05,-5.362876e-04,2.323709e-03,-1.208918e-03,1.974533e-02,1.857803e-02,3.550913e-02,1.620408e-01,2.301635e-04,-4.523025e-04,2.666329e-03
510.440,-5.861865e-05,5.313082e-05,-5.359858e-04,2.323205e-03,-1.206973e-03,1.973163e-02,1.856635e-02,3.551976e-02,1.619339e-01,2.789098e-04,-2.376462e-04,2.492298e-03
510.640,-5.854180e-05,5.312942e-05,-5.356077e-04,2.322660e-03,-1.205314e-03,1.971827e-02,1.855467e-02,3.553040e-02,1.618271e-01,2.294480e-04,-4.532848e-04,2.663929e-03
510.840,-5.852681e-05,5.307158e-05,-5.352644e-04,2.321787e-03,-1.204802e-03,1.970551e-02,1.854301e-02,3.554103e-02,1.617203e-01,2.291208e-04,-4.531302e-04,2.661883e-03
511.040,-5.849607e-05,5.302232e-05,-5.349091e-04,2.320985e-03,-1.204027e-03,1.969257e-02,1.853135e-02,3.555165e-02,1.616136e-01,2.297090e-04,-4.513873e-04,2.661375e-03
511.240,-5.847184e-05,5.296918e-05,-5.345672e-04,2.320248e-03,-1.203055e-03,1.967967e-02,1.851969e-02,3.556226e-02,1.615070e-01,2.556066e-04,-3.004378e-04,2.488137e-03
511.440,-5.840671e-05,5.299474e-05,-5.342701e-04,2.319920e-03,-1.200503e-03,1.966568e-02,1.850805e-02,3.557286e-02,1.614004e-01,2.851818e-04,-2.202748e-04,2.492818e-03
511.640,-5.835930e-05,5.294929e-05,-5.338865e-04,2.319120e-03,-1.199712e-03,1.965273e-02,1.849642e-02,3.558347e-02,1.612939e-01,2.276614e-04,-4.543200e-04,2.652387e-03
511.840,-5.834463e-05,5.289207e-05,-5.335526e-04,2.318300e-03,-1.198970e-03,1.963981e-02,1.848479e-02,3.559406e-02,1.611874e-01,2.542609e-04,-2.976784e-04,2.474690e-03
512.040,-5.831234e-05,5.283967e-05,-5.331749e-04,2.317430e-03,-1.198605e-03,1.962739e-02,1.847316e-02,3.560465e-02,1.610811e-01,2.286881e-04,-4.506315e-04,2.651822e-03
512.240,-5.827221e-05,5.282659e-05,-5.328769e-04,2.316930e-03,-1.196645e-03,1.961371e-02,1.846155e-02,3.561522e-02,1.609748e-01,2.774421e-04,-2.363486e-04,2.478710e-03
512.440,-5.819561e-05,5.282592e-05,-5.325027e-04,2.316390e-03,-1.194964e-03,1.960037e-02,1.844994e-02,3.562580e-02,1.608686e-01,2.279173e-04,-4.518245e-04,2.649517e-03
512.640,-5.818119e-05,5.276843e-05,-5.321626e-04,2.315519e-03,-1.194448e-03,1.958764e-02,1.843835e-02,3.563637e-02,1.607624e-01,2.275866e-04,-4.517209e-04,2.647635e-03
512.840,-5.815118e-05,5.271912e-05,-5.318104e-04,2.314717e-03,-1.193676e-03,1.957476e-02,1.842675e-02,3.564693e-02,1.606563e-01,2.281708e-04,-4.500340e-04,2.647230e-03
513.040,-5.812762e-05,5.266608e-05,-5.314713e-04,2.313981e-03,-1.192708e-03,1.956190e-02,1.841517e-02,3.565747e-02,1.605503e-01,2.541815e-04,-2.990718e-04,2.474753e-03
513.240,-5.806256e-05,5.269256e-05,-5.311771e-04,2.313664e-03,-1.190140e-03,1.954798e-02,1.840359e-02,3.566802e-02,1.604443e-01,2.847839e-04,-2.166666e-04,2.480791e-03
513.440,-5.801486e-05,5.264759e-05,-5.307953e-04,2.312868e-03,-1.189338e-03,1.953507e-02,1.839203e-02,3.567856e-02,1.603385e-01,2.260915e-04,-4.531376e-04,2.638551e-03
513.640,-5.800129e-05,5.258938e-05,-5.304635e-04,2.312045e-03,-1.188620e-03,1.952223e-02,1.838047e-02,3.568909e-02,1.602326e-01,2.527617e-04,-2.965600e-04,2.461426e-03
513.840,-5.796982e-05,5.253616e-05,-5.300875e-04,2.311173e-03,-1.188277e-03,1.950988e-02,1.836891e-02,3.569962e-02,1.601269e-01,2.271245e-04,-4.495335e-04,2.638111e-03
514.040,-5.793036e-05,5.252313e-05,-5.297917e-04,2.310679e-03,-1.186328e-03,1.949630e-02,1.835736e-02,3.571013e-02,1.600212e-01,2.770431e-04,-2.326223e-04,2.466499e-03
514.240,-5.785265e-05,5.252287e-05,-5.294180e-04,2.310151e-03,-1.184628e-03,1.948304e-02,1.834583e-02,3.572065e-02,1.599156e-01,2.263132e-04,-4.508742e-04,2.635729e-03
514.440,-5.783894e-05,5.246489e-05,-5.290790e-04,2.309279e-03,-1.184141e-03,1.947041e-02,1.833430e-02,3.573115e-02,1.598101e-01,2.260091e-04,-4.507206e-04,2.634086e-03
514.640,-5.780986e-05,5.241445e-05,-5.287278e-04,2.308474e-03,-1.183405e-03,1.945762e-02,1.832278e-02,3.574165e-02,1.597046e-01,2.266178e-04,-4.489996e-04,2.633753e-03
514.840,-5.778696e-05,5.236067e-05,-5.283897e-04,2.307738e-03,-1.182467e-03,1.944487e-02,1.831126e-02,3.575214e-02,1.595992e-01,2.528437e-04,-2.975995e-04,2.461664e-03
515.040,-5.772184e-05,5.238746e-05,-5.280966e-04,2.307431e-03,-1.179905e-03,1.943107e-02,1.829975e-02,3.576262e-02,1.594938e-01,2.842053e-04,-2.135659e-04,2.468731e-03
515.240,-5.767378e-05,5.234251e-05,-5.277152e-04,2.306641e-03,-1.179111e-03,1.941826e-02,1.828825e-02,3.577310e-02,1.593886e-01,2.245615e-04,-4.520436e-04,2.625153e-03
515.440,-5.766087e-05,5.228341e-05,-5.273843e-04,2.305818e-03,-1.178424e-03,1.940553e-02,1.827676e-02,3.578358e-02,1.592834e-01,2.513097e-04,-2.953564e-04,2.448191e-03
515.640,-5.762987e-05,5.222954e-05,-5.270091e-04,2.304946e-03,-1.178109e-03,1.939328e-02,1.826527e-02,3.579404e-02,1.591782e-01,2.256194e-04,-4.483961e-04,2.624708e-03
515.840,-5.759073e-05,5.221630e-05,-5.267144e-04,2.304456e-03,-1.176180e-03,1.937981e-02,1.825379e-02,3.580449e-02,1.590732e-01,2.758648e-04,-2.307558e-04,2.453442e-03
516.040,-5.751281e-05,5.221600e-05,-5.263413e-04,2.303935e-03,-1.174490e-03,1.936665e-02,1.824232e-02,3.581494e-02,1.589682e-01,2.248174e-04,-4.496987e-04,2.622251e-03
516.240,-5.749933e-05,5.215789e-05,-5.260034e-04,2.303066e-03,-1.174022e-03,1.935412e-02,1.823086e-02,3.582539e-02,1.588632e-01,2.245247e-04,-4.495050e-04,2.620625e-03
516.440,-5.747051e-05,5.210727e-05,-5.256534e-04,2.302265e-03,-1.173304e-03,1.934144e-02,1.821940e-02,3.583583e-02,1.587584e-01,2.251433e-04,-4.477493e-04,2.620273e-03
516.640,-5.744782e-05,5.205346e-05,-5.253166e-04,2.301533e-03,-1.172382e-03,1.932879e-02,1.820795e-02,3.584625e-02,1.586536e-01,2.513832e-04,-2.963510e-04,2.448208e-03
516.840,-5.738288e-05,5.208025e-05,-5.250249e-04,2.301230e-03,-1.169835e-03,1.931508e-02,1.819651e-02,3.585667e-02,1.585488e-01,2.826423e-04,-2.125609e-04,2.455125e-03
517.040,-5.733501e-05,5.203541e-05,-5.246451e-04,2.300444e-03,-1.169053e-03,1.930235e-02,1.818508e-02,3.586709e-02,1.584442e-01,2.231089e-04,-4.506996e-04,2.611606e-03
517.240,-5.732217e-05,5.197656e-05,-5.243159e-04,2.299626e-03,-1.168374e-03,1.928971e-02,1.817366e-02,3.587750e-02,1.583396e-01,2.498280e-04,-2.941636e-04,2.434696e-03
517.440,-5.729127e-05,5.192300e-05,-5.239426e-04,2.298760e-03,-1.168064e-03,1.927755e-02,1.816224e-02,3.588790e-02,1.582351e-01,2.241663e-04,-4.470294e-04,2.611089e-03
517.640,-5.725228e-05,5.191002e-05,-5.236499e-04,2.298274e-03,-1.166143e-03,1.926415e-02,1.815082e-02,3.589829e-02,1.581306e-01,2.742484e-04,-2.298292e-04,2.439646e-03
517.840,-5.717466e-05,5.191002e-05,-5.232791e-04,2.297757e-03,-1.164459e-03,1.925106e-02,1.813942e-02,3.590869e-02,1.580262e-01,2.233662e-04,-4.483094e-04,2.608595e-03
518.040,-5.716129e-05,5.185227e-05,-5.229433e-04,2.296893e-03,-1.163995e-03,1.923861e-02,1.812803e-02,3.591907e-02,1.579219e-01,2.230722e-04,-4.481135e-04,2.606945e-03
518.240,-5.713263e-05,5.180207e-05,-5.225956e-04,2.296097e-03,-1.163279e-03,1.922600e-02,1.811664e-02,3.592945e-02,1.578177e-01,2.236879e-04,-4.463581e-04,2.606578e-03
518.440,-5.711009e-05,5.174875e-05,-5.222612e-04,2.295370e-03,-1.162358e-03,1.921341e-02,1.810526e-02,3.593981e-02,1.577135e-01,2.498901e-04,-2.951411e-04,2.434630e-03
518.640,-5.704534e-05,5.177605e-05,-5.219721e-04,2.295071e-03,-1.159810e-03,1.919977e-02,1.809388e-02,3.595017e-02,1.576094e-01,2.812540e-04,-2.110897e-04,2.441555e-03
518.840,-5.699755e-05,5.173184e-05,-5.215948e-04,2.294291e-03,-1.159026e-03,1.918710e-02,1.808252e-02,3.596053e-02,1.575053e-01,2.216473e-04,-4.493177e-04,2.597941e-03
519.040,-5.698504e-05,5.167322e-05,-5.212680e-04,2.293476e-03,-1.158351e-03,1.917452e-02,1.807116e-02,3.597088e-02,1.574013e-01,2.483122e-04,-2.930638e-04,2.421225e-03
519.240,-5.695444e-05,5.161996e-05,-5.208974e-04,2.292613e-03,-1.158041e-03,1.916241e-02,1.805981e-02,3.598122e-02,1.572974e-01,2.226905e-04,-4.456980e-04,2.597393e-03
519.440,-5.691579e-05,5.160755e-05,-5.206075e-04,2.292132e-03,-1.156120e-03,1.914909e-02,1.804846e-02,3.599155e-02,1.571936e-01,2.731830e-04,-2.275486e-04,2.426317e-03
519.640,-5.683779e-05,5.160839e-05,-5.202393e-04,2.291624e-03,-1.154416e-03,1.913604e-02,1.803713e-02,3.600188e-02,1.570898e-01,2.218519e-04,-4.470848e-04,2.594807e-03
519.840,-5.682480e-05,5.155092e-05,-5.199057e-04,2.290762e-03,-1.153959e-03,1.912365e-02,1.802580e-02,3.601221e-02,1.569861e-01,2.215688e-04,-4.468724e-04,2.593295e-03
520.040,-5.679676e-05,5.150058e-05,-5.195605e-04,2.289966e-03,-1.153257e-03,1.911111e-02,1.801448e-02,3.602252e-02,1.568824e-01,2.221914e-04,-4.451151e-04,2.592966e-03
520.240,-5.677468e-05,5.144743e-05,-5.192285e-04,2.289241e-03,-1.152344e-03,1.909859e-02,1.800316e-02,3.603282e-02,1.567788e-01,2.484841e-04,-2.937826e-04,2.421329e-03
520.440,-5.670987e-05,5.147574e-05,-5.189421e-04,2.288953e-03,-1.149783e-03,1.908501e-02,1.799185e-02,3.604312e-02,1.566753e-01,2.806731e-04,-2.078601e-04,2.429126e-03
520.640,-5.666163e-05,5.143243e-05,-5.185669e-04,2.288179e-03,-1.148985e-03,1.907240e-02,1.798056e-02,3.605342e-02,1.565719e-01,2.201398e-04,-4.481171e-04,2.584472e-03
520.840,-5.664995e-05,5.137323e-05,-5.182423e-04,2.287363e-03,-1.148329e-03,1.905988e-02,1.796926e-02,3.606371e-02,1.564685e-01,2.467994e-04,-2.920320e-04,2.407997e-03
521.040,-5.662000e-05,5.131962e-05,-5.178740e-04,2.286500e-03,-1.148033e-03,1.904785e-02,1.795798e-02,3.607399e-02,1.563652e-01,2.211801e-04,-4.445561e-04,2.583922e-03
521.240,-5.658186e-05,5.130767e-05,-5.175867e-04,2.286025e-03,-1.146116e-03,1.903460e-02,1.794670e-02,3.608426e-02,1.562619e-01,2.727052e-04,-2.239028e-04,2.413675e-03
521.440,-5.650274e-05,5.130957e-05,-5.172204e-04,2.285530e-03,-1.144378e-03,1.902160e-02,1.793543e-02,3.609453e-02,1.561588e-01,2.202813e-04,-4.461079e-04,2.581135e-03
521.640,-5.649029e-05,5.125209e-05,-5.168884e-04,2.284668e-03,-1.143942e-03,1.900929e-02,1.792417e-02,3.610480e-02,1.560556e-01,2.200271e-04,-4.458358e-04,2.579887e-03
521.840,-5.646317e-05,5.120098e-05,-5.165450e-04,2.283869e-03,-1.143267e-03,1.899683e-02,1.791291e-02,3.611505e-02,1.559526e-01,2.206703e-04,-4.440483e-04,2.579617e-03
522.040,-5.644173e-05,5.114752e-05,-5.162148e-04,2.283143e-03,-1.142376e-03,1.898439e-02,1.790166e-02,3.612530e-02,1.558496e-01,2.471395e-04,-2.923433e-04,2.408262e-03
522.240,-5.637673e-05,5.117693e-05,-5.159308e-04,2.282869e-03,-1.139802e-03,1.897091e-02,1.789042e-02,3.613554e-02,1.557467e-01,2.804522e-04,-2.038933e-04,2.417306e-03
522.440,-5.632776e-05,5.113445e-05,-5.155568e-04,2.282103e-03,-1.138992e-03,1.895835e-02,1.787919e-02,3.614578e-02,1.556439e-01,2.186226e-04,-4.470379e-04,2.571251e-03
522.640,-5.631705e-05,5.107430e-05,-5.152340e-04,2.281284e-03,-1.138364e-03,1.894592e-02,1.786797e-02,3.615601e-02,1.555411e-01,2.453000e-04,-2.910152e-04,2.394903e-03
522.840,-5.628781e-05,5.102007e-05,-5.148674e-04,2.280419e-03,-1.138091e-03,1.893397e-02,1.785675e-02,3.616622e-02,1.554384e-01,2.196715e-04,-4.434995e-04,2.570672e-03
523.040,-5.625280e-05,5.097920e-05,-5.145216e-04,2.279690e-03,-1.137288e-03,1.892167e-02,1.784553e-02,3.617643e-02,1.553357e-01,2.203775e-04,-4.413322e-04,2.570886e-03
523.240,-5.621456e-05,5.094159e-05,-5.141765e-04,2.279011e-03,-1.136330e-03,1.890935e-02,1.783432e-02,3.618663e-02,1.552331e-01,2.203737e-04,-4.406877e-04,2.568791e-03
523.440,-5.617596e-05,5.090755e-05,-5.138338e-04,2.278343e-03,-1.135345e-03,1.889704e-02,1.782312e-02,3.619683e-02,1.551306e-01,2.203871e-04,-4.398584e-04,2.567057e-03
523.640,-5.613669e-05,5.087418e-05,-5.134925e-04,2.277684e-03,-1.134323e-03,1.888469e-02,1.781193e-02,3.620702e-02,1.550282e-01,2.203359e-04,-4.392152e-04,2.565074e-03
523.840,-5.609451e-05,5.086822e-05,-5.132096e-04,2.277263e-03,-1.132240e-03,1.887145e-02,1.780075e-02,3.621720e-02,1.549258e-01,2.668832e-04,-2.321581e-04,2.392288e-03
524.040,-5.602115e-05,5.087017e-05,-5.128524e-04,2.276747e-03,-1.130602e-03,1.885856e-02,1.778958e-02,3.622738e-02,1.548235e-01,2.188927e-04,-4.416541e-04,2.561145e-03
524.240,-5.600574e-05,5.082503e-05,-5.125545e-04,2.276025e-03,-1.129501e-03,1.884568e-02,1.777841e-02,3.623756e-02,1.547213e-01,2.435385e-04,-2.911520e-04,2.382653e-03
524.440,-5.595414e-05,5.084249e-05,-5.122857e-04,2.275649e-03,-1.127111e-03,1.883202e-02,1.776726e-02,3.624773e-02,1.546191e-01,2.776530e-04,-1.996689e-04,2.390132e-03
524.640,-5.591370e-05,5.079107e-05,-5.119170e-04,2.274813e-03,-1.126495e-03,1.881949e-02,1.775611e-02,3.625790e-02,1.545170e-01,2.164543e-04,-4.462389e-04,2.553746e-03
524.840,-5.589724e-05,5.073981e-05,-5.115888e-04,2.273951e-03,-1.126008e-03,1.880711e-02,1.774497e-02,3.626807e-02,1.544149e-01,2.175384e-04,-4.434722e-04,2.556929e-03
525.040,-5.587143e-05,5.068572e-05,-5.112499e-04,2.273158e-03,-1.125311e-03,1.879470e-02,1.773383e-02,3.627822e-02,1.543129e-01,2.176817e-04,-4.429302e-04,2.555235e-03
525.240,-5.585381e-05,5.063155e-05,-5.109254e-04,2.272415e-03,-1.124498e-03,1.878241e-02,1.772270e-02,3.628836e-02,1.542110e-01,2.449447e-04,-2.890767e-04,2.385140e-03
525.440,-5.581980e-05,5.059129e-05,-5.105826e-04,2.271711e-03,-1.123648e-03,1.877023e-02,1.771157e-02,3.629849e-02,1.541091e-01,2.488136e-04,-2.794813e-04,2.387278e-03
525.640,-5.578248e-05,5.055412e-05,-5.102401e-04,2.271031e-03,-1.122719e-03,1.875803e-02,1.770045e-02,3.630861e-02,1.540074e-01,2.486993e-04,-2.795672e-04,2.386256e-03
525.840,-5.574429e-05,5.051797e-05,-5.098974e-04,2.270362e-03,-1.121767e-03,1.874584e-02,1.768934e-02,3.631873e-02,1.539056e-01,2.481522e-04,-2.802982e-04,2.384119e-03
526.040,-5.570540e-05,5.048375e-05,-5.095566e-04,2.269705e-03,-1.120777e-03,1.873363e-02,1.767823e-02,3.632884e-02,1.538040e-01,2.477482e-04,-2.803407e-04,2.381475e-03
526.240,-5.566610e-05,5.045063e-05,-5.092172e-04,2.269054e-03,-1.119760e-03,1.872139e-02,1.766713e-02,3.633894e-02,1.537024e-01,2.472359e-04,-2.807234e-04,2.378896e-03
526.440,-5.562670e-05,5.041863e-05,-5.088798e-04,2.268407e-03,-1.118717e-03,1.870913e-02,1.765604e-02,3.634903e-02,1.536009e-01,2.467390e-04,-2.809964e-04,2.376222e-03
526.640,-5.556152e-05,5.044583e-05,-5.085989e-04,2.268113e-03,-1.116187e-03,1.869567e-02,1.764496e-02,3.635913e-02,1.534995e-01,2.689607e-04,-2.198875e-04,2.377122e-03
526.840,-5.551801e-05,5.040368e-05,-5.082387e-04,2.267353e-03,-1.115408e-03,1.868328e-02,1.763390e-02,3.636922e-02,1.533981e-01,2.157274e-04,-4.415623e-04,2.536690e-03
527.040,-5.549073e-05,5.038686e-05,-5.079668e-04,2.266789e-03,-1.113692e-03,1.867003e-02,1.762283e-02,3.637931e-02,1.532967e-01,2.597968e-04,-2.363677e-04,2.358290e-03
527.240,-5.542536e-05,5.038137e-05,-5.076203e-04,2.266224e-03,-1.112157e-03,1.865714e-02,1.761178e-02,3.638939e-02,1.531955e-01,2.154271e-04,-4.421893e-04,2.538005e-03
527.440,-5.541804e-05,5.032681e-05,-5.073250e-04,2.265442e-03,-1.111270e-03,1.864445e-02,1.760073e-02,3.639947e-02,1.530943e-01,2.408706e-04,-2.888382e-04,2.359227e-03
527.640,-5.537172e-05,5.030462e-05,-5.069877e-04,2.264753e-03,-1.110179e-03,1.863181e-02,1.758969e-02,3.640954e-02,1.529931e-01,2.152589e-04,-4.420939e-04,2.537625e-03
527.840,-5.536109e-05,5.024643e-05,-5.066818e-04,2.263982e-03,-1.109320e-03,1.861929e-02,1.757866e-02,3.641961e-02,1.528921e-01,2.419302e-04,-2.879524e-04,2.362902e-03
528.040,-5.533778e-05,5.019268e-05,-5.063418e-04,2.263193e-03,-1.108737e-03,1.860726e-02,1.756763e-02,3.642966e-02,1.527911e-01,2.453896e-04,-2.798363e-04,2.365558e-03
528.240,-5.530745e-05,5.013934e-05,-5.059794e-04,2.262346e-03,-1.108464e-03,1.859552e-02,1.755660e-02,3.643970e-02,1.526901e-01,2.152959e-04,-4.402361e-04,2.531943e-03
528.440,-5.527224e-05,5.009677e-05,-5.056336e-04,2.261630e-03,-1.107714e-03,1.858354e-02,1.754558e-02,3.644973e-02,1.525892e-01,2.160177e-04,-4.381649e-04,2.532199e-03
528.640,-5.523421e-05,5.005836e-05,-5.052893e-04,2.260963e-03,-1.106819e-03,1.857157e-02,1.753457e-02,3.645976e-02,1.524884e-01,2.160551e-04,-4.374202e-04,2.530235e-03
528.840,-5.519559e-05,5.002328e-05,-5.049470e-04,2.260311e-03,-1.105895e-03,1.855960e-02,1.752356e-02,3.646977e-02,1.523877e-01,2.161070e-04,-4.365102e-04,2.528558e-03
529.040,-5.515628e-05,4.998917e-05,-5.046063e-04,2.259667e-03,-1.104934e-03,1.854760e-02,1.751257e-02,3.647978e-02,1.522870e-01,2.160909e-04,-4.357713e-04,2.526602e-03
529.240,-5.511674e-05,4.995671e-05,-5.042679e-04,2.259031e-03,-1.103939e-03,1.853556e-02,1.750158e-02,3.648979e-02,1.521864e-01,2.160456e-04,-4.350712e-04,2.524625e-03
529.440,-5.507447e-05,4.995037e-05,-5.039871e-04,2.258625e-03,-1.101902e-03,1.852263e-02,1.749060e-02,3.649978e-02,1.520859e-01,2.612849e-04,-2.318999e-04,2.352140e-03
529.640,-5.500280e-05,4.995160e-05,-5.036341e-04,2.258117e-03,-1.100333e-03,1.851006e-02,1.747963e-02,3.650978e-02,1.519854e-01,2.146516e-04,-4.373273e-04,2.520702e-03
529.840,-5.498714e-05,4.990708e-05,-5.033402e-04,2.257417e-03,-1.099246e-03,1.849744e-02,1.746867e-02,3.651978e-02,1.518850e-01,2.390704e-04,-2.876385e-04,2.342226e-03
530.040,-5.493606e-05,4.992358e-05,-5.030741e-04,2.257046e-03,-1.096915e-03,1.848405e-02,1.745771e-02,3.652977e-02,1.517847e-01,2.711508e-04,-2.012185e-04,2.348196e-03
530.240,-5.489696e-05,4.987257e-05,-5.027115e-04,2.256226e-03,-1.096334e-03,1.847181e-02,1.744677e-02,3.653975e-02,1.516844e-01,2.122217e-04,-4.418272e-04,2.512900e-03
530.440,-5.487658e-05,4.985055e-05,-5.024469e-04,2.255638e-03,-1.094743e-03,1.845878e-02,1.743583e-02,3.654973e-02,1.515842e-01,2.629940e-04,-2.188531e-04,2.337236e-03
530.640,-5.484222e-05,4.979370e-05,-5.020793e-04,2.254776e-03,-1.094383e-03,1.844680e-02,1.742490e-02,3.655971e-02,1.514840e-01,2.119433e-04,-4.419780e-04,2.511013e-03
530.840,-5.482080e-05,4.974548e-05,-5.017483e-04,2.253962e-03,-1.093886e-03,1.843481e-02,1.741397e-02,3.656967e-02,1.513839e-01,2.131214e-04,-4.388549e-04,2.514214e-03
531.040,-5.479205e-05,4.969477e-05,-5.014107e-04,2.253213e-03,-1.093179e-03,1.842279e-02,1.740304e-02,3.657962e-02,1.512839e-01,2.132448e-04,-4.382628e-04,2.512348e-03
531.240,-5.477207e-05,4.964390e-05,-5.010891e-04,2.252510e-03,-1.092349e-03,1.841083e-02,1.739212e-02,3.658956e-02,1.511839e-01,2.409081e-04,-2.842626e-04,2.343950e-03
531.440,-5.473643e-05,4.960562e-05,-5.007492e-04,2.251839e-03,-1.091502e-03,1.839897e-02,1.738121e-02,3.659949e-02,1.510840e-01,2.442982e-04,-2.755868e-04,2.345180e-03
531.640,-5.469815e-05,4.957042e-05,-5.004110e-04,2.251188e-03,-1.090576e-03,1.838707e-02,1.737031e-02,3.660942e-02,1.509842e-01,2.439948e-04,-2.757731e-04,2.343292e-03
531.840,-5.465941e-05,4.953606e-05,-5.000735e-04,2.250545e-03,-1.089628e-03,1.837516e-02,1.735941e-02,3.661934e-02,1.508845e-01,2.433041e-04,-2.766741e-04,2.340675e-03
532.040,-5.462033e-05,4.950354e-05,-4.997386e-04,2.249911e-03,-1.088641e-03,1.836321e-02,1.734852e-02,3.662925e-02,1.507848e-01,2.427992e-04,-2.768348e-04,2.337701e-03
532.240,-5.458114e-05,4.947204e-05,-4.994058e-04,2.249281e-03,-1.087627e-03,1.835122e-02,1.733764e-02,3.663916e-02,1.506851e-01,2.422212e-04,-2.773075e-04,2.334940e-03
532.440,-5.451623e-05,4.949997e-05,-4.991300e-04,2.249003e-03,-1.085124e-03,1.833802e-02,1.732677e-02,3.664906e-02,1.505856e-01,2.642998e-04,-2.165377e-04,2.335576e-03
532.640,-5.447300e-05,4.945889e-05,-4.987754e-04,2.248260e-03,-1.084361e-03,1.832589e-02,1.731591e-02,3.665897e-02,1.504861e-01,2.112543e-04,-4.373300e-04,2.494753e-03
532.840,-5.444612e-05,4.944275e-05,-4.985091e-04,2.247710e-03,-1.082669e-03,1.831289e-02,1.730505e-02,3.666886e-02,1.503866e-01,2.551226e-04,-2.330154e-04,2.316575e-03
533.040,-5.438126e-05,4.943831e-05,-4.981692e-04,2.247161e-03,-1.081145e-03,1.830024e-02,1.729421e-02,3.667876e-02,1.502873e-01,2.109345e-04,-4.379654e-04,2.495865e-03
533.240,-5.437442e-05,4.938469e-05,-4.978798e-04,2.246393e-03,-1.080279e-03,1.828778e-02,1.728337e-02,3.668865e-02,1.501879e-01,2.362277e-04,-2.853926e-04,2.317680e-03
533.440,-5.435499e-05,4.932971e-05,-4.975516e-04,2.245593e-03,-1.079723e-03,1.827581e-02,1.727253e-02,3.669853e-02,1.500887e-01,2.395668e-04,-2.782864e-04,2.321621e-03
533.640,-5.432876e-05,4.927654e-05,-4.972022e-04,2.244737e-03,-1.079469e-03,1.826416e-02,1.726170e-02,3.670840e-02,1.499895e-01,2.109702e-04,-4.361959e-04,2.491639e-03
533.840,-5.429676e-05,4.923350e-05,-4.968680e-04,2.244014e-03,-1.078731e-03,1.825225e-02,1.725088e-02,3.671826e-02,1.498904e-01,2.116507e-04,-4.342784e-04,2.491861e-03
534.040,-5.426142e-05,4.919516e-05,-4.965343e-04,2.243343e-03,-1.077846e-03,1.824036e-02,1.724006e-02,3.672811e-02,1.497913e-01,2.116840e-04,-4.336121e-04,2.490062e-03
534.240,-5.422520e-05,4.916007e-05,-4.962019e-04,2.242686e-03,-1.076935e-03,1.822850e-02,1.722925e-02,3.673795e-02,1.496923e-01,2.117351e-04,-4.327797e-04,2.488556e-03
534.440,-5.418800e-05,4.912595e-05,-4.958703e-04,2.242040e-03,-1.075989e-03,1.821663e-02,1.721844e-02,3.674779e-02,1.495934e-01,2.117244e-04,-4.321060e-04,2.486786e-03
534.640,-5.415031e-05,4.909344e-05,-4.955401e-04,2.241403e-03,-1.075013e-03,1.820473e-02,1.720764e-02,3.675762e-02,1.494945e-01,2.116907e-04,-4.314549e-04,2.485005e-03
534.840,-5.411237e-05,4.906192e-05,-4.952117e-04,2.240771e-03,-1.074010e-03,1.819280e-02,1.719686e-02,3.676744e-02,1.493958e-01,2.116197e-04,-4.308891e-04,2.483138e-03
535.040,-5.407440e-05,4.903132e-05,-4.948853e-04,2.240142e-03,-1.072984e-03,1.818084e-02,1.718607e-02,3.677726e-02,1.492970e-01,2.115233e-04,-4.303811e-04,2.481252e-03
535.240,-5.403580e-05,4.901050e-05,-4.945869e-04,2.239625e-03,-1.071409e-03,1.816835e-02,1.717530e-02,3.678707e-02,1.491984e-01,2.378064e-04,-2.820823e-04,2.315216e-03
535.440,-5.397156e-05,4.904516e-05,-4.943258e-04,2.239403e-03,-1.068712e-03,1.815515e-02,1.716453e-02,3.679688e-02,1.490998e-01,2.665147e-04,-2.030792e-04,2.316678e-03
535.640,-5.392820e-05,4.900732e-05,-4.939809e-04,2.238661e-03,-1.067855e-03,1.814285e-02,1.715378e-02,3.680669e-02,1.490012e-01,2.084615e-04,-4.361159e-04,2.472602e-03
535.840,-5.390703e-05,4.898722e-05,-4.937243e-04,2.238086e-03,-1.066213e-03,1.812987e-02,1.714304e-02,3.681650e-02,1.489027e-01,2.551917e-04,-2.244020e-04,2.295868e-03
536.040,-5.384119e-05,4.898352e-05,-4.933893e-04,2.237550e-03,-1.064614e-03,1.811719e-02,1.713230e-02,3.682631e-02,1.488043e-01,2.079602e-04,-4.376154e-04,2.473620e-03
536.240,-5.383930e-05,4.892617e-05,-4.931040e-04,2.236749e-03,-1.063865e-03,1.810486e-02,1.712157e-02,3.683610e-02,1.487059e-01,2.340292e-04,-2.829078e-04,2.296700e-03
536.440,-5.382463e-05,4.886570e-05,-4.927790e-04,2.235911e-03,-1.063434e-03,1.809302e-02,1.711084e-02,3.684589e-02,1.486076e-01,2.374678e-04,-2.758615e-04,2.301300e-03
536.640,-5.380117e-05,4.880846e-05,-4.924316e-04,2.235033e-03,-1.063264e-03,1.808148e-02,1.710011e-02,3.685567e-02,1.485094e-01,2.082521e-04,-4.355304e-04,2.470837e-03
536.840,-5.377108e-05,4.876182e-05,-4.920968e-04,2.234294e-03,-1.062618e-03,1.806976e-02,1.708939e-02,3.686543e-02,1.484112e-01,2.090254e-04,-4.334837e-04,2.471358e-03
537.040,-5.373711e-05,4.872058e-05,-4.917622e-04,2.233613e-03,-1.061820e-03,1.805809e-02,1.707868e-02,3.687519e-02,1.483131e-01,2.091335e-04,-4.326823e-04,2.469726e-03
537.240,-5.370160e-05,4.868310e-05,-4.914281e-04,2.232954e-03,-1.060989e-03,1.804646e-02,1.706797e-02,3.688494e-02,1.482151e-01,2.092620e-04,-4.316889e-04,2.468370e-03
537.440,-5.366469e-05,4.864704e-05,-4.910944e-04,2.232309e-03,-1.060115e-03,1.803483e-02,1.705727e-02,3.689468e-02,1.481171e-01,2.093171e-04,-4.308620e-04,2.466676e-03
537.640,-5.362696e-05,4.861304e-05,-4.907622e-04,2.231676e-03,-1.059204e-03,1.802318e-02,1.704658e-02,3.690441e-02,1.480192e-01,2.093412e-04,-4.300578e-04,2.464925e-03
537.840,-5.358875e-05,4.858041e-05,-4.904319e-04,2.231052e-03,-1.058259e-03,1.801150e-02,1.703589e-02,3.691414e-02,1.479214e-01,2.093179e-04,-4.293471e-04,2.463037e-03
538.040,-5.355037e-05,4.854907e-05,-4.901038e-04,2.230433e-03,-1.057283e-03,1.799978e-02,1.702521e-02,3.692386e-02,1.478236e-01,2.092601e-04,-4.287033e-04,2.461090e-03
538.240,-5.351204e-05,4.851873e-05,-4.897782e-04,2.229817e-03,-1.056280e-03,1.798801e-02,1.701454e-02,3.693357e-02,1.477259e-01,2.091688e-04,-4.281374e-04,2.459095e-03
538.440,-5.347311e-05,4.849839e-05,-4.894815e-04,2.229313e-03,-1.054720e-03,1.797570e-02,1.700388e-02,3.694328e-02,1.476282e-01,2.354157e-04,-2.798402e-04,2.292667e-03
538.640,-5.340969e-05,4.853132e-05,-4.892210e-04,2.229086e-03,-1.052089e-03,1.796266e-02,1.699323e-02,3.695299e-02,1.475307e-01,2.623653e-04,-2.050068e-04,2.292464e-03
538.840,-5.336770e-05,4.849229e-05,-4.888778e-04,2.228347e-03,-1.051293e-03,1.795058e-02,1.698259e-02,3.696270e-02,1.474331e-01,2.061733e-04,-4.336052e-04,2.450079e-03
539.040,-5.334553e-05,4.847334e-05,-4.886224e-04,2.227784e-03,-1.049662e-03,1.793775e-02,1.697195e-02,3.697240e-02,1.473357e-01,2.514073e-04,-2.257023e-04,2.272351e-03
539.240,-5.328149e-05,4.846916e-05,-4.882908e-04,2.227246e-03,-1.048123e-03,1.792525e-02,1.696133e-02,3.698210e-02,1.472383e-01,2.057704e-04,-4.347223e-04,2.451246e-03
539.440,-5.327855e-05,4.841321e-05,-4.880085e-04,2.226464e-03,-1.047353e-03,1.791304e-02,1.695071e-02,3.699180e-02,1.471409e-01,2.314440e-04,-2.813080e-04,2.274146e-03
539.640,-5.326273e-05,4.835519e-05,-4.876870e-04,2.225648e-03,-1.046891e-03,1.790132e-02,1.694009e-02,3.700148e-02,1.470436e-01,2.349101e-04,-2.741026e-04,2.278598e-03
539.840,-5.323875e-05,4.829999e-05,-4.873437e-04,2.224788e-03,-1.046698e-03,1.788989e-02,1.692948e-02,3.701116e-02,1.469464e-01,2.059689e-04,-4.327639e-04,2.447906e-03
540.040,-5.320853e-05,4.825510e-05,-4.870138e-04,2.224063e-03,-1.046032e-03,1.787827e-02,1.691887e-02,3.702082e-02,1.468492e-01,2.067054e-04,-4.307792e-04,2.448326e-03
540.240,-5.317491e-05,4.822438e-05,-4.867084e-04,2.223503e-03,-1.044744e-03,1.786631e-02,1.690826e-02,3.703048e-02,1.467522e-01,2.356018e-04,-2.774379e-04,2.287412e-03
540.440,-5.314193e-05,4.818781e-05,-4.863833e-04,2.222856e-03,-1.043864e-03,1.785472e-02,1.689767e-02,3.704012e-02,1.466551e-01,2.368802e-04,-2.716161e-04,2.282897e-03
540.640,-5.309600e-05,4.815969e-05,-4.860418e-04,2.222188e-03,-1.043065e-03,1.784312e-02,1.688708e-02,3.704977e-02,1.465582e-01,2.064913e-04,-4.294297e-04,2.443612e-03
540.840,-5.306258e-05,4.813031e-05,-4.857413e-04,2.221636e-03,-1.041740e-03,1.783112e-02,1.687650e-02,3.705940e-02,1.464613e-01,2.341571e-04,-2.782072e-04,2.279626e-03
541.040,-5.303045e-05,4.809347e-05,-4.854180e-04,2.220988e-03,-1.040865e-03,1.781954e-02,1.686593e-02,3.706903e-02,1.463644e-01,2.353522e-04,-2.726114e-04,2.275098e-03
541.240,-5.298547e-05,4.806718e-05,-4.850808e-04,2.220323e-03,-1.040051e-03,1.780791e-02,1.685536e-02,3.707866e-02,1.462677e-01,2.061920e-04,-4.282917e-04,2.438881e-03
541.440,-5.295229e-05,4.803826e-05,-4.847841e-04,2.219773e-03,-1.038691e-03,1.779584e-02,1.684480e-02,3.708827e-02,1.461710e-01,2.330033e-04,-2.787163e-04,2.273077e-03
541.640,-5.292088e-05,4.800207e-05,-4.844643e-04,2.219126e-03,-1.037798e-03,1.778421e-02,1.683425e-02,3.709789e-02,1.460743e-01,2.341881e-04,-2.732037e-04,2.268689e-03
541.840,-5.287688e-05,4.797691e-05,-4.841316e-04,2.218460e-03,-1.036964e-03,1.777254e-02,1.682371e-02,3.710749e-02,1.459777e-01,2.057776e-04,-4.274405e-04,2.433947e-03
542.040,-5.284425e-05,4.794837e-05,-4.838384e-04,2.217908e-03,-1.035581e-03,1.776040e-02,1.681317e-02,3.711709e-02,1.458812e-01,2.321111e-04,-2.789554e-04,2.267595e-03
542.240,-5.281358e-05,4.791265e-05,-4.835220e-04,2.217258e-03,-1.034672e-03,1.774873e-02,1.680264e-02,3.712668e-02,1.457847e-01,2.333426e-04,-2.734076e-04,2.263434e-03
542.440,-5.277041e-05,4.788796e-05,-4.831929e-04,2.216590e-03,-1.033822e-03,1.773701e-02,1.679212e-02,3.713627e-02,1.456884e-01,2.052974e-04,-4.268340e-04,2.429104e-03
542.640,-5.273842e-05,4.785958e-05,-4.829023e-04,2.216035e-03,-1.032430e-03,1.772484e-02,1.678160e-02,3.714585e-02,1.455920e-01,2.314628e-04,-2.789109e-04,2.263025e-03
542.840,-5.270836e-05,4.782410e-05,-4.825886e-04,2.215382e-03,-1.031510e-03,1.771314e-02,1.677110e-02,3.715543e-02,1.454958e-01,2.327735e-04,-2.732354e-04,2.259089e-03
543.040,-5.266576e-05,4.779937e-05,-4.822617e-04,2.214712e-03,-1.030651e-03,1.770139e-02,1.676060e-02,3.716500e-02,1.453995e-01,2.047892e-04,-4.264138e-04,2.424488e-03
543.240,-5.263433e-05,4.777097e-05,-4.819727e-04,2.214153e-03,-1.029260e-03,1.768922e-02,1.675010e-02,3.717456e-02,1.453034e-01,2.310064e-04,-2.786077e-04,2.259085e-03
543.440,-5.260470e-05,4.773549e-05,-4.816606e-04,2.213498e-03,-1.028337e-03,1.767750e-02,1.673961e-02,3.718412e-02,1.452073e-01,2.323986e-04,-2.727764e-04,2.255322e-03
543.640,-5.256240e-05,4.771042e-05,-4.813347e-04,2.212826e-03,-1.027477e-03,1.766576e-02,1.672913e-02,3.719367e-02,1.451113e-01,2.042794e-04,-4.261121e-04,2.420132e-03
543.840,-5.253137e-05,4.768185e-05,-4.810465e-04,2.212266e-03,-1.026093e-03,1.765360e-02,1.671866e-02,3.720322e-02,1.450153e-01,2.306676e-04,-2.781229e-04,2.255474e-03
544.040,-5.250198e-05,4.764620e-05,-4.807351e-04,2.211610e-03,-1.025173e-03,1.764191e-02,1.670819e-02,3.721276e-02,1.449194e-01,2.321224e-04,-2.721608e-04,2.251818e-03
544.240,-5.245979e-05,4.762065e-05,-4.804093e-04,2.210937e-03,-1.024319e-03,1.763018e-02,1.669773e-02,3.722229e-02,1.448236e-01,2.037843e-04,-4.258614e-04,2.416000e-03
544.440,-5.242900e-05,4.759183e-05,-4.801211e-04,2.210376e-03,-1.022947e-03,1.761807e-02,1.668727e-02,3.723182e-02,1.447278e-01,2.303731e-04,-2.775539e-04,2.251945e-03
544.640,-5.239972e-05,4.755590e-05,-4.798097e-04,2.209721e-03,-1.022034e-03,1.760640e-02,1.667683e-02,3.724134e-02,1.446321e-01,2.318622e-04,-2.715148e-04,2.248333e-03
544.840,-5.235752e-05,4.752987e-05,-4.794835e-04,2.209048e-03,-1.021190e-03,1.759472e-02,1.666639e-02,3.725086e-02,1.445364e-01,2.033116e-04,-4.256062e-04,2.412020e-03
545.040,-5.232682e-05,4.750079e-05,-4.791950e-04,2.208489e-03,-1.019829e-03,1.758265e-02,1.665595e-02,3.726037e-02,1.444409e-01,2.300663e-04,-2.769868e-04,2.248331e-03
545.240,-5.229757e-05,4.746455e-05,-4.788833e-04,2.207835e-03,-1.018927e-03,1.757103e-02,1.664553e-02,3.726987e-02,1.443453e-01,2.315618e-04,-2.709289e-04,2.244715e-03
545.440,-5.225532e-05,4.743816e-05,-4.785565e-04,2.207163e-03,-1.018095e-03,1.755939e-02,1.663511e-02,3.727937e-02,1.442498e-01,2.028613e-04,-4.253105e-04,2.408110e-03
545.640,-5.222463e-05,4.740886e-05,-4.782678e-04,2.206606e-03,-1.016744e-03,1.754737e-02,1.662469e-02,3.728886e-02,1.441544e-01,2.297143e-04,-2.764774e-04,2.244550e-03
545.840,-5.219536e-05,4.737236e-05,-4.779557e-04,2.205954e-03,-1.015853e-03,1.753580e-02,1.661429e-02,3.729835e-02,1.440591e-01,2.311958e-04,-2.704448e-04,2.240898e-03
546.040,-5.215305e-05,4.734577e-05,-4.776285e-04,2.205284e-03,-1.015030e-03,1.752421e-02,1.660389e-02,3.730783e-02,1.439638e-01,2.024281e-04,-4.249606e-04,2.404196e-03
546.240,-5.212233e-05,4.731633e-05,-4.773397e-04,2.204729e-03,-1.013687e-03,1.751223e-02,1.659349e-02,3.731730e-02,1.438686e-01,2.293070e-04,-2.760463e-04,2.240586e-03
546.440,-5.209304e-05,4.727967e-05,-4.770274e-04,2.204078e-03,-1.012804e-03,1.750070e-02,1.658311e-02,3.732677e-02,1.437734e-01,2.307642e-04,-2.700628e-04,2.236886e-03
546.640,-5.205072e-05,4.725305e-05,-4.767002e-04,2.203411e-03,-1.011990e-03,1.748915e-02,1.657273e-02,3.733623e-02,1.436783e-01,2.020042e-04,-4.245611e-04,2.400229e-03
546.840,-5.201997e-05,4.722357e-05,-4.764115e-04,2.202858e-03,-1.010650e-03,1.747721e-02,1.656236e-02,3.734568e-02,1.435833e-01,2.288519e-04,-2.756865e-04,2.236474e-03
547.040,-5.199068e-05,4.718685e-05,-4.760994e-04,2.202210e-03,-1.009774e-03,1.746572e-02,1.655199e-02,3.735513e-02,1.434883e-01,2.302838e-04,-2.697567e-04,2.232730e-03
547.240,-5.194838e-05,4.716032e-05,-4.757725e-04,2.201544e-03,-1.008964e-03,1.745420e-02,1.654163e-02,3.736457e-02,1.433934e-01,2.015819e-04,-4.241272e-04,2.396191e-03
547.440,-5.191762e-05,4.713088e-05,-4.754843e-04,2.200993e-03,-1.007627e-03,1.744228e-02,1.653128e-02,3.737401e-02,1.432985e-01,2.283659e-04,-2.753752e-04,2.232273e-03
547.640,-5.188837e-05,4.709422e-05,-4.751726e-04,2.200347e-03,-1.006754e-03,1.743082e-02,1.652093e-02,3.738344e-02,1.432038e-01,2.297781e-04,-2.694899e-04,2.228502e-03
547.840,-5.184615e-05,4.706785e-05,-4.748464e-04,2.199683e-03,-1.005946e-03,1.741933e-02,1.651060e-02,3.739286e-02,1.431090e-01,2.011558e-04,-4.236774e-04,2.392084e-03
548.040,-5.181541e-05,4.703850e-05,-4.745589e-04,2.199133e-03,-1.004609e-03,1.740743e-02,1.650026e-02,3.740228e-02,1.430144e-01,2.278687e-04,-2.750848e-04,2.228049e-03
548.240,-5.178623e-05,4.700196e-05,-4.742479e-04,2.198488e-03,-1.003737e-03,1.739599e-02,1.648994e-02,3.741169e-02,1.429198e-01,2.292698e-04,-2.692271e-04,2.224267e-03
548.440,-5.174411e-05,4.697576e-05,-4.739226e-04,2.197826e-03,-1.002930e-03,1.738453e-02,1.647962e-02,3.742109e-02,1.428252e-01,2.007233e-04,-4.232280e-04,2.387930e-03
548.640,-5.171345e-05,4.694654e-05,-4.736358e-04,2.197278e-03,-1.001593e-03,1.737264e-02,1.646931e-02,3.743049e-02,1.427307e-01,2.273768e-04,-2.747908e-04,2.223851e-03
548.840,-5.168434e-05,4.691015e-05,-4.733258e-04,2.196634e-03,-1.000720e-03,1.736122e-02,1.645900e-02,3.743988e-02,1.426363e-01,2.287758e-04,-2.689425e-04,2.220076e-03
549.040,-5.164234e-05,4.688411e-05,-4.730014e-04,2.195973e-03,-9.999121e-04,1.734977e-02,1.644871e-02,3.744927e-02,1.425419e-01,2.002845e-04,-4.227902e-04,2.383755e-03
549.240,-5.161177e-05,4.685501e-05,-4.727155e-04,2.195425e-03,-9.985758e-04,1.733790e-02,1.643842e-02,3.745865e-02,1.424476e-01,2.269007e-04,-2.744769e-04,2.219711e-03
549.440,-5.158277e-05,4.681878e-05,-4.724063e-04,2.194782e-03,-9.977026e-04,1.732649e-02,1.642813e-02,3.746802e-02,1.423534e-01,2.283049e-04,-2.686226e-04,2.215954e-03
549.640,-5.154088e-05,4.679284e-05,-4.720828e-04,2.194122e-03,-9.968936e-04,1.731506e-02,1.641785e-02,3.747739e-02,1.422592e-01,1.998408e-04,-4.223692e-04,2.379584e-03
549.840,-5.151042e-05,4.676386e-05,-4.717977e-04,2.193575e-03,-9.955582e-04,1.730321e-02,1.640758e-02,3.748675e-02,1.421651e-01,2.264448e-04,-2.741359e-04,2.215639e-03
550.040,-5.148151e-05,4.672777e-05,-4.714894e-04,2.192933e-03,-9.946846e-04,1.729182e-02,1.639732e-02,3.749611e-02,1.420710e-01,2.278583e-04,-2.682658e-04,2.211906e-03
550.240,-5.143971e-05,4.670189e-05,-4.711668e-04,2.192274e-03,-9.938753e-04,1.728040e-02,1.638706e-02,3.750546e-02,1.419770e-01,1.993947e-04,-4.219651e-04,2.375433e-03
550.440,-5.140937e-05,4.667301e-05,-4.708824e-04,2.191728e-03,-9.925418e-04,1.726857e-02,1.637681e-02,3.751480e-02,1.418831e-01,2.260074e-04,-2.737690e-04,2.211629e-03
550.640,-5.138054e-05,4.663703e-05,-4.705749e-04,2.191087e-03,-9.916684e-04,1.725719e-02,1.636656e-02,3.752414e-02,1.417892e-01,2.274317e-04,-2.678794e-04,2.207919e-03
550.840,-5.133882e-05,4.661118e-05,-4.702530e-04,2.190428e-03,-9.908595e-04,1.724579e-02,1.635633e-02,3.753347e-02,1.416954e-01,1.989483e-04,-4.215742e-04,2.371312e-03
551.040,-5.130858e-05,4.658237e-05,-4.699693e-04,2.189883e-03,-9.895285e-04,1.723398e-02,1.634610e-02,3.754280e-02,1.416017e-01,2.255838e-04,-2.733831e-04,2.207664e-03
551.240,-5.127983e-05,4.654647e-05,-4.696625e-04,2.189243e-03,-9.886561e-04,1.722262e-02,1.633587e-02,3.755212e-02,1.415080e-01,2.270180e-04,-2.674750e-04,2.203975e-03
551.440,-5.123817e-05,4.652063e-05,-4.693412e-04,2.188585e-03,-9.878483e-04,1.721124e-02,1.632565e-02,3.756143e-02,1.414144e-01,1.985037e-04,-4.211913e-04,2.367221e-03
551.640,-5.120802e-05,4.649188e-05,-4.690580e-04,2.188041e-03,-9.865205e-04,1.719946e-02,1.631544e-02,3.757074e-02,1.413208e-01,2.251677e-04,-2.729873e-04,2.203725e-03
551.840,-5.117932e-05,4.645604e-05,-4.687518e-04,2.187402e-03,-9.856496e-04,1.718812e-02,1.630524e-02,3.758004e-02,1.412273e-01,2.266094e-04,-2.670654e-04,2.200051e-03
552.040,-5.113772e-05,4.643020e-05,-4.684310e-04,2.186746e-03,-9.848437e-04,1.717676e-02,1.629504e-02,3.758934e-02,1.411338e-01,1.980618e-04,-4.208112e-04,2.363158e-03
552.240,-5.110765e-05,4.640149e-05,-4.681484e-04,2.186202e-03,-9.835192e-04,1.716501e-02,1.628485e-02,3.759863e-02,1.410404e-01,2.247534e-04,-2.725904e-04,2.199795e-03
552.440,-5.107900e-05,4.636571e-05,-4.678428e-04,2.185565e-03,-9.826504e-04,1.715369e-02,1.627467e-02,3.760791e-02,1.409471e-01,2.261998e-04,-2.666604e-04,2.196132e-03
552.640,-5.103744e-05,4.633986e-05,-4.675225e-04,2.184910e-03,-9.818467e-04,1.714236e-02,1.626449e-02,3.761719e-02,1.408538e-01,1.976230e-04,-4.204297e-04,2.359114e-03
552.840,-5.100744e-05,4.631119e-05,-4.672404e-04,2.184367e-03,-9.805254e-04,1.713062e-02,1.625432e-02,3.762646e-02,1.407606e-01,2.243365e-04,-2.721992e-04,2.195862e-03
553.040,-5.097884e-05,4.627546e-05,-4.669353e-04,2.183731e-03,-9.796589e-04,1.711934e-02,1.624415e-02,3.763572e-02,1.406675e-01,2.257852e-04,-2.662662e-04,2.192205e-03
553.240,-5.093732e-05,4.624962e-05,-4.666155e-04,2.183077e-03,-9.788574e-04,1.710802e-02,1.623399e-02,3.764498e-02,1.405744e-01,1.971870e-04,-4.200447e-04,2.355082e-03
553.440,-5.090738e-05,4.622100e-05,-4.663339e-04,2.182536e-03,-9.775393e-04,1.709632e-02,1.622384e-02,3.765424e-02,1.404814e-01,2.239151e-04,-2.718170e-04,2.191920e-03
553.640,-5.087884e-05,4.618532e-05,-4.660293e-04,2.181901e-03,-9.766750e-04,1.708505e-02,1.621370e-02,3.766348e-02,1.403884e-01,2.253644e-04,-2.658847e-04,2.188268e-03
553.840,-5.083736e-05,4.615951e-05,-4.657100e-04,2.181248e-03,-9.758757e-04,1.707376e-02,1.620356e-02,3.767273e-02,1.402955e-01,1.967531e-04,-4.196554e-04,2.351056e-03
554.040,-5.080748e-05,4.613094e-05,-4.654289e-04,2.180709e-03,-9.745605e-04,1.706208e-02,1.619343e-02,3.768196e-02,1.402026e-01,2.234888e-04,-2.714443e-04,2.187969e-03
554.240,-5.077899e-05,4.609532e-05,-4.651248e-04,2.180075e-03,-9.736983e-04,1.705084e-02,1.618331e-02,3.769119e-02,1.401099e-01,2.249380e-04,-2.655143e-04,2.184320e-03
554.440,-5.073757e-05,4.606954e-05,-4.648061e-04,2.179424e-03,-9.729010e-04,1.703957e-02,1.617319e-02,3.770041e-02,1.400171e-01,1.963207e-04,-4.192628e-04,2.347032e-03
554.640,-5.070775e-05,4.604103e-05,-4.645255e-04,2.178885e-03,-9.715884e-04,1.702792e-02,1.616308e-02,3.770963e-02,1.399245e-01,2.230588e-04,-2.710795e-04,2.184014e-03
554.840,-5.067931e-05,4.600547e-05,-4.642220e-04,2.178253e-03,-9.707280e-04,1.701670e-02,1.615297e-02,3.771884e-02,1.398318e-01,2.245080e-04,-2.651518e-04,2.180368e-03
555.040,-5.063794e-05,4.597973e-05,-4.639038e-04,2.177603e-03,-9.699324e-04,1.700546e-02,1.614287e-02,3.772805e-02,1.397393e-01,1.958889e-04,-4.188683e-04,2.343008e-03
555.240,-5.060819e-05,4.595129e-05,-4.636238e-04,2.177065e-03,-9.686223e-04,1.699382e-02,1.613278e-02,3.773725e-02,1.396468e-01,2.226269e-04,-2.707198e-04,2.180058e-03
555.440,-5.057981e-05,4.591581e-05,-4.633209e-04,2.176434e-03,-9.677635e-04,1.698263e-02,1.612270e-02,3.774644e-02,1.395544e-01,2.240767e-04,-2.647931e-04,2.176418e-03
555.640,-5.053851e-05,4.589012e-05,-4.630034e-04,2.175785e-03,-9.669695e-04,1.697140e-02,1.611262e-02,3.775563e-02,1.394620e-01,1.954575e-04,-4.184736e-04,2.338986e-03
555.840,-5.050883e-05,4.586174e-05,-4.627239e-04,2.175249e-03,-9.656617e-04,1.695979e-02,1.610255e-02,3.776481e-02,1.393697e-01,2.221950e-04,-2.703622e-04,2.176108e-03
556.040,-5.048050e-05,4.582634e-05,-4.624217e-04,2.174619e-03,-9.648044e-04,1.694862e-02,1.609248e-02,3.777398e-02,1.392775e-01,2.236463e-04,-2.644349e-04,2.172474e-03
556.240,-5.043926e-05,4.580070e-05,-4.621047e-04,2.173972e-03,-9.640117e-04,1.693742e-02,1.608242e-02,3.778315e-02,1.391853e-01,1.950262e-04,-4.180801e-04,2.334967e-03
556.440,-5.040966e-05,4.577239e-05,-4.618259e-04,2.173437e-03,-9.627063e-04,1.692583e-02,1.607237e-02,3.779231e-02,1.390931e-01,2.217645e-04,-2.700044e-04,2.172167e-03
556.640,-5.038140e-05,4.573707e-05,-4.615242e-04,2.172808e-03,-9.618503e-04,1.691467e-02,1.606232e-02,3.780147e-02,1.390011e-01,2.232182e-04,-2.640746e-04,2.168542e-03
556.840,-5.034023e-05,4.571147e-05,-4.612079e-04,2.172162e-03,-9.610589e-04,1.690349e-02,1.605229e-02,3.781062e-02,1.389091e-01,1.945951e-04,-4.176888e-04,2.330953e-03
557.040,-5.031070e-05,4.568323e-05,-4.609296e-04,2.171628e-03,-9.597559e-04,1.689193e-02,1.604225e-02,3.781977e-02,1.388171e-01,2.213364e-04,-2.696449e-04,2.168239e-03
557.240,-5.028250e-05,4.564799e-05,-4.606286e-04,2.171000e-03,-9.589013e-04,1.688080e-02,1.603223e-02,3.782891e-02,1.387252e-01,2.227930e-04,-2.637113e-04,2.164623e-03
557.440,-5.024139e-05,4.562244e-05,-4.603129e-04,2.170355e-03,-9.581112e-04,1.686964e-02,1.602221e-02,3.783804e-02,1.386334e-01,1.941643e-04,-4.172999e-04,2.326948e-03
557.640,-5.021194e-05,4.559426e-05,-4.600352e-04,2.169822e-03,-9.568107e-04,1.685809e-02,1.601220e-02,3.784717e-02,1.385416e-01,2.209110e-04,-2.692834e-04,2.164324e-03
557.840,-5.018380e-05,4.555910e-05,-4.597348e-04,2.169196e-03,-9.559575e-04,1.684698e-02,1.600219e-02,3.785629e-02,1.384499e-01,2.223709e-04,-2.633451e-04,2.160717e-03
558.040,-5.014276e-05,4.553358e-05,-4.594197e-04,2.168552e-03,-9.551687e-04,1.683584e-02,1.599219e-02,3.786541e-02,1.383583e-01,1.937340e-04,-4.169134e-04,2.322952e-03
558.240,-5.011339e-05,4.550547e-05,-4.591426e-04,2.168020e-03,-9.538707e-04,1.682432e-02,1.598220e-02,3.787452e-02,1.382667e-01,2.204879e-04,-2.689199e-04,2.160420e-03
558.440,-5.008531e-05,4.547039e-05,-4.588428e-04,2.167395e-03,-9.530189e-04,1.681323e-02,1.597221e-02,3.788362e-02,1.381751e-01,2.219512e-04,-2.629768e-04,2.156822e-03
558.640,-5.004433e-05,4.544490e-05,-4.585283e-04,2.166752e-03,-9.522316e-04,1.680211e-02,1.596223e-02,3.789272e-02,1.380837e-01,1.933045e-04,-4.165287e-04,2.318966e-03
558.840,-5.001503e-05,4.541685e-05,-4.582517e-04,2.166221e-03,-9.509363e-04,1.679062e-02,1.595226e-02,3.790181e-02,1.379922e-01,2.200668e-04,-2.685554e-04,2.156527e-03
559.040,-4.998701e-05,4.538184e-05,-4.579526e-04,2.165597e-03,-9.500860e-04,1.677955e-02,1.594229e-02,3.791090e-02,1.379009e-01,2.215333e-04,-2.626076e-04,2.152938e-03
559.240,-4.994609e-05,4.535638e-05,-4.576386e-04,2.164956e-03,-9.493001e-04,1.676845e-02,1.593233e-02,3.791998e-02,1.378096e-01,1.928760e-04,-4.161453e-04,2.314990e-03
559.440,-4.991687e-05,4.532840e-05,-4.573626e-04,2.164426e-03,-9.480075e-04,1.675698e-02,1.592237e-02,3.792905e-02,1.377183e-01,2.196470e-04,-2.681908e-04,2.152643e-03
559.640,-4.988891e-05,4.529346e-05,-4.570641e-04,2.163803e-03,-9.471587e-04,1.674593e-02,1.591243e-02,3.793812e-02,1.376272e-01,2.211164e-04,-2.622389e-04,2.149062e-03
559.840,-4.984805e-05,4.526803e-05,-4.567507e-04,2.163163e-03,-9.463744e-04,1.673485e-02,1.590249e-02,3.794718e-02,1.375360e-01,1.924484e-04,-4.157628e-04,2.311023e-03
560.040,-4.981890e-05,4.524011e-05,-4.564752e-04,2.162634e-03,-9.450844e-04,1.672340e-02,1.589255e-02,3.795624e-02,1.374450e-01,2.192280e-04,-2.678269e-04,2.148766e-03
560.240,-4.979100e-05,4.520524e-05,-4.561772e-04,2.162013e-03,-9.442373e-04,1.671238e-02,1.588262e-02,3.796529e-02,1.373540e-01,2.207001e-04,-2.618713e-04,2.145193e-03
560.440,-4.975020e-05,4.517984e-05,-4.558644e-04,2.161374e-03,-9.434546e-04,1.670132e-02,1.587270e-02,3.797433e-02,1.372630e-01,1.920220e-04,-4.153809e-04,2.307064e-03
560.640,-4.972112e-05,4.515198e-05,-4.555895e-04,2.160846e-03,-9.421672e-04,1.668989e-02,1.586279e-02,3.798337e-02,1.371722e-01,2.188095e-04,-2.674642e-04,2.144895e-03
560.840,-4.969328e-05,4.511718e-05,-4.552921e-04,2.160226e-03,-9.413217e-04,1.667889e-02,1.585288e-02,3.799241e-02,1.370813e-01,2.202841e-04,-2.615054e-04,2.141330e-03
561.040,-4.965253e-05,4.509182e-05,-4.549799e-04,2.159588e-03,-9.405405e-04,1.666786e-02,1.584298e-02,3.800143e-02,1.369906e-01,1.915965e-04,-4.149992e-04,2.303113e-03
561.240,-4.962353e-05,4.506402e-05,-4.547055e-04,2.159062e-03,-9.392558e-04,1.665645e-02,1.583308e-02,3.801045e-02,1.368999e-01,2.183912e-04,-2.671031e-04,2.141030e-03
561.440,-4.959574e-05,4.502929e-05,-4.544087e-04,2.158442e-03,-9.384119e-04,1.664547e-02,1.582319e-02,3.801947e-02,1.368092e-01,2.198682e-04,-2.611413e-04,2.137473e-03
561.640,-4.955506e-05,4.500396e-05,-4.540970e-04,2.157806e-03,-9.376323e-04,1.663446e-02,1.581331e-02,3.802848e-02,1.367186e-01,1.911719e-04,-4.146179e-04,2.299170e-03
561.840,-4.952613e-05,4.497622e-05,-4.538232e-04,2.157280e-03,-9.363502e-04,1.662307e-02,1.580343e-02,3.803748e-02,1.366281e-01,2.179732e-04,-2.667433e-04,2.137172e-03
562.040,-4.949840e-05,4.494156e-05,-4.535270e-04,2.156662e-03,-9.355078e-04,1.661211e-02,1.579356e-02,3.804648e-02,1.365376e-01,2.194526e-04,-2.607787e-04,2.133621e-03
562.240,-4.945777e-05,4.491627e-05,-4.532159e-04,2.156027e-03,-9.347297e-04,1.660112e-02,1.578370e-02,3.805547e-02,1.364472e-01,1.907482e-04,-4.142371e-04,2.295234e-03
562.440,-4.942891e-05,4.488859e-05,-4.529427e-04,2.155503e-03,-9.334502e-04,1.658976e-02,1.577384e-02,3.806446e-02,1.363568e-01,2.175558e-04,-2.663849e-04,2.133319e-03
562.640,-4.940124e-05,4.485401e-05,-4.526470e-04,2.154886e-03,-9.326094e-04,1.657882e-02,1.576399e-02,3.807344e-02,1.362665e-01,2.190375e-04,-2.604172e-04,2.129776e-03
562.840,-4.936067e-05,4.482874e-05,-4.523365e-04,2.154252e-03,-9.318327e-04,1.656785e-02,1.575415e-02,3.808241e-02,1.361763e-01,1.903253e-04,-4.138568e-04,2.291305e-03
563.040,-4.933189e-05,4.480113e-05,-4.520638e-04,2.153728e-03,-9.305558e-04,1.655652e-02,1.574431e-02,3.809138e-02,1.360861e-01,2.171389e-04,-2.660274e-04,2.129474e-03
563.240,-4.930427e-05,4.476662e-05,-4.517687e-04,2.153113e-03,-9.297165e-04,1.654560e-02,1.573448e-02,3.810035e-02,1.359960e-01,2.186231e-04,-2.600566e-04,2.125938e-03
563.440,-4.926376e-05,4.474139e-05,-4.514588e-04,2.152480e-03,-9.289413e-04,1.653465e-02,1.572465e-02,3.810930e-02,1.359059e-01,1.899031e-04,-4.134774e-04,2.287382e-03
563.640,-4.923505e-05,4.471384e-05,-4.511866e-04,2.151958e-03,-9.276670e-04,1.652333e-02,1.571484e-02,3.811825e-02,1.358159e-01,2.167229e-04,-2.656706e-04,2.125636e-03
563.840,-4.920749e-05,4.467940e-05,-4.508922e-04,2.151343e-03,-9.268292e-04,1.651243e-02,1.570502e-02,3.812720e-02,1.357260e-01,2.182096e-04,-2.596964e-04,2.122108e-03
564.040,-4.916704e-05,4.465421e-05,-4.505828e-04,2.150712e-03,-9.260555e-04,1.650151e-02,1.569522e-02,3.813614e-02,1.356361e-01,1.894816e-04,-4.130989e-04,2.283467e-03
564.240,-4.913841e-05,4.462672e-05,-4.503112e-04,2.150191e-03,-9.247837e-04,1.649022e-02,1.568542e-02,3.814507e-02,1.355462e-01,2.163077e-04,-2.653143e-04,2.121805e-03
564.440,-4.911090e-05,4.459236e-05,-4.500173e-04,2.149577e-03,-9.239473e-04,1.647934e-02,1.567563e-02,3.815400e-02,1.354565e-01,2.177972e-04,-2.593364e-04,2.118285e-03
564.640,-4.907052e-05,4.456720e-05,-4.497085e-04,2.148947e-03,-9.231751e-04,1.646843e-02,1.566584e-02,3.816292e-02,1.353668e-01,1.890609e-04,-4.127214e-04,2.279560e-03
564.840,-4.904195e-05,4.453977e-05,-4.494374e-04,2.148427e-03,-9.219059e-04,1.645716e-02,1.565606e-02,3.817184e-02,1.352771e-01,2.158936e-04,-2.649583e-04,2.117983e-03
565.040,-4.901451e-05,4.450549e-05,-4.491442e-04,2.147815e-03,-9.210710e-04,1.644630e-02,1.564629e-02,3.818075e-02,1.351875e-01,2.173858e-04,-2.589767e-04,2.114470e-03
565.240,-4.897418e-05,4.448036e-05,-4.488359e-04,2.147185e-03,-9.203002e-04,1.643542e-02,1.563652e-02,3.818965e-02,1.350980e-01,1.886409e-04,-4.123449e-04,2.275660e-03
565.440,-4.894569e-05,4.445299e-05,-4.485654e-04,2.146666e-03,-9.190336e-04,1.642417e-02,1.562676e-02,3.819855e-02,1.350085e-01,2.154805e-04,-2.646027e-04,2.114169e-03
565.640,-4.891830e-05,4.441878e-05,-4.482727e-04,2.146056e-03,-9.182002e-04,1.641334e-02,1.561700e-02,3.820744e-02,1.349190e-01,2.169754e-04,-2.586173e-04,2.110664e-03
565.840,-4.887803e-05,4.439369e-05,-4.479650e-04,2.145427e-03,-9.174308e-04,1.640247e-02,1.560726e-02,3.821633e-02,1.348297e-01,1.882217e-04,-4.119694e-04,2.271767e-03
566.040,-4.884962e-05,4.436638e-05,-4.476951e-04,2.144910e-03,-9.161668e-04,1.639125e-02,1.559752e-02,3.822521e-02,1.347404e-01,2.150684e-04,-2.642475e-04,2.110362e-03
566.240,-4.882228e-05,4.433224e-05,-4.474030e-04,2.144300e-03,-9.153349e-04,1.638043e-02,1.558778e-02,3.823409e-02,1.346511e-01,2.165661e-04,-2.582581e-04,2.106865e-03
566.440,-4.878207e-05,4.430719e-05,-4.470959e-04,2.143673e-03,-9.145670e-04,1.636959e-02,1.557805e-02,3.824296e-02,1.345619e-01,1.878033e-04,-4.115948e-04,2.267883e-03
566.640,-4.875373e-05,4.427994e-05,-4.468264e-04,2.143156e-03,-9.133055e-04,1.635839e-02,1.556833e-02,3.825182e-02,1.344728e-01,2.146572e-04,-2.638927e-04,2.106563e-03
566.840,-4.872646e-05,4.424587e-05,-4.465349e-04,2.142548e-03,-9.124751e-04,1.634759e-02,1.555861e-02,3.826068e-02,1.343837e-01,2.161576e-04,-2.578995e-04,2.103073e-03
567.040,-4.868631e-05,4.422085e-05,-4.462284e-04,2.141922e-03,-9.117086e-04,1.633677e-02,1.554890e-02,3.826953e-02,1.342947e-01,1.873857e-04,-4.112210e-04,2.264006e-03
567.240,-4.865803e-05,4.419366e-05,-4.459595e-04,2.141406e-03,-9.104498e-04,1.632559e-02,1.553920e-02,3.827838e-02,1.342057e-01,2.142468e-04,-2.635386e-04,2.102771e-03
567.440,-4.863082e-05,4.415967e-05,-4.456686e-04,2.140799e-03,-9.096209e-04,1.631481e-02,1.552950e-02,3.828722e-02,1.341168e-01,2.157500e-04,-2.575414e-04,2.099289e-03
567.640,-4.859072e-05,4.413468e-05,-4.453626e-04,2.140174e-03,-9.088559e-04,1.630401e-02,1.551981e-02,3.829606e-02,1.340280e-01,1.869689e-04,-4.108481e-04,2.260137e-03
567.840,-4.856253e-05,4.410755e-05,-4.450942e-04,2.139659e-03,-9.075997e-04,1.629286e-02,1.551013e-02,3.830489e-02,1.339392e-01,2.138373e-04,-2.631851e-04,2.098987e-03
568.040,-4.853536e-05,4.407363e-05,-4.448039e-04,2.139054e-03,-9.067722e-04,1.628210e-02,1.550045e-02,3.831371e-02,1.338504e-01,2.153432e-04,-2.571841e-04,2.095513e-03
568.240,-4.849533e-05,4.404867e-05,-4.444985e-04,2.138430e-03,-9.060086e-04,1.627132e-02,1.549078e-02,3.832253e-02,1.337618e-01,1.865530e-04,-4.104759e-04,2.256276e-03
568.440,-4.846720e-05,4.402160e-05,-4.442307e-04,2.137916e-03,-9.047550e-04,1.626019e-02,1.548111e-02,3.833134e-02,1.336731e-01,2.134285e-04,-2.628323e-04,2.095210e-03
568.640,-4.844010e-05,4.398776e-05,-4.439409e-04,2.137312e-03,-9.039291e-04,1.624945e-02,1.547145e-02,3.834015e-02,1.335846e-01,2.149371e-04,-2.568274e-04,2.091743e-03
568.840,-4.840012e-05,4.396283e-05,-4.436360e-04,2.136689e-03,-9.031669e-04,1.623869e-02,1.546180e-02,3.834895e-02,1.334961e-01,1.861378e-04,-4.101046e-04,2.252422e-03
569.040,-4.837207e-05,4.393583e-05,-4.433688e-04,2.136177e-03,-9.019159e-04,1.622758e-02,1.545215e-02,3.835774e-02,1.334076e-01,2.130205e-04,-2.624802e-04,2.091440e-03
569.240,-4.834502e-05,4.390206e-05,-4.430796e-04,2.135573e-03,-9.010914e-04,1.621687e-02,1.544251e-02,3.836653e-02,1.333192e-01,2.145318e-04,-2.564713e-04,2.087980e-03
569.440,-4.830510e-05,4.387716e-05,-4.427753e-04,2.134952e-03,-9.003307e-04,1.620613e-02,1.543288e-02,3.837532e-02,1.332309e-01,1.857235e-04,-4.097340e-04,2.248575e-03
569.640,-4.827712e-05,4.385021e-05,-4.425085e-04,2.134440e-03,-8.990823e-04,1.619504e-02,1.542325e-02,3.838409e-02,1.331426e-01,2.126132e-04,-2.621288e-04,2.087677e-03
569.840,-4.825013e-05,4.381651e-05,-4.422199e-04,2.133838e-03,-8.982593e-04,1.618434e-02,1.541363e-02,3.839287e-02,1.330544e-01,2.141273e-04,-2.561160e-04,2.084225e-03
570.040,-4.821027e-05,4.379165e-05,-4.419162e-04,2.133218e-03,-8.975000e-04,1.617363e-02,1.540401e-02,3.840163e-02,1.329662e-01,1.853099e-04,-4.093642e-04,2.244736e-03
570.240,-4.818236e-05,4.376476e-05,-4.416500e-04,2.132707e-03,-8.962542e-04,1.616256e-02,1.539441e-02,3.841039e-02,1.328781e-01,2.122068e-04,-2.617780e-04,2.083921e-03
570.440,-4.815542e-05,4.373114e-05,-4.413619e-04,2.132106e-03,-8.954326e-04,1.615189e-02,1.538480e-02,3.841915e-02,1.327901e-01,2.137236e-04,-2.557612e-04,2.080477e-03
570.640,-4.811562e-05,4.370631e-05,-4.410588e-04,2.131487e-03,-8.946748e-04,1.614119e-02,1.537521e-02,3.842790e-02,1.327021e-01,1.848971e-04,-4.089953e-04,2.240904e-03
570.840,-4.808778e-05,4.367948e-05,-4.407931e-04,2.130978e-03,-8.934316e-04,1.613014e-02,1.536562e-02,3.843664e-02,1.326142e-01,2.118012e-04,-2.614279e-04,2.080173e-03
571.040,-4.806090e-05,4.364593e-05,-4.405056e-04,2.130378e-03,-8.926114e-04,1.611949e-02,1.535603e-02,3.844538e-02,1.325263e-01,2.133208e-04,-2.554069e-04,2.076736e-03
571.240,-4.802116e-05,4.362113e-05,-4.402030e-04,2.129760e-03,-8.918550e-04,1.610881e-02,1.534646e-02,3.845411e-02,1.324385e-01,1.844851e-04,-4.086271e-04,2.237080e-03
571.440,-4.799339e-05,4.359437e-05,-4.399378e-04,2.129251e-03,-8.906144e-04,1.609779e-02,1.533688e-02,3.846284e-02,1.323507e-01,2.113964e-04,-2.610783e-04,2.076432e-03
571.640,-4.796657e-05,4.356089e-05,-4.396510e-04,2.128653e-03,-8.897957e-04,1.608716e-02,1.532732e-02,3.847156e-02,1.322630e-01,2.129188e-04,-2.550532e-04,2.073002e-03
571.840,-4.792689e-05,4.353612e-05,-4.393489e-04,2.128036e-03,-8.890406e-04,1.607650e-02,1.531776e-02,3.848028e-02,1.321753e-01,1.840738e-04,-4.082598e-04,2.233263e-03
572.040,-4.789919e-05,4.350941e-05,-4.390843e-04,2.127529e-03,-8.878026e-04,1.606550e-02,1.530821e-02,3.848898e-02,1.320878e-01,2.109924e-04,-2.607293e-04,2.072698e-03
572.240,-4.787242e-05,4.347601e-05,-4.387980e-04,2.126931e-03,-8.869854e-04,1.605489e-02,1.529866e-02,3.849769e-02,1.320002e-01,2.125176e-04,-2.547001e-04,2.069276e-03
572.440,-4.783279e-05,4.345128e-05,-4.384965e-04,2.126315e-03,-8.862317e-04,1.604425e-02,1.528912e-02,3.850639e-02,1.319127e-01,1.836633e-04,-4.078934e-04,2.229453e-03
572.640,-4.780517e-05,4.342463e-05,-4.382324e-04,2.125809e-03,-8.849963e-04,1.603327e-02,1.527959e-02,3.851508e-02,1.318253e-01,2.105893e-04,-2.603809e-04,2.068971e-03
572.840,-4.777846e-05,4.339130e-05,-4.379466e-04,2.125213e-03,-8.841805e-04,1.602268e-02,1.527006e-02,3.852377e-02,1.317380e-01,2.121173e-04,-2.543474e-04,2.065557e-03
573.040,-4.773889e-05,4.336660e-05,-4.376457e-04,2.124598e-03,-8.834283e-04,1.601206e-02,1.526054e-02,3.853245e-02,1.316506e-01,1.832536e-04,-4.075278e-04,2.225651e-03
573.240,-4.771134e-05,4.334001e-05,-4.373821e-04,2.124093e-03,-8.821955e-04,1.600110e-02,1.525102e-02,3.854112e-02,1.315634e-01,2.101870e-04,-2.600331e-04,2.065252e-03
573.440,-4.768468e-05,4.330675e-05,-4.370970e-04,2.123498e-03,-8.813811e-04,1.599053e-02,1.524152e-02,3.854979e-02,1.314762e-01,2.117179e-04,-2.539952e-04,2.061845e-03
573.640,-4.764517e-05,4.328208e-05,-4.367966e-04,2.122885e-03,-8.806302e-04,1.597994e-02,1.523201e-02,3.855846e-02,1.313890e-01,1.828447e-04,-4.071631e-04,2.221856e-03
573.840,-4.761769e-05,4.325555e-05,-4.365335e-04,2.122380e-03,-8.794000e-04,1.596900e-02,1.522252e-02,3.856712e-02,1.313020e-01,2.097855e-04,-2.596858e-04,2.061540e-03
574.040,-4.759108e-05,4.322236e-05,-4.362489e-04,2.121786e-03,-8.785871e-04,1.595845e-02,1.521303e-02,3.857577e-02,1.312149e-01,2.113193e-04,-2.536435e-04,2.058140e-03
574.240,-4.755163e-05,4.319773e-05,-4.359491e-04,2.121174e-03,-8.778376e-04,1.594787e-02,1.520354e-02,3.858442e-02,1.311280e-01,1.824365e-04,-4.067992e-04,2.218069e-03
574.440,-4.752422e-05,4.317125e-05,-4.356866e-04,2.120671e-03,-8.766100e-04,1.593696e-02,1.519407e-02,3.859306e-02,1.310410e-01,2.093849e-04,-2.593391e-04,2.057835e-03
574.640,-4.749767e-05,4.313814e-05,-4.354026e-04,2.120078e-03,-8.757985e-04,1.592643e-02,1.518459e-02,3.860170e-02,1.309542e-01,2.109215e-04,-2.532924e-04,2.054443e-03
574.840,-4.745828e-05,4.311354e-05,-4.351033e-04,2.119467e-03,-8.750504e-04,1.591587e-02,1.517513e-02,3.861033e-02,1.308674e-01,1.820291e-04,-4.064361e-04,2.214289e-03
575.040,-4.743094e-05,4.308712e-05,-4.348413e-04,2.118965e-03,-8.738254e-04,1.590498e-02,1.516567e-02,3.861895e-02,1.307806e-01,2.089851e-04,-2.589930e-04,2.054138e-03
575.240,-4.740444e-05,4.305408e-05,-4.345578e-04,2.118373e-03,-8.730153e-04,1.589447e-02,1.515622e-02,3.862757e-02,1.306939e-01,2.105246e-04,-2.529418e-04,2.050753e-03
575.440,-4.736511e-05,4.302951e-05,-4.342591e-04,2.117763e-03,-8.722686e-04,1.588394e-02,1.514677e-02,3.863619e-02,1.306073e-01,1.816225e-04,-4.060738e-04,2.210516e-03
575.640,-4.733784e-05,4.300315e-05,-4.339976e-04,2.117262e-03,-8.710462e-04,1.587307e-02,1.513733e-02,3.864479e-02,1.305207e-01,2.085860e-04,-2.586475e-04,2.050447e-03
575.840,-4.731140e-05,4.297019e-05,-4.337147e-04,2.116671e-03,-8.702375e-04,1.586258e-02,1.512789e-02,3.865340e-02,1.304342e-01,2.101285e-04,-2.525917e-04,2.047070e-03
576.040,-4.727212e-05,4.294564e-05,-4.334166e-04,2.116063e-03,-8.694921e-04,1.585206e-02,1.511847e-02,3.866199e-02,1.303477e-01,1.812167e-04,-4.057124e-04,2.206751e-03
576.240,-4.724492e-05,4.291935e-05,-4.331556e-04,2.115563e-03,-8.682723e-04,1.584121e-02,1.510904e-02,3.867058e-02,1.302613e-01,2.081878e-04,-2.583025e-04,2.046764e-03
576.440,-4.721853e-05,4.288646e-05,-4.328733e-04,2.114973e-03,-8.674651e-04,1.583074e-02,1.509963e-02,3.867917e-02,1.301750e-01,2.097332e-04,-2.522423e-04,2.043394e-03
576.640,-4.717931e-05,4.286194e-05,-4.325757e-04,2.114366e-03,-8.667211e-04,1.582025e-02,1.509022e-02,3.868775e-02,1.300887e-01,1.808116e-04,-4.053518e-04,2.202993e-03
576.840,-4.715219e-05,4.283571e-05,-4.323152e-04,2.113867e-03,-8.655039e-04,1.580942e-02,1.508081e-02,3.869632e-02,1.300024e-01,2.077904e-04,-2.579582e-04,2.043088e-03
577.040,-4.712585e-05,4.280289e-05,-4.320335e-04,2.113278e-03,-8.646980e-04,1.579897e-02,1.507142e-02,3.870489e-02,1.299163e-01,2.093387e-04,-2.518933e-04,2.039725e-03
577.240,-4.708669e-05,4.277840e-05,-4.317364e-04,2.112672e-03,-8.639554e-04,1.578849e-02,1.506202e-02,3.871346e-02,1.298301e-01,1.804073e-04,-4.049920e-04,2.199242e-03
577.440,-4.705964e-05,4.275223e-05,-4.314765e-04,2.112174e-03,-8.627408e-04,1.577769e-02,1.505264e-02,3.872202e-02,1.297440e-01,2.073938e-04,-2.576145e-04,2.039419e-03
577.640,-4.703336e-05,4.271948e-05,-4.311953e-04,2.111587e-03,-8.619363e-04,1.576726e-02,1.504326e-02,3.873057e-02,1.296580e-01,2.089450e-04,-2.515449e-04,2.036063e-03
577.840,-4.699425e-05,4.269503e-05,-4.308988e-04,2.110982e-03,-8.611951e-04,1.575680e-02,1.503389e-02,3.873911e-02,1.295721e-01,1.800037e-04,-4.046330e-04,2.195498e-03
578.040,-4.696727e-05,4.266891e-05,-4.306393e-04,2.110485e-03,-8.599831e-04,1.574602e-02,1.502452e-02,3.874766e-02,1.294861e-01,2.069980e-04,-2.572712e-04,2.035757e-03
578.240,-4.694104e-05,4.263623e-05,-4.303587e-04,2.109899e-03,-8.591800e-04,1.573561e-02,1.501516e-02,3.875619e-02,1.294003e-01,2.085522e-04,-2.511969e-04,2.032408e-03
578.440,-4.690199e-05,4.261181e-05,-4.300628e-04,2.109295e-03,-8.584401e-04,1.572518e-02,1.500580e-02,3.876472e-02,1.293145e-01,1.796009e-04,-4.042749e-04,2.191762e-03
578.640,-4.687508e-05,4.258575e-05,-4.298038e-04,2.108799e-03,-8.572307e-04,1.571442e-02,1.499646e-02,3.877325e-02,1.292288e-01,2.066030e-04,-2.569287e-04,2.032102e-03
578.840,-4.684890e-05,4.255315e-05,-4.295238e-04,2.108214e-03,-8.564290e-04,1.570403e-02,1.498711e-02,3.878176e-02,1.291431e-01,2.081602e-04,-2.508495e-04,2.028761e-03
579.040,-4.680991e-05,4.252876e-05,-4.292284e-04,2.107611e-03,-8.556904e-04,1.569361e-02,1.497778e-02,3.879028e-02,1.290574e-01,1.791988e-04,-4.039176e-04,2.188033e-03
579.240,-4.678307e-05,4.250275e-05,-4.289700e-04,2.107116e-03,-8.544837e-04,1.568287e-02,1.496845e-02,3.879879e-02,1.289719e-01,2.062089e-04,-2.565866e-04,2.028454e-03
579.440,-4.675695e-05,4.247023e-05,-4.286905e-04,2.106532e-03,-8.536833e-04,1.567250e-02,1.495912e-02,3.880729e-02,1.288863e-01,2.077690e-04,-2.505026e-04,2.025120e-03
579.640,-4.671802e-05,4.244587e-05,-4.283956e-04,2.105930e-03,-8.529461e-04,1.566210e-02,1.494981e-02,3.881579e-02,1.288009e-01,1.787975e-04,-4.035611e-04,2.184311e-03
579.840,-4.669124e-05,4.241992e-05,-4.281377e-04,2.105436e-03,-8.517420e-04,1.565138e-02,1.494049e-02,3.882428e-02,1.287155e-01,2.058155e-04,-2.562451e-04,2.024814e-03
580.040,-4.666518e-05,4.238747e-05,-4.278588e-04,2.104854e-03,-8.509430e-04,1.564103e-02,1.493119e-02,3.883276e-02,1.286301e-01,2.073787e-04,-2.501562e-04,2.021487e-03
580.240,-4.662630e-05,4.236314e-05,-4.275645e-04,2.104253e-03,-8.502071e-04,1.563066e-02,1.492189e-02,3.884124e-02,1.285448e-01,1.783970e-04,-4.032055e-04,2.180597e-03
580.440,-4.659960e-05,4.233725e-05,-4.273071e-04,2.103760e-03,-8.490056e-04,1.561996e-02,1.491259e-02,3.884972e-02,1.284596e-01,2.054230e-04,-2.559042e-04,2.021180e-03
580.640,-4.657358e-05,4.230487e-05,-4.270287e-04,2.103178e-03,-8.482080e-04,1.560963e-02,1.490331e-02,3.885819e-02,1.283744e-01,2.069891e-04,-2.498103e-04,2.017860e-03
580.840,-4.653476e-05,4.228056e-05,-4.267349e-04,2.102579e-03,-8.474734e-04,1.559927e-02,1.489402e-02,3.886665e-02,1.282892e-01,1.779972e-04,-4.028507e-04,2.176889e-03
581.040,-4.650813e-05,4.225473e-05,-4.264780e-04,2.102087e-03,-8.462745e-04,1.558860e-02,1.488475e-02,3.887511e-02,1.282042e-01,2.050312e-04,-2.555638e-04,2.017554e-03
581.240,-4.648217e-05,4.222243e-05,-4.262002e-04,2.101507e-03,-8.454783e-04,1.557829e-02,1.487548e-02,3.888356e-02,1.281191e-01,2.066004e-04,-2.494649e-04,2.014241e-03
581.440,-4.644341e-05,4.219815e-05,-4.259070e-04,2.100908e-03,-8.447450e-04,1.556795e-02,1.486622e-02,3.889201e-02,1.280342e-01,1.775981e-04,-4.024967e-04,2.173189e-03
581.640,-4.641685e-05,4.217238e-05,-4.256506e-04,2.100417e-03,-8.435487e-04,1.555730e-02,1.485696e-02,3.890045e-02,1.279493e-01,2.046403e-04,-2.552240e-04,2.013934e-03
581.840,-4.639094e-05,4.214015e-05,-4.253734e-04,2.099838e-03,-8.427538e-04,1.554701e-02,1.484771e-02,3.890889e-02,1.278644e-01,2.062126e-04,-2.491199e-04,2.010629e-03
582.040,-4.635223e-05,4.211590e-05,-4.250807e-04,2.099241e-03,-8.420219e-04,1.553669e-02,1.483846e-02,3.891732e-02,1.277796e-01,1.771998e-04,-4.021435e-04,2.169496e-03
582.240,-4.632574e-05,4.209019e-05,-4.248248e-04,2.098751e-03,-8.408282e-04,1.552606e-02,1.482922e-02,3.892574e-02,1.276948e-01,2.042501e-04,-2.548847e-04,2.010322e-03
582.440,-4.629988e-05,4.205802e-05,-4.245481e-04,2.098173e-03,-8.400347e-04,1.551579e-02,1.481999e-02,3.893416e-02,1.276102e-01,2.058255e-04,-2.487755e-04,2.007023e-03
582.640,-4.626123e-05,4.203381e-05,-4.242560e-04,2.097577e-03,-8.393041e-04,1.550549e-02,1.481076e-02,3.894258e-02,1.275255e-01,1.768023e-04,-4.017912e-04,2.165810e-03
582.840,-4.623481e-05,4.200815e-05,-4.240006e-04,2.097088e-03,-8.381130e-04,1.549488e-02,1.480154e-02,3.895098e-02,1.274409e-01,2.038608e-04,-2.545460e-04,2.006716e-03
583.040,-4.620901e-05,4.197606e-05,-4.237245e-04,2.096511e-03,-8.373208e-04,1.548462e-02,1.479233e-02,3.895939e-02,1.273564e-01,2.054393e-04,-2.484316e-04,2.003425e-03
583.240,-4.617041e-05,4.195188e-05,-4.234329e-04,2.095916e-03,-8.365915e-04,1.547434e-02,1.478312e-02,3.896779e-02,1.272719e-01,1.764055e-04,-4.014397e-04,2.162132e-03
583.440,-4.614406e-05,4.192628e-05,-4.231780e-04,2.095428e-03,-8.354031e-04,1.546376e-02,1.477391e-02,3.897618e-02,1.271875e-01,2.034722e-04,-2.542079e-04,2.003118e-03
583.640,-4.611831e-05,4.189426e-05,-4.229024e-04,2.094852e-03,-8.346122e-04,1.545352e-02,1.476472e-02,3.898457e-02,1.271031e-01,2.050538e-04,-2.480882e-04,1.999834e-03
583.840,-4.607977e-05,4.187011e-05,-4.226113e-04,2.094258e-03,-8.338842e-04,1.544326e-02,1.475553e-02,3.899295e-02,1.270188e-01,1.760094e-04,-4.010890e-04,2.158460e-03
584.040,-4.605349e-05,4.184456e-05,-4.223570e-04,2.093771e-03,-8.326984e-04,1.543270e-02,1.474634e-02,3.900132e-02,1.269346e-01,2.030845e-04,-2.538702e-04,1.999526e-03
584.240,-4.602779e-05,4.181262e-05,-4.220820e-04,2.093196e-03,-8.319088e-04,1.542249e-02,1.473716e-02,3.900969e-02,1.268504e-01,2.046692e-04,-2.477452e-04,1.996249e-03
584.440,-4.598931e-05,4.178850e-05,-4.217914e-04,2.092604e-03,-8.311821e-04,1.541224e-02,1.472799e-02,3.901806e-02,1.267662e-01,1.756141e-04,-4.007391e-04,2.154796e-03
584.640,-4.596309e-05,4.176300e-05,-4.215376e-04,2.092118e-03,-8.299989e-04,1.540170e-02,1.471882e-02,3.902642e-02,1.266821e-01,2.026975e-04,-2.535332e-04,1.995942e-03
584.840,-4.593745e-05,4.173114e-05,-4.212631e-04,2.091544e-03,-8.292107e-04,1.539151e-02,1.470966e-02,3.903477e-02,1.265981e-01,2.042854e-04,-2.474027e-04,1.992672e-03
585.040,-4.589902e-05,4.170704e-05,-4.209731e-04,2.090953e-03,-8.284853e-04,1.538128e-02,1.470051e-02,3.904312e-02,1.265141e-01,1.752195e-04,-4.003901e-04,2.151139e-03
585.240,-4.587288e-05,4.168161e-05,-4.207198e-04,2.090467e-03,-8.273047e-04,1.537076e-02,1.469136e-02,3.905146e-02,1.264302e-01,2.023114e-04,-2.531966e-04,1.992364e-03
585.440,-4.584728e-05,4.164981e-05,-4.204458e-04,2.089895e-03,-8.265178e-04,1.536059e-02,1.468221e-02,3.905980e-02,1.263463e-01,2.039025e-04,-2.470607e-04,1.989102e-03
585.640,-4.580891e-05,4.162574e-05,-4.201564e-04,2.089305e-03,-8.257937e-04,1.535038e-02,1.467308e-02,3.906814e-02,1.262625e-01,1.748256e-04,-4.000419e-04,2.147488e-03
585.840,-4.578284e-05,4.160036e-05,-4.199035e-04,2.088820e-03,-8.246157e-04,1.533988e-02,1.466395e-02,3.907646e-02,1.261787e-01,2.019260e-04,-2.528606e-04,1.988793e-03
586.040,-4.575729e-05,4.156864e-05,-4.196301e-04,2.088249e-03,-8.238302e-04,1.532973e-02,1.465482e-02,3.908478e-02,1.260950e-01,2.035203e-04,-2.467192e-04,1.985538e-03
586.240,-4.571898e-05,4.154460e-05,-4.193412e-04,2.087660e-03,-8.231073e-04,1.531954e-02,1.464570e-02,3.909310e-02,1.260113e-01,1.744325e-04,-3.996946e-04,2.143845e-03
586.440,-4.569298e-05,4.151928e-05,-4.190889e-04,2.087177e-03,-8.219320e-04,1.530906e-02,1.463659e-02,3.910141e-02,1.259277e-01,2.015415e-04,-2.525251e-04,1.985230e-03
586.640,-4.566748e-05,4.148763e-05,-4.188160e-04,2.086607e-03,-8.211477e-04,1.529893e-02,1.462748e-02,3.910972e-02,1.258442e-01,2.031390e-04,-2.463781e-04,1.981981e-03
586.840,-4.562923e-05,4.146362e-05,-4.185277e-04,2.086019e-03,-8.204261e-04,1.528876e-02,1.461838e-02,3.911802e-02,1.257607e-01,1.740401e-04,-3.993480e-04,2.140209e-03
587.040,-4.560329e-05,4.143836e-05,-4.182758e-04,2.085536e-03,-8.192534e-04,1.527831e-02,1.460928e-02,3.912631e-02,1.256772e-01,2.011577e-04,-2.521902e-04,1.981673e-03
587.240,-4.557785e-05,4.140678e-05,-4.180035e-04,2.084967e-03,-8.184705e-04,1.526819e-02,1.460019e-02,3.913460e-02,1.255938e-01,2.027584e-04,-2.460375e-04,1.978432e-03
587.440,-4.553965e-05,4.138280e-05,-4.177157e-04,2.084380e-03,-8.177502e-04,1.525804e-02,1.459111e-02,3.914288e-02,1.255105e-01,1.736485e-04,-3.990023e-04,2.136580e-03
587.640,-4.551378e-05,4.135759e-05,-4.174643e-04,2.083899e-03,-8.165801e-04,1.524761e-02,1.458203e-02,3.915116e-02,1.254272e-01,2.007748e-04,-2.518558e-04,1.978123e-03
587.840,-4.548839e-05,4.132609e-05,-4.171926e-04,2.083331e-03,-8.157984e-04,1.523751e-02,1.457296e-02,3.915943e-02,1.253440e-01,2.023787e-04,-2.456973e-04,1.974889e-03
588.040,-4.545024e-05,4.130213e-05,-4.169053e-04,2.082745e-03,-8.150794e-04,1.522738e-02,1.456390e-02,3.916770e-02,1.252608e-01,1.732575e-04,-3.986575e-04,2.132958e-03
588.240,-4.542445e-05,4.127698e-05,-4.166544e-04,2.082265e-03,-8.139119e-04,1.521697e-02,1.455484e-02,3.917596e-02,1.251777e-01,2.003926e-04,-2.515219e-04,1.974580e-03
588.440,-4.539911e-05,4.124555e-05,-4.163832e-04,2.081698e-03,-8.131316e-04,1.520689e-02,1.454578e-02,3.918422e-02,1.250946e-01,2.019998e-04,-2.453576e-04,1.971353e-03
588.640,-4.536102e-05,4.122162e-05,-4.160964e-04,2.081113e-03,-8.124137e-04,1.519678e-02,1.453674e-02,3.919247e-02,1.250116e-01,1.728673e-04,-3.983134e-04,2.129344e-03
588.840,-4.533529e-05,4.119652e-05,-4.158460e-04,2.080634e-03,-8.112489e-04,1.518639e-02,1.452769e-02,3.920072e-02,1.249287e-01,2.000112e-04,-2.511885e-04,1.971044e-03
589.040,-4.531000e-05,4.116517e-05,-4.155754e-04,2.080068e-03,-8.104699e-04,1.517633e-02,1.451866e-02,3.920896e-02,1.248458e-01,2.016218e-04,-2.450184e-04,1.967824e-03
589.240,-4.527197e-05,4.114127e-05,-4.152891e-04,2.079485e-03,-8.097533e-04,1.516624e-02,1.450963e-02,3.921720e-02,1.247629e-01,1.724778e-04,-3.979702e-04,2.125736e-03
589.440,-4.524631e-05,4.111622e-05,-4.150392e-04,2.079006e-03,-8.085911e-04,1.515587e-02,1.450060e-02,3.922543e-02,1.246801e-01,1.996306e-04,-2.508557e-04,1.967515e-03
589.640,-4.522107e-05,4.108494e-05,-4.147692e-04,2.078442e-03,-8.078133e-04,1.514583e-02,1.449158e-02,3.923365e-02,1.245974e-01,2.012445e-04,-2.446796e-04,1.964301e-03
589.840,-4.518309e-05,4.106107e-05,-4.144834e-04,2.077859e-03,-8.070980e-04,1.513576e-02,1.448257e-02,3.924187e-02,1.245147e-01,1.720891e-04,-3.976278e-04,2.122135e-03
590.040,-4.515750e-05,4.103608e-05,-4.142340e-04,2.077381e-03,-8.059385e-04,1.512540e-02,1.447356e-02,3.925008e-02,1.244320e-01,1.992508e-04,-2.505234e-04,1.963992e-03
590.240,-4.513231e-05,4.100487e-05,-4.139645e-04,2.076818e-03,-8.051620e-04,1.511538e-02,1.446456e-02,3.925829e-02,1.243495e-01,2.008680e-04,-2.443413e-04,1.960786e-03
590.440,-4.509439e-05,4.098103e-05,-4.136793e-04,2.076237e-03,-8.044479e-04,1.510533e-02,1.445557e-02,3.926650e-02,1.242669e-01,1.717010e-04,-3.972863e-04,2.118541e-03
590.640,-4.506887e-05,4.095609e-05,-4.134304e-04,2.075760e-03,-8.032909e-04,1.509500e-02,1.444658e-02,3.927469e-02,1.241845e-01,1.988718e-04,-2.501915e-04,1.960477e-03
590.840,-4.504373e-05,4.092496e-05,-4.131614e-04,2.075198e-03,-8.025157e-04,1.508500e-02,1.443760e-02,3.928289e-02,1.241020e-01,2.004924e-04,-2.440034e-04,1.957277e-03
591.040,-4.500586e-05,4.090114e-05,-4.128767e-04,2.074618e-03,-8.018028e-04,1.507497e-02,1.442862e-02,3.929107e-02,1.240197e-01,1.713137e-04,-3.969456e-04,2.114954e-03
591.240,-4.498041e-05,4.087626e-05,-4.126283e-04,2.074142e-03,-8.006486e-04,1.506466e-02,1.441965e-02,3.929926e-02,1.239373e-01,1.984936e-04,-2.498602e-04,1.956968e-03
591.440,-4.495532e-05,4.084520e-05,-4.123599e-04,2.073581e-03,-7.998746e-04,1.505468e-02,1.441068e-02,3.930743e-02,1.238551e-01,2.001176e-04,-2.436659e-04,1.953776e-03
591.640,-4.491750e-05,4.082141e-05,-4.120757e-04,2.073002e-03,-7.991630e-04,1.504466e-02,1.440172e-02,3.931560e-02,1.237729e-01,1.709271e-04,-3.966057e-04,2.111374e-03
591.840,-4.489212e-05,4.079658e-05,-4.118278e-04,2.072527e-03,-7.980113e-04,1.503438e-02,1.439277e-02,3.932377e-02,1.236907e-01,1.981162e-04,-2.495294e-04,1.953466e-03
592.040,-4.486708e-05,4.076560e-05,-4.115599e-04,2.071967e-03,-7.972386e-04,1.502441e-02,1.438382e-02,3.933193e-02,1.236086e-01,1.997436e-04,-2.433288e-04,1.950281e-03
592.240,-4.482932e-05,4.074183e-05,-4.112763e-04,2.071389e-03,-7.965282e-04,1.501442e-02,1.437488e-02,3.934009e-02,1.235266e-01,1.705412e-04,-3.962667e-04,2.107801e-03
592.440,-4.480401e-05,4.071706e-05,-4.110288e-04,2.070915e-03,-7.953792e-04,1.500415e-02,1.436594e-02,3.934824e-02,1.234446e-01,1.977396e-04,-2.491991e-04,1.949971e-03
592.640,-4.477902e-05,4.068615e-05,-4.107614e-04,2.070356e-03,-7.946078e-04,1.499420e-02,1.435701e-02,3.935638e-02,1.233626e-01,1.993703e-04,-2.429922e-04,1.946792e-03
592.840,-4.474131e-05,4.066241e-05,-4.104783e-04,2.069779e-03,-7.938985e-04,1.498423e-02,1.434809e-02,3.936452e-02,1.232807e-01,1.701560e-04,-3.959285e-04,2.104235e-03
593.040,-4.471607e-05,4.063770e-05,-4.102314e-04,2.069306e-03,-7.927522e-04,1.497398e-02,1.433917e-02,3.937265e-02,1.231989e-01,1.973637e-04,-2.488693e-04,1.946483e-03
593.240,-4.468045e-05,4.062250e-05,-4.099716e-04,2.068841e-03,-7.916053e-04,1.496376e-02,1.433026e-02,3.938078e-02,1.231171e-01,1.999107e-04,-2.418913e-04,1.946893e-03
593.440,-4.464760e-05,4.060304e-05,-4.097127e-04,2.068350e-03,-7.905339e-04,1.495355e-02,1.432135e-02,3.938891e-02,1.230354e-01,1.991678e-04,-2.430558e-04,1.944845e-03
593.640,-4.461697e-05,4.058140e-05,-4.094547e-04,2.067841e-03,-7.895115e-04,1.494334e-02,1.431245e-02,3.939703e-02,1.229537e-01,1.989179e-04,-2.428882e-04,1.943019e-03
593.840,-4.458766e-05,4.055775e-05,-4.091962e-04,2.067318e-03,-7.885325e-04,1.493315e-02,1.430356e-02,3.940515e-02,1.228720e-01,1.987740e-04,-2.428352e-04,1.941984e-03
594.040,-4.455931e-05,4.053251e-05,-4.089369e-04,2.066787e-03,-7.875911e-04,1.492300e-02,1.429467e-02,3.941327e-02,1.227905e-01,1.987018e-04,-2.427215e-04,1.941218e-03
594.240,-4.453152e-05,4.050602e-05,-4.086766e-04,2.066249e-03,-7.866812e-04,1.491288e-02,1.428579e-02,3.942137e-02,1.227089e-01,1.986798e-04,-2.425691e-04,1.940639e-03
594.440,-4.450404e-05,4.047858e-05,-4.084151e-04,2.065707e-03,-7.857975e-04,1.490281e-02,1.427692e-02,3.942948e-02,1.226275e-01,1.986795e-04,-2.423943e-04,1.940117e-03
594.640,-4.447664e-05,4.045044e-05,-4.081523e-04,2.065163e-03,-7.849347e-04,1.489278e-02,1.426804e-02,3.943757e-02,1.225460e-01,1.986831e-04,-2.422054e-04,1.939569e-03
594.840,-4.444921e-05,4.042182e-05,-4.078885e-04,2.064618e-03,-7.840884e-04,1.488279e-02,1.425918e-02,3.944566e-02,1.224647e-01,1.986775e-04,-2.420109e-04,1.938938e-03
595.040,-4.442164e-05,4.039290e-05,-4.076237e-04,2.064074e-03,-7.832546e-04,1.487284e-02,1.425032e-02,3.945375e-02,1.223833e-01,1.986548e-04,-2.418172e-04,1.938195e-03
595.240,-4.439388e-05,4.036384e-05,-4.073580e-04,2.063531e-03,-7.824299e-04,1.486292e-02,1.424147e-02,3.946183e-02,1.223021e-01,1.986104e-04,-2.416293e-04,1.937327e-03
595.440,-4.436592e-05,4.033473e-05,-4.070918e-04,2.062989e-03,-7.816116e-04,1.485303e-02,1.423262e-02,3.946990e-02,1.222209e-01,1.985428e-04,-2.414508e-04,1.936333e-03
595.640,-4.433776e-05,4.030568e-05,-4.068251e-04,2.062449e-03,-7.807971e-04,1.484316e-02,1.422377e-02,3.947797e-02,1.221397e-01,1.984526e-04,-2.412842e-04,1.935225e-03
595.840,-4.430940e-05,4.027676e-05,-4.065582e-04,2.061911e-03,-7.799845e-04,1.483331e-02,1.421494e-02,3.948603e-02,1.220586e-01,1.983416e-04,-2.411309e-04,1.934019e-03
596.040,-4.428088e-05,4.024800e-05,-4.062913e-04,2.061374e-03,-7.791723e-04,1.482347e-02,1.420610e-02,3.949409e-02,1.219775e-01,1.982126e-04,-2.409915e-04,1.932734e-03
596.240,-4.426146e-05,4.020906e-05,-4.060240e-04,2.060764e-03,-7.786132e-04,1.481376e-02,1.419728e-02,3.950214e-02,1.218965e-01,1.980317e-04,-2.387919e-04,1.927314e-03
596.440,-4.422724e-05,4.017590e-05,-4.057359e-04,2.060149e-03,-7.780999e-04,1.480409e-02,1.418846e-02,3.951018e-02,1.218156e-01,1.671034e-04,-3.972960e-04,2.085467e-03
596.640,-4.420492e-05,4.014554e-05,-4.054819e-04,2.059648e-03,-7.771833e-04,1.479428e-02,1.417964e-02,3.951822e-02,1.217347e-01,1.961386e-04,-2.449635e-04,1.927859e-03
596.840,-4.418054e-05,4.011134e-05,-4.052107e-04,2.059081e-03,-7.765457e-04,1.478468e-02,1.417083e-02,3.952625e-02,1.216539e-01,1.980172e-04,-2.382192e-04,1.924854e-03
597.040,-4.414262e-05,4.008370e-05,-4.049230e-04,2.058504e-03,-7.759501e-04,1.477505e-02,1.416202e-02,3.953427e-02,1.215731e-01,1.672163e-04,-3.954236e-04,2.081729e-03
597.240,-4.411729e-05,4.005752e-05,-4.046714e-04,2.058033e-03,-7.749327e-04,1.476519e-02,1.415322e-02,3.954229e-02,1.214923e-01,1.955614e-04,-2.449087e-04,1.923363e-03
597.440,-4.409120e-05,4.002639e-05,-4.044024e-04,2.057487e-03,-7.742322e-04,1.475557e-02,1.414443e-02,3.955030e-02,1.214117e-01,1.971173e-04,-2.387734e-04,1.919762e-03
597.640,-4.405237e-05,4.000228e-05,-4.041182e-04,2.056925e-03,-7.735799e-04,1.474590e-02,1.413564e-02,3.955831e-02,1.213310e-01,1.671261e-04,-3.938939e-04,2.077465e-03
597.840,-4.402618e-05,3.997845e-05,-4.038711e-04,2.056467e-03,-7.724907e-04,1.473595e-02,1.412686e-02,3.956631e-02,1.212505e-01,1.946720e-04,-2.453338e-04,1.918209e-03
598.040,-4.399997e-05,3.994917e-05,-4.036059e-04,2.055928e-03,-7.717445e-04,1.472626e-02,1.411809e-02,3.957431e-02,1.211700e-01,1.961329e-04,-2.394313e-04,1.914575e-03
598.240,-4.396137e-05,3.992723e-05,-4.033265e-04,2.055371e-03,-7.710463e-04,1.471652e-02,1.410932e-02,3.958230e-02,1.210895e-01,1.668624e-04,-3.927894e-04,2.072972e-03
598.440,-4.393531e-05,3.990473e-05,-4.030836e-04,2.054916e-03,-7.699114e-04,1.470648e-02,1.410055e-02,3.959029e-02,1.210091e-01,1.938783e-04,-2.456912e-04,1.913624e-03
598.640,-4.390954e-05,3.987667e-05,-4.028226e-04,2.054378e-03,-7.691287e-04,1.469672e-02,1.409180e-02,3.959827e-02,1.209287e-01,1.953791e-04,-2.397352e-04,1.910161e-03
598.840,-4.387154e-05,3.985575e-05,-4.025475e-04,2.053822e-03,-7.683956e-04,1.468690e-02,1.408304e-02,3.960625e-02,1.208484e-01,1.664744e-04,-3.921060e-04,2.068560e-03
599.040,-4.384605e-05,3.983386e-05,-4.023078e-04,2.053365e-03,-7.672388e-04,1.467680e-02,1.407430e-02,3.961422e-02,1.207682e-01,1.933081e-04,-2.457484e-04,1.909844e-03
599.240,-4.382085e-05,3.980648e-05,-4.020502e-04,2.052825e-03,-7.664312e-04,1.466698e-02,1.406556e-02,3.962219e-02,1.206879e-01,1.949178e-04,-2.395742e-04,1.906610e-03
599.440,-4.378342e-05,3.978564e-05,-4.017779e-04,2.052266e-03,-7.656763e-04,1.465710e-02,1.405682e-02,3.963015e-02,1.206078e-01,1.660151e-04,-3.917714e-04,2.064438e-03
599.640,-4.375861e-05,3.976384e-05,-4.015401e-04,2.051805e-03,-7.645178e-04,1.464699e-02,1.404810e-02,3.963811e-02,1.205277e-01,1.929601e-04,-2.454674e-04,1.906740e-03
599.840,-4.372387e-05,3.975041e-05,-4.012896e-04,2.051349e-03,-7.633652e-04,1.463689e-02,1.403937e-02,3.964607e-02,1.204476e-01,1.953269e-04,-2.391164e-04,1.907397e-03
600.040,-4.369189e-05,3.973294e-05,-4.010401e-04,2.050868e-03,-7.622843e-04,1.462680e-02,1.403066e-02,3.965402e-02,1.203676e-01,1.946591e-04,-2.402245e-04,1.905707e-03
600.240,-4.366205e-05,3.971324e-05,-4.007912e-04,2.050368e-03,-7.612512e-04,1.461671e-02,1.402195e-02,3.966197e-02,1.202877e-01,1.944647e-04,-2.400790e-04,1.904272e-03
600.440,-4.363349e-05,3.969149e-05,-4.005416e-04,2.049856e-03,-7.602614e-04,1.460665e-02,1.401325e-02,3.966991e-02,1.202078e-01,1.943700e-04,-2.400247e-04,1.903549e-03
600.640,-4.360585e-05,3.966809e-05,-4.002910e-04,2.049335e-03,-7.593095e-04,1.459663e-02,1.400455e-02,3.967785e-02,1.201279e-01,1.943453e-04,-2.398980e-04,1.903064e-03
600.840,-4.357877e-05,3.964334e-05,-4.000391e-04,2.048808e-03,-7.583903e-04,1.458665e-02,1.399586e-02,3.968579e-02,1.200481e-01,1.943678e-04,-2.397239e-04,1.902729e-03
601.040,-4.355196e-05,3.961754e-05,-3.997857e-04,2.048277e-03,-7.574984e-04,1.457672e-02,1.398717e-02,3.969372e-02,1.199683e-01,1.944095e-04,-2.395197e-04,1.902422e-03
601.240,-4.352524e-05,3.959093e-05,-3.995308e-04,2.047744e-03,-7.566294e-04,1.456683e-02,1.397849e-02,3.970164e-02,1.198886e-01,1.944526e-04,-2.392956e-04,1.902060e-03
601.440,-4.349847e-05,3.956373e-05,-3.992746e-04,2.047210e-03,-7.557788e-04,1.455699e-02,1.396982e-02,3.970956e-02,1.198090e-01,1.944838e-04,-2.390614e-04,1.901591e-03
601.640,-4.347155e-05,3.953612e-05,-3.990170e-04,2.046677e-03,-7.549430e-04,1.454719e-02,1.396114e-02,3.971748e-02,1.197294e-01,1.944950e-04,-2.388251e-04,1.900984e-03
601.840,-4.344444e-05,3.950825e-05,-3.987584e-04,2.046145e-03,-7.541186e-04,1.453743e-02,1.395248e-02,3.972539e-02,1.196498e-01,1.944814e-04,-2.385930e-04,1.900228e-03
602.040,-4.341712e-05,3.948023e-05,-3.984988e-04,2.045615e-03,-7.533028e-04,1.452771e-02,1.394382e-02,3.973329e-02,1.195703e-01,1.944414e-04,-2.383701e-04,1.899326e-03
602.240,-4.338959e-05,3.945216e-05,-3.982386e-04,2.045087e-03,-7.524932e-04,1.451802e-02,1.393517e-02,3.974119e-02,1.194909e-01,1.943753e-04,-2.381598e-04,1.898290e-03
602.440,-4.336185e-05,3.942411e-05,-3.979779e-04,2.044560e-03,-7.516877e-04,1.450834e-02,1.392652e-02,3.974908e-02,1.194115e-01,1.942851e-04,-2.379648e-04,1.897137e-03
602.640,-4.333394e-05,3.939615e-05,-3.977170e-04,2.044035e-03,-7.508847e-04,1.449869e-02,1.391787e-02,3.975696e-02,1.193321e-01,1.941734e-04,-2.377862e-04,1.895889e-03
602.840,-4.330589e-05,3.936832e-05,-3.974559e-04,2.043512e-03,-7.500828e-04,1.448906e-02,1.390924e-02,3.976484e-02,1.192529e-01,1.940435e-04,-2.376248e-04,1.894566e-03
603.040,-4.327771e-05,3.934063e-05,-3.971949e-04,2.042990e-03,-7.492810e-04,1.447944e-02,1.390060e-02,3.977272e-02,1.191736e-01,1.938990e-04,-2.374800e-04,1.893191e-03
603.240,-4.324944e-05,3.931313e-05,-3.969340e-04,2.042470e-03,-7.484783e-04,1.446982e-02,1.389198e-02,3.978059e-02,1.190944e-01,1.937433e-04,-2.373512e-04,1.891782e-03
603.440,-4.322111e-05,3.928581e-05,-3.966735e-04,2.041950e-03,-7.476742e-04,1.446021e-02,1.388336e-02,3.978845e-02,1.190153e-01,1.935797e-04,-2.372370e-04,1.890357e-03
603.640,-4.319274e-05,3.925868e-05,-3.964133e-04,2.041432e-03,-7.468681e-04,1.445061e-02,1.387474e-02,3.979631e-02,1.189362e-01,1.934110e-04,-2.371358e-04,1.888930e-03
603.840,-4.316435e-05,3.923175e-05,-3.961536e-04,2.040914e-03,-7.460597e-04,1.444101e-02,1.386613e-02,3.980416e-02,1.188572e-01,1.932398e-04,-2.370457e-04,1.887513e-03
604.040,-4.313595e-05,3.920501e-05,-3.958943e-04,2.040398e-03,-7.452489e-04,1.443140e-02,1.385753e-02,3.981201e-02,1.187782e-01,1.930682e-04,-2.369648e-04,1.886115e-03
604.240,-4.310757e-05,3.917846e-05,-3.956356e-04,2.039881e-03,-7.444354e-04,1.442180e-02,1.384893e-02,3.981985e-02,1.186993e-01,1.928981e-04,-2.368913e-04,1.884743e-03
604.440,-4.307921e-05,3.915208e-05,-3.953774e-04,2.039365e-03,-7.436192e-04,1.441219e-02,1.384034e-02,3.982769e-02,1.186204e-01,1.927307e-04,-2.368232e-04,1.883401e-03
604.640,-4.305088e-05,3.912588e-05,-3.951198e-04,2.038849e-03,-7.428004e-04,1.440258e-02,1.383175e-02,3.983552e-02,1.185416e-01,1.925671e-04,-2.367590e-04,1.882091e-03
604.840,-4.302258e-05,3.909983e-05,-3.948626e-04,2.038334e-03,-7.419791e-04,1.439297e-02,1.382317e-02,3.984335e-02,1.184628e-01,1.924080e-04,-2.366969e-04,1.880814e-03
605.040,-4.299432e-05,3.907392e-05,-3.946060e-04,2.037819e-03,-7.411554e-04,1.438336e-02,1.381459e-02,3.985117e-02,1.183841e-01,1.922537e-04,-2.366357e-04,1.879570e-03
605.240,-4.296609e-05,3.904815e-05,-3.943499e-04,2.037303e-03,-7.403293e-04,1.437375e-02,1.380602e-02,3.985898e-02,1.183054e-01,1.921046e-04,-2.365741e-04,1.878358e-03
605.440,-4.293791e-05,3.902251e-05,-3.940943e-04,2.036788e-03,-7.395012e-04,1.436413e-02,1.379746e-02,3.986679e-02,1.182268e-01,1.919605e-04,-2.365112e-04,1.877175e-03
605.640,-4.290976e-05,3.899697e-05,-3.938391e-04,2.036274e-03,-7.386713e-04,1.435451e-02,1.378890e-02,3.987460e-02,1.181482e-01,1.918214e-04,-2.364461e-04,1.876019e-03
605.840,-4.288164e-05,3.897154e-05,-3.935843e-04,2.035759e-03,-7.378396e-04,1.434490e-02,1.378035e-02,3.988240e-02,1.180697e-01,1.916869e-04,-2.363783e-04,1.874887e-03
606.040,-4.285356e-05,3.894619e-05,-3.933298e-04,2.035245e-03,-7.370065e-04,1.433528e-02,1.377180e-02,3.989020e-02,1.179912e-01,1.915568e-04,-2.363073e-04,1.873776e-03
606.240,-4.282551e-05,3.892092e-05,-3.930757e-04,2.034730e-03,-7.361722e-04,1.432567e-02,1.376326e-02,3.989799e-02,1.179128e-01,1.914306e-04,-2.362329e-04,1.872682e-03
606.440,-4.279748e-05,3.889571e-05,-3.928220e-04,2.034216e-03,-7.353370e-04,1.431605e-02,1.375472e-02,3.990577e-02,1.178344e-01,1.913079e-04,-2.361547e-04,1.871602e-03
606.640,-4.276948e-05,3.887056e-05,-3.925685e-04,2.033703e-03,-7.345009e-04,1.430644e-02,1.374619e-02,3.991355e-02,1.177561e-01,1.911882e-04,-2.360730e-04,1.870535e-03
606.840,-4.274151e-05,3.884547e-05,-3.923152e-04,2.033189e-03,-7.336643e-04,1.429683e-02,1.373766e-02,3.992133e-02,1.176779e-01,1.910710e-04,-2.359877e-04,1.869476e-03
607.040,-4.271355e-05,3.882041e-05,-3.920622e-04,2.032676e-03,-7.328273e-04,1.428723e-02,1.372914e-02,3.992910e-02,1.175996e-01,1.909560e-04,-2.358990e-04,1.868424e-03
607.240,-4.268562e-05,3.879538e-05,-3.918094e-04,2.032163e-03,-7.319901e-04,1.427762e-02,1.372063e-02,3.993686e-02,1.175215e-01,1.908427e-04,-2.358070e-04,1.867376e-03
607.440,-4.265770e-05,3.877039e-05,-3.915568e-04,2.031650e-03,-7.311529e-04,1.426803e-02,1.371212e-02,3.994462e-02,1.174434e-01,1.907306e-04,-2.357122e-04,1.866330e-03
607.640,-4.262980e-05,3.874541e-05,-3.913044e-04,2.031138e-03,-7.303158e-04,1.425844e-02,1.370362e-02,3.995238e-02,1.173653e-01,1.906194e-04,-2.356148e-04,1.865285e-03
607.840,-4.260191e-05,3.872045e-05,-3.910521e-04,2.030626e-03,-7.294790e-04,1.424885e-02,1.369512e-02,3.996013e-02,1.172873e-01,1.905087e-04,-2.355151e-04,1.864239e-03
608.040,-4.257404e-05,3.869551e-05,-3.907999e-04,2.030115e-03,-7.286426e-04,1.423927e-02,1.368663e-02,3.996787e-02,1.172093e-01,1.903984e-04,-2.354135e-04,1.863192e-03
608.240,-4.254618e-05,3.867057e-05,-3.905479e-04,2.029603e-03,-7.278067e-04,1.422970e-02,1.367814e-02,3.997561e-02,1.171314e-01,1.902881e-04,-2.353103e-04,1.862142e-03
608.440,-4.251833e-05,3.864564e-05,-3.902960e-04,2.029093e-03,-7.269714e-04,1.422013e-02,1.366966e-02,3.998335e-02,1.170535e-01,1.901775e-04,-2.352060e-04,1.861088e-03
608.640,-4.249049e-05,3.862071e-05,-3.900442e-04,2.028582e-03,-7.261368e-04,1.421057e-02,1.366119e-02,3.999108e-02,1.169757e-01,1.900665e-04,-2.351007e-04,1.860030e-03
608.840,-4.246267e-05,3.859579e-05,-3.897926e-04,2.028072e-03,-7.253029e-04,1.420102e-02,1.365272e-02,3.999881e-02,1.168980e-01,1.899550e-04,-2.349950e-04,1.858968e-03
609.040,-4.243486e-05,3.857086e-05,-3.895410e-04,2.027563e-03,-7.244698e-04,1.419147e-02,1.364425e-02,4.000653e-02,1.168203e-01,1.898429e-04,-2.348889e-04,1.857902e-03
609.240,-4.240707e-05,3.854594e-05,-3.892895e-04,2.027053e-03,-7.236376e-04,1.418193e-02,1.363579e-02,4.001424e-02,1.167426e-01,1.897300e-04,-2.347828e-04,1.856831e-03
609.440,-4.237928e-05,3.852102e-05,-3.890381e-04,2.026545e-03,-7.228061e-04,1.417240e-02,1.362734e-02,4.002195e-02,1.166650e-01,1.896163e-04,-2.346769e-04,1.855757e-03
609.640,-4.235151e-05,3.849610e-05,-3.887869e-04,2.026036e-03,-7.219756e-04,1.416288e-02,1.361889e-02,4.002966e-02,1.165874e-01,1.895017e-04,-2.345714e-04,1.854678e-03
609.840,-4.232376e-05,3.847117e-05,-3.885357e-04,2.025528e-03,-7.211459e-04,1.415336e-02,1.361045e-02,4.003736e-02,1.165099e-01,1.893863e-04,-2.344664e-04,1.853595e-03
610.040,-4.229602e-05,3.844626e-05,-3.882847e-04,2.025021e-03,-7.203170e-04,1.414385e-02,1.360201e-02,4.004505e-02,1.164324e-01,1.892701e-04,-2.343622e-04,1.852508e-03
610.240,-4.226829e-05,3.842134e-05,-3.880337e-04,2.024514e-03,-7.194890e-04,1.413435e-02,1.359358e-02,4.005274e-02,1.163550e-01,1.891530e-04,-2.342588e-04,1.851419e-03
610.440,-4.224058e-05,3.839643e-05,-3.877829e-04,2.024007e-03,-7.186619e-04,1.412485e-02,1.358516e-02,4.006043e-02,1.162777e-01,1.890352e-04,-2.341562e-04,1.850326e-03
610.640,-4.221289e-05,3.837152e-05,-3.875322e-04,2.023501e-03,-7.178355e-04,1.411536e-02,1.357674e-02,4.006811e-02,1.162004e-01,1.889167e-04,-2.340546e-04,1.849232e-03
610.840,-4.218522e-05,3.834662e-05,-3.872817e-04,2.022995e-03,-7.170100e-04,1.410588e-02,1.356832e-02,4.007578e-02,1.161231e-01,1.887975e-04,-2.339539e-04,1.848135e-03
611.040,-4.215756e-05,3.832172e-05,-3.870312e-04,2.022489e-03,-7.161852e-04,1.409641e-02,1.355991e-02,4.008345e-02,1.160459e-01,1.886777e-04,-2.338542e-04,1.847036e-03
611.240,-4.212992e-05,3.829684e-05,-3.867809e-04,2.021984e-03,-7.153612e-04,1.408694e-02,1.355151e-02,4.009112e-02,1.159687e-01,1.885574e-04,-2.337553e-04,1.845937e-03
611.440,-4.210229e-05,3.827196e-05,-3.865308e-04,2.021479e-03,-7.145379e-04,1.407747e-02,1.354311e-02,4.009878e-02,1.158916e-01,1.884366e-04,-2.336574e-04,1.844836e-03
611.640,-4.207469e-05,3.824709e-05,-3.862807e-04,2.020975e-03,-7.137153e-04,1.406802e-02,1.353472e-02,4.010644e-02,1.158145e-01,1.883154e-04,-2.335603e-04,1.843735e-03
611.840,-4.204710e-05,3.822224e-05,-3.860308e-04,2.020470e-03,-7.128934e-04,1.405857e-02,1.352633e-02,4.011409e-02,1.157375e-01,1.881939e-04,-2.334639e-04,1.842633e-03
612.040,-4.201954e-05,3.819740e-05,-3.857811e-04,2.019967e-03,-7.120721e-04,1.404913e-02,1.351795e-02,4.012173e-02,1.156606e-01,1.880722e-04,-2.333683e-04,1.841532e-03
612.240,-4.199199e-05,3.817257e-05,-3.855315e-04,2.019463e-03,-7.112514e-04,1.403969e-02,1.350957e-02,4.012937e-02,1.155837e-01,1.879503e-04,-2.332734e-04,1.840431e-03
612.440,-4.196447e-05,3.814775e-05,-3.852821e-04,2.018960e-03,-7.104314e-04,1.403026e-02,1.350120e-02,4.013701e-02,1.155068e-01,1.878284e-04,-2.331789e-04,1.839331e-03
612.640,-4.193696e-05,3.812295e-05,-3.850328e-04,2.018458e-03,-7.096118e-04,1.402084e-02,1.349284e-02,4.014464e-02,1.154300e-01,1.877063e-04,-2.330850e-04,1.838231e-03
612.840,-4.190947e-05,3.809817e-05,-3.847837e-04,2.017955e-03,-7.087929e-04,1.401142e-02,1.348448e-02,4.015226e-02,1.153532e-01,1.875843e-04,-2.329915e-04,1.837132e-03
613.040,-4.188201e-05,3.807340e-05,-3.845348e-04,2.017453e-03,-7.079745e-04,1.400201e-02,1.347613e-02,4.015988e-02,1.152765e-01,1.874622e-04,-2.328984e-04,1.836035e-03
613.240,-4.185456e-05,3.804865e-05,-3.842860e-04,2.016952e-03,-7.071566e-04,1.399260e-02,1.346778e-02,4.016750e-02,1.151998e-01,1.873403e-04,-2.328056e-04,1.834938e-03
613.440,-4.182713e-05,3.802392e-05,-3.840374e-04,2.016450e-03,-7.063392e-04,1.398320e-02,1.345943e-02,4.017511e-02,1.151232e-01,1.872185e-04,-2.327130e-04,1.833843e-03
613.640,-4.179973e-05,3.799920e-05,-3.837889e-04,2.015949e-03,-7.055223e-04,1.397381e-02,1.345110e-02,4.018272e-02,1.150467e-01,1.870969e-04,-2.326205e-04,1.832749e-03
613.840,-4.177234e-05,3.797450e-05,-3.835406e-04,2.015448e-03,-7.047059e-04,1.396442e-02,1.344276e-02,4.019032e-02,1.149701e-01,1.869754e-04,-2.325281e-04,1.831656e-03
614.040,-4.174498e-05,3.794982e-05,-3.832925e-04,2.014948e-03,-7.038900e-04,1.395504e-02,1.343444e-02,4.019791e-02,1.148937e-01,1.868542e-04,-2.324358e-04,1.830565e-03
614.240,-4.171763e-05,3.792516e-05,-3.830446e-04,2.014448e-03,-7.030745e-04,1.394566e-02,1.342611e-02,4.020550e-02,1.148173e-01,1.867331e-04,-2.323435e-04,1.829475e-03
614.440,-4.169031e-05,3.790051e-05,-3.827968e-04,2.013948e-03,-7.022596e-04,1.393629e-02,1.341780e-02,4.021309e-02,1.147409e-01,1.866122e-04,-2.322512e-04,1.828387e-03
614.640,-4.166300e-05,3.787589e-05,-3.825491e-04,2.013449e-03,-7.014451e-04,1.392693e-02,1.340949e-02,4.022067e-02,1.146646e-01,1.864916e-04,-2.321589e-04,1.827300e-03
614.840,-4.163571e-05,3.785128e-05,-3.823017e-04,2.012950e-03,-7.006310e-04,1.391757e-02,1.340118e-02,4.022825e-02,1.145883e-01,1.863712e-04,-2.320664e-04,1.826214e-03
615.040,-4.160845e-05,3.782668e-05,-3.820544e-04,2.012451e-03,-6.998175e-04,1.390821e-02,1.339288e-02,4.023582e-02,1.145121e-01,1.862511e-04,-2.319739e-04,1.825130e-03
615.240,-4.158120e-05,3.780211e-05,-3.818073e-04,2.011953e-03,-6.990044e-04,1.389887e-02,1.338459e-02,4.024339e-02,1.144359e-01,1.861311e-04,-2.318813e-04,1.824047e-03
615.440,-4.155397e-05,3.777755e-05,-3.815603e-04,2.011454e-03,-6.981918e-04,1.388952e-02,1.337630e-02,4.025095e-02,1.143598e-01,1.860114e-04,-2.317886e-04,1.822965e-03
615.640,-4.152676e-05,3.775301e-05,-3.813135e-04,2.010957e-03,-6.973796e-04,1.388019e-02,1.336802e-02,4.025850e-02,1.142837e-01,1.858919e-04,-2.316958e-04,1.821884e-03
615.840,-4.149957e-05,3.772849e-05,-3.810669e-04,2.010459e-03,-6.965680e-04,1.387086e-02,1.335974e-02,4.026605e-02,1.142077e-01,1.857726e-04,-2.316029e-04,1.820804e-03
616.040,-4.147240e-05,3.770398e-05,-3.808204e-04,2.009962e-03,-6.957568e-04,1.386153e-02,1.335147e-02,4.027360e-02,1.141317e-01,1.856534e-04,-2.315098e-04,1.819725e-03
616.240,-4.144524e-05,3.767949e-05,-3.805741e-04,2.009465e-03,-6.949461e-04,1.385222e-02,1.334320e-02,4.028114e-02,1.140558e-01,1.855345e-04,-2.314167e-04,1.818648e-03
616.440,-4.141811e-05,3.765502e-05,-3.803279e-04,2.008968e-03,-6.941359e-04,1.384290e-02,1.333494e-02,4.028868e-02,1.139799e-01,1.854157e-04,-2.313235e-04,1.817571e-03
616.640,-4.139099e-05,3.763056e-05,-3.800819e-04,2.008472e-03,-6.933262e-04,1.383360e-02,1.332668e-02,4.029621e-02,1.139041e-01,1.852971e-04,-2.312302e-04,1.816495e-03
616.840,-4.136389e-05,3.760612e-05,-3.798361e-04,2.007976e-03,-6.925170e-04,1.382430e-02,1.331843e-02,4.030374e-02,1.138283e-01,1.851786e-04,-2.311369e-04,1.815420e-03
617.040,-4.133681e-05,3.758170e-05,-3.795904e-04,2.007481e-03,-6.917083e-04,1.381500e-02,1.331018e-02,4.031126e-02,1.137526e-01,1.850602e-04,-2.310435e-04,1.814346e-03
617.240,-4.130974e-05,3.755729e-05,-3.793449e-04,2.006985e-03,-6.909001e-04,1.380571e-02,1.330194e-02,4.031878e-02,1.136769e-01,1.849419e-04,-2.309501e-04,1.813272e-03
617.440,-4.128270e-05,3.753290e-05,-3.790995e-04,2.006491e-03,-6.900925e-04,1.379643e-02,1.329371e-02,4.032629e-02,1.136013e-01,1.848238e-04,-2.308567e-04,1.812199e-03
617.640,-4.125567e-05,3.750852e-05,-3.788543e-04,2.005996e-03,-6.892853e-04,1.378715e-02,1.328548e-02,4.033380e-02,1.135257e-01,1.847057e-04,-2.307632e-04,1.811127e-03
617.840,-4.122866e-05,3.748416e-05,-3.786093e-04,2.005502e-03,-6.884786e-04,1.377788e-02,1.327726e-02,4.034130e-02,1.134502e-01,1.845878e-04,-2.306698e-04,1.810056e-03
618.040,-4.120167e-05,3.745981e-05,-3.783644e-04,2.005008e-03,-6.876725e-04,1.376861e-02,1.326904e-02,4.034880e-02,1.133747e-01,1.844699e-04,-2.305763e-04,1.808985e-03
618.240,-4.117470e-05,3.743548e-05,-3.781196e-04,2.004514e-03,-6.868668e-04,1.375935e-02,1.326082e-02,4.035629e-02,1.132993e-01,1.843521e-04,-2.304830e-04,1.807915e-03
618.440,-4.114774e-05,3.741116e-05,-3.778751e-04,2.004021e-03,-6.860617e-04,1.375010e-02,1.325262e-02,4.036378e-02,1.132239e-01,1.842343e-04,-2.303896e-04,1.806845e-03
618.640,-4.112080e-05,3.738686e-05,-3.776306e-04,2.003528e-03,-6.852571e-04,1.374085e-02,1.324441e-02,4.037126e-02,1.131485e-01,1.841167e-04,-2.302963e-04,1.805776e-03
618.840,-4.109388e-05,3.736258e-05,-3.773864e-04,2.003035e-03,-6.844530e-04,1.373161e-02,1.323622e-02,4.037874e-02,1.130732e-01,1.839990e-04,-2.302031e-04,1.804708e-03
619.040,-4.106697e-05,3.733831e-05,-3.771422e-04,2.002543e-03,-6.836495e-04,1.372238e-02,1.322802e-02,4.038621e-02,1.129980e-01,1.838815e-04,-2.301099e-04,1.803640e-03
619.240,-4.104009e-05,3.731405e-05,-3.768983e-04,2.002051e-03,-6.828465e-04,1.371315e-02,1.321984e-02,4.039368e-02,1.129228e-01,1.837640e-04,-2.300168e-04,1.802573e-03
619.440,-4.101322e-05,3.728982e-05,-3.766545e-04,2.001559e-03,-6.820439e-04,1.370392e-02,1.321166e-02,4.040115e-02,1.128477e-01,1.836465e-04,-2.299238e-04,1.801506e-03
619.640,-4.098637e-05,3.726559e-05,-3.764108e-04,2.001067e-03,-6.812420e-04,1.369471e-02,1.320348e-02,4.040861e-02,1.127726e-01,1.835291e-04,-2.298309e-04,1.800440e-03
619.840,-4.095953e-05,3.724138e-05,-3.761673e-04,2.000576e-03,-6.804405e-04,1.368549e-02,1.319531e-02,4.041606e-02,1.126975e-01,1.834118e-04,-2.297380e-04,1.799375e-03
620.040,-4.093272e-05,3.721719e-05,-3.759240e-04,2.000086e-03,-6.796395e-04,1.367629e-02,1.318715e-02,4.042351e-02,1.126225e-01,1.832945e-04,-2.296453e-04,1.798310e-03
620.240,-4.090592e-05,3.719301e-05,-3.756808e-04,1.999595e-03,-6.788391e-04,1.366709e-02,1.317899e-02,4.043095e-02,1.125476e-01,1.831772e-04,-2.295526e-04,1.797246e-03
620.440,-4.087914e-05,3.716885e-05,-3.754378e-04,1.999105e-03,-6.780392e-04,1.365789e-02,1.317083e-02,4.043839e-02,1.124727e-01,1.830601e-04,-2.294601e-04,1.796182e-03
620.640,-4.085238e-05,3.714470e-05,-3.751949e-04,1.998615e-03,-6.772398e-04,1.364870e-02,1.316268e-02,4.044583e-02,1.123978e-01,1.829429e-04,-2.293676e-04,1.795119e-03
620.840,-4.082563e-05,3.712057e-05,-3.749522e-04,1.998126e-03,-6.764410e-04,1.363952e-02,1.315454e-02,4.045326e-02,1.123230e-01,1.828258e-04,-2.292752e-04,1.794057e-03
621.040,-4.079890e-05,3.709645e-05,-3.747096e-04,1.997637e-03,-6.756426e-04,1.363035e-02,1.314640e-02,4.046068e-02,1.122483e-01,1.827088e-04,-2.291829e-04,1.792995e-03
621.240,-4.077219e-05,3.707235e-05,-3.744672e-04,1.997148e-03,-6.748448e-04,1.362118e-02,1.313827e-02,4.046810e-02,1.121736e-01,1.825919e-04,-2.290907e-04,1.791934e-03
621.440,-4.074550e-05,3.704827e-05,-3.742249e-04,1.996659e-03,-6.740475e-04,1.361201e-02,1.313014e-02,4.047552e-02,1.120989e-01,1.824750e-04,-2.289985e-04,1.790874e-03
621.640,-4.071882e-05,3.702420e-05,-3.739828e-04,1.996171e-03,-6.732507e-04,1.360285e-02,1.312202e-02,4.048293e-02,1.120243e-01,1.823581e-04,-2.289065e-04,1.789814e-03
621.840,-4.069216e-05,3.700014e-05,-3.737409e-04,1.995683e-03,-6.724544e-04,1.359370e-02,1.311390e-02,4.049033e-02,1.119497e-01,1.822414e-04,-2.288145e-04,1.788755e-03
622.040,-4.066552e-05,3.697610e-05,-3.734991e-04,1.995196e-03,-6.716586e-04,1.358455e-02,1.310579e-02,4.049774e-02,1.118752e-01,1.821247e-04,-2.287227e-04,1.787696e-03
622.240,-4.063890e-05,3.695208e-05,-3.732575e-04,1.994709e-03,-6.708633e-04,1.357541e-02,1.309768e-02,4.050513e-02,1.118008e-01,1.820081e-04,-2.286308e-04,1.786639e-03
622.440,-4.061229e-05,3.692807e-05,-3.730160e-04,1.994222e-03,-6.700686e-04,1.356628e-02,1.308958e-02,4.051252e-02,1.117263e-01,1.818915e-04,-2.285391e-04,1.785582e-03
622.640,-4.058570e-05,3.690408e-05,-3.727747e-04,1.993735e-03,-6.692743e-04,1.355715e-02,1.308148e-02,4.051991e-02,1.116520e-01,1.817750e-04,-2.284474e-04,1.784525e-03
622.840,-4.055913e-05,3.688010e-05,-3.725335e-04,1.993249e-03,-6.684806e-04,1.354802e-02,1.307339e-02,4.052729e-02,1.115777e-01,1.816586e-04,-2.283558e-04,1.783470e-03
623.040,-4.053258e-05,3.685614e-05,-3.722925e-04,1.992763e-03,-6.676874e-04,1.353891e-02,1.306531e-02,4.053467e-02,1.115034e-01,1.815423e-04,-2.282643e-04,1.782415e-03
623.240,-4.050604e-05,3.683219e-05,-3.720516e-04,1.992277e-03,-6.668947e-04,1.352979e-02,1.305723e-02,4.054204e-02,1.114292e-01,1.814260e-04,-2.281729e-04,1.781360e-03
623.440,-4.047953e-05,3.680826e-05,-3.718109e-04,1.991792e-03,-6.661025e-04,1.352069e-02,1.304915e-02,4.054941e-02,1.113550e-01,1.813098e-04,-2.280815e-04,1.780307e-03
623.640,-4.045302e-05,3.678434e-05,-3.715704e-04,1.991307e-03,-6.653108e-04,1.351159e-02,1.304108e-02,4.055677e-02,1.112808e-01,1.811937e-04,-2.279901e-04,1.779254e-03
623.840,-4.042654e-05,3.676044e-05,-3.713300e-04,1.990822e-03,-6.645196e-04,1.350249e-02,1.303302e-02,4.056413e-02,1.112068e-01,1.810777e-04,-2.278989e-04,1.778202e-03
624.040,-4.040007e-05,3.673656e-05,-3.710897e-04,1.990338e-03,-6.637289e-04,1.349341e-02,1.302496e-02,4.057148e-02,1.111327e-01,1.809617e-04,-2.278076e-04,1.777150e-03
624.240,-4.037363e-05,3.671269e-05,-3.708496e-04,1.989854e-03,-6.629388e-04,1.348432e-02,1.301691e-02,4.057883e-02,1.110587e-01,1.808459e-04,-2.277165e-04,1.776099e-03
624.440,-4.034719e-05,3.668883e-05,-3.706097e-04,1.989370e-03,-6.621491e-04,1.347525e-02,1.300886e-02,4.058617e-02,1.109848e-01,1.807301e-04,-2.276254e-04,1.775049e-03
624.640,-4.032078e-05,3.666499e-05,-3.703699e-04,1.988887e-03,-6.613600e-04,1.346617e-02,1.300081e-02,4.059351e-02,1.109109e-01,1.806144e-04,-2.275344e-04,1.774000e-03
624.840,-4.029438e-05,3.664117e-05,-3.701303e-04,1.988403e-03,-6.605713e-04,1.345711e-02,1.299278e-02,4.060084e-02,1.108371e-01,1.804987e-04,-2.274434e-04,1.772951e-03
625.040,-4.026801e-05,3.661736e-05,-3.698908e-04,1.987921e-03,-6.597832e-04,1.344805e-02,1.298474e-02,4.060817e-02,1.107633e-01,1.803832e-04,-2.273524e-04,1.771903e-03
625.240,-4.024164e-05,3.659357e-05,-3.696515e-04,1.987438e-03,-6.589955e-04,1.343900e-02,1.297672e-02,4.061550e-02,1.106895e-01,1.802677e-04,-2.272615e-04,1.770856e-03
625.440,-4.021530e-05,3.656979e-05,-3.694123e-04,1.986956e-03,-6.582084e-04,1.342995e-02,1.296869e-02,4.062282e-02,1.106158e-01,1.801523e-04,-2.271707e-04,1.769809e-03
625.640,-4.018897e-05,3.654603e-05,-3.691733e-04,1.986474e-03,-6.574218e-04,1.342091e-02,1.296068e-02,4.063013e-02,1.105422e-01,1.800370e-04,-2.270800e-04,1.768763e-03
625.840,-4.016266e-05,3.652228e-05,-3.689345e-04,1.985993e-03,-6.566357e-04,1.341187e-02,1.295266e-02,4.063744e-02,1.104686e-01,1.799217e-04,-2.269893e-04,1.767718e-03
626.040,-4.013637e-05,3.649855e-05,-3.686958e-04,1.985511e-03,-6.558500e-04,1.340284e-02,1.294466e-02,4.064475e-02,1.103950e-01,1.798066e-04,-2.268986e-04,1.766673e-03
626.240,-4.011009e-05,3.647483e-05,-3.684572e-04,1.985030e-03,-6.550649e-04,1.339382e-02,1.293666e-02,4.065205e-02,1.103215e-01,1.796915e-04,-2.268080e-04,1.765630e-03
626.440,-4.008384e-05,3.645113e-05,-3.682188e-04,1.984550e-03,-6.542803e-04,1.338480e-02,1.292866e-02,4.065934e-02,1.102481e-01,1.795765e-04,-2.267175e-04,1.764586e-03
626.640,-4.005759e-05,3.642745e-05,-3.679806e-04,1.984070e-03,-6.534962e-04,1.337579e-02,1.292067e-02,4.066663e-02,1.101747e-01,1.794615e-04,-2.266270e-04,1.763544e-03
626.840,-4.003137e-05,3.640378e-05,-3.677425e-04,1.983590e-03,-6.527126e-04,1.336678e-02,1.291268e-02,4.067392e-02,1.101013e-01,1.793467e-04,-2.265366e-04,1.762502e-03
627.040,-4.000516e-05,3.638012e-05,-3.675046e-04,1.983110e-03,-6.519296e-04,1.335778e-02,1.290470e-02,4.068120e-02,1.100280e-01,1.792319e-04,-2.264462e-04,1.761461e-03
627.240,-3.997897e-05,3.635648e-05,-3.672668e-04,1.982630e-03,-6.511470e-04,1.334878e-02,1.289673e-02,4.068848e-02,1.099547e-01,1.791172e-04,-2.263559e-04,1.760420e-03
627.440,-3.995280e-05,3.633286e-05,-3.670291e-04,1.982151e-03,-6.503649e-04,1.333979e-02,1.288876e-02,4.069575e-02,1.098815e-01,1.790025e-04,-2.262657e-04,1.759380e-03
627.640,-3.992665e-05,3.630925e-05,-3.667917e-04,1.981673e-03,-6.495833e-04,1.333081e-02,1.288079e-02,4.070302e-02,1.098083e-01,1.788880e-04,-2.261755e-04,1.758341e-03
627.840,-3.990051e-05,3.628566e-05,-3.665543e-04,1.981194e-03,-6.488022e-04,1.332183e-02,1.287283e-02,4.071028e-02,1.097352e-01,1.787735e-04,-2.260854e-04,1.757303e-03
628.040,-3.987439e-05,3.626208e-05,-3.663172e-04,1.980716e-03,-6.480217e-04,1.331286e-02,1.286488e-02,4.071754e-02,1.096621e-01,1.786591e-04,-2.259953e-04,1.756265e-03
628.240,-3.984828e-05,3.623851e-05,-3.660801e-04,1.980238e-03,-6.472416e-04,1.330389e-02,1.285693e-02,4.072479e-02,1.095891e-01,1.785447e-04,-2.259053e-04,1.755228e-03
628.440,-3.982220e-05,3.621496e-05,-3.658433e-04,1.979761e-03,-6.464620e-04,1.329493e-02,1.284899e-02,4.073204e-02,1.095161e-01,1.784305e-04,-2.258153e-04,1.754191e-03
628.640,-3.979613e-05,3.619143e-05,-3.656066e-04,1.979284e-03,-6.456830e-04,1.328598e-02,1.284105e-02,4.073928e-02,1.094431e-01,1.783163e-04,-2.257254e-04,1.753155e-03
628.840,-3.977008e-05,3.616791e-05,-3.653700e-04,1.978807e-03,-6.449044e-04,1.327703e-02,1.283312e-02,4.074652e-02,1.093702e-01,1.782022e-04,-2.256356e-04,1.752120e-03
629.040,-3.974404e-05,3.614441e-05,-3.651336e-04,1.978330e-03,-6.441264e-04,1.326808e-02,1.282519e-02,4.075376e-02,1.092974e-01,1.780881e-04,-2.255458e-04,1.751086e-03
629.240,-3.971802e-05,3.612092e-05,-3.648973e-04,1.977854e-03,-6.433488e-04,1.325914e-02,1.281726e-02,4.076099e-02,1.092246e-01,1.779742e-04,-2.254561e-04,1.750052e-03
629.440,-3.969202e-05,3.609745e-05,-3.646612e-04,1.977378e-03,-6.425718e-04,1.325021e-02,1.280935e-02,4.076821e-02,1.091518e-01,1.778603e-04,-2.253665e-04,1.749019e-03
629.640,-3.966604e-05,3.607399e-05,-3.644253e-04,1.976902e-03,-6.417952e-04,1.324129e-02,1.280143e-02,4.077543e-02,1.090791e-01,1.777464e-04,-2.252769e-04,1.747986e-03
629.840,-3.964007e-05,3.605055e-05,-3.641895e-04,1.976427e-03,-6.410192e-04,1.323237e-02,1.279353e-02,4.078265e-02,1.090065e-01,1.776327e-04,-2.251874e-04,1.746955e-03
630.040,-3.961412e-05,3.602712e-05,-3.639538e-04,1.975952e-03,-6.402436e-04,1.322345e-02,1.278562e-02,4.078986e-02,1.089339e-01,1.775190e-04,-2.250979e-04,1.745923e-03
630.240,-3.958819e-05,3.600371e-05,-3.637183e-04,1.975477e-03,-6.394686e-04,1.321454e-02,1.277773e-02,4.079706e-02,1.088613e-01,1.774054e-04,-2.250085e-04,1.744893e-03
630.440,-3.956227e-05,3.598032e-05,-3.634830e-04,1.975003e-03,-6.386940e-04,1.320564e-02,1.276983e-02,4.080427e-02,1.087888e-01,1.772919e-04,-2.249192e-04,1.743863e-03
630.640,-3.953637e-05,3.595693e-05,-3.632478e-04,1.974529e-03,-6.379200e-04,1.319674e-02,1.276195e-02,4.081146e-02,1.087163e-01,1.771784e-04,-2.248299e-04,1.742834e-03
630.840,-3.951049e-05,3.593357e-05,-3.630127e-04,1.974055e-03,-6.371464e-04,1.318785e-02,1.275406e-02,4.081865e-02,1.086439e-01,1.770651e-04,-2.247406e-04,1.741806e-03
631.040,-3.948462e-05,3.591022e-05,-3.627779e-04,1.973582e-03,-6.363734e-04,1.317896e-02,1.274619e-02,4.082584e-02,1.085715e-01,1.769517e-04,-2.246514e-04,1.740778e-03
631.240,-3.945877e-05,3.588688e-05,-3.625431e-04,1.973108e-03,-6.356008e-04,1.317008e-02,1.273832e-02,4.083302e-02,1.084992e-01,1.768385e-04,-2.245623e-04,1.739751e-03
631.440,-3.943294e-05,3.586356e-05,-3.623085e-04,1.972636e-03,-6.348288e-04,1.316121e-02,1.273045e-02,4.084020e-02,1.084269e-01,1.767253e-04,-2.244733e-04,1.738724e-03
631.640,-3.940713e-05,3.584025e-05,-3.620741e-04,1.972163e-03,-6.340572e-04,1.315234e-02,1.272259e-02,4.084738e-02,1.083547e-01,1.766122e-04,-2.243843e-04,1.737698e-03
631.840,-3.938133e-05,3.581696e-05,-3.618398e-04,1.971691e-03,-6.332862e-04,1.314348e-02,1.271473e-02,4.085454e-02,1.082825e-01,1.764992e-04,-2.242954e-04,1.736673e-03
632.040,-3.935555e-05,3.579368e-05,-3.616057e-04,1.971219e-03,-6.325156e-04,1.313462e-02,1.270688e-02,4.086171e-02,1.082104e-01,1.763863e-04,-2.242065e-04,1.735649e-03
632.240,-3.932978e-05,3.577042e-05,-3.613717e-04,1.970747e-03,-6.317455e-04,1.312577e-02,1.269904e-02,4.086887e-02,1.081383e-01,1.762734e-04,-2.241177e-04,1.734625e-03
632.440,-3.930404e-05,3.574718e-05,-3.611378e-04,1.970276e-03,-6.309760e-04,1.311692e-02,1.269120e-02,4.087602e-02,1.080662e-01,1.761606e-04,-2.240290e-04,1.733602e-03
632.640,-3.927831e-05,3.572395e-05,-3.609042e-04,1.969805e-03,-6.302069e-04,1.310808e-02,1.268336e-02,4.088317e-02,1.079942e-01,1.760479e-04,-2.239403e-04,1.732579e-03
632.840,-3.925259e-05,3.570073e-05,-3.606706e-04,1.969334e-03,-6.294384e-04,1.309925e-02,1.267553e-02,4.089032e-02,1.079223e-01,1.759352e-04,-2.238517e-04,1.731557e-03
633.040,-3.922690e-05,3.567753e-05,-3.604372e-04,1.968864e-03,-6.286703e-04,1.309042e-02,1.266770e-02,4.089746e-02,1.078504e-01,1.758226e-04,-2.237631e-04,1.730536e-03
633.240,-3.920122e-05,3.565434e-05,-3.602040e-04,1.968394e-03,-6.279027e-04,1.308159e-02,1.265988e-02,4.090460e-02,1.077785e-01,1.757101e-04,-2.236746e-04,1.729515e-03
633.440,-3.917555e-05,3.563117e-05,-3.599709e-04,1.967924e-03,-6.271356e-04,1.307278e-02,1.265207e-02,4.091173e-02,1.077067e-01,1.755977e-04,-2.235861e-04,1.728496e-03
633.640,-3.914991e-05,3.560802e-05,-3.597380e-04,1.967454e-03,-6.263690e-04,1.306396e-02,1.264426e-02,4.091885e-02,1.076349e-01,1.754853e-04,-2.234977e-04,1.727476e-03
633.840,-3.912428e-05,3.558487e-05,-3.595052e-04,1.966985e-03,-6.256029e-04,1.305516e-02,1.263645e-02,4.092598e-02,1.075632e-01,1.753731e-04,-2.234094e-04,1.726458e-03
634.040,-3.909867e-05,3.556175e-05,-3.592726e-04,1.966516e-03,-6.248373e-04,1.304636e-02,1.262865e-02,4.093309e-02,1.074915e-01,1.752608e-04,-2.233211e-04,1.725440e-03
634.240,-3.907307e-05,3.553864e-05,-3.590401e-04,1.966048e-03,-6.240722e-04,1.303756e-02,1.262086e-02,4.094021e-02,1.074199e-01,1.751487e-04,-2.232329e-04,1.724423e-03
634.440,-3.904749e-05,3.551554e-05,-3.588078e-04,1.965579e-03,-6.233076e-04,1.302877e-02,1.261307e-02,4.094732e-02,1.073483e-01,1.750366e-04,-2.231447e-04,1.723406e-03
634.640,-3.902193e-05,3.549246e-05,-3.585756e-04,1.965112e-03,-6.225435e-04,1.301999e-02,1.260528e-02,4.095442e-02,1.072768e-01,1.749246e-04,-2.230566e-04,1.722390e-03
634.840,-3.899638e-05,3.546939e-05,-3.583436e-04,1.964644e-03,-6.217799e-04,1.301121e-02,1.259751e-02,4.096152e-02,1.072053e-01,1.748127e-04,-2.229686e-04,1.721375e-03
635.040,-3.897085e-05,3.544634e-05,-3.581117e-04,1.964177e-03,-6.210168e-04,1.300244e-02,1.258973e-02,4.096861e-02,1.071338e-01,1.747009e-04,-2.228806e-04,1.720360e-03
635.240,-3.894534e-05,3.542330e-05,-3.578799e-04,1.963709e-03,-6.202541e-04,1.299367e-02,1.258196e-02,4.097570e-02,1.070624e-01,1.745891e-04,-2.227927e-04,1.719346e-03
635.440,-3.891985e-05,3.540028e-05,-3.576484e-04,1.963243e-03,-6.194920e-04,1.298491e-02,1.257420e-02,4.098279e-02,1.069911e-01,1.744774e-04,-2.227048e-04,1.718333e-03
635.640,-3.889437e-05,3.537728e-05,-3.574169e-04,1.962776e-03,-6.187304e-04,1.297616e-02,1.256644e-02,4.098987e-02,1.069198e-01,1.743657e-04,-2.226170e-04,1.717321e-03
635.840,-3.886891e-05,3.535428e-05,-3.571856e-04,1.962310e-03,-6.179692e-04,1.296741e-02,1.255868e-02,4.099694e-02,1.068485e-01,1.742542e-04,-2.225293e-04,1.716309e-03
636.040,-3.884346e-05,3.533131e-05,-3.569545e-04,1.961844e-03,-6.172085e-04,1.295866e-02,1.255094e-02,4.100402e-02,1.067773e-01,1.741427e-04,-2.224416e-04,1.715297e-03
636.240,-3.881803e-05,3.530834e-05,-3.567235e-04,1.961379e-03,-6.164484e-04,1.294993e-02,1.254319e-02,4.101108e-02,1.067061e-01,1.740313e-04,-2.223539e-04,1.714286e-03
636.440,-3.879262e-05,3.528540e-05,-3.564927e-04,1.960914e-03,-6.156887e-04,1.294119e-02,1.253545e-02,4.101815e-02,1.066350e-01,1.739199e-04,-2.222663e-04,1.713277e-03
636.640,-3.876722e-05,3.526246e-05,-3.562620e-04,1.960449e-03,-6.149295e-04,1.293247e-02,1.252772e-02,4.102520e-02,1.065639e-01,1.738086e-04,-2.221789e-04,1.712267e-03
636.840,-3.874185e-05,3.523955e-05,-3.560315e-04,1.959984e-03,-6.141708e-04,1.292374e-02,1.251999e-02,4.103226e-02,1.064929e-01,1.736974e-04,-2.220914e-04,1.711258e-03
637.040,-3.871648e-05,3.521664e-05,-3.558011e-04,1.959520e-03,-6.134126e-04,1.291503e-02,1.251227e-02,4.103930e-02,1.064219e-01,1.735863e-04,-2.220040e-04,1.710250e-03
637.240,-3.869114e-05,3.519376e-05,-3.555708e-04,1.959056e-03,-6.126549e-04,1.290632e-02,1.250455e-02,4.104635e-02,1.063510e-01,1.734753e-04,-2.219166e-04,1.709243e-03
637.440,-3.866581e-05,3.517088e-05,-3.553407e-04,1.958592e-03,-6.118976e-04,1.289761e-02,1.249683e-02,4.105339e-02,1.062801e-01,1.733643e-04,-2.218294e-04,1.708236e-03
637.640,-3.864050e-05,3.514802e-05,-3.551108e-04,1.958129e-03,-6.111409e-04,1.288892e-02,1.248913e-02,4.106042e-02,1.062092e-01,1.732534e-04,-2.217421e-04,1.707230e-03
637.840,-3.861520e-05,3.512518e-05,-3.548810e-04,1.957665e-03,-6.103846e-04,1.288022e-02,1.248142e-02,4.106745e-02,1.061384e-01,1.731425e-04,-2.216550e-04,1.706225e-03
638.040,-3.858992e-05,3.510235e-05,-3.546513e-04,1.957203e-03,-6.096289e-04,1.287153e-02,1.247372e-02,4.107448e-02,1.060677e-01,1.730317e-04,-2.215679e-04,1.705220e-03
638.240,-3.856466e-05,3.507954e-05,-3.544218e-04,1.956740e-03,-6.088736e-04,1.286285e-02,1.246603e-02,4.108150e-02,1.059970e-01,1.729211e-04,-2.214808e-04,1.704216e-03
638.440,-3.853941e-05,3.505674e-05,-3.541925e-04,1.956278e-03,-6.081188e-04,1.285418e-02,1.245834e-02,4.108852e-02,1.059263e-01,1.728104e-04,-2.213938e-04,1.703212e-03
638.640,-3.851418e-05,3.503395e-05,-3.539633e-04,1.955816e-03,-6.073645e-04,1.284550e-02,1.245066e-02,4.109553e-02,1.058557e-01,1.726999e-04,-2.213069e-04,1.702209e-03
638.840,-3.848897e-05,3.501118e-05,-3.537342e-04,1.955354e-03,-6.066107e-04,1.283684e-02,1.244298e-02,4.110254e-02,1.057851e-01,1.725894e-04,-2.212200e-04,1.701207e-03
639.040,-3.846377e-05,3.498843e-05,-3.535053e-04,1.954893e-03,-6.058574e-04,1.282818e-02,1.243531e-02,4.110954e-02,1.057146e-01,1.724790e-04,-2.211332e-04,1.700206e-03
639.240,-3.843859e-05,3.496569e-05,-3.532765e-04,1.954432e-03,-6.051046e-04,1.281953e-02,1.242764e-02,4.111654e-02,1.056441e-01,1.723686e-04,-2.210464e-04,1.699205e-03
639.440,-3.841343e-05,3.494296e-05,-3.530479e-04,1.953971e-03,-6.043522e-04,1.281088e-02,1.241998e-02,4.112353e-02,1.055737e-01,1.722584e-04,-2.209598e-04,1.698205e-03
639.640,-3.838828e-05,3.492025e-05,-3.528195e-04,1.953511e-03,-6.036004e-04,1.280223e-02,1.241232e-02,4.113052e-02,1.055033e-01,1.721482e-04,-2.208731e-04,1.697205e-03
639.840,-3.836315e-05,3.489756e-05,-3.525912e-04,1.953051e-03,-6.028490e-04,1.279360e-02,1.240466e-02,4.113750e-02,1.054330e-01,1.720381e-04,-2.207865e-04,1.696206e-03
640.040,-3.833804e-05,3.487487e-05,-3.523630e-04,1.952591e-03,-6.020981e-04,1.278496e-02,1.239702e-02,4.114448e-02,1.053627e-01,1.719280e-04,-2.207000e-04,1.695208e-03
640.240,-3.831294e-05,3.485221e-05,-3.521350e-04,1.952132e-03,-6.013477e-04,1.277634e-02,1.238937e-02,4.115146e-02,1.052924e-01,1.718180e-04,-2.206135e-04,1.694210e-03
640.440,-3.828786e-05,3.482956e-05,-3.519071e-04,1.951672e-03,-6.005978e-04,1.276772e-02,1.238173e-02,4.115843e-02,1.052222e-01,1.717081e-04,-2.205271e-04,1.693213e-03
640.640,-3.826279e-05,3.480692e-05,-3.516794e-04,1.951213e-03,-5.998484e-04,1.275910e-02,1.237410e-02,4.116540e-02,1.051520e-01,1.715983e-04,-2.204407e-04,1.692217e-03
640.840,-3.823774e-05,3.478430e-05,-3.514518e-04,1.950755e-03,-5.990994e-04,1.275049e-02,1.236647e-02,4.117236e-02,1.050819e-01,1.714885e-04,-2.203544e-04,1.691221e-03
641.040,-3.821271e-05,3.476169e-05,-3.512243e-04,1.950297e-03,-5.983509e-04,1.274189e-02,1.235885e-02,4.117932e-02,1.050119e-01,1.713788e-04,-2.202682e-04,1.690226e-03
641.240,-3.818770e-05,3.473909e-05,-3.509970e-04,1.949839e-03,-5.976030e-04,1.273329e-02,1.235123e-02,4.118627e-02,1.049418e-01,1.712692e-04,-2.201820e-04,1.689231e-03
641.440,-3.816270e-05,3.471651e-05,-3.507699e-04,1.949381e-03,-5.968555e-04,1.272470e-02,1.234362e-02,4.119322e-02,1.048718e-01,1.711596e-04,-2.200959e-04,1.688237e-03
641.640,-3.813771e-05,3.469395e-05,-3.505429e-04,1.948923e-03,-5.961085e-04,1.271611e-02,1.233601e-02,4.120016e-02,1.048019e-01,1.710501e-04,-2.200098e-04,1.687244e-03
641.840,-3.811275e-05,3.467140e-05,-3.503161e-04,1.948466e-03,-5.953619e-04,1.270753e-02,1.232841e-02,4.120710e-02,1.047320e-01,1.709407e-04,-2.199238e-04,1.686252e-03
642.040,-3.808780e-05,3.464887e-05,-3.500894e-04,1.948009e-03,-5.946159e-04,1.269895e-02,1.232081e-02,4.121404e-02,1.046622e-01,1.708314e-04,-2.198378e-04,1.685260e-03
642.240,-3.806286e-05,3.462635e-05,-3.498628e-04,1.947553e-03,-5.938703e-04,1.269038e-02,1.231321e-02,4.122097e-02,1.045924e-01,1.707221e-04,-2.197519e-04,1.684269e-03
642.440,-3.803795e-05,3.460384e-05,-3.496364e-04,1.947097e-03,-5.931253e-04,1.268182e-02,1.230563e-02,4.122789e-02,1.045226e-01,1.706129e-04,-2.196661e-04,1.683278e-03
642.640,-3.801304e-05,3.458135e-05,-3.494101e-04,1.946641e-03,-5.923807e-04,1.267326e-02,1.229804e-02,4.123481e-02,1.044529e-01,1.705038e-04,-2.195803e-04,1.682288e-03
642.840,-3.798816e-05,3.455887e-05,-3.491840e-04,1.946185e-03,-5.916365e-04,1.266470e-02,1.229046e-02,4.124173e-02,1.043833e-01,1.703947e-04,-2.194946e-04,1.681299e-03
643.040,-3.796329e-05,3.453641e-05,-3.489580e-04,1.945730e-03,-5.908929e-04,1.265615e-02,1.228289e-02,4.124864e-02,1.043136e-01,1.702857e-04,-2.194089e-04,1.680310e-03
643.240,-3.793844e-05,3.451396e-05,-3.487322e-04,1.945275e-03,-5.901498e-04,1.264761e-02,1.227532e-02,4.125555e-02,1.042441e-01,1.701768e-04,-2.193233e-04,1.679322e-03
643.440,-3.791360e-05,3.449153e-05,-3.485065e-04,1.944820e-03,-5.894071e-04,1.263907e-02,1.226776e-02,4.126245e-02,1.041745e-01,1.700680e-04,-2.192377e-04,1.678335e-03
643.640,-3.788878e-05,3.446911e-05,-3.482810e-04,1.944366e-03,-5.886649e-04,1.263054e-02,1.226020e-02,4.126935e-02,1.041050e-01,1.699592e-04,-2.191523e-04,1.677348e-03
643.840,-3.786398e-05,3.444671e-05,-3.480556e-04,1.943911e-03,-5.879232e-04,1.262202e-02,1.225264e-02,4.127625e-02,1.040356e-01,1.698505e-04,-2.190668e-04,1.676362e-03
644.040,-3.783919e-05,3.442432e-05,-3.478304e-04,1.943458e-03,-5.871820e-04,1.261349e-02,1.224510e-02,4.128314e-02,1.039662e-01,1.697418e-04,-2.189814e-04,1.675376e-03
644.240,-3.781442e-05,3.440194e-05,-3.476053e-04,1.943004e-03,-5.864412e-04,1.260498e-02,1.223755e-02,4.129002e-02,1.038969e-01,1.696333e-04,-2.188961e-04,1.674391e-03
644.440,-3.778966e-05,3.437958e-05,-3.473803e-04,1.942551e-03,-5.857009e-04,1.259647e-02,1.223001e-02,4.129690e-02,1.038276e-01,1.695248e-04,-2.188108e-04,1.673407e-03
644.640,-3.776493e-05,3.435723e-05,-3.471555e-04,1.942098e-03,-5.849612e-04,1.258796e-02,1.222248e-02,4.130378e-02,1.037583e-01,1.694164e-04,-2.187256e-04,1.672424e-03
644.840,-3.774020e-05,3.433490e-05,-3.469309e-04,1.941645e-03,-5.842218e-04,1.257947e-02,1.221495e-02,4.131065e-02,1.036891e-01,1.693080e-04,-2.186405e-04,1.671441e-03
645.040,-3.771550e-05,3.431259e-05,-3.467063e-04,1.941193e-03,-5.834830e-04,1.257097e-02,1.220743e-02,4.131752e-02,1.036199e-01,1.691997e-04,-2.185554e-04,1.670458e-03
645.240,-3.769081e-05,3.429028e-05,-3.464820e-04,1.940741e-03,-5.827447e-04,1.256248e-02,1.219991e-02,4.132438e-02,1.035508e-01,1.690915e-04,-2.184703e-04,1.669477e-03
645.440,-3.766613e-05,3.426799e-05,-3.462577e-04,1.940289e-03,-5.820068e-04,1.255400e-02,1.219239e-02,4.133124e-02,1.034817e-01,1.689834e-04,-2.183853e-04,1.668496e-03
645.640,-3.764147e-05,3.424572e-05,-3.460337e-04,1.939837e-03,-5.812694e-04,1.254552e-02,1.218488e-02,4.133809e-02,1.034127e-01,1.688753e-04,-2.183004e-04,1.667515e-03
645.840,-3.761683e-05,3.422346e-05,-3.458097e-04,1.939386e-03,-5.805325e-04,1.253705e-02,1.217738e-02,4.134494e-02,1.033437e-01,1.687673e-04,-2.182155e-04,1.666536e-03
646.040,-3.759221e-05,3.420122e-05,-3.455859e-04,1.938935e-03,-5.797960e-04,1.252859e-02,1.216988e-02,4.135179e-02,1.032747e-01,1.686593e-04,-2.181307e-04,1.665557e-03
646.240,-3.756760e-05,3.417899e-05,-3.453623e-04,1.938485e-03,-5.790600e-04,1.252013e-02,1.216238e-02,4.135863e-02,1.032058e-01,1.685515e-04,-2.180459e-04,1.664578e-03
646.440,-3.754300e-05,3.415677e-05,-3.451388e-04,1.938034e-03,-5.783245e-04,1.251167e-02,1.215489e-02,4.136547e-02,1.031370e-01,1.684437e-04,-2.179612e-04,1.663600e-03
646.640,-3.751843e-05,3.413457e-05,-3.449154e-04,1.937584e-03,-5.775895e-04,1.250322e-02,1.214741e-02,4.137230e-02,1.030682e-01,1.683360e-04,-2.178766e-04,1.662623e-03
646.840,-3.749387e-05,3.411238e-05,-3.446922e-04,1.937135e-03,-5.768550e-04,1.249478e-02,1.213993e-02,4.137913e-02,1.029994e-01,1.682283e-04,-2.177920e-04,1.661646e-03
647.040,-3.746932e-05,3.409021e-05,-3.444691e-04,1.936685e-03,-5.761209e-04,1.248634e-02,1.213245e-02,4.138595e-02,1.029307e-01,1.681207e-04,-2.177075e-04,1.660670e-03
647.240,-3.744479e-05,3.406805e-05,-3.442462e-04,1.936236e-03,-5.753873e-04,1.247790e-02,1.212498e-02,4.139277e-02,1.028620e-01,1.680132e-04,-2.176230e-04,1.659695e-03
647.440,-3.742028e-05,3.404591e-05,-3.440234e-04,1.935787e-03,-5.746542e-04,1.246948e-02,1.211752e-02,4.139958e-02,1.027934e-01,1.679058e-04,-2.175386e-04,1.658720e-03
647.640,-3.739578e-05,3.402378e-05,-3.438008e-04,1.935339e-03,-5.739216e-04,1.246105e-02,1.211006e-02,4.140639e-02,1.027248e-01,1.677984e-04,-2.174542e-04,1.657746e-03
647.840,-3.737130e-05,3.400166e-05,-3.435783e-04,1.934890e-03,-5.731894e-04,1.245264e-02,1.210260e-02,4.141320e-02,1.026562e-01,1.676911e-04,-2.173699e-04,1.656773e-03
648.040,-3.734684e-05,3.397956e-05,-3.433559e-04,1.934442e-03,-5.724577e-04,1.244423e-02,1.209515e-02,4.142000e-02,1.025877e-01,1.675839e-04,-2.172856e-04,1.655800e-03
648.240,-3.732239e-05,3.395747e-05,-3.431337e-04,1.933995e-03,-5.717265e-04,1.243582e-02,1.208770e-02,4.142679e-02,1.025193e-01,1.674767e-04,-2.172014e-04,1.654828e-03
648.440,-3.729795e-05,3.393540e-05,-3.429117e-04,1.933547e-03,-5.709958e-04,1.242742e-02,1.208026e-02,4.143359e-02,1.024509e-01,1.673696e-04,-2.171173e-04,1.653856e-03
648.640,-3.727354e-05,3.391334e-05,-3.426898e-04,1.933100e-03,-5.702655e-04,1.241902e-02,1.207283e-02,4.144037e-02,1.023825e-01,1.672626e-04,-2.170332e-04,1.652885e-03
648.840,-3.724914e-05,3.389130e-05,-3.424680e-04,1.932653e-03,-5.695357e-04,1.241063e-02,1.206540e-02,4.144716e-02,1.023142e-01,1.671556e-04,-2.169492e-04,1.651915e-03
649.040,-3.722475e-05,3.386927e-05,-3.422463e-04,1.932207e-03,-5.688064e-04,1.240225e-02,1.205797e-02,4.145394e-02,1.022459e-01,1.670487e-04,-2.168652e-04,1.650945e-03
649.240,-3.720038e-05,3.384725e-05,-3.420249e-04,1.931761e-03,-5.680775e-04,1.239387e-02,1.205055e-02,4.146071e-02,1.021776e-01,1.669419e-04,-2.167813e-04,1.649976e-03
649.440,-3.717603e-05,3.382525e-05,-3.418035e-04,1.931315e-03,-5.673491e-04,1.238550e-02,1.204313e-02,4.146748e-02,1.021095e-01,1.668352e-04,-2.166974e-04,1.649008e-03
649.640,-3.715169e-05,3.380326e-05,-3.415823e-04,1.930869e-03,-5.666212e-04,1.237713e-02,1.203572e-02,4.147424e-02,1.020413e-01,1.667285e-04,-2.166136e-04,1.648040e-03
649.840,-3.712737e-05,3.378129e-05,-3.413613e-04,1.930424e-03,-5.658938e-04,1.236877e-02,1.202831e-02,4.148101e-02,1.019732e-01,1.666219e-04,-2.165299e-04,1.647073e-03
650.040,-3.710307e-05,3.375933e-05,-3.411403e-04,1.929979e-03,-5.651668e-04,1.236041e-02,1.202091e-02,4.148776e-02,1.019051e-01,1.665153e-04,-2.164461e-04,1.646106e-03
650.240,-3.707878e-05,3.373739e-05,-3.409196e-04,1.929534e-03,-5.644403e-04,1.235206e-02,1.201351e-02,4.149452e-02,1.018371e-01,1.664088e-04,-2.163625e-04,1.645141e-03
650.440,-3.705450e-05,3.371546e-05,-3.406989e-04,1.929089e-03,-5.637143e-04,1.234371e-02,1.200612e-02,4.150126e-02,1.017692e-01,1.663024e-04,-2.162789e-04,1.644175e-03
650.640,-3.703025e-05,3.369354e-05,-3.404784e-04,1.928645e-03,-5.629888e-04,1.233537e-02,1.199873e-02,4.150801e-02,1.017012e-01,1.661961e-04,-2.161954e-04,1.643211e-03
650.840,-3.700601e-05,3.367164e-05,-3.402581e-04,1.928201e-03,-5.622637e-04,1.232703e-02,1.199135e-02,4.151475e-02,1.016333e-01,1.660898e-04,-2.161119e-04,1.642246e-03
651.040,-3.698178e-05,3.364975e-05,-3.400379e-04,1.927757e-03,-5.615391e-04,1.231870e-02,1.198397e-02,4.152148e-02,1.015655e-01,1.659836e-04,-2.160285e-04,1.641283e-03
651.240,-3.695757e-05,3.362788e-05,-3.398178e-04,1.927314e-03,-5.608149e-04,1.231038e-02,1.197660e-02,4.152821e-02,1.014977e-01,1.658775e-04,-2.159452e-04,1.640320e-03
651.440,-3.693338e-05,3.360602e-05,-3.395979e-04,1.926871e-03,-5.600912e-04,1.230206e-02,1.196923e-02,4.153494e-02,1.014300e-01,1.657714e-04,-2.158618e-04,1.639358e-03
651.640,-3.690920e-05,3.358418e-05,-3.393781e-04,1.926428e-03,-5.593680e-04,1.229374e-02,1.196186e-02,4.154166e-02,1.013622e-01,1.656655e-04,-2.157786e-04,1.638397e-03
651.840,-3.688504e-05,3.356235e-05,-3.391585e-04,1.925986e-03,-5.586453e-04,1.228543e-02,1.195451e-02,4.154838e-02,1.012946e-01,1.655595e-04,-2.156954e-04,1.637436e-03
652.040,-3.686089e-05,3.354053e-05,-3.389390e-04,1.925544e-03,-5.579230e-04,1.227713e-02,1.194715e-02,4.155509e-02,1.012270e-01,1.654537e-04,-2.156122e-04,1.636475e-03
652.240,-3.683676e-05,3.351873e-05,-3.387196e-04,1.925102e-03,-5.572012e-04,1.226883e-02,1.193980e-02,4.156180e-02,1.011594e-01,1.653479e-04,-2.155292e-04,1.635516e-03
652.440,-3.681264e-05,3.349694e-05,-3.385004e-04,1.924660e-03,-5.564799e-04,1.226054e-02,1.193246e-02,4.156850e-02,1.010919e-01,1.652422e-04,-2.154461e-04,1.634557e-03
652.640,-3.678854e-05,3.347517e-05,-3.382814e-04,1.924219e-03,-5.557590e-04,1.225225e-02,1.192512e-02,4.157520e-02,1.010244e-01,1.651365e-04,-2.153632e-04,1.633598e-03
652.840,-3.676446e-05,3.345341e-05,-3.380624e-04,1.923778e-03,-5.550386e-04,1.224397e-02,1.191778e-02,4.158190e-02,1.009569e-01,1.650310e-04,-2.152802e-04,1.632640e-03
653.040,-3.674039e-05,3.343166e-05,-3.378437e-04,1.923337e-03,-5.543187e-04,1.223569e-02,1.191045e-02,4.158859e-02,1.008895e-01,1.649254e-04,-2.151974e-04,1.631683e-03
653.240,-3.671634e-05,3.340993e-05,-3.376250e-04,1.922897e-03,-5.535992e-04,1.222742e-02,1.190313e-02,4.159527e-02,1.008222e-01,1.648200e-04,-2.151146e-04,1.630727e-03
653.440,-3.669231e-05,3.338821e-05,-3.374065e-04,1.922456e-03,-5.528802e-04,1.221916e-02,1.189581e-02,4.160196e-02,1.007548e-01,1.647146e-04,-2.150318e-04,1.629771e-03
653.640,-3.666829e-05,3.336651e-05,-3.371881e-04,1.922017e-03,-5.521617e-04,1.221090e-02,1.188849e-02,4.160864e-02,1.006876e-01,1.646093e-04,-2.149491e-04,1.628815e-03
653.840,-3.664428e-05,3.334482e-05,-3.369699e-04,1.921577e-03,-5.514436e-04,1.220264e-02,1.188118e-02,4.161531e-02,1.006203e-01,1.645041e-04,-2.148665e-04,1.627860e-03
654.040,-3.662029e-05,3.332314e-05,-3.367518e-04,1.921138e-03,-5.507260e-04,1.219439e-02,1.187388e-02,4.162198e-02,1.005532e-01,1.643989e-04,-2.147839e-04,1.626906e-03
654.240,-3.659632e-05,3.330148e-05,-3.365339e-04,1.920699e-03,-5.500088e-04,1.218615e-02,1.186657e-02,4.162864e-02,1.004860e-01,1.642938e-04,-2.147013e-04,1.625953e-03
654.440,-3.657236e-05,3.327983e-05,-3.363161e-04,1.920260e-03,-5.492922e-04,1.217791e-02,1.185928e-02,4.163530e-02,1.004189e-01,1.641888e-04,-2.146189e-04,1.625000e-03
654.640,-3.654842e-05,3.325820e-05,-3.360985e-04,1.919822e-03,-5.485760e-04,1.216967e-02,1.185199e-02,4.164196e-02,1.003519e-01,1.640838e-04,-2.145364e-04,1.624048e-03
654.840,-3.652449e-05,3.323658e-05,-3.358809e-04,1.919383e-03,-5.478602e-04,1.216144e-02,1.184470e-02,4.164861e-02,1.002849e-01,1.639789e-04,-2.144541e-04,1.623096e-03
655.040,-3.650058e-05,3.321498e-05,-3.356636e-04,1.918945e-03,-5.471449e-04,1.215322e-02,1.183742e-02,4.165526e-02,1.002179e-01,1.638741e-04,-2.143718e-04,1.622145e-03
655.240,-3.647669e-05,3.319338e-05,-3.354463e-04,1.918508e-03,-5.464301e-04,1.214500e-02,1.183014e-02,4.166190e-02,1.001510e-01,1.637693e-04,-2.142895e-04,1.621195e-03
655.440,-3.645281e-05,3.317181e-05,-3.352292e-04,1.918071e-03,-5.457157e-04,1.213679e-02,1.182287e-02,4.166854e-02,1.000841e-01,1.636646e-04,-2.142073e-04,1.620245e-03
655.640,-3.642895e-05,3.315024e-05,-3.350123e-04,1.917634e-03,-5.450018e-04,1.212858e-02,1.181560e-02,4.167518e-02,1.000172e-01,1.635600e-04,-2.141252e-04,1.619296e-03
655.840,-3.640510e-05,3.312869e-05,-3.347955e-04,1.917197e-03,-5.442884e-04,1.212038e-02,1.180834e-02,4.168181e-02,9.995045e-02,1.634554e-04,-2.140430e-04,1.618347e-03
656.040,-3.638127e-05,3.310716e-05,-3.345788e-04,1.916760e-03,-5.435754e-04,1.211218e-02,1.180108e-02,4.168843e-02,9.988370e-02,1.633510e-04,-2.139610e-04,1.617399e-03
656.240,-3.635745e-05,3.308564e-05,-3.343623e-04,1.916324e-03,-5.428629e-04,1.210399e-02,1.179382e-02,4.169506e-02,9.981699e-02,1.632465e-04,-2.138790e-04,1.616452e-03
656.440,-3.633365e-05,3.306413e-05,-3.341459e-04,1.915888e-03,-5.421509e-04,1.209580e-02,1.178657e-02,4.170167e-02,9.975033e-02,1.631422e-04,-2.137971e-04,1.615505e-03
656.640,-3.630986e-05,3.304264e-05,-3.339296e-04,1.915453e-03,-5.414393e-04,1.208762e-02,1.177933e-02,4.170829e-02,9.968371e-02,1.630379e-04,-2.137152e-04,1.614559e-03
656.840,-3.628609e-05,3.302116e-05,-3.337135e-04,1.915017e-03,-5.407282e-04,1.207945e-02,1.177209e-02,4.171490e-02,9.961713e-02,1.629337e-04,-2.136334e-04,1.613613e-03
657.040,-3.626234e-05,3.299969e-05,-3.334975e-04,1.914582e-03,-5.400175e-04,1.207128e-02,1.176486e-02,4.172150e-02,9.955059e-02,1.628295e-04,-2.135516e-04,1.612668e-03
657.240,-3.623860e-05,3.297824e-05,-3.332817e-04,1.914148e-03,-5.393073e-04,1.206311e-02,1.175763e-02,4.172810e-02,9.948410e-02,1.627254e-04,-2.134699e-04,1.611724e-03
657.440,-3.621488e-05,3.295680e-05,-3.330660e-04,1.913713e-03,-5.385976e-04,1.205495e-02,1.175040e-02,4.173470e-02,9.941765e-02,1.626214e-04,-2.133883e-04,1.610781e-03
657.640,-3.619117e-05,3.293538e-05,-3.328504e-04,1.913279e-03,-5.378883e-04,1.204680e-02,1.174318e-02,4.174129e-02,9.935124e-02,1.625175e-04,-2.133066e-04,1.609837e-03
657.840,-3.616748e-05,3.291397e-05,-3.326350e-04,1.912845e-03,-5.371795e-04,1.203865e-02,1.173596e-02,4.174788e-02,9.928488e-02,1.624136e-04,-2.132251e-04,1.608895e-03
658.040,-3.614380e-05,3.289257e-05,-3.324198e-04,1.912411e-03,-5.364711e-04,1.203051e-02,1.172875e-02,4.175446e-02,9.921856e-02,1.623098e-04,-2.131436e-04,1.607953e-03
658.240,-3.612014e-05,3.287119e-05,-3.322046e-04,1.911978e-03,-5.357632e-04,1.202237e-02,1.172155e-02,4.176104e-02,9.915228e-02,1.622060e-04,-2.130621e-04,1.607012e-03
658.440,-3.609650e-05,3.284982e-05,-3.319896e-04,1.911545e-03,-5.350557e-04,1.201423e-02,1.171435e-02,4.176761e-02,9.908605e-02,1.621024e-04,-2.129807e-04,1.606071e-03
658.640,-3.607287e-05,3.282847e-05,-3.317748e-04,1.911112e-03,-5.343488e-04,1.200610e-02,1.170715e-02,4.177418e-02,9.901986e-02,1.619987e-04,-2.128994e-04,1.605131e-03
658.840,-3.604925e-05,3.280713e-05,-3.315600e-04,1.910680e-03,-5.336422e-04,1.199798e-02,1.169996e-02,4.178075e-02,9.895371e-02,1.618952e-04,-2.128181e-04,1.604192e-03
659.040,-3.602565e-05,3.278580e-05,-3.313455e-04,1.910248e-03,-5.329362e-04,1.198986e-02,1.169277e-02,4.178731e-02,9.888760e-02,1.617917e-04,-2.127369e-04,1.603253e-03
659.240,-3.600207e-05,3.276449e-05,-3.311310e-04,1.909816e-03,-5.322305e-04,1.198175e-02,1.168559e-02,4.179387e-02,9.882154e-02,1.616883e-04,-2.126557e-04,1.602315e-03
659.440,-3.597850e-05,3.274319e-05,-3.309167e-04,1.909384e-03,-5.315254e-04,1.197364e-02,1.167841e-02,4.180042e-02,9.875552e-02,1.615850e-04,-2.125746e-04,1.601377e-03
659.640,-3.595495e-05,3.272190e-05,-3.307025e-04,1.908953e-03,-5.308207e-04,1.196554e-02,1.167123e-02,4.180697e-02,9.868954e-02,1.614817e-04,-2.124936e-04,1.600440e-03
659.840,-3.593141e-05,3.270063e-05,-3.304885e-04,1.908522e-03,-5.301164e-04,1.195745e-02,1.166407e-02,4.181352e-02,9.862360e-02,1.613785e-04,-2.124126e-04,1.599504e-03
660.040,-3.590789e-05,3.267937e-05,-3.302746e-04,1.908091e-03,-5.294127e-04,1.194935e-02,1.165690e-02,4.182006e-02,9.855771e-02,1.612753e-04,-2.123316e-04,1.598568e-03
660.240,-3.588438e-05,3.265813e-05,-3.300609e-04,1.907660e-03,-5.287093e-04,1.194127e-02,1.164974e-02,4.182659e-02,9.849186e-02,1.611723e-04,-2.122507e-04,1.597633e-03
660.440,-3.586089e-05,3.263690e-05,-3.298473e-04,1.907230e-03,-5.280064e-04,1.193319e-02,1.164259e-02,4.183312e-02,9.842605e-02,1.610692e-04,-2.121698e-04,1.596698e-03
660.640,-3.583741e-05,3.261568e-05,-3.296338e-04,1.906800e-03,-5.273040e-04,1.192511e-02,1.163544e-02,4.183965e-02,9.836029e-02,1.609663e-04,-2.120890e-04,1.595764e-03
660.840,-3.581395e-05,3.259448e-05,-3.294205e-04,1.906370e-03,-5.266021e-04,1.191704e-02,1.162829e-02,4.184618e-02,9.829457e-02,1.608634e-04,-2.120083e-04,1.594831e-03
661.040,-3.579051e-05,3.257329e-05,-3.292073e-04,1.905941e-03,-5.259006e-04,1.190898e-02,1.162115e-02,4.185270e-02,9.822889e-02,1.607606e-04,-2.119276e-04,1.593898e-03
661.240,-3.576708e-05,3.255212e-05,-3.289942e-04,1.905512e-03,-5.251995e-04,1.190092e-02,1.161401e-02,4.185921e-02,9.816325e-02,1.606579e-04,-2.118470e-04,1.592966e-03
661.440,-3.574366e-05,3.253095e-05,-3.287813e-04,1.905083e-03,-5.244989e-04,1.189286e-02,1.160688e-02,4.186572e-02,9.809766e-02,1.605552e-04,-2.117664e-04,1.592035e-03
661.640,-3.572027e-05,3.250981e-05,-3.285685e-04,1.904654e-03,-5.237987e-04,1.188481e-02,1.159976e-02,4.187223e-02,9.803210e-02,1.604526e-04,-2.116859e-04,1.591104e-03
661.840,-3.569688e-05,3.248867e-05,-3.283558e-04,1.904226e-03,-5.230991e-04,1.187677e-02,1.159263e-02,4.187873e-02,9.796659e-02,1.603500e-04,-2.116054e-04,1.590173e-03
662.040,-3.567351e-05,3.246755e-05,-3.281433e-04,1.903798e-03,-5.223998e-04,1.186873e-02,1.158552e-02,4.188523e-02,9.790113e-02,1.602476e-04,-2.115250e-04,1.589244e-03
662.240,-3.565016e-05,3.244645e-05,-3.279310e-04,1.903370e-03,-5.217010e-04,1.186069e-02,1.157840e-02,4.189172e-02,9.783570e-02,1.601452e-04,-2.114446e-04,1.588314e-03
662.440,-3.562682e-05,3.242535e-05,-3.277187e-04,1.902943e-03,-5.210027e-04,1.185266e-02,1.157130e-02,4.189821e-02,9.777032e-02,1.600428e-04,-2.113643e-04,1.587386e-03
662.640,-3.560350e-05,3.240427e-05,-3.275066e-04,1.902516e-03,-5.203048e-04,1.184464e-02,1.156419e-02,4.190470e-02,9.770498e-02,1.599405e-04,-2.112840e-04,1.586458e-03
662.840,-3.558019e-05,3.238321e-05,-3.272947e-04,1.902089e-03,-5.196074e-04,1.183662e-02,1.155709e-02,4.191118e-02,9.763968e-02,1.598383e-04,-2.112038e-04,1.585531e-03
663.040,-3.555690e-05,3.236216e-05,-3.270828e-04,1.901662e-03,-5.189104e-04,1.182861e-02,1.155000e-02,4.191766e-02,9.757442e-02,1.597362e-04,-2.111236e-04,1.584604e-03
663.240,-3.553362e-05,3.234112e-05,-3.268712e-04,1.901236e-03,-5.182139e-04,1.182060e-02,1.154291e-02,4.192413e-02,9.750921e-02,1.596341e-04,-2.110436e-04,1.583678e-03
663.440,-3.551036e-05,3.232009e-05,-3.266596e-04,1.900810e-03,-5.175178e-04,1.181260e-02,1.153583e-02,4.193060e-02,9.744404e-02,1.595321e-04,-2.109635e-04,1.582752e-03
663.640,-3.548712e-05,3.229908e-05,-3.264482e-04,1.900384e-03,-5.168222e-04,1.180460e-02,1.152875e-02,4.193706e-02,9.737891e-02,1.594302e-04,-2.108835e-04,1.581827e-03
663.840,-3.546389e-05,3.227809e-05,-3.262369e-04,1.899959e-03,-5.161270e-04,1.179661e-02,1.152167e-02,4.194352e-02,9.731382e-02,1.593283e-04,-2.108036e-04,1.580903e-03
664.040,-3.544067e-05,3.225710e-05,-3.260258e-04,1.899533e-03,-5.154323e-04,1.178862e-02,1.151460e-02,4.194998e-02,9.724878e-02,1.592265e-04,-2.107237e-04,1.579979e-03
664.240,-3.541747e-05,3.223613e-05,-3.258148e-04,1.899108e-03,-5.147380e-04,1.178064e-02,1.150753e-02,4.195643e-02,9.718377e-02,1.591247e-04,-2.106439e-04,1.579056e-03
664.440,-3.539428e-05,3.221517e-05,-3.256039e-04,1.898684e-03,-5.140442e-04,1.177266e-02,1.150047e-02,4.196288e-02,9.711881e-02,1.590230e-04,-2.105641e-04,1.578133e-03
664.640,-3.537111e-05,3.219423e-05,-3.253932e-04,1.898259e-03,-5.133508e-04,1.176469e-02,1.149341e-02,4.196932e-02,9.705389e-02,1.589214e-04,-2.104843e-04,1.577211e-03
664.840,-3.534796e-05,3.217330e-05,-3.251826e-04,1.897835e-03,-5.126579e-04,1.175672e-02,1.148636e-02,4.197576e-02,9.698902e-02,1.588199e-04,-2.104047e-04,1.576290e-03
665.040,-3.532482e-05,3.215239e-05,-3.249721e-04,1.897411e-03,-5.119654e-04,1.174876e-02,1.147931e-02,4.198219e-02,9.692418e-02,1.587184e-04,-2.103250e-04,1.575369e-03
665.240,-3.530169e-05,3.213148e-05,-3.247618e-04,1.896988e-03,-5.112734e-04,1.174080e-02,1.147227e-02,4.198863e-02,9.685939e-02,1.586170e-04,-2.102455e-04,1.574449e-03
665.440,-3.527858e-05,3.211060e-05,-3.245516e-04,1.896565e-03,-5.105818e-04,1.173285e-02,1.146523e-02,4.199505e-02,9.679464e-02,1.585156e-04,-2.101660e-04,1.573530e-03
665.640,-3.525549e-05,3.208972e-05,-3.243416e-04,1.896142e-03,-5.098907e-04,1.172491e-02,1.145820e-02,4.200147e-02,9.672993e-02,1.584143e-04,-2.100865e-04,1.572611e-03
665.840,-3.523241e-05,3.206886e-05,-3.241317e-04,1.895719e-03,-5.092000e-04,1.171696e-02,1.145117e-02,4.200789e-02,9.666526e-02,1.583131e-04,-2.100071e-04,1.571692e-03
666.040,-3.520935e-05,3.204801e-05,-3.239219e-04,1.895296e-03,-5.085098e-04,1.170903e-02,1.144414e-02,4.201431e-02,9.660063e-02,1.582119e-04,-2.099278e-04,1.570774e-03
666.240,-3.518630e-05,3.202718e-05,-3.237122e-04,1.894874e-03,-5.078200e-04,1.170110e-02,1.143712e-02,4.202072e-02,9.653605e-02,1.581109e-04,-2.098484e-04,1.569857e-03
666.440,-3.516326e-05,3.200636e-05,-3.235027e-04,1.894452e-03,-5.071307e-04,1.169317e-02,1.143011e-02,4.202712e-02,9.647151e-02,1.580098e-04,-2.097692e-04,1.568941e-03
666.640,-3.514024e-05,3.198555e-05,-3.232934e-04,1.894031e-03,-5.064418e-04,1.168525e-02,1.142309e-02,4.203352e-02,9.640701e-02,1.579089e-04,-2.096900e-04,1.568025e-03
666.840,-3.511724e-05,3.196475e-05,-3.230841e-04,1.893609e-03,-5.057533e-04,1.167734e-02,1.141609e-02,4.203992e-02,9.634255e-02,1.578080e-04,-2.096108e-04,1.567109e-03
667.040,-3.509425e-05,3.194397e-05,-3.228750e-04,1.893188e-03,-5.050653e-04,1.166943e-02,1.140909e-02,4.204632e-02,9.627813e-02,1.577072e-04,-2.095317e-04,1.566194e-03
667.240,-3.507128e-05,3.192321e-05,-3.226661e-04,1.892767e-03,-5.043778e-04,1.166152e-02,1.140209e-02,4.205270e-02,9.621376e-02,1.576064e-04,-2.094527e-04,1.565280e-03
667.440,-3.504832e-05,3.190245e-05,-3.224572e-04,1.892347e-03,-5.036907e-04,1.165362e-02,1.139510e-02,4.205909e-02,9.614942e-02,1.575057e-04,-2.093737e-04,1.564366e-03
667.640,-3.502538e-05,3.188171e-05,-3.222485e-04,1.891927e-03,-5.030040e-04,1.164573e-02,1.138811e-02,4.206547e-02,9.608513e-02,1.574051e-04,-2.092948e-04,1.563453e-03
667.840,-3.500245e-05,3.186099e-05,-3.220400e-04,1.891507e-03,-5.023178e-04,1.163784e-02,1.138112e-02,4.207185e-02,9.602088e-02,1.573045e-04,-2.092159e-04,1.562541e-03
668.040,-3.497953e-05,3.184027e-05,-3.218316e-04,1.891087e-03,-5.016320e-04,1.162995e-02,1.137415e-02,4.207822e-02,9.595667e-02,1.572040e-04,-2.091370e-04,1.561629e-03
668.240,-3.495664e-05,3.181957e-05,-3.216233e-04,1.890667e-03,-5.009467e-04,1.162207e-02,1.136717e-02,4.208459e-02,9.589251e-02,1.571036e-04,-2.090583e-04,1.560718e-03
668.440,-3.493375e-05,3.179889e-05,-3.214151e-04,1.890248e-03,-5.002618e-04,1.161420e-02,1.136020e-02,4.209095e-02,9.582838e-02,1.570032e-04,-2.089795e-04,1.559807e-03
668.640,-3.491088e-05,3.177822e-05,-3.212071e-04,1.889829e-03,-4.995774e-04,1.160633e-02,1.135324e-02,4.209731e-02,9.576430e-02,1.569029e-04,-2.089009e-04,1.558897e-03
668.840,-3.488803e-05,3.175756e-05,-3.209992e-04,1.889411e-03,-4.988934e-04,1.159846e-02,1.134627e-02,4.210367e-02,9.570025e-02,1.568026e-04,-2.088223e-04,1.557988e-03
669.040,-3.486519e-05,3.173691e-05,-3.207915e-04,1.888992e-03,-4.982098e-04,1.159060e-02,1.133932e-02,4.211002e-02,9.563625e-02,1.567025e-04,-2.087437e-04,1.557079e-03
669.240,-3.484237e-05,3.171628e-05,-3.205838e-04,1.888574e-03,-4.975267e-04,1.158275e-02,1.133237e-02,4.211637e-02,9.557229e-02,1.566024e-04,-2.086652e-04,1.556170e-03
669.440,-3.481956e-05,3.169566e-05,-3.203764e-04,1.888156e-03,-4.968441e-04,1.157490e-02,1.132542e-02,4.212271e-02,9.550837e-02,1.565023e-04,-2.085867e-04,1.555262e-03
669.640,-3.479676e-05,3.167505e-05,-3.201690e-04,1.887739e-03,-4.961619e-04,1.156706e-02,1.131848e-02,4.212905e-02,9.544450e-02,1.564023e-04,-2.085083e-04,1.554355e-03
669.840,-3.477399e-05,3.165446e-05,-3.199618e-04,1.887322e-03,-4.954801e-04,1.155922e-02,1.131154e-02,4.213539e-02,9.538066e-02,1.563024e-04,-2.084299e-04,1.553449e-03
670.040,-3.475122e-05,3.163388e-05,-3.197547e-04,1.886905e-03,-4.947987e-04,1.155138e-02,1.130460e-02,4.214172e-02,9.531687e-02,1.562026e-04,-2.083516e-04,1.552543e-03
670.240,-3.472847e-05,3.161331e-05,-3.195478e-04,1.886488e-03,-4.941178e-04,1.154355e-02,1.129768e-02,4.214805e-02,9.525311e-02,1.561028e-04,-2.082733e-04,1.551637e-03
670.440,-3.470574e-05,3.159276e-05,-3.193410e-04,1.886071e-03,-4.934374e-04,1.153573e-02,1.129075e-02,4.215437e-02,9.518940e-02,1.560031e-04,-2.081951e-04,1.550732e-03
670.640,-3.468302e-05,3.157222e-05,-3.191343e-04,1.885655e-03,-4.927574e-04,1.152791e-02,1.128383e-02,4.216069e-02,9.512573e-02,1.559034e-04,-2.081170e-04,1.549828e-03
670.840,-3.466031e-05,3.155170e-05,-3.189277e-04,1.885239e-03,-4.920778e-04,1.152010e-02,1.127692e-02,4.216700e-02,9.506210e-02,1.558038e-04,-2.080389e-04,1.548925e-03
671.040,-3.463762e-05,3.153118e-05,-3.187213e-04,1.884824e-03,-4.913987e-04,1.151229e-02,1.127000e-02,4.217331e-02,9.499851e-02,1.557043e-04,-2.079608e-04,1.548022e-03
671.240,-3.461495e-05,3.151068e-05,-3.185150e-04,1.884408e-03,-4.907200e-04,1.150449e-02,1.126310e-02,4.217962e-02,9.493497e-02,1.556048e-04,-2.078828e-04,1.547119e-03
671.440,-3.459229e-05,3.149020e-05,-3.183089e-04,1.883993e-03,-4.900417e-04,1.149669e-02,1.125620e-02,4.218592e-02,9.487146e-02,1.555054e-04,-2.078049e-04,1.546217e-03
671.640,-3.456965e-05,3.146973e-05,-3.181029e-04,1.883578e-03,-4.893639e-04,1.148889e-02,1.124930e-02,4.219222e-02,9.480800e-02,1.554061e-04,-2.077270e-04,1.545316e-03
671.840,-3.454701e-05,3.144927e-05,-3.178970e-04,1.883164e-03,-4.886865e-04,1.148111e-02,1.124241e-02,4.219851e-02,9.474457e-02,1.553068e-04,-2.076491e-04,1.544415e-03
672.040,-3.452440e-05,3.142882e-05,-3.176913e-04,1.882750e-03,-4.880096e-04,1.147332e-02,1.123552e-02,4.220480e-02,9.468119e-02,1.552076e-04,-2.075714e-04,1.543515e-03
672.240,-3.450180e-05,3.140839e-05,-3.174856e-04,1.882336e-03,-4.873331e-04,1.146554e-02,1.122863e-02,4.221109e-02,9.461785e-02,1.551085e-04,-2.074936e-04,1.542615e-03
672.440,-3.447921e-05,3.138797e-05,-3.172802e-04,1.881922e-03,-4.866570e-04,1.145777e-02,1.122175e-02,4.221737e-02,9.455455e-02,1.550094e-04,-2.074159e-04,1.541716e-03
672.640,-3.445664e-05,3.136756e-05,-3.170748e-04,1.881508e-03,-4.859814e-04,1.145000e-02,1.121488e-02,4.222365e-02,9.449129e-02,1.549104e-04,-2.073383e-04,1.540818e-03
672.840,-3.443409e-05,3.134717e-05,-3.168696e-04,1.881095e-03,-4.853062e-04,1.144224e-02,1.120801e-02,4.222992e-02,9.442807e-02,1.548114e-04,-2.072607e-04,1.539920e-03
673.040,-3.441154e-05,3.132679e-05,-3.166645e-04,1.880682e-03,-4.846315e-04,1.143448e-02,1.120114e-02,4.223619e-02,9.436489e-02,1.547126e-04,-2.071832e-04,1.539023e-03
673.240,-3.438902e-05,3.130642e-05,-3.164596e-04,1.880270e-03,-4.839572e-04,1.142673e-02,1.119428e-02,4.224246e-02,9.430175e-02,1.546137e-04,-2.071057e-04,1.538126e-03
673.440,-3.436651e-05,3.128607e-05,-3.162548e-04,1.879857e-03,-4.832833e-04,1.141898e-02,1.118742e-02,4.224872e-02,9.423865e-02,1.545150e-04,-2.070283e-04,1.537230e-03
673.640,-3.434401e-05,3.126573e-05,-3.160501e-04,1.879445e-03,-4.826099e-04,1.141124e-02,1.118057e-02,4.225498e-02,9.417560e-02,1.544163e-04,-2.069509e-04,1.536335e-03
673.840,-3.432153e-05,3.124540e-05,-3.158455e-04,1.879033e-03,-4.819369e-04,1.140350e-02,1.117372e-02,4.226123e-02,9.411258e-02,1.543177e-04,-2.068736e-04,1.535440e-03
674.040,-3.429906e-05,3.122509e-05,-3.156411e-04,1.878622e-03,-4.812643e-04,1.139577e-02,1.116688e-02,4.226748e-02,9.404961e-02,1.542191e-04,-2.067963e-04,1.534545e-03
674.240,-3.427661e-05,3.120479e-05,-3.154368e-04,1.878210e-03,-4.805922e-04,1.138804e-02,1.116004e-02,4.227373e-02,9.398668e-02,1.541206e-04,-2.067190e-04,1.533652e-03
674.440,-3.425417e-05,3.118450e-05,-3.152327e-04,1.877799e-03,-4.799205e-04,1.138031e-02,1.115321e-02,4.227997e-02,9.392378e-02,1.540222e-04,-2.066419e-04,1.532758e-03
674.640,-3.423174e-05,3.116423e-05,-3.150287e-04,1.877389e-03,-4.792493e-04,1.137260e-02,1.114638e-02,4.228621e-02,9.386093e-02,1.539238e-04,-2.065647e-04,1.531866e-03
674.840,-3.420934e-05,3.114396e-05,-3.148248e-04,1.876978e-03,-4.785785e-04,1.136488e-02,1.113955e-02,4.229244e-02,9.379812e-02,1.538255e-04,-2.064877e-04,1.530974e-03
675.040,-3.418694e-05,3.112372e-05,-3.146210e-04,1.876568e-03,-4.779081e-04,1.135717e-02,1.113273e-02,4.229867e-02,9.373535e-02,1.537272e-04,-2.064107e-04,1.530082e-03
675.240,-3.416456e-05,3.110348e-05,-3.144174e-04,1.876158e-03,-4.772381e-04,1.134947e-02,1.112591e-02,4.230489e-02,9.367262e-02,1.536291e-04,-2.063337e-04,1.529191e-03
675.440,-3.414220e-05,3.108326e-05,-3.142139e-04,1.875748e-03,-4.765686e-04,1.134177e-02,1.111910e-02,4.231111e-02,9.360993e-02,1.535310e-04,-2.062568e-04,1.528301e-03
675.640,-3.411985e-05,3.106305e-05,-3.140105e-04,1.875339e-03,-4.758995e-04,1.133408e-02,1.111229e-02,4.231733e-02,9.354728e-02,1.534329e-04,-2.061799e-04,1.527411e-03
675.840,-3.409751e-05,3.104286e-05,-3.138073e-04,1.874929e-03,-4.752309e-04,1.132639e-02,1.110549e-02,4.232354e-02,9.348467e-02,1.533349e-04,-2.061031e-04,1.526522e-03
676.040,-3.407519e-05,3.102267e-05,-3.136042e-04,1.874520e-03,-4.745627e-04,1.131871e-02,1.109869e-02,4.232975e-02,9.342211e-02,1.532370e-04,-2.060263e-04,1.525634e-03
676.240,-3.405288e-05,3.100250e-05,-3.134012e-04,1.874112e-03,-4.738949e-04,1.131103e-02,1.109190e-02,4.233596e-02,9.335958e-02,1.531391e-04,-2.059496e-04,1.524746e-03
676.440,-3.403059e-05,3.098235e-05,-3.131984e-04,1.873703e-03,-4.732275e-04,1.130336e-02,1.108511e-02,4.234216e-02,9.329709e-02,1.530413e-04,-2.058729e-04,1.523858e-03
676.640,-3.400831e-05,3.096220e-05,-3.129957e-04,1.873295e-03,-4.725606e-04,1.129569e-02,1.107832e-02,4.234836e-02,9.323465e-02,1.529436e-04,-2.057963e-04,1.522971e-03
676.840,-3.398605e-05,3.094207e-05,-3.127931e-04,1.872887e-03,-4.718942e-04,1.128802e-02,1.107154e-02,4.235455e-02,9.317224e-02,1.528459e-04,-2.057198e-04,1.522085e-03
677.040,-3.396380e-05,3.092196e-05,-3.125907e-04,1.872480e-03,-4.712281e-04,1.128037e-02,1.106476e-02,4.236074e-02,9.310987e-02,1.527483e-04,-2.056432e-04,1.521199e-03
677.240,-3.394157e-05,3.090185e-05,-3.123884e-04,1.872073e-03,-4.705625e-04,1.127271e-02,1.105799e-02,4.236692e-02,9.304755e-02,1.526508e-04,-2.055668e-04,1.520314e-03
677.440,-3.391935e-05,3.088176e-05,-3.121862e-04,1.871666e-03,-4.698973e-04,1.126506e-02,1.105122e-02,4.237310e-02,9.298526e-02,1.525533e-04,-2.054904e-04,1.519430e-03
677.640,-3.389715e-05,3.086168e-05,-3.119841e-04,1.871259e-03,-4.692325e-04,1.125742e-02,1.104446e-02,4.237928e-02,9.292302e-02,1.524559e-04,-2.054140e-04,1.518546e-03
677.840,-3.387496e-05,3.084162e-05,-3.117822e-04,1.870852e-03,-4.685682e-04,1.124978e-02,1.103770e-02,4.238545e-02,9.286081e-02,1.523585e-04,-2.053377e-04,1.517662e-03
678.040,-3.385278e-05,3.082157e-05,-3.115804e-04,1.870446e-03,-4.679043e-04,1.124215e-02,1.103094e-02,4.239162e-02,9.279865e-02,1.522612e-04,-2.052615e-04,1.516779e-03
678.240,-3.383062e-05,3.080153e-05,-3.113788e-04,1.870040e-03,-4.672409e-04,1.123452e-02,1.102419e-02,4.239779e-02,9.273653e-02,1.521640e-04,-2.051853e-04,1.515897e-03
678.440,-3.380848e-05,3.078150e-05,-3.111772e-04,1.869634e-03,-4.665778e-04,1.122690e-02,1.101745e-02,4.240395e-02,9.267444e-02,1.520668e-04,-2.051091e-04,1.515015e-03
678.640,-3.378634e-05,3.076149e-05,-3.109758e-04,1.869229e-03,-4.659152e-04,1.121928e-02,1.101071e-02,4.241010e-02,9.261240e-02,1.519697e-04,-2.050330e-04,1.514134e-03
678.840,-3.376423e-05,3.074149e-05,-3.107746e-04,1.868824e-03,-4.652531e-04,1.121166e-02,1.100397e-02,4.241626e-02,9.255039e-02,1.518727e-04,-2.049569e-04,1.513254e-03
679.040,-3.374212e-05,3.072150e-05,-3.105734e-04,1.868419e-03,-4.645913e-04,1.120405e-02,1.099724e-02,4.242240e-02,9.248843e-02,1.517757e-04,-2.048809e-04,1.512374e-03
679.240,-3.372004e-05,3.070153e-05,-3.103724e-04,1.868014e-03,-4.639300e-04,1.119645e-02,1.099051e-02,4.242855e-02,9.242651e-02,1.516788e-04,-2.048050e-04,1.511494e-03
679.440,-3.369796e-05,3.068157e-05,-3.101715e-04,1.867610e-03,-4.632691e-04,1.118885e-02,1.098379e-02,4.243469e-02,9.236463e-02,1.515819e-04,-2.047291e-04,1.510615e-03
679.640,-3.367590e-05,3.066162e-05,-3.099708e-04,1.867205e-03,-4.626087e-04,1.118126e-02,1.097707e-02,4.244083e-02,9.230278e-02,1.514851e-04,-2.046532e-04,1.509737e-03
679.840,-3.365386e-05,3.064169e-05,-3.097702e-04,1.866802e-03,-4.619486e-04,1.117367e-02,1.097035e-02,4.244696e-02,9.224098e-02,1.513884e-04,-2.045774e-04,1.508859e-03
680.040,-3.363183e-05,3.062176e-05,-3.095697e-04,1.866398e-03,-4.612890e-04,1.116608e-02,1.096364e-02,4.245309e-02,9.217922e-02,1.512918e-04,-2.045017e-04,1.507982e-03
680.240,-3.360981e-05,3.060185e-05,-3.093693e-04,1.865995e-03,-4.606299e-04,1.115850e-02,1.095694e-02,4.245921e-02,9.211749e-02,1.511952e-04,-2.044260e-04,1.507106e-03
680.440,-3.358781e-05,3.058196e-05,-3.091691e-04,1.865591e-03,-4.599711e-04,1.115093e-02,1.095023e-02,4.246533e-02,9.205581e-02,1.510986e-04,-2.043503e-04,1.506230e-03
680.640,-3.356582e-05,3.056207e-05,-3.089690e-04,1.865189e-03,-4.593128e-04,1.114336e-02,1.094354e-02,4.247145e-02,9.199417e-02,1.510021e-04,-2.042747e-04,1.505354e-03
680.840,-3.354385e-05,3.054220e-05,-3.087690e-04,1.864786e-03,-4.586549e-04,1.113579e-02,1.093684e-02,4.247756e-02,9.193256e-02,1.509057e-04,-2.041992e-04,1.504479e-03
681.040,-3.352189e-05,3.052235e-05,-3.085692e-04,1.864384e-03,-4.579974e-04,1.112823e-02,1.093015e-02,4.248367e-02,9.187100e-02,1.508094e-04,-2.041237e-04,1.503605e-03
681.240,-3.349995e-05,3.050250e-05,-3.083695e-04,1.863982e-03,-4.573404e-04,1.112068e-02,1.092347e-02,4.248978e-02,9.180947e-02,1.507131e-04,-2.040482e-04,1.502731e-03
681.440,-3.347802e-05,3.048267e-05,-3.081699e-04,1.863580e-03,-4.566838e-04,1.111313e-02,1.091679e-02,4.249588e-02,9.174799e-02,1.506169e-04,-2.039728e-04,1.501858e-03
681.640,-3.345610e-05,3.046285e-05,-3.079704e-04,1.863178e-03,-4.560276e-04,1.110558e-02,1.091011e-02,4.250197e-02,9.168655e-02,1.505207e-04,-2.038974e-04,1.500985e-03
681.840,-3.343420e-05,3.044304e-05,-3.077711e-04,1.862777e-03,-4.553718e-04,1.109804e-02,1.090344e-02,4.250807e-02,9.162514e-02,1.504246e-04,-2.038222e-04,1.500113e-03
682.040,-3.341232e-05,3.042325e-05,-3.075719e-04,1.862376e-03,-4.547165e-04,1.109051e-02,1.089678e-02,4.251416e-02,9.156378e-02,1.503286e-04,-2.037469e-04,1.499242e-03
682.240,-3.339044e-05,3.040347e-05,-3.073729e-04,1.861975e-03,-4.540616e-04,1.108298e-02,1.089011e-02,4.252024e-02,9.150245e-02,1.502326e-04,-2.036717e-04,1.498371e-03
682.440,-3.336859e-05,3.038370e-05,-3.071739e-04,1.861575e-03,-4.534071e-04,1.107545e-02,1.088346e-02,4.252632e-02,9.144117e-02,1.501367e-04,-2.035966e-04,1.497500e-03
682.640,-3.334674e-05,3.036395e-05,-3.069751e-04,1.861175e-03,-4.527530e-04,1.106793e-02,1.087680e-02,4.253240e-02,9.137992e-02,1.500408e-04,-2.035215e-04,1.496631e-03
682.840,-3.332491e-05,3.034421e-05,-3.067764e-04,1.860775e-03,-4.520994e-04,1.106041e-02,1.087015e-02,4.253847e-02,9.131872e-02,1.499450e-04,-2.034464e-04,1.495761e-03
683.040,-3.330310e-05,3.032448e-05,-3.065779e-04,1.860375e-03,-4.514462e-04,1.105290e-02,1.086351e-02,4.254454e-02,9.125755e-02,1.498493e-04,-2.033714e-04,1.494893e-03
683.240,-3.328130e-05,3.030476e-05,-3.063795e-04,1.859976e-03,-4.507934e-04,1.104540e-02,1.085687e-02,4.255061e-02,9.119642e-02,1.497537e-04,-2.032965e-04,1.494024e-03
683.440,-3.325951e-05,3.028506e-05,-3.061812e-04,1.859577e-03,-4.501410e-04,1.103789e-02,1.085023e-02,4.255667e-02,9.113533e-02,1.496581e-04,-2.032215e-04,1.493157e-03
683.640,-3.323774e-05,3.026537e-05,-3.059830e-04,1.859178e-03,-4.494891e-04,1.103040e-02,1.084360e-02,4.256272e-02,9.107429e-02,1.495625e-04,-2.031467e-04,1.492290e-03
683.840,-3.321598e-05,3.024569e-05,-3.057850e-04,1.858779e-03,-4.488375e-04,1.102291e-02,1.083697e-02,4.256878e-02,9.101328e-02,1.494670e-04,-2.030719e-04,1.491423e-03
684.040,-3.319424e-05,3.022602e-05,-3.055871e-04,1.858381e-03,-4.481864e-04,1.101542e-02,1.083035e-02,4.257483e-02,9.095231e-02,1.493716e-04,-2.029971e-04,1.490558e-03
684.240,-3.317251e-05,3.020637e-05,-3.053893e-04,1.857982e-03,-4.475358e-04,1.100794e-02,1.082373e-02,4.258087e-02,9.089138e-02,1.492763e-04,-2.029224e-04,1.489692e-03
684.440,-3.315079e-05,3.018673e-05,-3.051916e-04,1.857585e-03,-4.468855e-04,1.100046e-02,1.081711e-02,4.258691e-02,9.083049e-02,1.491810e-04,-2.028478e-04,1.488827e-03
684.640,-3.312909e-05,3.016710e-05,-3.049941e-04,1.857187e-03,-4.462357e-04,1.099299e-02,1.081050e-02,4.259295e-02,9.076964e-02,1.490857e-04,-2.027732e-04,1.487963e-03
684.840,-3.310740e-05,3.014749e-05,-3.047967e-04,1.856790e-03,-4.455863e-04,1.098552e-02,1.080390e-02,4.259899e-02,9.070883e-02,1.489906e-04,-2.026986e-04,1.487100e-03
685.040,-3.308573e-05,3.012789e-05,-3.045994e-04,1.856392e-03,-4.449373e-04,1.097806e-02,1.079730e-02,4.260502e-02,9.064806e-02,1.488955e-04,-2.026241e-04,1.486237e-03
685.240,-3.306407e-05,3.010830e-05,-3.044023e-04,1.855996e-03,-4.442887e-04,1.097060e-02,1.079070e-02,4.261104e-02,9.058732e-02,1.488004e-04,-2.025497e-04,1.485374e-03
685.440,-3.304243e-05,3.008872e-05,-3.042053e-04,1.855599e-03,-4.436405e-04,1.096314e-02,1.078411e-02,4.261706e-02,9.052663e-02,1.487054e-04,-2.024753e-04,1.484512e-03
685.640,-3.302080e-05,3.006916e-05,-3.040084e-04,1.855203e-03,-4.429928e-04,1.095570e-02,1.077752e-02,4.262308e-02,9.046598e-02,1.486105e-04,-2.024009e-04,1.483651e-03
685.840,-3.299918e-05,3.004961e-05,-3.038116e-04,1.854807e-03,-4.423455e-04,1.094825e-02,1.077093e-02,4.262910e-02,9.040536e-02,1.485157e-04,-2.023266e-04,1.482790e-03
686.040,-3.297758e-05,3.003007e-05,-3.036150e-04,1.854411e-03,-4.416986e-04,1.094081e-02,1.076435e-02,4.263511e-02,9.034479e-02,1.484209e-04,-2.022523e-04,1.481929e-03
686.240,-3.295599e-05,3.001055e-05,-3.034185e-04,1.854015e-03,-4.410521e-04,1.093338e-02,1.075778e-02,4.264111e-02,9.028425e-02,1.483261e-04,-2.021781e-04,1.481070e-03
686.440,-3.293442e-05,2.999103e-05,-3.032221e-04,1.853620e-03,-4.404061e-04,1.092595e-02,1.075121e-02,4.264711e-02,9.022375e-02,1.482315e-04,-2.021040e-04,1.480210e-03
686.640,-3.291286e-05,2.997153e-05,-3.030259e-04,1.853225e-03,-4.397604e-04,1.091853e-02,1.074464e-02,4.265311e-02,9.016329e-02,1.481368e-04,-2.020299e-04,1.479352e-03
686.840,-3.289132e-05,2.995205e-05,-3.028297e-04,1.852830e-03,-4.391152e-04,1.091111e-02,1.073807e-02,4.265911e-02,9.010288e-02,1.480423e-04,-2.019558e-04,1.478494e-03
687.040,-3.286979e-05,2.993257e-05,-3.026337e-04,1.852436e-03,-4.384704e-04,1.090369e-02,1.073152e-02,4.266510e-02,9.004250e-02,1.479478e-04,-2.018818e-04,1.477636e-03
687.240,-3.284827e-05,2.991311e-05,-3.024379e-04,1.852041e-03,-4.378261e-04,1.089628e-02,1.072496e-02,4.267109e-02,8.998216e-02,1.478534e-04,-2.018078e-04,1.476779e-03
687.440,-3.282677e-05,2.989366e-05,-3.022421e-04,1.851647e-03,-4.371821e-04,1.088888e-02,1.071841e-02,4.267707e-02,8.992185e-02,1.477590e-04,-2.017339e-04,1.475923e-03
687.640,-3.280528e-05,2.987422e-05,-3.020465e-04,1.851254e-03,-4.365386e-04,1.088148e-02,1.071187e-02,4.268305e-02,8.986159e-02,1.476647e-04,-2.016600e-04,1.475067e-03
687.840,-3.278380e-05,2.985480e-05,-3.018510e-04,1.850860e-03,-4.358954e-04,1.087408e-02,1.070532e-02,4.268902e-02,8.980137e-02,1.475704e-04,-2.015862e-04,1.474212e-03
688.040,-3.276234e-05,2.983539e-05,-3.016556e-04,1.850467e-03,-4.352527e-04,1.086669e-02,1.069879e-02,4.269499e-02,8.974118e-02,1.474763e-04,-2.015125e-04,1.473357e-03
688.240,-3.274090e-05,2.981599e-05,-3.014604e-04,1.850074e-03,-4.346104e-04,1.085931e-02,1.069225e-02,4.270096e-02,8.968104e-02,1.473821e-04,-2.014387e-04,1.472503e-03
688.440,-3.271946e-05,2.979660e-05,-3.012653e-04,1.849681e-03,-4.339685e-04,1.085193e-02,1.068573e-02,4.270693e-02,8.962093e-02,1.472881e-04,-2.013651e-04,1.471649e-03
688.640,-3.269804e-05,2.977723e-05,-3.010703e-04,1.849289e-03,-4.333271e-04,1.084455e-02,1.067920e-02,4.271288e-02,8.956086e-02,1.471941e-04,-2.012915e-04,1.470796e-03
688.840,-3.267664e-05,2.975787e-05,-3.008754e-04,1.848897e-03,-4.326860e-04,1.083718e-02,1.067268e-02,4.271884e-02,8.950083e-02,1.471001e-04,-2.012179e-04,1.469943e-03
689.040,-3.265525e-05,2.973852e-05,-3.006807e-04,1.848505e-03,-4.320454e-04,1.082981e-02,1.066616e-02,4.272479e-02,8.944084e-02,1.470062e-04,-2.011443e-04,1.469091e-03
689.240,-3.263387e-05,2.971918e-05,-3.004861e-04,1.848113e-03,-4.314052e-04,1.082245e-02,1.065965e-02,4.273074e-02,8.938089e-02,1.469124e-04,-2.010709e-04,1.468240e-03
689.440,-3.261251e-05,2.969986e-05,-3.002916e-04,1.847722e-03,-4.307654e-04,1.081509e-02,1.065315e-02,4.273668e-02,8.932098e-02,1.468187e-04,-2.009975e-04,1.467389e-03
689.640,-3.259116e-05,2.968055e-05,-3.000973e-04,1.847330e-03,-4.301260e-04,1.080774e-02,1.064664e-02,4.274263e-02,8.926110e-02,1.467250e-04,-2.009241e-04,1.466539e-03
689.840,-3.256983e-05,2.966125e-05,-2.999030e-04,1.846939e-03,-4.294870e-04,1.080039e-02,1.064014e-02,4.274856e-02,8.920127e-02,1.466313e-04,-2.008507e-04,1.465689e-03
690.040,-3.254851e-05,2.964196e-05,-2.997089e-04,1.846549e-03,-4.288485e-04,1.079305e-02,1.063365e-02,4.275449e-02,8.914147e-02,1.465378e-04,-2.007775e-04,1.464840e-03
690.240,-3.252720e-05,2.962269e-05,-2.995150e-04,1.846158e-03,-4.282103e-04,1.078571e-02,1.062716e-02,4.276042e-02,8.908171e-02,1.464442e-04,-2.007043e-04,1.463991e-03
690.440,-3.250591e-05,2.960343e-05,-2.993211e-04,1.845768e-03,-4.275726e-04,1.077838e-02,1.062067e-02,4.276635e-02,8.902199e-02,1.463508e-04,-2.006311e-04,1.463143e-03
690.640,-3.248463e-05,2.958418e-05,-2.991274e-04,1.845378e-03,-4.269353e-04,1.077105e-02,1.061419e-02,4.277227e-02,8.896231e-02,1.462574e-04,-2.005579e-04,1.462295e-03
690.840,-3.246336e-05,2.956494e-05,-2.989338e-04,1.844989e-03,-4.262984e-04,1.076372e-02,1.060771e-02,4.277819e-02,8.890267e-02,1.461641e-04,-2.004848e-04,1.461448e-03
691.040,-3.244211e-05,2.954572e-05,-2.987403e-04,1.844599e-03,-4.256619e-04,1.075640e-02,1.060124e-02,4.278410e-02,8.884307e-02,1.460708e-04,-2.004118e-04,1.460602e-03
691.240,-3.242088e-05,2.952651e-05,-2.985469e-04,1.844210e-03,-4.250258e-04,1.074909e-02,1.059477e-02,4.279001e-02,8.878350e-02,1.459776e-04,-2.003388e-04,1.459756e-03
691.440,-3.239965e-05,2.950731e-05,-2.983537e-04,1.843821e-03,-4.243902e-04,1.074178e-02,1.058831e-02,4.279591e-02,8.872398e-02,1.458844e-04,-2.002659e-04,1.458910e-03
691.640,-3.237845e-05,2.948812e-05,-2.981606e-04,1.843433e-03,-4.237549e-04,1.073447e-02,1.058184e-02,4.280182e-02,8.866449e-02,1.457913e-04,-2.001930e-04,1.458066e-03
691.840,-3.235725e-05,2.946895e-05,-2.979676e-04,1.843044e-03,-4.231201e-04,1.072717e-02,1.057539e-02,4.280771e-02,8.860504e-02,1.456983e-04,-2.001201e-04,1.457221e-03
692.040,-3.233607e-05,2.944979e-05,-2.977748e-04,1.842656e-03,-4.224857e-04,1.071988e-02,1.056894e-02,4.281361e-02,8.854563e-02,1.456053e-04,-2.000473e-04,1.456377e-03
692.240,-3.231490e-05,2.943064e-05,-2.975821e-04,1.842268e-03,-4.218516e-04,1.071259e-02,1.056249e-02,4.281950e-02,8.848626e-02,1.455124e-04,-1.999746e-04,1.455534e-03
692.440,-3.229375e-05,2.941150e-05,-2.973895e-04,1.841881e-03,-4.212180e-04,1.070530e-02,1.055604e-02,4.282539e-02,8.842692e-02,1.454196e-04,-1.999019e-04,1.454692e-03
692.640,-3.227261e-05,2.939238e-05,-2.971970e-04,1.841493e-03,-4.205848e-04,1.069802e-02,1.054960e-02,4.283127e-02,8.836763e-02,1.453268e-04,-1.998293e-04,1.453849e-03
692.840,-3.225148e-05,2.937327e-05,-2.970046e-04,1.841106e-03,-4.199521e-04,1.069074e-02,1.054317e-02,4.283715e-02,8.830837e-02,1.452341e-04,-1.997566e-04,1.453008e-03
693.040,-3.223037e-05,2.935417e-05,-2.968124e-04,1.840719e-03,-4.193197e-04,1.068347e-02,1.053674e-02,4.284302e-02,8.824915e-02,1.451414e-04,-1.996841e-04,1.452167e-03
693.240,-3.220927e-05,2.933508e-05,-2.966203e-04,1.840333e-03,-4.186877e-04,1.067620e-02,1.053031e-02,4.284889e-02,8.818997e-02,1.450488e-04,-1.996116e-04,1.451326e-03
693.440,-3.218819e-05,2.931601e-05,-2.964283e-04,1.839946e-03,-4.180562e-04,1.066894e-02,1.052389e-02,4.285476e-02,8.813083e-02,1.449562e-04,-1.995391e-04,1.450486e-03
693.640,-3.216712e-05,2.929694e-05,-2.962364e-04,1.839560e-03,-4.174250e-04,1.066168e-02,1.051747e-02,4.286062e-02,8.807173e-02,1.448637e-04,-1.994667e-04,1.449647e-03
693.840,-3.214606e-05,2.927789e-05,-2.960447e-04,1.839174e-03,-4.167943e-04,1.065443e-02,1.051105e-02,4.286648e-02,8.801266e-02,1.447713e-04,-1.993944e-04,1.448808e-03
694.040,-3.212502e-05,2.925886e-05,-2.958531e-04,1.838789e-03,-4.161640e-04,1.064718e-02,1.050464e-02,4.287234e-02,8.795363e-02,1.446790e-04,-1.993221e-04,1.447970e-03
694.240,-3.210399e-05,2.923983e-05,-2.956616e-04,1.838403e-03,-4.155340e-04,1.063994e-02,1.049824e-02,4.287819e-02,8.789464e-02,1.445866e-04,-1.992498e-04,1.447132e-03
694.440,-3.208297e-05,2.922082e-05,-2.954703e-04,1.838018e-03,-4.149045e-04,1.063270e-02,1.049184e-02,4.288404e-02,8.783569e-02,1.444944e-04,-1.991776e-04,1.446295e-03
694.640,-3.206197e-05,2.920182e-05,-2.952790e-04,1.837633e-03,-4.142754e-04,1.062546e-02,1.048544e-02,4.288988e-02,8.777678e-02,1.444022e-04,-1.991054e-04,1.445458e-03
694.840,-3.204098e-05,2.918283e-05,-2.950879e-04,1.837249e-03,-4.136467e-04,1.061823e-02,1.047905e-02,4.289572e-02,8.771790e-02,1.443101e-04,-1.990333e-04,1.444622e-03
695.040,-3.202001e-05,2.916386e-05,-2.948969e-04,1.836864e-03,-4.130185e-04,1.061101e-02,1.047266e-02,4.290156e-02,8.765907e-02,1.442180e-04,-1.989612e-04,1.443786e-03
695.240,-3.199905e-05,2.914489e-05,-2.947061e-04,1.836480e-03,-4.123906e-04,1.060379e-02,1.046627e-02,4.290739e-02,8.760027e-02,1.441260e-04,-1.988892e-04,1.442951e-03
695.440,-3.197810e-05,2.912594e-05,-2.945153e-04,1.836096e-03,-4.117631e-04,1.059657e-02,1.045989e-02,4.291322e-02,8.754151e-02,1.440341e-04,-1.988172e-04,1.442117e-03
695.640,-3.195717e-05,2.910700e-05,-2.943247e-04,1.835713e-03,-4.111360e-04,1.058936e-02,1.045351e-02,4.291905e-02,8.748279e-02,1.439422e-04,-1.987453e-04,1.441283e-03
695.840,-3.193625e-05,2.908808e-05,-2.941342e-04,1.835329e-03,-4.105094e-04,1.058215e-02,1.044714e-02,4.292487e-02,8.742410e-02,1.438503e-04,-1.986734e-04,1.440449e-03
696.040,-3.191534e-05,2.906916e-05,-2.939438e-04,1.834946e-03,-4.098831e-04,1.057495e-02,1.044077e-02,4.293069e-02,8.736545e-02,1.437586e-04,-1.986015e-04,1.439616e-03
696.240,-3.189445e-05,2.905026e-05,-2.937536e-04,1.834563e-03,-4.092573e-04,1.056776e-02,1.043441e-02,4.293650e-02,8.730684e-02,1.436669e-04,-1.985298e-04,1.438784e-03
696.440,-3.187357e-05,2.903137e-05,-2.935635e-04,1.834181e-03,-4.086318e-04,1.056056e-02,1.042805e-02,4.294231e-02,8.724827e-02,1.435752e-04,-1.984580e-04,1.437952e-03
696.640,-3.185271e-05,2.901249e-05,-2.933735e-04,1.833798e-03,-4.080068e-04,1.055338e-02,1.042169e-02,4.294812e-02,8.718974e-02,1.434836e-04,-1.983863e-04,1.437121e-03
696.840,-3.183186e-05,2.899363e-05,-2.931836e-04,1.833416e-03,-4.073822e-04,1.054619e-02,1.041534e-02,4.295392e-02,8.713125e-02,1.433921e-04,-1.983147e-04,1.436290e-03
697.040,-3.181102e-05,2.897477e-05,-2.929938e-04,1.833034e-03,-4.067580e-04,1.053901e-02,1.040899e-02,4.295972e-02,8.707279e-02,1.433006e-04,-1.982431e-04,1.435460e-03
697.240,-3.179020e-05,2.895593e-05,-2.928042e-04,1.832653e-03,-4.061341e-04,1.053184e-02,1.040265e-02,4.296552e-02,8.701437e-02,1.432092e-04,-1.981715e-04,1.434630e-03
697.440,-3.176939e-05,2.893711e-05,-2.926147e-04,1.832271e-03,-4.055107e-04,1.052467e-02,1.039631e-02,4.297131e-02,8.695599e-02,1.431178e-04,-1.981000e-04,1.433801e-03
697.640,-3.174859e-05,2.891829e-05,-2.924253e-04,1.831890e-03,-4.048877e-04,1.051751e-02,1.038997e-02,4.297710e-02,8.689764e-02,1.430265e-04,-1.980286e-04,1.432972e-03
697.840,-3.172781e-05,2.889948e-05,-2.922360e-04,1.831509e-03,-4.042651e-04,1.051035e-02,1.038364e-02,4.298288e-02,8.683934e-02,1.429353e-04,-1.979572e-04,1.432144e-03
698.040,-3.170704e-05,2.888069e-05,-2.920469e-04,1.831129e-03,-4.036429e-04,1.050319e-02,1.037732e-02,4.298866e-02,8.678107e-02,1.428441e-04,-1.978858e-04,1.431316e-03
698.240,-3.168629e-05,2.886191e-05,-2.918578e-04,1.830748e-03,-4.030211e-04,1.049604e-02,1.037099e-02,4.299444e-02,8.672284e-02,1.427530e-04,-1.978145e-04,1.430489e-03
698.440,-3.166554e-05,2.884315e-05,-2.916689e-04,1.830368e-03,-4.023997e-04,1.048889e-02,1.036467e-02,4.300021e-02,8.666465e-02,1.426620e-04,-1.977432e-04,1.429663e-03
698.640,-3.164482e-05,2.882439e-05,-2.914802e-04,1.829988e-03,-4.017787e-04,1.048175e-02,1.035836e-02,4.300598e-02,8.660649e-02,1.425710e-04,-1.976720e-04,1.428837e-03
698.840,-3.162410e-05,2.880565e-05,-2.912915e-04,1.829609e-03,-4.011581e-04,1.047462e-02,1.035205e-02,4.301175e-02,8.654837e-02,1.424800e-04,-1.976008e-04,1.428012e-03
699.040,-3.160340e-05,2.878692e-05,-2.911030e-04,1.829229e-03,-4.005379e-04,1.046748e-02,1.034574e-02,4.301751e-02,8.649029e-02,1.423891e-04,-1.975297e-04,1.427187e-03
699.240,-3.158271e-05,2.876820e-05,-2.909146e-04,1.828850e-03,-3.999182e-04,1.046036e-02,1.033944e-02,4.302326e-02,8.643225e-02,1.422983e-04,-1.974586e-04,1.426362e-03
699.440,-3.156204e-05,2.874949e-05,-2.907263e-04,1.828471e-03,-3.992988e-04,1.045323e-02,1.033314e-02,4.302902e-02,8.637424e-02,1.422076e-04,-1.973876e-04,1.425539e-03
699.640,-3.154138e-05,2.873080e-05,-2.905381e-04,1.828093e-03,-3.986798e-04,1.044611e-02,1.032685e-02,4.303477e-02,8.631628e-02,1.421169e-04,-1.973166e-04,1.424715e-03
699.840,-3.152073e-05,2.871211e-05,-2.903501e-04,1.827714e-03,-3.980612e-04,1.043900e-02,1.032056e-02,4.304052e-02,8.625835e-02,1.420262e-04,-1.972457e-04,1.423893e-03
700.040,-3.150010e-05,2.869344e-05,-2.901621e-04,1.827336e-03,-3.974430e-04,1.043189e-02,1.031427e-02,4.304626e-02,8.620045e-02,1.419356e-04,-1.971748e-04,1.423070e-03
700.240,-3.147948e-05,2.867479e-05,-2.899743e-04,1.826958e-03,-3.968252e-04,1.042479e-02,1.030799e-02,4.305200e-02,8.614260e-02,1.418451e-04,-1.971039e-04,1.422249e-03
700.440,-3.145887e-05,2.865614e-05,-2.897867e-04,1.826581e-03,-3.962079e-04,1.041769e-02,1.030172e-02,4.305773e-02,8.608478e-02,1.417546e-04,-1.970331e-04,1.421427e-03
700.640,-3.143828e-05,2.863751e-05,-2.895991e-04,1.826203e-03,-3.955909e-04,1.041059e-02,1.029544e-02,4.306346e-02,8.602700e-02,1.416642e-04,-1.969624e-04,1.420607e-03
700.840,-3.141770e-05,2.861888e-05,-2.894117e-04,1.825826e-03,-3.949743e-04,1.040350e-02,1.028917e-02,4.306919e-02,8.596926e-02,1.415739e-04,-1.968917e-04,1.419787e-03
701.040,-3.139713e-05,2.860027e-05,-2.892243e-04,1.825449e-03,-3.943581e-04,1.039641e-02,1.028291e-02,4.307492e-02,8.591155e-02,1.414836e-04,-1.968210e-04,1.418967e-03
701.240,-3.137658e-05,2.858168e-05,-2.890372e-04,1.825072e-03,-3.937423e-04,1.038933e-02,1.027665e-02,4.308064e-02,8.585389e-02,1.413933e-04,-1.967504e-04,1.418148e-03
701.440,-3.135604e-05,2.856309e-05,-2.888501e-04,1.824696e-03,-3.931270e-04,1.038226e-02,1.027039e-02,4.308635e-02,8.579625e-02,1.413032e-04,-1.966799e-04,1.417330e-03
701.640,-3.133552e-05,2.854452e-05,-2.886631e-04,1.824320e-03,-3.925120e-04,1.037518e-02,1.026414e-02,4.309207e-02,8.573866e-02,1.412130e-04,-1.966094e-04,1.416512e-03
701.840,-3.131500e-05,2.852596e-05,-2.884763e-04,1.823944e-03,-3.918974e-04,1.036812e-02,1.025789e-02,4.309778e-02,8.568110e-02,1.411230e-04,-1.965389e-04,1.415694e-03
702.040,-3.129450e-05,2.850741e-05,-2.882896e-04,1.823568e-03,-3.912832e-04,1.036105e-02,1.025164e-02,4.310348e-02,8.562359e-02,1.410330e-04,-1.964685e-04,1.414877e-03
702.240,-3.127402e-05,2.848887e-05,-2.881030e-04,1.823193e-03,-3.906694e-04,1.035399e-02,1.024540e-02,4.310918e-02,8.556610e-02,1.409430e-04,-1.963981e-04,1.414061e-03
702.440,-3.125355e-05,2.847034e-05,-2.879165e-04,1.822818e-03,-3.900560e-04,1.034694e-02,1.023917e-02,4.311488e-02,8.550866e-02,1.408532e-04,-1.963278e-04,1.413245e-03
702.640,-3.123309e-05,2.845183e-05,-2.877302e-04,1.822443e-03,-3.894431e-04,1.033989e-02,1.023293e-02,4.312058e-02,8.545125e-02,1.407633e-04,-1.962575e-04,1.412430e-03
702.840,-3.121264e-05,2.843333e-05,-2.875439e-04,1.822068e-03,-3.888305e-04,1.033284e-02,1.022671e-02,4.312627e-02,8.539388e-02,1.406736e-04,-1.961873e-04,1.411615e-03
703.040,-3.119221e-05,2.841484e-05,-2.873578e-04,1.821693e-03,-3.882183e-04,1.032580e-02,1.022048e-02,4.313195e-02,8.533655e-02,1.405839e-04,-1.961171e-04,1.410801e-03
703.240,-3.117179e-05,2.839636e-05,-2.871718e-04,1.821319e-03,-3.876065e-04,1.031877e-02,1.021426e-02,4.313764e-02,8.527925e-02,1.404942e-04,-1.960469e-04,1.409987e-03
703.440,-3.115139e-05,2.837790e-05,-2.869860e-04,1.820945e-03,-3.869951e-04,1.031174e-02,1.020804e-02,4.314332e-02,8.522199e-02,1.404046e-04,-1.959768e-04,1.409174e-03
703.640,-3.113100e-05,2.835944e-05,-2.868002e-04,1.820572e-03,-3.863841e-04,1.030471e-02,1.020183e-02,4.314899e-02,8.516477e-02,1.403151e-04,-1.959068e-04,1.408361e-03
703.840,-3.111062e-05,2.834100e-05,-2.866146e-04,1.820198e-03,-3.857734e-04,1.029769e-02,1.019562e-02,4.315466e-02,8.510759e-02,1.402256e-04,-1.958368e-04,1.407549e-03
704.040,-3.109025e-05,2.832257e-05,-2.864291e-04,1.819825e-03,-3.851632e-04,1.029067e-02,1.018942e-02,4.316033e-02,8.505044e-02,1.401362e-04,-1.957668e-04,1.406737e-03
704.240,-3.106990e-05,2.830415e-05,-2.862437e-04,1.819452e-03,-3.845534e-04,1.028366e-02,1.018322e-02,4.316600e-02,8.499333e-02,1.400468e-04,-1.956969e-04,1.405926e-03
704.440,-3.104956e-05,2.828575e-05,-2.860584e-04,1.819079e-03,-3.839440e-04,1.027665e-02,1.017702e-02,4.317166e-02,8.493625e-02,1.399575e-04,-1.956271e-04,1.405115e-03
704.640,-3.102924e-05,2.826736e-05,-2.858733e-04,1.818707e-03,-3.833350e-04,1.026964e-02,1.017083e-02,4.317732e-02,8.487922e-02,1.398683e-04,-1.955573e-04,1.404305e-03
704.840,-3.100893e-05,2.824897e-05,-2.856883e-04,1.818334e-03,-3.827263e-04,1.026264e-02,1.016465e-02,4.318297e-02,8.482222e-02,1.397791e-04,-1.954875e-04,1.403496e-03
705.040,-3.098863e-05,2.823060e-05,-2.855034e-04,1.817962e-03,-3.821181e-04,1.025565e-02,1.015846e-02,4.318862e-02,8.476525e-02,1.396900e-04,-1.954177e-04,1.402687e-03
705.240,-3.096835e-05,2.821225e-05,-2.853186e-04,1.817590e-03,-3.815103e-04,1.024866e-02,1.015228e-02,4.319427e-02,8.470833e-02,1.396009e-04,-1.953481e-04,1.401878e-03
705.440,-3.094807e-05,2.819390e-05,-2.851339e-04,1.817219e-03,-3.809028e-04,1.024167e-02,1.014611e-02,4.319991e-02,8.465144e-02,1.395119e-04,-1.952784e-04,1.401070e-03
705.640,-3.092782e-05,2.817557e-05,-2.849493e-04,1.816848e-03,-3.802957e-04,1.023469e-02,1.013993e-02,4.320555e-02,8.459458e-02,1.394229e-04,-1.952089e-04,1.400263e-03
705.840,-3.090757e-05,2.815724e-05,-2.847649e-04,1.816476e-03,-3.796891e-04,1.022771e-02,1.013377e-02,4.321118e-02,8.453777e-02,1.393341e-04,-1.951393e-04,1.399456e-03
706.040,-3.088734e-05,2.813893e-05,-2.845806e-04,1.816106e-03,-3.790828e-04,1.022074e-02,1.012760e-02,4.321682e-02,8.448099e-02,1.392452e-04,-1.950698e-04,1.398649e-03
706.240,-3.086712e-05,2.812064e-05,-2.843964e-04,1.815735e-03,-3.784769e-04,1.021377e-02,1.012144e-02,4.322244e-02,8.442425e-02,1.391564e-04,-1.950004e-04,1.397844e-03
706.440,-3.084691e-05,2.810235e-05,-2.842123e-04,1.815365e-03,-3.778715e-04,1.020681e-02,1.011529e-02,4.322807e-02,8.436754e-02,1.390677e-04,-1.949310e-04,1.397038e-03
706.640,-3.082672e-05,2.808407e-05,-2.840284e-04,1.814995e-03,-3.772664e-04,1.019985e-02,1.010914e-02,4.323369e-02,8.431087e-02,1.389790e-04,-1.948616e-04,1.396233e-03
706.840,-3.080654e-05,2.806581e-05,-2.838446e-04,1.814625e-03,-3.766617e-04,1.019290e-02,1.010299e-02,4.323931e-02,8.425424e-02,1.388904e-04,-1.947923e-04,1.395429e-03
707.040,-3.078638e-05,2.804756e-05,-2.836608e-04,1.814255e-03,-3.760574e-04,1.018595e-02,1.009685e-02,4.324492e-02,8.419764e-02,1.388019e-04,-1.947231e-04,1.394625e-03
707.240,-3.076623e-05,2.802932e-05,-2.834772e-04,1.813886e-03,-3.754535e-04,1.017900e-02,1.009071e-02,4.325053e-02,8.414108e-02,1.387134e-04,-1.946538e-04,1.393822e-03
707.440,-3.074609e-05,2.801109e-05,-2.832938e-04,1.813517e-03,-3.748499e-04,1.017206e-02,1.008457e-02,4.325614e-02,8.408456e-02,1.386250e-04,-1.945847e-04,1.393019e-03
707.640,-3.072596e-05,2.799288e-05,-2.831104e-04,1.813148e-03,-3.742468e-04,1.016512e-02,1.007844e-02,4.326174e-02,8.402807e-02,1.385366e-04,-1.945155e-04,1.392217e-03
707.840,-3.070585e-05,2.797468e-05,-2.829272e-04,1.812779e-03,-3.736441e-04,1.015819e-02,1.007231e-02,4.326734e-02,8.397162e-02,1.384483e-04,-1.944465e-04,1.391415e-03
708.040,-3.068575e-05,2.795648e-05,-2.827440e-04,1.812411e-03,-3.730417e-04,1.015126e-02,1.006619e-02,4.327293e-02,8.391521e-02,1.383600e-04,-1.943774e-04,1.390614e-03
708.240,-3.066566e-05,2.793830e-05,-2.825610e-04,1.812043e-03,-3.724397e-04,1.014434e-02,1.006007e-02,4.327853e-02,8.385884e-02,1.382718e-04,-1.943084e-04,1.389813e-03
708.440,-3.064559e-05,2.792014e-05,-2.823782e-04,1.811675e-03,-3.718382e-04,1.013742e-02,1.005395e-02,4.328411e-02,8.380250e-02,1.381836e-04,-1.942395e-04,1.389013e-03
708.640,-3.062553e-05,2.790198e-05,-2.821954e-04,1.811307e-03,-3.712370e-04,1.013051e-02,1.004784e-02,4.328970e-02,8.374619e-02,1.380956e-04,-1.941706e-04,1.388213e-03
708.840,-3.060548e-05,2.788383e-05,-2.820127e-04,1.810939e-03,-3.706362e-04,1.012360e-02,1.004174e-02,4.329528e-02,8.368992e-02,1.380075e-04,-1.941018e-04,1.387414e-03
709.040,-3.058545e-05,2.786570e-05,-2.818302e-04,1.810572e-03,-3.700358e-04,1.011669e-02,1.003563e-02,4.330086e-02,8.363369e-02,1.379195e-04,-1.940330e-04,1.386616e-03
709.240,-3.056542e-05,2.784758e-05,-2.816478e-04,1.810205e-03,-3.694358e-04,1.010979e-02,1.002953e-02,4.330643e-02,8.357750e-02,1.378316e-04,-1.939642e-04,1.385818e-03
709.440,-3.054542e-05,2.782947e-05,-2.814655e-04,1.809839e-03,-3.688362e-04,1.010290e-02,1.002344e-02,4.331200e-02,8.352134e-02,1.377438e-04,-1.938955e-04,1.385020e-03
709.640,-3.052542e-05,2.781137e-05,-2.812833e-04,1.809472e-03,-3.682370e-04,1.009601e-02,1.001735e-02,4.331757e-02,8.346522e-02,1.376560e-04,-1.938268e-04,1.384223e-03
709.840,-3.050544e-05,2.779329e-05,-2.811013e-04,1.809106e-03,-3.676381e-04,1.008912e-02,1.001126e-02,4.332313e-02,8.340913e-02,1.375682e-04,-1.937582e-04,1.383426e-03
710.040,-3.048547e-05,2.777521e-05,-2.809193e-04,1.808740e-03,-3.670397e-04,1.008224e-02,1.000518e-02,4.332869e-02,8.335308e-02,1.374805e-04,-1.936896e-04,1.382630e-03
710.240,-3.046552e-05,2.775715e-05,-2.807375e-04,1.808374e-03,-3.664416e-04,1.007536e-02,9.999097e-03,4.333424e-02,8.329707e-02,1.373929e-04,-1.936211e-04,1.381835e-03
710.440,-3.044557e-05,2.773910e-05,-2.805558e-04,1.808008e-03,-3.658439e-04,1.006848e-02,9.993021e-03,4.333980e-02,8.324110e-02,1.373053e-04,-1.935526e-04,1.381040e-03
710.640,-3.042565e-05,2.772106e-05,-2.803742e-04,1.807643e-03,-3.652466e-04,1.006161e-02,9.986950e-03,4.334534e-02,8.318516e-02,1.372178e-04,-1.934841e-04,1.380245e-03
710.840,-3.040573e-05,2.770303e-05,-2.801928e-04,1.807278e-03,-3.646497e-04,1.005475e-02,9.980882e-03,4.335089e-02,8.312925e-02,1.371303e-04,-1.934157e-04,1.379451e-03
711.040,-3.038583e-05,2.768502e-05,-2.800114e-04,1.806913e-03,-3.640532e-04,1.004789e-02,9.974819e-03,4.335643e-02,8.307338e-02,1.370429e-04,-1.933474e-04,1.378658e-03
711.240,-3.036594e-05,2.766702e-05,-2.798302e-04,1.806549e-03,-3.634571e-04,1.004103e-02,9.968759e-03,4.336197e-02,8.301755e-02,1.369556e-04,-1.932791e-04,1.377865e-03
711.440,-3.034606e-05,2.764902e-05,-2.796490e-04,1.806184e-03,-3.628613e-04,1.003418e-02,9.962704e-03,4.336750e-02,8.296176e-02,1.368683e-04,-1.932108e-04,1.377072e-03
711.640,-3.032619e-05,2.763104e-05,-2.794680e-04,1.805820e-03,-3.622660e-04,1.002733e-02,9.956652e-03,4.337303e-02,8.290600e-02,1.367810e-04,-1.931426e-04,1.376280e-03
711.840,-3.030634e-05,2.761307e-05,-2.792872e-04,1.805456e-03,-3.616710e-04,1.002049e-02,9.950604e-03,4.337856e-02,8.285027e-02,1.366939e-04,-1.930744e-04,1.375489e-03
712.040,-3.028651e-05,2.759512e-05,-2.791064e-04,1.805093e-03,-3.610764e-04,1.001365e-02,9.944560e-03,4.338408e-02,8.279458e-02,1.366067e-04,-1.930063e-04,1.374698e-03
712.240,-3.026668e-05,2.757717e-05,-2.789257e-04,1.804729e-03,-3.604822e-04,1.000682e-02,9.938521e-03,4.338960e-02,8.273893e-02,1.365197e-04,-1.929382e-04,1.373908e-03
712.440,-3.024687e-05,2.755924e-05,-2.787452e-04,1.804366e-03,-3.598884e-04,9.999988e-03,9.932485e-03,4.339512e-02,8.268332e-02,1.364327e-04,-1.928702e-04,1.373118e-03
712.640,-3.022707e-05,2.754131e-05,-2.785648e-04,1.804003e-03,-3.592950e-04,9.993163e-03,9.926453e-03,4.340063e-02,8.262774e-02,1.363457e-04,-1.928022e-04,1.372328e-03
712.840,-3.020728e-05,2.752340e-05,-2.783845e-04,1.803640e-03,-3.587019e-04,9.986343e-03,9.920425e-03,4.340614e-02,8.257219e-02,1.362588e-04,-1.927342e-04,1.371539e-03
713.040,-3.018751e-05,2.750551e-05,-2.782043e-04,1.803278e-03,-3.581092e-04,9.979526e-03,9.914401e-03,4.341164e-02,8.251669e-02,1.361720e-04,-1.926664e-04,1.370751e-03
713.240,-3.016775e-05,2.748762e-05,-2.780243e-04,1.802916e-03,-3.575170e-04,9.972714e-03,9.908381e-03,4.341714e-02,8.246122e-02,1.360852e-04,-1.925985e-04,1.369963e-03
713.440,-3.014800e-05,2.746974e-05,-2.778443e-04,1.802554e-03,-3.569251e-04,9.965907e-03,9.902365e-03,4.342264e-02,8.240578e-02,1.359985e-04,-1.925307e-04,1.369176e-03
713.640,-3.012827e-05,2.745188e-05,-2.776645e-04,1.802192e-03,-3.563336e-04,9.959104e-03,9.896353e-03,4.342814e-02,8.235038e-02,1.359118e-04,-1.924629e-04,1.368389e-03
713.840,-3.010855e-05,2.743403e-05,-2.774848e-04,1.801830e-03,-3.557424e-04,9.952305e-03,9.890344e-03,4.343363e-02,8.229502e-02,1.358252e-04,-1.923952e-04,1.367603e-03
714.040,-3.008884e-05,2.741618e-05,-2.773052e-04,1.801469e-03,-3.551517e-04,9.945511e-03,9.884340e-03,4.343911e-02,8.223969e-02,1.357386e-04,-1.923275e-04,1.366817e-03
714.240,-3.006914e-05,2.739835e-05,-2.771257e-04,1.801108e-03,-3.545613e-04,9.938721e-03,9.878340e-03,4.344460e-02,8.218439e-02,1.356521e-04,-1.922599e-04,1.366032e-03
714.440,-3.004946e-05,2.738054e-05,-2.769463e-04,1.800747e-03,-3.539714e-04,9.931935e-03,9.872343e-03,4.345008e-02,8.212914e-02,1.355657e-04,-1.921923e-04,1.365247e-03
714.640,-3.002979e-05,2.736273e-05,-2.767670e-04,1.800387e-03,-3.533818e-04,9.925154e-03,9.866350e-03,4.345555e-02,8.207392e-02,1.354793e-04,-1.921248e-04,1.364463e-03
714.840,-3.001013e-05,2.734494e-05,-2.765879e-04,1.800026e-03,-3.527926e-04,9.918378e-03,9.860362e-03,4.346103e-02,8.201873e-02,1.353929e-04,-1.920573e-04,1.363679e-03
715.040,-2.999049e-05,2.732715e-05,-2.764089e-04,1.799666e-03,-3.522037e-04,9.911605e-03,9.854377e-03,4.346650e-02,8.196358e-02,1.353067e-04,-1.919898e-04,1.362895e-03
715.240,-2.997086e-05,2.730938e-05,-2.762300e-04,1.799306e-03,-3.516153e-04,9.904837e-03,9.848396e-03,4.347196e-02,8.190847e-02,1.352204e-04,-1.919224e-04,1.362113e-03
715.440,-2.995124e-05,2.729162e-05,-2.760512e-04,1.798947e-03,-3.510272e-04,9.898074e-03,9.842419e-03,4.347742e-02,8.185339e-02,1.351343e-04,-1.918551e-04,1.361330e-03
715.640,-2.993163e-05,2.727387e-05,-2.758725e-04,1.798587e-03,-3.504395e-04,9.891315e-03,9.836446e-03,4.348288e-02,8.179835e-02,1.350482e-04,-1.917877e-04,1.360549e-03
715.840,-2.991204e-05,2.725614e-05,-2.756940e-04,1.798228e-03,-3.498522e-04,9.884560e-03,9.830477e-03,4.348834e-02,8.174334e-02,1.349621e-04,-1.917205e-04,1.359767e-03
716.040,-2.989246e-05,2.723841e-05,-2.755155e-04,1.797869e-03,-3.492653e-04,9.877809e-03,9.824512e-03,4.349379e-02,8.168837e-02,1.348761e-04,-1.916532e-04,1.358987e-03
716.240,-2.987289e-05,2.722070e-05,-2.753372e-04,1.797511e-03,-3.486788e-04,9.871063e-03,9.818551e-03,4.349924e-02,8.163343e-02,1.347902e-04,-1.915860e-04,1.358206e-03
716.440,-2.985334e-05,2.720299e-05,-2.751590e-04,1.797152e-03,-3.480926e-04,9.864321e-03,9.812593e-03,4.350468e-02,8.157853e-02,1.347043e-04,-1.915189e-04,1.357427e-03
716.640,-2.983380e-05,2.718530e-05,-2.749809e-04,1.796794e-03,-3.475068e-04,9.857584e-03,9.806640e-03,4.351012e-02,8.152367e-02,1.346184e-04,-1.914518e-04,1.356647e-03
716.840,-2.981427e-05,2.716762e-05,-2.748029e-04,1.796436e-03,-3.469214e-04,9.850851e-03,9.800690e-03,4.351556e-02,8.146884e-02,1.345327e-04,-1.913847e-04,1.355869e-03
717.040,-2.979475e-05,2.714995e-05,-2.746250e-04,1.796078e-03,-3.463364e-04,9.844122e-03,9.794745e-03,4.352100e-02,8.141405e-02,1.344470e-04,-1.913177e-04,1.355090e-03
717.240,-2.977525e-05,2.713230e-05,-2.744473e-04,1.795721e-03,-3.457517e-04,9.837398e-03,9.788803e-03,4.352643e-02,8.135929e-02,1.343613e-04,-1.912508e-04,1.354313e-03
717.440,-2.975576e-05,2.711465e-05,-2.742697e-04,1.795363e-03,-3.451675e-04,9.830678e-03,9.782865e-03,4.353185e-02,8.130456e-02,1.342757e-04,-1.911839e-04,1.353536e-03
717.640,-2.973628e-05,2.709702e-05,-2.740921e-04,1.795006e-03,-3.445836e-04,9.823963e-03,9.776931e-03,4.353728e-02,8.124988e-02,1.341901e-04,-1.911170e-04,1.352759e-03
717.840,-2.971682e-05,2.707940e-05,-2.739147e-04,1.794649e-03,-3.440001e-04,9.817251e-03,9.771001e-03,4.354270e-02,8.119522e-02,1.341046e-04,-1.910502e-04,1.351983e-03
718.040,-2.969737e-05,2.706179e-05,-2.737374e-04,1.794293e-03,-3.434170e-04,9.810544e-03,9.765074e-03,4.354811e-02,8.114061e-02,1.340192e-04,-1.909834e-04,1.351207e-03
718.240,-2.967793e-05,2.704419e-05,-2.735603e-04,1.793937e-03,-3.428342e-04,9.803842e-03,9.759152e-03,4.355353e-02,8.108603e-02,1.339338e-04,-1.909166e-04,1.350432e-03
718.440,-2.965850e-05,2.702660e-05,-2.733832e-04,1.793580e-03,-3.422518e-04,9.797144e-03,9.753233e-03,4.355893e-02,8.103148e-02,1.338485e-04,-1.908499e-04,1.349657e-03
718.640,-2.963909e-05,2.700902e-05,-2.732063e-04,1.793224e-03,-3.416698e-04,9.790450e-03,9.747319e-03,4.356434e-02,8.097697e-02,1.337632e-04,-1.907833e-04,1.348883e-03
718.840,-2.961968e-05,2.699146e-05,-2.730294e-04,1.792869e-03,-3.410882e-04,9.783760e-03,9.741408e-03,4.356974e-02,8.092249e-02,1.336780e-04,-1.907167e-04,1.348109e-03
719.040,-2.960030e-05,2.697390e-05,-2.728527e-04,1.792513e-03,-3.405070e-04,9.777075e-03,9.735501e-03,4.357514e-02,8.086805e-02,1.335928e-04,-1.906501e-04,1.347336e-03
719.240,-2.958092e-05,2.695636e-05,-2.726761e-04,1.792158e-03,-3.399261e-04,9.770394e-03,9.729598e-03,4.358054e-02,8.081365e-02,1.335077e-04,-1.905836e-04,1.346563e-03
719.440,-2.956156e-05,2.693883e-05,-2.724996e-04,1.791803e-03,-3.393456e-04,9.763717e-03,9.723699e-03,4.358593e-02,8.075928e-02,1.334227e-04,-1.905171e-04,1.345791e-03
719.640,-2.954221e-05,2.692131e-05,-2.723232e-04,1.791448e-03,-3.387655e-04,9.757045e-03,9.717803e-03,4.359132e-02,8.070494e-02,1.333377e-04,-1.904507e-04,1.345019e-03
719.840,-2.952287e-05,2.690380e-05,-2.721470e-04,1.791094e-03,-3.381858e-04,9.750377e-03,9.711912e-03,4.359670e-02,8.065064e-02,1.332527e-04,-1.903843e-04,1.344248e-03
720.040,-2.950354e-05,2.688630e-05,-2.719708e-04,1.790740e-03,-3.376064e-04,9.743714e-03,9.706024e-03,4.360208e-02,8.059638e-02,1.331678e-04,-1.903179e-04,1.343477e-03
720.240,-2.948423e-05,2.686882e-05,-2.717948e-04,1.790386e-03,-3.370274e-04,9.737054e-03,9.700140e-03,4.360746e-02,8.054215e-02,1.330830e-04,-1.902517e-04,1.342707e-03
720.440,-2.946493e-05,2.685134e-05,-2.716189e-04,1.790032e-03,-3.364488e-04,9.730399e-03,9.694260e-03,4.361283e-02,8.048796e-02,1.329982e-04,-1.901854e-04,1.341937e-03
720.640,-2.944565e-05,2.683388e-05,-2.714431e-04,1.789678e-03,-3.358706e-04,9.723749e-03,9.688384e-03,4.361821e-02,8.043380e-02,1.329135e-04,-1.901192e-04,1.341168e-03
720.840,-2.942637e-05,2.681643e-05,-2.712674e-04,1.789325e-03,-3.352927e-04,9.717102e-03,9.682512e-03,4.362357e-02,8.037967e-02,1.328288e-04,-1.900530e-04,1.340399e-03
721.040,-2.940711e-05,2.679899e-05,-2.710918e-04,1.788972e-03,-3.347153e-04,9.710460e-03,9.676644e-03,4.362894e-02,8.032558e-02,1.327442e-04,-1.899869e-04,1.339631e-03
721.240,-2.938786e-05,2.678156e-05,-2.709163e-04,1.788619e-03,-3.341381e-04,9.703822e-03,9.670779e-03,4.363430e-02,8.027153e-02,1.326597e-04,-1.899208e-04,1.338863e-03
721.440,-2.936862e-05,2.676414e-05,-2.707410e-04,1.788266e-03,-3.335614e-04,9.697189e-03,9.664918e-03,4.363965e-02,8.021751e-02,1.325751e-04,-1.898548e-04,1.338096e-03
721.640,-2.934940e-05,2.674674e-05,-2.705658e-04,1.787914e-03,-3.329851e-04,9.690559e-03,9.659061e-03,4.364501e-02,8.016353e-02,1.324907e-04,-1.897888e-04,1.337329e-03
721.840,-2.933019e-05,2.672934e-05,-2.703906e-04,1.787561e-03,-3.324091e-04,9.683935e-03,9.653208e-03,4.365036e-02,8.010958e-02,1.324063e-04,-1.897228e-04,1.336563e-03
722.040,-2.931099e-05,2.671196e-05,-2.702156e-04,1.787209e-03,-3.318335e-04,9.677314e-03,9.647359e-03,4.365570e-02,8.005566e-02,1.323220e-04,-1.896569e-04,1.335797e-03
722.240,-2.929180e-05,2.669458e-05,-2.700407e-04,1.786858e-03,-3.312582e-04,9.670698e-03,9.641514e-03,4.366105e-02,8.000178e-02,1.322377e-04,-1.895910e-04,1.335032e-03
722.440,-2.927263e-05,2.667722e-05,-2.698659e-04,1.786506e-03,-3.306833e-04,9.664085e-03,9.635672e-03,4.366639e-02,7.994794e-02,1.321535e-04,-1.895253e-04,1.334268e-03
722.640,-2.925347e-05,2.665987e-05,-2.696913e-04,1.786155e-03,-3.301088e-04,9.657478e-03,9.629834e-03,4.367172e-02,7.989413e-02,1.320693e-04,-1.894595e-04,1.333503e-03
722.840,-2.923432e-05,2.664254e-05,-2.695167e-04,1.785804e-03,-3.295347e-04,9.650874e-03,9.624000e-03,4.367705e-02,7.984036e-02,1.319852e-04,-1.893938e-04,1.332739e-03
723.040,-2.921518e-05,2.662521e-05,-2.693423e-04,1.785453e-03,-3.289610e-04,9.644275e-03,9.618170e-03,4.368238e-02,7.978662e-02,1.319011e-04,-1.893280e-04,1.331976e-03
723.240,-2.919606e-05,2.660789e-05,-2.691679e-04,1.785102e-03,-3.283876e-04,9.637680e-03,9.612344e-03,4.368771e-02,7.973291e-02,1.318171e-04,-1.892624e-04,1.331213e-03
723.440,-2.917695e-05,2.659059e-05,-2.689937e-04,1.784752e-03,-3.278146e-04,9.631089e-03,9.606521e-03,4.369303e-02,7.967924e-02,1.317331e-04,-1.891968e-04,1.330451e-03
723.640,-2.915785e-05,2.657329e-05,-2.688196e-04,1.784402e-03,-3.272420e-04,9.624503e-03,9.600702e-03,4.369835e-02,7.962560e-02,1.316492e-04,-1.891312e-04,1.329689e-03
723.840,-2.913877e-05,2.655601e-05,-2.686456e-04,1.784052e-03,-3.266697e-04,9.617920e-03,9.594888e-03,4.370366e-02,7.957200e-02,1.315654e-04,-1.890657e-04,1.328928e-03
724.040,-2.911969e-05,2.653874e-05,-2.684717e-04,1.783702e-03,-3.260978e-04,9.611343e-03,9.589076e-03,4.370898e-02,7.951844e-02,1.314816e-04,-1.890002e-04,1.328167e-03
724.240,-2.910063e-05,2.652148e-05,-2.682980e-04,1.783353e-03,-3.255263e-04,9.604769e-03,9.583269e-03,4.371428e-02,7.946490e-02,1.313979e-04,-1.889348e-04,1.327407e-03
724.440,-2.908158e-05,2.650423e-05,-2.681243e-04,1.783004e-03,-3.249551e-04,9.598199e-03,9.577466e-03,4.371959e-02,7.941141e-02,1.313142e-04,-1.888694e-04,1.326647e-03
724.640,-2.906255e-05,2.648699e-05,-2.679508e-04,1.782655e-03,-3.243844e-04,9.591634e-03,9.571666e-03,4.372489e-02,7.935794e-02,1.312305e-04,-1.888041e-04,1.325888e-03
724.840,-2.904352e-05,2.646977e-05,-2.677773e-04,1.782306e-03,-3.238139e-04,9.585073e-03,9.565870e-03,4.373019e-02,7.930452e-02,1.311470e-04,-1.887388e-04,1.325129e-03
725.040,-2.902451e-05,2.645255e-05,-2.676040e-04,1.781957e-03,-3.232439e-04,9.578517e-03,9.560078e-03,4.373548e-02,7.925112e-02,1.310634e-04,-1.886735e-04,1.324371e-03
725.240,-2.900551e-05,2.643535e-05,-2.674308e-04,1.781609e-03,-3.226742e-04,9.571964e-03,9.554289e-03,4.374077e-02,7.919776e-02,1.309800e-04,-1.886083e-04,1.323613e-03
725.440,-2.898653e-05,2.641815e-05,-2.672577e-04,1.781261e-03,-3.221049e-04,9.565416e-03,9.548505e-03,4.374606e-02,7.914444e-02,1.308966e-04,-1.885432e-04,1.322855e-03
725.640,-2.896755e-05,2.640097e-05,-2.670847e-04,1.780913e-03,-3.215360e-04,9.558872e-03,9.542724e-03,4.375135e-02,7.909115e-02,1.308132e-04,-1.884780e-04,1.322098e-03
725.840,-2.894859e-05,2.638380e-05,-2.669119e-04,1.780565e-03,-3.209674e-04,9.552332e-03,9.536947e-03,4.375663e-02,7.903789e-02,1.307299e-04,-1.884129e-04,1.321342e-03
726.040,-2.892964e-05,2.636664e-05,-2.667391e-04,1.780218e-03,-3.203992e-04,9.545797e-03,9.531174e-03,4.376190e-02,7.898467e-02,1.306467e-04,-1.883479e-04,1.320586e-03
726.240,-2.891071e-05,2.634949e-05,-2.665664e-04,1.779871e-03,-3.198314e-04,9.539266e-03,9.525404e-03,4.376718e-02,7.893149e-02,1.305635e-04,-1.882829e-04,1.319831e-03
726.440,-2.889178e-05,2.633236e-05,-2.663939e-04,1.779524e-03,-3.192640e-04,9.532739e-03,9.519639e-03,4.377245e-02,7.887833e-02,1.304803e-04,-1.882180e-04,1.319076e-03
726.640,-2.887287e-05,2.631523e-05,-2.662215e-04,1.779177e-03,-3.186969e-04,9.526216e-03,9.513877e-03,4.377771e-02,7.882522e-02,1.303972e-04,-1.881530e-04,1.318321e-03
726.840,-2.885397e-05,2.629811e-05,-2.660492e-04,1.778830e-03,-3.181301e-04,9.519697e-03,9.508119e-03,4.378298e-02,7.877213e-02,1.303142e-04,-1.880882e-04,1.317567e-03
727.040,-2.883508e-05,2.628101e-05,-2.658770e-04,1.778484e-03,-3.175638e-04,9.513183e-03,9.502364e-03,4.378824e-02,7.871908e-02,1.302312e-04,-1.880233e-04,1.316814e-03
727.240,-2.881621e-05,2.626392e-05,-2.657049e-04,1.778138e-03,-3.169978e-04,9.506673e-03,9.496614e-03,4.379350e-02,7.866607e-02,1.301483e-04,-1.879586e-04,1.316061e-03
727.440,-2.879735e-05,2.624684e-05,-2.655329e-04,1.777792e-03,-3.164322e-04,9.500167e-03,9.490867e-03,4.379875e-02,7.861309e-02,1.300654e-04,-1.878938e-04,1.315309e-03
727.640,-2.877850e-05,2.622976e-05,-2.653610e-04,1.777447e-03,-3.158669e-04,9.493665e-03,9.485124e-03,4.380400e-02,7.856014e-02,1.299826e-04,-1.878292e-04,1.314557e-03
727.840,-2.875966e-05,2.621271e-05,-2.651893e-04,1.777101e-03,-3.153020e-04,9.487167e-03,9.479384e-03,4.380924e-02,7.850723e-02,1.298998e-04,-1.877645e-04,1.313805e-03
728.040,-2.874084e-05,2.619566e-05,-2.650176e-04,1.776756e-03,-3.147375e-04,9.480674e-03,9.473649e-03,4.381449e-02,7.845435e-02,1.298171e-04,-1.876999e-04,1.313054e-03
728.240,-2.872202e-05,2.617862e-05,-2.648461e-04,1.776411e-03,-3.141734e-04,9.474185e-03,9.467917e-03,4.381973e-02,7.840151e-02,1.297345e-04,-1.876353e-04,1.312303e-03
728.440,-2.870322e-05,2.616159e-05,-2.646747e-04,1.776066e-03,-3.136096e-04,9.467700e-03,9.462189e-03,4.382496e-02,7.834870e-02,1.296519e-04,-1.875708e-04,1.311553e-03
728.640,-2.868443e-05,2.614458e-05,-2.645034e-04,1.775722e-03,-3.130461e-04,9.461219e-03,9.456465e-03,4.383020e-02,7.829593e-02,1.295693e-04,-1.875063e-04,1.310804e-03
728.840,-2.866566e-05,2.612757e-05,-2.643322e-04,1.775378e-03,-3.124831e-04,9.454743e-03,9.450744e-03,4.383543e-02,7.824318e-02,1.294868e-04,-1.874418e-04,1.310055e-03
729.040,-2.864689e-05,2.611058e-05,-2.641611e-04,1.775034e-03,-3.119204e-04,9.448270e-03,9.445027e-03,4.384065e-02,7.819048e-02,1.294044e-04,-1.873774e-04,1.309306e-03
729.240,-2.862814e-05,2.609360e-05,-2.639901e-04,1.774690e-03,-3.113581e-04,9.441802e-03,9.439314e-03,4.384588e-02,7.813780e-02,1.293220e-04,-1.873131e-04,1.308558e-03
729.440,-2.860940e-05,2.607663e-05,-2.638192e-04,1.774346e-03,-3.107961e-04,9.435338e-03,9.433605e-03,4.385109e-02,7.808517e-02,1.292397e-04,-1.872488e-04,1.307810e-03
729.640,-2.859068e-05,2.605967e-05,-2.636485e-04,1.774003e-03,-3.102345e-04,9.428878e-03,9.427899e-03,4.385631e-02,7.803256e-02,1.291574e-04,-1.871845e-04,1.307063e-03
729.840,-2.857196e-05,2.604272e-05,-2.634778e-04,1.773660e-03,-3.096733e-04,9.422423e-03,9.422197e-03,4.386152e-02,7.797999e-02,1.290752e-04,-1.871203e-04,1.306317e-03
730.040,-2.855326e-05,2.602578e-05,-2.633073e-04,1.773317e-03,-3.091124e-04,9.415971e-03,9.416499e-03,4.386673e-02,7.792745e-02,1.289930e-04,-1.870561e-04,1.305570e-03
730.240,-2.853457e-05,2.600885e-05,-2.631368e-04,1.772974e-03,-3.085519e-04,9.409524e-03,9.410804e-03,4.387194e-02,7.787495e-02,1.289109e-04,-1.869920e-04,1.304825e-03
730.440,-2.851589e-05,2.599193e-05,-2.629665e-04,1.772632e-03,-3.079917e-04,9.403081e-03,9.405114e-03,4.387714e-02,7.782248e-02,1.288288e-04,-1.869279e-04,1.304079e-03
730.640,-2.849723e-05,2.597503e-05,-2.627963e-04,1.772289e-03,-3.074320e-04,9.396642e-03,9.399427e-03,4.388234e-02,7.777005e-02,1.287468e-04,-1.868638e-04,1.303335e-03
730.840,-2.847857e-05,2.595814e-05,-2.626262e-04,1.771947e-03,-3.068725e-04,9.390207e-03,9.393743e-03,4.388753e-02,7.771765e-02,1.286648e-04,-1.867998e-04,1.302591e-03
731.040,-2.845993e-05,2.594125e-05,-2.624562e-04,1.771606e-03,-3.063135e-04,9.383777e-03,9.388064e-03,4.389273e-02,7.766528e-02,1.285829e-04,-1.867358e-04,1.301847e-03
731.240,-2.844130e-05,2.592438e-05,-2.622864e-04,1.771264e-03,-3.057548e-04,9.377350e-03,9.382388e-03,4.389792e-02,7.761295e-02,1.285011e-04,-1.866719e-04,1.301103e-03
731.440,-2.842269e-05,2.590752e-05,-2.621166e-04,1.770923e-03,-3.051965e-04,9.370928e-03,9.376716e-03,4.390310e-02,7.756065e-02,1.284193e-04,-1.866080e-04,1.300361e-03
731.640,-2.840408e-05,2.589067e-05,-2.619469e-04,1.770581e-03,-3.046385e-04,9.364510e-03,9.371047e-03,4.390828e-02,7.750838e-02,1.283375e-04,-1.865442e-04,1.299618e-03
731.840,-2.838549e-05,2.587383e-05,-2.617774e-04,1.770241e-03,-3.040809e-04,9.358096e-03,9.365383e-03,4.391346e-02,7.745615e-02,1.282558e-04,-1.864804e-04,1.298876e-03
732.040,-2.836691e-05,2.585700e-05,-2.616079e-04,1.769900e-03,-3.035236e-04,9.351686e-03,9.359722e-03,4.391864e-02,7.740396e-02,1.281742e-04,-1.864166e-04,1.298135e-03
732.240,-2.834834e-05,2.584018e-05,-2.614386e-04,1.769559e-03,-3.029667e-04,9.345280e-03,9.354064e-03,4.392381e-02,7.735179e-02,1.280926e-04,-1.863529e-04,1.297394e-03
732.440,-2.832979e-05,2.582337e-05,-2.612694e-04,1.769219e-03,-3.024102e-04,9.338879e-03,9.348411e-03,4.392898e-02,7.729966e-02,1.280111e-04,-1.862892e-04,1.296654e-03
732.640,-2.831124e-05,2.580658e-05,-2.611003e-04,1.768879e-03,-3.018541e-04,9.332481e-03,9.342761e-03,4.393414e-02,7.724757e-02,1.279296e-04,-1.862256e-04,1.295914e-03
732.840,-2.829271e-05,2.578979e-05,-2.609313e-04,1.768539e-03,-3.012983e-04,9.326088e-03,9.337115e-03,4.393930e-02,7.719550e-02,1.278481e-04,-1.861620e-04,1.295174e-03
733.040,-2.827419e-05,2.577302e-05,-2.607624e-04,1.768200e-03,-3.007428e-04,9.319699e-03,9.331472e-03,4.394446e-02,7.714347e-02,1.277668e-04,-1.860984e-04,1.294435e-03
733.240,-2.825569e-05,2.575626e-05,-2.605936e-04,1.767860e-03,-3.001877e-04,9.313314e-03,9.325833e-03,4.394962e-02,7.709148e-02,1.276854e-04,-1.860349e-04,1.293697e-03
733.440,-2.823719e-05,2.573950e-05,-2.604249e-04,1.767521e-03,-2.996330e-04,9.306933e-03,9.320198e-03,4.395477e-02,7.703952e-02,1.276042e-04,-1.859715e-04,1.292959e-03
733.640,-2.821871e-05,2.572276e-05,-2.602564e-04,1.767182e-03,-2.990787e-04,9.300556e-03,9.314567e-03,4.395992e-02,7.698759e-02,1.275230e-04,-1.859080e-04,1.292221e-03
733.840,-2.820024e-05,2.570603e-05,-2.600879e-04,1.766844e-03,-2.985247e-04,9.294184e-03,9.308939e-03,4.396506e-02,7.693569e-02,1.274418e-04,-1.858446e-04,1.291484e-03
734.040,-2.818178e-05,2.568931e-05,-2.599196e-04,1.766505e-03,-2.979710e-04,9.287815e-03,9.303315e-03,4.397021e-02,7.688383e-02,1.273607e-04,-1.857813e-04,1.290748e-03
734.240,-2.816333e-05,2.567260e-05,-2.597514e-04,1.766167e-03,-2.974177e-04,9.281451e-03,9.297694e-03,4.397534e-02,7.683201e-02,1.272796e-04,-1.857180e-04,1.290012e-03
734.440,-2.814490e-05,2.565591e-05,-2.595832e-04,1.765829e-03,-2.968648e-04,9.275091e-03,9.292077e-03,4.398048e-02,7.678021e-02,1.271986e-04,-1.856547e-04,1.289276e-03
734.640,-2.812647e-05,2.563922e-05,-2.594152e-04,1.765491e-03,-2.963122e-04,9.268735e-03,9.286464e-03,4.398561e-02,7.672845e-02,1.271177e-04,-1.855915e-04,1.288541e-03
734.840,-2.810806e-05,2.562254e-05,-2.592473e-04,1.765153e-03,-2.957600e-04,9.262383e-03,9.280855e-03,4.399074e-02,7.667673e-02,1.270368e-04,-1.855284e-04,1.287806e-03
735.040,-2.808966e-05,2.560588e-05,-2.590795e-04,1.764816e-03,-2.952082e-04,9.256035e-03,9.275249e-03,4.399586e-02,7.662503e-02,1.269559e-04,-1.854652e-04,1.287072e-03
735.240,-2.807128e-05,2.558922e-05,-2.589118e-04,1.764479e-03,-2.946567e-04,9.249691e-03,9.269647e-03,4.400099e-02,7.657337e-02,1.268751e-04,-1.854021e-04,1.286338e-03
735.440,-2.805290e-05,2.557258e-05,-2.587442e-04,1.764142e-03,-2.941055e-04,9.243351e-03,9.264049e-03,4.400610e-02,7.652175e-02,1.267944e-04,-1.853391e-04,1.285605e-03
735.640,-2.803454e-05,2.555594e-05,-2.585767e-04,1.763805e-03,-2.935548e-04,9.237016e-03,9.258454e-03,4.401122e-02,7.647015e-02,1.267137e-04,-1.852761e-04,1.284872e-03
735.840,-2.801619e-05,2.553932e-05,-2.584094e-04,1.763469e-03,-2.930043e-04,9.230684e-03,9.252863e-03,4.401633e-02,7.641859e-02,1.266330e-04,-1.852131e-04,1.284140e-03
736.040,-2.799785e-05,2.552271e-05,-2.582421e-04,1.763132e-03,-2.924543e-04,9.224357e-03,9.247275e-03,4.402144e-02,7.636707e-02,1.265525e-04,-1.851502e-04,1.283408e-03
736.240,-2.797953e-05,2.550611e-05,-2.580750e-04,1.762796e-03,-2.919046e-04,9.218033e-03,9.241692e-03,4.402655e-02,7.631557e-02,1.264719e-04,-1.850873e-04,1.282677e-03
736.440,-2.796121e-05,2.548952e-05,-2.579079e-04,1.762461e-03,-2.913552e-04,9.211714e-03,9.236111e-03,4.403165e-02,7.626411e-02,1.263914e-04,-1.850245e-04,1.281946e-03
736.640,-2.794291e-05,2.547294e-05,-2.577410e-04,1.762125e-03,-2.908062e-04,9.205399e-03,9.230535e-03,4.403675e-02,7.621269e-02,1.263110e-04,-1.849617e-04,1.281215e-03
736.840,-2.792462e-05,2.545637e-05,-2.575742e-04,1.761789e-03,-2.902576e-04,9.199088e-03,9.224962e-03,4.404184e-02,7.616129e-02,1.262306e-04,-1.848989e-04,1.280485e-03
737.040,-2.790634e-05,2.543981e-05,-2.574074e-04,1.761454e-03,-2.897093e-04,9.192781e-03,9.219393e-03,4.404693e-02,7.610993e-02,1.261503e-04,-1.848362e-04,1.279756e-03
737.240,-2.788808e-05,2.542327e-05,-2.572408e-04,1.761119e-03,-2.891614e-04,9.186478e-03,9.213827e-03,4.405202e-02,7.605861e-02,1.260700e-04,-1.847735e-04,1.279027e-03
737.440,-2.786982e-05,2.540673e-05,-2.570743e-04,1.760785e-03,-2.886138e-04,9.180179e-03,9.208266e-03,4.405711e-02,7.600731e-02,1.259898e-04,-1.847109e-04,1.278298e-03
737.640,-2.785158e-05,2.539020e-05,-2.569079e-04,1.760450e-03,-2.880666e-04,9.173885e-03,9.202707e-03,4.406219e-02,7.595605e-02,1.259096e-04,-1.846483e-04,1.277570e-03
737.840,-2.783335e-05,2.537369e-05,-2.567416e-04,1.760116e-03,-2.875197e-04,9.167594e-03,9.197153e-03,4.406727e-02,7.590483e-02,1.258295e-04,-1.845857e-04,1.276843e-03
738.040,-2.781513e-05,2.535719e-05,-2.565755e-04,1.759782e-03,-2.869732e-04,9.161308e-03,9.191602e-03,4.407234e-02,7.585363e-02,1.257495e-04,-1.845232e-04,1.276115e-03
738.240,-2.779692e-05,2.534069e-05,-2.564094e-04,1.759448e-03,-2.864271e-04,9.155025e-03,9.186054e-03,4.407741e-02,7.580247e-02,1.256694e-04,-1.844608e-04,1.275389e-03
738.440,-2.777873e-05,2.532421e-05,-2.562434e-04,1.759114e-03,-2.858813e-04,9.148747e-03,9.180510e-03,4.408248e-02,7.575134e-02,1.255895e-04,-1.843983e-04,1.274663e-03
738.640,-2.776055e-05,2.530774e-05,-2.560776e-04,1.758781e-03,-2.853358e-04,9.142472e-03,9.174970e-03,4.408755e-02,7.570025e-02,1.255096e-04,-1.843360e-04,1.273937e-03
738.840,-2.774238e-05,2.529128e-05,-2.559118e-04,1.758447e-03,-2.847907e-04,9.136202e-03,9.169434e-03,4.409261e-02,7.564919e-02,1.254297e-04,-1.842736e-04,1.273212e-03
739.040,-2.772422e-05,2.527483e-05,-2.557462e-04,1.758114e-03,-2.842460e-04,9.129936e-03,9.163901e-03,4.409767e-02,7.559816e-02,1.253499e-04,-1.842113e-04,1.272487e-03
739.240,-2.770607e-05,2.525839e-05,-2.555806e-04,1.757782e-03,-2.837016e-04,9.123673e-03,9.158372e-03,4.410273e-02,7.554716e-02,1.252702e-04,-1.841491e-04,1.271763e-03
739.440,-2.768793e-05,2.524196e-05,-2.554152e-04,1.757449e-03,-2.831576e-04,9.117415e-03,9.152846e-03,4.410778e-02,7.549620e-02,1.251905e-04,-1.840868e-04,1.271039e-03
739.640,-2.766981e-05,2.522554e-05,-2.552499e-04,1.757117e-03,-2.826139e-04,9.111161e-03,9.147324e-03,4.411283e-02,7.544527e-02,1.251108e-04,-1.840246e-04,1.270315e-03
739.840,-2.765170e-05,2.520913e-05,-2.550847e-04,1.756785e-03,-2.820706e-04,9.104911e-03,9.141806e-03,4.411787e-02,7.539438e-02,1.250312e-04,-1.839625e-04,1.269592e-03
740.040,-2.763360e-05,2.519273e-05,-2.549196e-04,1.756453e-03,-2.815276e-04,9.098665e-03,9.136291e-03,4.412292e-02,7.534351e-02,1.249517e-04,-1.839004e-04,1.268870e-03
740.240,-2.761551e-05,2.517635e-05,-2.547546e-04,1.756121e-03,-2.809850e-04,9.092423e-03,9.130780e-03,4.412795e-02,7.529268e-02,1.248722e-04,-1.838383e-04,1.268148e-03
740.440,-2.759744e-05,2.515997e-05,-2.545897e-04,1.755789e-03,-2.804427e-04,9.086185e-03,9.125272e-03,4.413299e-02,7.524188e-02,1.247927e-04,-1.837764e-04,1.267427e-03
740.640,-2.757937e-05,2.514360e-05,-2.544249e-04,1.755458e-03,-2.799008e-04,9.079951e-03,9.119768e-03,4.413802e-02,7.519112e-02,1.247133e-04,-1.837144e-04,1.266706e-03
740.840,-2.756132e-05,2.512725e-05,-2.542602e-04,1.755127e-03,-2.793592e-04,9.073722e-03,9.114268e-03,4.414305e-02,7.514039e-02,1.246340e-04,-1.836524e-04,1.265985e-03
741.040,-2.754328e-05,2.511090e-05,-2.540956e-04,1.754796e-03,-2.788180e-04,9.067496e-03,9.108771e-03,4.414808e-02,7.508969e-02,1.245547e-04,-1.835906e-04,1.265265e-03
741.240,-2.752525e-05,2.509457e-05,-2.539312e-04,1.754466e-03,-2.782771e-04,9.061274e-03,9.103278e-03,4.415310e-02,7.503902e-02,1.244755e-04,-1.835287e-04,1.264545e-03
741.440,-2.750723e-05,2.507825e-05,-2.537668e-04,1.754135e-03,-2.777366e-04,9.055056e-03,9.097788e-03,4.415812e-02,7.498839e-02,1.243963e-04,-1.834669e-04,1.263826e-03
741.640,-2.748923e-05,2.506194e-05,-2.536026e-04,1.753805e-03,-2.771965e-04,9.048842e-03,9.092302e-03,4.416314e-02,7.493779e-02,1.243172e-04,-1.834051e-04,1.263107e-03
741.840,-2.747124e-05,2.504563e-05,-2.534384e-04,1.753475e-03,-2.766566e-04,9.042633e-03,9.086820e-03,4.416815e-02,7.488722e-02,1.242381e-04,-1.833434e-04,1.262389e-03
742.040,-2.745325e-05,2.502934e-05,-2.532744e-04,1.753145e-03,-2.761172e-04,9.036427e-03,9.081341e-03,4.417316e-02,7.483668e-02,1.241591e-04,-1.832817e-04,1.261671e-03
742.240,-2.743529e-05,2.501306e-05,-2.531104e-04,1.752816e-03,-2.755781e-04,9.030225e-03,9.075866e-03,4.417817e-02,7.478618e-02,1.240801e-04,-1.832201e-04,1.260954e-03
742.440,-2.741733e-05,2.499679e-05,-2.529466e-04,1.752486e-03,-2.750393e-04,9.024028e-03,9.070394e-03,4.418317e-02,7.473571e-02,1.240011e-04,-1.831584e-04,1.260237e-03
742.640,-2.739938e-05,2.498053e-05,-2.527829e-04,1.752157e-03,-2.745009e-04,9.017834e-03,9.064926e-03,4.418817e-02,7.468527e-02,1.239223e-04,-1.830969e-04,1.259521e-03
742.840,-2.738145e-05,2.496428e-05,-2.526192e-04,1.751828e-03,-2.739628e-04,9.011644e-03,9.059461e-03,4.419317e-02,7.463487e-02,1.238434e-04,-1.830354e-04,1.258805e-03
743.040,-2.736352e-05,2.494804e-05,-2.524557e-04,1.751500e-03,-2.734251e-04,9.005458e-03,9.054000e-03,4.419816e-02,7.458449e-02,1.237647e-04,-1.829739e-04,1.258089e-03
743.240,-2.734561e-05,2.493182e-05,-2.522923e-04,1.751171e-03,-2.728877e-04,8.999277e-03,9.048543e-03,4.420315e-02,7.453416e-02,1.236859e-04,-1.829125e-04,1.257374e-03
743.440,-2.732771e-05,2.491560e-05,-2.521290e-04,1.750843e-03,-2.723507e-04,8.993099e-03,9.043089e-03,4.420814e-02,7.448385e-02,1.236073e-04,-1.828510e-04,1.256660e-03
743.640,-2.730983e-05,2.489939e-05,-2.519658e-04,1.750515e-03,-2.718140e-04,8.986925e-03,9.037639e-03,4.421312e-02,7.443357e-02,1.235287e-04,-1.827897e-04,1.255946e-03
743.840,-2.729195e-05,2.488320e-05,-2.518027e-04,1.750187e-03,-2.712777e-04,8.980756e-03,9.032192e-03,4.421810e-02,7.438333e-02,1.234501e-04,-1.827284e-04,1.255232e-03
744.040,-2.727409e-05,2.486701e-05,-2.516398e-04,1.749859e-03,-2.707417e-04,8.974590e-03,9.026749e-03,4.422308e-02,7.433312e-02,1.233716e-04,-1.826671e-04,1.254519e-03
744.240,-2.725624e-05,2.485083e-05,-2.514769e-04,1.749532e-03,-2.702061e-04,8.968428e-03,9.021309e-03,4.422805e-02,7.428294e-02,1.232931e-04,-1.826058e-04,1.253806e-03
744.440,-2.723840e-05,2.483467e-05,-2.513141e-04,1.749205e-03,-2.696708e-04,8.962271e-03,9.015873e-03,4.423302e-02,7.423280e-02,1.232147e-04,-1.825446e-04,1.253094e-03
744.640,-2.722057e-05,2.481852e-05,-2.511514e-04,1.748878e-03,-2.691359e-04,8.956117e-03,9.010441e-03,4.423799e-02,7.418269e-02,1.231363e-04,-1.824835e-04,1.252382e-03
744.840,-2.720275e-05,2.480237e-05,-2.509889e-04,1.748551e-03,-2.686013e-04,8.949967e-03,9.005012e-03,4.424296e-02,7.413261e-02,1.230580e-04,-1.824224e-04,1.251671e-03
745.040,-2.718494e-05,2.478624e-05,-2.508264e-04,1.748225e-03,-2.680671e-04,8.943822e-03,8.999587e-03,4.424792e-02,7.408256e-02,1.229797e-04,-1.823613e-04,1.250960e-03
745.240,-2.716715e-05,2.477012e-05,-2.506641e-04,1.747898e-03,-2.675332e-04,8.937680e-03,8.994165e-03,4.425288e-02,7.403255e-02,1.229015e-04,-1.823002e-04,1.250250e-03
745.440,-2.714937e-05,2.475400e-05,-2.505018e-04,1.747572e-03,-2.669996e-04,8.931542e-03,8.988747e-03,4.425783e-02,7.398256e-02,1.228234e-04,-1.822392e-04,1.249540e-03
745.640,-2.713160e-05,2.473790e-05,-2.503397e-04,1.747246e-03,-2.664664e-04,8.925408e-03,8.983332e-03,4.426278e-02,7.393261e-02,1.227453e-04,-1.821783e-04,1.248830e-03
745.840,-2.711384e-05,2.472181e-05,-2.501776e-04,1.746920e-03,-2.659336e-04,8.919278e-03,8.977921e-03,4.426773e-02,7.388270e-02,1.226672e-04,-1.821174e-04,1.248121e-03
746.040,-2.709609e-05,2.470573e-05,-2.500157e-04,1.746595e-03,-2.654011e-04,8.913152e-03,8.972513e-03,4.427268e-02,7.383281e-02,1.225892e-04,-1.820565e-04,1.247413e-03
746.240,-2.707835e-05,2.468966e-05,-2.498539e-04,1.746270e-03,-2.648689e-04,8.907030e-03,8.967109e-03,4.427762e-02,7.378296e-02,1.225112e-04,-1.819957e-04,1.246705e-03
746.440,-2.706063e-05,2.467360e-05,-2.496922e-04,1.745945e-03,-2.643371e-04,8.900912e-03,8.961709e-03,4.428256e-02,7.373314e-02,1.224333e-04,-1.819348e-04,1.245997e-03
746.640,-2.704292e-05,2.465755e-05,-2.495305e-04,1.745620e-03,-2.638056e-04,8.894798e-03,8.956312e-03,4.428749e-02,7.368335e-02,1.223555e-04,-1.818741e-04,1.245290e-03
746.840,-2.702522e-05,2.464151e-05,-2.493690e-04,1.745295e-03,-2.632745e-04,8.888688e-03,8.950918e-03,4.429242e-02,7.363359e-02,1.222777e-04,-1.818134e-04,1.244583e-03
747.040,-2.700753e-05,2.462548e-05,-2.492076e-04,1.744971e-03,-2.627437e-04,8.882582e-03,8.945528e-03,4.429735e-02,7.358387e-02,1.221999e-04,-1.817527e-04,1.243877e-03
747.240,-2.698985e-05,2.460946e-05,-2.490463e-04,1.744646e-03,-2.622132e-04,8.876480e-03,8.940142e-03,4.430228e-02,7.353417e-02,1.221222e-04,-1.816921e-04,1.243171e-03
747.440,-2.697218e-05,2.459345e-05,-2.488851e-04,1.744322e-03,-2.616831e-04,8.870382e-03,8.934759e-03,4.430720e-02,7.348451e-02,1.220445e-04,-1.816315e-04,1.242466e-03
747.640,-2.695453e-05,2.457745e-05,-2.487240e-04,1.743999e-03,-2.611534e-04,8.864288e-03,8.929379e-03,4.431212e-02,7.343489e-02,1.219669e-04,-1.815709e-04,1.241761e-03
747.840,-2.693689e-05,2.456147e-05,-2.485630e-04,1.743675e-03,-2.606240e-04,8.858197e-03,8.924004e-03,4.431704e-02,7.338529e-02,1.218894e-04,-1.815104e-04,1.241057e-03
748.040,-2.691926e-05,2.454549e-05,-2.484021e-04,1.743352e-03,-2.600949e-04,8.852111e-03,8.918631e-03,4.432195e-02,7.333573e-02,1.218119e-04,-1.814499e-04,1.240353e-03
748.240,-2.690164e-05,2.452952e-05,-2.482413e-04,1.743028e-03,-2.595662e-04,8.846028e-03,8.913262e-03,4.432686e-02,7.328619e-02,1.217344e-04,-1.813895e-04,1.239649e-03
748.440,-2.688403e-05,2.451357e-05,-2.480807e-04,1.742705e-03,-2.590378e-04,8.839950e-03,8.907897e-03,4.433177e-02,7.323669e-02,1.216570e-04,-1.813291e-04,1.238946e-03
748.640,-2.686643e-05,2.449762e-05,-2.479201e-04,1.742383e-03,-2.585098e-04,8.833875e-03,8.902535e-03,4.433667e-02,7.318723e-02,1.215797e-04,-1.812688e-04,1.238243e-03
748.840,-2.684885e-05,2.448168e-05,-2.477596e-04,1.742060e-03,-2.579821e-04,8.827805e-03,8.897177e-03,4.434157e-02,7.313779e-02,1.215024e-04,-1.812084e-04,1.237541e-03
749.040,-2.683127e-05,2.446576e-05,-2.475992e-04,1.741738e-03,-2.574547e-04,8.821738e-03,8.891822e-03,4.434647e-02,7.308839e-02,1.214251e-04,-1.811481e-04,1.236839e-03
749.240,-2.681371e-05,2.444984e-05,-2.474390e-04,1.741416e-03,-2.569277e-04,8.815675e-03,8.886471e-03,4.435136e-02,7.303902e-02,1.213479e-04,-1.810879e-04,1.236138e-03
749.440,-2.679616e-05,2.443394e-05,-2.472788e-04,1.741094e-03,-2.564010e-04,8.809616e-03,8.881123e-03,4.435625e-02,7.298968e-02,1.212708e-04,-1.810277e-04,1.235437e-03
749.640,-2.677862e-05,2.441804e-05,-2.471188e-04,1.740772e-03,-2.558747e-04,8.803561e-03,8.875779e-03,4.436114e-02,7.294037e-02,1.211937e-04,-1.809676e-04,1.234737e-03
749.840,-2.676109e-05,2.440216e-05,-2.469588e-04,1.740451e-03,-2.553487e-04,8.797510e-03,8.870438e-03,4.436602e-02,7.289109e-02,1.211166e-04,-1.809074e-04,1.234037e-03
750.040,-2.674358e-05,2.438629e-05,-2.467990e-04,1.740129e-03,-2.548231e-04,8.791463e-03,8.865100e-03,4.437090e-02,7.284185e-02,1.210396e-04,-1.808474e-04,1.233338e-03
750.240,-2.672607e-05,2.437042e-05,-2.466392e-04,1.739808e-03,-2.542977e-04,8.785420e-03,8.859767e-03,4.437578e-02,7.279264e-02,1.209627e-04,-1.807873e-04,1.232639e-03
750.440,-2.670858e-05,2.435457e-05,-2.464796e-04,1.739487e-03,-2.537728e-04,8.779381e-03,8.854436e-03,4.438066e-02,7.274346e-02,1.208858e-04,-1.807273e-04,1.231940e-03
750.640,-2.669110e-05,2.433873e-05,-2.463200e-04,1.739167e-03,-2.532482e-04,8.773345e-03,8.849109e-03,4.438553e-02,7.269431e-02,1.208089e-04,-1.806674e-04,1.231242e-03
750.840,-2.667363e-05,2.432290e-05,-2.461606e-04,1.738846e-03,-2.527239e-04,8.767314e-03,8.843786e-03,4.439040e-02,7.264519e-02,1.207321e-04,-1.806075e-04,1.230545e-03
751.040,-2.665617e-05,2.430707e-05,-2.460013e-04,1.738526e-03,-2.521999e-04,8.761286e-03,8.838466e-03,4.439526e-02,7.259610e-02,1.206554e-04,-1.805476e-04,1.229847e-03
751.240,-2.663872e-05,2.429126e-05,-2.458420e-04,1.738206e-03,-2.516763e-04,8.755263e-03,8.833150e-03,4.440013e-02,7.254705e-02,1.205787e-04,-1.804877e-04,1.229151e-03
751.440,-2.662128e-05,2.427546e-05,-2.456829e-04,1.737886e-03,-2.511530e-04,8.749243e-03,8.827837e-03,4.440498e-02,7.249803e-02,1.205020e-04,-1.804279e-04,1.228454e-03
751.640,-2.660386e-05,2.425967e-05,-2.455239e-04,1.737567e-03,-2.506301e-04,8.743227e-03,8.822527e-03,4.440984e-02,7.244904e-02,1.204254e-04,-1.803682e-04,1.227758e-03
751.840,-2.658644e-05,2.424389e-05,-2.453649e-04,1.737247e-03,-2.501075e-04,8.737215e-03,8.817221e-03,4.441469e-02,7.240008e-02,1.203489e-04,-1.803084e-04,1.227063e-03
752.040,-2.656904e-05,2.422812e-05,-2.452061e-04,1.736928e-03,-2.495853e-04,8.731207e-03,8.811919e-03,4.441954e-02,7.235116e-02,1.202724e-04,-1.802488e-04,1.226368e-03
752.240,-2.655165e-05,2.421235e-05,-2.450474e-04,1.736609e-03,-2.490634e-04,8.725203e-03,8.806620e-03,4.442439e-02,7.230226e-02,1.201959e-04,-1.801891e-04,1.225674e-03
752.440,-2.653427e-05,2.419660e-05,-2.448888e-04,1.736290e-03,-2.485418e-04,8.719202e-03,8.801324e-03,4.442923e-02,7.225340e-02,1.201195e-04,-1.801295e-04,1.224980e-03
752.640,-2.651691e-05,2.418086e-05,-2.447303e-04,1.735972e-03,-2.480206e-04,8.713206e-03,8.796032e-03,4.443407e-02,7.220457e-02,1.200431e-04,-1.800700e-04,1.224286e-03
752.840,-2.649955e-05,2.416513e-05,-2.445719e-04,1.735653e-03,-2.474997e-04,8.707213e-03,8.790743e-03,4.443891e-02,7.215577e-02,1.199668e-04,-1.800104e-04,1.223593e-03
753.040,-2.648220e-05,2.414941e-05,-2.444136e-04,1.735335e-03,-2.469791e-04,8.701225e-03,8.785458e-03,4.444374e-02,7.210700e-02,1.198906e-04,-1.799510e-04,1.222900e-03
753.240,-2.646487e-05,2.413370e-05,-2.442554e-04,1.735017e-03,-2.464589e-04,8.695240e-03,8.780177e-03,4.444857e-02,7.205826e-02,1.198144e-04,-1.798915e-04,1.222208e-03
753.440,-2.644755e-05,2.411800e-05,-2.440973e-04,1.734700e-03,-2.459390e-04,8.689259e-03,8.774898e-03,4.445340e-02,7.200956e-02,1.197382e-04,-1.798321e-04,1.221516e-03
753.640,-2.643024e-05,2.410231e-05,-2.439393e-04,1.734382e-03,-2.454195e-04,8.683282e-03,8.769623e-03,4.445823e-02,7.196088e-02,1.196621e-04,-1.797727e-04,1.220825e-03
753.840,-2.641294e-05,2.408664e-05,-2.437814e-04,1.734065e-03,-2.449003e-04,8.677308e-03,8.764352e-03,4.446305e-02,7.191224e-02,1.195861e-04,-1.797134e-04,1.220134e-03
754.040,-2.639565e-05,2.407097e-05,-2.436236e-04,1.733748e-03,-2.443814e-04,8.671339e-03,8.759084e-03,4.446787e-02,7.186363e-02,1.195101e-04,-1.796541e-04,1.219444e-03
754.240,-2.637837e-05,2.405531e-05,-2.434659e-04,1.733431e-03,-2.438628e-04,8.665374e-03,8.753820e-03,4.447268e-02,7.181505e-02,1.194341e-04,-1.795949e-04,1.218754e-03
754.440,-2.636111e-05,2.403966e-05,-2.433083e-04,1.733114e-03,-2.433446e-04,8.659412e-03,8.748559e-03,4.447749e-02,7.176650e-02,1.193582e-04,-1.795357e-04,1.218064e-03
754.640,-2.634385e-05,2.402402e-05,-2.431508e-04,1.732797e-03,-2.428268e-04,8.653454e-03,8.743301e-03,4.448230e-02,7.171799e-02,1.192823e-04,-1.794765e-04,1.217375e-03
754.840,-2.632661e-05,2.400839e-05,-2.429934e-04,1.732481e-03,-2.423093e-04,8.647500e-03,8.738047e-03,4.448711e-02,7.166950e-02,1.192065e-04,-1.794174e-04,1.216686e-03
755.040,-2.630938e-05,2.399277e-05,-2.428361e-04,1.732165e-03,-2.417921e-04,8.641550e-03,8.732796e-03,4.449191e-02,7.162105e-02,1.191308e-04,-1.793583e-04,1.215998e-03
755.240,-2.629216e-05,2.397717e-05,-2.426790e-04,1.731849e-03,-2.412752e-04,8.635604e-03,8.727549e-03,4.449671e-02,7.157263e-02,1.190551e-04,-1.792992e-04,1.215310e-03
755.440,-2.627495e-05,2.396157e-05,-2.425219e-04,1.731534e-03,-2.407587e-04,8.629662e-03,8.722305e-03,4.450150e-02,7.152423e-02,1.189794e-04,-1.792402e-04,1.214623e-03
755.640,-2.625775e-05,2.394598e-05,-2.423649e-04,1.731218e-03,-2.402425e-04,8.623723e-03,8.717064e-03,4.450630e-02,7.147587e-02,1.189038e-04,-1.791812e-04,1.213936e-03
755.840,-2.624056e-05,2.393040e-05,-2.422080e-04,1.730903e-03,-2.397266e-04,8.617789e-03,8.711827e-03,4.451109e-02,7.142755e-02,1.188282e-04,-1.791223e-04,1.213250e-03
756.040,-2.622339e-05,2.391483e-05,-2.420512e-04,1.730588e-03,-2.392111e-04,8.611858e-03,8.706594e-03,4.451587e-02,7.137925e-02,1.187527e-04,-1.790634e-04,1.212564e-03
756.240,-2.620622e-05,2.389928e-05,-2.418946e-04,1.730273e-03,-2.386959e-04,8.605931e-03,8.701364e-03,4.452066e-02,7.133098e-02,1.186773e-04,-1.790045e-04,1.211878e-03
756.440,-2.618907e-05,2.388373e-05,-2.417380e-04,1.729958e-03,-2.381811e-04,8.600008e-03,8.696137e-03,4.452544e-02,7.128275e-02,1.186018e-04,-1.789457e-04,1.211193e-03
756.640,-2.617193e-05,2.386819e-05,-2.415815e-04,1.729644e-03,-2.376666e-04,8.594088e-03,8.690914e-03,4.453022e-02,7.123454e-02,1.185265e-04,-1.788869e-04,1.210508e-03
756.840,-2.615480e-05,2.385266e-05,-2.414251e-04,1.729330e-03,-2.371524e-04,8.588173e-03,8.685694e-03,4.453499e-02,7.118637e-02,1.184512e-04,-1.788282e-04,1.209824e-03
757.040,-2.613768e-05,2.383715e-05,-2.412689e-04,1.729016e-03,-2.366385e-04,8.582261e-03,8.680477e-03,4.453976e-02,7.113823e-02,1.183759e-04,-1.787695e-04,1.209140e-03
757.240,-2.612057e-05,2.382164e-05,-2.411127e-04,1.728702e-03,-2.361250e-04,8.576353e-03,8.675264e-03,4.454453e-02,7.109012e-02,1.183007e-04,-1.787108e-04,1.208457e-03
757.440,-2.610347e-05,2.380614e-05,-2.409566e-04,1.728388e-03,-2.356118e-04,8.570449e-03,8.670054e-03,4.454930e-02,7.104204e-02,1.182255e-04,-1.786522e-04,1.207774e-03
757.640,-2.608639e-05,2.379066e-05,-2.408007e-04,1.728075e-03,-2.350990e-04,8.564549e-03,8.664848e-03,4.455406e-02,7.099399e-02,1.181504e-04,-1.785936e-04,1.207092e-03
757.840,-2.606931e-05,2.377518e-05,-2.406448e-04,1.727761e-03,-2.345865e-04,8.558653e-03,8.659645e-03,4.455882e-02,7.094598e-02,1.180753e-04,-1.785351e-04,1.206410e-03
758.040,-2.605225e-05,2.375971e-05,-2.404890e-04,1.727448e-03,-2.340743e-04,8.552760e-03,8.654446e-03,4.456357e-02,7.089799e-02,1.180003e-04,-1.784765e-04,1.205728e-03
758.240,-2.603520e-05,2.374426e-05,-2.403334e-04,1.727136e-03,-2.335624e-04,8.546871e-03,8.649250e-03,4.456833e-02,7.085004e-02,1.179253e-04,-1.784181e-04,1.205047e-03
758.440,-2.601816e-05,2.372881e-05,-2.401778e-04,1.726823e-03,-2.330509e-04,8.540986e-03,8.644057e-03,4.457308e-02,7.080211e-02,1.178504e-04,-1.783596e-04,1.204366e-03
758.640,-2.600113e-05,2.371337e-05,-2.400223e-04,1.726511e-03,-2.325397e-04,8.535105e-03,8.638868e-03,4.457782e-02,7.075422e-02,1.177755e-04,-1.783012e-04,1.203686e-03
758.840,-2.598411e-05,2.369795e-05,-2.398670e-04,1.726198e-03,-2.320289e-04,8.529228e-03,8.633682e-03,4.458257e-02,7.070636e-02,1.177007e-04,-1.782429e-04,1.203006e-03
759.040,-2.596710e-05,2.368253e-05,-2.397117e-04,1.725886e-03,-2.315183e-04,8.523354e-03,8.628500e-03,4.458731e-02,7.065853e-02,1.176259e-04,-1.781846e-04,1.202327e-03
759.240,-2.595011e-05,2.366712e-05,-2.395566e-04,1.725575e-03,-2.310081e-04,8.517485e-03,8.623320e-03,4.459204e-02,7.061073e-02,1.175512e-04,-1.781263e-04,1.201648e-03
759.440,-2.593312e-05,2.365173e-05,-2.394015e-04,1.725263e-03,-2.304983e-04,8.511619e-03,8.618145e-03,4.459678e-02,7.056296e-02,1.174765e-04,-1.780681e-04,1.200969e-03
759.640,-2.591615e-05,2.363634e-05,-2.392465e-04,1.724952e-03,-2.299887e-04,8.505756e-03,8.612972e-03,4.460151e-02,7.051522e-02,1.174018e-04,-1.780098e-04,1.200291e-03
759.840,-2.589918e-05,2.362096e-05,-2.390917e-04,1.724640e-03,-2.294795e-04,8.499898e-03,8.607804e-03,4.460624e-02,7.046752e-02,1.173273e-04,-1.779517e-04,1.199614e-03
760.040,-2.588223e-05,2.360559e-05,-2.389369e-04,1.724330e-03,-2.289707e-04,8.494044e-03,8.602638e-03,4.461096e-02,7.041984e-02,1.172527e-04,-1.778936e-04,1.198936e-03
760.240,-2.586529e-05,2.359024e-05,-2.387823e-04,1.724019e-03,-2.284621e-04,8.488193e-03,8.597476e-03,4.461568e-02,7.037220e-02,1.171782e-04,-1.778355e-04,1.198260e-03
760.440,-2.584836e-05,2.357489e-05,-2.386277e-04,1.723708e-03,-2.279539e-04,8.482346e-03,8.592317e-03,4.462040e-02,7.032458e-02,1.171038e-04,-1.777774e-04,1.197583e-03
760.640,-2.583144e-05,2.355955e-05,-2.384732e-04,1.723398e-03,-2.274460e-04,8.476503e-03,8.587162e-03,4.462512e-02,7.027700e-02,1.170294e-04,-1.777194e-04,1.196907e-03
760.840,-2.581454e-05,2.354423e-05,-2.383189e-04,1.723088e-03,-2.269385e-04,8.470663e-03,8.582010e-03,4.462983e-02,7.022944e-02,1.169551e-04,-1.776614e-04,1.196232e-03
761.040,-2.579764e-05,2.352891e-05,-2.381646e-04,1.722778e-03,-2.264312e-04,8.464828e-03,8.576861e-03,4.463454e-02,7.018192e-02,1.168808e-04,-1.776035e-04,1.195557e-03
761.240,-2.578075e-05,2.351360e-05,-2.380105e-04,1.722468e-03,-2.259243e-04,8.458996e-03,8.571716e-03,4.463925e-02,7.013443e-02,1.168065e-04,-1.775456e-04,1.194883e-03
761.440,-2.576388e-05,2.349831e-05,-2.378564e-04,1.722158e-03,-2.254178e-04,8.453168e-03,8.566574e-03,4.464395e-02,7.008697e-02,1.167323e-04,-1.774878e-04,1.194208e-03
761.640,-2.574702e-05,2.348302e-05,-2.377024e-04,1.721849e-03,-2.249115e-04,8.447343e-03,8.561435e-03,4.464865e-02,7.003954e-02,1.166582e-04,-1.774299e-04,1.193535e-03
761.840,-2.573017e-05,2.346774e-05,-2.375486e-04,1.721540e-03,-2.244056e-04,8.441523e-03,8.556300e-03,4.465335e-02,6.999214e-02,1.165841e-04,-1.773722e-04,1.192861e-03
762.040,-2.571332e-05,2.345247e-05,-2.373948e-04,1.721231e-03,-2.239000e-04,8.435706e-03,8.551168e-03,4.465804e-02,6.994477e-02,1.165100e-04,-1.773144e-04,1.192189e-03
762.240,-2.569649e-05,2.343722e-05,-2.372411e-04,1.720922e-03,-2.233948e-04,8.429893e-03,8.546039e-03,4.466274e-02,6.989744e-02,1.164360e-04,-1.772567e-04,1.191516e-03
762.440,-2.567968e-05,2.342197e-05,-2.370876e-04,1.720614e-03,-2.228899e-04,8.424084e-03,8.540914e-03,4.466742e-02,6.985013e-02,1.163621e-04,-1.771990e-04,1.190844e-03
762.640,-2.566287e-05,2.340673e-05,-2.369341e-04,1.720305e-03,-2.223853e-04,8.418278e-03,8.535792e-03,4.467211e-02,6.980285e-02,1.162881e-04,-1.771414e-04,1.190173e-03
762.840,-2.564607e-05,2.339150e-05,-2.367808e-04,1.719997e-03,-2.218810e-04,8.412476e-03,8.530674e-03,4.467679e-02,6.975561e-02,1.162143e-04,-1.770838e-04,1.189502e-03
763.040,-2.562928e-05,2.337629e-05,-2.366275e-04,1.719689e-03,-2.213770e-04,8.406678e-03,8.525559e-03,4.468147e-02,6.970839e-02,1.161405e-04,-1.770263e-04,1.188831e-03
763.240,-2.561251e-05,2.336108e-05,-2.364743e-04,1.719381e-03,-2.208734e-04,8.400884e-03,8.520447e-03,4.468615e-02,6.966121e-02,1.160667e-04,-1.769687e-04,1.188161e-03
763.440,-2.559574e-05,2.334588e-05,-2.363213e-04,1.719074e-03,-2.203701e-04,8.395094e-03,8.515339e-03,4.469082e-02,6.961405e-02,1.159930e-04,-1.769113e-04,1.187491e-03
763.640,-2.557899e-05,2.333069e-05,-2.361683e-04,1.718766e-03,-2.198672e-04,8.389307e-03,8.510234e-03,4.469549e-02,6.956693e-02,1.159193e-04,-1.768538e-04,1.186822e-03
763.840,-2.556225e-05,2.331551e-05,-2.360154e-04,1.718459e-03,-2.193645e-04,8.383524e-03,8.505132e-03,4.470016e-02,6.951983e-02,1.158457e-04,-1.767964e-04,1.186153e-03
764.040,-2.554552e-05,2.330034e-05,-2.358627e-04,1.718152e-03,-2.188622e-04,8.377745e-03,8.500034e-03,4.470482e-02,6.947277e-02,1.157721e-04,-1.767391e-04,1.185484e-03
764.240,-2.552880e-05,2.328518e-05,-2.357100e-04,1.717846e-03,-2.183602e-04,8.371969e-03,8.494939e-03,4.470948e-02,6.942574e-02,1.156986e-04,-1.766818e-04,1.184816e-03
764.440,-2.551209e-05,2.327004e-05,-2.355574e-04,1.717539e-03,-2.178585e-04,8.366197e-03,8.489847e-03,4.471414e-02,6.937874e-02,1.156251e-04,-1.766245e-04,1.184149e-03
764.640,-2.549539e-05,2.325490e-05,-2.354049e-04,1.717233e-03,-2.173572e-04,8.360429e-03,8.484758e-03,4.471880e-02,6.933177e-02,1.155517e-04,-1.765672e-04,1.183482e-03
764.840,-2.547870e-05,2.323977e-05,-2.352526e-04,1.716927e-03,-2.168562e-04,8.354665e-03,8.479673e-03,4.472345e-02,6.928482e-02,1.154783e-04,-1.765100e-04,1.182815e-03
765.040,-2.546203e-05,2.322465e-05,-2.351003e-04,1.716621e-03,-2.163555e-04,8.348904e-03,8.474592e-03,4.472810e-02,6.923791e-02,1.154050e-04,-1.764528e-04,1.182149e-03
765.240,-2.544536e-05,2.320954e-05,-2.349481e-04,1.716315e-03,-2.158551e-04,8.343148e-03,8.469513e-03,4.473274e-02,6.919103e-02,1.153317e-04,-1.763957e-04,1.181483e-03
765.440,-2.542871e-05,2.319444e-05,-2.347960e-04,1.716009e-03,-2.153551e-04,8.337394e-03,8.464438e-03,4.473738e-02,6.914418e-02,1.152584e-04,-1.763386e-04,1.180817e-03
765.640,-2.541206e-05,2.317935e-05,-2.346440e-04,1.715704e-03,-2.148554e-04,8.331645e-03,8.459366e-03,4.474202e-02,6.909736e-02,1.151852e-04,-1.762815e-04,1.180152e-03
765.840,-2.539543e-05,2.316427e-05,-2.344922e-04,1.715399e-03,-2.143560e-04,8.325899e-03,8.454298e-03,4.474666e-02,6.905057e-02,1.151121e-04,-1.762245e-04,1.179488e-03
766.040,-2.537881e-05,2.314920e-05,-2.343404e-04,1.715094e-03,-2.138569e-04,8.320157e-03,8.449233e-03,4.475130e-02,6.900381e-02,1.150390e-04,-1.761675e-04,1.178823e-03
766.240,-2.536220e-05,2.313414e-05,-2.341887e-04,1.714789e-03,-2.133582e-04,8.314419e-03,8.444171e-03,4.475593e-02,6.895708e-02,1.149660e-04,-1.761106e-04,1.178160e-03
766.440,-2.534560e-05,2.311909e-05,-2.340371e-04,1.714485e-03,-2.128598e-04,8.308685e-03,8.439112e-03,4.476055e-02,6.891039e-02,1.148930e-04,-1.760537e-04,1.177496e-03
766.640,-2.532901e-05,2.310404e-05,-2.338856e-04,1.714180e-03,-2.123617e-04,8.302954e-03,8.434057e-03,4.476518e-02,6.886372e-02,1.148200e-04,-1.759968e-04,1.176834e-03
766.840,-2.531243e-05,2.308901e-05,-2.337342e-04,1.713876e-03,-2.118639e-04,8.297227e-03,8.429005e-03,4.476980e-02,6.881708e-02,1.147471e-04,-1.759400e-04,1.176171e-03
767.040,-2.529586e-05,2.307399e-05,-2.335829e-04,1.713572e-03,-2.113664e-04,8.291503e-03,8.423957e-03,4.477442e-02,6.877047e-02,1.146742e-04,-1.758832e-04,1.175509e-03
767.240,-2.527931e-05,2.305898e-05,-2.334317e-04,1.713268e-03,-2.108693e-04,8.285783e-03,8.418911e-03,4.477903e-02,6.872389e-02,1.146014e-04,-1.758264e-04,1.174847e-03
767.440,-2.526276e-05,2.304398e-05,-2.332806e-04,1.712965e-03,-2.103725e-04,8.280067e-03,8.413869e-03,4.478365e-02,6.867734e-02,1.145287e-04,-1.757697e-04,1.174186e-03
767.640,-2.524622e-05,2.302898e-05,-2.331296e-04,1.712661e-03,-2.098760e-04,8.274355e-03,8.408831e-03,4.478826e-02,6.863083e-02,1.144559e-04,-1.757130e-04,1.173526e-03
767.840,-2.522970e-05,2.301400e-05,-2.329787e-04,1.712358e-03,-2.093799e-04,8.268646e-03,8.403795e-03,4.479286e-02,6.858434e-02,1.143833e-04,-1.756564e-04,1.172865e-03
768.040,-2.521319e-05,2.299903e-05,-2.328279e-04,1.712055e-03,-2.088840e-04,8.262941e-03,8.398763e-03,4.479747e-02,6.853788e-02,1.143107e-04,-1.755998e-04,1.172205e-03
768.240,-2.519668e-05,2.298407e-05,-2.326772e-04,1.711752e-03,-2.083885e-04,8.257240e-03,8.393734e-03,4.480207e-02,6.849145e-02,1.142381e-04,-1.755432e-04,1.171546e-03
768.440,-2.518019e-05,2.296911e-05,-2.325266e-04,1.711450e-03,-2.078933e-04,8.251543e-03,8.388709e-03,4.480667e-02,6.844506e-02,1.141656e-04,-1.754866e-04,1.170887e-03
768.640,-2.516371e-05,2.295417e-05,-2.323761e-04,1.711148e-03,-2.073984e-04,8.245849e-03,8.383686e-03,4.481126e-02,6.839869e-02,1.140931e-04,-1.754301e-04,1.170228e-03
768.840,-2.514724e-05,2.293923e-05,-2.322257e-04,1.710845e-03,-2.069039e-04,8.240159e-03,8.378668e-03,4.481585e-02,6.835235e-02,1.140206e-04,-1.753737e-04,1.169570e-03
769.040,-2.513078e-05,2.292431e-05,-2.320754e-04,1.710543e-03,-2.064096e-04,8.234472e-03,8.373652e-03,4.482044e-02,6.830604e-02,1.139482e-04,-1.753173e-04,1.168912e-03
769.240,-2.511433e-05,2.290940e-05,-2.319251e-04,1.710242e-03,-2.059157e-04,8.228789e-03,8.368639e-03,4.482503e-02,6.825977e-02,1.138759e-04,-1.752609e-04,1.168255e-03
769.440,-2.509790e-05,2.289449e-05,-2.317750e-04,1.709940e-03,-2.054221e-04,8.223110e-03,8.363630e-03,4.482961e-02,6.821352e-02,1.138036e-04,-1.752045e-04,1.167598e-03
769.640,-2.508147e-05,2.287959e-05,-2.316250e-04,1.709639e-03,-2.049289e-04,8.217435e-03,8.358625e-03,4.483419e-02,6.816730e-02,1.137314e-04,-1.751482e-04,1.166942e-03
769.840,-2.506505e-05,2.286471e-05,-2.314751e-04,1.709337e-03,-2.044359e-04,8.211763e-03,8.353622e-03,4.483877e-02,6.812111e-02,1.136592e-04,-1.750920e-04,1.166286e-03
770.040,-2.504865e-05,2.284983e-05,-2.313252e-04,1.709036e-03,-2.039433e-04,8.206095e-03,8.348623e-03,4.484334e-02,6.807496e-02,1.135870e-04,-1.750357e-04,1.165630e-03
770.240,-2.503225e-05,2.283497e-05,-2.311755e-04,1.708736e-03,-2.034509e-04,8.200430e-03,8.343627e-03,4.484791e-02,6.802883e-02,1.135149e-04,-1.749795e-04,1.164975e-03
770.440,-2.501587e-05,2.282011e-05,-2.310258e-04,1.708435e-03,-2.029590e-04,8.194770e-03,8.338634e-03,4.485248e-02,6.798273e-02,1.134429e-04,-1.749233e-04,1.164320e-03
770.640,-2.499950e-05,2.280526e-05,-2.308763e-04,1.708135e-03,-2.024673e-04,8.189112e-03,8.333644e-03,4.485705e-02,6.793666e-02,1.133708e-04,-1.748672e-04,1.163666e-03
770.840,-2.498313e-05,2.279042e-05,-2.307269e-04,1.707834e-03,-2.019759e-04,8.183459e-03,8.328658e-03,4.486161e-02,6.789062e-02,1.132989e-04,-1.748111e-04,1.163012e-03
771.040,-2.496678e-05,2.277560e-05,-2.305775e-04,1.707534e-03,-2.014849e-04,8.177809e-03,8.323675e-03,4.486617e-02,6.784461e-02,1.132270e-04,-1.747551e-04,1.162358e-03
771.240,-2.495044e-05,2.276078e-05,-2.304283e-04,1.707234e-03,-2.009942e-04,8.172163e-03,8.318695e-03,4.487072e-02,6.779863e-02,1.131551e-04,-1.746990e-04,1.161705e-03
771.440,-2.493411e-05,2.274597e-05,-2.302791e-04,1.706935e-03,-2.005038e-04,8.166520e-03,8.313719e-03,4.487528e-02,6.775268e-02,1.130833e-04,-1.746431e-04,1.161053e-03
771.640,-2.491779e-05,2.273117e-05,-2.301300e-04,1.706635e-03,-2.000137e-04,8.160882e-03,8.308746e-03,4.487983e-02,6.770677e-02,1.130115e-04,-1.745871e-04,1.160400e-03
771.840,-2.490148e-05,2.271638e-05,-2.299811e-04,1.706336e-03,-1.995239e-04,8.155246e-03,8.303776e-03,4.488437e-02,6.766088e-02,1.129398e-04,-1.745312e-04,1.159748e-03
772.040,-2.488518e-05,2.270160e-05,-2.298322e-04,1.706037e-03,-1.990345e-04,8.149615e-03,8.298809e-03,4.488892e-02,6.761502e-02,1.128681e-04,-1.744754e-04,1.159097e-03
772.240,-2.486889e-05,2.268683e-05,-2.296834e-04,1.705738e-03,-1.985453e-04,8.143987e-03,8.293846e-03,4.489346e-02,6.756918e-02,1.127964e-04,-1.744195e-04,1.158446e-03
772.440,-2.485262e-05,2.267207e-05,-2.295348e-04,1.705440e-03,-1.980565e-04,8.138363e-03,8.288886e-03,4.489800e-02,6.752338e-02,1.127249e-04,-1.743637e-04,1.157796e-03
772.640,-2.483635e-05,2.265732e-05,-2.293862e-04,1.705141e-03,-1.975680e-04,8.132742e-03,8.283929e-03,4.490253e-02,6.747761e-02,1.126533e-04,-1.743080e-04,1.157145e-03
772.840,-2.482010e-05,2.264258e-05,-2.292377e-04,1.704843e-03,-1.970798e-04,8.127125e-03,8.278975e-03,4.490707e-02,6.743187e-02,1.125818e-04,-1.742523e-04,1.156496e-03
773.040,-2.480385e-05,2.262785e-05,-2.290893e-04,1.704545e-03,-1.965920e-04,8.121512e-03,8.274024e-03,4.491160e-02,6.738616e-02,1.125104e-04,-1.741966e-04,1.155846e-03
773.240,-2.478762e-05,2.261312e-05,-2.289410e-04,1.704247e-03,-1.961044e-04,8.115902e-03,8.269077e-03,4.491612e-02,6.734048e-02,1.124390e-04,-1.741409e-04,1.155198e-03
773.440,-2.477139e-05,2.259841e-05,-2.287929e-04,1.703949e-03,-1.956172e-04,8.110296e-03,8.264133e-03,4.492065e-02,6.729482e-02,1.123676e-04,-1.740853e-04,1.154549e-03
773.640,-2.475518e-05,2.258371e-05,-2.286448e-04,1.703652e-03,-1.951303e-04,8.104693e-03,8.259192e-03,4.492517e-02,6.724920e-02,1.122963e-04,-1.740298e-04,1.153901e-03
773.840,-2.473898e-05,2.256901e-05,-2.284968e-04,1.703354e-03,-1.946437e-04,8.099094e-03,8.254255e-03,4.492968e-02,6.720361e-02,1.122250e-04,-1.739742e-04,1.153253e-03
774.040,-2.472278e-05,2.255433e-05,-2.283488e-04,1.703057e-03,-1.941574e-04,8.093499e-03,8.249321e-03,4.493420e-02,6.715804e-02,1.121538e-04,-1.739187e-04,1.152606e-03
774.240,-2.470660e-05,2.253965e-05,-2.282010e-04,1.702760e-03,-1.936714e-04,8.087908e-03,8.244390e-03,4.493871e-02,6.711251e-02,1.120826e-04,-1.738632e-04,1.151959e-03
774.440,-2.469043e-05,2.252499e-05,-2.280533e-04,1.702464e-03,-1.931857e-04,8.082320e-03,8.239462e-03,4.494322e-02,6.706700e-02,1.120115e-04,-1.738078e-04,1.151313e-03
774.640,-2.467427e-05,2.251033e-05,-2.279057e-04,1.702167e-03,-1.927004e-04,8.076735e-03,8.234537e-03,4.494773e-02,6.702153e-02,1.119404e-04,-1.737524e-04,1.150667e-03
774.840,-2.465812e-05,2.249569e-05,-2.277582e-04,1.701871e-03,-1.922154e-04,8.071154e-03,8.229616e-03,4.495223e-02,6.697608e-02,1.118694e-04,-1.736971e-04,1.150022e-03
775.040,-2.464198e-05,2.248105e-05,-2.276108e-04,1.701575e-03,-1.917307e-04,8.065577e-03,8.224697e-03,4.495673e-02,6.693066e-02,1.117984e-04,-1.736418e-04,1.149377e-03
775.240,-2.462585e-05,2.246642e-05,-2.274634e-04,1.701279e-03,-1.912463e-04,8.060004e-03,8.219783e-03,4.496123e-02,6.688527e-02,1.117275e-04,-1.735865e-04,1.148732e-03
775.440,-2.460974e-05,2.245181e-05,-2.273162e-04,1.700983e-03,-1.907622e-04,8.054434e-03,8.214871e-03,4.496572e-02,6.683992e-02,1.116566e-04,-1.735312e-04,1.148088e-03
775.640,-2.459363e-05,2.243720e-05,-2.271690e-04,1.700687e-03,-1.902784e-04,8.048868e-03,8.209962e-03,4.497021e-02,6.679459e-02,1.115857e-04,-1.734760e-04,1.147444e-03
775.840,-2.457753e-05,2.242260e-05,-2.270220e-04,1.700392e-03,-1.897950e-04,8.043305e-03,8.205057e-03,4.497470e-02,6.674929e-02,1.115149e-04,-1.734209e-04,1.146800e-03
776.040,-2.456145e-05,2.240801e-05,-2.268750e-04,1.700097e-03,-1.893118e-04,8.037746e-03,8.200155e-03,4.497919e-02,6.670402e-02,1.114442e-04,-1.733657e-04,1.146157e-03
776.240,-2.454537e-05,2.239343e-05,-2.267282e-04,1.699802e-03,-1.888290e-04,8.032190e-03,8.195256e-03,4.498367e-02,6.665878e-02,1.113735e-04,-1.733106e-04,1.145515e-03
776.440,-2.452931e-05,2.237886e-05,-2.265814e-04,1.699507e-03,-1.883465e-04,8.026638e-03,8.190360e-03,4.498815e-02,6.661356e-02,1.113028e-04,-1.732556e-04,1.144872e-03
776.640,-2.451325e-05,2.236430e-05,-2.264348e-04,1.699213e-03,-1.878643e-04,8.021090e-03,8.185468e-03,4.499263e-02,6.656838e-02,1.112322e-04,-1.732005e-04,1.144231e-03
776.840,-2.449721e-05,2.234975e-05,-2.262882e-04,1.698918e-03,-1.873824e-04,8.015545e-03,8.180578e-03,4.499710e-02,6.652323e-02,1.111616e-04,-1.731455e-04,1.143589e-03
777.040,-2.448117e-05,2.233521e-05,-2.261417e-04,1.698624e-03,-1.869008e-04,8.010004e-03,8.175692e-03,4.500157e-02,6.647810e-02,1.110911e-04,-1.730906e-04,1.142948e-03
777.240,-2.446515e-05,2.232067e-05,-2.259953e-04,1.698330e-03,-1.864196e-04,8.004466e-03,8.170809e-03,4.500604e-02,6.643301e-02,1.110206e-04,-1.730357e-04,1.142308e-03
777.440,-2.444914e-05,2.230615e-05,-2.258490e-04,1.698036e-03,-1.859386e-04,7.998932e-03,8.165930e-03,4.501050e-02,6.638794e-02,1.109502e-04,-1.729808e-04,1.141668e-03
777.640,-2.443314e-05,2.229164e-05,-2.257028e-04,1.697742e-03,-1.854580e-04,7.993402e-03,8.161053e-03,4.501497e-02,6.634291e-02,1.108798e-04,-1.729260e-04,1.141028e-03
777.840,-2.441714e-05,2.227713e-05,-2.255568e-04,1.697449e-03,-1.849776e-04,7.987875e-03,8.156180e-03,4.501943e-02,6.629790e-02,1.108094e-04,-1.728712e-04,1.140389e-03
778.040,-2.440116e-05,2.226264e-05,-2.254107e-04,1.697156e-03,-1.844976e-04,7.982352e-03,8.151310e-03,4.502388e-02,6.625292e-02,1.107391e-04,-1.728164e-04,1.139750e-03
778.240,-2.438519e-05,2.224815e-05,-2.252648e-04,1.696863e-03,-1.840179e-04,7.976832e-03,8.146443e-03,4.502834e-02,6.620797e-02,1.106689e-04,-1.727616e-04,1.139111e-03
778.440,-2.436923e-05,2.223368e-05,-2.251190e-04,1.696570e-03,-1.835385e-04,7.971316e-03,8.141579e-03,4.503279e-02,6.616305e-02,1.105987e-04,-1.727069e-04,1.138473e-03
778.640,-2.435328e-05,2.221921e-05,-2.249733e-04,1.696277e-03,-1.830594e-04,7.965803e-03,8.136718e-03,4.503723e-02,6.611816e-02,1.105285e-04,-1.726523e-04,1.137836e-03
778.840,-2.433734e-05,2.220475e-05,-2.248277e-04,1.695985e-03,-1.825807e-04,7.960294e-03,8.131861e-03,4.504168e-02,6.607330e-02,1.104584e-04,-1.725977e-04,1.137198e-03
779.040,-2.432141e-05,2.219030e-05,-2.246821e-04,1.695692e-03,-1.821022e-04,7.954789e-03,8.127007e-03,4.504612e-02,6.602847e-02,1.103883e-04,-1.725431e-04,1.136562e-03
779.240,-2.430549e-05,2.217587e-05,-2.245367e-04,1.695400e-03,-1.816240e-04,7.949287e-03,8.122156e-03,4.505056e-02,6.598366e-02,1.103183e-04,-1.724885e-04,1.135925e-03
779.440,-2.428959e-05,2.216144e-05,-2.243914e-04,1.695108e-03,-1.811462e-04,7.943789e-03,8.117308e-03,4.505500e-02,6.593889e-02,1.102483e-04,-1.724340e-04,1.135289e-03
779.640,-2.427369e-05,2.214702e-05,-2.242461e-04,1.694817e-03,-1.806687e-04,7.938294e-03,8.112463e-03,4.505943e-02,6.589414e-02,1.101784e-04,-1.723795e-04,1.134654e-03
779.840,-2.425780e-05,2.213261e-05,-2.241010e-04,1.694525e-03,-1.801914e-04,7.932803e-03,8.107621e-03,4.506386e-02,6.584942e-02,1.101085e-04,-1.723251e-04,1.134019e-03
780.040,-2.424192e-05,2.211821e-05,-2.239559e-04,1.694234e-03,-1.797145e-04,7.927315e-03,8.102783e-03,4.506829e-02,6.580474e-02,1.100387e-04,-1.722706e-04,1.133384e-03
780.240,-2.422606e-05,2.210381e-05,-2.238109e-04,1.693942e-03,-1.792379e-04,7.921831e-03,8.097948e-03,4.507271e-02,6.576008e-02,1.099689e-04,-1.722163e-04,1.132749e-03
780.440,-2.421020e-05,2.208943e-05,-2.236661e-04,1.693652e-03,-1.787616e-04,7.916351e-03,8.093116e-03,4.507714e-02,6.571545e-02,1.098991e-04,-1.721619e-04,1.132116e-03
780.640,-2.419436e-05,2.207506e-05,-2.235213e-04,1.693361e-03,-1.782856e-04,7.910874e-03,8.088287e-03,4.508155e-02,6.567084e-02,1.098294e-04,-1.721076e-04,1.131482e-03
780.840,-2.417852e-05,2.206069e-05,-2.233766e-04,1.693070e-03,-1.778100e-04,7.905400e-03,8.083461e-03,4.508597e-02,6.562627e-02,1.097597e-04,-1.720534e-04,1.130849e-03
781.040,-2.416270e-05,2.204634e-05,-2.232320e-04,1.692780e-03,-1.773346e-04,7.899930e-03,8.078638e-03,4.509038e-02,6.558173e-02,1.096901e-04,-1.719991e-04,1.130216e-03
781.240,-2.414688e-05,2.203200e-05,-2.230875e-04,1.692490e-03,-1.768595e-04,7.894464e-03,8.073819e-03,4.509479e-02,6.553721e-02,1.096206e-04,-1.719449e-04,1.129584e-03
781.440,-2.413108e-05,2.201766e-05,-2.229431e-04,1.692199e-03,-1.763848e-04,7.889001e-03,8.069003e-03,4.509920e-02,6.549273e-02,1.095510e-04,-1.718907e-04,1.128952e-03
781.640,-2.411528e-05,2.200333e-05,-2.227988e-04,1.691910e-03,-1.759103e-04,7.883542e-03,8.064190e-03,4.510361e-02,6.544827e-02,1.094816e-04,-1.718366e-04,1.128320e-03
781.840,-2.409950e-05,2.198902e-05,-2.226546e-04,1.691620e-03,-1.754362e-04,7.878086e-03,8.059380e-03,4.510801e-02,6.540384e-02,1.094121e-04,-1.717825e-04,1.127689e-03
782.040,-2.408373e-05,2.197471e-05,-2.225104e-04,1.691331e-03,-1.749624e-04,7.872634e-03,8.054573e-03,4.511241e-02,6.535944e-02,1.093427e-04,-1.717285e-04,1.127059e-03
782.240,-2.406796e-05,2.196041e-05,-2.223664e-04,1.691041e-03,-1.744888e-04,7.867185e-03,8.049769e-03,4.511680e-02,6.531507e-02,1.092734e-04,-1.716745e-04,1.126429e-03
782.440,-2.405221e-05,2.194612e-05,-2.222225e-04,1.690752e-03,-1.740156e-04,7.861740e-03,8.044969e-03,4.512120e-02,6.527073e-02,1.092041e-04,-1.716205e-04,1.125799e-03
782.640,-2.403647e-05,2.193184e-05,-2.220786e-04,1.690463e-03,-1.735427e-04,7.856298e-03,8.040171e-03,4.512559e-02,6.522641e-02,1.091348e-04,-1.715665e-04,1.125169e-03
782.840,-2.402074e-05,2.191757e-05,-2.219349e-04,1.690175e-03,-1.730701e-04,7.850860e-03,8.035377e-03,4.512998e-02,6.518213e-02,1.090656e-04,-1.715126e-04,1.124540e-03
783.040,-2.400502e-05,2.190331e-05,-2.217912e-04,1.689886e-03,-1.725978e-04,7.845425e-03,8.030586e-03,4.513436e-02,6.513787e-02,1.089965e-04,-1.714587e-04,1.123912e-03
783.240,-2.398930e-05,2.188906e-05,-2.216476e-04,1.689598e-03,-1.721258e-04,7.839994e-03,8.025798e-03,4.513874e-02,6.509364e-02,1.089273e-04,-1.714049e-04,1.123283e-03
783.440,-2.397360e-05,2.187481e-05,-2.215042e-04,1.689310e-03,-1.716541e-04,7.834567e-03,8.021013e-03,4.514312e-02,6.504944e-02,1.088583e-04,-1.713511e-04,1.122656e-03
783.640,-2.395791e-05,2.186058e-05,-2.213608e-04,1.689022e-03,-1.711828e-04,7.829143e-03,8.016231e-03,4.514750e-02,6.500527e-02,1.087892e-04,-1.712973e-04,1.122028e-03
783.840,-2.394223e-05,2.184635e-05,-2.212175e-04,1.688734e-03,-1.707117e-04,7.823722e-03,8.011453e-03,4.515187e-02,6.496113e-02,1.087203e-04,-1.712436e-04,1.121401e-03
784.040,-2.392656e-05,2.183214e-05,-2.210743e-04,1.688446e-03,-1.702409e-04,7.818305e-03,8.006677e-03,4.515624e-02,6.491702e-02,1.086513e-04,-1.711899e-04,1.120775e-03
784.240,-2.391090e-05,2.181793e-05,-2.209312e-04,1.688159e-03,-1.697705e-04,7.812892e-03,8.001905e-03,4.516061e-02,6.487293e-02,1.085824e-04,-1.711362e-04,1.120148e-03
784.440,-2.389525e-05,2.180374e-05,-2.207882e-04,1.687872e-03,-1.693003e-04,7.807481e-03,7.997136e-03,4.516497e-02,6.482888e-02,1.085136e-04,-1.710826e-04,1.119523e-03
784.640,-2.387961e-05,2.178955e-05,-2.206453e-04,1.687585e-03,-1.688305e-04,7.802075e-03,7.992369e-03,4.516933e-02,6.478485e-02,1.084448e-04,-1.710290e-04,1.118897e-03
784.840,-2.386398e-05,2.177537e-05,-2.205024e-04,1.687298e-03,-1.683609e-04,7.796672e-03,7.987606e-03,4.517369e-02,6.474085e-02,1.083760e-04,-1.709755e-04,1.118272e-03
785.040,-2.384837e-05,2.176120e-05,-2.203597e-04,1.687011e-03,-1.678917e-04,7.791272e-03,7.982847e-03,4.517805e-02,6.469688e-02,1.083073e-04,-1.709219e-04,1.117648e-03
785.240,-2.383276e-05,2.174704e-05,-2.202171e-04,1.686725e-03,-1.674227e-04,7.785876e-03,7.978090e-03,4.518240e-02,6.465294e-02,1.082386e-04,-1.708684e-04,1.117023e-03
785.440,-2.381716e-05,2.173289e-05,-2.200745e-04,1.686439e-03,-1.669541e-04,7.780484e-03,7.973336e-03,4.518675e-02,6.460902e-02,1.081700e-04,-1.708150e-04,1.116400e-03
785.640,-2.380157e-05,2.171875e-05,-2.199321e-04,1.686152e-03,-1.664858e-04,7.775095e-03,7.968586e-03,4.519110e-02,6.456514e-02,1.081014e-04,-1.707616e-04,1.115776e-03
785.840,-2.378599e-05,2.170462e-05,-2.197897e-04,1.685867e-03,-1.660177e-04,7.769709e-03,7.963838e-03,4.519545e-02,6.452128e-02,1.080329e-04,-1.707082e-04,1.115153e-03
786.040,-2.377042e-05,2.169049e-05,-2.196474e-04,1.685581e-03,-1.655500e-04,7.764327e-03,7.959094e-03,4.519979e-02,6.447745e-02,1.079644e-04,-1.706549e-04,1.114531e-03
786.240,-2.375487e-05,2.167638e-05,-2.195052e-04,1.685295e-03,-1.650826e-04,7.758948e-03,7.954353e-03,4.520413e-02,6.443365e-02,1.078960e-04,-1.706016e-04,1.113909e-03
786.440,-2.373932e-05,2.166227e-05,-2.193632e-04,1.685010e-03,-1.646155e-04,7.753573e-03,7.949614e-03,4.520847e-02,6.438988e-02,1.078275e-04,-1.705483e-04,1.113287e-03
786.640,-2.372378e-05,2.164818e-05,-2.192212e-04,1.684725e-03,-1.641487e-04,7.748201e-03,7.944879e-03,4.521280e-02,6.434613e-02,1.077592e-04,-1.704951e-04,1.112666e-03
786.840,-2.370825e-05,2.163409e-05,-2.190793e-04,1.684440e-03,-1.636821e-04,7.742833e-03,7.940147e-03,4.521713e-02,6.430242e-02,1.076909e-04,-1.704418e-04,1.112045e-03
787.040,-2.369274e-05,2.162001e-05,-2.189374e-04,1.684155e-03,-1.632159e-04,7.737469e-03,7.935419e-03,4.522146e-02,6.425873e-02,1.076226e-04,-1.703887e-04,1.111424e-03
787.240,-2.367723e-05,2.160594e-05,-2.187957e-04,1.683870e-03,-1.627500e-04,7.732107e-03,7.930693e-03,4.522578e-02,6.421507e-02,1.075544e-04,-1.703355e-04,1.110804e-03
787.440,-2.366173e-05,2.159189e-05,-2.186541e-04,1.683586e-03,-1.622844e-04,7.726749e-03,7.925970e-03,4.523011e-02,6.417144e-02,1.074862e-04,-1.702824e-04,1.110184e-03
787.640,-2.364625e-05,2.157784e-05,-2.185126e-04,1.683302e-03,-1.618191e-04,7.721395e-03,7.921251e-03,4.523443e-02,6.412784e-02,1.074181e-04,-1.702294e-04,1.109565e-03
787.840,-2.363077e-05,2.156379e-05,-2.183711e-04,1.683018e-03,-1.613541e-04,7.716044e-03,7.916534e-03,4.523874e-02,6.408426e-02,1.073500e-04,-1.701763e-04,1.108946e-03
788.040,-2.361530e-05,2.154976e-05,-2.182298e-04,1.682734e-03,-1.608894e-04,7.710697e-03,7.911821e-03,4.524306e-02,6.404072e-02,1.072819e-04,-1.701233e-04,1.108327e-03
788.240,-2.359985e-05,2.153574e-05,-2.180885e-04,1.682450e-03,-1.604250e-04,7.705353e-03,7.907110e-03,4.524737e-02,6.399720e-02,1.072139e-04,-1.700704e-04,1.107709e-03
788.440,-2.358440e-05,2.152173e-05,-2.179473e-04,1.682167e-03,-1.599609e-04,7.700013e-03,7.902403e-03,4.525168e-02,6.395371e-02,1.071460e-04,-1.700175e-04,1.107092e-03
788.640,-2.356897e-05,2.150772e-05,-2.178062e-04,1.681884e-03,-1.594971e-04,7.694676e-03,7.897699e-03,4.525598e-02,6.391025e-02,1.070781e-04,-1.699646e-04,1.106474e-03
788.840,-2.355354e-05,2.149373e-05,-2.176653e-04,1.681600e-03,-1.590336e-04,7.689342e-03,7.892998e-03,4.526028e-02,6.386682e-02,1.070102e-04,-1.699117e-04,1.105857e-03
789.040,-2.353813e-05,2.147974e-05,-2.175244e-04,1.681317e-03,-1.585704e-04,7.684012e-03,7.888300e-03,4.526458e-02,6.382341e-02,1.069424e-04,-1.698589e-04,1.105241e-03
789.240,-2.352272e-05,2.146576e-05,-2.173835e-04,1.681035e-03,-1.581076e-04,7.678685e-03,7.883605e-03,4.526888e-02,6.378003e-02,1.068746e-04,-1.698061e-04,1.104625e-03
789.440,-2.350732e-05,2.145179e-05,-2.172428e-04,1.680752e-03,-1.576450e-04,7.673362e-03,7.878913e-03,4.527318e-02,6.373668e-02,1.068068e-04,-1.697533e-04,1.104009e-03
789.640,-2.349194e-05,2.143783e-05,-2.171022e-04,1.680470e-03,-1.571827e-04,7.668042e-03,7.874224e-03,4.527747e-02,6.369336e-02,1.067391e-04,-1.697007e-04,1.103393e-03
789.840,-2.347656e-05,2.142388e-05,-2.169617e-04,1.680188e-03,-1.567207e-04,7.662726e-03,7.869539e-03,4.528176e-02,6.365007e-02,1.066715e-04,-1.696480e-04,1.102779e-03
790.040,-2.346120e-05,2.140994e-05,-2.168212e-04,1.679906e-03,-1.562590e-04,7.657413e-03,7.864856e-03,4.528604e-02,6.360680e-02,1.066039e-04,-1.695953e-04,1.102164e-03
790.240,-2.344584e-05,2.139601e-05,-2.166809e-04,1.679624e-03,-1.557976e-04,7.652104e-03,7.860176e-03,4.529033e-02,6.356357e-02,1.065363e-04,-1.695427e-04,1.101550e-03
790.440,-2.343050e-05,2.138209e-05,-2.165406e-04,1.679342e-03,-1.553365e-04,7.646797e-03,7.855500e-03,4.529461e-02,6.352036e-02,1.064688e-04,-1.694901e-04,1.100936e-03
790.640,-2.341516e-05,2.136817e-05,-2.164005e-04,1.679061e-03,-1.548757e-04,7.641495e-03,7.850826e-03,4.529888e-02,6.347718e-02,1.064013e-04,-1.694376e-04,1.100323e-03
790.840,-2.339984e-05,2.135427e-05,-2.162604e-04,1.678779e-03,-1.544152e-04,7.636196e-03,7.846156e-03,4.530316e-02,6.343402e-02,1.063339e-04,-1.693851e-04,1.099710e-03
791.040,-2.338452e-05,2.134037e-05,-2.161204e-04,1.678498e-03,-1.539550e-04,7.630900e-03,7.841489e-03,4.530743e-02,6.339090e-02,1.062665e-04,-1.693326e-04,1.099097e-03
791.240,-2.336922e-05,2.132649e-05,-2.159805e-04,1.678217e-03,-1.534951e-04,7.625608e-03,7.836824e-03,4.531170e-02,6.334780e-02,1.061992e-04,-1.692802e-04,1.098485e-03
791.440,-2.335392e-05,2.131261e-05,-2.158407e-04,1.677937e-03,-1.530355e-04,7.620319e-03,7.832163e-03,4.531597e-02,6.330473e-02,1.061319e-04,-1.692277e-04,1.097873e-03
791.640,-2.333864e-05,2.129874e-05,-2.157010e-04,1.677656e-03,-1.525762e-04,7.615033e-03,7.827505e-03,4.532023e-02,6.326169e-02,1.060646e-04,-1.691754e-04,1.097262e-03
791.840,-2.332336e-05,2.128488e-05,-2.155613e-04,1.677376e-03,-1.521172e-04,7.609751e-03,7.822850e-03,4.532449e-02,6.321867e-02,1.059974e-04,-1.691231e-04,1.096651e-03
792.040,-2.330810e-05,2.127103e-05,-2.154218e-04,1.677096e-03,-1.516585e-04,7.604473e-03,7.818198e-03,4.532875e-02,6.317569e-02,1.059302e-04,-1.690708e-04,1.096040e-03
792.240,-2.329284e-05,2.125719e-05,-2.152824e-04,1.676816e-03,-1.512001e-04,7.599198e-03,7.813549e-03,4.533301e-02,6.313273e-02,1.058631e-04,-1.690185e-04,1.095430e-03
792.440,-2.327760e-05,2.124335e-05,-2.151430e-04,1.676536e-03,-1.507419e-04,7.593926e-03,7.808903e-03,4.533726e-02,6.308980e-02,1.057960e-04,-1.689663e-04,1.094820e-03
792.640,-2.326236e-05,2.122953e-05,-2.150037e-04,1.676256e-03,-1.502841e-04,7.588657e-03,7.804260e-03,4.534151e-02,6.304690e-02,1.057290e-04,-1.689140e-04,1.094211e-03
792.840,-2.324714e-05,2.121571e-05,-2.148646e-04,1.675977e-03,-1.498266e-04,7.583392e-03,7.799620e-03,4.534576e-02,6.300402e-02,1.056620e-04,-1.688619e-04,1.093602e-03
793.040,-2.323192e-05,2.120191e-05,-2.147255e-04,1.675697e-03,-1.493694e-04,7.578131e-03,7.794983e-03,4.535000e-02,6.296117e-02,1.055951e-04,-1.688098e-04,1.092993e-03
793.240,-2.321672e-05,2.118811e-05,-2.145865e-04,1.675418e-03,-1.489124e-04,7.572873e-03,7.790349e-03,4.535424e-02,6.291835e-02,1.055282e-04,-1.687577e-04,1.092385e-03
793.440,-2.320152e-05,2.117432e-05,-2.144476e-04,1.675140e-03,-1.484558e-04,7.567618e-03,7.785718e-03,4.535848e-02,6.287556e-02,1.054613e-04,-1.687056e-04,1.091777e-03
793.640,-2.318634e-05,2.116054e-05,-2.143087e-04,1.674861e-03,-1.479995e-04,7.562367e-03,7.781090e-03,4.536272e-02,6.283280e-02,1.053945e-04,-1.686536e-04,1.091170e-03
793.840,-2.317116e-05,2.114677e-05,-2.141700e-04,1.674582e-03,-1.475434e-04,7.557119e-03,7.776465e-03,4.536695e-02,6.279006e-02,1.053277e-04,-1.686016e-04,1.090563e-03
794.040,-2.315600e-05,2.113301e-05,-2.140314e-04,1.674304e-03,-1.470877e-04,7.551874e-03,7.771844e-03,4.537118e-02,6.274735e-02,1.052610e-04,-1.685496e-04,1.089956e-03
794.240,-2.314084e-05,2.111926e-05,-2.138928e-04,1.674026e-03,-1.466322e-04,7.546633e-03,7.767225e-03,4.537541e-02,6.270467e-02,1.051943e-04,-1.684977e-04,1.089350e-03
794.440,-2.312570e-05,2.110552e-05,-2.137544e-04,1.673748e-03,-1.461771e-04,7.541395e-03,7.762609e-03,4.537963e-02,6.266202e-02,1.051276e-04,-1.684458e-04,1.088744e-03
794.640,-2.311056e-05,2.109178e-05,-2.136160e-04,1.673470e-03,-1.457222e-04,7.536161e-03,7.757996e-03,4.538386e-02,6.261939e-02,1.050610e-04,-1.683940e-04,1.088138e-03
794.840,-2.309544e-05,2.107806e-05,-2.134777e-04,1.673192e-03,-1.452677e-04,7.530930e-03,7.753387e-03,4.538808e-02,6.257679e-02,1.049945e-04,-1.683422e-04,1.087533e-03
795.040,-2.308032e-05,2.106434e-05,-2.133396e-04,1.672915e-03,-1.448134e-04,7.525702e-03,7.748780e-03,4.539229e-02,6.253422e-02,1.049280e-04,-1.682904e-04,1.086929e-03
795.240,-2.306522e-05,2.105063e-05,-2.132015e-04,1.672638e-03,-1.443594e-04,7.520478e-03,7.744176e-03,4.539651e-02,6.249168e-02,1.048615e-04,-1.682386e-04,1.086324e-03
795.440,-2.305012e-05,2.103693e-05,-2.130634e-04,1.672360e-03,-1.439058e-04,7.515257e-03,7.739576e-03,4.540072e-02,6.244916e-02,1.047951e-04,-1.681869e-04,1.085720e-03
795.640,-2.303503e-05,2.102324e-05,-2.129255e-04,1.672084e-03,-1.434524e-04,7.510040e-03,7.734978e-03,4.540493e-02,6.240668e-02,1.047287e-04,-1.681352e-04,1.085117e-03
795.840,-2.301996e-05,2.100956e-05,-2.127877e-04,1.671807e-03,-1.429993e-04,7.504825e-03,7.730383e-03,4.540913e-02,6.236422e-02,1.046624e-04,-1.680836e-04,1.084514e-03
796.040,-2.300489e-05,2.099589e-05,-2.126499e-04,1.671530e-03,-1.425465e-04,7.499615e-03,7.725792e-03,4.541334e-02,6.232178e-02,1.045961e-04,-1.680319e-04,1.083911e-03
796.240,-2.298984e-05,2.098222e-05,-2.125123e-04,1.671254e-03,-1.420940e-04,7.494407e-03,7.721203e-03,4.541754e-02,6.227938e-02,1.045298e-04,-1.679804e-04,1.083309e-03
796.440,-2.297479e-05,2.096857e-05,-2.123747e-04,1.670978e-03,-1.416418e-04,7.489203e-03,7.716618e-03,4.542174e-02,6.223700e-02,1.044636e-04,-1.679288e-04,1.082707e-03
796.640,-2.295975e-05,2.095492e-05,-2.122373e-04,1.670702e-03,-1.411898e-04,7.484003e-03,7.712035e-03,4.542593e-02,6.219465e-02,1.043974e-04,-1.678773e-04,1.082105e-03
796.840,-2.294473e-05,2.094129e-05,-2.120999e-04,1.670426e-03,-1.407382e-04,7.478806e-03,7.707455e-03,4.543012e-02,6.215232e-02,1.043313e-04,-1.678258e-04,1.081504e-03
797.040,-2.292971e-05,2.092766e-05,-2.119626e-04,1.670150e-03,-1.402869e-04,7.473612e-03,7.702879e-03,4.543431e-02,6.211003e-02,1.042652e-04,-1.677744e-04,1.080903e-03
797.240,-2.291470e-05,2.091404e-05,-2.118254e-04,1.669875e-03,-1.398359e-04,7.468421e-03,7.698305e-03,4.543850e-02,6.206776e-02,1.041992e-04,-1.677230e-04,1.080303e-03
797.440,-2.289971e-05,2.090043e-05,-2.116882e-04,1.669600e-03,-1.393851e-04,7.463234e-03,7.693734e-03,4.544268e-02,6.202552e-02,1.041332e-04,-1.676716e-04,1.079703e-03
797.640,-2.288472e-05,2.088683e-05,-2.115512e-04,1.669324e-03,-1.389347e-04,7.458050e-03,7.689167e-03,4.544687e-02,6.198330e-02,1.040672e-04,-1.676202e-04,1.079103e-03
797.840,-2.286974e-05,2.087324e-05,-2.114143e-04,1.669049e-03,-1.384845e-04,7.452870e-03,7.684602e-03,4.545104e-02,6.194112e-02,1.040013e-04,-1.675689e-04,1.078504e-03
798.040,-2.285477e-05,2.085965e-05,-2.112774e-04,1.668775e-03,-1.380346e-04,7.447693e-03,7.680040e-03,4.545522e-02,6.189896e-02,1.039354e-04,-1.675177e-04,1.077905e-03
798.240,-2.283981e-05,2.084608e-05,-2.111407e-04,1.668500e-03,-1.375850e-04,7.442519e-03,7.675482e-03,4.545939e-02,6.185682e-02,1.038696e-04,-1.674664e-04,1.077307e-03
798.440,-2.282487e-05,2.083251e-05,-2.110040e-04,1.668226e-03,-1.371358e-04,7.437348e-03,7.670926e-03,4.546356e-02,6.181472e-02,1.038038e-04,-1.674152e-04,1.076709e-03
798.640,-2.280993e-05,2.081895e-05,-2.108674e-04,1.667952e-03,-1.366868e-04,7.432181e-03,7.666373e-03,4.546773e-02,6.177264e-02,1.037381e-04,-1.673640e-04,1.076111e-03
798.840,-2.279500e-05,2.080541e-05,-2.107309e-04,1.667678e-03,-1.362381e-04,7.427018e-03,7.661824e-03,4.547190e-02,6.173059e-02,1.036724e-04,-1.673129e-04,1.075514e-03
799.040,-2.278008e-05,2.079187e-05,-2.105945e-04,1.667404e-03,-1.357897e-04,7.421857e-03,7.657277e-03,4.547606e-02,6.168857e-02,1.036067e-04,-1.672618e-04,1.074917e-03
799.240,-2.276517e-05,2.077833e-05,-2.104582e-04,1.667130e-03,-1.353415e-04,7.416700e-03,7.652733e-03,4.548022e-02,6.164657e-02,1.035411e-04,-1.672107e-04,1.074320e-03
799.440,-2.275027e-05,2.076481e-05,-2.103219e-04,1.666856e-03,-1.348937e-04,7.411546e-03,7.648192e-03,4.548438e-02,6.160460e-02,1.034756e-04,-1.671597e-04,1.073724e-03
799.640,-2.273538e-05,2.075130e-05,-2.101858e-04,1.666583e-03,-1.344462e-04,7.406396e-03,7.643654e-03,4.548853e-02,6.156266e-02,1.034100e-04,-1.671087e-04,1.073128e-03
799.840,-2.272050e-05,2.073779e-05,-2.100497e-04,1.666310e-03,-1.339989e-04,7.401249e-03,7.639119e-03,4.549268e-02,6.152075e-02,1.033446e-04,-1.670577e-04,1.072533e-03
800.040,-2.270563e-05,2.072430e-05,-2.099137e-04,1.666037e-03,-1.335519e-04,7.396105e-03,7.634587e-03,4.549683e-02,6.147886e-02,1.032791e-04,-1.670068e-04,1.071938e-03
800.240,-2.269077e-05,2.071081e-05,-2.097779e-04,1.665764e-03,-1.331053e-04,7.390965e-03,7.630058e-03,4.550098e-02,6.143700e-02,1.032137e-04,-1.669559e-04,1.071343e-03
800.440,-2.267592e-05,2.069733e-05,-2.096421e-04,1.665492e-03,-1.326589e-04,7.385828e-03,7.625532e-03,4.550512e-02,6.139516e-02,1.031484e-04,-1.669050e-04,1.070749e-03
800.640,-2.266108e-05,2.068386e-05,-2.095064e-04,1.665219e-03,-1.322128e-04,7.380694e-03,7.621009e-03,4.550926e-02,6.135336e-02,1.030831e-04,-1.668541e-04,1.070155e-03
800.840,-2.264625e-05,2.067040e-05,-2.093707e-04,1.664947e-03,-1.317670e-04,7.375564e-03,7.616489e-03,4.551340e-02,6.131158e-02,1.030178e-04,-1.668033e-04,1.069562e-03
801.040,-2.263143e-05,2.065695e-05,-2.092352e-04,1.664675e-03,-1.313215e-04,7.370437e-03,7.611972e-03,4.551754e-02,6.126983e-02,1.029526e-04,-1.667526e-04,1.068969e-03
801.240,-2.261662e-05,2.064351e-05,-2.090998e-04,1.664403e-03,-1.308763e-04,7.365313e-03,7.607458e-03,4.552167e-02,6.122810e-02,1.028874e-04,-1.667018e-04,1.068376e-03
801.440,-2.260181e-05,2.063007e-05,-2.089644e-04,1.664131e-03,-1.304313e-04,7.360192e-03,7.602947e-03,4.552580e-02,6.118640e-02,1.028222e-04,-1.666511e-04,1.067784e-03
801.640,-2.258702e-05,2.061665e-05,-2.088291e-04,1.663860e-03,-1.299867e-04,7.355075e-03,7.598439e-03,4.552993e-02,6.114473e-02,1.027571e-04,-1.666004e-04,1.067192e-03
801.840,-2.257224e-05,2.060323e-05,-2.086940e-04,1.663588e-03,-1.295423e-04,7.349961e-03,7.593933e-03,4.553405e-02,6.110309e-02,1.026921e-04,-1.665498e-04,1.066600e-03
802.040,-2.255747e-05,2.058982e-05,-2.085589e-04,1.663317e-03,-1.290982e-04,7.344851e-03,7.589431e-03,4.553817e-02,6.106147e-02,1.026271e-04,-1.664992e-04,1.066009e-03
802.240,-2.254270e-05,2.057642e-05,-2.084239e-04,1.663046e-03,-1.286545e-04,7.339744e-03,7.584932e-03,4.554229e-02,6.101988e-02,1.025621e-04,-1.664486e-04,1.065418e-03
802.440,-2.252795e-05,2.056303e-05,-2.082889e-04,1.662775e-03,-1.282110e-04,7.334640e-03,7.580435e-03,4.554641e-02,6.097832e-02,1.024971e-04,-1.663981e-04,1.064828e-03
802.640,-2.251321e-05,2.054965e-05,-2.081541e-04,1.662505e-03,-1.277678e-04,7.329539e-03,7.575941e-03,4.555052e-02,6.093678e-02,1.024323e-04,-1.663476e-04,1.064238e-03
802.840,-2.249847e-05,2.053627e-05,-2.080194e-04,1.662234e-03,-1.273248e-04,7.324442e-03,7.571451e-03,4.555464e-02,6.089527e-02,1.023674e-04,-1.662971e-04,1.063648e-03
803.040,-2.248375e-05,2.052291e-05,-2.078847e-04,1.661964e-03,-1.268822e-04,7.319348e-03,7.566963e-03,4.555874e-02,6.085379e-02,1.023026e-04,-1.662467e-04,1.063059e-03
803.240,-2.246903e-05,2.050955e-05,-2.077501e-04,1.661694e-03,-1.264399e-04,7.314257e-03,7.562478e-03,4.556285e-02,6.081233e-02,1.022378e-04,-1.661963e-04,1.062470e-03
803.440,-2.245433e-05,2.049620e-05,-2.076157e-04,1.661424e-03,-1.259978e-04,7.309170e-03,7.557997e-03,4.556695e-02,6.077090e-02,1.021731e-04,-1.661459e-04,1.061882e-03
803.640,-2.243963e-05,2.048286e-05,-2.074813e-04,1.661154e-03,-1.255560e-04,7.304086e-03,7.553518e-03,4.557105e-02,6.072950e-02,1.021084e-04,-1.660956e-04,1.061294e-03
803.840,-2.242494e-05,2.046953e-05,-2.073470e-04,1.660884e-03,-1.251145e-04,7.299005e-03,7.549042e-03,4.557515e-02,6.068812e-02,1.020438e-04,-1.660453e-04,1.060706e-03
804.040,-2.241027e-05,2.045621e-05,-2.072127e-04,1.660615e-03,-1.246733e-04,7.293927e-03,7.544569e-03,4.557925e-02,6.064678e-02,1.019792e-04,-1.659950e-04,1.060119e-03
804.240,-2.239560e-05,2.044290e-05,-2.070786e-04,1.660346e-03,-1.242324e-04,7.288853e-03,7.540099e-03,4.558334e-02,6.060545e-02,1.019147e-04,-1.659448e-04,1.059532e-03
804.440,-2.238094e-05,2.042959e-05,-2.069446e-04,1.660077e-03,-1.237918e-04,7.283782e-03,7.535632e-03,4.558743e-02,6.056416e-02,1.018502e-04,-1.658945e-04,1.058945e-03
804.640,-2.236630e-05,2.041630e-05,-2.068106e-04,1.659808e-03,-1.233515e-04,7.278714e-03,7.531167e-03,4.559152e-02,6.052289e-02,1.017857e-04,-1.658444e-04,1.058359e-03
804.840,-2.235166e-05,2.040301e-05,-2.066767e-04,1.659539e-03,-1.229114e-04,7.273650e-03,7.526706e-03,4.559560e-02,6.048165e-02,1.017213e-04,-1.657942e-04,1.057773e-03
805.040,-2.233703e-05,2.038973e-05,-2.065429e-04,1.659270e-03,-1.224716e-04,7.268589e-03,7.522248e-03,4.559969e-02,6.044043e-02,1.016569e-04,-1.657441e-04,1.057188e-03
805.240,-2.232241e-05,2.037646e-05,-2.064092e-04,1.659002e-03,-1.220321e-04,7.263531e-03,7.517792e-03,4.560376e-02,6.039924e-02,1.015925e-04,-1.656941e-04,1.056603e-03
805.440,-2.230780e-05,2.036320e-05,-2.062756e-04,1.658734e-03,-1.215929e-04,7.258476e-03,7.513340e-03,4.560784e-02,6.035808e-02,1.015282e-04,-1.656440e-04,1.056018e-03
805.640,-2.229320e-05,2.034995e-05,-2.061421e-04,1.658466e-03,-1.211540e-04,7.253425e-03,7.508890e-03,4.561192e-02,6.031695e-02,1.014640e-04,-1.655940e-04,1.055434e-03
805.840,-2.227861e-05,2.033670e-05,-2.060086e-04,1.658198e-03,-1.207154e-04,7.248377e-03,7.504443e-03,4.561599e-02,6.027584e-02,1.013998e-04,-1.655440e-04,1.054850e-03
806.040,-2.226403e-05,2.032347e-05,-2.058753e-04,1.657930e-03,-1.202771e-04,7.243332e-03,7.500000e-03,4.562006e-02,6.023476e-02,1.013356e-04,-1.654941e-04,1.054266e-03
806.240,-2.224946e-05,2.031024e-05,-2.057420e-04,1.657663e-03,-1.198390e-04,7.238290e-03,7.495559e-03,4.562412e-02,6.019370e-02,1.012715e-04,-1.654442e-04,1.053683e-03
806.440,-2.223490e-05,2.029702e-05,-2.056088e-04,1.657396e-03,-1.194012e-04,7.233252e-03,7.491121e-03,4.562819e-02,6.015267e-02,1.012074e-04,-1.653943e-04,1.053100e-03
806.640,-2.222035e-05,2.028381e-05,-2.054757e-04,1.657128e-03,-1.189637e-04,7.228217e-03,7.486685e-03,4.563225e-02,6.011167e-02,1.011433e-04,-1.653445e-04,1.052518e-03
806.840,-2.220580e-05,2.027061e-05,-2.053427e-04,1.656861e-03,-1.185265e-04,7.223185e-03,7.482253e-03,4.563631e-02,6.007069e-02,1.010793e-04,-1.652947e-04,1.051936e-03
807.040,-2.219127e-05,2.025742e-05,-2.052098e-04,1.656595e-03,-1.180896e-04,7.218157e-03,7.477824e-03,4.564036e-02,6.002974e-02,1.010153e-04,-1.652449e-04,1.051354e-03
807.240,-2.217675e-05,2.024423e-05,-2.050770e-04,1.656328e-03,-1.176529e-04,7.213132e-03,7.473398e-03,4.564441e-02,5.998882e-02,1.009514e-04,-1.651951e-04,1.050773e-03
807.440,-2.216223e-05,2.023106e-05,-2.049442e-04,1.656061e-03,-1.172166e-04,7.208110e-03,7.468974e-03,4.564846e-02,5.994792e-02,1.008875e-04,-1.651454e-04,1.050192e-03
807.640,-2.214773e-05,2.021789e-05,-2.048115e-04,1.655795e-03,-1.167805e-04,7.203091e-03,7.464553e-03,4.565251e-02,5.990705e-02,1.008237e-04,-1.650957e-04,1.049611e-03
807.840,-2.213323e-05,2.020473e-05,-2.046790e-04,1.655529e-03,-1.163447e-04,7.198075e-03,7.460136e-03,4.565656e-02,5.986621e-02,1.007599e-04,-1.650461e-04,1.049031e-03
808.040,-2.211875e-05,2.019158e-05,-2.045465e-04,1.655263e-03,-1.159092e-04,7.193063e-03,7.455721e-03,4.566060e-02,5.982539e-02,1.006961e-04,-1.649965e-04,1.048451e-03
808.240,-2.210427e-05,2.017844e-05,-2.044141e-04,1.654997e-03,-1.154740e-04,7.188054e-03,7.451309e-03,4.566464e-02,5.978460e-02,1.006324e-04,-1.649469e-04,1.047872e-03
808.440,-2.208981e-05,2.016531e-05,-2.042817e-04,1.654732e-03,-1.150390e-04,7.183048e-03,7.446900e-03,4.566868e-02,5.974384e-02,1.005687e-04,-1.648973e-04,1.047293e-03
808.640,-2.207535e-05,2.015218e-05,-2.041495e-04,1.654466e-03,-1.146043e-04,7.178046e-03,7.442494e-03,4.567271e-02,5.970310e-02,1.005051e-04,-1.648478e-04,1.046714e-03
808.840,-2.206090e-05,2.013907e-05,-2.040173e-04,1.654201e-03,-1.141700e-04,7.173046e-03,7.438090e-03,4.567674e-02,5.966239e-02,1.004415e-04,-1.647984e-04,1.046136e-03
809.040,-2.204646e-05,2.012596e-05,-2.038853e-04,1.653936e-03,-1.137359e-04,7.168050e-03,7.433690e-03,4.568077e-02,5.962170e-02,1.003780e-04,-1.647489e-04,1.045558e-03
809.240,-2.203203e-05,2.011286e-05,-2.037533e-04,1.653671e-03,-1.133020e-04,7.163058e-03,7.429292e-03,4.568480e-02,5.958104e-02,1.003145e-04,-1.646995e-04,1.044980e-03
809.440,-2.201762e-05,2.009977e-05,-2.036214e-04,1.653406e-03,-1.128685e-04,7.158068e-03,7.424898e-03,4.568882e-02,5.954041e-02,1.002510e-04,-1.646501e-04,1.044403e-03
809.640,-2.200321e-05,2.008669e-05,-2.034896e-04,1.653142e-03,-1.124352e-04,7.153082e-03,7.420506e-03,4.569285e-02,5.949981e-02,1.001876e-04,-1.646007e-04,1.043826e-03
809.840,-2.198881e-05,2.007361e-05,-2.033579e-04,1.652877e-03,-1.120023e-04,7.148098e-03,7.416117e-03,4.569686e-02,5.945923e-02,1.001242e-04,-1.645514e-04,1.043250e-03
810.040,-2.197441e-05,2.006055e-05,-2.032262e-04,1.652613e-03,-1.115696e-04,7.143119e-03,7.411731e-03,4.570088e-02,5.941867e-02,1.000608e-04,-1.645021e-04,1.042674e-03
810.240,-2.196003e-05,2.004749e-05,-2.030947e-04,1.652349e-03,-1.111371e-04,7.138142e-03,7.407348e-03,4.570489e-02,5.937814e-02,9.999753e-05,-1.644529e-04,1.042098e-03
810.440,-2.194566e-05,2.003444e-05,-2.029632e-04,1.652085e-03,-1.107050e-04,7.133168e-03,7.402967e-03,4.570891e-02,5.933764e-02,9.993427e-05,-1.644036e-04,1.041523e-03
810.640,-2.193130e-05,2.002141e-05,-2.028318e-04,1.651822e-03,-1.102731e-04,7.128198e-03,7.398590e-03,4.571291e-02,5.929717e-02,9.987105e-05,-1.643545e-04,1.040948e-03
810.840,-2.191695e-05,2.000837e-05,-2.027005e-04,1.651558e-03,-1.098416e-04,7.123231e-03,7.394215e-03,4.571692e-02,5.925672e-02,9.980787e-05,-1.643053e-04,1.040373e-03
811.040,-2.190260e-05,1.999535e-05,-2.025693e-04,1.651295e-03,-1.094103e-04,7.118267e-03,7.389844e-03,4.572092e-02,5.921630e-02,9.974473e-05,-1.642562e-04,1.039799e-03
811.240,-2.188827e-05,1.998234e-05,-2.024382e-04,1.651032e-03,-1.089793e-04,7.113307e-03,7.385475e-03,4.572492e-02,5.917590e-02,9.968164e-05,-1.642071e-04,1.039225e-03
811.440,-2.187394e-05,1.996933e-05,-2.023071e-04,1.650769e-03,-1.085485e-04,7.108349e-03,7.381109e-03,4.572892e-02,5.913553e-02,9.961858e-05,-1.641580e-04,1.038652e-03
811.640,-2.185963e-05,1.995633e-05,-2.021761e-04,1.650506e-03,-1.081181e-04,7.103395e-03,7.376746e-03,4.573292e-02,5.909518e-02,9.955557e-05,-1.641090e-04,1.038079e-03
811.840,-2.184532e-05,1.994335e-05,-2.020453e-04,1.650243e-03,-1.076879e-04,7.098444e-03,7.372385e-03,4.573691e-02,5.905487e-02,9.949259e-05,-1.640600e-04,1.037506e-03
812.040,-2.183102e-05,1.993037e-05,-2.019145e-04,1.649981e-03,-1.072580e-04,7.093496e-03,7.368028e-03,4.574090e-02,5.901457e-02,9.942965e-05,-1.640110e-04,1.036934e-03
812.240,-2.181674e-05,1.991739e-05,-2.017838e-04,1.649718e-03,-1.068284e-04,7.088552e-03,7.363673e-03,4.574489e-02,5.897431e-02,9.936676e-05,-1.639621e-04,1.036362e-03
812.440,-2.180246e-05,1.990443e-05,-2.016532e-04,1.649456e-03,-1.063990e-04,7.083610e-03,7.359322e-03,4.574887e-02,5.893407e-02,9.930391e-05,-1.639132e-04,1.035790e-03
812.640,-2.178819e-05,1.989147e-05,-2.015226e-04,1.649194e-03,-1.059700e-04,7.078672e-03,7.354973e-03,4.575286e-02,5.889385e-02,9.924110e-05,-1.638643e-04,1.035219e-03
812.840,-2.177393e-05,1.987853e-05,-2.013922e-04,1.648932e-03,-1.055412e-04,7.073737e-03,7.350627e-03,4.575684e-02,5.885367e-02,9.917833e-05,-1.638155e-04,1.034648e-03
813.040,-2.175968e-05,1.986559e-05,-2.012618e-04,1.648671e-03,-1.051127e-04,7.068805e-03,7.346283e-03,4.576081e-02,5.881350e-02,9.911561e-05,-1.637667e-04,1.034078e-03
813.240,-2.174544e-05,1.985266e-05,-2.011315e-04,1.648409e-03,-1.046844e-04,7.063877e-03,7.341943e-03,4.576479e-02,5.877337e-02,9.905292e-05,-1.637179e-04,1.033508e-03
813.440,-2.173121e-05,1.983974e-05,-2.010013e-04,1.648148e-03,-1.042565e-04,7.058951e-03,7.337606e-03,4.576876e-02,5.873326e-02,9.899027e-05,-1.636692e-04,1.032938e-03
813.640,-2.171698e-05,1.982682e-05,-2.008712e-04,1.647887e-03,-1.038288e-04,7.054029e-03,7.333271e-03,4.577273e-02,5.869317e-02,9.892766e-05,-1.636205e-04,1.032368e-03
813.840,-2.170277e-05,1.981392e-05,-2.007412e-04,1.647626e-03,-1.034014e-04,7.049110e-03,7.328939e-03,4.577670e-02,5.865312e-02,9.886510e-05,-1.635718e-04,1.031799e-03
814.040,-2.168857e-05,1.980102e-05,-2.006112e-04,1.647365e-03,-1.029743e-04,7.044194e-03,7.324610e-03,4.578066e-02,5.861308e-02,9.880257e-05,-1.635232e-04,1.031231e-03
814.240,-2.167437e-05,1.978814e-05,-2.004813e-04,1.647104e-03,-1.025475e-04,7.039281e-03,7.320284e-03,4.578462e-02,5.857308e-02,9.874009e-05,-1.634745e-04,1.030663e-03
814.440,-2.166019e-05,1.977526e-05,-2.003516e-04,1.646844e-03,-1.021209e-04,7.034372e-03,7.315960e-03,4.578858e-02,5.853310e-02,9.867765e-05,-1.634259e-04,1.030095e-03
814.640,-2.164601e-05,1.976238e-05,-2.002219e-04,1.646584e-03,-1.016946e-04,7.029466e-03,7.311640e-03,4.579254e-02,5.849314e-02,9.861525e-05,-1.633774e-04,1.029527e-03
814.840,-2.163185e-05,1.974952e-05,-2.000923e-04,1.646324e-03,-1.012686e-04,7.024562e-03,7.307322e-03,4.579649e-02,5.845321e-02,9.855288e-05,-1.633289e-04,1.028960e-03
815.040,-2.161769e-05,1.973667e-05,-1.999627e-04,1.646064e-03,-1.008428e-04,7.019662e-03,7.303007e-03,4.580044e-02,5.841331e-02,9.849056e-05,-1.632804e-04,1.028393e-03
815.240,-2.160354e-05,1.972382e-05,-1.998333e-04,1.645804e-03,-1.004174e-04,7.014766e-03,7.298695e-03,4.580439e-02,5.837343e-02,9.842828e-05,-1.632320e-04,1.027827e-03
815.440,-2.158940e-05,1.971098e-05,-1.997039e-04,1.645544e-03,-9.999220e-05,7.009872e-03,7.294386e-03,4.580834e-02,5.833358e-02,9.836604e-05,-1.631835e-04,1.027261e-03
815.640,-2.157527e-05,1.969815e-05,-1.995746e-04,1.645285e-03,-9.956729e-05,7.004981e-03,7.290080e-03,4.581228e-02,5.829376e-02,9.830384e-05,-1.631351e-04,1.026695e-03
815.840,-2.156115e-05,1.968533e-05,-1.994455e-04,1.645026e-03,-9.914266e-05,7.000094e-03,7.285776e-03,4.581623e-02,5.825396e-02,9.824168e-05,-1.630868e-04,1.026130e-03
816.040,-2.154704e-05,1.967252e-05,-1.993163e-04,1.644767e-03,-9.871830e-05,6.995210e-03,7.281475e-03,4.582016e-02,5.821418e-02,9.817956e-05,-1.630385e-04,1.025565e-03
816.240,-2.153294e-05,1.965971e-05,-1.991873e-04,1.644508e-03,-9.829422e-05,6.990329e-03,7.277177e-03,4.582410e-02,5.817443e-02,9.811749e-05,-1.629902e-04,1.025000e-03
816.440,-2.151885e-05,1.964692e-05,-1.990584e-04,1.644249e-03,-9.787041e-05,6.985451e-03,7.272882e-03,4.582803e-02,5.813471e-02,9.805545e-05,-1.629419e-04,1.024436e-03
816.640,-2.150477e-05,1.963413e-05,-1.989295e-04,1.643990e-03,-9.744688e-05,6.980576e-03,7.268590e-03,4.583197e-02,5.809502e-02,9.799345e-05,-1.628937e-04,1.023872e-03
816.840,-2.149069e-05,1.962135e-05,-1.988007e-04,1.643732e-03,-9.702362e-05,6.975705e-03,7.264300e-03,4.583589e-02,5.805534e-02,9.793150e-05,-1.628455e-04,1.023308e-03
817.040,-2.147663e-05,1.960858e-05,-1.986721e-04,1.643474e-03,-9.660064e-05,6.970837e-03,7.260014e-03,4.583982e-02,5.801570e-02,9.786958e-05,-1.627973e-04,1.022745e-03
817.240,-2.146257e-05,1.959582e-05,-1.985434e-04,1.643215e-03,-9.617793e-05,6.965971e-03,7.255730e-03,4.584374e-02,5.797608e-02,9.780771e-05,-1.627492e-04,1.022182e-03
817.440,-2.144853e-05,1.958306e-05,-1.984149e-04,1.642958e-03,-9.575549e-05,6.961109e-03,7.251448e-03,4.584766e-02,5.793648e-02,9.774586e-05,-1.627011e-04,1.021620e-03
817.640,-2.143449e-05,1.957031e-05,-1.982865e-04,1.642700e-03,-9.533333e-05,6.956250e-03,7.247170e-03,4.585158e-02,5.789692e-02,9.768407e-05,-1.626530e-04,1.021058e-03
817.840,-2.142046e-05,1.955758e-05,-1.981581e-04,1.642442e-03,-9.491144e-05,6.951395e-03,7.242895e-03,4.585550e-02,5.785737e-02,9.762231e-05,-1.626050e-04,1.020496e-03
818.040,-2.140644e-05,1.954485e-05,-1.980298e-04,1.642185e-03,-9.448983e-05,6.946542e-03,7.238622e-03,4.585941e-02,5.781786e-02,9.756059e-05,-1.625570e-04,1.019935e-03
818.240,-2.139243e-05,1.953212e-05,-1.979016e-04,1.641928e-03,-9.406848e-05,6.941692e-03,7.234352e-03,4.586332e-02,5.777836e-02,9.749892e-05,-1.625090e-04,1.019374e-03
818.440,-2.137843e-05,1.951941e-05,-1.977735e-04,1.641671e-03,-9.364742e-05,6.936846e-03,7.230085e-03,4.586723e-02,5.773890e-02,9.743729e-05,-1.624610e-04,1.018813e-03
818.640,-2.136444e-05,1.950670e-05,-1.976455e-04,1.641414e-03,-9.322662e-05,6.932003e-03,7.225820e-03,4.587114e-02,5.769946e-02,9.737569e-05,-1.624131e-04,1.018253e-03
818.840,-2.135046e-05,1.949401e-05,-1.975176e-04,1.641157e-03,-9.280610e-05,6.927163e-03,7.221559e-03,4.587504e-02,5.766004e-02,9.731414e-05,-1.623653e-04,1.017693e-03
819.040,-2.133649e-05,1.948132e-05,-1.973897e-04,1.640900e-03,-9.238585e-05,6.922326e-03,7.217300e-03,4.587894e-02,5.762065e-02,9.725262e-05,-1.623174e-04,1.017134e-03
819.240,-2.132252e-05,1.946864e-05,-1.972619e-04,1.640644e-03,-9.196587e-05,6.917492e-03,7.213044e-03,4.588284e-02,5.758129e-02,9.719115e-05,-1.622696e-04,1.016574e-03
819.440,-2.130857e-05,1.945597e-05,-1.971342e-04,1.640388e-03,-9.154617e-05,6.912661e-03,7.208791e-03,4.588673e-02,5.754195e-02,9.712971e-05,-1.622218e-04,1.016016e-03
819.640,-2.129462e-05,1.944330e-05,-1.970066e-04,1.640132e-03,-9.112674e-05,6.907834e-03,7.204541e-03,4.589063e-02,5.750264e-02,9.706832e-05,-1.621741e-04,1.015457e-03
819.840,-2.128069e-05,1.943065e-05,-1.968791e-04,1.639876e-03,-9.070758e-05,6.903009e-03,7.200293e-03,4.589452e-02,5.746335e-02,9.700697e-05,-1.621263e-04,1.014899e-03
820.040,-2.126676e-05,1.941800e-05,-1.967516e-04,1.639620e-03,-9.028869e-05,6.898188e-03,7.196048e-03,4.589840e-02,5.742408e-02,9.694565e-05,-1.620787e-04,1.014341e-03
820.240,-2.125284e-05,1.940536e-05,-1.966243e-04,1.639364e-03,-8.987007e-05,6.893370e-03,7.191806e-03,4.590229e-02,5.738485e-02,9.688437e-05,-1.620310e-04,1.013784e-03
820.440,-2.123893e-05,1.939273e-05,-1.964970e-04,1.639109e-03,-8.945173e-05,6.888554e-03,7.187567e-03,4.590617e-02,5.734564e-02,9.682314e-05,-1.619834e-04,1.013227e-03
820.640,-2.122503e-05,1.938010e-05,-1.963698e-04,1.638854e-03,-8.903365e-05,6.883742e-03,7.183330e-03,4.591005e-02,5.730645e-02,9.676194e-05,-1.619358e-04,1.012670e-03
820.840,-2.121114e-05,1.936749e-05,-1.962427e-04,1.638599e-03,-8.861585e-05,6.878934e-03,7.179096e-03,4.591393e-02,5.726729e-02,9.670079e-05,-1.618882e-04,1.012114e-03
821.040,-2.119726e-05,1.935488e-05,-1.961156e-04,1.638344e-03,-8.819832e-05,6.874128e-03,7.174865e-03,4.591781e-02,5.722815e-02,9.663967e-05,-1.618407e-04,1.011558e-03
821.240,-2.118339e-05,1.934228e-05,-1.959887e-04,1.638089e-03,-8.778106e-05,6.869325e-03,7.170637e-03,4.592168e-02,5.718904e-02,9.657860e-05,-1.617932e-04,1.011003e-03
821.440,-2.116953e-05,1.932969e-05,-1.958618e-04,1.637834e-03,-8.736407e-05,6.864526e-03,7.166412e-03,4.592555e-02,5.714996e-02,9.651756e-05,-1.617457e-04,1.010448e-03
821.640,-2.115567e-05,1.931711e-05,-1.957350e-04,1.637580e-03,-8.694735e-05,6.859729e-03,7.162189e-03,4.592942e-02,5.711090e-02,9.645657e-05,-1.616982e-04,1.009893e-03
821.840,-2.114183e-05,1.930454e-05,-1.956083e-04,1.637326e-03,-8.653090e-05,6.854936e-03,7.157969e-03,4.593328e-02,5.707186e-02,9.639561e-05,-1.616508e-04,1.009338e-03
822.040,-2.112799e-05,1.929197e-05,-1.954817e-04,1.637072e-03,-8.611472e-05,6.850146e-03,7.153752e-03,4.593714e-02,5.703285e-02,9.633469e-05,-1.616035e-04,1.008784e-03
822.240,-2.111416e-05,1.927941e-05,-1.953551e-04,1.636818e-03,-8.569881e-05,6.845358e-03,7.149537e-03,4.594100e-02,5.699387e-02,9.627382e-05,-1.615561e-04,1.008230e-03
822.440,-2.110034e-05,1.926686e-05,-1.952287e-04,1.636564e-03,-8.528317e-05,6.840574e-03,7.145326e-03,4.594486e-02,5.695491e-02,9.621298e-05,-1.615088e-04,1.007677e-03
822.640,-2.108654e-05,1.925432e-05,-1.951023e-04,1.636310e-03,-8.486780e-05,6.835793e-03,7.141117e-03,4.594872e-02,5.691598e-02,9.615218e-05,-1.614615e-04,1.007124e-03
822.840,-2.107274e-05,1.924179e-05,-1.949760e-04,1.636057e-03,-8.445269e-05,6.831016e-03,7.136911e-03,4.595257e-02,5.687707e-02,9.609142e-05,-1.614143e-04,1.006571e-03
823.040,-2.105894e-05,1.922926e-05,-1.948498e-04,1.635804e-03,-8.403786e-05,6.826241e-03,7.132707e-03,4.595642e-02,5.683819e-02,9.603071e-05,-1.613670e-04,1.006019e-03
823.240,-2.104516e-05,1.921675e-05,-1.947236e-04,1.635551e-03,-8.362330e-05,6.821469e-03,7.128507e-03,4.596027e-02,5.679933e-02,9.597002e-05,-1.613198e-04,1.005467e-03
823.440,-2.103139e-05,1.920424e-05,-1.945976e-04,1.635298e-03,-8.320900e-05,6.816701e-03,7.124309e-03,4.596411e-02,5.676050e-02,9.590939e-05,-1.612727e-04,1.004915e-03
823.640,-2.101763e-05,1.919174e-05,-1.944716e-04,1.635045e-03,-8.279498e-05,6.811935e-03,7.120114e-03,4.596796e-02,5.672169e-02,9.584879e-05,-1.612256e-04,1.004364e-03
823.840,-2.100387e-05,1.917925e-05,-1.943457e-04,1.634792e-03,-8.238122e-05,6.807173e-03,7.115921e-03,4.597180e-02,5.668291e-02,9.578822e-05,-1.611785e-04,1.003813e-03
824.040,-2.099013e-05,1.916676e-05,-1.942199e-04,1.634540e-03,-8.196773e-05,6.802413e-03,7.111732e-03,4.597563e-02,5.664415e-02,9.572771e-05,-1.611314e-04,1.003263e-03
824.240,-2.097639e-05,1.915428e-05,-1.940942e-04,1.634288e-03,-8.155451e-05,6.797657e-03,7.107545e-03,4.597947e-02,5.660542e-02,9.566722e-05,-1.610844e-04,1.002712e-03
824.440,-2.096266e-05,1.914182e-05,-1.939685e-04,1.634036e-03,-8.114156e-05,6.792904e-03,7.103360e-03,4.598330e-02,5.656671e-02,9.560678e-05,-1.610373e-04,1.002163e-03
824.640,-2.094894e-05,1.912936e-05,-1.938429e-04,1.633784e-03,-8.072887e-05,6.788154e-03,7.099179e-03,4.598713e-02,5.652803e-02,9.554638e-05,-1.609904e-04,1.001613e-03
824.840,-2.093523e-05,1.911690e-05,-1.937175e-04,1.633532e-03,-8.031646e-05,6.783407e-03,7.095000e-03,4.599096e-02,5.648937e-02,9.548602e-05,-1.609434e-04,1.001064e-03
825.040,-2.092153e-05,1.910446e-05,-1.935921e-04,1.633280e-03,-7.990431e-05,6.778663e-03,7.090824e-03,4.599478e-02,5.645074e-02,9.542569e-05,-1.608965e-04,1.000515e-03
825.240,-2.090784e-05,1.909202e-05,-1.934667e-04,1.633029e-03,-7.949242e-05,6.773922e-03,7.086651e-03,4.599861e-02,5.641213e-02,9.536540e-05,-1.608496e-04,9.999668e-04
825.440,-2.089416e-05,1.907960e-05,-1.933415e-04,1.632778e-03,-7.908081e-05,6.769184e-03,7.082481e-03,4.600243e-02,5.637355e-02,9.530516e-05,-1.608028e-04,9.994188e-04
825.640,-2.088048e-05,1.906718e-05,-1.932163e-04,1.632527e-03,-7.866946e-05,6.764449e-03,7.078313e-03,4.600625e-02,5.633499e-02,9.524495e-05,-1.607560e-04,9.988711e-04
825.840,-2.086682e-05,1.905476e-05,-1.930913e-04,1.632276e-03,-7.825838e-05,6.759718e-03,7.074148e-03,4.601006e-02,5.629646e-02,9.518478e-05,-1.607092e-04,9.983238e-04
826.040,-2.085316e-05,1.904236e-05,-1.929663e-04,1.632025e-03,-7.784756e-05,6.754989e-03,7.069985e-03,4.601387e-02,5.625795e-02,9.512465e-05,-1.606624e-04,9.977768e-04
826.240,-2.083951e-05,1.902996e-05,-1.928413e-04,1.631774e-03,-7.743701e-05,6.750264e-03,7.065826e-03,4.601768e-02,5.621947e-02,9.506457e-05,-1.606157e-04,9.972301e-04
826.440,-2.082588e-05,1.901758e-05,-1.927165e-04,1.631524e-03,-7.702673e-05,6.745541e-03,7.061669e-03,4.602149e-02,5.618101e-02,9.500452e-05,-1.605690e-04,9.966838e-04
826.640,-2.081225e-05,1.900520e-05,-1.925917e-04,1.631273e-03,-7.661671e-05,6.740822e-03,7.057515e-03,4.602530e-02,5.614258e-02,9.494451e-05,-1.605223e-04,9.961379e-04
826.840,-2.079863e-05,1.899283e-05,-1.924671e-04,1.631023e-03,-7.620696e-05,6.736105e-03,7.053363e-03,4.602910e-02,5.610417e-02,9.488453e-05,-1.604757e-04,9.955923e-04
827.040,-2.078501e-05,1.898046e-05,-1.923425e-04,1.630773e-03,-7.579748e-05,6.731392e-03,7.049214e-03,4.603290e-02,5.606579e-02,9.482460e-05,-1.604291e-04,9.950471e-04
827.240,-2.077141e-05,1.896811e-05,-1.922180e-04,1.630524e-03,-7.538826e-05,6.726681e-03,7.045068e-03,4.603670e-02,5.602743e-02,9.476471e-05,-1.603825e-04,9.945022e-04
827.440,-2.075782e-05,1.895576e-05,-1.920935e-04,1.630274e-03,-7.497930e-05,6.721974e-03,7.040925e-03,4.604049e-02,5.598909e-02,9.470486e-05,-1.603359e-04,9.939577e-04
827.640,-2.074423e-05,1.894342e-05,-1.919692e-04,1.630024e-03,-7.457061e-05,6.717270e-03,7.036785e-03,4.604429e-02,5.595078e-02,9.464504e-05,-1.602894e-04,9.934135e-04
827.840,-2.073066e-05,1.893109e-05,-1.918449e-04,1.629775e-03,-7.416219e-05,6.712569e-03,7.032647e-03,4.604808e-02,5.591250e-02,9.458526e-05,-1.602430e-04,9.928697e-04
828.040,-2.071709e-05,1.891876e-05,-1.917207e-04,1.629526e-03,-7.375403e-05,6.707871e-03,7.028511e-03,4.605187e-02,5.587424e-02,9.452552e-05,-1.601965e-04,9.923262e-04
828.240,-2.070353e-05,1.890645e-05,-1.915966e-04,1.629277e-03,-7.334614e-05,6.703176e-03,7.024379e-03,4.605565e-02,5.583601e-02,9.446583e-05,-1.601501e-04,9.917831e-04
828.440,-2.068998e-05,1.889414e-05,-1.914726e-04,1.629028e-03,-7.293851e-05,6.698484e-03,7.020249e-03,4.605943e-02,5.579780e-02,9.440617e-05,-1.601037e-04,9.912403e-04
828.640,-2.067644e-05,1.888184e-05,-1.913486e-04,1.628779e-03,-7.253114e-05,6.693795e-03,7.016122e-03,4.606322e-02,5.575961e-02,9.434654e-05,-1.600574e-04,9.906979e-04
828.840,-2.066291e-05,1.886955e-05,-1.912247e-04,1.628531e-03,-7.212404e-05,6.689109e-03,7.011998e-03,4.606699e-02,5.572145e-02,9.428696e-05,-1.600110e-04,9.901559e-04
829.040,-2.064939e-05,1.885727e-05,-1.911010e-04,1.628283e-03,-7.171720e-05,6.684426e-03,7.007876e-03,4.607077e-02,5.568332e-02,9.422741e-05,-1.599647e-04,9.896142e-04
829.240,-2.063588e-05,1.884499e-05,-1.909772e-04,1.628034e-03,-7.131063e-05,6.679746e-03,7.003757e-03,4.607454e-02,5.564521e-02,9.416792e-05,-1.599184e-04,9.890728e-04
829.440,-2.062237e-05,1.883272e-05,-1.908536e-04,1.627786e-03,-7.090432e-05,6.675069e-03,6.999641e-03,4.607831e-02,5.560712e-02,9.410845e-05,-1.598722e-04,9.885318e-04
829.640,-2.060888e-05,1.882046e-05,-1.907301e-04,1.627539e-03,-7.049827e-05,6.670395e-03,6.995527e-03,4.608208e-02,5.556906e-02,9.404902e-05,-1.598260e-04,9.879911e-04
829.840,-2.059539e-05,1.880821e-05,-1.906066e-04,1.627291e-03,-7.009249e-05,6.665724e-03,6.991416e-03,4.608585e-02,5.553102e-02,9.398963e-05,-1.597798e-04,9.874508e-04
830.040,-2.058191e-05,1.879597e-05,-1.904832e-04,1.627043e-03,-6.968697e-05,6.661056e-03,6.987308e-03,4.608961e-02,5.549301e-02,9.393028e-05,-1.597337e-04,9.869109e-04
830.240,-2.056844e-05,1.878373e-05,-1.903599e-04,1.626796e-03,-6.928171e-05,6.656392e-03,6.983203e-03,4.609337e-02,5.545502e-02,9.387097e-05,-1.596876e-04,9.863713e-04
830.440,-2.055498e-05,1.877150e-05,-1.902367e-04,1.626549e-03,-6.887671e-05,6.651730e-03,6.979100e-03,4.609713e-02,5.541706e-02,9.381170e-05,-1.596415e-04,9.858320e-04
830.640,-2.054153e-05,1.875928e-05,-1.901135e-04,1.626302e-03,-6.847198e-05,6.647071e-03,6.975000e-03,4.610089e-02,5.537912e-02,9.375246e-05,-1.595954e-04,9.852931e-04
830.840,-2.052809e-05,1.874707e-05,-1.899904e-04,1.626055e-03,-6.806751e-05,6.642415e-03,6.970902e-03,4.610464e-02,5.534121e-02,9.369327e-05,-1.595494e-04,9.847545e-04
831.040,-2.051465e-05,1.873487e-05,-1.898674e-04,1.625808e-03,-6.766331e-05,6.637763e-03,6.966807e-03,4.610839e-02,5.530332e-02,9.363411e-05,-1.595034e-04,9.842163e-04
831.240,-2.050123e-05,1.872267e-05,-1.897445e-04,1.625561e-03,-6.725936e-05,6.633113e-03,6.962715e-03,4.611214e-02,5.526545e-02,9.357500e-05,-1.594574e-04,9.836784e-04
831.440,-2.048781e-05,1.871048e-05,-1.896217e-04,1.625315e-03,-6.685568e-05,6.628466e-03,6.958626e-03,4.611589e-02,5.522761e-02,9.351591e-05,-1.594115e-04,9.831409e-04
831.640,-2.047440e-05,1.869830e-05,-1.894989e-04,1.625069e-03,-6.645226e-05,6.623822e-03,6.954539e-03,4.611963e-02,5.518980e-02,9.345687e-05,-1.593656e-04,9.826037e-04
831.840,-2.046100e-05,1.868613e-05,-1.893763e-04,1.624823e-03,-6.604910e-05,6.619182e-03,6.950455e-03,4.612337e-02,5.515200e-02,9.339787e-05,-1.593197e-04,9.820669e-04
832.040,-2.044761e-05,1.867397e-05,-1.892537e-04,1.624577e-03,-6.564620e-05,6.614544e-03,6.946373e-03,4.612711e-02,5.511424e-02,9.333890e-05,-1.592739e-04,9.815304e-04
832.240,-2.043423e-05,1.866181e-05,-1.891312e-04,1.624331e-03,-6.524356e-05,6.609909e-03,6.942295e-03,4.613085e-02,5.507649e-02,9.327998e-05,-1.592280e-04,9.809943e-04
832.440,-2.042086e-05,1.864966e-05,-1.890087e-04,1.624085e-03,-6.484119e-05,6.605278e-03,6.938219e-03,4.613458e-02,5.503878e-02,9.322109e-05,-1.591823e-04,9.804585e-04
832.640,-2.040749e-05,1.863752e-05,-1.888864e-04,1.623840e-03,-6.443907e-05,6.600649e-03,6.934145e-03,4.613832e-02,5.500108e-02,9.316224e-05,-1.591365e-04,9.799231e-04
832.840,-2.039414e-05,1.862539e-05,-1.887641e-04,1.623595e-03,-6.403722e-05,6.596023e-03,6.930074e-03,4.614205e-02,5.496341e-02,9.310343e-05,-1.590908e-04,9.793880e-04
833.040,-2.038079e-05,1.861326e-05,-1.886419e-04,1.623350e-03,-6.363563e-05,6.591401e-03,6.926006e-03,4.614577e-02,5.492577e-02,9.304465e-05,-1.590451e-04,9.788533e-04
833.240,-2.036745e-05,1.860114e-05,-1.885198e-04,1.623105e-03,-6.323429e-05,6.586781e-03,6.921941e-03,4.614950e-02,5.488815e-02,9.298592e-05,-1.589995e-04,9.783189e-04
833.440,-2.035412e-05,1.858903e-05,-1.883977e-04,1.622860e-03,-6.283322e-05,6.582164e-03,6.917878e-03,4.615322e-02,5.485055e-02,9.292722e-05,-1.589538e-04,9.777848e-04
833.640,-2.034080e-05,1.857693e-05,-1.882758e-04,1.622615e-03,-6.243241e-05,6.577550e-03,6.913818e-03,4.615694e-02,5.481298e-02,9.286857e-05,-1.589082e-04,9.772511e-04
833.840,-2.032749e-05,1.856484e-05,-1.881539e-04,1.622371e-03,-6.203185e-05,6.572940e-03,6.909761e-03,4.616066e-02,5.477543e-02,9.280995e-05,-1.588626e-04,9.767177e-04
834.040,-2.031419e-05,1.855275e-05,-1.880321e-04,1.622126e-03,-6.163156e-05,6.568332e-03,6.905706e-03,4.616437e-02,5.473791e-02,9.275137e-05,-1.588171e-04,9.761847e-04
834.240,-2.030090e-05,1.854068e-05,-1.879104e-04,1.621882e-03,-6.123153e-05,6.563727e-03,6.901654e-03,4.616808e-02,5.470041e-02,9.269282e-05,-1.587716e-04,9.756520e-04
834.440,-2.028761e-05,1.852861e-05,-1.877887e-04,1.621638e-03,-6.083175e-05,6.559125e-03,6.897604e-03,4.617179e-02,5.466293e-02,9.263432e-05,-1.587261e-04,9.751197e-04
834.640,-2.027433e-05,1.851654e-05,-1.876671e-04,1.621394e-03,-6.043224e-05,6.554526e-03,6.893557e-03,4.617550e-02,5.462548e-02,9.257585e-05,-1.586806e-04,9.745877e-04
834.840,-2.026107e-05,1.850449e-05,-1.875457e-04,1.621151e-03,-6.003298e-05,6.549930e-03,6.889513e-03,4.617921e-02,5.458806e-02,9.251742e-05,-1.586352e-04,9.740561e-04
835.040,-2.024781e-05,1.849244e-05,-1.874242e-04,1.620907e-03,-5.963399e-05,6.545338e-03,6.885472e-03,4.618291e-02,5.455065e-02,9.245903e-05,-1.585898e-04,9.735248e-04
835.240,-2.023456e-05,1.848040e-05,-1.873029e-04,1.620664e-03,-5.923525e-05,6.540748e-03,6.881433e-03,4.618661e-02,5.451328e-02,9.240068e-05,-1.585444e-04,9.729938e-04
835.440,-2.022131e-05,1.846837e-05,-1.871817e-04,1.620420e-03,-5.883677e-05,6.536161e-03,6.877396e-03,4.619031e-02,5.447592e-02,9.234236e-05,-1.584991e-04,9.724632e-04
835.640,-2.020808e-05,1.845635e-05,-1.870605e-04,1.620177e-03,-5.843855e-05,6.531577e-03,6.873363e-03,4.619400e-02,5.443859e-02,9.228408e-05,-1.584538e-04,9.719330e-04
835.840,-2.019486e-05,1.844433e-05,-1.869394e-04,1.619934e-03,-5.804058e-05,6.526996e-03,6.869332e-03,4.619770e-02,5.440129e-02,9.222585e-05,-1.584085e-04,9.714030e-04
836.040,-2.018164e-05,1.843233e-05,-1.868184e-04,1.619692e-03,-5.764288e-05,6.522418e-03,6.865304e-03,4.620139e-02,5.436401e-02,9.216764e-05,-1.583633e-04,9.708734e-04
836.240,-2.016843e-05,1.842033e-05,-1.866974e-04,1.619449e-03,-5.724543e-05,6.517843e-03,6.861278e-03,4.620508e-02,5.432675e-02,9.210948e-05,-1.583181e-04,9.703442e-04
836.440,-2.015523e-05,1.840833e-05,-1.865766e-04,1.619207e-03,-5.684824e-05,6.513270e-03,6.857255e-03,4.620876e-02,5.428952e-02,9.205136e-05,-1.582729e-04,9.698153e-04
836.640,-2.014204e-05,1.839635e-05,-1.864558e-04,1.618964e-03,-5.645131e-05,6.508701e-03,6.853234e-03,4.621245e-02,5.425231e-02,9.199327e-05,-1.582277e-04,9.692868e-04
836.840,-2.012886e-05,1.838437e-05,-1.863351e-04,1.618722e-03,-5.605464e-05,6.504135e-03,6.849216e-03,4.621613e-02,5.421512e-02,9.193522e-05,-1.581826e-04,9.687585e-04
837.040,-2.011569e-05,1.837240e-05,-1.862145e-04,1.618480e-03,-5.565822e-05,6.499572e-03,6.845201e-03,4.621981e-02,5.417796e-02,9.187721e-05,-1.581375e-04,9.682307e-04
837.240,-2.010252e-05,1.836044e-05,-1.860939e-04,1.618239e-03,-5.526206e-05,6.495011e-03,6.841189e-03,4.622348e-02,5.414082e-02,9.181923e-05,-1.580924e-04,9.677031e-04
837.440,-2.008937e-05,1.834849e-05,-1.859734e-04,1.617997e-03,-5.486616e-05,6.490454e-03,6.837179e-03,4.622716e-02,5.410371e-02,9.176129e-05,-1.580474e-04,9.671760e-04
837.640,-2.007622e-05,1.833654e-05,-1.858530e-04,1.617755e-03,-5.447051e-05,6.485900e-03,6.833172e-03,4.623083e-02,5.406662e-02,9.170340e-05,-1.580024e-04,9.666491e-04
837.840,-2.006308e-05,1.832461e-05,-1.857327e-04,1.617514e-03,-5.407512e-05,6.481348e-03,6.829167e-03,4.623450e-02,5.402956e-02,9.164554e-05,-1.579574e-04,9.661226e-04
838.040,-2.004995e-05,1.831268e-05,-1.856125e-04,1.617273e-03,-5.367999e-05,6.476800e-03,6.825165e-03,4.623817e-02,5.399252e-02,9.158771e-05,-1.579125e-04,9.655964e-04
838.240,-2.003683e-05,1.830075e-05,-1.854923e-04,1.617032e-03,-5.328511e-05,6.472254e-03,6.821165e-03,4.624183e-02,5.395550e-02,9.152993e-05,-1.578676e-04,9.650706e-04
838.440,-2.002372e-05,1.828884e-05,-1.853722e-04,1.616791e-03,-5.289049e-05,6.467711e-03,6.817168e-03,4.624549e-02,5.391851e-02,9.147218e-05,-1.578227e-04,9.645451e-04
838.640,-2.001062e-05,1.827693e-05,-1.852522e-04,1.616550e-03,-5.249612e-05,6.463172e-03,6.813174e-03,4.624915e-02,5.388154e-02,9.141447e-05,-1.577778e-04,9.640200e-04
838.840,-1.999752e-05,1.826503e-05,-1.851323e-04,1.616310e-03,-5.210201e-05,6.458635e-03,6.809183e-03,4.625281e-02,5.384459e-02,9.135679e-05,-1.577330e-04,9.634952e-04
839.040,-1.998443e-05,1.825314e-05,-1.850125e-04,1.616069e-03,-5.170816e-05,6.454101e-03,6.805194e-03,4.625647e-02,5.380767e-02,9.129916e-05,-1.576882e-04,9.629707e-04
839.240,-1.997136e-05,1.824126e-05,-1.848927e-04,1.615829e-03,-5.131456e-05,6.449570e-03,6.801207e-03,4.626012e-02,5.377077e-02,9.124156e-05,-1.576434e-04,9.624466e-04
839.440,-1.995829e-05,1.822938e-05,-1.847730e-04,1.615589e-03,-5.092122e-05,6.445042e-03,6.797223e-03,4.626377e-02,5.373390e-02,9.118400e-05,-1.575987e-04,9.619228e-04
839.640,-1.994523e-05,1.821752e-05,-1.846534e-04,1.615349e-03,-5.052813e-05,6.440517e-03,6.793242e-03,4.626742e-02,5.369705e-02,9.112648e-05,-1.575540e-04,9.613994e-04
839.840,-1.993217e-05,1.820566e-05,-1.845338e-04,1.615110e-03,-5.013530e-05,6.435995e-03,6.789264e-03,4.627106e-02,5.366023e-02,9.106899e-05,-1.575093e-04,9.608762e-04
840.040,-1.991913e-05,1.819380e-05,-1.844144e-04,1.614870e-03,-4.974272e-05,6.431476e-03,6.785288e-03,4.627471e-02,5.362342e-02,9.101155e-05,-1.574646e-04,9.603535e-04
840.240,-1.990609e-05,1.818196e-05,-1.842950e-04,1.614630e-03,-4.935039e-05,6.426960e-03,6.781314e-03,4.627835e-02,5.358665e-02,9.095413e-05,-1.574200e-04,9.598311e-04
840.440,-1.989307e-05,1.817012e-05,-1.841757e-04,1.614391e-03,-4.895833e-05,6.422446e-03,6.777344e-03,4.628198e-02,5.354989e-02,9.089676e-05,-1.573754e-04,9.593089e-04
840.640,-1.988005e-05,1.815829e-05,-1.840565e-04,1.614152e-03,-4.856651e-05,6.417936e-03,6.773375e-03,4.628562e-02,5.351316e-02,9.083943e-05,-1.573308e-04,9.587872e-04
840.840,-1.986704e-05,1.814647e-05,-1.839373e-04,1.613913e-03,-4.817495e-05,6.413429e-03,6.769410e-03,4.628925e-02,5.347645e-02,9.078213e-05,-1.572863e-04,9.582657e-04
841.040,-1.985404e-05,1.813465e-05,-1.838182e-04,1.613674e-03,-4.778364e-05,6.408924e-03,6.765447e-03,4.629289e-02,5.343977e-02,9.072487e-05,-1.572418e-04,9.577447e-04
841.240,-1.984104e-05,1.812285e-05,-1.836992e-04,1.613436e-03,-4.739259e-05,6.404422e-03,6.761487e-03,4.629652e-02,5.340311e-02,9.066764e-05,-1.571973e-04,9.572239e-04
841.440,-1.982806e-05,1.811105e-05,-1.835803e-04,1.613197e-03,-4.700179e-05,6.399924e-03,6.757529e-03,4.630014e-02,5.336648e-02,9.061046e-05,-1.571529e-04,9.567035e-04
841.640,-1.981508e-05,1.809926e-05,-1.834615e-04,1.612959e-03,-4.661124e-05,6.395428e-03,6.753574e-03,4.630377e-02,5.332987e-02,9.055331e-05,-1.571084e-04,9.561834e-04
841.840,-1.980212e-05,1.808747e-05,-1.833427e-04,1.612721e-03,-4.622095e-05,6.390935e-03,6.749621e-03,4.630739e-02,5.329328e-02,9.049620e-05,-1.570641e-04,9.556637e-04
842.040,-1.978916e-05,1.807570e-05,-1.832240e-04,1.612483e-03,-4.583091e-05,6.386445e-03,6.745671e-03,4.631101e-02,5.325671e-02,9.043912e-05,-1.570197e-04,9.551443e-04
842.240,-1.977621e-05,1.806393e-05,-1.831054e-04,1.612245e-03,-4.544112e-05,6.381958e-03,6.741723e-03,4.631462e-02,5.322017e-02,9.038208e-05,-1.569754e-04,9.546252e-04
842.440,-1.976327e-05,1.805217e-05,-1.829869e-04,1.612007e-03,-4.505159e-05,6.377474e-03,6.737779e-03,4.631824e-02,5.318365e-02,9.032509e-05,-1.569311e-04,9.541065e-04
842.640,-1.975033e-05,1.804041e-05,-1.828684e-04,1.611769e-03,-4.466230e-05,6.372992e-03,6.733836e-03,4.632185e-02,5.314716e-02,9.026812e-05,-1.568868e-04,9.535881e-04
842.840,-1.973741e-05,1.802867e-05,-1.827500e-04,1.611532e-03,-4.427328e-05,6.368514e-03,6.729897e-03,4.632546e-02,5.311069e-02,9.021120e-05,-1.568425e-04,9.530701e-04
843.040,-1.972449e-05,1.801693e-05,-1.826317e-04,1.611295e-03,-4.388450e-05,6.364038e-03,6.725960e-03,4.632907e-02,5.307424e-02,9.015431e-05,-1.567983e-04,9.525523e-04
843.240,-1.971158e-05,1.800520e-05,-1.825135e-04,1.611058e-03,-4.349597e-05,6.359566e-03,6.722025e-03,4.633268e-02,5.303782e-02,9.009746e-05,-1.567541e-04,9.520349e-04
843.440,-1.969868e-05,1.799348e-05,-1.823953e-04,1.610821e-03,-4.310770e-05,6.355096e-03,6.718093e-03,4.633628e-02,5.300142e-02,9.004064e-05,-1.567100e-04,9.515179e-04
843.640,-1.968579e-05,1.798176e-05,-1.822772e-04,1.610584e-03,-4.271968e-05,6.350629e-03,6.714164e-03,4.633988e-02,5.296505e-02,8.998386e-05,-1.566659e-04,9.510012e-04
843.840,-1.967291e-05,1.797006e-05,-1.821592e-04,1.610347e-03,-4.233191e-05,6.346165e-03,6.710237e-03,4.634348e-02,5.292869e-02,8.992712e-05,-1.566218e-04,9.504848e-04
844.040,-1.966004e-05,1.795836e-05,-1.820413e-04,1.610111e-03,-4.194439e-05,6.341704e-03,6.706313e-03,4.634707e-02,5.289237e-02,8.987042e-05,-1.565777e-04,9.499687e-04
844.240,-1.964717e-05,1.794666e-05,-1.819235e-04,1.609874e-03,-4.155712e-05,6.337246e-03,6.702391e-03,4.635067e-02,5.285606e-02,8.981375e-05,-1.565336e-04,9.494530e-04
844.440,-1.963431e-05,1.793498e-05,-1.818057e-04,1.609638e-03,-4.117011e-05,6.332791e-03,6.698472e-03,4.635426e-02,5.281978e-02,8.975712e-05,-1.564896e-04,9.489376e-04
844.640,-1.962146e-05,1.792330e-05,-1.816880e-04,1.609402e-03,-4.078334e-05,6.328338e-03,6.694555e-03,4.635785e-02,5.278352e-02,8.970053e-05,-1.564456e-04,9.484226e-04
844.840,-1.960862e-05,1.791163e-05,-1.815704e-04,1.609166e-03,-4.039683e-05,6.323889e-03,6.690641e-03,4.636144e-02,5.274729e-02,8.964397e-05,-1.564017e-04,9.479079e-04
845.040,-1.959579e-05,1.789997e-05,-1.814528e-04,1.608930e-03,-4.001057e-05,6.319442e-03,6.686730e-03,4.636502e-02,5.271108e-02,8.958745e-05,-1.563578e-04,9.473935e-04
845.240,-1.958297e-05,1.788832e-05,-1.813354e-04,1.608695e-03,-3.962455e-05,6.314998e-03,6.682821e-03,4.636860e-02,5.267489e-02,8.953097e-05,-1.563139e-04,9.468794e-04
845.440,-1.957015e-05,1.787667e-05,-1.812180e-04,1.608459e-03,-3.923879e-05,6.310557e-03,6.678914e-03,4.637218e-02,5.263872e-02,8.947452e-05,-1.562700e-04,9.463657e-04
845.640,-1.955735e-05,1.786503e-05,-1.811006e-04,1.608224e-03,-3.885328e-05,6.306119e-03,6.675011e-03,4.637576e-02,5.260258e-02,8.941811e-05,-1.562262e-04,9.458523e-04
845.840,-1.954455e-05,1.785340e-05,-1.809834e-04,1.607989e-03,-3.846802e-05,6.301684e-03,6.671109e-03,4.637934e-02,5.256646e-02,8.936174e-05,-1.561823e-04,9.453393e-04
846.040,-1.953176e-05,1.784177e-05,-1.808662e-04,1.607754e-03,-3.808300e-05,6.297252e-03,6.667211e-03,4.638291e-02,5.253037e-02,8.930541e-05,-1.561386e-04,9.448266e-04
846.240,-1.951898e-05,1.783016e-05,-1.807492e-04,1.607519e-03,-3.769824e-05,6.292823e-03,6.663315e-03,4.638648e-02,5.249430e-02,8.924910e-05,-1.560948e-04,9.443142e-04
846.440,-1.950620e-05,1.781855e-05,-1.806321e-04,1.607285e-03,-3.731373e-05,6.288396e-03,6.659421e-03,4.639005e-02,5.245825e-02,8.919284e-05,-1.560511e-04,9.438021e-04
846.640,-1.949344e-05,1.780695e-05,-1.805152e-04,1.607050e-03,-3.692946e-05,6.283972e-03,6.655530e-03,4.639361e-02,5.242223e-02,8.913662e-05,-1.560074e-04,9.432904e-04
846.840,-1.948068e-05,1.779535e-05,-1.803983e-04,1.606816e-03,-3.654545e-05,6.279552e-03,6.651642e-03,4.639718e-02,5.238623e-02,8.908043e-05,-1.559637e-04,9.427790e-04
847.040,-1.946793e-05,1.778377e-05,-1.802816e-04,1.606582e-03,-3.616168e-05,6.275134e-03,6.647756e-03,4.640074e-02,5.235025e-02,8.902428e-05,-1.559201e-04,9.422679e-04
847.240,-1.945519e-05,1.777219e-05,-1.801648e-04,1.606348e-03,-3.577817e-05,6.270719e-03,6.643872e-03,4.640430e-02,5.231430e-02,8.896816e-05,-1.558765e-04,9.417572e-04
847.440,-1.944246e-05,1.776062e-05,-1.800482e-04,1.606114e-03,-3.539490e-05,6.266306e-03,6.639992e-03,4.640785e-02,5.227836e-02,8.891208e-05,-1.558329e-04,9.412468e-04
847.640,-1.942974e-05,1.774905e-05,-1.799316e-04,1.605880e-03,-3.501188e-05,6.261897e-03,6.636113e-03,4.641141e-02,5.224246e-02,8.885604e-05,-1.557894e-04,9.407367e-04
847.840,-1.941702e-05,1.773750e-05,-1.798152e-04,1.605646e-03,-3.462911e-05,6.257490e-03,6.632237e-03,4.641496e-02,5.220657e-02,8.880003e-05,-1.557458e-04,9.402269e-04
848.040,-1.940432e-05,1.772595e-05,-1.796988e-04,1.605413e-03,-3.424658e-05,6.253087e-03,6.628364e-03,4.641851e-02,5.217071e-02,8.874406e-05,-1.557024e-04,9.397175e-04
848.240,-1.939162e-05,1.771440e-05,-1.795824e-04,1.605180e-03,-3.386431e-05,6.248686e-03,6.624494e-03,4.642206e-02,5.213487e-02,8.868813e-05,-1.556589e-04,9.392085e-04
848.440,-1.937893e-05,1.770287e-05,-1.794662e-04,1.604947e-03,-3.348228e-05,6.244288e-03,6.620625e-03,4.642560e-02,5.209906e-02,8.863223e-05,-1.556155e-04,9.386997e-04
848.640,-1.936625e-05,1.769134e-05,-1.793500e-04,1.604714e-03,-3.310050e-05,6.239893e-03,6.616760e-03,4.642915e-02,5.206327e-02,8.857637e-05,-1.555720e-04,9.381913e-04
848.840,-1.935357e-05,1.767983e-05,-1.792339e-04,1.604481e-03,-3.271897e-05,6.235501e-03,6.612897e-03,4.643269e-02,5.202750e-02,8.852055e-05,-1.555287e-04,9.376832e-04
849.040,-1.934091e-05,1.766831e-05,-1.791178e-04,1.604248e-03,-3.233769e-05,6.231111e-03,6.609036e-03,4.643622e-02,5.199175e-02,8.846476e-05,-1.554853e-04,9.371754e-04
849.240,-1.932825e-05,1.765681e-05,-1.790019e-04,1.604016e-03,-3.195665e-05,6.226724e-03,6.605178e-03,4.643976e-02,5.195603e-02,8.840901e-05,-1.554420e-04,9.366679e-04
849.440,-1.931560e-05,1.764531e-05,-1.788860e-04,1.603783e-03,-3.157586e-05,6.222341e-03,6.601322e-03,4.644329e-02,5.192033e-02,8.835329e-05,-1.553987e-04,9.361608e-04
849.640,-1.930296e-05,1.763382e-05,-1.787702e-04,1.603551e-03,-3.119532e-05,6.217960e-03,6.597469e-03,4.644682e-02,5.188465e-02,8.829761e-05,-1.553554e-04,9.356541e-04
849.840,-1.929033e-05,1.762234e-05,-1.786545e-04,1.603319e-03,-3.081502e-05,6.213582e-03,6.593619e-03,4.645035e-02,5.184900e-02,8.824197e-05,-1.553122e-04,9.351476e-04
850.040,-1.927771e-05,1.761087e-05,-1.785388e-04,1.603087e-03,-3.043497e-05,6.209206e-03,6.589771e-03,4.645388e-02,5.181337e-02,8.818636e-05,-1.552690e-04,9.346415e-04
850.240,-1.926509e-05,1.759940e-05,-1.784232e-04,1.602855e-03,-3.005517e-05,6.204834e-03,6.585926e-03,4.645740e-02,5.177776e-02,8.813079e-05,-1.552258e-04,9.341357e-04
850.440,-1.925248e-05,1.758794e-05,-1.783077e-04,1.602624e-03,-2.967561e-05,6.200464e-03,6.582083e-03,4.646093e-02,5.174218e-02,8.807526e-05,-1.551827e-04,9.336302e-04
850.640,-1.923989e-05,1.757649e-05,-1.781923e-04,1.602392e-03,-2.929630e-05,6.196098e-03,6.578242e-03,4.646445e-02,5.170662e-02,8.801977e-05,-1.551395e-04,9.331250e-04
850.840,-1.922730e-05,1.756505e-05,-1.780769e-04,1.602161e-03,-2.891723e-05,6.191734e-03,6.574404e-03,4.646796e-02,5.167108e-02,8.796430e-05,-1.550964e-04,9.326202e-04
851.040,-1.921471e-05,1.755361e-05,-1.779616e-04,1.601930e-03,-2.853841e-05,6.187372e-03,6.570569e-03,4.647148e-02,5.163557e-02,8.790888e-05,-1.550534e-04,9.321157e-04
851.240,-1.920214e-05,1.754218e-05,-1.778464e-04,1.601699e-03,-2.815984e-05,6.183014e-03,6.566736e-03,4.647499e-02,5.160007e-02,8.785349e-05,-1.550103e-04,9.316115e-04
851.440,-1.918957e-05,1.753076e-05,-1.777313e-04,1.601468e-03,-2.778151e-05,6.178659e-03,6.562906e-03,4.647850e-02,5.156460e-02,8.779814e-05,-1.549673e-04,9.311077e-04
851.640,-1.917702e-05,1.751934e-05,-1.776162e-04,1.601237e-03,-2.740343e-05,6.174306e-03,6.559078e-03,4.648201e-02,5.152916e-02,8.774281e-05,-1.549244e-04,9.306042e-04
851.840,-1.916447e-05,1.750793e-05,-1.775012e-04,1.601007e-03,-2.702559e-05,6.169956e-03,6.555252e-03,4.648552e-02,5.149374e-02,8.768753e-05,-1.548814e-04,9.301010e-04
852.040,-1.915192e-05,1.749653e-05,-1.773863e-04,1.600776e-03,-2.664800e-05,6.165609e-03,6.551430e-03,4.648902e-02,5.145834e-02,8.763229e-05,-1.548385e-04,9.295981e-04
852.240,-1.913939e-05,1.748514e-05,-1.772715e-04,1.600546e-03,-2.627065e-05,6.161265e-03,6.547609e-03,4.649252e-02,5.142296e-02,8.757708e-05,-1.547956e-04,9.290956e-04
852.440,-1.912687e-05,1.747376e-05,-1.771567e-04,1.600316e-03,-2.589355e-05,6.156923e-03,6.543791e-03,4.649602e-02,5.138760e-02,8.752191e-05,-1.547527e-04,9.285934e-04
852.640,-1.911435e-05,1.746238e-05,-1.770420e-04,1.600086e-03,-2.551669e-05,6.152585e-03,6.539976e-03,4.649952e-02,5.135227e-02,8.746677e-05,-1.547099e-04,9.280915e-04
852.840,-1.910184e-05,1.745101e-05,-1.769274e-04,1.599856e-03,-2.514008e-05,6.148249e-03,6.536163e-03,4.650301e-02,5.131696e-02,8.741167e-05,-1.546670e-04,9.275899e-04
853.040,-1.908934e-05,1.743965e-05,-1.768129e-04,1.599626e-03,-2.476371e-05,6.143916e-03,6.532353e-03,4.650651e-02,5.128168e-02,8.735661e-05,-1.546243e-04,9.270887e-04
853.240,-1.907685e-05,1.742829e-05,-1.766984e-04,1.599397e-03,-2.438758e-05,6.139586e-03,6.528545e-03,4.651000e-02,5.124641e-02,8.730158e-05,-1.545815e-04,9.265877e-04
853.440,-1.906437e-05,1.741694e-05,-1.765840e-04,1.599167e-03,-2.401170e-05,6.135258e-03,6.524739e-03,4.651349e-02,5.121117e-02,8.724658e-05,-1.545388e-04,9.260871e-04
853.640,-1.905189e-05,1.740560e-05,-1.764697e-04,1.598938e-03,-2.363606e-05,6.130934e-03,6.520937e-03,4.651697e-02,5.117596e-02,8.719162e-05,-1.544961e-04,9.255869e-04
853.840,-1.903942e-05,1.739427e-05,-1.763555e-04,1.598709e-03,-2.326067e-05,6.126612e-03,6.517136e-03,4.652045e-02,5.114076e-02,8.713670e-05,-1.544534e-04,9.250869e-04
854.040,-1.902696e-05,1.738294e-05,-1.762413e-04,1.598480e-03,-2.288552e-05,6.122293e-03,6.513338e-03,4.652394e-02,5.110559e-02,8.708181e-05,-1.544108e-04,9.245873e-04
854.240,-1.901451e-05,1.737162e-05,-1.761272e-04,1.598252e-03,-2.251061e-05,6.117977e-03,6.509543e-03,4.652741e-02,5.107044e-02,8.702697e-05,-1.543681e-04,9.240880e-04
854.440,-1.900207e-05,1.736031e-05,-1.760132e-04,1.598023e-03,-2.213595e-05,6.113663e-03,6.505750e-03,4.653089e-02,5.103532e-02,8.697215e-05,-1.543255e-04,9.235890e-04
854.640,-1.898963e-05,1.734901e-05,-1.758992e-04,1.597794e-03,-2.176152e-05,6.109353e-03,6.501959e-03,4.653437e-02,5.100021e-02,8.691737e-05,-1.542830e-04,9.230904e-04
854.840,-1.897721e-05,1.733771e-05,-1.757854e-04,1.597566e-03,-2.138735e-05,6.105045e-03,6.498171e-03,4.653784e-02,5.096513e-02,8.686263e-05,-1.542405e-04,9.225920e-04
855.040,-1.896479e-05,1.732642e-05,-1.756715e-04,1.597338e-03,-2.101341e-05,6.100740e-03,6.494386e-03,4.654131e-02,5.093007e-02,8.680792e-05,-1.541980e-04,9.220940e-04
855.240,-1.895238e-05,1.731514e-05,-1.755578e-04,1.597110e-03,-2.063972e-05,6.096438e-03,6.490603e-03,4.654478e-02,5.089504e-02,8.675325e-05,-1.541555e-04,9.215963e-04
855.440,-1.893998e-05,1.730386e-05,-1.754442e-04,1.596882e-03,-2.026626e-05,6.092138e-03,6.486822e-03,4.654824e-02,5.086002e-02,8.669861e-05,-1.541130e-04,9.210990e-04
855.640,-1.892758e-05,1.729260e-05,-1.753306e-04,1.596654e-03,-1.989306e-05,6.087842e-03,6.483044e-03,4.655170e-02,5.082503e-02,8.664401e-05,-1.540706e-04,9.206019e-04
855.840,-1.891520e-05,1.728134e-05,-1.752171e-04,1.596427e-03,-1.952009e-05,6.083548e-03,6.479268e-03,4.655517e-02,5.079007e-02,8.658945e-05,-1.540282e-04,9.201052e-04
856.040,-1.890282e-05,1.727008e-05,-1.751036e-04,1.596199e-03,-1.914736e-05,6.079257e-03,6.475495e-03,4.655862e-02,5.075512e-02,8.653492e-05,-1.539858e-04,9.196088e-04
856.240,-1.889045e-05,1.725884e-05,-1.749903e-04,1.595972e-03,-1.877488e-05,6.074968e-03,6.471725e-03,4.656208e-02,5.072020e-02,8.648042e-05,-1.539435e-04,9.191127e-04
856.440,-1.887809e-05,1.724760e-05,-1.748770e-04,1.595745e-03,-1.840264e-05,6.070683e-03,6.467956e-03,4.656553e-02,5.068530e-02,8.642597e-05,-1.539012e-04,9.186170e-04
856.640,-1.886573e-05,1.723637e-05,-1.747638e-04,1.595518e-03,-1.803064e-05,6.066400e-03,6.464191e-03,4.656899e-02,5.065042e-02,8.637154e-05,-1.538589e-04,9.181215e-04
856.840,-1.885339e-05,1.722514e-05,-1.746506e-04,1.595291e-03,-1.765888e-05,6.062120e-03,6.460427e-03,4.657244e-02,5.061557e-02,8.631715e-05,-1.538167e-04,9.176264e-04
857.040,-1.884105e-05,1.721393e-05,-1.745376e-04,1.595064e-03,-1.728736e-05,6.057842e-03,6.456667e-03,4.657588e-02,5.058074e-02,8.626280e-05,-1.537744e-04,9.171316e-04
857.240,-1.882872e-05,1.720272e-05,-1.744246e-04,1.594838e-03,-1.691608e-05,6.053568e-03,6.452908e-03,4.657933e-02,5.054593e-02,8.620849e-05,-1.537322e-04,9.166371e-04
857.440,-1.881640e-05,1.719152e-05,-1.743117e-04,1.594612e-03,-1.654505e-05,6.049296e-03,6.449152e-03,4.658277e-02,5.051114e-02,8.615421e-05,-1.536901e-04,9.161430e-04
857.640,-1.880409e-05,1.718032e-05,-1.741988e-04,1.594385e-03,-1.617425e-05,6.045027e-03,6.445399e-03,4.658621e-02,5.047637e-02,8.609996e-05,-1.536479e-04,9.156491e-04
857.840,-1.879178e-05,1.716913e-05,-1.740860e-04,1.594159e-03,-1.580369e-05,6.040761e-03,6.441648e-03,4.658965e-02,5.044163e-02,8.604575e-05,-1.536058e-04,9.151556e-04
858.040,-1.877948e-05,1.715795e-05,-1.739733e-04,1.593933e-03,-1.543338e-05,6.036498e-03,6.437899e-03,4.659309e-02,5.040691e-02,8.599157e-05,-1.535637e-04,9.146624e-04
858.240,-1.876719e-05,1.714678e-05,-1.738607e-04,1.593707e-03,-1.506330e-05,6.032237e-03,6.434153e-03,4.659652e-02,5.037222e-02,8.593743e-05,-1.535217e-04,9.141695e-04
858.440,-1.875491e-05,1.713562e-05,-1.737481e-04,1.593482e-03,-1.469347e-05,6.027979e-03,6.430410e-03,4.659995e-02,5.033754e-02,8.588332e-05,-1.534797e-04,9.136770e-04
858.640,-1.874264e-05,1.712446e-05,-1.736357e-04,1.593256e-03,-1.432387e-05,6.023724e-03,6.426668e-03,4.660338e-02,5.030289e-02,8.582926e-05,-1.534376e-04,9.131847e-04
858.840,-1.873038e-05,1.711331e-05,-1.735233e-04,1.593031e-03,-1.395452e-05,6.019471e-03,6.422930e-03,4.660681e-02,5.026826e-02,8.577522e-05,-1.533957e-04,9.126928e-04
859.040,-1.871812e-05,1.710216e-05,-1.734109e-04,1.592806e-03,-1.358540e-05,6.015222e-03,6.419193e-03,4.661023e-02,5.023365e-02,8.572122e-05,-1.533537e-04,9.122012e-04
859.240,-1.870587e-05,1.709103e-05,-1.732987e-04,1.592581e-03,-1.321653e-05,6.010975e-03,6.415459e-03,4.661366e-02,5.019907e-02,8.566726e-05,-1.533118e-04,9.117099e-04
859.440,-1.869363e-05,1.707990e-05,-1.731865e-04,1.592356e-03,-1.284789e-05,6.006731e-03,6.411728e-03,4.661708e-02,5.016451e-02,8.561333e-05,-1.532699e-04,9.112189e-04
859.640,-1.868140e-05,1.706877e-05,-1.730743e-04,1.592131e-03,-1.247949e-05,6.002489e-03,6.407999e-03,4.662050e-02,5.012997e-02,8.555944e-05,-1.532280e-04,9.107283e-04
859.840,-1.866917e-05,1.705766e-05,-1.729623e-04,1.591906e-03,-1.211133e-05,5.998250e-03,6.404273e-03,4.662391e-02,5.009545e-02,8.550558e-05,-1.531862e-04,9.102379e-04
860.040,-1.865695e-05,1.704655e-05,-1.728503e-04,1.591682e-03,-1.174341e-05,5.994015e-03,6.400549e-03,4.662733e-02,5.006095e-02,8.545175e-05,-1.531444e-04,9.097479e-04
860.240,-1.864475e-05,1.703545e-05,-1.727384e-04,1.591458e-03,-1.137573e-05,5.989781e-03,6.396827e-03,4.663074e-02,5.002648e-02,8.539797e-05,-1.531026e-04,9.092582e-04
860.440,-1.863255e-05,1.702436e-05,-1.726266e-04,1.591233e-03,-1.100828e-05,5.985551e-03,6.393108e-03,4.663415e-02,4.999203e-02,8.534421e-05,-1.530608e-04,9.087688e-04
860.640,-1.862035e-05,1.701327e-05,-1.725148e-04,1.591009e-03,-1.064108e-05,5.981323e-03,6.389391e-03,4.663756e-02,4.995760e-02,8.529049e-05,-1.530191e-04,9.082798e-04
860.840,-1.860817e-05,1.700219e-05,-1.724031e-04,1.590785e-03,-1.027411e-05,5.977098e-03,6.385677e-03,4.664096e-02,4.992319e-02,8.523681e-05,-1.529774e-04,9.077910e-04
861.040,-1.859599e-05,1.699112e-05,-1.722915e-04,1.590562e-03,-9.907383e-06,5.972876e-03,6.381965e-03,4.664436e-02,4.988881e-02,8.518316e-05,-1.529357e-04,9.073026e-04
861.240,-1.858382e-05,1.698006e-05,-1.721800e-04,1.590338e-03,-9.540891e-06,5.968656e-03,6.378255e-03,4.664776e-02,4.985445e-02,8.512955e-05,-1.528941e-04,9.068145e-04
861.440,-1.857166e-05,1.696900e-05,-1.720685e-04,1.590115e-03,-9.174637e-06,5.964440e-03,6.374548e-03,4.665116e-02,4.982011e-02,8.507597e-05,-1.528525e-04,9.063266e-04
861.640,-1.855951e-05,1.695795e-05,-1.719571e-04,1.589891e-03,-8.808621e-06,5.960225e-03,6.370843e-03,4.665456e-02,4.978579e-02,8.502243e-05,-1.528109e-04,9.058392e-04
861.840,-1.854736e-05,1.694691e-05,-1.718458e-04,1.589668e-03,-8.442842e-06,5.956014e-03,6.367141e-03,4.665795e-02,4.975149e-02,8.496892e-05,-1.527693e-04,9.053520e-04
862.040,-1.853523e-05,1.693587e-05,-1.717345e-04,1.589445e-03,-8.077300e-06,5.951806e-03,6.363441e-03,4.666134e-02,4.971722e-02,8.491545e-05,-1.527278e-04,9.048651e-04
862.240,-1.852310e-05,1.692484e-05,-1.716234e-04,1.589222e-03,-7.711995e-06,5.947600e-03,6.359744e-03,4.666473e-02,4.968297e-02,8.486201e-05,-1.526863e-04,9.043786e-04
862.440,-1.851098e-05,1.691382e-05,-1.715123e-04,1.589000e-03,-7.346928e-06,5.943396e-03,6.356049e-03,4.666812e-02,4.964874e-02,8.480860e-05,-1.526448e-04,9.038924e-04
862.640,-1.849886e-05,1.690280e-05,-1.714012e-04,1.588777e-03,-6.982097e-06,5.939196e-03,6.352357e-03,4.667151e-02,4.961454e-02,8.475523e-05,-1.526033e-04,9.034065e-04
862.840,-1.848676e-05,1.689180e-05,-1.712902e-04,1.588554e-03,-6.617502e-06,5.934998e-03,6.348666e-03,4.667489e-02,4.958035e-02,8.470190e-05,-1.525619e-04,9.029209e-04
863.040,-1.847466e-05,1.688080e-05,-1.711794e-04,1.588332e-03,-6.253144e-06,5.930803e-03,6.344979e-03,4.667827e-02,4.954619e-02,8.464860e-05,-1.525205e-04,9.024356e-04
863.240,-1.846257e-05,1.686980e-05,-1.710685e-04,1.588110e-03,-5.889022e-06,5.926611e-03,6.341293e-03,4.668165e-02,4.951205e-02,8.459533e-05,-1.524791e-04,9.019506e-04
863.440,-1.845049e-05,1.685882e-05,-1.709578e-04,1.587888e-03,-5.525137e-06,5.922421e-03,6.337611e-03,4.668503e-02,4.947793e-02,8.454210e-05,-1.524378e-04,9.014659e-04
863.640,-1.843841e-05,1.684784e-05,-1.708471e-04,1.587666e-03,-5.161487e-06,5.918234e-03,6.333930e-03,4.668840e-02,4.944384e-02,8.448891e-05,-1.523965e-04,9.009816e-04
863.840,-1.842635e-05,1.683687e-05,-1.707365e-04,1.587444e-03,-4.798073e-06,5.914050e-03,6.330252e-03,4.669177e-02,4.940976e-02,8.443575e-05,-1.523552e-04,9.004975e-04
864.040,-1.841429e-05,1.682590e-05,-1.706260e-04,1.587223e-03,-4.434895e-06,5.909869e-03,6.326576e-03,4.669514e-02,4.937571e-02,8.438262e-05,-1.523139e-04,9.000138e-04
864.240,-1.840224e-05,1.681495e-05,-1.705155e-04,1.587001e-03,-4.071952e-06,5.905690e-03,6.322903e-03,4.669851e-02,4.934168e-02,8.432953e-05,-1.522727e-04,8.995304e-04
864.440,-1.839020e-05,1.680400e-05,-1.704051e-04,1.586780e-03,-3.709245e-06,5.901514e-03,6.319232e-03,4.670188e-02,4.930767e-02,8.427647e-05,-1.522315e-04,8.990473e-04
864.640,-1.837817e-05,1.679305e-05,-1.702948e-04,1.586559e-03,-3.346773e-06,5.897341e-03,6.315564e-03,4.670524e-02,4.927369e-02,8.422345e-05,-1.521903e-04,8.985646e-04
864.840,-1.836614e-05,1.678212e-05,-1.701845e-04,1.586338e-03,-2.984536e-06,5.893170e-03,6.311898e-03,4.670860e-02,4.923972e-02,8.417046e-05,-1.521491e-04,8.980821e-04
865.040,-1.835412e-05,1.677119e-05,-1.700744e-04,1.586117e-03,-2.622534e-06,5.889002e-03,6.308234e-03,4.671196e-02,4.920578e-02,8.411751e-05,-1.521080e-04,8.975999e-04
865.240,-1.834211e-05,1.676027e-05,-1.699643e-04,1.585896e-03,-2.260767e-06,5.884837e-03,6.304573e-03,4.671532e-02,4.917186e-02,8.406459e-05,-1.520669e-04,8.971181e-04
865.440,-1.833011e-05,1.674935e-05,-1.698542e-04,1.585676e-03,-1.899234e-06,5.880674e-03,6.300914e-03,4.671867e-02,4.913796e-02,8.401170e-05,-1.520258e-04,8.966366e-04
865.640,-1.831811e-05,1.673844e-05,-1.697443e-04,1.585456e-03,-1.537936e-06,5.876514e-03,6.297258e-03,4.672202e-02,4.910409e-02,8.395885e-05,-1.519847e-04,8.961553e-04
865.840,-1.830613e-05,1.672754e-05,-1.696344e-04,1.585235e-03,-1.176872e-06,5.872357e-03,6.293603e-03,4.672537e-02,4.907023e-02,8.390604e-05,-1.519437e-04,8.956744e-04
866.040,-1.829415e-05,1.671665e-05,-1.695245e-04,1.585015e-03,-8.160418e-07,5.868203e-03,6.289952e-03,4.672872e-02,4.903640e-02,8.385326e-05,-1.519027e-04,8.951938e-04
866.240,-1.828218e-05,1.670576e-05,-1.694148e-04,1.584795e-03,-4.554458e-07,5.864051e-03,6.286302e-03,4.673207e-02,4.900259e-02,8.380051e-05,-1.518618e-04,8.947135e-04
866.440,-1.827021e-05,1.669488e-05,-1.693051e-04,1.584575e-03,-9.508382e-08,5.859902e-03,6.282656e-03,4.673541e-02,4.896880e-02,8.374780e-05,-1.518208e-04,8.942336e-04
866.640,-1.825826e-05,1.668401e-05,-1.691955e-04,1.584356e-03,2.650445e-07,5.855755e-03,6.279011e-03,4.673875e-02,4.893503e-02,8.369512e-05,-1.517799e-04,8.937539e-04
866.840,-1.824631e-05,1.667315e-05,-1.690860e-04,1.584136e-03,6.249392e-07,5.851612e-03,6.275369e-03,4.674209e-02,4.890129e-02,8.364247e-05,-1.517390e-04,8.932745e-04
867.040,-1.823437e-05,1.666229e-05,-1.689765e-04,1.583917e-03,9.846007e-07,5.847471e-03,6.271729e-03,4.674543e-02,4.886757e-02,8.358987e-05,-1.516982e-04,8.927955e-04
867.240,-1.822244e-05,1.665144e-05,-1.688671e-04,1.583697e-03,1.344029e-06,5.843332e-03,6.268092e-03,4.674876e-02,4.883387e-02,8.353729e-05,-1.516573e-04,8.923167e-04
867.440,-1.821051e-05,1.664059e-05,-1.687578e-04,1.583478e-03,1.703224e-06,5.839196e-03,6.264457e-03,4.675210e-02,4.880019e-02,8.348475e-05,-1.516165e-04,8.918383e-04
867.640,-1.819860e-05,1.662975e-05,-1.686485e-04,1.583259e-03,2.062186e-06,5.835063e-03,6.260824e-03,4.675543e-02,4.876653e-02,8.343224e-05,-1.515757e-04,8.913602e-04
867.840,-1.818669e-05,1.661892e-05,-1.685393e-04,1.583040e-03,2.420915e-06,5.830933e-03,6.257194e-03,4.675876e-02,4.873289e-02,8.337977e-05,-1.515350e-04,8.908824e-04
868.040,-1.817479e-05,1.660810e-05,-1.684302e-04,1.582822e-03,2.779412e-06,5.826805e-03,6.253566e-03,4.676208e-02,4.869928e-02,8.332734e-05,-1.514943e-04,8.904049e-04
868.240,-1.816289e-05,1.659729e-05,-1.683212e-04,1.582603e-03,3.137676e-06,5.822680e-03,6.249941e-03,4.676541e-02,4.866569e-02,8.327493e-05,-1.514536e-04,8.899277e-04
868.440,-1.815101e-05,1.658648e-05,-1.682122e-04,1.582385e-03,3.495708e-06,5.818558e-03,6.246318e-03,4.676873e-02,4.863212e-02,8.322256e-05,-1.514129e-04,8.894508e-04
868.640,-1.813913e-05,1.657567e-05,-1.681033e-04,1.582166e-03,3.853508e-06,5.814438e-03,6.242697e-03,4.677205e-02,4.859857e-02,8.317022e-05,-1.513723e-04,8.889742e-04
868.840,-1.812726e-05,1.656488e-05,-1.679945e-04,1.581948e-03,4.211076e-06,5.810321e-03,6.239078e-03,4.677537e-02,4.856504e-02,8.311792e-05,-1.513316e-04,8.884980e-04
869.040,-1.811540e-05,1.655409e-05,-1.678857e-04,1.581730e-03,4.568412e-06,5.806207e-03,6.235462e-03,4.677868e-02,4.853154e-02,8.306566e-05,-1.512910e-04,8.880220e-04
869.240,-1.810355e-05,1.654331e-05,-1.677770e-04,1.581512e-03,4.925516e-06,5.802095e-03,6.231849e-03,4.678200e-02,4.849805e-02,8.301342e-05,-1.512505e-04,8.875464e-04
869.440,-1.809170e-05,1.653254e-05,-1.676684e-04,1.581295e-03,5.282388e-06,5.797986e-03,6.228237e-03,4.678531e-02,4.846459e-02,8.296122e-05,-1.512099e-04,8.870710e-04
869.640,-1.807986e-05,1.652177e-05,-1.675599e-04,1.581077e-03,5.639029e-06,5.793880e-03,6.224629e-03,4.678862e-02,4.843115e-02,8.290905e-05,-1.511694e-04,8.865960e-04
869.840,-1.806803e-05,1.651101e-05,-1.674514e-04,1.580860e-03,5.995439e-06,5.789776e-03,6.221022e-03,4.679192e-02,4.839773e-02,8.285692e-05,-1.511289e-04,8.861213e-04
870.040,-1.805621e-05,1.650026e-05,-1.673430e-04,1.580642e-03,6.351618e-06,5.785675e-03,6.217418e-03,4.679523e-02,4.836433e-02,8.280483e-05,-1.510885e-04,8.856468e-04
870.240,-1.804439e-05,1.648951e-05,-1.672346e-04,1.580425e-03,6.707565e-06,5.781577e-03,6.213816e-03,4.679853e-02,4.833096e-02,8.275276e-05,-1.510480e-04,8.851727e-04
870.440,-1.803258e-05,1.647877e-05,-1.671264e-04,1.580208e-03,7.063282e-06,5.777481e-03,6.210217e-03,4.680183e-02,4.829760e-02,8.270073e-05,-1.510076e-04,8.846989e-04
870.640,-1.802078e-05,1.646804e-05,-1.670182e-04,1.579991e-03,7.418769e-06,5.773388e-03,6.206619e-03,4.680513e-02,4.826427e-02,8.264874e-05,-1.509672e-04,8.842254e-04
870.840,-1.800899e-05,1.645731e-05,-1.669100e-04,1.579775e-03,7.774024e-06,5.769297e-03,6.203025e-03,4.680843e-02,4.823096e-02,8.259678e-05,-1.509269e-04,8.837522e-04
871.040,-1.799721e-05,1.644660e-05,-1.668020e-04,1.579558e-03,8.129050e-06,5.765210e-03,6.199432e-03,4.681172e-02,4.819767e-02,8.254485e-05,-1.508866e-04,8.832793e-04
871.240,-1.798543e-05,1.643589e-05,-1.666940e-04,1.579342e-03,8.483845e-06,5.761124e-03,6.195842e-03,4.681501e-02,4.816440e-02,8.249295e-05,-1.508463e-04,8.828068e-04
871.440,-1.797366e-05,1.642518e-05,-1.665861e-04,1.579125e-03,8.838410e-06,5.757042e-03,6.192254e-03,4.681830e-02,4.813116e-02,8.244110e-05,-1.508060e-04,8.823345e-04
871.640,-1.796190e-05,1.641448e-05,-1.664782e-04,1.578909e-03,9.192745e-06,5.752962e-03,6.188669e-03,4.682159e-02,4.809793e-02,8.238927e-05,-1.507657e-04,8.818625e-04
871.840,-1.795015e-05,1.640379e-05,-1.663704e-04,1.578693e-03,9.546850e-06,5.748885e-03,6.185086e-03,4.682487e-02,4.806473e-02,8.233747e-05,-1.507255e-04,8.813909e-04
872.040,-1.793840e-05,1.639311e-05,-1.662627e-04,1.578477e-03,9.900726e-06,5.744810e-03,6.181505e-03,4.682816e-02,4.803155e-02,8.228571e-05,-1.506853e-04,8.809195e-04
872.240,-1.792666e-05,1.638243e-05,-1.661551e-04,1.578262e-03,1.025437e-05,5.740738e-03,6.177927e-03,4.683144e-02,4.799839e-02,8.223399e-05,-1.506452e-04,8.804484e-04
872.440,-1.791493e-05,1.637176e-05,-1.660475e-04,1.578046e-03,1.060779e-05,5.736669e-03,6.174351e-03,4.683472e-02,4.796525e-02,8.218230e-05,-1.506050e-04,8.799777e-04
872.640,-1.790321e-05,1.636110e-05,-1.659400e-04,1.577831e-03,1.096098e-05,5.732602e-03,6.170777e-03,4.683800e-02,4.793213e-02,8.213064e-05,-1.505649e-04,8.795072e-04
872.840,-1.789149e-05,1.635045e-05,-1.658326e-04,1.577615e-03,1.131393e-05,5.728538e-03,6.167206e-03,4.684127e-02,4.789904e-02,8.207902e-05,-1.505248e-04,8.790371e-04
873.040,-1.787979e-05,1.633980e-05,-1.657252e-04,1.577400e-03,1.166666e-05,5.724477e-03,6.163637e-03,4.684454e-02,4.786596e-02,8.202742e-05,-1.504848e-04,8.785673e-04
873.240,-1.786809e-05,1.632915e-05,-1.656179e-04,1.577185e-03,1.201917e-05,5.720418e-03,6.160070e-03,4.684781e-02,4.783291e-02,8.197587e-05,-1.504447e-04,8.780977e-04
873.440,-1.785639e-05,1.631852e-05,-1.655107e-04,1.576970e-03,1.237144e-05,5.716362e-03,6.156506e-03,4.685108e-02,4.779988e-02,8.192434e-05,-1.504047e-04,8.776285e-04
873.640,-1.784471e-05,1.630789e-05,-1.654035e-04,1.576756e-03,1.272348e-05,5.712308e-03,6.152944e-03,4.685435e-02,4.776687e-02,8.187286e-05,-1.503647e-04,8.771596e-04
873.840,-1.783303e-05,1.629727e-05,-1.652965e-04,1.576541e-03,1.307530e-05,5.708257e-03,6.149384e-03,4.685761e-02,4.773388e-02,8.182140e-05,-1.503248e-04,8.766909e-04
874.040,-1.782136e-05,1.628666e-05,-1.651894e-04,1.576327e-03,1.342688e-05,5.704209e-03,6.145827e-03,4.686087e-02,4.770091e-02,8.176998e-05,-1.502848e-04,8.762226e-04
874.240,-1.780970e-05,1.627605e-05,-1.650825e-04,1.576112e-03,1.377824e-05,5.700163e-03,6.142272e-03,4.686413e-02,4.766797e-02,8.171859e-05,-1.502449e-04,8.757546e-04
874.440,-1.779805e-05,1.626545e-05,-1.649756e-04,1.575898e-03,1.412938e-05,5.696120e-03,6.138719e-03,4.686739e-02,4.763504e-02,8.166723e-05,-1.502051e-04,8.752869e-04
874.640,-1.778640e-05,1.625485e-05,-1.648688e-04,1.575684e-03,1.448028e-05,5.692080e-03,6.135169e-03,4.687065e-02,4.760214e-02,8.161591e-05,-1.501652e-04,8.748195e-04
874.840,-1.777476e-05,1.624427e-05,-1.647621e-04,1.575470e-03,1.483096e-05,5.688042e-03,6.131621e-03,4.687390e-02,4.756925e-02,8.156462e-05,-1.501254e-04,8.743524e-04
875.040,-1.776313e-05,1.623369e-05,-1.646554e-04,1.575256e-03,1.518140e-05,5.684007e-03,6.128075e-03,4.687715e-02,4.753639e-02,8.151337e-05,-1.500856e-04,8.738855e-04
875.240,-1.775151e-05,1.622311e-05,-1.645488e-04,1.575043e-03,1.553163e-05,5.679974e-03,6.124532e-03,4.688040e-02,4.750355e-02,8.146214e-05,-1.500458e-04,8.734191e-04
875.440,-1.773989e-05,1.621255e-05,-1.644423e-04,1.574829e-03,1.588162e-05,5.675944e-03,6.120991e-03,4.688365e-02,4.747073e-02,8.141095e-05,-1.500061e-04,8.729528e-04
875.640,-1.772828e-05,1.620199e-05,-1.643358e-04,1.574616e-03,1.623139e-05,5.671917e-03,6.117452e-03,4.688690e-02,4.743794e-02,8.135980e-05,-1.499663e-04,8.724869e-04
875.840,-1.771668e-05,1.619144e-05,-1.642294e-04,1.574403e-03,1.658093e-05,5.667892e-03,6.113916e-03,4.689014e-02,4.740516e-02,8.130868e-05,-1.499266e-04,8.720213e-04
876.040,-1.770509e-05,1.618089e-05,-1.641231e-04,1.574190e-03,1.693024e-05,5.663870e-03,6.110382e-03,4.689338e-02,4.737241e-02,8.125759e-05,-1.498870e-04,8.715560e-04
876.240,-1.769350e-05,1.617035e-05,-1.640168e-04,1.573977e-03,1.727933e-05,5.659850e-03,6.106850e-03,4.689662e-02,4.733967e-02,8.120654e-05,-1.498473e-04,8.710910e-04
876.440,-1.768193e-05,1.615982e-05,-1.639106e-04,1.573764e-03,1.762819e-05,5.655833e-03,6.103320e-03,4.689986e-02,4.730696e-02,8.115551e-05,-1.498077e-04,8.706264e-04
876.640,-1.767036e-05,1.614930e-05,-1.638045e-04,1.573551e-03,1.797683e-05,5.651819e-03,6.099793e-03,4.690309e-02,4.727427e-02,8.110452e-05,-1.497681e-04,8.701619e-04
876.840,-1.765879e-05,1.613878e-05,-1.636985e-04,1.573339e-03,1.832524e-05,5.647807e-03,6.096268e-03,4.690632e-02,4.724160e-02,8.105357e-05,-1.497285e-04,8.696978e-04
877.040,-1.764724e-05,1.612827e-05,-1.635925e-04,1.573126e-03,1.867342e-05,5.643798e-03,6.092746e-03,4.690955e-02,4.720895e-02,8.100264e-05,-1.496890e-04,8.692341e-04
877.240,-1.763569e-05,1.611776e-05,-1.634866e-04,1.572914e-03,1.902138e-05,5.639791e-03,6.089226e-03,4.691278e-02,4.717632e-02,8.095176e-05,-1.496495e-04,8.687705e-04
877.440,-1.762415e-05,1.610726e-05,-1.633807e-04,1.572702e-03,1.936911e-05,5.635787e-03,6.085708e-03,4.691601e-02,4.714371e-02,8.090090e-05,-1.496100e-04,8.683074e-04
877.640,-1.761262e-05,1.609677e-05,-1.632750e-04,1.572490e-03,1.971661e-05,5.631786e-03,6.082192e-03,4.691923e-02,4.711113e-02,8.085008e-05,-1.495705e-04,8.678445e-04
877.840,-1.760109e-05,1.608629e-05,-1.631693e-04,1.572278e-03,2.006389e-05,5.627787e-03,6.078679e-03,4.692245e-02,4.707856e-02,8.079929e-05,-1.495311e-04,8.673819e-04
878.040,-1.758958e-05,1.607581e-05,-1.630636e-04,1.572066e-03,2.041095e-05,5.623790e-03,6.075167e-03,4.692567e-02,4.704602e-02,8.074853e-05,-1.494917e-04,8.669196e-04
878.240,-1.757807e-05,1.606534e-05,-1.629580e-04,1.571855e-03,2.075778e-05,5.619797e-03,6.071659e-03,4.692889e-02,4.701350e-02,8.069781e-05,-1.494523e-04,8.664576e-04
878.440,-1.756656e-05,1.605488e-05,-1.628525e-04,1.571643e-03,2.110438e-05,5.615806e-03,6.068152e-03,4.693211e-02,4.698100e-02,8.064712e-05,-1.494130e-04,8.659959e-04
878.640,-1.755507e-05,1.604442e-05,-1.627471e-04,1.571432e-03,2.145077e-05,5.611817e-03,6.064648e-03,4.693532e-02,4.694852e-02,8.059646e-05,-1.493736e-04,8.655344e-04
878.840,-1.754358e-05,1.603397e-05,-1.626417e-04,1.571221e-03,2.179692e-05,5.607831e-03,6.061146e-03,4.693853e-02,4.691606e-02,8.054584e-05,-1.493343e-04,8.650734e-04
879.040,-1.753210e-05,1.602353e-05,-1.625364e-04,1.571010e-03,2.214285e-05,5.603848e-03,6.057647e-03,4.694174e-02,4.688362e-02,8.049525e-05,-1.492950e-04,8.646125e-04
879.240,-1.752063e-05,1.601309e-05,-1.624312e-04,1.570799e-03,2.248856e-05,5.599867e-03,6.054149e-03,4.694495e-02,4.685120e-02,8.044468e-05,-1.492558e-04,8.641520e-04
879.440,-1.750917e-05,1.600266e-05,-1.623261e-04,1.570588e-03,2.283404e-05,5.595889e-03,6.050654e-03,4.694816e-02,4.681880e-02,8.039416e-05,-1.492166e-04,8.636918e-04
879.640,-1.749771e-05,1.599224e-05,-1.622210e-04,1.570378e-03,2.317930e-05,5.591913e-03,6.047162e-03,4.695136e-02,4.678643e-02,8.034366e-05,-1.491774e-04,8.632319e-04
879.840,-1.748626e-05,1.598182e-05,-1.621159e-04,1.570167e-03,2.352434e-05,5.587940e-03,6.043671e-03,4.695456e-02,4.675407e-02,8.029320e-05,-1.491382e-04,8.627723e-04
880.040,-1.747482e-05,1.597141e-05,-1.620110e-04,1.569957e-03,2.386915e-05,5.583970e-03,6.040183e-03,4.695776e-02,4.672174e-02,8.024278e-05,-1.490990e-04,8.623130e-04
880.240,-1.746338e-05,1.596101e-05,-1.619061e-04,1.569747e-03,2.421374e-05,5.580002e-03,6.036697e-03,4.696096e-02,4.668943e-02,8.019238e-05,-1.490599e-04,8.618540e-04
880.440,-1.745195e-05,1.595061e-05,-1.618013e-04,1.569537e-03,2.455810e-05,5.576037e-03,6.033214e-03,4.696415e-02,4.665714e-02,8.014203e-05,-1.490208e-04,8.613952e-04
880.640,-1.744054e-05,1.594022e-05,-1.616965e-04,1.569327e-03,2.490224e-05,5.572074e-03,6.029732e-03,4.696734e-02,4.662486e-02,8.009170e-05,-1.489817e-04,8.609368e-04
880.840,-1.742912e-05,1.592984e-05,-1.615918e-04,1.569117e-03,2.524616e-05,5.568114e-03,6.026253e-03,4.697054e-02,4.659261e-02,8.004140e-05,-1.489427e-04,8.604787e-04
881.040,-1.741772e-05,1.591946e-05,-1.614872e-04,1.568908e-03,2.558985e-05,5.564156e-03,6.022776e-03,4.697372e-02,4.656039e-02,7.999114e-05,-1.489036e-04,8.600209e-04
881.240,-1.740632e-05,1.590909e-05,-1.613827e-04,1.568698e-03,2.593333e-05,5.560201e-03,6.019302e-03,4.697691e-02,4.652818e-02,7.994091e-05,-1.488646e-04,8.595633e-04
881.440,-1.739493e-05,1.589873e-05,-1.612782e-04,1.568489e-03,2.627657e-05,5.556248e-03,6.015830e-03,4.698010e-02,4.649599e-02,7.989071e-05,-1.488257e-04,8.591061e-04
881.640,-1.738355e-05,1.588838e-05,-1.611738e-04,1.568280e-03,2.661960e-05,5.552299e-03,6.012360e-03,4.698328e-02,4.646382e-02,7.984055e-05,-1.487867e-04,8.586491e-04
881.840,-1.737217e-05,1.587803e-05,-1.610694e-04,1.568070e-03,2.696241e-05,5.548351e-03,6.008892e-03,4.698646e-02,4.643168e-02,7.979041e-05,-1.487478e-04,8.581925e-04
882.040,-1.736081e-05,1.586768e-05,-1.609651e-04,1.567862e-03,2.730499e-05,5.544406e-03,6.005427e-03,4.698964e-02,4.639955e-02,7.974032e-05,-1.487089e-04,8.577361e-04
882.240,-1.734945e-05,1.585735e-05,-1.608609e-04,1.567653e-03,2.764735e-05,5.540464e-03,6.001964e-03,4.699281e-02,4.636745e-02,7.969025e-05,-1.486700e-04,8.572801e-04
882.440,-1.733809e-05,1.584702e-05,-1.607568e-04,1.567444e-03,2.798948e-05,5.536524e-03,5.998503e-03,4.699599e-02,4.633536e-02,7.964022e-05,-1.486312e-04,8.568243e-04
882.640,-1.732675e-05,1.583670e-05,-1.606527e-04,1.567236e-03,2.833140e-05,5.532587e-03,5.995044e-03,4.699916e-02,4.630330e-02,7.959021e-05,-1.485924e-04,8.563688e-04
882.840,-1.731541e-05,1.582638e-05,-1.605487e-04,1.567027e-03,2.867309e-05,5.528652e-03,5.991588e-03,4.700233e-02,4.627126e-02,7.954025e-05,-1.485536e-04,8.559136e-04
883.040,-1.730408e-05,1.581607e-05,-1.604447e-04,1.566819e-03,2.901457e-05,5.524720e-03,5.988134e-03,4.700550e-02,4.623924e-02,7.949031e-05,-1.485148e-04,8.554588e-04
883.240,-1.729276e-05,1.580577e-05,-1.603409e-04,1.566611e-03,2.935582e-05,5.520791e-03,5.984682e-03,4.700866e-02,4.620724e-02,7.944041e-05,-1.484761e-04,8.550042e-04
883.440,-1.728144e-05,1.579548e-05,-1.602371e-04,1.566403e-03,2.969685e-05,5.516864e-03,5.981232e-03,4.701183e-02,4.617526e-02,7.939054e-05,-1.484374e-04,8.545499e-04
883.640,-1.727013e-05,1.578519e-05,-1.601333e-04,1.566195e-03,3.003765e-05,5.512939e-03,5.977785e-03,4.701499e-02,4.614330e-02,7.934070e-05,-1.483987e-04,8.540959e-04
883.840,-1.725883e-05,1.577491e-05,-1.600296e-04,1.565987e-03,3.037824e-05,5.509017e-03,5.974340e-03,4.701815e-02,4.611136e-02,7.929089e-05,-1.483600e-04,8.536422e-04
884.040,-1.724754e-05,1.576463e-05,-1.599260e-04,1.565780e-03,3.071861e-05,5.505098e-03,5.970897e-03,4.702131e-02,4.607944e-02,7.924112e-05,-1.483214e-04,8.531888e-04
884.240,-1.723626e-05,1.575436e-05,-1.598225e-04,1.565572e-03,3.105875e-05,5.501181e-03,5.967457e-03,4.702446e-02,4.604755e-02,7.919138e-05,-1.482827e-04,8.527357e-04
884.440,-1.722498e-05,1.574410e-05,-1.597190e-04,1.565365e-03,3.139868e-05,5.497267e-03,5.964018e-03,4.702762e-02,4.601567e-02,7.914167e-05,-1.482442e-04,8.522828e-04
884.640,-1.721371e-05,1.573385e-05,-1.596156e-04,1.565158e-03,3.173838e-05,5.493355e-03,5.960582e-03,4.703077e-02,4.598381e-02,7.909199e-05,-1.482056e-04,8.518303e-04
884.840,-1.720244e-05,1.572360e-05,-1.595123e-04,1.564951e-03,3.207787e-05,5.489446e-03,5.957149e-03,4.703392e-02,4.595198e-02,7.904235e-05,-1.481671e-04,8.513781e-04
885.040,-1.719119e-05,1.571335e-05,-1.594090e-04,1.564744e-03,3.241713e-05,5.485539e-03,5.953717e-03,4.703707e-02,4.592016e-02,7.899274e-05,-1.481285e-04,8.509261e-04
885.240,-1.717994e-05,1.570312e-05,-1.593058e-04,1.564537e-03,3.275618e-05,5.481635e-03,5.950288e-03,4.704021e-02,4.588837e-02,7.894316e-05,-1.480900e-04,8.504745e-04
885.440,-1.716870e-05,1.569289e-05,-1.592026e-04,1.564330e-03,3.309500e-05,5.477733e-03,5.946861e-03,4.704336e-02,4.585659e-02,7.889361e-05,-1.480516e-04,8.500231e-04
885.640,-1.715746e-05,1.568267e-05,-1.590996e-04,1.564124e-03,3.343361e-05,5.473834e-03,5.943436e-03,4.704650e-02,4.582484e-02,7.884410e-05,-1.480131e-04,8.495720e-04
885.840,-1.714623e-05,1.567245e-05,-1.589966e-04,1.563917e-03,3.377199e-05,5.469937e-03,5.940013e-03,4.704964e-02,4.579311e-02,7.879462e-05,-1.479747e-04,8.491212e-04
886.040,-1.713502e-05,1.566224e-05,-1.588936e-04,1.563711e-03,3.411016e-05,5.466043e-03,5.936593e-03,4.705277e-02,4.576140e-02,7.874517e-05,-1.479363e-04,8.486707e-04
886.240,-1.712380e-05,1.565204e-05,-1.587908e-04,1.563505e-03,3.444810e-05,5.462151e-03,5.933175e-03,4.705591e-02,4.572971e-02,7.869575e-05,-1.478980e-04,8.482205e-04
886.440,-1.711260e-05,1.564185e-05,-1.586880e-04,1.563299e-03,3.478583e-05,5.458262e-03,5.929759e-03,4.705904e-02,4.569804e-02,7.864636e-05,-1.478596e-04,8.477706e-04
886.640,-1.710140e-05,1.563166e-05,-1.585852e-04,1.563093e-03,3.512334e-05,5.454376e-03,5.926345e-03,4.706217e-02,4.566638e-02,7.859701e-05,-1.478213e-04,8.473210e-04
886.840,-1.709021e-05,1.562147e-05,-1.584825e-04,1.562887e-03,3.546063e-05,5.450492e-03,5.922934e-03,4.706530e-02,4.563475e-02,7.854769e-05,-1.477830e-04,8.468717e-04
887.040,-1.707903e-05,1.561130e-05,-1.583799e-04,1.562682e-03,3.579770e-05,5.446610e-03,5.919525e-03,4.706843e-02,4.560315e-02,7.849839e-05,-1.477448e-04,8.464227e-04
887.240,-1.706785e-05,1.560113e-05,-1.582774e-04,1.562476e-03,3.613455e-05,5.442731e-03,5.916118e-03,4.707156e-02,4.557156e-02,7.844914e-05,-1.477065e-04,8.459739e-04
887.440,-1.705668e-05,1.559097e-05,-1.581749e-04,1.562271e-03,3.647119e-05,5.438855e-03,5.912713e-03,4.707468e-02,4.553999e-02,7.839992e-05,-1.476683e-04,8.455255e-04
887.640,-1.704552e-05,1.558081e-05,-1.580725e-04,1.562066e-03,3.680760e-05,5.434981e-03,5.909311e-03,4.707780e-02,4.550844e-02,7.835073e-05,-1.476301e-04,8.450773e-04
887.840,-1.703437e-05,1.557066e-05,-1.579702e-04,1.561861e-03,3.714380e-05,5.431109e-03,5.905910e-03,4.708092e-02,4.547691e-02,7.830156e-05,-1.475920e-04,8.446295e-04
888.040,-1.702322e-05,1.556052e-05,-1.578679e-04,1.561656e-03,3.747978e-05,5.427240e-03,5.902512e-03,4.708404e-02,4.544540e-02,7.825244e-05,-1.475538e-04,8.441819e-04
888.240,-1.701208e-05,1.555038e-05,-1.577657e-04,1.561451e-03,3.781554e-05,5.423374e-03,5.899117e-03,4.708715e-02,4.541392e-02,7.820334e-05,-1.475157e-04,8.437346e-04
888.440,-1.700095e-05,1.554025e-05,-1.576635e-04,1.561247e-03,3.815108e-05,5.419510e-03,5.895723e-03,4.709026e-02,4.538245e-02,7.815427e-05,-1.474776e-04,8.432876e-04
888.640,-1.698983e-05,1.553013e-05,-1.575615e-04,1.561042e-03,3.848641e-05,5.415648e-03,5.892332e-03,4.709338e-02,4.535100e-02,7.810524e-05,-1.474396e-04,8.428409e-04
888.840,-1.697871e-05,1.552001e-05,-1.574595e-04,1.560838e-03,3.882152e-05,5.411789e-03,5.888943e-03,4.709648e-02,4.531958e-02,7.805624e-05,-1.474015e-04,8.423944e-04
889.040,-1.696760e-05,1.550990e-05,-1.573575e-04,1.560634e-03,3.915641e-05,5.407933e-03,5.885556e-03,4.709959e-02,4.528817e-02,7.800727e-05,-1.473635e-04,8.419483e-04
889.240,-1.695650e-05,1.549980e-05,-1.572556e-04,1.560429e-03,3.949108e-05,5.404079e-03,5.882171e-03,4.710270e-02,4.525679e-02,7.795834e-05,-1.473255e-04,8.415024e-04
889.440,-1.694540e-05,1.548970e-05,-1.571538e-04,1.560226e-03,3.982554e-05,5.400227e-03,5.878789e-03,4.710580e-02,4.522542e-02,7.790943e-05,-1.472876e-04,8.410569e-04
889.640,-1.693432e-05,1.547961e-05,-1.570521e-04,1.560022e-03,4.015978e-05,5.396378e-03,5.875408e-03,4.710890e-02,4.519408e-02,7.786056e-05,-1.472496e-04,8.406116e-04
889.840,-1.692324e-05,1.546953e-05,-1.569504e-04,1.559818e-03,4.049380e-05,5.392532e-03,5.872030e-03,4.711200e-02,4.516275e-02,7.781172e-05,-1.472117e-04,8.401666e-04
890.040,-1.691216e-05,1.545945e-05,-1.568488e-04,1.559614e-03,4.082761e-05,5.388688e-03,5.868654e-03,4.711510e-02,4.513145e-02,7.776291e-05,-1.471738e-04,8.397219e-04
890.240,-1.690110e-05,1.544938e-05,-1.567472e-04,1.559411e-03,4.116120e-05,5.384846e-03,5.865281e-03,4.711819e-02,4.510017e-02,7.771413e-05,-1.471360e-04,8.392775e-04
890.440,-1.689004e-05,1.543932e-05,-1.566457e-04,1.559208e-03,4.149457e-05,5.381007e-03,5.861909e-03,4.712128e-02,4.506890e-02,7.766538e-05,-1.470981e-04,8.388334e-04
890.640,-1.687899e-05,1.542926e-05,-1.565443e-04,1.559005e-03,4.182773e-05,5.377171e-03,5.858540e-03,4.712437e-02,4.503766e-02,7.761667e-05,-1.470603e-04,8.383896e-04
890.840,-1.686794e-05,1.541921e-05,-1.564430e-04,1.558801e-03,4.216067e-05,5.373336e-03,5.855173e-03,4.712746e-02,4.500644e-02,7.756799e-05,-1.470226e-04,8.379460e-04
891.040,-1.685690e-05,1.540917e-05,-1.563417e-04,1.558599e-03,4.249340e-05,5.369505e-03,5.851808e-03,4.713055e-02,4.497523e-02,7.751934e-05,-1.469848e-04,8.375028e-04
891.240,-1.684587e-05,1.539913e-05,-1.562405e-04,1.558396e-03,4.282591e-05,5.365676e-03,5.848446e-03,4.713364e-02,4.494405e-02,7.747072e-05,-1.469470e-04,8.370598e-04
891.440,-1.683485e-05,1.538910e-05,-1.561393e-04,1.558193e-03,4.315820e-05,5.361849e-03,5.845085e-03,4.713672e-02,4.491289e-02,7.742213e-05,-1.469093e-04,8.366171e-04
891.640,-1.682384e-05,1.537907e-05,-1.560382e-04,1.557991e-03,4.349028e-05,5.358025e-03,5.841727e-03,4.713980e-02,4.488175e-02,7.737358e-05,-1.468716e-04,8.361747e-04
891.840,-1.681283e-05,1.536905e-05,-1.559372e-04,1.557788e-03,4.382214e-05,5.354203e-03,5.838371e-03,4.714288e-02,4.485062e-02,7.732505e-05,-1.468340e-04,8.357326e-04
892.040,-1.680183e-05,1.535904e-05,-1.558362e-04,1.557586e-03,4.415379e-05,5.350384e-03,5.835017e-03,4.714595e-02,4.481952e-02,7.727656e-05,-1.467963e-04,8.352908e-04
892.240,-1.679083e-05,1.534904e-05,-1.557353e-04,1.557384e-03,4.448522e-05,5.346567e-03,5.831665e-03,4.714903e-02,4.478844e-02,7.722810e-05,-1.467587e-04,8.348492e-04
892.440,-1.677985e-05,1.533904e-05,-1.556345e-04,1.557182e-03,4.481644e-05,5.342753e-03,5.828316e-03,4.715210e-02,4.475738e-02,7.717967e-05,-1.467211e-04,8.344080e-04
892.640,-1.676887e-05,1.532904e-05,-1.555337e-04,1.556980e-03,4.514745e-05,5.338941e-03,5.824969e-03,4.715517e-02,4.472634e-02,7.713128e-05,-1.466836e-04,8.339670e-04
892.840,-1.675789e-05,1.531906e-05,-1.554330e-04,1.556778e-03,4.547823e-05,5.335132e-03,5.821624e-03,4.715824e-02,4.469531e-02,7.708291e-05,-1.466460e-04,8.335263e-04
893.040,-1.674693e-05,1.530908e-05,-1.553324e-04,1.556577e-03,4.580881e-05,5.331325e-03,5.818281e-03,4.716131e-02,4.466431e-02,7.703457e-05,-1.466085e-04,8.330859e-04
893.240,-1.673597e-05,1.529911e-05,-1.552318e-04,1.556375e-03,4.613917e-05,5.327520e-03,5.814940e-03,4.716437e-02,4.463333e-02,7.698627e-05,-1.465710e-04,8.326458e-04
893.440,-1.672502e-05,1.528914e-05,-1.551313e-04,1.556174e-03,4.646931e-05,5.323718e-03,5.811602e-03,4.716744e-02,4.460237e-02,7.693800e-05,-1.465335e-04,8.322060e-04
893.640,-1.671408e-05,1.527918e-05,-1.550309e-04,1.555973e-03,4.679925e-05,5.319919e-03,5.808265e-03,4.717050e-02,4.457143e-02,7.688976e-05,-1.464961e-04,8.317664e-04
893.840,-1.670314e-05,1.526923e-05,-1.549305e-04,1.555772e-03,4.712896e-05,5.316122e-03,5.804931e-03,4.717356e-02,4.454051e-02,7.684155e-05,-1.464587e-04,8.313272e-04
894.040,-1.669221e-05,1.525928e-05,-1.548302e-04,1.555571e-03,4.745847e-05,5.312327e-03,5.801599e-03,4.717661e-02,4.450960e-02,7.679337e-05,-1.464213e-04,8.308882e-04
894.240,-1.668129e-05,1.524934e-05,-1.547300e-04,1.555370e-03,4.778776e-05,5.308535e-03,5.798269e-03,4.717967e-02,4.447872e-02,7.674523e-05,-1.463839e-04,8.304495e-04
894.440,-1.667037e-05,1.523940e-05,-1.546298e-04,1.555169e-03,4.811683e-05,5.304745e-03,5.794942e-03,4.718272e-02,4.444786e-02,7.669712e-05,-1.463466e-04,8.300111e-04
894.640,-1.665947e-05,1.522948e-05,-1.545297e-04,1.554969e-03,4.844570e-05,5.300958e-03,5.791616e-03,4.718577e-02,4.441702e-02,7.664903e-05,-1.463093e-04,8.295730e-04
894.840,-1.664857e-05,1.521955e-05,-1.544296e-04,1.554768e-03,4.877435e-05,5.297173e-03,5.788293e-03,4.718882e-02,4.438620e-02,7.660098e-05,-1.462720e-04,8.291351e-04
895.040,-1.663767e-05,1.520964e-05,-1.543296e-04,1.554568e-03,4.910278e-05,5.293391e-03,5.784972e-03,4.719187e-02,4.435540e-02,7.655296e-05,-1.462347e-04,8.286975e-04
895.240,-1.662679e-05,1.519973e-05,-1.542297e-04,1.554368e-03,4.943101e-05,5.289611e-03,5.781653e-03,4.719491e-02,4.432461e-02,7.650497e-05,-1.461975e-04,8.282603e-04
895.440,-1.661591e-05,1.518983e-05,-1.541299e-04,1.554168e-03,4.975902e-05,5.285834e-03,5.778337e-03,4.719796e-02,4.429385e-02,7.645701e-05,-1.461602e-04,8.278233e-04
895.640,-1.660503e-05,1.517993e-05,-1.540301e-04,1.553968e-03,5.008682e-05,5.282059e-03,5.775022e-03,4.720100e-02,4.426311e-02,7.640909e-05,-1.461230e-04,8.273866e-04
895.840,-1.659417e-05,1.517004e-05,-1.539304e-04,1.553768e-03,5.041440e-05,5.278286e-03,5.771710e-03,4.720404e-02,4.423239e-02,7.636119e-05,-1.460859e-04,8.269501e-04
896.040,-1.658331e-05,1.516016e-05,-1.538307e-04,1.553569e-03,5.074177e-05,5.274516e-03,5.768399e-03,4.720707e-02,4.420169e-02,7.631333e-05,-1.460487e-04,8.265140e-04
896.240,-1.657246e-05,1.515028e-05,-1.537311e-04,1.553369e-03,5.106893e-05,5.270748e-03,5.765091e-03,4.721011e-02,4.417100e-02,7.626550e-05,-1.460116e-04,8.260781e-04
896.440,-1.656162e-05,1.514041e-05,-1.536316e-04,1.553170e-03,5.139588e-05,5.266983e-03,5.761786e-03,4.721314e-02,4.414034e-02,7.621770e-05,-1.459745e-04,8.256425e-04
896.640,-1.655078e-05,1.513055e-05,-1.535321e-04,1.552971e-03,5.172262e-05,5.263220e-03,5.758482e-03,4.721617e-02,4.410970e-02,7.616993e-05,-1.459374e-04,8.252072e-04
896.840,-1.653995e-05,1.512069e-05,-1.534327e-04,1.552771e-03,5.204914e-05,5.259460e-03,5.755180e-03,4.721920e-02,4.407908e-02,7.612219e-05,-1.459004e-04,8.247722e-04
897.040,-1.652913e-05,1.511084e-05,-1.533333e-04,1.552572e-03,5.237546e-05,5.255702e-03,5.751881e-03,4.722223e-02,4.404847e-02,7.607448e-05,-1.458633e-04,8.243375e-04
897.240,-1.651831e-05,1.510100e-05,-1.532341e-04,1.552374e-03,5.270156e-05,5.251947e-03,5.748584e-03,4.722525e-02,4.401789e-02,7.602681e-05,-1.458263e-04,8.239030e-04
897.440,-1.650750e-05,1.509116e-05,-1.531349e-04,1.552175e-03,5.302745e-05,5.248193e-03,5.745289e-03,4.722828e-02,4.398733e-02,7.597916e-05,-1.457894e-04,8.234688e-04
897.640,-1.649670e-05,1.508133e-05,-1.530357e-04,1.551976e-03,5.335313e-05,5.244443e-03,5.741996e-03,4.723130e-02,4.395678e-02,7.593154e-05,-1.457524e-04,8.230350e-04
897.840,-1.648591e-05,1.507150e-05,-1.529366e-04,1.551778e-03,5.367859e-05,5.240695e-03,5.738705e-03,4.723432e-02,4.392626e-02,7.588396e-05,-1.457155e-04,8.226013e-04
898.040,-1.647512e-05,1.506169e-05,-1.528376e-04,1.551580e-03,5.400385e-05,5.236949e-03,5.735416e-03,4.723734e-02,4.389576e-02,7.583641e-05,-1.456786e-04,8.221680e-04
898.240,-1.646434e-05,1.505187e-05,-1.527387e-04,1.551381e-03,5.432890e-05,5.233205e-03,5.732130e-03,4.724035e-02,4.386527e-02,7.578889e-05,-1.456417e-04,8.217350e-04
898.440,-1.645357e-05,1.504207e-05,-1.526398e-04,1.551183e-03,5.465373e-05,5.229464e-03,5.728845e-03,4.724336e-02,4.383481e-02,7.574140e-05,-1.456048e-04,8.213022e-04
898.640,-1.644280e-05,1.503227e-05,-1.525409e-04,1.550985e-03,5.497835e-05,5.225726e-03,5.725563e-03,4.724638e-02,4.380436e-02,7.569394e-05,-1.455680e-04,8.208697e-04
898.840,-1.643204e-05,1.502247e-05,-1.524422e-04,1.550788e-03,5.530277e-05,5.221990e-03,5.722283e-03,4.724939e-02,4.377394e-02,7.564651e-05,-1.455312e-04,8.204375e-04
899.040,-1.642129e-05,1.501269e-05,-1.523435e-04,1.550590e-03,5.562697e-05,5.218256e-03,5.719005e-03,4.725239e-02,4.374353e-02,7.559911e-05,-1.454944e-04,8.200056e-04
899.240,-1.641055e-05,1.500291e-05,-1.522448e-04,1.550392e-03,5.595096e-05,5.214525e-03,5.715730e-03,4.725540e-02,4.371315e-02,7.555174e-05,-1.454576e-04,8.195739e-04
899.440,-1.639981e-05,1.499313e-05,-1.521463e-04,1.550195e-03,5.627475e-05,5.210796e-03,5.712456e-03,4.725840e-02,4.368278e-02,7.550441e-05,-1.454209e-04,8.191425e-04
899.640,-1.638908e-05,1.498336e-05,-1.520478e-04,1.549998e-03,5.659832e-05,5.207070e-03,5.709185e-03,4.726140e-02,4.365243e-02,7.545710e-05,-1.453842e-04,8.187114e-04
899.840,-1.637836e-05,1.497360e-05,-1.519493e-04,1.549800e-03,5.692168e-05,5.203346e-03,5.705915e-03,4.726440e-02,4.362211e-02,7.540983e-05,-1.453475e-04,8.182806e-04
900.040,-1.636764e-05,1.496385e-05,-1.518509e-04,1.549603e-03,5.724483e-05,5.199624e-03,5.702648e-03,4.726740e-02,4.359180e-02,7.536259e-05,-1.453108e-04,8.178500e-04
900.240,-1.635693e-05,1.495410e-05,-1.517526e-04,1.549406e-03,5.756778e-05,5.195905e-03,5.699383e-03,4.727040e-02,4.356151e-02,7.531537e-05,-1.452742e-04,8.174198e-04
900.440,-1.634623e-05,1.494436e-05,-1.516544e-04,1.549210e-03,5.789051e-05,5.192188e-03,5.696120e-03,4.727339e-02,4.353124e-02,7.526819e-05,-1.452376e-04,8.169898e-04
900.640,-1.633553e-05,1.493462e-05,-1.515562e-04,1.549013e-03,5.821304e-05,5.188473e-03,5.692860e-03,4.727638e-02,4.350099e-02,7.522103e-05,-1.452010e-04,8.165601e-04
900.840,-1.632484e-05,1.492489e-05,-1.514581e-04,1.548816e-03,5.853535e-05,5.184761e-03,5.689601e-03,4.727937e-02,4.347076e-02,7.517392e-05,-1.451644e-04,8.161307e-04
901.040,-1.631416e-05,1.491517e-05,-1.513600e-04,1.548620e-03,5.885746e-05,5.181052e-03,5.686344e-03,4.728236e-02,4.344056e-02,7.512683e-05,-1.451279e-04,8.157015e-04
901.240,-1.630349e-05,1.490545e-05,-1.512620e-04,1.548424e-03,5.917936e-05,5.177345e-03,5.683090e-03,4.728535e-02,4.341037e-02,7.507977e-05,-1.450914e-04,8.152727e-04
901.440,-1.629282e-05,1.489574e-05,-1.511641e-04,1.548228e-03,5.950105e-05,5.173640e-03,5.679838e-03,4.728833e-02,4.338020e-02,7.503274e-05,-1.450549e-04,8.148441e-04
901.640,-1.628216e-05,1.488603e-05,-1.510662e-04,1.548032e-03,5.982253e-05,5.169937e-03,5.676588e-03,4.729132e-02,4.335004e-02,7.498574e-05,-1.450184e-04,8.144157e-04
901.840,-1.627151e-05,1.487633e-05,-1.509684e-04,1.547836e-03,6.014380e-05,5.166237e-03,5.673340e-03,4.729430e-02,4.331991e-02,7.493877e-05,-1.449820e-04,8.139877e-04
902.040,-1.626086e-05,1.486664e-05,-1.508706e-04,1.547640e-03,6.046486e-05,5.162540e-03,5.670094e-03,4.729727e-02,4.328980e-02,7.489184e-05,-1.449455e-04,8.135599e-04
902.240,-1.625022e-05,1.485696e-05,-1.507730e-04,1.547444e-03,6.078572e-05,5.158845e-03,5.666850e-03,4.730025e-02,4.325971e-02,7.484494e-05,-1.449091e-04,8.131325e-04
902.440,-1.623959e-05,1.484728e-05,-1.506753e-04,1.547249e-03,6.110636e-05,5.155152e-03,5.663609e-03,4.730323e-02,4.322964e-02,7.479806e-05,-1.448728e-04,8.127053e-04
902.640,-1.622896e-05,1.483760e-05,-1.505778e-04,1.547054e-03,6.142680e-05,5.151461e-03,5.660369e-03,4.730620e-02,4.319958e-02,7.475122e-05,-1.448364e-04,8.122783e-04
902.840,-1.621834e-05,1.482794e-05,-1.504803e-04,1.546858e-03,6.174703e-05,5.147773e-03,5.657132e-03,4.730917e-02,4.316955e-02,7.470440e-05,-1.448001e-04,8.118517e-04
903.040,-1.620773e-05,1.481828e-05,-1.503829e-04,1.546663e-03,6.206706e-05,5.144088e-03,5.653897e-03,4.731214e-02,4.313953e-02,7.465762e-05,-1.447638e-04,8.114253e-04
903.240,-1.619713e-05,1.480862e-05,-1.502855e-04,1.546468e-03,6.238687e-05,5.140404e-03,5.650663e-03,4.731510e-02,4.310954e-02,7.461087e-05,-1.447275e-04,8.109992e-04
903.440,-1.618653e-05,1.479897e-05,-1.501882e-04,1.546273e-03,6.270648e-05,5.136723e-03,5.647432e-03,4.731807e-02,4.307956e-02,7.456414e-05,-1.446912e-04,8.105733e-04
903.640,-1.617594e-05,1.478933e-05,-1.500910e-04,1.546079e-03,6.302589e-05,5.133045e-03,5.644204e-03,4.732103e-02,4.304961e-02,7.451745e-05,-1.446550e-04,8.101478e-04
903.840,-1.616535e-05,1.477969e-05,-1.499938e-04,1.545884e-03,6.334508e-05,5.129369e-03,5.640977e-03,4.732399e-02,4.301967e-02,7.447079e-05,-1.446188e-04,8.097225e-04
904.040,-1.615478e-05,1.477007e-05,-1.498967e-04,1.545689e-03,6.366407e-05,5.125695e-03,5.637752e-03,4.732695e-02,4.298975e-02,7.442415e-05,-1.445826e-04,8.092975e-04
904.240,-1.614421e-05,1.476044e-05,-1.497996e-04,1.545495e-03,6.398285e-05,5.122024e-03,5.634530e-03,4.732991e-02,4.295985e-02,7.437756e-05,-1.445464e-04,8.088728e-04
904.440,-1.613364e-05,1.475083e-05,-1.497026e-04,1.545301e-03,6.430142e-05,5.118355e-03,5.631309e-03,4.733286e-02,4.292998e-02,7.433099e-05,-1.445103e-04,8.084483e-04
904.640,-1.612309e-05,1.474121e-05,-1.496057e-04,1.545107e-03,6.461979e-05,5.114688e-03,5.628091e-03,4.733582e-02,4.290012e-02,7.428444e-05,-1.444742e-04,8.080242e-04
904.840,-1.611254e-05,1.473161e-05,-1.495088e-04,1.544913e-03,6.493795e-05,5.111024e-03,5.624875e-03,4.733877e-02,4.287028e-02,7.423794e-05,-1.444381e-04,8.076002e-04
905.040,-1.610199e-05,1.472201e-05,-1.494120e-04,1.544719e-03,6.525590e-05,5.107362e-03,5.621660e-03,4.734172e-02,4.284046e-02,7.419146e-05,-1.444020e-04,8.071766e-04
905.240,-1.609146e-05,1.471242e-05,-1.493153e-04,1.544525e-03,6.557365e-05,5.103702e-03,5.618448e-03,4.734467e-02,4.281065e-02,7.414501e-05,-1.443660e-04,8.067533e-04
905.440,-1.608093e-05,1.470283e-05,-1.492186e-04,1.544332e-03,6.589119e-05,5.100045e-03,5.615238e-03,4.734761e-02,4.278087e-02,7.409858e-05,-1.443300e-04,8.063302e-04
905.640,-1.607041e-05,1.469325e-05,-1.491220e-04,1.544138e-03,6.620853e-05,5.096390e-03,5.612031e-03,4.735056e-02,4.275111e-02,7.405220e-05,-1.442940e-04,8.059074e-04
905.840,-1.605989e-05,1.468368e-05,-1.490255e-04,1.543945e-03,6.652566e-05,5.092738e-03,5.608825e-03,4.735350e-02,4.272136e-02,7.400584e-05,-1.442580e-04,8.054848e-04
906.040,-1.604939e-05,1.467411e-05,-1.489290e-04,1.543752e-03,6.684259e-05,5.089088e-03,5.605621e-03,4.735644e-02,4.269164e-02,7.395951e-05,-1.442220e-04,8.050626e-04
906.240,-1.603888e-05,1.466455e-05,-1.488325e-04,1.543558e-03,6.715931e-05,5.085440e-03,5.602420e-03,4.735938e-02,4.266193e-02,7.391321e-05,-1.441861e-04,8.046406e-04
906.440,-1.602839e-05,1.465500e-05,-1.487362e-04,1.543365e-03,6.747582e-05,5.081795e-03,5.599220e-03,4.736231e-02,4.263225e-02,7.386695e-05,-1.441502e-04,8.042188e-04
906.640,-1.601790e-05,1.464545e-05,-1.486399e-04,1.543173e-03,6.779213e-05,5.078152e-03,5.596023e-03,4.736525e-02,4.260258e-02,7.382071e-05,-1.441144e-04,8.037974e-04
906.840,-1.600742e-05,1.463591e-05,-1.485436e-04,1.542980e-03,6.810823e-05,5.074511e-03,5.592828e-03,4.736818e-02,4.257293e-02,7.377450e-05,-1.440785e-04,8.033762e-04
907.040,-1.599695e-05,1.462637e-05,-1.484475e-04,1.542787e-03,6.842413e-05,5.070873e-03,5.589635e-03,4.737111e-02,4.254331e-02,7.372833e-05,-1.440427e-04,8.029553e-04
907.240,-1.598648e-05,1.461684e-05,-1.483513e-04,1.542595e-03,6.873982e-05,5.067237e-03,5.586443e-03,4.737404e-02,4.251370e-02,7.368218e-05,-1.440069e-04,8.025347e-04
907.440,-1.597602e-05,1.460732e-05,-1.482553e-04,1.542402e-03,6.905531e-05,5.063604e-03,5.583254e-03,4.737697e-02,4.248411e-02,7.363606e-05,-1.439711e-04,8.021144e-04
907.640,-1.596557e-05,1.459780e-05,-1.481593e-04,1.542210e-03,6.937060e-05,5.059972e-03,5.580068e-03,4.737989e-02,4.245454e-02,7.358998e-05,-1.439353e-04,8.016943e-04
907.840,-1.595512e-05,1.458829e-05,-1.480634e-04,1.542018e-03,6.968568e-05,5.056343e-03,5.576883e-03,4.738281e-02,4.242498e-02,7.354392e-05,-1.438996e-04,8.012745e-04
908.040,-1.594468e-05,1.457878e-05,-1.479675e-04,1.541826e-03,7.000055e-05,5.052717e-03,5.573700e-03,4.738573e-02,4.239545e-02,7.349789e-05,-1.438639e-04,8.008549e-04
908.240,-1.593425e-05,1.456928e-05,-1.478717e-04,1.541634e-03,7.031522e-05,5.049093e-03,5.570519e-03,4.738865e-02,4.236594e-02,7.345190e-05,-1.438282e-04,8.004357e-04
908.440,-1.592382e-05,1.455979e-05,-1.477760e-04,1.541443e-03,7.062969e-05,5.045471e-03,5.567341e-03,4.739157e-02,4.233644e-02,7.340593e-05,-1.437925e-04,8.000167e-04
908.640,-1.591341e-05,1.455030e-05,-1.476803e-04,1.541251e-03,7.094395e-05,5.041851e-03,5.564164e-03,4.739449e-02,4.230697e-02,7.335999e-05,-1.437569e-04,7.995979e-04
908.840,-1.590299e-05,1.454082e-05,-1.475847e-04,1.541060e-03,7.125801e-05,5.038234e-03,5.560990e-03,4.739740e-02,4.227751e-02,7.331409e-05,-1.437212e-04,7.991795e-04
909.040,-1.589259e-05,1.453135e-05,-1.474891e-04,1.540868e-03,7.157187e-05,5.034620e-03,5.557818e-03,4.740031e-02,4.224807e-02,7.326821e-05,-1.436856e-04,7.987613e-04
909.240,-1.588219e-05,1.452188e-05,-1.473936e-04,1.540677e-03,7.188552e-05,5.031007e-03,5.554647e-03,4.740322e-02,4.221865e-02,7.322236e-05,-1.436501e-04,7.983434e-04
909.440,-1.587180e-05,1.451242e-05,-1.472982e-04,1.540486e-03,7.219897e-05,5.027397e-03,5.551479e-03,4.740613e-02,4.218926e-02,7.317654e-05,-1.436145e-04,7.979258e-04
909.640,-1.586141e-05,1.450296e-05,-1.472028e-04,1.540295e-03,7.251222e-05,5.023789e-03,5.548313e-03,4.740903e-02,4.215988e-02,7.313076e-05,-1.435790e-04,7.975084e-04
909.840,-1.585104e-05,1.449351e-05,-1.471075e-04,1.540104e-03,7.282526e-05,5.020184e-03,5.545149e-03,4.741194e-02,4.213051e-02,7.308500e-05,-1.435435e-04,7.970913e-04
910.040,-1.584066e-05,1.448407e-05,-1.470123e-04,1.539913e-03,7.313810e-05,5.016581e-03,5.541987e-03,4.741484e-02,4.210117e-02,7.303927e-05,-1.435080e-04,7.966744e-04
910.240,-1.583030e-05,1.447463e-05,-1.469171e-04,1.539723e-03,7.345073e-05,5.012980e-03,5.538827e-03,4.741774e-02,4.207185e-02,7.299357e-05,-1.434726e-04,7.962579e-04
910.440,-1.581994e-05,1.446520e-05,-1.468219e-04,1.539532e-03,7.376317e-05,5.009381e-03,5.535669e-03,4.742064e-02,4.204254e-02,7.294790e-05,-1.434371e-04,7.958416e-04
910.640,-1.580959e-05,1.445578e-05,-1.467269e-04,1.539342e-03,7.407540e-05,5.005785e-03,5.532514e-03,4.742353e-02,4.201326e-02,7.290227e-05,-1.434017e-04,7.954256e-04
910.840,-1.579925e-05,1.444636e-05,-1.466319e-04,1.539152e-03,7.438743e-05,5.002191e-03,5.529360e-03,4.742643e-02,4.198399e-02,7.285666e-05,-1.433663e-04,7.950098e-04
911.040,-1.578891e-05,1.443694e-05,-1.465369e-04,1.538962e-03,7.469925e-05,4.998600e-03,5.526208e-03,4.742932e-02,4.195475e-02,7.281108e-05,-1.433310e-04,7.945943e-04
911.240,-1.577858e-05,1.442754e-05,-1.464421e-04,1.538772e-03,7.501088e-05,4.995011e-03,5.523059e-03,4.743221e-02,4.192552e-02,7.276553e-05,-1.432956e-04,7.941791e-04
911.440,-1.576826e-05,1.441814e-05,-1.463473e-04,1.538582e-03,7.532230e-05,4.991424e-03,5.519911e-03,4.743510e-02,4.189631e-02,7.272001e-05,-1.432603e-04,7.937641e-04
911.640,-1.575794e-05,1.440874e-05,-1.462525e-04,1.538392e-03,7.563352e-05,4.987839e-03,5.516766e-03,4.743799e-02,4.186712e-02,7.267452e-05,-1.432250e-04,7.933495e-04
911.840,-1.574763e-05,1.439935e-05,-1.461578e-04,1.538202e-03,7.594454e-05,4.984257e-03,5.513622e-03,4.744087e-02,4.183794e-02,7.262906e-05,-1.431897e-04,7.929351e-04
912.040,-1.573732e-05,1.438997e-05,-1.460632e-04,1.538013e-03,7.625536e-05,4.980677e-03,5.510481e-03,4.744376e-02,4.180879e-02,7.258363e-05,-1.431545e-04,7.925209e-04
912.240,-1.572703e-05,1.438059e-05,-1.459686e-04,1.537824e-03,7.656597e-05,4.977100e-03,5.507342e-03,4.744664e-02,4.177966e-02,7.253823e-05,-1.431193e-04,7.921070e-04
912.440,-1.571674e-05,1.437122e-05,-1.458741e-04,1.537634e-03,7.687638e-05,4.973525e-03,5.504204e-03,4.744952e-02,4.175054e-02,7.249286e-05,-1.430841e-04,7.916934e-04
912.640,-1.570645e-05,1.436186e-05,-1.457796e-04,1.537445e-03,7.718660e-05,4.969952e-03,5.501069e-03,4.745239e-02,4.172145e-02,7.244752e-05,-1.430489e-04,7.912801e-04
912.840,-1.569618e-05,1.435250e-05,-1.456853e-04,1.537256e-03,7.749661e-05,4.966381e-03,5.497936e-03,4.745527e-02,4.169237e-02,7.240220e-05,-1.430137e-04,7.908670e-04
913.040,-1.568591e-05,1.434315e-05,-1.455909e-04,1.537067e-03,7.780642e-05,4.962813e-03,5.494805e-03,4.745814e-02,4.166331e-02,7.235692e-05,-1.429786e-04,7.904542e-04
913.240,-1.567565e-05,1.433380e-05,-1.454967e-04,1.536879e-03,7.811603e-05,4.959247e-03,5.491676e-03,4.746102e-02,4.163427e-02,7.231166e-05,-1.429435e-04,7.900417e-04
913.440,-1.566539e-05,1.432446e-05,-1.454025e-04,1.536690e-03,7.842544e-05,4.955683e-03,5.488549e-03,4.746389e-02,4.160525e-02,7.226645e-05,-1.429084e-04,7.896294e-04
913.640,-1.565514e-05,1.431513e-05,-1.453083e-04,1.536502e-03,7.873464e-05,4.952122e-03,5.485424e-03,4.746675e-02,4.157625e-02,7.222125e-05,-1.428733e-04,7.892174e-04
913.840,-1.564490e-05,1.430580e-05,-1.452142e-04,1.536313e-03,7.904365e-05,4.948563e-03,5.482301e-03,4.746962e-02,4.154726e-02,7.217608e-05,-1.428383e-04,7.888057e-04
914.040,-1.563466e-05,1.429648e-05,-1.451202e-04,1.536125e-03,7.935246e-05,4.945006e-03,5.479180e-03,4.747249e-02,4.151830e-02,7.213095e-05,-1.428033e-04,7.883942e-04
914.240,-1.562443e-05,1.428716e-05,-1.450262e-04,1.535937e-03,7.966106e-05,4.941451e-03,5.476062e-03,4.747535e-02,4.148935e-02,7.208585e-05,-1.427682e-04,7.879829e-04
914.440,-1.561421e-05,1.427785e-05,-1.449323e-04,1.535749e-03,7.996947e-05,4.937899e-03,5.472945e-03,4.747821e-02,4.146042e-02,7.204077e-05,-1.427333e-04,7.875720e-04
914.640,-1.560399e-05,1.426855e-05,-1.448385e-04,1.535561e-03,8.027768e-05,4.934349e-03,5.469830e-03,4.748107e-02,4.143151e-02,7.199572e-05,-1.426984e-04,7.871614e-04
914.840,-1.559378e-05,1.425925e-05,-1.447447e-04,1.535373e-03,8.058568e-05,4.930802e-03,5.466717e-03,4.748393e-02,4.140262e-02,7.195070e-05,-1.426634e-04,7.867509e-04
915.040,-1.558358e-05,1.424996e-05,-1.446510e-04,1.535186e-03,8.089349e-05,4.927256e-03,5.463607e-03,4.748678e-02,4.137375e-02,7.190572e-05,-1.426285e-04,7.863408e-04
915.240,-1.557338e-05,1.424067e-05,-1.445573e-04,1.534998e-03,8.120110e-05,4.923713e-03,5.460498e-03,4.748963e-02,4.134490e-02,7.186076e-05,-1.425936e-04,7.859309e-04
915.440,-1.556319e-05,1.423139e-05,-1.444638e-04,1.534811e-03,8.150850e-05,4.920173e-03,5.457392e-03,4.749249e-02,4.131607e-02,7.181583e-05,-1.425588e-04,7.855213e-04
915.640,-1.555301e-05,1.422212e-05,-1.443702e-04,1.534623e-03,8.181571e-05,4.916634e-03,5.454287e-03,4.749534e-02,4.128725e-02,7.177092e-05,-1.425240e-04,7.851120e-04
915.840,-1.554284e-05,1.421285e-05,-1.442767e-04,1.534436e-03,8.212272e-05,4.913098e-03,5.451185e-03,4.749818e-02,4.125846e-02,7.172606e-05,-1.424891e-04,7.847029e-04
916.040,-1.553267e-05,1.420359e-05,-1.441833e-04,1.534249e-03,8.242953e-05,4.909564e-03,5.448084e-03,4.750103e-02,4.122968e-02,7.168122e-05,-1.424544e-04,7.842941e-04
916.240,-1.552250e-05,1.419433e-05,-1.440900e-04,1.534062e-03,8.273614e-05,4.906033e-03,5.444986e-03,4.750387e-02,4.120092e-02,7.163641e-05,-1.424196e-04,7.838855e-04
916.440,-1.551235e-05,1.418509e-05,-1.439967e-04,1.533875e-03,8.304255e-05,4.902504e-03,5.441889e-03,4.750672e-02,4.117218e-02,7.159162e-05,-1.423849e-04,7.834772e-04
916.640,-1.550220e-05,1.417584e-05,-1.439034e-04,1.533689e-03,8.334877e-05,4.898977e-03,5.438795e-03,4.750956e-02,4.114345e-02,7.154687e-05,-1.423501e-04,7.830692e-04
916.840,-1.549205e-05,1.416660e-05,-1.438103e-04,1.533502e-03,8.365478e-05,4.895452e-03,5.435702e-03,4.751239e-02,4.111475e-02,7.150214e-05,-1.423154e-04,7.826614e-04
917.040,-1.548192e-05,1.415737e-05,-1.437171e-04,1.533316e-03,8.396060e-05,4.891930e-03,5.432612e-03,4.751523e-02,4.108607e-02,7.145744e-05,-1.422808e-04,7.822539e-04
917.240,-1.547179e-05,1.414815e-05,-1.436241e-04,1.533130e-03,8.426622e-05,4.888409e-03,5.429524e-03,4.751807e-02,4.105740e-02,7.141278e-05,-1.422461e-04,7.818467e-04
917.440,-1.546167e-05,1.413893e-05,-1.435311e-04,1.532943e-03,8.457164e-05,4.884892e-03,5.426437e-03,4.752090e-02,4.102875e-02,7.136815e-05,-1.422115e-04,7.814397e-04
917.640,-1.545155e-05,1.412971e-05,-1.434382e-04,1.532757e-03,8.487686e-05,4.881376e-03,5.423353e-03,4.752373e-02,4.100012e-02,7.132353e-05,-1.421769e-04,7.810330e-04
917.840,-1.544144e-05,1.412051e-05,-1.433453e-04,1.532571e-03,8.518188e-05,4.877863e-03,5.420271e-03,4.752656e-02,4.097151e-02,7.127895e-05,-1.421423e-04,7.806266e-04
918.040,-1.543134e-05,1.411130e-05,-1.432525e-04,1.532386e-03,8.548671e-05,4.874352e-03,5.417191e-03,4.752939e-02,4.094292e-02,7.123440e-05,-1.421077e-04,7.802204e-04
918.240,-1.542124e-05,1.410211e-05,-1.431597e-04,1.532200e-03,8.579134e-05,4.870843e-03,5.414112e-03,4.753221e-02,4.091434e-02,7.118988e-05,-1.420732e-04,7.798145e-04
918.440,-1.541115e-05,1.409292e-05,-1.430670e-04,1.532014e-03,8.609577e-05,4.867336e-03,5.411036e-03,4.753504e-02,4.088579e-02,7.114539e-05,-1.420387e-04,7.794088e-04
918.640,-1.540107e-05,1.408374e-05,-1.429744e-04,1.531829e-03,8.640000e-05,4.863832e-03,5.407962e-03,4.753786e-02,4.085725e-02,7.110093e-05,-1.420042e-04,7.790034e-04
918.840,-1.539099e-05,1.407456e-05,-1.428818e-04,1.531644e-03,8.670404e-05,4.860330e-03,5.404890e-03,4.754068e-02,4.082873e-02,7.105650e-05,-1.419697e-04,7.785982e-04
919.040,-1.538092e-05,1.406539e-05,-1.427893e-04,1.531458e-03,8.700788e-05,4.856831e-03,5.401820e-03,4.754350e-02,4.080023e-02,7.101209e-05,-1.419353e-04,7.781934e-04
919.240,-1.537086e-05,1.405622e-05,-1.426969e-04,1.531273e-03,8.731152e-05,4.853333e-03,5.398751e-03,4.754631e-02,4.077175e-02,7.096772e-05,-1.419008e-04,7.777888e-04
919.440,-1.536080e-05,1.404706e-05,-1.426045e-04,1.531088e-03,8.761496e-05,4.849838e-03,5.395685e-03,4.754913e-02,4.074329e-02,7.092337e-05,-1.418664e-04,7.773844e-04
919.640,-1.535075e-05,1.403791e-05,-1.425121e-04,1.530903e-03,8.791821e-05,4.846345e-03,5.392621e-03,4.755194e-02,4.071484e-02,7.087905e-05,-1.418321e-04,7.769804e-04
919.840,-1.534071e-05,1.402876e-05,-1.424199e-04,1.530719e-03,8.822126e-05,4.842854e-03,5.389559e-03,4.755475e-02,4.068642e-02,7.083476e-05,-1.417977e-04,7.765765e-04
920.040,-1.533067e-05,1.401962e-05,-1.423276e-04,1.530534e-03,8.852412e-05,4.839366e-03,5.386499e-03,4.755756e-02,4.065801e-02,7.079050e-05,-1.417633e-04,7.761729e-04
920.240,-1.532064e-05,1.401048e-05,-1.422355e-04,1.530350e-03,8.882678e-05,4.835880e-03,5.383441e-03,4.756037e-02,4.062962e-02,7.074627e-05,-1.417291e-04,7.757697e-04
920.440,-1.531062e-05,1.400135e-05,-1.421434e-04,1.530165e-03,8.912924e-05,4.832396e-03,5.380384e-03,4.756318e-02,4.060125e-02,7.070207e-05,-1.416948e-04,7.753666e-04
920.640,-1.530060e-05,1.399223e-05,-1.420514e-04,1.529981e-03,8.943150e-05,4.828914e-03,5.377330e-03,4.756598e-02,4.057290e-02,7.065789e-05,-1.416605e-04,7.749638e-04
920.840,-1.529059e-05,1.398311e-05,-1.419594e-04,1.529797e-03,8.973357e-05,4.825435e-03,5.374278e-03,4.756878e-02,4.054456e-02,7.061375e-05,-1.416262e-04,7.745613e-04
921.040,-1.528058e-05,1.397399e-05,-1.418675e-04,1.529613e-03,9.003545e-05,4.821958e-03,5.371228e-03,4.757158e-02,4.051625e-02,7.056963e-05,-1.415920e-04,7.741591e-04
921.240,-1.527059e-05,1.396489e-05,-1.417756e-04,1.529429e-03,9.033713e-05,4.818483e-03,5.368180e-03,4.757438e-02,4.048795e-02,7.052555e-05,-1.415578e-04,7.737571e-04
921.440,-1.526060e-05,1.395579e-05,-1.416838e-04,1.529245e-03,9.063861e-05,4.815010e-03,5.365134e-03,4.757718e-02,4.045967e-02,7.048148e-05,-1.415237e-04,7.733553e-04
921.640,-1.525061e-05,1.394669e-05,-1.415921e-04,1.529062e-03,9.093990e-05,4.811540e-03,5.362089e-03,4.757997e-02,4.043141e-02,7.043746e-05,-1.414895e-04,7.729539e-04
921.840,-1.524063e-05,1.393760e-05,-1.415004e-04,1.528878e-03,9.124099e-05,4.808072e-03,5.359047e-03,4.758276e-02,4.040316e-02,7.039346e-05,-1.414554e-04,7.725526e-04
922.040,-1.523066e-05,1.392852e-05,-1.414088e-04,1.528695e-03,9.154189e-05,4.804606e-03,5.356007e-03,4.758556e-02,4.037494e-02,7.034948e-05,-1.414212e-04,7.721517e-04
922.240,-1.522070e-05,1.391944e-05,-1.413172e-04,1.528511e-03,9.184259e-05,4.801142e-03,5.352969e-03,4.758834e-02,4.034673e-02,7.030554e-05,-1.413872e-04,7.717510e-04
922.440,-1.521074e-05,1.391037e-05,-1.412257e-04,1.528328e-03,9.214309e-05,4.797681e-03,5.349933e-03,4.759113e-02,4.031855e-02,7.026163e-05,-1.413531e-04,7.713505e-04
922.640,-1.520079e-05,1.390131e-05,-1.411343e-04,1.528145e-03,9.244341e-05,4.794222e-03,5.346898e-03,4.759392e-02,4.029038e-02,7.021774e-05,-1.413190e-04,7.709503e-04
922.840,-1.519084e-05,1.389225e-05,-1.410429e-04,1.527962e-03,9.274352e-05,4.790765e-03,5.343866e-03,4.759670e-02,4.026222e-02,7.017388e-05,-1.412850e-04,7.705504e-04
923.040,-1.518090e-05,1.388319e-05,-1.409516e-04,1.527779e-03,9.304344e-05,4.787310e-03,5.340836e-03,4.759948e-02,4.023409e-02,7.013005e-05,-1.412510e-04,7.701508e-04
923.240,-1.517097e-05,1.387415e-05,-1.408603e-04,1.527597e-03,9.334317e-05,4.783858e-03,5.337808e-03,4.760226e-02,4.020598e-02,7.008625e-05,-1.412170e-04,7.697513e-04
923.440,-1.516104e-05,1.386511e-05,-1.407691e-04,1.527414e-03,9.364271e-05,4.780408e-03,5.334781e-03,4.760504e-02,4.017788e-02,7.004248e-05,-1.411831e-04,7.693522e-04
923.640,-1.515112e-05,1.385607e-05,-1.406780e-04,1.527232e-03,9.394204e-05,4.776960e-03,5.331757e-03,4.760782e-02,4.014980e-02,6.999873e-05,-1.411492e-04,7.689533e-04
923.840,-1.514121e-05,1.384704e-05,-1.405869e-04,1.527049e-03,9.424119e-05,4.773514e-03,5.328735e-03,4.761059e-02,4.012174e-02,6.995502e-05,-1.411153e-04,7.685547e-04
924.040,-1.513130e-05,1.383802e-05,-1.404958e-04,1.526867e-03,9.454014e-05,4.770070e-03,5.325714e-03,4.761337e-02,4.009370e-02,6.991133e-05,-1.410814e-04,7.681563e-04
924.240,-1.512141e-05,1.382900e-05,-1.404049e-04,1.526685e-03,9.483890e-05,4.766629e-03,5.322696e-03,4.761614e-02,4.006567e-02,6.986767e-05,-1.410475e-04,7.677582e-04
924.440,-1.511151e-05,1.381998e-05,-1.403140e-04,1.526503e-03,9.513746e-05,4.763190e-03,5.319680e-03,4.761891e-02,4.003766e-02,6.982405e-05,-1.410136e-04,7.673603e-04
924.640,-1.510162e-05,1.381098e-05,-1.402231e-04,1.526321e-03,9.543583e-05,4.759753e-03,5.316665e-03,4.762167e-02,4.000968e-02,6.978044e-05,-1.409799e-04,7.669627e-04
924.840,-1.509174e-05,1.380198e-05,-1.401323e-04,1.526139e-03,9.573401e-05,4.756319e-03,5.313653e-03,4.762444e-02,3.998171e-02,6.973687e-05,-1.409461e-04,7.665654e-04
925.040,-1.508187e-05,1.379298e-05,-1.400416e-04,1.525958e-03,9.603199e-05,4.752886e-03,5.310642e-03,4.762720e-02,3.995375e-02,6.969332e-05,-1.409123e-04,7.661683e-04
925.240,-1.507200e-05,1.378399e-05,-1.399509e-04,1.525776e-03,9.632978e-05,4.749456e-03,5.307634e-03,4.762997e-02,3.992582e-02,6.964981e-05,-1.408785e-04,7.657715e-04
925.440,-1.506214e-05,1.377501e-05,-1.398603e-04,1.525595e-03,9.662738e-05,4.746028e-03,5.304627e-03,4.763273e-02,3.989790e-02,6.960632e-05,-1.408448e-04,7.653749e-04
925.640,-1.505229e-05,1.376603e-05,-1.397697e-04,1.525414e-03,9.692478e-05,4.742602e-03,5.301623e-03,4.763549e-02,3.987001e-02,6.956286e-05,-1.408111e-04,7.649785e-04
925.840,-1.504244e-05,1.375706e-05,-1.396792e-04,1.525233e-03,9.722199e-05,4.739179e-03,5.298620e-03,4.763824e-02,3.984213e-02,6.951943e-05,-1.407774e-04,7.645825e-04
926.040,-1.503260e-05,1.374809e-05,-1.395888e-04,1.525051e-03,9.751901e-05,4.735758e-03,5.295619e-03,4.764100e-02,3.981427e-02,6.947603e-05,-1.407437e-04,7.641867e-04
926.240,-1.502276e-05,1.373913e-05,-1.394984e-04,1.524871e-03,9.781583e-05,4.732338e-03,5.292621e-03,4.764375e-02,3.978642e-02,6.943266e-05,-1.407101e-04,7.637911e-04
926.440,-1.501293e-05,1.373018e-05,-1.394081e-04,1.524690e-03,9.811246e-05,4.728922e-03,5.289624e-03,4.764650e-02,3.975860e-02,6.938931e-05,-1.406764e-04,7.633959e-04
926.640,-1.500311e-05,1.372123e-05,-1.393178e-04,1.524509e-03,9.840891e-05,4.725507e-03,5.286629e-03,4.764925e-02,3.973079e-02,6.934599e-05,-1.406429e-04,7.630008e-04
926.840,-1.499329e-05,1.371229e-05,-1.392276e-04,1.524329e-03,9.870515e-05,4.722094e-03,5.283636e-03,4.765200e-02,3.970300e-02,6.930271e-05,-1.406093e-04,7.626060e-04
927.040,-1.498349e-05,1.370335e-05,-1.391375e-04,1.524148e-03,9.900121e-05,4.718684e-03,5.280645e-03,4.765475e-02,3.967523e-02,6.925944e-05,-1.405757e-04,7.622115e-04
927.240,-1.497368e-05,1.369442e-05,-1.390474e-04,1.523968e-03,9.929707e-05,4.715276e-03,5.277657e-03,4.765749e-02,3.964747e-02,6.921621e-05,-1.405422e-04,7.618172e-04
927.440,-1.496389e-05,1.368550e-05,-1.389573e-04,1.523788e-03,9.959275e-05,4.711870e-03,5.274670e-03,4.766023e-02,3.961974e-02,6.917301e-05,-1.405086e-04,7.614232e-04
927.640,-1.495410e-05,1.367658e-05,-1.388674e-04,1.523607e-03,9.988823e-05,4.708467e-03,5.271685e-03,4.766297e-02,3.959202e-02,6.912983e-05,-1.404752e-04,7.610294e-04
927.840,-1.494431e-05,1.366766e-05,-1.387774e-04,1.523428e-03,1.001835e-04,4.705065e-03,5.268702e-03,4.766571e-02,3.956432e-02,6.908668e-05,-1.404417e-04,7.606360e-04
928.040,-1.493453e-05,1.365876e-05,-1.386876e-04,1.523248e-03,1.004786e-04,4.701666e-03,5.265721e-03,4.766845e-02,3.953664e-02,6.904356e-05,-1.404083e-04,7.602427e-04
928.240,-1.492476e-05,1.364985e-05,-1.385978e-04,1.523068e-03,1.007735e-04,4.698269e-03,5.262741e-03,4.767118e-02,3.950897e-02,6.900047e-05,-1.403748e-04,7.598497e-04
928.440,-1.491500e-05,1.364096e-05,-1.385081e-04,1.522888e-03,1.010682e-04,4.694874e-03,5.259764e-03,4.767392e-02,3.948133e-02,6.895740e-05,-1.403414e-04,7.594569e-04
928.640,-1.490524e-05,1.363207e-05,-1.384184e-04,1.522709e-03,1.013628e-04,4.691482e-03,5.256789e-03,4.767665e-02,3.945370e-02,6.891437e-05,-1.403080e-04,7.590645e-04
928.840,-1.489549e-05,1.362318e-05,-1.383287e-04,1.522529e-03,1.016571e-04,4.688091e-03,5.253816e-03,4.767938e-02,3.942609e-02,6.887136e-05,-1.402747e-04,7.586722e-04
929.040,-1.488574e-05,1.361430e-05,-1.382392e-04,1.522350e-03,1.019512e-04,4.684703e-03,5.250844e-03,4.768211e-02,3.939850e-02,6.882838e-05,-1.402413e-04,7.582802e-04
929.240,-1.487600e-05,1.360543e-05,-1.381497e-04,1.522171e-03,1.022452e-04,4.681317e-03,5.247875e-03,4.768484e-02,3.937092e-02,6.878542e-05,-1.402081e-04,7.578885e-04
929.440,-1.486627e-05,1.359656e-05,-1.380602e-04,1.521992e-03,1.025389e-04,4.677933e-03,5.244908e-03,4.768756e-02,3.934337e-02,6.874250e-05,-1.401748e-04,7.574971e-04
929.640,-1.485654e-05,1.358770e-05,-1.379708e-04,1.521813e-03,1.028325e-04,4.674551e-03,5.241942e-03,4.769028e-02,3.931583e-02,6.869961e-05,-1.401415e-04,7.571058e-04
929.840,-1.484683e-05,1.357885e-05,-1.378815e-04,1.521634e-03,1.031259e-04,4.671172e-03,5.238978e-03,4.769300e-02,3.928831e-02,6.865674e-05,-1.401082e-04,7.567149e-04
930.040,-1.483711e-05,1.357000e-05,-1.377922e-04,1.521456e-03,1.034191e-04,4.667795e-03,5.236017e-03,4.769572e-02,3.926080e-02,6.861390e-05,-1.400750e-04,7.563241e-04
930.240,-1.482740e-05,1.356115e-05,-1.377030e-04,1.521277e-03,1.037121e-04,4.664419e-03,5.233057e-03,4.769844e-02,3.923332e-02,6.857109e-05,-1.400418e-04,7.559337e-04
930.440,-1.481770e-05,1.355231e-05,-1.376138e-04,1.521099e-03,1.040049e-04,4.661046e-03,5.230099e-03,4.770116e-02,3.920585e-02,6.852831e-05,-1.400086e-04,7.555435e-04
930.640,-1.480801e-05,1.354348e-05,-1.375247e-04,1.520920e-03,1.042975e-04,4.657676e-03,5.227144e-03,4.770387e-02,3.917840e-02,6.848555e-05,-1.399755e-04,7.551535e-04
930.840,-1.479832e-05,1.353465e-05,-1.374357e-04,1.520742e-03,1.045899e-04,4.654307e-03,5.224190e-03,4.770658e-02,3.915097e-02,6.844282e-05,-1.399423e-04,7.547638e-04
931.040,-1.478864e-05,1.352583e-05,-1.373467e-04,1.520564e-03,1.048822e-04,4.650941e-03,5.221238e-03,4.770929e-02,3.912355e-02,6.840012e-05,-1.399092e-04,7.543743e-04
931.240,-1.477896e-05,1.351702e-05,-1.372578e-04,1.520386e-03,1.051742e-04,4.647577e-03,5.218288e-03,4.771200e-02,3.909616e-02,6.835745e-05,-1.398761e-04,7.539851e-04
931.440,-1.476929e-05,1.350821e-05,-1.371689e-04,1.520208e-03,1.054661e-04,4.644215e-03,5.215340e-03,4.771471e-02,3.906878e-02,6.831480e-05,-1.398430e-04,7.535962e-04
931.640,-1.475963e-05,1.349940e-05,-1.370801e-04,1.520030e-03,1.057578e-04,4.640855e-03,5.212394e-03,4.771742e-02,3.904141e-02,6.827218e-05,-1.398100e-04,7.532075e-04
931.840,-1.474997e-05,1.349060e-05,-1.369913e-04,1.519853e-03,1.060492e-04,4.637497e-03,5.209449e-03,4.772012e-02,3.901407e-02,6.822960e-05,-1.397769e-04,7.528191e-04
932.040,-1.474032e-05,1.348181e-05,-1.369026e-04,1.519675e-03,1.063405e-04,4.634141e-03,5.206507e-03,4.772282e-02,3.898675e-02,6.818704e-05,-1.397439e-04,7.524308e-04
932.240,-1.473068e-05,1.347302e-05,-1.368140e-04,1.519498e-03,1.066316e-04,4.630788e-03,5.203567e-03,4.772552e-02,3.895944e-02,6.814450e-05,-1.397109e-04,7.520429e-04
932.440,-1.472104e-05,1.346424e-05,-1.367254e-04,1.519320e-03,1.069226e-04,4.627437e-03,5.200628e-03,4.772822e-02,3.893215e-02,6.810200e-05,-1.396780e-04,7.516552e-04
932.640,-1.471141e-05,1.345547e-05,-1.366368e-04,1.519143e-03,1.072133e-04,4.624088e-03,5.197692e-03,4.773092e-02,3.890487e-02,6.805951e-05,-1.396450e-04,7.512678e-04
932.840,-1.470179e-05,1.344670e-05,-1.365484e-04,1.518966e-03,1.075038e-04,4.620741e-03,5.194757e-03,4.773361e-02,3.887762e-02,6.801707e-05,-1.396121e-04,7.508806e-04
933.040,-1.469217e-05,1.343793e-05,-1.364599e-04,1.518789e-03,1.077942e-04,4.617396e-03,5.191824e-03,4.773630e-02,3.885038e-02,6.797464e-05,-1.395792e-04,7.504937e-04
933.240,-1.468256e-05,1.342917e-05,-1.363716e-04,1.518612e-03,1.080843e-04,4.614054e-03,5.188894e-03,4.773900e-02,3.882316e-02,6.793224e-05,-1.395463e-04,7.501069e-04
933.440,-1.467295e-05,1.342042e-05,-1.362833e-04,1.518436e-03,1.083743e-04,4.610714e-03,5.185965e-03,4.774169e-02,3.879596e-02,6.788988e-05,-1.395135e-04,7.497205e-04
933.640,-1.466335e-05,1.341167e-05,-1.361950e-04,1.518259e-03,1.086641e-04,4.607375e-03,5.183038e-03,4.774437e-02,3.876877e-02,6.784754e-05,-1.394806e-04,7.493343e-04
933.840,-1.465376e-05,1.340293e-05,-1.361069e-04,1.518083e-03,1.089537e-04,4.604039e-03,5.180113e-03,4.774706e-02,3.874161e-02,6.780523e-05,-1.394478e-04,7.489483e-04
934.040,-1.464417e-05,1.339420e-05,-1.360187e-04,1.517906e-03,1.092431e-04,4.600706e-03,5.177190e-03,4.774974e-02,3.871446e-02,6.776294e-05,-1.394150e-04,7.485627e-04
934.240,-1.463459e-05,1.338547e-05,-1.359307e-04,1.517730e-03,1.095323e-04,4.597374e-03,5.174268e-03,4.775243e-02,3.868732e-02,6.772069e-05,-1.393822e-04,7.481772e-04
934.440,-1.462501e-05,1.337674e-05,-1.358426e-04,1.517554e-03,1.098213e-04,4.594044e-03,5.171349e-03,4.775511e-02,3.866021e-02,6.767846e-05,-1.393495e-04,7.477920e-04
934.640,-1.461545e-05,1.336802e-05,-1.357547e-04,1.517378e-03,1.101102e-04,4.590717e-03,5.168432e-03,4.775779e-02,3.863311e-02,6.763626e-05,-1.393167e-04,7.474071e-04
934.840,-1.460588e-05,1.335931e-05,-1.356668e-04,1.517202e-03,1.103989e-04,4.587392e-03,5.165516e-03,4.776046e-02,3.860603e-02,6.759408e-05,-1.392841e-04,7.470224e-04
935.040,-1.459633e-05,1.335060e-05,-1.355789e-04,1.517026e-03,1.106873e-04,4.584069e-03,5.162603e-03,4.776314e-02,3.857897e-02,6.755193e-05,-1.392514e-04,7.466380e-04
935.240,-1.458678e-05,1.334190e-05,-1.354911e-04,1.516850e-03,1.109756e-04,4.580748e-03,5.159691e-03,4.776581e-02,3.855193e-02,6.750982e-05,-1.392187e-04,7.462537e-04
935.440,-1.457724e-05,1.333320e-05,-1.354034e-04,1.516675e-03,1.112637e-04,4.577429e-03,5.156781e-03,4.776849e-02,3.852490e-02,6.746773e-05,-1.391860e-04,7.458698e-04
935.640,-1.456770e-05,1.332451e-05,-1.353157e-04,1.516499e-03,1.115516e-04,4.574112e-03,5.153874e-03,4.777116e-02,3.849789e-02,6.742566e-05,-1.391534e-04,7.454861e-04
935.840,-1.455817e-05,1.331583e-05,-1.352281e-04,1.516324e-03,1.118393e-04,4.570798e-03,5.150968e-03,4.777382e-02,3.847090e-02,6.738362e-05,-1.391208e-04,7.451027e-04
936.040,-1.454864e-05,1.330715e-05,-1.351406e-04,1.516149e-03,1.121269e-04,4.567485e-03,5.148064e-03,4.777649e-02,3.844392e-02,6.734162e-05,-1.390882e-04,7.447194e-04
936.240,-1.453913e-05,1.329847e-05,-1.350531e-04,1.515974e-03,1.124142e-04,4.564175e-03,5.145161e-03,4.777916e-02,3.841697e-02,6.729963e-05,-1.390557e-04,7.443365e-04
936.440,-1.452961e-05,1.328981e-05,-1.349656e-04,1.515799e-03,1.127014e-04,4.560867e-03,5.142261e-03,4.778182e-02,3.839003e-02,6.725768e-05,-1.390232e-04,7.439538e-04
936.640,-1.452011e-05,1.328114e-05,-1.348782e-04,1.515624e-03,1.129884e-04,4.557561e-03,5.139363e-03,4.778448e-02,3.836311e-02,6.721575e-05,-1.389906e-04,7.435713e-04
936.840,-1.451061e-05,1.327249e-05,-1.347909e-04,1.515449e-03,1.132752e-04,4.554257e-03,5.136466e-03,4.778714e-02,3.833620e-02,6.717385e-05,-1.389581e-04,7.431891e-04
937.040,-1.450111e-05,1.326383e-05,-1.347036e-04,1.515274e-03,1.135618e-04,4.550956e-03,5.133572e-03,4.778980e-02,3.830931e-02,6.713198e-05,-1.389257e-04,7.428072e-04
937.240,-1.449163e-05,1.325519e-05,-1.346164e-04,1.515100e-03,1.138482e-04,4.547656e-03,5.130679e-03,4.779246e-02,3.828244e-02,6.709014e-05,-1.388932e-04,7.424254e-04
937.440,-1.448215e-05,1.324655e-05,-1.345292e-04,1.514925e-03,1.141344e-04,4.544359e-03,5.127788e-03,4.779511e-02,3.825559e-02,6.704831e-05,-1.388608e-04,7.420439e-04
937.640,-1.447267e-05,1.323791e-05,-1.344421e-04,1.514751e-03,1.144205e-04,4.541064e-03,5.124900e-03,4.779776e-02,3.822876e-02,6.700652e-05,-1.388284e-04,7.416627e-04
937.840,-1.446320e-05,1.322929e-05,-1.343551e-04,1.514577e-03,1.147064e-04,4.537770e-03,5.122013e-03,4.780042e-02,3.820194e-02,6.696476e-05,-1.387960e-04,7.412817e-04
938.040,-1.445374e-05,1.322066e-05,-1.342681e-04,1.514403e-03,1.149920e-04,4.534479e-03,5.119128e-03,4.780307e-02,3.817514e-02,6.692303e-05,-1.387636e-04,7.409010e-04
938.240,-1.444428e-05,1.321204e-05,-1.341811e-04,1.514229e-03,1.152775e-04,4.531191e-03,5.116244e-03,4.780571e-02,3.814835e-02,6.688131e-05,-1.387313e-04,7.405205e-04
938.440,-1.443483e-05,1.320343e-05,-1.340942e-04,1.514055e-03,1.155628e-04,4.527904e-03,5.113363e-03,4.780836e-02,3.812159e-02,6.683963e-05,-1.386990e-04,7.401403e-04
938.640,-1.442539e-05,1.319483e-05,-1.340074e-04,1.513881e-03,1.158480e-04,4.524619e-03,5.110484e-03,4.781100e-02,3.809484e-02,6.679798e-05,-1.386666e-04,7.397603e-04
938.840,-1.441595e-05,1.318623e-05,-1.339206e-04,1.513708e-03,1.161329e-04,4.521337e-03,5.107606e-03,4.781365e-02,3.806811e-02,6.675636e-05,-1.386343e-04,7.393805e-04
939.040,-1.440652e-05,1.317763e-05,-1.338339e-04,1.513534e-03,1.164176e-04,4.518056e-03,5.104730e-03,4.781629e-02,3.804139e-02,6.671475e-05,-1.386021e-04,7.390010e-04
939.240,-1.439710e-05,1.316904e-05,-1.337473e-04,1.513361e-03,1.167022e-04,4.514778e-03,5.101857e-03,4.781893e-02,3.801470e-02,6.667317e-05,-1.385699e-04,7.386218e-04
939.440,-1.438768e-05,1.316046e-05,-1.336607e-04,1.513187e-03,1.169866e-04,4.511502e-03,5.098985e-03,4.782157e-02,3.798802e-02,6.663163e-05,-1.385376e-04,7.382428e-04
939.640,-1.437826e-05,1.315188e-05,-1.335741e-04,1.513014e-03,1.172708e-04,4.508228e-03,5.096115e-03,4.782420e-02,3.796136e-02,6.659011e-05,-1.385054e-04,7.378640e-04
939.840,-1.436886e-05,1.314330e-05,-1.334876e-04,1.512841e-03,1.175548e-04,4.504956e-03,5.093247e-03,4.782684e-02,3.793471e-02,6.654862e-05,-1.384733e-04,7.374855e-04
940.040,-1.435946e-05,1.313474e-05,-1.334012e-04,1.512668e-03,1.178386e-04,4.501686e-03,5.090380e-03,4.782947e-02,3.790808e-02,6.650715e-05,-1.384411e-04,7.371072e-04
940.240,-1.435006e-05,1.312618e-05,-1.333148e-04,1.512495e-03,1.181223e-04,4.498419e-03,5.087516e-03,4.783210e-02,3.788147e-02,6.646571e-05,-1.384090e-04,7.367292e-04
940.440,-1.434067e-05,1.311762e-05,-1.332285e-04,1.512323e-03,1.184058e-04,4.495153e-03,5.084653e-03,4.783473e-02,3.785488e-02,6.642430e-05,-1.383769e-04,7.363514e-04
940.640,-1.433129e-05,1.310907e-05,-1.331422e-04,1.512150e-03,1.186890e-04,4.491890e-03,5.081793e-03,4.783736e-02,3.782830e-02,6.638292e-05,-1.383448e-04,7.359738e-04
940.840,-1.432192e-05,1.310052e-05,-1.330560e-04,1.511977e-03,1.189721e-04,4.488629e-03,5.078934e-03,4.783998e-02,3.780175e-02,6.634157e-05,-1.383127e-04,7.355965e-04
941.040,-1.431255e-05,1.309198e-05,-1.329698e-04,1.511805e-03,1.192550e-04,4.485369e-03,5.076077e-03,4.784261e-02,3.777520e-02,6.630024e-05,-1.382806e-04,7.352195e-04
941.240,-1.430318e-05,1.308345e-05,-1.328837e-04,1.511633e-03,1.195378e-04,4.482112e-03,5.073222e-03,4.784523e-02,3.774868e-02,6.625893e-05,-1.382486e-04,7.348427e-04
941.440,-1.429383e-05,1.307492e-05,-1.327977e-04,1.511461e-03,1.198203e-04,4.478857e-03,5.070369e-03,4.784785e-02,3.772217e-02,6.621766e-05,-1.382166e-04,7.344661e-04
941.640,-1.428447e-05,1.306640e-05,-1.327117e-04,1.511289e-03,1.201027e-04,4.475605e-03,5.067518e-03,4.785047e-02,3.769568e-02,6.617641e-05,-1.381846e-04,7.340898e-04
941.840,-1.427513e-05,1.305788e-05,-1.326258e-04,1.511117e-03,1.203849e-04,4.472354e-03,5.064668e-03,4.785308e-02,3.766921e-02,6.613519e-05,-1.381526e-04,7.337137e-04
942.040,-1.426579e-05,1.304937e-05,-1.325399e-04,1.510945e-03,1.206669e-04,4.469105e-03,5.061821e-03,4.785570e-02,3.764275e-02,6.609399e-05,-1.381207e-04,7.333379e-04
942.240,-1.425646e-05,1.304086e-05,-1.324541e-04,1.510773e-03,1.209487e-04,4.465859e-03,5.058975e-03,4.785831e-02,3.761632e-02,6.605282e-05,-1.380888e-04,7.329623e-04
942.440,-1.424713e-05,1.303236e-05,-1.323683e-04,1.510601e-03,1.212303e-04,4.462614e-03,5.056131e-03,4.786093e-02,3.758989e-02,6.601168e-05,-1.380569e-04,7.325869e-04
942.640,-1.423781e-05,1.302387e-05,-1.322826e-04,1.510430e-03,1.215117e-04,4.459372e-03,5.053289e-03,4.786354e-02,3.756349e-02,6.597056e-05,-1.380250e-04,7.322118e-04
942.840,-1.422849e-05,1.301538e-05,-1.321969e-04,1.510259e-03,1.217930e-04,4.456131e-03,5.050449e-03,4.786614e-02,3.753710e-02,6.592948e-05,-1.379931e-04,7.318369e-04
943.040,-1.421919e-05,1.300689e-05,-1.321113e-04,1.510087e-03,1.220741e-04,4.452893e-03,5.047611e-03,4.786875e-02,3.751073e-02,6.588842e-05,-1.379613e-04,7.314623e-04
943.240,-1.420988e-05,1.299841e-05,-1.320258e-04,1.509916e-03,1.223550e-04,4.449657e-03,5.044774e-03,4.787136e-02,3.748438e-02,6.584738e-05,-1.379295e-04,7.310880e-04
943.440,-1.420059e-05,1.298994e-05,-1.319403e-04,1.509745e-03,1.226357e-04,4.446423e-03,5.041940e-03,4.787396e-02,3.745804e-02,6.580638e-05,-1.378977e-04,7.307138e-04
943.640,-1.419130e-05,1.298147e-05,-1.318549e-04,1.509574e-03,1.229162e-04,4.443191e-03,5.039107e-03,4.787656e-02,3.743172e-02,6.576540e-05,-1.378659e-04,7.303399e-04
943.840,-1.418201e-05,1.297301e-05,-1.317695e-04,1.509403e-03,1.231966e-04,4.439962e-03,5.036276e-03,4.787916e-02,3.740542e-02,6.572444e-05,-1.378341e-04,7.299662e-04
944.040,-1.417273e-05,1.296455e-05,-1.316842e-04,1.509233e-03,1.234768e-04,4.436734e-03,5.033447e-03,4.788176e-02,3.737914e-02,6.568351e-05,-1.378024e-04,7.295928e-04
944.240,-1.416346e-05,1.295610e-05,-1.315989e-04,1.509062e-03,1.237568e-04,4.433508e-03,5.030620e-03,4.788436e-02,3.735287e-02,6.564262e-05,-1.377707e-04,7.292197e-04
944.440,-1.415420e-05,1.294765e-05,-1.315137e-04,1.508892e-03,1.240366e-04,4.430285e-03,5.027795e-03,4.788695e-02,3.732662e-02,6.560174e-05,-1.377390e-04,7.288468e-04
944.640,-1.414494e-05,1.293921e-05,-1.314285e-04,1.508721e-03,1.243162e-04,4.427063e-03,5.024971e-03,4.788955e-02,3.730038e-02,6.556089e-05,-1.377073e-04,7.284741e-04
944.840,-1.413568e-05,1.293078e-05,-1.313434e-04,1.508551e-03,1.245956e-04,4.423844e-03,5.022150e-03,4.789214e-02,3.727416e-02,6.552007e-05,-1.376757e-04,7.281016e-04
945.040,-1.412643e-05,1.292235e-05,-1.312584e-04,1.508381e-03,1.248749e-04,4.420627e-03,5.019330e-03,4.789473e-02,3.724796e-02,6.547928e-05,-1.376440e-04,7.277294e-04
945.240,-1.411719e-05,1.291392e-05,-1.311734e-04,1.508211e-03,1.251540e-04,4.417411e-03,5.016512e-03,4.789732e-02,3.722178e-02,6.543851e-05,-1.376124e-04,7.273574e-04
945.440,-1.410796e-05,1.290551e-05,-1.310885e-04,1.508041e-03,1.254329e-04,4.414198e-03,5.013696e-03,4.789990e-02,3.719561e-02,6.539777e-05,-1.375808e-04,7.269857e-04
945.640,-1.409873e-05,1.289709e-05,-1.310036e-04,1.507871e-03,1.257116e-04,4.410987e-03,5.010882e-03,4.790249e-02,3.716947e-02,6.535706e-05,-1.375493e-04,7.266143e-04
945.840,-1.408950e-05,1.288869e-05,-1.309187e-04,1.507701e-03,1.259902e-04,4.407778e-03,5.008070e-03,4.790507e-02,3.714333e-02,6.531637e-05,-1.375177e-04,7.262430e-04
946.040,-1.408028e-05,1.288028e-05,-1.308340e-04,1.507532e-03,1.262685e-04,4.404572e-03,5.005259e-03,4.790765e-02,3.711722e-02,6.527571e-05,-1.374862e-04,7.258720e-04
946.240,-1.407107e-05,1.287189e-05,-1.307493e-04,1.507362e-03,1.265467e-04,4.401367e-03,5.002450e-03,4.791023e-02,3.709112e-02,6.523508e-05,-1.374546e-04,7.255012e-04
946.440,-1.406187e-05,1.286350e-05,-1.306646e-04,1.507193e-03,1.268247e-04,4.398164e-03,4.999644e-03,4.791281e-02,3.706504e-02,6.519447e-05,-1.374232e-04,7.251307e-04
946.640,-1.405267e-05,1.285511e-05,-1.305800e-04,1.507023e-03,1.271025e-04,4.394963e-03,4.996839e-03,4.791539e-02,3.703897e-02,6.515389e-05,-1.373917e-04,7.247604e-04
946.840,-1.404347e-05,1.284673e-05,-1.304954e-04,1.506854e-03,1.273802e-04,4.391765e-03,4.994035e-03,4.791796e-02,3.701292e-02,6.511333e-05,-1.373603e-04,7.243904e-04
947.040,-1.403429e-05,1.283835e-05,-1.304109e-04,1.506685e-03,1.276576e-04,4.388568e-03,4.991234e-03,4.792054e-02,3.698689e-02,6.507280e-05,-1.373288e-04,7.240205e-04
947.240,-1.402511e-05,1.282998e-05,-1.303265e-04,1.506516e-03,1.279349e-04,4.385374e-03,4.988435e-03,4.792311e-02,3.696088e-02,6.503230e-05,-1.372974e-04,7.236510e-04
947.440,-1.401593e-05,1.282162e-05,-1.302421e-04,1.506347e-03,1.282120e-04,4.382181e-03,4.985637e-03,4.792568e-02,3.693488e-02,6.499182e-05,-1.372661e-04,7.232817e-04
947.640,-1.400676e-05,1.281326e-05,-1.301578e-04,1.506179e-03,1.284889e-04,4.378991e-03,4.982841e-03,4.792825e-02,3.690890e-02,6.495137e-05,-1.372347e-04,7.229126e-04
947.840,-1.399760e-05,1.280491e-05,-1.300735e-04,1.506010e-03,1.287657e-04,4.375803e-03,4.980047e-03,4.793081e-02,3.688294e-02,6.491095e-05,-1.372034e-04,7.225437e-04
948.040,-1.398844e-05,1.279656e-05,-1.299893e-04,1.505842e-03,1.290422e-04,4.372617e-03,4.977255e-03,4.793338e-02,3.685699e-02,6.487055e-05,-1.371720e-04,7.221751e-04
948.240,-1.397929e-05,1.278822e-05,-1.299051e-04,1.505673e-03,1.293186e-04,4.369432e-03,4.974464e-03,4.793594e-02,3.683106e-02,6.483018e-05,-1.371407e-04,7.218067e-04
948.440,-1.397014e-05,1.277988e-05,-1.298210e-04,1.505505e-03,1.295948e-04,4.366250e-03,4.971676e-03,4.793850e-02,3.680515e-02,6.478984e-05,-1.371094e-04,7.214386e-04
948.640,-1.396100e-05,1.277155e-05,-1.297369e-04,1.505337e-03,1.298708e-04,4.363070e-03,4.968889e-03,4.794106e-02,3.677925e-02,6.474952e-05,-1.370782e-04,7.210707e-04
948.840,-1.395187e-05,1.276322e-05,-1.296529e-04,1.505169e-03,1.301467e-04,4.359892e-03,4.966104e-03,4.794362e-02,3.675337e-02,6.470923e-05,-1.370469e-04,7.207030e-04
949.040,-1.394274e-05,1.275490e-05,-1.295689e-04,1.505001e-03,1.304223e-04,4.356717e-03,4.963321e-03,4.794618e-02,3.672751e-02,6.466896e-05,-1.370157e-04,7.203356e-04
949.240,-1.393362e-05,1.274659e-05,-1.294850e-04,1.504833e-03,1.306978e-04,4.353543e-03,4.960540e-03,4.794873e-02,3.670166e-02,6.462872e-05,-1.369845e-04,7.199684e-04
949.440,-1.392451e-05,1.273828e-05,-1.294012e-04,1.504665e-03,1.309731e-04,4.350371e-03,4.957761e-03,4.795129e-02,3.667583e-02,6.458851e-05,-1.369533e-04,7.196015e-04
949.640,-1.391540e-05,1.272997e-05,-1.293174e-04,1.504497e-03,1.312483e-04,4.347201e-03,4.954983e-03,4.795384e-02,3.665002e-02,6.454833e-05,-1.369221e-04,7.192348e-04
949.840,-1.390629e-05,1.272167e-05,-1.292337e-04,1.504330e-03,1.315232e-04,4.344034e-03,4.952207e-03,4.795639e-02,3.662422e-02,6.450817e-05,-1.368910e-04,7.188683e-04
950.040,-1.389720e-05,1.271338e-05,-1.291500e-04,1.504163e-03,1.317980e-04,4.340868e-03,4.949433e-03,4.795894e-02,3.659844e-02,6.446803e-05,-1.368599e-04,7.185021e-04
950.240,-1.388810e-05,1.270509e-05,-1.290664e-04,1.503995e-03,1.320726e-04,4.337704e-03,4.946661e-03,4.796148e-02,3.657268e-02,6.442792e-05,-1.368288e-04,7.181361e-04
950.440,-1.387902e-05,1.269681e-05,-1.289828e-04,1.503828e-03,1.323470e-04,4.334543e-03,4.943891e-03,4.796403e-02,3.654693e-02,6.438784e-05,-1.367977e-04,7.177703e-04
950.640,-1.386994e-05,1.268853e-05,-1.288993e-04,1.503661e-03,1.326212e-04,4.331383e-03,4.941122e-03,4.796657e-02,3.652120e-02,6.434779e-05,-1.367667e-04,7.174048e-04
950.840,-1.386086e-05,1.268026e-05,-1.288158e-04,1.503494e-03,1.328953e-04,4.328226e-03,4.938355e-03,4.796911e-02,3.649549e-02,6.430776e-05,-1.367356e-04,7.170395e-04
951.040,-1.385180e-05,1.267199e-05,-1.287324e-04,1.503327e-03,1.331692e-04,4.325070e-03,4.935591e-03,4.797165e-02,3.646979e-02,6.426776e-05,-1.367046e-04,7.166745e-04
951.240,-1.384273e-05,1.266373e-05,-1.286490e-04,1.503160e-03,1.334429e-04,4.321917e-03,4.932827e-03,4.797419e-02,3.644411e-02,6.422778e-05,-1.366736e-04,7.163096e-04
951.440,-1.383368e-05,1.265547e-05,-1.285657e-04,1.502994e-03,1.337164e-04,4.318766e-03,4.930066e-03,4.797673e-02,3.641845e-02,6.418783e-05,-1.366426e-04,7.159450e-04
951.640,-1.382463e-05,1.264722e-05,-1.284825e-04,1.502827e-03,1.339898e-04,4.315616e-03,4.927307e-03,4.797926e-02,3.639280e-02,6.414791e-05,-1.366117e-04,7.155807e-04
951.840,-1.381558e-05,1.263898e-05,-1.283993e-04,1.502661e-03,1.342629e-04,4.312469e-03,4.924549e-03,4.798180e-02,3.636717e-02,6.410801e-05,-1.365807e-04,7.152166e-04
952.040,-1.380655e-05,1.263074e-05,-1.283161e-04,1.502494e-03,1.345359e-04,4.309324e-03,4.921793e-03,4.798433e-02,3.634156e-02,6.406813e-05,-1.365498e-04,7.148527e-04
952.240,-1.379751e-05,1.262250e-05,-1.282330e-04,1.502328e-03,1.348087e-04,4.306181e-03,4.919039e-03,4.798686e-02,3.631596e-02,6.402829e-05,-1.365189e-04,7.144891e-04
952.440,-1.378849e-05,1.261427e-05,-1.281500e-04,1.502162e-03,1.350814e-04,4.303040e-03,4.916287e-03,4.798939e-02,3.629038e-02,6.398847e-05,-1.364881e-04,7.141257e-04
952.640,-1.377947e-05,1.260605e-05,-1.280670e-04,1.501996e-03,1.353538e-04,4.299901e-03,4.913536e-03,4.799192e-02,3.626482e-02,6.394867e-05,-1.364572e-04,7.137625e-04
952.840,-1.377045e-05,1.259783e-05,-1.279841e-04,1.501830e-03,1.356261e-04,4.296764e-03,4.910788e-03,4.799444e-02,3.623927e-02,6.390890e-05,-1.364264e-04,7.133996e-04
953.040,-1.376144e-05,1.258962e-05,-1.279012e-04,1.501664e-03,1.358982e-04,4.293628e-03,4.908041e-03,4.799696e-02,3.621374e-02,6.386916e-05,-1.363956e-04,7.130369e-04
953.240,-1.375244e-05,1.258141e-05,-1.278184e-04,1.501499e-03,1.361702e-04,4.290495e-03,4.905296e-03,4.799949e-02,3.618823e-02,6.382944e-05,-1.363648e-04,7.126744e-04
953.440,-1.374344e-05,1.257321e-05,-1.277356e-04,1.501333e-03,1.364419e-04,4.287364e-03,4.902552e-03,4.800201e-02,3.616273e-02,6.378975e-05,-1.363340e-04,7.123122e-04
953.640,-1.373445e-05,1.256501e-05,-1.276529e-04,1.501168e-03,1.367135e-04,4.284235e-03,4.899811e-03,4.800453e-02,3.613725e-02,6.375009e-05,-1.363032e-04,7.119502e-04
953.840,-1.372547e-05,1.255682e-05,-1.275703e-04,1.501002e-03,1.369849e-04,4.281109e-03,4.897071e-03,4.800704e-02,3.611178e-02,6.371045e-05,-1.362725e-04,7.115884e-04
954.040,-1.371649e-05,1.254863e-05,-1.274876e-04,1.500837e-03,1.372562e-04,4.277984e-03,4.894333e-03,4.800956e-02,3.608633e-02,6.367084e-05,-1.362418e-04,7.112269e-04
954.240,-1.370752e-05,1.254045e-05,-1.274051e-04,1.500672e-03,1.375272e-04,4.274861e-03,4.891597e-03,4.801207e-02,3.606090e-02,6.363125e-05,-1.362111e-04,7.108656e-04
954.440,-1.369855e-05,1.253227e-05,-1.273226e-04,1.500507e-03,1.377981e-04,4.271740e-03,4.888863e-03,4.801458e-02,3.603549e-02,6.359169e-05,-1.361804e-04,7.105046e-04
954.640,-1.368959e-05,1.252410e-05,-1.272401e-04,1.500342e-03,1.380688e-04,4.268621e-03,4.886131e-03,4.801710e-02,3.601009e-02,6.355215e-05,-1.361497e-04,7.101437e-04
954.840,-1.368063e-05,1.251594e-05,-1.271578e-04,1.500177e-03,1.383393e-04,4.265504e-03,4.883400e-03,4.801960e-02,3.598471e-02,6.351264e-05,-1.361191e-04,7.097832e-04
955.040,-1.367168e-05,1.250778e-05,-1.270754e-04,1.500013e-03,1.386097e-04,4.262389e-03,4.880671e-03,4.802211e-02,3.595934e-02,6.347316e-05,-1.360885e-04,7.094228e-04
955.240,-1.366274e-05,1.249962e-05,-1.269931e-04,1.499848e-03,1.388798e-04,4.259277e-03,4.877944e-03,4.802462e-02,3.593399e-02,6.343370e-05,-1.360579e-04,7.090627e-04
955.440,-1.365380e-05,1.249147e-05,-1.269109e-04,1.499684e-03,1.391498e-04,4.256166e-03,4.875218e-03,4.802712e-02,3.590866e-02,6.339426e-05,-1.360274e-04,7.087028e-04
955.640,-1.364487e-05,1.248333e-05,-1.268287e-04,1.499519e-03,1.394197e-04,4.253057e-03,4.872495e-03,4.802962e-02,3.588334e-02,6.335486e-05,-1.359968e-04,7.083431e-04
955.840,-1.363594e-05,1.247519e-05,-1.267466e-04,1.499355e-03,1.396893e-04,4.249950e-03,4.869773e-03,4.803212e-02,3.585804e-02,6.331548e-05,-1.359663e-04,7.079837e-04
956.040,-1.362702e-05,1.246705e-05,-1.266645e-04,1.499191e-03,1.399588e-04,4.246845e-03,4.867053e-03,4.803462e-02,3.583276e-02,6.327612e-05,-1.359358e-04,7.076245e-04
956.240,-1.361810e-05,1.245893e-05,-1.265825e-04,1.499027e-03,1.402281e-04,4.243743e-03,4.864335e-03,4.803712e-02,3.580749e-02,6.323679e-05,-1.359053e-04,7.072656e-04
956.440,-1.360920e-05,1.245080e-05,-1.265005e-04,1.498863e-03,1.404972e-04,4.240642e-03,4.861618e-03,4.803962e-02,3.578224e-02,6.319748e-05,-1.358748e-04,7.069068e-04
956.640,-1.360029e-05,1.244268e-05,-1.264186e-04,1.498699e-03,1.407662e-04,4.237543e-03,4.858903e-03,4.804211e-02,3.575700e-02,6.315821e-05,-1.358443e-04,7.065483e-04
956.840,-1.359140e-05,1.243457e-05,-1.263368e-04,1.498535e-03,1.410350e-04,4.234446e-03,4.856191e-03,4.804460e-02,3.573178e-02,6.311895e-05,-1.358139e-04,7.061901e-04
957.040,-1.358250e-05,1.242646e-05,-1.262549e-04,1.498371e-03,1.413036e-04,4.231352e-03,4.853479e-03,4.804710e-02,3.570658e-02,6.307972e-05,-1.357835e-04,7.058320e-04
957.240,-1.357362e-05,1.241836e-05,-1.261732e-04,1.498208e-03,1.415720e-04,4.228259e-03,4.850770e-03,4.804958e-02,3.568139e-02,6.304052e-05,-1.357531e-04,7.054742e-04
957.440,-1.356474e-05,1.241026e-05,-1.260915e-04,1.498045e-03,1.418402e-04,4.225168e-03,4.848062e-03,4.805207e-02,3.565623e-02,6.300134e-05,-1.357227e-04,7.051167e-04
957.640,-1.355586e-05,1.240217e-05,-1.260098e-04,1.497881e-03,1.421083e-04,4.222080e-03,4.845357e-03,4.805456e-02,3.563107e-02,6.296220e-05,-1.356924e-04,7.047593e-04
957.840,-1.354700e-05,1.239409e-05,-1.259282e-04,1.497718e-03,1.423762e-04,4.218993e-03,4.842653e-03,4.805704e-02,3.560593e-02,6.292307e-05,-1.356620e-04,7.044022e-04
958.040,-1.353813e-05,1.238601e-05,-1.258467e-04,1.497555e-03,1.426440e-04,4.215908e-03,4.839950e-03,4.805953e-02,3.558081e-02,6.288397e-05,-1.356317e-04,7.040453e-04
958.240,-1.352928e-05,1.237793e-05,-1.257652e-04,1.497392e-03,1.429115e-04,4.212825e-03,4.837250e-03,4.806201e-02,3.555571e-02,6.284490e-05,-1.356014e-04,7.036887e-04
958.440,-1.352043e-05,1.236986e-05,-1.256838e-04,1.497229e-03,1.431789e-04,4.209745e-03,4.834551e-03,4.806449e-02,3.553062e-02,6.280585e-05,-1.355712e-04,7.033323e-04
958.640,-1.351158e-05,1.236179e-05,-1.256024e-04,1.497066e-03,1.434461e-04,4.206666e-03,4.831854e-03,4.806697e-02,3.550555e-02,6.276682e-05,-1.355409e-04,7.029761e-04
958.840,-1.350274e-05,1.235373e-05,-1.255210e-04,1.496904e-03,1.437132e-04,4.203589e-03,4.829159e-03,4.806944e-02,3.548049e-02,6.272783e-05,-1.355107e-04,7.026201e-04
959.040,-1.349391e-05,1.234568e-05,-1.254398e-04,1.496741e-03,1.439800e-04,4.200514e-03,4.826465e-03,4.807192e-02,3.545545e-02,6.268886e-05,-1.354805e-04,7.022644e-04
959.240,-1.348508e-05,1.233763e-05,-1.253585e-04,1.496579e-03,1.442467e-04,4.197442e-03,4.823774e-03,4.807439e-02,3.543043e-02,6.264991e-05,-1.354503e-04,7.019089e-04
959.440,-1.347626e-05,1.232958e-05,-1.252774e-04,1.496416e-03,1.445132e-04,4.194371e-03,4.821084e-03,4.807686e-02,3.540542e-02,6.261098e-05,-1.354201e-04,7.015536e-04
959.640,-1.346744e-05,1.232154e-05,-1.251962e-04,1.496254e-03,1.447796e-04,4.191302e-03,4.818396e-03,4.807933e-02,3.538043e-02,6.257209e-05,-1.353899e-04,7.011986e-04
959.840,-1.345863e-05,1.231351e-05,-1.251152e-04,1.496092e-03,1.450458e-04,4.188235e-03,4.815709e-03,4.808180e-02,3.535546e-02,6.253322e-05,-1.353598e-04,7.008438e-04
960.040,-1.344983e-05,1.230548e-05,-1.250341e-04,1.495930e-03,1.453118e-04,4.185170e-03,4.813025e-03,4.808427e-02,3.533050e-02,6.249437e-05,-1.353297e-04,7.004892e-04
960.240,-1.344103e-05,1.229746e-05,-1.249532e-04,1.495768e-03,1.455776e-04,4.182108e-03,4.810342e-03,4.808673e-02,3.530555e-02,6.245555e-05,-1.352996e-04,7.001349e-04
960.440,-1.343224e-05,1.228944e-05,-1.248723e-04,1.495606e-03,1.458433e-04,4.179047e-03,4.807661e-03,4.808920e-02,3.528063e-02,6.241676e-05,-1.352695e-04,6.997807e-04
960.640,-1.342345e-05,1.228143e-05,-1.247914e-04,1.495444e-03,1.461087e-04,4.175988e-03,4.804981e-03,4.809166e-02,3.525572e-02,6.237799e-05,-1.352394e-04,6.994269e-04
960.840,-1.341467e-05,1.227342e-05,-1.247106e-04,1.495283e-03,1.463741e-04,4.172931e-03,4.802304e-03,4.809412e-02,3.523082e-02,6.233924e-05,-1.352094e-04,6.990732e-04
961.040,-1.340589e-05,1.226541e-05,-1.246298e-04,1.495121e-03,1.466392e-04,4.169876e-03,4.799628e-03,4.809658e-02,3.520594e-02,6.230053e-05,-1.351794e-04,6.987198e-04
961.240,-1.339712e-05,1.225742e-05,-1.245491e-04,1.494960e-03,1.469042e-04,4.166823e-03,4.796954e-03,4.809904e-02,3.518108e-02,6.226183e-05,-1.351494e-04,6.983666e-04
961.440,-1.338836e-05,1.224942e-05,-1.244685e-04,1.494798e-03,1.471690e-04,4.163772e-03,4.794281e-03,4.810149e-02,3.515624e-02,6.222317e-05,-1.351194e-04,6.980136e-04
961.640,-1.337960e-05,1.224144e-05,-1.243879e-04,1.494637e-03,1.474336e-04,4.160723e-03,4.791611e-03,4.810395e-02,3.513141e-02,6.218452e-05,-1.350894e-04,6.976609e-04
961.840,-1.337085e-05,1.223346e-05,-1.243073e-04,1.494476e-03,1.476980e-04,4.157676e-03,4.788942e-03,4.810640e-02,3.510659e-02,6.214591e-05,-1.350595e-04,6.973083e-04
962.040,-1.336210e-05,1.222548e-05,-1.242268e-04,1.494315e-03,1.479623e-04,4.154631e-03,4.786275e-03,4.810885e-02,3.508180e-02,6.210732e-05,-1.350296e-04,6.969561e-04
962.240,-1.335336e-05,1.221751e-05,-1.241464e-04,1.494154e-03,1.482264e-04,4.151588e-03,4.783609e-03,4.811130e-02,3.505701e-02,6.206874e-05,-1.349997e-04,6.966040e-04
962.440,-1.334462e-05,1.220954e-05,-1.240660e-04,1.493993e-03,1.484904e-04,4.148547e-03,4.780946e-03,4.811375e-02,3.503225e-02,6.203020e-05,-1.349698e-04,6.962522e-04
962.640,-1.333589e-05,1.220158e-05,-1.239857e-04,1.493833e-03,1.487541e-04,4.145508e-03,4.778284e-03,4.811619e-02,3.500750e-02,6.199169e-05,-1.349399e-04,6.959006e-04
962.840,-1.332717e-05,1.219362e-05,-1.239054e-04,1.493672e-03,1.490177e-04,4.142470e-03,4.775624e-03,4.811864e-02,3.498276e-02,6.195319e-05,-1.349101e-04,6.955492e-04
963.040,-1.331845e-05,1.218567e-05,-1.238251e-04,1.493512e-03,1.492812e-04,4.139435e-03,4.772965e-03,4.812108e-02,3.495805e-02,6.191473e-05,-1.348803e-04,6.951981e-04
963.240,-1.330974e-05,1.217773e-05,-1.237450e-04,1.493351e-03,1.495444e-04,4.136402e-03,4.770308e-03,4.812352e-02,3.493334e-02,6.187629e-05,-1.348505e-04,6.948471e-04
963.440,-1.330103e-05,1.216978e-05,-1.236648e-04,1.493191e-03,1.498075e-04,4.133371e-03,4.767653e-03,4.812596e-02,3.490866e-02,6.183787e-05,-1.348207e-04,6.944964e-04
963.640,-1.329233e-05,1.216185e-05,-1.235848e-04,1.493031e-03,1.500704e-04,4.130341e-03,4.765000e-03,4.812840e-02,3.488399e-02,6.179948e-05,-1.347909e-04,6.941460e-04
963.840,-1.328364e-05,1.215392e-05,-1.235047e-04,1.492871e-03,1.503332e-04,4.127314e-03,4.762349e-03,4.813084e-02,3.485934e-02,6.176112e-05,-1.347612e-04,6.937957e-04
964.040,-1.327495e-05,1.214599e-05,-1.234247e-04,1.492711e-03,1.505957e-04,4.124289e-03,4.759699e-03,4.813327e-02,3.483470e-02,6.172277e-05,-1.347315e-04,6.934457e-04
964.240,-1.326626e-05,1.213807e-05,-1.233448e-04,1.492551e-03,1.508581e-04,4.121265e-03,4.757051e-03,4.813570e-02,3.481008e-02,6.168445e-05,-1.347018e-04,6.930959e-04
964.440,-1.325758e-05,1.213016e-05,-1.232649e-04,1.492391e-03,1.511204e-04,4.118244e-03,4.754405e-03,4.813814e-02,3.478547e-02,6.164616e-05,-1.346721e-04,6.927463e-04
