t_s,phase,step_index,Hdot_s_realized_cont_x_Nm,Hdot_s_realized_cont_y_Nm,Hdot_s_realized_cont_z_Nm,Hdot_s_realized_norm_Nm,tauw_x_Nm,tauw_y_Nm,tauw_z_Nm,hw_x_Nms,hw_y_Nms,hw_z_Nms,theta_s_x_deg,theta_s_y_deg,theta_s_z_deg,d_grip_swing_mm
0.0100,DS_interstep,-1,0.000000e+00,0.000000e+00,0.000000e+00,0.000000e+00,1.590394e-15,3.105849e-15,1.265654e-15,-2.282686e-16,-3.638611e-17,-9.298624e-16,1.461351e-14,3.295213e-15,6.009005e-14,0.0000
0.0200,DS_interstep,-1,0.000000e+00,0.000000e+00,0.000000e+00,0.000000e+00,5.831081e-09,-9.806017e-10,1.185913e-09,2.915433e-11,-4.902865e-12,5.927865e-12,4.845668e-14,6.193643e-15,2.064654e-13,0.0000
0.0300,DS_interstep,-1,0.000000e+00,0.000000e+00,0.000000e+00,0.000000e+00,5.124860e-09,-2.293031e-09,5.439491e-09,5.477645e-11,-1.636745e-11,3.312395e-11,9.388154e-14,3.409157e-15,4.095888e-13,0.0000
0.0400,DS_interstep,-1,0.000000e+00,0.000000e+00,0.000000e+00,0.000000e+00,3.217267e-09,-1.372845e-09,6.561142e-09,7.085957e-11,-2.323065e-11,6.592694e-11,1.487020e-13,-3.763092e-15,6.486154e-13,0.0000
0.0500,DS_interstep,-1,0.000000e+00,0.000000e+00,0.000000e+00,0.000000e+00,1.428420e-09,-7.339175e-10,7.453261e-09,7.799791e-11,-2.689896e-11,1.031889e-10,2.098013e-13,-1.396975e-14,9.093046e-13,0.0000
0.0600,DS_interstep,-1,0.000000e+00,0.000000e+00,0.000000e+00,0.000000e+00,1.003251e-10,-1.986965e-10,7.699067e-09,7.849563e-11,-2.789107e-11,1.416780e-10,2.729723e-13,-2.543204e-14,1.182209e-12,0.0000
0.0700,DS_interstep,-1,0.000000e+00,0.000000e+00,0.000000e+00,0.000000e+00,-7.761174e-10,1.008297e-11,7.774096e-09,7.461125e-11,-2.783927e-11,1.805404e-10,3.337283e-13,-3.671115e-14,1.460949e-12,0.0000
0.0800,DS_interstep,-1,0.000000e+00,0.000000e+00,0.000000e+00,0.000000e+00,-1.306026e-09,1.539927e-11,7.665825e-09,6.807763e-11,-2.776090e-11,2.188595e-10,3.880033e-13,-4.682596e-14,1.741126e-12,0.0000
0.0900,DS_interstep,-1,0.000000e+00,0.000000e+00,0.000000e+00,0.000000e+00,-1.579956e-09,-1.268782e-10,7.449368e-09,6.017474e-11,-2.839390e-11,2.560945e-10,4.325853e-13,-5.528531e-14,2.019592e-12,0.0000
0.1000,DS_interstep,-1,0.000000e+00,0.000000e+00,0.000000e+00,0.000000e+00,-1.684725e-09,-3.409507e-10,7.129638e-09,5.174843e-11,-3.009720e-11,2.917291e-10,4.652625e-13,-6.208542e-14,2.294009e-12,0.0000
0.1100,SS,0,8.320767e-02,-9.300186e-01,4.795115e-01,1.049662e+00,-1.424144e-01,1.165593e+00,-2.842052e-01,-3.047785e-03,3.323630e-02,-2.568678e-02,-1.954668e-05,6.591305e-05,-5.872598e-05,799.5962
0.2100,SS,0,9.296357e-02,-1.163524e+00,5.709421e-01,1.299387e+00,-1.111855e-01,1.149814e+00,-5.882722e-01,-9.102902e-03,8.582338e-02,-4.917707e-02,-1.113380e-04,3.609693e-04,-1.903269e-04,797.4333
0.3100,SS,0,1.296740e-01,-1.346481e+00,6.825628e-01,1.515163e+00,-1.549436e-01,1.371833e+00,-6.955722e-01,-1.537112e-02,1.447104e-01,-8.233960e-02,-2.592710e-04,9.000744e-04,-4.308899e-04,792.1387
0.4100,SS,0,1.884530e-01,-1.448294e+00,7.734685e-01,1.652672e+00,-2.347627e-01,1.494615e+00,-7.829086e-01,-2.510074e-02,2.121416e-01,-1.185136e-01,-4.786950e-04,1.719067e-03,-7.931706e-04,782.5628
0.5100,SS,0,2.806672e-01,-1.427467e+00,7.672661e-01,1.644729e+00,-3.460115e-01,1.461814e+00,-8.042575e-01,-3.943882e-02,2.810422e-01,-1.551385e-01,-7.987148e-04,2.829243e-03,-1.279168e-03,767.8663
0.6100,SS,0,3.987215e-01,-1.333151e+00,7.344769e-01,1.573444e+00,-4.844814e-01,1.377043e+00,-7.925662e-01,-5.982508e-02,3.475475e-01,-1.914392e-01,-1.260016e-03,4.214943e-03,-1.883004e-03,747.5333
0.7100,SS,0,5.226673e-01,-1.193828e+00,6.978540e-01,1.478312e+00,-6.230310e-01,1.252530e+00,-7.794922e-01,-8.681430e-02,4.096154e-01,-2.269860e-01,-1.912220e-03,5.849301e-03,-2.594352e-03,721.3556
0.8100,SS,0,6.408081e-01,-1.029166e+00,6.672356e-01,1.383843e+00,-7.524017e-01,1.100438e+00,-7.730768e-01,-1.202460e-01,4.656366e-01,-2.620229e-01,-2.804802e-03,7.697754e-03,-3.402871e-03,689.4110
0.9100,SS,0,7.351593e-01,-8.614878e-01,6.587335e-01,1.310172e+00,-8.515308e-01,9.452573e-01,-7.858223e-01,-1.592300e-01,5.149444e-01,-2.972515e-01,-3.982188e-03,9.721847e-03,-4.300475e-03,652.0344
1.0100,SS,0,7.911641e-01,-7.097054e-01,6.884448e-01,1.266325e+00,-9.041798e-01,8.057393e-01,-8.322689e-01,-2.020159e-01,5.578603e-01,-3.340990e-01,-5.476110e-03,1.188450e-02,-5.284455e-03,609.7831
1.1100,SS,0,7.986507e-01,-5.821990e-01,7.622412e-01,1.248123e+00,-8.996152e-01,6.883726e-01,-9.183190e-01,-2.462469e-01,5.952184e-01,-3.743181e-01,-7.300041e-03,1.415347e-02,-6.359668e-03,563.3987
1.2100,SS,0,7.548783e-01,-4.817467e-01,8.789261e-01,1.254764e+00,-8.349621e-01,5.955494e-01,-1.042763e+00,-2.892537e-01,6.280590e-01,-4.197845e-01,-9.446150e-03,1.650263e-02,-7.539433e-03,513.7690
1.3100,SS,0,6.629323e-01,-4.087745e-01,1.032340e+00,1.293175e+00,-7.128788e-01,5.277795e-01,-1.199333e+00,-3.283412e-01,6.574989e-01,-4.722234e-01,-1.188538e-02,1.891230e-02,-8.845224e-03,461.8901
1.4100,SS,0,5.299122e-01,-3.623803e-01,1.212008e+00,1.371528e+00,-5.402233e-01,4.837814e-01,-1.377159e+00,-3.609995e-01,6.846298e-01,-5.329463e-01,-1.456963e-02,2.136927e-02,-1.030549e-02,408.8290
1.5100,SS,0,3.715634e-01,-3.403836e-01,1.404184e+00,1.491862e+00,-3.363960e-01,4.604536e-01,-1.560695e+00,-3.853601e-01,7.104711e-01,-6.026834e-01,-1.743662e-02,2.386653e-02,-1.195382e-02,355.6882
1.6100,SS,0,2.012284e-01,-3.345499e-01,1.588540e+00,1.635810e+00,-1.169977e-01,4.479383e-01,-1.729806e+00,-4.003158e-01,7.356848e-01,-6.811054e-01,-2.041729e-02,2.640221e-02,-1.382562e-02,303.5703
1.7100,SS,0,3.527886e-02,-3.420215e-01,1.755819e+00,1.789168e+00,9.677175e-02,4.455069e-01,-1.873105e+00,-4.056220e-01,7.607967e-01,-7.674702e-01,-2.344215e-02,2.897822e-02,-1.595573e-02,253.5412
1.8100,SS,0,-1.204967e-01,-3.512804e-01,1.890890e+00,1.927014e+00,2.973458e-01,4.403314e-01,-1.977829e+00,-4.016260e-01,7.859076e-01,-8.601289e-01,-2.644693e-02,3.159913e-02,-1.837553e-02,206.5922
1.9100,SS,0,-2.563297e-01,-3.570660e-01,1.990961e+00,2.038903e+00,4.694567e-01,4.291581e-01,-2.040856e+00,-3.892437e-01,8.108566e-01,-9.574414e-01,-2.937446e-02,3.427017e-02,-2.111161e-02,163.6016
2.0100,SS,0,-3.644928e-01,-3.322488e-01,2.024243e+00,2.083460e+00,5.991354e-01,3.781430e-01,-2.036769e+00,-3.701083e-01,8.344081e-01,-1.056244e+00,-3.217834e-02,3.699409e-02,-2.418155e-02,125.2988
2.1100,SS,0,-4.504436e-01,-2.938277e-01,2.015704e+00,2.086216e+00,6.983535e-01,3.185873e-01,-1.990472e+00,-3.456925e-01,8.556232e-01,-1.154691e+00,-3.482308e-02,3.976764e-02,-2.759372e-02,92.2273
2.2100,SS,0,-4.984682e-01,-2.117043e-01,1.921565e+00,1.996422e+00,7.380723e-01,2.031469e-01,-1.867404e+00,-3.181597e-01,8.727831e-01,-1.248989e+00,-3.728236e-02,4.258267e-02,-3.134423e-02,64.7171
2.3100,SS,0,-5.224362e-01,-8.186946e-02,1.705705e+00,1.785797e+00,7.382250e-01,3.462610e-02,-1.634639e+00,-2.895639e-01,8.831887e-01,-1.333616e+00,-3.954191e-02,4.541826e-02,-3.540876e-02,42.8650
2.4100,SS,0,-5.219823e-01,9.163511e-02,1.352333e+00,1.452469e+00,7.109173e-01,-1.678721e-01,-1.287901e+00,-2.617214e-01,8.848929e-01,-1.402271e+00,-4.159271e-02,4.824192e-02,-3.973746e-02,26.5173
2.5100,SS,0,-4.939756e-01,2.149286e-01,1.000760e+00,1.136542e+00,6.594417e-01,-3.041538e-01,-9.621348e-01,-2.350838e-01,8.795975e-01,-1.456581e+00,-4.342501e-02,5.101853e-02,-4.427040e-02,15.2393
2.6100,SS,0,-4.303550e-01,2.751126e-01,6.609756e-01,8.353329e-01,5.505954e-01,-3.685655e-01,-6.529070e-01,-2.116200e-01,8.699921e-01,-1.497550e+00,-4.503824e-02,5.372258e-02,-4.894694e-02,8.2680
2.7100,SS,0,-3.303825e-01,2.635754e-01,3.437684e-01,5.447947e-01,3.896660e-01,-3.318636e-01,-3.653266e-01,-1.939649e-01,8.598674e-01,-1.525966e+00,-4.645306e-02,5.634072e-02,-5.370419e-02,4.4800
2.8100,SS,0,-1.771160e-01,1.866123e-01,7.737584e-02,2.686656e-01,2.000543e-01,-2.195303e-01,-1.534255e-01,-1.839510e-01,8.533803e-01,-1.543645e+00,-4.770717e-02,5.887623e-02,-5.847984e-02,2.5652
2.9200,DS_interstep,0,-1.758900e+00,4.473300e+00,-5.000000e+00,6.935715e+00,1.752778e+00,-4.454830e+00,4.964178e+00,-1.751780e-01,8.310646e-01,-1.518748e+00,-4.781062e-02,5.906722e-02,-5.889126e-02,2.4061
2.9300,DS_interstep,0,-3.863518e-01,3.893002e+00,-5.000000e+00,6.348601e+00,4.805993e-02,-3.930831e+00,4.865464e+00,-1.749287e-01,8.113694e-01,-1.494346e+00,-4.796179e-02,5.925452e-02,-5.931872e-02,1.9205
2.9400,DS_interstep,0,6.865604e-01,3.657375e+00,-5.000000e+00,6.232797e+00,-8.144441e-01,-3.629184e+00,4.912269e+00,-1.789920e-01,7.931833e-01,-1.469710e+00,-4.812662e-02,5.944658e-02,-5.975401e-02,1.4468
2.9500,DS_interstep,0,1.269022e+00,3.629344e+00,-5.000000e+00,6.307341e+00,-1.303174e+00,-3.586100e+00,4.939064e+00,-1.854988e-01,7.752136e-01,-1.444942e+00,-4.829090e-02,5.964416e-02,-6.019195e-02,1.0502
2.9600,DS_interstep,0,1.528652e+00,3.641894e+00,-5.000000e+00,6.371826e+00,-1.526372e+00,-3.602463e+00,4.958532e+00,-1.931213e-01,7.571629e-01,-1.420078e+00,-4.844989e-02,5.984530e-02,-6.062855e-02,0.7426
2.9700,DS_interstep,0,1.584358e+00,3.558855e+00,-4.800296e+00,6.182110e+00,-1.572603e+00,-3.531019e+00,4.774776e+00,-2.009745e-01,7.394704e-01,-1.396133e+00,-4.860310e-02,6.004684e-02,-6.106057e-02,0.5145
2.9800,DS_interstep,0,1.529111e+00,3.325611e+00,-4.231121e+00,5.594663e+00,-1.519747e+00,-3.312905e+00,4.218734e+00,-2.085630e-01,7.228694e-01,-1.374970e+00,-4.875175e-02,6.024525e-02,-6.148545e-02,0.3502
2.9900,DS_interstep,0,1.453006e+00,3.332069e+00,-4.197875e+00,5.553023e+00,-1.450247e+00,-3.334904e+00,4.195933e+00,-2.158037e-01,7.061592e-01,-1.353923e+00,-4.889728e-02,6.043760e-02,-6.190108e-02,0.2341
3.0000,DS_interstep,0,1.331600e+00,3.389927e+00,-4.395786e+00,5.708564e+00,-1.334193e+00,-3.404093e+00,4.403542e+00,-2.224637e-01,6.891039e-01,-1.331838e+00,-4.904088e-02,6.062174e-02,-6.230556e-02,0.1534
3.0100,DS_interstep,0,1.188987e+00,3.462996e+00,-4.732114e+00,5.983222e+00,-1.195969e+00,-3.485782e+00,4.748763e+00,-2.284323e-01,6.716411e-01,-1.308028e+00,-4.918339e-02,6.079617e-02,-6.269720e-02,0.0981
3.0200,DS_interstep,0,1.036342e+00,3.476960e+00,-5.000000e+00,6.177642e+00,-1.046343e+00,-3.506102e+00,5.000000e+00,-2.336524e-01,6.540775e-01,-1.282964e+00,-4.932540e-02,6.095981e-02,-6.307456e-02,0.0614
3.0300,DS_interstep,0,8.840758e-01,3.371092e+00,-5.000000e+00,6.094740e+00,-8.959520e-01,-3.405142e+00,5.000000e+00,-2.381204e-01,6.370196e-01,-1.257900e+00,-4.946723e-02,6.111187e-02,-6.343660e-02,0.0391
3.0400,DS_interstep,0,7.509892e-01,3.279415e+00,-5.000000e+00,6.026487e+00,-7.638146e-01,-3.317478e+00,5.000000e+00,-2.419275e-01,6.204009e-01,-1.232838e+00,-4.960892e-02,6.125190e-02,-6.378272e-02,0.0292
3.0500,DS_interstep,0,6.228115e-01,3.190474e+00,-5.000000e+00,5.963809e+00,-6.351355e-01,-3.230647e+00,5.000000e+00,-2.450910e-01,6.042172e-01,-1.207777e+00,-4.975025e-02,6.137983e-02,-6.411269e-02,0.0284
3.0600,DS_interstep,0,4.963683e-01,3.100392e+00,-5.000000e+00,5.904135e+00,-5.073350e-01,-3.141140e+00,5.000000e+00,-2.476153e-01,5.884818e-01,-1.182718e+00,-4.989087e-02,6.149591e-02,-6.442659e-02,0.0312
3.0700,DS_interstep,0,3.718453e-01,3.008682e+00,-5.000000e+00,5.847259e+00,-3.809373e-01,-3.048767e+00,5.000000e+00,-2.495076e-01,5.732090e-01,-1.157659e+00,-5.003032e-02,6.160065e-02,-6.472480e-02,0.0341
3.0800,DS_interstep,0,2.504611e-01,2.916264e+00,-5.000000e+00,5.793732e+00,-2.574010e-01,-2.954710e+00,5.000000e+00,-2.507821e-01,5.584072e-01,-1.132602e+00,-5.016815e-02,6.169472e-02,-6.500790e-02,0.0363
3.0900,DS_interstep,0,1.337753e-01,2.824535e+00,-5.000000e+00,5.744205e+00,-1.384692e-01,-2.860605e+00,5.000000e+00,-2.514619e-01,5.440767e-01,-1.107546e+00,-5.030386e-02,6.177892e-02,-6.527664e-02,0.0375
3.1000,DS_interstep,0,2.344829e-02,2.734941e+00,-5.000000e+00,5.699162e+00,-2.594409e-02,-2.768115e+00,5.000000e+00,-2.515791e-01,5.302094e-01,-1.082492e+00,-5.043703e-02,6.185414e-02,-6.553189e-02,0.0377
3.1100,DS_interstep,0,-7.889408e-02,2.648790e+00,-5.000000e+00,5.658826e+00,7.843948e-02,-2.678748e+00,5.000000e+00,-2.511744e-01,5.167895e-01,-1.057438e+00,-5.056728e-02,6.192129e-02,-6.577460e-02,0.0373
3.1200,DS_interstep,0,-1.717699e-01,2.567178e+00,-5.000000e+00,5.623158e+00,1.731198e-01,-2.593776e+00,5.000000e+00,-2.502963e-01,5.037952e-01,-1.032386e+00,-5.069428e-02,6.198129e-02,-6.600571e-02,0.0362
3.1300,DS_interstep,0,-2.539359e-01,2.490967e+00,-5.000000e+00,5.591905e+00,2.567988e-01,-2.514215e+00,5.000000e+00,-2.489998e-01,4.911993e-01,-1.007335e+00,-5.081781e-02,6.203502e-02,-6.622617e-02,0.0347
3.1400,DS_interstep,0,-3.244603e-01,2.420785e+00,-5.000000e+00,5.564663e+00,3.285118e-01,-2.440824e+00,5.000000e+00,-2.473449e-01,4.789710e-01,-9.822855e-01,-5.093768e-02,6.208329e-02,-6.643688e-02,0.0329
3.1500,DS_interstep,0,-3.827691e-01,2.357039e+00,-5.000000e+00,5.540952e+00,3.876708e-01,-2.374115e+00,5.000000e+00,-2.453942e-01,4.670768e-01,-9.572371e-01,-5.105384e-02,6.212684e-02,-6.663865e-02,0.0309
3.1600,DS_interstep,0,-4.286649e-01,2.299933e+00,-5.000000e+00,5.520276e+00,4.340802e-01,-2.314370e+00,5.000000e+00,-2.432117e-01,4.554819e-01,-9.321899e-01,-5.116626e-02,6.216632e-02,-6.683221e-02,0.0288
3.1700,DS_interstep,0,-4.623198e-01,2.249487e+00,-5.000000e+00,5.502175e+00,4.679270e-01,-2.261668e+00,5.000000e+00,-2.408599e-01,4.441511e-01,-9.071440e-01,-5.127501e-02,6.220226e-02,-6.701817e-02,0.0267
3.1800,DS_interstep,0,-4.842480e-01,2.205566e+00,-5.000000e+00,5.486257e+00,4.897509e-01,-2.215906e+00,5.000000e+00,-2.383992e-01,4.330497e-01,-8.820993e-01,-5.138023e-02,6.223510e-02,-6.719703e-02,0.0247
3.1900,DS_interstep,0,-4.952620e-01,2.167900e+00,-5.000000e+00,5.472209e+00,5.003979e-01,-2.176826e+00,5.000000e+00,-2.358854e-01,4.221442e-01,-8.570559e-01,-5.148209e-02,6.226516e-02,-6.736917e-02,0.0227
3.2000,DS_interstep,0,-4.964184e-01,2.136113e+00,-5.000000e+00,5.459800e+00,5.009636e-01,-2.144049e+00,5.000000e+00,-2.333689e-01,4.114031e-01,-8.320137e-01,-5.158080e-02,6.229269e-02,-6.753486e-02,0.0210
3.2100,DS_interstep,0,-4.889584e-01,2.109748e+00,-5.000000e+00,5.448864e+00,4.927320e-01,-2.117097e+00,5.000000e+00,-2.308937e-01,4.007973e-01,-8.069728e-01,-5.167662e-02,6.231781e-02,-6.769425e-02,0.0195
3.2200,DS_interstep,0,-4.742468e-01,2.088292e+00,-5.000000e+00,5.439290e+00,4.771120e-01,-2.095423e+00,5.000000e+00,-2.284966e-01,3.903005e-01,-7.819331e-01,-5.176983e-02,6.234059e-02,-6.784743e-02,0.0183
3.2300,DS_interstep,0,-4.537136e-01,2.071197e+00,-5.000000e+00,5.430996e+00,4.555773e-01,-2.078442e+00,5.000000e+00,-2.262074e-01,3.798890e-01,-7.568947e-01,-5.186070e-02,6.236101e-02,-6.799436e-02,0.0173
3.2400,DS_interstep,0,-4.287994e-01,2.057904e+00,-5.000000e+00,5.423913e+00,4.296110e-01,-2.065545e+00,5.000000e+00,-2.240481e-01,3.695426e-01,-7.318575e-01,-5.194952e-02,6.237901e-02,-6.813498e-02,0.0165
3.2500,DS_interstep,0,-4.009084e-01,2.047858e+00,-5.000000e+00,5.417975e+00,4.006562e-01,-2.056128e+00,5.000000e+00,-2.220337e-01,3.592437e-01,-7.068216e-01,-5.203656e-02,6.239446e-02,-6.826913e-02,0.0160
3.2600,DS_interstep,0,-3.713674e-01,2.040524e+00,-5.000000e+00,5.413100e+00,3.700752e-01,-2.049605e+00,5.000000e+00,-2.201723e-01,3.489780e-01,-6.817870e-01,-5.212210e-02,6.240723e-02,-6.839663e-02,0.0157
3.2700,DS_interstep,0,-3.474607e-01,1.882322e+00,-4.630924e+00,5.010920e+00,3.451829e-01,-1.892344e+00,4.648314e+00,-2.184354e-01,3.394991e-01,-6.585119e-01,-5.220643e-02,6.241701e-02,-6.851739e-02,0.0156
3.2800,DS_interstep,0,-3.057472e-01,1.801212e+00,-4.380223e+00,4.745967e+00,3.019812e-01,-1.813333e+00,4.398156e+00,-2.169146e-01,3.304158e-01,-6.364889e-01,-5.228983e-02,6.242349e-02,-6.863141e-02,0.0155
3.2900,DS_interstep,0,-2.703826e-01,1.745438e+00,-4.192614e+00,4.549469e+00,2.659484e-01,-1.758718e+00,4.211101e+00,-2.155741e-01,3.216059e-01,-6.154021e-01,-5.237244e-02,6.242654e-02,-6.873871e-02,0.0154
3.3000,DS_interstep,0,-2.430747e-01,1.695060e+00,-4.036395e+00,4.384609e+00,2.381780e-01,-1.709050e+00,4.055353e+00,-2.143724e-01,3.130448e-01,-5.950951e-01,-5.245436e-02,6.242609e-02,-6.883934e-02,0.0153
3.3100,DS_interstep,0,-2.218697e-01,1.646417e+00,-3.902087e+00,4.241014e+00,2.166262e-01,-1.660854e+00,3.921425e+00,-2.132786e-01,3.047251e-01,-5.754588e-01,-5.253567e-02,6.242214e-02,-6.893333e-02,0.0152
3.3200,DS_interstep,0,-2.056938e-01,1.598580e+00,-3.784092e+00,4.113042e+00,2.002323e-01,-1.613255e+00,3.803714e+00,-2.122668e-01,2.966438e-01,-5.564120e-01,-5.261641e-02,6.241471e-02,-6.902078e-02,0.0151
3.3300,DS_interstep,0,-1.939839e-01,1.551201e+00,-3.677821e+00,3.996276e+00,1.884272e-01,-1.565941e+00,3.697623e+00,-2.113141e-01,2.887995e-01,-5.378966e-01,-5.269661e-02,6.240389e-02,-6.910178e-02,0.0149
3.3400,DS_interstep,0,-1.862535e-01,1.504132e+00,-3.579327e+00,3.886989e+00,1.807034e-01,-1.518803e+00,3.599198e+00,-2.104000e-01,2.811913e-01,-5.198742e-01,-5.277627e-02,6.238975e-02,-6.917646e-02,0.0146
3.3500,DS_interstep,0,-1.819607e-01,1.457285e+00,-3.485289e+00,3.782066e+00,1.764952e-01,-1.471784e+00,3.505117e+00,-2.095071e-01,2.738185e-01,-5.023231e-01,-5.285537e-02,6.237242e-02,-6.924496e-02,0.0144
3.3600,DS_interstep,0,-1.805278e-01,1.410561e+00,-3.393020e+00,3.678975e+00,1.752056e-01,-1.424811e+00,3.412699e+00,-2.086206e-01,2.666810e-01,-4.852350e-01,-5.293388e-02,6.235203e-02,-6.930744e-02,0.0141
3.3700,DS_interstep,0,-1.813974e-01,1.363825e+00,-3.300457e+00,3.575744e+00,1.762624e-01,-1.377773e+00,3.319885e+00,-2.077289e-01,2.597790e-01,-4.686118e-01,-5.301176e-02,6.232869e-02,-6.936410e-02,0.0137
3.3800,DS_interstep,0,-1.840717e-01,1.316929e+00,-3.206123e+00,3.470938e+00,1.791578e-01,-1.330538e+00,3.225211e+00,-2.068227e-01,2.531135e-01,-4.524627e-01,-5.308899e-02,6.230256e-02,-6.941512e-02,0.0133
3.3900,DS_interstep,0,-1.881287e-01,1.269743e+00,-3.109081e+00,3.363632e+00,1.834615e-01,-1.282987e+00,3.127750e+00,-2.058951e-01,2.466861e-01,-4.368018e-01,-5.316550e-02,6.227376e-02,-6.946073e-02,0.0130
3.4000,DS_interstep,0,-1.932200e-01,1.222184e+00,-3.008866e+00,3.253359e+00,1.888186e-01,-1.235048e+00,3.027054e+00,-2.049408e-01,2.404987e-01,-4.216451e-01,-5.324127e-02,6.224244e-02,-6.950114e-02,0.0125
3.4100,DS_interstep,0,-1.990603e-01,1.174234e+00,-2.905418e+00,3.140048e+00,1.949378e-01,-1.186712e+00,2.923071e+00,-2.039559e-01,2.345533e-01,-4.070091e-01,-5.331622e-02,6.220874e-02,-6.953659e-02,0.0121
3.4200,DS_interstep,0,-2.054155e-01,1.125946e+00,-2.798992e+00,3.023955e+00,2.015790e-01,-1.138037e+00,2.816072e+00,-2.029378e-01,2.288515e-01,-3.929087e-01,-5.339033e-02,6.217278e-02,-6.956729e-02,0.0117
3.4300,DS_interstep,0,-2.120910e-01,1.077435e+00,-2.690085e+00,2.905582e+00,2.085430e-01,-1.089143e+00,2.706566e+00,-2.018850e-01,2.233945e-01,-3.793566e-01,-5.346353e-02,6.213469e-02,-6.959348e-02,0.0112
3.4400,DS_interstep,0,-2.189242e-01,1.028866e+00,-2.579358e+00,2.785602e+00,2.156629e-01,-1.040199e+00,2.595222e+00,-2.007966e-01,2.181825e-01,-3.663619e-01,-5.353578e-02,6.209461e-02,-6.961538e-02,0.0108
3.4500,DS_interstep,0,-2.257972e-01,9.801430e-01,-2.466968e+00,2.664132e+00,2.228125e-01,-9.911019e-01,2.482198e+00,-1.996725e-01,2.132162e-01,-3.539330e-01,-5.360705e-02,6.205266e-02,-6.963324e-02,0.0103
3.4600,DS_interstep,0,-2.325213e-01,9.303447e-01,-2.351274e+00,2.539310e+00,2.297771e-01,-9.408985e-01,2.365814e+00,-1.985137e-01,2.085012e-01,-3.420865e-01,-5.367730e-02,6.200896e-02,-6.964728e-02,0.0099
3.4700,DS_interstep,0,-2.386040e-01,8.797065e-01,-2.232596e+00,2.411493e+00,2.360584e-01,-8.898387e-01,2.246402e+00,-1.973235e-01,2.040417e-01,-3.308377e-01,-5.374651e-02,6.196366e-02,-6.965776e-02,0.0094
3.4800,DS_interstep,0,-2.437132e-01,8.289451e-01,-2.112418e+00,2.282292e+00,2.413375e-01,-8.386574e-01,2.125470e+00,-1.961070e-01,1.998383e-01,-3.201941e-01,-5.381466e-02,6.191686e-02,-6.966491e-02,0.0090
3.4900,DS_interstep,0,-2.477627e-01,7.787531e-01,-1.992468e+00,2.153548e+00,2.455418e-01,-7.880586e-01,2.004771e+00,-1.948695e-01,1.958882e-01,-3.101545e-01,-5.388175e-02,6.186869e-02,-6.966896e-02,0.0086
3.5000,DS_interstep,0,-2.508313e-01,7.297080e-01,-1.874396e+00,2.027005e+00,2.487590e-01,-7.386282e-01,1.885976e+00,-1.936160e-01,1.921853e-01,-3.007094e-01,-5.394775e-02,6.181927e-02,-6.967013e-02,0.0082
3.5100,DS_interstep,0,-2.530825e-01,6.822573e-01,-1.759622e+00,1.904152e+00,2.511572e-01,-6.908194e-01,1.770519e+00,-1.923506e-01,1.887217e-01,-2.918420e-01,-5.401267e-02,6.176869e-02,-6.966863e-02,0.0079
3.5200,DS_interstep,0,-2.547056e-01,6.367264e-01,-1.649262e+00,1.786158e+00,2.529271e-01,-6.449602e-01,1.659523e+00,-1.910764e-01,1.854876e-01,-2.835301e-01,-5.407648e-02,6.171704e-02,-6.966464e-02,0.0076
3.5300,DS_interstep,0,-2.558777e-01,5.933360e-01,-1.544116e+00,1.673862e+00,2.542456e-01,-6.012718e-01,1.553793e+00,-1.897957e-01,1.824720e-01,-2.757471e-01,-5.413917e-02,6.166441e-02,-6.965834e-02,0.0073
3.5400,DS_interstep,0,-2.567446e-01,5.522222e-01,-1.444701e+00,1.567810e+00,2.552575e-01,-5.598893e-01,1.453848e+00,-1.885099e-01,1.796635e-01,-2.684643e-01,-5.420074e-02,6.161088e-02,-6.964989e-02,0.0070
3.5500,DS_interstep,0,-2.574155e-01,5.134543e-01,-1.351298e+00,1.468300e+00,2.560711e-01,-5.208801e-01,1.359965e+00,-1.872202e-01,1.770502e-01,-2.616512e-01,-5.426117e-02,6.155652e-02,-6.963943e-02,0.0068
3.5600,DS_interstep,0,-2.579673e-01,4.770543e-01,-1.264001e+00,1.375437e+00,2.567626e-01,-4.842637e-01,1.272237e+00,-1.859271e-01,1.746201e-01,-2.552771e-01,-5.432046e-02,6.150139e-02,-6.962710e-02,0.0065
3.5700,DS_interstep,0,-2.584651e-01,4.430877e-01,-1.182782e+00,1.289226e+00,2.573953e-01,-4.501061e-01,1.190630e+00,-1.846308e-01,1.723609e-01,-2.493114e-01,-5.437859e-02,6.144554e-02,-6.961300e-02,0.0063
3.5800,DS_interstep,0,-2.589410e-01,4.115593e-01,-1.107484e+00,1.209525e+00,2.580019e-01,-4.184100e-01,1.114984e+00,-1.833316e-01,1.702603e-01,-2.437242e-01,-5.443557e-02,6.138903e-02,-6.959727e-02,0.0061
3.5900,DS_interstep,0,-2.593995e-01,3.823525e-01,-1.037848e+00,1.136050e+00,2.585898e-01,-3.890532e-01,1.045036e+00,-1.820296e-01,1.683066e-01,-2.384869e-01,-5.449138e-02,6.133189e-02,-6.957998e-02,0.0059
3.6000,DS_interstep,0,-2.598427e-01,3.553082e-01,-9.735654e-01,1.068453e+00,2.591630e-01,-3.618730e-01,9.804734e-01,-1.807247e-01,1.664889e-01,-2.335728e-01,-5.454602e-02,6.127417e-02,-6.956123e-02,0.0058
3.6100,DS_interstep,0,-2.602787e-01,3.302601e-01,-9.143003e-01,1.006361e+00,2.597310e-01,-3.367006e-01,9.209563e-01,-1.794170e-01,1.647971e-01,-2.289564e-01,-5.459948e-02,6.121592e-02,-6.954111e-02,0.0056
3.6200,DS_interstep,0,-2.607209e-01,3.070467e-01,-8.597003e-01,9.493880e-01,2.603074e-01,-3.133725e-01,8.661297e-01,-1.781066e-01,1.632220e-01,-2.246145e-01,-5.465175e-02,6.115716e-02,-6.951968e-02,0.0055
3.6300,DS_interstep,0,-2.611841e-01,2.855153e-01,-8.094075e-01,8.971492e-01,2.609075e-01,-2.917346e-01,8.156330e-01,-1.767932e-01,1.617552e-01,-2.205252e-01,-5.470283e-02,6.109792e-02,-6.949702e-02,0.0053
3.6400,DS_interstep,0,-2.616824e-01,2.655234e-01,-7.630666e-01,8.492650e-01,2.615453e-01,-2.716431e-01,7.691080e-01,-1.754766e-01,1.603890e-01,-2.166687e-01,-5.475271e-02,6.103825e-02,-6.947320e-02,0.0052
3.6500,DS_interstep,0,-2.622279e-01,2.469568e-01,-7.203699e-01,8.054092e-01,2.622331e-01,-2.529832e-01,7.262455e-01,-1.741567e-01,1.591161e-01,-2.130268e-01,-5.480138e-02,6.097817e-02,-6.944826e-02,0.0051
3.6600,DS_interstep,0,-2.628480e-01,2.297873e-01,-6.811982e-01,7.654556e-01,2.630012e-01,-2.357284e-01,6.869276e-01,-1.728331e-01,1.579295e-01,-2.095816e-01,-5.484882e-02,6.091769e-02,-6.942227e-02,0.0049
3.6700,DS_interstep,0,-2.635882e-01,2.138776e-01,-6.452444e-01,7.290835e-01,2.638950e-01,-2.197397e-01,6.508448e-01,-1.715050e-01,1.568229e-01,-2.063170e-01,-5.489503e-02,6.085686e-02,-6.939527e-02,0.0048
3.6800,DS_interstep,0,-2.644640e-01,1.990733e-01,-6.121363e-01,6.959039e-01,2.649278e-01,-2.048608e-01,6.176215e-01,-1.701718e-01,1.557908e-01,-2.032186e-01,-5.493999e-02,6.079569e-02,-6.936730e-02,0.0047
3.6900,DS_interstep,0,-2.654653e-01,1.852523e-01,-5.815378e-01,6.655648e-01,2.660881e-01,-1.909690e-01,5.869186e-01,-1.688329e-01,1.548282e-01,-2.002739e-01,-5.498370e-02,6.073421e-02,-6.933842e-02,0.0046
3.7000,DS_interstep,0,-2.665715e-01,1.723153e-01,-5.531519e-01,6.377539e-01,2.673545e-01,-1.779643e-01,5.584370e-01,-1.674878e-01,1.539307e-01,-1.974718e-01,-5.502614e-02,6.067244e-02,-6.930864e-02,0.0045
3.7100,DS_interstep,0,-2.677588e-01,1.601778e-01,-5.267158e-01,6.121938e-01,2.687028e-01,-1.657614e-01,5.319121e-01,-1.661359e-01,1.530942e-01,-1.948025e-01,-5.506730e-02,6.061039e-02,-6.927802e-02,0.0044
3.7200,DS_interstep,0,-2.690031e-01,1.487655e-01,-5.019967e-01,5.886378e-01,2.701084e-01,-1.542858e-01,5.071094e-01,-1.647771e-01,1.523151e-01,-1.922573e-01,-5.510716e-02,6.054809e-02,-6.924659e-02,0.0043
3.7300,DS_interstep,0,-2.702808e-01,1.380128e-01,-4.787886e-01,5.668666e-01,2.715475e-01,-1.434715e-01,4.838219e-01,-1.634112e-01,1.515902e-01,-1.898286e-01,-5.514573e-02,6.048555e-02,-6.921438e-02,0.0041
3.7400,DS_interstep,0,-2.715700e-01,1.278611e-01,-4.569097e-01,5.466856e-01,2.729979e-01,-1.332599e-01,4.618667e-01,-1.620381e-01,1.509163e-01,-1.875098e-01,-5.518299e-02,6.042280e-02,-6.918142e-02,0.0040
3.7500,DS_interstep,0,-2.728502e-01,1.182586e-01,-4.362004e-01,5.279234e-01,2.744385e-01,-1.235989e-01,4.410836e-01,-1.606578e-01,1.502908e-01,-1.852951e-01,-5.521892e-02,6.035985e-02,-6.914774e-02,0.0039
3.7600,DS_interstep,0,-2.741020e-01,1.091596e-01,-4.165220e-01,5.104295e-01,2.758498e-01,-1.144428e-01,4.213330e-01,-1.592706e-01,1.497111e-01,-1.831792e-01,-5.525351e-02,6.029672e-02,-6.911338e-02,0.0038
3.7700,DS_interstep,0,-2.753076e-01,1.005236e-01,-3.977544e-01,4.940728e-01,2.772135e-01,-1.057512e-01,4.024945e-01,-1.578766e-01,1.491748e-01,-1.811577e-01,-5.528677e-02,6.023342e-02,-6.907837e-02,0.0037
3.7800,DS_interstep,0,-2.764505e-01,9.231561e-02,-3.797952e-01,4.787394e-01,2.785126e-01,-9.748883e-02,3.844653e-01,-1.564762e-01,1.486800e-01,-1.792263e-01,-5.531867e-02,6.016998e-02,-6.904273e-02,0.0037
3.7900,DS_interstep,0,-2.775150e-01,8.450480e-02,-3.625577e-01,4.643315e-01,2.797311e-01,-8.962512e-02,3.671586e-01,-1.550698e-01,1.482244e-01,-1.773816e-01,-5.534922e-02,6.010639e-02,-6.900649e-02,0.0036
3.8000,DS_interstep,0,-2.784869e-01,7.706454e-02,-3.459698e-01,4.507649e-01,2.808545e-01,-8.213340e-02,3.505020e-01,-1.536578e-01,1.478063e-01,-1.756203e-01,-5.537840e-02,6.004269e-02,-6.896967e-02,0.0035
3.8100,DS_interstep,0,-2.793530e-01,6.997174e-02,-3.299723e-01,4.379679e-01,2.818691e-01,-7.499062e-02,3.344363e-01,-1.522408e-01,1.474240e-01,-1.739394e-01,-5.540621e-02,5.997888e-02,-6.893232e-02,0.0034
3.8200,DS_interstep,0,-2.801012e-01,6.320643e-02,-3.145173e-01,4.258790e-01,2.827626e-01,-6.817679e-02,3.189137e-01,-1.508194e-01,1.470758e-01,-1.723362e-01,-5.543264e-02,5.991497e-02,-6.889444e-02,0.0033
3.8300,DS_interstep,0,-2.807207e-01,5.675129e-02,-2.995672e-01,4.144458e-01,2.835237e-01,-6.167463e-02,3.038963e-01,-1.493943e-01,1.467600e-01,-1.708081e-01,-5.545769e-02,5.985099e-02,-6.885607e-02,0.0032
3.8400,DS_interstep,0,-2.812017e-01,5.059131e-02,-2.850925e-01,4.036231e-01,2.841425e-01,-5.546913e-02,2.893550e-01,-1.479662e-01,1.464754e-01,-1.693528e-01,-5.548135e-02,5.978693e-02,-6.881723e-02,0.0031
3.8500,DS_interstep,0,-2.815357e-01,4.471343e-02,-2.710714e-01,3.933718e-01,2.846102e-01,-4.954723e-02,2.752680e-01,-1.465358e-01,1.462203e-01,-1.679681e-01,-5.550362e-02,5.972281e-02,-6.877794e-02,0.0031
3.8600,DS_interstep,0,-2.817153e-01,3.910619e-02,-2.574879e-01,3.836572e-01,2.849192e-01,-4.389746e-02,2.616193e-01,-1.451039e-01,1.459935e-01,-1.666516e-01,-5.552451e-02,5.965865e-02,-6.873824e-02,0.0030
3.8700,DS_interstep,0,-2.817344e-01,3.375950e-02,-2.443307e-01,3.744482e-01,2.850632e-01,-3.850970e-02,2.483980e-01,-1.436714e-01,1.457937e-01,-1.654013e-01,-5.554400e-02,5.959445e-02,-6.869813e-02,0.0029
3.8800,DS_interstep,0,-2.815879e-01,2.866436e-02,-2.315924e-01,3.657163e-01,2.850370e-01,-3.337495e-02,2.355966e-01,-1.422391e-01,1.456195e-01,-1.642151e-01,-5.556211e-02,5.953022e-02,-6.865765e-02,0.0029
3.8900,DS_interstep,0,-2.812720e-01,2.381266e-02,-2.192684e-01,3.574348e-01,2.848366e-01,-2.848504e-02,2.232107e-01,-1.408078e-01,1.454698e-01,-1.630909e-01,-5.557883e-02,5.946597e-02,-6.861681e-02,0.0028
3.9000,DS_interstep,0,-2.807838e-01,1.919699e-02,-2.073562e-01,3.495778e-01,2.844591e-01,-2.383254e-02,2.112378e-01,-1.393785e-01,1.453434e-01,-1.620265e-01,-5.559416e-02,5.940172e-02,-6.857564e-02,0.0027
3.9100,DS_interstep,0,-2.801216e-01,1.481049e-02,-1.958543e-01,3.421203e-01,2.839026e-01,-1.941056e-02,1.996768e-01,-1.379521e-01,1.452391e-01,-1.610201e-01,-5.560811e-02,5.933746e-02,-6.853415e-02,0.0027
3.9200,DS_interstep,0,-2.792845e-01,1.064672e-02,-1.847620e-01,3.350376e-01,2.831664e-01,-1.521261e-02,1.885268e-01,-1.365294e-01,1.451557e-01,-1.600694e-01,-5.562069e-02,5.927321e-02,-6.849237e-02,0.0026
3.9300,DS_interstep,0,-2.782727e-01,6.699573e-03,-1.740788e-01,3.283048e-01,2.822505e-01,-1.123256e-02,1.777876e-01,-1.351114e-01,1.450923e-01,-1.591725e-01,-5.563190e-02,5.920897e-02,-6.845031e-02,0.0026
3.9400,DS_interstep,0,-2.770874e-01,2.963168e-03,-1.638038e-01,3.218973e-01,2.811561e-01,-7.464471e-03,1.674583e-01,-1.336989e-01,1.450478e-01,-1.583273e-01,-5.564174e-02,5.914475e-02,-6.840798e-02,0.0025
3.9500,DS_interstep,0,-2.757302e-01,-5.682059e-04,-1.539357e-01,3.157905e-01,2.798849e-01,-3.902607e-03,1.575376e-01,-1.322928e-01,1.450210e-01,-1.575317e-01,-5.565023e-02,5.908056e-02,-6.836542e-02,0.0024
3.9600,DS_interstep,0,-2.742038e-01,-3.900140e-03,-1.444724e-01,3.099600e-01,2.784396e-01,-5.413412e-04,1.480235e-01,-1.308941e-01,1.450110e-01,-1.567837e-01,-5.565737e-02,5.901640e-02,-6.832263e-02,0.0024
3.9700,DS_interstep,0,-2.725116e-01,-7.038142e-03,-1.354107e-01,3.043816e-01,2.768236e-01,2.624869e-03,1.389128e-01,-1.295034e-01,1.450169e-01,-1.560813e-01,-5.566318e-02,5.895228e-02,-6.827963e-02,0.0023
3.9800,DS_interstep,0,-2.706574e-01,-9.987667e-03,-1.267465e-01,2.990315e-01,2.750409e-01,5.601508e-03,1.302016e-01,-1.281218e-01,1.450377e-01,-1.554225e-01,-5.566766e-02,5.888821e-02,-6.823643e-02,0.0023
3.9900,DS_interstep,0,-2.686457e-01,-1.275413e-02,-1.184747e-01,2.938868e-01,2.730961e-01,8.394017e-03,1.218845e-01,-1.267500e-01,1.450724e-01,-1.548054e-01,-5.567083e-02,5.882418e-02,-6.819304e-02,0.0023
4.0000,DS_interstep,0,-2.664817e-01,-1.534292e-02,-1.105892e-01,2.889253e-01,2.709942e-01,1.100781e-02,1.139555e-01,-1.253887e-01,1.451202e-01,-1.542279e-01,-5.567269e-02,5.876021e-02,-6.814949e-02,0.0022
4.0100,DS_interstep,0,-2.641706e-01,-1.775940e-02,-1.030827e-01,2.841260e-01,2.687409e-01,1.344828e-02,1.064075e-01,-1.240388e-01,1.451801e-01,-1.536881e-01,-5.567327e-02,5.869630e-02,-6.810578e-02,0.0022
4.0200,DS_interstep,0,-2.617186e-01,-2.000893e-02,-9.594723e-02,2.794688e-01,2.663422e-01,1.572079e-02,9.923218e-02,-1.227009e-01,1.452515e-01,-1.531843e-01,-5.567257e-02,5.863245e-02,-6.806193e-02,0.0021
4.0300,DS_interstep,0,-2.591316e-01,-2.209682e-02,-8.917388e-02,2.749353e-01,2.638044e-01,1.783068e-02,9.242082e-02,-1.213758e-01,1.453334e-01,-1.527146e-01,-5.567061e-02,5.856867e-02,-6.801794e-02,0.0021
4.0400,DS_interstep,0,-2.564164e-01,-2.402838e-02,-8.275310e-02,2.705084e-01,2.611341e-01,1.978327e-02,8.596377e-02,-1.200641e-01,1.454250e-01,-1.522771e-01,-5.566741e-02,5.850496e-02,-6.797384e-02,0.0021
4.0500,DS_interstep,0,-2.535795e-01,-2.580887e-02,-7.667474e-02,2.661723e-01,2.583382e-01,2.158385e-02,7.985085e-02,-1.187664e-01,1.455257e-01,-1.518703e-01,-5.566297e-02,5.844132e-02,-6.792961e-02,0.0020
4.0600,DS_interstep,0,-2.506280e-01,-2.744353e-02,-7.092819e-02,2.619129e-01,2.554239e-01,2.323765e-02,7.407141e-02,-1.174834e-01,1.456346e-01,-1.514923e-01,-5.565732e-02,5.837776e-02,-6.788529e-02,0.0020
4.0700,DS_interstep,0,-2.475690e-01,-2.893755e-02,-6.550249e-02,2.577176e-01,2.523982e-01,2.474988e-02,6.861443e-02,-1.162156e-01,1.457510e-01,-1.511417e-01,-5.565048e-02,5.831428e-02,-6.784087e-02,0.0020
4.0800,DS_interstep,0,-2.444096e-01,-3.029606e-02,-6.038642e-02,2.535753e-01,2.492686e-01,2.612568e-02,6.346865e-02,-1.149635e-01,1.458744e-01,-1.508168e-01,-5.564245e-02,5.825088e-02,-6.779637e-02,0.0019
4.0900,DS_interstep,0,-2.411570e-01,-3.152415e-02,-5.556862e-02,2.494762e-01,2.460424e-01,2.737017e-02,5.862269e-02,-1.137276e-01,1.460039e-01,-1.505161e-01,-5.563327e-02,5.818756e-02,-6.775178e-02,0.0019
4.1000,DS_interstep,0,-2.378186e-01,-3.262684e-02,-5.103770e-02,2.454120e-01,2.427270e-01,2.848837e-02,5.406507e-02,-1.125083e-01,1.461391e-01,-1.502383e-01,-5.562294e-02,5.812433e-02,-6.770713e-02,0.0019
4.1100,DS_interstep,0,-2.344016e-01,-3.360910e-02,-4.678225e-02,2.413757e-01,2.393299e-01,2.948525e-02,4.978436e-02,-1.113061e-01,1.462792e-01,-1.499819e-01,-5.561148e-02,5.806119e-02,-6.766242e-02,0.0018
4.1200,DS_interstep,0,-2.309130e-01,-3.447581e-02,-4.279099e-02,2.373615e-01,2.358582e-01,3.036574e-02,4.576922e-02,-1.101212e-01,1.464237e-01,-1.497455e-01,-5.559892e-02,5.799813e-02,-6.761765e-02,0.0018
4.1300,DS_interstep,0,-2.273602e-01,-3.523182e-02,-3.905276e-02,2.333646e-01,2.323194e-01,3.113467e-02,4.200845e-02,-1.089542e-01,1.465720e-01,-1.495280e-01,-5.558527e-02,5.793517e-02,-6.757283e-02,0.0018
4.1400,DS_interstep,0,-2.237499e-01,-3.588186e-02,-3.555660e-02,2.293813e-01,2.287204e-01,3.179680e-02,3.849105e-02,-1.078052e-01,1.467237e-01,-1.493281e-01,-5.557055e-02,5.787230e-02,-6.752796e-02,0.0017
4.1500,DS_interstep,0,-2.200891e-01,-3.643061e-02,-3.229179e-02,2.254089e-01,2.250683e-01,3.235684e-02,3.520623e-02,-1.066745e-01,1.468781e-01,-1.491446e-01,-5.555478e-02,5.780952e-02,-6.748306e-02,0.0017
4.1600,DS_interstep,0,-2.163844e-01,-3.688268e-02,-2.924785e-02,2.214452e-01,2.213698e-01,3.281939e-02,3.214349e-02,-1.055623e-01,1.470349e-01,-1.489764e-01,-5.553798e-02,5.774684e-02,-6.743812e-02,0.0017
4.1700,DS_interstep,0,-2.126424e-01,-3.724259e-02,-2.641458e-02,2.174891e-01,2.176317e-01,3.318901e-02,2.929258e-02,-1.044689e-01,1.471935e-01,-1.488225e-01,-5.552017e-02,5.768425e-02,-6.739316e-02,0.0017
4.1800,DS_interstep,0,-2.088693e-01,-3.751479e-02,-2.378207e-02,2.135400e-01,2.138604e-01,3.347016e-02,2.664355e-02,-1.033944e-01,1.473535e-01,-1.486819e-01,-5.550137e-02,5.762175e-02,-6.734817e-02,0.0016
4.1900,DS_interstep,0,-2.050713e-01,-3.770364e-02,-2.134071e-02,2.095978e-01,2.100621e-01,3.366723e-02,2.418673e-02,-1.023390e-01,1.475144e-01,-1.485535e-01,-5.548160e-02,5.755935e-02,-6.730316e-02,0.0016
4.2000,DS_interstep,0,-2.012543e-01,-3.781343e-02,-1.908116e-02,2.056629e-01,2.062428e-01,3.378453e-02,2.191276e-02,-1.013027e-01,1.476760e-01,-1.484365e-01,-5.546087e-02,5.749704e-02,-6.725813e-02,0.0016
4.2100,DS_interstep,0,-1.974239e-01,-3.784837e-02,-1.699441e-02,2.017362e-01,2.024084e-01,3.382628e-02,1.981258e-02,-1.002856e-01,1.478377e-01,-1.483300e-01,-5.543922e-02,5.743482e-02,-6.721309e-02,0.0015
4.2200,DS_interstep,0,-1.935855e-01,-3.781259e-02,-1.507173e-02,1.978188e-01,1.985643e-01,3.379665e-02,1.787743e-02,-9.928781e-02,1.479993e-01,-1.482332e-01,-5.541665e-02,5.737270e-02,-6.716804e-02,0.0015
4.2300,DS_interstep,0,-1.897443e-01,-3.771012e-02,-1.330468e-02,1.939123e-01,1.947159e-01,3.369969e-02,1.609880e-02,-9.830930e-02,1.481604e-01,-1.481453e-01,-5.539320e-02,5.731067e-02,-6.712298e-02,0.0015
4.2400,DS_interstep,0,-1.859053e-01,-3.754493e-02,-1.168509e-02,1.900183e-01,1.908682e-01,3.353939e-02,1.446852e-02,-9.735008e-02,1.483207e-01,-1.480656e-01,-5.536887e-02,5.724874e-02,-6.707791e-02,0.0015
4.2500,DS_interstep,0,-1.820733e-01,-3.732089e-02,-1.020507e-02,1.861389e-01,1.870260e-01,3.331964e-02,1.297864e-02,-9.641011e-02,1.484798e-01,-1.479933e-01,-5.534369e-02,5.718690e-02,-6.703285e-02,0.0014
4.2600,DS_interstep,0,-1.782526e-01,-3.704178e-02,-8.857013e-03,1.822760e-01,1.831940e-01,3.304427e-02,1.162153e-02,-9.548935e-02,1.486376e-01,-1.479278e-01,-5.531767e-02,5.712515e-02,-6.698778e-02,0.0014
4.2700,DS_interstep,0,-1.744475e-01,-3.671130e-02,-7.633558e-03,1.784318e-01,1.793765e-01,3.271698e-02,1.038978e-02,-9.458772e-02,1.487938e-01,-1.478684e-01,-5.529084e-02,5.706349e-02,-6.694271e-02,0.0014
4.2800,DS_interstep,0,-1.706620e-01,-3.633306e-02,-6.527604e-03,1.746088e-01,1.755775e-01,3.234142e-02,9.276266e-03,-9.370513e-02,1.489480e-01,-1.478147e-01,-5.526322e-02,5.700191e-02,-6.689765e-02,0.0014
4.2900,DS_interstep,0,-1.668999e-01,-3.591058e-02,-5.532300e-03,1.708091e-01,1.718009e-01,3.192111e-02,8.274093e-03,-9.284147e-02,1.491002e-01,-1.477659e-01,-5.523483e-02,5.694043e-02,-6.685259e-02,0.0013
4.3000,DS_interstep,0,-1.631646e-01,-3.544726e-02,-4.641038e-03,1.670351e-01,1.680503e-01,3.145951e-02,7.376622e-03,-9.199661e-02,1.492500e-01,-1.477216e-01,-5.520567e-02,5.687904e-02,-6.680754e-02,0.0013
4.3100,DS_interstep,0,-1.594596e-01,-3.494644e-02,-3.847450e-03,1.632894e-01,1.643292e-01,3.095997e-02,6.577452e-03,-9.117039e-02,1.493974e-01,-1.476813e-01,-5.517578e-02,5.681773e-02,-6.676250e-02,0.0013
4.3200,DS_interstep,0,-1.557878e-01,-3.441133e-02,-3.145402e-03,1.595741e-01,1.606407e-01,3.042572e-02,5.870418e-03,-9.036265e-02,1.495420e-01,-1.476446e-01,-5.514517e-02,5.675650e-02,-6.671747e-02,0.0013
4.3300,DS_interstep,0,-1.521522e-01,-3.384507e-02,-2.528993e-03,1.558916e-01,1.569877e-01,2.985991e-02,5.249585e-03,-8.957322e-02,1.496838e-01,-1.476110e-01,-5.511386e-02,5.669536e-02,-6.667244e-02,0.0012
4.3400,DS_interstep,0,-1.485555e-01,-3.325066e-02,-1.992546e-03,1.522442e-01,1.533729e-01,2.926560e-02,4.709248e-03,-8.880190e-02,1.498227e-01,-1.475801e-01,-5.508186e-02,5.663430e-02,-6.662743e-02,0.0012
4.3500,DS_interstep,0,-1.450000e-01,-3.263102e-02,-1.530612e-03,1.486342e-01,1.497990e-01,2.864572e-02,4.243926e-03,-8.804849e-02,1.499584e-01,-1.475515e-01,-5.504920e-02,5.657332e-02,-6.658243e-02,0.0012
4.3600,DS_interstep,0,-1.414881e-01,-3.198897e-02,-1.137959e-03,1.450637e-01,1.462683e-01,2.800310e-02,3.848360e-03,-8.731277e-02,1.500909e-01,-1.475248e-01,-5.501589e-02,5.651242e-02,-6.653744e-02,0.0012
4.3700,DS_interstep,0,-1.380218e-01,-3.132721e-02,-8.095759e-04,1.415347e-01,1.427828e-01,2.734047e-02,3.517510e-03,-8.659452e-02,1.502201e-01,-1.474999e-01,-5.498195e-02,5.645160e-02,-6.649246e-02,0.0012
4.3800,DS_interstep,0,-1.346031e-01,-3.064833e-02,-5.406645e-04,1.380493e-01,1.393445e-01,2.666044e-02,3.246550e-03,-8.589349e-02,1.503459e-01,-1.474763e-01,-5.494740e-02,5.639085e-02,-6.644749e-02,0.0011
4.3900,DS_interstep,0,-1.312336e-01,-2.995482e-02,-3.266382e-04,1.346093e-01,1.359553e-01,2.596553e-02,3.030868e-03,-8.520944e-02,1.504682e-01,-1.474537e-01,-5.491225e-02,5.633018e-02,-6.640254e-02,0.0011
4.4000,DS_interstep,0,-1.279150e-01,-2.924907e-02,-1.631180e-04,1.312165e-01,1.326167e-01,2.525814e-02,2.866059e-03,-8.454212e-02,1.505870e-01,-1.474320e-01,-5.487652e-02,5.626958e-02,-6.635760e-02,0.0011
4.4100,DS_interstep,0,-1.246485e-01,-2.853333e-02,-4.592921e-05,1.278726e-01,1.293302e-01,2.454056e-02,2.747924e-03,-8.389126e-02,1.507022e-01,-1.474109e-01,-5.484022e-02,5.620905e-02,-6.631267e-02,0.0011
4.4200,DS_interstep,0,-1.214354e-01,-2.780979e-02,2.890281e-05,1.245791e-01,1.260970e-01,2.381497e-02,2.672465e-03,-8.325660e-02,1.508137e-01,-1.473902e-01,-5.480338e-02,5.614859e-02,-6.626775e-02,0.0010
4.4300,DS_interstep,0,-1.182769e-01,-2.708048e-02,6.515645e-05,1.213375e-01,1.229182e-01,2.308343e-02,2.635880e-03,-8.263787e-02,1.509216e-01,-1.473696e-01,-5.476600e-02,5.608820e-02,-6.622285e-02,0.0010
4.4400,DS_interstep,0,-1.151738e-01,-2.634735e-02,6.641835e-05,1.181491e-01,1.197949e-01,2.234793e-02,2.634562e-03,-8.203478e-02,1.510258e-01,-1.473491e-01,-5.472810e-02,5.602787e-02,-6.617797e-02,0.0010
4.4500,DS_interstep,0,-1.121270e-01,-2.561225e-02,3.608798e-05,1.150150e-01,1.167279e-01,2.161031e-02,2.665088e-03,-8.144706e-02,1.511263e-01,-1.473284e-01,-5.468970e-02,5.596761e-02,-6.613309e-02,0.0010
4.4600,DS_interstep,0,-1.091371e-01,-2.487691e-02,-2.261757e-05,1.119365e-01,1.137179e-01,2.087232e-02,2.724224e-03,-8.087441e-02,1.512231e-01,-1.473074e-01,-5.465081e-02,5.590741e-02,-6.608823e-02,0.0009
4.4700,DS_interstep,0,-1.062047e-01,-2.414297e-02,-1.066586e-04,1.089144e-01,1.107654e-01,2.013562e-02,2.808909e-03,-8.031656e-02,1.513162e-01,-1.472860e-01,-5.461144e-02,5.584727e-02,-6.604338e-02,0.0009
4.4800,DS_interstep,0,-1.033303e-01,-2.341193e-02,-2.131677e-04,1.059496e-01,1.078710e-01,1.940174e-02,2.916257e-03,-7.977321e-02,1.514056e-01,-1.472641e-01,-5.457162e-02,5.578719e-02,-6.599854e-02,0.0009
4.4900,DS_interstep,0,-1.005140e-01,-2.268525e-02,-3.394441e-04,1.030427e-01,1.050350e-01,1.867213e-02,3.043551e-03,-7.924406e-02,1.514914e-01,-1.472415e-01,-5.453135e-02,5.572717e-02,-6.595371e-02,0.0009
4.5000,DS_interstep,0,-9.775623e-02,-2.196424e-02,-4.829490e-04,1.001945e-01,1.022576e-01,1.794814e-02,3.188235e-03,-7.872883e-02,1.515736e-01,-1.472182e-01,-5.449064e-02,5.566721e-02,-6.590890e-02,0.0009
4.5100,DS_interstep,0,-9.505702e-02,-2.125015e-02,-6.412992e-04,9.740543e-02,9.953901e-02,1.723100e-02,3.347910e-03,-7.822721e-02,1.516521e-01,-1.471941e-01,-5.444951e-02,5.560730e-02,-6.586409e-02,0.0008
4.5200,DS_interstep,0,-9.241641e-02,-2.054410e-02,-8.122622e-04,9.467583e-02,9.687922e-02,1.652188e-02,3.520328e-03,-7.773892e-02,1.517272e-01,-1.471691e-01,-5.440797e-02,5.554745e-02,-6.581930e-02,0.0008
4.5300,DS_interstep,0,-8.983433e-02,-1.984716e-02,-9.937506e-04,9.200600e-02,9.427821e-02,1.582182e-02,3.703388e-03,-7.726366e-02,1.517987e-01,-1.471433e-01,-5.436604e-02,5.548764e-02,-6.577452e-02,0.0008
4.5400,DS_interstep,0,-8.731063e-02,-1.916028e-02,-1.183816e-03,8.939611e-02,9.173585e-02,1.513182e-02,3.895127e-03,-7.680113e-02,1.518667e-01,-1.471164e-01,-5.432372e-02,5.542789e-02,-6.572975e-02,0.0008
4.5500,DS_interstep,0,-8.484509e-02,-1.848434e-02,-1.380645e-03,8.684622e-02,8.925192e-02,1.445274e-02,4.093719e-03,-7.635105e-02,1.519314e-01,-1.470886e-01,-5.428104e-02,5.536819e-02,-6.568498e-02,0.0008
4.5600,DS_interstep,0,-8.243741e-02,-1.782012e-02,-1.582552e-03,8.435632e-02,8.682614e-02,1.378540e-02,4.297467e-03,-7.591311e-02,1.519927e-01,-1.470598e-01,-5.423799e-02,5.530853e-02,-6.564023e-02,0.0007
4.5700,DS_interstep,0,-8.008723e-02,-1.716835e-02,-1.787975e-03,8.192626e-02,8.445816e-02,1.313051e-02,4.504796e-03,-7.548704e-02,1.520508e-01,-1.470299e-01,-5.419459e-02,5.524892e-02,-6.559548e-02,0.0007
4.5800,DS_interstep,0,-7.779410e-02,-1.652966e-02,-1.995469e-03,7.955585e-02,8.214756e-02,1.248872e-02,4.714252e-03,-7.507254e-02,1.521056e-01,-1.469990e-01,-5.415085e-02,5.518935e-02,-6.555075e-02,0.0007
4.5900,DS_interstep,0,-7.555754e-02,-1.590461e-02,-2.203704e-03,7.724477e-02,7.989385e-02,1.186060e-02,4.924494e-03,-7.466933e-02,1.521573e-01,-1.469670e-01,-5.410679e-02,5.512983e-02,-6.550602e-02,0.0007
4.6000,DS_interstep,0,-7.337701e-02,-1.529369e-02,-2.411456e-03,7.499265e-02,7.769650e-02,1.124664e-02,5.134288e-03,-7.427713e-02,1.522060e-01,-1.469340e-01,-5.406241e-02,5.507035e-02,-6.546129e-02,0.0007
4.6100,DS_interstep,0,-7.125191e-02,-1.469733e-02,-2.617606e-03,7.279903e-02,7.555493e-02,1.064729e-02,5.342506e-03,-7.389565e-02,1.522516e-01,-1.468999e-01,-5.401772e-02,5.501091e-02,-6.541658e-02,0.0007
4.6200,DS_interstep,0,-6.918160e-02,-1.411589e-02,-2.821130e-03,7.066336e-02,7.346849e-02,1.006289e-02,5.548117e-03,-7.352462e-02,1.522943e-01,-1.468648e-01,-5.397273e-02,5.495151e-02,-6.537187e-02,0.0006
4.6300,DS_interstep,0,-6.716539e-02,-1.354966e-02,-3.021101e-03,6.858505e-02,7.143651e-02,9.493767e-03,5.750185e-03,-7.316378e-02,1.523341e-01,-1.468287e-01,-5.392746e-02,5.489214e-02,-6.532717e-02,0.0006
4.6400,DS_interstep,0,-6.520256e-02,-1.299889e-02,-3.216681e-03,6.656344e-02,6.945827e-02,8.940151e-03,5.947864e-03,-7.281284e-02,1.523712e-01,-1.467917e-01,-5.388190e-02,5.483282e-02,-6.528247e-02,0.0006
4.6500,DS_interstep,0,-6.329234e-02,-1.246376e-02,-3.407113e-03,6.459779e-02,6.753301e-02,8.402236e-03,6.140393e-03,-7.247154e-02,1.524056e-01,-1.467536e-01,-5.383608e-02,5.477353e-02,-6.523778e-02,0.0006
4.6600,DS_interstep,0,-6.143396e-02,-1.194440e-02,-3.591726e-03,6.268732e-02,6.565994e-02,7.880158e-03,6.327092e-03,-7.213963e-02,1.524374e-01,-1.467146e-01,-5.378999e-02,5.471428e-02,-6.519309e-02,0.0006
4.6700,DS_interstep,0,-5.962658e-02,-1.144091e-02,-3.769920e-03,6.083120e-02,6.383825e-02,7.374006e-03,6.507357e-03,-7.181684e-02,1.524666e-01,-1.466748e-01,-5.374366e-02,5.465506e-02,-6.514841e-02,0.0006
4.6800,DS_interstep,0,-5.786936e-02,-1.095331e-02,-3.941172e-03,5.902855e-02,6.206708e-02,6.883818e-03,6.680658e-03,-7.150293e-02,1.524934e-01,-1.466340e-01,-5.369708e-02,5.459587e-02,-6.510373e-02,0.0006
4.6900,DS_interstep,0,-5.616142e-02,-1.048160e-02,-4.105024e-03,5.727845e-02,6.034556e-02,6.409593e-03,6.846534e-03,-7.119763e-02,1.525178e-01,-1.465925e-01,-5.365026e-02,5.453671e-02,-6.505905e-02,0.0005
4.7000,DS_interstep,0,-5.450189e-02,-1.002573e-02,-4.261085e-03,5.557993e-02,5.867281e-02,5.951288e-03,7.004589e-03,-7.090072e-02,1.525400e-01,-1.465501e-01,-5.360321e-02,5.447759e-02,-6.501438e-02,0.0005
4.7100,DS_interstep,0,-5.288985e-02,-9.585636e-03,-4.409024e-03,5.393199e-02,5.704792e-02,5.508820e-03,7.154488e-03,-7.061194e-02,1.525599e-01,-1.465070e-01,-5.355594e-02,5.441850e-02,-6.496971e-02,0.0005
4.7200,DS_interstep,0,-5.132437e-02,-9.161184e-03,-4.548568e-03,5.233362e-02,5.546995e-02,5.082074e-03,7.295954e-03,-7.033107e-02,1.525777e-01,-1.464632e-01,-5.350846e-02,5.435943e-02,-6.492505e-02,0.0005
4.7300,DS_interstep,0,-4.980453e-02,-8.752227e-03,-4.679497e-03,5.078376e-02,5.393798e-02,4.670900e-03,7.428765e-03,-7.005787e-02,1.525934e-01,-1.464187e-01,-5.346077e-02,5.430040e-02,-6.488038e-02,0.0005
4.7400,DS_interstep,0,-4.832937e-02,-8.358588e-03,-4.801644e-03,4.928133e-02,5.245105e-02,4.275120e-03,7.552749e-03,-6.979212e-02,1.526071e-01,-1.463737e-01,-5.341288e-02,5.424139e-02,-6.483572e-02,0.0005
4.7500,DS_interstep,0,-4.689794e-02,-7.980060e-03,-4.914887e-03,4.782525e-02,5.100820e-02,3.894529e-03,7.667783e-03,-6.953360e-02,1.526190e-01,-1.463280e-01,-5.336480e-02,5.418241e-02,-6.479106e-02,0.0005
4.7600,DS_interstep,0,-4.550928e-02,-7.616413e-03,-5.019149e-03,4.641440e-02,4.960847e-02,3.528894e-03,7.773788e-03,-6.928209e-02,1.526290e-01,-1.462818e-01,-5.331653e-02,5.412345e-02,-6.474640e-02,0.0004
4.7700,DS_interstep,0,-4.416243e-02,-7.267392e-03,-5.114395e-03,4.504766e-02,4.825089e-02,3.177964e-03,7.870728e-03,-6.903738e-02,1.526373e-01,-1.462352e-01,-5.326808e-02,5.406452e-02,-6.470175e-02,0.0004
4.7800,DS_interstep,0,-4.285641e-02,-6.932725e-03,-5.200629e-03,4.372392e-02,4.693448e-02,2.841464e-03,7.958603e-03,-6.879926e-02,1.526438e-01,-1.461881e-01,-5.321946e-02,5.400561e-02,-6.465709e-02,0.0004
4.7900,DS_interstep,0,-4.159026e-02,-6.612121e-03,-5.277888e-03,4.244204e-02,4.565827e-02,2.519102e-03,8.037450e-03,-6.856754e-02,1.526488e-01,-1.461406e-01,-5.317067e-02,5.394673e-02,-6.461244e-02,0.0004
4.8000,DS_interstep,0,-4.036302e-02,-6.305274e-03,-5.346244e-03,4.120088e-02,4.442130e-02,2.210572e-03,8.107340e-03,-6.834201e-02,1.526522e-01,-1.460927e-01,-5.312171e-02,5.388788e-02,-6.456779e-02,0.0004
4.8100,DS_interstep,0,-3.917371e-02,-6.011862e-03,-5.405798e-03,3.999931e-02,4.322258e-02,1.915550e-03,8.168374e-03,-6.812249e-02,1.526542e-01,-1.460446e-01,-5.307260e-02,5.382904e-02,-6.452313e-02,0.0004
4.8200,DS_interstep,0,-3.802138e-02,-5.731552e-03,-5.456678e-03,3.883622e-02,4.206116e-02,1.633704e-03,8.220678e-03,-6.790878e-02,1.526547e-01,-1.459962e-01,-5.302333e-02,5.377023e-02,-6.447848e-02,0.0004
4.8300,DS_interstep,0,-3.690508e-02,-5.464001e-03,-5.499039e-03,3.771047e-02,4.093606e-02,1.364688e-03,8.264408e-03,-6.770071e-02,1.526539e-01,-1.459475e-01,-5.297392e-02,5.371144e-02,-6.443383e-02,0.0004
4.8400,DS_interstep,0,-3.582384e-02,-5.208859e-03,-5.533056e-03,3.662095e-02,3.984634e-02,1.108150e-03,8.299739e-03,-6.749810e-02,1.526518e-01,-1.458987e-01,-5.292436e-02,5.365267e-02,-6.438918e-02,0.0004
4.8500,DS_interstep,0,-3.477673e-02,-4.965766e-03,-5.558927e-03,3.556658e-02,3.879104e-02,8.637297e-04,8.326867e-03,-6.730078e-02,1.526485e-01,-1.458498e-01,-5.287467e-02,5.359392e-02,-6.434453e-02,0.0004
4.8600,DS_interstep,0,-3.376282e-02,-4.734358e-03,-5.576866e-03,3.454625e-02,3.776922e-02,6.310615e-04,8.346009e-03,-6.710857e-02,1.526440e-01,-1.458008e-01,-5.282485e-02,5.353519e-02,-6.429987e-02,0.0003
4.8700,DS_interstep,0,-3.278118e-02,-4.514267e-03,-5.587105e-03,3.355891e-02,3.677996e-02,4.097755e-04,8.357396e-03,-6.692132e-02,1.526384e-01,-1.457517e-01,-5.277489e-02,5.347649e-02,-6.425522e-02,0.0003
4.8800,DS_interstep,0,-3.183091e-02,-4.305123e-03,-5.589890e-03,3.260349e-02,3.582233e-02,1.994994e-04,8.361273e-03,-6.673887e-02,1.526318e-01,-1.457026e-01,-5.272481e-02,5.341780e-02,-6.421057e-02,0.0003
4.8900,DS_interstep,0,-3.091109e-02,-4.106554e-03,-5.585477e-03,3.167897e-02,3.489543e-02,-1.411342e-07,8.357900e-03,-6.656106e-02,1.526242e-01,-1.456536e-01,-5.267461e-02,5.335913e-02,-6.416592e-02,0.0003
4.9000,DS_interstep,0,-3.002085e-02,-3.918186e-03,-5.574134e-03,3.078433e-02,3.399836e-02,-1.895203e-04,8.347545e-03,-6.638775e-02,1.526156e-01,-1.456045e-01,-5.262430e-02,5.330048e-02,-6.412127e-02,0.0003
4.9100,DS_interstep,0,-2.915931e-02,-3.739648e-03,-5.556140e-03,2.991858e-02,3.313025e-02,-3.690120e-04,8.330486e-03,-6.621878e-02,1.526061e-01,-1.455556e-01,-5.257387e-02,5.324185e-02,-6.407662e-02,0.0003
4.9200,DS_interstep,0,-2.832561e-02,-3.570570e-03,-5.531777e-03,2.908074e-02,3.229021e-02,-5.389879e-04,8.307007e-03,-6.605403e-02,1.525958e-01,-1.455068e-01,-5.252334e-02,5.318324e-02,-6.403196e-02,0.0003
4.9300,DS_interstep,0,-2.751889e-02,-3.410584e-03,-5.501335e-03,2.826988e-02,3.147739e-02,-6.998175e-04,8.277401e-03,-6.589334e-02,1.525846e-01,-1.454581e-01,-5.247270e-02,5.312464e-02,-6.398731e-02,0.0003
4.9400,DS_interstep,0,-2.673834e-02,-3.259328e-03,-5.465109e-03,2.748508e-02,3.069097e-02,-8.518665e-04,8.241961e-03,-6.573660e-02,1.525728e-01,-1.454097e-01,-5.242196e-02,5.306606e-02,-6.394266e-02,0.0003
4.9500,DS_interstep,0,-2.598313e-02,-3.116441e-03,-5.423394e-03,2.672542e-02,2.993011e-02,-9.954964e-04,8.200986e-03,-6.558366e-02,1.525602e-01,-1.453614e-01,-5.237113e-02,5.300750e-02,-6.389801e-02,0.0003
4.9600,DS_interstep,0,-2.525246e-02,-2.981569e-03,-5.376490e-03,2.599006e-02,2.919400e-02,-1.131064e-03,8.154777e-03,-6.543442e-02,1.525469e-01,-1.453133e-01,-5.232020e-02,5.294896e-02,-6.385335e-02,0.0003
4.9700,DS_interstep,0,-2.454554e-02,-2.854363e-03,-5.324696e-03,2.527812e-02,2.848186e-02,-1.258919e-03,8.103632e-03,-6.528874e-02,1.525329e-01,-1.452656e-01,-5.226917e-02,5.289043e-02,-6.380870e-02,0.0003
4.9800,DS_interstep,0,-2.386162e-02,-2.734481e-03,-5.268309e-03,2.458881e-02,2.779290e-02,-1.379407e-03,8.047853e-03,-6.514652e-02,1.525184e-01,-1.452181e-01,-5.221806e-02,5.283192e-02,-6.376405e-02,0.0002
4.9900,DS_interstep,0,-2.319994e-02,-2.621586e-03,-5.207627e-03,2.392132e-02,2.712638e-02,-1.492865e-03,7.987737e-03,-6.500763e-02,1.525033e-01,-1.451709e-01,-5.216687e-02,5.277342e-02,-6.371939e-02,0.0002
5.0000,DS_interstep,0,-2.255976e-02,-2.515351e-03,-5.142943e-03,2.327488e-02,2.648155e-02,-1.599625e-03,7.923579e-03,-6.487198e-02,1.524877e-01,-1.451240e-01,-5.211559e-02,5.271495e-02,-6.367474e-02,0.0002
5.0100,DS_interstep,0,-2.194038e-02,-2.415453e-03,-5.074549e-03,2.264874e-02,2.585769e-02,-1.700008e-03,7.855673e-03,-6.473945e-02,1.524716e-01,-1.450774e-01,-5.206424e-02,5.265648e-02,-6.363009e-02,0.0002
5.0200,DS_interstep,0,-2.134108e-02,-2.321581e-03,-5.002730e-03,2.204221e-02,2.525409e-02,-1.794331e-03,7.784307e-03,-6.460995e-02,1.524550e-01,-1.450313e-01,-5.201280e-02,5.259804e-02,-6.358543e-02,0.0002
5.0300,DS_interstep,0,-2.076120e-02,-2.233428e-03,-4.927769e-03,2.145456e-02,2.467006e-02,-1.882899e-03,7.709763e-03,-6.448337e-02,1.524380e-01,-1.449855e-01,-5.196130e-02,5.253961e-02,-6.354078e-02,0.0002
5.0400,DS_interstep,0,-2.020005e-02,-2.150698e-03,-4.849942e-03,2.088515e-02,2.410493e-02,-1.966012e-03,7.632319e-03,-6.435963e-02,1.524205e-01,-1.449401e-01,-5.190972e-02,5.248119e-02,-6.349613e-02,0.0002
5.0500,DS_interstep,0,-1.965701e-02,-2.073105e-03,-4.769519e-03,2.033333e-02,2.355806e-02,-2.043958e-03,7.552247e-03,-6.423862e-02,1.524027e-01,-1.448951e-01,-5.185807e-02,5.242279e-02,-6.345148e-02,0.0002
5.0600,DS_interstep,0,-1.913144e-02,-2.000368e-03,-4.686762e-03,1.979846e-02,2.302880e-02,-2.117017e-03,7.469812e-03,-6.412027e-02,1.523845e-01,-1.448505e-01,-5.180636e-02,5.236441e-02,-6.340683e-02,0.0002
5.0700,DS_interstep,0,-1.862272e-02,-1.932218e-03,-4.601930e-03,1.927997e-02,2.251653e-02,-2.185463e-03,7.385272e-03,-6.400448e-02,1.523659e-01,-1.448063e-01,-5.175458e-02,5.230604e-02,-6.336218e-02,0.0002
5.0800,DS_interstep,0,-1.813027e-02,-1.868395e-03,-4.515269e-03,1.877726e-02,2.202067e-02,-2.249556e-03,7.298878e-03,-6.389118e-02,1.523470e-01,-1.447626e-01,-5.170275e-02,5.224768e-02,-6.331753e-02,0.0002
5.0900,DS_interstep,0,-1.765351e-02,-1.808646e-03,-4.427022e-03,1.828978e-02,2.154062e-02,-2.309551e-03,7.210871e-03,-6.378029e-02,1.523279e-01,-1.447193e-01,-5.165085e-02,5.218934e-02,-6.327288e-02,0.0002
5.1000,DS_interstep,0,-1.719187e-02,-1.752730e-03,-4.337421e-03,1.781701e-02,2.107581e-02,-2.365691e-03,7.121485e-03,-6.367172e-02,1.523084e-01,-1.446764e-01,-5.159889e-02,5.213101e-02,-6.322823e-02,0.0002
5.1100,DS_interstep,0,-1.674482e-02,-1.700412e-03,-4.246690e-03,1.735842e-02,2.062571e-02,-2.418211e-03,7.030948e-03,-6.356541e-02,1.522887e-01,-1.446340e-01,-5.154688e-02,5.207270e-02,-6.318358e-02,0.0002
5.1200,DS_interstep,0,-1.631183e-02,-1.651469e-03,-4.155046e-03,1.691353e-02,2.018977e-02,-2.467336e-03,6.939476e-03,-6.346129e-02,1.522688e-01,-1.445921e-01,-5.149481e-02,5.201441e-02,-6.313894e-02,0.0002
5.1300,DS_interstep,0,-1.589239e-02,-1.605685e-03,-4.062695e-03,1.648186e-02,1.976750e-02,-2.513284e-03,6.847278e-03,-6.335928e-02,1.522486e-01,-1.445506e-01,-5.144269e-02,5.195612e-02,-6.309429e-02,0.0002
5.1400,DS_interstep,0,-1.548601e-02,-1.562854e-03,-3.969835e-03,1.606295e-02,1.935837e-02,-2.556261e-03,6.754553e-03,-6.325933e-02,1.522282e-01,-1.445096e-01,-5.139052e-02,5.189785e-02,-6.304965e-02,0.0002
5.1500,DS_interstep,0,-1.509220e-02,-1.522780e-03,-3.876657e-03,1.565637e-02,1.896193e-02,-2.596466e-03,6.661492e-03,-6.316136e-02,1.522076e-01,-1.444691e-01,-5.133831e-02,5.183960e-02,-6.300501e-02,0.0002
5.1600,DS_interstep,0,-1.471052e-02,-1.485273e-03,-3.783340e-03,1.526168e-02,1.857769e-02,-2.634090e-03,6.568276e-03,-6.306531e-02,1.521868e-01,-1.444291e-01,-5.128604e-02,5.178136e-02,-6.296037e-02,0.0002
5.1700,DS_interstep,0,-1.434051e-02,-1.450153e-03,-3.690055e-03,1.487849e-02,1.820521e-02,-2.669312e-03,6.475079e-03,-6.297114e-02,1.521659e-01,-1.443895e-01,-5.123374e-02,5.172313e-02,-6.291573e-02,0.0001
5.1800,DS_interstep,0,-1.398174e-02,-1.417251e-03,-3.596964e-03,1.450640e-02,1.784406e-02,-2.702305e-03,6.382062e-03,-6.287877e-02,1.521448e-01,-1.443503e-01,-5.118138e-02,5.166492e-02,-6.287109e-02,0.0001
5.1900,DS_interstep,0,-1.363380e-02,-1.386401e-03,-3.504222e-03,1.414504e-02,1.749382e-02,-2.733234e-03,6.289381e-03,-6.278816e-02,1.521235e-01,-1.443117e-01,-5.112899e-02,5.160672e-02,-6.282646e-02,0.0001
5.2000,DS_interstep,0,-1.329629e-02,-1.357450e-03,-3.411971e-03,1.379404e-02,1.715407e-02,-2.762254e-03,6.197182e-03,-6.269925e-02,1.521021e-01,-1.442735e-01,-5.107656e-02,5.154854e-02,-6.278183e-02,0.0001
5.2100,SS,1,-1.640766e-01,-4.307591e-01,5.769838e-01,7.385018e-01,2.960614e-01,5.725755e-01,-6.256011e-01,-5.161495e-02,1.661033e-01,-1.634109e-01,-5.052636e-02,5.100291e-02,-6.237738e-02,799.8314
5.3100,SS,1,-1.272567e-01,-4.755649e-01,6.881534e-01,8.461154e-01,1.380133e-01,5.096235e-01,-7.665544e-01,-4.176056e-02,1.903870e-01,-1.966084e-01,-4.991078e-02,5.057150e-02,-6.209059e-02,799.3895
5.4100,SS,1,-1.027703e-01,-5.119045e-01,7.745562e-01,9.341013e-01,1.499241e-01,5.440712e-01,-8.123640e-01,-3.414610e-02,2.129467e-01,-2.319533e-01,-4.928062e-02,5.024613e-02,-6.193767e-02,798.7064
5.5100,SS,1,-8.053483e-02,-5.676828e-01,8.748443e-01,1.045993e+00,1.402115e-01,5.862173e-01,-8.865047e-01,-2.622060e-02,2.379119e-01,-2.704742e-01,-4.863702e-02,5.003299e-02,-6.192759e-02,797.7578
5.6100,SS,1,-6.080990e-02,-6.328015e-01,9.857508e-01,1.172962e+00,1.181534e-01,6.647188e-01,-1.019609e+00,-1.916637e-02,2.659662e-01,-3.144412e-01,-4.799038e-02,4.994174e-02,-6.207546e-02,796.4956
5.7100,SS,1,-4.576740e-02,-6.928305e-01,1.083648e+00,1.287013e+00,1.043381e-01,7.285004e-01,-1.123993e+00,-1.293688e-02,2.975985e-01,-3.641530e-01,-4.735500e-02,4.998599e-02,-6.240129e-02,794.8654
5.8100,SS,1,-3.537128e-02,-7.474260e-01,1.169632e+00,1.388502e+00,1.012521e-01,7.762327e-01,-1.197111e+00,-7.013807e-03,3.318731e-01,-4.178913e-01,-4.673953e-02,5.017633e-02,-6.292009e-02,792.8123
5.9100,SS,1,-2.834826e-02,-7.968977e-01,1.245624e+00,1.478996e+00,9.848693e-02,8.241097e-01,-1.269152e+00,-1.241219e-03,3.685890e-01,-4.751955e-01,-4.614823e-02,5.052118e-02,-6.364321e-02,790.2843
6.0100,SS,1,-2.375015e-02,-8.484363e-01,1.324946e+00,1.573497e+00,9.722611e-02,8.786580e-01,-1.350912e+00,4.405569e-03,4.080331e-01,-5.365309e-01,-4.558494e-02,5.102933e-02,-6.458249e-02,787.2329
6.1100,SS,1,-2.090280e-02,-9.070575e-01,1.416928e+00,1.682521e+00,9.925630e-02,9.407412e-01,-1.444762e+00,1.005378e-02,4.505531e-01,-6.024731e-01,-4.505294e-02,5.171082e-02,-6.575161e-02,783.6128
6.2100,SS,1,-2.060320e-02,-9.570189e-01,1.495200e+00,1.775368e+00,1.034215e-01,9.893438e-01,-1.519611e+00,1.576876e-02,4.958372e-01,-6.725189e-01,-4.455449e-02,5.257569e-02,-6.716423e-02,779.3842
6.3100,SS,1,-2.274136e-02,-9.985790e-01,1.560033e+00,1.852399e+00,1.101871e-01,1.029618e+00,-1.580385e+00,2.168236e-02,5.434377e-01,-7.459446e-01,-4.409009e-02,5.363159e-02,-6.883102e-02,774.5138
6.4100,SS,1,-2.701325e-02,-1.032061e+00,1.611905e+00,1.914188e+00,1.182941e-01,1.062431e+00,-1.629324e+00,2.786752e-02,5.930265e-01,-8.222184e-01,-4.365882e-02,5.488446e-02,-7.076031e-02,768.9743
6.5100,SS,1,-3.301859e-02,-1.059959e+00,1.655001e+00,1.965612e+00,1.280005e-01,1.090360e+00,-1.670124e+00,3.439938e-02,6.443594e-01,-9.009549e-01,-4.325875e-02,5.633882e-02,-7.295858e-02,762.7437
6.6100,SS,1,-3.952571e-02,-1.094086e+00,1.709513e+00,2.030030e+00,1.390985e-01,1.128149e+00,-1.725870e+00,4.137325e-02,6.976825e-01,-9.825916e-01,-4.288739e-02,5.799908e-02,-7.543243e-02,755.8037
6.7100,SS,1,-4.738895e-02,-1.118894e+00,1.749156e+00,2.076949e+00,1.502797e-01,1.152922e+00,-1.763603e+00,4.876454e-02,7.527634e-01,-1.066744e+00,-4.254227e-02,5.987004e-02,-7.818887e-02,748.1409
6.8100,SS,1,-5.670372e-02,-1.134883e+00,1.774350e+00,2.107011e+00,1.633564e-01,1.167847e+00,-1.784636e+00,5.666406e-02,8.090844e-01,-1.152589e+00,-4.222002e-02,6.195407e-02,-8.123188e-02,739.7479
6.9100,SS,1,-6.719619e-02,-1.142716e+00,1.785931e+00,2.121289e+00,1.767184e-01,1.175280e+00,-1.793223e+00,6.511403e-02,8.662825e-01,-1.239520e+00,-4.191622e-02,6.425163e-02,-8.456278e-02,730.6223
7.0100,SS,1,-7.868374e-02,-1.142937e+00,1.784636e+00,2.120712e+00,1.904886e-01,1.175190e+00,-1.789141e+00,7.413696e-02,9.240214e-01,-1.326979e+00,-4.162591e-02,6.676165e-02,-8.818070e-02,720.7664
7.1100,SS,1,-9.015912e-02,-1.146228e+00,1.788461e+00,2.126161e+00,2.049428e-01,1.181095e+00,-1.792696e+00,8.378882e-02,9.823644e-01,-1.415079e+00,-4.134381e-02,6.948240e-02,-9.208400e-02,710.1858
7.2100,SS,1,-1.019914e-01,-1.142548e+00,1.780535e+00,2.118047e+00,2.183766e-01,1.178041e+00,-1.783348e+00,9.402868e-02,1.041150e+00,-1.503508e+00,-4.106481e-02,7.241235e-02,-9.627100e-02,698.8900
7.3100,SS,1,-1.142881e-01,-1.131514e+00,1.759991e+00,2.095460e+00,2.322940e-01,1.166319e+00,-1.759319e+00,1.048786e-01,1.099943e+00,-1.591571e+00,-4.078355e-02,7.554818e-02,-1.007377e-01,686.8926
7.4100,SS,1,-1.268223e-01,-1.113857e+00,1.727863e+00,2.059678e+00,2.456407e-01,1.148493e+00,-1.724624e+00,1.163406e-01,1.158423e+00,-1.678720e+00,-4.049416e-02,7.888502e-02,-1.054778e-01,674.2115
7.5100,SS,1,-1.393961e-01,-1.090199e+00,1.685121e+00,2.011865e+00,2.582962e-01,1.124951e+00,-1.679935e+00,1.283933e-01,1.216316e+00,-1.764489e+00,-4.019063e-02,8.241676e-02,-1.104831e-01,660.8681
7.6100,SS,1,-1.514949e-01,-1.065165e+00,1.639488e+00,1.960982e+00,2.704406e-01,1.101437e+00,-1.633649e+00,1.410278e-01,1.273526e+00,-1.848700e+00,-3.986699e-02,8.613657e-02,-1.157444e-01,646.8866
7.7100,SS,1,-1.629721e-01,-1.036404e+00,1.587197e+00,1.902601e+00,2.811731e-01,1.073486e+00,-1.580465e+00,1.541974e-01,1.329909e+00,-1.931096e+00,-3.951750e-02,9.003736e-02,-1.212518e-01,632.2937
7.8100,SS,1,-1.738014e-01,-1.002568e+00,1.526048e+00,1.834168e+00,2.906703e-01,1.039868e+00,-1.518041e+00,1.678564e-01,1.385200e+00,-2.011246e+00,-3.913668e-02,9.411115e-02,-1.269941e-01,617.1193
7.9100,SS,1,-1.838361e-01,-9.642263e-01,1.456990e+00,1.756800e+00,2.987304e-01,1.001991e+00,-1.448357e+00,1.819550e-01,1.439171e+00,-2.088774e+00,-3.871926e-02,9.834894e-02,-1.329586e-01,601.3959
8.0100,SS,1,-1.929063e-01,-9.218896e-01,1.380942e+00,1.671554e+00,3.051744e-01,9.602453e-01,-1.372284e+00,1.964321e-01,1.491625e+00,-2.163361e+00,-3.826022e-02,1.027410e-01,-1.391312e-01,585.1587
8.1100,SS,1,-2.007290e-01,-8.762640e-01,1.299160e+00,1.579857e+00,3.099538e-01,9.153414e-01,-1.290855e+00,2.112208e-01,1.542385e+00,-2.234727e+00,-3.775501e-02,1.072768e-01,-1.454969e-01,568.4446
8.2100,SS,1,-2.070455e-01,-8.276927e-01,1.212446e+00,1.482555e+00,3.127138e-01,8.673710e-01,-1.204780e+00,2.262440e-01,1.591291e+00,-2.302626e+00,-3.719959e-02,1.119456e-01,-1.520400e-01,551.2926
8.3100,SS,1,-2.117599e-01,-7.762525e-01,1.121200e+00,1.380036e+00,3.132129e-01,8.163853e-01,-1.114698e+00,2.414143e-01,1.638189e+00,-2.366840e+00,-3.659056e-02,1.167358e-01,-1.587438e-01,533.7435
8.4100,SS,1,-2.148028e-01,-7.222936e-01,1.026164e+00,1.273130e+00,3.115522e-01,7.629470e-01,-1.021446e+00,2.566399e-01,1.682941e+00,-2.427189e+00,-3.592525e-02,1.216357e-01,-1.655910e-01,515.8395
8.5100,SS,1,-2.161053e-01,-6.661281e-01,9.280271e-01,1.162610e+00,3.077155e-01,7.072532e-01,-9.255923e-01,2.718289e-01,1.725422e+00,-2.483520e+00,-3.520171e-02,1.266330e-01,-1.725638e-01,497.6242
8.6100,SS,1,-2.154982e-01,-6.067870e-01,8.253524e-01,1.046822e+00,3.014909e-01,6.479874e-01,-8.253569e-01,2.868761e-01,1.765461e+00,-2.535617e+00,-3.441876e-02,1.317151e-01,-1.796437e-01,479.1426
8.7100,SS,1,-2.126922e-01,-5.425805e-01,7.155343e-01,9.228331e-01,2.925199e-01,5.831380e-01,-7.178045e-01,3.016596e-01,1.802805e+00,-2.583138e+00,-3.357608e-02,1.368687e-01,-1.868113e-01,460.4406
8.8100,SS,1,-2.078936e-01,-4.774035e-01,6.053101e-01,7.984574e-01,2.813210e-01,5.179865e-01,-6.110658e-01,3.160909e-01,1.837355e+00,-2.626004e+00,-3.267412e-02,1.420798e-01,-1.940467e-01,441.5653
8.9100,SS,1,-2.011046e-01,-4.114380e-01,4.951958e-01,6.744948e-01,2.676849e-01,4.521913e-01,-5.053908e-01,3.300589e-01,1.869066e+00,-2.664234e+00,-3.171425e-02,1.473347e-01,-2.013298e-01,422.5638
9.0100,SS,1,-1.924034e-01,-3.448681e-01,3.856131e-01,5.519515e-01,2.521129e-01,3.859511e-01,-4.007256e-01,3.434692e-01,1.897889e+00,-2.697841e+00,-3.069875e-02,1.526197e-01,-2.086410e-01,403.4840
9.1100,SS,1,-1.818028e-01,-2.773089e-01,2.760600e-01,4.314644e-01,2.343837e-01,3.181878e-01,-2.960987e-01,3.562270e-01,1.923751e+00,-2.726799e+00,-2.963070e-02,1.579210e-01,-2.159607e-01,384.3739
9.2100,SS,1,-1.683980e-01,-2.007175e-01,1.534018e-01,3.036075e-01,2.126205e-01,2.395506e-01,-1.778180e-01,3.681450e-01,1.946252e+00,-2.750576e+00,-2.851416e-02,1.632240e-01,-2.232683e-01,365.2820
9.3100,SS,1,-1.535214e-01,-1.249207e-01,3.411089e-02,2.008421e-01,1.906382e-01,1.620166e-01,-6.223739e-02,3.791778e-01,1.965224e+00,-2.769081e+00,-2.735393e-02,1.685132e-01,-2.305420e-01,346.2571
9.4100,SS,1,-1.371852e-01,-5.008615e-02,-8.147579e-02,1.672325e-01,1.668678e-01,8.573038e-02,4.848290e-02,3.892556e-01,1.980698e+00,-2.782464e+00,-2.615517e-02,1.737732e-01,-2.377608e-01,327.3472
9.5100,SS,1,-1.196276e-01,2.376557e-02,-1.930775e-01,2.283736e-01,1.416132e-01,9.842095e-03,1.550188e-01,3.982865e-01,1.992661e+00,-2.790881e+00,-2.492384e-02,1.789891e-01,-2.449043e-01,308.6001
9.6100,SS,1,-1.011474e-01,9.650979e-02,-3.004860e-01,3.314164e-01,1.154400e-01,-6.444694e-02,2.563504e-01,4.062063e-01,2.001118e+00,-2.794494e+00,-2.366655e-02,1.841461e-01,-2.519531e-01,290.0624
9.7100,SS,1,-8.002234e-02,1.795373e-01,-4.225689e-01,4.660490e-01,8.501855e-02,-1.511737e-01,3.726408e-01,4.128281e-01,2.005694e+00,-2.792789e+00,-2.239061e-02,1.892293e-01,-2.588871e-01,271.7810
9.8100,SS,1,-5.844849e-02,2.620186e-01,-5.415868e-01,6.044719e-01,5.504225e-02,-2.341018e-01,4.829205e-01,4.181068e-01,2.006211e+00,-2.785717e+00,-2.110394e-02,1.942221e-01,-2.656849e-01,253.8021
9.9100,SS,1,-3.675248e-02,3.410326e-01,-6.536222e-01,7.381571e-01,2.536129e-02,-3.111285e-01,5.838008e-01,4.220569e-01,2.002967e+00,-2.773719e+00,-1.981424e-02,1.991093e-01,-2.723268e-01,236.1704
10.0100,SS,1,-1.507070e-02,4.165637e-01,-7.585284e-01,8.655159e-01,-3.932890e-03,-3.865571e-01,6.795667e-01,4.246774e-01,1.996044e+00,-2.757029e+00,-1.852912e-02,2.038767e-01,-2.787944e-01,218.9292
10.1100,SS,1,6.383315e-03,4.885457e-01,-8.562745e-01,9.858619e-01,-3.271551e-02,-4.594693e-01,7.692451e-01,4.259801e-01,1.985539e+00,-2.735893e+00,-1.725605e-02,2.085108e-01,-2.850705e-01,202.1205
10.2100,SS,1,2.964285e-02,5.683198e-01,-9.650810e-01,1.120378e+00,-6.461876e-02,-5.435036e-01,8.715669e-01,4.258222e-01,1.971038e+00,-2.709790e+00,-1.600266e-02,2.129975e-01,-2.911375e-01,185.7852
10.3100,SS,1,5.310207e-02,6.498088e-01,-1.075671e+00,1.257831e+00,-9.685162e-02,-6.272305e-01,9.730658e-01,4.241555e-01,1.952416e+00,-2.678635e+00,-1.477685e-02,2.173219e-01,-2.969762e-01,169.9630
10.4100,SS,1,7.498761e-02,7.252865e-01,-1.176148e+00,1.383831e+00,-1.267157e-01,-7.041863e-01,1.064240e+00,4.210626e-01,1.929911e+00,-2.642830e+00,-1.358599e-02,2.214694e-01,-3.025688e-01,154.6916
10.5100,SS,1,9.530570e-02,7.946860e-01,-1.266537e+00,1.498240e+00,-1.545668e-01,-7.755628e-01,1.146010e+00,4.166274e-01,1.903757e+00,-2.602765e+00,-1.243660e-02,2.254273e-01,-3.078993e-01,140.0065
10.6100,SS,1,1.139978e-01,8.579423e-01,-1.346916e+00,1.601013e+00,-1.803939e-01,-8.407845e-01,1.217918e+00,4.109293e-01,1.874205e+00,-2.558853e+00,-1.133449e-02,2.291838e-01,-3.129534e-01,125.9411
10.7100,SS,1,1.331074e-01,9.241320e-01,-1.431860e+00,1.709375e+00,-2.074822e-01,-9.108677e-01,1.294988e+00,4.039085e-01,1.841092e+00,-2.510888e+00,-1.028515e-02,2.327278e-01,-3.177174e-01,112.5272
10.8100,SS,1,1.530054e-01,9.960813e-01,-1.526283e+00,1.828969e+00,-2.362693e-01,-9.871786e-01,1.380530e+00,3.954709e-01,1.804119e+00,-2.458466e+00,-9.294169e-03,2.360471e-01,-3.221763e-01,99.7950
10.9100,SS,1,1.698196e-01,1.059169e+00,-1.607698e+00,1.932711e+00,-2.605577e-01,-1.052274e+00,1.452182e+00,3.857829e-01,1.763648e+00,-2.402106e+00,-8.366388e-03,2.391299e-01,-3.263153e-01,87.7731
11.0100,SS,1,1.838667e-01,1.113429e+00,-1.676221e+00,2.020704e+00,-2.813045e-01,-1.109029e+00,1.512200e+00,3.750096e-01,1.720048e+00,-2.342302e+00,-7.505182e-03,2.419665e-01,-3.301222e-01,76.4881
11.1100,SS,1,1.953482e-01,1.158952e+00,-1.732022e+00,2.093139e+00,-2.988096e-01,-1.156809e+00,1.559969e+00,3.632934e-01,1.673698e+00,-2.279574e+00,-6.712823e-03,2.445490e-01,-3.335871e-01,65.9655
11.2100,SS,1,2.057291e-01,1.200885e+00,-1.783317e+00,2.159784e+00,-3.152542e-01,-1.201785e+00,1.603825e+00,3.506862e-01,1.624750e+00,-2.214107e+00,-5.990868e-03,2.468708e-01,-3.367020e-01,56.2312
11.3100,SS,1,2.190190e-01,1.254527e+00,-1.854447e+00,2.249618e+00,-3.369057e-01,-1.260833e+00,1.666606e+00,3.369720e-01,1.572674e+00,-2.145101e+00,-5.341233e-03,2.489245e-01,-3.394569e-01,47.3140
11.4100,SS,1,2.281727e-01,1.296885e+00,-1.909793e+00,2.319759e+00,-3.521794e-01,-1.305735e+00,1.713602e+00,3.223612e-01,1.517876e+00,-2.073133e+00,-4.765576e-03,2.507022e-01,-3.418415e-01,39.2480
11.5100,SS,1,2.338895e-01,1.328022e+00,-1.949561e+00,2.370471e+00,-3.626197e-01,-1.339021e+00,1.746535e+00,3.071021e-01,1.460893e+00,-1.998811e+00,-4.263643e-03,2.521989e-01,-3.438488e-01,32.0784
11.6100,SS,1,2.367404e-01,1.348273e+00,-1.973946e+00,2.402155e+00,-3.693372e-01,-1.361175e+00,1.765135e+00,2.913733e-01,1.402217e+00,-1.922761e+00,-3.833975e-03,2.534118e-01,-3.454745e-01,25.8699
11.7100,SS,1,2.370662e-01,1.357901e+00,-1.983191e+00,2.415190e+00,-3.724095e-01,-1.372507e+00,1.770125e+00,2.753412e-01,1.342335e+00,-1.845596e+00,-3.474298e-03,2.543400e-01,-3.467172e-01,20.7202
11.8100,SS,1,2.434542e-01,1.386040e+00,-2.023149e+00,2.464449e+00,-3.855503e-01,-1.406982e+00,1.804847e+00,2.586304e-01,1.280448e+00,-1.766085e+00,-3.183185e-03,2.549824e-01,-3.475740e-01,16.7680
11.9100,SS,1,2.454538e-01,1.401689e+00,-2.045570e+00,2.491854e+00,-3.914338e-01,-1.423962e+00,1.821121e+00,2.414309e-01,1.217008e+00,-1.684914e+00,-2.960046e-03,2.553361e-01,-3.480404e-01,14.1577
12.0100,SS,1,2.438551e-01,1.404270e+00,-2.049628e+00,2.496481e+00,-3.913314e-01,-1.428124e+00,1.822962e+00,2.240622e-01,1.152663e+00,-1.602751e+00,-2.802235e-03,2.554018e-01,-3.481158e-01,12.9048
12.1100,SS,1,2.395449e-01,1.394405e+00,-2.035520e+00,2.478929e+00,-3.875959e-01,-1.419463e+00,1.808025e+00,2.067185e-01,1.087978e+00,-1.520305e+00,-2.705946e-03,2.551823e-01,-3.478028e-01,12.7491
12.2100,SS,1,2.330174e-01,1.372516e+00,-2.003508e+00,2.439701e+00,-3.802658e-01,-1.398422e+00,1.777269e+00,1.895641e-01,1.023523e+00,-1.438310e+00,-2.666958e-03,2.546831e-01,-3.471075e-01,13.2326
12.3100,SS,1,2.333463e-01,1.351029e+00,-1.964316e+00,2.395468e+00,-3.815825e-01,-1.378689e+00,1.738084e+00,1.723145e-01,9.593001e-01,-1.357057e+00,-2.682556e-03,2.539107e-01,-3.460381e-01,13.9365
12.4100,SS,1,2.331129e-01,1.320973e+00,-1.910400e+00,2.334296e+00,-3.807833e-01,-1.348946e+00,1.685396e+00,1.549431e-01,8.957229e-01,-1.277285e+00,-2.752647e-03,2.528722e-01,-3.446049e-01,14.5920
12.5100,SS,1,2.297604e-01,1.278465e+00,-1.838513e+00,2.251087e+00,-3.737972e-01,-1.306624e+00,1.619462e+00,1.377190e-01,8.333723e-01,-1.199633e+00,-2.876437e-03,2.515769e-01,-3.428214e-01,15.0607
12.6100,SS,1,2.241394e-01,1.224033e+00,-1.748948e+00,2.146466e+00,-3.632479e-01,-1.252053e+00,1.537976e+00,1.208453e-01,7.728129e-01,-1.124770e+00,-3.051942e-03,2.500363e-01,-3.407041e-01,15.2877
12.7100,SS,1,2.168021e-01,1.158148e+00,-1.642008e+00,2.021014e+00,-3.498122e-01,-1.185334e+00,1.440668e+00,1.044562e-01,7.146096e-01,-1.053436e+00,-3.276907e-03,2.482642e-01,-3.382728e-01,15.2675
12.8100,SS,1,2.082252e-01,1.081127e+00,-1.517999e+00,1.875238e+00,-3.335794e-01,-1.107136e+00,1.328750e+00,8.868459e-02,6.593424e-01,-9.863656e-01,-3.548981e-03,2.462769e-01,-3.355506e-01,15.0246
12.9100,SS,1,1.987153e-01,9.934303e-01,-1.377237e+00,1.709729e+00,-3.153780e-01,-1.018839e+00,1.202647e+00,7.363331e-02,6.074967e-01,-9.242207e-01,-3.865837e-03,2.440923e-01,-3.325635e-01,14.6017
13.0100,SS,1,2.029813e-01,9.043356e-01,-1.244953e+00,1.552073e+00,-3.054965e-01,-9.273932e-01,1.086755e+00,5.923621e-02,5.594887e-01,-8.672472e-01,-4.225854e-03,2.417302e-01,-3.293397e-01,14.0518
13.1100,SS,1,2.031105e-01,8.191812e-01,-1.123275e+00,1.405012e+00,-3.056021e-01,-8.404017e-01,9.684793e-01,4.480323e-02,5.150856e-01,-8.149638e-01,-4.632485e-03,2.392104e-01,-3.259054e-01,13.4166
13.2100,SS,1,1.924946e-01,7.322615e-01,-1.003294e+00,1.256925e+00,-2.864129e-01,-7.519487e-01,8.640147e-01,3.082736e-02,4.744462e-01,-7.673593e-01,-5.089028e-03,2.365520e-01,-3.222862e-01,12.7236
13.3100,SS,1,1.753710e-01,6.446809e-01,-8.853643e-01,1.109161e+00,-2.575669e-01,-6.648695e-01,7.679177e-01,1.796702e-02,4.375004e-01,-7.238084e-01,-5.591558e-03,2.337744e-01,-3.185066e-01,11.9920
13.4100,SS,1,1.548258e-01,5.580797e-01,-7.702401e-01,9.636876e-01,-2.272695e-01,-5.775796e-01,6.706547e-01,6.380415e-03,4.042606e-01,-6.842899e-01,-6.133241e-03,2.308964e-01,-3.145900e-01,11.2360
13.5100,SS,1,1.324204e-01,4.732613e-01,-6.582649e-01,8.214768e-01,-1.952659e-01,-4.918378e-01,5.758733e-01,-3.862035e-03,3.747160e-01,-6.488045e-01,-6.706734e-03,2.279367e-01,-3.105598e-01,10.4660
13.6100,SS,1,1.092741e-01,3.908695e-01,-5.498500e-01,6.834141e-01,-1.621749e-01,-4.086769e-01,4.849805e-01,-1.268345e-02,3.487894e-01,-6.172221e-01,-7.304097e-03,2.249132e-01,-3.064389e-01,9.6906
13.7100,SS,1,8.624565e-02,3.115622e-01,-4.455086e-01,5.504427e-01,-1.295226e-01,-3.286017e-01,3.973903e-01,-2.006672e-02,3.263782e-01,-5.894194e-01,-7.917141e-03,2.218434e-01,-3.022488e-01,8.9167
13.8100,SS,1,6.384482e-02,2.359205e-01,-3.457171e-01,4.233851e-01,-9.817668e-02,-2.522525e-01,3.130756e-01,-2.604818e-02,3.073436e-01,-5.652791e-01,-8.537965e-03,2.187437e-01,-2.980104e-01,8.1502
13.9100,SS,1,4.245097e-02,1.643286e-01,-2.509010e-01,3.029147e-01,-6.810713e-02,-1.796527e-01,2.326853e-01,-3.067196e-02,2.915603e-01,-5.446863e-01,-9.159144e-03,2.156295e-01,-2.937433e-01,7.3963
14.0100,SS,1,2.239200e-02,9.713834e-02,-1.614199e-01,1.897199e-01,-3.974249e-02,-1.116304e-01,1.569216e-01,-3.399261e-02,2.788703e-01,-5.274837e-01,-9.773722e-03,2.125154e-01,-2.894660e-01,6.6597
14.1100,SS,1,3.897836e-03,3.465073e-02,-7.760069e-02,8.507487e-02,-1.348513e-02,-4.821677e-02,8.561191e-02,-3.608624e-02,2.691003e-01,-5.135103e-01,-1.037534e-02,2.094149e-01,-2.851959e-01,5.9445
14.2100,SS,1,-1.286623e-02,-2.292775e-02,3.004430e-04,2.629281e-02,1.050244e-02,1.045900e-02,1.895289e-02,-3.704117e-02,2.620716e-01,-5.026010e-01,-1.095837e-02,2.063406e-01,-2.809491e-01,5.2546
14.3100,SS,1,-2.778396e-02,-7.545259e-02,7.209622e-02,1.079949e-01,3.208634e-02,6.406840e-02,-4.268860e-02,-3.695266e-02,2.575908e-01,-4.945726e-01,-1.151787e-02,2.033036e-01,-2.767402e-01,4.5933
14.4200,DS_interstep,1,-1.492194e+00,-2.002193e+00,-9.186318e-01,2.660696e+00,1.485277e+00,1.980119e+00,9.502375e-01,-2.952557e-02,2.674788e-01,-4.897968e-01,-1.151894e-02,2.029720e-01,-2.763253e-01,4.3089
14.4300,DS_interstep,1,1.395867e+00,5.887502e-01,3.572826e-01,1.556510e+00,-8.271771e-01,-9.024854e-01,-3.430037e-01,-3.366033e-02,2.629533e-01,-4.914873e-01,-1.143376e-02,2.025982e-01,-2.759083e-01,3.4470
14.4400,DS_interstep,1,6.498795e-01,5.858494e-01,6.928038e-01,1.116038e+00,-4.130243e-01,-7.217182e-01,-6.310576e-01,-3.572380e-02,2.593317e-01,-4.946180e-01,-1.132026e-02,2.022120e-01,-2.754852e-01,2.6013
14.4500,DS_interstep,1,-4.077830e-01,7.086049e-01,4.668011e-02,8.188937e-01,4.603587e-01,-7.530785e-01,7.682189e-03,-3.342018e-02,2.555534e-01,-4.945549e-01,-1.120912e-02,2.018285e-01,-2.750586e-01,1.8902
14.4600,DS_interstep,1,-1.117836e+00,6.459768e-01,-3.097804e-01,1.327707e+00,1.075877e+00,-6.437854e-01,3.504436e-01,-2.803907e-02,2.523217e-01,-4.927780e-01,-1.111486e-02,2.014548e-01,-2.746314e-01,1.3366
14.4700,DS_interstep,1,-1.415006e+00,5.414538e-01,-5.042810e-01,1.596782e+00,1.332080e+00,-5.195979e-01,5.335699e-01,-2.137724e-02,2.497110e-01,-4.900855e-01,-1.104269e-02,2.010933e-01,-2.742056e-01,0.9254
14.4800,DS_interstep,1,-1.417500e+00,3.693559e-01,-5.305974e-01,1.557968e+00,1.322906e+00,-3.421568e-01,5.535072e-01,-1.476162e-02,2.479877e-01,-4.872935e-01,-1.099295e-02,2.007441e-01,-2.737823e-01,0.6294
14.4900,DS_interstep,1,-1.245542e+00,1.679893e-01,-4.697874e-01,1.341751e+00,1.153924e+00,-1.427361e-01,4.903901e-01,-8.991243e-03,2.472615e-01,-4.848173e-01,-1.096358e-02,2.004060e-01,-2.733616e-01,0.4213
14.5000,DS_interstep,1,-9.997974e-01,-1.458769e-02,-3.724346e-01,1.067012e+00,9.196211e-01,3.361483e-02,3.937897e-01,-4.392678e-03,2.474172e-01,-4.828241e-01,-1.095074e-02,2.000769e-01,-2.729429e-01,0.2773
14.5100,DS_interstep,1,-7.585841e-01,-1.209267e-01,-2.732159e-01,8.153036e-01,6.963344e-01,1.303386e-01,2.973538e-01,-9.107778e-04,2.480564e-01,-4.813132e-01,-1.095039e-02,1.997548e-01,-2.725256e-01,0.1790
14.5200,DS_interstep,1,-5.579082e-01,-2.287108e-01,-1.719155e-01,6.269969e-01,5.095073e-01,2.312145e-01,1.989045e-01,1.636819e-03,2.492000e-01,-4.802947e-01,-1.095990e-02,1.994383e-01,-2.721091e-01,0.1124
14.5300,DS_interstep,1,-3.942169e-01,-3.752519e-01,-8.500037e-02,5.508593e-01,3.535839e-01,3.744826e-01,1.142213e-01,3.404683e-03,2.510599e-01,-4.796995e-01,-1.097788e-02,1.991270e-01,-2.716929e-01,0.0678
14.5400,DS_interstep,1,-2.579285e-01,-5.770138e-01,-2.091784e-02,6.323841e-01,2.204063e-01,5.760123e-01,5.193823e-02,4.506580e-03,2.539273e-01,-4.794159e-01,-1.100359e-02,1.988209e-01,-2.712767e-01,0.0383
14.5500,DS_interstep,1,-1.499734e-01,-7.966351e-01,1.137513e-02,8.107089e-01,1.154970e-01,7.958658e-01,2.148670e-02,5.083877e-03,2.578938e-01,-4.792845e-01,-1.103587e-02,1.985197e-01,-2.708600e-01,0.0194
14.5600,DS_interstep,1,-7.928203e-02,-9.832379e-01,2.257280e-02,9.866873e-01,5.057104e-02,9.813456e-01,1.213512e-02,5.336507e-03,2.627874e-01,-4.791999e-01,-1.107312e-02,1.982230e-01,-2.704424e-01,0.0076
14.5700,DS_interstep,1,-4.901045e-02,-1.120767e+00,2.549155e-02,1.122128e+00,2.727424e-02,1.117119e+00,1.056995e-02,5.472630e-03,2.683597e-01,-4.791231e-01,-1.111370e-02,1.979304e-01,-2.700238e-01,0.0023
14.5800,DS_interstep,1,-5.450699e-02,-1.216836e+00,2.892976e-02,1.218400e+00,3.938202e-02,1.211659e+00,7.769321e-03,5.669273e-03,2.744044e-01,-4.790603e-01,-1.115616e-02,1.976415e-01,-2.696040e-01,0.0048
14.5900,DS_interstep,1,-8.681647e-02,-1.283069e+00,3.798644e-02,1.286564e+00,7.736707e-02,1.276861e+00,-1.316716e-03,6.055816e-03,2.807748e-01,-4.790429e-01,-1.119929e-02,1.973559e-01,-2.691833e-01,0.0069
14.6000,DS_interstep,1,-1.359000e-01,-1.327167e+00,5.631700e-02,1.335295e+00,1.311719e-01,1.320337e+00,-2.019932e-02,6.711350e-03,2.873623e-01,-4.791200e-01,-1.124212e-02,1.970737e-01,-2.687617e-01,0.0079
14.6100,DS_interstep,1,-1.924046e-01,-1.352784e+00,8.663084e-02,1.369142e+00,1.915340e-01,1.345583e+00,-5.144823e-02,7.668649e-03,2.940756e-01,-4.793532e-01,-1.128387e-02,1.967945e-01,-2.683396e-01,0.0082
14.6200,DS_interstep,1,-2.486464e-01,-1.361773e+00,1.301520e-01,1.390392e+00,2.508328e-01,1.354334e+00,-9.616560e-02,8.922381e-03,3.008324e-01,-4.798101e-01,-1.132397e-02,1.965184e-01,-2.679172e-01,0.0082
14.6300,DS_interstep,1,-2.992548e-01,-1.356066e+00,1.859827e-01,1.401091e+00,3.037598e-01,1.348462e+00,-1.533344e-01,1.044068e-02,3.075595e-01,-4.805527e-01,-1.136200e-02,1.962452e-01,-2.674949e-01,0.0081
14.6400,DS_interstep,1,-3.413672e-01,-1.338359e+00,2.510810e-01,1.403844e+00,3.475536e-01,1.330631e+00,-2.197919e-01,1.217786e-02,3.141970e-01,-4.816276e-01,-1.139768e-02,1.959748e-01,-2.670729e-01,0.0080
14.6500,DS_interstep,1,-3.742265e-01,-1.311773e+00,3.210289e-01,1.401376e+00,3.815942e-01,1.303939e+00,-2.910143e-01,1.408515e-02,3.207008e-01,-4.830586e-01,-1.143084e-02,1.957072e-01,-2.666515e-01,0.0079
14.6600,DS_interstep,1,-3.983772e-01,-1.279152e+00,3.911933e-01,1.395696e+00,4.065632e-01,1.271203e+00,-3.622949e-01,1.611719e-02,3.270406e-01,-4.848459e-01,-1.146138e-02,1.954423e-01,-2.662310e-01,0.0078
14.6700,DS_interstep,1,-4.148548e-01,-1.242545e+00,4.577169e-01,1.387634e+00,4.236015e-01,1.234451e+00,-4.297430e-01,1.823431e-02,3.331964e-01,-4.869703e-01,-1.148924e-02,1.951800e-01,-2.658114e-01,0.0078
14.6800,DS_interstep,1,-4.246524e-01,-1.203092e+00,5.180315e-01,1.376995e+00,4.337652e-01,1.194811e+00,-4.907921e-01,2.040215e-02,3.391536e-01,-4.893998e-01,-1.151441e-02,1.949201e-01,-2.653930e-01,0.0077
14.6900,DS_interstep,1,-4.285266e-01,-1.161248e+00,5.709018e-01,1.363107e+00,4.378401e-01,1.152735e+00,-5.442296e-01,2.259025e-02,3.449001e-01,-4.920964e-01,-1.153693e-02,1.946627e-01,-2.649758e-01,0.0076
14.7000,DS_interstep,1,-4.270407e-01,-1.117145e+00,6.161665e-01,1.345377e+00,4.364017e-01,1.108356e+00,-5.899267e-01,2.477105e-02,3.504245e-01,-4.950214e-01,-1.155684e-02,1.944075e-01,-2.645599e-01,0.0075
14.7100,DS_interstep,1,-4.207016e-01,-1.070918e+00,6.543665e-01,1.323651e+00,4.299667e-01,1.061815e+00,-6.284556e-01,2.691957e-02,3.557159e-01,-4.981388e-01,-1.157424e-02,1.941545e-01,-2.641453e-01,0.0073
14.7200,DS_interstep,1,-4.100803e-01,-1.022894e+00,6.863914e-01,1.298311e+00,4.191213e-01,1.013452e+00,-6.607326e-01,2.901376e-02,3.607653e-01,-5.014175e-01,-1.158923e-02,1.939035e-01,-2.637321e-01,0.0070
14.7300,DS_interstep,1,-3.958650e-01,-9.736464e-01,7.132145e-01,1.270186e+00,4.045770e-01,9.638487e-01,-6.877515e-01,3.103513e-02,3.655663e-01,-5.048310e-01,-1.160195e-02,1.936544e-01,-2.633202e-01,0.0067
14.7400,DS_interstep,1,-3.788492e-01,-9.239393e-01,7.357322e-01,1.240360e+00,3.871553e-01,9.137804e-01,-7.104234e-01,3.296928e-02,3.701168e-01,-5.083578e-01,-1.161255e-02,1.934072e-01,-2.629097e-01,0.0063
14.7500,DS_interstep,1,-3.598753e-01,-8.746280e-01,7.546922e-01,1.209977e+00,3.677283e-01,8.641113e-01,-7.295069e-01,3.480621e-02,3.744187e-01,-5.119798e-01,-1.162116e-02,1.931616e-01,-2.625006e-01,0.0060
14.7600,DS_interstep,1,-3.397641e-01,-8.265515e-01,7.706839e-01,1.180077e+00,3.471438e-01,8.156882e-01,-7.455995e-01,3.654013e-02,3.784783e-01,-5.156821e-01,-1.162793e-02,1.929176e-01,-2.620928e-01,0.0056
14.7700,DS_interstep,1,-3.192486e-01,-7.804454e-01,7.841616e-01,1.151488e+00,3.261571e-01,7.692531e-01,-7.591621e-01,3.816904e-02,3.823056e-01,-5.194521e-01,-1.163300e-02,1.926751e-01,-2.616864e-01,0.0052
14.7800,DS_interstep,1,-2.989283e-01,-7.368848e-01,7.954796e-01,1.124787e+00,3.053839e-01,7.253863e-01,-7.705546e-01,3.969400e-02,3.859133e-01,-5.232787e-01,-1.163650e-02,1.924340e-01,-2.612813e-01,0.0048
14.7900,DS_interstep,1,-2.792469e-01,-6.962589e-01,8.049247e-01,1.100300e+00,2.852774e-01,6.844801e-01,-7.800690e-01,4.111835e-02,3.893163e-01,-5.271528e-01,-1.163857e-02,1.921942e-01,-2.608776e-01,0.0044
14.8000,DS_interstep,1,-2.604982e-01,-6.587858e-01,8.127414e-01,1.078150e+00,2.661366e-01,6.467549e-01,-7.879541e-01,4.244694e-02,3.925305e-01,-5.310661e-01,-1.163930e-02,1.919556e-01,-2.604752e-01,0.0041
14.8100,DS_interstep,1,-2.429116e-01,-6.246701e-01,8.191408e-01,1.058400e+00,2.481953e-01,6.124182e-01,-7.944229e-01,4.368575e-02,3.955729e-01,-5.350116e-01,-1.163880e-02,1.917182e-01,-2.600742e-01,0.0038
14.8200,DS_interstep,1,-2.265278e-01,-5.938385e-01,8.242818e-01,1.040865e+00,2.314898e-01,5.813960e-01,-7.996384e-01,4.484097e-02,3.984600e-01,-5.389829e-01,-1.163717e-02,1.914818e-01,-2.596744e-01,0.0035
14.8300,DS_interstep,1,-2.112372e-01,-5.659900e-01,8.283400e-01,1.025238e+00,2.159037e-01,5.533846e-01,-8.037803e-01,4.591822e-02,4.012069e-01,-5.429747e-01,-1.163449e-02,1.912465e-01,-2.592760e-01,0.0033
14.8400,DS_interstep,1,-1.969040e-01,-5.407876e-01,8.314924e-01,1.011238e+00,2.012971e-01,5.280442e-01,-8.070269e-01,4.692237e-02,4.038270e-01,-5.469826e-01,-1.163084e-02,1.910122e-01,-2.588789e-01,0.0031
14.8500,DS_interstep,1,-1.834010e-01,-5.179047e-01,8.338793e-01,9.986070e-01,1.875396e-01,5.050452e-01,-8.095184e-01,4.785769e-02,4.063320e-01,-5.510027e-01,-1.162630e-02,1.907788e-01,-2.584830e-01,0.0029
14.8600,DS_interstep,1,-1.706199e-01,-4.970462e-01,8.356042e-01,9.871173e-01,1.745203e-01,4.840900e-01,-8.113580e-01,4.872787e-02,4.087321e-01,-5.550319e-01,-1.162093e-02,1.905463e-01,-2.580885e-01,0.0028
14.8700,DS_interstep,1,-1.584711e-01,-4.779535e-01,8.367398e-01,9.765685e-01,1.621475e-01,4.649174e-01,-8.126172e-01,4.953615e-02,4.110361e-01,-5.590671e-01,-1.161479e-02,1.903147e-01,-2.576954e-01,0.0027
14.8800,DS_interstep,1,-1.468819e-01,-4.604037e-01,8.373357e-01,9.667869e-01,1.503466e-01,4.473024e-01,-8.133443e-01,5.028538e-02,4.132520e-01,-5.631058e-01,-1.160797e-02,1.900840e-01,-2.573035e-01,0.0026
14.8900,DS_interstep,1,-1.357936e-01,-4.442058e-01,8.374262e-01,9.576228e-01,1.390572e-01,4.310518e-01,-8.135722e-01,5.097813e-02,4.153866e-01,-5.671453e-01,-1.160049e-02,1.898540e-01,-2.569130e-01,0.0025
14.9000,DS_interstep,1,-1.251589e-01,-4.291967e-01,8.370359e-01,9.489487e-01,1.282306e-01,4.160007e-01,-8.133238e-01,5.161671e-02,4.174458e-01,-5.711835e-01,-1.159244e-02,1.896249e-01,-2.565238e-01,0.0024
14.9100,DS_interstep,1,-1.149394e-01,-4.152363e-01,8.361832e-01,9.406565e-01,1.178271e-01,4.020072e-01,-8.126159e-01,5.220325e-02,4.194349e-01,-5.752179e-01,-1.158385e-02,1.893965e-01,-2.561359e-01,0.0024
14.9200,DS_interstep,1,-1.051038e-01,-4.022039e-01,8.348834e-01,9.326548e-01,1.078141e-01,3.889493e-01,-8.114623e-01,5.273969e-02,4.213586e-01,-5.792463e-01,-1.157477e-02,1.891689e-01,-2.557495e-01,0.0023
14.9300,DS_interstep,1,-9.562795e-02,-3.900056e-01,8.331692e-01,9.248891e-01,9.816643e-02,3.767319e-01,-8.098943e-01,5.322787e-02,4.232211e-01,-5.832667e-01,-1.156526e-02,1.889421e-01,-2.553643e-01,0.0023
14.9400,DS_interstep,1,-8.649213e-02,-3.785612e-01,8.310757e-01,9.173201e-01,8.886342e-02,3.652736e-01,-8.079459e-01,5.366951e-02,4.250263e-01,-5.872772e-01,-1.155536e-02,1.887159e-01,-2.549806e-01,0.0022
14.9500,DS_interstep,1,-7.767574e-02,-3.677778e-01,8.285987e-01,9.098736e-01,7.988351e-02,3.544805e-01,-8.056118e-01,5.406623e-02,4.267774e-01,-5.912758e-01,-1.154511e-02,1.884905e-01,-2.545982e-01,0.0021
14.9600,DS_interstep,1,-6.916164e-02,-3.575788e-01,8.257391e-01,9.024915e-01,7.120875e-02,3.442750e-01,-8.028917e-01,5.441956e-02,4.284774e-01,-5.952606e-01,-1.153456e-02,1.882658e-01,-2.542172e-01,0.0021
14.9700,DS_interstep,1,-6.093476e-02,-3.478952e-01,8.224964e-01,8.951225e-01,6.282346e-02,3.345872e-01,-7.997841e-01,5.473095e-02,4.301288e-01,-5.992296e-01,-1.152375e-02,1.880417e-01,-2.538376e-01,0.0020
14.9800,DS_interstep,1,-5.298256e-02,-3.386662e-01,8.188709e-01,8.877226e-01,5.471467e-02,3.253558e-01,-7.962885e-01,5.500177e-02,4.317341e-01,-6.031810e-01,-1.151272e-02,1.878183e-01,-2.534593e-01,0.0020
14.9900,DS_interstep,1,-4.529518e-02,-3.298383e-01,8.148637e-01,8.802544e-01,4.687224e-02,3.165264e-01,-7.924054e-01,5.523338e-02,4.332951e-01,-6.071127e-01,-1.150150e-02,1.875956e-01,-2.530825e-01,0.0019
15.0000,DS_interstep,1,-3.786554e-02,-3.213646e-01,8.104771e-01,8.726868e-01,3.928900e-02,3.080517e-01,-7.881364e-01,5.542706e-02,4.348136e-01,-6.110229e-01,-1.149014e-02,1.873735e-01,-2.527071e-01,0.0019
15.0100,DS_interstep,1,-3.068931e-02,-3.132051e-01,8.057152e-01,8.649949e-01,3.196067e-02,2.998911e-01,-7.834850e-01,5.558408e-02,4.362913e-01,-6.149097e-01,-1.147867e-02,1.871520e-01,-2.523330e-01,0.0019
15.0200,DS_interstep,1,-2.376471e-02,-3.053258e-01,8.005839e-01,8.571600e-01,2.488568e-02,2.920105e-01,-7.784572e-01,5.570573e-02,4.377295e-01,-6.187711e-01,-1.146713e-02,1.869311e-01,-2.519603e-01,0.0018
15.0300,DS_interstep,1,-1.709225e-02,-2.976991e-01,7.950918e-01,8.491689e-01,1.806482e-02,2.843817e-01,-7.730612e-01,5.579327e-02,4.391295e-01,-6.226054e-01,-1.145555e-02,1.867109e-01,-2.515890e-01,0.0018
15.0400,DS_interstep,1,-1.067436e-02,-2.903026e-01,7.892502e-01,8.410145e-01,1.150092e-02,2.769823e-01,-7.673084e-01,5.584798e-02,4.404924e-01,-6.264107e-01,-1.144397e-02,1.864912e-01,-2.512191e-01,0.0018
15.0500,DS_interstep,1,-4.514934e-03,-2.831191e-01,7.830731e-01,8.326946e-01,5.198281e-03,2.697950e-01,-7.612128e-01,5.587118e-02,4.418193e-01,-6.301853e-01,-1.143242e-02,1.862722e-01,-2.508505e-01,0.0017
15.0600,DS_interstep,1,1.381139e-03,-2.761359e-01,7.765774e-01,8.242120e-01,-8.377105e-04,2.628068e-01,-7.547916e-01,5.586420e-02,4.431112e-01,-6.339277e-01,-1.142093e-02,1.860537e-01,-2.504833e-01,0.0017
15.0700,DS_interstep,1,7.008427e-03,-2.693439e-01,7.697824e-01,8.155735e-01,-6.601142e-03,2.560089e-01,-7.480644e-01,5.582840e-02,4.443690e-01,-6.376362e-01,-1.140952e-02,1.858357e-01,-2.501175e-01,0.0017
15.0800,DS_interstep,1,1.236141e-02,-2.627371e-01,7.627095e-01,8.067895e-01,-1.208602e-02,2.493952e-01,-7.410529e-01,5.576518e-02,4.455938e-01,-6.413095e-01,-1.139823e-02,1.856183e-01,-2.497530e-01,0.0017
15.0900,DS_interstep,1,1.743488e-02,-2.563123e-01,7.553817e-01,7.978731e-01,-1.728668e-02,2.429626e-01,-7.337807e-01,5.567596e-02,4.467863e-01,-6.449462e-01,-1.138708e-02,1.854015e-01,-2.493898e-01,0.0017
15.1000,DS_interstep,1,2.222429e-02,-2.500677e-01,7.478232e-01,7.888392e-01,-2.219816e-02,2.367095e-01,-7.262724e-01,5.556219e-02,4.479474e-01,-6.485452e-01,-1.137610e-02,1.851852e-01,-2.490279e-01,0.0017
15.1100,DS_interstep,1,2.672606e-02,-2.440030e-01,7.400588e-01,7.797043e-01,-2.681651e-02,2.306358e-01,-7.185533e-01,5.542534e-02,4.490782e-01,-6.521055e-01,-1.136531e-02,1.849693e-01,-2.486673e-01,0.0017
15.1200,DS_interstep,1,3.093776e-02,-2.381189e-01,7.321132e-01,7.704852e-01,-3.113898e-02,2.247421e-01,-7.106487e-01,5.526688e-02,4.501794e-01,-6.556260e-01,-1.135472e-02,1.847540e-01,-2.483079e-01,0.0017
15.1300,DS_interstep,1,3.485829e-02,-2.324159e-01,7.240107e-01,7.611989e-01,-3.516425e-02,2.190294e-01,-7.025833e-01,5.508830e-02,4.512520e-01,-6.591061e-01,-1.134436e-02,1.845392e-01,-2.479499e-01,0.0017
15.1400,DS_interstep,1,3.848803e-02,-2.268949e-01,7.157747e-01,7.518617e-01,-3.889248e-02,2.134986e-01,-6.943811e-01,5.489109e-02,4.522969e-01,-6.625449e-01,-1.133424e-02,1.843248e-01,-2.475930e-01,0.0017
15.1500,DS_interstep,1,4.182881e-02,-2.215565e-01,7.074275e-01,7.424895e-01,-4.232540e-02,2.081503e-01,-6.860649e-01,5.467672e-02,4.533150e-01,-6.659420e-01,-1.132439e-02,1.841110e-01,-2.472374e-01,0.0017
15.1600,DS_interstep,1,4.488400e-02,-2.164004e-01,6.989900e-01,7.330966e-01,-4.546634e-02,2.029847e-01,-6.776559e-01,5.444667e-02,4.543073e-01,-6.692969e-01,-1.131481e-02,1.838975e-01,-2.468831e-01,0.0017
15.1700,DS_interstep,1,4.765846e-02,-2.114260e-01,6.904814e-01,7.236966e-01,-4.832015e-02,1.980011e-01,-6.691738e-01,5.420235e-02,4.552745e-01,-6.726092e-01,-1.130551e-02,1.836846e-01,-2.465299e-01,0.0017
15.1800,DS_interstep,1,5.015847e-02,-2.066318e-01,6.819193e-01,7.143014e-01,-5.089319e-02,1.931981e-01,-6.606367e-01,5.394519e-02,4.562177e-01,-6.758787e-01,-1.129651e-02,1.834720e-01,-2.461779e-01,0.0017
15.1900,DS_interstep,1,5.239169e-02,-2.020154e-01,6.733198e-01,7.049218e-01,-5.319326e-02,1.885736e-01,-6.520607e-01,5.367653e-02,4.571378e-01,-6.791051e-01,-1.128781e-02,1.832599e-01,-2.458270e-01,0.0017
15.2000,DS_interstep,1,5.436700e-02,-1.975738e-01,6.646973e-01,6.955672e-01,-5.522941e-02,1.841244e-01,-6.434607e-01,5.339771e-02,4.580355e-01,-6.822883e-01,-1.127942e-02,1.830482e-01,-2.454773e-01,0.0017
15.2100,DS_interstep,1,5.609442e-02,-1.933029e-01,6.560647e-01,6.862459e-01,-5.701191e-02,1.798468e-01,-6.348496e-01,5.310999e-02,4.589118e-01,-6.854284e-01,-1.127135e-02,1.828369e-01,-2.451288e-01,0.0017
15.2200,DS_interstep,1,5.758497e-02,-1.891982e-01,6.474334e-01,6.769653e-01,-5.855203e-02,1.757360e-01,-6.262393e-01,5.281458e-02,4.597675e-01,-6.885252e-01,-1.126360e-02,1.826261e-01,-2.447813e-01,0.0017
15.2300,DS_interstep,1,5.885047e-02,-1.852543e-01,6.388137e-01,6.677316e-01,-5.986192e-02,1.717869e-01,-6.176400e-01,5.251264e-02,4.606034e-01,-6.915789e-01,-1.125617e-02,1.824156e-01,-2.444350e-01,0.0017
15.2400,DS_interstep,1,5.990345e-02,-1.814654e-01,6.302146e-01,6.585503e-01,-6.095441e-02,1.679936e-01,-6.090609e-01,5.220526e-02,4.614203e-01,-6.945896e-01,-1.124908e-02,1.822055e-01,-2.440897e-01,0.0017
15.2500,DS_interstep,1,6.075692e-02,-1.778252e-01,6.216442e-01,6.494264e-01,-6.184287e-02,1.643498e-01,-6.005102e-01,5.189344e-02,4.622190e-01,-6.975573e-01,-1.124230e-02,1.819958e-01,-2.437455e-01,0.0017
15.2600,DS_interstep,1,6.142422e-02,-1.743269e-01,6.131097e-01,6.403642e-01,-6.254101e-02,1.608487e-01,-5.919951e-01,5.157815e-02,4.630001e-01,-7.004823e-01,-1.123586e-02,1.817864e-01,-2.434023e-01,0.0016
15.2700,DS_interstep,1,6.191887e-02,-1.709637e-01,6.046175e-01,6.313674e-01,-6.306269e-02,1.574834e-01,-5.835221e-01,5.126027e-02,4.637644e-01,-7.033648e-01,-1.122974e-02,1.815774e-01,-2.430602e-01,0.0016
15.2800,DS_interstep,1,6.225439e-02,-1.677284e-01,5.961733e-01,6.224396e-01,-6.342181e-02,1.542468e-01,-5.750969e-01,5.094061e-02,4.645124e-01,-7.062051e-01,-1.122395e-02,1.813688e-01,-2.427191e-01,0.0016
15.2900,DS_interstep,1,6.244416e-02,-1.646139e-01,5.877823e-01,6.135838e-01,-6.363208e-02,1.511318e-01,-5.667247e-01,5.061992e-02,4.652448e-01,-7.090033e-01,-1.121848e-02,1.811605e-01,-2.423790e-01,0.0016
15.3000,DS_interstep,1,6.250125e-02,-1.616132e-01,5.794492e-01,6.048030e-01,-6.370694e-02,1.481312e-01,-5.584101e-01,5.029886e-02,4.659622e-01,-7.117598e-01,-1.121333e-02,1.809526e-01,-2.420399e-01,0.0016
15.3100,DS_interstep,1,6.243835e-02,-1.587193e-01,5.711782e-01,5.960997e-01,-6.365938e-02,1.452379e-01,-5.501573e-01,4.997806e-02,4.666650e-01,-7.144749e-01,-1.120850e-02,1.807450e-01,-2.417018e-01,0.0015
15.3200,DS_interstep,1,6.226763e-02,-1.559254e-01,5.629731e-01,5.874766e-01,-6.350188e-02,1.424452e-01,-5.419702e-01,4.965806e-02,4.673539e-01,-7.171490e-01,-1.120398e-02,1.805377e-01,-2.413646e-01,0.0015
15.3300,DS_interstep,1,6.200066e-02,-1.532250e-01,5.548376e-01,5.789358e-01,-6.324628e-02,1.397464e-01,-5.338522e-01,4.933936e-02,4.680292e-01,-7.197823e-01,-1.119978e-02,1.803308e-01,-2.410284e-01,0.0015
15.3400,DS_interstep,1,6.164833e-02,-1.506118e-01,5.467747e-01,5.704796e-01,-6.290373e-02,1.371353e-01,-5.258067e-01,4.902238e-02,4.686915e-01,-7.223753e-01,-1.119588e-02,1.801242e-01,-2.406932e-01,0.0015
15.3500,DS_interstep,1,6.122083e-02,-1.480801e-01,5.387876e-01,5.621101e-01,-6.248465e-02,1.346060e-01,-5.178364e-01,4.870752e-02,4.693411e-01,-7.249283e-01,-1.119228e-02,1.799179e-01,-2.403588e-01,0.0015
15.3600,DS_interstep,1,6.072758e-02,-1.456242e-01,5.308789e-01,5.538291e-01,-6.199867e-02,1.321530e-01,-5.099441e-01,4.839510e-02,4.699784e-01,-7.274417e-01,-1.118898e-02,1.797120e-01,-2.400254e-01,0.0014
15.3700,DS_interstep,1,6.017725e-02,-1.432391e-01,5.230512e-01,5.456384e-01,-6.145463e-02,1.297709e-01,-5.021324e-01,4.808542e-02,4.706037e-01,-7.299159e-01,-1.118598e-02,1.795063e-01,-2.396929e-01,0.0014
15.3800,DS_interstep,1,5.957775e-02,-1.409201e-01,5.153069e-01,5.375399e-01,-6.086059e-02,1.274552e-01,-4.944036e-01,4.777872e-02,4.712174e-01,-7.323514e-01,-1.118326e-02,1.793009e-01,-2.393612e-01,0.0014
15.3900,DS_interstep,1,5.893622e-02,-1.386629e-01,5.076480e-01,5.295351e-01,-6.022383e-02,1.252014e-01,-4.867598e-01,4.747522e-02,4.718199e-01,-7.347485e-01,-1.118083e-02,1.790959e-01,-2.390304e-01,0.0014
15.4000,DS_interstep,1,5.825909e-02,-1.364635e-01,5.000766e-01,5.216254e-01,-5.955090e-02,1.230057e-01,-4.792031e-01,4.717510e-02,4.724113e-01,-7.371077e-01,-1.117867e-02,1.788911e-01,-2.387005e-01,0.0013
15.4100,DS_interstep,1,5.755209e-02,-1.343185e-01,4.925946e-01,5.138123e-01,-5.884761e-02,1.208643e-01,-4.717351e-01,4.687852e-02,4.729920e-01,-7.394294e-01,-1.117680e-02,1.786867e-01,-2.383715e-01,0.0013
15.4200,DS_interstep,1,5.682031e-02,-1.322246e-01,4.852034e-01,5.060970e-01,-5.811912e-02,1.187741e-01,-4.643575e-01,4.658559e-02,4.735622e-01,-7.417142e-01,-1.117519e-02,1.784825e-01,-2.380432e-01,0.0013
15.4300,DS_interstep,1,5.606824e-02,-1.301790e-01,4.779045e-01,4.984806e-01,-5.736998e-02,1.167323e-01,-4.570718e-01,4.629642e-02,4.741221e-01,-7.439624e-01,-1.117385e-02,1.782786e-01,-2.377158e-01,0.0013
15.4400,DS_interstep,1,5.529980e-02,-1.281791e-01,4.706993e-01,4.909642e-01,-5.660416e-02,1.147363e-01,-4.498793e-01,4.601109e-02,4.746721e-01,-7.461745e-01,-1.117276e-02,1.780750e-01,-2.373892e-01,0.0013
15.4500,DS_interstep,1,5.451843e-02,-1.262227e-01,4.635889e-01,4.835485e-01,-5.582513e-02,1.127838e-01,-4.427811e-01,4.572967e-02,4.752123e-01,-7.483511e-01,-1.117194e-02,1.778716e-01,-2.370634e-01,0.0012
15.4600,DS_interstep,1,5.372711e-02,-1.243078e-01,4.565742e-01,4.762342e-01,-5.503591e-02,1.108728e-01,-4.357783e-01,4.545222e-02,4.757428e-01,-7.504925e-01,-1.117137e-02,1.776686e-01,-2.367384e-01,0.0012
15.4700,DS_interstep,1,5.292844e-02,-1.224327e-01,4.496559e-01,4.690219e-01,-5.423911e-02,1.090014e-01,-4.288714e-01,4.517876e-02,4.762640e-01,-7.525993e-01,-1.117104e-02,1.774658e-01,-2.364142e-01,0.0012
15.4800,DS_interstep,1,5.212468e-02,-1.205956e-01,4.428346e-01,4.619121e-01,-5.343699e-02,1.071682e-01,-4.220613e-01,4.490932e-02,4.767761e-01,-7.546719e-01,-1.117096e-02,1.772633e-01,-2.360907e-01,0.0012
15.4900,DS_interstep,1,5.131778e-02,-1.187952e-01,4.361108e-01,4.549049e-01,-5.263153e-02,1.053717e-01,-4.153484e-01,4.464393e-02,4.772791e-01,-7.567108e-01,-1.117111e-02,1.770610e-01,-2.357680e-01,0.0012
15.5000,DS_interstep,1,5.050947e-02,-1.170302e-01,4.294846e-01,4.480004e-01,-5.182445e-02,1.036105e-01,-4.087328e-01,4.438258e-02,4.777732e-01,-7.587166e-01,-1.117150e-02,1.768590e-01,-2.354460e-01,0.0011
15.5100,DS_interstep,1,4.970124e-02,-1.152994e-01,4.229563e-01,4.411986e-01,-5.101727e-02,1.018835e-01,-4.022148e-01,4.412529e-02,4.782588e-01,-7.606897e-01,-1.117212e-02,1.766572e-01,-2.351248e-01,0.0011
15.5200,DS_interstep,1,4.889444e-02,-1.136016e-01,4.165256e-01,4.344993e-01,-5.021132e-02,1.001895e-01,-3.957942e-01,4.387203e-02,4.787358e-01,-7.626306e-01,-1.117297e-02,1.764557e-01,-2.348042e-01,0.0011
15.5300,DS_interstep,1,4.809026e-02,-1.119359e-01,4.101925e-01,4.279021e-01,-4.940782e-02,9.852751e-02,-3.894709e-01,4.362281e-02,4.792045e-01,-7.645397e-01,-1.117403e-02,1.762545e-01,-2.344844e-01,0.0011
15.5400,DS_interstep,1,4.728980e-02,-1.103012e-01,4.039564e-01,4.214065e-01,-4.860787e-02,9.689657e-02,-3.832446e-01,4.337759e-02,4.796650e-01,-7.664177e-01,-1.117532e-02,1.760534e-01,-2.341653e-01,0.0011
15.5500,DS_interstep,1,4.649406e-02,-1.086965e-01,3.978169e-01,4.150119e-01,-4.781248e-02,9.529569e-02,-3.771148e-01,4.313637e-02,4.801175e-01,-7.682649e-01,-1.117681e-02,1.758527e-01,-2.338469e-01,0.0011
15.5600,DS_interstep,1,4.570399e-02,-1.071210e-01,3.917733e-01,4.087176e-01,-4.702261e-02,9.372393e-02,-3.710807e-01,4.289911e-02,4.805621e-01,-7.700818e-01,-1.117852e-02,1.756521e-01,-2.335291e-01,0.0011
15.5700,DS_interstep,1,4.492047e-02,-1.055737e-01,3.858249e-01,4.025227e-01,-4.623915e-02,9.218037e-02,-3.651418e-01,4.266578e-02,4.809989e-01,-7.718690e-01,-1.118042e-02,1.754518e-01,-2.332120e-01,0.0010
15.5800,DS_interstep,1,4.414435e-02,-1.040536e-01,3.799709e-01,3.964262e-01,-4.546298e-02,9.066408e-02,-3.592972e-01,4.243633e-02,4.814282e-01,-7.736268e-01,-1.118253e-02,1.752518e-01,-2.328956e-01,0.0010
15.5900,DS_interstep,1,4.337645e-02,-1.025599e-01,3.742102e-01,3.904272e-01,-4.469493e-02,8.917415e-02,-3.535459e-01,4.221075e-02,4.818500e-01,-7.753558e-01,-1.118484e-02,1.750520e-01,-2.325798e-01,0.0010
15.6000,DS_interstep,1,4.261756e-02,-1.010916e-01,3.685419e-01,3.845243e-01,-4.393580e-02,8.770964e-02,-3.478869e-01,4.198896e-02,4.822644e-01,-7.770564e-01,-1.118734e-02,1.748523e-01,-2.322647e-01,0.0010
15.6100,DS_interstep,1,4.186843e-02,-9.964788e-02,3.629649e-01,3.787165e-01,-4.318637e-02,8.626965e-02,-3.423191e-01,4.177094e-02,4.826716e-01,-7.787291e-01,-1.119002e-02,1.746530e-01,-2.319502e-01,0.0010
15.6200,DS_interstep,1,4.112980e-02,-9.822770e-02,3.574778e-01,3.730024e-01,-4.244741e-02,8.485325e-02,-3.368413e-01,4.155662e-02,4.830717e-01,-7.803743e-01,-1.119289e-02,1.744538e-01,-2.316363e-01,0.0010
15.6300,DS_interstep,1,4.040239e-02,-9.683020e-02,3.520796e-01,3.673806e-01,-4.171965e-02,8.345951e-02,-3.314524e-01,4.134595e-02,4.834649e-01,-7.819925e-01,-1.119595e-02,1.742549e-01,-2.313230e-01,0.0010
15.6400,DS_interstep,1,3.968685e-02,-9.545445e-02,3.467690e-01,3.618499e-01,-4.100377e-02,8.208752e-02,-3.261510e-01,4.113887e-02,4.838511e-01,-7.835842e-01,-1.119918e-02,1.740561e-01,-2.310103e-01,0.0009
15.6500,DS_interstep,1,3.898384e-02,-9.409955e-02,3.415445e-01,3.564087e-01,-4.030045e-02,8.073637e-02,-3.209358e-01,4.093532e-02,4.842306e-01,-7.851496e-01,-1.120258e-02,1.738576e-01,-2.306983e-01,0.0009
15.6600,DS_interstep,1,3.829395e-02,-9.276463e-02,3.364049e-01,3.510555e-01,-3.961030e-02,7.940518e-02,-3.158054e-01,4.073523e-02,4.846034e-01,-7.866893e-01,-1.120616e-02,1.736593e-01,-2.303868e-01,0.0009
15.6700,DS_interstep,1,3.761773e-02,-9.144880e-02,3.313488e-01,3.457890e-01,-3.893389e-02,7.809306e-02,-3.107585e-01,4.053853e-02,4.849696e-01,-7.882038e-01,-1.120990e-02,1.734612e-01,-2.300759e-01,0.0009
15.6800,DS_interstep,1,3.695567e-02,-9.015123e-02,3.263748e-01,3.406075e-01,-3.827174e-02,7.679917e-02,-3.057937e-01,4.034515e-02,4.853294e-01,-7.896933e-01,-1.121381e-02,1.732633e-01,-2.297655e-01,0.0009
15.6900,DS_interstep,1,3.630822e-02,-8.887110e-02,3.214815e-01,3.355096e-01,-3.762431e-02,7.552270e-02,-3.009096e-01,4.015502e-02,4.856827e-01,-7.911583e-01,-1.121788e-02,1.730657e-01,-2.294558e-01,0.0009
15.7000,DS_interstep,1,3.567577e-02,-8.760765e-02,3.166674e-01,3.304937e-01,-3.699200e-02,7.426286e-02,-2.961046e-01,3.996805e-02,4.860297e-01,-7.925992e-01,-1.122210e-02,1.728682e-01,-2.291465e-01,0.0009
15.7100,DS_interstep,1,3.505862e-02,-8.636013e-02,3.119311e-01,3.255583e-01,-3.637514e-02,7.301891e-02,-2.913775e-01,3.978419e-02,4.863705e-01,-7.940164e-01,-1.122648e-02,1.726709e-01,-2.288379e-01,0.0009
15.7200,DS_interstep,1,3.445704e-02,-8.512784e-02,3.072713e-01,3.207018e-01,-3.577399e-02,7.179014e-02,-2.867267e-01,3.960333e-02,4.867051e-01,-7.954103e-01,-1.123101e-02,1.724738e-01,-2.285297e-01,0.0008
15.7300,DS_interstep,1,3.387120e-02,-8.391014e-02,3.026864e-01,3.159228e-01,-3.518876e-02,7.057589e-02,-2.821509e-01,3.942541e-02,4.870337e-01,-7.967813e-01,-1.123570e-02,1.722769e-01,-2.282221e-01,0.0008
15.7400,DS_interstep,1,3.330122e-02,-8.270642e-02,2.981752e-01,3.112198e-01,-3.461956e-02,6.937557e-02,-2.776486e-01,3.925035e-02,4.873562e-01,-7.981296e-01,-1.124052e-02,1.720802e-01,-2.279151e-01,0.0008
15.7500,DS_interstep,1,3.274715e-02,-8.151614e-02,2.937361e-01,3.065912e-01,-3.406645e-02,6.818861e-02,-2.732184e-01,3.907806e-02,4.876728e-01,-7.994558e-01,-1.124549e-02,1.718837e-01,-2.276085e-01,0.0008
15.7600,DS_interstep,1,3.220897e-02,-8.033878e-02,2.893678e-01,3.020356e-01,-3.352940e-02,6.701450e-02,-2.688589e-01,3.890847e-02,4.879834e-01,-8.007601e-01,-1.125061e-02,1.716874e-01,-2.273025e-01,0.0008
15.7700,DS_interstep,1,3.168659e-02,-7.917390e-02,2.850690e-01,2.975515e-01,-3.300835e-02,6.585279e-02,-2.645688e-01,3.874148e-02,4.882883e-01,-8.020428e-01,-1.125586e-02,1.714912e-01,-2.269969e-01,0.0008
15.7800,DS_interstep,1,3.117987e-02,-7.802110e-02,2.808383e-01,2.931375e-01,-3.250314e-02,6.470308e-02,-2.603467e-01,3.857704e-02,4.885874e-01,-8.033044e-01,-1.126124e-02,1.712952e-01,-2.266919e-01,0.0008
15.7900,DS_interstep,1,3.068861e-02,-7.688003e-02,2.766743e-01,2.887923e-01,-3.201356e-02,6.356500e-02,-2.561912e-01,3.841504e-02,4.888808e-01,-8.045452e-01,-1.126677e-02,1.710995e-01,-2.263873e-01,0.0008
15.8000,DS_interstep,1,3.021254e-02,-7.575039e-02,2.725757e-01,2.845144e-01,-3.153936e-02,6.243826e-02,-2.521011e-01,3.825543e-02,4.891685e-01,-8.057654e-01,-1.127242e-02,1.709039e-01,-2.260833e-01,0.0008
15.8100,DS_interstep,1,2.975137e-02,-7.463191e-02,2.685413e-01,2.803025e-01,-3.108022e-02,6.132260e-02,-2.480750e-01,3.809812e-02,4.894506e-01,-8.069655e-01,-1.127820e-02,1.707084e-01,-2.257797e-01,0.0007
15.8200,DS_interstep,1,2.930474e-02,-7.352439e-02,2.645698e-01,2.761553e-01,-3.063580e-02,6.021781e-02,-2.441117e-01,3.794304e-02,4.897273e-01,-8.081457e-01,-1.128411e-02,1.705132e-01,-2.254765e-01,0.0007
15.8300,DS_interstep,1,2.887228e-02,-7.242765e-02,2.606599e-01,2.720716e-01,-3.020570e-02,5.912370e-02,-2.402099e-01,3.779012e-02,4.899984e-01,-8.093063e-01,-1.129015e-02,1.703181e-01,-2.251739e-01,0.0007
15.8400,DS_interstep,1,2.845355e-02,-7.134157e-02,2.568104e-01,2.680500e-01,-2.978949e-02,5.804015e-02,-2.363685e-01,3.763929e-02,4.902641e-01,-8.104476e-01,-1.129631e-02,1.701232e-01,-2.248717e-01,0.0007
15.8500,DS_interstep,1,2.804813e-02,-7.026603e-02,2.530202e-01,2.640895e-01,-2.938672e-02,5.696705e-02,-2.325861e-01,3.749048e-02,4.905244e-01,-8.115700e-01,-1.130259e-02,1.699285e-01,-2.245699e-01,0.0007
15.8600,DS_interstep,1,2.765554e-02,-6.920098e-02,2.492881e-01,2.601887e-01,-2.899693e-02,5.590434e-02,-2.288618e-01,3.734363e-02,4.907794e-01,-8.126737e-01,-1.130899e-02,1.697339e-01,-2.242686e-01,0.0007
15.8700,DS_interstep,1,2.727531e-02,-6.814636e-02,2.456129e-01,2.563466e-01,-2.861961e-02,5.485198e-02,-2.251942e-01,3.719867e-02,4.910291e-01,-8.137590e-01,-1.131552e-02,1.695395e-01,-2.239678e-01,0.0007
15.8800,DS_interstep,1,2.690695e-02,-6.710217e-02,2.419935e-01,2.525620e-01,-2.825427e-02,5.380994e-02,-2.215824e-01,3.705554e-02,4.912736e-01,-8.148262e-01,-1.132215e-02,1.693452e-01,-2.236674e-01,0.0007
15.8900,DS_interstep,1,2.654996e-02,-6.606840e-02,2.384289e-01,2.488338e-01,-2.790042e-02,5.277824e-02,-2.180252e-01,3.691419e-02,4.915129e-01,-8.158755e-01,-1.132891e-02,1.691512e-01,-2.233674e-01,0.0007
15.9000,DS_interstep,1,2.620385e-02,-6.504507e-02,2.349180e-01,2.451611e-01,-2.755753e-02,5.175689e-02,-2.145215e-01,3.677456e-02,4.917471e-01,-8.169073e-01,-1.133577e-02,1.689572e-01,-2.230678e-01,0.0007
15.9100,DS_interstep,1,2.586814e-02,-6.403221e-02,2.314597e-01,2.415427e-01,-2.722513e-02,5.074592e-02,-2.110704e-01,3.663660e-02,4.919762e-01,-8.179218e-01,-1.134275e-02,1.687634e-01,-2.227687e-01,0.0006
15.9200,DS_interstep,1,2.554233e-02,-6.302987e-02,2.280532e-01,2.379778e-01,-2.690271e-02,4.974539e-02,-2.076709e-01,3.650026e-02,4.922004e-01,-8.189192e-01,-1.134984e-02,1.685698e-01,-2.224699e-01,0.0006
15.9300,DS_interstep,1,2.522596e-02,-6.203809e-02,2.246973e-01,2.344652e-01,-2.658979e-02,4.875534e-02,-2.043220e-01,3.636549e-02,4.924195e-01,-8.198999e-01,-1.135704e-02,1.683764e-01,-2.221716e-01,0.0006
15.9400,DS_interstep,1,2.491856e-02,-6.105692e-02,2.213911e-01,2.310041e-01,-2.628591e-02,4.777583e-02,-2.010227e-01,3.623225e-02,4.926338e-01,-8.208640e-01,-1.136435e-02,1.681830e-01,-2.218737e-01,0.0006
15.9500,DS_interstep,1,2.461969e-02,-6.008643e-02,2.181338e-01,2.275937e-01,-2.599060e-02,4.680692e-02,-1.977721e-01,3.610048e-02,4.928432e-01,-8.218118e-01,-1.137177e-02,1.679899e-01,-2.215762e-01,0.0006
15.9600,DS_interstep,1,2.432893e-02,-5.912667e-02,2.149244e-01,2.242329e-01,-2.570345e-02,4.584867e-02,-1.945693e-01,3.597017e-02,4.930478e-01,-8.227435e-01,-1.137929e-02,1.677969e-01,-2.212790e-01,0.0006
15.9700,DS_interstep,1,2.404585e-02,-5.817769e-02,2.117621e-01,2.209209e-01,-2.542402e-02,4.490113e-02,-1.914135e-01,3.584125e-02,4.932476e-01,-8.236594e-01,-1.138691e-02,1.676040e-01,-2.209823e-01,0.0006
15.9800,DS_interstep,1,2.377008e-02,-5.723955e-02,2.086460e-01,2.176570e-01,-2.515193e-02,4.396436e-02,-1.883038e-01,3.571370e-02,4.934428e-01,-8.245597e-01,-1.139464e-02,1.674113e-01,-2.206859e-01,0.0006
15.9900,DS_interstep,1,2.350124e-02,-5.631229e-02,2.055753e-01,2.144402e-01,-2.488679e-02,4.303842e-02,-1.852394e-01,3.558749e-02,4.936333e-01,-8.254446e-01,-1.140247e-02,1.672187e-01,-2.203899e-01,0.0006
16.0000,DS_interstep,1,2.323897e-02,-5.539596e-02,2.025492e-01,2.112699e-01,-2.462826e-02,4.212334e-02,-1.822195e-01,3.546257e-02,4.938192e-01,-8.263144e-01,-1.141040e-02,1.670262e-01,-2.200943e-01,0.0006
16.0100,DS_interstep,1,2.298294e-02,-5.449059e-02,1.995669e-01,2.081451e-01,-2.437598e-02,4.121916e-02,-1.792433e-01,3.533892e-02,4.940006e-01,-8.271693e-01,-1.141843e-02,1.668339e-01,-2.197991e-01,0.0006
16.0200,DS_interstep,1,2.273284e-02,-5.359621e-02,1.966277e-01,2.050653e-01,-2.412964e-02,4.032592e-02,-1.763100e-01,3.521651e-02,4.941775e-01,-8.280095e-01,-1.142656e-02,1.666417e-01,-2.195042e-01,0.0005
16.0300,DS_interstep,1,2.248837e-02,-5.271285e-02,1.937308e-01,2.020297e-01,-2.388894e-02,3.944364e-02,-1.734190e-01,3.509531e-02,4.943500e-01,-8.288352e-01,-1.143479e-02,1.664497e-01,-2.192096e-01,0.0005
16.0400,DS_interstep,1,2.224924e-02,-5.184051e-02,1.908755e-01,1.990375e-01,-2.365359e-02,3.857234e-02,-1.705695e-01,3.497529e-02,4.945182e-01,-8.296465e-01,-1.144311e-02,1.662578e-01,-2.189155e-01,0.0005
16.0500,DS_interstep,1,2.201521e-02,-5.097921e-02,1.880611e-01,1.960881e-01,-2.342334e-02,3.771202e-02,-1.677608e-01,3.485643e-02,4.946820e-01,-8.304438e-01,-1.145153e-02,1.660660e-01,-2.186216e-01,0.0005
16.0600,DS_interstep,1,2.178601e-02,-5.012894e-02,1.852870e-01,1.931808e-01,-2.319792e-02,3.686269e-02,-1.649923e-01,3.473870e-02,4.948416e-01,-8.312273e-01,-1.146004e-02,1.658744e-01,-2.183282e-01,0.0005
16.0700,DS_interstep,1,2.156141e-02,-4.928970e-02,1.825524e-01,1.903149e-01,-2.297710e-02,3.602435e-02,-1.622632e-01,3.462208e-02,4.949969e-01,-8.319970e-01,-1.146865e-02,1.656828e-01,-2.180350e-01,0.0005
16.0800,DS_interstep,1,2.134119e-02,-4.846148e-02,1.798568e-01,1.874898e-01,-2.276066e-02,3.519698e-02,-1.595729e-01,3.450655e-02,4.951482e-01,-8.327532e-01,-1.147734e-02,1.654915e-01,-2.177422e-01,0.0005
16.0900,DS_interstep,1,2.112514e-02,-4.764425e-02,1.771995e-01,1.847049e-01,-2.254838e-02,3.438057e-02,-1.569209e-01,3.439209e-02,4.952953e-01,-8.334962e-01,-1.148613e-02,1.653002e-01,-2.174497e-01,0.0005
16.1000,DS_interstep,1,2.091306e-02,-4.683800e-02,1.745799e-01,1.819596e-01,-2.234007e-02,3.357509e-02,-1.543065e-01,3.427867e-02,4.954384e-01,-8.342260e-01,-1.149501e-02,1.651090e-01,-2.171576e-01,0.0005
16.1100,DS_interstep,1,2.070476e-02,-4.604268e-02,1.719974e-01,1.792532e-01,-2.213553e-02,3.278051e-02,-1.517291e-01,3.416628e-02,4.955776e-01,-8.349429e-01,-1.150398e-02,1.649180e-01,-2.168658e-01,0.0005
16.1200,DS_interstep,1,2.050007e-02,-4.525827e-02,1.694514e-01,1.765852e-01,-2.193457e-02,3.199680e-02,-1.491881e-01,3.405491e-02,4.957128e-01,-8.356471e-01,-1.151303e-02,1.647271e-01,-2.165743e-01,0.0005
16.1300,DS_interstep,1,2.029880e-02,-4.448473e-02,1.669414e-01,1.739550e-01,-2.173703e-02,3.122391e-02,-1.466831e-01,3.394452e-02,4.958441e-01,-8.363387e-01,-1.152218e-02,1.645363e-01,-2.162831e-01,0.0005
16.1400,DS_interstep,1,2.010080e-02,-4.372200e-02,1.644668e-01,1.713621e-01,-2.154274e-02,3.046181e-02,-1.442133e-01,3.383511e-02,4.959716e-01,-8.370179e-01,-1.153141e-02,1.643457e-01,-2.159922e-01,0.0005
16.1500,DS_interstep,1,1.990590e-02,-4.297003e-02,1.620271e-01,1.688059e-01,-2.135154e-02,2.971045e-02,-1.417783e-01,3.372667e-02,4.960953e-01,-8.376850e-01,-1.154072e-02,1.641551e-01,-2.157016e-01,0.0005
16.1600,DS_interstep,1,1.971396e-02,-4.222879e-02,1.596217e-01,1.662859e-01,-2.116327e-02,2.896977e-02,-1.393776e-01,3.361917e-02,4.962154e-01,-8.383399e-01,-1.155013e-02,1.639647e-01,-2.154113e-01,0.0004
16.1700,DS_interstep,1,1.952482e-02,-4.149821e-02,1.572502e-01,1.638016e-01,-2.097779e-02,2.823972e-02,-1.370106e-01,3.351260e-02,4.963318e-01,-8.389831e-01,-1.155961e-02,1.637744e-01,-2.151214e-01,0.0004
16.1800,DS_interstep,1,1.933835e-02,-4.077822e-02,1.549121e-01,1.613524e-01,-2.079495e-02,2.752024e-02,-1.346769e-01,3.340696e-02,4.964445e-01,-8.396145e-01,-1.156918e-02,1.635842e-01,-2.148317e-01,0.0004
16.1900,DS_interstep,1,1.915441e-02,-4.006878e-02,1.526068e-01,1.589378e-01,-2.061462e-02,2.681127e-02,-1.323759e-01,3.330222e-02,4.965538e-01,-8.402344e-01,-1.157883e-02,1.633941e-01,-2.145423e-01,0.0004
16.2000,DS_interstep,1,1.897286e-02,-3.936982e-02,1.503339e-01,1.565574e-01,-2.043666e-02,2.611276e-02,-1.301073e-01,3.319837e-02,4.966595e-01,-8.408429e-01,-1.158856e-02,1.632041e-01,-2.142532e-01,0.0004
16.2100,DS_interstep,1,1.879359e-02,-3.868127e-02,1.480929e-01,1.542107e-01,-2.026094e-02,2.542463e-02,-1.278705e-01,3.309541e-02,4.967618e-01,-8.414402e-01,-1.159837e-02,1.630142e-01,-2.139644e-01,0.0004
16.2200,DS_interstep,1,1.861648e-02,-3.800306e-02,1.458834e-01,1.518972e-01,-2.008734e-02,2.474682e-02,-1.256651e-01,3.299332e-02,4.968607e-01,-8.420264e-01,-1.160827e-02,1.628244e-01,-2.136759e-01,0.0004
16.2300,DS_interstep,1,1.844139e-02,-3.733513e-02,1.437049e-01,1.496165e-01,-1.991575e-02,2.407925e-02,-1.234906e-01,3.289210e-02,4.969562e-01,-8.426017e-01,-1.161824e-02,1.626348e-01,-2.133876e-01,0.0004
16.2400,DS_interstep,1,1.826824e-02,-3.667739e-02,1.415570e-01,1.473680e-01,-1.974605e-02,2.342187e-02,-1.213466e-01,3.279172e-02,4.970485e-01,-8.431663e-01,-1.162829e-02,1.624452e-01,-2.130997e-01,0.0004
16.2500,DS_interstep,1,1.809690e-02,-3.602978e-02,1.394393e-01,1.451515e-01,-1.957813e-02,2.277458e-02,-1.192326e-01,3.269220e-02,4.971375e-01,-8.437203e-01,-1.163841e-02,1.622558e-01,-2.128120e-01,0.0004
16.2600,DS_interstep,1,1.792728e-02,-3.539222e-02,1.373513e-01,1.429663e-01,-1.941189e-02,2.213733e-02,-1.171484e-01,3.259351e-02,4.972233e-01,-8.442638e-01,-1.164862e-02,1.620664e-01,-2.125245e-01,0.0004
16.2700,DS_interstep,1,1.775928e-02,-3.476463e-02,1.352927e-01,1.408122e-01,-1.924724e-02,2.151002e-02,-1.150934e-01,3.249564e-02,4.973060e-01,-8.447971e-01,-1.165890e-02,1.618771e-01,-2.122374e-01,0.0004
16.2800,DS_interstep,1,1.759281e-02,-3.414692e-02,1.332630e-01,1.386887e-01,-1.908407e-02,2.089258e-02,-1.130673e-01,3.239860e-02,4.973856e-01,-8.453202e-01,-1.166925e-02,1.616880e-01,-2.119504e-01,0.0004
16.2900,DS_interstep,1,1.742778e-02,-3.353902e-02,1.312619e-01,1.365953e-01,-1.892231e-02,2.028493e-02,-1.110697e-01,3.230237e-02,4.974622e-01,-8.458332e-01,-1.167968e-02,1.614989e-01,-2.116638e-01,0.0004
16.3000,DS_interstep,1,1.726412e-02,-3.294085e-02,1.292890e-01,1.345317e-01,-1.876187e-02,1.968698e-02,-1.091002e-01,3.220695e-02,4.975357e-01,-8.463364e-01,-1.169018e-02,1.613100e-01,-2.113774e-01,0.0004
16.3100,DS_interstep,1,1.710176e-02,-3.235230e-02,1.273438e-01,1.324975e-01,-1.860268e-02,1.909865e-02,-1.071584e-01,3.211233e-02,4.976063e-01,-8.468299e-01,-1.170076e-02,1.611211e-01,-2.110912e-01,0.0004
16.3200,DS_interstep,1,1.694061e-02,-3.177330e-02,1.254262e-01,1.304923e-01,-1.844466e-02,1.851984e-02,-1.052440e-01,3.201850e-02,4.976741e-01,-8.473138e-01,-1.171140e-02,1.609323e-01,-2.108053e-01,0.0004
16.3300,DS_interstep,1,1.678063e-02,-3.120375e-02,1.235356e-01,1.285158e-01,-1.828776e-02,1.795048e-02,-1.033566e-01,3.192547e-02,4.977389e-01,-8.477882e-01,-1.172212e-02,1.607436e-01,-2.105197e-01,0.0003
16.3400,DS_interstep,1,1.662174e-02,-3.064356e-02,1.216717e-01,1.265674e-01,-1.813192e-02,1.739045e-02,-1.014958e-01,3.183321e-02,4.978010e-01,-8.482532e-01,-1.173291e-02,1.605551e-01,-2.102343e-01,0.0003
16.3500,DS_interstep,1,1.646390e-02,-3.009263e-02,1.198342e-01,1.246470e-01,-1.797707e-02,1.683968e-02,-9.966135e-02,3.174174e-02,4.978603e-01,-8.487091e-01,-1.174377e-02,1.603666e-01,-2.099491e-01,0.0003
16.3600,DS_interstep,1,1.630707e-02,-2.955086e-02,1.180228e-01,1.227541e-01,-1.782318e-02,1.629805e-02,-9.785289e-02,3.165104e-02,4.979169e-01,-8.491559e-01,-1.175470e-02,1.601782e-01,-2.096642e-01,0.0003
16.3700,DS_interstep,1,1.615120e-02,-2.901816e-02,1.162371e-01,1.208883e-01,-1.767020e-02,1.576547e-02,-9.607007e-02,3.156111e-02,4.979708e-01,-8.495938e-01,-1.176569e-02,1.599899e-01,-2.093795e-01,0.0003
16.3800,DS_interstep,1,1.599624e-02,-2.849441e-02,1.144768e-01,1.190493e-01,-1.751810e-02,1.524185e-02,-9.431256e-02,3.147194e-02,4.980221e-01,-8.500229e-01,-1.177676e-02,1.598016e-01,-2.090950e-01,0.0003
16.3900,DS_interstep,1,1.584218e-02,-2.797952e-02,1.127415e-01,1.172368e-01,-1.736684e-02,1.472707e-02,-9.258005e-02,3.138354e-02,4.980709e-01,-8.504433e-01,-1.178789e-02,1.596135e-01,-2.088108e-01,0.0003
16.4000,DS_interstep,1,1.568898e-02,-2.747338e-02,1.110310e-01,1.154505e-01,-1.721639e-02,1.422102e-02,-9.087222e-02,3.129589e-02,4.981171e-01,-8.508551e-01,-1.179908e-02,1.594254e-01,-2.085267e-01,0.0003
16.4100,DS_interstep,1,1.553662e-02,-2.697588e-02,1.093449e-01,1.136899e-01,-1.706673e-02,1.372361e-02,-8.918875e-02,3.120899e-02,4.981608e-01,-8.512585e-01,-1.181035e-02,1.592375e-01,-2.082429e-01,0.0003
16.4200,DS_interstep,1,1.538508e-02,-2.648691e-02,1.076829e-01,1.119548e-01,-1.691785e-02,1.323473e-02,-8.752934e-02,3.112285e-02,4.982020e-01,-8.516536e-01,-1.182167e-02,1.590496e-01,-2.079594e-01,0.0003
16.4300,DS_interstep,1,1.523435e-02,-2.600637e-02,1.060448e-01,1.102448e-01,-1.676972e-02,1.275425e-02,-8.589368e-02,3.103745e-02,4.982409e-01,-8.520404e-01,-1.183307e-02,1.588618e-01,-2.076760e-01,0.0003
16.4400,DS_interstep,1,1.508441e-02,-2.553413e-02,1.044301e-01,1.085596e-01,-1.662233e-02,1.228208e-02,-8.428147e-02,3.095278e-02,4.982774e-01,-8.524192e-01,-1.184452e-02,1.586741e-01,-2.073929e-01,0.0003
16.4500,DS_interstep,1,1.493525e-02,-2.507009e-02,1.028387e-01,1.068989e-01,-1.647568e-02,1.181810e-02,-8.269243e-02,3.086886e-02,4.983116e-01,-8.527901e-01,-1.185604e-02,1.584865e-01,-2.071099e-01,0.0003
16.4600,DS_interstep,1,1.478687e-02,-2.461413e-02,1.012702e-01,1.052623e-01,-1.632977e-02,1.136219e-02,-8.112625e-02,3.078567e-02,4.983435e-01,-8.531530e-01,-1.186762e-02,1.582989e-01,-2.068272e-01,0.0003
16.4700,DS_interstep,1,1.463926e-02,-2.416613e-02,9.972429e-02,1.036496e-01,-1.618458e-02,1.091424e-02,-7.958264e-02,3.070321e-02,4.983731e-01,-8.535083e-01,-1.187926e-02,1.581115e-01,-2.065447e-01,0.0003
16.4800,DS_interstep,1,1.449242e-02,-2.372599e-02,9.820076e-02,1.020605e-01,-1.604011e-02,1.047413e-02,-7.806133e-02,3.062148e-02,4.984006e-01,-8.538559e-01,-1.189096e-02,1.579241e-01,-2.062624e-01,0.0003
16.4900,DS_interstep,1,1.434636e-02,-2.329358e-02,9.669929e-02,1.004946e-01,-1.589638e-02,1.004176e-02,-7.656203e-02,3.054047e-02,4.984259e-01,-8.541960e-01,-1.190272e-02,1.577368e-01,-2.059803e-01,0.0003
16.5000,DS_interstep,1,1.420108e-02,-2.286879e-02,9.521960e-02,9.895163e-02,-1.575338e-02,9.616992e-03,-7.508445e-02,3.046018e-02,4.984490e-01,-8.545287e-01,-1.191454e-02,1.575495e-01,-2.056984e-01,0.0003
16.5100,DS_interstep,1,1.405658e-02,-2.245151e-02,9.376142e-02,9.743132e-02,-1.561111e-02,9.199726e-03,-7.362834e-02,3.038060e-02,4.984701e-01,-8.548541e-01,-1.192641e-02,1.573624e-01,-2.054167e-01,0.0003
16.5200,DS_interstep,1,1.391287e-02,-2.204161e-02,9.232447e-02,9.593336e-02,-1.546959e-02,8.789841e-03,-7.219340e-02,3.030174e-02,4.984891e-01,-8.551723e-01,-1.193835e-02,1.571753e-01,-2.051351e-01,0.0003
16.5300,DS_interstep,1,1.376996e-02,-2.163897e-02,9.090849e-02,9.445745e-02,-1.532882e-02,8.387221e-03,-7.077937e-02,3.022358e-02,4.985061e-01,-8.554835e-01,-1.195034e-02,1.569883e-01,-2.048538e-01,0.0003
16.5400,DS_interstep,1,1.362784e-02,-2.124350e-02,8.951319e-02,9.300331e-02,-1.518882e-02,7.991751e-03,-6.938599e-02,3.014613e-02,4.985212e-01,-8.557876e-01,-1.196239e-02,1.568014e-01,-2.045727e-01,0.0003
16.5500,DS_interstep,1,1.348654e-02,-2.085506e-02,8.813831e-02,9.157064e-02,-1.504958e-02,7.603315e-03,-6.801298e-02,3.006937e-02,4.985342e-01,-8.560849e-01,-1.197449e-02,1.566145e-01,-2.042917e-01,0.0002
16.5600,DS_interstep,1,1.334606e-02,-2.047355e-02,8.678360e-02,9.015917e-02,-1.491112e-02,7.221800e-03,-6.666009e-02,2.999332e-02,4.985454e-01,-8.563754e-01,-1.198665e-02,1.564277e-01,-2.040110e-01,0.0002
16.5700,DS_interstep,1,1.320641e-02,-2.009885e-02,8.544878e-02,8.876862e-02,-1.477345e-02,6.847092e-03,-6.532705e-02,2.991795e-02,4.985547e-01,-8.566592e-01,-1.199887e-02,1.562410e-01,-2.037304e-01,0.0002
16.5800,DS_interstep,1,1.306760e-02,-1.973084e-02,8.413361e-02,8.739870e-02,-1.463659e-02,6.479078e-03,-6.401360e-02,2.984328e-02,4.985622e-01,-8.569364e-01,-1.201114e-02,1.560544e-01,-2.034500e-01,0.0002
16.5900,DS_interstep,1,1.292964e-02,-1.936942e-02,8.283782e-02,8.604914e-02,-1.450053e-02,6.117647e-03,-6.271950e-02,2.976928e-02,4.985679e-01,-8.572071e-01,-1.202346e-02,1.558678e-01,-2.031698e-01,0.0002
16.6000,DS_interstep,1,1.279254e-02,-1.901448e-02,8.156116e-02,8.471967e-02,-1.436530e-02,5.762687e-03,-6.144449e-02,2.969597e-02,4.985717e-01,-8.574715e-01,-1.203583e-02,1.556814e-01,-2.028898e-01,0.0002
16.6100,DS_interstep,1,1.265632e-02,-1.866591e-02,8.030339e-02,8.341003e-02,-1.423090e-02,5.414088e-03,-6.018831e-02,2.962333e-02,4.985739e-01,-8.577295e-01,-1.204825e-02,1.554949e-01,-2.026099e-01,0.0002
16.6200,DS_interstep,1,1.252097e-02,-1.832359e-02,7.906424e-02,8.211993e-02,-1.409734e-02,5.071744e-03,-5.895073e-02,2.955137e-02,4.985743e-01,-8.579814e-01,-1.206073e-02,1.553086e-01,-2.023302e-01,0.0002
16.6300,DS_interstep,1,1.238652e-02,-1.798742e-02,7.784348e-02,8.084912e-02,-1.396464e-02,4.735545e-03,-5.773149e-02,2.948007e-02,4.985731e-01,-8.582272e-01,-1.207325e-02,1.551223e-01,-2.020507e-01,0.0002
16.6400,DS_interstep,1,1.225297e-02,-1.765729e-02,7.664086e-02,7.959734e-02,-1.383281e-02,4.405387e-03,-5.653035e-02,2.940943e-02,4.985702e-01,-8.584669e-01,-1.208583e-02,1.549361e-01,-2.017713e-01,0.0002
16.6500,DS_interstep,1,1.212033e-02,-1.733310e-02,7.545613e-02,7.836432e-02,-1.370185e-02,4.081164e-03,-5.534707e-02,2.933946e-02,4.985656e-01,-8.587007e-01,-1.209846e-02,1.547499e-01,-2.014922e-01,0.0002
16.6600,DS_interstep,1,1.198861e-02,-1.701475e-02,7.428907e-02,7.714982e-02,-1.357178e-02,3.762772e-03,-5.418141e-02,2.927013e-02,4.985595e-01,-8.589287e-01,-1.211113e-02,1.545639e-01,-2.012132e-01,0.0002
16.6700,DS_interstep,1,1.185782e-02,-1.670213e-02,7.313942e-02,7.595357e-02,-1.344260e-02,3.450111e-03,-5.303313e-02,2.920146e-02,4.985518e-01,-8.591509e-01,-1.212385e-02,1.543778e-01,-2.009343e-01,0.0002
16.6800,DS_interstep,1,1.172797e-02,-1.639514e-02,7.200697e-02,7.477533e-02,-1.331433e-02,3.143079e-03,-5.190201e-02,2.913343e-02,4.985426e-01,-8.593674e-01,-1.213662e-02,1.541919e-01,-2.006556e-01,0.0002
16.6900,DS_interstep,1,1.159907e-02,-1.609369e-02,7.089146e-02,7.361484e-02,-1.318697e-02,2.841578e-03,-5.078780e-02,2.906604e-02,4.985319e-01,-8.595784e-01,-1.214943e-02,1.540060e-01,-2.003771e-01,0.0002
16.7000,DS_interstep,1,1.147112e-02,-1.579767e-02,6.979269e-02,7.247187e-02,-1.306054e-02,2.545508e-03,-4.969029e-02,2.899928e-02,4.985197e-01,-8.597838e-01,-1.216230e-02,1.538202e-01,-2.000987e-01,0.0002
16.7100,DS_interstep,1,1.134414e-02,-1.550699e-02,6.871040e-02,7.134617e-02,-1.293503e-02,2.254774e-03,-4.860923e-02,2.893316e-02,4.985061e-01,-8.599839e-01,-1.217520e-02,1.536344e-01,-1.998205e-01,0.0002
16.7200,DS_interstep,1,1.121813e-02,-1.522155e-02,6.764439e-02,7.023749e-02,-1.281047e-02,1.969281e-03,-4.754441e-02,2.886766e-02,4.984910e-01,-8.601786e-01,-1.218815e-02,1.534488e-01,-1.995425e-01,0.0002
16.7300,DS_interstep,1,1.109309e-02,-1.494126e-02,6.659442e-02,6.914560e-02,-1.268686e-02,1.688935e-03,-4.649561e-02,2.880279e-02,4.984745e-01,-8.603681e-01,-1.220115e-02,1.532631e-01,-1.992646e-01,0.0002
16.7400,DS_interstep,1,1.096905e-02,-1.466603e-02,6.556028e-02,6.807027e-02,-1.256420e-02,1.413643e-03,-4.546259e-02,2.873853e-02,4.984567e-01,-8.605524e-01,-1.221419e-02,1.530776e-01,-1.989868e-01,0.0002
16.7500,DS_interstep,1,1.084599e-02,-1.439577e-02,6.454174e-02,6.701126e-02,-1.244250e-02,1.143315e-03,-4.444516e-02,2.867488e-02,4.984374e-01,-8.607316e-01,-1.222727e-02,1.528921e-01,-1.987092e-01,0.0002
16.7600,DS_interstep,1,1.072394e-02,-1.413038e-02,6.353859e-02,6.596835e-02,-1.232177e-02,8.778617e-04,-4.344308e-02,2.861184e-02,4.984169e-01,-8.609057e-01,-1.224040e-02,1.527066e-01,-1.984318e-01,0.0002
16.7700,DS_interstep,1,1.060288e-02,-1.386978e-02,6.255062e-02,6.494129e-02,-1.220202e-02,6.171944e-04,-4.245615e-02,2.854940e-02,4.983951e-01,-8.610750e-01,-1.225356e-02,1.525212e-01,-1.981545e-01,0.0002
16.7800,DS_interstep,1,1.048284e-02,-1.361388e-02,6.157761e-02,6.392988e-02,-1.208325e-02,3.612265e-04,-4.148415e-02,2.848756e-02,4.983720e-01,-8.612393e-01,-1.226677e-02,1.523359e-01,-1.978773e-01,0.0002
16.7900,DS_interstep,1,1.036382e-02,-1.336260e-02,6.061935e-02,6.293388e-02,-1.196547e-02,1.098726e-04,-4.052687e-02,2.842631e-02,4.983476e-01,-8.613989e-01,-1.228002e-02,1.521507e-01,-1.976003e-01,0.0002
16.8000,DS_interstep,1,1.024581e-02,-1.311585e-02,5.967563e-02,6.195308e-02,-1.184869e-02,-1.369513e-04,-3.958411e-02,2.836565e-02,4.983220e-01,-8.615537e-01,-1.229331e-02,1.519655e-01,-1.973234e-01,0.0002
16.8100,DS_interstep,1,1.012883e-02,-1.287355e-02,5.874626e-02,6.098725e-02,-1.173290e-02,-3.793278e-04,-3.865566e-02,2.830557e-02,4.982952e-01,-8.617039e-01,-1.230664e-02,1.517803e-01,-1.970467e-01,0.0002
16.8200,DS_interstep,1,1.001288e-02,-1.263562e-02,5.783102e-02,6.003619e-02,-1.161811e-02,-6.173384e-04,-3.774132e-02,2.824606e-02,4.982672e-01,-8.618496e-01,-1.232001e-02,1.515952e-01,-1.967701e-01,0.0002
16.8300,DS_interstep,1,9.897957e-03,-1.240197e-02,5.692972e-02,5.909967e-02,-1.150433e-02,-8.510630e-04,-3.684089e-02,2.818713e-02,4.982380e-01,-8.619907e-01,-1.233341e-02,1.514102e-01,-1.964936e-01,0.0002
16.8400,DS_interstep,1,9.784073e-03,-1.217254e-02,5.604215e-02,5.817750e-02,-1.139157e-02,-1.080580e-03,-3.595417e-02,2.812877e-02,4.982077e-01,-8.621273e-01,-1.234686e-02,1.512252e-01,-1.962173e-01,0.0002
16.8500,DS_interstep,1,9.671228e-03,-1.194724e-02,5.516812e-02,5.726945e-02,-1.127982e-02,-1.305968e-03,-3.508096e-02,2.807096e-02,4.981763e-01,-8.622596e-01,-1.236034e-02,1.510403e-01,-1.959411e-01,0.0002
16.8600,DS_interstep,1,9.559424e-03,-1.172599e-02,5.430743e-02,5.637534e-02,-1.116908e-02,-1.527301e-03,-3.422107e-02,2.801371e-02,4.981437e-01,-8.623876e-01,-1.237386e-02,1.508555e-01,-1.956651e-01,0.0002
16.8700,DS_interstep,1,9.448663e-03,-1.150872e-02,5.345990e-02,5.549494e-02,-1.105936e-02,-1.744656e-03,-3.337431e-02,2.795702e-02,4.981101e-01,-8.625114e-01,-1.238741e-02,1.506707e-01,-1.953892e-01,0.0002
16.8800,DS_interstep,1,9.338947e-03,-1.129536e-02,5.262533e-02,5.462807e-02,-1.095067e-02,-1.958104e-03,-3.254049e-02,2.790087e-02,4.980754e-01,-8.626309e-01,-1.240100e-02,1.504860e-01,-1.951134e-01,0.0001
16.8900,DS_interstep,1,9.230277e-03,-1.108584e-02,5.180353e-02,5.377452e-02,-1.084300e-02,-2.167719e-03,-3.171941e-02,2.784526e-02,4.980396e-01,-8.627464e-01,-1.241463e-02,1.503013e-01,-1.948377e-01,0.0001
16.9000,DS_interstep,1,9.122653e-03,-1.088008e-02,5.099432e-02,5.293410e-02,-1.073636e-02,-2.373571e-03,-3.091091e-02,2.779019e-02,4.980029e-01,-8.628578e-01,-1.242829e-02,1.501166e-01,-1.945622e-01,0.0001
16.9100,DS_interstep,1,9.016076e-03,-1.067802e-02,5.019751e-02,5.210662e-02,-1.063074e-02,-2.575730e-03,-3.011478e-02,2.773565e-02,4.979651e-01,-8.629652e-01,-1.244199e-02,1.499321e-01,-1.942868e-01,0.0001
16.9200,DS_interstep,1,8.910546e-03,-1.047958e-02,4.941292e-02,5.129187e-02,-1.052614e-02,-2.774264e-03,-2.933085e-02,2.768163e-02,4.979263e-01,-8.630687e-01,-1.245572e-02,1.497476e-01,-1.940115e-01,0.0001
16.9300,DS_interstep,1,8.806062e-03,-1.028471e-02,4.864038e-02,5.048969e-02,-1.042258e-02,-2.969241e-03,-2.855894e-02,2.762814e-02,4.978866e-01,-8.631684e-01,-1.246948e-02,1.495631e-01,-1.937364e-01,0.0001
16.9400,DS_interstep,1,8.702623e-03,-1.009332e-02,4.787970e-02,4.969987e-02,-1.032003e-02,-3.160725e-03,-2.779888e-02,2.757516e-02,4.978459e-01,-8.632642e-01,-1.248327e-02,1.493787e-01,-1.934613e-01,0.0001
16.9500,DS_interstep,1,8.600228e-03,-9.905371e-03,4.713071e-02,4.892223e-02,-1.021851e-02,-3.348781e-03,-2.705049e-02,2.752269e-02,4.978043e-01,-8.633563e-01,-1.249710e-02,1.491943e-01,-1.931864e-01,0.0001
16.9600,DS_interstep,1,8.498874e-03,-9.720783e-03,4.639324e-02,4.815659e-02,-1.011801e-02,-3.533474e-03,-2.631359e-02,2.747072e-02,4.977617e-01,-8.634447e-01,-1.251096e-02,1.490100e-01,-1.929116e-01,0.0001
16.9700,DS_interstep,1,8.398559e-03,-9.539499e-03,4.566712e-02,4.740278e-02,-1.001854e-02,-3.714864e-03,-2.558802e-02,2.741926e-02,4.977182e-01,-8.635294e-01,-1.252485e-02,1.488258e-01,-1.926370e-01,0.0001
16.9800,DS_interstep,1,8.299281e-03,-9.361458e-03,4.495217e-02,4.666061e-02,-9.920077e-03,-3.893013e-03,-2.487360e-02,2.736829e-02,4.976739e-01,-8.636106e-01,-1.253877e-02,1.486416e-01,-1.923624e-01,0.0001
16.9900,DS_interstep,1,8.201035e-03,-9.186600e-03,4.424824e-02,4.592991e-02,-9.822632e-03,-4.067981e-03,-2.417018e-02,2.731781e-02,4.976287e-01,-8.636883e-01,-1.255273e-02,1.484574e-01,-1.920880e-01,0.0001
17.0000,DS_interstep,1,8.103820e-03,-9.014866e-03,4.355515e-02,4.521051e-02,-9.726199e-03,-4.239826e-03,-2.347759e-02,2.726781e-02,4.975826e-01,-8.637625e-01,-1.256671e-02,1.482733e-01,-1.918137e-01,0.0001
17.0100,DS_interstep,1,8.007630e-03,-8.846200e-03,4.287274e-02,4.450224e-02,-9.630774e-03,-4.408605e-03,-2.279566e-02,2.721830e-02,4.975357e-01,-8.638333e-01,-1.258072e-02,1.480893e-01,-1.915395e-01,0.0001
17.0200,DS_interstep,1,7.912462e-03,-8.680544e-03,4.220086e-02,4.380492e-02,-9.536353e-03,-4.574375e-03,-2.212423e-02,2.716925e-02,4.974879e-01,-8.639007e-01,-1.259476e-02,1.479053e-01,-1.912654e-01,0.0001
17.0300,DS_interstep,1,7.818310e-03,-8.517844e-03,4.153934e-02,4.311840e-02,-9.442932e-03,-4.737191e-03,-2.146315e-02,2.712068e-02,4.974394e-01,-8.639648e-01,-1.260883e-02,1.477213e-01,-1.909914e-01,0.0001
17.0400,DS_interstep,1,7.725171e-03,-8.358045e-03,4.088803e-02,4.244250e-02,-9.350506e-03,-4.897108e-03,-2.081226e-02,2.707258e-02,4.973900e-01,-8.640257e-01,-1.262293e-02,1.475375e-01,-1.907176e-01,0.0001
17.0500,DS_interstep,1,7.633038e-03,-8.201094e-03,4.024677e-02,4.177708e-02,-9.259071e-03,-5.054177e-03,-2.017141e-02,2.702493e-02,4.973399e-01,-8.640834e-01,-1.263706e-02,1.473536e-01,-1.904438e-01,0.0001
17.0600,DS_interstep,1,7.541906e-03,-8.046940e-03,3.961542e-02,4.112196e-02,-9.168620e-03,-5.208452e-03,-1.954044e-02,2.697774e-02,4.972889e-01,-8.641378e-01,-1.265121e-02,1.471698e-01,-1.901702e-01,0.0001
17.0700,DS_interstep,1,7.451769e-03,-7.895532e-03,3.899382e-02,4.047699e-02,-9.079148e-03,-5.359982e-03,-1.891921e-02,2.693099e-02,4.972373e-01,-8.641892e-01,-1.266539e-02,1.469861e-01,-1.898967e-01,0.0001
17.0800,DS_interstep,1,7.362621e-03,-7.746818e-03,3.838182e-02,3.984201e-02,-8.990650e-03,-5.508819e-03,-1.830757e-02,2.688469e-02,4.971849e-01,-8.642376e-01,-1.267959e-02,1.468024e-01,-1.896232e-01,0.0001
17.0900,DS_interstep,1,7.274456e-03,-7.600752e-03,3.777929e-02,3.921688e-02,-8.903120e-03,-5.655010e-03,-1.770537e-02,2.683884e-02,4.971317e-01,-8.642829e-01,-1.269383e-02,1.466188e-01,-1.893499e-01,0.0001
17.1000,DS_interstep,1,7.187267e-03,-7.457284e-03,3.718606e-02,3.860144e-02,-8.816550e-03,-5.798604e-03,-1.711246e-02,2.679341e-02,4.970779e-01,-8.643252e-01,-1.270809e-02,1.464352e-01,-1.890767e-01,0.0001
17.1100,DS_interstep,1,7.101048e-03,-7.316368e-03,3.660201e-02,3.799554e-02,-8.730935e-03,-5.939648e-03,-1.652871e-02,2.674842e-02,4.970233e-01,-8.643646e-01,-1.272237e-02,1.462516e-01,-1.888036e-01,0.0001
17.1200,DS_interstep,1,7.015791e-03,-7.177957e-03,3.602699e-02,3.739904e-02,-8.646268e-03,-6.078188e-03,-1.595398e-02,2.670385e-02,4.969681e-01,-8.644012e-01,-1.273668e-02,1.460681e-01,-1.885306e-01,0.0001
17.1300,DS_interstep,1,6.931489e-03,-7.042006e-03,3.546086e-02,3.681179e-02,-8.562542e-03,-6.214269e-03,-1.538813e-02,2.665971e-02,4.969122e-01,-8.644349e-01,-1.275101e-02,1.458847e-01,-1.882577e-01,0.0001
17.1400,DS_interstep,1,6.848136e-03,-6.908471e-03,3.490349e-02,3.623366e-02,-8.479750e-03,-6.347935e-03,-1.483102e-02,2.661597e-02,4.968556e-01,-8.644658e-01,-1.276537e-02,1.457013e-01,-1.879849e-01,0.0001
17.1500,DS_interstep,1,6.765722e-03,-6.777309e-03,3.435475e-02,3.566449e-02,-8.397885e-03,-6.479230e-03,-1.428252e-02,2.657266e-02,4.967984e-01,-8.644940e-01,-1.277975e-02,1.455179e-01,-1.877122e-01,0.0001
17.1600,DS_interstep,1,6.684242e-03,-6.648477e-03,3.381450e-02,3.510415e-02,-8.316938e-03,-6.608196e-03,-1.374249e-02,2.652974e-02,4.967405e-01,-8.645195e-01,-1.279415e-02,1.453346e-01,-1.874397e-01,0.0001
17.1700,DS_interstep,1,6.603688e-03,-6.521933e-03,3.328260e-02,3.455251e-02,-8.236904e-03,-6.734876e-03,-1.321082e-02,2.648723e-02,4.966820e-01,-8.645423e-01,-1.280858e-02,1.451514e-01,-1.871672e-01,0.0001
17.1800,DS_interstep,1,6.524050e-03,-6.397636e-03,3.275894e-02,3.400943e-02,-8.157774e-03,-6.859309e-03,-1.268736e-02,2.644512e-02,4.966228e-01,-8.645626e-01,-1.282302e-02,1.449681e-01,-1.868948e-01,0.0001
17.1900,DS_interstep,1,6.445323e-03,-6.275546e-03,3.224339e-02,3.347478e-02,-8.079540e-03,-6.981537e-03,-1.217199e-02,2.640340e-02,4.965631e-01,-8.645802e-01,-1.283750e-02,1.447850e-01,-1.866225e-01,0.0001
17.2000,DS_interstep,1,6.367497e-03,-6.155623e-03,3.173581e-02,3.294842e-02,-8.002195e-03,-7.101598e-03,-1.166459e-02,2.636207e-02,4.965028e-01,-8.645953e-01,-1.285199e-02,1.446019e-01,-1.863503e-01,0.0001
17.2100,DS_interstep,1,6.290565e-03,-6.037830e-03,3.123609e-02,3.243024e-02,-7.925732e-03,-7.219531e-03,-1.116503e-02,2.632113e-02,4.964418e-01,-8.646079e-01,-1.286650e-02,1.444188e-01,-1.860782e-01,0.0001
17.2200,DS_interstep,1,6.214518e-03,-5.922128e-03,3.074411e-02,3.192009e-02,-7.850141e-03,-7.335375e-03,-1.067319e-02,2.628056e-02,4.963803e-01,-8.646180e-01,-1.288104e-02,1.442358e-01,-1.858062e-01,0.0001
17.2300,DS_interstep,1,6.139350e-03,-5.808479e-03,3.025975e-02,3.141787e-02,-7.775416e-03,-7.449165e-03,-1.018896e-02,2.624037e-02,4.963183e-01,-8.646257e-01,-1.289559e-02,1.440528e-01,-1.855343e-01,0.0001
17.2400,DS_interstep,1,6.065050e-03,-5.696848e-03,2.978289e-02,3.092344e-02,-7.701547e-03,-7.560939e-03,-9.712220e-03,2.620055e-02,4.962557e-01,-8.646310e-01,-1.291017e-02,1.438699e-01,-1.852624e-01,0.0001
17.2500,DS_interstep,1,5.991611e-03,-5.587198e-03,2.931340e-02,3.043669e-02,-7.628528e-03,-7.670733e-03,-9.242847e-03,2.616110e-02,4.961925e-01,-8.646340e-01,-1.292477e-02,1.436870e-01,-1.849907e-01,0.0001
17.2600,DS_interstep,1,5.919026e-03,-5.479495e-03,2.885119e-02,2.995749e-02,-7.556350e-03,-7.778582e-03,-8.780731e-03,2.612201e-02,4.961288e-01,-8.646347e-01,-1.293938e-02,1.435041e-01,-1.847191e-01,0.0001
17.2700,DS_interstep,1,5.847284e-03,-5.373703e-03,2.839614e-02,2.948573e-02,-7.485005e-03,-7.884519e-03,-8.325760e-03,2.608328e-02,4.960646e-01,-8.646331e-01,-1.295402e-02,1.433213e-01,-1.844476e-01,0.0001
17.2800,DS_interstep,1,5.776380e-03,-5.269790e-03,2.794813e-02,2.902129e-02,-7.414484e-03,-7.988579e-03,-7.877822e-03,2.604491e-02,4.959998e-01,-8.646293e-01,-1.296867e-02,1.431386e-01,-1.841761e-01,0.0001
17.2900,DS_interstep,1,5.706303e-03,-5.167721e-03,2.750706e-02,2.856406e-02,-7.344781e-03,-8.090795e-03,-7.436810e-03,2.600688e-02,4.959346e-01,-8.646232e-01,-1.298335e-02,1.429559e-01,-1.839047e-01,0.0001
17.3000,DS_interstep,1,5.637046e-03,-5.067465e-03,2.707281e-02,2.811392e-02,-7.275886e-03,-8.191200e-03,-7.002615e-03,2.596920e-02,4.958688e-01,-8.646150e-01,-1.299804e-02,1.427732e-01,-1.836335e-01,0.0001
17.3100,DS_interstep,1,5.568601e-03,-4.968989e-03,2.664529e-02,2.767077e-02,-7.207792e-03,-8.289825e-03,-6.575132e-03,2.593187e-02,4.958026e-01,-8.646046e-01,-1.301275e-02,1.425906e-01,-1.833623e-01,0.0001
17.3200,DS_interstep,1,5.500959e-03,-4.872262e-03,2.622439e-02,2.723450e-02,-7.140490e-03,-8.386703e-03,-6.154257e-03,2.589487e-02,4.957359e-01,-8.645922e-01,-1.302747e-02,1.424080e-01,-1.830912e-01,0.0001
17.3300,DS_interstep,1,5.434112e-03,-4.777254e-03,2.581001e-02,2.680500e-02,-7.073972e-03,-8.481863e-03,-5.739887e-03,2.585821e-02,4.956687e-01,-8.645776e-01,-1.304222e-02,1.422255e-01,-1.828202e-01,0.0001
17.3400,DS_interstep,1,5.368052e-03,-4.683933e-03,2.540204e-02,2.638217e-02,-7.008231e-03,-8.575336e-03,-5.331922e-03,2.582187e-02,4.956010e-01,-8.645611e-01,-1.305698e-02,1.420430e-01,-1.825493e-01,0.0001
17.3500,DS_interstep,1,5.302770e-03,-4.592270e-03,2.500038e-02,2.596589e-02,-6.943258e-03,-8.667151e-03,-4.930262e-03,2.578587e-02,4.955329e-01,-8.645425e-01,-1.307176e-02,1.418605e-01,-1.822785e-01,0.0001
17.3600,DS_interstep,1,5.238259e-03,-4.502236e-03,2.460495e-02,2.555607e-02,-6.879045e-03,-8.757339e-03,-4.534809e-03,2.575018e-02,4.954643e-01,-8.645219e-01,-1.308655e-02,1.416781e-01,-1.820077e-01,0.0001
17.3700,DS_interstep,1,5.174511e-03,-4.413802e-03,2.421563e-02,2.515262e-02,-6.815584e-03,-8.845926e-03,-4.145467e-03,2.571482e-02,4.953953e-01,-8.644994e-01,-1.310136e-02,1.414958e-01,-1.817371e-01,0.0001
17.3800,DS_interstep,1,5.111516e-03,-4.326940e-03,2.383234e-02,2.475542e-02,-6.752867e-03,-8.932943e-03,-3.762141e-03,2.567977e-02,4.953259e-01,-8.644750e-01,-1.311619e-02,1.413134e-01,-1.814665e-01,0.0001
17.3900,DS_interstep,1,5.049268e-03,-4.241624e-03,2.345499e-02,2.436438e-02,-6.690887e-03,-9.018415e-03,-3.384737e-03,2.564503e-02,4.952560e-01,-8.644487e-01,-1.313103e-02,1.411312e-01,-1.811960e-01,0.0001
17.4000,DS_interstep,1,4.987757e-03,-4.157824e-03,2.308347e-02,2.397941e-02,-6.629635e-03,-9.102370e-03,-3.013163e-03,2.561060e-02,4.951858e-01,-8.644206e-01,-1.314589e-02,1.409489e-01,-1.809256e-01,0.0001
17.4100,DS_interstep,1,4.926977e-03,-4.075516e-03,2.271771e-02,2.360040e-02,-6.569104e-03,-9.184836e-03,-2.647330e-03,2.557648e-02,4.951151e-01,-8.643906e-01,-1.316076e-02,1.407668e-01,-1.806553e-01,0.0001
17.4200,DS_interstep,1,4.866919e-03,-3.994672e-03,2.235760e-02,2.322728e-02,-6.509285e-03,-9.265837e-03,-2.287147e-03,2.554265e-02,4.950440e-01,-8.643588e-01,-1.317565e-02,1.405846e-01,-1.803850e-01,0.0001
17.4300,DS_interstep,1,4.807575e-03,-3.915267e-03,2.200307e-02,2.285994e-02,-6.450171e-03,-9.345399e-03,-1.932527e-03,2.550913e-02,4.949725e-01,-8.643252e-01,-1.319055e-02,1.404025e-01,-1.801149e-01,0.0001
17.4400,DS_interstep,1,4.748938e-03,-3.837276e-03,2.165402e-02,2.249830e-02,-6.391755e-03,-9.423548e-03,-1.583383e-03,2.547589e-02,4.949007e-01,-8.642899e-01,-1.320547e-02,1.402204e-01,-1.798448e-01,0.0001
17.4500,DS_interstep,1,4.691000e-03,-3.760675e-03,2.131037e-02,2.214227e-02,-6.334028e-03,-9.500309e-03,-1.239631e-03,2.544295e-02,4.948284e-01,-8.642529e-01,-1.322039e-02,1.400384e-01,-1.795748e-01,0.0001
17.4600,DS_interstep,1,4.633752e-03,-3.685438e-03,2.097204e-02,2.179175e-02,-6.276983e-03,-9.575705e-03,-9.011858e-04,2.541029e-02,4.947558e-01,-8.642142e-01,-1.323534e-02,1.398564e-01,-1.793049e-01,0.0001
17.4700,DS_interstep,1,4.577188e-03,-3.611541e-03,2.063894e-02,2.144667e-02,-6.220612e-03,-9.649762e-03,-5.679660e-04,2.537792e-02,4.946828e-01,-8.641739e-01,-1.325029e-02,1.396745e-01,-1.790350e-01,0.0001
17.4800,DS_interstep,1,4.521299e-03,-3.538963e-03,2.031099e-02,2.110694e-02,-6.164908e-03,-9.722501e-03,-2.398901e-04,2.534583e-02,4.946095e-01,-8.641318e-01,-1.326526e-02,1.394926e-01,-1.787653e-01,0.0001
17.4900,DS_interstep,1,4.466079e-03,-3.467678e-03,1.998812e-02,2.077247e-02,-6.109864e-03,-9.793946e-03,8.312180e-05,2.531401e-02,4.945358e-01,-8.640882e-01,-1.328025e-02,1.393108e-01,-1.784956e-01,0.0001
17.5000,DS_interstep,1,4.411519e-03,-3.397665e-03,1.967024e-02,2.044319e-02,-6.055473e-03,-9.864120e-03,4.011484e-04,2.528247e-02,4.944617e-01,-8.640430e-01,-1.329524e-02,1.391289e-01,-1.782260e-01,0.0001
17.5100,DS_interstep,1,4.357613e-03,-3.328902e-03,1.935728e-02,2.011901e-02,-6.001726e-03,-9.933045e-03,7.142671e-04,2.525120e-02,4.943873e-01,-8.639962e-01,-1.331025e-02,1.389472e-01,-1.779565e-01,0.0001
17.5200,DS_interstep,1,4.304353e-03,-3.261366e-03,1.904916e-02,1.979986e-02,-5.948616e-03,-1.000074e-02,1.022554e-03,2.522019e-02,4.943126e-01,-8.639479e-01,-1.332527e-02,1.387654e-01,-1.776870e-01,0.0001
17.5300,DS_interstep,1,4.251731e-03,-3.195036e-03,1.874580e-02,1.948565e-02,-5.896138e-03,-1.006724e-02,1.326085e-03,2.518945e-02,4.942376e-01,-8.638981e-01,-1.334030e-02,1.385837e-01,-1.774176e-01,0.0001
17.5400,DS_interstep,1,4.199741e-03,-3.129891e-03,1.844713e-02,1.917630e-02,-5.844282e-03,-1.013254e-02,1.624932e-03,2.515897e-02,4.941622e-01,-8.638468e-01,-1.335534e-02,1.384021e-01,-1.771483e-01,0.0001
17.5500,DS_interstep,1,4.148375e-03,-3.065910e-03,1.815308e-02,1.887175e-02,-5.793043e-03,-1.019669e-02,1.919170e-03,2.512875e-02,4.940865e-01,-8.637940e-01,-1.337039e-02,1.382205e-01,-1.768791e-01,0.0001
17.5600,DS_interstep,1,4.097627e-03,-3.003073e-03,1.786357e-02,1.857192e-02,-5.742414e-03,-1.025969e-02,2.208870e-03,2.509878e-02,4.940105e-01,-8.637398e-01,-1.338546e-02,1.380389e-01,-1.766100e-01,0.0001
17.5700,DS_interstep,1,4.047489e-03,-2.941360e-03,1.757855e-02,1.827673e-02,-5.692387e-03,-1.032156e-02,2.494101e-03,2.506907e-02,4.939342e-01,-8.636841e-01,-1.340054e-02,1.378574e-01,-1.763409e-01,0.0001
17.5800,DS_interstep,1,3.997955e-03,-2.880751e-03,1.729792e-02,1.798612e-02,-5.642956e-03,-1.038234e-02,2.774933e-03,2.503960e-02,4.938576e-01,-8.636270e-01,-1.341562e-02,1.376759e-01,-1.760719e-01,0.0000
17.5900,DS_interstep,1,3.949017e-03,-2.821226e-03,1.702164e-02,1.770001e-02,-5.594114e-03,-1.044203e-02,3.051436e-03,2.501038e-02,4.937807e-01,-8.635686e-01,-1.343072e-02,1.374945e-01,-1.758030e-01,0.0000
17.6000,DS_interstep,1,3.900669e-03,-2.762767e-03,1.674962e-02,1.741832e-02,-5.545855e-03,-1.050065e-02,3.323675e-03,2.498140e-02,4.937035e-01,-8.635088e-01,-1.344582e-02,1.373130e-01,-1.755341e-01,0.0000
17.6100,DS_interstep,1,3.852905e-03,-2.705355e-03,1.648181e-02,1.714100e-02,-5.498172e-03,-1.055823e-02,3.591717e-03,2.495266e-02,4.936260e-01,-8.634477e-01,-1.346094e-02,1.371317e-01,-1.752653e-01,0.0000
17.6200,DS_interstep,1,3.805717e-03,-2.648972e-03,1.621814e-02,1.686797e-02,-5.451057e-03,-1.061478e-02,3.855626e-03,2.492416e-02,4.935483e-01,-8.633852e-01,-1.347607e-02,1.369504e-01,-1.749966e-01,0.0000
17.6300,DS_interstep,1,3.759099e-03,-2.593599e-03,1.595854e-02,1.659918e-02,-5.404506e-03,-1.067031e-02,4.115469e-03,2.489589e-02,4.934702e-01,-8.633215e-01,-1.349120e-02,1.367691e-01,-1.747280e-01,0.0000
17.6400,DS_interstep,1,3.713045e-03,-2.539218e-03,1.570296e-02,1.633454e-02,-5.358511e-03,-1.072486e-02,4.371306e-03,2.486785e-02,4.933919e-01,-8.632565e-01,-1.350635e-02,1.365878e-01,-1.744594e-01,0.0000
17.6500,DS_interstep,1,3.667548e-03,-2.485814e-03,1.545132e-02,1.607400e-02,-5.313067e-03,-1.077843e-02,4.623200e-03,2.484005e-02,4.933134e-01,-8.631902e-01,-1.352150e-02,1.364066e-01,-1.741909e-01,0.0000
17.6600,DS_interstep,1,3.622602e-03,-2.433367e-03,1.520357e-02,1.581749e-02,-5.268166e-03,-1.083104e-02,4.871213e-03,2.481246e-02,4.932346e-01,-8.631227e-01,-1.353667e-02,1.362254e-01,-1.739225e-01,0.0000
17.6700,DS_interstep,1,3.578200e-03,-2.381861e-03,1.495965e-02,1.556496e-02,-5.223803e-03,-1.088271e-02,5.115405e-03,2.478510e-02,4.931555e-01,-8.630539e-01,-1.355184e-02,1.360443e-01,-1.736541e-01,0.0000
17.6800,DS_interstep,1,3.534337e-03,-2.331281e-03,1.471950e-02,1.531633e-02,-5.179973e-03,-1.093346e-02,5.355834e-03,2.475797e-02,4.930762e-01,-8.629840e-01,-1.356702e-02,1.358632e-01,-1.733859e-01,0.0000
17.6900,DS_interstep,1,3.491007e-03,-2.281608e-03,1.448305e-02,1.507155e-02,-5.136667e-03,-1.098330e-02,5.592559e-03,2.473105e-02,4.929966e-01,-8.629129e-01,-1.358221e-02,1.356822e-01,-1.731177e-01,0.0000
17.7000,DS_interstep,1,3.448202e-03,-2.232828e-03,1.425026e-02,1.483056e-02,-5.093882e-03,-1.103224e-02,5.825638e-03,2.470434e-02,4.929168e-01,-8.628406e-01,-1.359740e-02,1.355011e-01,-1.728495e-01,0.0000
17.7100,DS_interstep,1,3.405919e-03,-2.184925e-03,1.402107e-02,1.459330e-02,-5.051611e-03,-1.108031e-02,6.055127e-03,2.467785e-02,4.928367e-01,-8.627672e-01,-1.361261e-02,1.353202e-01,-1.725814e-01,0.0000
17.7200,DS_interstep,1,3.364149e-03,-2.137883e-03,1.379541e-02,1.435972e-02,-5.009847e-03,-1.112752e-02,6.281081e-03,2.465157e-02,4.927565e-01,-8.626927e-01,-1.362782e-02,1.351392e-01,-1.723134e-01,0.0000
17.7300,DS_interstep,1,3.322888e-03,-2.091687e-03,1.357325e-02,1.412975e-02,-4.968586e-03,-1.117388e-02,6.503555e-03,2.462549e-02,4.926760e-01,-8.626170e-01,-1.364304e-02,1.349583e-01,-1.720455e-01,0.0000
17.7400,DS_interstep,1,3.282130e-03,-2.046322e-03,1.335451e-02,1.390333e-02,-4.927822e-03,-1.121942e-02,6.722604e-03,2.459962e-02,4.925952e-01,-8.625403e-01,-1.365826e-02,1.347775e-01,-1.717776e-01,0.0000
17.7500,DS_interstep,1,3.241869e-03,-2.001773e-03,1.313915e-02,1.368043e-02,-4.887548e-03,-1.126413e-02,6.938280e-03,2.457395e-02,4.925143e-01,-8.624625e-01,-1.367350e-02,1.345967e-01,-1.715098e-01,0.0000
17.7600,SS,2,5.123084e-01,-1.102953e-01,1.042426e+00,1.166737e+00,-8.778664e-01,2.910154e-01,-1.463822e+00,3.177629e-03,4.888094e-01,-9.051508e-01,-1.390399e-02,1.327908e-01,-1.689250e-01,799.7386
17.8600,SS,2,5.739251e-01,-2.246901e-01,1.193588e+00,1.343327e+00,-6.103763e-01,2.513052e-01,-1.328131e+00,-3.033984e-02,4.968629e-01,-9.625944e-01,-1.447184e-02,1.310394e-01,-1.665589e-01,798.4457
17.9600,SS,2,6.071359e-01,-3.640160e-01,1.346813e+00,1.521521e+00,-6.693067e-01,4.071756e-01,-1.522201e+00,-6.047919e-02,5.080583e-01,-1.023621e+00,-1.530005e-02,1.293477e-01,-1.644046e-01,795.3463
18.0600,SS,2,6.054528e-01,-4.672775e-01,1.393835e+00,1.589873e+00,-6.727668e-01,5.101661e-01,-1.584378e+00,-9.284587e-02,5.256207e-01,-1.088786e+00,-1.639385e-02,1.277427e-01,-1.624753e-01,789.7329
18.1600,SS,2,5.729230e-01,-5.707602e-01,1.413350e+00,1.628363e+00,-6.254113e-01,6.112402e-01,-1.589808e+00,-1.240383e-01,5.481887e-01,-1.155035e+00,-1.773574e-02,1.262456e-01,-1.607729e-01,781.0307
18.2600,SS,2,5.347277e-01,-6.644611e-01,1.433731e+00,1.668241e+00,-5.833685e-01,7.079953e-01,-1.604278e+00,-1.536630e-01,5.756828e-01,-1.222029e+00,-1.929559e-02,1.248768e-01,-1.592959e-01,768.8116
18.3600,SS,2,4.901343e-01,-7.526727e-01,1.457381e+00,1.711931e+00,-5.301828e-01,7.970570e-01,-1.616042e+00,-1.814115e-01,6.077994e-01,-1.289959e+00,-2.104548e-02,1.236553e-01,-1.580456e-01,752.7966
18.4600,SS,2,4.398183e-01,-8.375248e-01,1.485943e+00,1.761509e+00,-4.694586e-01,8.835182e-01,-1.628927e+00,-2.068153e-01,6.443651e-01,-1.358861e+00,-2.295562e-02,1.225988e-01,-1.570246e-01,732.8500
18.5600,SS,2,3.911512e-01,-9.159295e-01,1.525519e+00,1.821849e+00,-4.128895e-01,9.646468e-01,-1.655855e+00,-2.298793e-01,6.851287e-01,-1.429261e+00,-2.499720e-02,1.217237e-01,-1.562377e-01,708.9708
18.6600,SS,2,3.332726e-01,-9.955285e-01,1.567366e+00,1.886474e+00,-3.417976e-01,1.048012e+00,-1.676896e+00,-2.501846e-01,7.301692e-01,-1.501313e+00,-2.714342e-02,1.210455e-01,-1.556921e-01,681.2799
18.7600,SS,2,2.765383e-01,-1.066319e+00,1.616072e+00,1.955811e+00,-2.753716e-01,1.123218e+00,-1.710049e+00,-2.676285e-01,7.791760e-01,-1.575272e+00,-2.936659e-02,1.205786e-01,-1.553966e-01,650.0089
18.8600,SS,2,2.081096e-01,-1.135863e+00,1.660850e+00,2.022849e+00,-1.910811e-01,1.198501e+00,-1.729961e+00,-2.817058e-01,8.321288e-01,-1.651064e+00,-3.164059e-02,1.203364e-01,-1.553614e-01,615.4853
18.9600,SS,2,1.399155e-01,-1.193551e+00,1.708247e+00,2.088599e+00,-1.100289e-01,1.262729e+00,-1.756714e+00,-2.922014e-01,8.885964e-01,-1.728670e+00,-3.393711e-02,1.203306e-01,-1.555971e-01,578.1197
19.0600,SS,2,7.001628e-02,-1.239930e+00,1.754373e+00,2.149454e+00,-2.511456e-02,1.316508e+00,-1.778984e+00,-2.990231e-01,9.481062e-01,-1.808153e+00,-3.623069e-02,1.205702e-01,-1.561153e-01,538.3915
19.1600,SS,2,2.979602e-03,-1.272128e+00,1.800041e+00,2.204193e+00,5.750384e-02,1.356461e+00,-1.799486e+00,-3.021205e-01,1.010054e+00,-1.889400e+00,-3.849738e-02,1.210614e-01,-1.569282e-01,496.8360
19.2600,SS,2,-5.450156e-02,-1.286846e+00,1.846952e+00,2.251704e+00,1.296599e-01,1.378773e+00,-1.821704e+00,-3.018110e-01,1.073643e+00,-1.972458e+00,-4.071744e-02,1.218068e-01,-1.580483e-01,454.0308
19.3600,SS,2,-9.889070e-02,-1.284046e+00,1.894922e+00,2.291132e+00,1.888017e-01,1.383075e+00,-1.843424e+00,-2.986061e-01,1.138040e+00,-2.057357e+00,-4.287779e-02,1.228054e-01,-1.594887e-01,410.5831
19.4600,SS,2,-1.265123e-01,-1.263294e+00,1.944012e+00,2.321874e+00,2.304311e-01,1.368374e+00,-1.865169e+00,-2.932002e-01,1.202378e+00,-2.144097e+00,-4.497294e-02,1.240522e-01,-1.612629e-01,367.1162
19.5600,SS,2,-1.289141e-01,-1.218780e+00,1.996998e+00,2.343084e+00,2.423139e-01,1.328286e+00,-1.895016e+00,-2.867625e-01,1.265524e+00,-2.232891e+00,-4.700736e-02,1.255380e-01,-1.633847e-01,324.2559
19.6600,SS,2,-1.161219e-01,-1.158162e+00,2.046292e+00,2.354174e+00,2.409383e-01,1.270482e+00,-1.914935e+00,-2.801377e-01,1.326646e+00,-2.323634e+00,-4.899590e-02,1.272501e-01,-1.658683e-01,282.6157
19.7600,SS,2,-7.379546e-02,-1.064745e+00,2.096918e+00,2.352911e+00,1.995812e-01,1.176790e+00,-1.948461e+00,-2.747897e-01,1.384236e+00,-2.416451e+00,-5.096173e-02,1.291708e-01,-1.687267e-01,242.7821
19.8600,SS,2,-2.397286e-02,-9.512008e-01,2.133603e+00,2.336154e+00,1.534115e-01,1.060478e+00,-1.960373e+00,-2.715176e-01,1.437226e+00,-2.511053e+00,-5.293798e-02,1.312782e-01,-1.719722e-01,205.2973
19.9600,SS,2,4.781741e-02,-7.964871e-01,2.161505e+00,2.304079e+00,7.114856e-02,8.989472e-01,-1.981480e+00,-2.715794e-01,1.483711e+00,-2.607239e+00,-5.496068e-02,1.335446e-01,-1.756138e-01,170.6408
20.0600,SS,2,1.193875e-01,-6.119695e-01,2.163228e+00,2.251292e+00,-1.207360e-02,7.040104e-01,-1.975956e+00,-2.756564e-01,1.522086e+00,-2.704524e+00,-5.707162e-02,1.359359e-01,-1.796578e-01,139.2075
20.1600,SS,2,1.817417e-01,-3.952629e-01,2.121090e+00,2.165245e+00,-9.158174e-02,4.707903e-01,-1.934171e+00,-2.837099e-01,1.550630e+00,-2.801257e+00,-5.930648e-02,1.384127e-01,-1.841034e-01,111.2846
20.2600,SS,2,2.291929e-01,-1.538537e-01,2.025354e+00,2.044079e+00,-1.617894e-01,2.074251e-01,-1.848698e+00,-2.954840e-01,1.567724e+00,-2.895583e+00,-6.169166e-02,1.409296e-01,-1.889406e-01,87.0292
20.3600,SS,2,2.063861e-01,8.004260e-02,1.793844e+00,1.807451e+00,-1.419870e-01,-5.994998e-02,-1.602672e+00,-3.080242e-01,1.573107e+00,-2.981361e+00,-6.423118e-02,1.434402e-01,-1.941432e-01,66.4538
20.4600,SS,2,5.825331e-02,3.105282e-01,1.248922e+00,1.288266e+00,3.291054e-02,-3.501936e-01,-1.007648e+00,-3.150378e-01,1.566235e+00,-3.043155e+00,-6.687247e-02,1.459004e-01,-1.996435e-01,49.4310
20.5600,SS,2,-7.982080e-02,5.027745e-01,7.122163e-01,8.754459e-01,1.415367e-01,-5.630082e-01,-4.856338e-01,-3.158400e-01,1.548286e+00,-3.080423e+00,-6.951870e-02,1.482665e-01,-2.053429e-01,35.6883
20.6600,SS,2,-1.935358e-01,6.495229e-01,2.160666e-01,7.113514e-01,2.365422e-01,-7.420987e-01,-1.504492e-02,-3.122483e-01,1.521971e+00,-3.095986e+00,-7.209794e-02,1.505069e-01,-2.111487e-01,24.8191
20.7600,SS,2,-2.692532e-01,7.447613e-01,-2.048829e-01,8.180120e-01,3.205513e-01,-8.839181e-01,3.863764e-01,-3.043260e-01,1.487718e+00,-3.092895e+00,-7.454546e-02,1.525923e-01,-2.169747e-01,16.3306
20.8600,SS,2,-2.959422e-01,7.899816e-01,-5.188032e-01,9.903582e-01,3.207535e-01,-8.842363e-01,6.706493e-01,-2.943683e-01,1.450559e+00,-3.074834e+00,-7.681194e-02,1.545045e-01,-2.227427e-01,9.7408
20.9600,SS,2,-2.600551e-01,7.830367e-01,-6.873810e-01,1.073903e+00,2.643622e-01,-8.659862e-01,7.675455e-01,-2.856497e-01,1.413560e+00,-3.049347e+00,-7.888724e-02,1.562430e-01,-2.283931e-01,4.8448
21.0600,SS,2,-1.445677e-01,7.037418e-01,-6.865987e-01,9.937657e-01,1.307443e-01,-7.735093e-01,6.709645e-01,-2.810686e-01,1.378833e+00,-3.025217e+00,-8.079063e-02,1.578104e-01,-2.338922e-01,3.0056
21.1600,SS,2,8.525345e-03,6.129072e-01,-6.154415e-01,8.686174e-01,-6.877252e-02,-6.397684e-01,5.246948e-01,-2.846634e-01,1.349847e+00,-3.008575e+00,-8.258273e-02,1.592229e-01,-2.392350e-01,5.1928
21.2600,SS,2,1.182709e-01,5.774926e-01,-5.657615e-01,8.170507e-01,-1.885325e-01,-5.941193e-01,4.372066e-01,-2.948880e-01,1.324206e+00,-2.996556e+00,-8.433923e-02,1.605002e-01,-2.444267e-01,7.9257
21.3600,SS,2,1.989726e-01,5.651123e-01,-5.332349e-01,8.020483e-01,-2.747633e-01,-5.790897e-01,3.758371e-01,-3.094072e-01,1.299504e+00,-2.987379e+00,-8.610518e-02,1.616490e-01,-2.494693e-01,10.2806
21.4600,SS,2,2.568513e-01,5.631735e-01,-5.167408e-01,8.063237e-01,-3.437106e-01,-5.732293e-01,3.309484e-01,-3.274135e-01,1.275061e+00,-2.980294e+00,-8.791160e-02,1.626718e-01,-2.543629e-01,12.1414
21.5600,SS,2,2.916862e-01,5.651896e-01,-5.223295e-01,8.230117e-01,-3.871963e-01,-5.740122e-01,3.154730e-01,-3.479351e-01,1.250542e+00,-2.974170e+00,-8.977993e-02,1.635700e-01,-2.591065e-01,13.5195
21.6600,SS,2,3.037491e-01,5.685952e-01,-5.536197e-01,8.497405e-01,-4.054676e-01,-5.783205e-01,3.332114e-01,-3.698390e-01,1.225726e+00,-2.967545e+00,-9.172001e-02,1.643446e-01,-2.636958e-01,14.4736
21.7600,SS,2,2.950185e-01,5.724611e-01,-6.105222e-01,8.874035e-01,-4.006040e-01,-5.844060e-01,3.839049e-01,-3.920522e-01,1.200497e+00,-2.958904e+00,-9.373099e-02,1.649963e-01,-2.681237e-01,15.0855
21.8600,SS,2,2.688044e-01,5.762850e-01,-6.899409e-01,9.382850e-01,-3.755797e-01,-5.913997e-01,4.641436e-01,-4.135937e-01,1.174791e+00,-2.946821e+00,-9.580289e-02,1.655263e-01,-2.723794e-01,15.4427
21.9600,SS,2,2.292465e-01,5.797007e-01,-7.867384e-01,1.003775e+00,-3.348623e-01,-5.984145e-01,5.675518e-01,-4.336455e-01,1.148580e+00,-2.930109e+00,-9.791848e-02,1.659356e-01,-2.764497e-01,15.6252
22.0600,SS,2,1.805354e-01,5.823988e-01,-8.951274e-01,1.083067e+00,-2.831577e-01,-6.047340e-01,6.868357e-01,-4.515901e-01,1.121875e+00,-2.907893e+00,-1.000555e-01,1.662254e-01,-2.803195e-01,15.6978
22.1600,SS,2,1.291979e-01,5.849950e-01,-1.004960e+00,1.169981e+00,-2.287492e-01,-6.104242e-01,8.086216e-01,-4.671287e-01,1.094673e+00,-2.879848e+00,-1.021894e-01,1.663970e-01,-2.839727e-01,15.7078
22.2600,SS,2,7.901825e-02,5.876245e-01,-1.110236e+00,1.258638e+00,-1.753718e-01,-6.160379e-01,9.258882e-01,-4.802103e-01,1.066969e+00,-2.846057e+00,-1.042960e-01,1.664515e-01,-2.873940e-01,15.6867
22.3600,SS,2,2.704270e-02,5.885933e-01,-1.215922e+00,1.351162e+00,-1.175753e-01,-6.198264e-01,1.047246e+00,-4.906602e-01,1.038850e+00,-2.806375e+00,-1.063520e-01,1.663900e-01,-2.905686e-01,15.6526
22.4600,SS,2,-2.516785e-02,5.878175e-01,-1.319598e+00,1.444819e+00,-5.908955e-02,-6.216654e-01,1.167139e+00,-4.983287e-01,1.010399e+00,-2.760738e+00,-1.083338e-01,1.662141e-01,-2.934817e-01,15.6149
22.5600,SS,2,-7.638313e-02,5.853895e-01,-1.419444e+00,1.537315e+00,-1.575777e-03,-6.215912e-01,1.283061e+00,-5.031911e-01,9.817007e-01,-2.709264e+00,-1.102182e-01,1.659255e-01,-2.961194e-01,15.5765
22.6600,SS,2,-1.258719e-01,5.813843e-01,-1.514322e+00,1.626967e+00,5.432295e-02,-6.197449e-01,1.393859e+00,-5.052631e-01,9.528397e-01,-2.652137e+00,-1.119834e-01,1.655262e-01,-2.984682e-01,15.5374
22.7600,SS,2,-1.731450e-01,5.759351e-01,-1.603468e+00,1.712539e+00,1.079921e-01,-6.162856e-01,1.498551e+00,-5.045923e-01,9.238929e-01,-2.589594e+00,-1.136091e-01,1.650185e-01,-3.005159e-01,15.4956
22.8600,SS,2,-2.178015e-01,5.692162e-01,-1.686235e+00,1.792996e+00,1.589353e-01,-6.113974e-01,1.596341e+00,-5.012544e-01,8.949301e-01,-2.521911e+00,-1.150765e-01,1.644050e-01,-3.022513e-01,15.4487
22.9600,SS,2,-2.588184e-01,5.616740e-01,-1.760917e+00,1.866358e+00,2.057655e-01,-6.054714e-01,1.684977e+00,-4.953784e-01,8.660014e-01,-2.449457e+00,-1.163688e-01,1.636883e-01,-3.036644e-01,15.3940
23.0600,SS,2,-2.971787e-01,5.530885e-01,-1.829144e+00,1.933905e+00,2.501757e-01,-5.984502e-01,1.767068e+00,-4.870687e-01,8.371688e-01,-2.372540e+00,-1.174711e-01,1.628713e-01,-3.047463e-01,15.3291
23.1600,SS,2,-3.329048e-01,5.435542e-01,-1.890967e+00,1.995504e+00,2.919091e-01,-5.904039e-01,1.842337e+00,-4.764101e-01,8.084850e-01,-2.291442e+00,-1.183701e-01,1.619572e-01,-3.054896e-01,15.2519
23.2600,SS,2,-3.658734e-01,5.332256e-01,-1.946221e+00,2.050846e+00,3.306864e-01,-5.814536e-01,1.910445e+00,-4.635080e-01,7.799980e-01,-2.206472e+00,-1.190542e-01,1.609489e-01,-3.058876e-01,15.1606
23.3600,SS,2,-3.960124e-01,5.222333e-01,-1.994812e+00,2.099721e+00,3.664686e-01,-5.717433e-01,1.971337e+00,-4.484752e-01,7.517502e-01,-2.117943e+00,-1.195131e-01,1.598499e-01,-3.059350e-01,15.0538
23.4600,SS,2,-4.232704e-01,5.106993e-01,-2.036681e+00,2.141971e+00,3.991885e-01,-5.613956e-01,2.024935e+00,-4.314305e-01,7.237784e-01,-2.026176e+00,-1.197384e-01,1.586635e-01,-3.056274e-01,14.9302
23.5600,SS,2,-4.476103e-01,4.987366e-01,-2.071793e+00,2.177480e+00,4.287932e-01,-5.505206e-01,2.071190e+00,-4.124986e-01,6.961142e-01,-1.931495e+00,-1.197231e-01,1.573931e-01,-3.049617e-01,14.7890
23.6600,SS,2,-4.690101e-01,4.864474e-01,-2.100142e+00,2.206173e+00,4.552513e-01,-5.392180e-01,2.110083e+00,-3.918095e-01,6.687849e-01,-1.834230e+00,-1.194619e-01,1.560421e-01,-3.039358e-01,14.6293
23.7600,SS,2,-4.874615e-01,4.739239e-01,-2.121743e+00,2.228007e+00,4.785444e-01,-5.275763e-01,2.141622e+00,-3.694972e-01,6.418138e-01,-1.734709e+00,-1.189509e-01,1.546142e-01,-3.025489e-01,14.4509
23.8600,SS,2,-5.029576e-01,4.612530e-01,-2.136615e+00,2.242955e+00,4.986522e-01,-5.156770e-01,2.165810e+00,-3.456999e-01,6.152202e-01,-1.633268e+00,-1.181878e-01,1.531127e-01,-3.008012e-01,14.2532
23.9600,SS,2,-5.144559e-01,4.488875e-01,-2.142990e+00,2.249127e+00,5.140656e-01,-5.038762e-01,2.180202e+00,-3.206056e-01,5.890031e-01,-1.530325e+00,-1.171720e-01,1.515410e-01,-2.986939e-01,14.0361
24.0600,SS,2,-5.228087e-01,4.366125e-01,-2.142320e+00,2.247998e+00,5.263052e-01,-4.920731e-01,2.187150e+00,-2.943847e-01,5.631739e-01,-1.426252e+00,-1.159048e-01,1.499025e-01,-2.962299e-01,13.7997
24.1600,SS,2,-5.282819e-01,4.243920e-01,-2.135054e+00,2.240010e+00,5.355263e-01,-4.802257e-01,2.186990e+00,-2.671780e-01,5.377410e-01,-1.321377e+00,-1.143889e-01,1.482003e-01,-2.934129e-01,13.5439
24.2600,SS,2,-5.309299e-01,4.122721e-01,-2.121322e+00,2.225278e+00,5.416335e-01,-4.683468e-01,2.179689e+00,-2.391333e-01,5.127124e-01,-1.216035e+00,-1.126282e-01,1.464378e-01,-2.902477e-01,13.2691
24.3600,SS,2,-5.308319e-01,4.002837e-01,-2.101290e+00,2.203958e+00,5.447351e-01,-4.564697e-01,2.165449e+00,-2.103987e-01,4.880946e-01,-1.110551e+00,-1.106278e-01,1.446178e-01,-2.867402e-01,12.9754
24.4600,SS,2,-5.228335e-01,3.903610e-01,-2.066060e+00,2.166642e+00,5.373801e-01,-4.460785e-01,2.132014e+00,-1.813506e-01,4.638065e-01,-1.005680e+00,-1.083954e-01,1.427433e-01,-2.828977e-01,12.6633
24.5600,SS,2,-5.104053e-01,3.813353e-01,-2.021414e+00,2.119445e+00,5.260758e-01,-4.365144e-01,2.089229e+00,-1.522992e-01,4.398315e-01,-9.019918e-01,-1.059419e-01,1.408166e-01,-2.787299e-01,12.3338
24.6600,SS,2,-4.644858e-01,3.742187e-01,-1.896277e+00,1.987877e+00,4.695122e-01,-4.243099e-01,1.949453e+00,-1.246907e-01,4.160821e-01,-8.032554e-01,-1.032857e-01,1.388393e-01,-2.742535e-01,11.9894
24.7600,SS,2,-4.161905e-01,3.666875e-01,-1.762675e+00,1.847890e+00,4.190534e-01,-4.140627e-01,1.810079e+00,-9.915801e-02,3.927232e-01,-7.103861e-01,-1.004584e-01,1.368133e-01,-2.694936e-01,11.6335
24.8600,SS,2,-3.698010e-01,3.577114e-01,-1.629235e+00,1.708542e+00,3.733334e-01,-4.033396e-01,1.674033e+00,-7.541909e-02,3.697336e-01,-6.231514e-01,-9.748845e-02,1.347404e-01,-2.644750e-01,11.2686
24.9600,SS,2,-3.251126e-01,3.474885e-01,-1.496496e+00,1.570333e+00,3.281019e-01,-3.910796e-01,1.537644e+00,-5.347465e-02,3.471771e-01,-5.415819e-01,-9.440178e-02,1.326224e-01,-2.592221e-01,10.8966
25.0600,SS,2,-2.822306e-01,3.358929e-01,-1.365007e+00,1.433779e+00,2.842232e-01,-3.769732e-01,1.402621e+00,-3.333107e-02,3.251399e-01,-4.656892e-01,-9.122342e-02,1.304616e-01,-2.537590e-01,10.5191
25.1600,SS,2,-2.412990e-01,3.228882e-01,-1.235263e+00,1.299368e+00,2.435624e-01,-3.627133e-01,1.270258e+00,-1.494009e-02,3.036844e-01,-3.954215e-01,-8.797699e-02,1.282604e-01,-2.481096e-01,10.1377
25.2600,SS,2,-2.024354e-01,3.085209e-01,-1.107774e+00,1.167617e+00,2.047747e-01,-3.469331e-01,1.140187e+00,1.784913e-03,2.828402e-01,-3.306980e-01,-8.468407e-02,1.260215e-01,-2.422971e-01,9.7537
25.3600,SS,2,-1.657029e-01,2.928704e-01,-9.830639e-01,1.039060e+00,1.676975e-01,-3.295294e-01,1.012843e+00,1.687558e-02,2.626906e-01,-2.714432e-01,-8.136485e-02,1.237478e-01,-2.363441e-01,9.3689
25.4600,SS,2,-1.311316e-01,2.760041e-01,-8.614320e-01,9.140234e-01,1.328258e-01,-3.108893e-01,8.888256e-01,3.038979e-02,2.432991e-01,-2.175550e-01,-7.803812e-02,1.214424e-01,-2.302728e-01,8.9846
25.5600,SS,2,-9.874122e-02,2.580228e-01,-7.431946e-01,7.928832e-01,1.001542e-01,-2.910623e-01,7.684501e-01,4.239344e-02,2.247237e-01,-1.689119e-01,-7.472116e-02,1.191088e-01,-2.241047e-01,8.6027
25.6600,SS,2,-6.852755e-02,2.390447e-01,-6.286225e-01,6.760212e-01,6.971102e-02,-2.701761e-01,6.520055e-01,5.295463e-02,2.070193e-01,-1.253793e-01,-7.142982e-02,1.167506e-01,-2.178604e-01,8.2250
25.7600,SS,2,-4.047044e-02,2.191956e-01,-5.179444e-01,5.638714e-01,4.152393e-02,-2.483708e-01,5.397542e-01,6.214510e-02,1.902346e-01,-8.681018e-02,-6.817852e-02,1.143715e-01,-2.115600e-01,7.8534
25.8600,SS,2,-1.453603e-02,1.986092e-01,-4.113550e-01,4.570228e-01,1.559264e-02,-2.257907e-01,4.319096e-01,7.003897e-02,1.744129e-01,-5.304624e-02,-6.498033e-02,1.119754e-01,-2.052226e-01,7.4900
25.9600,SS,2,9.321477e-03,1.774231e-01,-3.090180e-01,3.564519e-01,-8.111278e-03,-2.026451e-01,3.285803e-01,7.671161e-02,1.595898e-01,-2.392126e-02,-6.184697e-02,1.095664e-01,-1.988665e-01,7.1371
26.0600,SS,2,3.116456e-02,1.557679e-01,-2.110740e-01,2.641724e-01,-2.969779e-02,-1.790046e-01,2.297892e-01,8.223131e-02,1.457855e-01,7.204573e-04,-5.878893e-02,1.071485e-01,-1.925094e-01,6.7973
26.1600,SS,2,5.102099e-02,1.337582e-01,-1.176935e-01,1.853272e-01,-4.925065e-02,-1.548397e-01,1.358685e-01,8.666402e-02,1.330382e-01,2.105924e-02,-5.581558e-02,1.047257e-01,-1.861679e-01,6.4733
26.2600,SS,2,6.897594e-02,1.115303e-01,-2.891282e-02,1.342856e-01,-6.698151e-02,-1.304827e-01,4.653149e-02,9.007351e-02,1.213765e-01,3.727437e-02,-5.293520e-02,1.023023e-01,-1.798579e-01,6.1678
26.3600,SS,2,8.510669e-02,8.920790e-02,5.522558e-02,1.350965e-01,-8.302160e-02,-1.059296e-01,-3.812507e-02,9.251936e-02,1.108230e-01,4.954413e-02,-5.015508e-02,9.988254e-02,-1.735945e-01,5.8838
26.4600,SS,2,9.947889e-02,6.691187e-02,1.346891e-01,1.803175e-01,-9.725026e-02,-8.121789e-02,-1.177209e-01,9.406447e-02,1.014006e-01,5.806068e-02,-4.748160e-02,9.747059e-02,-1.673917e-01,5.6244
26.5600,SS,2,1.121669e-01,4.478033e-02,2.094936e-01,2.418145e-01,-1.092575e-01,-5.672348e-02,-1.918092e-01,9.478864e-02,9.312035e-02,6.303791e-02,-4.492011e-02,9.507070e-02,-1.612629e-01,5.3926
26.6600,SS,2,1.232614e-01,2.297282e-02,2.796726e-01,3.064929e-01,-1.188916e-01,-3.301461e-02,-2.604612e-01,9.478923e-02,8.596773e-02,6.470118e-02,-4.247477e-02,9.268703e-02,-1.552203e-01,5.1911
26.7600,SS,2,1.328662e-01,1.644775e-03,3.452256e-01,3.699146e-01,-1.267481e-01,-1.027813e-02,-3.244039e-01,9.415296e-02,7.990928e-02,6.325619e-02,-4.014862e-02,9.032355e-02,-1.492752e-01,5.0221
26.8600,SS,2,1.410642e-01,-1.909528e-02,4.061046e-01,4.303309e-01,-1.334420e-01,1.173370e-02,-3.840302e-01,9.293730e-02,7.491575e-02,5.888310e-02,-3.794382e-02,8.798400e-02,-1.434381e-01,4.8874
26.9700,DS_interstep,2,5.105603e-01,-3.561164e+00,5.000000e+00,6.159753e+00,-4.932127e-01,3.543264e+00,-4.954122e+00,9.046554e-02,9.262591e-02,3.411030e-02,-3.765487e-02,8.789139e-02,-1.428771e-01,4.5826
26.9800,DS_interstep,2,-1.539428e+00,-5.000000e+00,5.000000e+00,7.236701e+00,2.161447e+00,5.000000e+00,-4.907934e+00,1.012678e-01,1.176202e-01,9.569622e-03,-3.729282e-02,8.792138e-02,-1.423166e-01,3.6680
26.9900,DS_interstep,2,-2.022677e+00,-5.000000e+00,4.261465e+00,6.873959e+00,2.166976e+00,5.000000e+00,-4.256658e+00,1.120974e-01,1.426138e-01,-1.171350e-02,-3.692857e-02,8.796529e-02,-1.417682e-01,2.7660
27.0000,DS_interstep,2,-1.778722e+00,-5.000000e+00,5.000000e+00,7.291355e+00,1.749001e+00,4.943813e+00,-5.000000e+00,1.208368e-01,1.673254e-01,-3.671218e-02,-3.658510e-02,8.798084e-02,-1.412328e-01,2.0067
27.0100,DS_interstep,2,-1.718629e+00,-4.953817e+00,5.000000e+00,7.245274e+00,1.640929e+00,4.793179e+00,-5.000000e+00,1.290354e-01,1.912827e-01,-6.170962e-02,-3.626598e-02,8.795758e-02,-1.407089e-01,1.4167
27.0200,DS_interstep,2,-7.711301e-01,-3.782448e+00,5.000000e+00,6.316768e+00,6.973725e-01,3.614387e+00,-5.000000e+00,1.325159e-01,2.093449e-01,-8.670587e-02,-3.596676e-02,8.789776e-02,-1.401926e-01,0.9800
27.0300,DS_interstep,2,-3.199516e-01,-3.194831e+00,5.000000e+00,5.942164e+00,2.722856e-01,3.040203e+00,-4.977946e+00,1.338708e-01,2.245353e-01,-1.115906e-01,-3.568147e-02,8.780712e-02,-1.396797e-01,0.6671
27.0400,DS_interstep,2,-9.823157e-02,-2.850426e+00,5.000000e+00,5.756264e+00,7.226287e-02,2.724130e+00,-4.967347e+00,1.342254e-01,2.381446e-01,-1.364211e-01,-3.540570e-02,8.769296e-02,-1.391687e-01,0.4481
27.0500,DS_interstep,2,3.134500e-02,-2.609035e+00,5.000000e+00,5.639862e+00,-4.227516e-02,2.512632e+00,-4.966507e+00,1.340074e-01,2.506956e-01,-1.612462e-01,-3.513627e-02,8.756208e-02,-1.386599e-01,0.2977
27.0600,DS_interstep,2,1.033683e-01,-2.446384e+00,5.000000e+00,5.567358e+00,-1.026186e-01,2.376029e+00,-4.967719e+00,1.334876e-01,2.625630e-01,-1.860761e-01,-3.487078e-02,8.742014e-02,-1.381535e-01,0.1958
27.0700,DS_interstep,2,1.243437e-01,-2.363987e+00,5.000000e+00,5.532079e+00,-1.149250e-01,2.315125e+00,-4.970282e+00,1.329064e-01,2.741253e-01,-2.109176e-01,-3.460758e-02,8.727172e-02,-1.376503e-01,0.1275
27.0800,DS_interstep,2,1.133299e-01,-2.338998e+00,5.000000e+00,5.521210e+00,-9.874134e-02,2.307867e+00,-4.975242e+00,1.324060e-01,2.856506e-01,-2.357826e-01,-3.434587e-02,8.712058e-02,-1.371517e-01,0.0822
27.0900,DS_interstep,2,3.931145e-02,-2.302201e+00,4.711820e+00,5.244323e+00,-2.284366e-02,2.285718e+00,-4.694391e+00,1.322852e-01,2.970646e-01,-2.592421e-01,-3.408551e-02,8.696987e-02,-1.366594e-01,0.0527
27.1000,DS_interstep,2,-3.578215e-03,-2.258093e+00,4.432636e+00,4.974662e+00,1.919041e-02,2.254465e+00,-4.424184e+00,1.323746e-01,3.083218e-01,-2.813494e-01,-3.382680e-02,8.682205e-02,-1.361753e-01,0.0343
27.1100,DS_interstep,2,3.045875e-02,-2.198029e+00,4.348599e+00,4.872636e+00,-1.662821e-02,2.203595e+00,-4.347684e+00,1.322848e-01,3.193240e-01,-3.030731e-01,-3.357010e-02,8.667867e-02,-1.357004e-01,0.0238
27.1200,DS_interstep,2,1.054488e-01,-2.113103e+00,4.365008e+00,4.850734e+00,-9.319687e-02,2.123809e+00,-4.369054e+00,1.318123e-01,3.299268e-01,-3.249026e-01,-3.331569e-02,8.654048e-02,-1.352356e-01,0.0189
27.1300,DS_interstep,2,1.946703e-01,-2.014278e+00,4.422281e+00,4.863310e+00,-1.837465e-01,2.027453e+00,-4.429428e+00,1.308870e-01,3.400473e-01,-3.470329e-01,-3.306382e-02,8.640773e-02,-1.347813e-01,0.0172
27.1400,DS_interstep,2,2.836133e-01,-1.910621e+00,4.486066e+00,4.884230e+00,-2.738787e-01,1.924624e+00,-4.495085e+00,1.295111e-01,3.496531e-01,-3.694903e-01,-3.281470e-02,8.628039e-02,-1.343375e-01,0.0170
27.1500,DS_interstep,2,3.656305e-01,-1.806982e+00,4.537592e+00,4.897817e+00,-3.570260e-01,1.820851e+00,-4.547670e+00,1.277196e-01,3.587396e-01,-3.922095e-01,-3.256853e-02,8.615826e-02,-1.339042e-01,0.0172
27.1600,DS_interstep,2,4.383930e-01,-1.705563e+00,4.568200e+00,4.895874e+00,-4.309048e-01,1.718791e+00,-4.578824e+00,1.255587e-01,3.673154e-01,-4.150833e-01,-3.232552e-02,8.604107e-02,-1.334813e-01,0.0174
27.1700,DS_interstep,2,5.017907e-01,-1.606603e+00,4.574578e+00,4.874395e+00,-4.954162e-01,1.618938e+00,-4.585399e+00,1.230755e-01,3.753914e-01,-4.379889e-01,-3.208583e-02,8.592849e-02,-1.330686e-01,0.0175
27.1800,DS_interstep,2,5.563452e-01,-1.509216e+00,4.554967e+00,4.830629e+00,-5.510532e-01,1.520514e+00,-4.565674e+00,1.203142e-01,3.829750e-01,-4.607947e-01,-3.184965e-02,8.582020e-02,-1.326658e-01,0.0174
27.1900,DS_interstep,2,6.026091e-01,-1.412697e+00,4.508968e+00,4.763365e+00,-5.983373e-01,1.422884e+00,-4.519282e+00,1.173166e-01,3.900701e-01,-4.833675e-01,-3.161713e-02,8.571586e-02,-1.322727e-01,0.0172
27.2000,DS_interstep,2,6.411428e-01,-1.316689e+00,4.437425e+00,4.672845e+00,-6.378065e-01,1.325740e+00,-4.447106e+00,1.141218e-01,3.966791e-01,-5.055782e-01,-3.138840e-02,8.561513e-02,-1.318888e-01,0.0169
27.2100,DS_interstep,2,6.725234e-01,-1.221145e+00,4.342184e+00,4.560487e+00,-6.700230e-01,1.229065e+00,-4.351033e+00,1.107661e-01,4.028044e-01,-5.273075e-01,-3.116355e-02,8.551770e-02,-1.315139e-01,0.0165
27.2200,DS_interstep,2,6.973374e-01,-1.126249e+00,4.225809e+00,4.428563e+00,-6.955649e-01,1.133063e+00,-4.233664e+00,1.072828e-01,4.084494e-01,-5.484488e-01,-3.094267e-02,8.542326e-02,-1.311474e-01,0.0161
27.2300,DS_interstep,2,7.161690e-01,-1.032350e+00,4.091312e+00,4.279893e+00,-7.150133e-01,1.038092e+00,-4.098050e+00,1.037025e-01,4.136193e-01,-5.689111e-01,-3.072580e-02,8.533150e-02,-1.307890e-01,0.0156
27.2400,DS_interstep,2,7.295897e-01,-9.398948e-01,3.941925e+00,4.117581e+00,-7.289402e-01,9.446042e-01,-3.947453e+00,1.000528e-01,4.183215e-01,-5.886193e-01,-3.051296e-02,8.524216e-02,-1.304382e-01,0.0150
27.2500,DS_interstep,2,7.381510e-01,-8.493741e-01,3.780901e+00,3.944809e+00,-7.379017e-01,8.530937e-01,-3.785158e+00,9.635839e-02,4.225659e-01,-6.075151e-01,-3.030416e-02,8.515496e-02,-1.300945e-01,0.0145
27.2600,DS_interstep,2,7.423802e-01,-7.612802e-01,3.611373e+00,3.764664e+00,-7.424317e-01,7.640531e-01,-3.614322e+00,9.264154e-02,4.263649e-01,-6.255559e-01,-3.009937e-02,8.506966e-02,-1.297576e-01,0.0139
27.2700,DS_interstep,2,7.427779e-01,-6.760731e-01,3.436245e+00,3.580024e+00,-7.430394e-01,6.779422e-01,-3.437872e+00,8.892184e-02,4.297332e-01,-6.427135e-01,-2.989856e-02,8.498602e-02,-1.294271e-01,0.0133
27.2800,DS_interstep,2,7.397410e-01,-5.939721e-01,3.257557e+00,3.392890e+00,-7.401236e-01,5.949652e-01,-3.257841e+00,8.521690e-02,4.326865e-01,-6.589701e-01,-2.970165e-02,8.490381e-02,-1.291024e-01,0.0127
27.2900,DS_interstep,2,7.333632e-01,-5.149212e-01,3.075761e+00,3.203634e+00,-7.337665e-01,5.150315e-01,-3.074634e+00,8.154393e-02,4.352399e-01,-6.743099e-01,-2.950858e-02,8.482281e-02,-1.287832e-01,0.0121
27.3000,DS_interstep,2,7.236702e-01,-4.392621e-01,2.891535e+00,3.012909e+00,-7.240025e-01,4.384931e-01,-2.888948e+00,7.791996e-02,4.374106e-01,-6.887205e-01,-2.931923e-02,8.474279e-02,-1.284689e-01,0.0115
27.3100,DS_interstep,2,7.108517e-01,-3.673793e-01,2.706075e+00,2.821900e+00,-7.110387e-01,3.657527e-01,-2.702011e+00,7.436099e-02,4.392174e-01,-7.021957e-01,-2.913350e-02,8.466355e-02,-1.281593e-01,0.0109
27.3200,DS_interstep,2,6.952617e-01,-2.995873e-01,2.521007e+00,2.632227e+00,-6.952462e-01,2.971423e-01,-2.515482e+00,7.088116e-02,4.406811e-01,-7.147377e-01,-2.895127e-02,8.458490e-02,-1.278538e-01,0.0104
27.3300,DS_interstep,2,6.773722e-01,-2.361170e-01,2.338237e+00,2.445799e+00,-6.771133e-01,2.329082e-01,-2.331299e+00,6.749217e-02,4.418236e-01,-7.263581e-01,-2.877240e-02,8.450666e-02,-1.275521e-01,0.0098
27.3400,DS_interstep,2,6.577222e-01,-1.771129e-01,2.159767e+00,2.264633e+00,-6.571934e-01,1.732059e-01,-2.151490e+00,6.420293e-02,4.426675e-01,-7.370790e-01,-2.859678e-02,8.442868e-02,-1.272538e-01,0.0093
27.3500,DS_interstep,2,6.368663e-01,-1.226340e-01,1.987506e+00,2.090650e+00,-6.360530e-01,1.181005e-01,-1.977982e+00,6.101956e-02,4.432359e-01,-7.469317e-01,-2.842427e-02,8.435081e-02,-1.269586e-01,0.0088
27.3600,DS_interstep,2,6.153308e-01,-7.266029e-02,1.823107e+00,1.925521e+00,-6.142277e-01,6.757278e-02,-1.812439e+00,5.794548e-02,4.435516e-01,-7.559563e-01,-2.825475e-02,8.427294e-02,-1.266662e-01,0.0084
27.3700,DS_interstep,2,5.935813e-01,-2.710341e-02,1.667868e+00,1.770552e+00,-5.921904e-01,2.153157e-02,-1.656163e+00,5.498173e-02,4.436370e-01,-7.641991e-01,-2.808809e-02,8.419497e-02,-1.263763e-01,0.0080
27.3800,DS_interstep,2,5.720051e-01,1.417974e-02,1.522685e+00,1.626641e+00,-5.703338e-01,-2.017175e-02,-1.510049e+00,5.212740e-02,4.435140e-01,-7.717110e-01,-2.792418e-02,8.411681e-02,-1.260886e-01,0.0076
27.3900,DS_interstep,2,5.509055e-01,5.137433e-02,1.388066e+00,1.494277e+00,-5.489652e-01,-5.772920e-02,-1.374599e+00,4.938006e-02,4.432032e-01,-7.785452e-01,-2.776291e-02,8.403838e-02,-1.258030e-01,0.0072
27.4000,DS_interstep,2,5.305100e-01,8.469515e-02,1.264171e+00,1.373587e+00,-5.283151e-01,-9.136279e-02,-1.249967e+00,4.673611e-02,4.427242e-01,-7.847559e-01,-2.760416e-02,8.395964e-02,-1.255192e-01,0.0069
27.4100,DS_interstep,2,5.110668e-01,1.143581e-01,1.150897e+00,1.264449e+00,-5.086381e-01,-1.212938e-01,-1.136042e+00,4.419066e-02,4.420957e-01,-7.903967e-01,-2.744785e-02,8.388053e-02,-1.252371e-01,0.0066
27.4200,DS_interstep,2,4.927358e-01,1.405970e-01,1.047863e+00,1.166436e+00,-4.900971e-01,-1.477626e-01,-1.032434e+00,4.173805e-02,4.413348e-01,-7.955192e-01,-2.729387e-02,8.380101e-02,-1.249564e-01,0.0063
27.4300,DS_interstep,2,4.755178e-01,1.636851e-01,9.544767e-01,1.078859e+00,-4.726904e-01,-1.710508e-01,-9.385399e-01,3.937259e-02,4.404575e-01,-8.001720e-01,-2.714215e-02,8.372104e-02,-1.246772e-01,0.0060
27.4400,DS_interstep,2,4.593660e-01,1.839190e-01,8.700729e-01,1.000935e+00,-4.563699e-01,-1.914598e-01,-8.536878e-01,3.708885e-02,4.394782e-01,-8.044004e-01,-2.699260e-02,8.364061e-02,-1.243992e-01,0.0058
27.4500,DS_interstep,2,4.442229e-01,2.015906e-01,7.939683e-01,9.318575e-01,-4.410769e-01,-2.092858e-01,-7.771880e-01,3.488168e-02,4.384098e-01,-8.082460e-01,-2.684514e-02,8.355968e-02,-1.241224e-01,0.0056
27.4600,DS_interstep,2,4.300305e-01,2.169730e-01,7.254829e-01,8.708209e-01,-4.267520e-01,-2.248052e-01,-7.083550e-01,3.274625e-02,4.372639e-01,-8.117472e-01,-2.669972e-02,8.347823e-02,-1.238467e-01,0.0054
27.4700,DS_interstep,2,4.167314e-01,2.303157e-01,6.639521e-01,8.170329e-01,-4.133369e-01,-2.382703e-01,-6.465184e-01,3.067799e-02,4.360507e-01,-8.149392e-01,-2.655627e-02,8.339626e-02,-1.235719e-01,0.0052
27.4800,DS_interstep,2,4.042737e-01,2.418352e-01,6.087628e-01,7.697491e-01,-4.007788e-01,-2.498993e-01,-5.910616e-01,2.867263e-02,4.347794e-01,-8.178536e-01,-2.641472e-02,8.331374e-02,-1.232980e-01,0.0050
27.4900,DS_interstep,2,3.926553e-01,2.516793e-01,5.595590e-01,7.284415e-01,-3.890786e-01,-2.598373e-01,-5.416339e-01,2.672587e-02,4.334586e-01,-8.205208e-01,-2.627503e-02,8.323068e-02,-1.230249e-01,0.0049
27.5000,DS_interstep,2,3.818818e-01,2.600675e-01,5.159145e-01,6.925581e-01,-3.782408e-01,-2.683070e-01,-4.978033e-01,2.483339e-02,4.320954e-01,-8.229688e-01,-2.613714e-02,8.314706e-02,-1.227527e-01,0.0047
27.5100,DS_interstep,2,3.719057e-01,2.672052e-01,4.772608e-01,6.614305e-01,-3.682136e-01,-2.755186e-01,-4.589914e-01,2.299114e-02,4.306962e-01,-8.252225e-01,-2.600102e-02,8.306288e-02,-1.224812e-01,0.0046
27.5200,DS_interstep,2,3.626492e-01,2.732442e-01,4.430066e-01,6.343750e-01,-3.589169e-01,-2.816264e-01,-4.246007e-01,2.119547e-02,4.292666e-01,-8.273042e-01,-2.586661e-02,8.297813e-02,-1.222103e-01,0.0045
27.5300,DS_interstep,2,3.540314e-01,2.783065e-01,4.125906e-01,6.107567e-01,-3.502683e-01,-2.867539e-01,-3.940655e-01,1.944313e-02,4.278114e-01,-8.292331e-01,-2.573389e-02,8.289281e-02,-1.219401e-01,0.0043
27.5400,DS_interstep,2,3.459777e-01,2.824975e-01,3.854992e-01,5.900128e-01,-3.421923e-01,-2.910072e-01,-3.668691e-01,1.773125e-02,4.263350e-01,-8.310259e-01,-2.560281e-02,8.280693e-02,-1.216706e-01,0.0042
27.5500,DS_interstep,2,3.384219e-01,2.859113e-01,3.612713e-01,5.716569e-01,-3.346217e-01,-2.944811e-01,-3.425478e-01,1.605731e-02,4.248413e-01,-8.326971e-01,-2.547333e-02,8.272048e-02,-1.214016e-01,0.0041
27.5600,DS_interstep,2,3.313060e-01,2.886329e-01,3.394978e-01,5.552760e-01,-3.274980e-01,-2.972606e-01,-3.206904e-01,1.441907e-02,4.233338e-01,-8.342588e-01,-2.534544e-02,8.263345e-02,-1.211332e-01,0.0040
27.5700,DS_interstep,2,3.245800e-01,2.907382e-01,3.198197e-01,5.405234e-01,-3.207703e-01,-2.994220e-01,-3.009361e-01,1.281455e-02,4.218156e-01,-8.357218e-01,-2.521909e-02,8.254585e-02,-1.208654e-01,0.0039
27.5800,DS_interstep,2,3.182002e-01,2.922949e-01,3.019248e-01,5.271112e-01,-3.143943e-01,-3.010328e-01,-2.829713e-01,1.124199e-02,4.202894e-01,-8.370948e-01,-2.509426e-02,8.245767e-02,-1.205980e-01,0.0038
27.5900,DS_interstep,2,3.121285e-01,2.933622e-01,2.855438e-01,5.148017e-01,-3.083312e-01,-3.021523e-01,-2.665256e-01,9.699828e-03,4.187577e-01,-8.383855e-01,-2.497092e-02,8.236892e-02,-1.203311e-01,0.0037
27.6000,DS_interstep,2,3.063319e-01,2.939918e-01,2.704468e-01,5.034003e-01,-3.025473e-01,-3.028322e-01,-2.513680e-01,8.186657e-03,4.172226e-01,-8.396004e-01,-2.484905e-02,8.227960e-02,-1.200647e-01,0.0036
27.6100,DS_interstep,2,3.007811e-01,2.942283e-01,2.564394e-01,4.927481e-01,-2.970128e-01,-3.031171e-01,-2.373031e-01,6.701233e-03,4.156862e-01,-8.407449e-01,-2.472862e-02,8.218971e-02,-1.197988e-01,0.0035
27.6200,DS_interstep,2,2.954503e-01,2.941100e-01,2.433585e-01,4.827162e-01,-2.917011e-01,-3.030452e-01,-2.241675e-01,5.242441e-03,4.141502e-01,-8.418237e-01,-2.460960e-02,8.209924e-02,-1.195333e-01,0.0034
27.6300,DS_interstep,2,2.903165e-01,2.936697e-01,2.310691e-01,4.732003e-01,-2.865889e-01,-3.026492e-01,-2.118255e-01,3.809283e-03,4.126163e-01,-8.428407e-01,-2.449199e-02,8.200821e-02,-1.192682e-01,0.0033
27.6400,DS_interstep,2,2.853593e-01,2.929355e-01,2.194604e-01,4.641164e-01,-2.816550e-01,-3.019572e-01,-2.001660e-01,2.400864e-03,4.110860e-01,-8.437994e-01,-2.437575e-02,8.191661e-02,-1.190034e-01,0.0032
27.6500,DS_interstep,2,2.805601e-01,2.919314e-01,2.084427e-01,4.553969e-01,-2.768806e-01,-3.009932e-01,-1.890989e-01,1.016388e-03,4.095605e-01,-8.447027e-01,-2.426086e-02,8.182444e-02,-1.187391e-01,0.0032
27.6600,DS_interstep,2,2.759025e-01,2.906784e-01,1.979442e-01,4.469877e-01,-2.722487e-01,-2.997781e-01,-1.785523e-01,-3.448606e-04,4.080412e-01,-8.455532e-01,-2.414730e-02,8.173172e-02,-1.184751e-01,0.0031
27.6700,DS_interstep,2,2.713714e-01,2.891947e-01,1.879082e-01,4.388456e-01,-2.677439e-01,-2.983302e-01,-1.684694e-01,-1.683518e-03,4.065291e-01,-8.463532e-01,-2.403506e-02,8.163843e-02,-1.182114e-01,0.0030
27.6800,DS_interstep,2,2.669533e-01,2.874965e-01,1.782906e-01,4.309360e-01,-2.633525e-01,-2.966657e-01,-1.588059e-01,-3.000152e-03,4.050255e-01,-8.471049e-01,-2.392412e-02,8.154460e-02,-1.179481e-01,0.0029
27.6900,DS_interstep,2,2.626360e-01,2.855983e-01,1.690573e-01,4.232309e-01,-2.590619e-01,-2.947991e-01,-1.495279e-01,-4.295268e-03,4.035313e-01,-8.478102e-01,-2.381445e-02,8.145021e-02,-1.176850e-01,0.0028
27.7000,DS_interstep,2,2.584084e-01,2.835134e-01,1.601828e-01,4.157082e-01,-2.548608e-01,-2.927438e-01,-1.406097e-01,-5.569315e-03,4.020475e-01,-8.484708e-01,-2.370603e-02,8.135528e-02,-1.174223e-01,0.0028
27.7100,DS_interstep,2,2.542606e-01,2.812542e-01,1.516475e-01,4.083496e-01,-2.507390e-01,-2.905123e-01,-1.320318e-01,-6.822689e-03,4.005749e-01,-8.490885e-01,-2.359886e-02,8.125981e-02,-1.171598e-01,0.0027
27.7200,DS_interstep,2,2.501836e-01,2.788324e-01,1.434372e-01,4.011404e-01,-2.466873e-01,-2.881162e-01,-1.237799e-01,-8.055743e-03,3.991143e-01,-8.496649e-01,-2.349290e-02,8.116381e-02,-1.168977e-01,0.0026
27.7300,DS_interstep,2,2.461693e-01,2.762593e-01,1.355409e-01,3.940683e-01,-2.426975e-01,-2.855670e-01,-1.158433e-01,-9.268787e-03,3.976665e-01,-8.502017e-01,-2.338815e-02,8.106728e-02,-1.166357e-01,0.0026
27.7400,DS_interstep,2,2.422103e-01,2.735455e-01,1.279504e-01,3.871231e-01,-2.387622e-01,-2.828753e-01,-1.082135e-01,-1.046209e-02,3.962323e-01,-8.507002e-01,-2.328458e-02,8.097023e-02,-1.163740e-01,0.0025
27.7500,DS_interstep,2,2.383003e-01,2.707015e-01,1.206591e-01,3.802959e-01,-2.348748e-01,-2.800518e-01,-1.008842e-01,-1.163591e-02,3.948123e-01,-8.511621e-01,-2.318218e-02,8.087266e-02,-1.161125e-01,0.0024
27.7600,DS_interstep,2,2.344335e-01,2.677375e-01,1.136614e-01,3.735791e-01,-2.310294e-01,-2.771068e-01,-9.384961e-02,-1.279043e-02,3.934070e-01,-8.515887e-01,-2.308093e-02,8.077458e-02,-1.158513e-01,0.0024
27.7700,DS_interstep,2,2.306047e-01,2.646635e-01,1.069523e-01,3.669661e-01,-2.272208e-01,-2.740503e-01,-8.710478e-02,-1.392586e-02,3.920172e-01,-8.519817e-01,-2.298080e-02,8.067600e-02,-1.155902e-01,0.0023
27.7800,DS_interstep,2,2.268095e-01,2.614892e-01,1.005266e-01,3.604508e-01,-2.234446e-01,-2.708921e-01,-8.064470e-02,-1.504235e-02,3.906431e-01,-8.523423e-01,-2.288179e-02,8.057692e-02,-1.153294e-01,0.0023
27.7900,DS_interstep,2,2.230441e-01,2.582241e-01,9.437925e-02,3.540280e-01,-2.196968e-01,-2.676416e-01,-7.446419e-02,-1.614004e-02,3.892854e-01,-8.526720e-01,-2.278388e-02,8.047736e-02,-1.150687e-01,0.0022
27.8000,DS_interstep,2,2.193051e-01,2.548772e-01,8.850479e-02,3.476927e-01,-2.159740e-01,-2.643083e-01,-6.855776e-02,-1.721907e-02,3.879445e-01,-8.529721e-01,-2.268704e-02,8.037731e-02,-1.148082e-01,0.0021
27.8100,DS_interstep,2,2.155896e-01,2.514574e-01,8.289724e-02,3.414405e-01,-2.122734e-01,-2.609008e-01,-6.291945e-02,-1.827954e-02,3.866206e-01,-8.532441e-01,-2.259127e-02,8.027678e-02,-1.145479e-01,0.0021
27.8200,DS_interstep,2,2.118954e-01,2.479731e-01,7.755020e-02,3.352676e-01,-2.085926e-01,-2.574279e-01,-5.754283e-02,-1.932155e-02,3.853142e-01,-8.534891e-01,-2.249653e-02,8.017579e-02,-1.142877e-01,0.0020
27.8300,DS_interstep,2,2.082206e-01,2.444325e-01,7.245679e-02,3.291702e-01,-2.049297e-01,-2.538976e-01,-5.242100e-02,-2.034520e-02,3.840255e-01,-8.537085e-01,-2.240282e-02,8.007434e-02,-1.140276e-01,0.0020
27.8400,DS_interstep,2,2.045635e-01,2.408433e-01,6.760969e-02,3.231451e-01,-2.012831e-01,-2.503178e-01,-4.754662e-02,-2.135057e-02,3.827547e-01,-8.539036e-01,-2.231012e-02,7.997244e-02,-1.137678e-01,0.0019
27.8500,DS_interstep,2,2.009232e-01,2.372127e-01,6.300125e-02,3.171894e-01,-1.976519e-01,-2.466957e-01,-4.291198e-02,-2.233772e-02,3.815021e-01,-8.540754e-01,-2.221841e-02,7.987009e-02,-1.135080e-01,0.0019
27.8600,DS_interstep,2,1.972988e-01,2.335475e-01,5.862349e-02,3.113004e-01,-1.940352e-01,-2.430383e-01,-3.850910e-02,-2.330675e-02,3.802679e-01,-8.542253e-01,-2.212767e-02,7.976730e-02,-1.132484e-01,0.0019
27.8700,DS_interstep,2,1.936899e-01,2.298542e-01,5.446824e-02,3.054758e-01,-1.904325e-01,-2.393519e-01,-3.432975e-02,-2.425772e-02,3.790521e-01,-8.543542e-01,-2.203789e-02,7.966408e-02,-1.129889e-01,0.0018
27.8800,DS_interstep,2,1.900963e-01,2.261386e-01,5.052719e-02,2.997136e-01,-1.868438e-01,-2.356426e-01,-3.036559e-02,-2.519069e-02,3.778550e-01,-8.544633e-01,-2.194904e-02,7.956044e-02,-1.127295e-01,0.0018
27.8900,DS_interstep,2,1.865181e-01,2.224063e-01,4.679197e-02,2.940120e-01,-1.832691e-01,-2.319158e-01,-2.660822e-02,-2.610575e-02,3.766766e-01,-8.545536e-01,-2.186112e-02,7.945638e-02,-1.124702e-01,0.0017
27.9000,DS_interstep,2,1.829557e-01,2.186623e-01,4.325423e-02,2.883694e-01,-1.797089e-01,-2.281767e-01,-2.304926e-02,-2.700295e-02,3.755169e-01,-8.546262e-01,-2.177410e-02,7.935192e-02,-1.122110e-01,0.0017
27.9100,DS_interstep,2,1.794096e-01,2.149112e-01,3.990570e-02,2.827846e-01,-1.761636e-01,-2.244300e-01,-1.968038e-02,-2.788239e-02,3.743760e-01,-8.546818e-01,-2.168796e-02,7.924705e-02,-1.119519e-01,0.0017
27.9200,DS_interstep,2,1.758805e-01,2.111573e-01,3.673821e-02,2.772563e-01,-1.726341e-01,-2.206798e-01,-1.649340e-02,-2.874414e-02,3.732539e-01,-8.547216e-01,-2.160269e-02,7.914179e-02,-1.116929e-01,0.0016
27.9300,DS_interstep,2,1.723694e-01,2.074044e-01,3.374379e-02,2.717838e-01,-1.691213e-01,-2.169302e-01,-1.348030e-02,-2.958828e-02,3.721506e-01,-8.547462e-01,-2.151827e-02,7.903615e-02,-1.114339e-01,0.0016
27.9400,DS_interstep,2,1.688772e-01,2.036561e-01,3.091466e-02,2.663663e-01,-1.656262e-01,-2.131845e-01,-1.063328e-02,-3.041491e-02,3.710661e-01,-8.547566e-01,-2.143469e-02,7.893013e-02,-1.111751e-01,0.0015
27.9500,DS_interstep,2,1.654050e-01,1.999154e-01,2.824324e-02,2.610032e-01,-1.621500e-01,-2.094460e-01,-7.944727e-03,-3.122411e-02,3.700004e-01,-8.547536e-01,-2.135193e-02,7.882373e-02,-1.109163e-01,0.0015
27.9600,DS_interstep,2,1.619542e-01,1.961852e-01,2.572224e-02,2.556940e-01,-1.586940e-01,-2.057176e-01,-5.407313e-03,-3.201599e-02,3.689533e-01,-8.547379e-01,-2.126996e-02,7.871698e-02,-1.106576e-01,0.0015
27.9700,DS_interstep,2,1.585260e-01,1.924683e-01,2.334458e-02,2.504386e-01,-1.552596e-01,-2.020019e-01,-3.013942e-03,-3.279066e-02,3.679249e-01,-8.547103e-01,-2.118878e-02,7.860986e-02,-1.103990e-01,0.0014
27.9800,DS_interstep,2,1.551217e-01,1.887668e-01,2.110347e-02,2.452366e-01,-1.518481e-01,-1.983012e-01,-7.577833e-04,-3.354824e-02,3.669150e-01,-8.546713e-01,-2.110836e-02,7.850240e-02,-1.101405e-01,0.0014
27.9900,DS_interstep,2,1.517428e-01,1.850829e-01,1.899235e-02,2.400881e-01,-1.484610e-01,-1.946177e-01,1.367733e-03,-3.428884e-02,3.659236e-01,-8.546217e-01,-2.102869e-02,7.839460e-02,-1.098820e-01,0.0014
28.0000,DS_interstep,2,1.483907e-01,1.814186e-01,1.700495e-02,2.349930e-01,-1.450999e-01,-1.909534e-01,3.368920e-03,-3.501260e-02,3.649506e-01,-8.545622e-01,-2.094976e-02,7.828647e-02,-1.096235e-01,0.0013
28.0100,DS_interstep,2,1.450669e-01,1.777757e-01,1.513522e-02,2.299515e-01,-1.417661e-01,-1.873101e-01,5.251838e-03,-3.571965e-02,3.639958e-01,-8.544932e-01,-2.087154e-02,7.817800e-02,-1.093651e-01,0.0013
28.0200,DS_interstep,2,1.417728e-01,1.741558e-01,1.337737e-02,2.249638e-01,-1.384612e-01,-1.836894e-01,7.022302e-03,-3.641015e-02,3.630592e-01,-8.544153e-01,-2.079402e-02,7.806922e-02,-1.091068e-01,0.0013
28.0300,DS_interstep,2,1.385098e-01,1.705604e-01,1.172586e-02,2.200303e-01,-1.351867e-01,-1.800928e-01,8.685886e-03,-3.708424e-02,3.621406e-01,-8.543292e-01,-2.071719e-02,7.796012e-02,-1.088485e-01,0.0013
28.0400,DS_interstep,2,1.352793e-01,1.669910e-01,1.017535e-02,2.151512e-01,-1.319441e-01,-1.765218e-01,1.024794e-02,-3.774209e-02,3.612399e-01,-8.542352e-01,-2.064103e-02,7.785072e-02,-1.085903e-01,0.0012
28.0500,DS_interstep,2,1.320827e-01,1.634488e-01,8.720742e-03,2.103269e-01,-1.287347e-01,-1.729777e-01,1.171358e-02,-3.838385e-02,3.603570e-01,-8.541340e-01,-2.056552e-02,7.774101e-02,-1.083321e-01,0.0012
28.0600,DS_interstep,2,1.289214e-01,1.599352e-01,7.357155e-03,2.055581e-01,-1.255599e-01,-1.694618e-01,1.308772e-02,-3.900971e-02,3.594917e-01,-8.540258e-01,-2.049065e-02,7.763102e-02,-1.080740e-01,0.0012
28.0700,DS_interstep,2,1.257967e-01,1.564513e-01,6.079903e-03,2.008452e-01,-1.224212e-01,-1.659753e-01,1.437506e-02,-3.961984e-02,3.586438e-01,-8.539113e-01,-2.041639e-02,7.752074e-02,-1.078159e-01,0.0011
28.0800,DS_interstep,2,1.227098e-01,1.529983e-01,4.884505e-03,1.961887e-01,-1.193198e-01,-1.625193e-01,1.558009e-02,-4.021444e-02,3.578133e-01,-8.537907e-01,-2.034275e-02,7.741018e-02,-1.075578e-01,0.0011
28.0900,DS_interstep,2,1.196619e-01,1.495772e-01,3.766672e-03,1.915894e-01,-1.162570e-01,-1.590951e-01,1.670714e-02,-4.079370e-02,3.570000e-01,-8.536644e-01,-2.026970e-02,7.729935e-02,-1.072998e-01,0.0011
28.1000,DS_interstep,2,1.166541e-01,1.461893e-01,2.722306e-03,1.870478e-01,-1.132339e-01,-1.557036e-01,1.776030e-02,-4.135781e-02,3.562036e-01,-8.535330e-01,-2.019722e-02,7.718825e-02,-1.070418e-01,0.0011
28.1100,DS_interstep,2,1.136875e-01,1.428355e-01,1.747489e-03,1.825647e-01,-1.102517e-01,-1.523459e-01,1.874352e-02,-4.190698e-02,3.554241e-01,-8.533966e-01,-2.012531e-02,7.707689e-02,-1.067838e-01,0.0010
28.1200,DS_interstep,2,1.107632e-01,1.395168e-01,8.384821e-04,1.781407e-01,-1.073114e-01,-1.490231e-01,1.966056e-02,-4.244142e-02,3.546613e-01,-8.532556e-01,-2.005394e-02,7.696528e-02,-1.065259e-01,0.0010
28.1300,DS_interstep,2,1.078820e-01,1.362342e-01,-8.280077e-06,1.737766e-01,-1.044140e-01,-1.457362e-01,2.051499e-02,-4.296135e-02,3.539149e-01,-8.531104e-01,-1.998311e-02,7.685343e-02,-1.062680e-01,0.0010
28.1400,DS_interstep,2,1.050449e-01,1.329888e-01,-7.961937e-04,1.694730e-01,-1.015604e-01,-1.424862e-01,2.131023e-02,-4.346699e-02,3.531848e-01,-8.529612e-01,-1.991279e-02,7.674133e-02,-1.060101e-01,0.0010
28.1500,DS_interstep,2,1.022526e-01,1.297815e-01,-1.528490e-03,1.652306e-01,-9.875146e-02,-1.392740e-01,2.204951e-02,-4.395856e-02,3.524708e-01,-8.528083e-01,-1.984299e-02,7.662900e-02,-1.057523e-01,0.0009
28.1600,DS_interstep,2,9.950582e-02,1.266132e-01,-2.208241e-03,1.610502e-01,-9.598794e-02,-1.361005e-01,2.273594e-02,-4.443628e-02,3.517727e-01,-8.526519e-01,-1.977367e-02,7.651644e-02,-1.054944e-01,0.0009
28.1700,DS_interstep,2,9.680530e-02,1.234847e-01,-2.838360e-03,1.569325e-01,-9.327053e-02,-1.329668e-01,2.337243e-02,-4.490040e-02,3.510902e-01,-8.524925e-01,-1.970484e-02,7.640366e-02,-1.052367e-01,0.0009
28.1800,DS_interstep,2,9.415159e-02,1.203971e-01,-3.421610e-03,1.528780e-01,-9.059986e-02,-1.298737e-01,2.396176e-02,-4.535114e-02,3.504233e-01,-8.523300e-01,-1.963647e-02,7.629067e-02,-1.049789e-01,0.0009
28.1900,DS_interstep,2,9.154520e-02,1.173512e-01,-3.960609e-03,1.488876e-01,-8.797646e-02,-1.268220e-01,2.450656e-02,-4.578874e-02,3.497717e-01,-8.521649e-01,-1.956856e-02,7.617747e-02,-1.047212e-01,0.0009
28.2000,DS_interstep,2,8.898658e-02,1.143477e-01,-4.457830e-03,1.449617e-01,-8.540083e-02,-1.238127e-01,2.500931e-02,-4.621344e-02,3.491352e-01,-8.519972e-01,-1.950109e-02,7.606406e-02,-1.044635e-01,0.0008
28.2100,DS_interstep,2,8.647611e-02,1.113875e-01,-4.915610e-03,1.411009e-01,-8.287336e-02,-1.208464e-01,2.547237e-02,-4.662548e-02,3.485135e-01,-8.518273e-01,-1.943405e-02,7.595046e-02,-1.042058e-01,0.0008
28.2200,DS_interstep,2,8.401410e-02,1.084714e-01,-5.336158e-03,1.373058e-01,-8.039439e-02,-1.179241e-01,2.589795e-02,-4.702511e-02,3.479065e-01,-8.516552e-01,-1.936742e-02,7.583666e-02,-1.039481e-01,0.0008
28.2300,DS_interstep,2,8.160077e-02,1.055999e-01,-5.721553e-03,1.335768e-01,-7.796418e-02,-1.150464e-01,2.628814e-02,-4.741256e-02,3.473139e-01,-8.514812e-01,-1.930120e-02,7.572268e-02,-1.036905e-01,0.0008
28.2400,DS_interstep,2,7.923631e-02,1.027740e-01,-6.073757e-03,1.299145e-01,-7.558294e-02,-1.122140e-01,2.664491e-02,-4.778810e-02,3.467355e-01,-8.513054e-01,-1.923538e-02,7.560851e-02,-1.034329e-01,0.0008
28.2500,DS_interstep,2,7.692083e-02,9.999408e-02,-6.394617e-03,1.263191e-01,-7.325080e-02,-1.094275e-01,2.697012e-02,-4.815195e-02,3.461710e-01,-8.511280e-01,-1.916994e-02,7.549417e-02,-1.031753e-01,0.0007
28.2600,DS_interstep,2,7.465439e-02,9.726084e-02,-6.685874e-03,1.227911e-01,-7.096783e-02,-1.066876e-01,2.726552e-02,-4.850437e-02,3.456203e-01,-8.509491e-01,-1.910487e-02,7.537966e-02,-1.029177e-01,0.0007
28.2700,DS_interstep,2,7.243696e-02,9.457481e-02,-6.949165e-03,1.193306e-01,-6.873403e-02,-1.039949e-01,2.753276e-02,-4.884560e-02,3.450830e-01,-8.507689e-01,-1.904016e-02,7.526499e-02,-1.026601e-01,0.0007
28.2800,DS_interstep,2,7.026848e-02,9.193649e-02,-7.186034e-03,1.159380e-01,-6.654937e-02,-1.013498e-01,2.777337e-02,-4.917589e-02,3.445590e-01,-8.505875e-01,-1.897580e-02,7.515016e-02,-1.024026e-01,0.0007
28.2900,DS_interstep,2,6.814882e-02,8.934633e-02,-7.397934e-03,1.126133e-01,-6.441373e-02,-9.875282e-02,2.798884e-02,-4.949549e-02,3.440481e-01,-8.504050e-01,-1.891178e-02,7.503517e-02,-1.021451e-01,0.0007
28.3000,DS_interstep,2,6.607782e-02,8.680471e-02,-7.586233e-03,1.093567e-01,-6.232695e-02,-9.620434e-02,2.818052e-02,-4.980464e-02,3.435499e-01,-8.502216e-01,-1.884810e-02,7.492004e-02,-1.018876e-01,0.0006
28.3100,DS_interstep,2,6.405524e-02,8.431198e-02,-7.752224e-03,1.061682e-01,-6.028882e-02,-9.370473e-02,2.834973e-02,-5.010359e-02,3.430642e-01,-8.500373e-01,-1.878473e-02,7.480475e-02,-1.016301e-01,0.0006
28.3200,DS_interstep,2,6.208081e-02,8.186843e-02,-7.897127e-03,1.030477e-01,-5.829907e-02,-9.125428e-02,2.849768e-02,-5.039257e-02,3.425908e-01,-8.498524e-01,-1.872168e-02,7.468933e-02,-1.013727e-01,0.0006
28.3300,DS_interstep,2,6.015421e-02,7.947430e-02,-8.022093e-03,9.999524e-02,-5.635741e-02,-8.885325e-02,2.862554e-02,-5.067182e-02,3.421294e-01,-8.496667e-01,-1.865893e-02,7.457378e-02,-1.011153e-01,0.0006
28.3400,DS_interstep,2,5.827506e-02,7.712976e-02,-8.128213e-03,9.701057e-02,-5.446346e-02,-8.650182e-02,2.873439e-02,-5.094160e-02,3.416798e-01,-8.494806e-01,-1.859647e-02,7.445809e-02,-1.008579e-01,0.0006
28.3500,DS_interstep,2,5.644297e-02,7.483494e-02,-8.216519e-03,9.409351e-02,-5.261684e-02,-8.420013e-02,2.882529e-02,-5.120213e-02,3.412417e-01,-8.492940e-01,-1.853430e-02,7.434228e-02,-1.006005e-01,0.0006
28.3600,DS_interstep,2,5.465749e-02,7.258990e-02,-8.287993e-03,9.124377e-02,-5.081710e-02,-8.194826e-02,2.889921e-02,-5.145364e-02,3.408149e-01,-8.491070e-01,-1.847240e-02,7.422635e-02,-1.003431e-01,0.0005
28.3700,DS_interstep,2,5.291813e-02,7.039467e-02,-8.343565e-03,8.846102e-02,-4.906378e-02,-7.974624e-02,2.895709e-02,-5.169638e-02,3.403991e-01,-8.489198e-01,-1.841078e-02,7.411030e-02,-1.000858e-01,0.0005
28.3800,DS_interstep,2,5.122437e-02,6.824920e-02,-8.384124e-03,8.574487e-02,-4.735636e-02,-7.759403e-02,2.899982e-02,-5.193057e-02,3.399942e-01,-8.487324e-01,-1.834941e-02,7.399414e-02,-9.982843e-02,0.0005
28.3900,DS_interstep,2,4.957568e-02,6.615340e-02,-8.410514e-03,8.309487e-02,-4.569429e-02,-7.549155e-02,2.902827e-02,-5.215644e-02,3.395997e-01,-8.485448e-01,-1.828829e-02,7.387787e-02,-9.957113e-02,0.0005
28.4000,DS_interstep,2,4.797147e-02,6.410713e-02,-8.423544e-03,8.051051e-02,-4.407702e-02,-7.343866e-02,2.904322e-02,-5.237421e-02,3.392156e-01,-8.483571e-01,-1.822742e-02,7.376150e-02,-9.931385e-02,0.0005
28.4100,DS_interstep,2,4.641114e-02,6.211019e-02,-8.423986e-03,7.799123e-02,-4.250393e-02,-7.143518e-02,2.904548e-02,-5.258410e-02,3.388414e-01,-8.481695e-01,-1.816679e-02,7.364502e-02,-9.905659e-02,0.0005
28.4200,DS_interstep,2,4.489406e-02,6.016233e-02,-8.412579e-03,7.553644e-02,-4.097440e-02,-6.948087e-02,2.903577e-02,-5.278634e-02,3.384771e-01,-8.479819e-01,-1.810638e-02,7.352845e-02,-9.879936e-02,0.0005
28.4300,DS_interstep,2,4.341957e-02,5.826326e-02,-8.390035e-03,7.314546e-02,-3.948778e-02,-6.757544e-02,2.901482e-02,-5.298113e-02,3.381223e-01,-8.477945e-01,-1.804620e-02,7.341179e-02,-9.854214e-02,0.0005
28.4400,DS_interstep,2,4.198701e-02,5.641263e-02,-8.357034e-03,7.081761e-02,-3.804341e-02,-6.571854e-02,2.898330e-02,-5.316869e-02,3.377768e-01,-8.476072e-01,-1.798624e-02,7.329503e-02,-9.828495e-02,0.0004
28.4500,DS_interstep,2,4.059568e-02,5.461006e-02,-8.314232e-03,6.855213e-02,-3.664058e-02,-6.390981e-02,2.894189e-02,-5.334923e-02,3.374404e-01,-8.474201e-01,-1.792648e-02,7.317819e-02,-9.802778e-02,0.0004
28.4600,DS_interstep,2,3.924487e-02,5.285512e-02,-8.262259e-03,6.634824e-02,-3.527859e-02,-6.214881e-02,2.889121e-02,-5.352295e-02,3.371128e-01,-8.472332e-01,-1.786693e-02,7.306127e-02,-9.777063e-02,0.0004
28.4700,DS_interstep,2,3.793387e-02,5.114734e-02,-8.201724e-03,6.420511e-02,-3.395673e-02,-6.043507e-02,2.883188e-02,-5.369005e-02,3.367938e-01,-8.470467e-01,-1.780758e-02,7.294427e-02,-9.751350e-02,0.0004
28.4800,DS_interstep,2,3.666193e-02,4.948618e-02,-8.133211e-03,6.212189e-02,-3.267425e-02,-5.876808e-02,2.876448e-02,-5.385073e-02,3.364831e-01,-8.468606e-01,-1.774841e-02,7.282720e-02,-9.725640e-02,0.0004
28.4900,DS_interstep,2,3.542832e-02,4.787112e-02,-8.057284e-03,6.009767e-02,-3.143040e-02,-5.714731e-02,2.868959e-02,-5.400519e-02,3.361805e-01,-8.466748e-01,-1.768944e-02,7.271005e-02,-9.699933e-02,0.0004
28.5000,DS_interstep,2,3.423226e-02,4.630156e-02,-7.974488e-03,5.813153e-02,-3.022443e-02,-5.557215e-02,2.860775e-02,-5.415360e-02,3.358859e-01,-8.464894e-01,-1.763064e-02,7.259283e-02,-9.674227e-02,0.0004
28.5100,DS_interstep,2,3.307301e-02,4.477687e-02,-7.885346e-03,5.622251e-02,-2.905558e-02,-5.404199e-02,2.851949e-02,-5.429617e-02,3.355989e-01,-8.463045e-01,-1.757202e-02,7.247555e-02,-9.648524e-02,0.0004
28.5200,DS_interstep,2,3.194979e-02,4.329641e-02,-7.790365e-03,5.436964e-02,-2.792306e-02,-5.255619e-02,2.842531e-02,-5.443306e-02,3.353193e-01,-8.461200e-01,-1.751356e-02,7.235821e-02,-9.622824e-02,0.0003
28.5300,DS_interstep,2,3.086181e-02,4.185950e-02,-7.690032e-03,5.257191e-02,-2.682611e-02,-5.111407e-02,2.832572e-02,-5.456447e-02,3.350470e-01,-8.459361e-01,-1.745527e-02,7.224080e-02,-9.597126e-02,0.0003
28.5400,DS_interstep,2,2.980832e-02,4.046542e-02,-7.584815e-03,5.082830e-02,-2.576393e-02,-4.971491e-02,2.822118e-02,-5.469055e-02,3.347817e-01,-8.457527e-01,-1.739714e-02,7.212334e-02,-9.571431e-02,0.0003
28.5500,DS_interstep,2,2.878852e-02,3.911345e-02,-7.475169e-03,4.913775e-02,-2.473575e-02,-4.835798e-02,2.811215e-02,-5.481149e-02,3.345231e-01,-8.455699e-01,-1.733917e-02,7.200582e-02,-9.545738e-02,0.0003
28.5600,DS_interstep,2,2.780163e-02,3.780282e-02,-7.361526e-03,4.749922e-02,-2.374078e-02,-4.704253e-02,2.799907e-02,-5.492745e-02,3.342712e-01,-8.453876e-01,-1.728134e-02,7.188825e-02,-9.520048e-02,0.0003
28.5700,DS_interstep,2,2.684687e-02,3.653276e-02,-7.244307e-03,4.591163e-02,-2.277824e-02,-4.576779e-02,2.788235e-02,-5.503859e-02,3.340257e-01,-8.452059e-01,-1.722366e-02,7.177063e-02,-9.494360e-02,0.0003
28.5800,DS_interstep,2,2.592347e-02,3.530249e-02,-7.123912e-03,4.437389e-02,-2.184733e-02,-4.453296e-02,2.776241e-02,-5.514507e-02,3.337863e-01,-8.450249e-01,-1.716612e-02,7.165296e-02,-9.468676e-02,0.0003
28.5900,DS_interstep,2,2.503064e-02,3.411118e-02,-7.000726e-03,4.288491e-02,-2.094729e-02,-4.333724e-02,2.763964e-02,-5.524705e-02,3.335529e-01,-8.448444e-01,-1.710872e-02,7.153525e-02,-9.442994e-02,0.0003
28.6000,DS_interstep,2,2.416761e-02,3.295802e-02,-6.875120e-03,4.144360e-02,-2.007732e-02,-4.217979e-02,2.751439e-02,-5.534467e-02,3.333254e-01,-8.446646e-01,-1.705145e-02,7.141750e-02,-9.417315e-02,0.0003
28.6100,DS_interstep,2,2.333361e-02,3.184218e-02,-6.747447e-03,4.004884e-02,-1.923666e-02,-4.105979e-02,2.738704e-02,-5.543808e-02,3.331034e-01,-8.444854e-01,-1.699432e-02,7.129970e-02,-9.391638e-02,0.0003
28.6200,DS_interstep,2,2.252788e-02,3.076280e-02,-6.618044e-03,3.869953e-02,-1.842453e-02,-3.997638e-02,2.725792e-02,-5.552743e-02,3.328869e-01,-8.443069e-01,-1.693730e-02,7.118187e-02,-9.365965e-02,0.0003
28.6300,DS_interstep,2,2.174966e-02,2.971905e-02,-6.487234e-03,3.739457e-02,-1.764018e-02,-3.892873e-02,2.712736e-02,-5.561285e-02,3.326756e-01,-8.441291e-01,-1.688041e-02,7.106400e-02,-9.340294e-02,0.0003
28.6400,DS_interstep,2,2.099819e-02,2.871005e-02,-6.355324e-03,3.613283e-02,-1.688284e-02,-3.791596e-02,2.699567e-02,-5.569448e-02,3.324694e-01,-8.439519e-01,-1.682364e-02,7.094610e-02,-9.314626e-02,0.0002
28.6500,DS_interstep,2,2.027274e-02,2.773496e-02,-6.222606e-03,3.491322e-02,-1.615177e-02,-3.693723e-02,2.686313e-02,-5.577245e-02,3.322681e-01,-8.437754e-01,-1.676698e-02,7.082816e-02,-9.288962e-02,0.0002
28.6600,DS_interstep,2,1.957257e-02,2.679291e-02,-6.089356e-03,3.373464e-02,-1.544622e-02,-3.599166e-02,2.673004e-02,-5.584689e-02,3.320715e-01,-8.435996e-01,-1.671044e-02,7.071019e-02,-9.263300e-02,0.0002
28.6700,DS_interstep,2,1.889695e-02,2.588304e-02,-5.955839e-03,3.259599e-02,-1.476547e-02,-3.507839e-02,2.659666e-02,-5.591793e-02,3.318795e-01,-8.434244e-01,-1.665400e-02,7.059220e-02,-9.237641e-02,0.0002
28.6800,DS_interstep,2,1.824516e-02,2.500449e-02,-5.822300e-03,3.149619e-02,-1.410879e-02,-3.419656e-02,2.646323e-02,-5.598567e-02,3.316920e-01,-8.432499e-01,-1.659767e-02,7.047418e-02,-9.211986e-02,0.0002
28.6900,DS_interstep,2,1.761651e-02,2.415641e-02,-5.688976e-03,3.043415e-02,-1.347546e-02,-3.334531e-02,2.632999e-02,-5.605025e-02,3.315086e-01,-8.430761e-01,-1.654145e-02,7.035613e-02,-9.186334e-02,0.0002
28.7000,DS_interstep,2,1.701028e-02,2.333793e-02,-5.556085e-03,2.940882e-02,-1.286480e-02,-3.252378e-02,2.619717e-02,-5.611177e-02,3.313295e-01,-8.429030e-01,-1.648532e-02,7.023806e-02,-9.160684e-02,0.0002
28.7100,DS_interstep,2,1.642581e-02,2.254821e-02,-5.423835e-03,2.841913e-02,-1.227609e-02,-3.173114e-02,2.606497e-02,-5.617034e-02,3.311542e-01,-8.427305e-01,-1.642929e-02,7.011997e-02,-9.135038e-02,0.0002
28.7200,DS_interstep,2,1.586240e-02,2.178642e-02,-5.292418e-03,2.746404e-02,-1.170867e-02,-3.096652e-02,2.593359e-02,-5.622607e-02,3.309829e-01,-8.425587e-01,-1.637336e-02,7.000186e-02,-9.109396e-02,0.0002
28.7300,DS_interstep,2,1.531940e-02,2.105172e-02,-5.162015e-03,2.654252e-02,-1.116187e-02,-3.022911e-02,2.580321e-02,-5.627907e-02,3.308152e-01,-8.423876e-01,-1.631752e-02,6.988372e-02,-9.083756e-02,0.0002
28.7400,DS_interstep,2,1.479617e-02,2.034329e-02,-5.032793e-03,2.565355e-02,-1.063502e-02,-2.951806e-02,2.567401e-02,-5.632943e-02,3.306510e-01,-8.422171e-01,-1.626177e-02,6.976557e-02,-9.058120e-02,0.0002
28.7500,DS_interstep,2,1.429205e-02,1.966031e-02,-4.904908e-03,2.479614e-02,-1.012749e-02,-2.883258e-02,2.554613e-02,-5.637724e-02,3.304903e-01,-8.420472e-01,-1.620611e-02,6.964741e-02,-9.032487e-02,0.0002
28.7600,DS_interstep,2,1.380643e-02,1.900200e-02,-4.778503e-03,2.396930e-02,-9.638645e-03,-2.817186e-02,2.541972e-02,-5.642262e-02,3.303330e-01,-8.418780e-01,-1.615053e-02,6.952923e-02,-9.006858e-02,0.0002
28.7700,DS_interstep,2,1.333869e-02,1.836755e-02,-4.653710e-03,2.317207e-02,-9.167859e-03,-2.753511e-02,2.529492e-02,-5.646563e-02,3.301788e-01,-8.417095e-01,-1.609504e-02,6.941104e-02,-8.981232e-02,0.0002
28.7800,SS,3,-1.285723e-01,-3.846182e-01,7.756033e-01,8.752271e-01,2.499040e-01,5.004135e-01,-5.858263e-01,-4.728384e-02,3.398258e-01,-8.609368e-01,-1.552999e-02,6.826078e-02,-8.733372e-02,799.8476
28.8800,SS,3,-1.020191e-01,-4.223240e-01,8.604471e-01,9.639163e-01,1.280074e-01,5.008572e-01,-9.339445e-01,-3.840220e-02,3.609840e-01,-8.930676e-01,-1.492381e-02,6.721266e-02,-8.502333e-02,799.4446
28.9800,SS,3,-8.263853e-02,-4.530027e-01,9.176266e-01,1.026684e+00,1.382671e-01,4.775483e-01,-8.340437e-01,-3.136240e-02,3.795252e-01,-9.269296e-01,-1.431457e-02,6.626426e-02,-8.291333e-02,798.8144
29.0800,SS,3,-6.306559e-02,-4.936984e-01,9.821587e-01,1.101068e+00,1.253886e-01,5.211410e-01,-8.796411e-01,-2.415484e-02,3.994030e-01,-9.599643e-01,-1.370340e-02,6.541457e-02,-8.099607e-02,797.9308
29.1800,SS,3,-4.421564e-02,-5.449214e-01,1.065316e+00,1.197411e+00,1.043192e-01,5.907437e-01,-9.929780e-01,-1.790633e-02,4.223055e-01,-9.981523e-01,-1.310143e-02,6.467323e-02,-7.928504e-02,796.7460
29.2800,SS,3,-2.908342e-02,-5.911522e-01,1.132179e+00,1.277551e+00,9.300985e-02,6.301122e-01,-1.039380e+00,-1.235738e-02,4.479387e-01,-1.040208e+00,-1.252099e-02,6.405223e-02,-7.779851e-02,795.2059
29.3800,SS,3,-1.746804e-02,-6.332458e-01,1.185591e+00,1.344222e+00,8.606706e-02,6.615890e-01,-1.064518e+00,-7.192210e-03,4.753539e-01,-1.084004e+00,-1.196908e-02,6.355895e-02,-7.654507e-02,793.2567
29.4800,SS,3,-8.822230e-03,-6.712985e-01,1.227978e+00,1.399518e+00,7.927484e-02,6.965701e-01,-1.096239e+00,-2.387487e-03,5.046654e-01,-1.129674e+00,-1.145053e-02,6.319998e-02,-7.553087e-02,790.8475
29.5800,SS,3,-2.846167e-03,-7.078094e-01,1.264964e+00,1.449529e+00,7.539134e-02,7.301656e-01,-1.121933e+00,2.134468e-03,5.358880e-01,-1.177172e+00,-1.096924e-02,6.298214e-02,-7.476215e-02,787.9315
29.6800,SS,3,2.421176e-03,-7.564737e-01,1.325512e+00,1.526185e+00,7.388650e-02,7.828590e-01,-1.175047e+00,6.516319e-03,5.694449e-01,-1.227110e+00,-1.052807e-02,6.291266e-02,-7.424606e-02,784.4646
29.7800,SS,3,5.234950e-03,-7.988785e-01,1.372081e+00,1.587715e+00,7.357399e-02,8.207991e-01,-1.208108e+00,1.075671e-02,6.053739e-01,-1.279538e+00,-1.012958e-02,6.300066e-02,-7.399225e-02,780.4075
29.8800,SS,3,5.491889e-03,-8.354113e-01,1.404971e+00,1.634591e+00,7.640788e-02,8.527119e-01,-1.225184e+00,1.500360e-02,6.432188e-01,-1.333485e+00,-9.774709e-03,6.325283e-02,-7.400661e-02,775.7274
29.9800,SS,3,3.501571e-03,-8.663244e-01,1.425281e+00,1.667920e+00,8.071687e-02,8.808170e-01,-1.234281e+00,1.933739e-02,6.828051e-01,-1.388534e+00,-9.462813e-03,6.367456e-02,-7.429232e-02,770.3973
30.0800,SS,3,-5.336013e-04,-8.918410e-01,1.433761e+00,1.688506e+00,8.692050e-02,9.039675e-01,-1.232599e+00,2.383752e-02,7.239323e-01,-1.444248e+00,-9.192240e-03,6.427019e-02,-7.485061e-02,764.3953
30.1800,SS,3,-4.733598e-03,-9.234573e-01,1.455106e+00,1.723406e+00,9.446138e-02,9.399359e-01,-1.248730e+00,2.859507e-02,7.667903e-01,-1.500911e+00,-8.960799e-03,6.504353e-02,-7.568236e-02,757.7035
30.2800,SS,3,-1.007342e-02,-9.507802e-01,1.467835e+00,1.748892e+00,1.024522e-01,9.672854e-01,-1.253484e+00,3.361006e-02,8.114556e-01,-1.558618e+00,-8.766477e-03,6.599960e-02,-7.679017e-02,750.3081
30.3800,SS,3,-1.687198e-02,-9.719078e-01,1.467582e+00,1.760308e+00,1.121468e-01,9.870522e-01,-1.242697e+00,3.896425e-02,8.575445e-01,-1.616612e+00,-8.606597e-03,6.714165e-02,-7.817413e-02,742.2008
30.4800,SS,3,-2.490157e-02,-9.872232e-01,1.455480e+00,1.758878e+00,1.225591e-01,1.002383e+00,-1.223227e+00,4.470928e-02,9.048187e-01,-1.674409e+00,-8.477582e-03,6.847143e-02,-7.983163e-02,733.3782
30.5800,SS,3,-3.396420e-02,-9.970571e-01,1.432529e+00,1.745685e+00,1.336612e-01,1.012785e+00,-1.194550e+00,5.088171e-02,9.530640e-01,-1.731603e+00,-8.375328e-03,6.998953e-02,-8.175818e-02,723.8417
30.6800,SS,3,-4.306986e-02,-1.006136e+00,1.409390e+00,1.732209e+00,1.451405e-01,1.025469e+00,-1.168309e+00,5.751548e-02,1.002199e+00,-1.788065e+00,-8.295478e-03,7.169565e-02,-8.394806e-02,713.5962
30.7800,SS,3,-5.210148e-02,-1.013339e+00,1.384011e+00,1.716116e+00,1.562597e-01,1.036297e+00,-1.140745e+00,6.460406e-02,1.052231e+00,-1.843838e+00,-8.233857e-03,7.358955e-02,-8.639582e-02,702.6496
30.8800,SS,3,-6.154266e-02,-1.015092e+00,1.348680e+00,1.689123e+00,1.672858e-01,1.039428e+00,-1.101878e+00,7.214762e-02,1.102934e+00,-1.898549e+00,-8.186290e-03,7.567034e-02,-8.909506e-02,691.0142
30.9800,SS,3,-7.130552e-02,-1.011805e+00,1.304415e+00,1.652372e+00,1.782007e-01,1.037921e+00,-1.055612e+00,8.015511e-02,1.154028e+00,-1.951755e+00,-8.148252e-03,7.793568e-02,-9.203724e-02,678.7060
31.0800,SS,3,-8.121737e-02,-1.003812e+00,1.252287e+00,1.607002e+00,1.886178e-01,1.032299e+00,-1.003933e+00,8.861604e-02,1.205316e+00,-2.003180e+00,-8.114977e-03,8.038230e-02,-9.521223e-02,665.7445
31.1800,SS,3,-9.087725e-02,-9.921269e-01,1.195119e+00,1.555919e+00,1.984268e-01,1.023804e+00,-9.490435e-01,9.751275e-02,1.256612e+00,-2.052606e+00,-8.081653e-03,8.300608e-02,-9.860875e-02,652.1524
31.2800,SS,3,-9.967594e-02,-9.781657e-01,1.136858e+00,1.503060e+00,2.071985e-01,1.014261e+00,-8.948436e-01,1.068110e-01,1.307794e+00,-2.099965e+00,-8.043683e-03,8.580238e-02,-1.022150e-01,637.9547
31.3800,SS,3,-1.080428e-01,-9.600028e-01,1.072862e+00,1.443715e+00,2.146333e-01,9.984384e-01,-8.350175e-01,1.164616e-01,1.358706e+00,-2.145127e+00,-7.996746e-03,8.876624e-02,-1.060188e-01,623.1790
31.4800,SS,3,-1.159562e-01,-9.379286e-01,1.003903e+00,1.378760e+00,2.211250e-01,9.788411e-01,-7.716455e-01,1.264302e-01,1.409113e+00,-2.187846e+00,-7.936601e-03,9.189171e-02,-1.100067e-01,607.8558
31.5800,SS,3,-1.233011e-01,-9.121663e-01,9.308011e-01,1.309061e+00,2.263592e-01,9.557111e-01,-7.062608e-01,1.366714e-01,1.458843e+00,-2.227994e+00,-7.859070e-03,9.517218e-02,-1.141645e-01,592.0181
31.6800,SS,3,-1.299740e-01,-8.829054e-01,8.542833e-01,1.235401e+00,2.303403e-01,9.289606e-01,-6.389705e-01,1.471364e-01,1.507717e+00,-2.265455e+00,-7.760144e-03,9.860045e-02,-1.184772e-01,575.7009
31.7800,SS,3,-1.352592e-01,-8.480149e-01,7.724108e-01,1.155008e+00,2.326159e-01,8.965969e-01,-5.670662e-01,1.577533e-01,1.555435e+00,-2.299976e+00,-7.636180e-03,1.021685e-01,-1.229290e-01,558.9412
31.8800,SS,3,-1.395035e-01,-8.101204e-01,6.889105e-01,1.072546e+00,2.330783e-01,8.604996e-01,-4.950238e-01,1.684579e-01,1.601839e+00,-2.331510e+00,-7.483932e-03,1.058676e-01,-1.275034e-01,541.7775
31.9800,SS,3,-1.426987e-01,-7.694124e-01,6.043529e-01,9.887369e-01,2.320084e-01,8.215746e-01,-4.233872e-01,1.791846e-01,1.646773e+00,-2.360041e+00,-7.300584e-03,1.096887e-01,-1.321839e-01,524.2499
32.0800,SS,3,-1.448069e-01,-7.259977e-01,5.191753e-01,9.042039e-01,2.293928e-01,7.797192e-01,-3.523274e-01,1.898700e-01,1.690088e+00,-2.385559e+00,-7.083711e-03,1.136221e-01,-1.369536e-01,506.4001
32.1800,SS,3,-1.457834e-01,-6.799660e-01,4.337839e-01,8.196189e-01,2.252400e-01,7.350320e-01,-2.821433e-01,2.004500e-01,1.731634e+00,-2.408068e+00,-6.831307e-03,1.176580e-01,-1.417956e-01,488.2708
32.2800,SS,3,-1.451205e-01,-6.265332e-01,3.409828e-01,7.279238e-01,2.188105e-01,6.814583e-01,-2.046991e-01,2.108246e-01,1.771050e+00,-2.427283e+00,-6.541915e-03,1.217856e-01,-1.466925e-01,469.9060
32.3800,SS,3,-1.429799e-01,-5.689517e-01,2.462988e-01,6.362486e-01,2.106018e-01,6.238307e-01,-1.264946e-01,2.209214e-01,1.808073e+00,-2.443051e+00,-6.214610e-03,1.259930e-01,-1.516258e-01,451.3505
32.4800,SS,3,-1.395316e-01,-5.097604e-01,1.539277e-01,5.504711e-01,2.007873e-01,5.651273e-01,-5.239276e-02,2.306717e-01,1.842602e+00,-2.455481e+00,-5.849015e-03,1.302680e-01,-1.565770e-01,432.6498
32.5800,SS,3,-1.347798e-01,-4.490349e-01,6.399171e-02,4.731732e-01,1.894831e-01,5.049086e-01,1.848772e-02,2.400117e-01,1.874566e+00,-2.464702e+00,-5.445330e-03,1.345984e-01,-1.615285e-01,413.8497
32.6800,SS,3,-1.287701e-01,-3.868572e-01,-2.332617e-02,4.083924e-01,1.767907e-01,4.425063e-01,8.694373e-02,2.488748e-01,1.903837e+00,-2.470794e+00,-5.004329e-03,1.389719e-01,-1.664628e-01,394.9964
32.7800,SS,3,-1.210805e-01,-3.187243e-01,-1.150618e-01,3.598401e-01,1.618857e-01,3.729456e-01,1.594530e-01,2.571629e-01,1.930132e+00,-2.473603e+00,-4.527390e-03,1.433754e-01,-1.713628e-01,376.1364
32.8800,SS,3,-1.115265e-01,-2.428537e-01,-2.137354e-01,3.421971e-01,1.447151e-01,2.939052e-01,2.396333e-01,2.647680e-01,1.953022e+00,-2.472781e+00,-4.016551e-03,1.477948e-01,-1.762100e-01,357.3166
32.9800,SS,3,-1.010477e-01,-1.671844e-01,-3.069776e-01,3.638633e-01,1.271451e-01,2.143663e-01,3.164711e-01,2.716504e-01,1.972305e+00,-2.468311e+00,-3.474325e-03,1.522150e-01,-1.809852e-01,338.5837
33.0800,SS,3,-8.968297e-02,-9.188678e-02,-3.946815e-01,4.150418e-01,1.085148e-01,1.357239e-01,3.861693e-01,2.777645e-01,1.987976e+00,-2.460429e+00,-2.903572e-03,1.566207e-01,-1.856705e-01,319.9836
33.1800,SS,3,-7.757695e-02,-1.713688e-02,-4.768498e-01,4.834228e-01,8.904271e-02,5.824085e-02,4.488337e-01,2.830567e-01,2.000040e+00,-2.449424e+00,-2.307693e-03,1.609974e-01,-1.902492e-01,301.5620
33.2800,SS,3,-6.463355e-02,5.859127e-02,-5.562414e-01,5.630408e-01,6.871207e-02,-1.920389e-02,5.071124e-01,2.874773e-01,2.008487e+00,-2.435497e+00,-1.690529e-03,1.653306e-01,-1.947056e-01,283.3636
33.3800,SS,3,-4.925894e-02,1.474141e-01,-6.509411e-01,6.692396e-01,4.451837e-02,-1.140737e-01,5.812957e-01,2.908655e-01,2.012771e+00,-2.418132e+00,-1.056463e-03,1.696052e-01,-1.990235e-01,265.4331
33.4800,SS,3,-3.403182e-02,2.332580e-01,-7.375407e-01,7.742956e-01,2.190931e-02,-2.014143e-01,6.460278e-01,2.932265e-01,2.012752e+00,-2.397378e+00,-4.102699e-04,1.738043e-01,-2.031853e-01,247.8145
33.5800,SS,3,-1.868804e-02,3.159438e-01,-8.164337e-01,8.756333e-01,-8.238182e-04,-2.846147e-01,7.016274e-01,2.945814e-01,2.008758e+00,-2.373725e+00,2.435729e-04,1.779128e-01,-2.071753e-01,230.5502
33.6800,SS,3,-3.371615e-03,3.952020e-01,-8.874500e-01,9.714749e-01,-2.328823e-02,-3.663797e-01,7.521872e-01,2.949242e-01,2.000831e+00,-2.347405e+00,9.004667e-04,1.819162e-01,-2.109796e-01,213.6814
33.7800,SS,3,1.173822e-02,4.707481e-01,-9.507080e-01,1.060937e+00,-4.523393e-02,-4.453908e-01,7.968603e-01,2.942716e-01,1.989060e+00,-2.318638e+00,1.555874e-03,1.858006e-01,-2.145856e-01,197.2475
33.8800,SS,3,2.921922e-02,5.589145e-01,-1.029096e+00,1.171443e+00,-7.149134e-02,-5.419656e-01,8.559937e-01,2.924406e-01,1.972817e+00,-2.286862e+00,2.204914e-03,1.895515e-01,-2.179795e-01,181.2874
33.9800,SS,3,4.608742e-02,6.447299e-01,-1.102754e+00,1.278228e+00,-9.634301e-02,-6.318036e-01,9.074985e-01,2.894523e-01,1.952148e+00,-2.252253e+00,2.842464e-03,1.931528e-01,-2.211467e-01,165.8386
34.0800,SS,3,6.166995e-02,7.238909e-01,-1.166339e+00,1.374106e+00,-1.193792e-01,-7.156612e-01,9.510659e-01,2.853842e-01,1.927323e+00,-2.215169e+00,3.464017e-03,1.965902e-01,-2.240741e-01,150.9364
34.1800,SS,3,7.599171e-02,7.961647e-01,-1.219887e+00,1.458690e+00,-1.407260e-01,-7.926709e-01,9.856796e-01,2.803083e-01,1.898610e+00,-2.175960e+00,4.065627e-03,1.998505e-01,-2.267504e-01,136.6140
34.2800,SS,3,8.902665e-02,8.613712e-01,-1.263600e+00,1.531852e+00,-1.603560e-01,-8.625431e-01,1.011459e+00,2.742956e-01,1.866311e+00,-2.135009e+00,4.643847e-03,2.029220e-01,-2.291664e-01,122.9026
34.3800,SS,3,1.032005e-01,9.322497e-01,-1.314400e+00,1.614740e+00,-1.823779e-01,-9.407901e-01,1.043020e+00,2.672420e-01,1.830128e+00,-2.092085e+00,5.195267e-03,2.057933e-01,-2.313128e-01,109.8319
34.4800,SS,3,1.175107e-01,1.005831e+00,-1.369164e+00,1.702973e+00,-2.048417e-01,-1.021164e+00,1.076561e+00,2.591064e-01,1.789901e+00,-2.047077e+00,5.716338e-03,2.084521e-01,-2.331794e-01,97.4299
34.5800,SS,3,1.292228e-01,1.069344e+00,-1.412264e+00,1.776143e+00,-2.234427e-01,-1.089747e+00,1.100331e+00,2.500436e-01,1.746055e+00,-2.000379e+00,6.204255e-03,2.108868e-01,-2.347566e-01,85.7231
34.6800,SS,3,1.386555e-01,1.122775e+00,-1.443694e+00,1.834149e+00,-2.390612e-01,-1.148307e+00,1.114524e+00,2.401943e-01,1.699024e+00,-1.952380e+00,6.657311e-03,2.130882e-01,-2.360371e-01,74.7359
34.7800,SS,3,1.460002e-01,1.166188e+00,-1.463625e+00,1.877101e+00,-2.518588e-01,-1.196336e+00,1.118834e+00,2.296847e-01,1.649261e+00,-1.903507e+00,7.074604e-03,2.150489e-01,-2.370158e-01,64.4917
34.8800,SS,3,1.528708e-01,1.206499e+00,-1.480718e+00,1.916125e+00,-2.644132e-01,-1.242011e+00,1.120154e+00,2.185328e-01,1.596904e+00,-1.853895e+00,7.455651e-03,2.167628e-01,-2.376890e-01,55.0140
34.9800,SS,3,1.621633e-01,1.257673e+00,-1.512388e+00,1.973665e+00,-2.813506e-01,-1.300494e+00,1.131366e+00,2.065483e-01,1.541444e+00,-1.803108e+00,7.799531e-03,2.182231e-01,-2.380517e-01,46.3288
35.0800,SS,3,1.678844e-01,1.296199e+00,-1.531248e+00,2.013216e+00,-2.924571e-01,-1.343249e+00,1.133817e+00,1.939432e-01,1.483423e+00,-1.751570e+00,8.105649e-03,2.194231e-01,-2.380987e-01,38.4671
35.1800,SS,3,1.707335e-01,1.322351e+00,-1.537197e+00,2.034880e+00,-2.996069e-01,-1.373548e+00,1.126820e+00,1.809232e-01,1.423409e+00,-1.699641e+00,8.374914e-03,2.203587e-01,-2.378274e-01,31.4694
35.2800,SS,3,1.711745e-01,1.336527e+00,-1.530210e+00,2.038909e+00,-3.033491e-01,-1.391074e+00,1.109340e+00,1.676479e-01,1.361963e+00,-1.647776e+00,8.609089e-03,2.210280e-01,-2.372377e-01,25.3941
35.3800,SS,3,1.695454e-01,1.339138e+00,-1.510555e+00,2.025787e+00,-3.038988e-01,-1.396236e+00,1.082185e+00,1.542677e-01,1.299640e+00,-1.596418e+00,8.810559e-03,2.214317e-01,-2.363321e-01,20.3298
35.4800,SS,3,1.734105e-01,1.360860e+00,-1.514057e+00,2.043130e+00,-3.137985e-01,-1.423919e+00,1.068576e+00,1.404166e-01,1.235606e+00,-1.544897e+00,8.980784e-03,2.215693e-01,-2.351120e-01,16.4047
35.5800,SS,3,1.735765e-01,1.370075e+00,-1.505503e+00,2.042982e+00,-3.170011e-01,-1.435774e+00,1.049698e+00,1.262923e-01,1.170372e+00,-1.493648e+00,9.120608e-03,2.214398e-01,-2.335777e-01,13.7587
35.6800,SS,3,1.706358e-01,1.365624e+00,-1.482982e+00,2.023186e+00,-3.153494e-01,-1.433352e+00,1.022403e+00,1.121627e-01,1.104607e+00,-1.442948e+00,9.232554e-03,2.210448e-01,-2.317321e-01,12.4250
35.7800,SS,3,1.653829e-01,1.348219e+00,-1.446097e+00,1.983997e+00,-3.102309e-01,-1.416876e+00,9.836799e-01,9.820019e-02,1.038936e+00,-1.393284e+00,9.319931e-03,2.203883e-01,-2.295809e-01,12.1801
35.8800,SS,3,1.583081e-01,1.318484e+00,-1.394992e+00,1.925997e+00,-3.018765e-01,-1.387227e+00,9.350272e-01,8.455828e-02,9.739693e-01,-1.345130e+00,9.386374e-03,2.194768e-01,-2.271331e-01,12.5925
35.9800,SS,3,1.556097e-01,1.287943e+00,-1.331310e+00,1.858870e+00,-2.991415e-01,-1.356114e+00,8.689881e-01,7.104908e-02,9.097595e-01,-1.299008e+00,9.434446e-03,2.183179e-01,-2.243999e-01,13.2485
36.0800,SS,3,1.533571e-01,1.250879e+00,-1.255706e+00,1.779049e+00,-2.955958e-01,-1.317803e+00,7.951792e-01,5.764123e-02,8.466833e-01,-1.255593e+00,9.464789e-03,2.169198e-01,-2.213952e-01,13.8758
36.1800,SS,3,1.485799e-01,1.201764e+00,-1.167941e+00,1.682379e+00,-2.870132e-01,-1.267127e+00,7.182335e-01,4.454769e-02,7.853217e-01,-1.215145e+00,9.478280e-03,2.152927e-01,-2.181355e-01,14.3316
36.2800,SS,3,1.420922e-01,1.141279e+00,-1.067696e+00,1.569294e+00,-2.753813e-01,-1.204400e+00,6.331811e-01,3.193867e-02,7.262346e-01,-1.177963e+00,9.476551e-03,2.134484e-01,-2.146395e-01,14.5575
36.3800,SS,3,1.343983e-01,1.070078e+00,-9.549017e-01,1.440475e+00,-2.613280e-01,-1.130157e+00,5.393846e-01,1.992832e-02,6.699635e-01,-1.144475e+00,9.461311e-03,2.114013e-01,-2.109285e-01,14.5453
36.4800,SS,3,1.258728e-01,9.887208e-01,-8.297330e-01,1.296869e+00,-2.450970e-01,-1.045084e+00,4.376760e-01,8.619746e-03,6.170277e-01,-1.115082e+00,9.434161e-03,2.091672e-01,-2.070265e-01,14.3171
36.5800,SS,3,1.168588e-01,8.977539e-01,-6.923867e-01,1.139744e+00,-2.271414e-01,-9.497076e-01,3.278305e-01,-1.902307e-03,5.679213e-01,-1.090185e+00,9.396486e-03,2.067639e-01,-2.029599e-01,13.9136
36.6800,SS,3,1.214214e-01,7.906896e-01,-5.601684e-01,9.765868e-01,-2.169769e-01,-8.425442e-01,2.401086e-01,-1.169422e-02,5.231691e-01,-1.069610e+00,9.348892e-03,2.042109e-01,-1.987570e-01,13.3865
36.7800,SS,3,1.250522e-01,6.872765e-01,-4.523078e-01,8.322075e-01,-2.193752e-01,-7.268855e-01,1.270331e-01,-2.151441e-02,4.833042e-01,-1.053284e+00,9.286350e-03,2.015300e-01,-1.944430e-01,12.7785
36.8800,SS,3,1.180763e-01,5.867825e-01,-3.616548e-01,6.993210e-01,-2.035316e-01,-6.207577e-01,6.596658e-02,-3.094064e-02,4.483566e-01,-1.040689e+00,9.203136e-03,1.987438e-01,-1.900436e-01,12.1161
36.9800,SS,3,1.046339e-01,4.892217e-01,-2.832737e-01,5.749174e-01,-1.785605e-01,-5.214063e-01,3.064433e-02,-3.936240e-02,4.178377e-01,-1.029815e+00,9.100349e-03,1.958729e-01,-1.855786e-01,11.4182
37.0800,SS,3,8.788465e-02,3.958401e-01,-2.138777e-01,4.584286e-01,-1.517485e-01,-4.236321e-01,-4.523738e-03,-4.662203e-02,3.916274e-01,-1.020402e+00,8.981987e-03,1.929368e-01,-1.810648e-01,10.6979
37.1800,SS,3,6.950283e-02,3.070593e-01,-1.516243e-01,3.494367e-01,-1.233786e-01,-3.304330e-01,-3.320825e-02,-5.265000e-02,3.695910e-01,-1.012308e+00,8.852787e-03,1.899542e-01,-1.765191e-01,9.9651
37.2800,SS,3,5.063750e-02,2.232105e-01,-9.529620e-02,2.479283e-01,-9.442748e-02,-2.427716e-01,-5.519904e-02,-5.739472e-02,3.515034e-01,-1.005222e+00,8.718075e-03,1.869427e-01,-1.719567e-01,9.2278
37.3800,SS,3,3.207061e-02,1.447017e-01,-4.412410e-02,1.546417e-01,-6.627517e-02,-1.606578e-01,-7.389032e-02,-6.086602e-02,3.371286e-01,-9.989587e-01,8.583329e-03,1.839187e-01,-1.673917e-01,8.4924
37.4800,SS,3,1.434462e-02,7.185548e-02,2.317808e-03,7.330996e-02,-3.934830e-02,-8.415636e-02,-8.949393e-02,-6.310522e-02,3.262436e-01,-9.934048e-01,8.453767e-03,1.808974e-01,-1.628372e-01,7.7645
37.5800,SS,3,-2.142326e-03,4.924510e-03,4.437331e-02,4.469711e-02,-1.413313e-02,-1.399609e-02,-1.020910e-01,-6.417209e-02,3.186002e-01,-9.884401e-01,8.334209e-03,1.778927e-01,-1.583053e-01,7.0490
37.6800,SS,3,-1.713831e-02,-5.589393e-02,8.227920e-02,1.009342e-01,9.022535e-03,4.977582e-02,-1.124105e-01,-6.414590e-02,3.139360e-01,-9.839721e-01,8.228940e-03,1.749172e-01,-1.538067e-01,6.3503
37.7800,SS,3,-3.047252e-02,-1.104800e-01,1.161999e-01,1.632079e-01,2.992268e-02,1.070805e-01,-1.207227e-01,-6.311779e-02,3.119859e-01,-9.799277e-01,8.141625e-03,1.719824e-01,-1.493515e-01,5.6721
37.8800,SS,3,-4.203423e-02,-1.587862e-01,1.462916e-01,2.199572e-01,4.841279e-02,1.578089e-01,-1.272478e-01,-6.118737e-02,3.124774e-01,-9.762417e-01,8.075268e-03,1.690984e-01,-1.449484e-01,5.0181
37.9800,SS,3,-5.178827e-02,-2.008341e-01,1.726951e-01,2.698888e-01,6.435512e-02,2.018902e-01,-1.323809e-01,-5.846216e-02,3.151320e-01,-9.728621e-01,8.032182e-03,1.662738e-01,-1.406054e-01,4.3915
38.0900,DS_interstep,3,-1.539613e+00,-2.072936e+00,-4.710886e+00,5.372143e+00,1.537765e+00,2.052935e+00,4.745192e+00,-5.077148e-02,3.253819e-01,-9.490882e-01,8.078721e-03,1.659178e-01,-1.401702e-01,4.1194
38.1000,DS_interstep,3,1.364317e+00,2.066280e+00,1.100200e+00,2.709486e+00,-8.413421e-01,-2.790554e+00,-9.500395e-01,-5.497595e-02,3.114136e-01,-9.537911e-01,8.203286e-03,1.654635e-01,-1.397064e-01,3.2947
38.1100,DS_interstep,3,5.864508e-01,1.430385e+00,1.163296e+00,1.934731e+00,-3.715654e-01,-1.702285e+00,-9.878783e-01,-5.683104e-02,3.028869e-01,-9.586828e-01,8.352122e-03,1.649864e-01,-1.392197e-01,2.4859
38.1200,DS_interstep,3,-3.130587e-01,1.228111e+00,-4.716165e-01,1.352288e+00,3.573951e-01,-1.265489e+00,5.783209e-01,-5.504117e-02,2.965442e-01,-9.557434e-01,8.497222e-03,1.645234e-01,-1.387244e-01,1.8060
38.1300,DS_interstep,3,-9.042794e-01,8.946754e-01,-1.532538e+00,1.991692e+00,8.643611e-01,-8.257243e-01,1.584300e+00,-5.071655e-02,2.924006e-01,-9.477742e-01,8.625896e-03,1.640893e-01,-1.382308e-01,1.2770
38.1400,DS_interstep,3,-1.132264e+00,6.682440e-01,-2.084683e+00,2.464645e+00,1.057512e+00,-5.627254e-01,2.100857e+00,-4.542640e-02,2.895721e-01,-9.372227e-01,8.733952e-03,1.636873e-01,-1.377449e-01,0.8842
38.1500,DS_interstep,3,-1.121401e+00,4.488749e-01,-2.204310e+00,2.513566e+00,1.038262e+00,-3.420148e-01,2.203503e+00,-4.023278e-02,2.878474e-01,-9.261586e-01,8.821513e-03,1.633151e-01,-1.372686e-01,0.6016
38.1600,DS_interstep,3,-9.739183e-01,2.554694e-01,-2.086093e+00,2.316369e+00,8.950821e-01,-1.628409e-01,2.080736e+00,-3.575532e-02,2.870186e-01,-9.157088e-01,8.890769e-03,1.629681e-01,-1.368020e-01,0.4030
38.1700,DS_interstep,3,-7.757227e-01,1.079585e-01,-1.867904e+00,2.025455e+00,7.083724e-01,-3.626528e-02,1.867127e+00,-3.221165e-02,2.868228e-01,-9.063275e-01,8.945315e-03,1.626408e-01,-1.363430e-01,0.2656
38.1800,DS_interstep,3,-5.872912e-01,3.394463e-02,-1.633554e+00,1.736249e+00,5.360601e-01,1.424119e-02,1.643586e+00,-2.952972e-02,2.868796e-01,-8.980644e-01,8.988736e-03,1.623278e-01,-1.358891e-01,0.1718
38.1900,DS_interstep,3,-4.352168e-01,-5.023915e-02,-1.419493e+00,1.485563e+00,3.962389e-01,8.026847e-02,1.439071e+00,-2.754703e-02,2.872665e-01,-8.908243e-01,9.023405e-03,1.620257e-01,-1.354384e-01,0.1083
38.2000,DS_interstep,3,-3.147227e-01,-1.699193e-01,-1.257164e+00,1.307052e+00,2.828747e-01,1.882247e-01,1.283022e+00,-2.613125e-02,2.881931e-01,-8.843648e-01,9.050629e-03,1.617322e-01,-1.349898e-01,0.0656
38.2100,DS_interstep,3,-2.200590e-01,-3.405385e-01,-1.164376e+00,1.232950e+00,1.914239e-01,3.523432e-01,1.193891e+00,-2.517280e-02,2.899403e-01,-8.783513e-01,9.071118e-03,1.614460e-01,-1.345425e-01,0.0373
38.2200,DS_interstep,3,-1.505484e-01,-5.379816e-01,-1.149072e+00,1.277676e+00,1.244132e-01,5.456986e-01,1.181875e+00,-2.454944e-02,2.926542e-01,-8.723982e-01,9.085777e-03,1.611660e-01,-1.340956e-01,0.0189
38.2300,DS_interstep,3,-1.078502e-01,-7.156467e-01,-1.181366e+00,1.385427e+00,8.614710e-02,7.191858e-01,1.218718e+00,-2.411746e-02,2.962354e-01,-8.662611e-01,9.095877e-03,1.608913e-01,-1.336479e-01,0.0074
38.2400,DS_interstep,3,-9.323166e-02,-8.591401e-01,-1.229894e+00,1.503148e+00,7.713270e-02,8.586440e-01,1.272072e+00,-2.373057e-02,3.005136e-01,-8.598576e-01,9.102784e-03,1.606208e-01,-1.331986e-01,0.0022
38.2500,DS_interstep,3,-1.039358e-01,-9.737272e-01,-1.277057e+00,1.609293e+00,9.341033e-02,9.700212e-01,1.323187e+00,-2.326234e-02,3.053486e-01,-8.531989e-01,9.107755e-03,1.603539e-01,-1.327469e-01,0.0050
38.2600,DS_interstep,3,-1.345278e-01,-1.070035e+00,-1.312464e+00,1.698715e+00,1.289829e-01,1.064178e+00,1.361264e+00,-2.261627e-02,3.106540e-01,-8.463501e-01,9.111870e-03,1.600901e-01,-1.322925e-01,0.0072
38.2700,DS_interstep,3,-1.782408e-01,-1.154954e+00,-1.327671e+00,1.768727e+00,1.769815e-01,1.147874e+00,1.377928e+00,-2.173026e-02,3.163777e-01,-8.394183e-01,9.116034e-03,1.598292e-01,-1.318350e-01,0.0083
38.2800,DS_interstep,3,-2.281797e-01,-1.230470e+00,-1.315186e+00,1.815444e+00,2.305421e-01,1.222855e+00,1.365885e+00,-2.057650e-02,3.224760e-01,-8.325471e-01,9.120991e-03,1.595711e-01,-1.313746e-01,0.0088
38.2900,DS_interstep,3,-2.781808e-01,-1.295450e+00,-1.269893e+00,1.835267e+00,2.835329e-01,1.287762e+00,1.320219e+00,-1.915786e-02,3.288985e-01,-8.259046e-01,9.127328e-03,1.593157e-01,-1.309116e-01,0.0089
38.3000,DS_interstep,3,-3.234677e-01,-1.347766e+00,-1.190767e+00,1.827301e+00,3.312057e-01,1.340289e+00,1.240104e+00,-1.750093e-02,3.355833e-01,-8.196630e-01,9.135490e-03,1.590631e-01,-1.304462e-01,0.0088
38.3100,DS_interstep,3,-3.610545e-01,-1.385818e+00,-1.081556e+00,1.794607e+00,3.706267e-01,1.378691e+00,1.129507e+00,-1.564699e-02,3.424598e-01,-8.139746e-01,9.145799e-03,1.588132e-01,-1.299788e-01,0.0086
38.3200,DS_interstep,3,-3.897454e-01,-1.409170e+00,-9.499133e-01,1.743558e+00,4.006827e-01,1.402418e+00,9.962998e-01,-1.364286e-02,3.494545e-01,-8.089525e-01,9.158473e-03,1.585661e-01,-1.295098e-01,0.0084
38.3300,DS_interstep,3,-4.097326e-01,-1.418476e+00,-8.053891e-01,1.681846e+00,4.216629e-01,1.412042e+00,8.502225e-01,-1.153394e-02,3.564971e-01,-8.046611e-01,9.173655e-03,1.583218e-01,-1.290396e-01,0.0082
38.3400,DS_interstep,3,-4.219991e-01,-1.415048e+00,-6.572540e-01,1.616300e+00,4.346372e-01,1.408828e+00,7.006760e-01,-9.360254e-03,3.635232e-01,-8.011176e-01,9.191428e-03,1.580803e-01,-1.285684e-01,0.0080
38.3500,DS_interstep,3,-4.277789e-01,-1.400421e+00,-5.129470e-01,1.551544e+00,4.409039e-01,1.394295e+00,5.551636e-01,-7.155345e-03,3.704763e-01,-7.983018e-01,9.211828e-03,1.578415e-01,-1.280967e-01,0.0078
38.3600,DS_interstep,3,-4.282224e-01,-1.376100e+00,-3.774322e-01,1.489792e+00,4.416539e-01,1.369951e+00,4.186595e-01,-4.946795e-03,3.773073e-01,-7.961686e-01,9.234854e-03,1.576054e-01,-1.276245e-01,0.0076
38.3700,DS_interstep,3,-4.242762e-01,-1.343509e+00,-2.533001e-01,1.431499e+00,4.378579e-01,1.337240e+00,2.937314e-01,-2.757336e-03,3.839745e-01,-7.946602e-01,9.260472e-03,1.573719e-01,-1.271520e-01,0.0074
38.3800,DS_interstep,3,-4.167001e-01,-1.304048e+00,-1.412865e-01,1.376278e+00,4.302932e-01,1.297580e+00,1.810776e-01,-6.058072e-04,3.904430e-01,-7.937151e-01,9.288618e-03,1.571409e-01,-1.266795e-01,0.0071
38.3900,DS_interstep,3,-4.061377e-01,-1.259151e+00,-4.091428e-02,1.323663e+00,4.196202e-01,1.252429e+00,8.018176e-02,1.492251e-03,3.966854e-01,-7.932745e-01,9.319206e-03,1.569122e-01,-1.262069e-01,0.0068
38.4000,DS_interstep,3,-3.931784e-01,-1.210302e+00,4.892808e-02,1.273505e+00,4.064479e-01,1.203287e+00,-1.010128e-02,3.524345e-03,4.026819e-01,-7.932854e-01,9.352130e-03,1.566858e-01,-1.257344e-01,0.0065
38.4100,DS_interstep,3,-3.783887e-01,-1.158983e+00,1.295555e-01,1.226052e+00,3.913653e-01,1.151654e+00,-9.111270e-02,5.480927e-03,4.084198e-01,-7.937012e-01,9.387272e-03,1.564615e-01,-1.252621e-01,0.0062
38.4200,DS_interstep,3,-3.623125e-01,-1.106593e+00,2.022198e-01,1.181825e+00,3.749393e-01,1.098941e+00,-1.641233e-01,7.355286e-03,4.138940e-01,-7.944821e-01,9.424504e-03,1.562392e-01,-1.247901e-01,0.0059
38.4300,DS_interstep,3,-3.454516e-01,-1.054369e+00,2.679839e-01,1.141423e+00,3.576942e-01,1.046396e+00,-2.302097e-01,9.143328e-03,4.191051e-01,-7.955934e-01,9.463697e-03,1.560189e-01,-1.243183e-01,0.0056
38.4400,DS_interstep,3,-3.282414e-01,-1.003322e+00,3.276968e-01,1.105343e+00,3.400846e-01,9.950376e-01,-2.902301e-01,1.084324e-02,4.240592e-01,-7.970048e-01,9.504721e-03,1.558004e-01,-1.238469e-01,0.0053
38.4500,DS_interstep,3,-3.110322e-01,-9.542084e-01,3.820236e-01,1.073870e+00,3.224755e-01,9.456293e-01,-3.448568e-01,1.245502e-02,4.287660e-01,-7.986892e-01,9.547453e-03,1.555835e-01,-1.233760e-01,0.0049
38.4600,DS_interstep,3,-2.940798e-01,-9.075318e-01,4.314983e-01,1.047038e+00,3.051337e-01,8.986791e-01,-3.946291e-01,1.398001e-02,4.332378e-01,-8.006223e-01,9.591772e-03,1.553684e-01,-1.229056e-01,0.0046
38.4700,DS_interstep,3,-2.775589e-01,-8.635906e-01,4.765563e-01,1.024663e+00,2.882408e-01,8.544882e-01,-4.399858e-01,1.542047e-02,4.374885e-01,-8.027822e-01,9.637566e-03,1.551547e-01,-1.224357e-01,0.0044
38.4800,DS_interstep,3,-2.616379e-01,-8.226613e-01,5.174464e-01,1.006467e+00,2.719718e-01,8.133354e-01,-4.811749e-01,1.677951e-02,4.415332e-01,-8.051478e-01,9.684729e-03,1.549425e-01,-1.219665e-01,0.0041
38.4900,DS_interstep,3,-2.463353e-01,-7.846786e-01,5.545003e-01,9.919033e-01,2.563440e-01,7.751567e-01,-5.185332e-01,1.806035e-02,4.453868e-01,-8.077002e-01,9.733165e-03,1.547317e-01,-1.214979e-01,0.0039
38.5000,DS_interstep,3,-2.315765e-01,-7.493767e-01,5.881768e-01,9.803801e-01,2.412795e-01,7.396847e-01,-5.525231e-01,1.926580e-02,4.490628e-01,-8.104223e-01,9.782780e-03,1.545222e-01,-1.210301e-01,0.0036
38.5100,DS_interstep,3,-2.172823e-01,-7.164697e-01,6.189205e-01,9.713923e-01,2.266968e-01,7.066303e-01,-5.835890e-01,2.039829e-02,4.525734e-01,-8.132997e-01,9.833489e-03,1.543140e-01,-1.205631e-01,0.0034
38.5200,DS_interstep,3,-2.033869e-01,-6.856863e-01,6.471107e-01,9.645124e-01,2.125279e-01,6.757190e-01,-6.121088e-01,2.145987e-02,4.559293e-01,-8.163195e-01,9.885209e-03,1.541071e-01,-1.200969e-01,0.0033
38.5300,DS_interstep,3,-1.898407e-01,-6.567843e-01,6.730566e-01,9.593801e-01,1.987212e-01,6.467057e-01,-6.383898e-01,2.245237e-02,4.591400e-01,-8.194705e-01,9.937862e-03,1.539013e-01,-1.196316e-01,0.0031
38.5400,DS_interstep,3,-1.766088e-01,-6.295528e-01,6.970033e-01,9.556888e-01,1.852402e-01,6.193765e-01,-6.626751e-01,2.337742e-02,4.622138e-01,-8.227428e-01,9.991376e-03,1.536966e-01,-1.191674e-01,0.0030
38.5500,DS_interstep,3,-1.636688e-01,-6.038097e-01,7.191431e-01,9.531738e-01,1.720607e-01,5.935469e-01,-6.851545e-01,2.423652e-02,4.651583e-01,-8.261274e-01,1.004568e-02,1.534931e-01,-1.187041e-01,0.0028
38.5600,DS_interstep,3,-1.510077e-01,-5.793982e-01,7.396247e-01,9.516041e-01,1.591680e-01,5.690583e-01,-7.059747e-01,2.503113e-02,4.679803e-01,-8.296158e-01,1.010071e-02,1.532905e-01,-1.182420e-01,0.0027
38.5700,DS_interstep,3,-1.386195e-01,-5.561835e-01,7.585636e-01,9.507756e-01,1.465549e-01,5.457739e-01,-7.252487e-01,2.576263e-02,4.706857e-01,-8.332005e-01,1.015639e-02,1.530891e-01,-1.177810e-01,0.0026
38.5800,DS_interstep,3,-1.265045e-01,-5.340548e-01,7.760563e-01,9.505164e-01,1.342206e-01,5.235814e-01,-7.430711e-01,2.643242e-02,4.732800e-01,-8.368741e-01,1.021268e-02,1.528886e-01,-1.173212e-01,0.0025
38.5900,DS_interstep,3,-1.146752e-01,-5.129615e-01,7.922329e-01,9.507433e-01,1.221764e-01,5.024291e-01,-7.595702e-01,2.704196e-02,4.757684e-01,-8.406300e-01,1.026949e-02,1.526890e-01,-1.168627e-01,0.0024
38.6000,DS_interstep,3,-1.031340e-01,-4.928056e-01,8.071527e-01,9.513094e-01,1.104240e-01,4.822183e-01,-7.748044e-01,2.759271e-02,4.781556e-01,-8.444619e-01,1.032679e-02,1.524904e-01,-1.164055e-01,0.0023
38.6100,DS_interstep,3,-9.188278e-02,-4.734891e-01,8.208414e-01,9.520583e-01,9.896434e-02,4.628499e-01,-7.887978e-01,2.808614e-02,4.804459e-01,-8.483635e-01,1.038451e-02,1.522927e-01,-1.159496e-01,0.0022
38.6200,DS_interstep,3,-8.092503e-02,-4.549314e-01,8.333186e-01,9.528543e-01,8.780029e-02,4.442423e-01,-8.015690e-01,2.852372e-02,4.826430e-01,-8.523288e-01,1.044259e-02,1.520958e-01,-1.154951e-01,0.0021
38.6300,DS_interstep,3,-7.026479e-02,-4.370611e-01,8.445986e-01,9.535756e-01,7.693549e-02,4.263237e-01,-8.131314e-01,2.890696e-02,4.847505e-01,-8.563518e-01,1.050099e-02,1.518998e-01,-1.150420e-01,0.0021
38.6400,DS_interstep,3,-5.990688e-02,-4.198168e-01,8.546938e-01,9.541155e-01,6.637450e-02,4.090318e-01,-8.234962e-01,2.923738e-02,4.867713e-01,-8.604263e-01,1.055966e-02,1.517047e-01,-1.145904e-01,0.0020
38.6500,DS_interstep,3,-4.985687e-02,-4.031460e-01,8.636153e-01,9.543814e-01,5.612286e-02,3.923138e-01,-8.326742e-01,2.951652e-02,4.887085e-01,-8.645466e-01,1.061853e-02,1.515103e-01,-1.141402e-01,0.0019
38.6600,DS_interstep,3,-4.012103e-02,-3.870050e-01,8.713747e-01,9.542937e-01,4.618692e-02,3.761254e-01,-8.406763e-01,2.974597e-02,4.905646e-01,-8.687066e-01,1.067756e-02,1.513167e-01,-1.136916e-01,0.0019
38.6700,DS_interstep,3,-3.070615e-02,-3.713576e-01,8.779851e-01,9.537857e-01,3.657367e-02,3.604302e-01,-8.475154e-01,2.992735e-02,4.923422e-01,-8.729006e-01,1.073671e-02,1.511238e-01,-1.132445e-01,0.0018
38.6800,DS_interstep,3,-2.161928e-02,-3.561749e-01,8.834615e-01,9.528023e-01,2.729050e-02,3.451992e-01,-8.532064e-01,3.006230e-02,4.940435e-01,-8.771229e-01,1.079592e-02,1.509316e-01,-1.127989e-01,0.0018
38.6900,DS_interstep,3,-1.286751e-02,-3.414347e-01,8.878219e-01,9.512996e-01,1.834490e-02,3.304098e-01,-8.577674e-01,3.015252e-02,4.956708e-01,-8.813677e-01,1.085516e-02,1.507401e-01,-1.123549e-01,0.0017
38.7000,DS_interstep,3,-4.457709e-03,-3.271199e-01,8.910876e-01,9.492441e-01,9.744177e-03,3.160450e-01,-8.612198e-01,3.019973e-02,4.972262e-01,-8.856297e-01,1.091438e-02,1.505493e-01,-1.119125e-01,0.0017
38.7100,DS_interstep,3,3.603785e-03,-3.132186e-01,8.932836e-01,9.466121e-01,1.495184e-03,3.020929e-01,-8.635891e-01,3.020570e-02,4.987118e-01,-8.899032e-01,1.097353e-02,1.503592e-01,-1.114717e-01,0.0017
38.7200,DS_interstep,3,1.131135e-02,-2.997225e-01,8.944386e-01,9.433885e-01,-6.395958e-03,2.885453e-01,-8.649044e-01,3.017221e-02,5.001296e-01,-8.941831e-01,1.103258e-02,1.501696e-01,-1.110325e-01,0.0017
38.7300,DS_interstep,3,1.866032e-02,-2.866266e-01,8.945850e-01,9.395666e-01,-1.392407e-02,2.753974e-01,-8.651985e-01,3.010108e-02,5.014815e-01,-8.984643e-01,1.109149e-02,1.499807e-01,-1.105948e-01,0.0016
38.7400,DS_interstep,3,2.564714e-02,-2.739283e-01,8.937584e-01,9.351462e-01,-2.108512e-02,2.626464e-01,-8.645078e-01,2.999416e-02,5.027696e-01,-9.027418e-01,1.115023e-02,1.497923e-01,-1.101587e-01,0.0016
38.7500,DS_interstep,3,3.226951e-02,-2.616262e-01,8.919975e-01,9.301340e-01,-2.787633e-02,2.502915e-01,-8.628716e-01,2.985328e-02,5.039959e-01,-9.070109e-01,1.120875e-02,1.496045e-01,-1.097243e-01,0.0016
38.7600,DS_interstep,3,3.852647e-02,-2.497204e-01,8.893437e-01,9.245414e-01,-3.429635e-02,2.383328e-01,-8.603319e-01,2.968031e-02,5.051623e-01,-9.112671e-01,1.126703e-02,1.494172e-01,-1.092914e-01,0.0016
38.7700,DS_interstep,3,4.441845e-02,-2.382111e-01,8.858401e-01,9.183846e-01,-4.034525e-02,2.267706e-01,-8.569326e-01,2.947711e-02,5.062709e-01,-9.155060e-01,1.132504e-02,1.492304e-01,-1.088601e-01,0.0016
38.7800,DS_interstep,3,4.994731e-02,-2.270985e-01,8.815318e-01,9.116835e-01,-4.602457e-02,2.156055e-01,-8.527194e-01,2.924552e-02,5.073236e-01,-9.197237e-01,1.138275e-02,1.490441e-01,-1.084303e-01,0.0016
38.7900,DS_interstep,3,5.511630e-02,-2.163826e-01,8.764645e-01,9.044608e-01,-5.133734e-02,2.048376e-01,-8.477388e-01,2.898738e-02,5.083224e-01,-9.239163e-01,1.144013e-02,1.488583e-01,-1.080021e-01,0.0016
38.8000,DS_interstep,3,5.993005e-02,-2.060624e-01,8.706849e-01,8.967416e-01,-5.628799e-02,1.944661e-01,-8.420381e-01,2.870450e-02,5.092693e-01,-9.280802e-01,1.149716e-02,1.486729e-01,-1.075755e-01,0.0016
38.8100,DS_interstep,3,6.439448e-02,-1.961363e-01,8.642395e-01,8.885528e-01,-6.088236e-02,1.844895e-01,-8.356645e-01,2.839867e-02,5.101662e-01,-9.322120e-01,1.155382e-02,1.484880e-01,-1.071504e-01,0.0016
38.8200,DS_interstep,3,6.851675e-02,-1.866013e-01,8.571751e-01,8.799226e-01,-6.512755e-02,1.749051e-01,-8.286652e-01,2.807162e-02,5.110152e-01,-9.363086e-01,1.161008e-02,1.483034e-01,-1.067268e-01,0.0016
38.8300,DS_interstep,3,7.230515e-02,-1.774536e-01,8.495376e-01,8.708800e-01,-6.903187e-02,1.657091e-01,-8.210868e-01,2.772507e-02,5.118182e-01,-9.403671e-01,1.166594e-02,1.481193e-01,-1.063047e-01,0.0016
38.8400,DS_interstep,3,7.576901e-02,-1.686879e-01,8.413724e-01,8.614546e-01,-7.260472e-02,1.568964e-01,-8.129752e-01,2.736067e-02,5.125770e-01,-9.443849e-01,1.172137e-02,1.479355e-01,-1.058841e-01,0.0016
38.8500,DS_interstep,3,7.891857e-02,-1.602981e-01,8.327239e-01,8.516764e-01,-7.585646e-02,1.484608e-01,-8.043752e-01,2.698004e-02,5.132937e-01,-9.483594e-01,1.177636e-02,1.477521e-01,-1.054650e-01,0.0016
38.8600,DS_interstep,3,8.176487e-02,-1.522766e-01,8.236353e-01,8.415752e-01,-7.879830e-02,1.403950e-01,-7.953306e-01,2.658471e-02,5.139700e-01,-9.522885e-01,1.183089e-02,1.475690e-01,-1.050473e-01,0.0016
38.8700,DS_interstep,3,8.431960e-02,-1.446151e-01,8.141487e-01,8.311807e-01,-8.144217e-02,1.326908e-01,-7.858836e-01,2.617618e-02,5.146077e-01,-9.561702e-01,1.188497e-02,1.473863e-01,-1.046310e-01,0.0016
38.8800,DS_interstep,3,8.659502e-02,-1.373043e-01,8.043046e-01,8.205224e-01,-8.380056e-02,1.253387e-01,-7.760753e-01,2.575589e-02,5.152087e-01,-9.600027e-01,1.193857e-02,1.472038e-01,-1.042162e-01,0.0016
38.8900,DS_interstep,3,8.860377e-02,-1.303341e-01,7.941422e-01,8.096292e-01,-8.588639e-02,1.183288e-01,-7.659451e-01,2.532518e-02,5.157745e-01,-9.637843e-01,1.199169e-02,1.470217e-01,-1.038028e-01,0.0016
38.9000,DS_interstep,3,9.035881e-02,-1.236939e-01,7.836990e-01,7.985293e-01,-8.771290e-02,1.116504e-01,-7.555308e-01,2.488537e-02,5.163070e-01,-9.675137e-01,1.204432e-02,1.468398e-01,-1.033907e-01,0.0016
38.9100,DS_interstep,3,9.187322e-02,-1.173724e-01,7.730109e-01,7.872502e-01,-8.929351e-02,1.052923e-01,-7.448685e-01,2.443767e-02,5.168076e-01,-9.711895e-01,1.209646e-02,1.466582e-01,-1.029800e-01,0.0016
38.9200,DS_interstep,3,9.316015e-02,-1.113581e-01,7.621122e-01,7.758185e-01,-9.064166e-02,9.924286e-02,-7.339927e-01,2.398326e-02,5.172780e-01,-9.748108e-01,1.214811e-02,1.464769e-01,-1.025706e-01,0.0016
38.9300,DS_interstep,3,9.423267e-02,-1.056391e-01,7.510352e-01,7.642600e-01,-9.177076e-02,9.349032e-02,-7.229360e-01,2.352322e-02,5.177196e-01,-9.783767e-01,1.219926e-02,1.462958e-01,-1.021626e-01,0.0015
38.9400,DS_interstep,3,9.510371e-02,-1.002038e-01,7.398107e-01,7.525991e-01,-9.269403e-02,8.802277e-02,-7.117292e-01,2.305859e-02,5.181338e-01,-9.818863e-01,1.224991e-02,1.461150e-01,-1.017558e-01,0.0015
38.9500,DS_interstep,3,9.578592e-02,-9.504006e-02,7.284677e-01,7.408595e-01,-9.342446e-02,8.282832e-02,-7.004016e-01,2.259033e-02,5.185220e-01,-9.853391e-01,1.230006e-02,1.459343e-01,-1.013503e-01,0.0015
38.9600,DS_interstep,3,9.629164e-02,-9.013633e-02,7.170332e-01,7.290633e-01,-9.397467e-02,7.789520e-02,-6.889804e-01,2.211934e-02,5.188855e-01,-9.887346e-01,1.234971e-02,1.457539e-01,-1.009461e-01,0.0015
38.9700,DS_interstep,3,9.663283e-02,-8.548104e-02,7.055328e-01,7.172317e-01,-9.435691e-02,7.321184e-02,-6.774911e-01,2.164647e-02,5.192256e-01,-9.920726e-01,1.239886e-02,1.455737e-01,-1.005431e-01,0.0015
38.9800,DS_interstep,3,9.682101e-02,-8.106296e-02,6.939899e-01,7.053846e-01,-9.458295e-02,6.876695e-02,-6.659575e-01,2.117249e-02,5.195435e-01,-9.953527e-01,1.244751e-02,1.453937e-01,-1.001413e-01,0.0014
38.9900,DS_interstep,3,9.686722e-02,-7.687119e-02,6.824266e-01,6.935406e-01,-9.466411e-02,6.454956e-02,-6.544016e-01,2.069812e-02,5.198403e-01,-9.985748e-01,1.249567e-02,1.452139e-01,-9.974066e-02,0.0014
39.0000,DS_interstep,3,9.678201e-02,-7.289520e-02,6.708633e-01,6.817170e-01,-9.461115e-02,6.054912e-02,-6.428440e-01,2.022405e-02,5.201170e-01,-1.001739e+00,1.254333e-02,1.450343e-01,-9.934123e-02,0.0014
39.0100,DS_interstep,3,9.657541e-02,-6.912489e-02,6.593186e-01,6.699299e-01,-9.443433e-02,5.675547e-02,-6.313035e-01,1.975088e-02,5.203748e-01,-1.004845e+00,1.259050e-02,1.448548e-01,-9.894294e-02,0.0014
39.0200,DS_interstep,3,9.625694e-02,-6.555058e-02,6.478097e-01,6.581942e-01,-9.414335e-02,5.315888e-02,-6.197973e-01,1.927919e-02,5.206145e-01,-1.007894e+00,1.263718e-02,1.446755e-01,-9.854579e-02,0.0014
39.0300,DS_interstep,3,9.583561e-02,-6.216304e-02,6.363523e-01,6.465238e-01,-9.374740e-02,4.975007e-02,-6.083413e-01,1.880951e-02,5.208372e-01,-1.010885e+00,1.268338e-02,1.444963e-01,-9.814974e-02,0.0013
39.0400,DS_interstep,3,9.531989e-02,-5.895346e-02,6.249608e-01,6.349311e-01,-9.325512e-02,4.652020e-02,-5.969499e-01,1.834231e-02,5.210438e-01,-1.013819e+00,1.272910e-02,1.443173e-01,-9.775479e-02,0.0013
39.0500,DS_interstep,3,9.471779e-02,-5.591348e-02,6.136483e-01,6.234277e-01,-9.267466e-02,4.346085e-02,-5.856364e-01,1.787803e-02,5.212350e-01,-1.016697e+00,1.277435e-02,1.441384e-01,-9.736090e-02,0.0013
39.0600,DS_interstep,3,9.403684e-02,-5.303512e-02,6.024265e-01,6.120240e-01,-9.201367e-02,4.056403e-02,-5.744126e-01,1.741709e-02,5.214118e-01,-1.019518e+00,1.281912e-02,1.439597e-01,-9.696806e-02,0.0013
39.0700,DS_interstep,3,9.328410e-02,-5.031083e-02,5.913062e-01,6.007296e-01,-9.127934e-02,3.782214e-02,-5.632892e-01,1.695984e-02,5.215748e-01,-1.022283e+00,1.286344e-02,1.437811e-01,-9.657625e-02,0.0013
39.0800,DS_interstep,3,9.246621e-02,-4.773340e-02,5.802968e-01,5.895531e-01,-9.047842e-02,3.522793e-02,-5.522760e-01,1.650661e-02,5.217249e-01,-1.024993e+00,1.290729e-02,1.436026e-01,-9.618544e-02,0.0012
39.0900,DS_interstep,3,9.158942e-02,-4.529598e-02,5.694069e-01,5.785020e-01,-8.961724e-02,3.277454e-02,-5.413816e-01,1.605771e-02,5.218627e-01,-1.027649e+00,1.295069e-02,1.434243e-01,-9.579563e-02,0.0012
39.1000,DS_interstep,3,9.065956e-02,-4.299202e-02,5.586443e-01,5.675834e-01,-8.870173e-02,3.045540e-02,-5.306139e-01,1.561342e-02,5.219889e-01,-1.030251e+00,1.299364e-02,1.432461e-01,-9.540679e-02,0.0012
39.1100,DS_interstep,3,8.968215e-02,-4.081527e-02,5.480157e-01,5.568034e-01,-8.773749e-02,2.826422e-02,-5.199796e-01,1.517396e-02,5.221041e-01,-1.032799e+00,1.303614e-02,1.430679e-01,-9.501890e-02,0.0012
39.1200,DS_interstep,3,8.866236e-02,-3.875976e-02,5.375271e-01,5.461673e-01,-8.672976e-02,2.619501e-02,-5.094849e-01,1.473957e-02,5.222089e-01,-1.035295e+00,1.307821e-02,1.428899e-01,-9.463194e-02,0.0012
39.1300,DS_interstep,3,8.760504e-02,-3.681973e-02,5.271837e-01,5.356799e-01,-8.568346e-02,2.424199e-02,-4.991350e-01,1.431043e-02,5.223040e-01,-1.037739e+00,1.311985e-02,1.427120e-01,-9.424590e-02,0.0011
39.1400,DS_interstep,3,8.651476e-02,-3.498967e-02,5.169901e-01,5.253454e-01,-8.460323e-02,2.239963e-02,-4.889348e-01,1.388671e-02,5.223899e-01,-1.040131e+00,1.316107e-02,1.425342e-01,-9.386075e-02,0.0011
39.1500,DS_interstep,3,8.539583e-02,-3.326425e-02,5.069503e-01,5.151675e-01,-8.349344e-02,2.066258e-02,-4.788881e-01,1.346857e-02,5.224671e-01,-1.042474e+00,1.320187e-02,1.423564e-01,-9.347649e-02,0.0011
39.1600,DS_interstep,3,8.425230e-02,-3.163831e-02,4.970677e-01,5.051492e-01,-8.235820e-02,1.902566e-02,-4.689985e-01,1.305612e-02,5.225361e-01,-1.044766e+00,1.324225e-02,1.421788e-01,-9.309308e-02,0.0011
39.1700,DS_interstep,3,8.308798e-02,-3.010688e-02,4.873450e-01,4.952931e-01,-8.120137e-02,1.748389e-02,-4.592688e-01,1.264947e-02,5.225974e-01,-1.047010e+00,1.328223e-02,1.420012e-01,-9.271052e-02,0.0011
39.1800,DS_interstep,3,8.190646e-02,-2.866514e-02,4.777848e-01,4.856013e-01,-8.002662e-02,1.603240e-02,-4.497015e-01,1.224872e-02,5.226514e-01,-1.049207e+00,1.332181e-02,1.418238e-01,-9.232879e-02,0.0010
39.1900,DS_interstep,3,8.071112e-02,-2.730839e-02,4.683888e-01,4.760757e-01,-7.883737e-02,1.466650e-02,-4.402986e-01,1.185393e-02,5.226986e-01,-1.051356e+00,1.336099e-02,1.416464e-01,-9.194787e-02,0.0010
39.2000,DS_interstep,3,7.950515e-02,-2.603209e-02,4.591585e-01,4.667176e-01,-7.763686e-02,1.338162e-02,-4.310615e-01,1.146517e-02,5.227394e-01,-1.053458e+00,1.339979e-02,1.414691e-01,-9.156775e-02,0.0010
39.2100,DS_interstep,3,7.829154e-02,-2.483182e-02,4.500951e-01,4.575279e-01,-7.642814e-02,1.217332e-02,-4.219914e-01,1.108247e-02,5.227741e-01,-1.055515e+00,1.343821e-02,1.412918e-01,-9.118841e-02,0.0010
39.2200,DS_interstep,3,7.707308e-02,-2.370330e-02,4.411992e-01,4.485074e-01,-7.521405e-02,1.103729e-02,-4.130891e-01,1.070586e-02,5.228032e-01,-1.057528e+00,1.347626e-02,1.411147e-01,-9.080983e-02,0.0010
39.2300,DS_interstep,3,7.585241e-02,-2.264236e-02,4.324713e-01,4.396564e-01,-7.399728e-02,9.969339e-03,-4.043550e-01,1.033535e-02,5.228269e-01,-1.059497e+00,1.351394e-02,1.409376e-01,-9.043201e-02,0.0010
39.2400,DS_interstep,3,7.463197e-02,-2.164495e-02,4.239114e-01,4.309749e-01,-7.278033e-02,8.965404e-03,-3.957892e-01,9.970940e-03,5.228456e-01,-1.061423e+00,1.355125e-02,1.407606e-01,-9.005492e-02,0.0009
39.2500,DS_interstep,3,7.341406e-02,-2.070718e-02,4.155193e-01,4.224627e-01,-7.156553e-02,8.021552e-03,-3.873914e-01,9.612626e-03,5.228595e-01,-1.063307e+00,1.358821e-02,1.405836e-01,-8.967855e-02,0.0009
39.2600,DS_interstep,3,7.220079e-02,-1.982525e-02,4.072945e-01,4.141193e-01,-7.035505e-02,7.133975e-03,-3.791612e-01,9.260381e-03,5.228691e-01,-1.065149e+00,1.362483e-02,1.404067e-01,-8.930289e-02,0.0009
39.2700,DS_interstep,3,7.099413e-02,-1.899550e-02,3.992362e-01,4.059440e-01,-6.915091e-02,6.298995e-03,-3.710978e-01,8.914176e-03,5.228744e-01,-1.066951e+00,1.366110e-02,1.402299e-01,-8.892792e-02,0.0009
39.2800,DS_interstep,3,6.979589e-02,-1.821444e-02,3.913433e-01,3.979357e-01,-6.795494e-02,5.513070e-03,-3.632002e-01,8.573966e-03,5.228758e-01,-1.068714e+00,1.369703e-02,1.400531e-01,-8.855364e-02,0.0009
39.2900,DS_interstep,3,6.860772e-02,-1.747866e-02,3.836147e-01,3.900933e-01,-6.676886e-02,4.772793e-03,-3.554671e-01,8.239705e-03,5.228735e-01,-1.070438e+00,1.373263e-02,1.398764e-01,-8.818002e-02,0.0009
39.3000,DS_interstep,3,6.743114e-02,-1.678493e-02,3.760489e-01,3.824153e-01,-6.559419e-02,4.074896e-03,-3.478972e-01,7.911333e-03,5.228678e-01,-1.072124e+00,1.376791e-02,1.396998e-01,-8.780706e-02,0.0008
39.3100,DS_interstep,3,6.626749e-02,-1.613015e-02,3.686441e-01,3.749001e-01,-6.443235e-02,3.416255e-03,-3.404886e-01,7.588786e-03,5.228587e-01,-1.073773e+00,1.380287e-02,1.395232e-01,-8.743474e-02,0.0008
39.3200,DS_interstep,3,6.511802e-02,-1.551135e-02,3.613987e-01,3.675459e-01,-6.328458e-02,2.793890e-03,-3.332397e-01,7.271994e-03,5.228465e-01,-1.075385e+00,1.383751e-02,1.393467e-01,-8.706306e-02,0.0008
39.3300,DS_interstep,3,6.398380e-02,-1.492574e-02,3.543104e-01,3.603506e-01,-6.215202e-02,2.204965e-03,-3.261483e-01,6.960881e-03,5.228314e-01,-1.076962e+00,1.387185e-02,1.391702e-01,-8.669199e-02,0.0008
39.3400,DS_interstep,3,6.286580e-02,-1.437064e-02,3.473772e-01,3.533123e-01,-6.103564e-02,1.646795e-03,-3.192122e-01,6.655365e-03,5.228135e-01,-1.078504e+00,1.390589e-02,1.389937e-01,-8.632153e-02,0.0008
39.3500,DS_interstep,3,6.176486e-02,-1.384354e-02,3.405967e-01,3.464285e-01,-5.993631e-02,1.116840e-03,-3.124292e-01,6.355361e-03,5.227930e-01,-1.080012e+00,1.393962e-02,1.388174e-01,-8.595167e-02,0.0008
39.3600,DS_interstep,3,6.068170e-02,-1.334207e-02,3.339665e-01,3.396968e-01,-5.885477e-02,6.127092e-04,-3.057967e-01,6.060779e-03,5.227699e-01,-1.081487e+00,1.397307e-02,1.386411e-01,-8.558240e-02,0.0008
39.3700,DS_interstep,3,5.961692e-02,-1.286399e-02,3.274840e-01,3.331148e-01,-5.779164e-02,1.321558e-04,-2.993122e-01,5.771528e-03,5.227444e-01,-1.082930e+00,1.400623e-02,1.384648e-01,-8.521370e-02,0.0008
39.3800,DS_interstep,3,5.857101e-02,-1.240724e-02,3.211465e-01,3.266796e-01,-5.674744e-02,-3.269212e-04,-2.929730e-01,5.487511e-03,5.227166e-01,-1.084340e+00,1.403911e-02,1.382886e-01,-8.484557e-02,0.0007
39.3900,DS_interstep,3,5.754439e-02,-1.196986e-02,3.149513e-01,3.203888e-01,-5.572259e-02,-7.664816e-04,-2.867764e-01,5.208633e-03,5.226867e-01,-1.085720e+00,1.407172e-02,1.381124e-01,-8.447800e-02,0.0007
39.4000,DS_interstep,3,5.653736e-02,-1.155005e-02,3.088955e-01,3.142392e-01,-5.471739e-02,-1.188347e-03,-2.807193e-01,4.934795e-03,5.226546e-01,-1.087069e+00,1.410405e-02,1.379363e-01,-8.411097e-02,0.0007
39.4100,DS_interstep,3,5.555013e-02,-1.114615e-02,3.029762e-01,3.082282e-01,-5.373209e-02,-1.594203e-03,-2.747991e-01,4.665897e-03,5.226205e-01,-1.088389e+00,1.413612e-02,1.377602e-01,-8.374449e-02,0.0007
39.4200,DS_interstep,3,5.458285e-02,-1.075660e-02,2.971905e-01,3.023528e-01,-5.276683e-02,-1.985608e-03,-2.690127e-01,4.401838e-03,5.225844e-01,-1.089680e+00,1.416792e-02,1.375842e-01,-8.337852e-02,0.0007
39.4300,DS_interstep,3,5.363559e-02,-1.037999e-02,2.915355e-01,2.966099e-01,-5.182168e-02,-2.363994e-03,-2.633571e-01,4.142519e-03,5.225465e-01,-1.090942e+00,1.419947e-02,1.374082e-01,-8.301308e-02,0.0007
39.4400,DS_interstep,3,5.270834e-02,-1.001503e-02,2.860080e-01,2.909967e-01,-5.089666e-02,-2.730671e-03,-2.578293e-01,3.887837e-03,5.225067e-01,-1.092176e+00,1.423076e-02,1.372323e-01,-8.264815e-02,0.0007
39.4500,DS_interstep,3,5.180106e-02,-9.660515e-03,2.806052e-01,2.855100e-01,-4.999170e-02,-3.086837e-03,-2.524263e-01,3.637692e-03,5.224651e-01,-1.093384e+00,1.426181e-02,1.370564e-01,-8.228372e-02,0.0007
39.4600,DS_interstep,3,5.091363e-02,-9.315380e-03,2.753240e-01,2.801469e-01,-4.910670e-02,-3.433583e-03,-2.471451e-01,3.391985e-03,5.224218e-01,-1.094565e+00,1.429261e-02,1.368805e-01,-8.191978e-02,0.0006
39.4700,DS_interstep,3,5.004589e-02,-8.978644e-03,2.701613e-01,2.749042e-01,-4.824149e-02,-3.771894e-03,-2.419827e-01,3.150616e-03,5.223769e-01,-1.095720e+00,1.432317e-02,1.367047e-01,-8.155633e-02,0.0006
39.4800,DS_interstep,3,4.919763e-02,-8.649423e-03,2.651143e-01,2.697791e-01,-4.739587e-02,-4.102661e-03,-2.369360e-01,2.913487e-03,5.223302e-01,-1.096850e+00,1.435349e-02,1.365290e-01,-8.119335e-02,0.0006
39.4900,DS_interstep,3,4.836863e-02,-8.326926e-03,2.601799e-01,2.647686e-01,-4.656961e-02,-4.426685e-03,-2.320022e-01,2.680501e-03,5.222820e-01,-1.097955e+00,1.438358e-02,1.363533e-01,-8.083084e-02,0.0006
39.5000,DS_interstep,3,4.755860e-02,-8.010442e-03,2.553552e-01,2.598697e-01,-4.576244e-02,-4.744682e-03,-2.271782e-01,2.451563e-03,5.222322e-01,-1.099036e+00,1.441345e-02,1.361776e-01,-8.046880e-02,0.0006
39.5100,DS_interstep,3,4.676727e-02,-7.699341e-03,2.506373e-01,2.550794e-01,-4.497404e-02,-5.057290e-03,-2.224611e-01,2.226577e-03,5.221808e-01,-1.100093e+00,1.444308e-02,1.360020e-01,-8.010721e-02,0.0006
39.5200,DS_interstep,3,4.599429e-02,-7.393061e-03,2.460234e-01,2.503950e-01,-4.420411e-02,-5.365074e-03,-2.178482e-01,2.005453e-03,5.221278e-01,-1.101128e+00,1.447250e-02,1.358264e-01,-7.974606e-02,0.0006
39.5300,DS_interstep,3,4.523934e-02,-7.091109e-03,2.415108e-01,2.458136e-01,-4.345230e-02,-5.668532e-03,-2.133366e-01,1.788099e-03,5.220734e-01,-1.102139e+00,1.450170e-02,1.356509e-01,-7.938536e-02,0.0006
39.5400,DS_interstep,3,4.450206e-02,-6.793053e-03,2.370965e-01,2.413324e-01,-4.271824e-02,-5.968100e-03,-2.089236e-01,1.574425e-03,5.220174e-01,-1.103129e+00,1.453068e-02,1.354754e-01,-7.902509e-02,0.0006
39.5500,DS_interstep,3,4.378209e-02,-6.498516e-03,2.327781e-01,2.369488e-01,-4.200158e-02,-6.264160e-03,-2.046064e-01,1.364346e-03,5.219600e-01,-1.104096e+00,1.455945e-02,1.352999e-01,-7.866524e-02,0.0006
39.5600,DS_interstep,3,4.307904e-02,-6.207173e-03,2.285528e-01,2.326601e-01,-4.130193e-02,-6.557038e-03,-2.003826e-01,1.157775e-03,5.219011e-01,-1.105043e+00,1.458801e-02,1.351245e-01,-7.830582e-02,0.0005
39.5700,DS_interstep,3,4.239254e-02,-5.918746e-03,2.244181e-01,2.284637e-01,-4.061890e-02,-6.847015e-03,-1.962494e-01,9.546291e-04,5.218408e-01,-1.105969e+00,1.461637e-02,1.349491e-01,-7.794680e-02,0.0005
39.5800,DS_interstep,3,4.172220e-02,-5.633001e-03,2.203715e-01,2.243570e-01,-3.995210e-02,-7.134328e-03,-1.922044e-01,7.548276e-04,5.217790e-01,-1.106875e+00,1.464453e-02,1.347738e-01,-7.758820e-02,0.0005
39.5900,DS_interstep,3,4.106761e-02,-5.349742e-03,2.164106e-01,2.203377e-01,-3.930114e-02,-7.419175e-03,-1.882451e-01,5.582908e-04,5.217159e-01,-1.107761e+00,1.467248e-02,1.345985e-01,-7.722999e-02,0.0005
39.6000,DS_interstep,3,4.042840e-02,-5.068808e-03,2.125330e-01,2.164034e-01,-3.866561e-02,-7.701717e-03,-1.843693e-01,3.649413e-04,5.216513e-01,-1.108627e+00,1.470024e-02,1.344232e-01,-7.687218e-02,0.0005
39.6100,DS_interstep,3,3.980416e-02,-4.790072e-03,2.087364e-01,2.125516e-01,-3.804513e-02,-7.982082e-03,-1.805745e-01,1.747038e-04,5.215853e-01,-1.109474e+00,1.472781e-02,1.342480e-01,-7.651476e-02,0.0005
39.6200,DS_interstep,3,3.919451e-02,-4.513436e-03,2.050185e-01,2.087802e-01,-3.743928e-02,-8.260372e-03,-1.768585e-01,-1.249501e-05,5.215179e-01,-1.110303e+00,1.475519e-02,1.340728e-01,-7.615772e-02,0.0005
39.6300,DS_interstep,3,3.859904e-02,-4.238827e-03,2.013773e-01,2.050870e-01,-3.684769e-02,-8.536657e-03,-1.732192e-01,-1.967266e-04,5.214491e-01,-1.111114e+00,1.478238e-02,1.338977e-01,-7.580105e-02,0.0005
39.6400,DS_interstep,3,3.801738e-02,-3.966197e-03,1.978105e-01,2.014697e-01,-3.626995e-02,-8.810986e-03,-1.696544e-01,-3.780604e-04,5.213790e-01,-1.111907e+00,1.480938e-02,1.337225e-01,-7.544476e-02,0.0005
39.6500,DS_interstep,3,3.744913e-02,-3.695522e-03,1.943162e-01,1.979264e-01,-3.570567e-02,-9.083386e-03,-1.661621e-01,-5.565638e-04,5.213075e-01,-1.112682e+00,1.483621e-02,1.335475e-01,-7.508884e-02,0.0005
39.6600,DS_interstep,3,3.689391e-02,-3.426795e-03,1.908923e-01,1.944551e-01,-3.515447e-02,-9.353862e-03,-1.627403e-01,-7.323024e-04,5.212347e-01,-1.113440e+00,1.486285e-02,1.333724e-01,-7.473327e-02,0.0005
39.6700,DS_interstep,3,3.635134e-02,-3.160028e-03,1.875369e-01,1.910537e-01,-3.461596e-02,-9.622403e-03,-1.593871e-01,-9.053397e-04,5.211605e-01,-1.114181e+00,1.488932e-02,1.331974e-01,-7.437806e-02,0.0005
39.6800,DS_interstep,3,3.582104e-02,-2.895248e-03,1.842482e-01,1.877204e-01,-3.408978e-02,-9.888981e-03,-1.561005e-01,-1.075738e-03,5.210850e-01,-1.114906e+00,1.491561e-02,1.330225e-01,-7.402321e-02,0.0004
39.6900,DS_interstep,3,3.530266e-02,-2.632496e-03,1.810243e-01,1.844533e-01,-3.357553e-02,-1.015355e-02,-1.528788e-01,-1.243556e-03,5.210082e-01,-1.115614e+00,1.494172e-02,1.328475e-01,-7.366869e-02,0.0004
39.7000,DS_interstep,3,3.479581e-02,-2.371829e-03,1.778635e-01,1.812507e-01,-3.307287e-02,-1.041607e-02,-1.497202e-01,-1.408852e-03,5.209301e-01,-1.116307e+00,1.496767e-02,1.326726e-01,-7.331452e-02,0.0004
39.7100,DS_interstep,3,3.430015e-02,-2.113313e-03,1.747641e-01,1.781108e-01,-3.258142e-02,-1.067645e-02,-1.466229e-01,-1.571683e-03,5.208506e-01,-1.116984e+00,1.499345e-02,1.324977e-01,-7.296069e-02,0.0004
39.7200,DS_interstep,3,3.381531e-02,-1.857022e-03,1.717244e-01,1.750320e-01,-3.210082e-02,-1.093463e-02,-1.435854e-01,-1.732104e-03,5.207699e-01,-1.117647e+00,1.501907e-02,1.323229e-01,-7.260718e-02,0.0004
39.7300,DS_interstep,3,3.334095e-02,-1.603044e-03,1.687429e-01,1.720126e-01,-3.163073e-02,-1.119052e-02,-1.406061e-01,-1.890165e-03,5.206879e-01,-1.118294e+00,1.504452e-02,1.321481e-01,-7.225400e-02,0.0004
39.7400,DS_interstep,3,3.287674e-02,-1.351469e-03,1.658179e-01,1.690511e-01,-3.117080e-02,-1.144403e-02,-1.376833e-01,-2.045919e-03,5.206047e-01,-1.118926e+00,1.506981e-02,1.319733e-01,-7.190115e-02,0.0004
39.7500,DS_interstep,3,3.242232e-02,-1.102398e-03,1.629480e-01,1.661459e-01,-3.072069e-02,-1.169506e-02,-1.348156e-01,-2.199415e-03,5.205202e-01,-1.119544e+00,1.509494e-02,1.317986e-01,-7.154861e-02,0.0004
39.7600,DS_interstep,3,3.197737e-02,-8.559354e-04,1.601318e-01,1.632956e-01,-3.028006e-02,-1.194349e-02,-1.320016e-01,-2.350701e-03,5.204344e-01,-1.120148e+00,1.511991e-02,1.316239e-01,-7.119638e-02,0.0004
39.7700,DS_interstep,3,3.154157e-02,-6.121892e-04,1.573678e-01,1.604988e-01,-2.984860e-02,-1.218923e-02,-1.292397e-01,-2.499821e-03,5.203475e-01,-1.120738e+00,1.514473e-02,1.314492e-01,-7.084446e-02,0.0004
39.7800,DS_interstep,3,3.111460e-02,-3.712722e-04,1.546547e-01,1.577540e-01,-2.942598e-02,-1.243215e-02,-1.265288e-01,-2.646821e-03,5.202593e-01,-1.121315e+00,1.516939e-02,1.312746e-01,-7.049285e-02,0.0004
39.7900,DS_interstep,3,3.069615e-02,-1.332992e-04,1.519911e-01,1.550599e-01,-2.901188e-02,-1.267215e-02,-1.238674e-01,-2.791743e-03,5.201699e-01,-1.121878e+00,1.519390e-02,1.311000e-01,-7.014154e-02,0.0004
39.8000,DS_interstep,3,3.028593e-02,1.016138e-04,1.493759e-01,1.524152e-01,-2.860602e-02,-1.290910e-02,-1.212543e-01,-2.934629e-03,5.200794e-01,-1.122428e+00,1.521827e-02,1.309254e-01,-6.979053e-02,0.0004
39.8100,DS_interstep,3,2.988363e-02,3.333496e-04,1.468077e-01,1.498187e-01,-2.820807e-02,-1.314289e-02,-1.186882e-01,-3.075518e-03,5.199877e-01,-1.122966e+00,1.524248e-02,1.307508e-01,-6.943980e-02,0.0004
39.8200,DS_interstep,3,2.948897e-02,5.617916e-04,1.442855e-01,1.472692e-01,-2.781777e-02,-1.337339e-02,-1.161680e-01,-3.214448e-03,5.198948e-01,-1.123490e+00,1.526655e-02,1.305763e-01,-6.908937e-02,0.0004
39.8300,DS_interstep,3,2.910167e-02,7.868239e-04,1.418080e-01,1.447655e-01,-2.743482e-02,-1.360050e-02,-1.136926e-01,-3.351457e-03,5.198008e-01,-1.124003e+00,1.529048e-02,1.304018e-01,-6.873922e-02,0.0003
39.8400,DS_interstep,3,2.872147e-02,1.008333e-03,1.393742e-01,1.423064e-01,-2.705895e-02,-1.382409e-02,-1.112608e-01,-3.486579e-03,5.197057e-01,-1.124503e+00,1.531426e-02,1.302273e-01,-6.838935e-02,0.0003
39.8500,DS_interstep,3,2.834809e-02,1.226206e-03,1.369831e-01,1.398909e-01,-2.668991e-02,-1.404405e-02,-1.088715e-01,-3.619850e-03,5.196095e-01,-1.124991e+00,1.533790e-02,1.300529e-01,-6.803976e-02,0.0003
39.8600,DS_interstep,3,2.798129e-02,1.440335e-03,1.346334e-01,1.375180e-01,-2.632742e-02,-1.426027e-02,-1.065238e-01,-3.751302e-03,5.195122e-01,-1.125467e+00,1.536141e-02,1.298785e-01,-6.769045e-02,0.0003
39.8700,DS_interstep,3,2.762082e-02,1.650614e-03,1.323244e-01,1.351865e-01,-2.597124e-02,-1.447265e-02,-1.042167e-01,-3.880966e-03,5.194139e-01,-1.125932e+00,1.538477e-02,1.297041e-01,-6.734140e-02,0.0003
39.8800,DS_interstep,3,2.726645e-02,1.856944e-03,1.300551e-01,1.328956e-01,-2.562114e-02,-1.468108e-02,-1.019492e-01,-4.008873e-03,5.193145e-01,-1.126386e+00,1.540800e-02,1.295298e-01,-6.699262e-02,0.0003
39.8900,DS_interstep,3,2.691794e-02,2.059227e-03,1.278245e-01,1.306442e-01,-2.527689e-02,-1.488547e-02,-9.972039e-02,-4.135053e-03,5.192141e-01,-1.126828e+00,1.543110e-02,1.293554e-01,-6.664410e-02,0.0003
39.9000,DS_interstep,3,2.657508e-02,2.257373e-03,1.256318e-01,1.284316e-01,-2.493825e-02,-1.508572e-02,-9.752940e-02,-4.259533e-03,5.191127e-01,-1.127259e+00,1.545406e-02,1.291811e-01,-6.629585e-02,0.0003
39.9100,DS_interstep,3,2.623766e-02,2.451295e-03,1.234760e-01,1.262567e-01,-2.460502e-02,-1.528175e-02,-9.537538e-02,-4.382341e-03,5.190104e-01,-1.127680e+00,1.547689e-02,1.290069e-01,-6.594785e-02,0.0003
39.9200,DS_interstep,3,2.590547e-02,2.640915e-03,1.213565e-01,1.241188e-01,-2.427700e-02,-1.547347e-02,-9.325753e-02,-4.503503e-03,5.189070e-01,-1.128089e+00,1.549959e-02,1.288326e-01,-6.560010e-02,0.0003
39.9300,DS_interstep,3,2.557832e-02,2.826158e-03,1.192724e-01,1.220170e-01,-2.395399e-02,-1.566081e-02,-9.117505e-02,-4.623043e-03,5.188028e-01,-1.128489e+00,1.552217e-02,1.286584e-01,-6.525260e-02,0.0003
39.9400,DS_interstep,3,2.525603e-02,3.006958e-03,1.172230e-01,1.199506e-01,-2.363580e-02,-1.584370e-02,-8.912719e-02,-4.740987e-03,5.186976e-01,-1.128878e+00,1.554462e-02,1.284842e-01,-6.490535e-02,0.0003
39.9500,DS_interstep,3,2.493842e-02,3.183253e-03,1.152075e-01,1.179187e-01,-2.332225e-02,-1.602208e-02,-8.711323e-02,-4.857357e-03,5.185916e-01,-1.129257e+00,1.556694e-02,1.283100e-01,-6.455835e-02,0.0003
39.9600,DS_interstep,3,2.462532e-02,3.354991e-03,1.132253e-01,1.159208e-01,-2.301318e-02,-1.619589e-02,-8.513247e-02,-4.972177e-03,5.184847e-01,-1.129626e+00,1.558914e-02,1.281359e-01,-6.421158e-02,0.0003
39.9700,DS_interstep,3,2.431657e-02,3.522122e-03,1.112756e-01,1.139560e-01,-2.270842e-02,-1.636509e-02,-8.318424e-02,-5.085466e-03,5.183769e-01,-1.129986e+00,1.561121e-02,1.279618e-01,-6.386505e-02,0.0003
39.9800,DS_interstep,3,2.401202e-02,3.684607e-03,1.093579e-01,1.120237e-01,-2.240782e-02,-1.652963e-02,-8.126789e-02,-5.197247e-03,5.182684e-01,-1.130336e+00,1.563317e-02,1.277877e-01,-6.351876e-02,0.0003
39.9900,DS_interstep,3,2.371153e-02,3.842413e-03,1.074715e-01,1.101232e-01,-2.211123e-02,-1.668949e-02,-7.938280e-02,-5.307540e-03,5.181590e-01,-1.130676e+00,1.565501e-02,1.276136e-01,-6.317269e-02,0.0003
40.0000,DS_interstep,3,2.341495e-02,3.995513e-03,1.056157e-01,1.082539e-01,-2.181851e-02,-1.684462e-02,-7.752837e-02,-5.416363e-03,5.180489e-01,-1.131007e+00,1.567673e-02,1.274395e-01,-6.282686e-02,0.0003
40.0100,DS_interstep,3,2.312216e-02,4.143886e-03,1.037901e-01,1.064152e-01,-2.152954e-02,-1.699501e-02,-7.570402e-02,-5.523736e-03,5.179380e-01,-1.131329e+00,1.569833e-02,1.272655e-01,-6.248125e-02,0.0003
40.0200,DS_interstep,3,2.283304e-02,4.287519e-03,1.019941e-01,1.046065e-01,-2.124419e-02,-1.714065e-02,-7.390919e-02,-5.629677e-03,5.178264e-01,-1.131642e+00,1.571981e-02,1.270915e-01,-6.213586e-02,0.0002
40.0300,DS_interstep,3,2.254747e-02,4.426405e-03,1.002271e-01,1.028273e-01,-2.096234e-02,-1.728153e-02,-7.214335e-02,-5.734204e-03,5.177141e-01,-1.131946e+00,1.574119e-02,1.269175e-01,-6.179070e-02,0.0002
40.0400,DS_interstep,3,2.226534e-02,4.560544e-03,9.848863e-02,1.010770e-01,-2.068388e-02,-1.741764e-02,-7.040598e-02,-5.837333e-03,5.176011e-01,-1.132242e+00,1.576245e-02,1.267436e-01,-6.144575e-02,0.0002
40.0500,DS_interstep,3,2.198654e-02,4.689940e-03,9.677816e-02,9.935500e-02,-2.040871e-02,-1.754899e-02,-6.869658e-02,-5.939081e-03,5.174875e-01,-1.132529e+00,1.578359e-02,1.265697e-01,-6.110102e-02,0.0002
40.0600,DS_interstep,3,2.171099e-02,4.814605e-03,9.509522e-02,9.766089e-02,-2.013674e-02,-1.767560e-02,-6.701466e-02,-6.039465e-03,5.173733e-01,-1.132807e+00,1.580463e-02,1.263957e-01,-6.075650e-02,0.0002
40.0700,DS_interstep,3,2.143858e-02,4.934557e-03,9.343934e-02,9.599413e-02,-1.986786e-02,-1.779747e-02,-6.535975e-02,-6.138499e-03,5.172584e-01,-1.133077e+00,1.582556e-02,1.262219e-01,-6.041219e-02,0.0002
40.0800,DS_interstep,3,2.116924e-02,5.049818e-03,9.181007e-02,9.435425e-02,-1.960200e-02,-1.791464e-02,-6.373141e-02,-6.236198e-03,5.171430e-01,-1.133339e+00,1.584638e-02,1.260480e-01,-6.006808e-02,0.0002
40.0900,DS_interstep,3,2.090288e-02,5.160415e-03,9.020695e-02,9.274079e-02,-1.933907e-02,-1.802712e-02,-6.212919e-02,-6.332579e-03,5.170270e-01,-1.133593e+00,1.586710e-02,1.258741e-01,-5.972418e-02,0.0002
40.1000,DS_interstep,3,2.063943e-02,5.266382e-03,8.862957e-02,9.115329e-02,-1.907899e-02,-1.813495e-02,-6.055266e-02,-6.427654e-03,5.169105e-01,-1.133839e+00,1.588771e-02,1.257003e-01,-5.938048e-02,0.0002
40.1100,DS_interstep,3,2.037882e-02,5.367756e-03,8.707752e-02,8.959131e-02,-1.882171e-02,-1.823816e-02,-5.900141e-02,-6.521438e-03,5.167934e-01,-1.134077e+00,1.590822e-02,1.255265e-01,-5.903698e-02,0.0002
40.1200,DS_interstep,3,2.012098e-02,5.464580e-03,8.555038e-02,8.805444e-02,-1.856714e-02,-1.833681e-02,-5.747504e-02,-6.613944e-03,5.166759e-01,-1.134308e+00,1.592862e-02,1.253527e-01,-5.869368e-02,0.0002
40.1300,DS_interstep,3,1.986585e-02,5.556900e-03,8.404778e-02,8.654224e-02,-1.831524e-02,-1.843093e-02,-5.597316e-02,-6.705186e-03,5.165579e-01,-1.134531e+00,1.594892e-02,1.251790e-01,-5.835058e-02,0.0002
40.1400,DS_interstep,3,1.961337e-02,5.644766e-03,8.256932e-02,8.505433e-02,-1.806593e-02,-1.852058e-02,-5.449539e-02,-6.795178e-03,5.164395e-01,-1.134747e+00,1.596912e-02,1.250053e-01,-5.800766e-02,0.0002
40.1500,DS_interstep,3,1.936350e-02,5.728233e-03,8.111463e-02,8.359032e-02,-1.781918e-02,-1.860580e-02,-5.304136e-02,-6.883931e-03,5.163207e-01,-1.134955e+00,1.598923e-02,1.248315e-01,-5.766494e-02,0.0002
40.1600,DS_interstep,3,1.911617e-02,5.807359e-03,7.968336e-02,8.214981e-02,-1.757493e-02,-1.868666e-02,-5.161070e-02,-6.971458e-03,5.162014e-01,-1.135157e+00,1.600923e-02,1.246578e-01,-5.732240e-02,0.0002
40.1700,DS_interstep,3,1.887136e-02,5.882205e-03,7.827515e-02,8.073245e-02,-1.733313e-02,-1.876322e-02,-5.020307e-02,-7.057772e-03,5.160818e-01,-1.135351e+00,1.602914e-02,1.244842e-01,-5.698005e-02,0.0002
40.1800,DS_interstep,3,1.862900e-02,5.952834e-03,7.688966e-02,7.933786e-02,-1.709375e-02,-1.883553e-02,-4.881812e-02,-7.142885e-03,5.159618e-01,-1.135538e+00,1.604895e-02,1.243105e-01,-5.663789e-02,0.0002
40.1900,DS_interstep,3,1.838907e-02,6.019314e-03,7.552655e-02,7.796569e-02,-1.685673e-02,-1.890368e-02,-4.745551e-02,-7.226809e-03,5.158415e-01,-1.135719e+00,1.606867e-02,1.241369e-01,-5.629590e-02,0.0002
40.2000,DS_interstep,3,1.815152e-02,6.081714e-03,7.418548e-02,7.661561e-02,-1.662206e-02,-1.896772e-02,-4.611492e-02,-7.309555e-03,5.157209e-01,-1.135893e+00,1.608829e-02,1.239633e-01,-5.595410e-02,0.0002
40.2100,DS_interstep,3,1.791633e-02,6.140107e-03,7.286615e-02,7.528726e-02,-1.638969e-02,-1.902774e-02,-4.479602e-02,-7.391135e-03,5.155999e-01,-1.136060e+00,1.610783e-02,1.237897e-01,-5.561247e-02,0.0002
40.2200,DS_interstep,3,1.768346e-02,6.194566e-03,7.156823e-02,7.398032e-02,-1.615959e-02,-1.908379e-02,-4.349850e-02,-7.471561e-03,5.154787e-01,-1.136220e+00,1.612727e-02,1.236161e-01,-5.527102e-02,0.0002
40.2300,DS_interstep,3,1.745289e-02,6.245167e-03,7.029141e-02,7.269448e-02,-1.593173e-02,-1.913597e-02,-4.222206e-02,-7.550843e-03,5.153573e-01,-1.136375e+00,1.614662e-02,1.234426e-01,-5.492974e-02,0.0002
40.2400,DS_interstep,3,1.722458e-02,6.291989e-03,6.903539e-02,7.142940e-02,-1.570610e-02,-1.918434e-02,-4.096638e-02,-7.628993e-03,5.152356e-01,-1.136523e+00,1.616588e-02,1.232690e-01,-5.458863e-02,0.0002
40.2500,DS_interstep,3,1.699851e-02,6.335110e-03,6.779987e-02,7.018479e-02,-1.548266e-02,-1.922899e-02,-3.973118e-02,-7.706022e-03,5.151137e-01,-1.136665e+00,1.618505e-02,1.230955e-01,-5.424769e-02,0.0002
40.2600,DS_interstep,3,1.677467e-02,6.374611e-03,6.658456e-02,6.896034e-02,-1.526139e-02,-1.926999e-02,-3.851616e-02,-7.781941e-03,5.149916e-01,-1.136800e+00,1.620414e-02,1.229220e-01,-5.390692e-02,0.0002
40.2700,DS_interstep,3,1.655302e-02,6.410575e-03,6.538917e-02,6.775575e-02,-1.504228e-02,-1.930744e-02,-3.732103e-02,-7.856761e-03,5.148693e-01,-1.136930e+00,1.622314e-02,1.227486e-01,-5.356631e-02,0.0002
40.2800,DS_interstep,3,1.633356e-02,6.443084e-03,6.421342e-02,6.657073e-02,-1.482531e-02,-1.934140e-02,-3.614551e-02,-7.930492e-03,5.147469e-01,-1.137054e+00,1.624205e-02,1.225751e-01,-5.322586e-02,0.0002
40.2900,DS_interstep,3,1.611627e-02,6.472222e-03,6.305703e-02,6.540499e-02,-1.461045e-02,-1.937197e-02,-3.498933e-02,-8.003145e-03,5.146243e-01,-1.137172e+00,1.626088e-02,1.224017e-01,-5.288558e-02,0.0002
40.3000,DS_interstep,3,1.590113e-02,6.498073e-03,6.191973e-02,6.425826e-02,-1.439770e-02,-1.939924e-02,-3.385222e-02,-8.074731e-03,5.145016e-01,-1.137284e+00,1.627963e-02,1.222283e-01,-5.254546e-02,0.0002
40.3100,DS_interstep,3,1.568812e-02,6.520724e-03,6.080125e-02,6.313025e-02,-1.418705e-02,-1.942327e-02,-3.273389e-02,-8.145260e-03,5.143787e-01,-1.137391e+00,1.629830e-02,1.220549e-01,-5.220550e-02,0.0002
40.3200,DS_interstep,3,1.547724e-02,6.540259e-03,5.970132e-02,6.202070e-02,-1.397847e-02,-1.944418e-02,-3.163410e-02,-8.214743e-03,5.142558e-01,-1.137493e+00,1.631689e-02,1.218815e-01,-5.186569e-02,0.0001
40.3300,DS_interstep,3,1.526847e-02,6.556764e-03,5.861968e-02,6.092934e-02,-1.377197e-02,-1.946202e-02,-3.055257e-02,-8.283190e-03,5.141328e-01,-1.137588e+00,1.633539e-02,1.217082e-01,-5.152604e-02,0.0001
40.3400,DS_interstep,3,1.506180e-02,6.570325e-03,5.755608e-02,5.985590e-02,-1.356752e-02,-1.947690e-02,-2.948906e-02,-8.350611e-03,5.140097e-01,-1.137679e+00,1.635382e-02,1.215349e-01,-5.118654e-02,0.0001
40.3500,DS_interstep,3,1.485723e-02,6.581028e-03,5.651025e-02,5.880013e-02,-1.336513e-02,-1.948891e-02,-2.844330e-02,-8.417016e-03,5.138865e-01,-1.137764e+00,1.637217e-02,1.213616e-01,-5.084719e-02,0.0001
40.3600,DS_interstep,3,1.465474e-02,6.588959e-03,5.548195e-02,5.776177e-02,-1.316477e-02,-1.949811e-02,-2.741504e-02,-8.482417e-03,5.137633e-01,-1.137845e+00,1.639044e-02,1.211883e-01,-5.050799e-02,0.0001
40.3700,DS_interstep,3,1.445432e-02,6.594203e-03,5.447092e-02,5.674057e-02,-1.296646e-02,-1.950461e-02,-2.640405e-02,-8.546823e-03,5.136401e-01,-1.137920e+00,1.640864e-02,1.210150e-01,-5.016894e-02,0.0001
40.3800,DS_interstep,3,1.425597e-02,6.596845e-03,5.347693e-02,5.573628e-02,-1.277017e-02,-1.950849e-02,-2.541007e-02,-8.610244e-03,5.135169e-01,-1.137990e+00,1.642676e-02,1.208418e-01,-4.983004e-02,0.0001
40.3900,DS_interstep,3,1.405968e-02,6.596971e-03,5.249972e-02,5.474866e-02,-1.257590e-02,-1.950982e-02,-2.443286e-02,-8.672691e-03,5.133937e-01,-1.138055e+00,1.644481e-02,1.206685e-01,-4.949128e-02,0.0001
40.4000,DS_interstep,3,1.386545e-02,6.594664e-03,5.153907e-02,5.377746e-02,-1.238365e-02,-1.950871e-02,-2.347218e-02,-8.734174e-03,5.132705e-01,-1.138116e+00,1.646278e-02,1.204953e-01,-4.915267e-02,0.0001
40.4100,DS_interstep,3,1.367326e-02,6.590008e-03,5.059472e-02,5.282246e-02,-1.219341e-02,-1.950522e-02,-2.252780e-02,-8.794702e-03,5.131473e-01,-1.138171e+00,1.648068e-02,1.203221e-01,-4.881419e-02,0.0001
40.4200,DS_interstep,3,1.348312e-02,6.583085e-03,4.966645e-02,5.188341e-02,-1.200518e-02,-1.949945e-02,-2.159948e-02,-8.854286e-03,5.130241e-01,-1.138222e+00,1.649851e-02,1.201490e-01,-4.847586e-02,0.0001
40.4300,DS_interstep,3,1.329501e-02,6.573978e-03,4.875403e-02,5.096008e-02,-1.181895e-02,-1.949147e-02,-2.068699e-02,-8.912936e-03,5.129010e-01,-1.138269e+00,1.651627e-02,1.199758e-01,-4.813767e-02,0.0001
40.4400,DS_interstep,3,1.310893e-02,6.562767e-03,4.785722e-02,5.005225e-02,-1.163471e-02,-1.948137e-02,-1.979009e-02,-8.970662e-03,5.127780e-01,-1.138311e+00,1.653396e-02,1.198027e-01,-4.779961e-02,0.0001
40.4500,DS_interstep,3,1.292488e-02,6.549531e-03,4.697580e-02,4.915968e-02,-1.145247e-02,-1.946923e-02,-1.890857e-02,-9.027474e-03,5.126550e-01,-1.138349e+00,1.655159e-02,1.196296e-01,-4.746169e-02,0.0001
40.4600,DS_interstep,3,1.274285e-02,6.534351e-03,4.610953e-02,4.828216e-02,-1.127221e-02,-1.945512e-02,-1.804220e-02,-9.083381e-03,5.125321e-01,-1.138382e+00,1.656914e-02,1.194565e-01,-4.712391e-02,0.0001
40.4700,DS_interstep,3,1.256283e-02,6.517302e-03,4.525821e-02,4.741946e-02,-1.109393e-02,-1.943912e-02,-1.719075e-02,-9.138395e-03,5.124093e-01,-1.138411e+00,1.658663e-02,1.192834e-01,-4.678626e-02,0.0001
40.4800,DS_interstep,3,1.238482e-02,6.498463e-03,4.442160e-02,4.657137e-02,-1.091763e-02,-1.942131e-02,-1.635401e-02,-9.192524e-03,5.122866e-01,-1.138436e+00,1.660405e-02,1.191104e-01,-4.644874e-02,0.0001
40.4900,DS_interstep,3,1.220881e-02,6.477907e-03,4.359948e-02,4.573766e-02,-1.074330e-02,-1.940177e-02,-1.553175e-02,-9.245779e-03,5.121639e-01,-1.138456e+00,1.662140e-02,1.189374e-01,-4.611135e-02,0.0001
40.5000,DS_interstep,3,1.203480e-02,6.455710e-03,4.279165e-02,4.491812e-02,-1.057094e-02,-1.938057e-02,-1.472376e-02,-9.298170e-03,5.120414e-01,-1.138473e+00,1.663869e-02,1.187643e-01,-4.577410e-02,0.0001
40.5100,DS_interstep,3,1.186278e-02,6.431942e-03,4.199788e-02,4.411255e-02,-1.040054e-02,-1.935778e-02,-1.392983e-02,-9.349706e-03,5.119190e-01,-1.138486e+00,1.665592e-02,1.185914e-01,-4.543697e-02,0.0001
40.5200,DS_interstep,3,1.169275e-02,6.406675e-03,4.121796e-02,4.332074e-02,-1.023210e-02,-1.933348e-02,-1.314973e-02,-9.400397e-03,5.117968e-01,-1.138495e+00,1.667308e-02,1.184184e-01,-4.509996e-02,0.0001
40.5300,DS_interstep,3,1.152469e-02,6.379979e-03,4.045168e-02,4.254247e-02,-1.006560e-02,-1.930773e-02,-1.238327e-02,-9.450253e-03,5.116747e-01,-1.138500e+00,1.669019e-02,1.182455e-01,-4.476309e-02,0.0001
40.5400,DS_interstep,3,1.135861e-02,6.351922e-03,3.969884e-02,4.177754e-02,-9.901052e-03,-1.928060e-02,-1.163023e-02,-9.499284e-03,5.115527e-01,-1.138501e+00,1.670723e-02,1.180725e-01,-4.442634e-02,0.0001
40.5500,DS_interstep,3,1.119448e-02,6.322570e-03,3.895921e-02,4.102574e-02,-9.738439e-03,-1.925216e-02,-1.089040e-02,-9.547500e-03,5.114308e-01,-1.138498e+00,1.672421e-02,1.178996e-01,-4.408971e-02,0.0001
40.5600,DS_interstep,3,1.103232e-02,6.291989e-03,3.823261e-02,4.028689e-02,-9.577756e-03,-1.922248e-02,-1.016359e-02,-9.594909e-03,5.113092e-01,-1.138492e+00,1.674113e-02,1.177267e-01,-4.375320e-02,0.0001
40.5700,DS_interstep,3,1.087210e-02,6.260241e-03,3.751882e-02,3.956078e-02,-9.418998e-03,-1.919161e-02,-9.449581e-03,-9.641523e-03,5.111876e-01,-1.138483e+00,1.675799e-02,1.175539e-01,-4.341682e-02,0.0001
40.5800,DS_interstep,3,1.071383e-02,6.227389e-03,3.681764e-02,3.884721e-02,-9.262154e-03,-1.915962e-02,-8.748180e-03,-9.687350e-03,5.110663e-01,-1.138469e+00,1.677479e-02,1.173810e-01,-4.308055e-02,0.0001
40.5900,DS_interstep,3,1.055748e-02,6.193493e-03,3.612888e-02,3.814598e-02,-9.107219e-03,-1.912658e-02,-8.059188e-03,-9.732400e-03,5.109451e-01,-1.138453e+00,1.679154e-02,1.172082e-01,-4.274441e-02,0.0001
40.6000,DS_interstep,3,1.040306e-02,6.158612e-03,3.545234e-02,3.745692e-02,-8.954183e-03,-1.909253e-02,-7.382407e-03,-9.776683e-03,5.108241e-01,-1.138433e+00,1.680823e-02,1.170354e-01,-4.240838e-02,0.0001
40.6100,DS_interstep,3,1.025055e-02,6.122803e-03,3.478782e-02,3.677982e-02,-8.803038e-03,-1.905754e-02,-6.717641e-03,-9.820207e-03,5.107033e-01,-1.138409e+00,1.682486e-02,1.168627e-01,-4.207247e-02,0.0001
40.6200,DS_interstep,3,1.009995e-02,6.086122e-03,3.413513e-02,3.611450e-02,-8.653775e-03,-1.902167e-02,-6.064699e-03,-9.862984e-03,5.105826e-01,-1.138383e+00,1.684144e-02,1.166899e-01,-4.173668e-02,0.0001
40.6300,DS_interstep,3,9.951234e-03,6.048622e-03,3.349408e-02,3.546077e-02,-8.506384e-03,-1.898496e-02,-5.423388e-03,-9.905021e-03,5.104622e-01,-1.138353e+00,1.685796e-02,1.165172e-01,-4.140100e-02,0.0001
40.6400,DS_interstep,3,9.804406e-03,6.010356e-03,3.286447e-02,3.481845e-02,-8.360855e-03,-1.894748e-02,-4.793519e-03,-9.946329e-03,5.103419e-01,-1.138320e+00,1.687443e-02,1.163444e-01,-4.106543e-02,0.0001
40.6500,DS_interstep,3,9.659451e-03,5.971375e-03,3.224612e-02,3.418735e-02,-8.217179e-03,-1.890926e-02,-4.174906e-03,-9.986916e-03,5.102219e-01,-1.138284e+00,1.689084e-02,1.161718e-01,-4.072998e-02,0.0001
40.6600,DS_interstep,3,9.516357e-03,5.931728e-03,3.163886e-02,3.356730e-02,-8.075343e-03,-1.887037e-02,-3.567364e-03,-1.002679e-02,5.101020e-01,-1.138245e+00,1.690721e-02,1.159991e-01,-4.039464e-02,0.0001
40.6700,DS_interstep,3,9.375112e-03,5.891463e-03,3.104248e-02,3.295812e-02,-7.935338e-03,-1.883085e-02,-2.970709e-03,-1.006597e-02,5.099823e-01,-1.138203e+00,1.692352e-02,1.158264e-01,-4.005941e-02,0.0001
40.6800,DS_interstep,3,9.235705e-03,5.850626e-03,3.045681e-02,3.235963e-02,-7.797152e-03,-1.879074e-02,-2.384761e-03,-1.010445e-02,5.098629e-01,-1.138158e+00,1.693978e-02,1.156538e-01,-3.972429e-02,0.0001
40.6900,DS_interstep,3,9.098123e-03,5.809261e-03,2.988168e-02,3.177165e-02,-7.660773e-03,-1.875009e-02,-1.809340e-03,-1.014224e-02,5.097436e-01,-1.138110e+00,1.695599e-02,1.154812e-01,-3.938928e-02,0.0001
40.7000,DS_interstep,3,8.962354e-03,5.767412e-03,2.931690e-02,3.119402e-02,-7.526188e-03,-1.870895e-02,-1.244269e-03,-1.017937e-02,5.096246e-01,-1.138059e+00,1.697215e-02,1.153086e-01,-3.905438e-02,0.0001
40.7100,DS_interstep,3,8.828385e-03,5.725120e-03,2.876229e-02,3.062657e-02,-7.393386e-03,-1.866735e-02,-6.893750e-04,-1.021582e-02,5.095058e-01,-1.138006e+00,1.698826e-02,1.151361e-01,-3.871959e-02,0.0001
40.7200,DS_interstep,3,8.696202e-03,5.682426e-03,2.821770e-02,3.006913e-02,-7.262353e-03,-1.862534e-02,-1.444838e-04,-1.025162e-02,5.093872e-01,-1.137950e+00,1.700432e-02,1.149635e-01,-3.838490e-02,0.0001
40.7300,DS_interstep,3,8.565792e-03,5.639367e-03,2.768294e-02,2.952153e-02,-7.133076e-03,-1.858295e-02,3.905747e-04,-1.028677e-02,5.092688e-01,-1.137891e+00,1.702033e-02,1.147910e-01,-3.805032e-02,0.0001
40.7400,DS_interstep,3,8.437140e-03,5.595983e-03,2.715785e-02,2.898361e-02,-7.005542e-03,-1.854023e-02,9.159692e-04,-1.032129e-02,5.091507e-01,-1.137829e+00,1.703630e-02,1.146185e-01,-3.771584e-02,0.0001
40.7500,DS_interstep,3,8.310233e-03,5.552308e-03,2.664226e-02,2.845520e-02,-6.879737e-03,-1.849721e-02,1.431866e-03,-1.035517e-02,5.090327e-01,-1.137765e+00,1.705222e-02,1.144461e-01,-3.738147e-02,0.0001
40.7600,DS_interstep,3,8.185056e-03,5.508376e-03,2.613601e-02,2.793615e-02,-6.755647e-03,-1.845392e-02,1.938429e-03,-1.038843e-02,5.089150e-01,-1.137699e+00,1.706809e-02,1.142736e-01,-3.704720e-02,0.0001
40.7700,DS_interstep,3,8.061594e-03,5.464223e-03,2.563893e-02,2.742630e-02,-6.633257e-03,-1.841040e-02,2.435821e-03,-1.042107e-02,5.087975e-01,-1.137630e+00,1.708392e-02,1.141012e-01,-3.671303e-02,0.0001
40.7800,DS_interstep,3,7.939832e-03,5.419878e-03,2.515087e-02,2.692550e-02,-6.512553e-03,-1.836667e-02,2.924201e-03,-1.045311e-02,5.086802e-01,-1.137558e+00,1.709970e-02,1.139288e-01,-3.637897e-02,0.0001
40.7900,DS_interstep,3,7.819755e-03,5.375373e-03,2.467166e-02,2.643358e-02,-6.393520e-03,-1.832278e-02,3.403728e-03,-1.048456e-02,5.085632e-01,-1.137484e+00,1.711544e-02,1.137564e-01,-3.604500e-02,0.0001
40.8000,DS_interstep,3,7.701347e-03,5.330737e-03,2.420116e-02,2.595040e-02,-6.276142e-03,-1.827875e-02,3.874557e-03,-1.051541e-02,5.084464e-01,-1.137408e+00,1.713113e-02,1.135840e-01,-3.571114e-02,0.0001
40.8100,DS_interstep,3,7.584594e-03,5.285998e-03,2.373920e-02,2.547582e-02,-6.160405e-03,-1.823460e-02,4.336842e-03,-1.054569e-02,5.083298e-01,-1.137330e+00,1.714678e-02,1.134117e-01,-3.537737e-02,0.0001
40.8200,DS_interstep,3,7.469477e-03,5.241183e-03,2.328563e-02,2.500967e-02,-6.046292e-03,-1.819037e-02,4.790734e-03,-1.057539e-02,5.082134e-01,-1.137249e+00,1.716239e-02,1.132394e-01,-3.504371e-02,0.0001
40.8300,DS_interstep,3,7.355983e-03,5.196318e-03,2.284031e-02,2.455183e-02,-5.933789e-03,-1.814609e-02,5.236382e-03,-1.060453e-02,5.080973e-01,-1.137166e+00,1.717796e-02,1.130671e-01,-3.471014e-02,0.0001
40.8400,DS_interstep,3,7.244094e-03,5.151428e-03,2.240309e-02,2.410213e-02,-5.822878e-03,-1.810176e-02,5.673934e-03,-1.063311e-02,5.079814e-01,-1.137080e+00,1.719348e-02,1.128948e-01,-3.437667e-02,0.0001
40.8500,DS_interstep,3,7.133794e-03,5.106535e-03,2.197383e-02,2.366045e-02,-5.713545e-03,-1.805743e-02,6.103535e-03,-1.066115e-02,5.078657e-01,-1.136993e+00,1.720896e-02,1.127226e-01,-3.404330e-02,0.0001
40.8600,DS_interstep,3,7.025067e-03,5.061663e-03,2.155237e-02,2.322664e-02,-5.605772e-03,-1.801311e-02,6.525326e-03,-1.068864e-02,5.077502e-01,-1.136904e+00,1.722440e-02,1.125504e-01,-3.371002e-02,0.0001
40.8700,DS_interstep,3,6.917895e-03,5.016833e-03,2.113859e-02,2.280056e-02,-5.499543e-03,-1.796883e-02,6.939451e-03,-1.071560e-02,5.076350e-01,-1.136812e+00,1.723980e-02,1.123782e-01,-3.337684e-02,0.0001
40.8800,DS_interstep,3,6.812263e-03,4.972065e-03,2.073233e-02,2.238209e-02,-5.394843e-03,-1.792460e-02,7.346045e-03,-1.074204e-02,5.075200e-01,-1.136719e+00,1.725517e-02,1.122060e-01,-3.304375e-02,0.0001
40.8900,DS_interstep,3,6.708152e-03,4.927378e-03,2.033347e-02,2.197108e-02,-5.291653e-03,-1.788044e-02,7.745247e-03,-1.076796e-02,5.074052e-01,-1.136623e+00,1.727049e-02,1.120339e-01,-3.271076e-02,0.0001
40.9000,DS_interstep,3,6.605547e-03,4.882791e-03,1.994187e-02,2.156741e-02,-5.189958e-03,-1.783638e-02,8.137191e-03,-1.079337e-02,5.072907e-01,-1.136525e+00,1.728577e-02,1.118618e-01,-3.237786e-02,0.0001
40.9100,DS_interstep,3,6.504430e-03,4.838321e-03,1.955740e-02,2.117094e-02,-5.089741e-03,-1.779242e-02,8.522009e-03,-1.081828e-02,5.071763e-01,-1.136426e+00,1.730102e-02,1.116897e-01,-3.204505e-02,0.0001
40.9200,DS_interstep,3,6.404784e-03,4.793985e-03,1.917993e-02,2.078156e-02,-4.990985e-03,-1.774860e-02,8.899831e-03,-1.084269e-02,5.070622e-01,-1.136325e+00,1.731622e-02,1.115176e-01,-3.171234e-02,0.0001
40.9300,DS_interstep,3,6.306592e-03,4.749798e-03,1.880932e-02,2.039913e-02,-4.893672e-03,-1.770491e-02,9.270785e-03,-1.086662e-02,5.069484e-01,-1.136222e+00,1.733139e-02,1.113455e-01,-3.137971e-02,0.0001
40.9400,DS_interstep,3,6.209837e-03,4.705776e-03,1.844546e-02,2.002352e-02,-4.797787e-03,-1.766139e-02,9.634997e-03,-1.089006e-02,5.068347e-01,-1.136117e+00,1.734653e-02,1.111735e-01,-3.104718e-02,0.0000
40.9500,DS_interstep,3,6.114501e-03,4.661932e-03,1.808822e-02,1.965463e-02,-4.703312e-03,-1.761803e-02,9.992592e-03,-1.091304e-02,5.067213e-01,-1.136010e+00,1.736162e-02,1.110015e-01,-3.071474e-02,0.0000
40.9600,DS_interstep,3,6.020567e-03,4.618280e-03,1.773748e-02,1.929233e-02,-4.610229e-03,-1.757486e-02,1.034369e-02,-1.093554e-02,5.066081e-01,-1.135901e+00,1.737669e-02,1.108295e-01,-3.038239e-02,0.0000
40.9700,DS_interstep,3,5.928019e-03,4.574831e-03,1.739311e-02,1.893650e-02,-4.518523e-03,-1.753189e-02,1.068841e-02,-1.095758e-02,5.064951e-01,-1.135791e+00,1.739171e-02,1.106576e-01,-3.005013e-02,0.0000
40.9800,DS_interstep,3,5.836839e-03,4.531599e-03,1.705501e-02,1.858702e-02,-4.428176e-03,-1.748913e-02,1.102688e-02,-1.097918e-02,5.063823e-01,-1.135679e+00,1.740670e-02,1.104856e-01,-2.971796e-02,0.0000
40.9900,DS_interstep,3,5.747009e-03,4.488593e-03,1.672304e-02,1.824379e-02,-4.339171e-03,-1.744659e-02,1.135920e-02,-1.100032e-02,5.062698e-01,-1.135566e+00,1.742166e-02,1.103137e-01,-2.938587e-02,0.0000
41.0000,DS_interstep,3,5.658513e-03,4.445824e-03,1.639711e-02,1.790669e-02,-4.251491e-03,-1.740428e-02,1.168550e-02,-1.102103e-02,5.061574e-01,-1.135450e+00,1.743658e-02,1.101418e-01,-2.905388e-02,0.0000
41.0100,DS_interstep,3,5.571334e-03,4.403302e-03,1.607710e-02,1.757560e-02,-4.165119e-03,-1.736222e-02,1.200587e-02,-1.104130e-02,5.060453e-01,-1.135334e+00,1.745146e-02,1.099700e-01,-2.872197e-02,0.0000
41.0200,DS_interstep,3,5.485454e-03,4.361035e-03,1.576289e-02,1.725044e-02,-4.080039e-03,-1.732040e-02,1.232045e-02,-1.106115e-02,5.059334e-01,-1.135215e+00,1.746632e-02,1.097982e-01,-2.839015e-02,0.0000
41.0300,DS_interstep,3,5.400857e-03,4.319033e-03,1.545438e-02,1.693107e-02,-3.996233e-03,-1.727884e-02,1.262932e-02,-1.108058e-02,5.058217e-01,-1.135095e+00,1.748114e-02,1.096264e-01,-2.805841e-02,0.0000
41.0400,SS,4,5.580588e-01,3.162537e-01,1.928147e+00,2.032042e+00,-1.074201e+00,5.137935e-02,-3.534470e+00,-3.429624e-02,4.784282e-01,-1.210738e+00,1.755062e-02,1.078528e-01,-2.486272e-02,799.7598
41.1400,SS,4,5.647590e-01,2.004568e-01,1.997447e+00,2.085409e+00,-5.642165e-01,-2.989265e-01,-2.053834e+00,-6.931089e-02,4.679390e-01,-1.322437e+00,1.726209e-02,1.060705e-01,-2.208741e-02,798.4951
41.2400,SS,4,5.323876e-01,1.169602e-02,1.997508e+00,2.067271e+00,-6.214459e-01,-8.431451e-03,-2.338987e+00,-9.649758e-02,4.589488e-01,-1.415450e+00,1.675880e-02,1.042616e-01,-1.960439e-02,795.3971
41.3400,SS,4,5.129877e-01,-1.675631e-01,2.029544e+00,2.100067e+00,-5.920138e-01,1.647505e-01,-2.360611e+00,-1.251386e-01,4.608915e-01,-1.516701e+00,1.603971e-02,1.024725e-01,-1.742901e-02,789.7326
41.4400,SS,4,4.729669e-01,-3.762341e-01,2.031427e+00,2.119421e+00,-5.336417e-01,3.759383e-01,-2.320327e+00,-1.515251e-01,4.723016e-01,-1.616862e+00,1.512869e-02,1.007405e-01,-1.555592e-02,780.9084
41.5400,SS,4,4.346710e-01,-5.827506e-01,2.049603e+00,2.174720e+00,-4.878058e-01,5.946273e-01,-2.328460e+00,-1.759169e-01,4.940134e-01,-1.717057e+00,1.405347e-02,9.910583e-02,-1.397888e-02,768.4867
41.6400,SS,4,3.889784e-01,-7.979198e-01,2.065414e+00,2.248091e+00,-4.270554e-01,8.201953e-01,-2.309944e+00,-1.979646e-01,5.265316e-01,-1.817350e+00,1.283719e-02,9.761044e-02,-1.269915e-02,752.1862
41.7400,SS,4,3.416995e-01,-1.011592e+00,2.089870e+00,2.346835e+00,-3.650750e-01,1.048001e+00,-2.300283e+00,-2.173425e-01,5.698627e-01,-1.917469e+00,1.150460e-02,9.629595e-02,-1.171911e-02,731.8743
41.8400,SS,4,2.937962e-01,-1.216777e+00,2.121474e+00,2.463232e+00,-3.031353e-01,1.274218e+00,-2.296796e+00,-2.341168e-01,6.241176e-01,-2.018069e+00,1.007775e-02,9.520345e-02,-1.104540e-02,707.5572
41.9400,SS,4,2.386488e-01,-1.415271e+00,2.142809e+00,2.579065e+00,-2.282953e-01,1.489597e+00,-2.265919e+00,-2.478381e-01,6.890668e-01,-2.118452e+00,8.577997e-03,9.437272e-02,-1.068683e-02,679.3669
42.0400,SS,4,1.853235e-01,-1.586247e+00,2.167570e+00,2.692375e+00,-1.597769e-01,1.680097e+00,-2.251973e+00,-2.585242e-01,7.635269e-01,-2.218697e+00,7.027548e-03,9.383895e-02,-1.065202e-02,647.5482
42.1400,SS,4,1.221855e-01,-1.738225e+00,2.167896e+00,2.781390e+00,-7.614239e-02,1.851990e+00,-2.193695e+00,-2.657683e-01,8.468188e-01,-2.317891e+00,5.447203e-03,9.363281e-02,-1.095127e-02,612.4442
42.2400,SS,4,6.215392e-02,-1.847479e+00,2.165770e+00,2.847385e+00,-9.436277e-04,1.982225e+00,-2.147857e+00,-2.696097e-01,9.370566e-01,-2.415623e+00,3.859127e-03,9.377830e-02,-1.159256e-02,574.4821
42.3400,SS,4,4.859425e-02,-1.856738e+00,2.233724e+00,2.905058e+00,5.868969e-03,2.017382e+00,-2.235659e+00,-2.723476e-01,1.029304e+00,-2.515633e+00,2.273550e-03,9.428349e-02,-1.258863e-02,534.1620
42.4400,SS,4,8.986837e-02,-1.756325e+00,2.384551e+00,2.962910e+00,-5.343463e-02,1.938112e+00,-2.437040e+00,-2.771339e-01,1.118394e+00,-2.623583e+00,6.727957e-04,9.513589e-02,-1.396773e-02,492.0435
42.5400,SS,4,1.076289e-01,-1.651721e+00,2.469267e+00,2.972717e+00,-5.736138e-02,1.837482e+00,-2.467048e+00,-2.831097e-01,1.204194e+00,-2.736921e+00,-9.717844e-04,9.631356e-02,-1.576432e-02,448.7276
42.6400,SS,4,1.065122e-01,-1.543976e+00,2.495621e+00,2.936550e+00,-3.980599e-02,1.733297e+00,-2.424011e+00,-2.887151e-01,1.286132e+00,-2.850485e+00,-2.670835e-03,9.779207e-02,-1.799588e-02,404.8391
42.7400,SS,4,9.017663e-02,-1.435030e+00,2.469984e+00,2.858017e+00,-4.527482e-03,1.624869e+00,-2.315247e+00,-2.931533e-01,1.364023e+00,-2.961359e+00,-4.427308e-03,9.954715e-02,-2.067261e-02,361.0146
42.8400,SS,4,6.521090e-02,-1.326444e+00,2.398200e+00,2.741363e+00,4.257234e-02,1.511583e+00,-2.146105e+00,-2.957328e-01,1.437585e+00,-3.066634e+00,-6.237962e-03,1.015548e-01,-2.379795e-02,317.8870
42.9400,SS,4,3.474720e-02,-1.212948e+00,2.291889e+00,2.593300e+00,9.263254e-02,1.394278e+00,-1.940367e+00,-2.962033e-01,1.506545e+00,-3.164127e+00,-8.095881e-03,1.037913e-01,-2.736871e-02,276.0641
43.0400,SS,4,-4.155499e-03,-1.094852e+00,2.151804e+00,2.414328e+00,1.529571e-01,1.264758e+00,-1.691033e+00,-2.941817e-01,1.570579e+00,-3.251995e+00,-9.991499e-03,1.062338e-01,-3.137678e-02,236.1223
43.1400,SS,4,-4.498267e-02,-9.653526e-01,1.993087e+00,2.215022e+00,2.111819e-01,1.121597e+00,-1.430325e+00,-2.895309e-01,1.628813e+00,-3.329051e+00,-1.191126e-02,1.088578e-01,-3.580878e-02,198.5922
43.2400,SS,4,-9.867401e-02,-8.317469e-01,1.795431e+00,1.981189e+00,2.826553e-01,9.671037e-01,-1.128729e+00,-2.818775e-01,1.681077e+00,-3.394050e+00,-1.383855e-02,1.116394e-01,-4.064719e-02,163.9382
43.3400,SS,4,-9.645655e-02,-6.020761e-01,1.689276e+00,1.795955e+00,2.600510e-01,7.239665e-01,-1.040381e+00,-2.739983e-01,1.722158e+00,-3.451970e+00,-1.576139e-02,1.145422e-01,-4.587157e-02,132.5413
43.4400,SS,4,1.005071e-02,-2.002648e-01,1.757250e+00,1.768653e+00,9.026532e-02,3.047680e-01,-1.271854e+00,-2.721055e-01,1.743638e+00,-3.515561e+00,-1.770731e-02,1.175039e-01,-5.148131e-02,104.6843
43.5400,SS,4,1.086315e-01,2.101234e-01,1.779930e+00,1.795579e+00,-3.989225e-02,-1.479212e-01,-1.361080e+00,-2.769877e-01,1.744804e+00,-3.586466e+00,-1.973140e-02,1.204470e-01,-5.749071e-02,80.5288
43.6400,SS,4,1.779094e-01,5.856437e-01,1.714263e+00,1.820255e+00,-1.346906e-01,-5.667224e-01,-1.347856e+00,-2.868304e-01,1.726607e+00,-3.659009e+00,-2.186629e-02,1.232956e-01,-6.388934e-02,60.0982
43.7400,SS,4,1.930240e-01,8.980665e-01,1.469231e+00,1.732750e+00,-1.593666e-01,-9.313286e-01,-1.114433e+00,-2.988341e-01,1.691632e+00,-3.723992e+00,-2.411997e-02,1.259837e-01,-7.063946e-02,43.2851
43.8400,SS,4,1.358274e-01,1.122905e+00,9.731705e-01,1.492121e+00,-1.063548e-01,-1.203732e+00,-6.232307e-01,-3.093441e-01,1.644139e+00,-3.768907e+00,-2.646641e-02,1.284610e-01,-7.766319e-02,29.8679
43.9400,SS,4,7.711653e-02,1.267482e+00,4.874053e-01,1.360155e+00,-5.781590e-02,-1.387921e+00,-1.817813e-01,-3.175261e-01,1.587083e+00,-3.792820e+00,-2.885843e-02,1.306902e-01,-8.485845e-02,19.5241
44.0400,SS,4,3.393026e-02,1.325020e+00,8.011671e-02,1.327874e+00,-1.152035e-02,-1.477112e+00,2.115753e-01,-3.236398e-01,1.524376e+00,-3.798644e+00,-3.125285e-02,1.326487e-01,-9.212849e-02,11.8517
44.1400,SS,4,3.561204e-02,1.301623e+00,-1.327535e-01,1.308860e+00,-2.544372e-02,-1.448009e+00,3.523529e-01,-3.291893e-01,1.460337e+00,-3.793840e+00,-3.361585e-02,1.343287e-01,-9.938895e-02,6.4349
44.2400,SS,4,8.560187e-02,1.194165e+00,-1.257396e-01,1.203814e+00,-1.005277e-01,-1.322973e+00,2.053831e-01,-3.370327e-01,1.399908e+00,-3.791152e+00,-3.594183e-02,1.357407e-01,-1.065902e-01,3.0992
44.3400,SS,4,1.759931e-01,9.654926e-01,-2.595141e-02,9.817449e-01,-2.193734e-01,-1.073293e+00,-7.064342e-02,-3.493985e-01,1.347794e+00,-3.800834e+00,-3.824949e-02,1.369109e-01,-1.137170e-01,2.4854
44.4500,DS_interstep,4,-1.347524e+00,5.000000e+00,-5.000000e+00,7.198321e+00,1.334306e+00,-5.000000e+00,4.967955e+00,-3.427100e-01,1.322730e+00,-3.775808e+00,-3.842387e-02,1.367684e-01,-1.140472e-01,2.3293
44.4600,DS_interstep,4,3.383350e-02,5.000000e+00,-5.000000e+00,7.071149e+00,-2.589912e-01,-5.000000e+00,5.000000e+00,-3.439878e-01,1.297665e+00,-3.750620e+00,-3.862168e-02,1.365325e-01,-1.143546e-01,1.8580
44.4700,DS_interstep,4,3.264967e-01,5.000000e+00,-5.000000e+00,7.078602e+00,-3.710336e-01,-5.000000e+00,5.000000e+00,-3.458258e-01,1.272600e+00,-3.725433e+00,-3.881606e-02,1.362804e-01,-1.146417e-01,1.3966
44.4800,DS_interstep,4,3.834725e-01,5.000000e+00,-5.000000e+00,7.081458e+00,-3.592718e-01,-4.996828e+00,5.000000e+00,-3.476049e-01,1.247553e+00,-3.700248e+00,-3.899806e-02,1.360447e-01,-1.149152e-01,1.0095
44.4900,DS_interstep,4,3.929455e-01,5.000000e+00,-5.000000e+00,7.081978e+00,-3.494674e-01,-4.915452e+00,5.000000e+00,-3.493349e-01,1.222914e+00,-3.675063e+00,-3.916718e-02,1.358341e-01,-1.151807e-01,0.7091
44.5000,DS_interstep,4,3.745152e-01,5.000000e+00,-5.000000e+00,7.080979e+00,-3.391897e-01,-4.906422e+00,5.000000e+00,-3.510134e-01,1.198321e+00,-3.649880e+00,-3.932656e-02,1.356464e-01,-1.154418e-01,0.4873
44.5100,DS_interstep,4,3.504216e-01,5.000000e+00,-5.000000e+00,7.079745e+00,-3.305238e-01,-4.925038e+00,4.988381e+00,-3.526485e-01,1.173636e+00,-3.624756e+00,-3.947996e-02,1.354757e-01,-1.157008e-01,0.3291
44.5200,DS_interstep,4,3.281497e-01,5.000000e+00,-5.000000e+00,7.078678e+00,-3.236717e-01,-4.951905e+00,4.981841e+00,-3.542492e-01,1.148819e+00,-3.599667e+00,-3.963066e-02,1.353156e-01,-1.159586e-01,0.2197
44.5300,DS_interstep,4,3.112599e-01,5.000000e+00,-5.000000e+00,7.077915e+00,-3.191823e-01,-4.978216e+00,4.980154e+00,-3.558274e-01,1.123871e+00,-3.574586e+00,-3.978108e-02,1.351604e-01,-1.162152e-01,0.1466
44.5400,DS_interstep,4,3.017264e-01,5.000000e+00,-5.000000e+00,7.077502e+00,-3.182702e-01,-5.000000e+00,4.982161e+00,-3.574009e-01,1.098815e+00,-3.549498e+00,-3.993276e-02,1.350055e-01,-1.164698e-01,0.1004
44.5500,DS_interstep,4,3.004775e-01,5.000000e+00,-5.000000e+00,7.077449e+00,-3.221613e-01,-5.000000e+00,4.986858e+00,-3.589937e-01,1.073761e+00,-3.524386e+00,-4.008650e-02,1.348472e-01,-1.167212e-01,0.0738
44.5600,DS_interstep,4,3.076887e-01,5.000000e+00,-5.000000e+00,7.077759e+00,-3.317467e-01,-5.000000e+00,4.993354e+00,-3.606345e-01,1.048708e+00,-3.499244e+00,-4.024255e-02,1.346828e-01,-1.169678e-01,0.0607
44.5700,DS_interstep,4,3.230490e-01,5.000000e+00,-5.000000e+00,7.078443e+00,-3.475210e-01,-5.000000e+00,5.000000e+00,-3.623540e-01,1.023656e+00,-3.474070e+00,-4.040081e-02,1.345104e-01,-1.172081e-01,0.0553
44.5800,DS_interstep,4,3.459814e-01,5.000000e+00,-5.000000e+00,7.079527e+00,-3.696485e-01,-5.000000e+00,5.000000e+00,-3.641840e-01,9.986056e-01,-3.448897e+00,-4.056096e-02,1.343285e-01,-1.174403e-01,0.0533
44.5900,DS_interstep,4,3.757922e-01,5.000000e+00,-5.000000e+00,7.081047e+00,-3.980495e-01,-5.000000e+00,5.000000e+00,-3.661560e-01,9.735564e-01,-3.423725e+00,-4.072263e-02,1.341362e-01,-1.176631e-01,0.0523
44.6000,DS_interstep,4,4.117557e-01,5.000000e+00,-5.000000e+00,7.083046e+00,-4.324695e-01,-5.000000e+00,5.000000e+00,-3.683000e-01,9.485085e-01,-3.398555e+00,-4.088545e-02,1.339329e-01,-1.178750e-01,0.0513
44.6100,DS_interstep,4,4.531503e-01,5.000000e+00,-5.000000e+00,7.085573e+00,-4.725240e-01,-5.000000e+00,5.000000e+00,-3.706441e-01,9.234618e-01,-3.373385e+00,-4.104914e-02,1.337180e-01,-1.180752e-01,0.0502
44.6200,DS_interstep,4,4.992679e-01,5.000000e+00,-5.000000e+00,7.088672e+00,-5.177246e-01,-5.000000e+00,5.000000e+00,-3.732141e-01,8.984163e-01,-3.348218e+00,-4.121353e-02,1.334913e-01,-1.182629e-01,0.0489
44.6300,DS_interstep,4,5.494102e-01,5.000000e+00,-5.000000e+00,7.092380e+00,-5.674971e-01,-5.000000e+00,5.000000e+00,-3.760329e-01,8.733721e-01,-3.323051e+00,-4.137860e-02,1.332529e-01,-1.184376e-01,0.0473
44.6400,DS_interstep,4,6.028821e-01,5.000000e+00,-5.000000e+00,7.096722e+00,-6.211958e-01,-5.000000e+00,5.000000e+00,-3.791200e-01,8.483292e-01,-3.297885e+00,-4.154444e-02,1.330028e-01,-1.185993e-01,0.0456
44.6500,DS_interstep,4,6.589892e-01,5.000000e+00,-5.000000e+00,7.101709e+00,-6.781194e-01,-5.000000e+00,5.000000e+00,-3.824915e-01,8.232875e-01,-3.272721e+00,-4.171128e-02,1.327410e-01,-1.187480e-01,0.0437
44.6600,DS_interstep,4,7.170381e-01,5.000000e+00,-5.000000e+00,7.107330e+00,-7.375282e-01,-5.000000e+00,5.000000e+00,-3.861599e-01,7.982471e-01,-3.247558e+00,-4.187947e-02,1.324680e-01,-1.188841e-01,0.0418
44.6700,DS_interstep,4,7.763427e-01,5.000000e+00,-5.000000e+00,7.113558e+00,-7.986641e-01,-5.000000e+00,5.000000e+00,-3.901338e-01,7.732079e-01,-3.222397e+00,-4.204943e-02,1.321838e-01,-1.190080e-01,0.0398
44.6800,DS_interstep,4,8.362330e-01,5.000000e+00,-5.000000e+00,7.120343e+00,-8.607702e-01,-5.000000e+00,5.000000e+00,-3.944181e-01,7.481699e-01,-3.197236e+00,-4.222166e-02,1.318890e-01,-1.191203e-01,0.0378
44.6900,DS_interstep,4,8.960657e-01,5.000000e+00,-5.000000e+00,7.127618e+00,-9.231106e-01,-5.000000e+00,5.000000e+00,-3.990137e-01,7.231332e-01,-3.172077e+00,-4.239670e-02,1.315838e-01,-1.192219e-01,0.0357
44.7000,DS_interstep,4,9.552354e-01,5.000000e+00,-5.000000e+00,7.135298e+00,-9.849881e-01,-5.000000e+00,5.000000e+00,-4.039186e-01,6.980978e-01,-3.146919e+00,-4.257513e-02,1.312686e-01,-1.193134e-01,0.0337
44.7100,DS_interstep,4,1.013185e+00,5.000000e+00,-5.000000e+00,7.143287e+00,-1.045759e+00,-5.000000e+00,5.000000e+00,-4.091270e-01,6.730636e-01,-3.121763e+00,-4.275752e-02,1.309438e-01,-1.193957e-01,0.0316
44.7200,DS_interstep,4,1.069414e+00,5.000000e+00,-5.000000e+00,7.151479e+00,-1.104846e+00,-5.000000e+00,5.000000e+00,-4.146306e-01,6.480306e-01,-3.096607e+00,-4.294443e-02,1.306097e-01,-1.194695e-01,0.0296
44.7300,DS_interstep,4,1.123485e+00,5.000000e+00,-5.000000e+00,7.159764e+00,-1.161745e+00,-5.000000e+00,5.000000e+00,-4.204184e-01,6.229989e-01,-3.071453e+00,-4.313640e-02,1.302666e-01,-1.195356e-01,0.0276
44.7400,DS_interstep,4,1.175029e+00,5.000000e+00,-5.000000e+00,7.168033e+00,-1.216031e+00,-5.000000e+00,5.000000e+00,-4.264773e-01,5.979685e-01,-3.046300e+00,-4.333393e-02,1.299149e-01,-1.195947e-01,0.0257
44.7500,DS_interstep,4,1.223743e+00,5.000000e+00,-5.000000e+00,7.176179e+00,-1.267360e+00,-5.000000e+00,5.000000e+00,-4.327926e-01,5.729393e-01,-3.021149e+00,-4.353748e-02,1.295549e-01,-1.196474e-01,0.0238
44.7600,DS_interstep,4,1.138305e+00,4.710756e+00,-5.000000e+00,6.963258e+00,-1.184376e+00,-4.776242e+00,5.000000e+00,-4.386926e-01,5.490301e-01,-2.995998e+00,-4.374751e-02,1.291872e-01,-1.196947e-01,0.0220
44.7700,DS_interstep,4,1.005374e+00,4.317629e+00,-5.000000e+00,6.682267e+00,-1.053866e+00,-4.378301e+00,5.000000e+00,-4.439399e-01,5.271117e-01,-2.970849e+00,-4.396432e-02,1.288133e-01,-1.197386e-01,0.0201
44.7800,DS_interstep,4,9.002052e-01,3.987212e+00,-5.000000e+00,6.458191e+00,-9.501358e-01,-4.042451e+00,5.000000e+00,-4.486682e-01,5.068737e-01,-2.945701e+00,-4.418796e-02,1.284342e-01,-1.197803e-01,0.0182
44.7900,DS_interstep,4,8.091148e-01,3.693616e+00,-5.000000e+00,6.268769e+00,-8.592328e-01,-3.744735e+00,5.000000e+00,-4.529417e-01,4.881252e-01,-2.920555e+00,-4.441824e-02,1.280509e-01,-1.198206e-01,0.0163
44.8000,DS_interstep,4,7.245449e-01,3.422608e+00,-5.000000e+00,6.102394e+00,-7.739406e-01,-3.470616e+00,4.999665e+00,-4.567886e-01,4.707481e-01,-2.895411e+00,-4.465478e-02,1.276642e-01,-1.198598e-01,0.0145
44.8100,DS_interstep,4,6.419139e-01,3.164792e+00,-5.000000e+00,5.952139e+00,-6.898703e-01,-3.210464e+00,4.999396e+00,-4.602150e-01,4.546727e-01,-2.870270e+00,-4.489704e-02,1.272744e-01,-1.198978e-01,0.0128
44.8200,DS_interstep,4,5.563296e-01,2.906998e+00,-5.000000e+00,5.810348e+00,-6.020533e-01,-2.950940e+00,5.000000e+00,-4.632022e-01,4.398957e-01,-2.845127e+00,-4.514434e-02,1.268821e-01,-1.199341e-01,0.0113
44.8300,DS_interstep,4,4.658262e-01,2.646487e+00,-5.000000e+00,5.676345e+00,-5.086844e-01,-2.689092e+00,5.000000e+00,-4.657223e-01,4.264286e-01,-2.819985e+00,-4.539590e-02,1.264875e-01,-1.199682e-01,0.0099
44.8400,DS_interstep,4,3.727422e-01,2.392273e+00,-5.000000e+00,5.555349e+00,-4.125653e-01,-2.433887e+00,5.000000e+00,-4.677618e-01,4.142381e-01,-2.794845e+00,-4.565097e-02,1.260909e-01,-1.199995e-01,0.0089
44.8500,DS_interstep,4,2.812970e-01,2.155260e+00,-5.000000e+00,5.451997e+00,-3.183483e-01,-2.196165e+00,5.000000e+00,-4.693301e-01,4.032369e-01,-2.769706e+00,-4.590891e-02,1.256925e-01,-1.200272e-01,0.0081
44.8600,DS_interstep,4,1.947851e-01,1.941584e+00,-5.000000e+00,5.367280e+00,-2.294558e-01,-1.981945e+00,5.000000e+00,-4.704538e-01,3.933072e-01,-2.744568e+00,-4.616915e-02,1.252924e-01,-1.200510e-01,0.0078
44.8700,DS_interstep,4,1.149173e-01,1.752531e+00,-5.000000e+00,5.299488e+00,-1.475701e-01,-1.792431e+00,5.000000e+00,-4.711681e-01,3.843257e-01,-2.719431e+00,-4.643124e-02,1.248907e-01,-1.200703e-01,0.0078
44.8800,DS_interstep,4,4.229218e-02,1.586665e+00,-5.000000e+00,5.245884e+00,-7.323482e-02,-1.626130e+00,5.000000e+00,-4.715107e-01,3.761760e-01,-2.694296e+00,-4.669478e-02,1.244876e-01,-1.200850e-01,0.0082
44.8900,DS_interstep,4,-2.394800e-02,1.439247e+00,-5.000000e+00,5.203076e+00,-5.444459e-03,-1.478268e+00,5.000000e+00,-4.715144e-01,3.687661e-01,-2.669162e+00,-4.695939e-02,1.240832e-01,-1.200947e-01,0.0088
44.9000,DS_interstep,4,-8.566645e-02,1.304041e+00,-5.000000e+00,5.167965e+00,5.781601e-02,-1.342614e+00,5.000000e+00,-4.712017e-01,3.620347e-01,-2.644029e+00,-4.722469e-02,1.236776e-01,-1.200992e-01,0.0094
44.9100,DS_interstep,4,-1.447077e-01,1.175760e+00,-5.000000e+00,5.138419e+00,1.184580e-01,-1.213884e+00,5.000000e+00,-4.705859e-01,3.559474e-01,-2.618898e+00,-4.749030e-02,1.232710e-01,-1.200982e-01,0.0101
44.9200,DS_interstep,4,-2.027076e-01,1.050118e+00,-5.000000e+00,5.113105e+00,1.781612e-01,-1.087784e+00,5.000000e+00,-4.696716e-01,3.504908e-01,-2.593768e+00,-4.775581e-02,1.228634e-01,-1.200915e-01,0.0108
44.9300,DS_interstep,4,-2.611251e-01,9.235079e-01,-5.000000e+00,5.091272e+00,2.384222e-01,-9.606947e-01,5.000000e+00,-4.684560e-01,3.456699e-01,-2.568639e+00,-4.802080e-02,1.224551e-01,-1.200788e-01,0.0114
44.9400,DS_interstep,4,-3.212923e-01,7.927706e-01,-5.000000e+00,5.072644e+00,3.006094e-01,-8.294437e-01,5.000000e+00,-4.669296e-01,3.415055e-01,-2.543511e+00,-4.828479e-02,1.220461e-01,-1.200598e-01,0.0119
44.9500,DS_interstep,4,-3.844293e-01,6.551131e-01,-5.000000e+00,5.057367e+00,3.659743e-01,-6.912206e-01,5.000000e+00,-4.650764e-01,3.380324e-01,-2.518384e+00,-4.854728e-02,1.216367e-01,-1.200342e-01,0.0123
44.9600,DS_interstep,4,-4.516014e-01,5.081841e-01,-5.000000e+00,5.046008e+00,4.356050e-01,-5.436572e-01,5.000000e+00,-4.628752e-01,3.352973e-01,-2.493259e+00,-4.880771e-02,1.212269e-01,-1.200015e-01,0.0126
44.9700,DS_interstep,4,-5.236077e-01,3.503313e-01,-5.000000e+00,5.039533e+00,5.103041e-01,-3.850831e-01,5.000000e+00,-4.603007e-01,3.333552e-01,-2.468135e+00,-4.906549e-02,1.208170e-01,-1.199613e-01,0.0128
44.9800,DS_interstep,4,-6.007920e-01,1.810431e-01,-5.000000e+00,5.039219e+00,5.903882e-01,-2.149695e-01,5.000000e+00,-4.573258e-01,3.322637e-01,-2.443012e+00,-4.932001e-02,1.204071e-01,-1.199134e-01,0.0128
44.9900,DS_interstep,4,-6.824153e-01,2.582905e-03,-5.000000e+00,5.046355e+00,6.750055e-01,-3.555662e-02,5.000000e+00,-4.539280e-01,3.320693e-01,-2.417891e+00,-4.957067e-02,1.199975e-01,-1.198572e-01,0.0127
45.0000,DS_interstep,4,-7.654098e-01,-1.767756e-01,-5.000000e+00,5.061334e+00,7.607978e-01,1.449144e-01,5.000000e+00,-4.501015e-01,3.327773e-01,-2.392771e+00,-4.981696e-02,1.195885e-01,-1.197926e-01,0.0126
45.0100,DS_interstep,4,-8.461633e-01,-3.482783e-01,-5.000000e+00,5.083039e+00,8.439647e-01,3.176240e-01,5.000000e+00,-4.458593e-01,3.343487e-01,-2.367652e+00,-5.005846e-02,1.191802e-01,-1.197194e-01,0.0124
45.0200,DS_interstep,4,-9.217888e-01,-5.056790e-01,-5.000000e+00,5.109345e+00,9.216013e-01,4.762616e-01,5.000000e+00,-4.412292e-01,3.367132e-01,-2.342534e+00,-5.029486e-02,1.187731e-01,-1.196375e-01,0.0122
45.0300,DS_interstep,4,-9.904308e-01,-6.452896e-01,-5.000000e+00,5.137835e+00,9.919034e-01,6.170769e-01,5.000000e+00,-4.362478e-01,3.397817e-01,-2.317418e+00,-5.052591e-02,1.183672e-01,-1.195471e-01,0.0119
45.0400,DS_interstep,4,-1.051209e+00,-7.656369e-01,-5.000000e+00,5.166357e+00,1.054061e+00,7.385444e-01,5.000000e+00,-4.309558e-01,3.434573e-01,-2.292303e+00,-5.075144e-02,1.179629e-01,-1.194482e-01,0.0117
45.0500,DS_interstep,4,-1.104041e+00,-8.670165e-01,-5.000000e+00,5.193325e+00,1.108061e+00,8.409277e-01,5.000000e+00,-4.253942e-01,3.476446e-01,-2.267189e+00,-5.097130e-02,1.175603e-01,-1.193408e-01,0.0115
45.0600,DS_interstep,4,-1.149398e+00,-9.509320e-01,-5.000000e+00,5.217795e+00,1.154441e+00,9.257183e-01,5.000000e+00,-4.196009e-01,3.522557e-01,-2.242076e+00,-5.118540e-02,1.171596e-01,-1.192252e-01,0.0112
45.0700,DS_interstep,4,-1.188085e+00,-1.019562e+00,-5.000000e+00,5.239375e+00,1.194052e+00,9.950979e-01,5.000000e+00,-4.136098e-01,3.572135e-01,-2.216965e+00,-5.139363e-02,1.167608e-01,-1.191013e-01,0.0110
45.0800,DS_interstep,4,-1.221051e+00,-1.075336e+00,-5.000000e+00,5.258071e+00,1.227880e+00,1.051510e+00,5.000000e+00,-4.074500e-01,3.624530e-01,-2.191854e+00,-5.159593e-02,1.163642e-01,-1.189692e-01,0.0109
45.0900,DS_interstep,4,-1.249263e+00,-1.120649e+00,-5.000000e+00,5.274136e+00,1.256916e+00,1.097368e+00,5.000000e+00,-4.011452e-01,3.679216e-01,-2.166746e+00,-5.179223e-02,1.159696e-01,-1.188289e-01,0.0107
45.1000,DS_interstep,4,-1.273623e+00,-1.157683e+00,-5.000000e+00,5.287943e+00,1.282079e+00,1.134874e+00,5.000000e+00,-3.947150e-01,3.735774e-01,-2.141638e+00,-5.198247e-02,1.155773e-01,-1.186807e-01,0.0105
45.1100,DS_interstep,4,-1.294930e+00,-1.188333e+00,-5.000000e+00,5.299904e+00,1.304179e+00,1.165942e+00,5.000000e+00,-3.881746e-01,3.793882e-01,-2.116531e+00,-5.216658e-02,1.151873e-01,-1.185243e-01,0.0104
45.1200,DS_interstep,4,-1.313864e+00,-1.214177e+00,-5.000000e+00,5.310411e+00,1.323900e+00,1.192166e+00,5.000000e+00,-3.815359e-01,3.853299e-01,-2.091426e+00,-5.234451e-02,1.147995e-01,-1.183600e-01,0.0102
45.1300,DS_interstep,4,-1.330981e+00,-1.236497e+00,-5.000000e+00,5.319815e+00,1.341805e+00,1.214841e+00,5.000000e+00,-3.748080e-01,3.913847e-01,-2.066322e+00,-5.251621e-02,1.144141e-01,-1.181877e-01,0.0101
45.1400,DS_interstep,4,-1.346730e+00,-1.256305e+00,-5.000000e+00,5.328413e+00,1.358344e+00,1.234990e+00,5.000000e+00,-3.679978e-01,3.975399e-01,-2.041220e+00,-5.268162e-02,1.140311e-01,-1.180074e-01,0.0100
45.1500,DS_interstep,4,-1.361461e+00,-1.274389e+00,-5.000000e+00,5.336445e+00,1.373870e+00,1.253408e+00,5.000000e+00,-3.611102e-01,4.037869e-01,-2.016119e+00,-5.284068e-02,1.136505e-01,-1.178192e-01,0.0099
45.1600,DS_interstep,4,-1.375446e+00,-1.291351e+00,-5.000000e+00,5.344103e+00,1.388655e+00,1.270700e+00,5.000000e+00,-3.541491e-01,4.101200e-01,-1.991018e+00,-5.299333e-02,1.132722e-01,-1.176231e-01,0.0099
45.1700,DS_interstep,4,-1.388888e+00,-1.307641e+00,-5.000000e+00,5.351536e+00,1.402903e+00,1.287322e+00,5.000000e+00,-3.471172e-01,4.165359e-01,-1.965920e+00,-5.313951e-02,1.128965e-01,-1.174191e-01,0.0098
45.1800,DS_interstep,4,-1.401935e+00,-1.323593e+00,-5.000000e+00,5.358854e+00,1.416764e+00,1.303608e+00,5.000000e+00,-3.400162e-01,4.230330e-01,-1.940822e+00,-5.327918e-02,1.125232e-01,-1.172071e-01,0.0097
45.1900,DS_interstep,4,-1.414696e+00,-1.339448e+00,-5.000000e+00,5.366142e+00,1.430343e+00,1.319802e+00,5.000000e+00,-3.328477e-01,4.296106e-01,-1.915726e+00,-5.341227e-02,1.121525e-01,-1.169873e-01,0.0097
45.2000,DS_interstep,4,-1.427242e+00,-1.355378e+00,-5.000000e+00,5.373459e+00,1.443714e+00,1.336076e+00,5.000000e+00,-3.256128e-01,4.362694e-01,-1.890631e+00,-5.353872e-02,1.117842e-01,-1.167596e-01,0.0096
45.2100,DS_interstep,4,-1.439620e+00,-1.371498e+00,-5.000000e+00,5.380847e+00,1.456923e+00,1.352544e+00,5.000000e+00,-3.183121e-01,4.430101e-01,-1.865537e+00,-5.365848e-02,1.114186e-01,-1.165240e-01,0.0096
45.2200,DS_interstep,4,-1.451858e+00,-1.387883e+00,-5.000000e+00,5.388331e+00,1.469997e+00,1.369283e+00,5.000000e+00,-3.109464e-01,4.498341e-01,-1.840444e+00,-5.377149e-02,1.110556e-01,-1.162805e-01,0.0095
45.2300,DS_interstep,4,-1.463968e+00,-1.404576e+00,-5.000000e+00,5.395928e+00,1.482946e+00,1.386335e+00,5.000000e+00,-3.035164e-01,4.567431e-01,-1.815353e+00,-5.387769e-02,1.106952e-01,-1.160292e-01,0.0095
45.2400,DS_interstep,4,-1.475952e+00,-1.421596e+00,-5.000000e+00,5.403644e+00,1.495771e+00,1.403720e+00,5.000000e+00,-2.960226e-01,4.637387e-01,-1.790263e+00,-5.397703e-02,1.103374e-01,-1.157700e-01,0.0095
45.2500,DS_interstep,4,-1.487804e+00,-1.438944e+00,-5.000000e+00,5.411480e+00,1.508467e+00,1.421439e+00,5.000000e+00,-2.884657e-01,4.708225e-01,-1.765174e+00,-5.406945e-02,1.099824e-01,-1.155029e-01,0.0095
45.2600,DS_interstep,4,-1.499514e+00,-1.456610e+00,-5.000000e+00,5.419433e+00,1.521021e+00,1.439480e+00,5.000000e+00,-2.808465e-01,4.779962e-01,-1.740086e+00,-5.415489e-02,1.096301e-01,-1.152279e-01,0.0094
45.2700,DS_interstep,4,-1.511070e+00,-1.474574e+00,-5.000000e+00,5.427495e+00,1.533421e+00,1.457825e+00,5.000000e+00,-2.731656e-01,4.852612e-01,-1.715000e+00,-5.423330e-02,1.092806e-01,-1.149451e-01,0.0094
45.2800,DS_interstep,4,-1.490633e+00,-1.473202e+00,-4.865614e+00,5.297783e+00,1.513828e+00,1.456840e+00,4.922922e+00,-2.655830e-01,4.925209e-01,-1.690300e+00,-5.430460e-02,1.089339e-01,-1.146544e-01,0.0094
45.2900,DS_interstep,4,-1.424452e+00,-1.452083e+00,-4.514337e+00,4.951449e+00,1.448769e+00,1.435513e+00,4.572506e+00,-2.583262e-01,4.996736e-01,-1.667354e+00,-5.436865e-02,1.085896e-01,-1.143557e-01,0.0093
45.3000,DS_interstep,4,-1.394259e+00,-1.469138e+00,-4.266756e+00,4.723085e+00,1.419829e+00,1.451601e+00,4.326485e+00,-2.512143e-01,5.069065e-01,-1.645639e+00,-5.442541e-02,1.082478e-01,-1.140490e-01,0.0092
45.3100,DS_interstep,4,-1.369228e+00,-1.487447e+00,-4.045552e+00,4.522585e+00,1.395089e+00,1.469891e+00,4.104909e+00,-2.442266e-01,5.142304e-01,-1.625032e+00,-5.447502e-02,1.079083e-01,-1.137346e-01,0.0091
45.3200,DS_interstep,4,-1.342623e+00,-1.499586e+00,-3.834546e+00,4.330720e+00,1.368402e+00,1.482327e+00,3.892867e+00,-2.373726e-01,5.216161e-01,-1.605487e+00,-5.451766e-02,1.075713e-01,-1.134130e-01,0.0089
45.3300,DS_interstep,4,-1.312625e+00,-1.503708e+00,-3.629139e+00,4.141832e+00,1.338103e+00,1.486852e+00,3.686146e+00,-2.306704e-01,5.290241e-01,-1.586977e+00,-5.455355e-02,1.072367e-01,-1.130846e-01,0.0087
45.3400,DS_interstep,4,-1.278949e+00,-1.499696e+00,-3.428043e+00,3.954274e+00,1.303984e+00,1.483255e+00,3.483627e+00,-2.241392e-01,5.364137e-01,-1.569480e+00,-5.458293e-02,1.069046e-01,-1.127499e-01,0.0084
45.3500,DS_interstep,4,-1.241927e+00,-1.488184e+00,-3.231190e+00,3.767979e+00,1.266426e+00,1.472123e+00,3.285327e+00,-2.177961e-01,5.437473e-01,-1.552975e+00,-5.460606e-02,1.065751e-01,-1.124092e-01,0.0082
45.3600,DS_interstep,4,-1.202145e+00,-1.470149e+00,-3.038972e+00,3.583552e+00,1.226048e+00,1.454413e+00,3.091685e+00,-2.116551e-01,5.509919e-01,-1.537440e+00,-5.462320e-02,1.062481e-01,-1.120631e-01,0.0079
45.3700,DS_interstep,4,-1.160270e+00,-1.446684e+00,-2.851931e+00,3.401857e+00,1.183543e+00,1.431211e+00,2.903264e+00,-2.057270e-01,5.581202e-01,-1.522847e+00,-5.463461e-02,1.059236e-01,-1.117120e-01,0.0076
45.3800,DS_interstep,4,-1.116967e+00,-1.418871e+00,-2.670610e+00,3.223813e+00,1.139591e+00,1.403602e+00,2.720621e+00,-2.000190e-01,5.651102e-01,-1.509168e+00,-5.464056e-02,1.056017e-01,-1.113562e-01,0.0074
45.3900,DS_interstep,4,-1.072845e+00,-1.387706e+00,-2.495508e+00,3.050293e+00,1.094813e+00,1.372586e+00,2.544258e+00,-1.945351e-01,5.719446e-01,-1.496372e+00,-5.464130e-02,1.052823e-01,-1.109962e-01,0.0071
45.4000,DS_interstep,4,-1.028441e+00,-1.354060e+00,-2.327050e+00,2.882071e+00,1.049757e+00,1.339040e+00,2.374604e+00,-1.892768e-01,5.786111e-01,-1.484424e+00,-5.463707e-02,1.049654e-01,-1.106321e-01,0.0069
45.4100,DS_interstep,4,-9.842110e-01,-1.318663e+00,-2.165585e+00,2.719798e+00,1.004884e+00,1.303704e+00,2.212007e+00,-1.842430e-01,5.851005e-01,-1.473290e+00,-5.462812e-02,1.046510e-01,-1.102645e-01,0.0066
45.4200,DS_interstep,4,-9.405286e-01,-1.282115e+00,-2.011382e+00,2.563995e+00,9.605714e-01,1.267182e+00,2.056735e+00,-1.794311e-01,5.914069e-01,-1.462933e+00,-5.461468e-02,1.043390e-01,-1.098936e-01,0.0064
45.4300,DS_interstep,4,-8.976908e-01,-1.244889e+00,-1.864632e+00,2.415046e+00,9.171208e-01,1.229954e+00,1.908980e+00,-1.748367e-01,5.975270e-01,-1.453315e+00,-5.459697e-02,1.040293e-01,-1.095197e-01,0.0061
45.4400,DS_interstep,4,-8.559263e-01,-1.207354e+00,-1.725449e+00,2.273211e+00,8.747625e-01,1.192394e+00,1.768854e+00,-1.704543e-01,6.034589e-01,-1.444399e+00,-5.457522e-02,1.037219e-01,-1.091430e-01,0.0059
45.4500,DS_interstep,4,-8.154040e-01,-1.169793e+00,-1.593872e+00,2.138628e+00,8.336669e-01,1.154789e+00,1.636394e+00,-1.662776e-01,6.092025e-01,-1.436145e+00,-5.454962e-02,1.034168e-01,-1.087638e-01,0.0057
45.4600,DS_interstep,4,-7.762425e-01,-1.132418e+00,-1.469870e+00,2.011328e+00,7.939535e-01,1.117355e+00,1.511567e+00,-1.622996e-01,6.147587e-01,-1.428515e+00,-5.452037e-02,1.031139e-01,-1.083823e-01,0.0055
45.4700,DS_interstep,4,-7.385208e-01,-1.095391e+00,-1.353353e+00,1.891259e+00,7.557019e-01,1.080257e+00,1.394281e+00,-1.585131e-01,6.201290e-01,-1.421473e+00,-5.448766e-02,1.028131e-01,-1.079988e-01,0.0053
45.4800,DS_interstep,4,-7.024072e-01,-1.058966e+00,-1.244522e+00,1.778656e+00,7.190866e-01,1.043747e+00,1.284747e+00,-1.549099e-01,6.253166e-01,-1.414978e+00,-5.445168e-02,1.025144e-01,-1.076134e-01,0.0051
45.4900,DS_interstep,4,-6.681863e-01,-1.023587e+00,-1.143791e+00,1.674055e+00,6.844049e-01,1.008273e+00,1.183391e+00,-1.514802e-01,6.303266e-01,-1.408990e+00,-5.441257e-02,1.022177e-01,-1.072263e-01,0.0049
45.5000,DS_interstep,4,-6.358293e-01,-9.893252e-01,-1.050758e+00,1.577065e+00,6.516186e-01,9.739094e-01,1.089793e+00,-1.482147e-01,6.351645e-01,-1.403471e+00,-5.437051e-02,1.019230e-01,-1.068376e-01,0.0048
45.5100,DS_interstep,4,-6.052099e-01,-9.561156e-01,-9.648302e-01,1.487055e+00,6.205954e-01,9.405979e-01,1.003347e+00,-1.451044e-01,6.398356e-01,-1.398384e+00,-5.432563e-02,1.016301e-01,-1.064476e-01,0.0046
45.5200,DS_interstep,4,-5.761961e-01,-9.238803e-01,-8.854371e-01,1.403409e+00,5.911995e-01,9.082611e-01,9.234743e-01,-1.421412e-01,6.443448e-01,-1.393697e+00,-5.427807e-02,1.013391e-01,-1.060563e-01,0.0045
45.5300,DS_interstep,4,-5.486633e-01,-8.925440e-01,-8.120530e-01,1.325555e+00,5.633038e-01,8.768244e-01,8.496464e-01,-1.393177e-01,6.486965e-01,-1.389379e+00,-5.422797e-02,1.010499e-01,-1.056638e-01,0.0043
45.5400,DS_interstep,4,-5.224981e-01,-8.620408e-01,-7.441981e-01,1.252976e+00,5.367928e-01,8.462218e-01,7.813798e-01,-1.366268e-01,6.528951e-01,-1.385403e+00,-5.417545e-02,1.007623e-01,-1.052703e-01,0.0042
45.5500,DS_interstep,4,-4.975988e-01,-8.323153e-01,-6.814350e-01,1.185203e+00,5.115635e-01,8.163976e-01,7.182345e-01,-1.340623e-01,6.569443e-01,-1.381743e+00,-5.412064e-02,1.004765e-01,-1.048759e-01,0.0040
45.5600,DS_interstep,4,-4.738747e-01,-8.033219e-01,-6.233643e-01,1.121814e+00,4.875237e-01,7.873062e-01,6.598088e-01,-1.316180e-01,6.608479e-01,-1.378375e+00,-5.406364e-02,1.001922e-01,-1.044806e-01,0.0039
45.5700,DS_interstep,4,-4.512450e-01,-7.750244e-01,-5.696209e-01,1.062428e+00,4.645916e-01,7.589110e-01,6.057354e-01,-1.292886e-01,6.646093e-01,-1.375277e+00,-5.400457e-02,9.990953e-02,-1.040846e-01,0.0037
45.5800,DS_interstep,4,-4.296375e-01,-7.473939e-01,-5.198698e-01,1.006703e+00,4.426942e-01,7.311830e-01,5.556778e-01,-1.270687e-01,6.682319e-01,-1.372430e+00,-5.394353e-02,9.962834e-02,-1.036880e-01,0.0036
45.5900,DS_interstep,4,-4.089879e-01,-7.204076e-01,-4.738037e-01,9.543313e-01,4.217662e-01,7.040994e-01,5.093266e-01,-1.249536e-01,6.717189e-01,-1.369815e+00,-5.388062e-02,9.934861e-02,-1.032907e-01,0.0035
45.6000,DS_interstep,4,-3.892384e-01,-6.940478e-01,-4.311396e-01,9.050360e-01,4.017492e-01,6.776422e-01,4.663977e-01,-1.229387e-01,6.750734e-01,-1.367415e+00,-5.381594e-02,9.907028e-02,-1.028930e-01,0.0033
45.6100,DS_interstep,4,-3.703369e-01,-6.683002e-01,-3.916173e-01,8.585678e-01,3.825905e-01,6.517974e-01,4.266290e-01,-1.210196e-01,6.782985e-01,-1.365213e+00,-5.374959e-02,9.879331e-02,-1.024948e-01,0.0032
45.6200,DS_interstep,4,-3.522362e-01,-6.431536e-01,-3.549970e-01,8.147023e-01,3.642424e-01,6.265537e-01,3.897796e-01,-1.191924e-01,6.813973e-01,-1.363196e+00,-5.368164e-02,9.851765e-02,-1.020962e-01,0.0031
45.6300,DS_interstep,4,-3.348937e-01,-6.185986e-01,-3.210577e-01,7.732374e-01,3.466614e-01,6.019017e-01,3.556270e-01,-1.174532e-01,6.843727e-01,-1.361350e+00,-5.361218e-02,9.824325e-02,-1.016973e-01,0.0030
45.6400,DS_interstep,4,-3.182702e-01,-5.946275e-01,-2.895957e-01,7.339915e-01,3.298083e-01,5.778339e-01,3.239664e-01,-1.157984e-01,6.872275e-01,-1.359662e+00,-5.354130e-02,9.797007e-02,-1.012981e-01,0.0029
45.6500,DS_interstep,4,-3.023300e-01,-5.712335e-01,-2.604233e-01,6.968009e-01,3.136466e-01,5.543434e-01,2.946089e-01,-1.142244e-01,6.899648e-01,-1.358121e+00,-5.346906e-02,9.769807e-02,-1.008987e-01,0.0028
45.6600,DS_interstep,4,-2.870402e-01,-5.484105e-01,-2.333676e-01,6.615184e-01,2.981431e-01,5.314243e-01,2.673807e-01,-1.127280e-01,6.925874e-01,-1.356716e+00,-5.339555e-02,9.742719e-02,-1.004990e-01,0.0027
45.6700,DS_interstep,4,-2.723704e-01,-5.261528e-01,-2.082694e-01,6.280115e-01,2.832671e-01,5.090711e-01,2.421215e-01,-1.113061e-01,6.950980e-01,-1.355438e+00,-5.332083e-02,9.715741e-02,-1.000993e-01,0.0025
45.6800,DS_interstep,4,-2.582927e-01,-5.044549e-01,-1.849820e-01,5.961613e-01,2.689904e-01,4.872783e-01,2.186839e-01,-1.099556e-01,6.974996e-01,-1.354277e+00,-5.324498e-02,9.688867e-02,-9.969937e-02,0.0024
45.6900,DS_interstep,4,-2.447812e-01,-4.833118e-01,-1.633706e-01,5.658605e-01,2.552865e-01,4.660409e-01,1.969321e-01,-1.086737e-01,6.997948e-01,-1.353224e+00,-5.316806e-02,9.662093e-02,-9.929941e-02,0.0023
45.7000,DS_interstep,4,-2.318116e-01,-4.627182e-01,-1.433112e-01,5.370129e-01,2.421311e-01,4.453539e-01,1.767414e-01,-1.074577e-01,7.019866e-01,-1.352273e+00,-5.309012e-02,9.635416e-02,-9.889939e-02,0.0022
45.7100,DS_interstep,4,-2.193617e-01,-4.426689e-01,-1.246898e-01,5.095320e-01,2.295016e-01,4.252121e-01,1.579972e-01,-1.063048e-01,7.040775e-01,-1.351415e+00,-5.301124e-02,9.608832e-02,-9.849937e-02,0.0021
45.7200,DS_interstep,4,-2.074104e-01,-4.231590e-01,-1.074015e-01,4.833401e-01,2.173767e-01,4.056105e-01,1.405939e-01,-1.052127e-01,7.060702e-01,-1.350645e+00,-5.293146e-02,9.582337e-02,-9.809935e-02,0.0020
45.7300,DS_interstep,4,-1.959383e-01,-4.041831e-01,-9.135035e-02,4.583674e-01,2.057368e-01,3.865441e-01,1.244350e-01,-1.041787e-01,7.079676e-01,-1.349955e+00,-5.285085e-02,9.555927e-02,-9.769936e-02,0.0019
45.7400,DS_interstep,4,-1.849271e-01,-3.857363e-01,-7.644799e-02,4.345513e-01,1.945634e-01,3.680078e-01,1.094317e-01,-1.032007e-01,7.097722e-01,-1.349341e+00,-5.276945e-02,9.529599e-02,-9.729943e-02,0.0019
45.7500,DS_interstep,4,-1.743598e-01,-3.678132e-01,-6.261347e-02,4.118354e-01,1.838393e-01,3.499964e-01,9.550241e-02,-1.022764e-01,7.114866e-01,-1.348796e+00,-5.268732e-02,9.503349e-02,-9.689958e-02,0.0018
45.7600,DS_interstep,4,-1.642205e-01,-3.504088e-01,-4.977252e-02,3.901692e-01,1.735483e-01,3.325050e-01,8.257255e-02,-1.014036e-01,7.131135e-01,-1.348315e+00,-5.260450e-02,9.477174e-02,-9.649982e-02,0.0017
45.7700,DS_interstep,4,-1.544939e-01,-3.335178e-01,-3.785703e-02,3.695073e-01,1.636752e-01,3.155282e-01,7.057360e-02,-1.005802e-01,7.146555e-01,-1.347895e+00,-5.252104e-02,9.451071e-02,-9.610018e-02,0.0016
45.7800,DS_interstep,4,-1.451662e-01,-3.171349e-01,-2.680458e-02,3.498088e-01,1.542058e-01,2.990609e-01,5.944276e-02,-9.980414e-02,7.161150e-01,-1.347530e+00,-5.243699e-02,9.425036e-02,-9.570068e-02,0.0015
45.7900,DS_interstep,4,-1.362238e-01,-3.012548e-01,-1.655790e-02,3.310371e-01,1.451266e-01,2.830979e-01,4.912246e-02,-9.907354e-02,7.174947e-01,-1.347217e+00,-5.235238e-02,9.399067e-02,-9.530132e-02,0.0014
45.8000,DS_interstep,4,-1.276542e-01,-2.858723e-01,-7.064502e-03,3.131589e-01,1.364248e-01,2.676339e-01,3.955989e-02,-9.838648e-02,7.187969e-01,-1.346952e+00,-5.226726e-02,9.373159e-02,-9.490212e-02,0.0014
45.8100,DS_interstep,4,-1.194455e-01,-2.709820e-01,1.723781e-03,2.961443e-01,1.280885e-01,2.526636e-01,3.070664e-02,-9.774114e-02,7.200243e-01,-1.346731e+00,-5.218167e-02,9.347311e-02,-9.450309e-02,0.0013
45.8200,DS_interstep,4,-1.115863e-01,-2.565784e-01,9.851150e-03,2.799661e-01,1.201062e-01,2.381816e-01,2.251825e-02,-9.713574e-02,7.211791e-01,-1.346551e+00,-5.209564e-02,9.321520e-02,-9.410424e-02,0.0012
45.8300,DS_interstep,4,-1.040660e-01,-2.426560e-01,1.735820e-02,2.645996e-01,1.124671e-01,2.241824e-01,1.495391e-02,-9.656857e-02,7.222640e-01,-1.346409e+00,-5.200921e-02,9.295783e-02,-9.370559e-02,0.0012
45.8400,DS_interstep,4,-9.687416e-02,-2.292091e-01,2.428226e-02,2.500221e-01,1.051607e-01,2.106604e-01,7.976098e-03,-9.603795e-02,7.232811e-01,-1.346302e+00,-5.192240e-02,9.270097e-02,-9.330715e-02,0.0011
45.8500,DS_interstep,4,-9.000098e-02,-2.162320e-01,3.065767e-02,2.362125e-01,9.817714e-02,1.976098e-01,1.550272e-03,-9.554228e-02,7.242330e-01,-1.346227e+00,-5.183526e-02,9.244460e-02,-9.290892e-02,0.0010
45.8600,DS_interstep,4,-8.343700e-02,-2.037188e-01,3.651609e-02,2.231513e-01,9.150687e-02,1.850249e-01,-4.355392e-03,-9.507998e-02,7.251219e-01,-1.346182e+00,-5.174782e-02,9.218869e-02,-9.251091e-02,0.0010
45.8700,DS_interstep,4,-7.717311e-02,-1.916635e-01,4.188676e-02,2.108201e-01,8.514071e-02,1.728997e-01,-9.770282e-03,-9.464954e-02,7.259501e-01,-1.346163e+00,-5.166010e-02,9.193321e-02,-9.211312e-02,0.0009
45.8800,DS_interstep,4,-7.120052e-02,-1.800599e-01,4.679672e-02,1.992009e-01,7.906977e-02,1.612279e-01,-1.472158e-02,-9.424947e-02,7.267199e-01,-1.346169e+00,-5.157213e-02,9.167816e-02,-9.171557e-02,0.0009
45.8900,DS_interstep,4,-6.551068e-02,-1.689014e-01,5.127105e-02,1.882766e-01,7.328545e-02,1.500031e-01,-1.923450e-02,-9.387834e-02,7.274336e-01,-1.346198e+00,-5.148393e-02,9.142350e-02,-9.131826e-02,0.0008
45.9000,DS_interstep,4,-6.009530e-02,-1.581816e-01,5.533305e-02,1.780298e-01,6.777936e-02,1.392187e-01,-2.333246e-02,-9.353476e-02,7.280933e-01,-1.346248e+00,-5.139553e-02,9.116921e-02,-9.092119e-02,0.0008
45.9100,DS_interstep,4,-5.494630e-02,-1.478935e-01,5.900446e-02,1.684432e-01,6.254336e-02,1.288680e-01,-2.703730e-02,-9.321737e-02,7.287012e-01,-1.346315e+00,-5.130696e-02,9.091528e-02,-9.052436e-02,0.0007
45.9200,DS_interstep,4,-5.005577e-02,-1.380302e-01,6.230558e-02,1.594989e-01,5.756946e-02,1.189439e-01,-3.036945e-02,-9.292487e-02,7.292594e-01,-1.346400e+00,-5.121824e-02,9.066168e-02,-9.012779e-02,0.0007
45.9300,DS_interstep,4,-4.541597e-02,-1.285842e-01,6.525548e-02,1.511780e-01,5.284984e-02,1.094390e-01,-3.334805e-02,-9.265599e-02,7.297702e-01,-1.346499e+00,-5.112938e-02,9.040840e-02,-8.973147e-02,0.0007
45.9400,DS_interstep,4,-4.101928e-02,-1.195481e-01,6.787208e-02,1.434606e-01,4.837682e-02,1.003459e-01,-3.599113e-02,-9.240948e-02,7.302354e-01,-1.346612e+00,-5.104041e-02,9.015541e-02,-8.933541e-02,0.0006
45.9500,DS_interstep,4,-3.685822e-02,-1.109140e-01,7.017231e-02,1.363254e-01,4.414285e-02,9.165679e-02,-3.831571e-02,-9.218415e-02,7.306571e-01,-1.346736e+00,-5.095135e-02,8.990271e-02,-8.893960e-02,0.0006
45.9600,DS_interstep,4,-3.292542e-02,-1.026740e-01,7.217223e-02,1.297493e-01,4.014048e-02,8.336359e-02,-4.033791e-02,-9.197884e-02,7.310374e-01,-1.346871e+00,-5.086221e-02,8.965026e-02,-8.854406e-02,0.0006
45.9700,DS_interstep,4,-2.921360e-02,-9.481976e-02,7.388708e-02,1.237074e-01,3.636235e-02,7.545806e-02,-4.207307e-02,-9.179244e-02,7.313781e-01,-1.347014e+00,-5.077301e-02,8.939807e-02,-8.814877e-02,0.0006
45.9800,DS_interstep,4,-2.571558e-02,-8.734274e-02,7.533142e-02,1.181730e-01,3.280120e-02,6.793168e-02,-4.353582e-02,-9.162385e-02,7.316812e-01,-1.347164e+00,-5.068376e-02,8.914611e-02,-8.775374e-02,0.0005
45.9900,DS_interstep,4,-2.242424e-02,-8.023425e-02,7.651917e-02,1.131175e-01,2.944985e-02,6.077572e-02,-4.474014e-02,-9.147202e-02,7.319485e-01,-1.347320e+00,-5.059449e-02,8.889437e-02,-8.735898e-02,0.0005
46.0000,DS_interstep,4,-1.933257e-02,-7.348534e-02,7.746370e-02,1.085102e-01,2.630120e-02,5.398122e-02,-4.569949e-02,-9.133594e-02,7.321818e-01,-1.347481e+00,-5.050519e-02,8.864284e-02,-8.696447e-02,0.0005
46.0100,DS_interstep,4,-1.643360e-02,-6.708686e-02,7.817787e-02,1.043192e-01,2.334821e-02,4.753903e-02,-4.642680e-02,-9.121464e-02,7.323829e-01,-1.347646e+00,-5.041590e-02,8.839150e-02,-8.657022e-02,0.0005
46.0200,DS_interstep,4,-1.372047e-02,-6.102951e-02,7.867409e-02,1.005110e-01,2.058394e-02,4.143980e-02,-4.693453e-02,-9.110716e-02,7.325535e-01,-1.347813e+00,-5.032661e-02,8.814035e-02,-8.617623e-02,0.0005
46.0300,DS_interstep,4,-1.118638e-02,-5.530379e-02,7.896436e-02,9.705160e-02,1.800149e-02,3.567403e-02,-4.723476e-02,-9.101260e-02,7.326952e-01,-1.347982e+00,-5.023734e-02,8.788936e-02,-8.578250e-02,0.0005
46.0400,DS_interstep,4,-8.824593e-03,-4.990006e-02,7.906030e-02,9.390645e-02,1.559408e-02,3.023207e-02,-4.733918e-02,-9.093008e-02,7.328097e-01,-1.348152e+00,-5.014809e-02,8.763853e-02,-8.538902e-02,0.0004
46.0500,DS_interstep,4,-6.628479e-03,-4.480859e-02,7.897319e-02,9.104126e-02,1.335496e-02,2.510412e-02,-4.725912e-02,-9.085876e-02,7.328986e-01,-1.348320e+00,-5.005888e-02,8.738785e-02,-8.499579e-02,0.0004
46.0600,DS_interstep,4,-4.591472e-03,-4.001951e-02,7.871397e-02,8.842246e-02,1.127751e-02,2.028031e-02,-4.700560e-02,-9.079783e-02,7.329634e-01,-1.348488e+00,-4.996972e-02,8.713732e-02,-8.460281e-02,0.0004
46.0700,DS_interstep,4,-2.707101e-03,-3.552287e-02,7.829329e-02,8.601769e-02,9.355172e-03,1.575066e-02,-4.658931e-02,-9.074652e-02,7.330055e-01,-1.348654e+00,-4.988062e-02,8.688691e-02,-8.421008e-02,0.0004
46.0800,DS_interstep,4,-9.689863e-04,-3.130870e-02,7.772150e-02,8.379622e-02,7.581477e-03,1.150515e-02,-4.602068e-02,-9.070407e-02,7.330263e-01,-1.348816e+00,-4.979157e-02,8.663663e-02,-8.381760e-02,0.0004
46.0900,DS_interstep,4,6.291547e-04,-2.736696e-02,7.700868e-02,8.172932e-02,5.950065e-03,7.533703e-03,-4.530984e-02,-9.066979e-02,7.330273e-01,-1.348975e+00,-4.970259e-02,8.638646e-02,-8.342536e-02,0.0004
46.1000,DS_interstep,4,2.093502e-03,-2.368762e-02,7.616460e-02,7.979055e-02,4.454675e-03,3.826253e-03,-4.446663e-02,-9.064298e-02,7.330098e-01,-1.349130e+00,-4.961368e-02,8.613640e-02,-8.303335e-02,0.0004
46.1100,DS_interstep,4,3.430126e-03,-2.026065e-02,7.519880e-02,7.795588e-02,3.089154e-03,3.727335e-04,-4.350064e-02,-9.062300e-02,7.329750e-01,-1.349280e+00,-4.952485e-02,8.588643e-02,-8.264158e-02,0.0004
46.1200,DS_interstep,4,4.644987e-03,-1.707607e-02,7.412052e-02,7.620381e-02,1.847462e-03,-2.836887e-03,-4.242119e-02,-9.060923e-02,7.329242e-01,-1.349425e+00,-4.943610e-02,8.563656e-02,-8.225005e-02,0.0004
46.1300,DS_interstep,4,5.743924e-03,-1.412394e-02,7.293877e-02,7.451539e-02,7.236797e-04,-5.812583e-03,-4.123731e-02,-9.060108e-02,7.328585e-01,-1.349564e+00,-4.934744e-02,8.538678e-02,-8.185874e-02,0.0004
46.1400,DS_interstep,4,6.732653e-03,-1.139442e-02,7.166227e-02,7.287415e-02,-2.879893e-04,-8.564250e-03,-3.995779e-02,-9.059799e-02,7.327790e-01,-1.349696e+00,-4.925887e-02,8.513709e-02,-8.146766e-02,0.0004
46.1500,DS_interstep,4,7.616764e-03,-8.877742e-03,7.029945e-02,7.126600e-02,-1.193212e-03,-1.110169e-02,-3.859114e-02,-9.059943e-02,7.326869e-01,-1.349821e+00,-4.917040e-02,8.488746e-02,-8.107680e-02,0.0004
46.1600,DS_interstep,4,8.401713e-03,-6.564283e-03,6.885851e-02,6.967907e-02,-1.997524e-03,-1.343458e-02,-3.714559e-02,-9.060489e-02,7.325831e-01,-1.349940e+00,-4.908202e-02,8.463791e-02,-8.068615e-02,0.0004
46.1700,DS_interstep,4,9.092819e-03,-4.444540e-03,6.734735e-02,6.810359e-02,-2.706321e-03,-1.557247e-02,-3.562910e-02,-9.061389e-02,7.324686e-01,-1.350050e+00,-4.899373e-02,8.438843e-02,-8.029572e-02,0.0004
46.1800,DS_interstep,4,9.695265e-03,-2.509170e-03,6.577360e-02,6.653165e-02,-3.324859e-03,-1.752475e-02,-3.404935e-02,-9.062598e-02,7.323443e-01,-1.350153e+00,-4.890555e-02,8.413901e-02,-7.990550e-02,0.0003
46.1900,DS_interstep,4,1.021409e-02,-7.489936e-04,6.414462e-02,6.495707e-02,-3.858251e-03,-1.930065e-02,-3.241374e-02,-9.064074e-02,7.322112e-01,-1.350248e+00,-4.881747e-02,8.388966e-02,-7.951548e-02,0.0003
46.2000,DS_interstep,4,1.065418e-02,8.449814e-04,6.246746e-02,6.337514e-02,-4.311463e-03,-2.090921e-02,-3.072940e-02,-9.065776e-02,7.320701e-01,-1.350334e+00,-4.872950e-02,8.364036e-02,-7.912566e-02,0.0003
46.2100,DS_interstep,4,1.102029e-02,2.281553e-03,6.074891e-02,6.178254e-02,-4.689312e-03,-2.235927e-02,-2.900314e-02,-9.067667e-02,7.319217e-01,-1.350411e+00,-4.864162e-02,8.339111e-02,-7.873604e-02,0.0003
46.2200,DS_interstep,4,1.131700e-02,3.569311e-03,5.899547e-02,6.017707e-02,-4.996464e-03,-2.365947e-02,-2.724151e-02,-9.069712e-02,7.317668e-01,-1.350480e+00,-4.855385e-02,8.314191e-02,-7.834661e-02,0.0003
46.2300,DS_interstep,4,1.154878e-02,4.716628e-03,5.721335e-02,5.855756e-02,-5.237435e-03,-2.481823e-02,-2.545077e-02,-9.071877e-02,7.316061e-01,-1.350540e+00,-4.846619e-02,8.289277e-02,-7.795737e-02,0.0003
46.2400,DS_interstep,4,1.171991e-02,5.731646e-03,5.540846e-02,5.692368e-02,-5.416587e-03,-2.584374e-02,-2.363689e-02,-9.074132e-02,7.314403e-01,-1.350590e+00,-4.837863e-02,8.264366e-02,-7.756832e-02,0.0003
46.2500,DS_interstep,4,1.183454e-02,6.622277e-03,5.358644e-02,5.527583e-02,-5.538129e-03,-2.674395e-02,-2.180552e-02,-9.076447e-02,7.312700e-01,-1.350632e+00,-4.829118e-02,8.239461e-02,-7.717944e-02,0.0003
46.2600,DS_interstep,4,1.189666e-02,7.396188e-03,5.175264e-02,5.361501e-02,-5.606118e-03,-2.752658e-02,-1.996207e-02,-9.078796e-02,7.310958e-01,-1.350664e+00,-4.820382e-02,8.214559e-02,-7.679074e-02,0.0003
46.2700,DS_interstep,4,1.191012e-02,8.060798e-03,4.991211e-02,5.194272e-02,-5.624459e-03,-2.819909e-02,-1.811162e-02,-9.081154e-02,7.309183e-01,-1.350687e+00,-4.811658e-02,8.189662e-02,-7.640221e-02,0.0003
46.2800,SS,5,-1.320332e-03,-4.154597e-01,1.022878e+00,1.104033e+00,9.942074e-02,5.187174e-01,-6.775796e-01,-8.590383e-02,7.270128e-01,-1.349767e+00,-4.726222e-02,7.942727e-02,-7.257891e-02,799.8067
46.3800,SS,5,-2.417296e-02,-4.281119e-01,9.834917e-01,1.072903e+00,-1.494644e-02,6.774738e-01,-1.551289e+00,-8.402441e-02,7.555096e-01,-1.410101e+00,-4.643878e-02,7.710491e-02,-6.901823e-02,799.3156
46.4800,SS,5,-5.437652e-02,-4.581762e-01,9.151808e-01,1.024909e+00,1.206822e-01,3.519777e-01,-4.995358e-01,-7.913853e-02,7.705980e-01,-1.441539e+00,-4.565745e-02,7.492616e-02,-6.575214e-02,798.5477
46.5800,SS,5,-7.261829e-02,-5.074604e-01,9.064423e-01,1.041358e+00,1.473103e-01,4.454393e-01,-5.080379e-01,-7.073274e-02,7.823355e-01,-1.452228e+00,-4.487493e-02,7.284601e-02,-6.266383e-02,797.4651
46.6800,SS,5,-8.490660e-02,-5.488600e-01,8.990212e-01,1.056738e+00,1.388261e-01,5.959786e-01,-7.544128e-01,-6.269981e-02,8.016030e-01,-1.475272e+00,-4.409139e-02,7.088366e-02,-5.977544e-02,796.0097
46.7800,SS,5,-9.676934e-02,-5.866700e-01,8.773650e-01,1.059866e+00,1.642464e-01,6.060775e-01,-6.339365e-01,-5.405655e-02,8.241787e-01,-1.499545e+00,-4.331182e-02,6.905887e-02,-5.711633e-02,794.1194
46.8800,SS,5,-1.067547e-01,-6.226758e-01,8.529692e-01,1.061451e+00,1.864719e-01,6.158496e-01,-5.181255e-01,-4.421874e-02,8.470045e-01,-1.517607e+00,-4.252918e-02,6.737134e-02,-5.467125e-02,791.7327
46.9800,SS,5,-1.142301e-01,-6.578871e-01,8.342670e-01,1.068581e+00,1.958967e-01,6.666061e-01,-5.128965e-01,-3.375121e-02,8.718656e-01,-1.534308e+00,-4.173880e-02,6.582339e-02,-5.243028e-02,788.7914
47.0800,SS,5,-1.200786e-01,-7.029344e-01,8.386851e-01,1.100876e+00,2.066103e-01,7.230829e-01,-5.102608e-01,-2.277668e-02,8.994628e-01,-1.551283e+00,-4.093996e-02,6.442298e-02,-5.039609e-02,785.2406
47.1800,SS,5,-1.250311e-01,-7.429501e-01,8.353609e-01,1.124916e+00,2.164095e-01,7.584729e-01,-4.796042e-01,-1.135123e-02,9.294645e-01,-1.568036e+00,-4.013206e-02,6.317846e-02,-4.857148e-02,781.0313
47.2800,SS,5,-1.293613e-01,-7.784566e-01,8.249430e-01,1.141604e+00,2.253328e-01,7.899531e-01,-4.430798e-01,5.252161e-04,9.613489e-01,-1.583644e+00,-3.931391e-02,6.209517e-02,-4.695427e-02,776.1226
47.3800,SS,5,-1.331605e-01,-8.094653e-01,8.079560e-01,1.151416e+00,2.323282e-01,8.205922e-01,-4.112950e-01,1.276663e-02,9.951064e-01,-1.598324e+00,-3.848444e-02,6.117778e-02,-4.554101e-02,770.4805
47.4800,SS,5,-1.365095e-01,-8.385093e-01,7.893467e-01,1.159655e+00,2.390188e-01,8.502789e-01,-3.780624e-01,2.534688e-02,1.030637e+00,-1.611993e+00,-3.764288e-02,6.043048e-02,-4.432800e-02,764.0775
47.5800,SS,5,-1.391474e-01,-8.716194e-01,7.818355e-01,1.179131e+00,2.458068e-01,8.886812e-01,-3.575665e-01,3.828557e-02,1.068018e+00,-1.624763e+00,-3.678878e-02,5.985724e-02,-4.331193e-02,756.8909
47.6800,SS,5,-1.414764e-01,-8.994859e-01,7.659191e-01,1.189841e+00,2.510433e-01,9.176531e-01,-3.297132e-01,5.148551e-02,1.107422e+00,-1.637126e+00,-3.592235e-02,5.946315e-02,-4.249167e-02,748.9044
47.7800,SS,5,-1.438093e-01,-9.228442e-01,7.420140e-01,1.192857e+00,2.567953e-01,9.394586e-01,-2.874210e-01,6.496593e-02,1.148395e+00,-1.648261e+00,-3.504375e-02,5.925145e-02,-4.186365e-02,740.1083
47.8800,SS,5,-1.461379e-01,-9.420299e-01,7.112896e-01,1.189416e+00,2.618032e-01,9.595670e-01,-2.448174e-01,7.870833e-02,1.190794e+00,-1.657960e+00,-3.415285e-02,5.922408e-02,-4.142212e-02,730.4995
47.9800,SS,5,-1.483933e-01,-9.587785e-01,6.779001e-01,1.183565e+00,2.667031e-01,9.791386e-01,-2.017627e-01,9.270017e-02,1.234510e+00,-1.666121e+00,-3.324957e-02,5.938233e-02,-4.116070e-02,720.0802
48.0800,SS,5,-1.503609e-01,-9.755748e-01,6.479149e-01,1.180741e+00,2.716623e-01,1.001685e+00,-1.637445e-01,1.069456e-01,1.279505e+00,-1.672745e+00,-3.233399e-02,5.972711e-02,-4.107313e-02,708.8568
48.1800,SS,5,-1.523649e-01,-9.884337e-01,6.118408e-01,1.172419e+00,2.755832e-01,1.017628e+00,-1.215150e-01,1.213924e-01,1.325855e+00,-1.678081e+00,-3.140641e-02,6.025976e-02,-4.115398e-02,696.8409
48.2800,SS,5,-1.546100e-01,-9.980020e-01,5.704843e-01,1.159898e+00,2.797416e-01,1.028253e+00,-7.103398e-02,1.360437e-01,1.373216e+00,-1.681638e+00,-3.046691e-02,6.098023e-02,-4.139609e-02,684.0491
48.3800,SS,5,-1.570713e-01,-1.004550e+00,5.249905e-01,1.144294e+00,2.833518e-01,1.037689e+00,-2.218159e-02,1.508834e-01,1.421470e+00,-1.683335e+00,-2.951518e-02,6.188764e-02,-4.179075e-02,670.5033
48.4800,SS,5,-1.596242e-01,-1.008230e+00,4.769509e-01,1.126716e+00,2.867055e-01,1.045801e+00,2.592300e-02,1.658935e-01,1.470487e+00,-1.683142e+00,-2.855074e-02,6.298056e-02,-4.232874e-02,656.2290
48.5800,SS,5,-1.620723e-01,-1.009049e+00,4.277776e-01,1.107899e+00,2.897038e-01,1.052407e+00,7.257332e-02,1.810581e-01,1.520132e+00,-1.681032e+00,-2.757300e-02,6.425711e-02,-4.300050e-02,641.2553
48.6800,SS,5,-1.645812e-01,-1.007165e+00,3.764067e-01,1.087727e+00,2.918029e-01,1.054240e+00,1.193624e-01,1.963384e-01,1.570357e+00,-1.677167e+00,-2.658125e-02,6.571529e-02,-4.379649e-02,625.6149
48.7800,SS,5,-1.671925e-01,-1.002709e+00,3.234573e-01,1.066773e+00,2.935453e-01,1.053448e+00,1.657825e-01,2.117169e-01,1.620963e+00,-1.671458e+00,-2.557457e-02,6.735230e-02,-4.470625e-02,609.3440
48.8800,SS,5,-1.698260e-01,-9.955540e-01,2.695737e-01,1.045294e+00,2.945475e-01,1.050759e+00,2.084938e-01,2.271643e-01,1.671845e+00,-1.664016e+00,-2.455170e-02,6.916491e-02,-4.571878e-02,592.4822
48.9800,SS,5,-1.722523e-01,-9.837147e-01,2.127299e-01,1.021087e+00,2.948046e-01,1.043465e+00,2.515970e-01,2.426452e-01,1.722776e+00,-1.654809e+00,-2.351126e-02,7.114927e-02,-4.682261e-02,575.0716
49.0800,SS,5,-1.742052e-01,-9.659282e-01,1.520822e-01,9.932239e-01,2.940256e-01,1.029963e+00,2.962314e-01,2.581166e-01,1.773453e+00,-1.643728e+00,-2.245178e-02,7.330065e-02,-4.800547e-02,557.1570
49.1800,SS,5,-1.757205e-01,-9.452565e-01,9.285481e-02,9.659242e-01,2.920453e-01,1.013196e+00,3.360957e-01,2.735332e-01,1.823734e+00,-1.630944e+00,-2.137177e-02,7.561363e-02,-4.925474e-02,538.7852
49.2800,SS,5,-1.767088e-01,-9.213509e-01,3.524155e-02,9.388054e-01,2.889831e-01,9.932439e-01,3.715113e-01,2.888478e-01,1.873456e+00,-1.616627e+00,-2.026982e-02,7.808229e-02,-5.055789e-02,520.0049
49.3800,SS,5,-1.770494e-01,-8.938101e-01,-2.062532e-02,9.114101e-01,2.847241e-01,9.695053e-01,4.025667e-01,3.040105e-01,1.922435e+00,-1.600947e+00,-1.914458e-02,8.070021e-02,-5.190248e-02,500.8668
49.4800,SS,5,-1.763633e-01,-8.584351e-01,-8.072003e-02,8.800742e-01,2.787672e-01,9.365801e-01,4.362327e-01,3.189468e-01,1.970298e+00,-1.583832e+00,-1.799493e-02,8.346007e-02,-5.327579e-02,481.4230
49.5800,SS,5,-1.743637e-01,-8.140130e-01,-1.459511e-01,8.451755e-01,2.708755e-01,8.935520e-01,4.733456e-01,3.335759e-01,2.016568e+00,-1.565080e+00,-1.682002e-02,8.635301e-02,-5.466398e-02,461.7272
49.6800,SS,5,-1.712001e-01,-7.657753e-01,-2.070372e-01,8.115329e-01,2.614313e-01,8.475075e-01,5.032463e-01,3.478361e-01,2.061003e+00,-1.544852e+00,-1.561937e-02,8.936901e-02,-5.605287e-02,441.8338
49.7800,SS,5,-1.667660e-01,-7.133289e-01,-2.641115e-01,7.787193e-01,2.502351e-01,7.972876e-01,5.265013e-01,3.616498e-01,2.103418e+00,-1.523450e+00,-1.439294e-02,9.249763e-02,-5.742914e-02,421.7979
49.8800,SS,5,-1.610020e-01,-6.563649e-01,-3.174861e-01,7.466820e-01,2.375264e-01,7.422822e-01,5.453829e-01,3.749490e-01,2.143579e+00,-1.501062e+00,-1.314122e-02,9.572783e-02,-5.878020e-02,401.6752
49.9800,SS,5,-1.533066e-01,-5.887006e-01,-3.767905e-01,7.155714e-01,2.217936e-01,6.738504e-01,5.681797e-01,3.876127e-01,2.181009e+00,-1.477589e+00,-1.186527e-02,9.904754e-02,-6.009334e-02,381.5216
50.0800,SS,5,-1.435866e-01,-5.105954e-01,-4.410563e-01,6.898227e-01,2.037846e-01,5.923925e-01,5.980239e-01,3.995256e-01,2.215054e+00,-1.452695e+00,-1.056683e-02,1.024426e-01,-6.135454e-02,361.3941
50.1800,SS,5,-1.324285e-01,-4.292615e-01,-4.986299e-01,6.711442e-01,1.846994e-01,5.067203e-01,6.240034e-01,4.106247e-01,2.245325e+00,-1.426373e+00,-9.248157e-03,1.058971e-01,-6.254911e-02,341.3489
50.2800,SS,5,-1.198138e-01,-3.447890e-01,-5.495353e-01,6.597150e-01,1.637808e-01,4.175171e-01,6.415727e-01,4.208263e-01,2.271625e+00,-1.398944e+00,-7.912012e-03,1.093950e-01,-6.366343e-02,321.4420
50.3800,SS,5,-1.058715e-01,-2.574969e-01,-5.939196e-01,6.559375e-01,1.413613e-01,3.241404e-01,6.531058e-01,4.300434e-01,2.293725e+00,-1.370708e+00,-6.561881e-03,1.129194e-01,-6.468526e-02,301.7283
50.4800,SS,5,-8.962846e-02,-1.593231e-01,-6.444767e-01,6.699010e-01,1.152809e-01,2.177687e-01,6.666082e-01,4.381254e-01,2.311194e+00,-1.341668e+00,-5.201952e-03,1.164529e-01,-6.560267e-02,282.2626
50.5800,SS,5,-7.151262e-02,-5.286521e-02,-6.975454e-01,7.031915e-01,8.722427e-02,1.021751e-01,6.830410e-01,4.449379e-01,2.323433e+00,-1.311653e+00,-3.837266e-03,1.199761e-01,-6.640278e-02,263.0992
50.6800,SS,5,-5.266960e-02,5.394942e-02,-7.422465e-01,7.460660e-01,5.915377e-02,-5.447972e-03,6.836624e-01,4.504547e-01,2.330485e+00,-1.281101e+00,-2.473171e-03,1.234693e-01,-6.707328e-02,244.2911
50.7800,SS,5,-3.312753e-02,1.609365e-01,-7.794093e-01,7.965405e-01,3.016817e-02,-1.152315e-01,6.779208e-01,4.546349e-01,2.332478e+00,-1.250572e+00,-1.115231e-03,1.269140e-01,-6.760442e-02,225.8894
50.8800,SS,5,-1.311779e-02,2.670971e-01,-8.089963e-01,8.520492e-01,1.239963e-03,-2.271140e-01,6.708340e-01,4.574605e-01,2.329221e+00,-1.220087e+00,2.307965e-04,1.302913e-01,-6.798755e-02,207.9437
50.9800,SS,5,9.139909e-03,3.822853e-01,-8.448668e-01,9.273756e-01,-3.165498e-02,-3.553520e-01,6.706284e-01,4.587749e-01,2.320177e+00,-1.189414e+00,1.558858e-03,1.335820e-01,-6.821344e-02,190.5023
51.0800,SS,5,3.252422e-02,5.013997e-01,-8.808986e-01,1.014121e+00,-6.574967e-02,-4.849948e-01,6.667470e-01,4.584902e-01,2.305019e+00,-1.158528e+00,2.862351e-03,1.367650e-01,-6.827157e-02,173.6122
51.1800,SS,5,5.530786e-02,6.157127e-01,-9.069702e-01,1.097614e+00,-9.872756e-02,-6.082930e-01,6.530927e-01,4.566354e-01,2.283935e+00,-1.127845e+00,4.134787e-03,1.398199e-01,-6.815249e-02,157.3177
51.2800,SS,5,7.739249e-02,7.243547e-01,-9.232239e-01,1.176019e+00,-1.307009e-01,-7.273550e-01,6.325856e-01,4.532467e-01,2.257105e+00,-1.097682e+00,5.370036e-03,1.427272e-01,-6.784875e-02,141.6608
51.3800,SS,5,9.863158e-02,8.265458e-01,-9.299125e-01,1.248056e+00,-1.614892e-01,-8.400330e-01,6.039079e-01,4.483698e-01,2.224764e+00,-1.068358e+00,6.562332e-03,1.454691e-01,-6.735459e-02,126.6807
51.4800,SS,5,1.219007e-01,9.348188e-01,-9.422410e-01,1.332878e+00,-1.960973e-01,-9.633927e-01,5.772987e-01,4.418382e-01,2.186583e+00,-1.039873e+00,7.705738e-03,1.480276e-01,-6.666439e-02,112.4147
51.5800,SS,5,1.450139e-01,1.041364e+00,-9.525600e-01,1.418746e+00,-2.302715e-01,-1.082647e+00,5.466412e-01,4.336416e-01,2.142573e+00,-1.012328e+00,8.794118e-03,1.503844e-01,-6.577175e-02,98.8981
51.6800,SS,5,1.659268e-01,1.137534e+00,-9.523787e-01,1.492830e+00,-2.611903e-01,-1.190083e+00,5.085139e-01,4.239056e-01,2.093168e+00,-9.860427e-01,9.822069e-03,1.525225e-01,-6.467143e-02,86.1637
51.7800,SS,5,1.847401e-01,1.222717e+00,-9.417702e-01,1.554380e+00,-2.892772e-01,-1.286406e+00,4.630939e-01,4.127537e-01,2.038839e+00,-9.613264e-01,1.078513e-02,1.544271e-01,-6.336028e-02,74.2419
51.8800,SS,5,2.014766e-01,1.296447e+00,-9.210137e-01,1.603008e+00,-3.144738e-01,-1.370525e+00,4.103565e-01,4.003101e-01,1.980098e+00,-9.384913e-01,1.167966e-02,1.560854e-01,-6.183721e-02,63.1617
51.9800,SS,5,2.205056e-01,1.374479e+00,-9.058583e-01,1.660842e+00,-3.441219e-01,-1.462049e+00,3.556837e-01,3.863958e-01,1.916770e+00,-9.176524e-01,1.250191e-02,1.574856e-01,-6.010133e-02,52.9531
52.0800,SS,5,2.381991e-01,1.445828e+00,-8.873990e-01,1.713077e+00,-3.713405e-01,-1.544387e+00,2.997969e-01,3.710756e-01,1.849107e+00,-8.988988e-01,1.324800e-02,1.586158e-01,-5.815121e-02,43.6500
52.1800,SS,5,2.524980e-01,1.502709e+00,-8.590532e-01,1.749246e+00,-3.935854e-01,-1.610849e+00,2.400679e-01,3.545626e-01,1.777764e+00,-8.824115e-01,1.391523e-02,1.594663e-01,-5.598669e-02,35.2946
52.2800,SS,5,2.637531e-01,1.544951e+00,-8.206625e-01,1.769160e+00,-4.114936e-01,-1.661494e+00,1.752462e-01,3.370536e-01,1.703418e+00,-8.683875e-01,1.450210e-02,1.600299e-01,-5.360973e-02,27.9480
52.3800,SS,5,2.722432e-01,1.572695e+00,-7.725684e-01,1.773231e+00,-4.253650e-01,-1.695699e+00,1.047026e-01,3.187359e-01,1.626803e+00,-8.570820e-01,1.500811e-02,1.603023e-01,-5.102460e-02,21.7109
52.4800,SS,5,2.840008e-01,1.605100e+00,-7.304898e-01,1.786230e+00,-4.452649e-01,-1.736740e+00,2.834118e-02,2.993857e-01,1.547803e+00,-8.486943e-01,1.543240e-02,1.602803e-01,-4.823588e-02,16.7560
52.5800,SS,5,2.935352e-01,1.627525e+00,-6.846603e-01,1.789905e+00,-4.607348e-01,-1.765862e+00,-4.269018e-02,2.791256e-01,1.466800e+00,-8.432265e-01,1.577368e-02,1.599606e-01,-4.524791e-02,13.3452
52.6800,SS,5,2.990845e-01,1.633659e+00,-6.304676e-01,1.776452e+00,-4.701153e-01,-1.776055e+00,-1.144609e-01,2.582411e-01,1.384613e+00,-8.406637e-01,1.603208e-02,1.593428e-01,-4.206621e-02,11.6948
52.7800,SS,5,3.013120e-01,1.623864e+00,-5.673747e-01,1.746321e+00,-4.745405e-01,-1.768603e+00,-1.886109e-01,2.369695e-01,1.302051e+00,-8.411067e-01,1.620896e-02,1.584291e-01,-3.869870e-02,11.6121
52.8800,SS,5,3.006646e-01,1.598560e+00,-4.952936e-01,1.700326e+00,-4.743360e-01,-1.744035e+00,-2.642616e-01,2.155272e-01,1.219896e+00,-8.446419e-01,1.630643e-02,1.572247e-01,-3.515575e-02,12.4451
52.9800,SS,5,3.046213e-01,1.565220e+00,-3.948022e-01,1.642735e+00,-4.805426e-01,-1.707893e+00,-3.825729e-01,1.937140e-01,1.138568e+00,-8.525334e-01,1.632571e-02,1.557366e-01,-3.145083e-02,13.5554
53.0800,SS,5,3.062631e-01,1.519090e+00,-2.863814e-01,1.575895e+00,-4.815999e-01,-1.658779e+00,-4.932793e-01,1.716403e-01,1.058855e+00,-8.654245e-01,1.626644e-02,1.539741e-01,-2.760249e-02,14.5676
53.1800,SS,5,3.042046e-01,1.458738e+00,-1.752513e-01,1.500390e+00,-4.761734e-01,-1.595593e+00,-5.909832e-01,1.496155e-01,9.813986e-01,-8.827000e-01,1.612949e-02,1.519486e-01,-2.363016e-02,15.3116
53.2800,SS,5,2.992405e-01,1.384648e+00,-6.013660e-02,1.417889e+00,-4.662291e-01,-1.516605e+00,-6.863461e-01,1.278711e-01,9.068993e-01,-9.041304e-01,1.591686e-02,1.496739e-01,-1.955428e-02,15.7313
53.3800,SS,5,2.918955e-01,1.297297e+00,5.949841e-02,1.331060e+00,-4.521807e-01,-1.422743e+00,-7.785939e-01,1.065989e-01,8.360700e-01,-9.296421e-01,1.563103e-02,1.471660e-01,-1.539724e-02,15.8307
53.4800,SS,5,2.826278e-01,1.197195e+00,1.838164e-01,1.243761e+00,-4.342868e-01,-1.314361e+00,-8.669607e-01,8.598302e-02,7.696005e-01,-9.591022e-01,1.527477e-02,1.444434e-01,-1.118320e-02,15.6473
53.5800,SS,5,2.718196e-01,1.084721e+00,3.131570e-01,1.161281e+00,-4.134854e-01,-1.193315e+00,-9.527303e-01,6.617702e-02,7.081369e-01,-9.924121e-01,1.485104e-02,1.415265e-01,-6.938039e-03,15.2393
53.6800,SS,5,2.769669e-01,9.315864e-01,4.216676e-01,1.059418e+00,-4.033235e-01,-1.036914e+00,-9.956631e-01,4.709810e-02,6.527295e-01,-1.028274e+00,1.436179e-02,1.384387e-01,-2.687369e-03,14.6752
53.7800,SS,5,2.725909e-01,7.883711e-01,4.844847e-01,9.646555e-01,-3.957770e-01,-8.666411e-01,-1.069444e+00,2.812463e-02,6.049806e-01,-1.067486e+00,1.380253e-02,1.352094e-01,1.546352e-03,14.0058
53.8800,SS,5,2.542397e-01,6.554957e-01,5.072339e-01,8.669479e-01,-3.644215e-01,-7.254383e-01,-1.025501e+00,1.012170e-02,5.641523e-01,-1.106873e+00,1.317220e-02,1.318681e-01,5.743278e-03,13.2643
53.9800,SS,5,2.277904e-01,5.315203e-01,5.044304e-01,7.673672e-01,-3.243068e-01,-5.945833e-01,-9.521636e-01,-6.268603e-03,5.292932e-01,-1.143294e+00,1.247800e-02,1.284398e-01,9.895684e-03,12.4749
54.0800,SS,5,1.971289e-01,4.164466e-01,4.854903e-01,6.693194e-01,-2.812016e-01,-4.691554e-01,-8.754493e-01,-2.085364e-02,5.001282e-01,-1.176425e+00,1.173013e-02,1.249475e-01,1.399864e-02,11.6550
54.1800,SS,5,1.645205e-01,3.098134e-01,4.559818e-01,5.753006e-01,-2.359983e-01,-3.532600e-01,-7.867289e-01,-3.351482e-02,4.762877e-01,-1.205841e+00,1.093988e-02,1.214128e-01,1.804816e-02,10.8182
54.2800,SS,5,1.315883e-01,2.113417e-01,4.200720e-01,4.883045e-01,-1.905886e-01,-2.465092e-01,-6.915888e-01,-4.419524e-02,4.573434e-01,-1.231110e+00,1.011923e-02,1.178555e-01,2.204204e-02,9.9752
54.3800,SS,5,9.945888e-02,1.209872e-01,3.807218e-01,4.116784e-01,-1.465414e-01,-1.481669e-01,-5.962191e-01,-5.291675e-02,4.429147e-01,-1.252124e+00,9.280081e-03,1.142937e-01,2.597924e-02,9.1347
54.4800,SS,5,6.883229e-02,3.869793e-02,3.399632e-01,3.490134e-01,-1.047836e-01,-5.837435e-02,-5.035287e-01,-5.975197e-02,4.326302e-01,-1.268955e+00,8.433706e-03,1.107438e-01,2.985924e-02,8.3041
54.5800,SS,5,4.016474e-02,-3.557141e-02,2.991381e-01,3.039114e-01,-6.548302e-02,2.279264e-02,-4.130529e-01,-6.479321e-02,4.261167e-01,-1.281716e+00,7.590529e-03,1.072205e-01,3.368194e-02,7.4895
54.6800,SS,5,1.382312e-02,-1.018328e-01,2.592406e-01,2.788668e-01,-2.921249e-02,9.508284e-02,-3.264101e-01,-6.814332e-02,4.229955e-01,-1.290509e+00,6.760078e-03,1.037371e-01,3.744770e-02,6.6966
54.7800,SS,5,-9.969889e-03,-1.601714e-01,2.210997e-01,2.732020e-01,3.718750e-03,1.587746e-01,-2.451226e-01,-6.992982e-02,4.228932e-01,-1.295540e+00,5.950825e-03,1.003052e-01,4.115722e-02,5.9302
54.8800,SS,5,-3.108809e-02,-2.107071e-01,1.852116e-01,2.822539e-01,3.323100e-02,2.140062e-01,-1.694028e-01,-7.028841e-02,4.254461e-01,-1.297048e+00,5.170121e-03,9.693477e-02,4.481134e-02,5.1947
54.9800,SS,5,-4.946708e-02,-2.536224e-01,1.519469e-01,2.997652e-01,5.920041e-02,2.609347e-01,-9.986385e-02,-6.936163e-02,4.302950e-01,-1.295291e+00,4.424194e-03,9.363442e-02,4.841107e-02,4.4941
55.0800,DS_terminal,5,-3.372170e-01,-6.260357e-01,-5.896600e-01,9.237613e-01,2.781448e-01,6.246898e-01,3.494816e-01,-5.371679e-02,4.446850e-01,-1.263649e+00,4.631937e-03,8.868488e-02,5.249568e-02,4000.1564
55.1800,DS_terminal,5,-3.152732e-01,-7.062036e-01,-6.135740e-01,9.872152e-01,3.169433e-01,6.516134e-01,4.347901e-01,-4.091730e-02,4.669927e-01,-1.237393e+00,3.941172e-03,8.590740e-02,5.593421e-02,3999.9933
55.2800,DS_terminal,5,-3.958062e-01,-8.256865e-01,-6.989875e-01,1.151957e+00,4.063998e-01,7.342055e-01,4.738487e-01,-2.238851e-02,4.991326e-01,-1.205325e+00,3.362382e-03,8.344820e-02,5.952420e-02,4000.0002
55.3800,DS_terminal,5,-3.348130e-01,-7.149628e-01,-5.338261e-01,9.530173e-01,3.377801e-01,6.491968e-01,3.323310e-01,-6.025245e-03,5.259920e-01,-1.178410e+00,3.068452e-03,8.104318e-02,6.333924e-02,3999.9969
55.4800,DS_terminal,5,-2.879903e-01,-6.418586e-01,-4.010257e-01,8.097793e-01,2.917940e-01,5.894825e-01,2.273356e-01,8.205056e-03,5.501405e-01,-1.157160e+00,2.905517e-03,7.882589e-02,6.718025e-02,3999.9960
55.5800,DS_terminal,5,-2.551559e-01,-5.844091e-01,-3.062409e-01,7.074051e-01,2.605955e-01,5.391644e-01,1.509678e-01,2.105840e-02,5.722888e-01,-1.139848e+00,2.861076e-03,7.676403e-02,7.107105e-02,3999.9968
55.6800,DS_terminal,5,-2.158472e-01,-5.161973e-01,-1.965001e-01,5.930109e-01,2.210188e-01,4.810810e-01,6.192686e-02,3.227051e-02,5.917783e-01,-1.126686e+00,2.936060e-03,7.481925e-02,7.501398e-02,3999.9969
55.7800,DS_terminal,5,-1.763513e-01,-4.482582e-01,-9.019551e-02,4.900719e-01,1.812903e-01,4.228105e-01,-2.249779e-02,4.172633e-02,6.085765e-01,-1.117698e+00,3.102782e-03,7.298493e-02,7.897145e-02,3999.9969
55.8800,DS_terminal,5,-1.404054e-01,-3.850979e-01,2.605340e-03,4.099035e-01,1.453059e-01,3.677992e-01,-9.505353e-02,4.952791e-02,6.228357e-01,-1.112435e+00,3.339077e-03,7.124869e-02,8.292381e-02,3999.9970
55.9800,DS_terminal,5,-1.065250e-01,-3.247004e-01,8.710609e-02,3.526548e-01,1.111753e-01,3.148470e-01,-1.605365e-01,5.574996e-02,6.346262e-01,-1.110515e+00,3.629145e-03,6.959444e-02,8.685858e-02,3999.9972
56.0800,DS_terminal,5,-7.458295e-02,-2.670553e-01,1.638349e-01,3.220606e-01,7.884932e-02,2.639618e-01,-2.191403e-01,6.045036e-02,6.440233e-01,-1.111620e+00,3.956581e-03,6.800923e-02,9.075954e-02,3999.9973
56.1800,DS_terminal,5,-4.526884e-02,-2.130921e-01,2.307855e-01,3.173633e-01,4.911115e-02,2.158861e-01,-2.692209e-01,6.371715e-02,6.511421e-01,-1.115377e+00,4.305827e-03,6.648144e-02,9.461184e-02,3999.9975
56.2800,DS_terminal,5,-1.875354e-02,-1.630881e-01,2.877775e-01,3.313085e-01,2.212157e-02,1.709238e-01,-3.107836e-01,6.565621e-02,6.561144e-01,-1.121392e+00,4.663455e-03,6.499983e-02,9.840380e-02,3999.9977
56.3800,DS_terminal,5,4.990544e-03,-1.170809e-01,3.352384e-01,3.551304e-01,-2.144844e-03,1.291645e-01,-3.442515e-01,6.637801e-02,6.590791e-01,-1.129279e+00,5.017666e-03,6.355416e-02,1.021254e-01,3999.9978
56.4800,DS_terminal,5,2.592856e-02,-7.516510e-02,3.733095e-01,3.816832e-01,-2.363222e-02,9.072001e-02,-3.697792e-01,6.599767e-02,6.601828e-01,-1.138660e+00,5.358101e-03,6.213529e-02,1.057681e-01,3999.9980
56.5800,DS_terminal,5,4.405193e-02,-3.739514e-02,4.022019e-01,4.063316e-01,-4.231764e-02,5.567170e-02,-3.875966e-01,6.463462e-02,6.595780e-01,-1.149165e+00,5.675943e-03,6.073505e-02,1.093250e-01,3999.9982
56.6800,DS_terminal,5,1.668303e-01,1.780224e-01,7.143050e-01,7.548218e-01,-1.659110e-01,-1.468414e-01,-6.259400e-01,6.052466e-02,6.544111e-01,-1.164169e+00,5.964286e-03,5.934154e-02,1.127960e-01,3999.9984
56.7800,DS_terminal,5,5.816747e-02,6.187241e-03,3.764561e-01,3.809736e-01,-6.023048e-02,9.825197e-03,-3.572659e-01,5.278027e-02,6.433730e-01,-1.186310e+00,6.192954e-03,5.792194e-02,1.161582e-01,3999.9989
56.8800,DS_terminal,5,1.665385e-01,1.983520e-01,6.303006e-01,6.814378e-01,-1.693503e-01,-1.638356e-01,-5.445076e-01,4.308655e-02,6.274463e-01,-1.204478e+00,6.320956e-03,5.647273e-02,1.193520e-01,3999.9992
56.9800,DS_terminal,5,2.029989e-01,2.985261e-01,6.133272e-01,7.116857e-01,-2.072041e-01,-2.499547e-01,-5.118380e-01,3.307888e-02,6.095804e-01,-1.218062e+00,6.349716e-03,5.497386e-02,1.224087e-01,3999.9995
57.0800,DS_terminal,5,1.701002e-01,3.111586e-01,3.491430e-01,4.976491e-01,-1.746103e-01,-2.669293e-01,-2.693644e-01,2.412041e-02,5.918692e-01,-1.224727e+00,6.288586e-03,5.342153e-02,1.253545e-01,3999.9997
57.1800,DS_terminal,5,1.185659e-01,2.527759e-01,1.513019e-01,3.175623e-01,-1.223675e-01,-2.222660e-01,-9.950597e-02,1.694624e-02,5.758366e-01,-1.224734e+00,6.154078e-03,5.182088e-02,1.282181e-01,3999.9999
57.2800,DS_terminal,5,7.607897e-02,1.807415e-01,5.014162e-02,2.024096e-01,-7.928539e-02,-1.618811e-01,-1.535815e-02,1.175384e-02,5.625165e-01,-1.220065e+00,5.969237e-03,5.018170e-02,1.310308e-01,4000.0000
57.3800,DS_terminal,5,3.908773e-02,1.075927e-01,-1.144052e-02,1.150432e-01,-4.166630e-02,-9.994553e-02,3.528211e-02,8.482329e-03,5.523034e-01,-1.212355e+00,5.756057e-03,4.851919e-02,1.338136e-01,4000.0000
57.4800,DS_terminal,5,1.070009e-02,4.613941e-02,-4.537076e-02,6.558844e-02,-1.272032e-02,-4.776790e-02,6.299368e-02,6.789803e-03,5.448916e-01,-1.202902e+00,5.532744e-03,4.684858e-02,1.365794e-01,3999.9999
57.5800,DS_terminal,5,-7.858244e-03,3.086936e-03,-5.989110e-02,6.048326e-02,6.277479e-03,-1.144605e-02,7.470415e-02,6.229390e-03,5.396061e-01,-1.192615e+00,5.312360e-03,4.518251e-02,1.393346e-01,3999.9999
57.6800,DS_terminal,5,-1.767653e-02,-2.191529e-02,-6.153144e-02,6.766726e-02,1.639954e-02,9.343487e-03,7.594601e-02,6.358347e-03,5.356792e-01,-1.182106e+00,5.102892e-03,4.352986e-02,1.420816e-01,3999.9999
57.7800,DS_terminal,5,-2.076600e-02,-3.216584e-02,-5.562915e-02,6.753125e-02,1.966916e-02,1.752196e-02,7.114011e-02,6.808571e-03,5.324391e-01,-1.171757e+00,4.908018e-03,4.189585e-02,1.448197e-01,3999.9999
57.8800,DS_terminal,5,-1.936442e-02,-3.192820e-02,-4.642165e-02,5.957651e-02,1.835132e-02,1.679877e-02,6.372683e-02,7.312523e-03,5.293780e-01,-1.161762e+00,4.728256e-03,4.028274e-02,1.475469e-01,3999.9999
57.9800,DS_terminal,5,-1.552088e-02,-2.546245e-02,-3.681632e-02,4.737801e-02,1.452627e-02,1.085456e-02,5.602518e-02,7.704605e-03,5.261670e-01,-1.152179e+00,4.562155e-03,3.869063e-02,1.502605e-01,3999.9999
58.0800,DS_terminal,5,-1.084792e-02,-1.636487e-02,-2.847105e-02,3.458449e-02,9.835309e-03,2.782425e-03,4.933483e-02,7.906409e-03,5.226398e-01,-1.142987e+00,4.407314e-03,3.711828e-02,1.529582e-01,3999.9999
58.1800,DS_terminal,5,-6.436605e-03,-7.217943e-03,-2.211776e-02,2.413967e-02,5.392404e-03,-5.213675e-03,4.422222e-02,7.903933e-03,5.187555e-01,-1.134122e+00,4.261134e-03,3.556387e-02,1.556380e-01,3999.9999
58.2800,DS_terminal,5,-2.888905e-03,4.536854e-04,-1.788863e-02,1.812608e-02,1.815231e-03,-1.185253e-02,4.078945e-02,7.723522e-03,5.145544e-01,-1.125505e+00,4.121305e-03,3.402551e-02,1.582985e-01,4000.0000
58.3800,DS_terminal,5,-4.167096e-04,6.014791e-03,-1.555627e-02,1.668379e-02,-6.756072e-04,-1.662171e-02,3.886110e-02,7.410917e-03,5.101171e-01,-1.117060e+00,3.986043e-03,3.250159e-02,1.609390e-01,4000.0000
58.4800,DS_terminal,5,1.033959e-03,9.455643e-03,-1.470388e-02,1.751235e-02,-2.130996e-03,-1.954233e-02,3.811223e-02,7.015611e-03,5.055337e-01,-1.108726e+00,3.854145e-03,3.099089e-02,1.635592e-01,4000.0000
58.5800,DS_terminal,5,1.663753e-03,1.112578e-02,-1.485308e-02,1.863237e-02,-2.752299e-03,-2.093590e-02,3.816584e-02,6.581024e-03,5.008846e-01,-1.100455e+00,3.724928e-03,2.949258e-02,1.661593e-01,4000.0000
58.6800,DS_terminal,5,1.724490e-03,1.151861e-02,-1.555806e-02,1.943465e-02,-2.794104e-03,-2.123856e-02,3.866729e-02,6.139817e-03,4.962314e-01,-1.092219e+00,3.598102e-03,2.800622e-02,1.687394e-01,4000.0000
58.7800,DS_terminal,5,1.454667e-03,1.112500e-02,-1.646381e-02,1.992332e-02,-2.498358e-03,-2.087707e-02,3.933209e-02,5.713010e-03,4.916143e-01,-1.084003e+00,3.473636e-03,2.653160e-02,1.712999e-01,4000.0000
58.8800,DS_terminal,5,1.044635e-03,1.035152e-02,-1.732890e-02,2.021227e-02,-2.058650e-03,-2.020110e-02,3.996574e-02,5.311463e-03,4.870554e-01,-1.075804e+00,3.351636e-03,2.506868e-02,1.738413e-01,4000.0000
58.9800,DS_terminal,5,6.250751e-04,9.489002e-03,-1.802007e-02,2.037534e-02,-1.608211e-03,-1.945842e-02,4.046035e-02,4.938448e-03,4.825626e-01,-1.067628e+00,3.232254e-03,2.361751e-02,1.763640e-01,4000.0000
59.0800,DS_terminal,5,2.708053e-04,8.714519e-03,-1.848980e-02,2.044233e-02,-1.223586e-03,-1.879825e-02,4.077718e-02,4.592398e-03,4.781345e-01,-1.059481e+00,3.115630e-03,2.217817e-02,1.788681e-01,4000.0000
59.1800,DS_terminal,5,1.259976e-05,8.111785e-03,-1.874803e-02,2.042767e-02,-9.365174e-04,-1.828976e-02,4.092395e-02,4.269269e-03,4.737648e-01,-1.051371e+00,3.001863e-03,2.075072e-02,1.813540e-01,4000.0000
59.2800,DS_terminal,5,-1.485603e-04,7.698481e-03,-1.883564e-02,2.034871e-02,-7.483628e-04,-1.794598e-02,4.093352e-02,3.964291e-03,4.694458e-01,-1.043305e+00,2.891000e-03,1.933519e-02,1.838218e-01,4000.0000
59.3800,DS_terminal,5,-2.283662e-04,7.452814e-03,-1.880402e-02,2.022839e-02,-6.434174e-04,-1.774675e-02,4.084728e-02,3.673056e-03,4.651696e-01,-1.035288e+00,2.783038e-03,1.793158e-02,1.862717e-01,4000.0000
59.4800,DS_terminal,5,-2.490009e-04,7.335059e-03,-1.870173e-02,2.009029e-02,-5.992715e-04,-1.765713e-02,4.070440e-02,3.392065e-03,4.609302e-01,-1.027323e+00,2.677938e-03,1.653984e-02,1.887037e-01,4000.0000
59.5800,DS_terminal,5,-2.323867e-04,7.302559e-03,-1.856750e-02,1.995328e-02,-5.936979e-04,-1.764015e-02,4.053617e-02,3.118866e-03,4.567230e-01,-1.019412e+00,2.575635e-03,1.515991e-02,1.911180e-01,4000.0000
59.6800,DS_terminal,5,-1.965273e-04,7.318442e-03,-1.842816e-02,1.982915e-02,-6.083977e-04,-1.766409e-02,4.036423e-02,2.851953e-03,4.525452e-01,-1.011556e+00,2.476052e-03,1.379172e-02,1.935147e-01,4000.0000
59.7800,DS_terminal,5,-1.542041e-04,7.355337e-03,-1.829942e-02,1.972292e-02,-6.303500e-04,-1.770556e-02,4.020127e-02,2.590546e-03,4.483955e-01,-1.003753e+00,2.379104e-03,1.243518e-02,1.958938e-01,4000.0000
59.8800,DS_terminal,5,-1.131931e-04,7.395694e-03,-1.818833e-02,1.963478e-02,-6.516088e-04,-1.774965e-02,4.005299e-02,2.334351e-03,4.442730e-01,-9.960026e-01,2.284708e-03,1.109019e-02,1.982554e-01,4000.0000
59.9800,DS_terminal,5,-7.726879e-05,7.430206e-03,-1.809608e-02,1.956226e-02,-6.682945e-04,-1.778853e-02,3.992031e-02,2.083344e-03,4.401778e-01,-9.883041e-01,2.192783e-03,9.756653e-03,2.005997e-01,4000.0000
60.0800,DS_terminal,5,-4.745004e-05,7.455510e-03,-1.802052e-02,1.950195e-02,-6.793334e-04,-1.781944e-02,3.980150e-02,1.837618e-03,4.361099e-01,-9.806563e-01,2.103255e-03,8.434484e-03,2.029268e-01,4000.0000
60.1800,DS_terminal,5,-2.314938e-05,7.471906e-03,-1.795815e-02,1.945058e-02,-6.852917e-04,-1.784270e-02,3.969370e-02,1.597275e-03,4.320696e-01,-9.730583e-01,2.016052e-03,7.123590e-03,2.052367e-01,4000.0000
60.2800,DS_terminal,5,-3.060143e-06,7.481524e-03,-1.790538e-02,1.940556e-02,-6.874736e-04,-1.786020e-02,3.959400e-02,1.362376e-03,4.280568e-01,-9.655093e-01,1.931111e-03,5.823884e-03,2.075296e-01,4000.0000
60.3800,DS_terminal,5,1.425663e-05,7.487048e-03,-1.785919e-02,1.936510e-02,-6.873234e-04,-1.787427e-02,3.949999e-02,1.132924e-03,4.240717e-01,-9.580088e-01,1.848366e-03,4.535280e-03,2.098056e-01,4000.0000
60.4800,DS_terminal,5,3.004981e-05,7.490973e-03,-1.781748e-02,1.932817e-02,-6.860962e-04,-1.788705e-02,3.940995e-02,9.088598e-04,4.201142e-01,-9.505562e-01,1.767760e-03,3.257694e-03,2.120647e-01,4000.0000
60.5800,DS_terminal,5,4.525154e-05,7.495271e-03,-1.777893e-02,1.929434e-02,-6.847276e-04,-1.790024e-02,3.932286e-02,6.900794e-04,4.161840e-01,-9.431510e-01,1.689235e-03,1.991043e-03,2.143072e-01,4000.0000
60.6800,DS_terminal,5,6.047364e-05,7.501317e-03,-1.774295e-02,1.926359e-02,-6.838291e-04,-1.791503e-02,3.923823e-02,4.764468e-04,4.122808e-01,-9.357928e-01,1.612734e-03,7.352437e-04,2.165331e-01,4000.0000
60.7800,DS_terminal,5,7.606619e-05,7.509976e-03,-1.770939e-02,1.923612e-02,-6.837468e-04,-1.793216e-02,3.915599e-02,2.678079e-04,4.084045e-01,-9.284812e-01,1.538204e-03,-5.097847e-04,2.187426e-01,4000.0000
60.8800,DS_terminal,5,9.219575e-05,7.521737e-03,-1.767842e-02,1.921228e-02,-6.846406e-04,-1.795207e-02,3.907627e-02,6.400115e-05,4.045546e-01,-9.212157e-01,1.465590e-03,-1.744124e-03,2.209357e-01,4000.0000
60.9800,DS_terminal,5,1.089179e-04,7.536848e-03,-1.765035e-02,1.919247e-02,-6.865577e-04,-1.797498e-02,3.899937e-02,-1.351363e-04,4.007309e-01,-9.139959e-01,1.394841e-03,-2.967857e-03,2.231126e-01,4000.0000
61.0800,DS_terminal,5,1.262332e-04,7.555435e-03,-1.762555e-02,1.917708e-02,-6.894893e-04,-1.800101e-02,3.892560e-02,-3.297646e-04,3.969330e-01,-9.068214e-01,1.325905e-03,-4.181064e-03,2.252733e-01,4000.0000
61.1800,DS_terminal,5,1.441237e-04,7.577573e-03,-1.760438e-02,1.916650e-02,-6.934083e-04,-1.803025e-02,3.885528e-02,-5.200393e-04,3.931605e-01,-8.996917e-01,1.258732e-03,-5.383827e-03,2.274180e-01,4000.0000
61.2800,DS_terminal,5,1.625740e-04,7.603339e-03,-1.758722e-02,1.916109e-02,-6.982899e-04,-1.806278e-02,3.878873e-02,-7.061118e-04,3.894131e-01,-8.926062e-01,1.193272e-03,-6.576228e-03,2.295468e-01,4000.0000
61.3800,DS_terminal,5,1.815803e-04,7.632829e-03,-1.757440e-02,1.916122e-02,-7.041214e-04,-1.809871e-02,3.872625e-02,-8.881293e-04,3.856905e-01,-8.855646e-01,1.129479e-03,-7.758347e-03,2.316598e-01,4000.0000
61.4800,DS_terminal,5,2.011519e-04,7.666176e-03,-1.756625e-02,1.916726e-02,-7.109036e-04,-1.813816e-02,3.866813e-02,-1.066235e-03,3.819923e-01,-8.785663e-01,1.067304e-03,-8.930268e-03,2.337571e-01,4000.0000
61.5800,DS_terminal,5,2.213106e-04,7.703544e-03,-1.756313e-02,1.917960e-02,-7.186503e-04,-1.818130e-02,3.861468e-02,-1.240571e-03,3.783181e-01,-8.716107e-01,1.006701e-03,-1.009207e-02,2.358388e-01,4000.0000
61.6800,DS_terminal,5,2.420870e-04,7.745127e-03,-1.756538e-02,1.919865e-02,-7.273845e-04,-1.822832e-02,3.856622e-02,-1.411275e-03,3.746676e-01,-8.646973e-01,9.476262e-04,-1.124384e-02,2.379051e-01,4000.0000
61.7800,DS_terminal,5,2.635184e-04,7.791150e-03,-1.757339e-02,1.922487e-02,-7.371362e-04,-1.827944e-02,3.852308e-02,-1.578483e-03,3.710404e-01,-8.578256e-01,8.900344e-04,-1.238565e-02,2.399560e-01,4000.0000
61.8800,DS_terminal,5,2.856462e-04,7.841864e-03,-1.758760e-02,1.925877e-02,-7.479398e-04,-1.833491e-02,3.848566e-02,-1.742332e-03,3.674361e-01,-8.509950e-01,8.338825e-04,-1.351759e-02,2.419917e-01,4000.0000
61.9800,DS_terminal,5,3.085139e-04,7.897549e-03,-1.760848e-02,1.930091e-02,-7.598323e-04,-1.839498e-02,3.845437e-02,-1.902955e-03,3.638544e-01,-8.442048e-01,7.791280e-04,-1.463973e-02,2.440122e-01,4000.0000
62.0800,DS_terminal,5,3.321666e-04,7.958510e-03,-1.763659e-02,1.935194e-02,-7.728525e-04,-1.845996e-02,3.842970e-02,-2.060485e-03,3.602948e-01,-8.374545e-01,7.257294e-04,-1.575217e-02,2.460178e-01,4000.0000
62.1800,DS_terminal,5,3.566494e-04,8.025084e-03,-1.767254e-02,1.941256e-02,-7.870394e-04,-1.853017e-02,3.841220e-02,-2.215054e-03,3.567568e-01,-8.307434e-01,6.736459e-04,-1.685498e-02,2.480084e-01,4000.0000
62.2800,DS_terminal,5,3.820068e-04,8.097638e-03,-1.771703e-02,1.948360e-02,-8.024320e-04,-1.860597e-02,3.840248e-02,-2.366794e-03,3.532402e-01,-8.240707e-01,6.228374e-04,-1.794825e-02,2.499842e-01,4000.0000
62.3800,DS_terminal,5,4.082820e-04,8.176577e-03,-1.777087e-02,1.956597e-02,-8.190679e-04,-1.868774e-02,3.840126e-02,-2.515833e-03,3.497443e-01,-8.174359e-01,5.732646e-04,-1.903205e-02,2.519453e-01,4000.0000
62.4800,DS_terminal,5,4.355152e-04,8.262342e-03,-1.783500e-02,1.966070e-02,-8.369825e-04,-1.877592e-02,3.840936e-02,-2.662301e-03,3.462688e-01,-8.108380e-01,5.248890e-04,-2.010647e-02,2.538919e-01,4000.0000
62.5800,DS_terminal,5,4.637434e-04,8.355417e-03,-1.791046e-02,1.976898e-02,-8.562077e-04,-1.887098e-02,3.842769e-02,-2.806328e-03,3.428131e-01,-8.042764e-01,4.776726e-04,-2.117160e-02,2.558240e-01,4000.0000
62.6800,DS_terminal,5,4.929976e-04,8.456337e-03,-1.799847e-02,1.989215e-02,-8.767702e-04,-1.897342e-02,3.845733e-02,-2.948041e-03,3.393768e-01,-7.977501e-01,4.315781e-04,-2.222752e-02,2.577419e-01,4000.0001
62.7800,DS_terminal,5,5.233022e-04,8.565684e-03,-1.810045e-02,2.003175e-02,-8.986898e-04,-1.908384e-02,3.849951e-02,-3.087566e-03,3.359593e-01,-7.912583e-01,3.865689e-04,-2.327431e-02,2.596455e-01,4000.0001
62.8800,DS_terminal,5,5.546715e-04,8.684103e-03,-1.821801e-02,2.018954e-02,-9.219770e-04,-1.920284e-02,3.855564e-02,-3.225030e-03,3.325600e-01,-7.847999e-01,3.426089e-04,-2.431206e-02,2.615350e-01,4000.0001
62.9800,DS_terminal,5,5.871079e-04,8.812300e-03,-1.835304e-02,2.036751e-02,-9.466298e-04,-1.933113e-02,3.862737e-02,-3.360557e-03,3.291783e-01,-7.783739e-01,2.996625e-04,-2.534086e-02,2.634105e-01,4000.0001
63.0800,DS_terminal,5,6.205974e-04,8.951055e-03,-1.850770e-02,2.056797e-02,-9.726306e-04,-1.946948e-02,3.871659e-02,-3.494269e-03,3.258136e-01,-7.719792e-01,2.576948e-04,-2.636078e-02,2.652722e-01,4000.0001
63.1800,DS_terminal,5,6.551060e-04,9.101229e-03,-1.868452e-02,2.079358e-02,-9.999412e-04,-1.961872e-02,3.882552e-02,-3.626286e-03,3.224651e-01,-7.656144e-01,2.166713e-04,-2.737193e-02,2.671202e-01,4000.0001
63.2800,DS_terminal,5,6.905735e-04,9.263768e-03,-1.888645e-02,2.104738e-02,-1.028497e-03,-1.977980e-02,3.895670e-02,-3.756724e-03,3.191323e-01,-7.592782e-01,1.765580e-04,-2.837439e-02,2.689547e-01,4000.0001
63.3800,DS_terminal,5,7.102232e-04,9.456901e-03,-1.940862e-02,2.160166e-02,-1.041498e-03,-1.999696e-02,3.948242e-02,-3.885254e-03,3.158125e-01,-7.529567e-01,1.373237e-04,-2.936823e-02,2.707756e-01,4000.0001
63.4800,DS_terminal,5,6.597433e-04,9.685538e-03,-2.090098e-02,2.304551e-02,-9.847263e-04,-2.034425e-02,4.124198e-02,-4.008908e-03,3.124976e-01,-7.465815e-01,9.894756e-05,-3.035346e-02,2.725833e-01,4000.0001
63.5800,DS_terminal,5,5.541285e-04,9.827312e-03,-2.235573e-02,2.442666e-02,-8.685358e-04,-2.060740e-02,4.292456e-02,-4.125081e-03,3.091916e-01,-7.401561e-01,6.141598e-05,-3.133020e-02,2.743780e-01,4000.0001
63.6800,DS_terminal,5,3.576106e-04,9.808399e-03,-2.394849e-02,2.588171e-02,-6.598434e-04,-2.070951e-02,4.466088e-02,-4.229684e-03,3.059006e-01,-7.336792e-01,2.478481e-05,-3.229859e-02,2.761600e-01,4000.0001
63.7800,DS_terminal,5,8.900298e-05,9.639081e-03,-2.560773e-02,2.736194e-02,-3.776498e-04,-2.065921e-02,4.639283e-02,-4.318716e-03,3.026320e-01,-7.271493e-01,-1.086728e-05,-3.325865e-02,2.779296e-01,4000.0001
63.8800,DS_terminal,5,-2.361278e-04,9.346002e-03,-2.728406e-02,2.884135e-02,-3.639354e-05,-2.048224e-02,4.808475e-02,-4.388960e-03,2.993925e-01,-7.205675e-01,-4.544254e-05,-3.421035e-02,2.796872e-01,4000.0001
63.9800,DS_terminal,5,-6.067892e-04,8.947911e-03,-2.895315e-02,3.031037e-02,3.526191e-04,-2.019492e-02,4.971746e-02,-4.437776e-03,2.961874e-01,-7.139357e-01,-7.881230e-05,-3.515369e-02,2.814332e-01,4000.0001
64.0800,DS_terminal,5,-1.009611e-03,8.462420e-03,-3.057668e-02,3.174217e-02,7.755191e-04,-1.981202e-02,5.126001e-02,-4.463101e-03,2.930214e-01,-7.072574e-01,-1.108295e-04,-3.608863e-02,2.831678e-01,4000.0001
64.1800,DS_terminal,5,-1.431809e-03,7.907324e-03,-3.211850e-02,3.310852e-02,1.219401e-03,-1.934934e-02,5.268474e-02,-4.463488e-03,2.898987e-01,-7.005373e-01,-1.413408e-04,-3.701514e-02,2.848914e-01,4000.0001
64.2800,DS_terminal,5,-1.862695e-03,7.299172e-03,-3.355235e-02,3.438761e-02,1.673486e-03,-1.882197e-02,5.397255e-02,-4.438047e-03,2.868224e-01,-6.937812e-01,-1.701907e-04,-3.793315e-02,2.866043e-01,4000.0001
64.3800,DS_terminal,5,-2.292745e-03,6.653100e-03,-3.485614e-02,3.555940e-02,2.128036e-03,-1.824374e-02,5.510753e-02,-4.386382e-03,2.837953e-01,-6.869958e-01,-1.972243e-04,-3.884261e-02,2.883069e-01,4000.0001
64.4800,DS_terminal,5,-2.713116e-03,5.983218e-03,-3.600967e-02,3.660405e-02,2.573947e-03,-1.762758e-02,5.607530e-02,-4.308556e-03,2.808193e-01,-6.801886e-01,-2.222917e-04,-3.974345e-02,2.899995e-01,4000.0001
64.5800,DS_terminal,5,-3.115926e-03,5.302584e-03,-3.699619e-02,3.750392e-02,3.003093e-03,-1.698569e-02,5.686455e-02,-4.205054e-03,2.778958e-01,-6.733675e-01,-2.452527e-04,-4.063562e-02,2.916822e-01,4000.0001
64.6800,DS_terminal,5,-3.494471e-03,4.622950e-03,-3.780322e-02,3.824482e-02,3.408538e-03,-1.632921e-02,5.746762e-02,-4.076740e-03,2.750256e-01,-6.665411e-01,-2.659794e-04,-4.151905e-02,2.933554e-01,4000.0001
64.7800,DS_terminal,5,-3.843148e-03,3.954716e-03,-3.842200e-02,3.881572e-02,3.784440e-03,-1.566819e-02,5.787993e-02,-3.924805e-03,2.722090e-01,-6.597182e-01,-2.843593e-04,-4.239369e-02,2.950192e-01,4000.0001
64.8800,DS_terminal,5,-4.157339e-03,3.307019e-03,-3.884694e-02,3.920848e-02,4.125940e-03,-1.501160e-02,5.809948e-02,-3.750722e-03,2.694459e-01,-6.529079e-01,-3.002967e-04,-4.325949e-02,2.966740e-01,4000.0001
64.9800,DS_terminal,5,-4.433376e-03,2.687765e-03,-3.907549e-02,3.941792e-02,4.429140e-03,-1.436741e-02,5.812682e-02,-3.556199e-03,2.667356e-01,-6.461192e-01,-3.137145e-04,-4.411641e-02,2.983197e-01,4000.0001
65.0800,DS_terminal,5,-4.668525e-03,2.103632e-03,-3.910801e-02,3.944182e-02,4.691086e-03,-1.374253e-02,5.796492e-02,-3.343137e-03,2.640772e-01,-6.393612e-01,-3.245553e-04,-4.496443e-02,2.999565e-01,4000.0001
65.1800,DS_terminal,5,-4.860927e-03,1.560114e-03,-3.894756e-02,3.928072e-02,4.909712e-03,-1.314288e-02,5.761889e-02,-3.113588e-03,2.614695e-01,-6.326426e-01,-3.327820e-04,-4.580351e-02,3.015846e-01,4000.0001
65.2800,DS_terminal,5,-5.009519e-03,1.061579e-03,-3.859952e-02,3.893771e-02,5.083762e-03,-1.257338e-02,5.709576e-02,-2.869711e-03,2.589110e-01,-6.259721e-01,-3.383781e-04,-4.663366e-02,3.032040e-01,4000.0001
65.3800,DS_terminal,5,-5.113972e-03,6.113413e-04,-3.807135e-02,3.841815e-02,5.212731e-03,-1.203805e-02,5.640420e-02,-2.613741e-03,2.563999e-01,-6.193579e-01,-3.413473e-04,-4.745487e-02,3.048146e-01,4000.0001
65.4800,DS_terminal,5,-5.174618e-03,2.117270e-04,-3.737233e-02,3.772947e-02,5.296791e-03,-1.154003e-02,5.555431e-02,-2.347946e-03,2.539343e-01,-6.128078e-01,-3.417133e-04,-4.826716e-02,3.064166e-01,4000.0001
65.5800,DS_terminal,5,-5.192383e-03,-1.358497e-04,-3.651329e-02,3.688088e-02,5.336726e-03,-1.108165e-02,5.455739e-02,-2.074601e-03,2.515121e-01,-6.063290e-01,-3.395190e-04,-4.907055e-02,3.080098e-01,4000.0001
65.6800,DS_terminal,5,-5.168710e-03,-4.308081e-04,-3.550630e-02,3.588312e-02,5.333859e-03,-1.066446e-02,5.342570e-02,-1.795957e-03,2.491312e-01,-5.999283e-01,-3.348256e-04,-4.986509e-02,3.095943e-01,4000.0001
65.7800,DS_terminal,5,-5.105495e-03,-6.733197e-04,-3.436446e-02,3.474818e-02,5.289980e-03,-1.028937e-02,5.217224e-02,-1.514214e-03,2.467893e-01,-5.936119e-01,-3.277112e-04,-5.065082e-02,3.111699e-01,4000.0001
65.8800,DS_terminal,5,-5.005009e-03,-8.642273e-04,-3.310165e-02,3.348905e-02,5.207278e-03,-9.956613e-03,5.081056e-02,-1.231500e-03,2.444842e-01,-5.873854e-01,-3.182697e-04,-5.142781e-02,3.127365e-01,4000.0001
65.9800,DS_terminal,5,-4.869840e-03,-1.004964e-03,-3.173227e-02,3.211950e-02,5.088274e-03,-9.665894e-03,4.935453e-02,-9.498499e-04,2.422135e-01,-5.812535e-01,-3.066093e-04,-5.219613e-02,3.142941e-01,4000.0001
66.0800,DS_terminal,5,-4.702824e-03,-1.097474e-03,-3.027104e-02,3.065382e-02,4.935756e-03,-9.416413e-03,4.781819e-02,-6.711882e-04,2.399751e-01,-5.752207e-01,-2.928507e-04,-5.295585e-02,3.158425e-01,4000.0001
66.1800,DS_terminal,5,-4.273201e-03,-6.093750e-03,-1.479551e-02,1.656204e-02,4.527839e-03,-4.742286e-03,3.431708e-02,-4.037410e-04,2.378406e-01,-5.694966e-01,-2.771004e-04,-5.370707e-02,3.173814e-01,4000.0001
66.2800,DS_terminal,5,-4.303801e-03,-7.397406e-04,-2.797337e-02,2.831218e-02,4.565514e-03,-9.445839e-03,4.511821e-02,-1.654182e-04,2.358329e-01,-5.642743e-01,-2.595218e-04,-5.444951e-02,3.189094e-01,4000.0001
66.3800,DS_terminal,5,-4.057035e-03,-3.136312e-04,-2.743928e-02,2.773935e-02,4.295726e-03,-9.706892e-03,4.444230e-02,3.131153e-05,2.337891e-01,-5.592212e-01,-2.407241e-04,-5.518313e-02,3.204250e-01,4000.0000
66.4800,DS_terminal,5,-2.261471e-04,5.423816e-03,-1.512847e-02,1.607294e-02,4.281197e-04,-1.476068e-02,3.324980e-02,1.899802e-04,2.316735e-01,-5.541936e-01,-2.210875e-04,-5.590816e-02,3.219284e-01,4000.0000
66.5800,DS_terminal,5,-5.683162e-04,2.899598e-03,-1.106953e-02,1.145710e-02,7.834347e-04,-1.210441e-02,2.883880e-02,3.282314e-04,2.295377e-01,-5.492453e-01,-2.008876e-04,-5.662536e-02,3.234200e-01,4000.0000
66.6800,DS_terminal,5,-2.587489e-04,2.886627e-03,-8.846781e-03,9.309409e-03,4.671923e-04,-1.192112e-02,2.656452e-02,4.380626e-04,2.273805e-01,-5.444042e-01,-1.803871e-04,-5.733500e-02,3.248996e-01,4000.0000
66.7800,DS_terminal,5,1.469203e-05,2.860410e-03,-6.949903e-03,7.515538e-03,1.854176e-04,-1.173420e-02,2.467483e-02,5.248355e-04,2.252192e-01,-5.396740e-01,-1.598200e-04,-5.803732e-02,3.263671e-01,4000.0000
66.8800,DS_terminal,5,2.387496e-04,2.860728e-03,-5.498182e-03,6.202482e-03,-4.681624e-05,-1.158478e-02,2.323730e-02,5.917123e-04,2.230600e-01,-5.350442e-01,-1.393959e-04,-5.873248e-02,3.278223e-01,4000.0000
66.9800,DS_terminal,5,3.975134e-04,2.880017e-03,-4.530454e-03,5.383078e-03,-2.131578e-04,-1.147450e-02,2.226549e-02,6.425594e-04,2.209062e-01,-5.304973e-01,-1.192754e-04,-5.942066e-02,3.292652e-01,4000.0000
67.0800,DS_terminal,5,5.005587e-04,2.912716e-03,-3.956727e-03,4.938640e-03,-3.228535e-04,-1.139801e-02,2.166535e-02,6.814284e-04,2.187600e-01,-5.260153e-01,-9.957039e-05,-6.010199e-02,3.306955e-01,4000.0000
67.1800,DS_terminal,5,5.615446e-04,2.954346e-03,-3.674270e-03,4.748027e-03,-3.897081e-04,-1.134806e-02,2.133448e-02,7.117639e-04,2.166234e-01,-5.215838e-01,-8.035182e-05,-6.077661e-02,3.321135e-01,4000.0000
67.2800,DS_terminal,5,5.972811e-04,3.002487e-03,-3.563410e-03,4.697825e-03,-4.307684e-04,-1.131954e-02,2.115844e-02,7.361594e-04,2.144979e-01,-5.171934e-01,-6.165874e-05,-6.144464e-02,3.335191e-01,4000.0000
67.3800,DS_terminal,5,6.180738e-04,3.045811e-03,-3.531741e-03,4.704485e-03,-4.564798e-04,-1.129749e-02,2.105142e-02,7.565157e-04,2.123855e-01,-5.128388e-01,-4.350840e-05,-6.210618e-02,3.349125e-01,4000.0000
67.4800,DS_terminal,5,6.289821e-04,3.075942e-03,-3.530688e-03,4.724701e-03,-4.719610e-04,-1.127014e-02,2.096926e-02,7.742042e-04,2.102880e-01,-5.085175e-01,-2.590382e-05,-6.276131e-02,3.362937e-01,4000.0000
67.5800,DS_terminal,5,6.338407e-04,3.095465e-03,-3.544586e-03,4.748447e-03,-4.810594e-04,-1.123742e-02,2.089807e-02,7.902525e-04,2.082071e-01,-5.042282e-01,-8.838386e-06,-6.341011e-02,3.376628e-01,4000.0000
67.6800,DS_terminal,5,6.357872e-04,3.115282e-03,-3.581250e-03,4.789003e-03,-4.869034e-04,-1.120825e-02,2.084516e-02,8.055156e-04,2.061442e-01,-4.999697e-01,7.701828e-06,-6.405263e-02,3.390201e-01,4000.0000
67.7800,DS_terminal,5,6.341406e-04,3.143620e-03,-3.667657e-03,4.871980e-03,-4.887512e-04,-1.118976e-02,2.083581e-02,8.208595e-04,2.041005e-01,-4.957399e-01,2.373712e-05,-6.468894e-02,3.403655e-01,4000.0000
67.8800,DS_terminal,5,6.234944e-04,3.173523e-03,-3.821585e-03,5.006446e-03,-4.810866e-04,-1.117540e-02,2.088879e-02,8.371825e-04,2.020769e-01,-4.915359e-01,3.929457e-05,-6.531907e-02,3.416991e-01,4000.0000
67.9800,DS_terminal,5,6.038556e-04,3.194398e-03,-4.007981e-03,5.160691e-03,-4.639839e-04,-1.115578e-02,2.097499e-02,8.549653e-04,2.000732e-01,-4.873554e-01,5.440737e-05,-6.594308e-02,3.430212e-01,4000.0000
68.0800,DS_terminal,5,5.817313e-04,3.203817e-03,-4.175323e-03,5.294920e-03,-4.442130e-04,-1.112745e-02,2.104791e-02,8.740795e-04,1.980885e-01,-4.831979e-01,6.910975e-05,-6.656101e-02,3.443318e-01,4000.0000
68.1800,DS_terminal,5,5.626473e-04,3.202707e-03,-4.294579e-03,5.386772e-03,-4.274619e-04,-1.108894e-02,2.108011e-02,8.941100e-04,1.961221e-01,-4.790651e-01,8.343112e-05,-6.717290e-02,3.456310e-01,4000.0000
68.2800,DS_terminal,5,5.485724e-04,3.193067e-03,-4.360776e-03,5.432585e-03,-4.157528e-04,-1.104083e-02,2.106588e-02,9.145613e-04,1.941733e-01,-4.749588e-01,9.739416e-05,-6.777881e-02,3.469190e-01,4000.0000
68.3800,DS_terminal,5,5.389323e-04,3.176405e-03,-4.381944e-03,5.438881e-03,-4.085167e-04,-1.098432e-02,2.101168e-02,9.349854e-04,1.922420e-01,-4.708812e-01,1.110157e-04,-6.837879e-02,3.481959e-01,4000.0000
68.4800,DS_terminal,5,5.322761e-04,3.153815e-03,-4.369980e-03,5.415403e-03,-4.042862e-04,-1.092072e-02,2.092785e-02,9.550445e-04,1.903278e-01,-4.668336e-01,1.243079e-04,-6.897289e-02,3.494617e-01,4000.0000
68.5800,DS_terminal,5,5.271953e-04,3.126427e-03,-4.336455e-03,5.371901e-03,-4.016282e-04,-1.085154e-02,2.082471e-02,9.745209e-04,1.884307e-01,-4.628170e-01,1.372802e-04,-6.956116e-02,3.507166e-01,4000.0000
68.6800,DS_terminal,5,5.226563e-04,3.095569e-03,-4.291026e-03,5.316824e-03,-3.994855e-04,-1.077852e-02,2.071100e-02,9.932999e-04,1.865504e-01,-4.588319e-01,1.499400e-04,-7.014365e-02,3.519606e-01,4000.0000
68.7800,DS_terminal,5,5.180469e-04,3.062684e-03,-4.240985e-03,5.256839e-03,-3.972278e-04,-1.070345e-02,2.059342e-02,1.011343e-03,1.846869e-01,-4.548784e-01,1.622940e-04,-7.072041e-02,3.531938e-01,4000.0000
68.8800,DS_terminal,5,5.131000e-04,3.029158e-03,-4.191341e-03,5.196769e-03,-3.945760e-04,-1.062794e-02,2.047660e-02,1.028662e-03,1.828401e-01,-4.509563e-01,1.743486e-04,-7.129149e-02,3.544163e-01,4000.0000
68.9800,DS_terminal,5,5.077774e-04,2.996158e-03,-4.145162e-03,5.139764e-03,-3.914855e-04,-1.055331e-02,2.036340e-02,1.045296e-03,1.810098e-01,-4.470653e-01,1.861102e-04,-7.185694e-02,3.556281e-01,4000.0000
69.0800,DS_terminal,5,5.021605e-04,2.964530e-03,-4.104006e-03,5.087580e-03,-3.880352e-04,-1.048047e-02,2.025532e-02,1.061298e-03,1.791958e-01,-4.432050e-01,1.975856e-04,-7.241681e-02,3.568294e-01,4000.0000
69.1800,DS_terminal,5,4.963693e-04,2.934766e-03,-4.068342e-03,5.040897e-03,-3.843452e-04,-1.040995e-02,2.015281e-02,1.076722e-03,1.773981e-01,-4.393749e-01,2.087815e-04,-7.297115e-02,3.580202e-01,4000.0000
69.2800,DS_terminal,5,4.905128e-04,2.907029e-03,-4.037915e-03,4.999618e-03,-3.805258e-04,-1.034192e-02,2.005567e-02,1.091619e-03,1.756164e-01,-4.355746e-01,2.197051e-04,-7.352002e-02,3.592006e-01,4000.0000
69.3800,DS_terminal,5,4.846672e-04,2.881217e-03,-4.012035e-03,4.963138e-03,-3.766549e-04,-1.027626e-02,1.996326e-02,1.106034e-03,1.738506e-01,-4.318035e-01,2.303634e-04,-7.406345e-02,3.603707e-01,4000.0000
69.4800,DS_terminal,5,4.788723e-04,2.857052e-03,-3.989802e-03,4.930577e-03,-3.727745e-04,-1.021268e-02,1.987477e-02,1.120005e-03,1.721005e-01,-4.280613e-01,2.407638e-04,-7.460150e-02,3.615306e-01,4000.0000
69.5800,DS_terminal,5,4.731387e-04,2.834161e-03,-3.970266e-03,4.900953e-03,-3.688972e-04,-1.015080e-02,1.978931e-02,1.133563e-03,1.703659e-01,-4.243477e-01,2.509134e-04,-7.513421e-02,3.626802e-01,4000.0000
69.6800,DS_terminal,5,4.674586e-04,2.812153e-03,-3.952541e-03,4.873325e-03,-3.650169e-04,-1.009021e-02,1.970605e-02,1.146735e-03,1.686468e-01,-4.206623e-01,2.608193e-04,-7.566164e-02,3.638198e-01,4000.0000
69.7800,DS_terminal,5,4.618166e-04,2.790671e-03,-3.935867e-03,4.846872e-03,-3.611198e-04,-1.003056e-02,1.962429e-02,1.159545e-03,1.669429e-01,-4.170049e-01,2.704886e-04,-7.618382e-02,3.649494e-01,4000.0000
69.8800,DS_terminal,5,4.561973e-04,2.769429e-03,-3.919649e-03,4.820944e-03,-3.571925e-04,-9.971528e-03,1.954347e-02,1.172010e-03,1.652542e-01,-4.133751e-01,2.799280e-04,-7.670081e-02,3.660691e-01,4000.0000
69.9800,DS_terminal,5,4.505911e-04,2.748222e-03,-3.903454e-03,4.795071e-03,-3.532267e-04,-9.912919e-03,1.946318e-02,1.184148e-03,1.635804e-01,-4.097729e-01,2.891443e-04,-7.721265e-02,3.671789e-01,4000.0000
70.0800,DS_terminal,5,4.449956e-04,2.726932e-03,-3.887004e-03,4.768960e-03,-3.492220e-04,-9.854599e-03,1.938315e-02,1.195973e-03,1.619215e-01,-4.061980e-01,2.981441e-04,-7.771939e-02,3.682790e-01,4000.0000
70.1800,DS_terminal,5,4.394162e-04,2.705513e-03,-3.870150e-03,4.742462e-03,-3.451853e-04,-9.796511e-03,1.930325e-02,1.207498e-03,1.602774e-01,-4.026502e-01,3.069337e-04,-7.822107e-02,3.693694e-01,4000.0000
70.2800,DS_terminal,5,4.338635e-04,2.683972e-03,-3.852841e-03,4.715541e-03,-3.411288e-04,-9.738655e-03,1.922343e-02,1.218735e-03,1.586478e-01,-3.991293e-01,3.155193e-04,-7.871774e-02,3.704501e-01,4000.0000
70.3800,DS_terminal,5,4.283513e-04,2.662356e-03,-3.835097e-03,4.688240e-03,-3.370681e-04,-9.681068e-03,1.914370e-02,1.229694e-03,1.570328e-01,-3.956352e-01,3.239070e-04,-7.920944e-02,3.715213e-01,4000.0000
70.4800,DS_terminal,5,4.228939e-04,2.640730e-03,-3.816983e-03,4.660649e-03,-3.330190e-04,-9.623805e-03,1.906412e-02,1.240387e-03,1.554321e-01,-3.921676e-01,3.321025e-04,-7.969622e-02,3.725831e-01,4000.0000
70.5800,DS_terminal,5,4.175040e-04,2.619163e-03,-3.798585e-03,4.632879e-03,-3.289956e-04,-9.566930e-03,1.898477e-02,1.250821e-03,1.538457e-01,-3.887264e-01,3.401116e-04,-8.017811e-02,3.736354e-01,4000.0000
70.6800,DS_terminal,5,4.121913e-04,2.597720e-03,-3.779995e-03,4.605042e-03,-3.250091e-04,-9.510499e-03,1.890573e-02,1.261005e-03,1.522734e-01,-3.853114e-01,3.479397e-04,-8.065517e-02,3.746785e-01,4000.0000
70.7800,DS_terminal,5,4.069617e-04,2.576451e-03,-3.761300e-03,4.577237e-03,-3.210667e-04,-9.454558e-03,1.882708e-02,1.270949e-03,1.507150e-01,-3.819224e-01,3.555922e-04,-8.112744e-02,3.757123e-01,4000.0000
70.8800,DS_terminal,5,4.018177e-04,2.555394e-03,-3.742575e-03,4.549545e-03,-3.171720e-04,-9.399142e-03,1.874887e-02,1.280660e-03,1.491706e-01,-3.785592e-01,3.630741e-04,-8.159495e-02,3.767369e-01,4000.0000
70.9800,DS_terminal,5,3.967584e-04,2.534569e-03,-3.723877e-03,4.522026e-03,-3.133254e-04,-9.344268e-03,1.867117e-02,1.290147e-03,1.476398e-01,-3.752216e-01,3.703906e-04,-8.205775e-02,3.777524e-01,4000.0000
71.0800,DS_terminal,5,3.917808e-04,2.513987e-03,-3.705250e-03,4.494719e-03,-3.095247e-04,-9.289944e-03,1.859400e-02,1.299418e-03,1.461227e-01,-3.719095e-01,3.775465e-04,-8.251588e-02,3.787589e-01,4000.0000
71.1800,DS_terminal,5,3.868805e-04,2.493646e-03,-3.686721e-03,4.467646e-03,-3.057667e-04,-9.236167e-03,1.851739e-02,1.308481e-03,1.446191e-01,-3.686225e-01,3.845464e-04,-8.296938e-02,3.797564e-01,4000.0000
71.2800,DS_terminal,5,3.820525e-04,2.473538e-03,-3.668304e-03,4.440812e-03,-3.020471e-04,-9.182927e-03,1.844134e-02,1.317344e-03,1.431288e-01,-3.653606e-01,3.913949e-04,-8.341830e-02,3.807450e-01,4000.0000
71.3800,DS_terminal,5,3.772920e-04,2.453654e-03,-3.650005e-03,4.414216e-03,-2.983622e-04,-9.130214e-03,1.836585e-02,1.326016e-03,1.416518e-01,-3.621236e-01,3.980965e-04,-8.386268e-02,3.817248e-01,4000.0000
71.4800,DS_terminal,5,3.725949e-04,2.433980e-03,-3.631821e-03,4.387848e-03,-2.947086e-04,-9.078012e-03,1.829093e-02,1.334505e-03,1.401879e-01,-3.589111e-01,4.046556e-04,-8.430254e-02,3.826959e-01,4000.0000
71.5800,DS_terminal,5,3.679578e-04,2.414507e-03,-3.613748e-03,4.361699e-03,-2.910839e-04,-9.026310e-03,1.821655e-02,1.342818e-03,1.387370e-01,-3.557232e-01,4.110762e-04,-8.473794e-02,3.836583e-01,4000.0000
71.6800,DS_terminal,5,3.633784e-04,2.395225e-03,-3.595778e-03,4.335755e-03,-2.874866e-04,-8.975094e-03,1.814271e-02,1.350963e-03,1.372991e-01,-3.525595e-01,4.173625e-04,-8.516892e-02,3.846120e-01,4000.0000
71.7800,DS_terminal,5,3.588552e-04,2.376127e-03,-3.577904e-03,4.310006e-03,-2.839162e-04,-8.924357e-03,1.806940e-02,1.358947e-03,1.358739e-01,-3.494199e-01,4.235185e-04,-8.559551e-02,3.855572e-01,4000.0000
71.8800,DS_terminal,5,3.543876e-04,2.357208e-03,-3.560117e-03,4.284443e-03,-2.803727e-04,-8.874089e-03,1.799660e-02,1.366779e-03,1.344613e-01,-3.463043e-01,4.295479e-04,-8.601775e-02,3.864939e-01,4000.0000
71.9800,DS_terminal,5,3.499751e-04,2.338465e-03,-3.542414e-03,4.259061e-03,-2.768566e-04,-8.824285e-03,1.792431e-02,1.374464e-03,1.330613e-01,-3.432123e-01,4.354546e-04,-8.643568e-02,3.874222e-01,4000.0000
72.0800,DS_terminal,5,3.456178e-04,2.319898e-03,-3.524790e-03,4.233854e-03,-2.733688e-04,-8.774941e-03,1.785253e-02,1.382009e-03,1.316738e-01,-3.401439e-01,4.412422e-04,-8.684934e-02,3.883422e-01,4000.0000
72.1800,DS_terminal,5,3.413157e-04,2.301505e-03,-3.507243e-03,4.208821e-03,-2.699101e-04,-8.726053e-03,1.778123e-02,1.389421e-03,1.302986e-01,-3.370989e-01,4.469142e-04,-8.725876e-02,3.892539e-01,4000.0000
72.2800,DS_terminal,5,3.370691e-04,2.283286e-03,-3.489773e-03,4.183960e-03,-2.664815e-04,-8.677618e-03,1.771043e-02,1.396705e-03,1.289356e-01,-3.340770e-01,4.524741e-04,-8.766399e-02,3.901573e-01,4000.0000
72.3800,DS_terminal,5,3.328778e-04,2.265242e-03,-3.472380e-03,4.159273e-03,-2.630836e-04,-8.629633e-03,1.764012e-02,1.403868e-03,1.275847e-01,-3.310782e-01,4.579252e-04,-8.806506e-02,3.910526e-01,4000.0000
72.4800,DS_terminal,5,3.287416e-04,2.247373e-03,-3.455065e-03,4.134759e-03,-2.597170e-04,-8.582095e-03,1.757030e-02,1.410916e-03,1.262458e-01,-3.281022e-01,4.632707e-04,-8.846201e-02,3.919398e-01,4000.0000
72.5800,DS_terminal,5,3.246602e-04,2.229679e-03,-3.437831e-03,4.110420e-03,-2.563821e-04,-8.535001e-03,1.750096e-02,1.417852e-03,1.249189e-01,-3.251488e-01,4.685138e-04,-8.885488e-02,3.928189e-01,4000.0000
72.6800,DS_terminal,5,3.206331e-04,2.212159e-03,-3.420679e-03,4.086258e-03,-2.530789e-04,-8.488348e-03,1.743210e-02,1.424684e-03,1.236037e-01,-3.222180e-01,4.736577e-04,-8.924369e-02,3.936901e-01,4000.0000
72.7800,DS_terminal,5,3.166596e-04,2.194813e-03,-3.403612e-03,4.062272e-03,-2.498076e-04,-8.442133e-03,1.736373e-02,1.431415e-03,1.223002e-01,-3.193095e-01,4.787051e-04,-8.962849e-02,3.945534e-01,4000.0000
72.8800,DS_terminal,5,3.127390e-04,2.177639e-03,-3.386631e-03,4.038463e-03,-2.465681e-04,-8.396351e-03,1.729583e-02,1.438051e-03,1.210083e-01,-3.164232e-01,4.836591e-04,-9.000931e-02,3.954088e-01,4000.0000
72.9800,DS_terminal,5,3.088707e-04,2.160636e-03,-3.369737e-03,4.014832e-03,-2.433603e-04,-8.350999e-03,1.722841e-02,1.444596e-03,1.197278e-01,-3.135588e-01,4.885223e-04,-9.038619e-02,3.962565e-01,4000.0000
73.0800,DS_terminal,5,3.050538e-04,2.143803e-03,-3.352933e-03,3.991379e-03,-2.401841e-04,-8.306072e-03,1.716147e-02,1.451055e-03,1.184588e-01,-3.107163e-01,4.932977e-04,-9.075916e-02,3.970964e-01,4000.0000
73.1800,DS_terminal,5,3.012877e-04,2.127138e-03,-3.336218e-03,3.968103e-03,-2.370393e-04,-8.261568e-03,1.709500e-02,1.457432e-03,1.172010e-01,-3.078954e-01,4.979877e-04,-9.112825e-02,3.979286e-01,4000.0000
73.2800,DS_terminal,5,2.975716e-04,2.110640e-03,-3.319594e-03,3.945004e-03,-2.339258e-04,-8.217481e-03,1.702900e-02,1.463731e-03,1.159544e-01,-3.050960e-01,5.025950e-04,-9.149351e-02,3.987533e-01,4000.0000
73.3800,DS_terminal,5,2.939048e-04,2.094307e-03,-3.303062e-03,3.922081e-03,-2.308434e-04,-8.173809e-03,1.696347e-02,1.469957e-03,1.147188e-01,-3.023179e-01,5.071220e-04,-9.185496e-02,3.995704e-01,4000.0000
73.4800,DS_terminal,5,2.902867e-04,2.078138e-03,-3.286622e-03,3.899334e-03,-2.277920e-04,-8.130545e-03,1.689840e-02,1.476113e-03,1.134942e-01,-2.995611e-01,5.115711e-04,-9.221265e-02,4.003800e-01,4000.0000
73.5800,DS_terminal,5,2.867167e-04,2.062131e-03,-3.270274e-03,3.876762e-03,-2.247717e-04,-8.087688e-03,1.683380e-02,1.482203e-03,1.122806e-01,-2.968252e-01,5.159448e-04,-9.256659e-02,4.011822e-01,4000.0000
73.6800,DS_terminal,5,2.831942e-04,2.046286e-03,-3.254018e-03,3.854364e-03,-2.217822e-04,-8.045233e-03,1.676965e-02,1.488230e-03,1.110777e-01,-2.941102e-01,5.202452e-04,-9.291683e-02,4.019770e-01,4000.0000
73.7800,DS_terminal,5,2.797187e-04,2.030600e-03,-3.237855e-03,3.832138e-03,-2.188237e-04,-8.003176e-03,1.670597e-02,1.494199e-03,1.098854e-01,-2.914158e-01,5.244746e-04,-9.326339e-02,4.027645e-01,4000.0000
73.8800,DS_terminal,5,2.762897e-04,2.015072e-03,-3.221785e-03,3.810085e-03,-2.158959e-04,-7.961514e-03,1.664273e-02,1.500112e-03,1.087038e-01,-2.887420e-01,5.286352e-04,-9.360632e-02,4.035448e-01,4000.0000
73.9800,DS_terminal,5,2.729067e-04,1.999702e-03,-3.205807e-03,3.788203e-03,-2.129990e-04,-7.920243e-03,1.657994e-02,1.505973e-03,1.075327e-01,-2.860886e-01,5.327290e-04,-9.394564e-02,4.043178e-01,4000.0000
74.0800,DS_terminal,5,2.695691e-04,1.984487e-03,-3.189921e-03,3.766490e-03,-2.101329e-04,-7.879359e-03,1.651760e-02,1.511784e-03,1.063719e-01,-2.834554e-01,5.367580e-04,-9.428138e-02,4.050837e-01,4000.0000
74.1800,DS_terminal,5,2.662764e-04,1.969426e-03,-3.174127e-03,3.744947e-03,-2.072975e-04,-7.838858e-03,1.645571e-02,1.517549e-03,1.052215e-01,-2.808423e-01,5.407242e-04,-9.461358e-02,4.058425e-01,4000.0000
74.2800,DS_terminal,5,2.630283e-04,1.954519e-03,-3.158426e-03,3.723571e-03,-2.044928e-04,-7.798737e-03,1.639426e-02,1.523271e-03,1.040813e-01,-2.782491e-01,5.446296e-04,-9.494226e-02,4.065943e-01,4000.0000
74.3800,DS_terminal,5,2.598242e-04,1.939763e-03,-3.142816e-03,3.702362e-03,-2.017187e-04,-7.758993e-03,1.633324e-02,1.528952e-03,1.029512e-01,-2.756756e-01,5.484758e-04,-9.526747e-02,4.073391e-01,4000.0000
74.4800,DS_terminal,5,2.566636e-04,1.925158e-03,-3.127298e-03,3.681318e-03,-1.989752e-04,-7.719622e-03,1.627266e-02,1.534595e-03,1.018312e-01,-2.731218e-01,5.522648e-04,-9.558922e-02,4.080769e-01,4000.0000
74.5800,DS_terminal,5,2.535462e-04,1.910702e-03,-3.111871e-03,3.660439e-03,-1.962622e-04,-7.680620e-03,1.621251e-02,1.540203e-03,1.007211e-01,-2.705875e-01,5.559983e-04,-9.590756e-02,4.088079e-01,4000.0000
74.6800,DS_terminal,5,2.504714e-04,1.896394e-03,-3.096534e-03,3.639721e-03,-1.935797e-04,-7.641983e-03,1.615278e-02,1.545777e-03,9.962087e-02,-2.680724e-01,5.596780e-04,-9.622250e-02,4.095321e-01,4000.0000
74.7800,DS_terminal,5,2.474389e-04,1.882233e-03,-3.081288e-03,3.619166e-03,-1.909276e-04,-7.603709e-03,1.609348e-02,1.551321e-03,9.853041e-02,-2.655766e-01,5.633055e-04,-9.653409e-02,4.102495e-01,4000.0000
74.8800,DS_terminal,5,2.444481e-04,1.868217e-03,-3.066130e-03,3.598769e-03,-1.883057e-04,-7.565794e-03,1.603460e-02,1.556836e-03,9.744963e-02,-2.630998e-01,5.668823e-04,-9.684234e-02,4.109602e-01,4000.0000
74.9800,DS_terminal,5,2.414987e-04,1.854344e-03,-3.051061e-03,3.578532e-03,-1.857142e-04,-7.528233e-03,1.597614e-02,1.562324e-03,9.637846e-02,-2.606418e-01,5.704101e-04,-9.714730e-02,4.116642e-01,4000.0000
75.0800,DS_terminal,5,2.385904e-04,1.840614e-03,-3.036080e-03,3.558450e-03,-1.831529e-04,-7.491025e-03,1.591810e-02,1.567788e-03,9.531679e-02,-2.582027e-01,5.738903e-04,-9.744898e-02,4.123616e-01,4000.0000
