t,phase,step_idx,mask_ss,theta_s_deg,Hdot_s_x,Hdot_s_y,Hdot_s_z,tau_w_x,tau_w_y,tau_w_z,torso_ref_mode,e_ori_torso_deg,e_pos_torso_x,e_pos_torso_y,e_pos_torso_z,d_ee_to_target,e_ori_ee_deg,swing_arm,stance_a_idx,stance_b_idx,swing_to_idx,gait_phase_idx
0.010000,DS,-1,0,0.000000000,nan,nan,nan,0.000000000,0.000000000,-0.000000000,ds_hold,0.000000000,0.000000000,0.000000000,0.000000000,nan,0.000000000,,2,2,-1,0
0.020000,DS,-1,0,0.000000000,nan,nan,nan,0.000000009,-0.000000000,0.000000001,ds_hold,0.000000000,-0.000000000,0.000000000,0.000000000,nan,0.000000001,,2,2,-1,0
0.030000,DS,-1,0,0.000000000,nan,nan,nan,0.000000007,-0.000000003,0.000000008,ds_hold,0.000000000,-0.000000000,0.000000000,0.000000000,nan,0.000000001,,2,2,-1,0
0.040000,DS,-1,0,0.000000000,nan,nan,nan,0.000000004,-0.000000001,0.000000008,ds_hold,0.000000000,-0.000000000,0.000000000,0.000000000,nan,0.000000001,,2,2,-1,0
0.050000,DS,-1,0,0.000000000,nan,nan,nan,0.000000001,-0.000000002,0.000000010,ds_hold,0.000000000,-0.000000000,0.000000000,0.000000000,nan,0.000000001,,2,2,-1,0
0.060000,DS,-1,0,0.000000000,nan,nan,nan,-0.000000000,-0.000000000,0.000000009,ds_hold,0.000000000,-0.000000000,0.000000000,0.000000000,nan,0.000000001,,2,2,-1,0
0.070000,DS,-1,0,0.000000000,nan,nan,nan,-0.000000001,-0.000000000,0.000000009,ds_hold,0.000000000,-0.000000000,0.000000000,0.000000000,nan,0.000000001,,2,2,-1,0
0.080000,DS,-1,0,0.000000000,nan,nan,nan,-0.000000002,0.000000000,0.000000008,ds_hold,0.000000000,-0.000000000,0.000000000,0.000000000,nan,0.000000001,,2,2,-1,0
0.090000,DS,-1,0,0.000000000,nan,nan,nan,-0.000000002,0.000000000,0.000000009,ds_hold,0.000000000,-0.000000000,0.000000000,0.000000000,nan,0.000000001,,2,2,-1,0
0.100000,DS,-1,0,0.000000000,nan,nan,nan,-0.000000002,0.000000000,0.000000008,ds_hold,0.000000000,-0.000000000,0.000000000,0.000000000,nan,0.000000001,,2,2,-1,0
0.110000,SS,0,1,0.000126526,0.457020968,-1.444434735,2.471737469,-0.647717308,1.272676841,-1.235408004,planner_track,0.006953013,0.000022931,0.000009428,0.000005775,0.799631168,0.003371617,b,2,2,3,1
0.210000,SS,0,1,0.000754840,0.606892236,-1.413427714,2.706243030,-0.839935282,1.993740748,-2.388136557,planner_track,0.011884476,0.000035501,0.000010026,0.000041540,0.797353401,0.006020830,b,2,2,3,1
0.310000,SS,0,1,0.002130296,0.678144472,-1.226729420,3.344712371,-1.059580947,2.541464890,-3.258239024,planner_track,0.013654448,-0.000042092,-0.000035087,0.000104039,0.791659445,0.009453474,b,2,2,3,1
0.410000,SS,0,1,0.004434651,0.688968641,-0.981833576,3.891933316,-1.214027114,2.934834826,-3.910494397,planner_track,0.013961069,-0.000260400,-0.000138620,0.000187400,0.781403037,0.016622470,b,2,2,3,1
0.510000,SS,0,1,0.007790462,0.627273759,-0.706139984,4.429171157,-1.274505365,3.160978020,-4.390828422,planner_track,0.013560390,-0.000644773,-0.000299630,0.000283650,0.765801462,0.028228618,b,2,2,3,1
0.610000,SS,0,1,0.012258202,0.501671087,-0.426674017,4.895266991,-1.262580311,3.241944353,-4.681695914,planner_track,0.013232718,-0.001200307,-0.000506445,0.000382690,0.744412604,0.042838105,b,2,2,3,1
0.710000,SS,0,1,0.017843366,0.321735398,-0.136146212,4.999981558,-1.190178943,3.190269245,-4.781796155,planner_track,0.013279915,-0.001916697,-0.000740002,0.000473584,0.717106087,0.058692488,b,2,2,3,1
0.810000,SS,0,1,0.024504122,0.091416180,0.112892023,4.999990998,-1.069293584,3.038839831,-4.709059804,planner_track,0.013824748,-0.002771333,-0.000977117,0.000545520,0.684029638,0.074246695,b,2,2,3,1
0.910000,SS,0,1,0.032160430,-0.187538443,0.304155503,4.999993047,-0.911141923,2.807933118,-4.479610365,planner_track,0.014709407,-0.003730344,-0.001193871,0.000589314,0.645573344,0.088384231,b,2,2,3,1
1.010000,SS,0,1,0.040701154,-0.503859675,0.441971215,4.999993488,-0.723501549,2.512578744,-4.110301048,planner_track,0.015742876,-0.004750954,-0.001367621,0.000598314,0.602333985,0.100457206,b,2,2,3,1
1.110000,SS,0,1,0.049989205,-0.848205563,0.544408513,4.999992743,-0.510248036,2.162228833,-3.616230803,planner_track,0.016792604,-0.005784272,-0.001478173,0.000568903,0.555079015,0.110225646,b,2,2,3,1
1.210000,SS,0,1,0.059865286,-1.204234758,0.628796380,4.999989562,-0.276153216,1.762773578,-3.011720894,planner_track,0.017752519,-0.006778058,-0.001508549,0.000500642,0.504710539,0.117728623,b,2,2,3,1
1.310000,SS,0,1,0.070151485,-1.551645087,0.709156644,4.999962832,-0.029046132,1.317346919,-2.309795168,planner_track,0.018492773,-0.007679162,-0.001445350,0.000396163,0.452229651,0.123131565,b,2,2,3,1
1.410000,SS,0,1,0.080653859,-1.872180081,0.847232997,4.678324506,0.219998353,0.816659835,-1.511804623,planner_track,0.018743991,-0.008437055,-0.001279089,0.000260892,0.398702971,0.126613375,b,2,2,3,1
1.510000,SS,0,1,0.091166836,-2.141473093,1.022197362,4.121607964,0.454681310,0.275364538,-0.638843125,planner_track,0.018465751,-0.009006854,-0.001004198,0.000102350,0.345227990,0.128265417,b,2,2,3,1
1.610000,SS,0,1,0.101483457,-2.353808149,1.239785051,3.438531998,0.696514124,-0.257065213,0.292136860,planner_track,0.018444256,-0.009351517,-0.000617617,-0.000070197,0.292898544,0.128045523,b,2,2,3,1
1.710000,SS,0,1,0.111385529,-2.502184592,1.449164778,2.745028445,0.793347775,-0.900858567,1.236761638,planner_track,0.016210522,-0.009438426,-0.000129804,-0.000245332,0.242770783,0.125631519,b,2,2,3,1
1.810000,SS,0,1,0.120687939,-2.542085910,1.699262748,1.896190353,0.915400779,-1.483843581,2.169380334,planner_track,0.014509541,-0.009250604,0.000456796,-0.000411913,0.195829741,0.120624080,b,2,2,3,1
1.910000,SS,0,1,0.129208828,-2.545054440,1.898758773,1.143115515,0.990161105,-2.036533485,3.017272213,planner_track,0.013432759,-0.008780583,0.001127330,-0.000558488,0.152958243,0.112452689,b,2,2,3,1
2.010000,SS,0,1,0.136791724,-2.473239672,2.104897547,0.334704035,0.988215493,-2.551563445,3.789435932,planner_track,0.013084938,-0.008033105,0.001861969,-0.000674017,0.114901961,0.100577743,b,2,2,3,1
2.110000,SS,0,1,0.143312307,-2.333989715,2.229760905,-0.358805598,0.951192860,-2.971026802,4.402843323,planner_track,0.014269025,-0.007027516,0.002638616,-0.000749466,0.082238808,0.084640230,b,2,2,3,1
2.210000,SS,0,1,0.148683715,-2.134288904,2.264265792,-0.922947284,0.881447208,-3.271733707,4.822018704,planner_track,0.016842901,-0.005794613,0.003431213,-0.000778221,0.055350378,0.064784591,b,2,2,3,1
2.310000,SS,0,1,0.152860022,-1.891763891,2.211137186,-1.354178349,0.792162353,-3.423360505,5.000000000,planner_track,0.020321595,-0.004377081,0.004211722,-0.000756835,0.034406713,0.042571171,b,2,2,3,1
2.410000,SS,0,1,0.155840575,-1.619746544,2.074740054,-1.650564465,0.691883752,-3.395459224,4.933733801,planner_track,0.024270660,-0.002829195,0.004951552,-0.000685325,0.019384533,0.025817707,b,2,2,3,1
2.510000,SS,0,1,0.157687488,-1.331769861,1.867233725,-1.815352098,0.584618204,-3.161723469,4.562818387,planner_track,0.028419564,-0.001216094,0.005622521,-0.000567518,0.010177293,0.035102167,b,2,2,3,1
2.610000,SS,0,1,0.158524203,-1.043433924,1.607378534,-1.857189677,0.469627262,-2.699420722,3.868846690,planner_track,0.032685099,0.000386330,0.006197319,-0.000411146,0.006469801,0.059300236,b,2,2,3,1
2.710000,SS,0,1,0.158537767,-0.772291511,1.319492602,-1.789557204,0.340593396,-1.990201728,2.825239527,planner_track,0.037169456,0.001891351,0.006649417,-0.000227624,0.005965755,0.082944939,b,2,2,3,1
2.810000,SS,0,1,0.157988111,-0.537875857,1.032416266,-1.631708086,0.182313277,-1.042587021,1.549509640,planner_track,0.042113677,0.003201161,0.006952604,-0.000031640,0.005912542,0.100427064,b,2,2,3,1
2.910000,SS,0,1,0.157109851,-0.366297503,0.788778430,-1.394795953,0.259770543,-0.699102665,1.384795038,planner_track,0.042371889,0.004241145,0.007081594,0.000157815,0.005701987,0.109924052,b,2,2,3,1
3.010000,SS,0,1,0.155960013,-0.248747795,0.684885425,-0.949017301,0.249575275,-0.655573035,1.130277217,planner_track,0.038462626,0.005020997,0.007048282,0.000321410,0.005428675,0.112597467,b,2,2,3,1
3.110000,SS,0,1,0.154580599,-0.182596537,0.574057217,-0.712035549,0.195101982,-0.557041341,0.991603998,planner_track,0.035413583,0.005565562,0.006883983,0.000451777,0.005165077,0.110154075,b,2,2,3,1
3.210000,SS,0,1,0.153012729,-0.145532506,0.472073881,-0.503618104,0.159345794,-0.481409943,0.842924073,planner_track,0.033300081,0.005903899,0.006612885,0.000549614,0.004940073,0.104309272,b,2,2,3,1
3.320000,DS,0,0,0.152826018,nan,nan,nan,-0.323726213,-0.782050155,0.335058362,ds_hold,0.000000000,0.000000000,0.000000000,0.000000000,0.004489236,0.133681940,b,2,3,3,2
3.330000,DS,0,0,0.152585222,nan,nan,nan,-2.975660758,-2.712194631,3.415059478,ds_hold,0.001571000,0.000016721,-0.000051558,-0.000000764,0.003636000,0.190488589,b,2,3,3,2
3.340000,DS,0,0,0.152309705,nan,nan,nan,-0.228130059,-2.555890254,5.000000000,ds_hold,0.004619079,0.000024180,-0.000132529,-0.000015410,0.002769987,0.232871572,b,2,3,3,2
3.350000,DS,0,0,0.152013668,nan,nan,nan,1.912504400,-1.699551361,5.000000000,ds_hold,0.008079977,0.000022885,-0.000243951,-0.000040620,0.002032250,0.250571976,b,2,3,3,2
3.360000,DS,0,0,0.151706176,nan,nan,nan,2.991076564,-1.292295567,5.000000000,ds_hold,0.011288939,0.000013978,-0.000381944,-0.000072237,0.001453598,0.247316760,b,2,3,3,2
3.370000,DS,0,0,0.151392819,nan,nan,nan,3.304020344,-1.179405350,5.000000000,ds_hold,0.014027782,-0.000002240,-0.000540723,-0.000106793,0.001020610,0.230433586,b,2,3,3,2
3.380000,DS,0,0,0.151077067,nan,nan,nan,3.189641822,-1.225333324,5.000000000,ds_hold,0.016310876,-0.000025930,-0.000714305,-0.000141696,0.000706093,0.207225953,b,2,3,3,2
3.390000,DS,0,0,0.150761104,nan,nan,nan,2.888696484,-1.344306383,5.000000000,ds_hold,0.018301677,-0.000057486,-0.000897268,-0.000175067,0.000482117,0.183891301,b,2,3,3,2
3.400000,DS,0,0,0.150446288,nan,nan,nan,2.533188981,-1.485919763,5.000000000,ds_hold,0.020288705,-0.000097415,-0.001085016,-0.000205551,0.000324814,0.165079245,b,2,3,3,2
3.410000,DS,0,0,0.150133376,nan,nan,nan,2.186376851,-1.623739463,5.000000000,ds_hold,0.022654758,-0.000146279,-0.001273794,-0.000232154,0.000215476,0.153365062,b,2,3,3,2
3.420000,DS,0,0,0.149822646,nan,nan,nan,1.873641155,-1.745743067,5.000000000,ds_hold,0.025800225,-0.000204674,-0.001460616,-0.000254144,0.000140165,0.148835713,b,2,3,3,2
3.430000,DS,0,0,0.149514258,nan,nan,nan,1.408113990,-1.191902017,3.261611945,ds_hold,0.029886734,-0.000271339,-0.001643049,-0.000271372,0.000088837,0.145411751,b,2,3,3,2
3.440000,DS,0,0,0.149208788,nan,nan,nan,1.079781303,-0.947465249,1.976734862,ds_hold,0.034731115,-0.000343491,-0.001819021,-0.000284230,0.000054355,0.137530512,b,2,3,3,2
3.450000,DS,0,0,0.148906913,nan,nan,nan,0.816792422,-0.762186147,0.903223738,ds_hold,0.040000322,-0.000418930,-0.001986882,-0.000293218,0.000031876,0.124739091,b,2,3,3,2
3.460000,DS,0,0,0.148609231,nan,nan,nan,0.590448117,-0.576261463,-0.030404249,ds_hold,0.045323379,-0.000495768,-0.002145470,-0.000298831,0.000018550,0.108358342,b,2,3,3,2
3.470000,DS,0,0,0.148316172,nan,nan,nan,0.391798246,-0.390389321,-0.816856846,ds_hold,0.050392659,-0.000572384,-0.002294080,-0.000301523,0.000013082,0.090270045,b,2,3,3,2
3.480000,DS,0,0,0.148027850,nan,nan,nan,0.226116663,-0.215239369,-1.431579160,ds_hold,0.055009232,-0.000647482,-0.002432473,-0.000301697,0.000013180,0.072539208,b,2,3,3,2
3.490000,DS,0,0,0.147744090,nan,nan,nan,0.096209383,-0.077151949,-1.815275184,ds_hold,0.059097412,-0.000720163,-0.002560808,-0.000299679,0.000015166,0.057749478,b,2,3,3,2
3.500000,DS,0,0,0.147464622,nan,nan,nan,0.004649205,0.018326304,-1.984223838,ds_hold,0.062688087,-0.000789933,-0.002679494,-0.000295717,0.000017296,0.049946049,b,2,3,3,2
3.510000,DS,0,0,0.147189289,nan,nan,nan,-0.031282161,0.077073744,-1.972780586,ds_hold,0.065887007,-0.000856651,-0.002789029,-0.000289926,0.000019002,0.051720615,b,2,3,3,2
3.520000,DS,0,0,0.146918102,nan,nan,nan,-0.111525358,0.203464566,-2.032219502,ds_hold,0.068827029,-0.000920260,-0.002889935,-0.000282352,0.000019936,0.058993139,b,2,3,3,2
3.530000,DS,0,0,0.146651313,nan,nan,nan,-0.226143820,0.338086426,-2.122379656,ds_hold,0.071623392,-0.000980546,-0.002982721,-0.000273082,0.000019998,0.066977464,b,2,3,3,2
3.540000,DS,0,0,0.146389363,nan,nan,nan,-0.342079349,0.443802493,-2.189986467,ds_hold,0.074363176,-0.001037230,-0.003067839,-0.000262256,0.000019376,0.073712491,b,2,3,3,2
3.550000,DS,0,0,0.146132580,nan,nan,nan,-0.439265008,0.508536415,-2.189862583,ds_hold,0.077111639,-0.001090158,-0.003145728,-0.000250008,0.000018320,0.078596697,b,2,3,3,2
3.560000,DS,0,0,0.145881042,nan,nan,nan,-0.538271586,0.562062246,-2.141581227,ds_hold,0.079915114,-0.001139339,-0.003216862,-0.000236455,0.000017041,0.081587856,b,2,3,3,2
3.570000,DS,0,0,0.145634696,nan,nan,nan,-0.621218584,0.596160137,-2.040704645,ds_hold,0.082793652,-0.001184892,-0.003281751,-0.000221700,0.000015700,0.082955198,b,2,3,3,2
3.580000,DS,0,0,0.145393406,nan,nan,nan,-0.685186630,0.614262629,-1.903008065,ds_hold,0.085741958,-0.001227019,-0.003340921,-0.000205836,0.000014405,0.083006816,b,2,3,3,2
3.590000,DS,0,0,0.145156985,nan,nan,nan,-0.731536288,0.619719783,-1.744684215,ds_hold,0.088732834,-0.001265977,-0.003394893,-0.000188944,0.000013211,0.082033363,b,2,3,3,2
3.600000,DS,0,0,0.144925209,nan,nan,nan,-0.762520090,0.614912491,-1.578732145,ds_hold,0.091723674,-0.001302045,-0.003444170,-0.000171100,0.000012141,0.080299860,b,2,3,3,2
3.610000,DS,0,0,0.144697834,nan,nan,nan,-0.780289542,0.601630254,-1.414795522,ds_hold,0.094664225,-0.001335508,-0.003489223,-0.000152378,0.000011195,0.078044329,b,2,3,3,2
3.620000,DS,0,0,0.144474612,nan,nan,nan,-0.786790500,0.581433835,-1.259701552,ds_hold,0.097503822,-0.001366641,-0.003530483,-0.000132853,0.000010363,0.075475192,b,2,3,3,2
3.630000,DS,0,0,0.144255292,nan,nan,nan,-0.783874220,0.555817446,-1.118003888,ds_hold,0.100197004,-0.001395694,-0.003568336,-0.000112604,0.000009633,0.072767982,b,2,3,3,2
3.640000,DS,0,0,0.144039636,nan,nan,nan,-0.773377697,0.526222612,-0.992403958,ds_hold,0.102707097,-0.001422894,-0.003603128,-0.000091713,0.000008993,0.070062939,b,2,3,3,2
3.650000,DS,0,0,0.143827422,nan,nan,nan,-0.757116438,0.493988692,-0.884087953,ds_hold,0.105007911,-0.001448434,-0.003635156,-0.000070265,0.000008433,0.067464308,b,2,3,3,2
3.660000,DS,0,0,0.143618447,nan,nan,nan,-0.736810477,0.460299736,-0.793033398,ds_hold,0.107083934,-0.001472475,-0.003664679,-0.000048346,0.000007944,0.065041492,b,2,3,3,2
3.670000,DS,0,0,0.143412526,nan,nan,nan,-0.713988632,0.426153027,-0.718308310,ds_hold,0.108929503,-0.001495150,-0.003691915,-0.000026047,0.000007518,0.062832021,b,2,3,3,2
3.680000,DS,0,0,0.143209496,nan,nan,nan,-0.689911212,0.392351057,-0.658355642,ds_hold,0.110547367,-0.001516565,-0.003717049,-0.000003455,0.000007147,0.060846181,b,2,3,3,2
3.690000,DS,0,0,0.143009211,nan,nan,nan,-0.665533400,0.359509447,-0.611244358,ds_hold,0.111946978,-0.001536799,-0.003740237,0.000019341,0.000006825,0.059072982,b,2,3,3,2
3.700000,DS,0,0,0.142811539,nan,nan,nan,-0.641512358,0.328073334,-0.574873543,ds_hold,0.113142723,-0.001555914,-0.003761609,0.000042254,0.000006544,0.057486857,b,2,3,3,2
3.710000,DS,0,0,0.142616359,nan,nan,nan,-0.618247817,0.298337802,-0.547126786,ds_hold,0.114152270,-0.001573956,-0.003781278,0.000065203,0.000006295,0.056054204,b,2,3,3,2
3.720000,DS,0,0,0.142423563,nan,nan,nan,-0.595998898,0.270485226,-0.525992001,ds_hold,0.114995061,-0.001590959,-0.003799338,0.000088108,0.000006073,0.054738147,b,2,3,3,2
3.730000,DS,0,0,0.142233048,nan,nan,nan,-0.575180568,0.244634648,-0.509586297,ds_hold,0.115691045,-0.001606947,-0.003815874,0.000110895,0.000005869,0.053502821,b,2,3,3,2
3.740000,DS,0,0,0.142044717,nan,nan,nan,-0.555798048,0.220765467,-0.496229208,ds_hold,0.116259734,-0.001621941,-0.003830961,0.000133496,0.000005677,0.052317218,b,2,3,3,2
3.750000,DS,0,0,0.141858478,nan,nan,nan,-0.537605254,0.198767517,-0.484552565,ds_hold,0.116719498,-0.001635960,-0.003844669,0.000155846,0.000005492,0.051156608,b,2,3,3,2
3.760000,DS,0,0,0.141674239,nan,nan,nan,-0.520345249,0.178482362,-0.473479650,ds_hold,0.117087088,-0.001649023,-0.003857064,0.000177888,0.000005310,0.050002423,b,2,3,3,2
3.770000,DS,0,0,0.141491908,nan,nan,nan,-0.503804449,0.159737281,-0.462202366,ds_hold,0.117377361,-0.001661148,-0.003868211,0.000199572,0.000005129,0.048841404,b,2,3,3,2
3.780000,DS,0,0,0.141311398,nan,nan,nan,-0.487818087,0.142365451,-0.450152629,ds_hold,0.117603169,-0.001672358,-0.003878173,0.000220850,0.000004946,0.047664527,b,2,3,3,2
3.790000,DS,0,0,0.141132621,nan,nan,nan,-0.472263324,0.126216334,-0.436970632,ds_hold,0.117775374,-0.001682679,-0.003887012,0.000241684,0.000004761,0.046465990,b,2,3,3,2
3.800000,DS,0,0,0.140955491,nan,nan,nan,-0.457050804,0.111160086,-0.422471880,ds_hold,0.117902963,-0.001692139,-0.003894791,0.000262039,0.000004575,0.045242413,b,2,3,3,2
3.810000,DS,0,0,0.140779925,nan,nan,nan,-0.442117599,0.097088431,-0.406614446,ds_hold,0.117993222,-0.001700769,-0.003901571,0.000281886,0.000004388,0.043992275,b,2,3,3,2
3.820000,DS,0,0,0.140605841,nan,nan,nan,-0.427421881,0.083913468,-0.389467600,ds_hold,0.118051953,-0.001708605,-0.003907414,0.000301200,0.000004202,0.042715562,b,2,3,3,2
3.830000,DS,0,0,0.140433161,nan,nan,nan,-0.412938873,0.071565288,-0.371182782,ds_hold,0.118083705,-0.001715685,-0.003912380,0.000319963,0.000004017,0.041413574,b,2,3,3,2
3.840000,DS,0,0,0.140261807,nan,nan,nan,-0.398657526,0.059988990,-0.351967549,ds_hold,0.118092006,-0.001722047,-0.003916527,0.000338158,0.000003835,0.040088804,b,2,3,3,2
3.850000,DS,0,0,0.140091707,nan,nan,nan,-0.384577532,0.049141491,-0.332062947,ds_hold,0.118079581,-0.001727733,-0.003919914,0.000355775,0.000003658,0.038744851,b,2,3,3,2
3.860000,DS,0,0,0.139922789,nan,nan,nan,-0.370706478,0.038988471,-0.311724504,ds_hold,0.118048550,-0.001732786,-0.003922597,0.000372804,0.000003486,0.037386317,b,2,3,3,2
3.870000,DS,0,0,0.139754985,nan,nan,nan,-0.357057146,0.029501641,-0.291206883,ds_hold,0.118000594,-0.001737247,-0.003924628,0.000389242,0.000003320,0.036018666,b,2,3,3,2
3.880000,DS,0,0,0.139588231,nan,nan,nan,-0.343645050,0.020656504,-0.270752054,ds_hold,0.117937104,-0.001741160,-0.003926060,0.000405086,0.000003161,0.034648037,b,2,3,3,2
3.890000,DS,0,0,0.139422466,nan,nan,nan,-0.330486327,0.012430655,-0.250580746,ds_hold,0.117859284,-0.001744565,-0.003926941,0.000420335,0.000003009,0.033281026,b,2,3,3,2
3.900000,DS,0,0,0.139257630,nan,nan,nan,-0.317596064,0.004802600,-0.230886785,ds_hold,0.117768245,-0.001747504,-0.003927317,0.000434993,0.000002865,0.031924431,b,2,3,3,2
3.910000,DS,0,0,0.139093668,nan,nan,nan,-0.304987112,-0.002248956,-0.211833924,ds_hold,0.117665057,-0.001750016,-0.003927232,0.000449062,0.000002728,0.030584996,b,2,3,3,2
3.920000,DS,0,0,0.138930527,nan,nan,nan,-0.292669358,-0.008745463,-0.193554696,ds_hold,0.117550796,-0.001752138,-0.003926727,0.000462548,0.000002599,0.029269151,b,2,3,3,2
3.930000,DS,0,0,0.138768157,nan,nan,nan,-0.280649424,-0.014708617,-0.176150845,ds_hold,0.117426559,-0.001753906,-0.003925839,0.000475458,0.000002477,0.027982780,b,2,3,3,2
3.940000,DS,0,0,0.138606512,nan,nan,nan,-0.268930685,-0.020160290,-0.159694924,ds_hold,0.117293478,-0.001755354,-0.003924603,0.000487800,0.000002361,0.026731023,b,2,3,3,2
3.950000,DS,0,0,0.138445546,nan,nan,nan,-0.257513548,-0.025122389,-0.144232701,ds_hold,0.117152712,-0.001756513,-0.003923052,0.000499582,0.000002253,0.025518119,b,2,3,3,2
3.960000,DS,0,0,0.138285218,nan,nan,nan,-0.246395884,-0.029616684,-0.129786055,ds_hold,0.117005435,-0.001757412,-0.003921215,0.000510813,0.000002151,0.024347308,b,2,3,3,2
3.970000,DS,0,0,0.138125488,nan,nan,nan,-0.235573552,-0.033664665,-0.116356143,ds_hold,0.116852827,-0.001758079,-0.003919121,0.000521504,0.000002055,0.023220780,b,2,3,3,2
3.980000,DS,0,0,0.137966318,nan,nan,nan,-0.225040937,-0.037287435,-0.103926630,ds_hold,0.116696048,-0.001758538,-0.003916794,0.000531665,0.000001964,0.022139689,b,2,3,3,2
3.990000,DS,0,0,0.137807673,nan,nan,nan,-0.214791482,-0.040505644,-0.092466873,ds_hold,0.116536223,-0.001758812,-0.003914258,0.000541307,0.000001879,0.021104210,b,2,3,3,2
4.000000,DS,0,0,0.137649519,nan,nan,nan,-0.204818142,-0.043339465,-0.081934945,ds_hold,0.116374421,-0.001758923,-0.003911534,0.000550441,0.000001798,0.020113644,b,2,3,3,2
4.010000,DS,0,0,0.137491825,nan,nan,nan,-0.195113779,-0.045808604,-0.072280450,ds_hold,0.116211642,-0.001758888,-0.003908641,0.000559080,0.000001722,0.019166557,b,2,3,3,2
4.020000,DS,0,0,0.137334561,nan,nan,nan,-0.185671467,-0.047932321,-0.063447090,ds_hold,0.116048803,-0.001758727,-0.003905598,0.000567235,0.000001651,0.018260938,b,2,3,3,2
4.030000,DS,0,0,0.137177699,nan,nan,nan,-0.176484707,-0.049729471,-0.055374951,ds_hold,0.115886723,-0.001758455,-0.003902421,0.000574918,0.000001583,0.017394371,b,2,3,3,2
4.040000,DS,0,0,0.137021212,nan,nan,nan,-0.167547566,-0.051218529,-0.048002515,ds_hold,0.115726125,-0.001758085,-0.003899126,0.000582141,0.000001519,0.016564202,b,2,3,3,2
4.050000,DS,0,0,0.136865076,nan,nan,nan,-0.158854750,-0.052417627,-0.041268375,ds_hold,0.115567627,-0.001757632,-0.003895727,0.000588917,0.000001459,0.015767695,b,2,3,3,2
4.060000,DS,0,0,0.136709266,nan,nan,nan,-0.150401609,-0.053344559,-0.035112679,ds_hold,0.115411742,-0.001757107,-0.003892238,0.000595260,0.000001402,0.015002167,b,2,3,3,2
4.070000,DS,0,0,0.136553761,nan,nan,nan,-0.142184107,-0.054016796,-0.029478293,ds_hold,0.115258887,-0.001756521,-0.003888670,0.000601181,0.000001347,0.014265102,b,2,3,3,2
4.080000,DS,0,0,0.136398539,nan,nan,nan,-0.134198758,-0.054451467,-0.024311708,ds_hold,0.115109385,-0.001755884,-0.003885037,0.000606694,0.000001296,0.013554228,b,2,3,3,2
4.090000,DS,0,0,0.136243581,nan,nan,nan,-0.126442541,-0.054665348,-0.019563699,ds_hold,0.114963473,-0.001755204,-0.003881348,0.000611811,0.000001247,0.012867579,b,2,3,3,2
4.100000,DS,0,0,0.136088869,nan,nan,nan,-0.118912806,-0.054674827,-0.015189760,ds_hold,0.114821314,-0.001754491,-0.003877614,0.000616547,0.000001200,0.012203520,b,2,3,3,2
4.110000,DS,0,0,0.135934384,nan,nan,nan,-0.111607178,-0.054495876,-0.011150341,ds_hold,0.114683004,-0.001753752,-0.003873846,0.000620914,0.000001155,0.011560757,b,2,3,3,2
4.120000,DS,0,0,0.135780110,nan,nan,nan,-0.104523470,-0.054144011,-0.007410898,ds_hold,0.114548586,-0.001752994,-0.003870052,0.000624926,0.000001113,0.010938324,b,2,3,3,2
4.130000,DS,0,0,0.135626032,nan,nan,nan,-0.097659601,-0.053634252,-0.003941798,ds_hold,0.114418058,-0.001752223,-0.003866241,0.000628595,0.000001072,0.010335560,b,2,3,3,2
4.140000,DS,0,0,0.135472135,nan,nan,nan,-0.091013523,-0.052981092,-0.000718090,ds_hold,0.114291386,-0.001751446,-0.003862422,0.000631935,0.000001033,0.009752073,b,2,3,3,2
4.150000,DS,0,0,0.135318406,nan,nan,nan,-0.084583173,-0.052198457,0.002280822,ds_hold,0.114168511,-0.001750667,-0.003858604,0.000634960,0.000000996,0.009187701,b,2,3,3,2
4.160000,DS,0,0,0.135164833,nan,nan,nan,-0.078366418,-0.051299679,0.005071584,ds_hold,0.114049358,-0.001749893,-0.003854793,0.000637683,0.000000960,0.008642469,b,2,3,3,2
4.170000,DS,0,0,0.135011403,nan,nan,nan,-0.072361032,-0.050297474,0.007667348,ds_hold,0.113933847,-0.001749127,-0.003850997,0.000640116,0.000000926,0.008116542,b,2,3,3,2
4.180000,DS,0,0,0.134858105,nan,nan,nan,-0.066564670,-0.049203920,0.010078261,ds_hold,0.113821891,-0.001748374,-0.003847223,0.000642273,0.000000893,0.007610192,b,2,3,3,2
4.190000,DS,0,0,0.134704930,nan,nan,nan,-0.060974857,-0.048030445,0.012311969,ds_hold,0.113713411,-0.001747638,-0.003843477,0.000644166,0.000000862,0.007123752,b,2,3,3,2
4.200000,DS,0,0,0.134551868,nan,nan,nan,-0.055588981,-0.046787824,0.014374110,ds_hold,0.113608331,-0.001746923,-0.003839766,0.000645809,0.000000832,0.006657588,b,2,3,3,2
4.210000,DS,0,0,0.134398910,nan,nan,nan,-0.050404295,-0.045486172,0.016268788,ds_hold,0.113506587,-0.001746231,-0.003836095,0.000647214,0.000000803,0.006212065,b,2,3,3,2
4.220000,DS,0,0,0.134246049,nan,nan,nan,-0.045417923,-0.044134960,0.017999025,ds_hold,0.113408121,-0.001745567,-0.003832470,0.000648393,0.000000775,0.005787532,b,2,3,3,2
4.230000,DS,0,0,0.134093276,nan,nan,nan,-0.040626866,-0.042743015,0.019567161,ds_hold,0.113312892,-0.001744931,-0.003828896,0.000649358,0.000000748,0.005384293,b,2,3,3,2
4.240000,DS,0,0,0.133940586,nan,nan,nan,-0.036028010,-0.041318543,0.020975214,ds_hold,0.113220865,-0.001744327,-0.003825377,0.000650120,0.000000722,0.005002600,b,2,3,3,2
4.250000,DS,0,0,0.133787971,nan,nan,nan,-0.031618140,-0.039869143,0.022225190,ds_hold,0.113132017,-0.001743756,-0.003821917,0.000650693,0.000000697,0.004642645,b,2,3,3,2
4.260000,DS,0,0,0.133635427,nan,nan,nan,-0.027393949,-0.038401836,0.023319332,ds_hold,0.113046334,-0.001743221,-0.003818521,0.000651086,0.000000673,0.004304548,b,2,3,3,2
4.270000,DS,0,0,0.133482949,nan,nan,nan,-0.023352048,-0.036923083,0.024260330,ds_hold,0.112963808,-0.001742721,-0.003815192,0.000651312,0.000000649,0.003988362,b,2,3,3,2
4.280000,DS,0,0,0.133330532,nan,nan,nan,-0.019488974,-0.035438819,0.025051461,ds_hold,0.112884438,-0.001742259,-0.003811933,0.000651379,0.000000627,0.003694071,b,2,3,3,2
4.290000,DS,0,0,0.133178172,nan,nan,nan,-0.015801201,-0.033954478,0.025696696,ds_hold,0.112808224,-0.001741834,-0.003808748,0.000651300,0.000000605,0.003421592,b,2,3,3,2
4.300000,DS,0,0,0.133025865,nan,nan,nan,-0.012285149,-0.032475026,0.026200751,ds_hold,0.112735168,-0.001741448,-0.003805638,0.000651083,0.000000583,0.003170784,b,2,3,3,2
4.310000,DS,0,0,0.132873609,nan,nan,nan,-0.008937185,-0.031004984,0.026569101,ds_hold,0.112665273,-0.001741100,-0.003802605,0.000650738,0.000000562,0.002941443,b,2,3,3,2
4.320000,DS,0,0,0.132721401,nan,nan,nan,-0.005753632,-0.029548464,0.026807960,ds_hold,0.112598537,-0.001740791,-0.003799652,0.000650275,0.000000542,0.002733309,b,2,3,3,2
4.330000,DS,0,0,0.132569239,nan,nan,nan,-0.002730776,-0.028109195,0.026924223,ds_hold,0.112534955,-0.001740519,-0.003796781,0.000649703,0.000000522,0.002546059,b,2,3,3,2
4.340000,DS,0,0,0.132417120,nan,nan,nan,0.000135136,-0.026690547,0.026925399,ds_hold,0.112474517,-0.001740285,-0.003793991,0.000649030,0.000000503,0.002379298,b,2,3,3,2
4.350000,DS,0,0,0.132265044,nan,nan,nan,0.002847886,-0.025295561,0.026819504,ds_hold,0.112417207,-0.001740087,-0.003791285,0.000648265,0.000000485,0.002232547,b,2,3,3,2
4.360000,DS,0,0,0.132113008,nan,nan,nan,0.005411289,-0.023926972,0.026614965,ds_hold,0.112363000,-0.001739925,-0.003788662,0.000647415,0.000000467,0.002105218,b,2,3,3,2
4.370000,DS,0,0,0.131961013,nan,nan,nan,0.007829184,-0.022587227,0.026320493,ds_hold,0.112311863,-0.001739797,-0.003786124,0.000646488,0.000000450,0.001996591,b,2,3,3,2
4.380000,DS,0,0,0.131809057,nan,nan,nan,0.010105436,-0.021278513,0.025944971,ds_hold,0.112263757,-0.001739703,-0.003783671,0.000645492,0.000000433,0.001905794,b,2,3,3,2
4.390000,DS,0,0,0.131657140,nan,nan,nan,0.012243932,-0.020002767,0.025497333,ds_hold,0.112218633,-0.001739640,-0.003781302,0.000644433,0.000000417,0.001831786,b,2,3,3,2
4.400000,DS,0,0,0.131505262,nan,nan,nan,0.014248577,-0.018761699,0.024986451,ds_hold,0.112176432,-0.001739608,-0.003779018,0.000643317,0.000000401,0.001773353,b,2,3,3,2
4.410000,DS,0,0,0.131353422,nan,nan,nan,0.016123294,-0.017556805,0.024421028,ds_hold,0.112137090,-0.001739604,-0.003776818,0.000642152,0.000000386,0.001729128,b,2,3,3,2
4.420000,DS,0,0,0.131201623,nan,nan,nan,0.017872018,-0.016389381,0.023809502,ds_hold,0.112100533,-0.001739628,-0.003774701,0.000640944,0.000000372,0.001697623,b,2,3,3,2
4.430000,DS,0,0,0.131049862,nan,nan,nan,0.019498693,-0.015260532,0.023159963,ds_hold,0.112066681,-0.001739677,-0.003772668,0.000639697,0.000000358,0.001677272,b,2,3,3,2
4.440000,DS,0,0,0.130898143,nan,nan,nan,0.021007271,-0.014171187,0.022480084,ds_hold,0.112035447,-0.001739750,-0.003770716,0.000638417,0.000000345,0.001666491,b,2,3,3,2
4.450000,DS,0,0,0.130746464,nan,nan,nan,0.022401703,-0.013122109,0.021777057,ds_hold,0.112006738,-0.001739845,-0.003768845,0.000637110,0.000000332,0.001663723,b,2,3,3,2
4.460000,DS,0,0,0.130594827,nan,nan,nan,0.023685941,-0.012113898,0.021057557,ds_hold,0.111980459,-0.001739961,-0.003767055,0.000635780,0.000000320,0.001667485,b,2,3,3,2
4.470000,DS,0,0,0.130443233,nan,nan,nan,0.024863925,-0.011147005,0.020327705,ds_hold,0.111956506,-0.001740095,-0.003765343,0.000634432,0.000000309,0.001676398,b,2,3,3,2
4.480000,DS,0,0,0.130291684,nan,nan,nan,0.025939586,-0.010221738,0.019593056,ds_hold,0.111934777,-0.001740246,-0.003763709,0.000633070,0.000000299,0.001689208,b,2,3,3,2
4.490000,DS,0,0,0.130140180,nan,nan,nan,0.026916834,-0.009338267,0.018858589,ds_hold,0.111915163,-0.001740412,-0.003762151,0.000631698,0.000000289,0.001704793,b,2,3,3,2
4.500000,DS,0,0,0.129988722,nan,nan,nan,0.027799559,-0.008496633,0.018128717,ds_hold,0.111897557,-0.001740592,-0.003760669,0.000630321,0.000000279,0.001722167,b,2,3,3,2
4.510000,DS,0,0,0.129837313,nan,nan,nan,0.028591619,-0.007696752,0.017407296,ds_hold,0.111881850,-0.001740785,-0.003759259,0.000628941,0.000000270,0.001740469,b,2,3,3,2
4.520000,DS,0,0,0.129685954,nan,nan,nan,0.029296838,-0.006938425,0.016697652,ds_hold,0.111867934,-0.001740987,-0.003757921,0.000627562,0.000000262,0.001758959,b,2,3,3,2
4.530000,DS,0,0,0.129534645,nan,nan,nan,0.029919003,-0.006221339,0.016002608,ds_hold,0.111855699,-0.001741199,-0.003756654,0.000626187,0.000000254,0.001777007,b,2,3,3,2
4.540000,DS,0,0,0.129383389,nan,nan,nan,0.030461851,-0.005545081,0.015324519,ds_hold,0.111845040,-0.001741419,-0.003755455,0.000624819,0.000000247,0.001794080,b,2,3,3,2
4.550000,DS,0,0,0.129232187,nan,nan,nan,0.030929071,-0.004909134,0.014665308,ds_hold,0.111835851,-0.001741645,-0.003754324,0.000623461,0.000000240,0.001809737,b,2,3,3,2
4.560000,DS,0,0,0.129081041,nan,nan,nan,0.031324296,-0.004312893,0.014026508,ds_hold,0.111828031,-0.001741876,-0.003753257,0.000622115,0.000000233,0.001823614,b,2,3,3,2
4.570000,DS,0,0,0.128929953,nan,nan,nan,0.031651098,-0.003755666,0.013409299,ds_hold,0.111821479,-0.001742111,-0.003752254,0.000620784,0.000000227,0.001835418,b,2,3,3,2
4.580000,DS,0,0,0.128778924,nan,nan,nan,0.031912981,-0.003236682,0.012814556,ds_hold,0.111816099,-0.001742348,-0.003751313,0.000619469,0.000000222,0.001844918,b,2,3,3,2
4.590000,DS,0,0,0.128627955,nan,nan,nan,0.032113384,-0.002755099,0.012242881,ds_hold,0.111811797,-0.001742588,-0.003750432,0.000618174,0.000000216,0.001851941,b,2,3,3,2
4.600000,DS,0,0,0.128477049,nan,nan,nan,0.032255668,-0.002310008,0.011694648,ds_hold,0.111808485,-0.001742827,-0.003749609,0.000616898,0.000000211,0.001856361,b,2,3,3,2
4.610000,SS,1,1,0.127002438,-0.078403511,-0.722077232,1.122691436,0.235582203,0.246485615,-0.269735645,planner_track,0.138349360,0.000017981,0.000014093,-0.000002389,0.799916185,0.003647180,a,2,3,3,3
4.710000,SS,1,1,0.125606192,0.051590255,-0.802195545,1.280966966,0.152034341,0.342688747,-0.502819269,planner_track,0.132818932,0.000067322,0.000023828,0.000014434,0.799682522,0.009673731,a,2,3,3,3
4.810000,SS,1,1,0.124345437,0.160672144,-0.871130272,1.455527544,0.111384418,0.471828847,-0.734132622,planner_track,0.124439134,0.000142551,0.000041187,0.000047536,0.799282967,0.018738577,a,2,3,3,3
4.910000,SS,1,1,0.123265317,0.235228886,-0.918491525,1.539147864,0.120549213,0.543150547,-0.841052324,planner_track,0.113283890,0.000237854,0.000074479,0.000093660,0.798671767,0.029403172,a,2,3,3,3
5.010000,SS,1,1,0.122391936,0.300746511,-1.005719840,1.692320319,0.115678348,0.634435465,-0.988106708,planner_track,0.100842101,0.000345600,0.000118818,0.000149040,0.797793197,0.040352784,a,2,3,3,3
5.110000,SS,1,1,0.121759009,0.362427634,-1.095511515,1.845485411,0.102773352,0.733724602,-1.149455817,planner_track,0.087837409,0.000462771,0.000175570,0.000211357,0.796592219,0.050886660,a,2,3,3,3
5.210000,SS,1,1,0.121398871,0.418144792,-1.166643805,1.968456056,0.099315511,0.810197385,-1.273268849,planner_track,0.074659512,0.000587242,0.000248498,0.000278644,0.795018125,0.060635972,a,2,3,3,3
5.310000,SS,1,1,0.121336400,0.469904097,-1.221047056,2.062489538,0.096875232,0.879908063,-1.385982973,planner_track,0.061827194,0.000715951,0.000338803,0.000348977,0.793024657,0.069312014,a,2,3,3,3
5.410000,SS,1,1,0.121593579,0.518963736,-1.260032114,2.129187321,0.094369004,0.942926718,-1.488679047,planner_track,0.049784835,0.000845954,0.000447758,0.000420762,0.790570287,0.076771776,a,2,3,3,3
5.510000,SS,1,1,0.122189497,0.564562431,-1.293420332,2.183397075,0.094014975,0.998680659,-1.579085403,planner_track,0.038929909,0.000974697,0.000576710,0.000492663,0.787617970,0.082979936,a,2,3,3,3
5.610000,SS,1,1,0.123140840,0.605666185,-1.352015622,2.273550207,0.094876415,1.054096205,-1.667446321,planner_track,0.029774079,0.001101002,0.000726507,0.000563649,0.784134360,0.087966399,a,2,3,3,3
5.710000,SS,1,1,0.124462280,0.643806531,-1.394351041,2.333192786,0.096810481,1.098219266,-1.738847849,planner_track,0.023054769,0.001224654,0.000897995,0.000633040,0.780090656,0.091815246,a,2,3,3,3
5.810000,SS,1,1,0.126164600,0.678878251,-1.420821432,2.362237603,0.100132869,1.133668424,-1.795814965,planner_track,0.019681549,0.001344875,0.001091533,0.000700244,0.775462991,0.094619486,a,2,3,3,3
5.910000,SS,1,1,0.128255286,0.711025935,-1.432439730,2.361544721,0.104249616,1.161177266,-1.839751879,planner_track,0.019856437,0.001460500,0.001307074,0.000764773,0.770231833,0.096474201,a,2,3,3,3
6.010000,SS,1,1,0.130738840,0.740227602,-1.430000941,2.331982979,0.109194132,1.180940992,-1.870855769,planner_track,0.022348272,0.001570105,0.001544263,0.000826231,0.764381708,0.097474704,a,2,3,3,3
6.110000,SS,1,1,0.133617482,0.766400981,-1.437496131,2.311828638,0.114612126,1.198345393,-1.896612519,planner_track,0.025672238,0.001672745,0.001802365,0.000884316,0.757900523,0.097716202,a,2,3,3,3
6.210000,SS,1,1,0.136892010,0.789458910,-1.447220164,2.288748808,0.120189590,1.210354357,-1.913262738,planner_track,0.028962890,0.001768396,0.002080516,0.000938882,0.750779564,0.097301158,a,2,3,3,3
6.310000,SS,1,1,0.140560930,0.809242580,-1.444070542,2.238648534,0.126093640,1.213924060,-1.916371216,planner_track,0.031839992,0.001857069,0.002377664,0.000989867,0.743014025,0.096324421,a,2,3,3,3
6.410000,SS,1,1,0.144620002,0.825709137,-1.429051525,2.162918013,0.132130835,1.210520842,-1.907859177,planner_track,0.034163172,0.001938332,0.002692458,0.001037223,0.734602868,0.094863586,a,2,3,3,3
6.510000,SS,1,1,0.149062649,0.838860196,-1.403267662,2.063156413,0.138078853,1.200714584,-1.888676448,planner_track,0.035903164,0.002011463,0.003023351,0.001080928,0.725548448,0.092984040,a,2,3,3,3
6.610000,SS,1,1,0.153880178,0.848671938,-1.367780858,1.941113457,0.143862849,1.184894806,-1.859459065,planner_track,0.037083948,0.002075555,0.003368642,0.001120981,0.715856283,0.090741572,a,2,3,3,3
6.710000,SS,1,1,0.159062587,0.856543898,-1.349163921,1.840470457,0.148941328,1.169395664,-1.828778109,planner_track,0.037752545,0.002130351,0.003726418,0.001157364,0.705534336,0.088189952,a,2,3,3,3
6.810000,SS,1,1,0.164599074,0.860968112,-1.321617016,1.719822711,0.153342838,1.146407371,-1.786844695,planner_track,0.037965141,0.002176208,0.004094833,0.001190133,0.694593412,0.085387921,a,2,3,3,3
6.910000,SS,1,1,0.170476688,0.861791208,-1.285939667,1.580881304,0.157438799,1.117888644,-1.735693789,planner_track,0.037784834,0.002213134,0.004471925,0.001219331,0.683047454,0.082381482,a,2,3,3,3
7.010000,SS,1,1,0.176680764,0.859090109,-1.243296291,1.425488082,0.160853393,1.084597265,-1.676702067,planner_track,0.037272853,0.002240921,0.004855664,0.001245019,0.670913118,0.079206432,a,2,3,3,3
7.110000,SS,1,1,0.183195163,0.852914010,-1.194623558,1.255574333,0.163625643,1.046736663,-1.610267057,planner_track,0.036488171,0.002259238,0.005244021,0.001267270,0.658209552,0.075893295,a,2,3,3,3
7.210000,SS,1,1,0.190002522,0.844341211,-1.146039707,1.082117903,0.165494584,1.006067168,-1.538846979,planner_track,0.035485155,0.002267864,0.005634932,0.001286135,0.644958085,0.072469124,a,2,3,3,3
7.310000,SS,1,1,0.197084691,0.833936213,-1.100517867,0.911074659,0.166227275,0.963002364,-1.463294591,planner_track,0.034311864,0.002266966,0.006026307,0.001301624,0.631182010,0.068962080,a,2,3,3,3
7.410000,SS,1,1,0.204422634,0.820218260,-1.050680043,0.730453093,0.166093230,0.915531511,-1.381210459,planner_track,0.033010316,0.002256879,0.006416111,0.001313749,0.616906736,0.065399856,a,2,3,3,3
7.510000,SS,1,1,0.211996141,0.803221265,-0.997358544,0.542075718,0.165181087,0.864734363,-1.293921915,planner_track,0.031618035,0.002237833,0.006802355,0.001322544,0.602159747,0.061805135,a,2,3,3,3
7.610000,SS,1,1,0.219784066,0.783090234,-0.941377346,0.347789731,0.163399756,0.810913176,-1.202084791,planner_track,0.030166802,0.002210024,0.007183124,0.001328069,0.586970344,0.058196970,a,2,3,3,3
7.710000,SS,1,1,0.227764461,0.759981473,-0.883472855,0.149421098,0.160749446,0.754404212,-1.106291187,planner_track,0.028683470,0.002173656,0.007556585,0.001330408,0.571369466,0.054592331,a,2,3,3,3
7.810000,SS,1,1,0.235914740,0.736556406,-0.824419921,-0.048717788,0.156835963,0.695888394,-1.007549409,planner_track,0.027190933,0.002129044,0.007920922,0.001329581,0.555389466,0.051007324,a,2,3,3,3
7.910000,SS,1,1,0.244211836,0.711090815,-0.764382102,-0.247004576,0.151820541,0.635145098,-0.905933928,planner_track,0.025708052,0.002076641,0.008274339,0.001325547,0.539064017,0.047457744,a,2,3,3,3
8.010000,SS,1,1,0.252632209,0.683033115,-0.703905405,-0.444353025,0.145908850,0.572615617,-0.802023511,planner_track,0.024250508,0.002016973,0.008615156,0.001318292,0.522428057,0.043959330,a,2,3,3,3
8.110000,SS,1,1,0.261151950,0.652504529,-0.643584757,-0.639085168,0.139106099,0.508624566,-0.696376171,planner_track,0.022830902,0.001950635,0.008941818,0.001307854,0.505517636,0.040527140,a,2,3,3,3
8.210000,SS,1,1,0.269746893,0.619668142,-0.583955402,-0.829553135,0.131397839,0.443512593,-0.589564627,planner_track,0.021459293,0.001878315,0.009252892,0.001294313,0.488369761,0.037175930,a,2,3,3,3
8.310000,SS,1,1,0.278392725,0.585341933,-0.523024952,-1.017351037,0.122651417,0.377546236,-0.481861896,planner_track,0.020144974,0.001800752,0.009547046,0.001277772,0.471022277,0.033919311,a,2,3,3,3
8.410000,SS,1,1,0.287064854,0.551601839,-0.453837619,-1.210115823,0.112565930,0.308548912,-0.371106010,planner_track,0.018897450,0.001718548,0.009822968,0.001258249,0.453513819,0.030768523,a,2,3,3,3
8.510000,SS,1,1,0.295738336,0.515975825,-0.386740767,-1.393552196,0.101736724,0.239678270,-0.261069845,planner_track,0.017726117,0.001632255,0.010079370,0.001235697,0.435883540,0.027734357,a,2,3,3,3
8.610000,SS,1,1,0.304388447,0.478509535,-0.322254945,-1.566287171,0.090031108,0.170653270,-0.151814216,planner_track,0.016639104,0.001542639,0.010315112,0.001210146,0.418170894,0.024830590,a,2,3,3,3
8.710000,SS,1,1,0.312990630,0.439283304,-0.260771645,-1.726873582,0.077669155,0.100913783,-0.042858028,planner_track,0.015638950,0.001450653,0.010529209,0.001181682,0.400415582,0.022076327,a,2,3,3,3
8.810000,SS,1,1,0.321520399,0.398393184,-0.202807851,-1.874138694,0.064875351,0.030284777,0.065811353,planner_track,0.014719196,0.001357405,0.010720820,0.001150428,0.382657438,0.019496067,a,2,3,3,3
8.910000,SS,1,1,0.329953110,0.357695448,-0.134653011,-2.027726220,0.051610283,-0.043588528,0.177111983,planner_track,0.013864079,0.001263815,0.010889214,0.001116471,0.364936523,0.017116190,a,2,3,3,3
9.010000,SS,1,1,0.338263761,0.316856893,-0.062417226,-2.178905371,0.038283423,-0.117321911,0.287369512,planner_track,0.013049235,0.001170419,0.011033698,0.001079791,0.347292926,0.014963034,a,2,3,3,3
9.110000,SS,1,1,0.346428038,0.275025239,0.003404772,-2.312662294,0.024466152,-0.187035233,0.391898347,planner_track,0.012261963,0.001077879,0.011153665,0.001040415,0.329766284,0.013063103,a,2,3,3,3
9.210000,SS,1,1,0.354422913,0.232422162,0.062662281,-2.427167506,0.009856658,-0.255432418,0.493229261,planner_track,0.011508972,0.000987205,0.011248642,0.000998499,0.312395675,0.011447152,a,2,3,3,3
9.310000,SS,1,1,0.362226086,0.189089331,0.115315747,-2.520946245,-0.005024286,-0.323079107,0.592103468,planner_track,0.010796907,0.000899651,0.011318288,0.000954256,0.295219619,0.010151055,a,2,3,3,3
9.410000,SS,1,1,0.369815990,0.145087485,0.161195994,-2.593541032,-0.020261697,-0.388702172,0.687059651,planner_track,0.010134788,0.000816680,0.011362367,0.000907955,0.278275972,0.009202172,a,2,3,3,3
9.510000,SS,1,1,0.377171029,0.102526047,0.234016190,-2.695357772,-0.035383010,-0.462085517,0.789859262,planner_track,0.009537376,0.000739012,0.011380702,0.000859811,0.261602413,0.008601368,a,2,3,3,3
9.610000,SS,1,1,0.384269106,0.059699280,0.297555420,-2.772891830,-0.050152428,-0.529647227,0.884770130,planner_track,0.009004163,0.000666743,0.011373100,0.000809875,0.245235729,0.008316457,a,2,3,3,3
9.710000,SS,1,1,0.391089803,0.016867820,0.351457062,-2.825681852,-0.065082656,-0.594686973,0.974450950,planner_track,0.008548633,0.000600499,0.011339497,0.000758335,0.229211165,0.008286102,a,2,3,3,3
9.810000,SS,1,1,0.397613947,-0.025879764,0.395561403,-2.852829015,-0.079535255,-0.656688822,1.058913254,planner_track,0.008178306,0.000541275,0.011280008,0.000705446,0.213562651,0.008431054,a,2,3,3,3
9.910000,SS,1,1,0.403823624,-0.068351203,0.429601013,-2.854009065,-0.093528819,-0.715588503,1.137955976,planner_track,0.007903319,0.000490388,0.011194867,0.000651525,0.198322757,0.008668759,a,2,3,3,3
10.010000,SS,1,1,0.409701741,-0.110011087,0.470866442,-2.856743539,-0.106677401,-0.775552942,1.216979755,planner_track,0.007737554,0.000448890,0.011084420,0.000596909,0.183522957,0.008929751,a,2,3,3,3
10.110000,SS,1,1,0.415231212,-0.150367061,0.526273602,-2.873189857,-0.118692120,-0.836616571,1.296545240,planner_track,0.007694580,0.000416858,0.010949057,0.000541847,0.169193680,0.009167257,a,2,3,3,3
10.210000,SS,1,1,0.420395772,-0.189364344,0.568421149,-2.861377714,-0.130013991,-0.891149851,1.366843030,planner_track,0.007780731,0.000394113,0.010789203,0.000486544,0.155363422,0.009353783,a,2,3,3,3
10.310000,SS,1,1,0.425181235,-0.226734771,0.597282797,-2.821344402,-0.140564493,-0.940871108,1.429591132,planner_track,0.007997815,0.000381050,0.010605419,0.000431296,0.142058394,0.009471956,a,2,3,3,3
10.410000,SS,1,1,0.429575238,-0.262297914,0.612879911,-2.753151767,-0.150116453,-0.985516238,1.484732163,planner_track,0.008341811,0.000378493,0.010398403,0.000376454,0.129302731,0.009509912,a,2,3,3,3
10.510000,SS,1,1,0.433567254,-0.295813414,0.615236388,-2.657199123,-0.158691318,-1.025050542,1.532174963,planner_track,0.008801376,0.000387604,0.010168968,0.000322413,0.117118483,0.009463334,a,2,3,3,3
10.610000,SS,1,1,0.437147442,-0.327748212,0.645497566,-2.602363760,-0.165450301,-1.069401770,1.585133715,planner_track,0.009363305,0.000408506,0.009918038,0.000269554,0.105526400,0.009344750,a,2,3,3,3
10.710000,SS,1,1,0.440306082,-0.357023525,0.670071131,-2.535557781,-0.170943540,-1.106893406,1.629143066,planner_track,0.010014504,0.000440131,0.009646557,0.000218112,0.094545226,0.009177752,a,2,3,3,3
10.810000,SS,1,1,0.443035831,-0.383076281,0.678738346,-2.440803964,-0.175570274,-1.136937412,1.662475021,planner_track,0.010731684,0.000481816,0.009355535,0.000168371,0.084190688,0.008991684,a,2,3,3,3
10.910000,SS,1,1,0.445331874,-0.405781081,0.671982133,-2.318715806,-0.179087946,-1.159933811,1.685790531,planner_track,0.011498034,0.000533490,0.009046109,0.000120654,0.074475720,0.008815268,a,2,3,3,3
11.010000,SS,1,1,0.447191824,-0.425021792,0.650301882,-2.170335557,-0.181527403,-1.175855659,1.699036059,planner_track,0.012296257,0.000595543,0.008719518,0.000075308,0.065410673,0.008682744,a,2,3,3,3
11.110000,SS,1,1,0.448615356,-0.441244551,0.626143500,-2.017586033,-0.182682994,-1.187632128,1.706154286,planner_track,0.013108180,0.000668300,0.008377112,0.000032694,0.057003643,0.008636721,a,2,3,3,3
11.210000,SS,1,1,0.449602780,-0.455876826,0.633321349,-1.920425508,-0.181900929,-1.202454219,1.717178085,planner_track,0.013915065,0.000750452,0.008020341,-0.000006877,0.049261263,0.008721751,a,2,3,3,3
11.310000,SS,1,1,0.450155345,-0.466274003,0.623930465,-1.798326002,-0.180015946,-1.205597336,1.712952630,planner_track,0.014714359,0.000839733,0.007650699,-0.000043241,0.042187577,0.008960798,a,2,3,3,3
11.410000,SS,1,1,0.450277790,-0.472285185,0.598845808,-1.653231321,-0.177332682,-1.199753529,1.695913909,planner_track,0.015482971,0.000934742,0.007269723,-0.000076172,0.035783481,0.009360243,a,2,3,3,3
11.510000,SS,1,1,0.449977896,-0.473937656,0.559295893,-1.486468333,-0.173620850,-1.184990874,1.666355238,planner_track,0.016206652,0.001034688,0.006879049,-0.000105448,0.030047559,0.009909397,a,2,3,3,3
11.610000,SS,1,1,0.449266412,-0.471292604,0.506409528,-1.300087601,-0.168950740,-1.161405369,1.624314362,planner_track,0.016870493,0.001139241,0.006480403,-0.000130856,0.024976575,0.010590802,a,2,3,3,3
11.710000,SS,1,1,0.448155828,-0.467271163,0.480277445,-1.166700032,-0.162532487,-1.138910913,1.583297209,planner_track,0.017453893,0.001247014,0.006075632,-0.000152185,0.020566591,0.011374343,a,2,3,3,3
11.810000,SS,1,1,0.446659272,-0.460633628,0.466194568,-1.062094179,-0.154507190,-1.110399064,1.534640362,planner_track,0.017957103,0.001354776,0.005666693,-0.000169360,0.016812364,0.012208534,a,2,3,3,3
11.910000,SS,1,1,0.444792612,-0.449235098,0.438887050,-0.942135862,-0.145605375,-1.069834532,1.469434711,planner_track,0.018369052,0.001459276,0.005255552,-0.000182359,0.013704546,0.013038185,a,2,3,3,3
12.010000,SS,1,1,0.442575503,-0.433072863,0.400144451,-0.809358966,-0.135777002,-1.018955897,1.389412120,planner_track,0.018673372,0.001558121,0.004844224,-0.000191161,0.011225326,0.013817246,a,2,3,3,3
12.110000,SS,1,1,0.440031062,-0.412282476,0.351796955,-0.666568842,-0.124895464,-0.957860806,1.294796913,planner_track,0.018862248,0.001649541,0.004434808,-0.000195788,0.009339594,0.014510747,a,2,3,3,3
12.210000,SS,1,1,0.437185779,-0.386933217,0.295929975,-0.517345698,-0.112970745,-0.886893003,1.185932908,planner_track,0.018928596,0.001732211,0.004029489,-0.000196300,0.007982004,0.015092253,a,2,3,3,3
12.310000,SS,1,1,0.434068432,-0.350753889,0.273372834,-0.416607253,-0.100742745,-0.814957367,1.073063989,planner_track,0.018858407,0.001804048,0.003630555,-0.000192930,0.007049594,0.015528741,a,2,3,3,3
12.410000,SS,1,1,0.430709917,-0.310189077,0.245100888,-0.314654030,-0.087032622,-0.730220603,0.943262726,planner_track,0.018665478,0.001862227,0.003240413,-0.000186162,0.006412667,0.015784290,a,2,3,3,3
12.510000,SS,1,1,0.427144912,-0.265243958,0.213147167,-0.215229623,-0.071924101,-0.635184487,0.798716062,planner_track,0.018340757,0.001904428,0.002861481,-0.000176431,0.005944645,0.015825361,a,2,3,3,3
12.610000,SS,1,1,0.423411509,-0.215932089,0.179736058,-0.122245112,-0.055327810,-0.529740987,0.639347798,planner_track,0.017885819,0.001928596,0.002496273,-0.000164179,0.005549546,0.015623745,a,2,3,3,3
12.710000,SS,1,1,0.419551159,-0.162224030,0.147067153,-0.039919650,-0.037169519,-0.414279122,0.465548808,planner_track,0.017307369,0.001932802,0.002147399,-0.000149864,0.005171486,0.015153572,a,2,3,3,3
12.810000,SS,1,1,0.415608429,-0.104036993,0.117375307,0.027280197,-0.016918427,-0.290793835,0.279482643,planner_track,0.016630550,0.001915083,0.001817598,-0.000133988,0.004789245,0.014392116,a,2,3,3,3
12.910000,SS,1,1,0.411630718,-0.041265074,0.092538422,0.074174650,0.005666936,-0.156245111,0.078277977,planner_track,0.015910969,0.001873299,0.001509807,-0.000117129,0.004405364,0.013321286,a,2,3,3,3
13.020000,DS,1,0,0.411215835,nan,nan,nan,-0.249266553,-0.116908019,-0.521303587,ds_hold,0.000000000,0.000000000,0.000000000,0.000000000,0.004003102,0.048390942,a,3,3,3,4
13.030000,DS,1,0,0.410771406,nan,nan,nan,-1.164167039,-1.974109804,0.686075668,ds_hold,0.008016256,-0.000006025,-0.000035876,0.000001983,0.003240414,0.109526514,a,3,3,3,4
13.040000,DS,1,0,0.410311432,nan,nan,nan,0.613309578,-0.681810729,1.746445514,ds_hold,0.018322121,-0.000013277,-0.000076004,0.000001791,0.002464751,0.151031884,a,3,3,3,4
13.050000,DS,1,0,0.409847217,nan,nan,nan,1.894734396,-0.307409249,3.014290444,ds_hold,0.028161320,-0.000020647,-0.000121377,-0.000000763,0.001803238,0.165892027,a,3,3,3,4
13.060000,DS,1,0,0.409385127,nan,nan,nan,2.408835519,-0.114394898,3.252694925,ds_hold,0.036046919,-0.000027858,-0.000172336,-0.000005661,0.001284338,0.158940402,a,3,3,3,4
13.070000,DS,1,0,0.408927988,nan,nan,nan,2.404608867,-0.225842479,3.318484936,ds_hold,0.041553921,-0.000035046,-0.000228414,-0.000012641,0.000896532,0.137789934,a,3,3,3,4
13.080000,DS,1,0,0.408476265,nan,nan,nan,2.117982800,-0.306273174,3.072936519,ds_hold,0.045022134,-0.000042718,-0.000288851,-0.000021268,0.000615611,0.109821958,a,3,3,3,4
13.090000,DS,1,0,0.408029185,nan,nan,nan,1.716257531,-0.388572053,2.774432784,ds_hold,0.047251373,-0.000051404,-0.000352772,-0.000030994,0.000416491,0.081479457,a,3,3,3,4
13.100000,DS,1,0,0.407585340,nan,nan,nan,1.298817482,-0.407328224,2.398921977,ds_hold,0.049271829,-0.000061551,-0.000419407,-0.000041260,0.000277699,0.059277576,a,3,3,3,4
13.110000,DS,1,0,0.407143115,nan,nan,nan,0.964613067,-0.347454996,2.032118139,ds_hold,0.052046025,-0.000073371,-0.000488177,-0.000051559,0.000182213,0.051389615,a,3,3,3,4
13.120000,DS,1,0,0.406701474,nan,nan,nan,0.723345083,-0.255646719,1.717308776,ds_hold,0.056140895,-0.000086915,-0.000558594,-0.000061499,0.000117015,0.058895912,a,3,3,3,4
13.130000,DS,1,0,0.406260171,nan,nan,nan,0.486890957,-0.216070954,1.424606018,ds_hold,0.061684554,-0.000102220,-0.000630105,-0.000070806,0.000072834,0.071375523,a,3,3,3,4
13.140000,DS,1,0,0.405819334,nan,nan,nan,0.245639309,-0.196458945,1.106003381,ds_hold,0.068503807,-0.000119371,-0.000702069,-0.000079269,0.000043345,0.081602144,a,3,3,3,4
13.150000,DS,1,0,0.405379101,nan,nan,nan,0.010885720,-0.168591616,0.749523302,ds_hold,0.076259545,-0.000138432,-0.000773815,-0.000086708,0.000024245,0.087462103,a,3,3,3,4
13.160000,DS,1,0,0.404939539,nan,nan,nan,-0.181789586,-0.125680573,0.411184405,ds_hold,0.084558461,-0.000159397,-0.000844737,-0.000092987,0.000012758,0.089011811,a,3,3,3,4
13.170000,DS,1,0,0.404500700,nan,nan,nan,-0.320572349,-0.071014876,0.119194628,ds_hold,0.093035591,-0.000182191,-0.000914350,-0.000098022,0.000007513,0.087017659,a,3,3,3,4
13.180000,DS,1,0,0.404062645,nan,nan,nan,-0.409120336,-0.013696043,-0.115526280,ds_hold,0.101398539,-0.000206678,-0.000982310,-0.000101783,0.000006938,0.082406868,a,3,3,3,4
13.190000,DS,1,0,0.403625425,nan,nan,nan,-0.454971451,0.039291705,-0.290504100,ds_hold,0.109438767,-0.000232687,-0.001048406,-0.000104281,0.000007616,0.076070512,a,3,3,3,4
13.200000,DS,1,0,0.403189067,nan,nan,nan,-0.466158751,0.083511393,-0.407149599,ds_hold,0.117024728,-0.000260029,-0.001112547,-0.000105558,0.000007935,0.068780894,a,3,3,3,4
13.210000,DS,1,0,0.402753593,nan,nan,nan,-0.452105218,0.115895068,-0.470594777,ds_hold,0.124088079,-0.000288524,-0.001174733,-0.000105685,0.000007754,0.061157216,a,3,3,3,4
13.220000,DS,1,0,0.402319052,nan,nan,nan,-0.424917090,0.138956280,-0.501362568,ds_hold,0.130607511,-0.000318005,-0.001235020,-0.000104745,0.000007226,0.053657395,a,3,3,3,4
13.230000,DS,1,0,0.401885534,nan,nan,nan,-0.395030589,0.153588195,-0.515885547,ds_hold,0.136592855,-0.000348327,-0.001293479,-0.000102831,0.000006504,0.046599207,a,3,3,3,4
13.240000,DS,1,0,0.401453171,nan,nan,nan,-0.369896954,0.161289187,-0.525982236,ds_hold,0.142071514,-0.000379369,-0.001350174,-0.000100034,0.000005699,0.040202613,a,3,3,3,4
13.250000,DS,1,0,0.401022115,nan,nan,nan,-0.353024284,0.164045501,-0.537959179,ds_hold,0.147078481,-0.000411033,-0.001405147,-0.000096439,0.000004884,0.034639914,a,3,3,3,4
13.260000,DS,1,0,0.400592528,nan,nan,nan,-0.345024214,0.163463102,-0.554116850,ds_hold,0.151650135,-0.000443242,-0.001458417,-0.000092125,0.000004109,0.030061809,a,3,3,3,4
13.270000,DS,1,0,0.400164562,nan,nan,nan,-0.345400433,0.160473759,-0.574837048,ds_hold,0.155820890,-0.000475938,-0.001509980,-0.000087161,0.000003403,0.026591460,a,3,3,3,4
13.280000,DS,1,0,0.399738353,nan,nan,nan,-0.352876315,0.155393629,-0.598873656,ds_hold,0.159621604,-0.000509075,-0.001559818,-0.000081605,0.000002791,0.024287347,a,3,3,3,4
13.290000,DS,1,0,0.399313997,nan,nan,nan,-0.365446553,0.148326674,-0.623859242,ds_hold,0.163079147,-0.000542620,-0.001607904,-0.000075513,0.000002289,0.023092898,a,3,3,3,4
13.300000,DS,1,0,0.398891539,nan,nan,nan,-0.380471108,0.139337122,-0.646596707,ds_hold,0.166216747,-0.000576542,-0.001654216,-0.000068929,0.000001907,0.022821854,a,3,3,3,4
13.310000,DS,1,0,0.398470966,nan,nan,nan,-0.395007645,0.128656515,-0.663822946,ds_hold,0.169054896,-0.000610809,-0.001698747,-0.000061896,0.000001649,0.023211340,a,3,3,3,4
13.320000,DS,1,0,0.398052204,nan,nan,nan,-0.406387816,0.116691113,-0.673027328,ds_hold,0.171612517,-0.000645387,-0.001741512,-0.000054455,0.000001506,0.024005249,a,3,3,3,4
13.330000,DS,1,0,0.397635135,nan,nan,nan,-0.412837712,0.103950702,-0.673198121,ds_hold,0.173908083,-0.000680234,-0.001782550,-0.000046644,0.000001459,0.025009215,a,3,3,3,4
13.340000,DS,1,0,0.397219614,nan,nan,nan,-0.413819947,0.090902496,-0.665019289,ds_hold,0.175960335,-0.000715301,-0.001821926,-0.000038502,0.000001485,0.026102226,a,3,3,3,4
13.350000,DS,1,0,0.396805488,nan,nan,nan,-0.409915178,0.077884765,-0.650471899,ds_hold,0.177788449,-0.000750534,-0.001859719,-0.000030071,0.000001569,0.027222118,a,3,3,3,4
13.360000,DS,1,0,0.396392610,nan,nan,nan,-0.402349378,0.065111579,-0.632075964,ds_hold,0.179411700,-0.000785878,-0.001896018,-0.000021390,0.000001700,0.028342748,a,3,3,3,4
13.370000,DS,1,0,0.395980851,nan,nan,nan,-0.392502878,0.052747061,-0.612276088,ds_hold,0.180848857,-0.000821276,-0.001930915,-0.000012501,0.000001872,0.029452778,a,3,3,3,4
13.380000,DS,1,0,0.395570100,nan,nan,nan,-0.381544534,0.040936073,-0.592981773,ds_hold,0.182117536,-0.000856672,-0.001964498,-0.000003444,0.000002073,0.030540519,a,3,3,3,4
13.390000,DS,1,0,0.395160264,nan,nan,nan,-0.370284245,0.029838848,-0.575468327,ds_hold,0.183233714,-0.000892015,-0.001996847,0.000005743,0.000002290,0.031586285,a,3,3,3,4
13.400000,DS,1,0,0.394751268,nan,nan,nan,-0.359172233,0.019610688,-0.560406755,ds_hold,0.184211473,-0.000927254,-0.002028036,0.000015023,0.000002508,0.032561490,a,3,3,3,4
13.410000,DS,1,0,0.394343052,nan,nan,nan,-0.348373412,0.010390094,-0.548000703,ds_hold,0.185062967,-0.000962345,-0.002058128,0.000024362,0.000002713,0.033432195,a,3,3,3,4
13.420000,DS,1,0,0.393935565,nan,nan,nan,-0.337861687,0.002280915,-0.538122025,ds_hold,0.185798581,-0.000997245,-0.002087178,0.000033731,0.000002894,0.034164479,a,3,3,3,4
13.430000,DS,1,0,0.393528769,nan,nan,nan,-0.327507716,-0.004652868,-0.530440614,ds_hold,0.186427201,-0.001031915,-0.002115234,0.000043100,0.000003042,0.034729530,a,3,3,3,4
13.440000,DS,1,0,0.393122632,nan,nan,nan,-0.317148988,-0.010389897,-0.524522805,ds_hold,0.186956555,-0.001066318,-0.002142338,0.000052443,0.000003150,0.035107302,a,3,3,3,4
13.450000,DS,1,0,0.392717131,nan,nan,nan,-0.306639990,-0.014948107,-0.519907353,ds_hold,0.187393547,-0.001100420,-0.002168527,0.000061739,0.000003215,0.035288402,a,3,3,3,4
13.460000,DS,1,0,0.392312245,nan,nan,nan,-0.295882908,-0.018380258,-0.516155507,ds_hold,0.187744570,-0.001134190,-0.002193834,0.000070965,0.000003238,0.035274348,a,3,3,3,4
13.470000,DS,1,0,0.391907963,nan,nan,nan,-0.284841175,-0.020767031,-0.512882501,ds_hold,0.188015763,-0.001167596,-0.002218290,0.000080101,0.000003219,0.035076606,a,3,3,3,4
13.480000,DS,1,0,0.391504277,nan,nan,nan,-0.273539008,-0.022209749,-0.509771760,ds_hold,0.188213197,-0.001200611,-0.002241923,0.000089132,0.000003162,0.034714819,a,3,3,3,4
13.490000,DS,1,0,0.391101181,nan,nan,nan,-0.262051028,-0.022822469,-0.506577436,ds_hold,0.188342993,-0.001233209,-0.002264760,0.000098040,0.000003072,0.034214606,a,3,3,3,4
13.500000,DS,1,0,0.390698675,nan,nan,nan,-0.250486269,-0.022724745,-0.503118280,ds_hold,0.188411378,-0.001265364,-0.002286827,0.000106811,0.000002953,0.033605213,a,3,3,3,4
13.510000,DS,1,0,0.390296761,nan,nan,nan,-0.238970648,-0.022035267,-0.499267320,ds_hold,0.188424689,-0.001297054,-0.002308148,0.000115432,0.000002811,0.032917235,a,3,3,3,4
13.520000,SS,2,1,0.386423376,0.915611611,-1.409512782,4.893788774,-0.698971491,0.779196728,-2.429436727,planner_track,0.195685643,-0.000268746,-0.000159617,0.000082815,0.799660329,0.027732629,b,3,3,4,5
13.620000,SS,2,1,0.383028958,1.023394303,-1.457974823,4.998461640,-0.960185594,1.335985541,-3.680338137,planner_track,0.192195866,-0.000495650,-0.000255444,0.000182451,0.797577004,0.025512840,b,3,3,4,5
13.720000,SS,2,1,0.380335769,1.005435902,-1.322401692,4.999983336,-1.149729256,1.778459172,-4.722087375,planner_track,0.183922526,-0.000762089,-0.000331838,0.000297149,0.792377282,0.023186767,b,3,3,4,5
13.820000,SS,2,1,0.378521702,0.929485316,-1.168673487,4.999989604,-1.199546120,2.124098114,-5.000000000,planner_track,0.172350725,-0.001127454,-0.000419176,0.000421344,0.783001305,0.023469800,b,3,3,4,5
13.920000,SS,2,1,0.377667992,0.786172622,-0.986348786,4.999992287,-0.989418392,2.255567178,-5.000000000,planner_track,0.158401080,-0.001661895,-0.000588605,0.000552310,0.768719338,0.029769502,b,3,3,4,5
14.020000,SS,2,1,0.377789763,0.625610395,-0.836624922,4.999993863,-0.854304338,2.415008358,-5.000000000,planner_track,0.143423794,-0.002426365,-0.000912648,0.000683114,0.749095723,0.041337512,b,3,3,4,5
14.120000,SS,2,1,0.378907636,0.455489363,-0.732476129,4.999994730,-0.747098371,2.541455198,-5.000000000,planner_track,0.128047608,-0.003443756,-0.001428452,0.000807133,0.723960935,0.056873353,b,3,3,4,5
14.220000,SS,2,1,0.381038570,0.258194343,-0.663362946,4.999995287,-0.657813378,2.629375056,-5.000000000,planner_track,0.112733061,-0.004703927,-0.002139978,0.000916350,0.693391931,0.075466118,b,3,3,4,5
14.320000,SS,2,1,0.384192997,0.039008180,-0.625390802,4.999995507,-0.605629532,2.687589251,-5.000000000,planner_track,0.097818456,-0.006168365,-0.003021721,0.001002262,0.657684521,0.096266912,b,3,3,4,5
14.420000,SS,2,1,0.388376547,-0.202839361,-0.604217229,4.999995385,-0.593653056,2.712235313,-5.000000000,planner_track,0.083518017,-0.007774215,-0.004022001,0.001057291,0.617323263,0.118380942,b,3,3,4,5
14.520000,SS,2,1,0.393589651,-0.463290128,-0.569342515,4.999994740,-0.631321332,2.686396698,-5.000000000,planner_track,0.069989445,-0.009438843,-0.005065787,0.001075347,0.572949655,0.140671222,b,3,3,4,5
14.620000,SS,2,1,0.399824149,-0.741182044,-0.496153582,4.999992854,-0.860300947,2.621951004,-5.000000000,planner_track,0.057975432,-0.011075976,-0.006060537,0.001048491,0.525281970,0.160499319,b,3,3,4,5
14.720000,SS,2,1,0.407076733,-1.048696900,-0.290084626,4.999985969,-1.095228445,2.465868147,-5.000000000,planner_track,0.048909636,-0.012598810,-0.006890901,0.000967527,0.475110814,0.173653683,b,3,3,4,5
14.820000,SS,2,1,0.415284208,-1.413100510,0.075711034,4.903233883,-0.891438890,2.008829753,-3.669621837,planner_track,0.044964893,-0.013922519,-0.007448320,0.000829202,0.423360315,0.176972118,b,3,3,4,5
14.920000,SS,2,1,0.424157029,-1.850066560,0.635514495,4.344902162,-0.405225209,1.364582946,-2.022810251,planner_track,0.050273068,-0.015035570,-0.007744787,0.000638568,0.371065076,0.170284991,b,3,3,4,5
15.020000,SS,2,1,0.433382158,-2.173063815,1.182284397,3.716871754,-0.066702031,0.764131778,-0.562114829,planner_track,0.065535967,-0.015928340,-0.007808739,0.000404224,0.319278719,0.155095705,b,3,3,4,5
15.120000,SS,2,1,0.442671382,-2.400132567,1.742433983,3.012923045,0.354085931,0.157895762,1.026499944,planner_track,0.088533018,-0.016577333,-0.007656254,0.000141303,0.269032072,0.133915749,b,3,3,4,5
15.220000,SS,2,1,0.451720205,-2.529797390,2.245987806,2.404412412,0.500021221,-0.540858443,2.029563610,planner_track,0.118337544,-0.016950369,-0.007308606,-0.000132898,0.221302913,0.109757328,b,3,3,4,5
15.320000,SS,2,1,0.460279466,-2.565824049,2.674822720,1.599597155,0.737909021,-1.197412587,3.206074452,planner_track,0.149661030,-0.017019818,-0.006769804,-0.000402328,0.176984501,0.086207589,b,3,3,4,5
15.420000,SS,2,1,0.468102366,-2.546043712,2.993802803,0.867539979,0.907441866,-1.831704912,4.153223337,planner_track,0.181027012,-0.016759995,-0.006058893,-0.000649607,0.136858143,0.067836208,b,3,3,4,5
15.520000,SS,2,1,0.474979459,-2.468302932,3.224918659,0.004442020,1.003293516,-2.408495579,4.910219035,planner_track,0.209614642,-0.016154754,-0.005196593,-0.000859855,0.101565439,0.059784760,b,3,3,4,5
15.620000,SS,2,1,0.480759697,-2.318139868,3.303314049,-0.770847976,0.900248569,-2.826265589,5.000000000,planner_track,0.232142177,-0.015190562,-0.004189837,-0.001022997,0.071575684,0.063130842,b,3,3,4,5
15.720000,SS,2,1,0.485399060,-2.114401691,3.247409190,-1.532898643,0.745844313,-3.144186608,4.956449864,planner_track,0.247301511,-0.013848304,-0.003012983,-0.001134260,0.047163716,0.072935466,b,3,3,4,5
15.820000,SS,2,1,0.488883823,-1.903600308,3.070142483,-2.225346271,0.650987231,-3.366541016,4.961912182,planner_track,0.254369825,-0.012134843,-0.001655663,-0.001192213,0.028425917,0.085425462,b,3,3,4,5
15.920000,SS,2,1,0.491206244,-1.684085968,2.786500442,-2.835736356,0.536556813,-3.427117896,4.916796146,planner_track,0.253768164,-0.010105993,-0.000133917,-0.001199504,0.015303783,0.100652109,b,3,3,4,5
16.020000,SS,2,1,0.492381347,-1.469970569,2.443376755,-3.265611921,0.551420300,-3.299606182,4.909939127,planner_track,0.247323031,-0.007858256,0.001502167,-0.001159982,0.007923439,0.119021099,b,3,3,4,5
16.120000,SS,2,1,0.492437906,-1.260747178,2.055120641,-3.486100509,0.687937745,-2.942447809,4.930484886,planner_track,0.236269398,-0.005519255,0.003154176,-0.001077531,0.006091392,0.138706339,b,3,3,4,5
16.220000,SS,2,1,0.491424129,-1.042923025,1.640777952,-3.477339457,0.934301034,-2.339993580,4.875260593,planner_track,0.221639076,-0.003250679,0.004669577,-0.000955071,0.006396431,0.155694880,b,3,3,4,5
16.320000,SS,2,1,0.489497621,-0.807193145,1.223507875,-3.216246969,0.748649081,-1.261583840,3.176761597,planner_track,0.202317859,-0.001220659,0.005894805,-0.000800149,0.006467538,0.165152323,b,3,3,4,5
16.420000,SS,2,1,0.486965405,-0.584569431,0.859015318,-2.947662690,0.671715748,-0.807589453,2.797829370,planner_track,0.185613450,0.000492889,0.006796795,-0.000631567,0.006271262,0.166302062,b,3,3,4,5
16.520000,SS,2,1,0.483943682,-0.443170223,0.674548751,-2.427752206,0.632464416,-0.655514118,2.432895672,planner_track,0.171583745,0.001897039,0.007402465,-0.000469546,0.005989155,0.161090437,b,3,3,4,5
16.620000,SS,2,1,0.480507605,-0.348874905,0.510801280,-2.085632807,0.525835230,-0.549854114,2.097137779,planner_track,0.156757881,0.003014951,0.007751832,-0.000323378,0.005703522,0.151454021,b,3,3,4,5
16.720000,SS,2,1,0.476725152,-0.277968645,0.371441551,-1.768590252,0.438524250,-0.487566075,1.797878163,planner_track,0.141808370,0.003874686,0.007880962,-0.000195120,0.005443439,0.139231793,b,3,3,4,5
16.820000,SS,2,1,0.472654711,-0.221041896,0.248003406,-1.466285001,0.359610340,-0.434144096,1.520895234,planner_track,0.126971241,0.004505001,0.007824604,-0.000085259,0.005218649,0.125758990,b,3,3,4,5
16.920000,SS,2,1,0.468349721,-0.172740894,0.135394874,-1.192148789,0.285725434,-0.384167042,1.261806450,planner_track,0.112505187,0.004934392,0.007615458,0.000006722,0.005032058,0.111983188,b,3,3,4,5
17.020000,SS,2,1,0.463859706,-0.131637631,0.033302299,-0.942683481,0.217563077,-0.334842247,1.022763264,planner_track,0.098761571,0.005190358,0.007283904,0.000081898,0.004883956,0.098557032,b,3,3,4,5
17.130000,DS,2,0,0.463398842,nan,nan,nan,-0.629695896,-0.405566743,-0.937316173,ds_hold,0.000000000,0.000000000,0.000000000,0.000000000,0.004438674,0.119520780,b,3,4,4,6
17.140000,DS,2,0,0.462872493,nan,nan,nan,-0.606425317,-3.385569783,5.000000000,ds_hold,0.000972308,0.000013125,-0.000048424,0.000005667,0.003592507,0.160291751,b,3,4,4,6
17.150000,DS,2,0,0.462292758,nan,nan,nan,0.438556351,-2.265837542,5.000000000,ds_hold,0.002754291,0.000022360,-0.000113368,0.000003717,0.002731063,0.189113202,b,3,4,4,6
17.160000,DS,2,0,0.461680921,nan,nan,nan,1.629796059,-0.924199860,5.000000000,ds_hold,0.006585873,0.000029689,-0.000192190,-0.000003724,0.001996242,0.195900648,b,3,4,4,6
17.170000,DS,2,0,0.461055709,nan,nan,nan,2.278968831,0.026620633,5.000000000,ds_hold,0.012154646,0.000034865,-0.000280894,-0.000013368,0.001420180,0.184126172,b,3,4,4,6
17.180000,DS,2,0,0.460430227,nan,nan,nan,2.449705152,0.568713514,5.000000000,ds_hold,0.018924603,0.000036664,-0.000375958,-0.000022389,0.000990278,0.160797958,b,3,4,4,6
17.190000,DS,2,0,0.459812475,nan,nan,nan,2.346987492,0.811461823,4.978380102,ds_hold,0.026328428,0.000033681,-0.000474819,-0.000028791,0.000679595,0.133276482,b,3,4,4,6
17.200000,DS,2,0,0.459206716,nan,nan,nan,2.149263331,0.867872180,4.968069341,ds_hold,0.033856525,0.000024764,-0.000575834,-0.000031352,0.000460092,0.108605279,b,3,4,4,6
17.210000,DS,2,0,0.458614802,nan,nan,nan,1.949906418,0.812325027,4.967548796,ds_hold,0.041104989,0.000009168,-0.000678092,-0.000029457,0.000307640,0.092838641,b,3,4,4,6
17.220000,DS,2,0,0.458037086,nan,nan,nan,1.784640951,0.712153809,4.971759732,ds_hold,0.047779223,-0.000013476,-0.000781217,-0.000022903,0.000203250,0.088885802,b,3,4,4,6
17.230000,DS,2,0,0.457473560,nan,nan,nan,1.688659302,0.665020946,4.943531343,ds_hold,0.053645690,-0.000043185,-0.000885070,-0.000011680,0.000132644,0.093173032,b,3,4,4,6
17.240000,DS,2,0,0.456922062,nan,nan,nan,0.856018593,0.626294687,2.072111524,ds_hold,0.058776878,-0.000078491,-0.000988535,0.000003531,0.000085454,0.095959604,b,3,4,4,6
17.250000,DS,2,0,0.456380015,nan,nan,nan,0.525342941,0.491984897,0.547101429,ds_hold,0.063510758,-0.000117175,-0.001089801,0.000021678,0.000054235,0.092927713,b,3,4,4,6
17.260000,DS,2,0,0.455846716,nan,nan,nan,0.336040386,0.455559580,-0.558401626,ds_hold,0.068113707,-0.000157731,-0.001187657,0.000042091,0.000033860,0.085304115,b,3,4,4,6
17.270000,DS,2,0,0.455321739,nan,nan,nan,0.178792041,0.436334307,-1.423078279,ds_hold,0.072733477,-0.000198872,-0.001281302,0.000064267,0.000020963,0.074829604,b,3,4,4,6
17.280000,DS,2,0,0.454804474,nan,nan,nan,0.047401837,0.420312505,-2.042161343,ds_hold,0.077447400,-0.000239566,-0.001370277,0.000087785,0.000013484,0.063228215,b,3,4,4,6
17.290000,DS,2,0,0.454294185,nan,nan,nan,-0.055726230,0.402955537,-2.425379009,ds_hold,0.082291235,-0.000279081,-0.001454398,0.000112319,0.000010156,0.052248650,b,3,4,4,6
17.300000,DS,2,0,0.453790157,nan,nan,nan,-0.119262325,0.387376678,-2.590724889,ds_hold,0.087278283,-0.000316985,-0.001533681,0.000137646,0.000009578,0.044039701,b,3,4,4,6
17.310000,DS,2,0,0.453291806,nan,nan,nan,-0.159136764,0.380728121,-2.612959334,ds_hold,0.092405446,-0.000353101,-0.001608265,0.000163652,0.000010074,0.040525085,b,3,4,4,6
17.320000,DS,2,0,0.452798641,nan,nan,nan,-0.215310065,0.384041470,-2.613190386,ds_hold,0.097645040,-0.000387354,-0.001678350,0.000190268,0.000010621,0.041381726,b,3,4,4,6
17.330000,DS,2,0,0.452310341,nan,nan,nan,-0.270833264,0.368435251,-2.571911463,ds_hold,0.102953710,-0.000419678,-0.001744148,0.000217426,0.000010894,0.044647790,b,3,4,4,6
17.340000,DS,2,0,0.451826780,nan,nan,nan,-0.325122433,0.340851532,-2.514944790,ds_hold,0.108290450,-0.000450027,-0.001805851,0.000245053,0.000010884,0.048582918,b,3,4,4,6
17.350000,DS,2,0,0.451347977,nan,nan,nan,-0.378295235,0.306810402,-2.458060019,ds_hold,0.113616724,-0.000478357,-0.001863626,0.000273072,0.000010677,0.052252042,b,3,4,4,6
17.360000,DS,2,0,0.450874008,nan,nan,nan,-0.429956146,0.269464986,-2.407306948,ds_hold,0.118899671,-0.000504626,-0.001917619,0.000301402,0.000010359,0.055254226,b,3,4,4,6
17.370000,DS,2,0,0.450404818,nan,nan,nan,-0.487041081,0.227708010,-2.361607272,ds_hold,0.124117394,-0.000528836,-0.001967971,0.000329965,0.000009963,0.057440430,b,3,4,4,6
17.380000,DS,2,0,0.449940213,nan,nan,nan,-0.544585630,0.189044476,-2.294036370,ds_hold,0.129250286,-0.000551049,-0.002014843,0.000358688,0.000009507,0.058811400,b,3,4,4,6
17.390000,DS,2,0,0.449479949,nan,nan,nan,-0.597239008,0.152461281,-2.200795325,ds_hold,0.134271933,-0.000571375,-0.002058410,0.000387518,0.000009020,0.059451594,b,3,4,4,6
17.400000,DS,2,0,0.449023757,nan,nan,nan,-0.641677370,0.118270714,-2.084000981,ds_hold,0.139150858,-0.000589966,-0.002098868,0.000416412,0.000008533,0.059479472,b,3,4,4,6
17.410000,DS,2,0,0.448571355,nan,nan,nan,-0.676018928,0.086808755,-1.949970051,ds_hold,0.143852394,-0.000606998,-0.002136424,0.000445342,0.000008063,0.059027382,b,3,4,4,6
17.420000,DS,2,0,0.448122471,nan,nan,nan,-0.700618521,0.057564094,-1.807068805,ds_hold,0.148341253,-0.000622659,-0.002171287,0.000474282,0.000007625,0.058232504,b,3,4,4,6
17.430000,DS,2,0,0.447676849,nan,nan,nan,-0.716594228,0.029916211,-1.663075198,ds_hold,0.152584265,-0.000637133,-0.002203666,0.000503213,0.000007222,0.057228108,b,3,4,4,6
17.440000,DS,2,0,0.447234252,nan,nan,nan,-0.725218646,0.003380338,-1.524242990,ds_hold,0.156552670,-0.000650594,-0.002233755,0.000532111,0.000006856,0.056134678,b,3,4,4,6
17.450000,DS,2,0,0.446794470,nan,nan,nan,-0.727784297,-0.022391663,-1.395224466,ds_hold,0.160223682,-0.000663196,-0.002261735,0.000560953,0.000006527,0.055051401,b,3,4,4,6
17.460000,DS,2,0,0.446357321,nan,nan,nan,-0.725586068,-0.047651957,-1.279280810,ds_hold,0.163581373,-0.000675073,-0.002287767,0.000589708,0.000006233,0.054050508,b,3,4,4,6
17.470000,DS,2,0,0.445922647,nan,nan,nan,-0.719759367,-0.072598171,-1.178134234,ds_hold,0.166616998,-0.000686331,-0.002311991,0.000618341,0.000005973,0.053174562,b,3,4,4,6
17.480000,DS,2,0,0.445490313,nan,nan,nan,-0.711235199,-0.097300778,-1.092210665,ds_hold,0.169328847,-0.000697053,-0.002334526,0.000646812,0.000005745,0.052436408,b,3,4,4,6
17.490000,DS,2,0,0.445060200,nan,nan,nan,-0.700731581,-0.121698289,-1.020908624,ds_hold,0.171721698,-0.000707299,-0.002355475,0.000675074,0.000005545,0.051822972,b,3,4,4,6
17.500000,DS,2,0,0.444632203,nan,nan,nan,-0.688803588,-0.145644667,-0.962856772,ds_hold,0.173805956,-0.000717108,-0.002374921,0.000703079,0.000005372,0.051302455,b,3,4,4,6
17.510000,DS,2,0,0.444206228,nan,nan,nan,-0.675960799,-0.168987253,-0.916156178,ds_hold,0.175596594,-0.000726500,-0.002392935,0.000730773,0.000005219,0.050833229,b,3,4,4,6
17.520000,DS,2,0,0.443782182,nan,nan,nan,-0.662450353,-0.191471369,-0.878558505,ds_hold,0.177112018,-0.000735484,-0.002409578,0.000758100,0.000005084,0.050372526,b,3,4,4,6
17.530000,DS,2,0,0.443359974,nan,nan,nan,-0.648357074,-0.212838879,-0.847744211,ds_hold,0.178372952,-0.000744056,-0.002424901,0.000785007,0.000004960,0.049883039,b,3,4,4,6
17.540000,DS,2,0,0.442939509,nan,nan,nan,-0.633710782,-0.232885276,-0.821537342,ds_hold,0.179401412,-0.000752209,-0.002438952,0.000811439,0.000004843,0.049336587,b,3,4,4,6
17.550000,DS,2,0,0.442520693,nan,nan,nan,-0.618534934,-0.251467227,-0.798037206,ds_hold,0.180219835,-0.000759928,-0.002451776,0.000837345,0.000004730,0.048715119,b,3,4,4,6
17.560000,DS,2,0,0.442103428,nan,nan,nan,-0.602868542,-0.268498148,-0.775687782,ds_hold,0.180850354,-0.000767201,-0.002463416,0.000862678,0.000004617,0.048009839,b,3,4,4,6
17.570000,DS,2,0,0.441687613,nan,nan,nan,-0.586771157,-0.283938866,-0.753298564,ds_hold,0.181314237,-0.000774017,-0.002473915,0.000887394,0.000004502,0.047219320,b,3,4,4,6
17.580000,DS,2,0,0.441273148,nan,nan,nan,-0.570318034,-0.297786546,-0.730029594,ds_hold,0.181631478,-0.000780364,-0.002483318,0.000911455,0.000004383,0.046347314,b,3,4,4,6
17.590000,DS,2,0,0.440859934,nan,nan,nan,-0.553591435,-0.310063902,-0.705353553,ds_hold,0.181820529,-0.000786240,-0.002491669,0.000934828,0.000004261,0.045400726,b,3,4,4,6
17.600000,DS,2,0,0.440447871,nan,nan,nan,-0.536672339,-0.320809967,-0.679006366,ds_hold,0.181898156,-0.000791642,-0.002499014,0.000957484,0.000004135,0.044388025,b,3,4,4,6
17.610000,DS,2,0,0.440036864,nan,nan,nan,-0.519634865,-0.330073066,-0.650934990,ds_hold,0.181879390,-0.000796577,-0.002505401,0.000979401,0.000004007,0.043318146,b,3,4,4,6
17.620000,DS,2,0,0.439626821,nan,nan,nan,-0.502543918,-0.337906091,-0.621247763,ds_hold,0.181777559,-0.000801053,-0.002510875,0.001000561,0.000003877,0.042199858,b,3,4,4,6
17.630000,DS,2,0,0.439217652,nan,nan,nan,-0.485455442,-0.344363845,-0.590169990,ds_hold,0.181604380,-0.000805085,-0.002515485,0.001020954,0.000003747,0.041041490,b,3,4,4,6
17.640000,DS,2,0,0.438809273,nan,nan,nan,-0.468418147,-0.349501993,-0.558005531,ds_hold,0.181370082,-0.000808691,-0.002519279,0.001040569,0.000003618,0.039850889,b,3,4,4,6
17.650000,DS,2,0,0.438401606,nan,nan,nan,-0.451475608,-0.353377060,-0.525104232,ds_hold,0.181083552,-0.000811892,-0.002522304,0.001059404,0.000003490,0.038635491,b,3,4,4,6
17.660000,DS,2,0,0.437994575,nan,nan,nan,-0.434667974,-0.356046967,-0.491834757,ds_hold,0.180752491,-0.000814713,-0.002524606,0.001077459,0.000003365,0.037402435,b,3,4,4,6
17.670000,DS,2,0,0.437588111,nan,nan,nan,-0.418032919,-0.357571647,-0.458562393,ds_hold,0.180383569,-0.000817180,-0.002526231,0.001094737,0.000003244,0.036158626,b,3,4,4,6
17.680000,DS,2,0,0.437182150,nan,nan,nan,-0.401605821,-0.358013475,-0.425631550,ds_hold,0.179982570,-0.000819321,-0.002527223,0.001111243,0.000003126,0.034910758,b,3,4,4,6
17.690000,DS,2,0,0.436776634,nan,nan,nan,-0.385419371,-0.357437330,-0.393352724,ds_hold,0.179554523,-0.000821162,-0.002527626,0.001126987,0.000003013,0.033665264,b,3,4,4,6
17.700000,DS,2,0,0.436371507,nan,nan,nan,-0.369502900,-0.355910277,-0.361993666,ds_hold,0.179103829,-0.000822732,-0.002527481,0.001141979,0.000002904,0.032428207,b,3,4,4,6
17.710000,DS,2,0,0.435966719,nan,nan,nan,-0.353881694,-0.353500929,-0.331774374,ds_hold,0.178634359,-0.000824057,-0.002526827,0.001156231,0.000002798,0.031205158,b,3,4,4,6
17.720000,DS,2,0,0.435562226,nan,nan,nan,-0.338576493,-0.350278590,-0.302865435,ds_hold,0.178149545,-0.000825165,-0.002525702,0.001169757,0.000002697,0.030001049,b,3,4,4,6
17.730000,DS,2,0,0.435157985,nan,nan,nan,-0.323603273,-0.346312304,-0.275389099,ds_hold,0.177652453,-0.000826079,-0.002524143,0.001182571,0.000002599,0.028820053,b,3,4,4,6
17.740000,DS,2,0,0.434753958,nan,nan,nan,-0.308973337,-0.341669929,-0.249422472,ds_hold,0.177145846,-0.000826823,-0.002522183,0.001194690,0.000002505,0.027665494,b,3,4,4,6
17.750000,DS,2,0,0.434350111,nan,nan,nan,-0.294693667,-0.336417309,-0.225002160,ds_hold,0.176632229,-0.000827419,-0.002519854,0.001206128,0.000002414,0.026539798,b,3,4,4,6
17.760000,DS,2,0,0.433946413,nan,nan,nan,-0.280767484,-0.330617595,-0.202129820,ds_hold,0.176113890,-0.000827886,-0.002517188,0.001216903,0.000002326,0.025444498,b,3,4,4,6
17.770000,DS,2,0,0.433542835,nan,nan,nan,-0.267194910,-0.324330754,-0.180778107,ds_hold,0.175592928,-0.000828243,-0.002514211,0.001227032,0.000002240,0.024380282,b,3,4,4,6
17.780000,DS,2,0,0.433139351,nan,nan,nan,-0.253973680,-0.317613237,-0.160896627,ds_hold,0.175071274,-0.000828504,-0.002510953,0.001236531,0.000002158,0.023347086,b,3,4,4,6
17.790000,DS,2,0,0.432735938,nan,nan,nan,-0.241099825,-0.310517822,-0.142417616,ds_hold,0.174550706,-0.000828686,-0.002507437,0.001245419,0.000002077,0.022344218,b,3,4,4,6
17.800000,DS,2,0,0.432332574,nan,nan,nan,-0.228568282,-0.303093576,-0.125261127,ds_hold,0.174032864,-0.000828800,-0.002503689,0.001253714,0.000001999,0.021370493,b,3,4,4,6
17.810000,DS,2,0,0.431929241,nan,nan,nan,-0.216373418,-0.295385925,-0.109339630,ds_hold,0.173519254,-0.000828857,-0.002499730,0.001261431,0.000001924,0.020424388,b,3,4,4,6
17.820000,DS,2,0,0.431525919,nan,nan,nan,-0.204509437,-0.287436799,-0.094561936,ds_hold,0.173011255,-0.000828869,-0.002495581,0.001268590,0.000001850,0.019504186,b,3,4,4,6
17.830000,DS,2,0,0.431122594,nan,nan,nan,-0.192970680,-0.279284830,-0.080836460,ds_hold,0.172510125,-0.000828842,-0.002491264,0.001275208,0.000001779,0.018608107,b,3,4,4,6
17.840000,DS,2,0,0.430719251,nan,nan,nan,-0.181751833,-0.270965574,-0.068073830,ds_hold,0.172017002,-0.000828785,-0.002486798,0.001281303,0.000001709,0.017734425,b,3,4,4,6
17.850000,DS,2,0,0.430315876,nan,nan,nan,-0.170848036,-0.262511750,-0.056188882,ds_hold,0.171532906,-0.000828704,-0.002482199,0.001286891,0.000001641,0.016881558,b,3,4,4,6
17.860000,DS,2,0,0.429912458,nan,nan,nan,-0.160254934,-0.253953487,-0.045102123,ds_hold,0.171058746,-0.000828605,-0.002477486,0.001291992,0.000001576,0.016048134,b,3,4,4,6
17.870000,DS,2,0,0.429508987,nan,nan,nan,-0.149968672,-0.245318557,-0.034740703,ds_hold,0.170595318,-0.000828492,-0.002472675,0.001296622,0.000001512,0.015233037,b,3,4,4,6
17.880000,DS,2,0,0.429105452,nan,nan,nan,-0.139985847,-0.236632598,-0.025038975,ds_hold,0.170143315,-0.000828370,-0.002467781,0.001300800,0.000001449,0.014435428,b,3,4,4,6
17.890000,DS,2,0,0.428701846,nan,nan,nan,-0.130303444,-0.227919332,-0.015938722,ds_hold,0.169703324,-0.000828242,-0.002462819,0.001304542,0.000001389,0.013654750,b,3,4,4,6
17.900000,DS,2,0,0.428298161,nan,nan,nan,-0.120918755,-0.219200749,-0.007389089,ds_hold,0.169275837,-0.000828111,-0.002457802,0.001307866,0.000001331,0.012890717,b,3,4,4,6
17.910000,DS,2,0,0.427894390,nan,nan,nan,-0.111829291,-0.210497284,0.000653693,ds_hold,0.168861249,-0.000827981,-0.002452746,0.001310790,0.000001274,0.012143294,b,3,4,4,6
17.920000,DS,2,0,0.427490529,nan,nan,nan,-0.103032706,-0.201827970,0.008226753,ds_hold,0.168459873,-0.000827854,-0.002447661,0.001313331,0.000001219,0.011412665,b,3,4,4,6
17.930000,DS,2,0,0.427086572,nan,nan,nan,-0.094526712,-0.193210572,0.015361148,ds_hold,0.168071934,-0.000827733,-0.002442560,0.001315506,0.000001166,0.010699205,b,3,4,4,6
17.940000,DS,2,0,0.426682516,nan,nan,nan,-0.086309023,-0.184661699,0.022082503,ds_hold,0.167697587,-0.000827618,-0.002437455,0.001317332,0.000001115,0.010003440,b,3,4,4,6
17.950000,DS,2,0,0.426278357,nan,nan,nan,-0.078377288,-0.176196902,0.028411704,ds_hold,0.167336912,-0.000827513,-0.002432356,0.001318827,0.000001065,0.009326019,b,3,4,4,6
17.960000,DS,2,0,0.425874094,nan,nan,nan,-0.070729051,-0.167830751,0.034365593,ds_hold,0.166989928,-0.000827419,-0.002427273,0.001320006,0.000001018,0.008667677,b,3,4,4,6
17.970000,DS,2,0,0.425469723,nan,nan,nan,-0.063361714,-0.159576894,0.039957662,ds_hold,0.166656595,-0.000827337,-0.002422217,0.001320887,0.000000972,0.008029213,b,3,4,4,6
17.980000,DS,2,0,0.425065246,nan,nan,nan,-0.056272508,-0.151448107,0.045198716,ds_hold,0.166336820,-0.000827269,-0.002417197,0.001321486,0.000000928,0.007411467,b,3,4,4,6
17.990000,DS,2,0,0.424660661,nan,nan,nan,-0.049458476,-0.143456332,0.050097493,ds_hold,0.166030465,-0.000827216,-0.002412220,0.001321818,0.000000887,0.006815306,b,3,4,4,6
18.000000,DS,2,0,0.424255968,nan,nan,nan,-0.042916463,-0.135612691,0.054661229,ds_hold,0.165737351,-0.000827179,-0.002407296,0.001321900,0.000000847,0.006241615,b,3,4,4,6
18.010000,DS,2,0,0.423851169,nan,nan,nan,-0.036643110,-0.127927513,0.058896163,ds_hold,0.165457261,-0.000827160,-0.002402432,0.001321747,0.000000809,0.005691310,b,3,4,4,6
18.020000,DS,2,0,0.423446264,nan,nan,nan,-0.030634849,-0.120410337,0.062807979,ds_hold,0.165189948,-0.000827158,-0.002397634,0.001321374,0.000000773,0.005165347,b,3,4,4,6
18.030000,DS,2,0,0.423041256,nan,nan,nan,-0.024887914,-0.113069916,0.066402176,ds_hold,0.164935141,-0.000827175,-0.002392910,0.001320796,0.000000739,0.004664757,b,3,4,4,6
18.040000,DS,2,0,0.422636147,nan,nan,nan,-0.019398340,-0.105914221,0.069684380,ds_hold,0.164692543,-0.000827211,-0.002388265,0.001320027,0.000000707,0.004190709,b,3,4,4,6
18.050000,DS,2,0,0.422230939,nan,nan,nan,-0.014161975,-0.098950442,0.072660583,ds_hold,0.164461841,-0.000827266,-0.002383705,0.001319080,0.000000676,0.003744583,b,3,4,4,6
18.060000,DS,2,0,0.421825636,nan,nan,nan,-0.009174490,-0.092184987,0.075337327,ds_hold,0.164242709,-0.000827341,-0.002379236,0.001317970,0.000000648,0.003328104,b,3,4,4,6
18.070000,DS,2,0,0.421420241,nan,nan,nan,-0.004431384,-0.085623482,0.077721830,ds_hold,0.164034807,-0.000827436,-0.002374861,0.001316710,0.000000621,0.002943507,b,3,4,4,6
18.080000,DS,2,0,0.421014758,nan,nan,nan,0.000071995,-0.079270782,0.079822058,ds_hold,0.163837789,-0.000827549,-0.002370585,0.001315312,0.000000596,0.002593764,b,3,4,4,6
18.090000,DS,2,0,0.420609192,nan,nan,nan,0.004340447,-0.073130972,0.081646760,ds_hold,0.163651303,-0.000827683,-0.002366411,0.001313788,0.000000573,0.002282848,b,3,4,4,6
18.100000,DS,2,0,0.420203545,nan,nan,nan,0.008378905,-0.067207379,0.083205457,ds_hold,0.163474994,-0.000827834,-0.002362343,0.001312150,0.000000552,0.002015920,b,3,4,4,6
18.110000,DS,2,0,0.419797824,nan,nan,nan,0.012192423,-0.061502590,0.084508400,ds_hold,0.163308508,-0.000828004,-0.002358384,0.001310410,0.000000532,0.001799207,b,3,4,4,6
18.120000,DS,2,0,0.419392032,nan,nan,nan,0.015786166,-0.056018467,0.085566505,ds_hold,0.163151489,-0.000828191,-0.002354537,0.001308577,0.000000513,0.001639086,b,3,4,4,6
18.130000,DS,2,0,0.418986175,nan,nan,nan,0.019165397,-0.050756170,0.086391264,ds_hold,0.163003587,-0.000828395,-0.002350802,0.001306663,0.000000496,0.001539988,b,3,4,4,6
18.140000,DS,2,0,0.418580258,nan,nan,nan,0.022335470,-0.045716184,0.086994643,ds_hold,0.162864454,-0.000828615,-0.002347182,0.001304677,0.000000481,0.001501639,b,3,4,4,6
18.150000,DS,2,0,0.418174286,nan,nan,nan,0.025301814,-0.040898347,0.087388972,ds_hold,0.162733747,-0.000828849,-0.002343679,0.001302629,0.000000467,0.001517601,b,3,4,4,6
18.160000,DS,2,0,0.417768265,nan,nan,nan,0.028069931,-0.036301882,0.087586825,ds_hold,0.162611131,-0.000829096,-0.002340293,0.001300528,0.000000454,0.001576697,b,3,4,4,6
18.170000,DS,2,0,0.417362200,nan,nan,nan,0.030645377,-0.031925432,0.087600909,ds_hold,0.162496276,-0.000829356,-0.002337025,0.001298382,0.000000442,0.001666302,b,3,4,4,6
18.180000,DS,2,0,0.416956096,nan,nan,nan,0.033033760,-0.027767095,0.087443946,ds_hold,0.162388859,-0.000829627,-0.002333876,0.001296199,0.000000431,0.001775097,b,3,4,4,6
18.190000,DS,2,0,0.416549959,nan,nan,nan,0.035240730,-0.023824465,0.087128567,ds_hold,0.162288568,-0.000829908,-0.002330845,0.001293986,0.000000422,0.001894223,b,3,4,4,6
18.200000,DS,2,0,0.416143795,nan,nan,nan,0.037271964,-0.020094667,0.086667214,ds_hold,0.162195095,-0.000830197,-0.002327932,0.001291752,0.000000413,0.002017273,b,3,4,4,6
18.210000,DS,2,0,0.415737609,nan,nan,nan,0.039133167,-0.016574396,0.086072047,ds_hold,0.162108142,-0.000830493,-0.002325137,0.001289503,0.000000405,0.002139801,b,3,4,4,6
18.220000,DS,2,0,0.415331407,nan,nan,nan,0.040830055,-0.013259963,0.085354872,ds_hold,0.162027420,-0.000830795,-0.002322460,0.001287246,0.000000398,0.002258798,b,3,4,4,6
18.230000,DS,2,0,0.414925194,nan,nan,nan,0.042368354,-0.010147322,0.084527071,ds_hold,0.161952647,-0.000831101,-0.002319898,0.001284985,0.000000391,0.002372259,b,3,4,4,6
18.240000,DS,2,0,0.414518976,nan,nan,nan,0.043753785,-0.007232120,0.083599550,ds_hold,0.161883550,-0.000831411,-0.002317452,0.001282728,0.000000385,0.002478874,b,3,4,4,6
18.250000,DS,2,0,0.414112758,nan,nan,nan,0.044992062,-0.004509725,0.082582700,ds_hold,0.161819863,-0.000831722,-0.002315120,0.001280479,0.000000379,0.002577806,b,3,4,4,6
18.260000,DS,2,0,0.413706545,nan,nan,nan,0.046088881,-0.001975268,0.081486363,ds_hold,0.161761329,-0.000832034,-0.002312901,0.001278244,0.000000374,0.002668550,b,3,4,4,6
18.270000,DS,2,0,0.413300344,nan,nan,nan,0.047049914,0.000376329,0.080319820,ds_hold,0.161707698,-0.000832346,-0.002310792,0.001276026,0.000000369,0.002750828,b,3,4,4,6
18.280000,DS,2,0,0.412894159,nan,nan,nan,0.047880799,0.002550317,0.079091778,ds_hold,0.161658729,-0.000832656,-0.002308792,0.001273830,0.000000365,0.002824524,b,3,4,4,6
18.290000,DS,2,0,0.412487995,nan,nan,nan,0.048587136,0.004552091,0.077810375,ds_hold,0.161614186,-0.000832963,-0.002306899,0.001271661,0.000000360,0.002889637,b,3,4,4,6
18.300000,DS,2,0,0.412081857,nan,nan,nan,0.049174475,0.006387161,0.076483183,ds_hold,0.161573843,-0.000833266,-0.002305112,0.001269521,0.000000356,0.002946247,b,3,4,4,6
18.310000,DS,2,0,0.411675751,nan,nan,nan,0.049648314,0.008061127,0.075117230,ds_hold,0.161537479,-0.000833565,-0.002303427,0.001267414,0.000000352,0.002994497,b,3,4,4,6
18.320000,DS,2,0,0.411269681,nan,nan,nan,0.050014088,0.009579655,0.073719018,ds_hold,0.161504881,-0.000833858,-0.002301843,0.001265344,0.000000347,0.003034571,b,3,4,4,6
18.330000,DS,2,0,0.410863652,nan,nan,nan,0.050277163,0.010948452,0.072294544,ds_hold,0.161475843,-0.000834144,-0.002300358,0.001263312,0.000000343,0.003066689,b,3,4,4,6
18.340000,DS,2,0,0.410457669,nan,nan,nan,0.050442831,0.012173251,0.070849335,ds_hold,0.161450166,-0.000834423,-0.002298968,0.001261322,0.000000339,0.003091095,b,3,4,4,6
18.350000,DS,2,0,0.410051736,nan,nan,nan,0.050516301,0.013259786,0.069388470,ds_hold,0.161427656,-0.000834694,-0.002297671,0.001259376,0.000000334,0.003108053,b,3,4,4,6
18.360000,DS,2,0,0.409645856,nan,nan,nan,0.050502693,0.014213782,0.067916619,ds_hold,0.161408128,-0.000834956,-0.002296465,0.001257475,0.000000330,0.003117841,b,3,4,4,6
18.370000,DS,2,0,0.409240036,nan,nan,nan,0.050407035,0.015040933,0.066438064,ds_hold,0.161391402,-0.000835210,-0.002295348,0.001255622,0.000000325,0.003120752,b,3,4,4,6
18.380000,DS,2,0,0.408834278,nan,nan,nan,0.050234252,0.015746896,0.064956738,ds_hold,0.161377304,-0.000835453,-0.002294316,0.001253818,0.000000321,0.003117084,b,3,4,4,6
18.390000,DS,2,0,0.408428587,nan,nan,nan,0.049989167,0.016337273,0.063476250,ds_hold,0.161365668,-0.000835687,-0.002293367,0.001252064,0.000000316,0.003107147,b,3,4,4,6
18.400000,DS,2,0,0.408022967,nan,nan,nan,0.049676490,0.016817603,0.061999910,ds_hold,0.161356334,-0.000835910,-0.002292498,0.001250362,0.000000311,0.003091252,b,3,4,4,6
18.410000,DS,2,0,0.407617420,nan,nan,nan,0.049300817,0.017193352,0.060530761,ds_hold,0.161349147,-0.000836122,-0.002291706,0.001248713,0.000000305,0.003069716,b,3,4,4,6
18.420000,DS,2,0,0.407211952,nan,nan,nan,0.048866625,0.017469902,0.059071597,ds_hold,0.161343959,-0.000836322,-0.002290989,0.001247117,0.000000300,0.003042858,b,3,4,4,6
18.430000,DS,2,0,0.406806565,nan,nan,nan,0.048378269,0.017652549,0.057624985,ds_hold,0.161340628,-0.000836512,-0.002290344,0.001245575,0.000000294,0.003010998,b,3,4,4,6
18.440000,DS,2,0,0.406401263,nan,nan,nan,0.047839977,0.017746492,0.056193287,ds_hold,0.161339020,-0.000836690,-0.002289768,0.001244087,0.000000289,0.002974454,b,3,4,4,6
18.450000,SS,3,1,0.402404906,-0.066876977,-0.874233406,1.139755211,0.239562623,0.228845095,-0.034937231,planner_track,0.211531212,0.000018716,0.000011909,-0.000003111,0.799908224,0.004387153,a,3,4,4,7
18.550000,SS,3,1,0.398507347,0.071142818,-0.972458873,1.312996142,0.147169445,0.378609876,-0.454474551,planner_track,0.203365421,0.000070707,0.000026424,0.000016258,0.799650291,0.011344406,a,3,4,4,7
18.650000,SS,3,1,0.394783885,0.187416673,-1.050305971,1.502858989,0.122607052,0.489718362,-0.667146732,planner_track,0.190741133,0.000149452,0.000053971,0.000054523,0.799203645,0.021819634,a,3,4,4,7
18.750000,SS,3,1,0.391275111,0.272656014,-1.136957421,1.624304136,0.127594479,0.555255750,-0.733656765,planner_track,0.174486151,0.000247185,0.000097018,0.000107523,0.798512446,0.033890906,a,3,4,4,7
18.850000,SS,3,1,0.388007433,0.352851587,-1.260480588,1.806233024,0.116029669,0.656016920,-0.899921481,planner_track,0.156501429,0.000357400,0.000153553,0.000171364,0.797512063,0.046233903,a,3,4,4,7
18.950000,SS,3,1,0.385018016,0.428539035,-1.372323627,1.966396712,0.106867312,0.744607456,-1.044454837,planner_track,0.137593730,0.000476796,0.000226215,0.000243443,0.796139910,0.058104687,a,3,4,4,7
19.050000,SS,3,1,0.382337297,0.499663738,-1.467231976,2.097562209,0.102056887,0.815856481,-1.155189148,planner_track,0.118477492,0.000601796,0.000317099,0.000321249,0.794338471,0.069017171,a,3,4,4,7
19.150000,SS,3,1,0.379989880,0.567620678,-1.548038112,2.203378283,0.097378108,0.883624655,-1.260600182,planner_track,0.099850234,0.000728676,0.000427424,0.000402498,0.792055727,0.078665816,a,3,4,4,7
19.250000,SS,3,1,0.377997724,0.632400422,-1.616923844,2.286188906,0.094229694,0.943542209,-1.351048980,planner_track,0.082240737,0.000854028,0.000558465,0.000485250,0.789245322,0.086906094,a,3,4,4,7
19.350000,SS,3,1,0.376380011,0.693106031,-1.721373016,2.413130757,0.092731527,1.008658064,-1.441782102,planner_track,0.066118717,0.000975983,0.000711181,0.000567935,0.785865514,0.093708759,a,3,4,4,7
19.450000,SS,3,1,0.375154407,0.750525807,-1.809918171,2.510957603,0.092205607,1.060186185,-1.511699316,planner_track,0.051947791,0.001094023,0.000886562,0.000649486,0.781880060,0.099129340,a,3,4,4,7
19.550000,SS,3,1,0.374333968,0.804355630,-1.882762029,2.578927341,0.093151710,1.103866284,-1.565882831,planner_track,0.040280172,0.001207103,0.001085020,0.000728921,0.777258806,0.103253228,a,3,4,4,7
19.650000,SS,3,1,0.373928187,0.854522578,-1.940919801,2.617745495,0.095113884,1.139836024,-1.605745660,planner_track,0.031868588,0.001313874,0.001306534,0.000805413,0.771976986,0.106182356,a,3,4,4,7
19.750000,SS,3,1,0.373943228,0.900862649,-1.985040662,2.627970078,0.098110840,1.168177359,-1.631255069,planner_track,0.027485380,0.001412776,0.001550691,0.000878264,0.766014871,0.108026009,a,3,4,4,7
19.850000,SS,3,1,0.374382618,0.943821302,-2.041954414,2.650546362,0.101853932,1.196735556,-1.652409584,planner_track,0.027083604,0.001502915,0.001816710,0.000946926,0.759356930,0.108901232,a,3,4,4,7
19.950000,SS,3,1,0.375248422,0.982946091,-2.094901447,2.660589121,0.105938505,1.217808164,-1.660994928,planner_track,0.029311638,0.001584349,0.002103713,0.001011104,0.751991988,0.108934046,a,3,4,4,7
20.050000,SS,3,1,0.376539739,1.017788483,-2.134256616,2.643643754,0.110519468,1.230239792,-1.655226226,planner_track,0.032571966,0.001657015,0.002410524,0.001070582,0.743913736,0.108239387,a,3,4,4,7
20.150000,SS,3,1,0.378252583,1.048213905,-2.161095874,2.601078790,0.115380482,1.235631747,-1.637679271,planner_track,0.035860613,0.001720469,0.002735639,0.001125184,0.735120407,0.106915601,a,3,4,4,7
20.250000,SS,3,1,0.380380336,1.074126853,-2.176438646,2.534437225,0.120387960,1.234210555,-1.609100694,planner_track,0.038703628,0.001774025,0.003077320,0.001174780,0.725614381,0.105047759,a,3,4,4,7
20.350000,SS,3,1,0.382914111,1.096299274,-2.189450799,2.459818327,0.125295980,1.229101324,-1.573761699,planner_track,0.040917405,0.001817159,0.003433633,0.001219281,0.715401693,0.102712251,a,3,4,4,7
20.450000,SS,3,1,0.385843537,1.115074241,-2.204108216,2.384940924,0.129761324,1.220554272,-1.532801476,planner_track,0.042459652,0.001849986,0.003802556,0.001258661,0.704491717,0.099983893,a,3,4,4,7
20.550000,SS,3,1,0.389156610,1.129173442,-2.208636874,2.290148221,0.133830040,1.203963768,-1.481041793,planner_track,0.043357223,0.001872851,0.004182034,0.001292969,0.692897506,0.096931441,a,3,4,4,7
20.650000,SS,3,1,0.392838945,1.138509895,-2.203972760,2.177105173,0.137602613,1.181508803,-1.421029853,planner_track,0.043670738,0.001885813,0.004569878,0.001322256,0.680635756,0.093610513,a,3,4,4,7
20.750000,SS,3,1,0.396874254,1.143122890,-2.191198164,2.047718784,0.140903709,1.153472396,-1.353783858,planner_track,0.043474688,0.001888770,0.004963842,0.001346600,0.667726414,0.090066365,a,3,4,4,7
20.850000,SS,3,1,0.401244541,1.143353581,-2.171700581,1.905384603,0.143648432,1.120387375,-1.280295045,planner_track,0.042847621,0.001881568,0.005361646,0.001366097,0.654192391,0.086337028,a,3,4,4,7
20.950000,SS,3,1,0.405930476,1.141668703,-2.150476717,1.765243333,0.145381551,1.085076335,-1.204668996,planner_track,0.041865549,0.001864441,0.005760979,0.001380805,0.640059084,0.082459709,a,3,4,4,7
21.050000,SS,3,1,0.410911855,1.135558685,-2.122790667,1.614026868,0.146243684,1.043275651,-1.122325225,planner_track,0.040597807,0.001837945,0.006159595,0.001390810,0.625354508,0.078470842,a,3,4,4,7
21.150000,SS,3,1,0.416166915,1.125041628,-2.089429586,1.453471935,0.146486665,0.997177949,-1.035430866,planner_track,0.039108993,0.001802504,0.006555270,0.001396210,0.610109358,0.074400976,a,3,4,4,7
21.250000,SS,3,1,0.421672736,1.110289869,-2.051281378,1.285485927,0.145961623,0.946875117,-0.944738363,planner_track,0.037455337,0.001758493,0.006945839,0.001397139,0.594356656,0.070275370,a,3,4,4,7
21.350000,SS,3,1,0.427405383,1.091507871,-2.009083993,1.111937989,0.144658014,0.892701202,-0.850860243,planner_track,0.035685563,0.001706282,0.007329212,0.001393761,0.578131534,0.066115992,a,3,4,4,7
21.450000,SS,3,1,0.433339994,1.071445964,-1.957009294,0.933226692,0.142173110,0.834669018,-0.754543763,planner_track,0.033841268,0.001646342,0.007703334,0.001386188,0.561470952,0.061943442,a,3,4,4,7
21.550000,SS,3,1,0.439451028,1.048517529,-1.899999615,0.752106317,0.138631590,0.773164519,-0.656415399,planner_track,0.031956750,0.001579275,0.008066202,0.001374483,0.544413575,0.057777505,a,3,4,4,7
21.650000,SS,3,1,0.445712388,1.022117172,-1.840522992,0.570738407,0.134226369,0.708955774,-0.557212454,planner_track,0.030060787,0.001505754,0.008415924,0.001358738,0.526999667,0.053637464,a,3,4,4,7
21.750000,SS,3,1,0.452097566,0.992433891,-1.779166049,0.390829711,0.128937246,0.642382243,-0.457568426,planner_track,0.028176654,0.001426524,0.008750737,0.001339099,0.509270900,0.049541741,a,3,4,4,7
21.850000,SS,3,1,0.458579787,0.959692165,-1.716454150,0.214066035,0.122750290,0.574003047,-0.358284656,planner_track,0.026323003,0.001342417,0.009069007,0.001315760,0.491270160,0.045508249,a,3,4,4,7
21.950000,SS,3,1,0.465132087,0.925557784,-1.643530380,0.033472499,0.115334481,0.502408144,-0.258310672,planner_track,0.024515889,0.001254262,0.009369193,0.001288917,0.473041432,0.041551661,a,3,4,4,7
22.050000,SS,3,1,0.471727058,0.890503295,-1.558964584,-0.150801070,0.106653815,0.426936747,-0.157330970,planner_track,0.022770587,0.001162752,0.009649784,0.001258671,0.454629648,0.037684517,a,3,4,4,7
22.150000,SS,3,1,0.478337072,0.852864884,-1.474677749,-0.326795477,0.097114873,0.350996113,-0.058572378,planner_track,0.021101258,0.001068610,0.009909361,0.001225095,0.436080366,0.033921570,a,3,4,4,7
22.250000,SS,3,1,0.484934292,0.812751200,-1.391152656,-0.493021951,0.085356989,0.273743610,0.039883467,planner_track,0.019505165,0.000972415,0.010146446,0.001188284,0.417437987,0.030309548,a,3,4,4,7
22.350000,SS,3,1,0.491490429,0.769908448,-1.308214394,-0.644004988,0.071994286,0.194869940,0.138113832,planner_track,0.017933158,0.000874106,0.010359295,0.001148287,0.398744814,0.026974472,a,3,4,4,7
22.450000,SS,3,1,0.497978082,0.724465384,-1.221209160,-0.779437990,0.061196519,0.113612755,0.233390663,planner_track,0.016332434,0.000773930,0.010546499,0.001105230,0.380046603,0.024028848,a,3,4,4,7
22.550000,SS,3,1,0.504370243,0.679310912,-1.109618203,-0.931542583,0.051565184,0.027456157,0.327746864,planner_track,0.014720629,0.000673026,0.010707309,0.001059296,0.361394191,0.021445124,a,3,4,4,7
22.650000,SS,3,1,0.510640627,0.633018165,-1.003138635,-1.073632629,0.042501626,-0.051657773,0.407760467,planner_track,0.013150646,0.000573306,0.010841605,0.001010651,0.342839642,0.019101527,a,3,4,4,7
22.750000,SS,3,1,0.516765530,0.586075143,-0.903765214,-1.207999193,0.029064787,-0.132525468,0.495319391,planner_track,0.011713886,0.000477629,0.010949844,0.000959722,0.324433350,0.016836297,a,3,4,4,7
22.850000,SS,3,1,0.522721251,0.538331845,-0.811405626,-1.329941084,0.012942185,-0.211301330,0.574285799,planner_track,0.010456169,0.000387992,0.011032036,0.000906853,0.306218804,0.014612390,a,3,4,4,7
22.950000,SS,3,1,0.528484575,0.488927602,-0.725175785,-1.431254942,-0.002552729,-0.289968280,0.651728559,planner_track,0.009376981,0.000305639,0.011087884,0.000852345,0.288237108,0.012511580,a,3,4,4,7
23.050000,SS,3,1,0.534032025,0.439268574,-0.612997855,-1.550763683,-0.017903061,-0.377859689,0.737458771,planner_track,0.008497511,0.000231214,0.011116979,0.000796470,0.270531035,0.010618804,a,3,4,4,7
23.150000,SS,3,1,0.539339289,0.388717736,-0.501596477,-1.655954305,-0.033125625,-0.461392739,0.815852313,planner_track,0.007815905,0.000164725,0.011118881,0.000739298,0.253143468,0.009024494,a,3,4,4,7
23.250000,SS,3,1,0.544383806,0.337214063,-0.398911662,-1.737426525,-0.048640219,-0.541499221,0.887247501,planner_track,0.007335246,0.000106545,0.011093349,0.000681022,0.236116006,0.007817032,a,3,4,4,7
23.350000,SS,3,1,0.549144617,0.284935225,-0.305065902,-1.794488746,-0.064070029,-0.618617055,0.953041008,planner_track,0.007052552,0.000057484,0.011040347,0.000621930,0.219488789,0.007058037,a,3,4,4,7
23.450000,SS,3,1,0.553602233,0.232048702,-0.220418488,-1.826763786,-0.079338274,-0.692325542,1.012821750,planner_track,0.006956431,0.000018698,0.010960024,0.000562387,0.203300398,0.006733092,a,3,4,4,7
23.550000,SS,3,1,0.557738148,0.178881689,-0.123199332,-1.865584777,-0.093800302,-0.769117287,1.074867154,planner_track,0.007034059,-0.000008991,0.010852653,0.000502765,0.187588170,0.006735510,a,3,4,4,7
23.650000,SS,3,1,0.561533805,0.125789597,-0.015667842,-1.909791472,-0.107104111,-0.845369720,1.135960832,planner_track,0.007262208,-0.000025687,0.010718525,0.000443295,0.172388057,0.006919640,a,3,4,4,7
23.750000,SS,3,1,0.564971787,0.073187245,0.078265714,-1.927021137,-0.119805105,-0.913920382,1.187053389,planner_track,0.007616038,-0.000031578,0.010558023,0.000384185,0.157733647,0.007158607,a,3,4,4,7
23.850000,SS,3,1,0.568037078,0.021444883,0.158519021,-1.917133245,-0.131849380,-0.976899672,1.230672962,planner_track,0.008075865,-0.000026264,0.010371748,0.000325773,0.143655874,0.007362249,a,3,4,4,7
23.950000,SS,3,1,0.570716705,-0.029157808,0.225059155,-1.880239241,-0.143012171,-1.033860514,1.266926867,planner_track,0.008623334,-0.000008921,0.010160498,0.000268461,0.130183193,0.007472297,a,3,4,4,7
24.050000,SS,3,1,0.572999503,-0.078572347,0.286584902,-1.830591040,-0.152938288,-1.087420624,1.299378246,planner_track,0.009243033,0.000021320,0.009925229,0.000212690,0.117341741,0.007461655,a,3,4,4,7
24.150000,SS,3,1,0.574874839,-0.127348686,0.372407892,-1.816250700,-0.160426589,-1.145583786,1.339287580,planner_track,0.009921773,0.000064052,0.009666938,0.000158819,0.105155961,0.007342691,a,3,4,4,7
24.250000,SS,3,1,0.576332415,-0.173539960,0.440274327,-1.774516918,-0.166708243,-1.191364638,1.365561551,planner_track,0.010649518,0.000118065,0.009386629,0.000107019,0.093647410,0.007149776,a,3,4,4,7
24.350000,SS,3,1,0.577365255,-0.216607960,0.490512639,-1.705996921,-0.172080573,-1.228947352,1.382210547,planner_track,0.011412374,0.000182919,0.009085494,0.000057617,0.082833966,0.006937957,a,3,4,4,7
24.450000,SS,3,1,0.577969065,-0.256289613,0.523724005,-1.611353633,-0.176227802,-1.257888063,1.389744240,planner_track,0.012200024,0.000258688,0.008764923,0.000010984,0.072730305,0.006779138,a,3,4,4,7
24.550000,SS,3,1,0.578142209,-0.292309039,0.540398103,-1.491681823,-0.179226927,-1.278088537,1.387868399,planner_track,0.013000731,0.000345848,0.008426469,-0.000032471,0.063348000,0.006770609,a,3,4,4,7
24.650000,SS,3,1,0.577884395,-0.327388192,0.584255179,-1.424150856,-0.179146374,-1.303979488,1.396556273,planner_track,0.013795965,0.000443521,0.008071741,-0.000072365,0.054696726,0.007020902,a,3,4,4,7
24.750000,SS,3,1,0.577195328,-0.358310754,0.615356905,-1.344171597,-0.177407694,-1.317033954,1.392422140,planner_track,0.014584683,0.000549353,0.007702312,-0.000108592,0.046783351,0.007587794,a,3,4,4,7
24.850000,SS,3,1,0.576078321,-0.384041324,0.627291105,-1.241218012,-0.174826735,-1.318687384,1.375335656,planner_track,0.015350314,0.000661615,0.007319878,-0.000140947,0.039610873,0.008467648,a,3,4,4,7
24.950000,SS,3,1,0.574540176,-0.404390814,0.621486133,-1.116549161,-0.171141165,-1.309558133,1.346887750,planner_track,0.016079029,0.000779246,0.006926308,-0.000169190,0.033179156,0.009614476,a,3,4,4,7
25.050000,SS,3,1,0.572590976,-0.419261563,0.599252474,-0.972012646,-0.166412005,-1.289628934,1.306909207,planner_track,0.016756657,0.000901679,0.006523617,-0.000193069,0.027485550,0.010973947,a,3,4,4,7
25.150000,SS,3,1,0.570243110,-0.431595951,0.590044359,-0.864134416,-0.159133688,-1.269215650,1.269965119,planner_track,0.017363011,0.001027484,0.006113898,-0.000212349,0.022526115,0.012480599,a,3,4,4,7
25.250000,SS,3,1,0.567509633,-0.440464364,0.587454393,-0.784429208,-0.149476316,-1.242328516,1.229009219,planner_track,0.017891573,0.001153408,0.005699221,-0.000227013,0.018295419,0.014051766,a,3,4,4,7
25.350000,SS,3,1,0.564406290,-0.442785260,0.567630425,-0.689277985,-0.138997982,-1.200505711,1.171241305,planner_track,0.018332894,0.001276018,0.005281685,-0.000237121,0.014784045,0.015607303,a,3,4,4,7
25.450000,SS,3,1,0.560953185,-0.438356595,0.532724196,-0.580929729,-0.127690535,-1.146530283,1.099883372,planner_track,0.018669571,0.001392772,0.004863526,-0.000242680,0.011974590,0.017083727,a,3,4,4,7
25.550000,SS,3,1,0.557174264,-0.427223741,0.484969996,-0.461974604,-0.115387255,-1.080446924,1.015414691,planner_track,0.018890056,0.001501739,0.004447121,-0.000243723,0.009832739,0.018435136,a,3,4,4,7
25.650000,SS,3,1,0.553097001,-0.408880868,0.435854672,-0.346991502,-0.101991345,-1.005028604,0.920940721,planner_track,0.018982160,0.001601205,0.004034947,-0.000240344,0.008292150,0.019622172,a,3,4,4,7
25.750000,SS,3,1,0.548751431,-0.382043052,0.408953092,-0.266123062,-0.087168816,-0.925405306,0.822720015,planner_track,0.018934834,0.001688769,0.003629497,-0.000232842,0.007242359,0.020596229,a,3,4,4,7
25.850000,SS,3,1,0.544170233,-0.348385170,0.373330290,-0.183080863,-0.071171745,-0.830941810,0.708547332,planner_track,0.018746441,0.001761606,0.003233281,-0.000221728,0.006537624,0.021306928,a,3,4,4,7
25.950000,SS,3,1,0.539390361,-0.307807563,0.331458668,-0.101359744,-0.053967142,-0.724161715,0.580968519,planner_track,0.018406676,0.001817329,0.002848928,-0.000207456,0.006031567,0.021706279,a,3,4,4,7
26.050000,SS,3,1,0.534452627,-0.260296305,0.285919624,-0.024629354,-0.035332415,-0.605095664,0.440449624,planner_track,0.017913248,0.001853761,0.002479200,-0.000190506,0.005612286,0.021752530,a,3,4,4,7
26.150000,SS,3,1,0.529401608,-0.205752974,0.239256684,0.043058464,-0.015185781,-0.474083128,0.287239473,planner_track,0.017267472,0.001868801,0.002126976,-0.000171381,0.005215518,0.021405283,a,3,4,4,7
26.250000,SS,3,1,0.524285357,-0.144027451,0.194000237,0.097433636,0.007339646,-0.333138623,0.125023210,planner_track,0.016487861,0.001860244,0.001795273,-0.000150668,0.004818203,0.020628739,a,3,4,4,7
26.350000,SS,3,1,0.519154913,-0.074855090,0.152225864,0.133573743,0.029453215,-0.180252356,-0.023916522,planner_track,0.015601155,0.001825643,0.001487208,-0.000129049,0.004424790,0.019388445,a,3,4,4,7
26.460000,DS,3,0,0.518590806,nan,nan,nan,-0.231653548,-0.146494696,-1.286040088,ds_hold,0.000000000,0.000000000,0.000000000,0.000000000,0.004020352,0.049036507,a,4,4,4,8
26.470000,DS,3,0,0.517941899,nan,nan,nan,-0.940060810,-3.232655260,0.906670201,ds_hold,0.007614150,-0.000008666,-0.000035442,-0.000000980,0.003253571,0.107076427,a,4,4,4,8
26.480000,DS,3,0,0.517255310,nan,nan,nan,0.941549637,-0.693972185,4.132146702,ds_hold,0.017459825,-0.000019359,-0.000075289,-0.000005049,0.002473924,0.147627398,a,4,4,4,8
26.490000,DS,3,0,0.516564800,nan,nan,nan,1.767660565,-0.013194632,5.000000000,ds_hold,0.027117374,-0.000029525,-0.000120057,-0.000011291,0.001809303,0.162888118,a,4,4,4,8
26.500000,DS,3,0,0.515887032,nan,nan,nan,2.028178023,0.078971939,5.000000000,ds_hold,0.035336899,-0.000038089,-0.000169143,-0.000019472,0.001288262,0.156492957,a,4,4,4,8
26.510000,DS,3,0,0.515229228,nan,nan,nan,2.019995899,-0.062165215,4.978263982,ds_hold,0.041703562,-0.000045006,-0.000221809,-0.000029354,0.000899105,0.135500107,a,4,4,4,8
26.520000,DS,3,0,0.514593000,nan,nan,nan,1.867536850,-0.153150056,4.960995789,ds_hold,0.046364427,-0.000050907,-0.000277701,-0.000040563,0.000617421,0.107226413,a,4,4,4,8
26.530000,DS,3,0,0.513976457,nan,nan,nan,1.612450319,-0.227801081,4.876171477,ds_hold,0.049809637,-0.000056680,-0.000336769,-0.000052636,0.000417960,0.078174594,a,4,4,4,8
26.540000,DS,3,0,0.513374841,nan,nan,nan,1.069653378,-0.009362411,2.706807783,ds_hold,0.052774179,-0.000062758,-0.000398241,-0.000065184,0.000279062,0.053433988,a,4,4,4,8
26.550000,DS,3,0,0.512782295,nan,nan,nan,0.791502874,-0.183919591,2.235268507,ds_hold,0.056068981,-0.000069438,-0.000461213,-0.000077901,0.000183592,0.040609872,a,4,4,4,8
26.560000,DS,3,0,0.512195203,nan,nan,nan,0.654942310,0.072297717,1.636915496,ds_hold,0.060210472,-0.000077086,-0.000525367,-0.000090472,0.000118387,0.046190052,a,4,4,4,8
26.570000,DS,3,0,0.511612628,nan,nan,nan,0.484839831,0.105664647,1.183475182,ds_hold,0.065388969,-0.000085741,-0.000590258,-0.000102571,0.000074036,0.060143786,a,4,4,4,8
26.580000,DS,3,0,0.511034795,nan,nan,nan,0.278975644,0.118385391,0.596903755,ds_hold,0.071585056,-0.000095507,-0.000655336,-0.000113946,0.000044213,0.073000488,a,4,4,4,8
26.590000,DS,3,0,0.510462050,nan,nan,nan,0.047774727,0.093969102,-0.038074271,ds_hold,0.078626864,-0.000106469,-0.000719956,-0.000124382,0.000024695,0.081636832,a,4,4,4,8
26.600000,DS,3,0,0.509894286,nan,nan,nan,-0.154734767,0.100755644,-0.620125781,ds_hold,0.086249043,-0.000118699,-0.000783518,-0.000133712,0.000012744,0.085735052,a,4,4,4,8
26.610000,DS,3,0,0.509331160,nan,nan,nan,-0.305410864,0.135615696,-1.067299111,ds_hold,0.094148721,-0.000132205,-0.000845554,-0.000141808,0.000007081,0.085934399,a,4,4,4,8
26.620000,DS,3,0,0.508772260,nan,nan,nan,-0.403842664,0.186696696,-1.369204682,ds_hold,0.102041820,-0.000146937,-0.000905756,-0.000148594,0.000006517,0.083153396,a,4,4,4,8
26.630000,DS,3,0,0.508217149,nan,nan,nan,-0.457234023,0.239951466,-1.537714243,ds_hold,0.109697892,-0.000162800,-0.000963971,-0.000154038,0.000007394,0.078315697,a,4,4,4,8
26.640000,DS,3,0,0.507665390,nan,nan,nan,-0.474050021,0.285768716,-1.591937861,ds_hold,0.116952239,-0.000179674,-0.001020172,-0.000158156,0.000007854,0.072238573,a,4,4,4,8
26.650000,DS,3,0,0.507116630,nan,nan,nan,-0.465856773,0.315544595,-1.559197379,ds_hold,0.123703028,-0.000197433,-0.001074421,-0.000160996,0.000007752,0.065588045,a,4,4,4,8
26.660000,DS,3,0,0.506570673,nan,nan,nan,-0.445515746,0.328940289,-1.481628203,ds_hold,0.129900502,-0.000215958,-0.001126826,-0.000162634,0.000007259,0.058869150,a,4,4,4,8
26.670000,DS,3,0,0.506027474,nan,nan,nan,-0.423139030,0.325369415,-1.389113956,ds_hold,0.135533223,-0.000235141,-0.001177503,-0.000163162,0.000006542,0.052442804,a,4,4,4,8
26.680000,DS,3,0,0.505487126,nan,nan,nan,-0.405088991,0.308254882,-1.303240105,ds_hold,0.140614479,-0.000254896,-0.001226552,-0.000162676,0.000005724,0.046546812,a,4,4,4,8
26.690000,DS,3,0,0.504949815,nan,nan,nan,-0.394966182,0.281596698,-1.235838990,ds_hold,0.145170948,-0.000275154,-0.001274048,-0.000161271,0.000004890,0.041318146,a,4,4,4,8
26.700000,DS,3,0,0.504415764,nan,nan,nan,-0.393542029,0.249694394,-1.192009936,ds_hold,0.149235147,-0.000295868,-0.001320031,-0.000159036,0.000004094,0.036818533,a,4,4,4,8
26.710000,DS,3,0,0.503885188,nan,nan,nan,-0.399959372,0.215147607,-1.171507934,ds_hold,0.152840890,-0.000317010,-0.001364516,-0.000156053,0.000003376,0.033050885,a,4,4,4,8
26.720000,DS,3,0,0.503358245,nan,nan,nan,-0.412182317,0.179940267,-1.170839990,ds_hold,0.156020871,-0.000338564,-0.001407492,-0.000152395,0.000002762,0.029974474,a,4,4,4,8
26.730000,DS,3,0,0.502834998,nan,nan,nan,-0.427191675,0.145525149,-1.183318673,ds_hold,0.158805697,-0.000360525,-0.001448941,-0.000148127,0.000002268,0.027525497,a,4,4,4,8
26.740000,DS,3,0,0.502315383,nan,nan,nan,-0.441402254,0.113194156,-1.200440311,ds_hold,0.161223907,-0.000382889,-0.001488843,-0.000143313,0.000001901,0.025642132,a,4,4,4,8
26.750000,DS,3,0,0.501799211,nan,nan,nan,-0.451447752,0.083833226,-1.213643887,ds_hold,0.163302587,-0.000405648,-0.001527187,-0.000138010,0.000001658,0.024285513,a,4,4,4,8
26.760000,DS,3,0,0.501286194,nan,nan,nan,-0.455078259,0.057802044,-1.216739965,ds_hold,0.165068150,-0.000428789,-0.001563984,-0.000132277,0.000001524,0.023445264,a,4,4,4,8
26.770000,DS,3,0,0.500775991,nan,nan,nan,-0.451710566,0.034829647,-1.207380691,ds_hold,0.166546903,-0.000452287,-0.001599258,-0.000126166,0.000001481,0.023124316,a,4,4,4,8
26.780000,DS,3,0,0.500268255,nan,nan,nan,-0.442311777,0.014228168,-1.186999276,ds_hold,0.167765128,-0.000476108,-0.001633051,-0.000119731,0.000001519,0.023310635,a,4,4,4,8
26.790000,DS,3,0,0.499762669,nan,nan,nan,-0.428683002,-0.004742017,-1.159153649,ds_hold,0.168748711,-0.000500208,-0.001665415,-0.000113021,0.000001628,0.023953681,a,4,4,4,8
26.800000,DS,3,0,0.499258964,nan,nan,nan,-0.412775230,-0.022582585,-1.127982064,ds_hold,0.169522515,-0.000524540,-0.001696402,-0.000106087,0.000001799,0.024960260,a,4,4,4,8
26.810000,DS,3,0,0.498756918,nan,nan,nan,-0.396166801,-0.039487553,-1.096836353,ds_hold,0.170109742,-0.000549052,-0.001726067,-0.000098971,0.000002015,0.026209164,a,4,4,4,8
26.820000,DS,3,0,0.498256356,nan,nan,nan,-0.379888654,-0.055375147,-1.067847705,ds_hold,0.170531459,-0.000573690,-0.001754459,-0.000091717,0.000002258,0.027572487,a,4,4,4,8
26.830000,DS,3,0,0.497757136,nan,nan,nan,-0.364461942,-0.070035646,-1.041922345,ds_hold,0.170806373,-0.000598401,-0.001781623,-0.000084364,0.000002505,0.028932929,a,4,4,4,8
26.840000,DS,3,0,0.497259147,nan,nan,nan,-0.350026864,-0.083231253,-1.019030190,ds_hold,0.170950830,-0.000623135,-0.001807598,-0.000076946,0.000002739,0.030193532,a,4,4,4,8
26.850000,DS,3,0,0.496762294,nan,nan,nan,-0.336486067,-0.094773825,-0.998529186,ds_hold,0.170979001,-0.000647842,-0.001832419,-0.000069495,0.000002946,0.031281223,a,4,4,4,8
26.860000,DS,3,0,0.496266500,nan,nan,nan,-0.323626144,-0.104554222,-0.979474316,ds_hold,0.170903173,-0.000672473,-0.001856120,-0.000062040,0.000003114,0.032146589,a,4,4,4,8
26.870000,DS,3,0,0.495771698,nan,nan,nan,-0.311207343,-0.112552037,-0.960853408,ds_hold,0.170734098,-0.000696984,-0.001878731,-0.000054608,0.000003237,0.032761727,a,4,4,4,8
26.880000,DS,3,0,0.495277828,nan,nan,nan,-0.299021577,-0.118825862,-0.941757581,ds_hold,0.170481336,-0.000721330,-0.001900283,-0.000047222,0.000003312,0.033117194,a,4,4,4,8
26.890000,DS,3,0,0.494784840,nan,nan,nan,-0.286923240,-0.123497281,-0.921482050,ds_hold,0.170153574,-0.000745471,-0.001920807,-0.000039904,0.000003339,0.033218625,a,4,4,4,8
26.900000,DS,3,0,0.494292691,nan,nan,nan,-0.274838371,-0.126729453,-0.899572169,ds_hold,0.169758882,-0.000769368,-0.001940336,-0.000032673,0.000003320,0.033083293,a,4,4,4,8
26.910000,DS,3,0,0.493801342,nan,nan,nan,-0.262758436,-0.128706270,-0.875823392,ds_hold,0.169304911,-0.000792984,-0.001958902,-0.000025548,0.000003260,0.032736813,a,4,4,4,8
26.920000,DS,3,0,0.493310763,nan,nan,nan,-0.250724929,-0.129613379,-0.850250965,ds_hold,0.168799023,-0.000816285,-0.001976542,-0.000018545,0.000003163,0.032210123,a,4,4,4,8
26.930000,DS,3,0,0.492820926,nan,nan,nan,-0.238810395,-0.129624052,-0.823041413,ds_hold,0.168248363,-0.000839241,-0.001993291,-0.000011680,0.000003036,0.031536830,a,4,4,4,8
26.940000,DS,3,0,0.492331810,nan,nan,nan,-0.227100211,-0.128890159,-0.794498440,ds_hold,0.167659886,-0.000861824,-0.002009186,-0.000004967,0.000002885,0.030750978,a,4,4,4,8
26.950000,DS,3,0,0.491843399,nan,nan,nan,-0.215677876,-0.127538448,-0.764991403,ds_hold,0.167040339,-0.000884008,-0.002024266,0.000001583,0.000002717,0.029885263,a,4,4,4,8
26.960000,DS,3,0,0.491355676,nan,nan,nan,-0.204614987,-0.125670868,-0.734912096,ds_hold,0.166396227,-0.000905774,-0.002038567,0.000007957,0.000002538,0.028969680,a,4,4,4,8
26.970000,DS,3,0,0.490868630,nan,nan,nan,-0.193965856,-0.123367674,-0.704641906,ds_hold,0.165733761,-0.000927102,-0.002052129,0.000014147,0.000002354,0.028030584,a,4,4,4,8
26.980000,DS,3,0,0.490382250,nan,nan,nan,-0.183765968,-0.120691822,-0.674529545,ds_hold,0.165058804,-0.000947977,-0.002064988,0.000020145,0.000002170,0.027090129,a,4,4,4,8
26.990000,DS,3,0,0.489896525,nan,nan,nan,-0.174033151,-0.117693606,-0.644877892,ds_hold,0.164376816,-0.000968387,-0.002077180,0.000025943,0.000001992,0.026166035,a,4,4,4,8
27.000000,DS,3,0,0.489411445,nan,nan,nan,-0.164770343,-0.114414747,-0.615938059,ds_hold,0.163692809,-0.000988324,-0.002088741,0.000031536,0.000001823,0.025271640,a,4,4,4,8
27.010000,DS,3,0,0.488926999,nan,nan,nan,-0.155969033,-0.110891614,-0.587908587,ds_hold,0.163011309,-0.001007781,-0.002099705,0.000036922,0.000001665,0.024416184,a,4,4,4,8
27.020000,DS,3,0,0.488443177,nan,nan,nan,-0.147612714,-0.107157470,-0.560938020,ds_hold,0.162336337,-0.001026754,-0.002110102,0.000042097,0.000001523,0.023605273,a,4,4,4,8
27.030000,DS,3,0,0.487959966,nan,nan,nan,-0.139679949,-0.103243827,-0.535129409,ds_hold,0.161671388,-0.001045240,-0.002119965,0.000047062,0.000001396,0.022841454,a,4,4,4,8
27.040000,DS,3,0,0.487477354,nan,nan,nan,-0.132146841,-0.099181113,-0.510545748,ds_hold,0.161019438,-0.001063241,-0.002129322,0.000051815,0.000001286,0.022124856,a,4,4,4,8
27.050000,DS,3,0,0.486995327,nan,nan,nan,-0.124988861,-0.094998822,-0.487215656,ds_hold,0.160382951,-0.001080759,-0.002138200,0.000056359,0.000001191,0.021453823,a,4,4,4,8
27.060000,DS,3,0,0.486513870,nan,nan,nan,-0.118182091,-0.090725365,-0.465138893,ds_hold,0.159763898,-0.001097795,-0.002146625,0.000060696,0.000001112,0.020825501,a,4,4,4,8
27.070000,DS,3,0,0.486032969,nan,nan,nan,-0.111703955,-0.086387758,-0.444291515,ds_hold,0.159163789,-0.001114356,-0.002154620,0.000064830,0.000001045,0.020236345,a,4,4,4,8
27.080000,DS,3,0,0.485552607,nan,nan,nan,-0.105533577,-0.082011270,-0.424630573,ds_hold,0.158583705,-0.001130446,-0.002162209,0.000068765,0.000000991,0.019682518,a,4,4,4,8
27.090000,DS,3,0,0.485072769,nan,nan,nan,-0.099651864,-0.077619122,-0.406098361,ds_hold,0.158024339,-0.001146071,-0.002169411,0.000072505,0.000000945,0.019160176,a,4,4,4,8
27.100000,DS,3,0,0.484593439,nan,nan,nan,-0.094041429,-0.073232266,-0.388626232,ds_hold,0.157486036,-0.001161237,-0.002176247,0.000076057,0.000000907,0.018665660,a,4,4,4,8
27.110000,DS,3,0,0.484114600,nan,nan,nan,-0.088686426,-0.068869289,-0.372138039,ds_hold,0.156968841,-0.001175953,-0.002182735,0.000079426,0.000000875,0.018195590,a,4,4,4,8
27.120000,DS,3,0,0.483636237,nan,nan,nan,-0.083572358,-0.064546410,-0.356553216,ds_hold,0.156472542,-0.001190225,-0.002188892,0.000082619,0.000000848,0.017746902,a,4,4,4,8
27.130000,DS,3,0,0.483158333,nan,nan,nan,-0.078685901,-0.060277593,-0.341789543,ds_hold,0.155996711,-0.001204060,-0.002194735,0.000085642,0.000000825,0.017316840,a,4,4,4,8
27.140000,DS,3,0,0.482680873,nan,nan,nan,-0.074014762,-0.056074727,-0.327765572,ds_hold,0.155540751,-0.001217467,-0.002200279,0.000088502,0.000000805,0.016902920,a,4,4,4,8
27.150000,DS,3,0,0.482203843,nan,nan,nan,-0.069547577,-0.051947857,-0.314402740,ds_hold,0.155103929,-0.001230452,-0.002205539,0.000091206,0.000000788,0.016502897,a,4,4,4,8
27.160000,DS,3,0,0.481727229,nan,nan,nan,-0.065273842,-0.047905444,-0.301627137,ds_hold,0.154685413,-0.001243024,-0.002210528,0.000093761,0.000000773,0.016114725,a,4,4,4,8
27.170000,DS,3,0,0.481251017,nan,nan,nan,-0.061183875,-0.043954629,-0.289370920,ds_hold,0.154284305,-0.001255189,-0.002215260,0.000096173,0.000000759,0.015736538,a,4,4,4,8
27.180000,DS,3,0,0.480775194,nan,nan,nan,-0.057268796,-0.040101488,-0.277573374,ds_hold,0.153899667,-0.001266955,-0.002219747,0.000098451,0.000000748,0.015366638,a,4,4,4,8
27.190000,DS,3,0,0.480299749,nan,nan,nan,-0.053520506,-0.036351258,-0.266181609,ds_hold,0.153530542,-0.001278329,-0.002224001,0.000100599,0.000000738,0.015003496,a,4,4,4,8
27.200000,DS,3,0,0.479824672,nan,nan,nan,-0.049931665,-0.032708532,-0.255150920,ds_hold,0.153175979,-0.001289318,-0.002228035,0.000102626,0.000000729,0.014645762,a,4,4,4,8
27.210000,DS,3,0,0.479349951,nan,nan,nan,-0.046495660,-0.029177419,-0.244444814,ds_hold,0.152835041,-0.001299930,-0.002231859,0.000104537,0.000000720,0.014292281,a,4,4,4,8
27.220000,DS,3,0,0.478875578,nan,nan,nan,-0.043206559,-0.025761670,-0.234034753,ds_hold,0.152506825,-0.001310172,-0.002235484,0.000106339,0.000000712,0.013942104,a,4,4,4,8
27.230000,DS,3,0,0.478401543,nan,nan,nan,-0.040059049,-0.022464768,-0.223899652,ds_hold,0.152190463,-0.001320050,-0.002238922,0.000108038,0.000000704,0.013594500,a,4,4,4,8
27.240000,DS,3,0,0.477927841,nan,nan,nan,-0.037048369,-0.019289983,-0.214025178,ds_hold,0.151885137,-0.001329571,-0.002242181,0.000109641,0.000000695,0.013248962,a,4,4,4,8
27.250000,DS,3,0,0.477454462,nan,nan,nan,-0.034170226,-0.016240410,-0.204402902,ds_hold,0.151590073,-0.001338744,-0.002245272,0.000111153,0.000000687,0.012905200,a,4,4,4,8
27.260000,DS,3,0,0.476981402,nan,nan,nan,-0.031420719,-0.013318977,-0.195029355,ds_hold,0.151304553,-0.001347574,-0.002248204,0.000112579,0.000000677,0.012563131,a,4,4,4,8
27.270000,DS,3,0,0.476508653,nan,nan,nan,-0.028796252,-0.010528443,-0.185905048,ds_hold,0.151027909,-0.001356069,-0.002250986,0.000113926,0.000000667,0.012222858,a,4,4,4,8
27.280000,DS,3,0,0.476036211,nan,nan,nan,-0.026293460,-0.007871371,-0.177033479,ds_hold,0.150759522,-0.001364236,-0.002253628,0.000115198,0.000000657,0.011884642,a,4,4,4,8
27.290000,DS,3,0,0.475564070,nan,nan,nan,-0.023909137,-0.005350105,-0.168420187,ds_hold,0.150498824,-0.001372083,-0.002256137,0.000116400,0.000000646,0.011548873,a,4,4,4,8
27.300000,DS,3,0,0.475092226,nan,nan,nan,-0.021640184,-0.002966731,-0.160071869,ds_hold,0.150245294,-0.001379616,-0.002258521,0.000117538,0.000000634,0.011216038,a,4,4,4,8
27.310000,DS,3,0,0.474620675,nan,nan,nan,-0.019483551,-0.000723038,-0.151995595,ds_hold,0.149998455,-0.001386844,-0.002260788,0.000118616,0.000000622,0.010886682,a,4,4,4,8
27.320000,DS,3,0,0.474149413,nan,nan,nan,-0.017436208,0.001379523,-0.144198124,ds_hold,0.149757869,-0.001393774,-0.002262945,0.000119639,0.000000609,0.010561379,a,4,4,4,8
27.330000,DS,3,0,0.473678435,nan,nan,nan,-0.015495118,0.003339880,-0.136685341,ds_hold,0.149523139,-0.001400413,-0.002264998,0.000120611,0.000000596,0.010240700,a,4,4,4,8
27.340000,DS,3,0,0.473207738,nan,nan,nan,-0.013657218,0.005157376,-0.129461811,ds_hold,0.149293899,-0.001406769,-0.002266955,0.000121536,0.000000583,0.009925191,a,4,4,4,8
27.350000,DS,3,0,0.472737319,nan,nan,nan,-0.011919416,0.006831802,-0.122530458,ds_hold,0.149069819,-0.001412850,-0.002268822,0.000122418,0.000000569,0.009615349,a,4,4,4,8
27.360000,DS,3,0,0.472267173,nan,nan,nan,-0.010278588,0.008363426,-0.115892343,ds_hold,0.148850597,-0.001418663,-0.002270603,0.000123262,0.000000556,0.009311607,a,4,4,4,8
27.370000,DS,3,0,0.471797297,nan,nan,nan,-0.008731584,0.009753013,-0.109546555,ds_hold,0.148635956,-0.001424217,-0.002272304,0.000124070,0.000000541,0.009014327,a,4,4,4,8
27.380000,DS,3,0,0.471327688,nan,nan,nan,-0.007275239,0.011001835,-0.103490190,ds_hold,0.148425647,-0.001429518,-0.002273929,0.000124846,0.000000527,0.008723793,a,4,4,4,8
27.390000,DS,3,0,0.470858341,nan,nan,nan,-0.005906386,0.012111680,-0.097718409,ds_hold,0.148219443,-0.001434575,-0.002275485,0.000125594,0.000000513,0.008440209,a,4,4,4,8
27.400000,DS,3,0,0.470389253,nan,nan,nan,-0.004621867,0.013084847,-0.092224556,ds_hold,0.148017138,-0.001439395,-0.002276973,0.000126317,0.000000499,0.008163706,a,4,4,4,8
27.410000,DS,3,0,0.469920421,nan,nan,nan,-0.003418549,0.013924131,-0.087000335,ds_hold,0.147818547,-0.001443986,-0.002278400,0.000127017,0.000000484,0.007894344,a,4,4,4,8
27.420000,DS,3,0,0.469451840,nan,nan,nan,-0.002293336,0.014632808,-0.082036021,ds_hold,0.147623503,-0.001448354,-0.002279766,0.000127697,0.000000470,0.007632124,a,4,4,4,8
27.430000,DS,3,0,0.468983506,nan,nan,nan,-0.001243188,0.015214603,-0.077320700,ds_hold,0.147431858,-0.001452509,-0.002281077,0.000128360,0.000000455,0.007376993,a,4,4,4,8
27.440000,DS,3,0,0.468515416,nan,nan,nan,-0.000265124,0.015673657,-0.072842521,ds_hold,0.147243479,-0.001456456,-0.002282335,0.000129009,0.000000441,0.007128854,a,4,4,4,8
27.450000,DS,3,0,0.468047565,nan,nan,nan,0.000643763,0.016014489,-0.068588958,ds_hold,0.147058251,-0.001460203,-0.002283543,0.000129645,0.000000426,0.006887577,a,4,4,4,8
27.460000,DS,3,0,0.467579949,nan,nan,nan,0.001486298,0.016241948,-0.064547059,ds_hold,0.146876075,-0.001463757,-0.002284703,0.000130271,0.000000412,0.006653005,a,4,4,4,8
27.470000,DS,3,0,0.467112564,nan,nan,nan,0.002265220,0.016361167,-0.060703695,ds_hold,0.146696865,-0.001467124,-0.002285817,0.000130889,0.000000397,0.006424963,a,4,4,4,8
27.480000,DS,3,0,0.466645407,nan,nan,nan,0.002983180,0.016377509,-0.057045784,ds_hold,0.146520550,-0.001470312,-0.002286888,0.000131499,0.000000383,0.006203262,a,4,4,4,8
27.490000,DS,3,0,0.466178472,nan,nan,nan,0.003642732,0.016296519,-0.053560493,ds_hold,0.146347070,-0.001473327,-0.002287917,0.000132105,0.000000369,0.005987708,a,4,4,4,8
27.500000,DS,3,0,0.465711756,nan,nan,nan,0.004246342,0.016123870,-0.050235416,ds_hold,0.146176382,-0.001476174,-0.002288906,0.000132708,0.000000355,0.005778103,a,4,4,4,8
27.510000,DS,3,0,0.465245255,nan,nan,nan,0.004796384,0.015865311,-0.047058726,ds_hold,0.146008450,-0.001478861,-0.002289858,0.000133308,0.000000342,0.005574246,a,4,4,4,8
27.520000,DS,3,0,0.464778964,nan,nan,nan,0.005295144,0.015526621,-0.044019292,ds_hold,0.145843250,-0.001481394,-0.002290772,0.000133907,0.000000329,0.005375943,a,4,4,4,8
27.530000,DS,3,0,0.464312879,nan,nan,nan,0.005744824,0.015113560,-0.041106773,ds_hold,0.145680770,-0.001483778,-0.002291651,0.000134505,0.000000315,0.005183002,a,4,4,4,8
27.540000,DS,3,0,0.463846997,nan,nan,nan,0.006147550,0.014631830,-0.038311678,ds_hold,0.145521005,-0.001486018,-0.002292497,0.000135105,0.000000303,0.004995236,a,4,4,4,8
27.550000,DS,3,0,0.463381314,nan,nan,nan,0.006505372,0.014087033,-0.035625405,ds_hold,0.145363957,-0.001488121,-0.002293309,0.000135706,0.000000290,0.004812466,a,4,4,4,8
27.560000,DS,3,0,0.462915826,nan,nan,nan,0.006820276,0.013484639,-0.033040248,ds_hold,0.145209636,-0.001490091,-0.002294090,0.000136310,0.000000278,0.004634520,a,4,4,4,8
27.570000,DS,3,0,0.462450529,nan,nan,nan,0.007094188,0.012829959,-0.030549387,ds_hold,0.145058057,-0.001491935,-0.002294841,0.000136916,0.000000267,0.004461234,a,4,4,4,8
27.580000,DS,3,0,0.461985419,nan,nan,nan,0.007328980,0.012128116,-0.028146858,ds_hold,0.144909240,-0.001493656,-0.002295562,0.000137526,0.000000255,0.004292453,a,4,4,4,8
27.590000,DS,3,0,0.461520494,nan,nan,nan,0.007526475,0.011384026,-0.025827507,ds_hold,0.144763209,-0.001495260,-0.002296255,0.000138139,0.000000244,0.004128033,a,4,4,4,8
27.600000,DS,3,0,0.461055749,nan,nan,nan,0.007688456,0.010602388,-0.023586925,ds_hold,0.144619990,-0.001496751,-0.002296920,0.000138757,0.000000234,0.003967835,a,4,4,4,8
27.610000,DS,3,0,0.460591181,nan,nan,nan,0.007816669,0.009787667,-0.021421383,ds_hold,0.144479608,-0.001498135,-0.002297558,0.000139378,0.000000224,0.003811735,a,4,4,4,8
27.620000,DS,3,0,0.460126787,nan,nan,nan,0.007912830,0.008944091,-0.019327755,ds_hold,0.144342094,-0.001499415,-0.002298171,0.000140004,0.000000214,0.003659614,a,4,4,4,8
27.630000,DS,3,0,0.459662564,nan,nan,nan,0.007978625,0.008075649,-0.017303436,ds_hold,0.144207473,-0.001500596,-0.002298759,0.000140634,0.000000204,0.003511368,a,4,4,4,8
27.640000,DS,3,0,0.459198508,nan,nan,nan,0.008015715,0.007186087,-0.015346262,ds_hold,0.144075772,-0.001501682,-0.002299322,0.000141268,0.000000195,0.003366897,a,4,4,4,8
27.650000,SS,4,1,0.454641622,0.668229382,-1.461251425,4.999960214,-0.570053495,0.454245600,-2.600931158,planner_track,0.148822627,0.000000480,0.000022560,0.000008722,0.799710189,0.001696644,b,4,4,5,9
27.750000,SS,4,1,0.450509985,0.718028840,-1.548486095,4.999979338,-0.681531371,0.765560170,-3.660627412,planner_track,0.144201271,-0.000011958,0.000076471,0.000047265,0.797962512,0.006635972,b,4,4,5,9
27.850000,SS,4,1,0.447010972,0.661799304,-1.505025942,4.999988379,-0.834097148,1.173902337,-4.812587888,planner_track,0.135723848,-0.000105970,0.000128133,0.000110692,0.793604632,0.010996345,b,4,4,5,9
27.950000,SS,4,1,0.444337619,0.596215385,-1.479443024,4.999989865,-0.801135513,1.608279828,-5.000000000,planner_track,0.124820778,-0.000329045,0.000148189,0.000194490,0.785720591,0.015277948,b,4,4,5,9
28.050000,SS,4,1,0.442565295,0.484239810,-1.426040810,4.999990352,-0.608002952,1.918508215,-4.820701040,planner_track,0.111967929,-0.000721900,0.000055598,0.000299337,0.773651474,0.021076830,b,4,4,5,9
28.150000,SS,4,1,0.441721274,0.382855502,-1.391991953,4.999990456,-0.502406629,2.259971927,-4.791384278,planner_track,0.098674043,-0.001309867,-0.000222555,0.000421570,0.756968419,0.030194850,b,4,4,5,9
28.250000,SS,4,1,0.441848909,0.277700247,-1.365885254,4.999990109,-0.421961942,2.546774241,-4.774406787,planner_track,0.085461428,-0.002096090,-0.000731026,0.000557970,0.735457752,0.043866954,b,4,4,5,9
28.350000,SS,4,1,0.442981765,0.151817404,-1.336200378,4.999989474,-0.363469449,2.778922437,-4.762034696,planner_track,0.072750492,-0.003066979,-0.001488572,0.000703371,0.709106117,0.062167962,b,4,4,5,9
28.450000,SS,4,1,0.445142697,0.001511836,-1.293397413,4.999988781,-0.338302835,2.954031816,-4.769872913,planner_track,0.061026224,-0.004195497,-0.002490059,0.000851215,0.678079678,0.084393883,b,4,4,5,9
28.550000,SS,4,1,0.448335200,-0.170857830,-1.226742672,4.999987029,-0.470046673,2.976058024,-4.797726596,planner_track,0.051090664,-0.005455965,-0.003712361,0.000992199,0.642675904,0.108887052,b,4,4,5,9
28.650000,SS,4,1,0.452553807,-0.391955856,-1.068109081,4.999984423,-0.657100023,2.914195769,-4.933856523,planner_track,0.042987246,-0.006838409,-0.005114537,0.001114349,0.603291687,0.132521963,b,4,4,5,9
28.750000,SS,4,1,0.457786396,-0.690211779,-0.760332552,4.999981059,-0.815939390,2.733236554,-5.000000000,planner_track,0.035418064,-0.008320132,-0.006626228,0.001206154,0.560475630,0.152308409,b,4,4,5,9
28.850000,SS,4,1,0.464005601,-1.036283128,-0.320593509,4.999973252,-0.973561675,2.471149233,-5.000000000,planner_track,0.027811698,-0.009865825,-0.008152443,0.001255772,0.514888770,0.165816494,b,4,4,5,9
28.950000,SS,4,1,0.471180555,-1.405302424,0.239581587,4.999925996,-1.127266027,2.120241661,-5.000000000,planner_track,0.023640517,-0.011429558,-0.009577666,0.001253070,0.467269779,0.171318354,b,4,4,5,9
29.050000,SS,4,1,0.479273274,-1.812064302,0.909712049,4.754483539,-1.277339273,1.675064823,-5.000000000,planner_track,0.033657672,-0.012957513,-0.010769447,0.001189875,0.418409479,0.167644124,b,4,4,5,9
29.150000,SS,4,1,0.488223137,-2.251247483,1.670655943,4.157483739,-1.240479953,1.237157323,-4.322440410,planner_track,0.059622946,-0.014393093,-0.011592919,0.001062060,0.369132138,0.154247629,b,4,4,5,9
29.250000,SS,4,1,0.497748573,-2.744302644,2.499468016,3.136423124,-0.683438500,0.651628269,-1.783469012,planner_track,0.098597270,-0.015706125,-0.012030801,0.000881290,0.320301865,0.132522439,b,4,4,5,9
29.350000,SS,4,1,0.507453777,-3.221667122,3.328453501,1.614417363,-0.301221287,0.196229413,0.090705453,planner_track,0.145061074,-0.016875000,-0.012141782,0.000663872,0.272788067,0.105169501,b,4,4,5,9
29.450000,SS,4,1,0.517051544,-3.436103169,4.007975845,1.145009756,0.065998347,-0.311393458,1.716738902,planner_track,0.198650469,-0.017859320,-0.011968825,0.000433789,0.227417494,0.076412065,b,4,4,5,9
29.550000,SS,4,1,0.526265560,-3.485299633,4.557871393,1.374437700,0.325816420,-0.776459917,2.942034132,planner_track,0.254149877,-0.018617083,-0.011538710,0.000210529,0.184945154,0.053868866,b,4,4,5,9
29.650000,SS,4,1,0.534871134,-3.374176030,4.939881163,2.044689052,0.513484541,-1.249299435,3.893847685,planner_track,0.309646375,-0.019106127,-0.010874080,0.000014374,0.146037392,0.051970231,b,4,4,5,9
29.750000,SS,4,1,0.542665593,-3.399816548,4.999938840,1.604417156,0.718299303,-1.744981655,4.884051722,planner_track,0.362769313,-0.019293965,-0.010003174,-0.000137738,0.111254408,0.071740370,b,4,4,5,9
29.850000,SS,4,1,0.549470120,-3.387078609,4.999966204,0.926416680,0.694836405,-2.239214702,4.934533720,planner_track,0.409785950,-0.019155487,-0.008946388,-0.000237431,0.081028147,0.098518759,b,4,4,5,9
29.950000,SS,4,1,0.555224861,-3.280498139,4.999966561,0.231672886,0.596822054,-2.732415271,4.792688357,planner_track,0.448776230,-0.018670012,-0.007684865,-0.000286202,0.055638627,0.124500665,b,4,4,5,9
30.050000,SS,4,1,0.559894310,-3.126451831,4.999948832,-0.467420910,0.556808945,-3.175018339,4.779565996,planner_track,0.478964576,-0.017834102,-0.006206513,-0.000290927,0.035212115,0.147031872,b,4,4,5,9
30.150000,SS,4,1,0.563440788,-2.926150647,4.976960892,-1.168517155,0.550635605,-3.510113792,4.775685595,planner_track,0.499383957,-0.016662585,-0.004521072,-0.000261745,0.019728932,0.165419781,b,4,4,5,9
30.250000,SS,4,1,0.565846871,-2.743076437,4.498774091,-1.837472637,0.618285260,-3.658235894,4.814441460,planner_track,0.509628796,-0.015187480,-0.002661456,-0.000208705,0.009124953,0.179698566,b,4,4,5,9
30.350000,SS,4,1,0.567110593,-2.514631278,3.874978011,-2.474408867,0.752151708,-3.619537472,4.878839396,planner_track,0.509734372,-0.013457280,-0.000687503,-0.000140574,0.004055914,0.190120634,b,4,4,5,9
30.450000,SS,4,1,0.567250537,-2.220903567,3.127079648,-3.070180316,0.955963573,-3.351434124,4.980899262,planner_track,0.499792193,-0.011538067,0.001311080,-0.000065434,0.004563769,0.196647511,b,4,4,5,9
30.550000,SS,4,1,0.566311026,-1.849378500,2.280118449,-3.618602555,1.118293884,-2.633359149,5.000000000,planner_track,0.479763634,-0.009528543,0.003213024,0.000013688,0.005431066,0.198824536,b,4,4,5,9
30.650000,SS,4,1,0.564376005,-1.440020575,1.442306394,-4.019991460,1.328212430,-1.622839902,5.000000000,planner_track,0.452258482,-0.007575757,0.004861565,0.000102549,0.005549003,0.195735891,b,4,4,5,9
30.750000,SS,4,1,0.561529149,-1.007756751,0.721287665,-4.140365546,1.349478140,-0.998735299,5.000000000,planner_track,0.421897207,-0.005791008,0.006128231,0.000197530,0.005340638,0.187162698,b,4,4,5,9
30.850000,SS,4,1,0.557910596,-0.582527639,0.195092195,-4.049190296,1.096750264,-0.705114032,4.075630758,planner_track,0.388303088,-0.004195987,0.007021930,0.000289154,0.005045374,0.174562384,b,4,4,5,9
30.950000,SS,4,1,0.553687513,-0.247777468,-0.224413696,-3.960347461,0.904917618,-0.554630749,3.429396596,planner_track,0.352489665,-0.002792982,0.007595940,0.000371352,0.004762666,0.159566241,b,4,4,5,9
31.060000,DS,4,0,0.553147887,nan,nan,nan,-0.412646996,-1.830037726,4.854719726,ds_hold,0.000000000,0.000000000,0.000000000,0.000000000,0.004329389,0.192394701,b,4,5,5,10
31.070000,DS,4,0,0.552412724,nan,nan,nan,-1.188968988,-5.000000000,5.000000000,ds_hold,0.003842288,0.000111872,0.000014475,-0.000005392,0.003508574,0.249359509,b,4,5,5,10
31.080000,DS,4,0,0.551566862,nan,nan,nan,-0.302755152,-5.000000000,5.000000000,ds_hold,0.009423372,0.000212619,0.000014741,-0.000020652,0.002673702,0.287439469,b,4,5,5,10
31.090000,DS,4,0,0.550672553,nan,nan,nan,0.148320113,-5.000000000,5.000000000,ds_hold,0.017463673,0.000301400,0.000007454,-0.000043423,0.001960883,0.295404589,b,4,5,5,10
31.100000,DS,4,0,0.549770209,nan,nan,nan,0.440595638,-4.467046001,5.000000000,ds_hold,0.028345978,0.000377187,-0.000002613,-0.000071555,0.001400555,0.278768143,b,4,5,5,10
31.110000,DS,4,0,0.548893814,nan,nan,nan,2.026332219,0.623865053,4.994105866,ds_hold,0.041880552,0.000439706,-0.000011590,-0.000100428,0.000980017,0.249457647,b,4,5,5,10
31.120000,DS,4,0,0.548067204,nan,nan,nan,2.316101670,2.752831310,4.869196145,ds_hold,0.057407545,0.000488819,-0.000016910,-0.000124925,0.000673692,0.219277289,b,4,5,5,10
31.130000,DS,4,0,0.547297399,nan,nan,nan,2.094564711,3.313116338,4.829598565,ds_hold,0.074176979,0.000524335,-0.000017903,-0.000142918,0.000455579,0.196069764,b,4,5,5,10
31.140000,DS,4,0,0.546582946,nan,nan,nan,1.712708657,3.045968587,4.830075390,ds_hold,0.091523113,0.000546657,-0.000014912,-0.000154000,0.000303149,0.182368193,b,4,5,5,10
31.150000,DS,4,0,0.545918272,nan,nan,nan,1.323361034,2.374039451,4.848610615,ds_hold,0.108925233,0.000556775,-0.000008777,-0.000158750,0.000198391,0.175718633,b,4,5,5,10
31.160000,DS,4,0,0.545296013,nan,nan,nan,0.985978930,1.553102548,4.874427482,ds_hold,0.126005365,0.000556088,-0.000000558,-0.000158256,0.000127588,0.171541688,b,4,5,5,10
31.170000,DS,4,0,0.544708263,nan,nan,nan,0.717531753,0.737114187,4.902314783,ds_hold,0.142501985,0.000546217,0.000008619,-0.000153808,0.000080616,0.166085319,b,4,5,5,10
31.180000,DS,4,0,0.544147278,nan,nan,nan,0.516452057,0.013466698,4.929743192,ds_hold,0.158240485,0.000528834,0.000017637,-0.000146703,0.000050159,0.157454024,b,4,5,5,10
31.190000,DS,4,0,0.543605834,nan,nan,nan,0.352716371,-0.570795526,4.807027460,ds_hold,0.173116524,0.000505559,0.000025507,-0.000138128,0.000030976,0.145255332,b,4,5,5,10
31.200000,DS,4,0,0.543077155,nan,nan,nan,-0.133019035,-0.928558879,2.028737243,ds_hold,0.187226396,0.000478305,0.000032542,-0.000129141,0.000019177,0.129283501,b,4,5,5,10
31.210000,DS,4,0,0.542556812,nan,nan,nan,-0.214630932,-0.986543191,0.663343424,ds_hold,0.200803313,0.000449067,0.000039912,-0.000120477,0.000011984,0.110396665,b,4,5,5,10
31.220000,DS,4,0,0.542042547,nan,nan,nan,-0.242055493,-0.961891760,-0.189928272,ds_hold,0.214024709,0.000419348,0.000048204,-0.000112521,0.000007658,0.090417488,b,4,5,5,10
31.230000,DS,4,0,0.541532288,nan,nan,nan,-0.254512254,-0.876440829,-0.692599821,ds_hold,0.227004465,0.000390232,0.000057620,-0.000105503,0.000005093,0.071081109,b,4,5,5,10
31.240000,DS,4,0,0.541023778,nan,nan,nan,-0.241619660,-0.780498320,-0.774827036,ds_hold,0.239804714,0.000362295,0.000068022,-0.000099528,0.000003545,0.054310346,b,4,5,5,10
31.250000,DS,4,0,0.540515255,nan,nan,nan,-0.214318919,-0.567694319,-0.655532532,ds_hold,0.252417030,0.000335724,0.000079066,-0.000094538,0.000002559,0.041410886,b,4,5,5,10
31.260000,DS,4,0,0.540006073,nan,nan,nan,-0.198681485,-0.381551479,-0.515004943,ds_hold,0.264778554,0.000310558,0.000090442,-0.000090341,0.000002024,0.032821845,b,4,5,5,10
31.270000,DS,4,0,0.539496180,nan,nan,nan,-0.196064644,-0.250060275,-0.414684141,ds_hold,0.276827932,0.000286755,0.000101944,-0.000086739,0.000001949,0.028444760,b,4,5,5,10
31.280000,DS,4,0,0.538985773,nan,nan,nan,-0.196537039,-0.159157796,-0.345871139,ds_hold,0.288519037,0.000264263,0.000113448,-0.000083574,0.000002178,0.027376884,b,4,5,5,10
31.290000,DS,4,0,0.538475176,nan,nan,nan,-0.198531260,-0.095859700,-0.306184882,ds_hold,0.299820997,0.000243045,0.000124888,-0.000080726,0.000002502,0.028242785,b,4,5,5,10
31.300000,DS,4,0,0.537964687,nan,nan,nan,-0.203248124,-0.056041383,-0.281922586,ds_hold,0.310715974,0.000223073,0.000136228,-0.000078106,0.000002814,0.029899982,b,4,5,5,10
31.310000,DS,4,0,0.537454409,nan,nan,nan,-0.210546505,-0.026440569,-0.247670289,ds_hold,0.321193172,0.000204307,0.000147416,-0.000075660,0.000003082,0.031639869,b,4,5,5,10
31.320000,DS,4,0,0.536944329,nan,nan,nan,-0.216878803,0.016402565,-0.194654232,ds_hold,0.331237424,0.000186689,0.000158375,-0.000073333,0.000003300,0.033092021,b,4,5,5,10
31.330000,DS,4,0,0.536434447,nan,nan,nan,-0.225047272,0.062379876,-0.137168055,ds_hold,0.340825793,0.000170137,0.000169024,-0.000071063,0.000003469,0.034121351,b,4,5,5,10
31.340000,DS,4,0,0.535924767,nan,nan,nan,-0.233815823,0.108081846,-0.077963342,ds_hold,0.349932056,0.000154554,0.000179277,-0.000068783,0.000003593,0.034730727,b,4,5,5,10
31.350000,DS,4,0,0.535415305,nan,nan,nan,-0.242133528,0.151271689,-0.019325823,ds_hold,0.358529631,0.000139835,0.000189058,-0.000066426,0.000003671,0.034992851,b,4,5,5,10
31.360000,DS,4,0,0.534906092,nan,nan,nan,-0.249306393,0.190080299,0.036135687,ds_hold,0.366593874,0.000125869,0.000198297,-0.000063930,0.000003708,0.035008466,b,4,5,5,10
31.370000,DS,4,0,0.534397172,nan,nan,nan,-0.254918339,0.222946318,0.085659824,ds_hold,0.374103992,0.000112549,0.000206938,-0.000061237,0.000003707,0.034880069,b,4,5,5,10
31.380000,DS,4,0,0.533888602,nan,nan,nan,-0.258761236,0.248677731,0.126664928,ds_hold,0.381044583,0.000099775,0.000214937,-0.000058300,0.000003671,0.034694450,b,4,5,5,10
31.390000,DS,4,0,0.533380447,nan,nan,nan,-0.260781279,0.266516849,0.157071866,ds_hold,0.387406738,0.000087459,0.000222268,-0.000055081,0.000003608,0.034511501,b,4,5,5,10
31.400000,DS,4,0,0.532872781,nan,nan,nan,-0.261034333,0.276169013,0.175547906,ds_hold,0.393188684,0.000075531,0.000228918,-0.000051555,0.000003521,0.034359222,b,4,5,5,10
31.410000,DS,4,0,0.532365676,nan,nan,nan,-0.259647535,0.277784338,0.181637523,ds_hold,0.398395936,0.000063934,0.000234896,-0.000047705,0.000003419,0.034235283,b,4,5,5,10
31.420000,DS,4,0,0.531859208,nan,nan,nan,-0.256787811,0.271897466,0.175769964,ds_hold,0.403041016,0.000052630,0.000240223,-0.000043531,0.000003306,0.034114335,b,4,5,5,10
31.430000,DS,4,0,0.531353443,nan,nan,nan,-0.252638830,0.259338671,0.159154188,ds_hold,0.407142805,0.000041596,0.000244935,-0.000039039,0.000003188,0.033958709,b,4,5,5,10
31.440000,DS,4,0,0.530848443,nan,nan,nan,-0.247386874,0.241132718,0.133589449,ds_hold,0.410725626,0.000030828,0.000249077,-0.000034249,0.000003071,0.033729377,b,4,5,5,10
31.450000,DS,4,0,0.530344258,nan,nan,nan,-0.241214131,0.218400675,0.101231275,ds_hold,0.413818165,0.000020331,0.000252705,-0.000029187,0.000002958,0.033394648,b,4,5,5,10
31.460000,DS,4,0,0.529840923,nan,nan,nan,-0.234296398,0.192275748,0.064355133,ds_hold,0.416452335,0.000010122,0.000255878,-0.000023886,0.000002852,0.032935336,b,4,5,5,10
31.470000,DS,4,0,0.529338460,nan,nan,nan,-0.226801948,0.163838679,0.025153076,ds_hold,0.418662159,0.000000228,0.000258659,-0.000018385,0.000002754,0.032346378,b,4,5,5,10
31.480000,DS,4,0,0.528836877,nan,nan,nan,-0.218889378,0.134073425,-0.014414814,ds_hold,0.420482733,-0.000009322,0.000261109,-0.000012726,0.000002666,0.031635665,b,4,5,5,10
31.490000,DS,4,0,0.528336168,nan,nan,nan,-0.210703891,0.103840662,-0.052707797,ds_hold,0.421949323,-0.000018495,0.000263287,-0.000006954,0.000002587,0.030821105,b,4,5,5,10
31.500000,DS,4,0,0.527836313,nan,nan,nan,-0.202372825,0.073865460,-0.088436940,ds_hold,0.423096595,-0.000027255,0.000265251,-0.000001113,0.000002515,0.029926859,b,4,5,5,10
31.510000,DS,4,0,0.527337285,nan,nan,nan,-0.194001801,0.044735534,-0.120656431,ds_hold,0.423958015,-0.000035573,0.000267051,0.000004754,0.000002448,0.028979487,b,4,5,5,10
31.520000,DS,4,0,0.526839044,nan,nan,nan,-0.185672652,0.016907134,-0.148729443,ds_hold,0.424565385,-0.000043418,0.000268734,0.000010603,0.000002384,0.028004516,b,4,5,5,10
31.530000,DS,4,0,0.526341546,nan,nan,nan,-0.177443641,-0.009283758,-0.172282294,ds_hold,0.424948523,-0.000050766,0.000270340,0.000016396,0.000002322,0.027023775,b,4,5,5,10
31.540000,DS,4,0,0.525844742,nan,nan,nan,-0.169351831,-0.033606871,-0.191156735,ds_hold,0.425135063,-0.000057598,0.000271905,0.000022097,0.000002261,0.026053659,b,4,5,5,10
31.550000,DS,4,0,0.525348579,nan,nan,nan,-0.161416967,-0.055921383,-0.205366119,ds_hold,0.425150349,-0.000063899,0.000273458,0.000027671,0.000002198,0.025104386,b,4,5,5,10
31.560000,DS,4,0,0.524853002,nan,nan,nan,-0.153646095,-0.076159412,-0.215057864,ds_hold,0.425017417,-0.000069663,0.000275023,0.000033091,0.000002133,0.024180165,b,4,5,5,10
31.570000,DS,4,0,0.524357958,nan,nan,nan,-0.146038149,-0.094310403,-0.220482397,ds_hold,0.424757036,-0.000074886,0.000276621,0.000038330,0.000002066,0.023280092,b,4,5,5,10
31.580000,DS,4,0,0.523863393,nan,nan,nan,-0.138587957,-0.110407233,-0.221967589,ds_hold,0.424387793,-0.000079573,0.000278266,0.000043369,0.000001996,0.022399528,b,4,5,5,10
31.590000,DS,4,0,0.523369254,nan,nan,nan,-0.131289320,-0.124514444,-0.219897314,ds_hold,0.423926214,-0.000083732,0.000279971,0.000048188,0.000001925,0.021531647,b,4,5,5,10
31.600000,DS,4,0,0.522875494,nan,nan,nan,-0.124137053,-0.136718721,-0.214692862,ds_hold,0.423386904,-0.000087377,0.000281742,0.000052774,0.000001851,0.020668931,b,4,5,5,10
31.610000,DS,4,0,0.522382064,nan,nan,nan,-0.117128052,-0.147121461,-0.206796382,ds_hold,0.422782704,-0.000090525,0.000283585,0.000057115,0.000001775,0.019804394,b,4,5,5,10
31.620000,DS,4,0,0.521888921,nan,nan,nan,-0.110261562,-0.155833124,-0.196655918,ds_hold,0.422124848,-0.000093199,0.000285501,0.000061205,0.000001699,0.018932468,b,4,5,5,10
31.630000,DS,4,0,0.521396026,nan,nan,nan,-0.103538888,-0.162969028,-0.184712030,ds_hold,0.421423128,-0.000095422,0.000287493,0.000065039,0.000001621,0.018049513,b,4,5,5,10
31.640000,DS,4,0,0.520903341,nan,nan,nan,-0.096962782,-0.168646216,-0.171386169,ds_hold,0.420686052,-0.000097220,0.000289557,0.000068613,0.000001543,0.017154003,b,4,5,5,10
31.650000,DS,4,0,0.520410832,nan,nan,nan,-0.090536723,-0.172981122,-0.157071090,ds_hold,0.419920998,-0.000098623,0.000291692,0.000071927,0.000001464,0.016246458,b,4,5,5,10
31.660000,DS,4,0,0.519918470,nan,nan,nan,-0.084264236,-0.176087805,-0.142123502,ds_hold,0.419134356,-0.000099658,0.000293893,0.000074982,0.000001386,0.015329197,b,4,5,5,10
31.670000,DS,4,0,0.519426227,nan,nan,nan,-0.078148358,-0.178076590,-0.126859058,ds_hold,0.418331671,-0.000100356,0.000296156,0.000077781,0.000001308,0.014405997,b,4,5,5,10
31.680000,DS,4,0,0.518934078,nan,nan,nan,-0.072191275,-0.179053041,-0.111549601,ds_hold,0.417517760,-0.000100745,0.000298476,0.000080329,0.000001232,0.013481707,b,4,5,5,10
31.690000,DS,4,0,0.518442003,nan,nan,nan,-0.066394155,-0.179117181,-0.096422476,ds_hold,0.416696827,-0.000100856,0.000300848,0.000082631,0.000001157,0.012561865,b,4,5,5,10
31.700000,DS,4,0,0.517949981,nan,nan,nan,-0.060757127,-0.178362959,-0.081661594,ds_hold,0.415872564,-0.000100715,0.000303265,0.000084692,0.000001083,0.011652349,b,4,5,5,10
31.710000,DS,4,0,0.517457995,nan,nan,nan,-0.055279382,-0.176877914,-0.067409884,ds_hold,0.415048235,-0.000100350,0.000305722,0.000086519,0.000001011,0.010759084,b,4,5,5,10
31.720000,DS,4,0,0.516966031,nan,nan,nan,-0.049959353,-0.174743036,-0.053772773,ds_hold,0.414226748,-0.000099788,0.000308214,0.000088120,0.000000942,0.009887800,b,4,5,5,10
31.730000,DS,4,0,0.516474075,nan,nan,nan,-0.044794925,-0.172032788,-0.040822324,ds_hold,0.413410724,-0.000099051,0.000310736,0.000089501,0.000000875,0.009043860,b,4,5,5,10
31.740000,DS,4,0,0.515982115,nan,nan,nan,-0.039783659,-0.168815277,-0.028601738,ds_hold,0.412602538,-0.000098163,0.000313281,0.000090670,0.000000811,0.008232142,b,4,5,5,10
31.750000,DS,4,0,0.515490141,nan,nan,nan,-0.034922998,-0.165152532,-0.017129955,ds_hold,0.411804364,-0.000097145,0.000315844,0.000091636,0.000000751,0.007456988,b,4,5,5,10
31.760000,DS,4,0,0.514998144,nan,nan,nan,-0.030210437,-0.161100870,-0.006406150,ds_hold,0.411018206,-0.000096017,0.000318422,0.000092406,0.000000695,0.006722198,b,4,5,5,10
31.770000,DS,4,0,0.514506116,nan,nan,nan,-0.025643663,-0.156711324,0.003586017,ds_hold,0.410245917,-0.000094795,0.000321009,0.000092988,0.000000642,0.006031081,b,4,5,5,10
31.780000,DS,4,0,0.514014050,nan,nan,nan,-0.021220650,-0.152030093,0.012874509,ds_hold,0.409489216,-0.000093497,0.000323600,0.000093390,0.000000594,0.005386542,b,4,5,5,10
31.790000,DS,4,0,0.513521940,nan,nan,nan,-0.016939717,-0.147099013,0.021495443,ds_hold,0.408749697,-0.000092137,0.000326191,0.000093620,0.000000551,0.004791224,b,4,5,5,10
31.800000,DS,4,0,0.513029781,nan,nan,nan,-0.012799554,-0.141956015,0.029490070,ds_hold,0.408028836,-0.000090729,0.000328779,0.000093686,0.000000513,0.004247668,b,4,5,5,10
31.810000,DS,4,0,0.512537568,nan,nan,nan,-0.008799214,-0.136635570,0.036902226,ds_hold,0.407327989,-0.000089283,0.000331358,0.000093595,0.000000479,0.003758507,b,4,5,5,10
31.820000,DS,4,0,0.512045297,nan,nan,nan,-0.004938089,-0.131169098,0.043776236,ds_hold,0.406648394,-0.000087812,0.000333926,0.000093355,0.000000451,0.003326622,b,4,5,5,10
31.830000,DS,4,0,0.511552965,nan,nan,nan,-0.001215860,-0.125585346,0.050155255,ds_hold,0.405991166,-0.000086324,0.000336479,0.000092974,0.000000427,0.002955204,b,4,5,5,10
31.840000,DS,4,0,0.511060570,nan,nan,nan,0.002367555,-0.119910724,0.056080009,ds_hold,0.405357299,-0.000084829,0.000339013,0.000092460,0.000000408,0.002647551,b,4,5,5,10
31.850000,DS,4,0,0.510568109,nan,nan,nan,0.005812067,-0.114169605,0.061587901,ds_hold,0.404747655,-0.000083333,0.000341524,0.000091819,0.000000394,0.002406431,b,4,5,5,10
31.860000,DS,4,0,0.510075581,nan,nan,nan,0.009117480,-0.108384576,0.066712435,ds_hold,0.404162967,-0.000081844,0.000344010,0.000091060,0.000000383,0.002232896,b,4,5,5,10
31.870000,DS,4,0,0.509582985,nan,nan,nan,0.012283557,-0.102576661,0.071482921,ds_hold,0.403603838,-0.000080368,0.000346468,0.000090191,0.000000375,0.002124867,b,4,5,5,10
31.880000,DS,4,0,0.509090320,nan,nan,nan,0.015310083,-0.096765498,0.075924404,ds_hold,0.403070733,-0.000078911,0.000348893,0.000089217,0.000000369,0.002076267,b,4,5,5,10
31.890000,DS,4,0,0.508597586,nan,nan,nan,0.018196921,-0.090969484,0.080057784,ds_hold,0.402563987,-0.000077476,0.000351284,0.000088147,0.000000366,0.002077502,b,4,5,5,10
31.900000,DS,4,0,0.508104784,nan,nan,nan,0.020944063,-0.085205898,0.083900081,ds_hold,0.402083801,-0.000076069,0.000353637,0.000086988,0.000000364,0.002117176,b,4,5,5,10
31.910000,DS,4,0,0.507611915,nan,nan,nan,0.023551670,-0.079490987,0.087464802,ds_hold,0.401630251,-0.000074693,0.000355949,0.000085748,0.000000363,0.002184077,b,4,5,5,10
31.920000,DS,4,0,0.507118980,nan,nan,nan,0.026020113,-0.073840031,0.090762391,ds_hold,0.401203287,-0.000073352,0.000358218,0.000084433,0.000000363,0.002268542,b,4,5,5,10
31.930000,DS,4,0,0.506625981,nan,nan,nan,0.028349996,-0.068267398,0.093800707,ds_hold,0.400802741,-0.000072048,0.000360442,0.000083050,0.000000363,0.002362951,b,4,5,5,10
31.940000,DS,4,0,0.506132921,nan,nan,nan,0.030542176,-0.062786574,0.096585529,ds_hold,0.400428335,-0.000070785,0.000362618,0.000081607,0.000000363,0.002461637,b,4,5,5,10
31.950000,DS,4,0,0.505639802,nan,nan,nan,0.032597780,-0.057410183,0.099121050,ds_hold,0.400079687,-0.000069564,0.000364744,0.000080110,0.000000364,0.002560540,b,4,5,5,10
31.960000,DS,4,0,0.505146626,nan,nan,nan,0.034518208,-0.052150001,0.101410345,ds_hold,0.399756323,-0.000068388,0.000366817,0.000078565,0.000000364,0.002656819,b,4,5,5,10
31.970000,DS,4,0,0.504653399,nan,nan,nan,0.036305133,-0.047016960,0.103455809,ds_hold,0.399457680,-0.000067259,0.000368836,0.000076981,0.000000364,0.002748517,b,4,5,5,10
31.980000,DS,4,0,0.504160124,nan,nan,nan,0.037960499,-0.042021152,0.105259540,ds_hold,0.399183122,-0.000066176,0.000370799,0.000075362,0.000000364,0.002834302,b,4,5,5,10
31.990000,DS,4,0,0.503666804,nan,nan,nan,0.039486509,-0.037171822,0.106823675,ds_hold,0.398931946,-0.000065143,0.000372705,0.000073715,0.000000363,0.002913280,b,4,5,5,10
32.000000,DS,4,0,0.503173445,nan,nan,nan,0.040885614,-0.032477376,0.108150669,ds_hold,0.398703393,-0.000064159,0.000374551,0.000072047,0.000000362,0.002984869,b,4,5,5,10
32.010000,DS,4,0,0.502680051,nan,nan,nan,0.042160496,-0.027945369,0.109243510,ds_hold,0.398496657,-0.000063225,0.000376337,0.000070362,0.000000361,0.003048701,b,4,5,5,10
32.020000,DS,4,0,0.502186627,nan,nan,nan,0.043314050,-0.023582516,0.110105887,ds_hold,0.398310894,-0.000062341,0.000378061,0.000068667,0.000000359,0.003104569,b,4,5,5,10
32.030000,DS,4,0,0.501693179,nan,nan,nan,0.044349366,-0.019394692,0.110742303,ds_hold,0.398145231,-0.000061507,0.000379722,0.000066967,0.000000357,0.003152383,b,4,5,5,10
32.040000,DS,4,0,0.501199711,nan,nan,nan,0.045269704,-0.015386935,0.111158133,ds_hold,0.397998777,-0.000060724,0.000381321,0.000065266,0.000000355,0.003192141,b,4,5,5,10
32.050000,DS,4,0,0.500706231,nan,nan,nan,0.046078478,-0.011563465,0.111359647,ds_hold,0.397870623,-0.000059990,0.000382855,0.000063571,0.000000352,0.003223916,b,4,5,5,10
32.060000,DS,4,0,0.500212743,nan,nan,nan,0.046779232,-0.007927690,0.111353991,ds_hold,0.397759859,-0.000059305,0.000384325,0.000061884,0.000000349,0.003247838,b,4,5,5,10
32.070000,DS,4,0,0.499719253,nan,nan,nan,0.047375619,-0.004482227,0.111149141,ds_hold,0.397665572,-0.000058669,0.000385730,0.000060212,0.000000345,0.003264091,b,4,5,5,10
32.080000,DS,4,0,0.499225768,nan,nan,nan,0.047871381,-0.001228926,0.110753822,ds_hold,0.397586855,-0.000058080,0.000387069,0.000058556,0.000000341,0.003272900,b,4,5,5,10
32.090000,DS,4,0,0.498732293,nan,nan,nan,0.048270331,0.001831111,0.110177423,ds_hold,0.397522814,-0.000057537,0.000388344,0.000056923,0.000000337,0.003274528,b,4,5,5,10
32.100000,DS,4,0,0.498238834,nan,nan,nan,0.048576330,0.004697499,0.109429885,ds_hold,0.397472566,-0.000057039,0.000389555,0.000055314,0.000000333,0.003269271,b,4,5,5,10
32.110000,DS,4,0,0.497745398,nan,nan,nan,0.048793280,0.007370536,0.108521589,ds_hold,0.397435248,-0.000056584,0.000390700,0.000053734,0.000000328,0.003257452,b,4,5,5,10
32.120000,DS,4,0,0.497251990,nan,nan,nan,0.048925096,0.009851178,0.107463238,ds_hold,0.397410019,-0.000056171,0.000391781,0.000052185,0.000000323,0.003239418,b,4,5,5,10
32.130000,DS,4,0,0.496758617,nan,nan,nan,0.048975701,0.012140997,0.106265742,ds_hold,0.397396060,-0.000055798,0.000392799,0.000050670,0.000000318,0.003215531,b,4,5,5,10
32.140000,DS,4,0,0.496265285,nan,nan,nan,0.048949009,0.014242146,0.104940102,ds_hold,0.397392577,-0.000055464,0.000393754,0.000049192,0.000000312,0.003186166,b,4,5,5,10
32.150000,DS,4,0,0.495771999,nan,nan,nan,0.048848917,0.016157323,0.103497306,ds_hold,0.397398802,-0.000055166,0.000394646,0.000047752,0.000000306,0.003151704,b,4,5,5,10
32.160000,DS,4,0,0.495278765,nan,nan,nan,0.048679289,0.017889730,0.101948231,ds_hold,0.397413996,-0.000054902,0.000395478,0.000046353,0.000000301,0.003112529,b,4,5,5,10
32.170000,DS,4,0,0.494785589,nan,nan,nan,0.048443953,0.019443032,0.100303561,ds_hold,0.397437447,-0.000054671,0.000396248,0.000044996,0.000000295,0.003069024,b,4,5,5,10
32.180000,SS,5,1,0.489893873,-0.015599045,-1.195102719,1.508848016,0.168643496,0.471273565,-0.221471207,planner_track,0.501936424,0.000022675,0.000011382,-0.000006520,0.799900265,0.004985329,a,4,5,5,11
32.280000,SS,5,1,0.485192335,0.096171886,-1.356234521,1.898664042,0.081292763,0.529815414,-0.736539878,planner_track,0.483071058,0.000090196,0.000042469,0.000011454,0.799544620,0.011053884,a,4,5,5,11
32.380000,SS,5,1,0.480743325,0.218140745,-1.429601431,2.248468915,0.112629940,0.684494963,-0.811590534,planner_track,0.454259682,0.000187194,0.000093756,0.000046328,0.798808660,0.019821404,a,4,5,5,11
32.480000,SS,5,1,0.476601815,0.336490970,-1.532105516,2.563608411,0.109266220,0.862926586,-1.064555702,planner_track,0.419129193,0.000301512,0.000164071,0.000094586,0.797547219,0.029661190,a,4,5,5,11
32.580000,SS,5,1,0.472827618,0.464037975,-1.604129232,2.871821147,0.109819991,0.997772464,-1.244553638,planner_track,0.379912886,0.000423522,0.000255558,0.000153188,0.795622885,0.039545321,a,4,5,5,11
32.680000,SS,5,1,0.469468964,0.594344605,-1.704451115,3.211422737,0.110305334,1.140633716,-1.423598169,planner_track,0.338549488,0.000545383,0.000369781,0.000219220,0.792910970,0.048829990,a,4,5,5,11
32.780000,SS,5,1,0.466569300,0.727542067,-1.793244775,3.541579935,0.109991970,1.257019447,-1.569172034,planner_track,0.296617505,0.000661829,0.000508734,0.000290451,0.789302574,0.057136934,a,4,5,5,11
32.880000,SS,5,1,0.464163000,0.861299226,-1.860841149,3.842782230,0.110647737,1.356544651,-1.685891946,planner_track,0.255357370,0.000768318,0.000673943,0.000364718,0.784705879,0.064268559,a,4,5,5,11
32.980000,SS,5,1,0.462276787,0.994064024,-1.908405278,4.111498523,0.112551157,1.442580848,-1.777345301,planner_track,0.215732915,0.000860896,0.000866483,0.000440042,0.779045406,0.070140997,a,4,5,5,11
33.080000,SS,5,1,0.460930261,1.124154756,-1.961853778,4.374468982,0.115647541,1.516264283,-1.843037846,planner_track,0.178464261,0.000936879,0.001086895,0.000514672,0.772260433,0.074759347,a,4,5,5,11
33.180000,SS,5,1,0.460136691,1.250778582,-2.004754632,4.610032795,0.119747978,1.572554993,-1.880019039,planner_track,0.144076132,0.000994967,0.001335256,0.000587169,0.764304664,0.078188540,a,4,5,5,11
33.280000,SS,5,1,0.459902375,1.372969984,-2.029522852,4.805569192,0.125154543,1.610794039,-1.887743575,planner_track,0.112940114,0.001034258,0.001611052,0.000656247,0.755146321,0.080517377,a,4,5,5,11
33.380000,SS,5,1,0.460226812,1.489696501,-2.038343947,4.958649432,0.131951063,1.633501202,-1.869289771,planner_track,0.085339202,0.001053979,0.001913166,0.000720743,0.744767251,0.081839133,a,4,5,5,11
33.480000,SS,5,1,0.461103155,1.589265604,-2.040799425,4.999621518,0.141865602,1.643576482,-1.819066240,planner_track,0.061557391,0.001053894,0.002239584,0.000779657,0.733161580,0.082247300,a,4,5,5,11
33.580000,SS,5,1,0.462518992,1.681908783,-2.035428568,4.999871532,0.151465276,1.641024143,-1.752289133,planner_track,0.042153956,0.001034481,0.002587530,0.000832192,0.720335104,0.081831458,a,4,5,5,11
33.680000,SS,5,1,0.464457765,1.773168246,-2.020487673,4.999906167,0.159869848,1.625451170,-1.672587082,planner_track,0.028539237,0.000996574,0.002954216,0.000877763,0.706305084,0.080678152,a,4,5,5,11
33.780000,SS,5,1,0.466899036,1.862129940,-1.997909911,4.999908152,0.167340263,1.598070801,-1.579813157,planner_track,0.023412266,0.000941171,0.003337018,0.000915981,0.691099530,0.078869299,a,4,5,5,11
33.880000,SS,5,1,0.469818705,1.948042564,-1.969195734,4.999885155,0.173502522,1.561052155,-1.476193881,planner_track,0.026489520,0.000869647,0.003733359,0.000946614,0.674756145,0.076483665,a,4,5,5,11
33.980000,SS,5,1,0.473189403,2.029849708,-1.935352295,4.999741364,0.177844378,1.511512330,-1.360579924,planner_track,0.032702636,0.000783836,0.004140674,0.000969578,0.657321657,0.073598872,a,4,5,5,11
34.080000,SS,5,1,0.476980922,2.105390739,-1.897751612,4.992979270,0.180804398,1.456099614,-1.238977577,planner_track,0.038815643,0.000685757,0.004556408,0.000984952,0.638851417,0.070285640,a,4,5,5,11
34.180000,SS,5,1,0.481160145,2.159538535,-1.853356838,4.871060421,0.184337552,1.384585505,-1.092030102,planner_track,0.043808815,0.000577348,0.004977563,0.000993004,0.619408748,0.066597070,a,4,5,5,11
34.280000,SS,5,1,0.485689566,2.202715276,-1.798721471,4.705208619,0.185336138,1.305370294,-0.941795151,planner_track,0.047443972,0.000460363,0.005400397,0.000993933,0.599064060,0.062572584,a,4,5,5,11
34.380000,SS,5,1,0.490529949,2.235826308,-1.736972041,4.514316356,0.183285756,1.217815936,-0.789290219,planner_track,0.049746891,0.000336681,0.005821135,0.000987994,0.577894078,0.058251397,a,4,5,5,11
34.480000,SS,5,1,0.495640547,2.256536572,-1.674832677,4.301744658,0.178384484,1.123099321,-0.635190223,planner_track,0.050836792,0.000208276,0.006236059,0.000975518,0.555981257,0.053674971,a,4,5,5,11
34.580000,SS,5,1,0.500979363,2.264046119,-1.612926028,4.071177475,0.170507754,1.022602069,-0.481969794,planner_track,0.050862187,0.000077185,0.006641523,0.000956935,0.533413116,0.048887792,a,4,5,5,11
34.680000,SS,5,1,0.506503490,2.260372590,-1.539511784,3.826084379,0.159252077,0.914301047,-0.330513135,planner_track,0.049977119,-0.000054588,0.007034011,0.000932713,0.510281659,0.043936518,a,4,5,5,11
34.780000,SS,5,1,0.512168831,2.245024854,-1.454353986,3.570306216,0.143094861,0.800810082,-0.166520794,planner_track,0.048330576,-0.000185366,0.007410070,0.000903281,0.486681920,0.038883708,a,4,5,5,11
34.880000,SS,5,1,0.517929582,2.214362574,-1.368385896,3.313875848,0.121427950,0.736399125,-0.043568378,planner_track,0.045984161,-0.000316039,0.007765565,0.000869409,0.462702702,0.033982112,a,4,5,5,11
34.980000,SS,5,1,0.523747003,2.165338720,-1.267110826,3.083425681,0.096790887,0.630046166,0.088336779,planner_track,0.042993703,-0.000447274,0.008096880,0.000832564,0.438440250,0.029479123,a,4,5,5,11
35.080000,SS,5,1,0.529578763,2.099281298,-1.140732995,2.859937745,0.074634276,0.498871269,0.223870291,planner_track,0.039494110,-0.000577725,0.008400914,0.000793368,0.414002496,0.025456139,a,4,5,5,11
35.180000,SS,5,1,0.535380499,2.019163680,-0.994406342,2.634327972,0.053831291,0.340639027,0.358517285,planner_track,0.035637580,-0.000704498,0.008675218,0.000751912,0.389501949,0.021851520,a,4,5,5,11
35.280000,SS,5,1,0.541105520,1.924651528,-0.857416076,2.403389752,0.035373216,0.156555248,0.498311671,planner_track,0.031575903,-0.000823336,0.008918036,0.000707774,0.365052035,0.018526414,a,4,5,5,11
35.380000,SS,5,1,0.546706197,1.819025376,-0.739514971,2.162982757,0.022821253,-0.016259357,0.625754567,planner_track,0.027418378,-0.000928513,0.009128304,0.000660363,0.340765370,0.015274934,a,4,5,5,11
35.480000,SS,5,1,0.552138646,1.708486805,-0.630999431,1.903400607,0.005908298,-0.148554058,0.757672385,planner_track,0.023296062,-0.001014587,0.009305192,0.000609893,0.316747443,0.011874685,a,4,5,5,11
35.580000,SS,5,1,0.557364451,1.597095208,-0.507313381,1.641960996,-0.019777588,-0.286920205,0.858080871,planner_track,0.019301635,-0.001080452,0.009447249,0.000557555,0.293089946,0.008410536,a,4,5,5,11
35.680000,SS,5,1,0.562344335,1.478716389,-0.385615420,1.409455714,-0.043768599,-0.426642268,0.965793285,planner_track,0.015499212,-0.001126243,0.009553069,0.000504024,0.269887013,0.005179084,a,4,5,5,11
35.780000,SS,5,1,0.567039988,1.351622542,-0.269717580,1.205702048,-0.066744331,-0.559769271,1.064975170,planner_track,0.011944093,-0.001151594,0.009621380,0.000450009,0.247232865,0.002838314,a,4,5,5,11
35.880000,SS,5,1,0.571415190,1.218191763,-0.144159270,1.019397103,-0.089088773,-0.696611521,1.159947000,planner_track,0.008756963,-0.001156039,0.009651162,0.000396290,0.225219596,0.002962098,a,4,5,5,11
35.980000,SS,5,1,0.575434649,1.080701740,0.009149835,0.832819166,-0.109187783,-0.840611663,1.256297047,planner_track,0.006204591,-0.001139906,0.009641633,0.000343462,0.203936233,0.004596078,a,4,5,5,11
36.080000,SS,5,1,0.579064000,0.939606926,0.150555846,0.679797505,-0.126706400,-0.967756240,1.335429520,planner_track,0.004857543,-0.001103843,0.009592225,0.000291927,0.183466923,0.006091907,a,4,5,5,11
36.180000,SS,5,1,0.582273048,0.796919050,0.279620582,0.562415223,-0.142810900,-1.087934433,1.404110387,planner_track,0.005302120,-0.001047792,0.009502846,0.000242308,0.163889794,0.007083179,a,4,5,5,11
36.280000,SS,5,1,0.585034629,0.654315379,0.408353352,0.466536667,-0.156721129,-1.204720537,1.466722535,planner_track,0.006943203,-0.000971564,0.009373807,0.000195232,0.145277050,0.007509420,a,4,5,5,11
36.380000,SS,5,1,0.587323458,0.513458145,0.563510992,0.356658138,-0.167737203,-1.329648674,1.532465138,planner_track,0.008968792,-0.000876030,0.009205653,0.000151174,0.127695186,0.007473723,a,4,5,5,11
36.480000,SS,5,1,0.589115620,0.376787481,0.697299047,0.284270703,-0.175699880,-1.429489232,1.574934383,planner_track,0.010985428,-0.000762693,0.008999153,0.000110292,0.111203304,0.007236919,a,4,5,5,11
36.580000,SS,5,1,0.590393106,0.246061799,0.809383357,0.250275588,-0.182109860,-1.516180566,1.602955598,planner_track,0.012884572,-0.000632234,0.008755651,0.000072998,0.095851986,0.007307372,a,4,5,5,11
36.680000,SS,5,1,0.591142388,0.122161842,0.909303858,0.240175985,-0.186307025,-1.592328255,1.620291186,planner_track,0.014623172,-0.000485129,0.008476945,0.000039713,0.081683697,0.008343672,a,4,5,5,11
36.780000,SS,5,1,0.591353132,0.004254449,1.033216386,0.194699985,-0.187241418,-1.676935236,1.643210615,planner_track,0.016198043,-0.000323216,0.008165044,0.000010748,0.068733607,0.010667093,a,4,5,5,11
36.880000,SS,5,1,0.591016553,-0.103063112,1.127186394,0.185269554,-0.184976362,-1.728980345,1.637806396,planner_track,0.017571433,-0.000149385,0.007822096,-0.000014064,0.057028068,0.014090061,a,4,5,5,11
36.980000,SS,5,1,0.590131615,-0.198618388,1.191549909,0.211588547,-0.180974875,-1.758840752,1.611974907,planner_track,0.018746479,0.000034412,0.007450870,-0.000034585,0.046583871,0.018318634,a,4,5,5,11
37.080000,SS,5,1,0.588703557,-0.281869517,1.234229389,0.261465380,-0.175158581,-1.771383829,1.570440071,planner_track,0.019734442,0.000226573,0.007054577,-0.000050616,0.037409677,0.023119538,a,4,5,5,11
37.180000,SS,5,1,0.586742018,-0.357051645,1.301796990,0.246471879,-0.165636852,-1.794742260,1.538760474,planner_track,0.020557005,0.000423807,0.006636561,-0.000062042,0.029508460,0.028252782,a,4,5,5,11
37.280000,SS,5,1,0.584258229,-0.416829190,1.335225213,0.260700539,-0.152729291,-1.777128246,1.472107914,planner_track,0.021192665,0.000621331,0.006200151,-0.000069367,0.022877203,0.033495652,a,4,5,5,11
37.380000,SS,5,1,0.581272881,-0.460319082,1.336417220,0.302721571,-0.138181735,-1.732590265,1.381186789,planner_track,0.021645355,0.000815428,0.005749280,-0.000072761,0.017506474,0.038655878,a,4,5,5,11
37.480000,SS,5,1,0.577814394,-0.487094570,1.310318562,0.365568580,-0.121958688,-1.663049146,1.268332202,planner_track,0.021922141,0.001002975,0.005288288,-0.000072329,0.013376239,0.043562417,a,4,5,5,11
37.580000,SS,5,1,0.573917330,-0.510175575,1.282308607,0.334701743,-0.101183270,-1.587064002,1.161242918,planner_track,0.022027863,0.001180456,0.004821401,-0.000068242,0.010433107,0.048031921,a,4,5,5,11
37.680000,SS,5,1,0.569620532,-0.514181097,1.228817618,0.322864075,-0.078395879,-1.474929253,1.018190593,planner_track,0.021947339,0.001343772,0.004352669,-0.000061067,0.008538022,0.051885056,a,4,5,5,11
37.780000,SS,5,1,0.564972184,-0.498549574,1.153133294,0.326304212,-0.053805031,-1.338785572,0.852299520,planner_track,0.021673463,0.001489213,0.003886730,-0.000051254,0.007424887,0.054947548,a,4,5,5,11
37.880000,SS,5,1,0.560028038,-0.462571084,1.059259856,0.340409780,-0.026745176,-1.177388908,0.663547798,planner_track,0.021195487,0.001613097,0.003428630,-0.000039367,0.006759098,0.057053547,a,4,5,5,11
37.980000,SS,5,1,0.554851494,-0.405466922,0.950639620,0.360198568,0.003051638,-0.991254530,0.452207492,planner_track,0.020500143,0.001711604,0.002983765,-0.000026082,0.006269123,0.058037755,a,4,5,5,11
38.080000,SS,5,1,0.549513491,-0.326218039,0.830784706,0.380211015,0.035898124,-0.780749371,0.218386540,planner_track,0.019572011,0.001780593,0.002557827,-0.000012226,0.005813758,0.057730069,a,4,5,5,11
38.180000,SS,5,1,0.544092270,-0.223656851,0.703005819,0.394483382,0.072254262,-0.550978738,-0.031849174,planner_track,0.018392000,0.001815430,0.002156757,0.000001167,0.005359804,0.055955143,a,4,5,5,11
38.280000,SS,5,1,0.538658986,-0.096856182,0.569991362,0.396375902,0.020145407,-0.352060728,-0.164758136,planner_track,0.017027285,0.001810259,0.001784351,0.000013024,0.004924605,0.052622071,a,4,5,5,11
38.380000,DS,5,0,0.531514895,0.010449612,0.418668551,1.054008267,0.773082861,0.447438057,1.921868159,ds_hold,0.000000000,0.000000000,0.000000000,0.000000000,0.000204241,0.035312853,a,5,5,5,12
38.480000,DS,5,0,0.525852030,0.600028003,0.073764064,2.229905009,-0.226299870,-0.352995922,-0.691890287,ds_hold,0.027203825,-0.000106596,-0.000551897,0.000072639,0.000006738,0.084030453,a,5,5,5,12
38.580000,DS,5,0,0.520596644,0.293327738,0.217990120,1.880346771,-0.157634626,-0.216946163,-0.594718950,ds_hold,0.035596206,-0.000214439,-0.001017372,0.000131544,0.000001905,0.019267886,a,5,5,5,12
38.680000,DS,5,0,0.515468702,0.328566269,0.131344007,1.857971848,-0.086436180,-0.212396323,-0.416653537,ds_hold,0.042870513,-0.000309850,-0.001425124,0.000187455,0.000002514,0.029621646,a,5,5,5,12
38.780000,DS,5,0,0.510391883,0.368223184,0.054937137,1.779013511,-0.104803416,-0.140927068,-0.620087733,ds_hold,0.051852792,-0.000411783,-0.001783929,0.000238168,0.000002026,0.015827864,a,5,5,5,12
38.880000,DS,5,0,0.505429931,0.371796629,-0.027376782,1.723850633,-0.174856818,-0.142399380,-0.864020221,ds_hold,0.058113495,-0.000515828,-0.002066359,0.000285063,0.000002429,0.017814906,a,5,5,5,12
38.980000,DS,5,0,0.500661130,0.361276838,-0.074211565,1.553969399,-0.216413163,-0.170694952,-0.904264518,ds_hold,0.062835268,-0.000607951,-0.002248843,0.000326665,0.000002354,0.020138118,a,5,5,5,12
39.080000,DS,5,0,0.496070753,0.326853970,-0.116839939,1.317741203,-0.303873292,-0.521032428,-0.615658924,ds_hold,0.066861788,-0.000672875,-0.002338362,0.000352597,0.000001859,0.019736945,a,5,5,5,12
39.180000,DS,5,0,0.491608172,0.270280545,-0.168952426,1.128158235,-0.187447393,-0.412308381,-0.156496736,ds_hold,0.069755183,-0.000708277,-0.002370837,0.000357454,0.000001172,0.015061653,a,5,5,5,12
39.280000,DS,5,0,0.487220202,0.223644410,-0.213552392,1.013449885,-0.075890156,-0.101187886,0.016038475,ds_hold,0.071725518,-0.000721374,-0.002373115,0.000347847,0.000000639,0.009014453,a,5,5,5,12
39.380000,DS,5,0,0.482883893,0.195483300,-0.238961507,0.952323598,0.013344487,-0.085384302,0.342757948,ds_hold,0.072750314,-0.000723526,-0.002363110,0.000334546,0.000000189,0.003070233,a,5,5,5,12
39.480000,DS,5,0,0.478584873,0.188543111,-0.241109470,0.941903022,0.041728030,-0.062821553,0.392315670,ds_hold,0.072911224,-0.000724382,-0.002352213,0.000325951,0.000000155,0.000877531,a,5,5,5,12
39.580000,DS,5,0,0.474318581,0.195865996,-0.232563594,0.953588799,0.049620487,-0.058994441,0.407727339,ds_hold,0.072736452,-0.000725111,-0.002345284,0.000325895,0.000000235,0.002472216,a,5,5,5,12
39.680000,DS,5,0,0.470088429,0.210162245,-0.214640463,0.974702209,0.049905939,-0.054277671,0.403480382,ds_hold,0.072397296,-0.000725390,-0.002344090,0.000335512,0.000000242,0.002893797,a,5,5,5,12
39.780000,DS,5,0,0.465896850,0.225596095,-0.190046162,1.000201694,0.041800848,-0.064237128,0.382557737,ds_hold,0.072049193,-0.000725165,-0.002348373,0.000353934,0.000000205,0.002575151,a,5,5,5,12
39.880000,DS,5,0,0.461744184,0.238460340,-0.164441378,1.024522559,0.029047580,-0.084806314,0.353194708,ds_hold,0.071915976,-0.000724632,-0.002356657,0.000378886,0.000000142,0.001904122,a,5,5,5,12
39.980000,DS,5,0,0.457630043,0.247251997,-0.141896561,1.044663336,0.015782061,-0.106277324,0.321517346,ds_hold,0.072166865,-0.000724126,-0.002367006,0.000407556,0.000000072,0.001274423,a,5,5,5,12
40.080000,DS,5,0,0.453553793,0.251739677,-0.124106651,1.059598130,0.004837565,-0.122035383,0.291802660,ds_hold,0.072873911,-0.000723925,-0.002377557,0.000437281,0.000000011,0.001061212,a,5,5,5,12
40.180000,DS,5,0,0.449514666,0.252467569,-0.111115415,1.069523283,-0.002456441,-0.129394679,0.266464911,ds_hold,0.074018863,-0.000724145,-0.002386833,0.000465951,0.000000036,0.001243947,a,5,5,5,12
40.280000,DS,5,0,0.445511894,0.250426131,-0.102004973,1.075353155,-0.005986898,-0.128474266,0.246151860,ds_hold,0.075515667,-0.000724729,-0.002393860,0.000492184,0.000000064,0.001468039,a,5,5,5,12
40.380000,DS,5,0,0.441544823,0.246734715,-0.095438724,1.078283049,-0.006444002,-0.121096542,0.230216652,ds_hold,0.077239416,-0.000725481,-0.002398151,0.000515306,0.000000077,0.001596164,a,5,5,5,12
40.480000,DS,5,0,0.437612970,0.242394215,-0.090083351,1.079451394,-0.004900161,-0.109824231,0.217346528,ds_hold,0.079053685,-0.000726118,-0.002399601,0.000535216,0.000000080,0.001634634,a,5,5,5,12
40.580000,DS,5,0,0.433716019,0.238145686,-0.084878429,1.079740205,-0.002460704,-0.097196621,0.206126947,ds_hold,0.080830443,-0.000726324,-0.002398357,0.000552187,0.000000080,0.001624564,a,5,5,5,12
40.680000,DS,5,0,0.429853782,0.234426668,-0.079152255,1.079707308,-0.000027649,-0.085230904,0.195419055,ds_hold,0.082461430,-0.000725797,-0.002394690,0.000566686,0.000000080,0.001600302,a,5,5,5,12
40.780000,DS,5,0,0.426026138,0.231399313,-0.072617624,1.079614186,0.001813982,-0.075195267,0.184522123,ds_hold,0.083862776,-0.000724286,-0.002388897,0.000579212,0.000000081,0.001576683,a,5,5,5,12
40.880000,DS,5,0,0.422232968,0.229020330,-0.065293371,1.079505518,0.002803514,-0.067610062,0.173162703,ds_hold,0.084975226,-0.000721613,-0.002381241,0.000590197,0.000000083,0.001553147,a,5,5,5,12
40.980000,DS,5,0,0.418474106,0.227125024,-0.057394274,1.079302922,0.002941014,-0.062400366,0.161387120,ds_hold,0.085761895,-0.000717687,-0.002371925,0.000599959,0.000000085,0.001524056,a,5,5,5,12
41.080000,DS,5,0,0.414749307,0.225504312,-0.049221850,1.078887763,0.002392961,-0.059115525,0.149428395,ds_hold,0.086204888,-0.000712498,-0.002361094,0.000608690,0.000000086,0.001485848,a,5,5,5,12
41.180000,DS,5,0,0.411058240,0.223962266,-0.041076686,1.078160427,0.001399293,-0.057146332,0.137590923,ds_hold,0.086301630,-0.000706106,-0.002348851,0.000616481,0.000000086,0.001438593,a,5,5,5,12
41.280000,DS,5,0,0.407400490,0.222350042,-0.033201729,1.077073026,0.000200849,-0.055895844,0.126168869,ds_hold,0.086061373,-0.000698627,-0.002335278,0.000623352,0.000000085,0.001384449,a,5,5,5,12
41.380000,DS,5,0,0.403775581,0.220578246,-0.025756900,1.075638485,-0.001005607,-0.054884898,0.115398215,ds_hold,0.085502120,-0.000690215,-0.002320455,0.000629291,0.000000083,0.001325830,a,5,5,5,12
41.480000,DS,5,0,0.400182993,0.218613292,-0.018819106,1.073922028,-0.002086028,-0.053793629,0.105436540,ds_hold,0.084648022,-0.000681046,-0.002304476,0.000634280,0.000000081,0.001264536,a,5,5,5,12
41.580000,DS,5,0,0.396622190,0.216464407,-0.012398652,1.072022229,-0.002967783,-0.052454149,0.096363216,ds_hold,0.083527225,-0.000671311,-0.002287458,0.000638316,0.000000078,0.001201800,a,5,5,5,12
41.680000,DS,5,0,0.393092635,0.214167261,-0.006462806,1.070048559,-0.003626892,-0.050815666,0.088192350,ds_hold,0.082170113,-0.000661201,-0.002269536,0.000641417,0.000000074,0.001138642,a,5,5,5,12
41.780000,DS,5,0,0.389593808,0.211768636,-0.000959097,1.068101009,-0.004071599,-0.048901827,0.080891141,ds_hold,0.080607892,-0.000650905,-0.002250859,0.000643628,0.000000070,0.001076101,a,5,5,5,12
41.880000,DS,5,0,0.386125217,0.209314673,0.004166337,1.066255401,-0.004327547,-0.046773424,0.074398053,ds_hold,0.078871491,-0.000640599,-0.002231583,0.000645010,0.000000066,0.001015201,a,5,5,5,12
41.980000,DS,5,0,0.382686406,0.206843606,0.008957286,1.064555841,-0.004426917,-0.044501985,0.068637675,ds_hold,0.076990739,-0.000630443,-0.002211860,0.000645636,0.000000062,0.000956780,a,5,5,5,12
42.080000,DS,5,0,0.379276960,0.204382718,0.013442706,1.063014007,-0.004401671,-0.042154244,0.063531322,ds_hold,0.074993806,-0.000620575,-0.002191828,0.000645580,0.000000058,0.000901347,a,5,5,5,12
42.180000,DS,5,0,0.375896504,0.201948505,0.017637206,1.061613757,-0.004280068,-0.039784971,0.059003685,ds_hold,0.072906862,-0.000611110,-0.002171609,0.000644916,0.000000055,0.000849062,a,5,5,5,12
42.280000,DS,5,0,0.372544704,0.199548839,0.021544739,1.060319017,-0.004085411,-0.037435350,0.054986293,ds_hold,0.070753921,-0.000602133,-0.002151301,0.000643708,0.000000051,0.000799826,a,5,5,5,12
42.380000,DS,5,0,0.369221263,0.197185930,0.025163571,1.059082887,-0.003836186,-0.035134519,0.051418742,ds_hold,0.068556828,-0.000593702,-0.002130983,0.000642015,0.000000048,0.000753417,a,5,5,5,12
42.480000,DS,5,0,0.365925916,0.194859210,0.028490980,1.057856177,-0.003546870,-0.032902386,0.048248591,ds_hold,0.066335335,-0.000585850,-0.002110715,0.000639883,0.000000045,0.000709602,a,5,5,5,12
42.580000,DS,5,0,0.362658423,0.192567563,0.031526781,1.056594190,-0.003228871,-0.030752308,0.045430658,ds_hold,0.064107242,-0.000578587,-0.002090538,0.000637355,0.000000042,0.000668196,a,5,5,5,12
42.680000,DS,5,0,0.359418570,0.190310700,0.034275288,1.055261129,-0.002891243,-0.028692872,0.042926072,ds_hold,0.061888552,-0.000571905,-0.002070484,0.000634464,0.000000040,0.000629068,a,5,5,5,12
42.780000,DS,5,0,0.356206155,0.188089725,0.036745801,1.053832095,-0.002541070,-0.026728616,0.040701211,ds_hold,0.059693626,-0.000565781,-0.002050574,0.000631244,0.000000038,0.000592121,a,5,5,5,12
42.880000,DS,5,0,0.353020989,0.185907070,0.038951986,1.052293076,-0.002183580,-0.024860014,0.038726551,ds_hold,0.057535322,-0.000560182,-0.002030825,0.000627725,0.000000037,0.000557273,a,5,5,5,12
42.980000,DS,5,0,0.349862892,0.183766075,0.040910589,1.050639562,-0.001822161,-0.023083193,0.036975441,ds_hold,0.055425118,-0.000555071,-0.002011248,0.000623934,0.000000035,0.000524441,a,5,5,5,12
43.080000,DS,5,0,0.346731689,0.181670428,0.042639950,1.048874471,-0.001458371,-0.021389713,0.035422905,ds_hold,0.053373201,-0.000550407,-0.001991858,0.000619900,0.000000034,0.000493540,a,5,5,5,12
43.180000,DS,5,0,0.343627204,0.179623651,0.044158663,1.047005995,-0.001091957,-0.019766229,0.034044590,ds_hold,0.051388548,-0.000546150,-0.001972667,0.000615651,0.000000033,0.000464494,a,5,5,5,12
43.280000,DS,5,0,0.340549267,0.177628732,0.045484620,1.045045740,-0.000720590,-0.018193125,0.032815800,ds_hold,0.049478984,-0.000542263,-0.001953687,0.000611213,0.000000032,0.000437249,a,5,5,5,12
43.380000,DS,5,0,0.337497704,0.175687948,0.046634536,1.043007396,-0.000338804,-0.016640147,0.031710034,ds_hold,0.047651238,-0.000538710,-0.001934932,0.000606611,0.000000031,0.000411779,a,5,5,5,12
43.480000,DS,5,0,0.334472341,0.173802864,0.047623965,1.040905969,0.000064987,-0.015054643,0.030694880,ds_hold,0.045910984,-0.000535461,-0.001916418,0.000601870,0.000000030,0.000388108,a,5,5,5,12
43.580000,DS,5,0,0.331473006,0.171974482,0.048467767,1.038757518,0.000516377,-0.013329416,0.029717386,ds_hold,0.044262895,-0.000532487,-0.001898161,0.000597014,0.000000029,0.000366315,a,5,5,5,12
43.680000,DS,5,0,0.328499520,0.170203491,0.049180997,1.036578932,0.001076921,-0.011204664,0.028640882,ds_hold,0.042710670,-0.000529764,-0.001880181,0.000592064,0.000000029,0.000346470,a,5,5,5,12
43.780000,DS,5,0,0.325551708,0.168490659,0.049779863,1.034384513,0.001893042,-0.007968111,0.026902703,ds_hold,0.041256836,-0.000527271,-0.001862497,0.000587042,0.000000028,0.000327704,a,5,5,5,12
43.880000,DS,5,0,0.322629403,0.166838623,0.050277235,1.032156395,0.002983436,-0.002676609,0.022333636,ds_hold,0.039900712,-0.000524990,-0.001845091,0.000581965,0.000000026,0.000301046,a,5,5,5,12
43.980000,DS,5,0,0.319732578,0.165263089,0.050622998,1.029662877,0.003255420,-0.000162508,0.018052969,ds_hold,0.038633368,-0.000522899,-0.001827779,0.000576837,0.000000019,0.000254108,a,5,5,5,12
44.080000,DS,5,0,0.316861344,0.163724133,0.050664717,1.026368563,0.002952955,-0.001286265,0.018278312,ds_hold,0.037451323,-0.000520960,-0.001810358,0.000571625,0.000000016,0.000224283,a,5,5,5,12
44.180000,DS,5,0,0.314015478,0.162068901,0.050370561,1.022623843,0.002786487,-0.002288366,0.019183608,ds_hold,0.036359595,-0.000519145,-0.001792830,0.000566256,0.000000017,0.000210446,a,5,5,5,12
44.280000,DS,5,0,0.311194678,0.160345755,0.049790210,1.018877167,0.002741941,-0.002986653,0.020168866,ds_hold,0.035361146,-0.000517443,-0.001775242,0.000560701,0.000000018,0.000198615,a,5,5,5,12
44.380000,DS,5,0,0.308398692,0.158629028,0.049055144,1.015180959,0.002762931,-0.003453600,0.021008144,ds_hold,0.034456633,-0.000515852,-0.001757646,0.000554972,0.000000018,0.000187691,a,5,5,5,12
44.480000,DS,5,0,0.305627321,0.156966859,0.048245342,1.011543618,0.002797933,-0.003779013,0.021607843,ds_hold,0.033644499,-0.000514371,-0.001740083,0.000549100,0.000000018,0.000178278,a,5,5,5,12
44.580000,DS,5,0,0.302880398,0.155377993,0.047400931,1.007947383,0.002820240,-0.004022295,0.021964641,ds_hold,0.032921839,-0.000512996,-0.001722582,0.000543123,0.000000018,0.000169828,a,5,5,5,12
44.680000,DS,5,0,0.300157779,0.153858619,0.046531169,1.004361107,0.002823495,-0.004214370,0.022126063,ds_hold,0.032285175,-0.000511722,-0.001705159,0.000537071,0.000000018,0.000161598,a,5,5,5,12
44.780000,DS,5,0,0.297459320,0.152393807,0.045627008,1.000756068,0.002811093,-0.004370583,0.022152951,ds_hold,0.031730833,-0.000510540,-0.001687820,0.000530962,0.000000018,0.000153273,a,5,5,5,12
44.880000,DS,5,0,0.294784878,0.150966799,0.044673335,0.997113678,0.002789943,-0.004496049,0.022096370,ds_hold,0.031255019,-0.000509445,-0.001670568,0.000524807,0.000000017,0.000144937,a,5,5,5,12
44.980000,DS,5,0,0.292134302,0.149564277,0.043656945,0.993425528,0.002767087,-0.004589649,0.021990525,ds_hold,0.030853771,-0.000508429,-0.001653401,0.000518609,0.000000017,0.000136831,a,5,5,5,12
45.080000,DS,5,0,0.289507438,0.148177996,0.042569916,0.989690061,0.002747718,-0.004648973,0.021855201,ds_hold,0.030522890,-0.000507485,-0.001636315,0.000512367,0.000000016,0.000129174,a,5,5,5,12
45.180000,DS,5,0,0.286904130,0.146804124,0.041409720,0.985909169,0.002734529,-0.004673720,0.021700910,ds_hold,0.030257927,-0.000506610,-0.001619308,0.000506080,0.000000016,0.000122096,a,5,5,5,12
45.280000,DS,5,0,0.284324222,0.145441692,0.040177758,0.982085941,0.002728084,-0.004666500,0.021533231,ds_hold,0.030054226,-0.000505798,-0.001602377,0.000499746,0.000000016,0.000115637,a,5,5,5,12
45.380000,DS,5,0,0.281767561,0.144091122,0.038877599,0.978223572,0.002727637,-0.004631956,0.021355480,ds_hold,0.029907011,-0.000505047,-0.001585518,0.000493363,0.000000015,0.000109786,a,5,5,5,12
45.480000,DS,5,0,0.279233997,0.142753217,0.037513603,0.974325021,0.002731887,-0.004575468,0.021170042,ds_hold,0.029811486,-0.000504354,-0.001568729,0.000486931,0.000000015,0.000104506,a,5,5,5,12
45.580000,DS,5,0,0.276723381,0.141428628,0.036090081,0.970393005,0.002739491,-0.004502140,0.020978887,ds_hold,0.029762926,-0.000503715,-0.001552008,0.000480450,0.000000015,0.000099751,a,5,5,5,12
45.680000,DS,5,0,0.274235566,0.140117681,0.034610924,0.966430113,0.002749319,-0.004416273,0.020783711,ds_hold,0.029756756,-0.000503128,-0.001535352,0.000473919,0.000000015,0.000095481,a,5,5,5,12
45.780000,DS,5,0,0.271770409,0.138820387,0.033079510,0.962438893,0.002760519,-0.004321216,0.020585939,ds_hold,0.029788611,-0.000502591,-0.001518760,0.000467341,0.000000015,0.000091659,a,5,5,5,12
45.880000,DS,5,0,0.269327766,0.137536535,0.031498766,0.958421903,0.002772496,-0.004219462,0.020386721,ds_hold,0.029854378,-0.000502100,-0.001502229,0.000460715,0.000000014,0.000088255,a,5,5,5,12
45.980000,DS,5,0,0.266907496,0.136265777,0.029871264,0.954381717,0.002784850,-0.004112817,0.020186949,ds_hold,0.029950216,-0.000501654,-0.001485758,0.000454042,0.000000014,0.000085242,a,5,5,5,12
46.080000,DS,5,0,0.264509459,0.135007710,0.028199320,0.950320903,0.002797315,-0.004002587,0.019987292,ds_hold,0.030072577,-0.000501251,-0.001469347,0.000447324,0.000000014,0.000082594,a,5,5,5,12
46.180000,DS,5,0,0.262133516,0.133761916,0.026485065,0.946242001,0.002809718,-0.003889728,0.019788239,ds_hold,0.030218204,-0.000500890,-0.001452994,0.000440559,0.000000014,0.000080284,a,5,5,5,12
46.280000,DS,5,0,0.259779529,0.132527994,0.024730494,0.942147504,0.002821939,-0.003774949,0.019590141,ds_hold,0.030384128,-0.000500568,-0.001436700,0.000433750,0.000000014,0.000078288,a,5,5,5,12
46.380000,DS,5,0,0.257447362,0.131305564,0.022937494,0.938039844,0.002833897,-0.003658795,0.019393242,ds_hold,0.030567664,-0.000500285,-0.001420464,0.000426897,0.000000014,0.000076579,a,5,5,5,12
46.480000,DS,5,0,0.255136881,0.130094279,0.021107858,0.933921380,0.002845535,-0.003541685,0.019197710,ds_hold,0.030766390,-0.000500039,-0.001404285,0.000420000,0.000000013,0.000075132,a,5,5,5,12
46.580000,DS,5,0,0.252847952,0.128893813,0.019243297,0.929794402,0.002856811,-0.003423955,0.019003652,ds_hold,0.030978140,-0.000499830,-0.001388166,0.000413061,0.000000013,0.000073922,a,5,5,5,12
46.680000,DS,5,0,0.250580443,0.127703868,0.017345439,0.925661129,0.002867698,-0.003305869,0.018811130,ds_hold,0.031200979,-0.000499657,-0.001372106,0.000406079,0.000000013,0.000072925,a,5,5,5,12
46.780000,DS,5,0,0.248334224,0.126524167,0.015415839,0.921523711,0.002878176,-0.003187641,0.018620166,ds_hold,0.031433189,-0.000499519,-0.001356105,0.000399057,0.000000013,0.000072117,a,5,5,5,12
46.880000,DS,5,0,0.246109164,0.125354449,0.013455974,0.917384237,0.002888231,-0.003069440,0.018430758,ds_hold,0.031673250,-0.000499415,-0.001340166,0.000391993,0.000000013,0.000071477,a,5,5,5,12
46.980000,DS,5,0,0.243905136,0.124194471,0.011467254,0.913244733,0.002897856,-0.002951404,0.018242877,ds_hold,0.031919822,-0.000499345,-0.001324289,0.000384890,0.000000013,0.000070985,a,5,5,5,12
47.080000,DS,5,0,0.241722015,0.123044004,0.009451019,0.909107172,0.002907046,-0.002833643,0.018056480,ds_hold,0.032171724,-0.000499308,-0.001308476,0.000377747,0.000000013,0.000070622,a,5,5,5,12
47.180000,DS,5,0,0.239559674,0.121902831,0.007408544,0.904973471,0.002915799,-0.002716247,0.017871507,ds_hold,0.032427922,-0.000499305,-0.001292728,0.000370566,0.000000013,0.000070371,a,5,5,5,12
47.280000,DS,5,0,0.237417991,0.120770749,0.005341042,0.900845500,0.002924114,-0.002599288,0.017687891,ds_hold,0.032687510,-0.000499335,-0.001277046,0.000363347,0.000000013,0.000070216,a,5,5,5,12
47.380000,DS,5,0,0.235296842,0.119647565,0.003249672,0.896725079,0.002931992,-0.002482827,0.017505557,ds_hold,0.032949696,-0.000499397,-0.001261433,0.000356092,0.000000013,0.000070143,a,5,5,5,12
47.480000,DS,5,0,0.233196108,0.118533097,0.001135534,0.892613986,0.002939434,-0.002366917,0.017324426,ds_hold,0.033213790,-0.000499492,-0.001245890,0.000348801,0.000000012,0.000070140,a,5,5,5,12
47.580000,DS,5,0,0.231115669,0.117427175,-0.001000322,0.888513957,0.002946441,-0.002251601,0.017144416,ds_hold,0.033479192,-0.000499620,-0.001230420,0.000341474,0.000000012,0.000070195,a,5,5,5,12
47.680000,DS,5,0,0.229055407,0.116329636,-0.003156894,0.884426691,0.002953014,-0.002136918,0.016965444,ds_hold,0.033745378,-0.000499780,-0.001215024,0.000334113,0.000000012,0.000070299,a,5,5,5,12
47.780000,DS,5,0,0.227015205,0.115240329,-0.005333226,0.880353847,0.002959154,-0.002022904,0.016787429,ds_hold,0.034011894,-0.000499972,-0.001199705,0.000326718,0.000000012,0.000070442,a,5,5,5,12
47.880000,DS,5,0,0.224994949,0.114159113,-0.007528405,0.876297055,0.002964862,-0.001909591,0.016610288,ds_hold,0.034278343,-0.000500197,-0.001184466,0.000319291,0.000000012,0.000070618,a,5,5,5,12
47.980000,DS,5,0,0.222994524,0.113085854,-0.009741560,0.872257913,0.002970139,-0.001797008,0.016433941,ds_hold,0.034544384,-0.000500455,-0.001169307,0.000311831,0.000000012,0.000070819,a,5,5,5,12
48.080000,DS,5,0,0.221013819,0.112020430,-0.011971857,0.868237989,0.002974985,-0.001685183,0.016258309,ds_hold,0.034809715,-0.000500745,-0.001154232,0.000304341,0.000000012,0.000071040,a,5,5,5,12
48.180000,DS,5,0,0.219052721,0.110962727,-0.014218499,0.864238830,0.002979401,-0.001574143,0.016083316,ds_hold,0.035074077,-0.000501068,-0.001139244,0.000296819,0.000000012,0.000071277,a,5,5,5,12
48.280000,DS,5,0,0.217111121,0.109912639,-0.016480726,0.860261958,0.002983385,-0.001463911,0.015908886,ds_hold,0.035337241,-0.000501425,-0.001124345,0.000289268,0.000000012,0.000071525,a,5,5,5,12
48.380000,DS,5,0,0.215188911,0.108870071,-0.018757808,0.856308876,0.002986938,-0.001354512,0.015734947,ds_hold,0.035599009,-0.000501814,-0.001109537,0.000281688,0.000000012,0.000071781,a,5,5,5,12
48.480000,DS,5,0,0.213285983,0.107834938,-0.021049047,0.852381070,0.002990060,-0.001245968,0.015561427,ds_hold,0.035859203,-0.000502237,-0.001094824,0.000274080,0.000000012,0.000072042,a,5,5,5,12
48.580000,DS,5,0,0.211402232,0.106807161,-0.023353775,0.848480014,0.002992749,-0.001138300,0.015388257,ds_hold,0.036117670,-0.000502693,-0.001080208,0.000266445,0.000000012,0.000072307,a,5,5,5,12
48.680000,DS,5,0,0.209537553,0.105786675,-0.025671353,0.844607169,0.002995006,-0.001031531,0.015215370,ds_hold,0.036374270,-0.000503184,-0.001065693,0.000258782,0.000000012,0.000072574,a,5,5,5,12
48.780000,DS,5,0,0.207691843,0.104773420,-0.028001168,0.840763992,0.002996829,-0.000925680,0.015042701,ds_hold,0.036628880,-0.000503709,-0.001051280,0.000251093,0.000000012,0.000072842,a,5,5,5,12
48.880000,DS,5,0,0.205864999,0.103767350,-0.030342630,0.836951932,0.002998216,-0.000820765,0.014870187,ds_hold,0.036881388,-0.000504268,-0.001036974,0.000243380,0.000000012,0.000073110,a,5,5,5,12
48.980000,DS,5,0,0.204056921,0.102768426,-0.032695178,0.833172440,0.002999169,-0.000716807,0.014697765,ds_hold,0.037131692,-0.000504863,-0.001022777,0.000235641,0.000000012,0.000073379,a,5,5,5,12
49.080000,DS,5,0,0.202267509,0.101776619,-0.035058268,0.829426969,0.002999684,-0.000613821,0.014525377,ds_hold,0.037379696,-0.000505493,-0.001008692,0.000227878,0.000000012,0.000073647,a,5,5,5,12
49.180000,DS,5,0,0.200496665,0.100791914,-0.037431383,0.825716978,0.002999763,-0.000511825,0.014352964,ds_hold,0.037625313,-0.000506159,-0.000994723,0.000220092,0.000000012,0.000073917,a,5,5,5,12
49.280000,DS,5,0,0.198744291,0.099814302,-0.039814021,0.822043937,0.002999403,-0.000410835,0.014180470,ds_hold,0.037868460,-0.000506861,-0.000980873,0.000212283,0.000000012,0.000074188,a,5,5,5,12
49.380000,DS,5,0,0.197010291,0.098843789,-0.042205701,0.818409331,0.002998606,-0.000310863,0.014007840,ds_hold,0.038109057,-0.000507600,-0.000967146,0.000204452,0.000000012,0.000074462,a,5,5,5,12
49.480000,DS,5,0,0.195294570,0.097880390,-0.044605960,0.814814664,0.002997370,-0.000211923,0.013835022,ds_hold,0.038347028,-0.000508376,-0.000953545,0.000196599,0.000000012,0.000074739,a,5,5,5,12
49.580000,DS,5,0,0.193597034,0.096924132,-0.047014350,0.811261464,0.002995696,-0.000114026,0.013661964,ds_hold,0.038582298,-0.000509190,-0.000940073,0.000188726,0.000000011,0.000075023,a,5,5,5,12
49.680000,DS,5,0,0.191917591,0.095975055,-0.049430437,0.807751287,0.002993585,-0.000017178,0.013488617,ds_hold,0.038814792,-0.000510042,-0.000926734,0.000180832,0.000000011,0.000075315,a,5,5,5,12
49.780000,DS,5,0,0.190256149,0.095033213,-0.051853802,0.804285726,0.002991038,0.000078611,0.013314934,ds_hold,0.039044437,-0.000510933,-0.000913533,0.000172918,0.000000011,0.000075616,a,5,5,5,12
49.880000,DS,5,0,0.188612618,0.094098672,-0.054284034,0.800866413,0.002988058,0.000173338,0.013140870,ds_hold,0.039271159,-0.000511863,-0.000900472,0.000164985,0.000000011,0.000075930,a,5,5,5,12
49.980000,DS,5,0,0.186986906,0.093171512,-0.056720736,0.797495028,0.002984648,0.000266999,0.012966380,ds_hold,0.039494883,-0.000512834,-0.000887557,0.000157033,0.000000011,0.000076260,a,5,5,5,12
50.080000,DS,5,0,0.185378928,0.092251830,-0.059163517,0.794173303,0.002980809,0.000359593,0.012791425,ds_hold,0.039715532,-0.000513844,-0.000874791,0.000149063,0.000000011,0.000076608,a,5,5,5,12
50.180000,DS,5,0,0.183788593,0.091339737,-0.061611992,0.790903034,0.002976545,0.000451117,0.012615968,ds_hold,0.039933027,-0.000514897,-0.000862179,0.000141076,0.000000011,0.000076978,a,5,5,5,12
50.280000,DS,5,0,0.182215817,0.090435362,-0.064065782,0.787686085,0.002971859,0.000541568,0.012439973,ds_hold,0.040147288,-0.000515991,-0.000849725,0.000133071,0.000000011,0.000077375,a,5,5,5,12
50.380000,DS,5,0,0.180660517,0.089538851,-0.066524508,0.784524400,0.002966681,0.000630818,0.012262297,ds_hold,0.040358180,-0.000517128,-0.000837436,0.000125052,0.000000012,0.000078329,a,5,5,5,12
50.480000,DS,5,0,0.179122620,0.088653903,-0.068983657,0.781429728,0.002960729,0.000717272,0.012081504,ds_hold,0.040565349,-0.000518307,-0.000825326,0.000117024,0.000000012,0.000081113,a,5,5,5,12
50.580000,DS,5,0,0.177602080,0.087791830,-0.071427443,0.778433032,0.002965628,0.000815850,0.011936871,ds_hold,0.040768511,-0.000519527,-0.000813418,0.000109006,0.000000013,0.000091512,a,5,5,5,12
50.680000,DS,5,0,0.176098863,0.086975768,-0.073762784,0.775566961,0.003190679,0.001322985,0.012297115,ds_hold,0.040965946,-0.000520780,-0.000801762,0.000101034,0.000000014,0.000110110,a,5,5,5,12
50.780000,DS,5,0,0.174612939,0.086254010,-0.075959484,0.772948313,0.003475666,0.001938111,0.012789558,ds_hold,0.041155676,-0.000522052,-0.000790429,0.000093160,0.000000016,0.000132513,a,5,5,5,12
50.880000,DS,5,0,0.173144287,0.085650908,-0.077987737,0.770634875,0.003732127,0.002500352,0.013212975,ds_hold,0.041336105,-0.000523329,-0.000779485,0.000085434,0.000000018,0.000152567,a,5,5,5,12
50.980000,DS,5,0,0.171692898,0.085159791,-0.079836611,0.768611776,0.003948276,0.002989920,0.013542064,ds_hold,0.041506194,-0.000524600,-0.000768991,0.000077903,0.000000019,0.000169012,a,5,5,5,12
51.080000,DS,5,0,0.170258764,0.084769828,-0.081507154,0.766859232,0.004125917,0.003410771,0.013780816,ds_hold,0.041665102,-0.000525854,-0.000758992,0.000070607,0.000000020,0.000182414,a,5,5,5,12
51.180000,DS,5,0,0.168841870,0.084472125,-0.083006420,0.765361980,0.004268981,0.003768911,0.013939024,ds_hold,0.041812209,-0.000527081,-0.000749525,0.000063578,0.000000021,0.000193245,a,5,5,5,12
51.280000,DS,5,0,0.167442197,0.084258905,-0.084342161,0.764104496,0.004380665,0.004069356,0.014025016,ds_hold,0.041947138,-0.000528277,-0.000740618,0.000056843,0.000000022,0.000201649,a,5,5,5,12
51.380000,DS,5,0,0.166059721,0.084122690,-0.085522505,0.763071318,0.004463548,0.004316746,0.014045415,ds_hold,0.042069703,-0.000529436,-0.000732290,0.000050424,0.000000022,0.000207730,a,5,5,5,12
51.480000,DS,5,0,0.164694413,0.084056031,-0.086555908,0.762247007,0.004520077,0.004515594,0.014006366,ds_hold,0.042179880,-0.000530554,-0.000724551,0.000044337,0.000000022,0.000211684,a,5,5,5,12
51.580000,DS,5,0,0.163346239,0.084051678,-0.087451009,0.761615907,0.004552755,0.004670337,0.013914123,ds_hold,0.042277784,-0.000531630,-0.000717408,0.000038594,0.000000022,0.000213737,a,5,5,5,12
51.680000,DS,5,0,0.162015160,0.084102721,-0.088216617,0.761162347,0.004564063,0.004785301,0.013774851,ds_hold,0.042363656,-0.000532663,-0.000710859,0.000033201,0.000000022,0.000214091,a,5,5,5,12
51.780000,DS,5,0,0.160701133,0.084202594,-0.088861648,0.760870918,0.004556356,0.004864645,0.013594371,ds_hold,0.042437849,-0.000533652,-0.000704898,0.000028162,0.000000022,0.000212930,a,5,5,5,12
51.880000,DS,5,0,0.159404109,0.084345071,-0.089395009,0.760726599,0.004531858,0.004912335,0.013378135,ds_hold,0.042500801,-0.000534598,-0.000699513,0.000023479,0.000000022,0.000210434,a,5,5,5,12
51.980000,DS,5,0,0.158124035,0.084524272,-0.089825503,0.760714800,0.004492681,0.004932139,0.013131283,ds_hold,0.042553026,-0.000535502,-0.000694689,0.000019147,0.000000021,0.000206780,a,5,5,5,12
52.080000,DS,5,0,0.156860855,0.084734686,-0.090161774,0.760821435,0.004440826,0.004927619,0.012858649,ds_hold,0.042595092,-0.000536366,-0.000690409,0.000015162,0.000000021,0.000202130,a,5,5,5,12
52.180000,DS,5,0,0.155614505,0.084971172,-0.090412253,0.761032999,0.004378166,0.004902124,0.012564741,ds_hold,0.042627612,-0.000537193,-0.000686652,0.000011516,0.000000020,0.000196641,a,5,5,5,12
52.280000,DS,5,0,0.154384921,0.085228958,-0.090585116,0.761336617,0.004306452,0.004858782,0.012253727,ds_hold,0.042651231,-0.000537985,-0.000683393,0.000008200,0.000000019,0.000190455,a,5,5,5,12
52.380000,DS,5,0,0.153172033,0.085503642,-0.090688238,0.761720093,0.004227303,0.004800502,0.011929447,ds_hold,0.042666613,-0.000538744,-0.000680609,0.000005202,0.000000019,0.000183706,a,5,5,5,12
52.480000,DS,5,0,0.151975787,0.085791182,-0.090729162,0.762171927,0.004145143,0.004733606,0.011603741,ds_hold,0.042674624,-0.000539468,-0.000678275,0.000002515,0.000000018,0.000178770,a,5,5,5,12
52.580000,DS,5,0,0.150796123,0.086102402,-0.090696733,0.762698146,0.004060930,0.004660450,0.011281137,ds_hold,0.042675907,-0.000540151,-0.000676369,0.000000136,0.000000018,0.000174237,a,5,5,5,12
52.680000,DS,5,0,0.149632985,0.086439319,-0.090586381,0.763291321,0.003969549,0.004569761,0.010953276,ds_hold,0.042671327,-0.000540783,-0.000674868,-0.000001942,0.000000017,0.000169235,a,5,5,5,12
52.780000,DS,5,0,0.148486326,0.086798757,-0.090397823,0.763933387,0.003869617,0.004456591,0.010620626,ds_hold,0.042661996,-0.000541351,-0.000673746,-0.000003720,0.000000017,0.000164500,a,5,5,5,12
52.880000,DS,5,0,0.147356092,0.087182394,-0.090126529,0.764608717,0.003763282,0.004325708,0.010290520,ds_hold,0.042648973,-0.000541838,-0.000672976,-0.000005204,0.000000016,0.000158902,a,5,5,5,12
52.980000,DS,5,0,0.146242235,0.087585462,-0.089777490,0.765297171,0.003804040,0.004417815,0.010407384,ds_hold,0.042633577,-0.000542228,-0.000672523,-0.000006398,0.000000016,0.000153315,a,5,5,5,12
53.080000,DS,5,0,0.145144712,0.088007356,-0.089332981,0.765971283,0.003810735,0.004382518,0.010575289,ds_hold,0.042616810,-0.000542505,-0.000672351,-0.000007302,0.000000015,0.000147892,a,5,5,5,12
53.180000,DS,5,0,0.144063480,0.088451151,-0.088798570,0.766622366,0.003638415,0.003904747,0.010544831,ds_hold,0.042599456,-0.000542662,-0.000672416,-0.000007915,0.000000014,0.000141380,a,5,5,5,12
53.280000,DS,5,0,0.142998487,0.088913661,-0.088175689,0.767218809,0.003135376,0.002791985,0.009825111,ds_hold,0.042581999,-0.000542703,-0.000672663,-0.000008236,0.000000013,0.000131098,a,5,5,5,12
53.380000,DS,5,0,0.141949588,0.089382823,-0.087473114,0.767708983,0.002513044,0.001517671,0.008672964,ds_hold,0.042564361,-0.000542660,-0.000673041,-0.000008296,0.000000011,0.000111721,a,5,5,5,12
53.480000,DS,5,0,0.140916583,0.089773875,-0.086869846,0.768152767,0.002088778,0.000479180,0.008174885,ds_hold,0.042547512,-0.000542572,-0.000673481,-0.000008154,0.000000008,0.000086369,a,5,5,5,12
53.580000,DS,5,0,0.139899264,0.090063930,-0.086374968,0.768352964,0.001624323,-0.000681339,0.007801481,ds_hold,0.042532354,-0.000542491,-0.000673915,-0.000007880,0.000000006,0.000066700,a,5,5,5,12
53.680000,DS,5,0,0.138897354,0.090212477,-0.086069002,0.768465193,0.001563765,-0.000820172,0.007727822,ds_hold,0.042520403,-0.000542431,-0.000674349,-0.000007560,0.000000007,0.000054525,a,5,5,5,12
53.780000,DS,5,0,0.137910619,0.090263783,-0.085962804,0.768615367,0.001496164,-0.000902490,0.007555009,ds_hold,0.042511363,-0.000542392,-0.000674776,-0.000007254,0.000000006,0.000044603,a,5,5,5,12
53.880000,DS,5,0,0.136938924,0.090256693,-0.085955590,0.768697256,0.001528401,-0.000772051,0.007573623,ds_hold,0.042505394,-0.000542370,-0.000675184,-0.000006991,0.000000006,0.000038376,a,5,5,5,12
53.980000,DS,5,0,0.135982165,0.090218545,-0.086002942,0.768742967,0.001569785,-0.000611966,0.007578942,ds_hold,0.042502090,-0.000542361,-0.000675567,-0.000006781,0.000000006,0.000035972,a,5,5,5,12
54.080000,DS,5,0,0.135040261,0.090172403,-0.086072756,0.768780384,0.001617877,-0.000438893,0.007580507,ds_hold,0.042500916,-0.000542365,-0.000675927,-0.000006620,0.000000006,0.000036124,a,5,5,5,12
54.180000,DS,5,0,0.134113150,0.090134522,-0.086139724,0.768824611,0.001677380,-0.000251671,0.007606539,ds_hold,0.042501271,-0.000542379,-0.000676269,-0.000006498,0.000000006,0.000037671,a,5,5,5,12
54.280000,DS,5,0,0.133200773,0.090112837,-0.086187482,0.768883485,0.001720056,-0.000096193,0.007586397,ds_hold,0.042502560,-0.000542403,-0.000676600,-0.000006403,0.000000006,0.000039806,a,5,5,5,12
54.380000,DS,5,0,0.132303074,0.090109076,-0.086211776,0.768962339,0.001729003,-0.000011510,0.007502553,ds_hold,0.042504281,-0.000542434,-0.000676927,-0.000006323,0.000000006,0.000041828,a,5,5,5,12
54.480000,DS,5,0,0.131419988,0.090120699,-0.086213643,0.769060438,0.001727000,0.000047912,0.007400797,ds_hold,0.042506081,-0.000542473,-0.000677255,-0.000006249,0.000000006,0.000043259,a,5,5,5,12
54.580000,DS,5,0,0.130551445,0.090143706,-0.086197919,0.769173753,0.001703740,0.000065347,0.007255908,ds_hold,0.042507753,-0.000542517,-0.000677590,-0.000006175,0.000000006,0.000043938,a,5,5,5,12
54.680000,DS,5,0,0.129697368,0.090173491,-0.086171389,0.769297617,0.001674094,0.000069977,0.007099928,ds_hold,0.042509224,-0.000542566,-0.000677934,-0.000006099,0.000000006,0.000043927,a,5,5,5,12
54.780000,DS,5,0,0.128857675,0.090206192,-0.086139388,0.769426588,0.001648181,0.000082937,0.006952050,ds_hold,0.042510496,-0.000542619,-0.000678287,-0.000006018,0.000000006,0.000043439,a,5,5,5,12
54.880000,DS,5,0,0.128032278,0.090239095,-0.086105809,0.769556643,0.001627766,0.000102998,0.006824919,ds_hold,0.042511602,-0.000542673,-0.000678648,-0.000005935,0.000000006,0.000042689,a,5,5,5,12
54.980000,DS,5,0,0.127221089,0.090270631,-0.086073397,0.769685626,0.001610736,0.000129835,0.006705671,ds_hold,0.042512573,-0.000542729,-0.000679018,-0.000005850,0.000000006,0.000041868,a,5,5,5,12
55.080000,DS,5,0,0.126424017,0.090299999,-0.086043519,0.769812434,0.001601763,0.000170480,0.006606940,ds_hold,0.042513431,-0.000542786,-0.000679393,-0.000005765,0.000000006,0.000041019,a,5,5,5,12
55.180000,DS,5,0,0.125640970,0.090327175,-0.086016914,0.769936239,0.001591655,0.000207891,0.006507720,ds_hold,0.042514186,-0.000542845,-0.000679774,-0.000005680,0.000000006,0.000040246,a,5,5,5,12
55.280000,DS,5,0,0.124871856,0.090352177,-0.085993782,0.770057769,0.001581926,0.000245607,0.006409603,ds_hold,0.042514831,-0.000542905,-0.000680159,-0.000005598,0.000000006,0.000039611,a,5,5,5,12
55.380000,DS,5,0,0.124116583,0.090375542,-0.085973652,0.770178279,0.001575487,0.000288982,0.006318624,ds_hold,0.042515343,-0.000542969,-0.000680547,-0.000005517,0.000000006,0.000039070,a,5,5,5,12
55.480000,DS,5,0,0.123375056,0.090397902,-0.085955913,0.770298140,0.001569991,0.000333463,0.006230151,ds_hold,0.042515692,-0.000543035,-0.000680938,-0.000005440,0.000000006,0.000038608,a,5,5,5,12
55.580000,DS,5,0,0.122647183,0.090419589,-0.085940014,0.770417975,0.001565435,0.000379043,0.006144094,ds_hold,0.042515849,-0.000543106,-0.000681332,-0.000005366,0.000000005,0.000038201,a,5,5,5,12
55.680000,DS,5,0,0.121932869,0.090440878,-0.085925623,0.770538138,0.001561177,0.000424643,0.006059152,ds_hold,0.042515779,-0.000543180,-0.000681728,-0.000005295,0.000000005,0.000037848,a,5,5,5,12
55.780000,DS,5,0,0.121232020,0.090461935,-0.085912394,0.770659224,0.001557537,0.000470764,0.005975858,ds_hold,0.042515451,-0.000543259,-0.000682126,-0.000005227,0.000000005,0.000037517,a,5,5,5,12
55.880000,DS,5,0,0.120544538,0.090482912,-0.085900215,0.770781269,0.001554114,0.000516664,0.005893590,ds_hold,0.042514838,-0.000543344,-0.000682526,-0.000005162,0.000000005,0.000037188,a,5,5,5,12
55.980000,DS,5,0,0.119870327,0.090503820,-0.085889022,0.770904280,0.001550759,0.000562073,0.005812088,ds_hold,0.042513918,-0.000543434,-0.000682929,-0.000005100,0.000000005,0.000036851,a,5,5,5,12
56.080000,DS,5,0,0.119209289,0.090524620,-0.085878864,0.771028150,0.001547266,0.000606558,0.005730844,ds_hold,0.042512678,-0.000543531,-0.000683335,-0.000005041,0.000000005,0.000036491,a,5,5,5,12
56.180000,DS,5,0,0.118561323,0.090545238,-0.085869921,0.771152531,0.001543846,0.000650741,0.005650654,ds_hold,0.042511107,-0.000543633,-0.000683742,-0.000004984,0.000000005,0.000036129,a,5,5,5,12
56.280000,DS,5,0,0.117926330,0.090565590,-0.085862130,0.771277547,0.001540120,0.000693580,0.005570413,ds_hold,0.042509195,-0.000543743,-0.000684151,-0.000004931,0.000000005,0.000035756,a,5,5,5,12
56.380000,DS,5,0,0.117304206,0.090585657,-0.085855712,0.771402833,0.001533897,0.000729563,0.005490132,ds_hold,0.042506882,-0.000543860,-0.000684563,-0.000004881,0.000000005,0.000035393,a,5,5,5,12
56.480000,DS,5,0,0.116694850,0.090605329,-0.085849882,0.771528331,0.001526730,0.000760438,0.005412085,ds_hold,0.042504120,-0.000543986,-0.000684975,-0.000004833,0.000000005,0.000035020,a,5,5,5,12
56.580000,DS,5,0,0.116098156,0.090624505,-0.085845444,0.771653356,0.001519030,0.000787583,0.005337188,ds_hold,0.042500874,-0.000544123,-0.000685387,-0.000004788,0.000000005,0.000034592,a,5,5,5,12
56.680000,DS,5,0,0.115514019,0.090643099,-0.085842598,0.771777317,0.001510500,0.000810201,0.005265350,ds_hold,0.042497113,-0.000544272,-0.000685799,-0.000004745,0.000000005,0.000034100,a,5,5,5,12
56.780000,DS,5,0,0.114942331,0.090660967,-0.085841529,0.771899119,0.001499929,0.000823662,0.005198829,ds_hold,0.042492823,-0.000544434,-0.000686210,-0.000004706,0.000000004,0.000033540,a,5,5,5,12
56.880000,DS,5,0,0.114382983,0.090678020,-0.085842147,0.772017089,0.001488012,0.000832702,0.005130320,ds_hold,0.042488012,-0.000544608,-0.000686617,-0.000004669,0.000000004,0.000032885,a,5,5,5,12
56.980000,DS,5,0,0.113835868,0.090694276,-0.085844676,0.772128825,0.001469483,0.000820813,0.005062544,ds_hold,0.042482717,-0.000544796,-0.000687018,-0.000004634,0.000000004,0.000032106,a,5,5,5,12
57.080000,DS,5,0,0.113300873,0.090709607,-0.085848613,0.772230055,0.001451008,0.000800654,0.005011184,ds_hold,0.042476980,-0.000544996,-0.000687409,-0.000004603,0.000000004,0.000031168,a,5,5,5,12
57.180000,DS,5,0,0.112777886,0.090723722,-0.085853800,0.772315505,0.001451920,0.000816858,0.005010245,ds_hold,0.042470762,-0.000545210,-0.000687787,-0.000004574,0.000000004,0.000030343,a,5,5,5,12
57.280000,DS,5,0,0.112266789,0.090734740,-0.085862021,0.772388694,0.001416038,0.000772061,0.004911826,ds_hold,0.042464012,-0.000545440,-0.000688149,-0.000004549,0.000000004,0.000030025,a,5,5,5,12
57.380000,DS,5,0,0.111767462,0.090739794,-0.085881410,0.772466263,0.001271279,0.000552526,0.004522257,ds_hold,0.042456693,-0.000545689,-0.000688499,-0.000004532,0.000000004,0.000029870,a,5,5,5,12
57.480000,DS,5,0,0.111279786,0.090741467,-0.085913135,0.772550930,0.001116931,0.000312359,0.004123521,ds_hold,0.042448947,-0.000545953,-0.000688841,-0.000004523,0.000000004,0.000029624,a,5,5,5,12
57.580000,DS,5,0,0.110803648,0.090741195,-0.085951058,0.772644495,0.001128341,0.000397007,0.004038744,ds_hold,0.042441002,-0.000546227,-0.000689177,-0.000004524,0.000000004,0.000029404,a,5,5,5,12
57.680000,DS,5,0,0.110338941,0.090745414,-0.085984936,0.772738006,0.001125159,0.000439547,0.003955904,ds_hold,0.042432926,-0.000546504,-0.000689509,-0.000004531,0.000000004,0.000029250,a,5,5,5,12
57.780000,DS,5,0,0.109885559,0.090755309,-0.086007690,0.772821587,0.001086589,0.000399143,0.003829176,ds_hold,0.042424839,-0.000546783,-0.000689833,-0.000004539,0.000000004,0.000029003,a,5,5,5,12
57.880000,DS,5,0,0.109443392,0.090769942,-0.086020805,0.772892498,0.001033419,0.000310364,0.003712053,ds_hold,0.042416887,-0.000547057,-0.000690146,-0.000004547,0.000000004,0.000028536,a,5,5,5,12
57.980000,DS,5,0,0.109012324,0.090787967,-0.086024577,0.772947002,0.001212957,0.000632263,0.004123780,ds_hold,0.042409149,-0.000547325,-0.000690444,-0.000004551,0.000000003,0.000027741,a,5,5,5,12
58.080000,DS,5,0,0.108592237,0.090808281,-0.086016246,0.772982658,0.001439826,0.000992584,0.004751039,ds_hold,0.042401636,-0.000547588,-0.000690731,-0.000004551,0.000000004,0.000028081,a,5,5,5,12
58.180000,DS,5,0,0.108183006,0.090822988,-0.086011022,0.773047787,0.001411579,0.000991521,0.004606074,ds_hold,0.042394026,-0.000547847,-0.000691019,-0.000004550,0.000000004,0.000029298,a,5,5,5,12
58.280000,DS,5,0,0.107784508,0.090839943,-0.086015315,0.773146921,0.001398212,0.000998423,0.004516370,ds_hold,0.042386285,-0.000548107,-0.000691311,-0.000004548,0.000000004,0.000029654,a,5,5,5,12
