t_s,phase,step_index,num_rot_Nm,num_origin_Nm,denominator_Nm,rho_rot,rho_origin,valid
0.010000,DS_interstep,-1,1.093643e-23,9.519166e-25,0.000000e+00,nan,nan,0
0.020000,DS_interstep,-1,1.832228e-23,1.140323e-24,0.000000e+00,nan,nan,0
0.030000,DS_interstep,-1,2.499863e-23,2.331797e-24,0.000000e+00,nan,nan,0
0.040000,DS_interstep,-1,3.287102e-23,4.788190e-24,0.000000e+00,nan,nan,0
0.050000,DS_interstep,-1,4.102114e-23,1.002707e-23,0.000000e+00,nan,nan,0
0.060000,DS_interstep,-1,4.693633e-23,7.951612e-24,0.000000e+00,nan,nan,0
0.070000,DS_interstep,-1,4.886641e-23,7.387139e-24,0.000000e+00,nan,nan,0
0.080000,DS_interstep,-1,4.605979e-23,7.905771e-24,0.000000e+00,nan,nan,0
0.090000,DS_interstep,-1,3.879978e-23,9.614369e-24,0.000000e+00,nan,nan,0
0.100000,DS_interstep,-1,2.830675e-23,3.521936e-14,0.000000e+00,nan,nan,0
0.110000,SS,0,2.008743e-06,5.202152e-08,1.006924e+00,1.994930e-06,5.166381e-08,1
0.210000,SS,0,9.108678e-06,2.471016e-07,1.230580e+00,7.401939e-06,2.008009e-07,1
0.310000,SS,0,2.093274e-05,6.494726e-07,1.333311e+00,1.569982e-05,4.871126e-07,1
0.410000,SS,0,3.871879e-05,2.637436e-07,1.376864e+00,2.812099e-05,1.915538e-07,1
0.510000,SS,0,6.229973e-05,8.803413e-07,1.359321e+00,4.583150e-05,6.476329e-07,1
0.610000,SS,0,9.194183e-05,3.355945e-06,1.300681e+00,7.068746e-05,2.580144e-06,1
0.710000,SS,0,1.272876e-04,7.073487e-06,1.219125e+00,1.044090e-04,5.802101e-06,1
0.810000,SS,0,1.679455e-04,1.207059e-05,1.136057e+00,1.478320e-04,1.062499e-05,1
0.910000,SS,0,2.128058e-04,1.791358e-05,1.058547e+00,2.010358e-04,1.692280e-05,1
1.010000,SS,0,2.604038e-04,2.414091e-05,9.908948e-01,2.627966e-04,2.436274e-05,1
1.110000,SS,0,3.086765e-04,3.003869e-05,9.317930e-01,3.312715e-04,3.223751e-05,1
1.210000,SS,0,3.554781e-04,3.491280e-05,8.982164e-01,3.957600e-04,3.886903e-05,1
1.310000,SS,0,3.986505e-04,3.797057e-05,9.193347e-01,4.336294e-04,4.130222e-05,1
1.410000,SS,0,4.361222e-04,3.847491e-05,1.018277e+00,4.282944e-04,3.778434e-05,1
1.510000,SS,0,4.660246e-04,3.573346e-05,1.189674e+00,3.917245e-04,3.003634e-05,1
1.610000,SS,0,4.867136e-04,2.977836e-05,1.400506e+00,3.475271e-04,2.126258e-05,1
1.710000,SS,0,4.966526e-04,2.182094e-05,1.620722e+00,3.064391e-04,1.346372e-05,1
1.810000,SS,0,4.951918e-04,2.000408e-05,1.816277e+00,2.726412e-04,1.101379e-05,1
1.910000,SS,0,4.817607e-04,3.366298e-05,1.976960e+00,2.436876e-04,1.702765e-05,1
2.010000,SS,0,4.574071e-04,5.619582e-05,2.077924e+00,2.201269e-04,2.704421e-05,1
2.110000,SS,0,4.225159e-04,8.318051e-05,2.130813e+00,1.982886e-04,3.903698e-05,1
2.210000,SS,0,3.773776e-04,1.132316e-04,2.136280e+00,1.766517e-04,5.300409e-05,1
2.310000,SS,0,3.237902e-04,1.448873e-04,2.093746e+00,1.546463e-04,6.920003e-05,1
2.410000,SS,0,2.651198e-04,1.773960e-04,2.002801e+00,1.323745e-04,8.857395e-05,1
2.510000,SS,0,2.064715e-04,2.093983e-04,1.827018e+00,1.130101e-04,1.146121e-04,1
2.610000,SS,0,1.520236e-04,2.346909e-04,1.434464e+00,1.059793e-04,1.636088e-04,1
2.710000,SS,0,1.059902e-04,2.552141e-04,1.052877e+00,1.006672e-04,2.423969e-04,1
2.810000,SS,0,7.666363e-05,2.686427e-04,7.005957e-01,1.094263e-04,3.834489e-04,1
2.910000,SS,0,7.141369e-05,1.398070e-04,4.765839e-01,1.498450e-04,2.933523e-04,1
3.020000,DS_interstep,0,1.730423e-04,4.419071e-05,4.180876e+00,4.138900e-05,1.056972e-05,1
3.030000,DS_interstep,0,3.514605e-04,2.712026e-04,4.330127e+00,8.116632e-05,6.263156e-05,1
3.040000,DS_interstep,0,4.144867e-04,2.737935e-04,3.614751e+00,1.146653e-04,7.574338e-05,1
3.050000,DS_interstep,0,4.010953e-04,2.784563e-04,3.978650e+00,1.008119e-04,6.998764e-05,1
3.060000,DS_interstep,0,3.678824e-04,2.757261e-04,4.277108e+00,8.601195e-05,6.446554e-05,1
3.070000,DS_interstep,0,3.397381e-04,2.713942e-04,3.108404e+00,1.092966e-04,8.730983e-05,1
3.080000,DS_interstep,0,3.150550e-04,2.643037e-04,3.042996e+00,1.035345e-04,8.685642e-05,1
3.090000,DS_interstep,0,2.932319e-04,2.552825e-04,3.203543e+00,9.153362e-05,7.968754e-05,1
3.100000,DS_interstep,0,2.739412e-04,2.446388e-04,3.496954e+00,7.833708e-05,6.995769e-05,1
3.110000,DS_interstep,0,2.574081e-04,2.337824e-04,3.902185e+00,6.596513e-05,5.991065e-05,1
3.120000,DS_interstep,0,2.484672e-04,2.210558e-04,3.774988e+00,6.581934e-05,5.855802e-05,1
3.130000,DS_interstep,0,2.410013e-04,2.071337e-04,3.834880e+00,6.284455e-05,5.401309e-05,1
3.140000,DS_interstep,0,2.296341e-04,1.951475e-04,3.929603e+00,5.843697e-05,4.966087e-05,1
3.150000,DS_interstep,0,2.186428e-04,1.838968e-04,3.895645e+00,5.612493e-05,4.720573e-05,1
3.160000,DS_interstep,0,2.101017e-04,1.729825e-04,3.687839e+00,5.697149e-05,4.690620e-05,1
3.170000,DS_interstep,0,2.018202e-04,1.631901e-04,3.534402e+00,5.710165e-05,4.617192e-05,1
3.180000,DS_interstep,0,1.929923e-04,1.545451e-04,3.404614e+00,5.668552e-05,4.539285e-05,1
3.190000,DS_interstep,0,1.833474e-04,1.470406e-04,3.290376e+00,5.572232e-05,4.468808e-05,1
3.200000,DS_interstep,0,1.728775e-04,1.406293e-04,3.190217e+00,5.418988e-05,4.408141e-05,1
3.210000,DS_interstep,0,1.616951e-04,1.352372e-04,3.104146e+00,5.209004e-05,4.356662e-05,1
3.220000,DS_interstep,0,1.500366e-04,1.307632e-04,3.031264e+00,4.949639e-05,4.313817e-05,1
3.230000,DS_interstep,0,1.383555e-04,1.270630e-04,2.968744e+00,4.660406e-05,4.280025e-05,1
3.240000,DS_interstep,0,1.270285e-04,1.239877e-04,2.915725e+00,4.356670e-05,4.252378e-05,1
3.250000,DS_interstep,0,1.162197e-04,1.213988e-04,2.872123e+00,4.046473e-05,4.226796e-05,1
3.260000,DS_interstep,0,1.059514e-04,1.191877e-04,2.837613e+00,3.733823e-05,4.200279e-05,1
3.270000,DS_interstep,0,9.627941e-05,1.172243e-04,2.811317e+00,3.424708e-05,4.169728e-05,1
3.280000,DS_interstep,0,8.726451e-05,1.153877e-04,2.791463e+00,3.126120e-05,4.133592e-05,1
3.290000,DS_interstep,0,7.896108e-05,1.136098e-04,2.776034e+00,2.844384e-05,4.092523e-05,1
3.300000,DS_interstep,0,7.148347e-05,1.118221e-04,2.763645e+00,2.586565e-05,4.046180e-05,1
3.310000,DS_interstep,0,6.496978e-05,1.099645e-04,2.753457e+00,2.359571e-05,3.993690e-05,1
3.320000,DS_interstep,0,5.952230e-05,1.079923e-04,2.745129e+00,2.168288e-05,3.933962e-05,1
3.330000,DS_interstep,0,5.518607e-05,1.058763e-04,2.738688e+00,2.015055e-05,3.865950e-05,1
3.340000,DS_interstep,0,5.195755e-05,1.036046e-04,2.734250e+00,1.900249e-05,3.789142e-05,1
3.350000,DS_interstep,0,4.980668e-05,1.011803e-04,2.731782e+00,1.823230e-05,3.703820e-05,1
3.360000,DS_interstep,0,4.868994e-05,9.861656e-05,2.731097e+00,1.782798e-05,3.610877e-05,1
3.370000,DS_interstep,0,4.855800e-05,9.593186e-05,2.731976e+00,1.777395e-05,3.511446e-05,1
3.380000,DS_interstep,0,4.935604e-05,9.314675e-05,2.734255e+00,1.805100e-05,3.406659e-05,1
3.390000,DS_interstep,0,5.102143e-05,9.028252e-05,2.737833e+00,1.863570e-05,3.297590e-05,1
3.400000,DS_interstep,0,5.347787e-05,8.735983e-05,2.742620e+00,1.949882e-05,3.185269e-05,1
3.410000,DS_interstep,0,5.663087e-05,8.439925e-05,2.748482e+00,2.060442e-05,3.070759e-05,1
3.420000,DS_interstep,0,6.036470e-05,8.142187e-05,2.755192e+00,2.190944e-05,2.955216e-05,1
3.430000,DS_interstep,0,6.454337e-05,7.844868e-05,2.762411e+00,2.336487e-05,2.839863e-05,1
3.440000,DS_interstep,0,6.901719e-05,7.549977e-05,2.769700e+00,2.491865e-05,2.725918e-05,1
3.450000,DS_interstep,0,7.363369e-05,7.259384e-05,2.776566e+00,2.651970e-05,2.614519e-05,1
3.460000,DS_interstep,0,7.824870e-05,6.974724e-05,2.782524e+00,2.812148e-05,2.506617e-05,1
3.470000,DS_interstep,0,8.273592e-05,6.697320e-05,2.787173e+00,2.968453e-05,2.402908e-05,1
3.480000,DS_interstep,0,8.699266e-05,6.428163e-05,2.790237e+00,3.117752e-05,2.303806e-05,1
3.490000,DS_interstep,0,9.094285e-05,6.167937e-05,2.791601e+00,3.257731e-05,2.209462e-05,1
3.500000,DS_interstep,0,9.453588e-05,5.916994e-05,2.791301e+00,3.386803e-05,2.119798e-05,1
3.510000,DS_interstep,0,9.774407e-05,5.675365e-05,2.789497e+00,3.504004e-05,2.034548e-05,1
3.520000,DS_interstep,0,1.005584e-04,5.442962e-05,2.786437e+00,3.608853e-05,1.953377e-05,1
3.530000,DS_interstep,0,1.029850e-04,5.219439e-05,2.782416e+00,3.701279e-05,1.875865e-05,1
3.540000,DS_interstep,0,1.050399e-04,5.004345e-05,2.777743e+00,3.781482e-05,1.801587e-05,1
3.550000,DS_interstep,0,1.067466e-04,4.797189e-05,2.772708e+00,3.849906e-05,1.730146e-05,1
3.560000,DS_interstep,0,1.081318e-04,4.597399e-05,2.767562e+00,3.907115e-05,1.661173e-05,1
3.570000,DS_interstep,0,1.092238e-04,4.404431e-05,2.762513e+00,3.953784e-05,1.594357e-05,1
3.580000,DS_interstep,0,1.100499e-04,4.217755e-05,2.757715e+00,3.990619e-05,1.529438e-05,1
3.590000,DS_interstep,0,1.106358e-04,4.036894e-05,2.753272e+00,4.018339e-05,1.466217e-05,1
3.600000,DS_interstep,0,1.110044e-04,3.861416e-05,2.749242e+00,4.037635e-05,1.404538e-05,1
3.610000,DS_interstep,0,1.111756e-04,3.690959e-05,2.745648e+00,4.049157e-05,1.344294e-05,1
3.620000,DS_interstep,0,1.111662e-04,3.525224e-05,2.742481e+00,4.053491e-05,1.285414e-05,1
3.630000,DS_interstep,0,1.109899e-04,3.363985e-05,2.739712e+00,4.051151e-05,1.227861e-05,1
3.640000,DS_interstep,0,1.106577e-04,3.207068e-05,2.737299e+00,4.042588e-05,1.171618e-05,1
3.650000,DS_interstep,0,1.101782e-04,3.054349e-05,2.735190e+00,4.028173e-05,1.116686e-05,1
3.660000,DS_interstep,0,1.095580e-04,2.905752e-05,2.733333e+00,4.008220e-05,1.063080e-05,1
3.670000,DS_interstep,0,1.088019e-04,2.761230e-05,2.731677e+00,3.982969e-05,1.010819e-05,1
3.680000,DS_interstep,0,1.079131e-04,2.620774e-05,2.730172e+00,3.952613e-05,9.599302e-06,1
3.690000,DS_interstep,0,1.068945e-04,2.484390e-05,2.728775e+00,3.917307e-05,9.104416e-06,1
3.700000,DS_interstep,0,1.057480e-04,2.352091e-05,2.727451e+00,3.877173e-05,8.623773e-06,1
3.710000,DS_interstep,0,1.044755e-04,2.223901e-05,2.726168e+00,3.832319e-05,8.157607e-06,1
3.720000,DS_interstep,0,1.030787e-04,2.099845e-05,2.724906e+00,3.782833e-05,7.706118e-06,1
3.730000,DS_interstep,0,1.015601e-04,1.979933e-05,2.723649e+00,3.728824e-05,7.269415e-06,1
3.740000,DS_interstep,0,9.992248e-05,1.864178e-05,2.722388e+00,3.670398e-05,6.847583e-06,1
3.750000,DS_interstep,0,9.816932e-05,1.752582e-05,2.721120e+00,3.607680e-05,6.440663e-06,1
3.760000,DS_interstep,0,9.630502e-05,1.645126e-05,2.719850e+00,3.540821e-05,6.048591e-06,1
3.770000,DS_interstep,0,9.433459e-05,1.541788e-05,2.718584e+00,3.469990e-05,5.671291e-06,1
3.780000,DS_interstep,0,9.226420e-05,1.442527e-05,2.717332e+00,3.395397e-05,5.308617e-06,1
3.790000,DS_interstep,0,9.010043e-05,1.347294e-05,2.716107e+00,3.317263e-05,4.960385e-06,1
3.800000,DS_interstep,0,8.785079e-05,1.256031e-05,2.714925e+00,3.235846e-05,4.626395e-06,1
3.810000,DS_interstep,0,8.552328e-05,1.168662e-05,2.713799e+00,3.151423e-05,4.306369e-06,1
3.820000,DS_interstep,0,8.312640e-05,1.085114e-05,2.712742e+00,3.064295e-05,4.000064e-06,1
3.830000,DS_interstep,0,8.066878e-05,1.005308e-05,2.711767e+00,2.974768e-05,3.707205e-06,1
3.840000,DS_interstep,0,7.815964e-05,9.291515e-06,2.710885e+00,2.883178e-05,3.427484e-06,1
3.850000,DS_interstep,0,7.560800e-05,8.565643e-06,2.710103e+00,2.789857e-05,3.160634e-06,1
3.860000,DS_interstep,0,7.302294e-05,7.874559e-06,2.709429e+00,2.695142e-05,2.906354e-06,1
3.870000,DS_interstep,0,7.041359e-05,7.217404e-06,2.708864e+00,2.599377e-05,2.664365e-06,1
3.880000,DS_interstep,0,6.778874e-05,6.591334e-06,2.708412e+00,2.502896e-05,2.433652e-06,1
3.890000,DS_interstep,0,6.521493e-05,6.003763e-06,2.661698e+00,2.450125e-05,2.255614e-06,1
3.900000,DS_interstep,0,6.276821e-05,5.466423e-06,2.552660e+00,2.458933e-05,2.141461e-06,1
3.910000,DS_interstep,0,6.038185e-05,4.968401e-06,2.474221e+00,2.440439e-05,2.008067e-06,1
3.920000,DS_interstep,0,5.805596e-05,4.509378e-06,2.399748e+00,2.419252e-05,1.879105e-06,1
3.930000,DS_interstep,0,5.579602e-05,4.087866e-06,2.325086e+00,2.399740e-05,1.758157e-06,1
3.940000,DS_interstep,0,5.360694e-05,3.701863e-06,2.249841e+00,2.382699e-05,1.645389e-06,1
3.950000,DS_interstep,0,5.149252e-05,3.349144e-06,2.174184e+00,2.368361e-05,1.540414e-06,1
3.960000,DS_interstep,0,4.945587e-05,3.027418e-06,2.098315e+00,2.356932e-05,1.442785e-06,1
3.970000,DS_interstep,0,4.749919e-05,2.734442e-06,2.022411e+00,2.348642e-05,1.352070e-06,1
3.980000,DS_interstep,0,4.562413e-05,2.468016e-06,1.946638e+00,2.343740e-05,1.267835e-06,1
3.990000,DS_interstep,0,4.383167e-05,2.226045e-06,1.871178e+00,2.342464e-05,1.189649e-06,1
4.000000,DS_interstep,0,4.212216e-05,2.006551e-06,1.796238e+00,2.345022e-05,1.117086e-06,1
4.010000,DS_interstep,0,4.049543e-05,1.807658e-06,1.722051e+00,2.351582e-05,1.049712e-06,1
4.020000,DS_interstep,0,3.895072e-05,1.627600e-06,1.648873e+00,2.362264e-05,9.870987e-07,1
4.030000,DS_interstep,0,3.748669e-05,1.464742e-06,1.576964e+00,2.377143e-05,9.288367e-07,1
4.040000,DS_interstep,0,3.610158e-05,1.317553e-06,1.506588e+00,2.396248e-05,8.745275e-07,1
4.050000,DS_interstep,0,3.479332e-05,1.184622e-06,1.437996e+00,2.419571e-05,8.238009e-07,1
4.060000,DS_interstep,0,3.355936e-05,1.064632e-06,1.371444e+00,2.447010e-05,7.762854e-07,1
4.070000,DS_interstep,0,3.239661e-05,9.563916e-07,1.307133e+00,2.478448e-05,7.316711e-07,1
4.080000,DS_interstep,0,3.130182e-05,8.588013e-07,1.245209e+00,2.513781e-05,6.896847e-07,1
4.090000,DS_interstep,0,3.027147e-05,7.708697e-07,1.185774e+00,2.552887e-05,6.500981e-07,1
4.100000,DS_interstep,0,2.930200e-05,6.916968e-07,1.128910e+00,2.595601e-05,6.127122e-07,1
4.110000,DS_interstep,0,2.838980e-05,6.204625e-07,1.074662e+00,2.641742e-05,5.773558e-07,1
4.120000,DS_interstep,0,2.753131e-05,5.564311e-07,1.023055e+00,2.691088e-05,5.438916e-07,1
4.130000,DS_interstep,0,2.672303e-05,4.989349e-07,9.740854e-01,2.743397e-05,5.122086e-07,1
4.140000,DS_interstep,0,2.596156e-05,4.473723e-07,9.277276e-01,2.798403e-05,4.822237e-07,1
4.150000,DS_interstep,0,2.524358e-05,4.011972e-07,8.839369e-01,2.855813e-05,4.538754e-07,1
4.160000,DS_interstep,0,2.456597e-05,3.599021e-07,8.426520e-01,2.915316e-05,4.271064e-07,1
4.170000,DS_interstep,0,2.392565e-05,3.231183e-07,8.038691e-01,2.976311e-05,4.019539e-07,1
4.180000,DS_interstep,0,2.331965e-05,2.904506e-07,7.676656e-01,3.037736e-05,3.783556e-07,1
4.190000,DS_interstep,0,2.274522e-05,2.615569e-07,7.339391e-01,3.099061e-05,3.563741e-07,1
4.200000,DS_interstep,0,2.219983e-05,2.361332e-07,7.025443e-01,3.159919e-05,3.361115e-07,1
4.210000,DS_interstep,0,2.168113e-05,2.139074e-07,6.733343e-01,3.219966e-05,3.176838e-07,1
4.220000,DS_interstep,0,2.118697e-05,1.946308e-07,6.461658e-01,3.278875e-05,3.012087e-07,1
4.230000,DS_interstep,0,2.071532e-05,1.780765e-07,6.208994e-01,3.336341e-05,2.868041e-07,1
4.240000,DS_interstep,0,2.026436e-05,1.640152e-07,5.974002e-01,3.392091e-05,2.745484e-07,1
4.250000,DS_interstep,0,1.983235e-05,1.522297e-07,5.755380e-01,3.445881e-05,2.644998e-07,1
4.260000,DS_interstep,0,1.941775e-05,1.424943e-07,5.551888e-01,3.497504e-05,2.566592e-07,1
4.270000,DS_interstep,0,1.901911e-05,1.345784e-07,5.362343e-01,3.546791e-05,2.509694e-07,1
4.280000,DS_interstep,0,1.863510e-05,1.282424e-07,5.185630e-01,3.593604e-05,2.473033e-07,1
4.290000,DS_interstep,0,1.826452e-05,1.232540e-07,5.020706e-01,3.637840e-05,2.454914e-07,1
4.300000,DS_interstep,0,1.790626e-05,1.193821e-07,4.866597e-01,3.679421e-05,2.453093e-07,1
4.310000,DS_interstep,0,1.755930e-05,1.164112e-07,4.722404e-01,3.718297e-05,2.465083e-07,1
4.320000,DS_interstep,0,1.722272e-05,1.141451e-07,4.587296e-01,3.754438e-05,2.488288e-07,1
4.330000,DS_interstep,0,1.689566e-05,1.124125e-07,4.460511e-01,3.787830e-05,2.520172e-07,1
4.340000,DS_interstep,0,1.657734e-05,1.110668e-07,4.341350e-01,3.818475e-05,2.558348e-07,1
4.350000,DS_interstep,0,1.626705e-05,1.099879e-07,4.229175e-01,3.846389e-05,2.600695e-07,1
4.360000,DS_interstep,0,1.596414e-05,1.090782e-07,4.123405e-01,3.871592e-05,2.645343e-07,1
4.370000,DS_interstep,0,1.566801e-05,1.082613e-07,4.023508e-01,3.894117e-05,2.690720e-07,1
4.380000,DS_interstep,0,1.537812e-05,1.074795e-07,3.929000e-01,3.914003e-05,2.735543e-07,1
4.390000,DS_interstep,0,1.509396e-05,1.066889e-07,3.839434e-01,3.931298e-05,2.778766e-07,1
4.400000,DS_interstep,0,1.481509e-05,1.058582e-07,3.754405e-01,3.946055e-05,2.819573e-07,1
4.410000,DS_interstep,0,1.454108e-05,1.049661e-07,3.673537e-01,3.958334e-05,2.857358e-07,1
4.420000,DS_interstep,0,1.427158e-05,1.039991e-07,3.596482e-01,3.968204e-05,2.891690e-07,1
4.430000,DS_interstep,0,1.400623e-05,1.029495e-07,3.522922e-01,3.975743e-05,2.922275e-07,1
4.440000,DS_interstep,0,1.374475e-05,1.018146e-07,3.452557e-01,3.981034e-05,2.948961e-07,1
4.450000,DS_interstep,0,1.348685e-05,1.005946e-07,3.385108e-01,3.984170e-05,2.971680e-07,1
4.460000,DS_interstep,0,1.323229e-05,9.929332e-08,3.320319e-01,3.985248e-05,2.990475e-07,1
4.470000,DS_interstep,0,1.298088e-05,9.791600e-08,3.257944e-01,3.984377e-05,3.005454e-07,1
4.480000,DS_interstep,0,1.273241e-05,9.646888e-08,3.197759e-01,3.981665e-05,3.016765e-07,1
4.490000,DS_interstep,0,1.248673e-05,9.495976e-08,3.139553e-01,3.977231e-05,3.024627e-07,1
4.500000,DS_interstep,0,1.224370e-05,9.339682e-08,3.083127e-01,3.971197e-05,3.029289e-07,1
4.510000,DS_interstep,0,1.200322e-05,9.178790e-08,3.028300e-01,3.963681e-05,3.031004e-07,1
4.520000,DS_interstep,0,1.176517e-05,9.014141e-08,2.974902e-01,3.954809e-05,3.030063e-07,1
4.530000,DS_interstep,0,1.152949e-05,8.846542e-08,2.922778e-01,3.944702e-05,3.026758e-07,1
4.540000,DS_interstep,0,1.129612e-05,8.676779e-08,2.871786e-01,3.933482e-05,3.021388e-07,1
4.550000,DS_interstep,0,1.106501e-05,8.505560e-08,2.821796e-01,3.921266e-05,3.014236e-07,1
4.560000,DS_interstep,0,1.083615e-05,8.333587e-08,2.772690e-01,3.908172e-05,3.005597e-07,1
4.570000,DS_interstep,0,1.060951e-05,8.161493e-08,2.724365e-01,3.894304e-05,2.995742e-07,1
4.580000,DS_interstep,0,1.038508e-05,7.989845e-08,2.676726e-01,3.879771e-05,2.984933e-07,1
4.590000,DS_interstep,0,1.016289e-05,7.819173e-08,2.629691e-01,3.864669e-05,2.973418e-07,1
4.600000,DS_interstep,0,9.942940e-06,7.649936e-08,2.583190e-01,3.849093e-05,2.961430e-07,1
4.610000,DS_interstep,0,9.725260e-06,7.482532e-08,2.537162e-01,3.833126e-05,2.949174e-07,1
4.620000,DS_interstep,0,9.509881e-06,7.317319e-08,2.491553e-01,3.816848e-05,2.936850e-07,1
4.630000,DS_interstep,0,9.296844e-06,7.154594e-08,2.446323e-01,3.800334e-05,2.924632e-07,1
4.640000,DS_interstep,0,9.086190e-06,6.994603e-08,2.401434e-01,3.783652e-05,2.912677e-07,1
4.650000,DS_interstep,0,8.877964e-06,6.837550e-08,2.356860e-01,3.766861e-05,2.901127e-07,1
4.660000,DS_interstep,0,8.672216e-06,6.683590e-08,2.312580e-01,3.750018e-05,2.890101e-07,1
4.670000,DS_interstep,0,8.468998e-06,6.532840e-08,2.268578e-01,3.733175e-05,2.879707e-07,1
4.680000,DS_interstep,0,8.268368e-06,6.385399e-08,2.224846e-01,3.716378e-05,2.870041e-07,1
4.690000,DS_interstep,0,8.070373e-06,6.241297e-08,2.181380e-01,3.699664e-05,2.861169e-07,1
4.700000,DS_interstep,0,7.875071e-06,6.100572e-08,2.138178e-01,3.683076e-05,2.853164e-07,1
4.710000,DS_interstep,0,7.682516e-06,5.963217e-08,2.095244e-01,3.666645e-05,2.846073e-07,1
4.720000,DS_interstep,0,7.492755e-06,5.829202e-08,2.052584e-01,3.650401e-05,2.839934e-07,1
4.730000,DS_interstep,0,7.305844e-06,5.698496e-08,2.010208e-01,3.634372e-05,2.834779e-07,1
4.740000,DS_interstep,0,7.121834e-06,5.571040e-08,1.968126e-01,3.618587e-05,2.830632e-07,1
4.750000,DS_interstep,0,6.940766e-06,5.446757e-08,1.926353e-01,3.603061e-05,2.827497e-07,1
4.760000,DS_interstep,0,6.762683e-06,5.325564e-08,1.884902e-01,3.587817e-05,2.825380e-07,1
4.770000,DS_interstep,0,6.587630e-06,5.207385e-08,1.843789e-01,3.572876e-05,2.824284e-07,1
4.780000,DS_interstep,0,6.415641e-06,5.092121e-08,1.803033e-01,3.558248e-05,2.824196e-07,1
4.790000,DS_interstep,0,6.246752e-06,4.979676e-08,1.762649e-01,3.543957e-05,2.825109e-07,1
4.800000,DS_interstep,0,6.080988e-06,4.869940e-08,1.722655e-01,3.530009e-05,2.826997e-07,1
4.810000,DS_interstep,0,5.918379e-06,4.762829e-08,1.683070e-01,3.516419e-05,2.829846e-07,1
4.820000,DS_interstep,0,5.758945e-06,4.658234e-08,1.643910e-01,3.503200e-05,2.833631e-07,1
4.830000,DS_interstep,0,5.602703e-06,4.556054e-08,1.605194e-01,3.490358e-05,2.838319e-07,1
4.840000,DS_interstep,0,5.449670e-06,4.456202e-08,1.566939e-01,3.477908e-05,2.843890e-07,1
4.850000,DS_interstep,0,5.299855e-06,4.358586e-08,1.529161e-01,3.465858e-05,2.850312e-07,1
4.860000,DS_interstep,0,5.153261e-06,4.263109e-08,1.491877e-01,3.454212e-05,2.857547e-07,1
4.870000,DS_interstep,0,5.009890e-06,4.169694e-08,1.455104e-01,3.442979e-05,2.865565e-07,1
4.880000,DS_interstep,0,4.869742e-06,4.078255e-08,1.418853e-01,3.432168e-05,2.874332e-07,1
4.890000,DS_interstep,0,4.732807e-06,3.988723e-08,1.383141e-01,3.421783e-05,2.883816e-07,1
4.900000,DS_interstep,0,4.599077e-06,3.901020e-08,1.347980e-01,3.411830e-05,2.893976e-07,1
4.910000,DS_interstep,0,4.468537e-06,3.815085e-08,1.313382e-01,3.402314e-05,2.904780e-07,1
4.920000,DS_interstep,0,4.341168e-06,3.730854e-08,1.279357e-01,3.393242e-05,2.916194e-07,1
4.930000,DS_interstep,0,4.216950e-06,3.648272e-08,1.245918e-01,3.384614e-05,2.928180e-07,1
4.940000,DS_interstep,0,4.095859e-06,3.567283e-08,1.213072e-01,3.376435e-05,2.940702e-07,1
4.950000,DS_interstep,0,3.977866e-06,3.487840e-08,1.180827e-01,3.368712e-05,2.953726e-07,1
4.960000,DS_interstep,0,3.862940e-06,3.409895e-08,1.149191e-01,3.361444e-05,2.967214e-07,1
4.970000,DS_interstep,0,3.751047e-06,3.333412e-08,1.118169e-01,3.354634e-05,2.981135e-07,1
4.980000,DS_interstep,0,3.642150e-06,3.258351e-08,1.087766e-01,3.348284e-05,2.995452e-07,1
4.990000,DS_interstep,0,3.536210e-06,3.184677e-08,1.057987e-01,3.342394e-05,3.010128e-07,1
5.000000,DS_interstep,0,3.433186e-06,3.112357e-08,1.028834e-01,3.336969e-05,3.025130e-07,1
5.010000,DS_interstep,0,3.333034e-06,3.041365e-08,1.000309e-01,3.332004e-05,3.040425e-07,1
5.020000,DS_interstep,0,3.235708e-06,2.971673e-08,9.724133e-02,3.327503e-05,3.055978e-07,1
5.030000,DS_interstep,0,3.141160e-06,2.903258e-08,9.451463e-02,3.323464e-05,3.071755e-07,1
5.040000,DS_interstep,0,3.049341e-06,2.836096e-08,9.185075e-02,3.319887e-05,3.087722e-07,1
5.050000,DS_interstep,0,2.960200e-06,2.770167e-08,8.924950e-02,3.316770e-05,3.103846e-07,1
5.060000,DS_interstep,0,2.873685e-06,2.705453e-08,8.671062e-02,3.314109e-05,3.120095e-07,1
5.070000,DS_interstep,0,2.789742e-06,2.641938e-08,8.423376e-02,3.311905e-05,3.136436e-07,1
5.080000,DS_interstep,0,2.708317e-06,2.579605e-08,8.181850e-02,3.310153e-05,3.152839e-07,1
5.090000,DS_interstep,0,2.629356e-06,2.518437e-08,7.946435e-02,3.308850e-05,3.169266e-07,1
5.100000,DS_interstep,0,2.552802e-06,2.458420e-08,7.717074e-02,3.307991e-05,3.185689e-07,1
5.110000,DS_interstep,0,2.478598e-06,2.399544e-08,7.493706e-02,3.307573e-05,3.202080e-07,1
5.120000,DS_interstep,0,2.406688e-06,2.341793e-08,7.276260e-02,3.307590e-05,3.218402e-07,1
5.130000,DS_interstep,0,2.337016e-06,2.285156e-08,7.064661e-02,3.308037e-05,3.234629e-07,1
5.140000,DS_interstep,0,2.269523e-06,2.229621e-08,6.858830e-02,3.308907e-05,3.250731e-07,1
5.150000,DS_interstep,0,2.204154e-06,2.175177e-08,6.658682e-02,3.310195e-05,3.266679e-07,1
5.160000,DS_interstep,0,2.140850e-06,2.121813e-08,6.464128e-02,3.311892e-05,3.282442e-07,1
5.170000,DS_interstep,0,2.079555e-06,2.069517e-08,6.275074e-02,3.313993e-05,3.297997e-07,1
5.180000,DS_interstep,0,2.020213e-06,2.018280e-08,6.091421e-02,3.316489e-05,3.313315e-07,1
5.190000,DS_interstep,0,1.962768e-06,1.968089e-08,5.913071e-02,3.319372e-05,3.328370e-07,1
5.200000,DS_interstep,0,1.907164e-06,1.918935e-08,5.739921e-02,3.322632e-05,3.343138e-07,1
5.210000,DS_interstep,0,1.853347e-06,1.870806e-08,5.571863e-02,3.326260e-05,3.357595e-07,1
5.220000,DS_interstep,0,1.801262e-06,1.823692e-08,5.408790e-02,3.330250e-05,3.371719e-07,1
5.230000,DS_interstep,0,1.750857e-06,1.777581e-08,5.250593e-02,3.334589e-05,3.385487e-07,1
5.240000,DS_interstep,0,1.702078e-06,1.732464e-08,5.097159e-02,3.339269e-05,3.398881e-07,1
5.250000,DS_interstep,0,1.654875e-06,1.688327e-08,4.948377e-02,3.344278e-05,3.411880e-07,1
5.260000,DS_interstep,0,1.609196e-06,1.645160e-08,4.804133e-02,3.349607e-05,3.424469e-07,1
5.270000,DS_interstep,0,1.564991e-06,1.602952e-08,4.664312e-02,3.355246e-05,3.436631e-07,1
5.280000,DS_interstep,0,1.522213e-06,1.561690e-08,4.528804e-02,3.361182e-05,3.448350e-07,1
5.290000,DS_interstep,0,1.480814e-06,1.521363e-08,4.397492e-02,3.367405e-05,3.459614e-07,1
5.300000,DS_interstep,0,1.440745e-06,1.481957e-08,4.270263e-02,3.373903e-05,3.470412e-07,1
5.310000,DS_interstep,0,1.401965e-06,1.443462e-08,4.147004e-02,3.380670e-05,3.480735e-07,1
5.320000,DS_interstep,0,1.364426e-06,1.405864e-08,4.027604e-02,3.387687e-05,3.490572e-07,1
5.330000,DS_interstep,0,1.328087e-06,1.369151e-08,3.911951e-02,3.394949e-05,3.499917e-07,1
5.340000,DS_interstep,0,1.292905e-06,1.333309e-08,3.799936e-02,3.402440e-05,3.508766e-07,1
5.350000,DS_interstep,0,1.258840e-06,1.298325e-08,3.691449e-02,3.410153e-05,3.517116e-07,1
5.360000,DS_interstep,0,1.225852e-06,1.264187e-08,3.586384e-02,3.418073e-05,3.524962e-07,1
5.370000,DS_interstep,0,1.193903e-06,1.230880e-08,3.484637e-02,3.426190e-05,3.532306e-07,1
5.380000,DS_interstep,0,1.162954e-06,1.198391e-08,3.386103e-02,3.434491e-05,3.539145e-07,1
5.390000,DS_interstep,0,1.132972e-06,1.166707e-08,3.290683e-02,3.442968e-05,3.545486e-07,1
5.400000,DS_interstep,0,1.103919e-06,1.135813e-08,3.198275e-02,3.451607e-05,3.551329e-07,1
5.410000,DS_interstep,0,1.075763e-06,1.105696e-08,3.108784e-02,3.460397e-05,3.556682e-07,1
5.420000,DS_interstep,0,1.048470e-06,1.076340e-08,3.022114e-02,3.469325e-05,3.561547e-07,1
5.430000,DS_interstep,0,1.022009e-06,1.047733e-08,2.938174e-02,3.478382e-05,3.565934e-07,1
5.440000,DS_interstep,0,9.963498e-07,1.019860e-08,2.856873e-02,3.487554e-05,3.569848e-07,1
5.450000,DS_interstep,0,9.714628e-07,9.927071e-09,2.778123e-02,3.496831e-05,3.573301e-07,1
5.460000,DS_interstep,0,9.473191e-07,9.662592e-09,2.701841e-02,3.506198e-05,3.576299e-07,1
5.470000,DS_interstep,0,9.238919e-07,9.405024e-09,2.627942e-02,3.515648e-05,3.578856e-07,1
5.480000,DS_interstep,0,9.011541e-07,9.154222e-09,2.556346e-02,3.525165e-05,3.580980e-07,1
5.490000,DS_interstep,0,8.790813e-07,8.910047e-09,2.486975e-02,3.534742e-05,3.582685e-07,1
5.500000,DS_interstep,0,8.576481e-07,8.672356e-09,2.419755e-02,3.544359e-05,3.583981e-07,1
5.510000,DS_interstep,0,8.368315e-07,8.441004e-09,2.354611e-02,3.554012e-05,3.584883e-07,1
5.520000,DS_interstep,0,8.166089e-07,8.215850e-09,2.291474e-02,3.563683e-05,3.585399e-07,1
5.530000,DS_interstep,0,7.969581e-07,7.996753e-09,2.230275e-02,3.573362e-05,3.585546e-07,1
5.540000,DS_interstep,0,7.778586e-07,7.783575e-09,2.170947e-02,3.583038e-05,3.585336e-07,1
5.550000,DS_interstep,0,7.592899e-07,7.576172e-09,2.113428e-02,3.592694e-05,3.584779e-07,1
5.560000,DS_interstep,0,7.412336e-07,7.374413e-09,2.057655e-02,3.602322e-05,3.583891e-07,1
5.570000,DS_interstep,0,7.236701e-07,7.178152e-09,2.003569e-02,3.611904e-05,3.582682e-07,1
5.580000,DS_interstep,0,7.065827e-07,6.987263e-09,1.951114e-02,3.621433e-05,3.581167e-07,1
5.590000,DS_interstep,0,6.899537e-07,6.801606e-09,1.900232e-02,3.630892e-05,3.579356e-07,1
5.600000,DS_interstep,0,6.737672e-07,6.621051e-09,1.850871e-02,3.640271e-05,3.577262e-07,1
5.610000,DS_interstep,0,6.580075e-07,6.445466e-09,1.802979e-02,3.649558e-05,3.574899e-07,1
5.620000,DS_interstep,0,6.426599e-07,6.274727e-09,1.756508e-02,3.658736e-05,3.572274e-07,1
5.630000,DS_interstep,0,6.277094e-07,6.108699e-09,1.711408e-02,3.667795e-05,3.569399e-07,1
5.640000,DS_interstep,0,6.131427e-07,5.947262e-09,1.667633e-02,3.676723e-05,3.566289e-07,1
5.650000,DS_interstep,0,5.989467e-07,5.790290e-09,1.625142e-02,3.685505e-05,3.562945e-07,1
5.660000,DS_interstep,0,5.851084e-07,5.637663e-09,1.583887e-02,3.694130e-05,3.559385e-07,1
5.670000,DS_interstep,0,5.716166e-07,5.489264e-09,1.543829e-02,3.702589e-05,3.555616e-07,1
5.680000,DS_interstep,0,5.584588e-07,5.344970e-09,1.504930e-02,3.710863e-05,3.551641e-07,1
5.690000,DS_interstep,0,5.456252e-07,5.204679e-09,1.467148e-02,3.718952e-05,3.547481e-07,1
5.700000,DS_interstep,0,5.331043e-07,5.068267e-09,1.430448e-02,3.726835e-05,3.543134e-07,1
5.710000,DS_interstep,0,5.208863e-07,1.966437e-07,1.394793e-02,3.734506e-05,1.409841e-05,1
5.720000,SS,1,7.272000e-06,3.609057e-07,6.928489e-01,1.049580e-05,5.209010e-07,1
5.820000,SS,1,1.848348e-05,6.615472e-07,8.058714e-01,2.293602e-05,8.209091e-07,1
5.920000,SS,1,2.943330e-05,1.458749e-06,9.075568e-01,3.243136e-05,1.607337e-06,1
6.020000,SS,1,4.114962e-05,3.021678e-06,1.046106e+00,3.933601e-05,2.888501e-06,1
6.120000,SS,1,5.291920e-05,5.319258e-06,1.185126e+00,4.465282e-05,4.488349e-06,1
6.220000,SS,1,6.399592e-05,8.491336e-06,1.283884e+00,4.984558e-05,6.613789e-06,1
6.320000,SS,1,7.383071e-05,1.284688e-05,1.365121e+00,5.408365e-05,9.410802e-06,1
6.420000,SS,1,8.213259e-05,1.850808e-05,1.442143e+00,5.695175e-05,1.283373e-05,1
6.520000,SS,1,8.873800e-05,2.567983e-05,1.525157e+00,5.818285e-05,1.683750e-05,1
6.620000,SS,1,9.360112e-05,3.461236e-05,1.600025e+00,5.849978e-05,2.163238e-05,1
6.720000,SS,1,9.661234e-05,4.555513e-05,1.670170e+00,5.784583e-05,2.727575e-05,1
6.820000,SS,1,9.762447e-05,5.862242e-05,1.733606e+00,5.631296e-05,3.381531e-05,1
6.920000,SS,1,9.671596e-05,7.395906e-05,1.787326e+00,5.411209e-05,4.137972e-05,1
7.020000,SS,1,9.415110e-05,9.187366e-05,1.842864e+00,5.108955e-05,4.985373e-05,1
7.120000,SS,1,9.018480e-05,1.125384e-04,1.897305e+00,4.753311e-05,5.931490e-05,1
7.220000,SS,1,8.521410e-05,1.360706e-04,1.945791e+00,4.379406e-05,6.993072e-05,1
7.320000,SS,1,8.004560e-05,1.625734e-04,1.988001e+00,4.026437e-05,8.177736e-05,1
7.420000,SS,1,7.608549e-05,1.920490e-04,2.023630e+00,3.759852e-05,9.490325e-05,1
7.520000,SS,1,7.549284e-05,2.246144e-04,2.055804e+00,3.672181e-05,1.092587e-04,1
7.620000,SS,1,8.042731e-05,2.603734e-04,2.084183e+00,3.858938e-05,1.249283e-04,1
7.720000,SS,1,9.188378e-05,2.991950e-04,2.104893e+00,4.365246e-05,1.421426e-04,1
7.820000,SS,1,1.095211e-04,3.409504e-04,2.117795e+00,5.171468e-05,1.609932e-04,1
7.920000,SS,1,1.323100e-04,3.854145e-04,2.122807e+00,6.232784e-05,1.815589e-04,1
8.020000,SS,1,1.591559e-04,4.324150e-04,2.121197e+00,7.503115e-05,2.038542e-04,1
8.120000,SS,1,1.891005e-04,4.818234e-04,2.113572e+00,8.946961e-05,2.279664e-04,1
8.220000,SS,1,2.211801e-04,5.331520e-04,2.094458e+00,1.056026e-04,2.545536e-04,1
8.320000,SS,1,2.541900e-04,5.860202e-04,2.061811e+00,1.232848e-04,2.842259e-04,1
8.420000,SS,1,2.870227e-04,6.399187e-04,2.020595e+00,1.420486e-04,3.166982e-04,1
8.520000,SS,1,3.191878e-04,6.939765e-04,1.970077e+00,1.620179e-04,3.522586e-04,1
8.620000,SS,1,3.479988e-04,7.480116e-04,1.892187e+00,1.839136e-04,3.953159e-04,1
8.720000,SS,1,3.725398e-04,8.012313e-04,1.806806e+00,2.061869e-04,4.434517e-04,1
8.820000,SS,1,3.914935e-04,8.520595e-04,1.692337e+00,2.313331e-04,5.034810e-04,1
8.920000,SS,1,4.016014e-04,8.999488e-04,1.535212e+00,2.615934e-04,5.862048e-04,1
9.020000,SS,1,4.024320e-04,9.441922e-04,1.375421e+00,2.925883e-04,6.864752e-04,1
9.120000,SS,1,3.947243e-04,9.840548e-04,1.208714e+00,3.265656e-04,8.141339e-04,1
9.220000,SS,1,3.791888e-04,1.019379e-03,1.043918e+00,3.632362e-04,9.764932e-04,1
9.320000,SS,1,3.570146e-04,1.049889e-03,8.820051e-01,4.047761e-04,1.190343e-03,1
9.420000,SS,1,3.296394e-04,1.075420e-03,7.240669e-01,4.552609e-04,1.485249e-03,1
9.520000,SS,1,2.986889e-04,1.095739e-03,5.702310e-01,5.238034e-04,1.921571e-03,1
9.620000,SS,1,2.658114e-04,1.110582e-03,4.111342e-01,6.465318e-04,2.701265e-03,1
9.720000,SS,1,2.328366e-04,1.120036e-03,2.761979e-01,8.430063e-04,4.055194e-03,1
9.820000,SS,1,2.023350e-04,1.124083e-03,2.030704e-01,9.963786e-04,5.535436e-03,1
9.920000,SS,1,1.773943e-04,1.122847e-03,2.411117e-01,7.357349e-04,4.656956e-03,1
10.020000,SS,1,1.611579e-04,1.116421e-03,3.482255e-01,4.627975e-04,3.206028e-03,1
10.120000,SS,1,1.556076e-04,1.104555e-03,4.987064e-01,3.120224e-04,2.214841e-03,1
10.220000,SS,1,1.600885e-04,1.087499e-03,6.512369e-01,2.458223e-04,1.669898e-03,1
10.320000,SS,1,1.714185e-04,1.065567e-03,7.986579e-01,2.146332e-04,1.334197e-03,1
10.420000,SS,1,1.860841e-04,1.039407e-03,9.386435e-01,1.982479e-04,1.107351e-03,1
10.520000,SS,1,2.013523e-04,1.009193e-03,1.070284e+00,1.881299e-04,9.429212e-04,1
10.620000,SS,1,2.152919e-04,9.749027e-04,1.223619e+00,1.759469e-04,7.967372e-04,1
10.720000,SS,1,2.266176e-04,9.372446e-04,1.366404e+00,1.658496e-04,6.859207e-04,1
10.820000,SS,1,2.349712e-04,8.963031e-04,1.461635e+00,1.607592e-04,6.132196e-04,1
10.920000,SS,1,2.399309e-04,8.526722e-04,1.552320e+00,1.545628e-04,5.492889e-04,1
11.020000,SS,1,2.414953e-04,8.074750e-04,1.638652e+00,1.473744e-04,4.927678e-04,1
11.120000,SS,1,2.401932e-04,7.602479e-04,1.737187e+00,1.382656e-04,4.376316e-04,1
11.220000,SS,1,2.371286e-04,7.109473e-04,1.828615e+00,1.296766e-04,3.887901e-04,1
11.320000,SS,1,2.326006e-04,6.604602e-04,1.912145e+00,1.216438e-04,3.454028e-04,1
11.420000,SS,1,2.266627e-04,6.094697e-04,1.989987e+00,1.139016e-04,3.062682e-04,1
11.520000,SS,1,2.192173e-04,5.586246e-04,2.061160e+00,1.063563e-04,2.710244e-04,1
11.620000,SS,1,2.106762e-04,5.076134e-04,2.138392e+00,9.852085e-05,2.373809e-04,1
11.720000,SS,1,2.012463e-04,4.566017e-04,2.213628e+00,9.091244e-05,2.062685e-04,1
11.820000,SS,1,1.905714e-04,4.065907e-04,2.279080e+00,8.361771e-05,1.784012e-04,1
11.920000,SS,1,1.783123e-04,3.581748e-04,2.334065e+00,7.639558e-05,1.534553e-04,1
12.020000,SS,1,1.642515e-04,3.119729e-04,2.378833e+00,6.904709e-05,1.311454e-04,1
12.120000,SS,1,1.492464e-04,2.679079e-04,2.424381e+00,6.156063e-05,1.105057e-04,1
12.220000,SS,1,1.340242e-04,2.259715e-04,2.466851e+00,5.433006e-05,9.160321e-05,1
12.320000,SS,1,1.182292e-04,1.869933e-04,2.497031e+00,4.734791e-05,7.488625e-05,1
12.420000,SS,1,1.016479e-04,1.515258e-04,2.513962e+00,4.043334e-05,6.027369e-05,1
12.520000,SS,1,8.451549e-05,1.198157e-04,2.516898e+00,3.357923e-05,4.760451e-05,1
12.620000,SS,1,6.776464e-05,9.195666e-05,2.511144e+00,2.698556e-05,3.661942e-05,1
12.720000,SS,1,5.232882e-05,6.790787e-05,2.496516e+00,2.096074e-05,2.720106e-05,1
12.820000,SS,1,3.823176e-05,4.782951e-05,2.465981e+00,1.550368e-05,1.939574e-05,1
12.920000,SS,1,2.555467e-05,3.175806e-05,2.417209e+00,1.057197e-05,1.313832e-05,1
13.020000,SS,1,1.473813e-05,1.948598e-05,2.350085e+00,6.271317e-06,8.291604e-06,1
13.120000,SS,1,7.273970e-06,1.075058e-05,2.264870e+00,3.211651e-06,4.746668e-06,1
13.220000,SS,1,8.500501e-06,5.179942e-06,2.161096e+00,3.933421e-06,2.396905e-06,1
13.320000,SS,1,1.425579e-05,2.194136e-06,2.043349e+00,6.976677e-06,1.073794e-06,1
13.420000,SS,1,2.015495e-05,1.391658e-06,1.941651e+00,1.038032e-05,7.167394e-07,1
13.520000,SS,1,2.491487e-05,2.641705e-06,1.767383e+00,1.409704e-05,1.494699e-06,1
13.620000,SS,1,2.920256e-05,5.204894e-06,1.571564e+00,1.858185e-05,3.311921e-06,1
13.720000,SS,1,3.369591e-05,8.569215e-06,1.378875e+00,2.443725e-05,6.214643e-06,1
13.820000,SS,1,3.852383e-05,1.236391e-05,1.190830e+00,3.235039e-05,1.038259e-05,1
13.920000,SS,1,4.356610e-05,1.626769e-05,1.008611e+00,4.319416e-05,1.612881e-05,1
14.020000,SS,1,4.862983e-05,2.000782e-05,8.332696e-01,5.836026e-05,2.401121e-05,1
14.120000,SS,1,5.350794e-05,2.337368e-05,6.658111e-01,8.036504e-05,3.510557e-05,1
14.220000,SS,1,5.800947e-05,2.621634e-05,5.072031e-01,1.143713e-04,5.168804e-05,1
14.320000,SS,1,6.197646e-05,2.844097e-05,3.585107e-01,1.728720e-04,7.933089e-05,1
14.420000,SS,1,6.530344e-05,2.999234e-05,2.214846e-01,2.948441e-04,1.354150e-04,1
14.520000,SS,1,6.791672e-05,3.085720e-05,1.034183e-01,6.567188e-04,2.983729e-04,1
14.620000,SS,1,6.977739e-05,1.710773e-05,7.416450e-02,9.408462e-04,2.306728e-04,1
14.730000,DS_interstep,1,1.765977e-04,5.431176e-06,2.618005e+00,6.745508e-05,2.074548e-06,1
14.740000,DS_interstep,1,2.569036e-04,3.340252e-05,1.844033e+00,1.393161e-04,1.811384e-05,1
14.750000,DS_interstep,1,2.761057e-04,3.424082e-05,1.276789e+00,2.162500e-04,2.681791e-05,1
14.760000,DS_interstep,1,2.572354e-04,3.433897e-05,7.830611e-01,3.284998e-04,4.385222e-05,1
14.770000,DS_interstep,1,2.209081e-04,3.382010e-05,1.316140e+00,1.678455e-04,2.569644e-05,1
14.780000,DS_interstep,1,1.808331e-04,3.291319e-05,1.594820e+00,1.133878e-04,2.063756e-05,1
14.790000,DS_interstep,1,1.440670e-04,3.185521e-05,1.541571e+00,9.345465e-05,2.066412e-05,1
14.800000,DS_interstep,1,1.143414e-04,3.086176e-05,1.301723e+00,8.783846e-05,2.370839e-05,1
14.810000,DS_interstep,1,9.383146e-05,2.965116e-05,1.009585e+00,9.294065e-05,2.936966e-05,1
14.820000,DS_interstep,1,8.033771e-05,2.848757e-05,7.607234e-01,1.056070e-04,3.744801e-05,1
14.830000,DS_interstep,1,7.156427e-05,2.736736e-05,6.053764e-01,1.182145e-04,4.520718e-05,1
14.840000,DS_interstep,1,6.672810e-05,2.635052e-05,6.048128e-01,1.103285e-04,4.356805e-05,1
14.850000,DS_interstep,1,6.630507e-05,2.527190e-05,7.723648e-01,8.584684e-05,3.272016e-05,1
14.860000,DS_interstep,1,6.960809e-05,2.410156e-05,9.890112e-01,7.038150e-05,2.436935e-05,1
14.870000,DS_interstep,1,7.510786e-05,2.292403e-05,1.169197e+00,6.423882e-05,1.960664e-05,1
14.880000,DS_interstep,1,8.164130e-05,2.179854e-05,1.297022e+00,6.294519e-05,1.680661e-05,1
14.890000,DS_interstep,1,8.858466e-05,2.073825e-05,1.387709e+00,6.383517e-05,1.494423e-05,1
14.900000,DS_interstep,1,9.561519e-05,1.974612e-05,1.454743e+00,6.572650e-05,1.357361e-05,1
14.910000,DS_interstep,1,1.025439e-04,1.882331e-05,1.506630e+00,6.806176e-05,1.249366e-05,1
14.920000,DS_interstep,1,1.092352e-04,1.796976e-05,1.547950e+00,7.056764e-05,1.160875e-05,1
14.930000,DS_interstep,1,1.155722e-04,1.718566e-05,1.578765e+00,7.320415e-05,1.088551e-05,1
14.940000,DS_interstep,1,1.214583e-04,1.646881e-05,1.598593e+00,7.597825e-05,1.030207e-05,1
14.950000,DS_interstep,1,1.268290e-04,1.581405e-05,1.608519e+00,7.884832e-05,9.831441e-06,1
14.960000,DS_interstep,1,1.316577e-04,1.521433e-05,1.610772e+00,8.173581e-05,9.445369e-06,1
14.970000,DS_interstep,1,1.359517e-04,1.466236e-05,1.607600e+00,8.456810e-05,9.120653e-06,1
14.980000,DS_interstep,1,1.397406e-04,1.415171e-05,1.600387e+00,8.731671e-05,8.842676e-06,1
14.990000,DS_interstep,1,1.430642e-04,1.367717e-05,1.589516e+00,9.000487e-05,8.604609e-06,1
15.000000,DS_interstep,1,1.459643e-04,1.323471e-05,1.574783e+00,9.268848e-05,8.404150e-06,1
15.010000,DS_interstep,1,1.484769e-04,1.282109e-05,1.555942e+00,9.542577e-05,8.240082e-06,1
15.020000,DS_interstep,1,1.506334e-04,1.243356e-05,1.533080e+00,9.825542e-05,8.110182e-06,1
15.030000,DS_interstep,1,1.524596e-04,1.206979e-05,1.506739e+00,1.011851e-04,8.010537e-06,1
15.040000,DS_interstep,1,1.539779e-04,1.172760e-05,1.477826e+00,1.041921e-04,7.935707e-06,1
15.050000,DS_interstep,1,1.552089e-04,1.140494e-05,1.447448e+00,1.072293e-04,7.879345e-06,1
15.060000,DS_interstep,1,1.561727e-04,1.109990e-05,1.416718e+00,1.102356e-04,7.834940e-06,1
15.070000,DS_interstep,1,1.568895e-04,1.081069e-05,1.386614e+00,1.131457e-04,7.796464e-06,1
15.080000,DS_interstep,1,1.573794e-04,1.053561e-05,1.357890e+00,1.159000e-04,7.758813e-06,1
15.090000,DS_interstep,1,1.576621e-04,1.027311e-05,1.331046e+00,1.184498e-04,7.718073e-06,1
15.100000,DS_interstep,1,1.577570e-04,1.002173e-05,1.306348e+00,1.207619e-04,7.671563e-06,1
15.110000,DS_interstep,1,1.576823e-04,9.780187e-06,1.283864e+00,1.228186e-04,7.617776e-06,1
15.120000,DS_interstep,1,1.574545e-04,9.547289e-06,1.263518e+00,1.246159e-04,7.556114e-06,1
15.130000,DS_interstep,1,1.570889e-04,9.321921e-06,1.245146e+00,1.261610e-04,7.486607e-06,1
15.140000,DS_interstep,1,1.565996e-04,9.103170e-06,1.228579e+00,1.274639e-04,7.409509e-06,1
15.150000,DS_interstep,1,1.559983e-04,8.890196e-06,1.213571e+00,1.285449e-04,7.325649e-06,1
15.160000,DS_interstep,1,1.552957e-04,8.682271e-06,1.199833e+00,1.294311e-04,7.236234e-06,1
15.170000,DS_interstep,1,1.545003e-04,8.478822e-06,1.187127e+00,1.301465e-04,7.142305e-06,1
15.180000,DS_interstep,1,1.536205e-04,8.279363e-06,1.175248e+00,1.307132e-04,7.044778e-06,1
15.190000,DS_interstep,1,1.526626e-04,8.083483e-06,1.164027e+00,1.311503e-04,6.944409e-06,1
15.200000,DS_interstep,1,1.516334e-04,7.890857e-06,1.153318e+00,1.314758e-04,6.841874e-06,1
15.210000,DS_interstep,1,1.505382e-04,7.701262e-06,1.143000e+00,1.317045e-04,6.737764e-06,1
15.220000,DS_interstep,1,1.493828e-04,7.514482e-06,1.132971e+00,1.318505e-04,6.632545e-06,1
15.230000,DS_interstep,1,1.481722e-04,7.330398e-06,1.123146e+00,1.319260e-04,6.526664e-06,1
15.240000,DS_interstep,1,1.469112e-04,7.148908e-06,1.113455e+00,1.319417e-04,6.420471e-06,1
15.250000,DS_interstep,1,1.456045e-04,6.969970e-06,1.103836e+00,1.319077e-04,6.314316e-06,1
15.260000,DS_interstep,1,1.442564e-04,6.793570e-06,1.094238e+00,1.318327e-04,6.208492e-06,1
15.270000,DS_interstep,1,1.428712e-04,6.619719e-06,1.084617e+00,1.317251e-04,6.103280e-06,1
15.280000,DS_interstep,1,1.414529e-04,6.448451e-06,1.074933e+00,1.315922e-04,5.998931e-06,1
15.290000,DS_interstep,1,1.400054e-04,6.279827e-06,1.065156e+00,1.314412e-04,5.895688e-06,1
15.300000,DS_interstep,1,1.385324e-04,6.113904e-06,1.055258e+00,1.312783e-04,5.793755e-06,1
15.310000,DS_interstep,1,1.370374e-04,5.950762e-06,1.045218e+00,1.311090e-04,5.693324e-06,1
15.320000,DS_interstep,1,1.355235e-04,5.790482e-06,1.035020e+00,1.309381e-04,5.594559e-06,1
15.330000,DS_interstep,1,1.339941e-04,5.633136e-06,1.024656e+00,1.307698e-04,5.497587e-06,1
15.340000,DS_interstep,1,1.324519e-04,5.478815e-06,1.014122e+00,1.306075e-04,5.402523e-06,1
15.350000,DS_interstep,1,1.308997e-04,5.327573e-06,1.003418e+00,1.304538e-04,5.309425e-06,1
15.360000,DS_interstep,1,1.293400e-04,5.179479e-06,9.925664e-01,1.303086e-04,5.218269e-06,1
15.370000,DS_interstep,1,1.277752e-04,5.034576e-06,9.816032e-01,1.301699e-04,5.128932e-06,1
15.380000,DS_interstep,1,1.262074e-04,4.892901e-06,9.705344e-01,1.300390e-04,5.041450e-06,1
15.390000,DS_interstep,1,1.246385e-04,4.754487e-06,9.593727e-01,1.299166e-04,4.955829e-06,1
15.400000,DS_interstep,1,1.230704e-04,4.619350e-06,9.481321e-01,1.298030e-04,4.872053e-06,1
15.410000,DS_interstep,1,1.215048e-04,4.487489e-06,9.368284e-01,1.296980e-04,4.790087e-06,1
15.420000,DS_interstep,1,1.199432e-04,4.358904e-06,9.254784e-01,1.296013e-04,4.709893e-06,1
15.430000,DS_interstep,1,1.183868e-04,4.233575e-06,9.140982e-01,1.295122e-04,4.631423e-06,1
15.440000,DS_interstep,1,1.168372e-04,4.111481e-06,9.027042e-01,1.294302e-04,4.554628e-06,1
15.450000,DS_interstep,1,1.152954e-04,3.992589e-06,8.913110e-01,1.293548e-04,4.479456e-06,1
15.460000,DS_interstep,1,1.137623e-04,3.876857e-06,8.799324e-01,1.292853e-04,4.405857e-06,1
15.470000,DS_interstep,1,1.122391e-04,3.764234e-06,8.685806e-01,1.292213e-04,4.333776e-06,1
15.480000,DS_interstep,1,1.107265e-04,3.654676e-06,8.572666e-01,1.291623e-04,4.263173e-06,1
15.490000,DS_interstep,1,1.092253e-04,3.548123e-06,8.459996e-01,1.291080e-04,4.194001e-06,1
15.500000,DS_interstep,1,1.077363e-04,3.444516e-06,8.347879e-01,1.290583e-04,4.126217e-06,1
15.510000,DS_interstep,1,1.062601e-04,3.343798e-06,8.236384e-01,1.290130e-04,4.059790e-06,1
15.520000,DS_interstep,1,1.047973e-04,3.245901e-06,8.125572e-01,1.289722e-04,3.994673e-06,1
15.530000,DS_interstep,1,1.033485e-04,3.150762e-06,8.015496e-01,1.289358e-04,3.930839e-06,1
15.540000,DS_interstep,1,1.019140e-04,3.058321e-06,7.906199e-01,1.289040e-04,3.868257e-06,1
15.550000,DS_interstep,1,1.004945e-04,2.968507e-06,7.797720e-01,1.288768e-04,3.806891e-06,1
15.560000,DS_interstep,1,9.909031e-05,2.881261e-06,7.690095e-01,1.288545e-04,3.746718e-06,1
15.570000,DS_interstep,1,9.770171e-05,2.796523e-06,7.583353e-01,1.288371e-04,3.687713e-06,1
15.580000,DS_interstep,1,9.632908e-05,2.714228e-06,7.477523e-01,1.288249e-04,3.629849e-06,1
15.590000,DS_interstep,1,9.497272e-05,2.634313e-06,7.372631e-01,1.288179e-04,3.573098e-06,1
15.600000,DS_interstep,1,9.363279e-05,2.556727e-06,7.268701e-01,1.288164e-04,3.517447e-06,1
15.610000,DS_interstep,1,9.230963e-05,2.481404e-06,7.165755e-01,1.288205e-04,3.462865e-06,1
15.620000,DS_interstep,1,9.100332e-05,2.408289e-06,7.063815e-01,1.288303e-04,3.409331e-06,1
15.630000,DS_interstep,1,8.971395e-05,2.337334e-06,6.962899e-01,1.288457e-04,3.356840e-06,1
15.640000,DS_interstep,1,8.844178e-05,2.268475e-06,6.863029e-01,1.288670e-04,3.305355e-06,1
15.650000,DS_interstep,1,8.718678e-05,2.201669e-06,6.764223e-01,1.288940e-04,3.254874e-06,1
15.660000,DS_interstep,1,8.594908e-05,2.136858e-06,6.666498e-01,1.289269e-04,3.205368e-06,1
15.670000,DS_interstep,1,8.472863e-05,2.073996e-06,6.569870e-01,1.289655e-04,3.156830e-06,1
15.680000,DS_interstep,1,8.352549e-05,2.013034e-06,6.474354e-01,1.290098e-04,3.109244e-06,1
15.690000,DS_interstep,1,8.233957e-05,1.953924e-06,6.379967e-01,1.290596e-04,3.062592e-06,1
15.700000,DS_interstep,1,8.117086e-05,1.896617e-06,6.286721e-01,1.291148e-04,3.016862e-06,1
15.710000,DS_interstep,1,8.001933e-05,1.841068e-06,6.194629e-01,1.291753e-04,2.972040e-06,1
15.720000,DS_interstep,1,7.888483e-05,1.787232e-06,6.103700e-01,1.292410e-04,2.928112e-06,1
15.730000,DS_interstep,1,7.776727e-05,1.735066e-06,6.013945e-01,1.293116e-04,2.885071e-06,1
15.740000,DS_interstep,1,7.666656e-05,1.684520e-06,5.925371e-01,1.293869e-04,2.842894e-06,1
15.750000,DS_interstep,1,7.558248e-05,1.635560e-06,5.837985e-01,1.294667e-04,2.801582e-06,1
15.760000,DS_interstep,1,7.451497e-05,1.588134e-06,5.751790e-01,1.295509e-04,2.761112e-06,1
15.770000,DS_interstep,1,7.346376e-05,1.542207e-06,5.666792e-01,1.296391e-04,2.721482e-06,1
15.780000,DS_interstep,1,7.242879e-05,1.497734e-06,5.582991e-01,1.297312e-04,2.682673e-06,1
15.790000,DS_interstep,1,7.140981e-05,1.454674e-06,5.500385e-01,1.298269e-04,2.644677e-06,1
15.800000,DS_interstep,1,7.040663e-05,1.412989e-06,5.418974e-01,1.299261e-04,2.607485e-06,1
15.810000,DS_interstep,1,6.941901e-05,1.372640e-06,5.338754e-01,1.300285e-04,2.571088e-06,1
15.820000,DS_interstep,1,6.844682e-05,1.333587e-06,5.259719e-01,1.301340e-04,2.535473e-06,1
15.830000,DS_interstep,1,6.748978e-05,1.295792e-06,5.181863e-01,1.302423e-04,2.500630e-06,1
15.840000,DS_interstep,1,6.654765e-05,1.259221e-06,5.105178e-01,1.303532e-04,2.466557e-06,1
15.850000,DS_interstep,1,6.562026e-05,1.223832e-06,5.029652e-01,1.304668e-04,2.433234e-06,1
15.860000,DS_interstep,1,6.470740e-05,1.189591e-06,4.955278e-01,1.305828e-04,2.400655e-06,1
15.870000,DS_interstep,1,6.380878e-05,1.156467e-06,4.882041e-01,1.307010e-04,2.368818e-06,1
15.880000,DS_interstep,1,6.292418e-05,1.124421e-06,4.809930e-01,1.308214e-04,2.337708e-06,1
15.890000,DS_interstep,1,6.205337e-05,1.093422e-06,4.738932e-01,1.309438e-04,2.307318e-06,1
15.900000,DS_interstep,1,6.119612e-05,1.063438e-06,4.669030e-01,1.310682e-04,2.277641e-06,1
15.910000,DS_interstep,1,6.035221e-05,1.034435e-06,4.600212e-01,1.311944e-04,2.248669e-06,1
15.920000,DS_interstep,1,5.952137e-05,1.006384e-06,4.532460e-01,1.313224e-04,2.220393e-06,1
15.930000,DS_interstep,1,5.870340e-05,9.792554e-07,4.465759e-01,1.314522e-04,2.192808e-06,1
15.940000,DS_interstep,1,5.789804e-05,9.530186e-07,4.400094e-01,1.315837e-04,2.165905e-06,1
15.950000,DS_interstep,1,5.710506e-05,9.276451e-07,4.335446e-01,1.317167e-04,2.139677e-06,1
15.960000,DS_interstep,1,5.632423e-05,9.031082e-07,4.271798e-01,1.318513e-04,2.114117e-06,1
15.970000,DS_interstep,1,5.555535e-05,8.793802e-07,4.209135e-01,1.319876e-04,2.089218e-06,1
15.980000,DS_interstep,1,5.479815e-05,8.564359e-07,4.147439e-01,1.321253e-04,2.064975e-06,1
15.990000,DS_interstep,1,5.405243e-05,8.342490e-07,4.086693e-01,1.322645e-04,2.041379e-06,1
16.000000,DS_interstep,1,5.331794e-05,8.127960e-07,4.026880e-01,1.324051e-04,2.018426e-06,1
16.010000,DS_interstep,1,5.259449e-05,7.920522e-07,3.967982e-01,1.325472e-04,1.996108e-06,1
16.020000,DS_interstep,1,5.188187e-05,7.719945e-07,3.909984e-01,1.326907e-04,1.974419e-06,1
16.030000,DS_interstep,1,5.117983e-05,7.526004e-07,3.852869e-01,1.328356e-04,1.953351e-06,1
16.040000,DS_interstep,1,5.048818e-05,7.338487e-07,3.796619e-01,1.329819e-04,1.932901e-06,1
16.050000,DS_interstep,1,4.980671e-05,7.157171e-07,3.741220e-01,1.331296e-04,1.913058e-06,1
16.060000,DS_interstep,1,4.913524e-05,6.981861e-07,3.686655e-01,1.332787e-04,1.893820e-06,1
16.070000,DS_interstep,1,4.847354e-05,6.812349e-07,3.632908e-01,1.334290e-04,1.875178e-06,1
16.080000,DS_interstep,1,4.782141e-05,6.648444e-07,3.579965e-01,1.335807e-04,1.857126e-06,1
16.090000,DS_interstep,1,4.717869e-05,6.489959e-07,3.527810e-01,1.337336e-04,1.839656e-06,1
16.100000,DS_interstep,1,4.654518e-05,6.336709e-07,3.476428e-01,1.338879e-04,1.822764e-06,1
16.110000,DS_interstep,1,4.592071e-05,6.188518e-07,3.425806e-01,1.340435e-04,1.806441e-06,1
16.120000,DS_interstep,1,4.530510e-05,6.045209e-07,3.375929e-01,1.342004e-04,1.790680e-06,1
16.130000,DS_interstep,1,4.469814e-05,5.906614e-07,3.326783e-01,1.343584e-04,1.775473e-06,1
16.140000,DS_interstep,1,4.409970e-05,5.772576e-07,3.278356e-01,1.345177e-04,1.760814e-06,1
16.150000,DS_interstep,1,4.350962e-05,5.642932e-07,3.230634e-01,1.346783e-04,1.746695e-06,1
16.160000,DS_interstep,1,4.292771e-05,5.517529e-07,3.183604e-01,1.348400e-04,1.733108e-06,1
16.170000,DS_interstep,1,4.235385e-05,5.396213e-07,3.137255e-01,1.350029e-04,1.720043e-06,1
16.180000,DS_interstep,1,4.178785e-05,5.278846e-07,3.091574e-01,1.351669e-04,1.707495e-06,1
16.190000,DS_interstep,1,4.122959e-05,5.165286e-07,3.046549e-01,1.353321e-04,1.695455e-06,1
16.200000,DS_interstep,1,4.067892e-05,5.055386e-07,3.002171e-01,1.354984e-04,1.683910e-06,1
16.210000,DS_interstep,1,4.013573e-05,4.949023e-07,2.958426e-01,1.356658e-04,1.672857e-06,1
16.220000,DS_interstep,1,3.959982e-05,4.846071e-07,2.915305e-01,1.358342e-04,1.662286e-06,1
16.230000,DS_interstep,1,3.907112e-05,4.746391e-07,2.872797e-01,1.360038e-04,1.652185e-06,1
16.240000,DS_interstep,1,3.854947e-05,4.649875e-07,2.830893e-01,1.361743e-04,1.642547e-06,1
16.250000,DS_interstep,1,3.803476e-05,4.556398e-07,2.789581e-01,1.363458e-04,1.633363e-06,1
16.260000,DS_interstep,1,3.752688e-05,4.465848e-07,2.748852e-01,1.365184e-04,1.624623e-06,1
16.270000,DS_interstep,1,3.702570e-05,4.378116e-07,2.708698e-01,1.366918e-04,1.616317e-06,1
16.280000,DS_interstep,1,3.653111e-05,4.293096e-07,2.669110e-01,1.368663e-04,1.608437e-06,1
16.290000,DS_interstep,1,3.604300e-05,4.210682e-07,2.630077e-01,1.370416e-04,1.600973e-06,1
16.300000,DS_interstep,1,3.556126e-05,4.130776e-07,2.591592e-01,1.372178e-04,1.593914e-06,1
16.310000,DS_interstep,1,3.508581e-05,4.053282e-07,2.553647e-01,1.373949e-04,1.587253e-06,1
16.320000,DS_interstep,1,3.461652e-05,3.978108e-07,2.516232e-01,1.375728e-04,1.580978e-06,1
16.330000,DS_interstep,1,3.415333e-05,3.905158e-07,2.479340e-01,1.377517e-04,1.575079e-06,1
16.340000,DS_interstep,1,3.369611e-05,3.834354e-07,2.442963e-01,1.379313e-04,1.569550e-06,1
16.350000,DS_interstep,1,3.324477e-05,3.765607e-07,2.407095e-01,1.381116e-04,1.564378e-06,1
16.360000,DS_interstep,1,3.279925e-05,3.698838e-07,2.371726e-01,1.382928e-04,1.559555e-06,1
16.370000,DS_interstep,1,3.235944e-05,3.633973e-07,2.336850e-01,1.384746e-04,1.555074e-06,1
16.380000,DS_interstep,1,3.192526e-05,3.570930e-07,2.302458e-01,1.386573e-04,1.550921e-06,1
16.390000,DS_interstep,1,3.149664e-05,3.509643e-07,2.268546e-01,1.388406e-04,1.547089e-06,1
16.400000,DS_interstep,1,3.107348e-05,3.450039e-07,2.235106e-01,1.390247e-04,1.543569e-06,1
16.410000,DS_interstep,1,3.065571e-05,3.392054e-07,2.202131e-01,1.392093e-04,1.540351e-06,1
16.420000,DS_interstep,1,3.024327e-05,3.335625e-07,2.169614e-01,1.393947e-04,1.537428e-06,1
16.430000,DS_interstep,1,2.983608e-05,3.280690e-07,2.137548e-01,1.395808e-04,1.534791e-06,1
16.440000,DS_interstep,1,2.943406e-05,3.227191e-07,2.105930e-01,1.397675e-04,1.532430e-06,1
16.450000,DS_interstep,1,2.903714e-05,3.175068e-07,2.074750e-01,1.399549e-04,1.530337e-06,1
16.460000,DS_interstep,1,2.864526e-05,3.124271e-07,2.044004e-01,1.401428e-04,1.528505e-06,1
16.470000,DS_interstep,1,2.825834e-05,3.074745e-07,2.013686e-01,1.403314e-04,1.526924e-06,1
16.480000,DS_interstep,1,2.787633e-05,3.026443e-07,1.983791e-01,1.405205e-04,1.525586e-06,1
16.490000,DS_interstep,1,2.749915e-05,2.979315e-07,1.954311e-01,1.407102e-04,1.524484e-06,1
16.500000,DS_interstep,1,2.712675e-05,2.933316e-07,1.925241e-01,1.409006e-04,1.523610e-06,1
16.510000,DS_interstep,1,2.675908e-05,2.888401e-07,1.896576e-01,1.410915e-04,1.522955e-06,1
16.520000,DS_interstep,1,2.639607e-05,2.844531e-07,1.868311e-01,1.412830e-04,1.522514e-06,1
16.530000,DS_interstep,1,2.603765e-05,2.801664e-07,1.840441e-01,1.414750e-04,1.522278e-06,1
16.540000,DS_interstep,1,2.568379e-05,2.759763e-07,1.812960e-01,1.416677e-04,1.522241e-06,1
16.550000,DS_interstep,1,2.533441e-05,2.718789e-07,1.785863e-01,1.418609e-04,1.522395e-06,1
16.560000,DS_interstep,1,2.498946e-05,2.678708e-07,1.759145e-01,1.420546e-04,1.522733e-06,1
16.570000,DS_interstep,1,2.464891e-05,2.639488e-07,1.732801e-01,1.422489e-04,1.523249e-06,1
16.580000,DS_interstep,1,2.431268e-05,2.601094e-07,1.706828e-01,1.424437e-04,1.523935e-06,1
16.590000,DS_interstep,1,2.398073e-05,2.563500e-07,1.681218e-01,1.426391e-04,1.524788e-06,1
16.600000,DS_interstep,1,2.365302e-05,2.526672e-07,1.655968e-01,1.428350e-04,1.525797e-06,1
16.610000,DS_interstep,1,2.332948e-05,2.490584e-07,1.631075e-01,1.430314e-04,1.526959e-06,1
16.620000,DS_interstep,1,2.301009e-05,2.455207e-07,1.606531e-01,1.432284e-04,1.528267e-06,1
16.630000,DS_interstep,1,2.269476e-05,2.420520e-07,1.582335e-01,1.434258e-04,1.529714e-06,1
16.640000,DS_interstep,1,2.238348e-05,2.386498e-07,1.558480e-01,1.436238e-04,1.531298e-06,1
16.650000,DS_interstep,1,2.207619e-05,2.353115e-07,1.534963e-01,1.438224e-04,1.533011e-06,1
16.660000,DS_interstep,1,2.177285e-05,2.320351e-07,1.511779e-01,1.440214e-04,1.534848e-06,1
16.670000,DS_interstep,1,2.147341e-05,2.288185e-07,1.488924e-01,1.442210e-04,1.536804e-06,1
16.680000,DS_interstep,1,2.117782e-05,2.256597e-07,1.466396e-01,1.444209e-04,1.538873e-06,1
16.690000,DS_interstep,1,2.088605e-05,2.225566e-07,1.444187e-01,1.446215e-04,1.541051e-06,1
16.700000,DS_interstep,1,2.059806e-05,2.195077e-07,1.422296e-01,1.448226e-04,1.543333e-06,1
16.710000,DS_interstep,1,2.031379e-05,2.165111e-07,1.400718e-01,1.450241e-04,1.545715e-06,1
16.720000,DS_interstep,1,2.003320e-05,2.135649e-07,1.379449e-01,1.452261e-04,1.548190e-06,1
16.730000,DS_interstep,1,1.975626e-05,2.106680e-07,1.358486e-01,1.454286e-04,1.550756e-06,1
16.740000,DS_interstep,1,1.948292e-05,2.078187e-07,1.337823e-01,1.456315e-04,1.553409e-06,1
16.750000,DS_interstep,1,1.921315e-05,2.050157e-07,1.317458e-01,1.458350e-04,1.556146e-06,1
16.760000,DS_interstep,1,1.894691e-05,2.022574e-07,1.297388e-01,1.460389e-04,1.558959e-06,1
16.770000,DS_interstep,1,1.868413e-05,1.995425e-07,1.277607e-01,1.462432e-04,1.561846e-06,1
16.780000,DS_interstep,1,1.842480e-05,1.968700e-07,1.258112e-01,1.464480e-04,1.564805e-06,1
16.790000,DS_interstep,1,1.816888e-05,1.942387e-07,1.238900e-01,1.466533e-04,1.567832e-06,1
16.800000,DS_interstep,1,1.791632e-05,1.916473e-07,1.219968e-01,1.468590e-04,1.570921e-06,1
16.810000,DS_interstep,1,1.766708e-05,1.890949e-07,1.201311e-01,1.470650e-04,1.574071e-06,1
16.820000,DS_interstep,1,1.742115e-05,1.865804e-07,1.182927e-01,1.472716e-04,1.577278e-06,1
16.830000,DS_interstep,1,1.717845e-05,1.841029e-07,1.164809e-01,1.474786e-04,1.580541e-06,1
16.840000,DS_interstep,1,1.693897e-05,1.816614e-07,1.146958e-01,1.476860e-04,1.583854e-06,1
16.850000,DS_interstep,1,1.670267e-05,1.792551e-07,1.129369e-01,1.478938e-04,1.587215e-06,1
16.860000,DS_interstep,1,1.646950e-05,1.768831e-07,1.112038e-01,1.481020e-04,1.590621e-06,1
16.870000,DS_interstep,1,1.623944e-05,1.745446e-07,1.094961e-01,1.483107e-04,1.594072e-06,1
16.880000,DS_interstep,1,1.601244e-05,1.722389e-07,1.078136e-01,1.485197e-04,1.597562e-06,1
16.890000,DS_interstep,1,1.578847e-05,1.699652e-07,1.061559e-01,1.487291e-04,1.601091e-06,1
16.900000,DS_interstep,1,1.556750e-05,1.677229e-07,1.045227e-01,1.489390e-04,1.604656e-06,1
16.910000,DS_interstep,1,1.534949e-05,1.655112e-07,1.029137e-01,1.491492e-04,1.608253e-06,1
16.920000,DS_interstep,1,1.513441e-05,1.633296e-07,1.013285e-01,1.493598e-04,1.611882e-06,1
16.930000,DS_interstep,1,1.492221e-05,1.611774e-07,9.976688e-02,1.495708e-04,1.615540e-06,1
16.940000,DS_interstep,1,1.471287e-05,1.590540e-07,9.822845e-02,1.497821e-04,1.619226e-06,1
16.950000,DS_interstep,1,1.450635e-05,1.569589e-07,9.671293e-02,1.499939e-04,1.622936e-06,1
16.960000,DS_interstep,1,1.430262e-05,1.548916e-07,9.522000e-02,1.502060e-04,1.626671e-06,1
16.970000,DS_interstep,1,1.410164e-05,1.528514e-07,9.374936e-02,1.504185e-04,1.630426e-06,1
16.980000,DS_interstep,1,1.390338e-05,1.508381e-07,9.230071e-02,1.506313e-04,1.634203e-06,1
16.990000,DS_interstep,1,1.370781e-05,1.488509e-07,9.087374e-02,1.508445e-04,1.637997e-06,1
17.000000,DS_interstep,1,1.351489e-05,1.468896e-07,8.946817e-02,1.510581e-04,1.641808e-06,1
17.010000,DS_interstep,1,1.332459e-05,1.449536e-07,8.808370e-02,1.512720e-04,1.645635e-06,1
17.020000,DS_interstep,1,1.313689e-05,1.430425e-07,8.672003e-02,1.514862e-04,1.649475e-06,1
17.030000,DS_interstep,1,1.295174e-05,1.411560e-07,8.537689e-02,1.517008e-04,1.653329e-06,1
17.040000,DS_interstep,1,1.276912e-05,1.392937e-07,8.405397e-02,1.519157e-04,1.657193e-06,1
17.050000,DS_interstep,1,1.258900e-05,1.374551e-07,8.275102e-02,1.521310e-04,1.661068e-06,1
17.060000,DS_interstep,1,1.241133e-05,1.356398e-07,8.146775e-02,1.523465e-04,1.664951e-06,1
17.070000,DS_interstep,1,1.223610e-05,1.338477e-07,8.020388e-02,1.525625e-04,1.668843e-06,1
17.080000,DS_interstep,1,1.206327e-05,1.320782e-07,7.895913e-02,1.527787e-04,1.672742e-06,1
17.090000,DS_interstep,1,1.189282e-05,1.303311e-07,7.773326e-02,1.529952e-04,1.676646e-06,1
17.100000,DS_interstep,1,1.172471e-05,1.286061e-07,7.652597e-02,1.532121e-04,1.680555e-06,1
17.110000,DS_interstep,1,1.155890e-05,1.269028e-07,7.533702e-02,1.534293e-04,1.684468e-06,1
17.120000,DS_interstep,1,1.139539e-05,1.252209e-07,7.416614e-02,1.536468e-04,1.688384e-06,1
17.130000,DS_interstep,1,1.123413e-05,1.235602e-07,7.301308e-02,1.538646e-04,1.692302e-06,1
17.140000,DS_interstep,1,1.107509e-05,1.219203e-07,7.187757e-02,1.540827e-04,1.696222e-06,1
17.150000,DS_interstep,1,1.091824e-05,1.203011e-07,7.075938e-02,1.543010e-04,1.700143e-06,1
17.160000,DS_interstep,1,1.076357e-05,1.187021e-07,6.965824e-02,1.545197e-04,1.704064e-06,1
17.170000,DS_interstep,1,1.061103e-05,1.171232e-07,6.857393e-02,1.547386e-04,1.707985e-06,1
17.180000,DS_interstep,1,1.046061e-05,1.155641e-07,6.750618e-02,1.549578e-04,1.711904e-06,1
17.190000,DS_interstep,1,1.031228e-05,1.140246e-07,6.645477e-02,1.551774e-04,1.715822e-06,1
17.200000,DS_interstep,1,1.016599e-05,1.125043e-07,6.541945e-02,1.553971e-04,1.719738e-06,1
17.210000,DS_interstep,1,1.002175e-05,1.110031e-07,6.439999e-02,1.556172e-04,1.723652e-06,1
17.220000,DS_interstep,1,9.879503e-06,1.095208e-07,6.339616e-02,1.558376e-04,1.727562e-06,1
17.230000,DS_interstep,1,9.739234e-06,1.080571e-07,6.240772e-02,1.560582e-04,1.731469e-06,1
17.240000,DS_interstep,1,9.600917e-06,1.066117e-07,6.143447e-02,1.562790e-04,1.735373e-06,1
17.250000,DS_interstep,1,9.464524e-06,1.051845e-07,6.047616e-02,1.565001e-04,1.739272e-06,1
17.260000,DS_interstep,1,9.330036e-06,1.037753e-07,5.953259e-02,1.567215e-04,1.743168e-06,1
17.270000,DS_interstep,1,9.197422e-06,1.023838e-07,5.860352e-02,1.569432e-04,1.747058e-06,1
17.280000,DS_interstep,1,9.066654e-06,1.010098e-07,5.768874e-02,1.571650e-04,1.750944e-06,1
17.290000,DS_interstep,1,8.937716e-06,9.965312e-08,5.678806e-02,1.573872e-04,1.754825e-06,1
17.300000,DS_interstep,1,8.810578e-06,9.831359e-08,5.590125e-02,1.576097e-04,1.758701e-06,1
17.310000,DS_interstep,1,8.685217e-06,9.699099e-08,5.502811e-02,1.578324e-04,1.762572e-06,1
17.320000,DS_interstep,1,8.561608e-06,9.568513e-08,5.416843e-02,1.580553e-04,1.766437e-06,1
17.330000,DS_interstep,1,8.439729e-06,9.439578e-08,5.332201e-02,1.582785e-04,1.770297e-06,1
17.340000,DS_interstep,1,8.319557e-06,9.312279e-08,5.248865e-02,1.585020e-04,1.774151e-06,1
17.350000,DS_interstep,1,8.201066e-06,9.186596e-08,5.166817e-02,1.587257e-04,1.777999e-06,1
17.360000,DS_interstep,1,8.084237e-06,9.062512e-08,5.086035e-02,1.589497e-04,1.781842e-06,1
17.370000,DS_interstep,1,7.969046e-06,8.940009e-08,5.006501e-02,1.591740e-04,1.785680e-06,1
17.380000,DS_interstep,1,7.855471e-06,8.819066e-08,4.928197e-02,1.593985e-04,1.789512e-06,1
17.390000,DS_interstep,1,7.743489e-06,8.699667e-08,4.851103e-02,1.596233e-04,1.793338e-06,1
17.400000,DS_interstep,1,7.633080e-06,8.581797e-08,4.775201e-02,1.598483e-04,1.797159e-06,1
17.410000,DS_interstep,1,7.524220e-06,8.465434e-08,4.700475e-02,1.600736e-04,1.800974e-06,1
17.420000,DS_interstep,1,7.416892e-06,8.350566e-08,4.626904e-02,1.602992e-04,1.804785e-06,1
17.430000,DS_interstep,1,7.311072e-06,8.237170e-08,4.554471e-02,1.605252e-04,1.808590e-06,1
17.440000,DS_interstep,1,7.206737e-06,8.125235e-08,4.483161e-02,1.607512e-04,1.812390e-06,1
17.450000,DS_interstep,1,7.103876e-06,8.014744e-08,4.412955e-02,1.609778e-04,1.816185e-06,1
17.460000,DS_interstep,1,7.002458e-06,7.905677e-08,4.343836e-02,1.612045e-04,1.819976e-06,1
17.470000,DS_interstep,1,6.902470e-06,7.798020e-08,4.275789e-02,1.614315e-04,1.823762e-06,1
17.480000,DS_interstep,1,6.803888e-06,7.691755e-08,4.208795e-02,1.616588e-04,1.827543e-06,1
17.490000,DS_interstep,1,6.706698e-06,7.586870e-08,4.142840e-02,1.618865e-04,1.831321e-06,1
17.500000,DS_interstep,1,6.610876e-06,7.483347e-08,4.077906e-02,1.621144e-04,1.835095e-06,1
17.510000,DS_interstep,1,6.516407e-06,7.381171e-08,4.013980e-02,1.623428e-04,1.838866e-06,1
17.520000,DS_interstep,1,6.423267e-06,7.280325e-08,3.951045e-02,1.625713e-04,1.842633e-06,1
17.530000,DS_interstep,1,6.331445e-06,7.180796e-08,3.889087e-02,1.628003e-04,1.846397e-06,1
17.540000,DS_interstep,1,6.240916e-06,7.082567e-08,3.828088e-02,1.630296e-04,1.850158e-06,1
17.550000,DS_interstep,1,6.151666e-06,6.985625e-08,3.768036e-02,1.632592e-04,1.853916e-06,1
17.560000,DS_interstep,1,6.063677e-06,6.889952e-08,3.708916e-02,1.634892e-04,1.857673e-06,1
17.570000,DS_interstep,1,5.976932e-06,6.795537e-08,3.650713e-02,1.637196e-04,1.861427e-06,1
17.580000,DS_interstep,1,5.891410e-06,6.702364e-08,3.593413e-02,1.639503e-04,1.865181e-06,1
17.590000,DS_interstep,1,5.807101e-06,6.610418e-08,3.537002e-02,1.641815e-04,1.868933e-06,1
17.600000,DS_interstep,1,5.723981e-06,6.519686e-08,3.481466e-02,1.644130e-04,1.872684e-06,1
17.610000,DS_interstep,1,5.642039e-06,6.430154e-08,3.426792e-02,1.646449e-04,1.876435e-06,1
17.620000,DS_interstep,1,5.561254e-06,6.341804e-08,3.372967e-02,1.648772e-04,1.880185e-06,1
17.630000,DS_interstep,1,5.481613e-06,6.254628e-08,3.319976e-02,1.651100e-04,1.883937e-06,1
17.640000,DS_interstep,1,5.403100e-06,6.168607e-08,3.267809e-02,1.653432e-04,1.887689e-06,1
17.650000,DS_interstep,1,5.325699e-06,6.083731e-08,3.216452e-02,1.655768e-04,1.891442e-06,1
17.660000,DS_interstep,1,5.249394e-06,5.999986e-08,3.165890e-02,1.658110e-04,1.895197e-06,1
17.670000,DS_interstep,1,5.174170e-06,5.917355e-08,3.116115e-02,1.660456e-04,1.898953e-06,1
17.680000,DS_interstep,1,5.100012e-06,5.835829e-08,3.067111e-02,1.662806e-04,1.902712e-06,1
17.690000,DS_interstep,1,5.026907e-06,5.755395e-08,3.018869e-02,1.665162e-04,1.906474e-06,1
17.700000,DS_interstep,1,4.954838e-06,5.676035e-08,2.971374e-02,1.667524e-04,1.910239e-06,1
17.710000,DS_interstep,1,4.883790e-06,5.597743e-08,2.924618e-02,1.669890e-04,1.914008e-06,1
17.720000,DS_interstep,1,4.813752e-06,5.520500e-08,2.878587e-02,1.672262e-04,1.917781e-06,1
17.730000,DS_interstep,1,4.744707e-06,5.444297e-08,2.833271e-02,1.674639e-04,1.921559e-06,1
17.740000,DS_interstep,1,4.676642e-06,5.369122e-08,2.788658e-02,1.677022e-04,1.925342e-06,1
17.750000,DS_interstep,1,4.609545e-06,5.294958e-08,2.744738e-02,1.679412e-04,1.929130e-06,1
17.760000,DS_interstep,1,4.543400e-06,5.221797e-08,2.701499e-02,1.681807e-04,1.932926e-06,1
17.770000,DS_interstep,1,4.478195e-06,5.149626e-08,2.658931e-02,1.684209e-04,1.936728e-06,1
17.780000,DS_interstep,1,4.413918e-06,5.078432e-08,2.617025e-02,1.686617e-04,1.940537e-06,1
17.790000,DS_interstep,1,4.350553e-06,5.008203e-08,2.575768e-02,1.689031e-04,1.944353e-06,1
17.800000,DS_interstep,1,4.288090e-06,4.938928e-08,2.535152e-02,1.691453e-04,1.948178e-06,1
17.810000,DS_interstep,1,4.226516e-06,4.870595e-08,2.495166e-02,1.693881e-04,1.952012e-06,1
17.820000,DS_interstep,1,4.165817e-06,4.803192e-08,2.455801e-02,1.696317e-04,1.955856e-06,1
17.830000,DS_interstep,1,4.105982e-06,4.736708e-08,2.417046e-02,1.698760e-04,1.959709e-06,1
17.840000,DS_interstep,1,4.047000e-06,4.671130e-08,2.378894e-02,1.701211e-04,1.963572e-06,1
17.850000,DS_interstep,1,3.988858e-06,4.606448e-08,2.341333e-02,1.703670e-04,1.967447e-06,1
17.860000,DS_interstep,1,3.931544e-06,4.542654e-08,2.304355e-02,1.706136e-04,1.971334e-06,1
17.870000,DS_interstep,1,3.875045e-06,4.479730e-08,2.267950e-02,1.708611e-04,1.975233e-06,1
17.880000,DS_interstep,1,3.819353e-06,4.417671e-08,2.232112e-02,1.711094e-04,1.979144e-06,1
17.890000,DS_interstep,1,3.764454e-06,4.356464e-08,2.196829e-02,1.713586e-04,1.983070e-06,1
17.900000,DS_interstep,1,3.710339e-06,4.296096e-08,2.162093e-02,1.716087e-04,1.987009e-06,1
17.910000,DS_interstep,1,3.656995e-06,4.236562e-08,2.127896e-02,1.718597e-04,1.990963e-06,1
17.920000,DS_interstep,1,3.604414e-06,4.177845e-08,2.094230e-02,1.721117e-04,1.994932e-06,1
17.930000,DS_interstep,1,3.552581e-06,4.119940e-08,2.061086e-02,1.723646e-04,1.998917e-06,1
17.940000,DS_interstep,1,3.501490e-06,4.062835e-08,2.028456e-02,1.726185e-04,2.002920e-06,1
17.950000,DS_interstep,1,3.451128e-06,4.006517e-08,1.996332e-02,1.728734e-04,2.006939e-06,1
17.960000,DS_interstep,1,3.401486e-06,3.950980e-08,1.964707e-02,1.731294e-04,2.010976e-06,1
17.970000,DS_interstep,1,3.352552e-06,3.896211e-08,1.933572e-02,1.733864e-04,2.015033e-06,1
17.980000,DS_interstep,1,3.304318e-06,3.842203e-08,1.902920e-02,1.736446e-04,2.019108e-06,1
17.990000,DS_interstep,1,3.256774e-06,3.788943e-08,1.872745e-02,1.739038e-04,2.023203e-06,1
18.000000,DS_interstep,1,3.209910e-06,3.736423e-08,1.843037e-02,1.741642e-04,2.027319e-06,1
18.010000,DS_interstep,1,3.163717e-06,3.684636e-08,1.813789e-02,1.744259e-04,2.031458e-06,1
18.020000,DS_interstep,1,3.118184e-06,3.633569e-08,1.784995e-02,1.746887e-04,2.035618e-06,1
18.030000,DS_interstep,1,3.073303e-06,3.583212e-08,1.756648e-02,1.749527e-04,2.039801e-06,1
18.040000,DS_interstep,1,3.029065e-06,3.533558e-08,1.728741e-02,1.752180e-04,2.044007e-06,1
18.050000,DS_interstep,1,2.985460e-06,3.484597e-08,1.701267e-02,1.754846e-04,2.048237e-06,1
18.060000,DS_interstep,1,2.942480e-06,3.436322e-08,1.674217e-02,1.757526e-04,2.052495e-06,1
18.070000,DS_interstep,1,2.900117e-06,3.388722e-08,1.647589e-02,1.760219e-04,2.056777e-06,1
18.080000,DS_interstep,1,2.858359e-06,3.341788e-08,1.621372e-02,1.762926e-04,2.061086e-06,1
18.090000,DS_interstep,1,2.817201e-06,3.295512e-08,1.595563e-02,1.765648e-04,2.065423e-06,1
18.100000,DS_interstep,1,2.776634e-06,3.249886e-08,1.570154e-02,1.768383e-04,2.069788e-06,1
18.110000,DS_interstep,1,2.736648e-06,3.204899e-08,1.545139e-02,1.771134e-04,2.074182e-06,1
18.120000,DS_interstep,1,2.697236e-06,3.160546e-08,1.520512e-02,1.773900e-04,2.078607e-06,1
18.130000,DS_interstep,1,2.658390e-06,3.116815e-08,1.496266e-02,1.776683e-04,2.083062e-06,1
18.140000,DS_interstep,1,2.620101e-06,3.073701e-08,1.472396e-02,1.779481e-04,2.087550e-06,1
18.150000,DS_interstep,1,2.582363e-06,3.031194e-08,1.448897e-02,1.782296e-04,2.092070e-06,1
18.160000,DS_interstep,1,2.545168e-06,2.989288e-08,1.425762e-02,1.785127e-04,2.096624e-06,1
18.170000,DS_interstep,1,2.508506e-06,2.947973e-08,1.402986e-02,1.787977e-04,2.101214e-06,1
18.180000,DS_interstep,1,2.472371e-06,2.907240e-08,1.380563e-02,1.790843e-04,2.105837e-06,1
18.190000,DS_interstep,1,2.436757e-06,3.465959e-07,1.358487e-02,1.793728e-04,2.551338e-05,1
18.200000,SS,2,5.743360e-05,1.016842e-06,1.182604e+00,4.856538e-05,8.598334e-07,1
18.300000,SS,2,1.316660e-04,1.357663e-06,1.217074e+00,1.081824e-04,1.115514e-06,1
18.400000,SS,2,2.007046e-04,3.466040e-06,1.207026e+00,1.662802e-04,2.871554e-06,1
18.500000,SS,2,2.766262e-04,6.328796e-06,1.219714e+00,2.267959e-04,5.188752e-06,1
18.600000,SS,2,3.524941e-04,9.614482e-06,1.223149e+00,2.881858e-04,7.860434e-06,1
18.700000,SS,2,4.272914e-04,1.283781e-05,1.233677e+00,3.463560e-04,1.040614e-05,1
18.800000,SS,2,4.995440e-04,1.540259e-05,1.258108e+00,3.970598e-04,1.224266e-05,1
18.900000,SS,2,5.658368e-04,1.724777e-05,1.288129e+00,4.392701e-04,1.338978e-05,1
19.000000,SS,2,6.254449e-04,1.775908e-05,1.338370e+00,4.673183e-04,1.326918e-05,1
19.100000,SS,2,6.746330e-04,1.730619e-05,1.395167e+00,4.835501e-04,1.240439e-05,1
19.200000,SS,2,7.118074e-04,1.575954e-05,1.467015e+00,4.852081e-04,1.074259e-05,1
19.300000,SS,2,7.348606e-04,1.380307e-05,1.547023e+00,4.750160e-04,8.922341e-06,1
19.400000,SS,2,7.412103e-04,1.251816e-05,1.634126e+00,4.535820e-04,7.660462e-06,1
19.500000,SS,2,7.304902e-04,1.275397e-05,1.724506e+00,4.235938e-04,7.395720e-06,1
19.600000,SS,2,7.015006e-04,1.420426e-05,1.816315e+00,3.862218e-04,7.820372e-06,1
19.700000,SS,2,6.567152e-04,1.554824e-05,1.904793e+00,3.447699e-04,8.162694e-06,1
19.800000,SS,2,5.994823e-04,1.513276e-05,1.986469e+00,3.017828e-04,7.617920e-06,1
19.900000,SS,2,5.353493e-04,1.202121e-05,2.059395e+00,2.599547e-04,5.837252e-06,1
20.000000,SS,2,4.725689e-04,8.910273e-06,2.118152e+00,2.231044e-04,4.206627e-06,1
20.100000,SS,2,4.181703e-04,1.732221e-05,2.165222e+00,1.931305e-04,8.000204e-06,1
20.200000,SS,2,3.773128e-04,3.658538e-05,2.199794e+00,1.715219e-04,1.663127e-05,1
20.300000,SS,2,3.514401e-04,6.243390e-05,2.223256e+00,1.580745e-04,2.808219e-05,1
20.400000,SS,2,3.381759e-04,9.580622e-05,2.241868e+00,1.508456e-04,4.273500e-05,1
20.500000,SS,2,3.463331e-04,1.325934e-04,2.254664e+00,1.536074e-04,5.880849e-05,1
20.600000,SS,2,3.916851e-04,1.739796e-04,2.257321e+00,1.735177e-04,7.707347e-05,1
20.700000,SS,2,4.916798e-04,2.156425e-04,2.245229e+00,2.189887e-04,9.604478e-05,1
20.800000,SS,2,6.434967e-04,2.552231e-04,2.199437e+00,2.925733e-04,1.160402e-04,1
20.900000,SS,2,8.263172e-04,2.913799e-04,2.101778e+00,3.931516e-04,1.386350e-04,1
21.000000,SS,2,1.018574e-03,3.225941e-04,1.950875e+00,5.221114e-04,1.653587e-04,1
21.100000,SS,2,1.203107e-03,3.478280e-04,1.759788e+00,6.836659e-04,1.976533e-04,1
21.200000,SS,2,1.366579e-03,3.635112e-04,1.538128e+00,8.884690e-04,2.363335e-04,1
21.300000,SS,2,1.453921e-03,3.770550e-04,1.065245e+00,1.364870e-03,3.539608e-04,1
21.400000,SS,2,1.480182e-03,3.839500e-04,7.738902e-01,1.912651e-03,4.961297e-04,1
21.500000,SS,2,1.471179e-03,3.868516e-04,6.601091e-01,2.228691e-03,5.860420e-04,1
21.600000,SS,2,1.461746e-03,3.860809e-04,5.779844e-01,2.529040e-03,6.679781e-04,1
21.700000,SS,2,1.469683e-03,3.822775e-04,5.406806e-01,2.718210e-03,7.070302e-04,1
21.800000,SS,2,1.482138e-03,3.763788e-04,5.644509e-01,2.625806e-03,6.668052e-04,1
21.900000,SS,2,1.490207e-03,3.696262e-04,6.171082e-01,2.414823e-03,5.989650e-04,1
22.000000,SS,2,1.498889e-03,3.610339e-04,6.778412e-01,2.211268e-03,5.326231e-04,1
22.100000,SS,2,1.511676e-03,3.511310e-04,7.335719e-01,2.060706e-03,4.786593e-04,1
22.200000,SS,2,1.531084e-03,3.404750e-04,7.780384e-01,1.967877e-03,4.376070e-04,1
22.300000,SS,2,1.561164e-03,3.292772e-04,8.095456e-01,1.928444e-03,4.067432e-04,1
22.400000,SS,2,1.606308e-03,3.174293e-04,8.313006e-01,1.932283e-03,3.818466e-04,1
22.500000,SS,2,1.666022e-03,3.052429e-04,8.473184e-01,1.966229e-03,3.602458e-04,1
22.600000,SS,2,1.736557e-03,2.929223e-04,8.568126e-01,2.026764e-03,3.418744e-04,1
22.700000,SS,2,1.813069e-03,2.803579e-04,8.586810e-01,2.111458e-03,3.264983e-04,1
22.800000,SS,2,1.888366e-03,2.676203e-04,8.522441e-01,2.215757e-03,3.140183e-04,1
22.900000,SS,2,1.954485e-03,2.547722e-04,8.424037e-01,2.320129e-03,3.024349e-04,1
23.000000,SS,2,2.004494e-03,2.418230e-04,8.394185e-01,2.387955e-03,2.880840e-04,1
23.100000,SS,2,2.033231e-03,2.287929e-04,8.545531e-01,2.379291e-03,2.677340e-04,1
23.200000,SS,2,2.037715e-03,2.156932e-04,8.947636e-01,2.277378e-03,2.410617e-04,1
23.300000,SS,2,2.016992e-03,2.025370e-04,9.602028e-01,2.100590e-03,2.109315e-04,1
23.400000,SS,2,1.971770e-03,1.893445e-04,1.045761e+00,1.885488e-03,1.810591e-04,1
23.500000,SS,2,1.903998e-03,1.761465e-04,1.144492e+00,1.663618e-03,1.539080e-04,1
23.600000,SS,2,1.816459e-03,1.629804e-04,1.250096e+00,1.453056e-03,1.303743e-04,1
23.700000,SS,2,1.712430e-03,1.498836e-04,1.357685e+00,1.261287e-03,1.103964e-04,1
23.800000,SS,2,1.595480e-03,1.369265e-04,1.463752e+00,1.089993e-03,9.354490e-05,1
23.900000,SS,2,1.469318e-03,1.241687e-04,1.565958e+00,9.382871e-04,7.929250e-05,1
24.000000,SS,2,1.337631e-03,1.116816e-04,1.662710e+00,8.044889e-04,6.716845e-05,1
24.100000,SS,2,1.203985e-03,9.953952e-05,1.752925e+00,6.868434e-04,5.678482e-05,1
24.200000,SS,2,1.071738e-03,8.781806e-05,1.835887e+00,5.837713e-04,4.783414e-05,1
24.300000,SS,2,9.439654e-04,7.659194e-05,1.911115e+00,4.939344e-04,4.007710e-05,1
24.400000,SS,2,8.233759e-04,6.593433e-05,1.978309e+00,4.162018e-04,3.332862e-05,1
24.500000,SS,2,7.122130e-04,5.591328e-05,2.037291e+00,3.495883e-04,2.744492e-05,1
24.600000,SS,2,6.121252e-04,4.659183e-05,2.087978e+00,2.931665e-04,2.231433e-05,1
24.700000,SS,2,5.240005e-04,3.802651e-05,2.130366e+00,2.459673e-04,1.784975e-05,1
24.800000,SS,2,4.477819e-04,3.026610e-05,2.164512e+00,2.068743e-04,1.398288e-05,1
24.900000,SS,2,3.823270e-04,2.335160e-05,2.190518e+00,1.745372e-04,1.066031e-05,1
25.000000,SS,2,3.254246e-04,1.731536e-05,2.208533e+00,1.473488e-04,7.840206e-06,1
25.100000,SS,2,2.740615e-04,1.218106e-05,2.218739e+00,1.235213e-04,5.490080e-06,1
25.200000,SS,2,2.249163e-04,7.964032e-06,2.221349e+00,1.012521e-04,3.585223e-06,1
25.300000,SS,2,1.749525e-04,4.672135e-06,2.216601e+00,7.892829e-05,2.107793e-06,1
25.400000,SS,2,1.220780e-04,2.308953e-06,2.204752e+00,5.537040e-05,1.047262e-06,1
25.500000,SS,2,6.707894e-05,8.836713e-07,2.186080e+00,3.068457e-05,4.042263e-07,1
25.600000,SS,2,3.831315e-05,3.334296e-07,2.160875e+00,1.773039e-05,1.543030e-07,1
25.700000,SS,2,9.270933e-05,3.132749e-07,2.129438e+00,4.353700e-05,1.471162e-07,1
25.800000,SS,2,1.703657e-04,1.384452e-06,2.092062e+00,8.143435e-05,6.617645e-07,1
25.900000,SS,2,2.566887e-04,3.244761e-06,2.049044e+00,1.252724e-04,1.583549e-06,1
26.000000,SS,2,3.492381e-04,5.825550e-06,2.000746e+00,1.745540e-04,2.911690e-06,1
26.100000,SS,2,4.465235e-04,9.074750e-06,1.947494e+00,2.292810e-04,4.659705e-06,1
26.200000,SS,2,5.471470e-04,1.293421e-05,1.889618e+00,2.895543e-04,6.844879e-06,1
26.300000,SS,2,6.496915e-04,1.734022e-05,1.827409e+00,3.555261e-04,9.488964e-06,1
26.400000,SS,2,7.526977e-04,2.222591e-05,1.760853e+00,4.274619e-04,1.262224e-05,1
26.500000,SS,2,8.545956e-04,2.751988e-05,1.690646e+00,5.054847e-04,1.627773e-05,1
26.600000,SS,2,9.539266e-04,3.314290e-05,1.617066e+00,5.899122e-04,2.049570e-05,1
26.700000,SS,2,1.049156e-03,3.892505e-05,1.538730e+00,6.818321e-04,2.529686e-05,1
26.800000,SS,2,1.134594e-03,4.457290e-05,1.411810e+00,8.036449e-04,3.157146e-05,1
26.900000,SS,2,1.199438e-03,4.993777e-05,1.194070e+00,1.004496e-03,4.182147e-05,1
27.000000,SS,2,1.243608e-03,5.471629e-05,9.961161e-01,1.248456e-03,5.492963e-05,1
27.100000,SS,2,1.268716e-03,5.879186e-05,8.145417e-01,1.557583e-03,7.217784e-05,1
27.200000,SS,2,1.275509e-03,6.220487e-05,6.461292e-01,1.974077e-03,9.627310e-05,1
27.300000,SS,2,1.265374e-03,6.493491e-05,4.930802e-01,2.566264e-03,1.316924e-04,1
27.400000,SS,2,1.240070e-03,6.697933e-05,3.604105e-01,3.440716e-03,1.858418e-04,1
27.500000,SS,2,1.201465e-03,6.836012e-05,2.605386e-01,4.611468e-03,2.623800e-04,1
27.600000,SS,2,1.151471e-03,6.912364e-05,2.189079e-01,5.260072e-03,3.157659e-04,1
27.700000,SS,2,1.092098e-03,6.929575e-05,2.482332e-01,4.399485e-03,2.791559e-04,1
27.800000,SS,2,1.025361e-03,6.892789e-05,3.185786e-01,3.218551e-03,2.163607e-04,1
27.900000,SS,2,9.533448e-04,6.811047e-05,4.011973e-01,2.376249e-03,1.697680e-04,1
28.000000,SS,2,8.795748e-04,6.696300e-05,4.663037e-01,1.886270e-03,1.436038e-04,1
28.100000,SS,2,8.081062e-04,6.547739e-05,4.985330e-01,1.620968e-03,1.313401e-04,1
28.200000,SS,2,7.389802e-04,6.380685e-05,5.324651e-01,1.387847e-03,1.198329e-04,1
28.300000,SS,2,6.717746e-04,6.200203e-05,5.681016e-01,1.182490e-03,1.091390e-04,1
28.400000,SS,2,6.069648e-04,3.345213e-05,6.036712e-01,1.005456e-03,5.541449e-05,1
28.510000,DS_interstep,2,8.171657e-04,9.819525e-06,3.675106e+00,2.223516e-04,2.671902e-06,1
28.520000,DS_interstep,2,8.592954e-04,5.728574e-05,3.549629e+00,2.420803e-04,1.613851e-05,1
28.530000,DS_interstep,2,8.053689e-04,5.682789e-05,3.535785e+00,2.277766e-04,1.607221e-05,1
28.540000,DS_interstep,2,7.282426e-04,5.648581e-05,3.542203e+00,2.055903e-04,1.594652e-05,1
28.550000,DS_interstep,2,6.585385e-04,5.597693e-05,3.547813e+00,1.856182e-04,1.577787e-05,1
28.560000,DS_interstep,2,6.042524e-04,5.526307e-05,3.550663e+00,1.701802e-04,1.556416e-05,1
28.570000,DS_interstep,2,5.645269e-04,5.432022e-05,3.552166e+00,1.589247e-04,1.529214e-05,1
28.580000,DS_interstep,2,5.353077e-04,5.326873e-05,3.553563e+00,1.506397e-04,1.499023e-05,1
28.590000,DS_interstep,2,5.131133e-04,5.234116e-05,3.555438e+00,1.443179e-04,1.472144e-05,1
28.600000,DS_interstep,2,4.972820e-04,5.140709e-05,3.473641e+00,1.431587e-04,1.479919e-05,1
28.610000,DS_interstep,2,4.870058e-04,5.029493e-05,3.311109e+00,1.470824e-04,1.518975e-05,1
28.620000,DS_interstep,2,4.794033e-04,4.920969e-05,3.239417e+00,1.479906e-04,1.519091e-05,1
28.630000,DS_interstep,2,4.728117e-04,4.814833e-05,3.200862e+00,1.477139e-04,1.504230e-05,1
28.640000,DS_interstep,2,4.663443e-04,4.710737e-05,3.176593e+00,1.468065e-04,1.482953e-05,1
28.650000,DS_interstep,2,4.596974e-04,4.608554e-05,3.154884e+00,1.457098e-04,1.460768e-05,1
28.660000,DS_interstep,2,4.528913e-04,4.508304e-05,3.130724e+00,1.446603e-04,1.440020e-05,1
28.670000,DS_interstep,2,4.460763e-04,4.409994e-05,3.103688e+00,1.437246e-04,1.420888e-05,1
28.680000,DS_interstep,2,4.394144e-04,4.313502e-05,3.075425e+00,1.428792e-04,1.402571e-05,1
28.690000,DS_interstep,2,4.330261e-04,4.218565e-05,3.047898e+00,1.420737e-04,1.384090e-05,1
28.700000,DS_interstep,2,4.269762e-04,4.124854e-05,3.022488e+00,1.412665e-04,1.364721e-05,1
28.710000,DS_interstep,2,4.212809e-04,4.032017e-05,2.999740e+00,1.404392e-04,1.344122e-05,1
28.720000,DS_interstep,2,4.159254e-04,3.939778e-05,2.979469e+00,1.395972e-04,1.322309e-05,1
28.730000,DS_interstep,2,4.108813e-04,3.847943e-05,2.961006e+00,1.387641e-04,1.299539e-05,1
28.740000,DS_interstep,2,4.061202e-04,3.756413e-05,2.943461e+00,1.379737e-04,1.276189e-05,1
28.750000,DS_interstep,2,4.016200e-04,3.665144e-05,2.926084e+00,1.372551e-04,1.252577e-05,1
28.760000,DS_interstep,2,3.973668e-04,3.574165e-05,2.908401e+00,1.366272e-04,1.228911e-05,1
28.770000,DS_interstep,2,3.933515e-04,3.483547e-05,2.890208e+00,1.360980e-04,1.205293e-05,1
28.780000,DS_interstep,2,3.895652e-04,3.393388e-05,2.871518e+00,1.356652e-04,1.181740e-05,1
28.790000,DS_interstep,2,3.859970e-04,3.303804e-05,2.852483e+00,1.353196e-04,1.158220e-05,1
28.800000,DS_interstep,2,3.826320e-04,3.214887e-05,2.833315e+00,1.350475e-04,1.134673e-05,1
28.810000,DS_interstep,2,3.794517e-04,3.126712e-05,2.814235e+00,1.348330e-04,1.111034e-05,1
28.820000,DS_interstep,2,3.764340e-04,3.039350e-05,2.795438e+00,1.346601e-04,1.087254e-05,1
28.830000,DS_interstep,2,3.735554e-04,2.952825e-05,2.777082e+00,1.345136e-04,1.063283e-05,1
28.840000,DS_interstep,2,3.707913e-04,2.867168e-05,2.759291e+00,1.343792e-04,1.039096e-05,1
28.850000,DS_interstep,2,3.681184e-04,2.782373e-05,2.742153e+00,1.342443e-04,1.014667e-05,1
28.860000,DS_interstep,2,3.655141e-04,2.698436e-05,2.725736e+00,1.340974e-04,9.899845e-06,1
28.870000,DS_interstep,2,3.629587e-04,2.615347e-05,2.710086e+00,1.339289e-04,9.650423e-06,1
28.880000,DS_interstep,2,3.604343e-04,2.533094e-05,2.695238e+00,1.337300e-04,9.398407e-06,1
28.890000,DS_interstep,2,3.579265e-04,2.451651e-05,2.681216e+00,1.334941e-04,9.143804e-06,1
28.900000,DS_interstep,2,3.554234e-04,2.371010e-05,2.668034e+00,1.332155e-04,8.886732e-06,1
28.910000,DS_interstep,2,3.529161e-04,2.291172e-05,2.655701e+00,1.328900e-04,8.627373e-06,1
28.920000,DS_interstep,2,3.503983e-04,2.212122e-05,2.644219e+00,1.325149e-04,8.365881e-06,1
28.930000,DS_interstep,2,3.478664e-04,2.133873e-05,2.633583e+00,1.320886e-04,8.102548e-06,1
28.940000,DS_interstep,2,3.453183e-04,2.056435e-05,2.623787e+00,1.316107e-04,7.837661e-06,1
28.950000,DS_interstep,2,3.427542e-04,1.979834e-05,2.614817e+00,1.310815e-04,7.571598e-06,1
28.960000,DS_interstep,2,3.401759e-04,1.904095e-05,2.606659e+00,1.305026e-04,7.304734e-06,1
28.970000,DS_interstep,2,3.375858e-04,1.829253e-05,2.599296e+00,1.298759e-04,7.037494e-06,1
28.980000,DS_interstep,2,3.349876e-04,1.755356e-05,2.592709e+00,1.292037e-04,6.770354e-06,1
28.990000,DS_interstep,2,3.323851e-04,1.682441e-05,2.586877e+00,1.284889e-04,6.503754e-06,1
29.000000,DS_interstep,2,3.297821e-04,1.610566e-05,2.581780e+00,1.277344e-04,6.238201e-06,1
29.010000,DS_interstep,2,3.271824e-04,1.539786e-05,2.577395e+00,1.269431e-04,5.974195e-06,1
29.020000,DS_interstep,2,3.245894e-04,1.470151e-05,2.573699e+00,1.261179e-04,5.712212e-06,1
29.030000,DS_interstep,2,3.220055e-04,1.401724e-05,2.570668e+00,1.252614e-04,5.452761e-06,1
29.040000,DS_interstep,2,3.194327e-04,1.334556e-05,2.568280e+00,1.243761e-04,5.196302e-06,1
29.050000,DS_interstep,2,3.168717e-04,1.268707e-05,2.566507e+00,1.234642e-04,4.943321e-06,1
29.060000,DS_interstep,2,3.143227e-04,1.204218e-05,2.565324e+00,1.225275e-04,4.694212e-06,1
29.070000,DS_interstep,2,3.117845e-04,1.141148e-05,2.564705e+00,1.215674e-04,4.449432e-06,1
29.080000,DS_interstep,2,3.092550e-04,1.079542e-05,2.564622e+00,1.205850e-04,4.209360e-06,1
29.090000,DS_interstep,2,3.067315e-04,1.019438e-05,2.565047e+00,1.195812e-04,3.974344e-06,1
29.100000,DS_interstep,2,3.042099e-04,9.608821e-06,2.565951e+00,1.185564e-04,3.744740e-06,1
29.110000,DS_interstep,2,3.016861e-04,9.039066e-06,2.567306e+00,1.175108e-04,3.520837e-06,1
29.120000,DS_interstep,2,2.991549e-04,8.485443e-06,2.569084e+00,1.164442e-04,3.302907e-06,1
29.130000,DS_interstep,2,2.966109e-04,7.948293e-06,2.571255e+00,1.153565e-04,3.091212e-06,1
29.140000,DS_interstep,2,2.940483e-04,7.427890e-06,2.573791e+00,1.142471e-04,2.885973e-06,1
29.150000,DS_interstep,2,2.914607e-04,6.924530e-06,2.576665e+00,1.131155e-04,2.687400e-06,1
29.160000,DS_interstep,2,2.888418e-04,6.438497e-06,2.579849e+00,1.119608e-04,2.495687e-06,1
29.170000,DS_interstep,2,2.861854e-04,5.970062e-06,2.583317e+00,1.107821e-04,2.311006e-06,1
29.180000,DS_interstep,2,2.834848e-04,5.519527e-06,2.587043e+00,1.095787e-04,2.133528e-06,1
29.190000,DS_interstep,2,2.807336e-04,5.087195e-06,2.591001e+00,1.083495e-04,1.963409e-06,1
29.200000,DS_interstep,2,2.779254e-04,4.673420e-06,2.595168e+00,1.070934e-04,1.800816e-06,1
29.210000,DS_interstep,2,2.750540e-04,4.278576e-06,2.599520e+00,1.058095e-04,1.645910e-06,1
29.220000,DS_interstep,2,2.721131e-04,3.903109e-06,2.604035e+00,1.044967e-04,1.498870e-06,1
29.230000,DS_interstep,2,2.690965e-04,3.547538e-06,2.608690e+00,1.031539e-04,1.359893e-06,1
29.240000,DS_interstep,2,2.659983e-04,3.212887e-06,2.613466e+00,1.017799e-04,1.229359e-06,1
29.250000,DS_interstep,2,2.628131e-04,2.906185e-06,2.535871e+00,1.036382e-04,1.146030e-06,1
29.260000,DS_interstep,2,2.595457e-04,2.632597e-06,2.379637e+00,1.090695e-04,1.106302e-06,1
29.270000,DS_interstep,2,2.562024e-04,2.389821e-06,2.262595e+00,1.132339e-04,1.056230e-06,1
29.280000,DS_interstep,2,2.527800e-04,2.176808e-06,2.164834e+00,1.167664e-04,1.005531e-06,1
29.290000,DS_interstep,2,2.492780e-04,1.991935e-06,2.076318e+00,1.200577e-04,9.593595e-07,1
29.300000,DS_interstep,2,2.456989e-04,1.833525e-06,1.992606e+00,1.233053e-04,9.201644e-07,1
29.310000,DS_interstep,2,2.420471e-04,1.699849e-06,1.911734e+00,1.266113e-04,8.891662e-07,1
29.320000,DS_interstep,2,2.383283e-04,1.589041e-06,1.832796e+00,1.300353e-04,8.670038e-07,1
29.330000,DS_interstep,2,2.345491e-04,1.499039e-06,1.755384e+00,1.336170e-04,8.539665e-07,1
29.340000,DS_interstep,2,2.307166e-04,1.427550e-06,1.679377e+00,1.373823e-04,8.500476e-07,1
29.350000,DS_interstep,2,2.268385e-04,1.372131e-06,1.604854e+00,1.413452e-04,8.549878e-07,1
29.360000,DS_interstep,2,2.229226e-04,1.330250e-06,1.531985e+00,1.455122e-04,8.683179e-07,1
29.370000,DS_interstep,2,2.189772e-04,1.299420e-06,1.461014e+00,1.498803e-04,8.893965e-07,1
29.380000,DS_interstep,2,2.150107e-04,1.277298e-06,1.392241e+00,1.544349e-04,9.174404e-07,1
29.390000,DS_interstep,2,2.110311e-04,1.261780e-06,1.325991e+00,1.591497e-04,9.515752e-07,1
29.400000,DS_interstep,2,2.070465e-04,1.251049e-06,1.262575e+00,1.639874e-04,9.908708e-07,1
29.410000,DS_interstep,2,2.030644e-04,1.243594e-06,1.202271e+00,1.689007e-04,1.034371e-06,1
29.420000,DS_interstep,2,1.990921e-04,1.238201e-06,1.145299e+00,1.738342e-04,1.081116e-06,1
29.430000,DS_interstep,2,1.951362e-04,1.233917e-06,1.091815e+00,1.787264e-04,1.130152e-06,1
29.440000,DS_interstep,2,1.912026e-04,1.230021e-06,1.041905e+00,1.835124e-04,1.180550e-06,1
29.450000,DS_interstep,2,1.872967e-04,1.225985e-06,9.955871e-01,1.881269e-04,1.231419e-06,1
29.460000,DS_interstep,2,1.834234e-04,1.221438e-06,9.528138e-01,1.925071e-04,1.281928e-06,1
29.470000,DS_interstep,2,1.795868e-04,1.216152e-06,9.134815e-01,1.965960e-04,1.331337e-06,1
29.480000,DS_interstep,2,1.757901e-04,1.209887e-06,8.774807e-01,2.003349e-04,1.378819e-06,1
29.490000,DS_interstep,2,1.720358e-04,1.202556e-06,8.447659e-01,2.036491e-04,1.423538e-06,1
29.500000,DS_interstep,2,1.683265e-04,1.194124e-06,8.151816e-01,2.064896e-04,1.464857e-06,1
29.510000,DS_interstep,2,1.646639e-04,1.184597e-06,7.884642e-01,2.088413e-04,1.502410e-06,1
29.520000,DS_interstep,2,1.610492e-04,1.174002e-06,7.643063e-01,2.107130e-04,1.536036e-06,1
29.530000,DS_interstep,2,1.574839e-04,1.162395e-06,7.423952e-01,2.121294e-04,1.565736e-06,1
29.540000,DS_interstep,2,1.539686e-04,1.149835e-06,7.224329e-01,2.131251e-04,1.591616e-06,1
29.550000,DS_interstep,2,1.505039e-04,1.136397e-06,7.041449e-01,2.137400e-04,1.613868e-06,1
29.560000,DS_interstep,2,1.470903e-04,1.122158e-06,6.872854e-01,2.140164e-04,1.632740e-06,1
29.570000,DS_interstep,2,1.437281e-04,1.107194e-06,6.716377e-01,2.139966e-04,1.648499e-06,1
29.580000,DS_interstep,2,1.404175e-04,1.091583e-06,6.570136e-01,2.137209e-04,1.661431e-06,1
29.590000,DS_interstep,2,1.371584e-04,1.075398e-06,6.432517e-01,2.132267e-04,1.671816e-06,1
29.600000,DS_interstep,2,1.339510e-04,1.058713e-06,6.302152e-01,2.125480e-04,1.679923e-06,1
29.610000,DS_interstep,2,1.307950e-04,1.041593e-06,6.177883e-01,2.117150e-04,1.686003e-06,1
29.620000,DS_interstep,2,1.276907e-04,1.024103e-06,6.058739e-01,2.107545e-04,1.690290e-06,1
29.630000,DS_interstep,2,1.246376e-04,1.006302e-06,5.943916e-01,2.096894e-04,1.692995e-06,1
29.640000,DS_interstep,2,1.216358e-04,9.882462e-07,5.832745e-01,2.085395e-04,1.694307e-06,1
29.650000,DS_interstep,2,1.186851e-04,9.699861e-07,5.724670e-01,2.073221e-04,1.694396e-06,1
29.660000,DS_interstep,2,1.157853e-04,9.515693e-07,5.619241e-01,2.060515e-04,1.693413e-06,1
29.670000,DS_interstep,2,1.129364e-04,9.330401e-07,5.516085e-01,2.047401e-04,1.691490e-06,1
29.680000,DS_interstep,2,1.101381e-04,9.144388e-07,5.414901e-01,2.033982e-04,1.688745e-06,1
29.690000,DS_interstep,2,1.073903e-04,8.958030e-07,5.315445e-01,2.020344e-04,1.685283e-06,1
29.700000,DS_interstep,2,1.046928e-04,8.771672e-07,5.217519e-01,2.006563e-04,1.681196e-06,1
29.710000,DS_interstep,2,1.020454e-04,8.585630e-07,5.120967e-01,1.992698e-04,1.676564e-06,1
29.720000,DS_interstep,2,9.944787e-05,8.400197e-07,5.025663e-01,1.978801e-04,1.671461e-06,1
29.730000,DS_interstep,2,9.690004e-05,8.215644e-07,4.931510e-01,1.964916e-04,1.665949e-06,1
29.740000,DS_interstep,2,9.440162e-05,8.032215e-07,4.838433e-01,1.951078e-04,1.660086e-06,1
29.750000,DS_interstep,2,9.195235e-05,7.850137e-07,4.746372e-01,1.937318e-04,1.653924e-06,1
29.760000,DS_interstep,2,8.955194e-05,7.669616e-07,4.655286e-01,1.923661e-04,1.647507e-06,1
29.770000,DS_interstep,2,8.720010e-05,7.490844e-07,4.565145e-01,1.910128e-04,1.640877e-06,1
29.780000,DS_interstep,2,8.489649e-05,7.313994e-07,4.475927e-01,1.896736e-04,1.634074e-06,1
29.790000,DS_interstep,2,8.264075e-05,7.139216e-07,4.387620e-01,1.883498e-04,1.627127e-06,1
29.800000,DS_interstep,2,8.043252e-05,6.966658e-07,4.300215e-01,1.870430e-04,1.620072e-06,1
29.810000,DS_interstep,2,7.827136e-05,6.796441e-07,4.213715e-01,1.857538e-04,1.612933e-06,1
29.820000,DS_interstep,2,7.615686e-05,6.628677e-07,4.128121e-01,1.844831e-04,1.605737e-06,1
29.830000,DS_interstep,2,7.408860e-05,6.463470e-07,4.043440e-01,1.832316e-04,1.598508e-06,1
29.840000,DS_interstep,2,7.206604e-05,6.300902e-07,3.959682e-01,1.819996e-04,1.591265e-06,1
29.850000,DS_interstep,2,7.008875e-05,6.141051e-07,3.876855e-01,1.807876e-04,1.584029e-06,1
29.860000,DS_interstep,2,6.815618e-05,5.983983e-07,3.794975e-01,1.795959e-04,1.576818e-06,1
29.870000,DS_interstep,2,6.626782e-05,5.829751e-07,3.714053e-01,1.784245e-04,1.569647e-06,1
29.880000,DS_interstep,2,6.442309e-05,5.678399e-07,3.634104e-01,1.772737e-04,1.562531e-06,1
29.890000,DS_interstep,2,6.262144e-05,5.529962e-07,3.555141e-01,1.761433e-04,1.555483e-06,1
29.900000,DS_interstep,2,6.086229e-05,5.384468e-07,3.477179e-01,1.750335e-04,1.548516e-06,1
29.910000,DS_interstep,2,5.914505e-05,5.241940e-07,3.400230e-01,1.739443e-04,1.541643e-06,1
29.920000,DS_interstep,2,5.746911e-05,5.102388e-07,3.324307e-01,1.728755e-04,1.534872e-06,1
29.930000,DS_interstep,2,5.583386e-05,4.965815e-07,3.249423e-01,1.718270e-04,1.528214e-06,1
29.940000,DS_interstep,2,5.423868e-05,4.832224e-07,3.175589e-01,1.707988e-04,1.521678e-06,1
29.950000,DS_interstep,2,5.268288e-05,4.701604e-07,3.102813e-01,1.697907e-04,1.515272e-06,1
29.960000,DS_interstep,2,5.116588e-05,4.573947e-07,3.031107e-01,1.688026e-04,1.509002e-06,1
29.970000,DS_interstep,2,4.968699e-05,4.449235e-07,2.960476e-01,1.678345e-04,1.502878e-06,1
29.980000,DS_interstep,2,4.824556e-05,4.327444e-07,2.890928e-01,1.668861e-04,1.496905e-06,1
29.990000,DS_interstep,2,4.684096e-05,4.208554e-07,2.822468e-01,1.659575e-04,1.491090e-06,1
30.000000,DS_interstep,2,4.547251e-05,4.092534e-07,2.755100e-01,1.650485e-04,1.485440e-06,1
30.010000,DS_interstep,2,4.413958e-05,3.979356e-07,2.688828e-01,1.641592e-04,1.479959e-06,1
30.020000,DS_interstep,2,4.284145e-05,3.868977e-07,2.623653e-01,1.632893e-04,1.474653e-06,1
30.030000,DS_interstep,2,4.157751e-05,3.761368e-07,2.559577e-01,1.624390e-04,1.469527e-06,1
30.040000,DS_interstep,2,4.034712e-05,3.656490e-07,2.496599e-01,1.616084e-04,1.464589e-06,1
30.050000,DS_interstep,2,3.914951e-05,3.554289e-07,2.434718e-01,1.607969e-04,1.459836e-06,1
30.060000,DS_interstep,2,3.798413e-05,3.454736e-07,2.373933e-01,1.600050e-04,1.455279e-06,1
30.070000,DS_interstep,2,3.685031e-05,3.357781e-07,2.314241e-01,1.592328e-04,1.450921e-06,1
30.080000,DS_interstep,2,3.574734e-05,3.263375e-07,2.255639e-01,1.584799e-04,1.446763e-06,1
30.090000,DS_interstep,2,3.467464e-05,3.171474e-07,2.198122e-01,1.577467e-04,1.442811e-06,1
30.100000,DS_interstep,2,3.363154e-05,3.082030e-07,2.141685e-01,1.570331e-04,1.439068e-06,1
30.110000,DS_interstep,2,3.261741e-05,2.994992e-07,2.086325e-01,1.563391e-04,1.435535e-06,1
30.120000,DS_interstep,2,3.163163e-05,2.910313e-07,2.032034e-01,1.556649e-04,1.432217e-06,1
30.130000,DS_interstep,2,3.067355e-05,2.827940e-07,1.978806e-01,1.550104e-04,1.429115e-06,1
30.140000,DS_interstep,2,2.974258e-05,2.747827e-07,1.926634e-01,1.543759e-04,1.426232e-06,1
30.150000,DS_interstep,2,2.883809e-05,2.669920e-07,1.875512e-01,1.537612e-04,1.423569e-06,1
30.160000,DS_interstep,2,2.795948e-05,2.594171e-07,1.825431e-01,1.531664e-04,1.421128e-06,1
30.170000,DS_interstep,2,2.710615e-05,2.520529e-07,1.776383e-01,1.525918e-04,1.418911e-06,1
30.180000,DS_interstep,2,2.627752e-05,2.448944e-07,1.728360e-01,1.520374e-04,1.416918e-06,1
30.190000,DS_interstep,2,2.547301e-05,2.379366e-07,1.681353e-01,1.515030e-04,1.415149e-06,1
30.200000,DS_interstep,2,2.469202e-05,2.311745e-07,1.635354e-01,1.509888e-04,1.413605e-06,1
30.210000,DS_interstep,2,2.393401e-05,2.246033e-07,1.590352e-01,1.504951e-04,1.412287e-06,1
30.220000,DS_interstep,2,2.319839e-05,2.182181e-07,1.546337e-01,1.500216e-04,1.411193e-06,1
30.230000,DS_interstep,2,2.248464e-05,2.120141e-07,1.503301e-01,1.495684e-04,1.410323e-06,1
30.240000,DS_interstep,2,2.179220e-05,2.059866e-07,1.461232e-01,1.491358e-04,1.409677e-06,1
30.250000,DS_interstep,2,2.112053e-05,2.001309e-07,1.420120e-01,1.487235e-04,1.409253e-06,1
30.260000,DS_interstep,2,2.046912e-05,1.944424e-07,1.379955e-01,1.483317e-04,1.409048e-06,1
30.270000,DS_interstep,2,1.983743e-05,1.889165e-07,1.340725e-01,1.479605e-04,1.409063e-06,1
30.280000,DS_interstep,2,1.922496e-05,1.835490e-07,1.302418e-01,1.476097e-04,1.409294e-06,1
30.290000,DS_interstep,2,1.863120e-05,1.783354e-07,1.265024e-01,1.472794e-04,1.409739e-06,1
30.300000,DS_interstep,2,1.805566e-05,1.732713e-07,1.228529e-01,1.469697e-04,1.410396e-06,1
30.310000,DS_interstep,2,1.749786e-05,1.683528e-07,1.192924e-01,1.466805e-04,1.411262e-06,1
30.320000,DS_interstep,2,1.695731e-05,1.635755e-07,1.158194e-01,1.464117e-04,1.412333e-06,1
30.330000,DS_interstep,2,1.643355e-05,1.589357e-07,1.124328e-01,1.461633e-04,1.413606e-06,1
30.340000,DS_interstep,2,1.592612e-05,1.544293e-07,1.091313e-01,1.459353e-04,1.415078e-06,1
30.350000,DS_interstep,2,1.543455e-05,1.500525e-07,1.059137e-01,1.457277e-04,1.416744e-06,1
30.360000,DS_interstep,2,1.495842e-05,1.458017e-07,1.027785e-01,1.455403e-04,1.418600e-06,1
30.370000,DS_interstep,2,1.449729e-05,1.416731e-07,9.972465e-02,1.453732e-04,1.420643e-06,1
30.380000,DS_interstep,2,1.405072e-05,1.376634e-07,9.675066e-02,1.452261e-04,1.422868e-06,1
30.390000,DS_interstep,2,1.361830e-05,1.337689e-07,9.385524e-02,1.450990e-04,1.425269e-06,1
30.400000,DS_interstep,2,1.319962e-05,1.299865e-07,9.103704e-02,1.449918e-04,1.427841e-06,1
30.410000,DS_interstep,2,1.279428e-05,1.263127e-07,8.829470e-02,1.449043e-04,1.430581e-06,1
30.420000,DS_interstep,2,1.240189e-05,1.227446e-07,8.562687e-02,1.448364e-04,1.433482e-06,1
30.430000,DS_interstep,2,1.202205e-05,1.192789e-07,8.303216e-02,1.447878e-04,1.436538e-06,1
30.440000,DS_interstep,2,1.165440e-05,1.159127e-07,8.050920e-02,1.447586e-04,1.439745e-06,1
30.450000,DS_interstep,2,1.129856e-05,1.126432e-07,7.805660e-02,1.447483e-04,1.443097e-06,1
30.460000,DS_interstep,2,1.095418e-05,1.094675e-07,7.567297e-02,1.447568e-04,1.446586e-06,1
30.470000,DS_interstep,2,1.062091e-05,1.063828e-07,7.335694e-02,1.447839e-04,1.450208e-06,1
30.480000,DS_interstep,2,1.029839e-05,1.033866e-07,7.110710e-02,1.448293e-04,1.453956e-06,1
30.490000,DS_interstep,2,9.986310e-06,1.004763e-07,6.892208e-02,1.448928e-04,1.457825e-06,1
30.500000,DS_interstep,2,9.684322e-06,9.764931e-08,6.680048e-02,1.449738e-04,1.461805e-06,1
30.510000,DS_interstep,2,9.392118e-06,9.490332e-08,6.474092e-02,1.450724e-04,1.465894e-06,1
30.520000,DS_interstep,2,9.109387e-06,9.223598e-08,6.274202e-02,1.451880e-04,1.470083e-06,1
30.530000,DS_interstep,2,8.835821e-06,8.964496e-08,6.080241e-02,1.453202e-04,1.474365e-06,1
30.540000,DS_interstep,2,8.571128e-06,8.712811e-08,5.892072e-02,1.454688e-04,1.478735e-06,1
30.550000,DS_interstep,2,8.315023e-06,8.468331e-08,5.709560e-02,1.456333e-04,1.483185e-06,1
30.560000,DS_interstep,2,8.067224e-06,8.230848e-08,5.532569e-02,1.458133e-04,1.487708e-06,1
30.570000,DS_interstep,2,7.827455e-06,8.000160e-08,5.360965e-02,1.460083e-04,1.492298e-06,1
30.580000,DS_interstep,2,7.595460e-06,7.776075e-08,5.194615e-02,1.462179e-04,1.496949e-06,1
30.590000,DS_interstep,2,7.370973e-06,7.558401e-08,5.033388e-02,1.464416e-04,1.501653e-06,1
30.600000,DS_interstep,2,7.153750e-06,7.346961e-08,4.877153e-02,1.466788e-04,1.506404e-06,1
30.610000,DS_interstep,2,6.943546e-06,7.141573e-08,4.725782e-02,1.469291e-04,1.511194e-06,1
30.620000,DS_interstep,2,6.740128e-06,6.942070e-08,4.579146e-02,1.471918e-04,1.516018e-06,1
30.630000,DS_interstep,2,6.543264e-06,6.748281e-08,4.437121e-02,1.474664e-04,1.520869e-06,1
30.640000,DS_interstep,2,6.352733e-06,6.560046e-08,4.299581e-02,1.477524e-04,1.525741e-06,1
30.650000,DS_interstep,2,6.168319e-06,6.377207e-08,4.166404e-02,1.480490e-04,1.530626e-06,1
30.660000,DS_interstep,2,5.989812e-06,6.199610e-08,4.037469e-02,1.483556e-04,1.535519e-06,1
30.670000,DS_interstep,2,5.817016e-06,6.027111e-08,3.912657e-02,1.486718e-04,1.540414e-06,1
30.680000,DS_interstep,2,5.649731e-06,5.859564e-08,3.791852e-02,1.489966e-04,1.545304e-06,1
30.690000,DS_interstep,2,5.487765e-06,5.696829e-08,3.674937e-02,1.493295e-04,1.550184e-06,1
30.700000,DS_interstep,2,5.330944e-06,5.538774e-08,3.561800e-02,1.496699e-04,1.555049e-06,1
30.710000,DS_interstep,2,5.179076e-06,5.385259e-08,3.452329e-02,1.500169e-04,1.559892e-06,1
30.720000,DS_interstep,2,5.032002e-06,5.236165e-08,3.346417e-02,1.503699e-04,1.564708e-06,1
30.730000,DS_interstep,2,4.889550e-06,5.091359e-08,3.243954e-02,1.507281e-04,1.569492e-06,1
30.740000,DS_interstep,2,4.751561e-06,4.950726e-08,3.144838e-02,1.510908e-04,1.574239e-06,1
30.750000,DS_interstep,2,4.617876e-06,4.814143e-08,3.048965e-02,1.514572e-04,1.578943e-06,1
30.760000,DS_interstep,2,4.488354e-06,4.681501e-08,2.956235e-02,1.518267e-04,1.583603e-06,1
30.770000,DS_interstep,2,4.362843e-06,4.552682e-08,2.866549e-02,1.521984e-04,1.588210e-06,1
30.780000,DS_interstep,2,4.241206e-06,4.427582e-08,2.779812e-02,1.525717e-04,1.592763e-06,1
30.790000,DS_interstep,2,4.123308e-06,4.306094e-08,2.695929e-02,1.529457e-04,1.597258e-06,1
30.800000,DS_interstep,2,4.009020e-06,4.188115e-08,2.614809e-02,1.533198e-04,1.601690e-06,1
30.810000,DS_interstep,2,3.898218e-06,4.073546e-08,2.536363e-02,1.536932e-04,1.606058e-06,1
30.820000,DS_interstep,2,3.790777e-06,3.962287e-08,2.460504e-02,1.540651e-04,1.610356e-06,1
30.830000,DS_interstep,2,3.686583e-06,3.854245e-08,2.387146e-02,1.544348e-04,1.614583e-06,1
30.840000,DS_interstep,2,3.585525e-06,3.749327e-08,2.316206e-02,1.548016e-04,1.618736e-06,1
30.850000,DS_interstep,2,3.487493e-06,3.986979e-07,2.247605e-02,1.551649e-04,1.773879e-05,1
30.860000,SS,3,1.279354e-05,9.739266e-07,9.677859e-01,1.321939e-05,1.006345e-06,1
30.960000,SS,3,2.307257e-05,1.695231e-06,1.024677e+00,2.251693e-05,1.654406e-06,1
31.060000,SS,3,3.089776e-05,3.291474e-06,1.060790e+00,2.912711e-05,3.102851e-06,1
31.160000,SS,3,3.739450e-05,5.782927e-06,1.111094e+00,3.365557e-05,5.204716e-06,1
31.260000,SS,3,4.142365e-05,9.184330e-06,1.185549e+00,3.494047e-05,7.746899e-06,1
31.360000,SS,3,4.287049e-05,1.371209e-05,1.247667e+00,3.436053e-05,1.099019e-05,1
31.460000,SS,3,4.216621e-05,1.957448e-05,1.299420e+00,3.245002e-05,1.506401e-05,1
31.560000,SS,3,3.973182e-05,2.684138e-05,1.342809e+00,2.958860e-05,1.998898e-05,1
31.660000,SS,3,3.646230e-05,3.564510e-05,1.384378e+00,2.633840e-05,2.574810e-05,1
31.760000,SS,3,3.396086e-05,4.639538e-05,1.453167e+00,2.337024e-05,3.192708e-05,1
31.860000,SS,3,3.491522e-05,5.912281e-05,1.509089e+00,2.313662e-05,3.917782e-05,1
31.960000,SS,3,4.155201e-05,7.400610e-05,1.552403e+00,2.676625e-05,4.767195e-05,1
32.060000,SS,3,5.348212e-05,9.106830e-05,1.584000e+00,3.376396e-05,5.749260e-05,1
32.160000,SS,3,6.909820e-05,1.103220e-04,1.604464e+00,4.306622e-05,6.875944e-05,1
32.260000,SS,3,8.732373e-05,1.321709e-04,1.640611e+00,5.322634e-05,8.056200e-05,1
32.360000,SS,3,1.075844e-04,1.565376e-04,1.667570e+00,6.451564e-05,9.387168e-05,1
32.460000,SS,3,1.291528e-04,1.834962e-04,1.681514e+00,7.680747e-05,1.091256e-04,1
32.560000,SS,3,1.515075e-04,2.129320e-04,1.683453e+00,8.999803e-05,1.264853e-04,1
32.660000,SS,3,1.742645e-04,2.446819e-04,1.673154e+00,1.041533e-04,1.462399e-04,1
32.760000,SS,3,1.974349e-04,2.788653e-04,1.660424e+00,1.189063e-04,1.679482e-04,1
32.860000,SS,3,2.210968e-04,3.153797e-04,1.644625e+00,1.344360e-04,1.917639e-04,1
32.960000,SS,3,2.449129e-04,3.540193e-04,1.620211e+00,1.511611e-04,2.185020e-04,1
33.060000,SS,3,2.684977e-04,3.945573e-04,1.588074e+00,1.690713e-04,2.484502e-04,1
33.160000,SS,3,2.915750e-04,4.366422e-04,1.549047e+00,1.882286e-04,2.818779e-04,1
33.260000,SS,3,3.139772e-04,4.800289e-04,1.505674e+00,2.085293e-04,3.188133e-04,1
33.360000,SS,3,3.357701e-04,5.246169e-04,1.460676e+00,2.298731e-04,3.591604e-04,1
33.460000,SS,3,3.568128e-04,5.699300e-04,1.410381e+00,2.529904e-04,4.040965e-04,1
33.560000,SS,3,3.768508e-04,6.156026e-04,1.355456e+00,2.780251e-04,4.541665e-04,1
33.660000,SS,3,3.957607e-04,6.611423e-04,1.295932e+00,3.053868e-04,5.101673e-04,1
33.760000,SS,3,4.138087e-04,7.060221e-04,1.227760e+00,3.370437e-04,5.750490e-04,1
33.860000,SS,3,4.312215e-04,7.500628e-04,1.149957e+00,3.749893e-04,6.522530e-04,1
33.960000,SS,3,4.479511e-04,7.927021e-04,1.069622e+00,4.187939e-04,7.411051e-04,1
34.060000,SS,3,4.639071e-04,8.335236e-04,9.874559e-01,4.698003e-04,8.441122e-04,1
34.160000,SS,3,4.789789e-04,8.721288e-04,9.040716e-01,5.298019e-04,9.646677e-04,1
34.260000,SS,3,4.930241e-04,9.080462e-04,8.201048e-01,6.011721e-04,1.107232e-03,1
34.360000,SS,3,5.057370e-04,9.409894e-04,7.278200e-01,6.948655e-04,1.292887e-03,1
34.460000,SS,3,5.168580e-04,9.706524e-04,6.355042e-01,8.133038e-04,1.527374e-03,1
34.560000,SS,3,5.262775e-04,9.967179e-04,5.481734e-01,9.600565e-04,1.818253e-03,1
34.660000,SS,3,5.338514e-04,1.019000e-03,4.681396e-01,1.140368e-03,2.176702e-03,1
34.760000,SS,3,5.394149e-04,1.037304e-03,3.991745e-01,1.351326e-03,2.598623e-03,1
34.860000,SS,3,5.425824e-04,1.051356e-03,3.444603e-01,1.575167e-03,3.052184e-03,1
34.960000,SS,3,5.428663e-04,1.061003e-03,3.207089e-01,1.692707e-03,3.308306e-03,1
35.060000,SS,3,5.400717e-04,1.066230e-03,3.380797e-01,1.597469e-03,3.153782e-03,1
35.160000,SS,3,5.341828e-04,1.067046e-03,3.872141e-01,1.379554e-03,2.755701e-03,1
35.260000,SS,3,5.252218e-04,1.063518e-03,4.548051e-01,1.154828e-03,2.338404e-03,1
35.360000,SS,3,5.130661e-04,1.055594e-03,5.357325e-01,9.576908e-04,1.970375e-03,1
35.460000,SS,3,4.970746e-04,1.043180e-03,6.417527e-01,7.745578e-04,1.625517e-03,1
35.560000,SS,3,4.772371e-04,1.026538e-03,7.463413e-01,6.394355e-04,1.375428e-03,1
35.660000,SS,3,4.537960e-04,1.005872e-03,8.470373e-01,5.357450e-04,1.187518e-03,1
35.760000,SS,3,4.270036e-04,9.815513e-04,9.421799e-01,4.532081e-04,1.041788e-03,1
35.860000,SS,3,3.971383e-04,9.537649e-04,1.030934e+00,3.852217e-04,9.251461e-04,1
35.960000,SS,3,3.637219e-04,9.224220e-04,1.142662e+00,3.183109e-04,8.072568e-04,1
36.060000,SS,3,3.271506e-04,8.877107e-04,1.248011e+00,2.621377e-04,7.113005e-04,1
36.160000,SS,3,2.880789e-04,8.501475e-04,1.342540e+00,2.145775e-04,6.332380e-04,1
36.260000,SS,3,2.473297e-04,8.102364e-04,1.425928e+00,1.734517e-04,5.682168e-04,1
36.360000,SS,3,2.059480e-04,7.683288e-04,1.498090e+00,1.374737e-04,5.128723e-04,1
36.460000,SS,3,1.648848e-04,7.244737e-04,1.582580e+00,1.041874e-04,4.577801e-04,1
36.560000,SS,3,1.264752e-04,6.788614e-04,1.668938e+00,7.578183e-05,4.067625e-04,1
36.660000,SS,3,9.607839e-05,6.320705e-04,1.740584e+00,5.519893e-05,3.631369e-04,1
36.760000,SS,3,8.343317e-05,5.847131e-04,1.797445e+00,4.641766e-05,3.253024e-04,1
36.860000,SS,3,9.442909e-05,5.372808e-04,1.839647e+00,5.132999e-05,2.920564e-04,1
36.960000,SS,3,1.207929e-04,4.899707e-04,1.881524e+00,6.419952e-05,2.604116e-04,1
37.060000,SS,3,1.528709e-04,4.428547e-04,1.937240e+00,7.891171e-05,2.286009e-04,1
37.160000,SS,3,1.851385e-04,3.964722e-04,1.975536e+00,9.371557e-05,2.006910e-04,1
37.260000,SS,3,2.148502e-04,3.514736e-04,1.996517e+00,1.076125e-04,1.760434e-04,1
37.360000,SS,3,2.403927e-04,3.083529e-04,2.000405e+00,1.201720e-04,1.541452e-04,1
37.460000,SS,3,2.607460e-04,2.673845e-04,1.989713e+00,1.310470e-04,1.343834e-04,1
37.560000,SS,3,2.755576e-04,2.284763e-04,2.007994e+00,1.372303e-04,1.137834e-04,1
37.660000,SS,3,2.839917e-04,1.919633e-04,2.007043e+00,1.414976e-04,9.564484e-05,1
37.760000,SS,3,2.856511e-04,1.583994e-04,1.987152e+00,1.437490e-04,7.971176e-05,1
37.860000,SS,3,2.802633e-04,1.280745e-04,1.948488e+00,1.438364e-04,6.573023e-05,1
37.960000,SS,3,2.678412e-04,1.012028e-04,1.891581e+00,1.415965e-04,5.350173e-05,1
38.060000,SS,3,2.479598e-04,7.770214e-05,1.823989e+00,1.359437e-04,4.260011e-05,1
38.160000,SS,3,2.207114e-04,5.755144e-05,1.742385e+00,1.266720e-04,3.303026e-05,1
38.260000,SS,3,1.869283e-04,4.082319e-05,1.644945e+00,1.136381e-04,2.481737e-05,1
38.360000,SS,3,1.475755e-04,2.738841e-05,1.532002e+00,9.632849e-05,1.787752e-05,1
38.460000,SS,3,1.037794e-04,1.701398e-05,1.404113e+00,7.391098e-05,1.211724e-05,1
38.560000,SS,3,5.710969e-05,9.379150e-06,1.262140e+00,4.524830e-05,7.431149e-06,1
38.660000,SS,3,1.479270e-05,4.065513e-06,1.107305e+00,1.335920e-05,3.671540e-06,1
38.760000,SS,3,4.550917e-05,5.535590e-07,9.476711e-01,4.802211e-05,5.841257e-07,1
38.860000,SS,3,9.288210e-05,1.748177e-06,8.064154e-01,1.151790e-04,2.167837e-06,1
38.960000,SS,3,1.380415e-04,3.326511e-06,6.765126e-01,2.040487e-04,4.917146e-06,1
39.060000,SS,3,1.786018e-04,4.793895e-06,5.550652e-01,3.217673e-04,8.636633e-06,1
39.160000,SS,3,2.137863e-04,6.459032e-06,4.413821e-01,4.843566e-04,1.463365e-05,1
39.260000,SS,3,2.431226e-04,8.368432e-06,3.349371e-01,7.258754e-04,2.498508e-05,1
39.360000,SS,3,2.663035e-04,1.039827e-05,2.355819e-01,1.130407e-03,4.413866e-05,1
39.460000,SS,3,2.833031e-04,1.238117e-05,1.436889e-01,1.971642e-03,8.616650e-05,1
39.560000,SS,3,2.942738e-04,1.417093e-05,6.146579e-02,4.787604e-03,2.305499e-04,1
39.660000,SS,3,2.995012e-04,1.565435e-05,3.545969e-02,8.446244e-03,4.414688e-04,1
39.760000,SS,3,2.994038e-04,1.675749e-05,9.845256e-02,3.041097e-03,1.702088e-04,1
39.860000,SS,3,2.944886e-04,1.744222e-05,1.611403e-01,1.827529e-03,1.082425e-04,1
39.960000,SS,3,2.853258e-04,9.288258e-06,2.174375e-01,1.312220e-03,4.271692e-05,1
40.070000,DS_interstep,3,5.110284e-04,4.021912e-06,3.673974e+00,1.390942e-04,1.094703e-06,1
40.080000,DS_interstep,3,6.204410e-04,2.403189e-05,2.873083e+00,2.159496e-04,8.364498e-06,1
40.090000,DS_interstep,3,6.298113e-04,2.262548e-05,2.269148e+00,2.775540e-04,9.970915e-06,1
40.100000,DS_interstep,3,5.826643e-04,2.131031e-05,1.532319e+00,3.802501e-04,1.390723e-05,1
40.110000,DS_interstep,3,5.160246e-04,2.005277e-05,2.112971e+00,2.442175e-04,9.490317e-06,1
40.120000,DS_interstep,3,4.510163e-04,1.897982e-05,2.634538e+00,1.711937e-04,7.204233e-06,1
40.130000,DS_interstep,3,3.954072e-04,1.803565e-05,2.650008e+00,1.492098e-04,6.805888e-06,1
40.140000,DS_interstep,3,3.508190e-04,1.726452e-05,2.398357e+00,1.462747e-04,7.198481e-06,1
40.150000,DS_interstep,3,3.169274e-04,1.643963e-05,2.044156e+00,1.550407e-04,8.042262e-06,1
40.160000,DS_interstep,3,2.910998e-04,1.561274e-05,1.729546e+00,1.683100e-04,9.027076e-06,1
40.170000,DS_interstep,3,2.701959e-04,1.480540e-05,1.468348e+00,1.840135e-04,1.008303e-05,1
40.180000,DS_interstep,3,2.518226e-04,1.402672e-05,1.277929e+00,1.970552e-04,1.097614e-05,1
40.190000,DS_interstep,3,2.347257e-04,1.323909e-05,1.194404e+00,1.965213e-04,1.108427e-05,1
40.200000,DS_interstep,3,2.185119e-04,1.238543e-05,1.238486e+00,1.764347e-04,1.000046e-05,1
40.210000,DS_interstep,3,2.029315e-04,1.150665e-05,1.353323e+00,1.499505e-04,8.502512e-06,1
40.220000,DS_interstep,3,1.877148e-04,1.065010e-05,1.482729e+00,1.266009e-04,7.182768e-06,1
40.230000,DS_interstep,3,1.726334e-04,9.838250e-06,1.606527e+00,1.074575e-04,6.123926e-06,1
40.240000,DS_interstep,3,1.575668e-04,9.077793e-06,1.719737e+00,9.162256e-05,5.278593e-06,1
40.250000,DS_interstep,3,1.425117e-04,8.372512e-06,1.815802e+00,7.848413e-05,4.610916e-06,1
40.260000,DS_interstep,3,1.275755e-04,7.723992e-06,1.888731e+00,6.754561e-05,4.089513e-06,1
40.270000,DS_interstep,3,1.129655e-04,7.133082e-06,1.931556e+00,5.848417e-05,3.692920e-06,1
40.280000,DS_interstep,3,9.896031e-05,6.599551e-06,1.939437e+00,5.102526e-05,3.402817e-06,1
40.290000,DS_interstep,3,8.588105e-05,6.121500e-06,1.913633e+00,4.487854e-05,3.198890e-06,1
40.300000,DS_interstep,3,7.407743e-05,5.695669e-06,1.861130e+00,3.980239e-05,3.060328e-06,1
40.310000,DS_interstep,3,6.393369e-05,5.317948e-06,1.791979e+00,3.567770e-05,2.967639e-06,1
40.320000,DS_interstep,3,5.587541e-05,4.983910e-06,1.715909e+00,3.256316e-05,2.904531e-06,1
40.330000,DS_interstep,3,5.032779e-05,4.689161e-06,1.639951e+00,3.068860e-05,2.859331e-06,1
40.340000,DS_interstep,3,4.756670e-05,4.429548e-06,1.567786e+00,3.034005e-05,2.825352e-06,1
40.350000,DS_interstep,3,4.751254e-05,4.201218e-06,1.500447e+00,3.166559e-05,2.799977e-06,1
40.360000,DS_interstep,3,4.968377e-05,4.000615e-06,1.437562e+00,3.456112e-05,2.782916e-06,1
40.370000,DS_interstep,3,5.340184e-05,3.824466e-06,1.378454e+00,3.874039e-05,2.774461e-06,1
40.380000,DS_interstep,3,5.803709e-05,3.669753e-06,1.322752e+00,4.387602e-05,2.774332e-06,1
40.390000,DS_interstep,3,6.311903e-05,3.533713e-06,1.270562e+00,4.967805e-05,2.781221e-06,1
40.400000,DS_interstep,3,6.833401e-05,3.413835e-06,1.222334e+00,5.590451e-05,2.792881e-06,1
40.410000,DS_interstep,3,7.348606e-05,3.307865e-06,1.178635e+00,6.234842e-05,2.806521e-06,1
40.420000,DS_interstep,3,7.845812e-05,3.213805e-06,1.139921e+00,6.882771e-05,2.819324e-06,1
40.430000,DS_interstep,3,8.318438e-05,3.129906e-06,1.106397e+00,7.518491e-05,2.828916e-06,1
40.440000,DS_interstep,3,8.763112e-05,3.054650e-06,1.077987e+00,8.129145e-05,2.833662e-06,1
40.450000,DS_interstep,3,9.178503e-05,2.986731e-06,1.054357e+00,8.705305e-05,2.832750e-06,1
40.460000,DS_interstep,3,9.564643e-05,2.925033e-06,1.035043e+00,9.240819e-05,2.826002e-06,1
40.470000,DS_interstep,3,9.922221e-05,2.868580e-06,1.019521e+00,9.732234e-05,2.813654e-06,1
40.480000,DS_interstep,3,1.025222e-04,2.816577e-06,1.007090e+00,1.018004e-04,2.796748e-06,1
40.490000,DS_interstep,3,1.055569e-04,2.768371e-06,9.971581e-01,1.058577e-04,2.776261e-06,1
40.500000,DS_interstep,3,1.083367e-04,2.723413e-06,9.892638e-01,1.095125e-04,2.752969e-06,1
40.510000,DS_interstep,3,1.108720e-04,2.681241e-06,9.830504e-01,1.127836e-04,2.727471e-06,1
40.520000,DS_interstep,3,1.131724e-04,2.641466e-06,9.782355e-01,1.156904e-04,2.700236e-06,1
40.530000,DS_interstep,3,1.152473e-04,2.603762e-06,9.745887e-01,1.182523e-04,2.671652e-06,1
40.540000,DS_interstep,3,1.171058e-04,2.567857e-06,9.719150e-01,1.204898e-04,2.642059e-06,1
40.550000,DS_interstep,3,1.187568e-04,2.533526e-06,9.700434e-01,1.224242e-04,2.611766e-06,1
40.560000,DS_interstep,3,1.202088e-04,2.500583e-06,9.688197e-01,1.240776e-04,2.581062e-06,1
40.570000,DS_interstep,3,1.214707e-04,2.468878e-06,9.681028e-01,1.254729e-04,2.550223e-06,1
40.580000,DS_interstep,3,1.225508e-04,2.438284e-06,9.678016e-01,1.266280e-04,2.519405e-06,1
40.590000,DS_interstep,3,1.234575e-04,2.408699e-06,9.678397e-01,1.275599e-04,2.488738e-06,1
40.600000,DS_interstep,3,1.241990e-04,2.380044e-06,9.680720e-01,1.282952e-04,2.458540e-06,1
40.610000,DS_interstep,3,1.247833e-04,2.352255e-06,9.683726e-01,1.288587e-04,2.429081e-06,1
40.620000,DS_interstep,3,1.252180e-04,2.325285e-06,9.686219e-01,1.292744e-04,2.400612e-06,1
40.630000,DS_interstep,3,1.255110e-04,2.299094e-06,9.687119e-01,1.295649e-04,2.373352e-06,1
40.640000,DS_interstep,3,1.256696e-04,2.273650e-06,9.685457e-01,1.297508e-04,2.347489e-06,1
40.650000,DS_interstep,3,1.257011e-04,2.248928e-06,9.680379e-01,1.298514e-04,2.323182e-06,1
40.660000,DS_interstep,3,1.256125e-04,2.224904e-06,9.671151e-01,1.298837e-04,2.300557e-06,1
40.670000,DS_interstep,3,1.254109e-04,2.201556e-06,9.657152e-01,1.298633e-04,2.279716e-06,1
40.680000,DS_interstep,3,1.251029e-04,2.178864e-06,9.637884e-01,1.298033e-04,2.260729e-06,1
40.690000,DS_interstep,3,1.246951e-04,2.156806e-06,9.612959e-01,1.297157e-04,2.243644e-06,1
40.700000,DS_interstep,3,1.241939e-04,2.135359e-06,9.582095e-01,1.296103e-04,2.228488e-06,1
40.710000,DS_interstep,3,1.236053e-04,2.114498e-06,9.545115e-01,1.294959e-04,2.215268e-06,1
40.720000,DS_interstep,3,1.229353e-04,2.094197e-06,9.501934e-01,1.293792e-04,2.203969e-06,1
40.730000,DS_interstep,3,1.221897e-04,2.074427e-06,9.452552e-01,1.292663e-04,2.194568e-06,1
40.740000,DS_interstep,3,1.213741e-04,2.055158e-06,9.397042e-01,1.291620e-04,2.187026e-06,1
40.750000,DS_interstep,3,1.204938e-04,2.036359e-06,9.335543e-01,1.290700e-04,2.181297e-06,1
40.760000,DS_interstep,3,1.195539e-04,2.017996e-06,9.268246e-01,1.289930e-04,2.177322e-06,1
40.770000,DS_interstep,3,1.185594e-04,2.000035e-06,9.195387e-01,1.289335e-04,2.175041e-06,1
40.780000,DS_interstep,3,1.175150e-04,1.982443e-06,9.117236e-01,1.288933e-04,2.174390e-06,1
40.790000,DS_interstep,3,1.164254e-04,1.965184e-06,9.034092e-01,1.288734e-04,2.175298e-06,1
40.800000,DS_interstep,3,1.152946e-04,1.948225e-06,8.946273e-01,1.288745e-04,2.177695e-06,1
40.810000,DS_interstep,3,1.141271e-04,1.931535e-06,8.854112e-01,1.288973e-04,2.181512e-06,1
40.820000,DS_interstep,3,1.129267e-04,1.915079e-06,8.757947e-01,1.289420e-04,2.186676e-06,1
40.830000,DS_interstep,3,1.116971e-04,1.898828e-06,8.658124e-01,1.290085e-04,2.193118e-06,1
40.840000,DS_interstep,3,1.104420e-04,1.882756e-06,8.554985e-01,1.290966e-04,2.200770e-06,1
40.850000,DS_interstep,3,1.091646e-04,1.866832e-06,8.448871e-01,1.292061e-04,2.209565e-06,1
40.860000,DS_interstep,3,1.078683e-04,1.851036e-06,8.340116e-01,1.293366e-04,2.219437e-06,1
40.870000,DS_interstep,3,1.065560e-04,1.835342e-06,8.229046e-01,1.294877e-04,2.230322e-06,1
40.880000,DS_interstep,3,1.052305e-04,1.819732e-06,8.115975e-01,1.296585e-04,2.242161e-06,1
40.890000,DS_interstep,3,1.038946e-04,1.804187e-06,8.001207e-01,1.298487e-04,2.254894e-06,1
40.900000,DS_interstep,3,1.025508e-04,1.788693e-06,7.885031e-01,1.300575e-04,2.268466e-06,1
40.910000,DS_interstep,3,1.012013e-04,1.773233e-06,7.767723e-01,1.302844e-04,2.282822e-06,1
40.920000,DS_interstep,3,9.984849e-05,1.757798e-06,7.649542e-01,1.305287e-04,2.297913e-06,1
40.930000,DS_interstep,3,9.849422e-05,1.742378e-06,7.530732e-01,1.307897e-04,2.313690e-06,1
40.940000,DS_interstep,3,9.714053e-05,1.726963e-06,7.411520e-01,1.310669e-04,2.330106e-06,1
40.950000,DS_interstep,3,9.578916e-05,1.711547e-06,7.292121e-01,1.313598e-04,2.347119e-06,1
40.960000,DS_interstep,3,9.444155e-05,1.696125e-06,7.172727e-01,1.316676e-04,2.364687e-06,1
40.970000,DS_interstep,3,9.309943e-05,1.680694e-06,7.053521e-01,1.319900e-04,2.382773e-06,1
40.980000,DS_interstep,3,9.176410e-05,1.665251e-06,6.934667e-01,1.323266e-04,2.401343e-06,1
40.990000,DS_interstep,3,9.043680e-05,1.649794e-06,6.816317e-01,1.326769e-04,2.420359e-06,1
41.000000,DS_interstep,3,8.911869e-05,1.634320e-06,6.698606e-01,1.330406e-04,2.439791e-06,1
41.010000,DS_interstep,3,8.781087e-05,1.618831e-06,6.581661e-01,1.334175e-04,2.459609e-06,1
41.020000,DS_interstep,3,8.651422e-05,1.603328e-06,6.465590e-01,1.338072e-04,2.479786e-06,1
41.030000,DS_interstep,3,8.522971e-05,1.587810e-06,6.350497e-01,1.342095e-04,2.500293e-06,1
41.040000,DS_interstep,3,8.395802e-05,1.572280e-06,6.236472e-01,1.346242e-04,2.521105e-06,1
41.050000,DS_interstep,3,8.269989e-05,1.556739e-06,6.123596e-01,1.350512e-04,2.542198e-06,1
41.060000,DS_interstep,3,8.145603e-05,1.541189e-06,6.011941e-01,1.354904e-04,2.563547e-06,1
41.070000,DS_interstep,3,8.022689e-05,1.525633e-06,5.901573e-01,1.359415e-04,2.585130e-06,1
41.080000,DS_interstep,3,7.901300e-05,1.510073e-06,5.792549e-01,1.364046e-04,2.606924e-06,1
41.090000,DS_interstep,3,7.781486e-05,1.494512e-06,5.684919e-01,1.368794e-04,2.628907e-06,1
41.100000,DS_interstep,3,7.663273e-05,1.478953e-06,5.578730e-01,1.373659e-04,2.651056e-06,1
41.110000,DS_interstep,3,7.546705e-05,1.463398e-06,5.474022e-01,1.378640e-04,2.673350e-06,1
41.120000,DS_interstep,3,7.431797e-05,1.447851e-06,5.370829e-01,1.383734e-04,2.695767e-06,1
41.130000,DS_interstep,3,7.318587e-05,1.432314e-06,5.269184e-01,1.388941e-04,2.718284e-06,1
41.140000,DS_interstep,3,7.207071e-05,1.416792e-06,5.169112e-01,1.394257e-04,2.740881e-06,1
41.150000,DS_interstep,3,7.097281e-05,1.401287e-06,5.070637e-01,1.399682e-04,2.763533e-06,1
41.160000,DS_interstep,3,6.989223e-05,1.385803e-06,4.973777e-01,1.405214e-04,2.786219e-06,1
41.170000,DS_interstep,3,6.882896e-05,1.370344e-06,4.878549e-01,1.410849e-04,2.808916e-06,1
41.180000,DS_interstep,3,6.778306e-05,1.354912e-06,4.784967e-01,1.416584e-04,2.831600e-06,1
41.190000,DS_interstep,3,6.675454e-05,1.339511e-06,4.693041e-01,1.422415e-04,2.854250e-06,1
41.200000,DS_interstep,3,6.574333e-05,1.324146e-06,4.602776e-01,1.428341e-04,2.876841e-06,1
41.210000,DS_interstep,3,6.474935e-05,1.308819e-06,4.514180e-01,1.434355e-04,2.899350e-06,1
41.220000,DS_interstep,3,6.377256e-05,1.293534e-06,4.427251e-01,1.440455e-04,2.921754e-06,1
41.230000,DS_interstep,3,6.281280e-05,1.278295e-06,4.341990e-01,1.446636e-04,2.944031e-06,1
41.240000,DS_interstep,3,6.186990e-05,1.263107e-06,4.258394e-01,1.452893e-04,2.966158e-06,1
41.250000,DS_interstep,3,6.094381e-05,1.247972e-06,4.176457e-01,1.459223e-04,2.988112e-06,1
41.260000,DS_interstep,3,6.003417e-05,1.232895e-06,4.096169e-01,1.465618e-04,3.009874e-06,1
41.270000,DS_interstep,3,5.914089e-05,1.217880e-06,4.017522e-01,1.472074e-04,3.031421e-06,1
41.280000,DS_interstep,3,5.826375e-05,1.202930e-06,3.940500e-01,1.478588e-04,3.052734e-06,1
41.290000,DS_interstep,3,5.740249e-05,1.188048e-06,3.865090e-01,1.485153e-04,3.073793e-06,1
41.300000,DS_interstep,3,5.655684e-05,1.173241e-06,3.791274e-01,1.491763e-04,3.094581e-06,1
41.310000,DS_interstep,3,5.572661e-05,1.158509e-06,3.719033e-01,1.498417e-04,3.115081e-06,1
41.320000,DS_interstep,3,5.491146e-05,1.143858e-06,3.648347e-01,1.505105e-04,3.135276e-06,1
41.330000,DS_interstep,3,5.411117e-05,1.129290e-06,3.579192e-01,1.511827e-04,3.155155e-06,1
41.340000,DS_interstep,3,5.332544e-05,1.114810e-06,3.511544e-01,1.518575e-04,3.174701e-06,1
41.350000,DS_interstep,3,5.255398e-05,1.100421e-06,3.445378e-01,1.525348e-04,3.193906e-06,1
41.360000,DS_interstep,3,5.179648e-05,1.086126e-06,3.380666e-01,1.532138e-04,3.212757e-06,1
41.370000,DS_interstep,3,5.105267e-05,1.071928e-06,3.317383e-01,1.538944e-04,3.231245e-06,1
41.380000,DS_interstep,3,5.032224e-05,1.057830e-06,3.255498e-01,1.545762e-04,3.249366e-06,1
41.390000,DS_interstep,3,4.960487e-05,1.043836e-06,3.194981e-01,1.552588e-04,3.267111e-06,1
41.400000,DS_interstep,3,4.890031e-05,1.029947e-06,3.135803e-01,1.559419e-04,3.284476e-06,1
41.410000,DS_interstep,3,4.820820e-05,1.016167e-06,3.077934e-01,1.566252e-04,3.301458e-06,1
41.420000,DS_interstep,3,4.752831e-05,1.002498e-06,3.021343e-01,1.573086e-04,3.318055e-06,1
41.430000,DS_interstep,3,4.686030e-05,9.889428e-07,2.965999e-01,1.579916e-04,3.334266e-06,1
41.440000,DS_interstep,3,4.620388e-05,9.755030e-07,2.911871e-01,1.586742e-04,3.350090e-06,1
41.450000,DS_interstep,3,4.555878e-05,9.621812e-07,2.858929e-01,1.593561e-04,3.365531e-06,1
41.460000,DS_interstep,3,4.492472e-05,9.489782e-07,2.807141e-01,1.600373e-04,3.380586e-06,1
41.470000,DS_interstep,3,4.430138e-05,9.358971e-07,2.756479e-01,1.607173e-04,3.395263e-06,1
41.480000,DS_interstep,3,4.368853e-05,9.229388e-07,2.706911e-01,1.613963e-04,3.409565e-06,1
41.490000,DS_interstep,3,4.308589e-05,9.101048e-07,2.658408e-01,1.620740e-04,3.423495e-06,1
41.500000,DS_interstep,3,4.249320e-05,8.973961e-07,2.610945e-01,1.627503e-04,3.437055e-06,1
41.510000,DS_interstep,3,4.191019e-05,8.848142e-07,2.564489e-01,1.634251e-04,3.450256e-06,1
41.520000,DS_interstep,3,4.133659e-05,8.723604e-07,2.519015e-01,1.640982e-04,3.463101e-06,1
41.530000,DS_interstep,3,4.077222e-05,8.600353e-07,2.474496e-01,1.647698e-04,3.475597e-06,1
41.540000,DS_interstep,3,4.021678e-05,8.478396e-07,2.430907e-01,1.654394e-04,3.487750e-06,1
41.550000,DS_interstep,3,3.967006e-05,8.357745e-07,2.388221e-01,1.661072e-04,3.499570e-06,1
41.560000,DS_interstep,3,3.913182e-05,8.238398e-07,2.346414e-01,1.667728e-04,3.511058e-06,1
41.570000,DS_interstep,3,3.860188e-05,8.120362e-07,2.305464e-01,1.674365e-04,3.522225e-06,1
41.580000,DS_interstep,3,3.807998e-05,8.003645e-07,2.265344e-01,1.680980e-04,3.533081e-06,1
41.590000,DS_interstep,3,3.756594e-05,7.888244e-07,2.226036e-01,1.687571e-04,3.543628e-06,1
41.600000,DS_interstep,3,3.705955e-05,7.774160e-07,2.187515e-01,1.694139e-04,3.553877e-06,1
41.610000,DS_interstep,3,3.656063e-05,7.661401e-07,2.149761e-01,1.700683e-04,3.563838e-06,1
41.620000,DS_interstep,3,3.606898e-05,7.549964e-07,2.112754e-01,1.707202e-04,3.573517e-06,1
41.630000,DS_interstep,3,3.558440e-05,7.439838e-07,2.076474e-01,1.713694e-04,3.582919e-06,1
41.640000,DS_interstep,3,3.510677e-05,7.331035e-07,2.040902e-01,1.720160e-04,3.592056e-06,1
41.650000,DS_interstep,3,3.463586e-05,7.223547e-07,2.006018e-01,1.726598e-04,3.600938e-06,1
41.660000,DS_interstep,3,3.417156e-05,7.117374e-07,1.971807e-01,1.733007e-04,3.609569e-06,1
41.670000,DS_interstep,3,3.371366e-05,7.012501e-07,1.938249e-01,1.739387e-04,3.617956e-06,1
41.680000,DS_interstep,3,3.326204e-05,6.908941e-07,1.905328e-01,1.745739e-04,3.626117e-06,1
41.690000,DS_interstep,3,3.281657e-05,6.806673e-07,1.873028e-01,1.752060e-04,3.634048e-06,1
41.700000,DS_interstep,3,3.237708e-05,6.705702e-07,1.841331e-01,1.758352e-04,3.641769e-06,1
41.710000,DS_interstep,3,3.194344e-05,6.606012e-07,1.810225e-01,1.764612e-04,3.649277e-06,1
41.720000,DS_interstep,3,3.151553e-05,6.507606e-07,1.779692e-01,1.770842e-04,3.656592e-06,1
41.730000,DS_interstep,3,3.109321e-05,6.410476e-07,1.749719e-01,1.777040e-04,3.663718e-06,1
41.740000,DS_interstep,3,3.067637e-05,6.314608e-07,1.720292e-01,1.783208e-04,3.670662e-06,1
41.750000,DS_interstep,3,3.026489e-05,6.220000e-07,1.691396e-01,1.789344e-04,3.677435e-06,1
41.760000,DS_interstep,3,2.985868e-05,6.126639e-07,1.663019e-01,1.795450e-04,3.684046e-06,1
41.770000,DS_interstep,3,2.945762e-05,6.034518e-07,1.635149e-01,1.801525e-04,3.690500e-06,1
41.780000,DS_interstep,3,2.906160e-05,5.943628e-07,1.607772e-01,1.807570e-04,3.696811e-06,1
41.790000,DS_interstep,3,2.867054e-05,5.853959e-07,1.580876e-01,1.813585e-04,3.702984e-06,1
41.800000,DS_interstep,3,2.828433e-05,5.765502e-07,1.554450e-01,1.819571e-04,3.709030e-06,1
41.810000,DS_interstep,3,2.790289e-05,5.678246e-07,1.528483e-01,1.825528e-04,3.714955e-06,1
41.820000,DS_interstep,3,2.752613e-05,5.592181e-07,1.502964e-01,1.831456e-04,3.720768e-06,1
41.830000,DS_interstep,3,2.715400e-05,5.507295e-07,1.477882e-01,1.837359e-04,3.726478e-06,1
41.840000,DS_interstep,3,2.678637e-05,5.423579e-07,1.453227e-01,1.843234e-04,3.732093e-06,1
41.850000,DS_interstep,3,2.642321e-05,5.341021e-07,1.428989e-01,1.849085e-04,3.737622e-06,1
41.860000,DS_interstep,3,2.606444e-05,5.259608e-07,1.405159e-01,1.854910e-04,3.743069e-06,1
41.870000,DS_interstep,3,2.570998e-05,5.179330e-07,1.381729e-01,1.860711e-04,3.748441e-06,1
41.880000,DS_interstep,3,2.535977e-05,5.100175e-07,1.358688e-01,1.866489e-04,3.753750e-06,1
41.890000,DS_interstep,3,2.501375e-05,5.022133e-07,1.336029e-01,1.872246e-04,3.759000e-06,1
41.900000,DS_interstep,3,2.467188e-05,4.945189e-07,1.313743e-01,1.877984e-04,3.764199e-06,1
41.910000,DS_interstep,3,2.433408e-05,4.869332e-07,1.291823e-01,1.883701e-04,3.769350e-06,1
41.920000,DS_interstep,3,2.400028e-05,4.794551e-07,1.270260e-01,1.889399e-04,3.774464e-06,1
41.930000,DS_interstep,3,2.367047e-05,4.720832e-07,1.249049e-01,1.895079e-04,3.779542e-06,1
41.940000,DS_interstep,3,2.334459e-05,4.648164e-07,1.228181e-01,1.900745e-04,3.784593e-06,1
41.950000,DS_interstep,3,2.302256e-05,4.576536e-07,1.207650e-01,1.906394e-04,3.789621e-06,1
41.960000,DS_interstep,3,2.270438e-05,4.505933e-07,1.187449e-01,1.912029e-04,3.794632e-06,1
41.970000,DS_interstep,3,2.238998e-05,4.436344e-07,1.167573e-01,1.917651e-04,3.799627e-06,1
41.980000,DS_interstep,3,2.207932e-05,4.367757e-07,1.148014e-01,1.923261e-04,3.804619e-06,1
41.990000,DS_interstep,3,2.177236e-05,4.300160e-07,1.128769e-01,1.928860e-04,3.809603e-06,1
42.000000,DS_interstep,3,2.146906e-05,4.233540e-07,1.109829e-01,1.934448e-04,3.814587e-06,1
42.010000,DS_interstep,3,2.116940e-05,4.167886e-07,1.091191e-01,1.940026e-04,3.819574e-06,1
42.020000,DS_interstep,3,2.087332e-05,4.103184e-07,1.072848e-01,1.945599e-04,3.824571e-06,1
42.030000,DS_interstep,3,2.058081e-05,4.039423e-07,1.054797e-01,1.951163e-04,3.829576e-06,1
42.040000,DS_interstep,3,2.029180e-05,3.976592e-07,1.037031e-01,1.956720e-04,3.834593e-06,1
42.050000,DS_interstep,3,2.000628e-05,3.914678e-07,1.019546e-01,1.962274e-04,3.839629e-06,1
42.060000,DS_interstep,3,1.972423e-05,3.853670e-07,1.002337e-01,1.967824e-04,3.844684e-06,1
42.070000,DS_interstep,3,1.944559e-05,3.793555e-07,9.854005e-02,1.973369e-04,3.849759e-06,1
42.080000,DS_interstep,3,1.917035e-05,3.734322e-07,9.687312e-02,1.978913e-04,3.854859e-06,1
42.090000,DS_interstep,3,1.889846e-05,3.675960e-07,9.523250e-02,1.984455e-04,3.859985e-06,1
42.100000,DS_interstep,3,1.862991e-05,3.618457e-07,9.361779e-02,1.989997e-04,3.865138e-06,1
42.110000,DS_interstep,3,1.836466e-05,3.561802e-07,9.202857e-02,1.995539e-04,3.870321e-06,1
42.120000,DS_interstep,3,1.810268e-05,3.505983e-07,9.046447e-02,2.001082e-04,3.875536e-06,1
42.130000,DS_interstep,3,1.784395e-05,3.450990e-07,8.892507e-02,2.006628e-04,3.880784e-06,1
42.140000,DS_interstep,3,1.758844e-05,3.396811e-07,8.741002e-02,2.012177e-04,3.886066e-06,1
42.150000,DS_interstep,3,1.733614e-05,3.343435e-07,8.591894e-02,2.017732e-04,3.891383e-06,1
42.160000,DS_interstep,3,1.708698e-05,3.290852e-07,8.445147e-02,2.023289e-04,3.896737e-06,1
42.170000,DS_interstep,3,1.684096e-05,3.239051e-07,8.300727e-02,2.028854e-04,3.902129e-06,1
42.180000,DS_interstep,3,1.659805e-05,3.188021e-07,8.158600e-02,2.034424e-04,3.907559e-06,1
42.190000,DS_interstep,3,1.635823e-05,3.137752e-07,8.018730e-02,2.040003e-04,3.913029e-06,1
42.200000,DS_interstep,3,1.612147e-05,3.088234e-07,7.881085e-02,2.045590e-04,3.918539e-06,1
42.210000,DS_interstep,3,1.588774e-05,3.039456e-07,7.745634e-02,2.051186e-04,3.924089e-06,1
42.220000,DS_interstep,3,1.565702e-05,2.991408e-07,7.612344e-02,2.056793e-04,3.929680e-06,1
42.230000,DS_interstep,3,1.542927e-05,2.944080e-07,7.481183e-02,2.062411e-04,3.935313e-06,1
42.240000,DS_interstep,3,1.520447e-05,2.897462e-07,7.352122e-02,2.068039e-04,3.940988e-06,1
42.250000,DS_interstep,3,1.498262e-05,2.851545e-07,7.225129e-02,2.073682e-04,3.946705e-06,1
42.260000,DS_interstep,3,1.476366e-05,2.806319e-07,7.100177e-02,2.079337e-04,3.952463e-06,1
42.270000,DS_interstep,3,1.454758e-05,2.761773e-07,6.977235e-02,2.085006e-04,3.958264e-06,1
42.280000,DS_interstep,3,1.433435e-05,2.717900e-07,6.856275e-02,2.090691e-04,3.964106e-06,1
42.290000,DS_interstep,3,1.412396e-05,2.674689e-07,6.737268e-02,2.096392e-04,3.969991e-06,1
42.300000,DS_interstep,3,1.391636e-05,2.632131e-07,6.620188e-02,2.102109e-04,3.975916e-06,1
42.310000,DS_interstep,3,1.371152e-05,2.590218e-07,6.505006e-02,2.107842e-04,3.981884e-06,1
42.320000,DS_interstep,3,1.350945e-05,2.548939e-07,6.391697e-02,2.113594e-04,3.987892e-06,1
42.330000,DS_interstep,3,1.331009e-05,2.508287e-07,6.280232e-02,2.119364e-04,3.993940e-06,1
42.340000,DS_interstep,3,1.311344e-05,2.468253e-07,6.170587e-02,2.125153e-04,4.000029e-06,1
42.350000,DS_interstep,3,1.291946e-05,2.428827e-07,6.062735e-02,2.130962e-04,4.006158e-06,1
42.360000,DS_interstep,3,1.272812e-05,2.390001e-07,5.956651e-02,2.136791e-04,4.012324e-06,1
42.370000,DS_interstep,3,1.253940e-05,2.351768e-07,5.852309e-02,2.142641e-04,4.018530e-06,1
42.380000,DS_interstep,3,1.235328e-05,2.314118e-07,5.749686e-02,2.148513e-04,4.024772e-06,1
42.390000,DS_interstep,3,1.216972e-05,2.277043e-07,5.648757e-02,2.154407e-04,4.031051e-06,1
42.400000,DS_interstep,3,1.198871e-05,2.240535e-07,5.549497e-02,2.160324e-04,4.037366e-06,1
42.410000,DS_interstep,3,1.181021e-05,2.204586e-07,5.451882e-02,2.166264e-04,4.043716e-06,1
42.420000,DS_interstep,3,1.163421e-05,2.169189e-07,5.355889e-02,2.172228e-04,4.050101e-06,1
42.430000,DS_interstep,3,1.146066e-05,2.134335e-07,5.261494e-02,2.178215e-04,4.056519e-06,1
42.440000,DS_interstep,3,1.128956e-05,2.100017e-07,5.168674e-02,2.184227e-04,4.062970e-06,1
42.450000,DS_interstep,3,1.112087e-05,2.066227e-07,5.077406e-02,2.190266e-04,4.069454e-06,1
42.460000,DS_interstep,3,1.095456e-05,2.032957e-07,4.987668e-02,2.196329e-04,4.075968e-06,1
42.470000,DS_interstep,3,1.079061e-05,2.000201e-07,4.899437e-02,2.202418e-04,4.082511e-06,1
42.480000,DS_interstep,3,1.062900e-05,1.967950e-07,4.812691e-02,2.208535e-04,4.089085e-06,1
42.490000,DS_interstep,3,1.046969e-05,1.936199e-07,4.727409e-02,2.214679e-04,4.095687e-06,1
42.500000,DS_interstep,3,1.031266e-05,1.904938e-07,4.643567e-02,2.220850e-04,4.102316e-06,1
42.510000,DS_interstep,3,1.015789e-05,1.874162e-07,4.561144e-02,2.227049e-04,4.108973e-06,1
42.520000,DS_interstep,3,1.000535e-05,1.843863e-07,4.480121e-02,2.233278e-04,4.115655e-06,1
42.530000,DS_interstep,3,9.855012e-06,1.814035e-07,4.400474e-02,2.239534e-04,4.122363e-06,1
42.540000,DS_interstep,3,9.706854e-06,1.784671e-07,4.322184e-02,2.245822e-04,4.129094e-06,1
42.550000,DS_interstep,3,9.560845e-06,1.755764e-07,4.245230e-02,2.252138e-04,4.135850e-06,1
42.560000,DS_interstep,3,9.416957e-06,1.727307e-07,4.169591e-02,2.258485e-04,4.142630e-06,1
42.570000,DS_interstep,3,9.275172e-06,1.699294e-07,4.095246e-02,2.264863e-04,4.149432e-06,1
42.580000,DS_interstep,3,9.135459e-06,1.671719e-07,4.022176e-02,2.271273e-04,4.156255e-06,1
42.590000,DS_interstep,3,8.997796e-06,1.644575e-07,3.950362e-02,2.277714e-04,4.163100e-06,1
42.600000,DS_interstep,3,8.862158e-06,1.617856e-07,3.879783e-02,2.284189e-04,4.169964e-06,1
42.610000,DS_interstep,3,8.728518e-06,1.591556e-07,3.810420e-02,2.290697e-04,4.176851e-06,1
42.620000,DS_interstep,3,8.596849e-06,1.565668e-07,3.742254e-02,2.297238e-04,4.183757e-06,1
42.630000,DS_interstep,3,8.467127e-06,1.540187e-07,3.675266e-02,2.303814e-04,4.190682e-06,1
42.640000,DS_interstep,3,8.339328e-06,1.515107e-07,3.609436e-02,2.310424e-04,4.197628e-06,1
42.650000,DS_interstep,3,8.213422e-06,1.490421e-07,3.544746e-02,2.317069e-04,4.204592e-06,1
42.660000,DS_interstep,3,8.089393e-06,1.466125e-07,3.481179e-02,2.323751e-04,4.211575e-06,1
42.670000,DS_interstep,3,7.967216e-06,1.442211e-07,3.418716e-02,2.330470e-04,4.218575e-06,1
42.680000,DS_interstep,3,7.846859e-06,1.418676e-07,3.357338e-02,2.337226e-04,4.225596e-06,1
42.690000,DS_interstep,3,7.728302e-06,1.395512e-07,3.297029e-02,2.344020e-04,4.232635e-06,1
42.700000,DS_interstep,3,7.611520e-06,1.372715e-07,3.237770e-02,2.350853e-04,4.239693e-06,1
42.710000,DS_interstep,3,7.496492e-06,1.350279e-07,3.179544e-02,2.357725e-04,4.246768e-06,1
42.720000,DS_interstep,3,7.383190e-06,1.328199e-07,3.122336e-02,2.364637e-04,4.253863e-06,1
42.730000,DS_interstep,3,7.271595e-06,1.306469e-07,3.066126e-02,2.371591e-04,4.260976e-06,1
42.740000,DS_interstep,3,7.161682e-06,1.285084e-07,3.010898e-02,2.378587e-04,4.268110e-06,1
42.750000,DS_interstep,3,7.053425e-06,1.264040e-07,2.956637e-02,2.385624e-04,4.275263e-06,1
42.760000,DS_interstep,3,6.946804e-06,1.243331e-07,2.903326e-02,2.392705e-04,4.282436e-06,1
42.770000,DS_interstep,3,6.841800e-06,1.222951e-07,2.850949e-02,2.399832e-04,4.289629e-06,1
42.780000,DS_interstep,3,6.738381e-06,1.202897e-07,2.799490e-02,2.407003e-04,4.296843e-06,1
42.790000,DS_interstep,3,6.636535e-06,1.183163e-07,2.748934e-02,2.414221e-04,4.304078e-06,1
42.800000,DS_interstep,3,6.536229e-06,1.163744e-07,2.699264e-02,2.421486e-04,4.311338e-06,1
42.810000,DS_interstep,3,6.437449e-06,1.144636e-07,2.650467e-02,2.428797e-04,4.318618e-06,1
42.820000,DS_interstep,3,6.340175e-06,1.125834e-07,2.602527e-02,2.436161e-04,4.325924e-06,1
42.830000,DS_interstep,3,6.244378e-06,1.107333e-07,2.555429e-02,2.443573e-04,4.333255e-06,1
42.840000,DS_interstep,3,6.150046e-06,1.089128e-07,2.509160e-02,2.451038e-04,4.340610e-06,1
42.850000,DS_interstep,3,6.057151e-06,1.071216e-07,2.463704e-02,2.458555e-04,4.347992e-06,1
42.860000,DS_interstep,3,5.965672e-06,1.053592e-07,2.419046e-02,2.466126e-04,4.355404e-06,1
42.870000,DS_interstep,3,5.875593e-06,1.036252e-07,2.375174e-02,2.473752e-04,4.362845e-06,1
42.880000,DS_interstep,3,5.786890e-06,1.019190e-07,2.332075e-02,2.481434e-04,4.370312e-06,1
42.890000,DS_interstep,3,5.699547e-06,1.002403e-07,2.289733e-02,2.489175e-04,4.377816e-06,1
42.900000,DS_interstep,3,5.613540e-06,9.858864e-08,2.248137e-02,2.496974e-04,4.385348e-06,1
42.910000,DS_interstep,3,5.528854e-06,9.696369e-08,2.207272e-02,2.504835e-04,4.392919e-06,1
42.920000,DS_interstep,3,5.445462e-06,9.536494e-08,2.167127e-02,2.512756e-04,4.400523e-06,1
42.930000,DS_interstep,3,5.363354e-06,9.379204e-08,2.127688e-02,2.520742e-04,4.408167e-06,1
42.940000,DS_interstep,3,5.282506e-06,9.224459e-08,2.088944e-02,2.528793e-04,4.415848e-06,1
42.950000,DS_interstep,3,5.202900e-06,9.072219e-08,2.050881e-02,2.536910e-04,4.423572e-06,1
42.960000,DS_interstep,3,5.124519e-06,8.922443e-08,2.013487e-02,2.545097e-04,4.431339e-06,1
42.970000,DS_interstep,3,5.047343e-06,8.775097e-08,1.976751e-02,2.553353e-04,4.439151e-06,1
42.980000,DS_interstep,3,4.971355e-06,8.630139e-08,1.940662e-02,2.561681e-04,4.447008e-06,1
42.990000,DS_interstep,3,4.896539e-06,8.487535e-08,1.905207e-02,2.570082e-04,4.454915e-06,1
43.000000,DS_interstep,3,4.822874e-06,8.347244e-08,1.870376e-02,2.578559e-04,4.462870e-06,1
43.010000,DS_interstep,3,4.750346e-06,8.209242e-08,1.836157e-02,2.587114e-04,4.470883e-06,1
43.020000,DS_interstep,3,4.678937e-06,8.073476e-08,1.802538e-02,2.595749e-04,4.478949e-06,1
43.030000,DS_interstep,3,4.608630e-06,7.939929e-08,1.769512e-02,2.604464e-04,4.487073e-06,1
43.040000,DS_interstep,3,4.539408e-06,7.808553e-08,1.737064e-02,2.613264e-04,4.495259e-06,1
43.050000,DS_interstep,3,4.471256e-06,7.679318e-08,1.705188e-02,2.622149e-04,4.503503e-06,1
43.060000,DS_interstep,3,4.404156e-06,7.552195e-08,1.673870e-02,2.631123e-04,4.511818e-06,1
43.070000,DS_interstep,3,4.338093e-06,4.936805e-07,1.643102e-02,2.640186e-04,3.004565e-05,1
43.080000,SS,4,6.070826e-05,1.456009e-06,1.364896e+00,4.447832e-05,1.066755e-06,1
43.180000,SS,4,1.420128e-04,1.364508e-06,1.502064e+00,9.454513e-05,9.084223e-07,1
43.280000,SS,4,2.127112e-04,2.300932e-06,1.573468e+00,1.351862e-04,1.462331e-06,1
43.380000,SS,4,2.860805e-04,3.430110e-06,1.670255e+00,1.712795e-04,2.053645e-06,1
43.480000,SS,4,3.538747e-04,4.738992e-06,1.745867e+00,2.026928e-04,2.714406e-06,1
43.580000,SS,4,4.143603e-04,5.870098e-06,1.834165e+00,2.259122e-04,3.200420e-06,1
43.680000,SS,4,4.665804e-04,6.512521e-06,1.939095e+00,2.406176e-04,3.358537e-06,1
43.780000,SS,4,5.078856e-04,6.795162e-06,2.047284e+00,2.480778e-04,3.319111e-06,1
43.880000,SS,4,5.405468e-04,6.996547e-06,2.181102e+00,2.478320e-04,3.207803e-06,1
43.980000,SS,4,5.624773e-04,7.963439e-06,2.299014e+00,2.446602e-04,3.463850e-06,1
44.080000,SS,4,5.777373e-04,1.039197e-05,2.423516e+00,2.383880e-04,4.287970e-06,1
44.180000,SS,4,5.890386e-04,1.387119e-05,2.526848e+00,2.331120e-04,5.489525e-06,1
44.280000,SS,4,6.001869e-04,1.772625e-05,2.610015e+00,2.299554e-04,6.791627e-06,1
44.380000,SS,4,6.157568e-04,2.124104e-05,2.667473e+00,2.308390e-04,7.962983e-06,1
44.480000,SS,4,6.375930e-04,2.313865e-05,2.695779e+00,2.365153e-04,8.583288e-06,1
44.580000,SS,4,6.665439e-04,2.152439e-05,2.699684e+00,2.468970e-04,7.972928e-06,1
44.680000,SS,4,7.081165e-04,1.746042e-05,2.695359e+00,2.627169e-04,6.477956e-06,1
44.780000,SS,4,7.559956e-04,1.086779e-05,2.685374e+00,2.815234e-04,4.047030e-06,1
44.880000,SS,4,7.988601e-04,8.494063e-06,2.655483e+00,3.008342e-04,3.198689e-06,1
44.980000,SS,4,8.321267e-04,2.428020e-05,2.608147e+00,3.190491e-04,9.309371e-06,1
45.080000,SS,4,8.551955e-04,4.805678e-05,2.539532e+00,3.367532e-04,1.892348e-05,1
45.180000,SS,4,8.694563e-04,7.792070e-05,2.449595e+00,3.549388e-04,3.180963e-05,1
45.280000,SS,4,8.785717e-04,1.150823e-04,2.335776e+00,3.761369e-04,4.926942e-05,1
45.380000,SS,4,9.013085e-04,1.565171e-04,2.250180e+00,4.005496e-04,6.955761e-05,1
45.480000,SS,4,9.698262e-04,1.993883e-04,2.235715e+00,4.337880e-04,8.918324e-05,1
45.580000,SS,4,1.103971e-03,2.381552e-04,2.291361e+00,4.817972e-04,1.039361e-04,1
45.680000,SS,4,1.288622e-03,2.738470e-04,2.312310e+00,5.572876e-04,1.184301e-04,1
45.780000,SS,4,1.503758e-03,3.031913e-04,2.268210e+00,6.629713e-04,1.336699e-04,1
45.880000,SS,4,1.721580e-03,3.255591e-04,2.165540e+00,7.949889e-04,1.503363e-04,1
45.980000,SS,4,1.920171e-03,3.418816e-04,2.036707e+00,9.427820e-04,1.678600e-04,1
46.080000,SS,4,2.095363e-03,3.514346e-04,1.922334e+00,1.090010e-03,1.828166e-04,1
46.180000,SS,4,2.245710e-03,3.529450e-04,1.846123e+00,1.216447e-03,1.911818e-04,1
46.280000,SS,4,2.329852e-03,3.545215e-04,1.595926e+00,1.459875e-03,2.221416e-04,1
46.380000,SS,4,2.366247e-03,3.539581e-04,1.435594e+00,1.648270e-03,2.465586e-04,1
46.480000,SS,4,2.397516e-03,3.507787e-04,1.225326e+00,1.956636e-03,2.862739e-04,1
46.580000,SS,4,2.434045e-03,3.468802e-04,1.085388e+00,2.242557e-03,3.195910e-04,1
46.680000,SS,4,2.489703e-03,3.411845e-04,1.042987e+00,2.387089e-03,3.271224e-04,1
46.780000,SS,4,2.566617e-03,3.342135e-04,1.030586e+00,2.490445e-03,3.242947e-04,1
46.880000,SS,4,2.657530e-03,3.266901e-04,1.022474e+00,2.599118e-03,3.195095e-04,1
46.980000,SS,4,2.756884e-03,3.182685e-04,1.001685e+00,2.752245e-03,3.177330e-04,1
47.080000,SS,4,2.856406e-03,3.090446e-04,9.559084e-01,2.988159e-03,3.232994e-04,1
47.180000,SS,4,2.947854e-03,2.989617e-04,8.922048e-01,3.304010e-03,3.350819e-04,1
47.280000,SS,4,3.024507e-03,2.878823e-04,8.287581e-01,3.649445e-03,3.473659e-04,1
47.380000,SS,4,3.079107e-03,2.760105e-04,7.836932e-01,3.928970e-03,3.521920e-04,1
47.480000,SS,4,3.105704e-03,2.635099e-04,7.866482e-01,3.948021e-03,3.349781e-04,1
47.580000,SS,4,3.100913e-03,2.504984e-04,8.551491e-01,3.626166e-03,2.929295e-04,1
47.680000,SS,4,3.063711e-03,2.370866e-04,9.819124e-01,3.120147e-03,2.414539e-04,1
47.780000,SS,4,2.994992e-03,2.233773e-04,1.146523e+00,2.612239e-03,1.948302e-04,1
47.880000,SS,4,2.897131e-03,2.094625e-04,1.330083e+00,2.178157e-03,1.574808e-04,1
47.980000,SS,4,2.773574e-03,1.954325e-04,1.519640e+00,1.825153e-03,1.286045e-04,1
48.080000,SS,4,2.628453e-03,1.813561e-04,1.707074e+00,1.539742e-03,1.062380e-04,1
48.180000,SS,4,2.466229e-03,1.673261e-04,1.887391e+00,1.306687e-03,8.865473e-05,1
48.280000,SS,4,2.291700e-03,1.534220e-04,2.057531e+00,1.113811e-03,7.456610e-05,1
48.380000,SS,4,2.109802e-03,1.397332e-04,2.215525e+00,9.522809e-04,6.307001e-05,1
48.480000,SS,4,1.925390e-03,1.263490e-04,2.360100e+00,8.158087e-04,5.353544e-05,1
48.580000,SS,4,1.743088e-03,1.133774e-04,2.490458e+00,6.999066e-04,4.552473e-05,1
48.680000,SS,4,1.568509e-03,1.013239e-04,2.556971e+00,6.134246e-04,3.962655e-05,1
48.780000,SS,4,1.412744e-03,8.953768e-05,2.557362e+00,5.524224e-04,3.501174e-05,1
48.880000,SS,4,1.275711e-03,7.851562e-05,2.557482e+00,4.988152e-04,3.070036e-05,1
48.980000,SS,4,1.155361e-03,6.834482e-05,2.557395e+00,4.517725e-04,2.672439e-05,1
49.080000,SS,4,1.050317e-03,5.894466e-05,2.557169e+00,4.107343e-04,2.305075e-05,1
49.180000,SS,4,9.586600e-04,5.032080e-05,2.555956e+00,3.750691e-04,1.968766e-05,1
49.280000,SS,4,8.782045e-04,4.244790e-05,2.554273e+00,3.438178e-04,1.661839e-05,1
49.380000,SS,4,8.063024e-04,3.529634e-05,2.552966e+00,3.158297e-04,1.382562e-05,1
49.480000,SS,4,7.402010e-04,2.885367e-05,2.551959e+00,2.900521e-04,1.130648e-05,1
49.580000,SS,4,6.774169e-04,2.309302e-05,2.551214e+00,2.655272e-04,9.051777e-06,1
49.680000,SS,4,6.157548e-04,1.798947e-05,2.550713e+00,2.414050e-04,7.052724e-06,1
49.780000,SS,4,5.533822e-04,1.352017e-05,2.550441e+00,2.169751e-04,5.301110e-06,1
49.880000,SS,4,4.888828e-04,9.667696e-06,2.550388e+00,1.916896e-04,3.790677e-06,1
49.980000,SS,4,4.213110e-04,6.428596e-06,2.550540e+00,1.651850e-04,2.520484e-06,1
50.080000,SS,4,3.503442e-04,3.839941e-06,2.550884e+00,1.373423e-04,1.505338e-06,1
50.180000,SS,4,2.767626e-04,2.102428e-06,2.551403e+00,1.084747e-04,8.240283e-07,1
50.280000,SS,4,2.041756e-04,1.768797e-06,2.552080e+00,8.000362e-05,6.930807e-07,1
50.380000,SS,4,1.457956e-04,2.352155e-06,2.552894e+00,5.710992e-05,9.213680e-07,1
50.480000,SS,4,1.381238e-04,2.838575e-06,2.553822e+00,5.408512e-05,1.111501e-06,1
50.580000,SS,4,1.984150e-04,2.975040e-06,2.554843e+00,7.766230e-05,1.164471e-06,1
50.680000,SS,4,2.944500e-04,2.790597e-06,2.555932e+00,1.152026e-04,1.091812e-06,1
50.780000,SS,4,4.073203e-04,2.558602e-06,2.557061e+00,1.592924e-04,1.000603e-06,1
50.880000,SS,4,5.309554e-04,2.953905e-06,2.558205e+00,2.075500e-04,1.154679e-06,1
50.980000,SS,4,6.630814e-04,4.469939e-06,2.559337e+00,2.590833e-04,1.746522e-06,1
51.080000,SS,4,8.025711e-04,6.945001e-06,2.560430e+00,3.134516e-04,2.712435e-06,1
51.180000,SS,4,9.487005e-04,1.019312e-05,2.561458e+00,3.703752e-04,3.979421e-06,1
51.280000,SS,4,1.100905e-03,1.412548e-05,2.562397e+00,4.296388e-04,5.512605e-06,1
51.380000,SS,4,1.256650e-03,1.840985e-05,2.457300e+00,5.113949e-04,7.491903e-06,1
51.480000,SS,4,1.404653e-03,2.325512e-05,2.288558e+00,6.137723e-04,1.016147e-05,1
51.580000,SS,4,1.540551e-03,2.822376e-05,2.117207e+00,7.276337e-04,1.333066e-05,1
51.680000,SS,4,1.662774e-03,3.317813e-05,1.944504e+00,8.551146e-04,1.706252e-05,1
51.780000,SS,4,1.769278e-03,3.804937e-05,1.770053e+00,9.995622e-04,2.149618e-05,1
51.880000,SS,4,1.858741e-03,4.243459e-05,1.595016e+00,1.165343e-03,2.660449e-05,1
51.980000,SS,4,1.913583e-03,4.625032e-05,1.254246e+00,1.525683e-03,3.687499e-05,1
52.080000,SS,4,1.926608e-03,4.916905e-05,8.785107e-01,2.193038e-03,5.596864e-05,1
52.180000,SS,4,1.902761e-03,5.100342e-05,5.450839e-01,3.490766e-03,9.356984e-05,1
52.280000,SS,4,1.847228e-03,5.182364e-05,2.756980e-01,6.700186e-03,1.879725e-04,1
52.380000,SS,4,1.764380e-03,5.174791e-05,2.248322e-01,7.847542e-03,2.301624e-04,1
52.480000,SS,4,1.659310e-03,5.088568e-05,4.116739e-01,4.030642e-03,1.236068e-04,1
52.580000,SS,4,1.537637e-03,4.936543e-05,6.226990e-01,2.469310e-03,7.927656e-05,1
52.680000,SS,4,1.405057e-03,4.731299e-05,8.168362e-01,1.720121e-03,5.792225e-05,1
52.780000,SS,4,1.266656e-03,4.500909e-05,9.883555e-01,1.281580e-03,4.553937e-05,1
52.880000,SS,4,1.132235e-03,4.249988e-05,1.063246e+00,1.064885e-03,3.997184e-05,1
52.980000,SS,4,1.005970e-03,3.993259e-05,1.102700e+00,9.122792e-04,3.621347e-05,1
53.080000,SS,4,8.867675e-04,3.746650e-05,1.139713e+00,7.780619e-04,3.287362e-05,1
53.180000,SS,4,7.750076e-04,3.502986e-05,1.172803e+00,6.608168e-04,2.986850e-05,1
53.280000,SS,4,6.710463e-04,2.056814e-05,1.201871e+00,5.583347e-04,1.711343e-05,1
53.390000,DS_interstep,4,9.278108e-04,4.960120e-06,3.633843e+00,2.553249e-04,1.364979e-06,1
53.400000,DS_interstep,4,9.884537e-04,2.739322e-05,3.546742e+00,2.786934e-04,7.723487e-06,1
53.410000,DS_interstep,4,9.188182e-04,2.599005e-05,3.542062e+00,2.594021e-04,7.337548e-06,1
53.420000,DS_interstep,4,8.222473e-04,2.589694e-05,3.540263e+00,2.322560e-04,7.314976e-06,1
53.430000,DS_interstep,4,7.414122e-04,2.639407e-05,3.538232e+00,2.095431e-04,7.459677e-06,1
53.440000,DS_interstep,4,6.848645e-04,2.693063e-05,3.536565e+00,1.936524e-04,7.614911e-06,1
53.450000,DS_interstep,4,6.485544e-04,2.716938e-05,3.535674e+00,1.834316e-04,7.684357e-06,1
53.460000,DS_interstep,4,6.252037e-04,2.726252e-05,3.535591e+00,1.768315e-04,7.710881e-06,1
53.470000,DS_interstep,4,6.105545e-04,2.728698e-05,3.536175e+00,1.726596e-04,7.716524e-06,1
53.480000,DS_interstep,4,6.025735e-04,2.714712e-05,3.537254e+00,1.703507e-04,7.674631e-06,1
53.490000,DS_interstep,4,5.993728e-04,2.688750e-05,3.538629e+00,1.693799e-04,7.598282e-06,1
53.500000,DS_interstep,4,5.992726e-04,2.648004e-05,3.540218e+00,1.692756e-04,7.479778e-06,1
53.510000,DS_interstep,4,6.006400e-04,2.595241e-05,3.542020e+00,1.695755e-04,7.327008e-06,1
53.520000,DS_interstep,4,6.023376e-04,2.539077e-05,3.544003e+00,1.699597e-04,7.164433e-06,1
53.530000,DS_interstep,4,6.040597e-04,2.483467e-05,3.546015e+00,1.703489e-04,7.003544e-06,1
53.540000,DS_interstep,4,6.060501e-04,2.429949e-05,3.547787e+00,1.708248e-04,6.849195e-06,1
53.550000,DS_interstep,4,6.086750e-04,2.379284e-05,3.549133e+00,1.714996e-04,6.703847e-06,1
53.560000,DS_interstep,4,6.122059e-04,2.332256e-05,3.550050e+00,1.724499e-04,6.569645e-06,1
53.570000,DS_interstep,4,6.167493e-04,2.289533e-05,3.550693e+00,1.736983e-04,6.448131e-06,1
53.580000,DS_interstep,4,6.222684e-04,2.251556e-05,3.551272e+00,1.752241e-04,6.340140e-06,1
53.590000,DS_interstep,4,6.286381e-04,2.218502e-05,3.551964e+00,1.769832e-04,6.245845e-06,1
53.600000,DS_interstep,4,6.357039e-04,2.190222e-05,3.552882e+00,1.789263e-04,6.164635e-06,1
53.610000,DS_interstep,4,6.433172e-04,2.166419e-05,3.554077e+00,1.810082e-04,6.095588e-06,1
53.620000,DS_interstep,4,6.513588e-04,2.146894e-05,3.555559e+00,1.831945e-04,6.038132e-06,1
53.630000,DS_interstep,4,6.598451e-04,2.131558e-05,3.518737e+00,1.875233e-04,6.057736e-06,1
53.640000,DS_interstep,4,6.684705e-04,2.120267e-05,3.452187e+00,1.936368e-04,6.141809e-06,1
53.650000,DS_interstep,4,6.770142e-04,2.112435e-05,3.390837e+00,1.996599e-04,6.229834e-06,1
53.660000,DS_interstep,4,6.853115e-04,2.107294e-05,3.330606e+00,2.057618e-04,6.327059e-06,1
53.670000,DS_interstep,4,6.932387e-04,2.104120e-05,3.270509e+00,2.119666e-04,6.433617e-06,1
53.680000,DS_interstep,4,7.007034e-04,2.102278e-05,3.210602e+00,2.182468e-04,6.547926e-06,1
53.690000,DS_interstep,4,7.076364e-04,2.101226e-05,3.151343e+00,2.245507e-04,6.667714e-06,1
53.700000,DS_interstep,4,7.139914e-04,2.100449e-05,3.093337e+00,2.308159e-04,6.790237e-06,1
53.710000,DS_interstep,4,7.197382e-04,2.099535e-05,3.037192e+00,2.369749e-04,6.912750e-06,1
53.720000,DS_interstep,4,7.248634e-04,2.098132e-05,2.983456e+00,2.429610e-04,7.032557e-06,1
53.730000,DS_interstep,4,7.293626e-04,2.095942e-05,2.932578e+00,2.487104e-04,7.147099e-06,1
53.740000,DS_interstep,4,7.332422e-04,2.092742e-05,2.884890e+00,2.541664e-04,7.254146e-06,1
53.750000,DS_interstep,4,7.365155e-04,2.088359e-05,2.840613e+00,2.592805e-04,7.351792e-06,1
53.760000,DS_interstep,4,7.392020e-04,2.082668e-05,2.799857e+00,2.640142e-04,7.438480e-06,1
53.770000,DS_interstep,4,7.413226e-04,2.075588e-05,2.762644e+00,2.683381e-04,7.513049e-06,1
53.780000,DS_interstep,4,7.429019e-04,2.067073e-05,2.728915e+00,2.722334e-04,7.574705e-06,1
53.790000,DS_interstep,4,7.439650e-04,2.057107e-05,2.698558e+00,2.756899e-04,7.622988e-06,1
53.800000,DS_interstep,4,7.445385e-04,2.045698e-05,2.671414e+00,2.787058e-04,7.657736e-06,1
53.810000,DS_interstep,4,7.446482e-04,2.032866e-05,2.647314e+00,2.812844e-04,7.678976e-06,1
53.820000,DS_interstep,4,7.443193e-04,2.018647e-05,2.626082e+00,2.834334e-04,7.686915e-06,1
53.830000,DS_interstep,4,7.435759e-04,2.003086e-05,2.607489e+00,2.851693e-04,7.682047e-06,1
53.840000,DS_interstep,4,7.424376e-04,1.986230e-05,2.591306e+00,2.865110e-04,7.664979e-06,1
53.850000,DS_interstep,4,7.409254e-04,1.968131e-05,2.577315e+00,2.874796e-04,7.636360e-06,1
53.860000,DS_interstep,4,7.390567e-04,1.948841e-05,2.565325e+00,2.880948e-04,7.596860e-06,1
53.870000,DS_interstep,4,7.368491e-04,1.928417e-05,2.555164e+00,2.883764e-04,7.547135e-06,1
53.880000,DS_interstep,4,7.343151e-04,1.906899e-05,2.546685e+00,2.883415e-04,7.487769e-06,1
53.890000,DS_interstep,4,7.314702e-04,1.884339e-05,2.539755e+00,2.880081e-04,7.419371e-06,1
53.900000,DS_interstep,4,7.283273e-04,1.860791e-05,2.534252e+00,2.873934e-04,7.342564e-06,1
53.910000,DS_interstep,4,7.248996e-04,1.836309e-05,2.530069e+00,2.865137e-04,7.257939e-06,1
53.920000,DS_interstep,4,7.212000e-04,1.810946e-05,2.527117e+00,2.853845e-04,7.166056e-06,1
53.930000,DS_interstep,4,7.172401e-04,1.784755e-05,2.525312e+00,2.840204e-04,7.067462e-06,1
53.940000,DS_interstep,4,7.130321e-04,1.757787e-05,2.524580e+00,2.824359e-04,6.962690e-06,1
53.950000,DS_interstep,4,7.085869e-04,1.730094e-05,2.524849e+00,2.806452e-04,6.852267e-06,1
53.960000,DS_interstep,4,7.039164e-04,1.701727e-05,2.526051e+00,2.786627e-04,6.736707e-06,1
53.970000,DS_interstep,4,6.990298e-04,1.672734e-05,2.528119e+00,2.765019e-04,6.616516e-06,1
53.980000,DS_interstep,4,6.939379e-04,1.643165e-05,2.530989e+00,2.741765e-04,6.492183e-06,1
53.990000,DS_interstep,4,6.886506e-04,1.613067e-05,2.534597e+00,2.717003e-04,6.364195e-06,1
54.000000,DS_interstep,4,6.831774e-04,1.582491e-05,2.538879e+00,2.690862e-04,6.233029e-06,1
54.010000,DS_interstep,4,6.775272e-04,1.551483e-05,2.543775e+00,2.663472e-04,6.099137e-06,1
54.020000,DS_interstep,4,6.717092e-04,1.520093e-05,2.549221e+00,2.634959e-04,5.962969e-06,1
54.030000,DS_interstep,4,6.657311e-04,1.488366e-05,2.555157e+00,2.605441e-04,5.824949e-06,1
54.040000,DS_interstep,4,6.596024e-04,1.456351e-05,2.561522e+00,2.575041e-04,5.685490e-06,1
54.050000,DS_interstep,4,6.533302e-04,1.424096e-05,2.568257e+00,2.543867e-04,5.544992e-06,1
54.060000,DS_interstep,4,6.469229e-04,1.391648e-05,2.575302e+00,2.512027e-04,5.403824e-06,1
54.070000,DS_interstep,4,6.403878e-04,1.359054e-05,2.582601e+00,2.479623e-04,5.262345e-06,1
54.080000,DS_interstep,4,6.337316e-04,1.326360e-05,2.590097e+00,2.446748e-04,5.120889e-06,1
54.090000,DS_interstep,4,6.269618e-04,1.293613e-05,2.597737e+00,2.413492e-04,4.979767e-06,1
54.100000,DS_interstep,4,6.200852e-04,1.260858e-05,2.605469e+00,2.379937e-04,4.839275e-06,1
54.110000,DS_interstep,4,6.131072e-04,1.228140e-05,2.613243e+00,2.346154e-04,4.699679e-06,1
54.120000,DS_interstep,4,6.060342e-04,1.195505e-05,2.621014e+00,2.312213e-04,4.561232e-06,1
54.130000,DS_interstep,4,5.988720e-04,1.162995e-05,2.628739e+00,2.278173e-04,4.424155e-06,1
54.140000,DS_interstep,4,5.916252e-04,1.130652e-05,2.636377e+00,2.244084e-04,4.288658e-06,1
54.150000,DS_interstep,4,5.842991e-04,1.098519e-05,2.643894e+00,2.209995e-04,4.154928e-06,1
54.160000,DS_interstep,4,5.768977e-04,1.066634e-05,2.651255e+00,2.175942e-04,4.023128e-06,1
54.170000,DS_interstep,4,5.694251e-04,1.035037e-05,2.658435e+00,2.141956e-04,3.893409e-06,1
54.180000,DS_interstep,4,5.618854e-04,1.003765e-05,2.665406e+00,2.108067e-04,3.765898e-06,1
54.190000,DS_interstep,4,5.542816e-04,9.728530e-06,2.672150e+00,2.074291e-04,3.640713e-06,1
54.200000,DS_interstep,4,5.466167e-04,9.423357e-06,2.678649e+00,2.040643e-04,3.517952e-06,1
54.210000,DS_interstep,4,5.388928e-04,9.122446e-06,2.684889e+00,2.007133e-04,3.397700e-06,1
54.220000,DS_interstep,4,5.311127e-04,8.826112e-06,2.690861e+00,1.973765e-04,3.280033e-06,1
54.230000,DS_interstep,4,5.232776e-04,8.534630e-06,2.696558e+00,1.940539e-04,3.165009e-06,1
54.240000,DS_interstep,4,5.153891e-04,8.248275e-06,2.701976e+00,1.907453e-04,3.052682e-06,1
54.250000,DS_interstep,4,5.074487e-04,7.967300e-06,2.707115e+00,1.874500e-04,2.943097e-06,1
54.260000,DS_interstep,4,4.994567e-04,7.691927e-06,2.711975e+00,1.841672e-04,2.836283e-06,1
54.270000,DS_interstep,4,4.914137e-04,7.422378e-06,2.716560e+00,1.808956e-04,2.732271e-06,1
54.280000,DS_interstep,4,4.833201e-04,7.158840e-06,2.720875e+00,1.776341e-04,2.631080e-06,1
54.290000,DS_interstep,4,4.751757e-04,6.901480e-06,2.724927e+00,1.743810e-04,2.532721e-06,1
54.300000,DS_interstep,4,4.669803e-04,6.650459e-06,2.728725e+00,1.711350e-04,2.437204e-06,1
54.310000,DS_interstep,4,4.587327e-04,6.405903e-06,2.732277e+00,1.678940e-04,2.344530e-06,1
54.320000,DS_interstep,4,4.504330e-04,6.167921e-06,2.735592e+00,1.646565e-04,2.254693e-06,1
54.330000,DS_interstep,4,4.420797e-04,5.936600e-06,2.738681e+00,1.614207e-04,2.167686e-06,1
54.340000,DS_interstep,4,4.336720e-04,5.712010e-06,2.741555e+00,1.581847e-04,2.083492e-06,1
54.350000,DS_interstep,4,4.252081e-04,5.494190e-06,2.744225e+00,1.549465e-04,2.002092e-06,1
54.360000,DS_interstep,4,4.166867e-04,5.283158e-06,2.746701e+00,1.517044e-04,1.923456e-06,1
54.370000,DS_interstep,4,4.081061e-04,5.078909e-06,2.748993e+00,1.484566e-04,1.847553e-06,1
54.380000,DS_interstep,4,3.994644e-04,4.881408e-06,2.751113e+00,1.452010e-04,1.774339e-06,1
54.390000,DS_interstep,4,3.907603e-04,4.690597e-06,2.753070e+00,1.419362e-04,1.703769e-06,1
54.400000,DS_interstep,4,3.819912e-04,4.506397e-06,2.754875e+00,1.386601e-04,1.635790e-06,1
54.410000,DS_interstep,4,3.731553e-04,4.328688e-06,2.756536e+00,1.353711e-04,1.570336e-06,1
54.420000,DS_interstep,4,3.642502e-04,4.157337e-06,2.758064e+00,1.320674e-04,1.507339e-06,1
54.430000,DS_interstep,4,3.552738e-04,3.992176e-06,2.759465e+00,1.287474e-04,1.446721e-06,1
54.440000,DS_interstep,4,3.462238e-04,3.833011e-06,2.760749e+00,1.254094e-04,1.388395e-06,1
54.450000,DS_interstep,4,3.370981e-04,3.679641e-06,2.761924e+00,1.220519e-04,1.332274e-06,1
54.460000,DS_interstep,4,3.279529e-04,3.532398e-06,2.679254e+00,1.224046e-04,1.318426e-06,1
54.470000,DS_interstep,4,3.188543e-04,3.393278e-06,2.511024e+00,1.269818e-04,1.351352e-06,1
54.480000,DS_interstep,4,3.097673e-04,3.262556e-06,2.397246e+00,1.292180e-04,1.360960e-06,1
54.490000,DS_interstep,4,3.006885e-04,3.138083e-06,2.302666e+00,1.305827e-04,1.362804e-06,1
54.500000,DS_interstep,4,2.916287e-04,3.018812e-06,2.215768e+00,1.316151e-04,1.362422e-06,1
54.510000,DS_interstep,4,2.826048e-04,2.904131e-06,2.132301e+00,1.325352e-04,1.361971e-06,1
54.520000,DS_interstep,4,2.736362e-04,2.793638e-06,2.050680e+00,1.334368e-04,1.362298e-06,1
54.530000,DS_interstep,4,2.647421e-04,2.687039e-06,1.970392e+00,1.343601e-04,1.363708e-06,1
54.540000,DS_interstep,4,2.559410e-04,2.584114e-06,1.891374e+00,1.353201e-04,1.366262e-06,1
54.550000,DS_interstep,4,2.472496e-04,2.484679e-06,1.813760e+00,1.363188e-04,1.369905e-06,1
54.560000,DS_interstep,4,2.386836e-04,2.388583e-06,1.737763e+00,1.373511e-04,1.374516e-06,1
54.570000,DS_interstep,4,2.302560e-04,2.295688e-06,1.663614e+00,1.384071e-04,1.379940e-06,1
54.580000,DS_interstep,4,2.219787e-04,2.205874e-06,1.591538e+00,1.394743e-04,1.386002e-06,1
54.590000,DS_interstep,4,2.138617e-04,2.119032e-06,1.521731e+00,1.405384e-04,1.392514e-06,1
54.600000,DS_interstep,4,2.059137e-04,2.035061e-06,1.454359e+00,1.415838e-04,1.399283e-06,1
54.610000,DS_interstep,4,1.981418e-04,1.953870e-06,1.389546e+00,1.425947e-04,1.406122e-06,1
54.620000,DS_interstep,4,1.905520e-04,1.875377e-06,1.327378e+00,1.435552e-04,1.412843e-06,1
54.630000,DS_interstep,4,1.831491e-04,1.799504e-06,1.267904e+00,1.444503e-04,1.419275e-06,1
54.640000,DS_interstep,4,1.759366e-04,1.726183e-06,1.211138e+00,1.452656e-04,1.425257e-06,1
54.650000,DS_interstep,4,1.689174e-04,1.655346e-06,1.157061e+00,1.459883e-04,1.430647e-06,1
54.660000,DS_interstep,4,1.620933e-04,1.586935e-06,1.105629e+00,1.466073e-04,1.435323e-06,1
54.670000,DS_interstep,4,1.554651e-04,1.520891e-06,1.056774e+00,1.471129e-04,1.439182e-06,1
54.680000,DS_interstep,4,1.490336e-04,1.457160e-06,1.010411e+00,1.474979e-04,1.442146e-06,1
54.690000,DS_interstep,4,1.427980e-04,1.395689e-06,9.664397e-01,1.477568e-04,1.444156e-06,1
54.700000,DS_interstep,4,1.367578e-04,1.336429e-06,9.247505e-01,1.478861e-04,1.445178e-06,1
54.710000,DS_interstep,4,1.309112e-04,1.279327e-06,8.852274e-01,1.478843e-04,1.445196e-06,1
54.720000,DS_interstep,4,1.252566e-04,1.224335e-06,8.477519e-01,1.477515e-04,1.444214e-06,1
54.730000,DS_interstep,4,1.197918e-04,1.171406e-06,8.122040e-01,1.474898e-04,1.442256e-06,1
54.740000,DS_interstep,4,1.145142e-04,1.120490e-06,7.784662e-01,1.471023e-04,1.439357e-06,1
54.750000,DS_interstep,4,1.094208e-04,1.071538e-06,7.464239e-01,1.465934e-04,1.435562e-06,1
54.760000,DS_interstep,4,1.045086e-04,1.024501e-06,7.159676e-01,1.459683e-04,1.430933e-06,1
54.770000,DS_interstep,4,9.977419e-05,9.793314e-07,6.869931e-01,1.452332e-04,1.425533e-06,1
54.780000,DS_interstep,4,9.521416e-05,9.359790e-07,6.594029e-01,1.443945e-04,1.419434e-06,1
54.790000,DS_interstep,4,9.082485e-05,8.943959e-07,6.331055e-01,1.434593e-04,1.412712e-06,1
54.800000,DS_interstep,4,8.660262e-05,8.545329e-07,6.080165e-01,1.424347e-04,1.405444e-06,1
54.810000,DS_interstep,4,8.254351e-05,8.163393e-07,5.840580e-01,1.413276e-04,1.397702e-06,1
54.820000,DS_interstep,4,7.864372e-05,7.797673e-07,5.611587e-01,1.401452e-04,1.389566e-06,1
54.830000,DS_interstep,4,7.489926e-05,7.447671e-07,5.392529e-01,1.388945e-04,1.381109e-06,1
54.840000,DS_interstep,4,7.130612e-05,7.112887e-07,5.182813e-01,1.375819e-04,1.372399e-06,1
54.850000,DS_interstep,4,6.786044e-05,6.792852e-07,4.981893e-01,1.362142e-04,1.363508e-06,1
54.860000,DS_interstep,4,6.455811e-05,6.487064e-07,4.789277e-01,1.347972e-04,1.354498e-06,1
54.870000,DS_interstep,4,6.139518e-05,6.195041e-07,4.604514e-01,1.333370e-04,1.345428e-06,1
54.880000,DS_interstep,4,5.836768e-05,5.916304e-07,4.427195e-01,1.318390e-04,1.336355e-06,1
54.890000,DS_interstep,4,5.547163e-05,5.650375e-07,4.256948e-01,1.303084e-04,1.327330e-06,1
54.900000,DS_interstep,4,5.270308e-05,5.396782e-07,4.093432e-01,1.287504e-04,1.318400e-06,1
54.910000,DS_interstep,4,5.005816e-05,5.155058e-07,3.936334e-01,1.271695e-04,1.309609e-06,1
54.920000,DS_interstep,4,4.753301e-05,4.924741e-07,3.785366e-01,1.255705e-04,1.300995e-06,1
54.930000,DS_interstep,4,4.512375e-05,4.705378e-07,3.640264e-01,1.239573e-04,1.292592e-06,1
54.940000,DS_interstep,4,4.282666e-05,4.496519e-07,3.500783e-01,1.223345e-04,1.284433e-06,1
54.950000,DS_interstep,4,4.063799e-05,4.297724e-07,3.366692e-01,1.207060e-04,1.276542e-06,1
54.960000,DS_interstep,4,3.855405e-05,4.108558e-07,3.237779e-01,1.190756e-04,1.268943e-06,1
54.970000,DS_interstep,4,3.657120e-05,3.928597e-07,3.113840e-01,1.174472e-04,1.261657e-06,1
54.980000,DS_interstep,4,3.468586e-05,3.757427e-07,2.994686e-01,1.158247e-04,1.254698e-06,1
54.990000,DS_interstep,4,3.289452e-05,3.594640e-07,2.880133e-01,1.142118e-04,1.248081e-06,1
55.000000,DS_interstep,4,3.119371e-05,3.439841e-07,2.770010e-01,1.126123e-04,1.241815e-06,1
55.010000,DS_interstep,4,2.958002e-05,3.292643e-07,2.664149e-01,1.110299e-04,1.235908e-06,1
55.020000,DS_interstep,4,2.805010e-05,3.152671e-07,2.562390e-01,1.094685e-04,1.230363e-06,1
55.030000,DS_interstep,4,2.660068e-05,3.019563e-07,2.464578e-01,1.079320e-04,1.225184e-06,1
55.040000,DS_interstep,4,2.522855e-05,2.892969e-07,2.370563e-01,1.064243e-04,1.220372e-06,1
55.050000,DS_interstep,4,2.393055e-05,2.772550e-07,2.280197e-01,1.049495e-04,1.215926e-06,1
55.060000,DS_interstep,4,2.270362e-05,2.657980e-07,2.193339e-01,1.035117e-04,1.211842e-06,1
55.070000,DS_interstep,4,2.154472e-05,2.548947e-07,2.109850e-01,1.021149e-04,1.208117e-06,1
55.080000,DS_interstep,4,2.045091e-05,2.445153e-07,2.029596e-01,1.007635e-04,1.204748e-06,1
55.090000,DS_interstep,4,1.941934e-05,2.346310e-07,1.952444e-01,9.946171e-05,1.201730e-06,1
55.100000,DS_interstep,4,1.844719e-05,2.252150e-07,1.878265e-01,9.821397e-05,1.199059e-06,1
55.110000,DS_interstep,4,1.753173e-05,2.162415e-07,1.806936e-01,9.702467e-05,1.196730e-06,1
55.120000,DS_interstep,4,1.667033e-05,2.076859e-07,1.738333e-01,9.589839e-05,1.194742e-06,1
55.130000,DS_interstep,4,1.586038e-05,1.995254e-07,1.672339e-01,9.483952e-05,1.193092e-06,1
55.140000,DS_interstep,4,1.509941e-05,1.917382e-07,1.608840e-01,9.385273e-05,1.191779e-06,1
55.150000,DS_interstep,4,1.438496e-05,1.843041e-07,1.547725e-01,9.294259e-05,1.190806e-06,1
55.160000,DS_interstep,4,1.371469e-05,1.772039e-07,1.488887e-01,9.211368e-05,1.190177e-06,1
55.170000,DS_interstep,4,1.308631e-05,1.704199e-07,1.432224e-01,9.137060e-05,1.189898e-06,1
55.180000,DS_interstep,4,1.249763e-05,1.639355e-07,1.377637e-01,9.071790e-05,1.189977e-06,1
55.190000,DS_interstep,4,1.194651e-05,1.577352e-07,1.325031e-01,9.016020e-05,1.190427e-06,1
55.200000,DS_interstep,4,1.143090e-05,1.518047e-07,1.274317e-01,8.970214e-05,1.191264e-06,1
55.210000,DS_interstep,4,1.094880e-05,1.461307e-07,1.225409e-01,8.934816e-05,1.192506e-06,1
55.220000,DS_interstep,4,1.049834e-05,1.407010e-07,1.178225e-01,8.910297e-05,1.194178e-06,1
55.230000,DS_interstep,4,1.007766e-05,1.355041e-07,1.132689e-01,8.897110e-05,1.196304e-06,1
55.240000,DS_interstep,4,9.685001e-06,1.305294e-07,1.088728e-01,8.895702e-05,1.198916e-06,1
55.250000,DS_interstep,4,9.318671e-06,1.257672e-07,1.046273e-01,8.906535e-05,1.202049e-06,1
55.260000,DS_interstep,4,8.977058e-06,1.212085e-07,1.005261e-01,8.930076e-05,1.205741e-06,1
55.270000,DS_interstep,4,8.658596e-06,1.168449e-07,9.656311e-02,8.966773e-05,1.210037e-06,1
55.280000,DS_interstep,4,8.361813e-06,1.126687e-07,9.273272e-02,9.017111e-05,1.214984e-06,1
55.290000,DS_interstep,4,8.085276e-06,1.086726e-07,8.902972e-02,9.081548e-05,1.220633e-06,1
55.300000,DS_interstep,4,7.827644e-06,1.048499e-07,8.544923e-02,9.160579e-05,1.227044e-06,1
55.310000,DS_interstep,4,7.587623e-06,1.011943e-07,8.198674e-02,9.254695e-05,1.234276e-06,1
55.320000,DS_interstep,4,7.363976e-06,9.769963e-08,7.863807e-02,9.364390e-05,1.242396e-06,1
55.330000,DS_interstep,4,7.155544e-06,9.436042e-08,7.539935e-02,9.490192e-05,1.251475e-06,1
55.340000,DS_interstep,4,6.961216e-06,9.117117e-08,7.226701e-02,9.632633e-05,1.261588e-06,1
55.350000,DS_interstep,4,6.779944e-06,8.812681e-08,6.923774e-02,9.792267e-05,1.272815e-06,1
55.360000,DS_interstep,4,6.610723e-06,8.522219e-08,6.630849e-02,9.969647e-05,1.285238e-06,1
55.370000,DS_interstep,4,6.452610e-06,8.245248e-08,6.347645e-02,1.016536e-04,1.298946e-06,1
55.380000,DS_interstep,4,6.304726e-06,7.981303e-08,6.073901e-02,1.038003e-04,1.314032e-06,1
55.390000,DS_interstep,4,6.166224e-06,7.729905e-08,5.809379e-02,1.061426e-04,1.330591e-06,1
55.400000,DS_interstep,4,6.036317e-06,7.490598e-08,5.553854e-02,1.086870e-04,1.348721e-06,1
55.410000,DS_interstep,4,5.914272e-06,7.262926e-08,5.307124e-02,1.114402e-04,1.368524e-06,1
55.420000,DS_interstep,4,5.799379e-06,7.046426e-08,5.068995e-02,1.144089e-04,1.390103e-06,1
55.430000,DS_interstep,4,5.690994e-06,5.735603e-07,4.839289e-02,1.175998e-04,1.185216e-05,1
55.440000,SS,5,2.436734e-05,2.049750e-06,1.065085e+00,2.287831e-05,1.924494e-06,1
55.540000,SS,5,4.758028e-05,3.146594e-06,1.125622e+00,4.227021e-05,2.795426e-06,1
55.640000,SS,5,6.292303e-05,5.389071e-06,1.161036e+00,5.419560e-05,4.641607e-06,1
55.740000,SS,5,7.627649e-05,8.653739e-06,1.210507e+00,6.301204e-05,7.148857e-06,1
55.840000,SS,5,8.646710e-05,1.284319e-05,1.264765e+00,6.836612e-05,1.015460e-05,1
55.940000,SS,5,9.397897e-05,1.819615e-05,1.299406e+00,7.232458e-05,1.400344e-05,1
56.040000,SS,5,9.928159e-05,2.487443e-05,1.318350e+00,7.530747e-05,1.886785e-05,1
56.140000,SS,5,1.031371e-04,3.295893e-05,1.325034e+00,7.783730e-05,2.487402e-05,1
56.240000,SS,5,1.062913e-04,4.270270e-05,1.341497e+00,7.923330e-05,3.183212e-05,1
56.340000,SS,5,1.094155e-04,5.438973e-05,1.370636e+00,7.982824e-05,3.968210e-05,1
56.440000,SS,5,1.131681e-04,6.812760e-05,1.386724e+00,8.160819e-05,4.912844e-05,1
56.540000,SS,5,1.180263e-04,8.404669e-05,1.391404e+00,8.482536e-05,6.040424e-05,1
56.640000,SS,5,1.239400e-04,1.021811e-04,1.381678e+00,8.970250e-05,7.395431e-05,1
56.740000,SS,5,1.305593e-04,1.226777e-04,1.362578e+00,9.581788e-05,9.003356e-05,1
56.840000,SS,5,1.380681e-04,1.458077e-04,1.355108e+00,1.018871e-04,1.075985e-04,1
56.940000,SS,5,1.467838e-04,1.715603e-04,1.337606e+00,1.097362e-04,1.282592e-04,1
57.040000,SS,5,1.569398e-04,1.999558e-04,1.313428e+00,1.194886e-04,1.522396e-04,1
57.140000,SS,5,1.686318e-04,2.308916e-04,1.284137e+00,1.313192e-04,1.798030e-04,1
57.240000,SS,5,1.818204e-04,2.642580e-04,1.252254e+00,1.451945e-04,2.110259e-04,1
57.340000,SS,5,1.966701e-04,3.003064e-04,1.229345e+00,1.599796e-04,2.442817e-04,1
57.440000,SS,5,2.135014e-04,3.386998e-04,1.202257e+00,1.775838e-04,2.817199e-04,1
57.540000,SS,5,2.322226e-04,3.793255e-04,1.172553e+00,1.980487e-04,3.235040e-04,1
57.640000,SS,5,2.529026e-04,4.218361e-04,1.141313e+00,2.215892e-04,3.696060e-04,1
57.740000,SS,5,2.755781e-04,4.658597e-04,1.109489e+00,2.483829e-04,4.198867e-04,1
57.840000,SS,5,3.004297e-04,5.113982e-04,1.081026e+00,2.779118e-04,4.730676e-04,1
57.940000,SS,5,3.276304e-04,5.579794e-04,1.053351e+00,3.110363e-04,5.297185e-04,1
58.040000,SS,5,3.571098e-04,6.052417e-04,1.026810e+00,3.477858e-04,5.894391e-04,1
58.140000,SS,5,3.887970e-04,6.527169e-04,1.001739e+00,3.881221e-04,6.515840e-04,1
58.240000,SS,5,4.225262e-04,6.998997e-04,9.783798e-01,4.318632e-04,7.153660e-04,1
58.340000,SS,5,4.579155e-04,7.465134e-04,9.553697e-01,4.793071e-04,7.813869e-04,1
58.440000,SS,5,4.946365e-04,7.921347e-04,9.345469e-01,5.292795e-04,8.476136e-04,1
58.540000,SS,5,5.323898e-04,8.362820e-04,9.162390e-01,5.810600e-04,9.127335e-04,1
58.640000,SS,5,5.708033e-04,8.785389e-04,8.993104e-01,6.347122e-04,9.769028e-04,1
58.740000,SS,5,6.094033e-04,9.184523e-04,8.836484e-01,6.896446e-04,1.039387e-03,1
58.840000,SS,5,6.473305e-04,9.556374e-04,8.683264e-01,7.454922e-04,1.100551e-03,1
58.940000,SS,5,6.837397e-04,9.898083e-04,8.547819e-01,7.998996e-04,1.157966e-03,1
59.040000,SS,5,7.181502e-04,1.020605e-03,8.425397e-01,8.523636e-04,1.211343e-03,1
59.140000,SS,5,7.501998e-04,1.047828e-03,8.245898e-01,9.097854e-04,1.270727e-03,1
59.240000,SS,5,7.793494e-04,1.071160e-03,8.074092e-01,9.652471e-04,1.326664e-03,1
59.340000,SS,5,8.045749e-04,1.090270e-03,7.935050e-01,1.013951e-03,1.373993e-03,1
59.440000,SS,5,8.245269e-04,1.104855e-03,7.746947e-01,1.064325e-03,1.426182e-03,1
59.540000,SS,5,8.382741e-04,1.115185e-03,7.322509e-01,1.144791e-03,1.522955e-03,1
59.640000,SS,5,8.454250e-04,1.120363e-03,7.090274e-01,1.192373e-03,1.580140e-03,1
59.740000,SS,5,8.451643e-04,1.120893e-03,7.063750e-01,1.196481e-03,1.586824e-03,1
59.840000,SS,5,8.368347e-04,1.116660e-03,7.261059e-01,1.152497e-03,1.537876e-03,1
59.940000,SS,5,8.190491e-04,1.107425e-03,7.812599e-01,1.048370e-03,1.417486e-03,1
60.040000,SS,5,7.918562e-04,1.093433e-03,8.496979e-01,9.319267e-04,1.286849e-03,1
60.140000,SS,5,7.557585e-04,1.074894e-03,9.253201e-01,8.167535e-04,1.161646e-03,1
60.240000,SS,5,7.112180e-04,1.052221e-03,1.002817e+00,7.092203e-04,1.049265e-03,1
60.340000,SS,5,6.589162e-04,1.025500e-03,1.078984e+00,6.106823e-04,9.504313e-04,1
60.440000,SS,5,5.976451e-04,9.946699e-04,1.185435e+00,5.041570e-04,8.390762e-04,1
60.540000,SS,5,5.287937e-04,9.599333e-04,1.283312e+00,4.120541e-04,7.480127e-04,1
60.640000,SS,5,4.538988e-04,9.218468e-04,1.370877e+00,3.311011e-04,6.724505e-04,1
60.740000,SS,5,3.746818e-04,8.809430e-04,1.446890e+00,2.589567e-04,6.088528e-04,1
60.840000,SS,5,2.931718e-04,8.375347e-04,1.510790e+00,1.940521e-04,5.543689e-04,1
60.940000,SS,5,2.104078e-04,7.916271e-04,1.594317e+00,1.319736e-04,4.965305e-04,1
61.040000,SS,5,1.322058e-04,7.435599e-04,1.669079e+00,7.920880e-05,4.454910e-04,1
61.140000,SS,5,8.100200e-05,6.939949e-04,1.727290e+00,4.689543e-05,4.017825e-04,1
61.240000,SS,5,1.051522e-04,6.435809e-04,1.768795e+00,5.944852e-05,3.638527e-04,1
61.340000,SS,5,1.708206e-04,5.927854e-04,1.793822e+00,9.522722e-05,3.304595e-04,1
61.440000,SS,5,2.421536e-04,5.417008e-04,1.829800e+00,1.323388e-04,2.960438e-04,1
61.540000,SS,5,3.104883e-04,4.906508e-04,1.862679e+00,1.666891e-04,2.634113e-04,1
61.640000,SS,5,3.720757e-04,4.403021e-04,1.876562e+00,1.982752e-04,2.346324e-04,1
61.740000,SS,5,4.246628e-04,3.913105e-04,1.871787e+00,2.268756e-04,2.090572e-04,1
61.840000,SS,5,4.667034e-04,3.441566e-04,1.848982e+00,2.524111e-04,1.861331e-04,1
61.940000,SS,5,4.975613e-04,2.989745e-04,1.829709e+00,2.719346e-04,1.634000e-04,1
62.040000,SS,5,5.166072e-04,2.559434e-04,1.816232e+00,2.844390e-04,1.409200e-04,1
62.140000,SS,5,5.229652e-04,2.155668e-04,1.783464e+00,2.932300e-04,1.208697e-04,1
62.240000,SS,5,5.162593e-04,1.783399e-04,1.732244e+00,2.980292e-04,1.029531e-04,1
62.340000,SS,5,4.965674e-04,1.446099e-04,1.663442e+00,2.985180e-04,8.693413e-05,1
62.440000,SS,5,4.641393e-04,1.145082e-04,1.580005e+00,2.937581e-04,7.247334e-05,1
62.540000,SS,5,4.189770e-04,8.797297e-05,1.487308e+00,2.817016e-04,5.914914e-05,1
62.640000,SS,5,3.622295e-04,6.512692e-05,1.384146e+00,2.616988e-04,4.705204e-05,1
62.740000,SS,5,2.956259e-04,4.601579e-05,1.272068e+00,2.323980e-04,3.617401e-05,1
62.840000,SS,5,2.210288e-04,3.048933e-05,1.153679e+00,1.915860e-04,2.642792e-05,1
62.940000,SS,5,1.405979e-04,1.830689e-05,1.033099e+00,1.360934e-04,1.772037e-05,1
63.040000,SS,5,5.678084e-05,9.129746e-06,9.168064e-01,6.193329e-05,9.958205e-06,1
63.140000,SS,5,2.904488e-05,2.491540e-06,8.045802e-01,3.609943e-05,3.096696e-06,1
63.240000,SS,5,1.105799e-04,2.130143e-06,7.042461e-01,1.570188e-04,3.024714e-06,1
63.340000,SS,5,1.877435e-04,5.172495e-06,6.227372e-01,3.014812e-04,8.306065e-06,1
63.440000,SS,5,2.571229e-04,7.187030e-06,5.507662e-01,4.668459e-04,1.304915e-05,1
63.540000,SS,5,3.172211e-04,8.639752e-06,4.890832e-01,6.486036e-04,1.766520e-05,1
63.640000,SS,5,3.672733e-04,9.908492e-06,4.387656e-01,8.370603e-04,2.258265e-05,1
63.740000,SS,5,4.068397e-04,1.122142e-05,4.009127e-01,1.014784e-03,2.798968e-05,1
63.840000,SS,5,4.358974e-04,1.262114e-05,3.762386e-01,1.158566e-03,3.354557e-05,1
63.940000,SS,5,4.547817e-04,1.402617e-05,3.640342e-01,1.249283e-03,3.852980e-05,1
64.040000,SS,5,4.640385e-04,1.531431e-05,3.620914e-01,1.281551e-03,4.229406e-05,1
64.140000,SS,5,4.644523e-04,1.636785e-05,3.674307e-01,1.264054e-03,4.454676e-05,1
64.240000,SS,5,4.569546e-04,1.710080e-05,3.768444e-01,1.212581e-03,4.537894e-05,1
64.340000,SS,5,4.425737e-04,1.746307e-05,3.875905e-01,1.141859e-03,4.505547e-05,1
64.440000,SS,5,4.223993e-04,3.433630e-05,3.976079e-01,1.062352e-03,8.635720e-05,1
64.540000,DS_terminal,5,4.225293e-04,5.030395e-06,8.428870e-01,5.012882e-04,5.968054e-06,1
64.640000,DS_terminal,5,2.165330e-04,1.456200e-05,8.620495e-01,2.511839e-04,1.689231e-05,1
64.740000,DS_terminal,5,1.395066e-04,7.520342e-06,9.746977e-01,1.431281e-04,7.715564e-06,1
64.840000,DS_terminal,5,6.751144e-05,6.005789e-06,8.228435e-01,8.204651e-05,7.298822e-06,1
64.940000,DS_terminal,5,1.454106e-06,4.828663e-06,7.059282e-01,2.059850e-06,6.840162e-06,1
65.040000,DS_terminal,5,5.343919e-05,4.735925e-06,6.153907e-01,8.683783e-05,7.695803e-06,1
65.140000,DS_terminal,5,9.803562e-05,4.796511e-06,5.180182e-01,1.892513e-04,9.259348e-06,1
65.240000,DS_terminal,5,1.340397e-04,4.732355e-06,4.320005e-01,3.102767e-04,1.095451e-05,1
65.340000,DS_terminal,5,1.621109e-04,4.585518e-06,3.662679e-01,4.426020e-04,1.251957e-05,1
65.440000,DS_terminal,5,1.827746e-04,4.297480e-06,3.227200e-01,5.663567e-04,1.331643e-05,1
65.540000,DS_terminal,5,1.967125e-04,3.873692e-06,3.044536e-01,6.461167e-04,1.272342e-05,1
65.640000,DS_terminal,5,2.046563e-04,3.362626e-06,3.091584e-01,6.619788e-04,1.087671e-05,1
65.740000,DS_terminal,5,2.072754e-04,2.817531e-06,3.291965e-01,6.296403e-04,8.558812e-06,1
65.840000,DS_terminal,5,2.051992e-04,2.309183e-06,3.565484e-01,5.755158e-04,6.476492e-06,1
65.940000,DS_terminal,5,1.990469e-04,1.942175e-06,3.851328e-01,5.168267e-04,5.042870e-06,1
66.040000,DS_terminal,5,1.894125e-04,1.830807e-06,4.111386e-01,4.607023e-04,4.453015e-06,1
66.140000,DS_terminal,5,1.717839e-04,2.023144e-06,7.015309e-01,2.448701e-04,2.883899e-06,1
66.240000,DS_terminal,5,1.366159e-04,2.094011e-06,8.436628e-01,1.619319e-04,2.482047e-06,1
66.340000,DS_terminal,5,9.479284e-05,2.093953e-06,7.411492e-01,1.278998e-04,2.825278e-06,1
66.440000,DS_terminal,5,5.357636e-05,2.147672e-06,7.443325e-01,7.197907e-05,2.885367e-06,1
66.540000,DS_terminal,5,1.818876e-05,2.140651e-06,5.446015e-01,3.339828e-05,3.930674e-06,1
66.640000,DS_terminal,5,1.040599e-05,2.117685e-06,3.498789e-01,2.974167e-05,6.052622e-06,1
66.740000,DS_terminal,5,2.822846e-05,2.115244e-06,2.266240e-01,1.245608e-04,9.333717e-06,1
66.840000,DS_terminal,5,3.807808e-05,2.107389e-06,1.325492e-01,2.872751e-04,1.589892e-05,1
66.940000,DS_terminal,5,4.145165e-05,2.091016e-06,8.407638e-02,4.930237e-04,2.487043e-05,1
67.040000,DS_terminal,5,4.046137e-05,2.068417e-06,7.891822e-02,5.126999e-04,2.620962e-05,1
67.140000,DS_terminal,5,3.704045e-05,2.042058e-06,8.356155e-02,4.432714e-04,2.443777e-05,1
67.240000,DS_terminal,5,3.270630e-05,2.013040e-06,8.090243e-02,4.042684e-04,2.488232e-05,1
67.340000,DS_terminal,5,2.849352e-05,1.981523e-06,7.054828e-02,4.038868e-04,2.808747e-05,1
67.440000,DS_terminal,5,2.498780e-05,1.947541e-06,5.613336e-02,4.451506e-04,3.469489e-05,1
67.540000,DS_terminal,5,2.241651e-05,1.911473e-06,4.147372e-02,5.404992e-04,4.608879e-05,1
67.640000,DS_terminal,5,2.075943e-05,1.874058e-06,2.966271e-02,6.998494e-04,6.317892e-05,1
67.740000,DS_terminal,5,1.985447e-05,1.836154e-06,2.273695e-02,8.732250e-04,8.075642e-05,1
67.840000,DS_terminal,5,1.948368e-05,1.798512e-06,2.064872e-02,9.435782e-04,8.710041e-05,1
67.940000,DS_terminal,5,1.943319e-05,1.761645e-06,2.110691e-02,9.207028e-04,8.346293e-05,1
68.040000,DS_terminal,5,1.952765e-05,1.725822e-06,2.210152e-02,8.835434e-04,7.808613e-05,1
68.140000,DS_terminal,5,1.964341e-05,1.691122e-06,2.292549e-02,8.568373e-04,7.376601e-05,1
68.240000,DS_terminal,5,1.970733e-05,1.657501e-06,2.350958e-02,8.382682e-04,7.050324e-05,1
68.340000,DS_terminal,5,1.968738e-05,1.624861e-06,2.391259e-02,8.233060e-04,6.795003e-05,1
68.440000,DS_terminal,5,1.958016e-05,1.593084e-06,2.416606e-02,8.102339e-04,6.592240e-05,1
68.540000,DS_terminal,5,1.939903e-05,1.562064e-06,2.427479e-02,7.991430e-04,6.434925e-05,1
68.640000,DS_terminal,5,1.916442e-05,1.531714e-06,2.424668e-02,7.903935e-04,6.317212e-05,1
68.740000,DS_terminal,5,1.889725e-05,1.501969e-06,2.410637e-02,7.839113e-04,6.230589e-05,1
68.840000,DS_terminal,5,1.861518e-05,1.472789e-06,2.389133e-02,7.791605e-04,6.164534e-05,1
68.940000,DS_terminal,5,1.833105e-05,1.444149e-06,2.364061e-02,7.754049e-04,6.108761e-05,1
69.040000,DS_terminal,5,1.805282e-05,1.416035e-06,2.338617e-02,7.719445e-04,6.055009e-05,1
69.140000,DS_terminal,5,1.778454e-05,1.388441e-06,2.314855e-02,7.682791e-04,5.997963e-05,1
69.240000,DS_terminal,5,1.752731e-05,1.361364e-06,2.293736e-02,7.641379e-04,5.935141e-05,1
69.340000,DS_terminal,5,1.728054e-05,1.334802e-06,2.275408e-02,7.594480e-04,5.866208e-05,1
69.440000,DS_terminal,5,1.704280e-05,1.308749e-06,2.259541e-02,7.542594e-04,5.792103e-05,1
69.540000,DS_terminal,5,1.681245e-05,1.283201e-06,2.245606e-02,7.486824e-04,5.714277e-05,1
69.640000,DS_terminal,5,1.658805e-05,1.258150e-06,2.233059e-02,7.428400e-04,5.634200e-05,1
69.740000,DS_terminal,5,1.636849e-05,1.233586e-06,2.221450e-02,7.368378e-04,5.553067e-05,1
69.840000,DS_terminal,5,1.615296e-05,1.209502e-06,2.210451e-02,7.307543e-04,5.471742e-05,1
69.940000,DS_terminal,5,1.594106e-05,1.185885e-06,2.199859e-02,7.246399e-04,5.390731e-05,1
70.040000,DS_terminal,5,1.573254e-05,1.162725e-06,2.189572e-02,7.185213e-04,5.310286e-05,1
70.140000,DS_terminal,5,1.552732e-05,1.140013e-06,2.179559e-02,7.124066e-04,5.230473e-05,1
70.240000,DS_terminal,5,1.532542e-05,1.117738e-06,2.169835e-02,7.062943e-04,5.151256e-05,1
70.340000,DS_terminal,5,1.512687e-05,1.095889e-06,2.160438e-02,7.001762e-04,5.072535e-05,1
70.440000,DS_terminal,5,1.493167e-05,1.074460e-06,2.151411e-02,6.940410e-04,4.994209e-05,1
70.540000,DS_terminal,5,1.473988e-05,1.053437e-06,2.142798e-02,6.878802e-04,4.916176e-05,1
70.640000,DS_terminal,5,1.455149e-05,1.032814e-06,2.134636e-02,6.816845e-04,4.838360e-05,1
70.740000,DS_terminal,5,1.436646e-05,1.012582e-06,2.126956e-02,6.754473e-04,4.760709e-05,1
70.840000,DS_terminal,5,1.418478e-05,9.927304e-07,2.119783e-02,6.691620e-04,4.683170e-05,1
70.940000,DS_terminal,5,1.400641e-05,9.732526e-07,2.113137e-02,6.628258e-04,4.605725e-05,1
71.040000,DS_terminal,5,1.383133e-05,9.541397e-07,2.107038e-02,6.564348e-04,4.528346e-05,1
71.140000,DS_terminal,5,1.365947e-05,9.353834e-07,2.101505e-02,6.499850e-04,4.451016e-05,1
71.240000,DS_terminal,5,1.349079e-05,9.169760e-07,2.096560e-02,6.434727e-04,4.373718e-05,1
71.340000,DS_terminal,5,1.332526e-05,8.989090e-07,2.092223e-02,6.368949e-04,4.296430e-05,1
71.440000,DS_terminal,5,1.316283e-05,8.811752e-07,2.088519e-02,6.302468e-04,4.219138e-05,1
71.540000,DS_terminal,5,1.300346e-05,8.637669e-07,2.085483e-02,6.235228e-04,4.141807e-05,1
71.640000,DS_terminal,5,1.284711e-05,8.466766e-07,2.083134e-02,6.167203e-04,4.064438e-05,1
71.740000,DS_terminal,5,1.269373e-05,8.298972e-07,2.081511e-02,6.098325e-04,3.986994e-05,1
71.840000,DS_terminal,5,1.254330e-05,8.134215e-07,2.080653e-02,6.028540e-04,3.909452e-05,1
71.940000,DS_terminal,5,1.239577e-05,7.972426e-07,2.080607e-02,5.957769e-04,3.831780e-05,1
72.040000,DS_terminal,5,1.225111e-05,7.813534e-07,2.081419e-02,5.885940e-04,3.753946e-05,1
72.140000,DS_terminal,5,1.210927e-05,7.657478e-07,2.083144e-02,5.812978e-04,3.675924e-05,1
72.240000,DS_terminal,5,1.197022e-05,7.504185e-07,2.085843e-02,5.738795e-04,3.597675e-05,1
72.340000,DS_terminal,5,1.183393e-05,7.353593e-07,2.089586e-02,5.663290e-04,3.519164e-05,1
72.440000,DS_terminal,5,1.170036e-05,7.205639e-07,2.094448e-02,5.586367e-04,3.440352e-05,1
72.540000,DS_terminal,5,1.156945e-05,7.060259e-07,2.100518e-02,5.507905e-04,3.361199e-05,1
72.640000,DS_terminal,5,1.144119e-05,6.917389e-07,2.107894e-02,5.427784e-04,3.281659e-05,1
72.740000,DS_terminal,5,1.131553e-05,6.776971e-07,2.116681e-02,5.345881e-04,3.201697e-05,1
72.840000,DS_terminal,5,1.119243e-05,6.638939e-07,2.127004e-02,5.262063e-04,3.121263e-05,1
72.940000,DS_terminal,5,1.107184e-05,6.503233e-07,2.139002e-02,5.176173e-04,3.040312e-05,1
73.040000,DS_terminal,5,1.095372e-05,6.369800e-07,2.152830e-02,5.088054e-04,2.958803e-05,1
73.140000,DS_terminal,5,1.083801e-05,6.238567e-07,2.168667e-02,4.997546e-04,2.876683e-05,1
73.240000,DS_terminal,5,1.072466e-05,6.109482e-07,2.186709e-02,4.904478e-04,2.793917e-05,1
73.340000,DS_terminal,5,1.061362e-05,5.982480e-07,2.207181e-02,4.808674e-04,2.710462e-05,1
73.440000,DS_terminal,5,1.050478e-05,5.857741e-07,2.230336e-02,4.709956e-04,2.626394e-05,1
73.540000,DS_terminal,5,1.039664e-05,5.731633e-07,2.260431e-02,4.599406e-04,2.535637e-05,1
73.640000,DS_terminal,5,1.028579e-05,5.575299e-07,2.303047e-02,4.466166e-04,2.420836e-05,1
73.740000,DS_terminal,5,1.017477e-05,5.387739e-07,2.348735e-02,4.332019e-04,2.293889e-05,1
73.840000,DS_terminal,5,1.005277e-05,5.176753e-07,2.408300e-02,4.174216e-04,2.149547e-05,1
73.940000,DS_terminal,5,9.912414e-06,4.946958e-07,2.478424e-02,3.999482e-04,1.996009e-05,1
74.040000,DS_terminal,5,9.749234e-06,4.701756e-07,2.555960e-02,3.814314e-04,1.839526e-05,1
74.140000,DS_terminal,5,9.559636e-06,4.444700e-07,2.639262e-02,3.622087e-04,1.684069e-05,1
74.240000,DS_terminal,5,9.340998e-06,4.179142e-07,2.726171e-02,3.426416e-04,1.532971e-05,1
74.340000,DS_terminal,5,9.091795e-06,3.908129e-07,2.814360e-02,3.230502e-04,1.388639e-05,1
74.440000,DS_terminal,5,8.811449e-06,3.634431e-07,2.901619e-02,3.036735e-04,1.252553e-05,1
74.540000,DS_terminal,5,8.500250e-06,3.360532e-07,2.985748e-02,2.846942e-04,1.125525e-05,1
74.640000,DS_terminal,5,8.159266e-06,3.088637e-07,3.064613e-02,2.662413e-04,1.007839e-05,1
74.740000,DS_terminal,5,7.790197e-06,2.820686e-07,3.136259e-02,2.483914e-04,8.993791e-06,1
74.840000,DS_terminal,5,7.395312e-06,2.558366e-07,3.198949e-02,2.311795e-04,7.997522e-06,1
74.940000,DS_terminal,5,6.977333e-06,2.303126e-07,3.251170e-02,2.146099e-04,7.083990e-06,1
75.040000,DS_terminal,5,6.539330e-06,2.056189e-07,3.291668e-02,1.986631e-04,6.246647e-06,1
75.140000,DS_terminal,5,6.084635e-06,1.818577e-07,3.319443e-02,1.833029e-04,5.478559e-06,1
75.240000,DS_terminal,5,5.616777e-06,1.591125e-07,3.333767e-02,1.684814e-04,4.772754e-06,1
75.340000,DS_terminal,5,5.139368e-06,1.374506e-07,3.334165e-02,1.541426e-04,4.122488e-06,1
75.440000,DS_terminal,5,4.656060e-06,1.169249e-07,3.320407e-02,1.402256e-04,3.521402e-06,1
75.540000,DS_terminal,5,4.170461e-06,9.757724e-08,3.292493e-02,1.266657e-04,2.963628e-06,1
75.640000,DS_terminal,5,3.686091e-06,7.944224e-08,3.250638e-02,1.133959e-04,2.443897e-06,1
75.740000,DS_terminal,5,3.206331e-06,6.255510e-08,3.195246e-02,1.003469e-04,1.957756e-06,1
75.840000,DS_terminal,5,2.734384e-06,4.696859e-08,3.126892e-02,8.744734e-05,1.502086e-06,1
75.940000,DS_terminal,5,2.273229e-06,3.280540e-08,3.046301e-02,7.462260e-05,1.076893e-06,1
76.040000,DS_terminal,5,1.825614e-06,2.047085e-08,2.954323e-02,6.179468e-05,6.929117e-07,1
76.140000,DS_terminal,5,1.394022e-06,1.183068e-08,2.851916e-02,4.888018e-05,4.148326e-07,1
76.240000,DS_terminal,5,9.565247e-07,1.254164e-08,2.398521e-02,3.987977e-05,5.228906e-07,1
76.340000,DS_terminal,5,4.713430e-07,1.938889e-08,2.607685e-02,1.807515e-05,7.435287e-07,1
76.440000,DS_terminal,5,1.836313e-08,2.349459e-08,2.522581e-02,7.279501e-07,9.313709e-07,1
76.540000,DS_terminal,5,3.850991e-07,2.637829e-08,2.236985e-02,1.721509e-05,1.179189e-06,1
76.640000,DS_terminal,5,6.830568e-07,2.823944e-08,1.324726e-02,5.156213e-05,2.131720e-06,1
76.740000,DS_terminal,5,8.946995e-07,2.937138e-08,9.666778e-03,9.255406e-05,3.038384e-06,1
76.840000,DS_terminal,5,1.020081e-06,2.976470e-08,6.950801e-03,1.467573e-04,4.282197e-06,1
76.940000,DS_terminal,5,1.073774e-06,2.960578e-08,5.336884e-03,2.011986e-04,5.547390e-06,1
77.040000,DS_terminal,5,1.074070e-06,2.907417e-08,4.748180e-03,2.262066e-04,6.123225e-06,1
77.140000,DS_terminal,5,1.039393e-06,2.831673e-08,4.734424e-03,2.195394e-04,5.981029e-06,1
77.240000,DS_terminal,5,9.856342e-07,2.743996e-08,4.883555e-03,2.018272e-04,5.618850e-06,1
77.340000,DS_terminal,5,9.249590e-07,2.651367e-08,5.020314e-03,1.842433e-04,5.281277e-06,1
77.440000,DS_terminal,5,8.657694e-07,2.558329e-08,5.108087e-03,1.694899e-04,5.008390e-06,1
77.540000,DS_terminal,5,8.131856e-07,2.468178e-08,5.160710e-03,1.575724e-04,4.782632e-06,1
77.640000,DS_terminal,5,7.696113e-07,2.383415e-08,5.202680e-03,1.479259e-04,4.581129e-06,1
77.740000,DS_terminal,5,7.352752e-07,2.305454e-08,5.248022e-03,1.401052e-04,4.392996e-06,1
77.840000,DS_terminal,5,7.089297e-07,2.234482e-08,5.294037e-03,1.339110e-04,4.220753e-06,1
77.940000,DS_terminal,5,6.886260e-07,2.169842e-08,5.330891e-03,1.291765e-04,4.070317e-06,1
78.040000,DS_terminal,5,6.723104e-07,2.110492e-08,5.351962e-03,1.256194e-04,3.943399e-06,1
78.140000,DS_terminal,5,6.581960e-07,2.055313e-08,5.356266e-03,1.228834e-04,3.837213e-06,1
78.240000,DS_terminal,5,6.449388e-07,2.003282e-08,5.346485e-03,1.206286e-04,3.746914e-06,1
78.340000,DS_terminal,5,6.316749e-07,1.953551e-08,5.326451e-03,1.185921e-04,3.667642e-06,1
78.440000,DS_terminal,5,6.179653e-07,1.905483e-08,5.299578e-03,1.166065e-04,3.595536e-06,1
78.540000,DS_terminal,5,6.036939e-07,1.858635e-08,5.268331e-03,1.145892e-04,3.527940e-06,1
78.640000,DS_terminal,5,5.889539e-07,1.812736e-08,5.234321e-03,1.125177e-04,3.463173e-06,1
78.740000,DS_terminal,5,5.739468e-07,1.767644e-08,5.198615e-03,1.104038e-04,3.400220e-06,1
78.840000,DS_terminal,5,5.589012e-07,1.723307e-08,5.162007e-03,1.082721e-04,3.338443e-06,1
78.940000,DS_terminal,5,5.440244e-07,1.679733e-08,5.125161e-03,1.061478e-04,3.277426e-06,1
79.040000,DS_terminal,5,5.294714e-07,1.636963e-08,5.088650e-03,1.040495e-04,3.216890e-06,1
79.140000,DS_terminal,5,5.153410e-07,1.595046e-08,5.052941e-03,1.019883e-04,3.156669e-06,1
79.240000,DS_terminal,5,5.016763e-07,1.554033e-08,5.018363e-03,9.996811e-05,3.096694e-06,1
79.340000,DS_terminal,5,4.884807e-07,1.513965e-08,4.985106e-03,9.798803e-05,3.036976e-06,1
79.440000,DS_terminal,5,4.757309e-07,1.474868e-08,4.953217e-03,9.604483e-05,2.977596e-06,1
79.540000,DS_terminal,5,4.633891e-07,1.436757e-08,4.922627e-03,9.413451e-05,2.918679e-06,1
79.640000,DS_terminal,5,4.514146e-07,1.399632e-08,4.893177e-03,9.225389e-05,2.860375e-06,1
79.740000,DS_terminal,5,4.397712e-07,1.363484e-08,4.864662e-03,9.040119e-05,2.802835e-06,1
79.840000,DS_terminal,5,4.284292e-07,1.328295e-08,4.836851e-03,8.857606e-05,2.746198e-06,1
79.940000,DS_terminal,5,4.173681e-07,1.294040e-08,4.809524e-03,8.677949e-05,2.690579e-06,1
80.040000,DS_terminal,5,4.065740e-07,1.260694e-08,4.782489e-03,8.501306e-05,2.636062e-06,1
80.140000,DS_terminal,5,3.960405e-07,1.228227e-08,4.755600e-03,8.327876e-05,2.582695e-06,1
80.240000,DS_terminal,5,3.857631e-07,1.196610e-08,4.728752e-03,8.157819e-05,2.530498e-06,1
80.340000,DS_terminal,5,3.757400e-07,1.165817e-08,4.701891e-03,7.991252e-05,2.479464e-06,1
80.440000,DS_terminal,5,3.659699e-07,1.135821e-08,4.674998e-03,7.828236e-05,2.429564e-06,1
80.540000,DS_terminal,5,3.564501e-07,1.106597e-08,4.648087e-03,7.668750e-05,2.380759e-06,1
80.640000,DS_terminal,5,3.471780e-07,1.078124e-08,4.621186e-03,7.512747e-05,2.333002e-06,1
80.740000,DS_terminal,5,3.381483e-07,1.050379e-08,4.594335e-03,7.360114e-05,2.286248e-06,1
80.840000,DS_terminal,5,3.293559e-07,1.023343e-08,4.567577e-03,7.210735e-05,2.240451e-06,1
80.940000,DS_terminal,5,3.207940e-07,9.969983e-09,4.540948e-03,7.064471e-05,2.195573e-06,1
81.040000,DS_terminal,5,3.124562e-07,9.713260e-09,4.514479e-03,6.921202e-05,2.151579e-06,1
81.140000,DS_terminal,5,3.043357e-07,9.463098e-09,4.488192e-03,6.780809e-05,2.108443e-06,1
81.240000,DS_terminal,5,2.964258e-07,9.219331e-09,4.462096e-03,6.643196e-05,2.066144e-06,1
81.340000,DS_terminal,5,2.887201e-07,8.981801e-09,4.436199e-03,6.508276e-05,2.024661e-06,1
81.440000,DS_terminal,5,2.812130e-07,8.750353e-09,4.410501e-03,6.375988e-05,1.983982e-06,1
81.540000,DS_terminal,5,2.738988e-07,8.524833e-09,4.384996e-03,6.246273e-05,1.944091e-06,1
81.640000,DS_terminal,5,2.667726e-07,8.305093e-09,4.359679e-03,6.119088e-05,1.904978e-06,1
81.740000,DS_terminal,5,2.598294e-07,8.090983e-09,4.334542e-03,5.994391e-05,1.866629e-06,1
81.840000,DS_terminal,5,2.530646e-07,7.882361e-09,4.309581e-03,5.872139e-05,1.829032e-06,1
81.940000,DS_terminal,5,2.464738e-07,7.679088e-09,4.284789e-03,5.752298e-05,1.792174e-06,1
82.040000,DS_terminal,5,2.400529e-07,7.481025e-09,4.260163e-03,5.634828e-05,1.756042e-06,1
82.140000,DS_terminal,5,2.337975e-07,7.288041e-09,4.235702e-03,5.519687e-05,1.720622e-06,1
82.240000,DS_terminal,5,2.277033e-07,7.100001e-09,4.211402e-03,5.406829e-05,1.685900e-06,1
82.340000,DS_terminal,5,2.217665e-07,6.916778e-09,4.187265e-03,5.296214e-05,1.651860e-06,1
82.440000,DS_terminal,5,2.159831e-07,6.738251e-09,4.163291e-03,5.187796e-05,1.618491e-06,1
82.540000,DS_terminal,5,2.103489e-07,6.564296e-09,4.139480e-03,5.081530e-05,1.585778e-06,1
82.640000,DS_terminal,5,2.048602e-07,6.394800e-09,4.115833e-03,4.977369e-05,1.553708e-06,1
82.740000,DS_terminal,5,1.995133e-07,6.229644e-09,4.092350e-03,4.875276e-05,1.522266e-06,1
82.840000,DS_terminal,5,1.943045e-07,6.068717e-09,4.069031e-03,4.775202e-05,1.491440e-06,1
82.940000,DS_terminal,5,1.892301e-07,5.911915e-09,4.045878e-03,4.677109e-05,1.461219e-06,1
83.040000,DS_terminal,5,1.842867e-07,5.759130e-09,4.022890e-03,4.580952e-05,1.431590e-06,1
83.140000,DS_terminal,5,1.794710e-07,5.610255e-09,4.000067e-03,4.486699e-05,1.402540e-06,1
83.240000,DS_terminal,5,1.747795e-07,5.465196e-09,3.977409e-03,4.394307e-05,1.374059e-06,1
83.340000,DS_terminal,5,1.702092e-07,5.323853e-09,3.954914e-03,4.303740e-05,1.346136e-06,1
83.440000,DS_terminal,5,1.657570e-07,5.186130e-09,3.932585e-03,4.214961e-05,1.318759e-06,1
83.540000,DS_terminal,5,1.614197e-07,5.051935e-09,3.910419e-03,4.127939e-05,1.291917e-06,1
83.640000,DS_terminal,5,1.571944e-07,4.921178e-09,3.888416e-03,4.042634e-05,1.265600e-06,1
83.740000,DS_terminal,5,1.530784e-07,4.793772e-09,3.866575e-03,3.959017e-05,1.239798e-06,1
83.840000,DS_terminal,5,1.490687e-07,4.669627e-09,3.844897e-03,3.877052e-05,1.214500e-06,1
83.940000,DS_terminal,5,1.451625e-07,4.548665e-09,3.823383e-03,3.796704e-05,1.189697e-06,1
84.040000,DS_terminal,5,1.413574e-07,4.430802e-09,3.802029e-03,3.717947e-05,1.165378e-06,1
84.140000,DS_terminal,5,1.376507e-07,4.315958e-09,3.780836e-03,3.640748e-05,1.141535e-06,1
84.240000,DS_terminal,5,1.340399e-07,4.204058e-09,3.759806e-03,3.565075e-05,1.118158e-06,1
84.340000,DS_terminal,5,1.305225e-07,4.095024e-09,3.738936e-03,3.490899e-05,1.095238e-06,1
84.440000,DS_terminal,5,1.270960e-07,3.988785e-09,3.718227e-03,3.418188e-05,1.072765e-06,1
84.540000,DS_terminal,5,1.237582e-07,3.904441e-09,3.697679e-03,3.346916e-05,1.055917e-06,1
