t_k_s,t_kp1_s,phase_kp1,e_h_x_Nms,e_h_y_Nms,e_h_z_Nms,e_h_inf_Nms,nmpc_active
0.010000,0.020000,DS_interstep,-1.041759e-11,1.385347e-11,-2.184461e-10,2.184461e-10,0
0.020000,0.030000,DS_interstep,-7.466420e-12,8.532481e-12,-1.366944e-10,1.366944e-10,0
0.030000,0.040000,DS_interstep,-5.585984e-12,7.832998e-12,-8.306301e-11,8.306301e-11,0
0.040000,0.050000,DS_interstep,-1.961336e-12,4.155758e-12,-4.918714e-11,4.918714e-11,0
0.050000,0.060000,DS_interstep,2.493826e-12,1.507378e-12,-2.732160e-11,2.732160e-11,0
0.060000,0.070000,DS_interstep,7.035622e-12,-7.771442e-13,-1.278286e-11,1.278286e-11,0
0.070000,0.080000,DS_interstep,1.095258e-11,-1.878353e-12,-2.575113e-12,1.095258e-11,0
0.080000,0.090000,DS_interstep,1.389961e-11,-2.100045e-12,5.027379e-12,1.389961e-11,0
0.090000,0.100000,DS_interstep,1.573798e-11,-1.300564e-12,1.097996e-11,1.573798e-11,0
0.100000,0.110000,SS,2.109434e-02,-4.168921e-02,2.365000e-02,4.168921e-02,0
0.110000,0.210000,SS,2.461441e-02,-5.880167e-02,2.177248e-02,5.880167e-02,1
0.210000,0.310000,SS,2.284335e-02,-6.333274e-02,2.630175e-02,6.333274e-02,1
0.310000,0.410000,SS,2.779573e-02,-6.679891e-02,2.328388e-02,6.679891e-02,1
0.410000,0.510000,SS,3.132556e-02,-6.573413e-02,2.181592e-02,6.573413e-02,1
0.510000,0.610000,SS,3.538878e-02,-6.130126e-02,2.036656e-02,6.130126e-02,1
0.610000,0.710000,SS,3.892301e-02,-5.454330e-02,1.908850e-02,5.454330e-02,1
0.710000,0.810000,SS,4.175043e-02,-4.640634e-02,1.856941e-02,4.640634e-02,1
0.810000,0.910000,SS,4.297029e-02,-3.793896e-02,1.913619e-02,4.297029e-02,1
0.910000,1.010000,SS,4.194198e-02,-3.014242e-02,2.150224e-02,4.194198e-02,1
1.010000,1.110000,SS,3.803456e-02,-2.353989e-02,2.597372e-02,3.803456e-02,1
1.110000,1.210000,SS,3.110844e-02,-1.841773e-02,3.275308e-02,3.275308e-02,1
1.210000,1.310000,SS,2.136381e-02,-1.478054e-02,4.154310e-02,4.154310e-02,1
1.310000,1.410000,SS,9.350324e-03,-1.251580e-02,5.174806e-02,5.174806e-02,1
1.410000,1.510000,SS,-4.022286e-03,-1.148947e-02,6.256070e-02,6.256070e-02,1
1.510000,1.610000,SS,-1.762349e-02,-1.141299e-02,7.294005e-02,7.294005e-02,1
1.610000,1.710000,SS,-3.058808e-02,-1.205773e-02,8.217308e-02,8.217308e-02,1
1.710000,1.810000,SS,-4.175914e-02,-1.285658e-02,8.936587e-02,8.936587e-02,1
1.810000,1.910000,SS,-5.096071e-02,-1.341788e-02,9.428405e-02,9.428405e-02,1
1.910000,2.010000,SS,-5.735504e-02,-1.302812e-02,9.638399e-02,9.638399e-02,1
2.010000,2.110000,SS,-6.162826e-02,-1.157641e-02,9.599517e-02,9.599517e-02,1
2.110000,2.210000,SS,-6.412414e-02,-9.195808e-03,9.343519e-02,9.343519e-02,1
2.210000,2.310000,SS,-6.447749e-02,-6.267639e-03,8.897560e-02,8.897560e-02,1
2.310000,2.410000,SS,-6.242061e-02,-3.566971e-03,8.290001e-02,8.290001e-02,1
2.410000,2.510000,SS,-5.718051e-02,-8.696519e-04,7.377284e-02,7.377284e-02,1
2.510000,2.610000,SS,-4.750107e-02,5.440435e-03,5.411591e-02,5.411591e-02,1
2.610000,2.710000,SS,-3.660979e-02,7.924384e-03,3.809721e-02,3.809721e-02,1
2.710000,2.810000,SS,-2.313985e-02,4.742794e-03,2.395924e-02,2.395924e-02,1
2.810000,2.910000,SS,-7.802424e-03,-6.007138e-04,1.363101e-02,1.363101e-02,1
2.910000,3.020000,DS_interstep,3.818549e-02,8.311794e-02,-3.614066e-02,8.311794e-02,0
3.020000,3.030000,DS_interstep,3.798736e-02,-5.285088e-02,1.045517e-01,1.045517e-01,0
3.030000,3.040000,DS_interstep,1.093881e-02,-5.748928e-02,6.592100e-02,6.592100e-02,0
3.040000,3.050000,DS_interstep,-3.148955e-03,-4.344466e-02,3.551469e-02,4.344466e-02,0
3.050000,3.060000,DS_interstep,-5.379545e-03,-2.419253e-02,1.618183e-02,2.419253e-02,0
3.060000,3.070000,DS_interstep,-2.954100e-03,-1.979288e-03,2.506885e-03,2.954100e-03,0
3.070000,3.080000,DS_interstep,-5.761319e-04,1.213190e-02,-9.908979e-03,1.213190e-02,0
3.080000,3.090000,DS_interstep,1.569159e-03,2.203603e-02,-2.197564e-02,2.203603e-02,0
3.090000,3.100000,DS_interstep,3.443984e-03,2.930933e-02,-3.333461e-02,3.333461e-02,0
3.100000,3.110000,DS_interstep,5.148549e-03,3.493347e-02,-4.341750e-02,4.341750e-02,0
3.110000,3.120000,DS_interstep,6.790368e-03,3.796614e-02,-4.893167e-02,4.893167e-02,0
3.120000,3.130000,DS_interstep,6.879850e-03,4.029039e-02,-5.435903e-02,5.435903e-02,0
3.130000,3.140000,DS_interstep,5.920437e-03,4.253524e-02,-5.929153e-02,5.929153e-02,0
3.140000,3.150000,DS_interstep,5.520254e-03,4.271718e-02,-6.103809e-02,6.103809e-02,0
3.150000,3.160000,DS_interstep,5.210744e-03,4.136413e-02,-5.985217e-02,5.985217e-02,0
3.160000,3.170000,DS_interstep,4.395130e-03,3.901930e-02,-5.734845e-02,5.734845e-02,0
3.170000,3.180000,DS_interstep,3.397103e-03,3.590416e-02,-5.373171e-02,5.373171e-02,0
3.180000,3.190000,DS_interstep,2.363294e-03,3.225874e-02,-4.926487e-02,4.926487e-02,0
3.190000,3.200000,DS_interstep,1.378674e-03,2.829814e-02,-4.421807e-02,4.421807e-02,0
3.200000,3.210000,DS_interstep,4.937763e-04,2.418010e-02,-3.886319e-02,3.886319e-02,0
3.210000,3.220000,DS_interstep,-2.301890e-04,2.000091e-02,-3.348722e-02,3.348722e-02,0
3.220000,3.230000,DS_interstep,-7.097381e-04,1.601774e-02,-2.830518e-02,2.830518e-02,0
3.230000,3.240000,DS_interstep,-9.675873e-04,1.242243e-02,-2.344821e-02,2.344821e-02,0
3.240000,3.250000,DS_interstep,-1.084145e-03,9.284488e-03,-1.898277e-02,1.898277e-02,0
3.250000,3.260000,DS_interstep,-1.122706e-03,6.596745e-03,-1.497906e-02,1.497906e-02,0
3.260000,3.270000,DS_interstep,-1.078456e-03,4.221580e-03,-1.129068e-02,1.129068e-02,0
3.270000,3.280000,DS_interstep,-9.534270e-04,2.189673e-03,-8.054134e-03,8.054134e-03,0
3.280000,3.290000,DS_interstep,-7.672255e-04,6.916377e-04,-5.625219e-03,5.625219e-03,0
3.290000,3.300000,DS_interstep,-5.024739e-04,-2.704097e-04,-4.036832e-03,4.036832e-03,0
3.300000,3.310000,DS_interstep,-1.448599e-04,-7.875716e-04,-3.157795e-03,3.157795e-03,0
3.310000,3.320000,DS_interstep,2.955891e-04,-9.567255e-04,-2.823515e-03,2.823515e-03,0
3.320000,3.330000,DS_interstep,7.922669e-04,-8.530439e-04,-2.899851e-03,2.899851e-03,0
3.330000,3.340000,DS_interstep,1.314097e-03,-5.297813e-04,-3.297441e-03,3.297441e-03,0
3.340000,3.350000,DS_interstep,1.833390e-03,-3.092104e-05,-3.947142e-03,3.947142e-03,0
3.350000,3.360000,DS_interstep,2.331728e-03,6.043474e-04,-4.797318e-03,4.797318e-03,0
3.360000,3.370000,DS_interstep,2.798068e-03,1.339708e-03,-5.796274e-03,5.796274e-03,0
3.370000,3.380000,DS_interstep,3.229264e-03,2.141570e-03,-6.895142e-03,6.895142e-03,0
3.380000,3.390000,DS_interstep,3.625764e-03,2.977429e-03,-8.047285e-03,8.047285e-03,0
3.390000,3.400000,DS_interstep,3.989156e-03,3.816057e-03,-9.208263e-03,9.208263e-03,0
3.400000,3.410000,DS_interstep,4.318738e-03,4.626753e-03,-1.033819e-02,1.033819e-02,0
3.410000,3.420000,DS_interstep,4.608515e-03,5.377561e-03,-1.139669e-02,1.139669e-02,0
3.420000,3.430000,DS_interstep,4.851561e-03,6.040963e-03,-1.234963e-02,1.234963e-02,0
3.430000,3.440000,DS_interstep,5.040158e-03,6.593760e-03,-1.316831e-02,1.316831e-02,0
3.440000,3.450000,DS_interstep,5.169475e-03,7.020545e-03,-1.382904e-02,1.382904e-02,0
3.450000,3.460000,DS_interstep,5.237884e-03,7.314429e-03,-1.432031e-02,1.432031e-02,0
3.460000,3.470000,DS_interstep,5.248351e-03,7.477528e-03,-1.463939e-02,1.463939e-02,0
3.470000,3.480000,DS_interstep,5.207188e-03,7.518865e-03,-1.479260e-02,1.479260e-02,0
3.480000,3.490000,DS_interstep,5.121993e-03,7.452765e-03,-1.479707e-02,1.479707e-02,0
3.490000,3.500000,DS_interstep,5.002394e-03,7.297789e-03,-1.466839e-02,1.466839e-02,0
3.500000,3.510000,DS_interstep,4.858281e-03,7.073380e-03,-1.443138e-02,1.443138e-02,0
3.510000,3.520000,DS_interstep,4.697259e-03,6.801033e-03,-1.411291e-02,1.411291e-02,0
3.520000,3.530000,DS_interstep,4.527178e-03,6.498491e-03,-1.373806e-02,1.373806e-02,0
3.530000,3.540000,DS_interstep,4.354826e-03,6.185304e-03,-1.333261e-02,1.333261e-02,0
3.540000,3.550000,DS_interstep,4.183936e-03,5.876511e-03,-1.291951e-02,1.291951e-02,0
3.550000,3.560000,DS_interstep,4.018720e-03,5.584400e-03,-1.251772e-02,1.251772e-02,0
3.560000,3.570000,DS_interstep,3.860941e-03,5.319565e-03,-1.214262e-02,1.214262e-02,0
3.570000,3.580000,DS_interstep,3.711658e-03,5.088644e-03,-1.180686e-02,1.180686e-02,0
3.580000,3.590000,DS_interstep,3.571574e-03,4.896502e-03,-1.151935e-02,1.151935e-02,0
3.590000,3.600000,DS_interstep,3.439869e-03,4.744723e-03,-1.128364e-02,1.128364e-02,0
3.600000,3.610000,DS_interstep,3.316411e-03,4.633328e-03,-1.110295e-02,1.110295e-02,0
3.610000,3.620000,DS_interstep,3.199756e-03,4.560669e-03,-1.097620e-02,1.097620e-02,0
3.620000,3.630000,DS_interstep,3.088970e-03,4.524103e-03,-1.090228e-02,1.090228e-02,0
3.630000,3.640000,DS_interstep,2.982837e-03,4.519596e-03,-1.087591e-02,1.087591e-02,0
3.640000,3.650000,DS_interstep,2.880012e-03,4.541811e-03,-1.089221e-02,1.089221e-02,0
3.650000,3.660000,DS_interstep,2.779379e-03,4.586904e-03,-1.094559e-02,1.094559e-02,0
3.660000,3.670000,DS_interstep,2.680015e-03,4.649206e-03,-1.102827e-02,1.102827e-02,0
3.670000,3.680000,DS_interstep,2.580656e-03,4.723685e-03,-1.113504e-02,1.113504e-02,0
3.680000,3.690000,DS_interstep,2.480403e-03,4.805830e-03,-1.125812e-02,1.125812e-02,0
3.690000,3.700000,DS_interstep,2.378983e-03,4.891074e-03,-1.139135e-02,1.139135e-02,0
3.700000,3.710000,DS_interstep,2.275417e-03,4.975137e-03,-1.152829e-02,1.152829e-02,0
3.710000,3.720000,DS_interstep,2.169839e-03,5.055277e-03,-1.166493e-02,1.166493e-02,0
3.720000,3.730000,DS_interstep,2.061635e-03,5.127986e-03,-1.179499e-02,1.179499e-02,0
3.730000,3.740000,DS_interstep,1.951075e-03,5.191627e-03,-1.191598e-02,1.191598e-02,0
3.740000,3.750000,DS_interstep,1.838179e-03,5.244733e-03,-1.202475e-02,1.202475e-02,0
3.750000,3.760000,DS_interstep,1.723352e-03,5.286037e-03,-1.211914e-02,1.211914e-02,0
3.760000,3.770000,DS_interstep,1.606959e-03,5.315695e-03,-1.219830e-02,1.219830e-02,0
3.770000,3.780000,DS_interstep,1.489358e-03,5.333405e-03,-1.226173e-02,1.226173e-02,0
3.780000,3.790000,DS_interstep,1.371105e-03,5.340444e-03,-1.230950e-02,1.230950e-02,0
3.790000,3.800000,DS_interstep,1.252669e-03,5.337269e-03,-1.234335e-02,1.234335e-02,0
3.800000,3.810000,DS_interstep,1.134806e-03,5.325194e-03,-1.236311e-02,1.236311e-02,0
3.810000,3.820000,DS_interstep,1.017523e-03,5.305782e-03,-1.237185e-02,1.237185e-02,0
3.820000,3.830000,DS_interstep,9.018509e-04,5.280707e-03,-1.237109e-02,1.237109e-02,0
3.830000,3.840000,DS_interstep,7.878298e-04,5.250733e-03,-1.236177e-02,1.236177e-02,0
3.840000,3.850000,DS_interstep,6.760501e-04,5.218328e-03,-1.234752e-02,1.234752e-02,0
3.850000,3.860000,DS_interstep,5.665968e-04,5.184014e-03,-1.232887e-02,1.232887e-02,0
3.860000,3.870000,DS_interstep,4.597411e-04,5.149128e-03,-1.230837e-02,1.230837e-02,0
3.870000,3.880000,DS_interstep,3.558189e-04,5.115102e-03,-1.228705e-02,1.228705e-02,0
3.880000,3.890000,DS_interstep,2.603403e-04,5.163066e-03,-1.215302e-02,1.215302e-02,0
3.890000,3.900000,DS_interstep,1.575936e-04,5.266854e-03,-1.194703e-02,1.194703e-02,0
3.900000,3.910000,DS_interstep,2.571459e-05,5.200651e-03,-1.167497e-02,1.167497e-02,0
3.910000,3.920000,DS_interstep,-9.998934e-05,5.074404e-03,-1.135664e-02,1.135664e-02,0
3.920000,3.930000,DS_interstep,-2.180700e-04,4.914258e-03,-1.100617e-02,1.100617e-02,0
3.930000,3.940000,DS_interstep,-3.295708e-04,4.730694e-03,-1.063149e-02,1.063149e-02,0
3.940000,3.950000,DS_interstep,-4.350532e-04,4.530746e-03,-1.023924e-02,1.023924e-02,0
3.950000,3.960000,DS_interstep,-5.347158e-04,4.319946e-03,-9.834261e-03,9.834261e-03,0
3.960000,3.970000,DS_interstep,-6.286523e-04,4.102858e-03,-9.421426e-03,9.421426e-03,0
3.970000,3.980000,DS_interstep,-7.174470e-04,3.883480e-03,-9.005108e-03,9.005108e-03,0
3.980000,3.990000,DS_interstep,-8.007364e-04,3.665176e-03,-8.589670e-03,8.589670e-03,0
3.990000,4.000000,DS_interstep,-8.790217e-04,3.450506e-03,-8.178398e-03,8.178398e-03,0
4.000000,4.010000,DS_interstep,-9.522355e-04,3.241760e-03,-7.775023e-03,7.775023e-03,0
4.010000,4.020000,DS_interstep,-1.020355e-03,3.040024e-03,-7.381513e-03,7.381513e-03,0
4.020000,4.030000,DS_interstep,-1.083187e-03,2.846705e-03,-7.000417e-03,7.000417e-03,0
4.030000,4.040000,DS_interstep,-1.141503e-03,2.662394e-03,-6.633182e-03,6.633182e-03,0
4.040000,4.050000,DS_interstep,-1.194608e-03,2.488640e-03,-6.280628e-03,6.280628e-03,0
4.050000,4.060000,DS_interstep,-1.243235e-03,2.325159e-03,-5.943337e-03,5.943337e-03,0
4.060000,4.070000,DS_interstep,-1.287780e-03,2.171437e-03,-5.621864e-03,5.621864e-03,0
4.070000,4.080000,DS_interstep,-1.328455e-03,2.026255e-03,-5.315849e-03,5.315849e-03,0
4.080000,4.090000,DS_interstep,-1.365808e-03,1.889814e-03,-5.025853e-03,5.025853e-03,0
4.090000,4.100000,DS_interstep,-1.400021e-03,1.761008e-03,-4.751545e-03,4.751545e-03,0
4.100000,4.110000,DS_interstep,-1.431192e-03,1.639912e-03,-4.492559e-03,4.492559e-03,0
4.110000,4.120000,DS_interstep,-1.459659e-03,1.525609e-03,-4.248512e-03,4.248512e-03,0
4.120000,4.130000,DS_interstep,-1.485690e-03,1.418005e-03,-4.018835e-03,4.018835e-03,0
4.130000,4.140000,DS_interstep,-1.509340e-03,1.316413e-03,-3.802760e-03,3.802760e-03,0
4.140000,4.150000,DS_interstep,-1.530779e-03,1.220658e-03,-3.599777e-03,3.599777e-03,0
4.150000,4.160000,DS_interstep,-1.550559e-03,1.130680e-03,-3.409936e-03,3.409936e-03,0
4.160000,4.170000,DS_interstep,-1.569270e-03,1.047419e-03,-3.234771e-03,3.234771e-03,0
4.170000,4.180000,DS_interstep,-1.586844e-03,9.695488e-04,-3.072958e-03,3.072958e-03,0
4.180000,4.190000,DS_interstep,-1.603099e-03,8.964684e-04,-2.922664e-03,2.922664e-03,0
4.190000,4.200000,DS_interstep,-1.617880e-03,8.278236e-04,-2.782477e-03,2.782477e-03,0
4.200000,4.210000,DS_interstep,-1.631402e-03,7.628016e-04,-2.651550e-03,2.651550e-03,0
4.210000,4.220000,DS_interstep,-1.643596e-03,7.012010e-04,-2.528395e-03,2.528395e-03,0
4.220000,4.230000,DS_interstep,-1.654381e-03,6.428508e-04,-2.412661e-03,2.412661e-03,0
4.230000,4.240000,DS_interstep,-1.664133e-03,5.872714e-04,-2.302998e-03,2.302998e-03,0
4.240000,4.250000,DS_interstep,-1.672715e-03,5.342186e-04,-2.199185e-03,2.199185e-03,0
4.250000,4.260000,DS_interstep,-1.680080e-03,4.835748e-04,-2.100204e-03,2.100204e-03,0
4.260000,4.270000,DS_interstep,-1.686490e-03,4.353539e-04,-2.006011e-03,2.006011e-03,0
4.270000,4.280000,DS_interstep,-1.691805e-03,3.892415e-04,-1.915623e-03,1.915623e-03,0
4.280000,4.290000,DS_interstep,-1.695977e-03,3.452160e-04,-1.828978e-03,1.828978e-03,0
4.290000,4.300000,DS_interstep,-1.699284e-03,3.032648e-04,-1.745574e-03,1.745574e-03,0
4.300000,4.310000,DS_interstep,-1.701444e-03,2.632249e-04,-1.665267e-03,1.701444e-03,0
4.310000,4.320000,DS_interstep,-1.702538e-03,2.251490e-04,-1.587784e-03,1.702538e-03,0
4.320000,4.330000,DS_interstep,-1.702517e-03,1.889185e-04,-1.512933e-03,1.702517e-03,0
4.330000,4.340000,DS_interstep,-1.701620e-03,1.545330e-04,-1.440390e-03,1.701620e-03,0
4.340000,4.350000,DS_interstep,-1.699349e-03,1.219459e-04,-1.370182e-03,1.699349e-03,0
4.350000,4.360000,DS_interstep,-1.696317e-03,9.107364e-05,-1.302287e-03,1.696317e-03,0
4.360000,4.370000,DS_interstep,-1.692042e-03,6.192158e-05,-1.236484e-03,1.692042e-03,0
4.370000,4.380000,DS_interstep,-1.686773e-03,3.445919e-05,-1.172785e-03,1.686773e-03,0
4.380000,4.390000,DS_interstep,-1.680442e-03,8.585550e-06,-1.111137e-03,1.680442e-03,0
4.390000,4.400000,DS_interstep,-1.673011e-03,-1.572941e-05,-1.051506e-03,1.673011e-03,0
4.400000,4.410000,DS_interstep,-1.664638e-03,-3.849122e-05,-9.938808e-04,1.664638e-03,0
4.410000,4.420000,DS_interstep,-1.655191e-03,-5.982568e-05,-9.382379e-04,1.655191e-03,0
4.420000,4.430000,DS_interstep,-1.644785e-03,-7.969063e-05,-8.845486e-04,1.644785e-03,0
4.430000,4.440000,DS_interstep,-1.633326e-03,-9.822828e-05,-8.328434e-04,1.633326e-03,0
4.440000,4.450000,DS_interstep,-1.621020e-03,-1.154273e-04,-7.830688e-04,1.621020e-03,0
4.450000,4.460000,DS_interstep,-1.607777e-03,-1.313723e-04,-7.352246e-04,1.607777e-03,0
4.460000,4.470000,DS_interstep,-1.593596e-03,-1.461192e-04,-6.893202e-04,1.593596e-03,0
4.470000,4.480000,DS_interstep,-1.578720e-03,-1.596976e-04,-6.452846e-04,1.578720e-03,0
4.480000,4.490000,DS_interstep,-1.562998e-03,-1.721947e-04,-6.031560e-04,1.562998e-03,0
4.490000,4.500000,DS_interstep,-1.546319e-03,-1.835940e-04,-5.628679e-04,1.546319e-03,0
4.500000,4.510000,DS_interstep,-1.529049e-03,-1.940416e-04,-5.244049e-04,1.529049e-03,0
4.510000,4.520000,DS_interstep,-1.511050e-03,-2.034858e-04,-4.877304e-04,1.511050e-03,0
4.520000,4.530000,DS_interstep,-1.492501e-03,-2.120442e-04,-4.528250e-04,1.492501e-03,0
4.530000,4.540000,DS_interstep,-1.473286e-03,-2.197328e-04,-4.196321e-04,1.473286e-03,0
4.540000,4.550000,DS_interstep,-1.453475e-03,-2.265890e-04,-3.881055e-04,1.453475e-03,0
4.550000,4.560000,DS_interstep,-1.433201e-03,-2.326675e-04,-3.582282e-04,1.433201e-03,0
4.560000,4.570000,DS_interstep,-1.412362e-03,-2.380124e-04,-3.299424e-04,1.412362e-03,0
4.570000,4.580000,DS_interstep,-1.391105e-03,-2.426558e-04,-3.031829e-04,1.391105e-03,0
4.580000,4.590000,DS_interstep,-1.369500e-03,-2.466065e-04,-2.779399e-04,1.369500e-03,0
4.590000,4.600000,DS_interstep,-1.347595e-03,-2.499354e-04,-2.541274e-04,1.347595e-03,0
4.600000,4.610000,DS_interstep,-1.325245e-03,-2.527027e-04,-2.317246e-04,1.325245e-03,0
4.610000,4.620000,DS_interstep,-1.302684e-03,-2.548545e-04,-2.106639e-04,1.302684e-03,0
4.620000,4.630000,DS_interstep,-1.279879e-03,-2.564972e-04,-1.908942e-04,1.279879e-03,0
4.630000,4.640000,DS_interstep,-1.256930e-03,-2.576267e-04,-1.723770e-04,1.256930e-03,0
4.640000,4.650000,DS_interstep,-1.233796e-03,-2.582932e-04,-1.550646e-04,1.233796e-03,0
4.650000,4.660000,DS_interstep,-1.210439e-03,-2.584942e-04,-1.388877e-04,1.210439e-03,0
4.660000,4.670000,DS_interstep,-1.187123e-03,-2.583085e-04,-1.238196e-04,1.187123e-03,0
4.670000,4.680000,DS_interstep,-1.163727e-03,-2.576832e-04,-1.098052e-04,1.163727e-03,0
4.680000,4.690000,DS_interstep,-1.140277e-03,-2.567298e-04,-9.678996e-05,1.140277e-03,0
4.690000,4.700000,DS_interstep,-1.116764e-03,-2.554505e-04,-8.473211e-05,1.116764e-03,0
4.700000,4.710000,DS_interstep,-1.093320e-03,-2.537675e-04,-7.359074e-05,1.093320e-03,0
4.710000,4.720000,DS_interstep,-1.070128e-03,-2.517602e-04,-6.331786e-05,1.070128e-03,0
4.720000,4.730000,DS_interstep,-1.046728e-03,-2.496452e-04,-5.386757e-05,1.046728e-03,0
4.730000,4.740000,DS_interstep,-1.023524e-03,-2.472085e-04,-4.520422e-05,1.023524e-03,0
4.740000,4.750000,DS_interstep,-1.000605e-03,-2.443850e-04,-3.726741e-05,1.000605e-03,0
4.750000,4.760000,DS_interstep,-9.776796e-04,-2.415124e-04,-3.004664e-05,9.776796e-04,0
4.760000,4.770000,DS_interstep,-9.550196e-04,-2.384115e-04,-2.347461e-05,9.550196e-04,0
4.770000,4.780000,DS_interstep,-9.324828e-04,-2.351378e-04,-1.753753e-05,9.324828e-04,0
4.780000,4.790000,DS_interstep,-9.101712e-04,-2.316168e-04,-1.217173e-05,9.101712e-04,0
4.790000,4.800000,DS_interstep,-8.881463e-04,-2.279875e-04,-7.378281e-06,8.881463e-04,0
4.800000,4.810000,DS_interstep,-8.663039e-04,-2.242812e-04,-3.088242e-06,8.663039e-04,0
4.810000,4.820000,DS_interstep,-8.447545e-04,-2.204167e-04,7.122557e-07,8.447545e-04,0
4.820000,4.830000,DS_interstep,-8.234976e-04,-2.164531e-04,4.067400e-06,8.234976e-04,0
4.830000,4.840000,DS_interstep,-8.024592e-04,-2.123713e-04,6.996185e-06,8.024592e-04,0
4.840000,4.850000,DS_interstep,-7.817415e-04,-2.082337e-04,9.525828e-06,7.817415e-04,0
4.850000,4.860000,DS_interstep,-7.613705e-04,-2.039620e-04,1.169422e-05,7.613705e-04,0
4.860000,4.870000,DS_interstep,-7.412777e-04,-1.998699e-04,1.354189e-05,7.412777e-04,0
4.870000,4.880000,DS_interstep,-7.215022e-04,-1.954840e-04,1.505258e-05,7.215022e-04,0
4.880000,4.890000,DS_interstep,-7.020726e-04,-1.911252e-04,1.628990e-05,7.020726e-04,0
4.890000,4.900000,DS_interstep,-6.829721e-04,-1.869166e-04,1.725606e-05,6.829721e-04,0
4.900000,4.910000,DS_interstep,-6.642124e-04,-1.824688e-04,1.798875e-05,6.642124e-04,0
4.910000,4.920000,DS_interstep,-6.458095e-04,-1.781193e-04,1.849381e-05,6.458095e-04,0
4.920000,4.930000,DS_interstep,-6.277426e-04,-1.738605e-04,1.879797e-05,6.277426e-04,0
4.930000,4.940000,DS_interstep,-6.100208e-04,-1.694274e-04,1.892210e-05,6.100208e-04,0
4.940000,4.950000,DS_interstep,-5.926734e-04,-1.652344e-04,1.887861e-05,5.926734e-04,0
4.950000,4.960000,DS_interstep,-5.756732e-04,-1.608796e-04,1.868050e-05,5.756732e-04,0
4.960000,4.970000,DS_interstep,-5.590360e-04,-1.566915e-04,1.836971e-05,5.590360e-04,0
4.970000,4.980000,DS_interstep,-5.427572e-04,-1.524795e-04,1.792680e-05,5.427572e-04,0
4.980000,4.990000,DS_interstep,-5.268229e-04,-1.483518e-04,1.737831e-05,5.268229e-04,0
4.990000,5.000000,DS_interstep,-5.112575e-04,-1.443220e-04,1.675090e-05,5.112575e-04,0
5.000000,5.010000,DS_interstep,-4.960415e-04,-1.401971e-04,1.603625e-05,4.960415e-04,0
5.010000,5.020000,DS_interstep,-4.811989e-04,-1.362893e-04,1.525982e-05,4.811989e-04,0
5.020000,5.030000,DS_interstep,-4.666835e-04,-1.324033e-04,1.442094e-05,4.666835e-04,0
5.030000,5.040000,DS_interstep,-4.525387e-04,-1.285492e-04,1.353980e-05,4.525387e-04,0
5.040000,5.050000,DS_interstep,-4.387253e-04,-1.248312e-04,1.262421e-05,4.387253e-04,0
5.050000,5.060000,DS_interstep,-4.252728e-04,-1.210575e-04,1.166975e-05,4.252728e-04,0
5.060000,5.070000,DS_interstep,-4.121565e-04,-1.176313e-04,1.070153e-05,4.121565e-04,0
5.070000,5.080000,DS_interstep,-3.993718e-04,-1.139597e-04,9.716358e-06,3.993718e-04,0
5.080000,5.090000,DS_interstep,-3.869176e-04,-1.106426e-04,8.735205e-06,3.869176e-04,0
5.090000,5.100000,DS_interstep,-3.748049e-04,-1.072882e-04,7.729393e-06,3.748049e-04,0
5.100000,5.110000,DS_interstep,-3.630032e-04,-1.039984e-04,6.750606e-06,3.630032e-04,0
5.110000,5.120000,DS_interstep,-3.515345e-04,-1.008678e-04,5.756624e-06,3.515345e-04,0
5.120000,5.130000,DS_interstep,-3.403745e-04,-9.780641e-05,4.797928e-06,3.403745e-04,0
5.130000,5.140000,DS_interstep,-3.295146e-04,-9.481625e-05,3.843467e-06,3.295146e-04,0
5.140000,5.150000,DS_interstep,-3.189795e-04,-9.188840e-05,2.915962e-06,3.189795e-04,0
5.150000,5.160000,DS_interstep,-3.087254e-04,-8.903590e-05,2.006589e-06,3.087254e-04,0
5.160000,5.170000,DS_interstep,-2.987774e-04,-8.634460e-05,1.125913e-06,2.987774e-04,0
5.170000,5.180000,DS_interstep,-2.891123e-04,-8.372775e-05,2.831589e-07,2.891123e-04,0
5.180000,5.190000,DS_interstep,-2.797176e-04,-8.127503e-05,-5.413442e-07,2.797176e-04,0
5.190000,5.200000,DS_interstep,-2.706252e-04,-7.868784e-05,-1.322158e-06,2.706252e-04,0
5.200000,5.210000,DS_interstep,-2.617820e-04,-7.636506e-05,-2.077446e-06,2.617820e-04,0
5.210000,5.220000,DS_interstep,-2.532111e-04,-7.410304e-05,-2.794172e-06,2.532111e-04,0
5.220000,5.230000,DS_interstep,-2.449016e-04,-7.180122e-05,-3.461801e-06,2.449016e-04,0
5.230000,5.240000,DS_interstep,-2.368529e-04,-6.975768e-05,-4.108041e-06,2.368529e-04,0
5.240000,5.250000,DS_interstep,-2.290213e-04,-6.777073e-05,-4.711212e-06,2.290213e-04,0
5.250000,5.260000,DS_interstep,-2.214645e-04,-6.573035e-05,-5.264268e-06,2.214645e-04,0
5.260000,5.270000,DS_interstep,-2.141217e-04,-6.384480e-05,-5.792229e-06,2.141217e-04,0
5.270000,5.280000,DS_interstep,-2.070214e-04,-6.210195e-05,-6.279609e-06,2.070214e-04,0
5.280000,5.290000,DS_interstep,-2.001378e-04,-6.029922e-05,-6.716119e-06,2.001378e-04,0
5.290000,5.300000,DS_interstep,-1.934811e-04,-5.864056e-05,-7.130181e-06,1.934811e-04,0
5.300000,5.310000,DS_interstep,-1.870101e-04,-5.701300e-05,-7.495166e-06,1.870101e-04,0
5.310000,5.320000,DS_interstep,-1.807783e-04,-5.562163e-05,-7.822069e-06,1.807783e-04,0
5.320000,5.330000,DS_interstep,-1.747189e-04,-5.405201e-05,-8.122824e-06,1.747189e-04,0
5.330000,5.340000,DS_interstep,-1.688762e-04,-5.271346e-05,-8.377838e-06,1.688762e-04,0
5.340000,5.350000,DS_interstep,-1.632046e-04,-5.128834e-05,-8.591170e-06,1.632046e-04,0
5.350000,5.360000,DS_interstep,-1.577340e-04,-5.008551e-05,-8.782628e-06,1.577340e-04,0
5.360000,5.370000,DS_interstep,-1.524203e-04,-4.889265e-05,-8.935467e-06,1.524203e-04,0
5.370000,5.380000,DS_interstep,-1.473101e-04,-4.770959e-05,-9.063088e-06,1.473101e-04,0
5.380000,5.390000,DS_interstep,-1.423291e-04,-4.652970e-05,-9.145935e-06,1.423291e-04,0
5.390000,5.400000,DS_interstep,-1.375446e-04,-4.555330e-05,-9.207822e-06,1.375446e-04,0
5.400000,5.410000,DS_interstep,-1.328940e-04,-4.457221e-05,-9.231225e-06,1.328940e-04,0
5.410000,5.420000,DS_interstep,-1.284180e-04,-4.358807e-05,-9.237682e-06,1.284180e-04,0
5.420000,5.430000,DS_interstep,-1.240703e-04,-4.268903e-05,-9.211592e-06,1.240703e-04,0
5.430000,5.440000,DS_interstep,-1.198712e-04,-4.177957e-05,-9.154226e-06,1.198712e-04,0
5.440000,5.450000,DS_interstep,-1.158098e-04,-4.095166e-05,-9.088619e-06,1.158098e-04,0
5.450000,5.460000,DS_interstep,-1.118811e-04,-4.020279e-05,-8.978116e-06,1.118811e-04,0
5.460000,5.470000,DS_interstep,-1.080905e-04,-3.952868e-05,-8.874982e-06,1.080905e-04,0
5.470000,5.480000,DS_interstep,-1.044259e-04,-3.872757e-05,-8.721617e-06,1.044259e-04,0
5.480000,5.490000,DS_interstep,-1.008574e-04,-3.809398e-05,-8.560505e-06,1.008574e-04,0
5.490000,5.500000,DS_interstep,-9.743407e-05,-3.742767e-05,-8.385762e-06,9.743407e-05,0
5.500000,5.510000,DS_interstep,-9.409707e-05,-3.682111e-05,-8.198445e-06,9.409707e-05,0
5.510000,5.520000,DS_interstep,-9.088911e-05,-3.617600e-05,-7.980801e-06,9.088911e-05,0
5.520000,5.530000,DS_interstep,-8.778233e-05,-3.568557e-05,-7.757288e-06,8.778233e-05,0
5.530000,5.540000,DS_interstep,-8.477540e-05,-3.524905e-05,-7.508676e-06,8.477540e-05,0
5.540000,5.550000,DS_interstep,-8.185824e-05,-3.466370e-05,-7.268054e-06,8.185824e-05,0
5.550000,5.560000,DS_interstep,-7.903274e-05,-3.422427e-05,-7.007190e-06,7.903274e-05,0
5.560000,5.570000,DS_interstep,-7.631839e-05,-3.373216e-05,-6.738853e-06,7.631839e-05,0
5.570000,5.580000,DS_interstep,-7.367259e-05,-3.328042e-05,-6.445008e-06,7.367259e-05,0
5.580000,5.590000,DS_interstep,-7.111978e-05,-3.297097e-05,-6.167857e-06,7.111978e-05,0
5.590000,5.600000,DS_interstep,-6.864316e-05,-3.249731e-05,-5.869466e-06,6.864316e-05,0
5.600000,5.610000,DS_interstep,-6.624024e-05,-3.215989e-05,-5.561773e-06,6.624024e-05,0
5.610000,5.620000,DS_interstep,-6.391162e-05,-3.185625e-05,-5.256310e-06,6.391162e-05,0
5.620000,5.630000,DS_interstep,-6.167355e-05,-3.148387e-05,-4.955379e-06,6.167355e-05,0
5.630000,5.640000,DS_interstep,-5.948692e-05,-3.114125e-05,-4.630409e-06,5.948692e-05,0
5.640000,5.650000,DS_interstep,-5.737471e-05,-3.082600e-05,-4.312659e-06,5.737471e-05,0
5.650000,5.660000,DS_interstep,-5.533203e-05,-3.053628e-05,-4.005105e-06,5.533203e-05,0
5.660000,5.670000,DS_interstep,-5.333612e-05,-3.037011e-05,-3.677498e-06,5.333612e-05,0
5.670000,5.680000,DS_interstep,-5.141713e-05,-2.992761e-05,-3.352237e-06,5.141713e-05,0
5.680000,5.690000,DS_interstep,-4.953020e-05,-2.980396e-05,-3.030394e-06,4.953020e-05,0
5.690000,5.700000,DS_interstep,-4.773267e-05,-2.950120e-05,-2.723264e-06,4.773267e-05,0
5.700000,5.710000,DS_interstep,-4.595944e-05,-2.921627e-05,-2.392116e-06,4.595944e-05,0
5.710000,5.720000,SS,-1.326256e-02,-2.563059e-02,1.913023e-02,2.563059e-02,0
5.720000,5.820000,SS,-9.295627e-03,-3.337502e-02,3.511356e-02,3.511356e-02,1
5.820000,5.920000,SS,-6.619272e-03,-3.164465e-02,3.932454e-02,3.932454e-02,1
5.920000,6.020000,SS,-6.349793e-03,-3.397033e-02,4.480805e-02,4.480805e-02,1
6.020000,6.120000,SS,-5.184706e-03,-3.672963e-02,5.168740e-02,5.168740e-02,1
6.120000,6.220000,SS,-4.280216e-03,-3.922718e-02,5.709491e-02,5.709491e-02,1
6.220000,6.320000,SS,-4.091045e-03,-4.057722e-02,6.011694e-02,6.011694e-02,1
6.320000,6.420000,SS,-4.087777e-03,-4.199404e-02,6.295621e-02,6.295621e-02,1
6.420000,6.520000,SS,-4.263300e-03,-4.388446e-02,6.633432e-02,6.633432e-02,1
6.520000,6.620000,SS,-4.741347e-03,-4.552249e-02,6.913097e-02,6.913097e-02,1
6.620000,6.720000,SS,-5.331986e-03,-4.690369e-02,7.141456e-02,7.141456e-02,1
6.720000,6.820000,SS,-5.899064e-03,-4.820556e-02,7.352465e-02,7.352465e-02,1
6.820000,6.920000,SS,-6.531503e-03,-4.923168e-02,7.513389e-02,7.513389e-02,1
6.920000,7.020000,SS,-7.281761e-03,-5.027438e-02,7.666024e-02,7.666024e-02,1
7.020000,7.120000,SS,-8.029192e-03,-5.133353e-02,7.816537e-02,7.816537e-02,1
7.120000,7.220000,SS,-8.705230e-03,-5.220279e-02,7.937493e-02,7.937493e-02,1
7.220000,7.320000,SS,-9.317479e-03,-5.287769e-02,8.026912e-02,8.026912e-02,1
7.320000,7.420000,SS,-9.864966e-03,-5.336386e-02,8.084802e-02,8.084802e-02,1
7.420000,7.520000,SS,-1.042398e-02,-5.376235e-02,8.121928e-02,8.121928e-02,1
7.520000,7.620000,SS,-1.099022e-02,-5.406684e-02,8.137022e-02,8.137022e-02,1
7.620000,7.720000,SS,-1.147048e-02,-5.415311e-02,8.115755e-02,8.115755e-02,1
7.720000,7.820000,SS,-1.186677e-02,-5.401892e-02,8.057463e-02,8.057463e-02,1
7.820000,7.920000,SS,-1.218679e-02,-5.367224e-02,7.961982e-02,7.961982e-02,1
7.920000,8.020000,SS,-1.246542e-02,-5.315436e-02,7.833366e-02,7.833366e-02,1
8.020000,8.120000,SS,-1.271716e-02,-5.248909e-02,7.674066e-02,7.674066e-02,1
8.120000,8.220000,SS,-1.292272e-02,-5.152436e-02,7.462465e-02,7.462465e-02,1
8.220000,8.320000,SS,-1.312648e-02,-5.017658e-02,7.191056e-02,7.191056e-02,1
8.320000,8.420000,SS,-1.323861e-02,-4.859249e-02,6.931943e-02,6.931943e-02,1
8.420000,8.520000,SS,-1.324233e-02,-4.680465e-02,6.636425e-02,6.636425e-02,1
8.520000,8.620000,SS,-1.351207e-02,-4.432112e-02,6.207639e-02,6.207639e-02,1
8.620000,8.720000,SS,-1.370645e-02,-4.149836e-02,5.719205e-02,5.719205e-02,1
8.720000,8.820000,SS,-1.376748e-02,-3.812643e-02,5.116978e-02,5.116978e-02,1
8.820000,8.920000,SS,-1.396424e-02,-3.362816e-02,4.285528e-02,4.285528e-02,1
8.920000,9.020000,SS,-1.407445e-02,-2.899446e-02,3.431970e-02,3.431970e-02,1
9.020000,9.120000,SS,-1.389881e-02,-2.427314e-02,2.573622e-02,2.573622e-02,1
9.120000,9.220000,SS,-1.355991e-02,-1.955676e-02,1.726273e-02,1.955676e-02,1
9.220000,9.320000,SS,-1.302721e-02,-1.490464e-02,9.017458e-03,1.490464e-02,1
9.320000,9.420000,SS,-1.230476e-02,-1.032079e-02,1.034341e-03,1.230476e-02,1
9.420000,9.520000,SS,-1.139965e-02,-5.798167e-03,-6.729959e-03,1.139965e-02,1
9.520000,9.620000,SS,-1.023802e-02,-9.676511e-04,-1.487748e-02,1.487748e-02,1
9.620000,9.720000,SS,-8.979300e-03,3.909030e-03,-2.281423e-02,2.281423e-02,1
9.720000,9.820000,SS,-7.594229e-03,8.675399e-03,-3.031632e-02,3.031632e-02,1
9.820000,9.920000,SS,-6.093338e-03,1.339414e-02,-3.742820e-02,3.742820e-02,1
9.920000,10.020000,SS,-4.503862e-03,1.795274e-02,-4.412450e-02,4.412450e-02,1
10.020000,10.120000,SS,-2.635180e-03,2.297304e-02,-5.135248e-02,5.135248e-02,1
10.120000,10.220000,SS,-7.448117e-04,2.782645e-02,-5.803572e-02,5.803572e-02,1
10.220000,10.320000,SS,1.107181e-03,3.212236e-02,-6.387911e-02,6.387911e-02,1
10.320000,10.420000,SS,2.902591e-03,3.629980e-02,-6.936509e-02,6.936509e-02,1
10.420000,10.520000,SS,4.649148e-03,4.027406e-02,-7.436857e-02,7.436857e-02,1
10.520000,10.620000,SS,6.620766e-03,4.491101e-02,-8.019531e-02,8.019531e-02,1
10.620000,10.720000,SS,8.536936e-03,4.919829e-02,-8.532228e-02,8.532228e-02,1
10.720000,10.820000,SS,1.066355e-02,5.241003e-02,-8.792678e-02,8.792678e-02,1
10.820000,10.920000,SS,1.268160e-02,5.535036e-02,-9.007896e-02,9.007896e-02,1
10.920000,11.020000,SS,1.433954e-02,5.816079e-02,-9.226109e-02,9.226109e-02,1
11.020000,11.120000,SS,1.628860e-02,6.141458e-02,-9.455569e-02,9.455569e-02,1
11.120000,11.220000,SS,1.825486e-02,6.437785e-02,-9.580628e-02,9.580628e-02,1
11.220000,11.320000,SS,1.984949e-02,6.702293e-02,-9.683124e-02,9.683124e-02,1
11.320000,11.420000,SS,2.102232e-02,6.938904e-02,-9.780906e-02,9.780906e-02,1
11.420000,11.520000,SS,2.185513e-02,7.142121e-02,-9.863146e-02,9.863146e-02,1
11.520000,11.620000,SS,2.304586e-02,7.371045e-02,-9.950457e-02,9.950457e-02,1
11.620000,11.720000,SS,2.419064e-02,7.582692e-02,-1.001571e-01,1.001571e-01,1
11.720000,11.820000,SS,2.482275e-02,7.754500e-02,-1.007560e-01,1.007560e-01,1
11.820000,11.920000,SS,2.503113e-02,7.878795e-02,-1.011738e-01,1.011738e-01,1
11.920000,12.020000,SS,2.489547e-02,7.954655e-02,-1.013649e-01,1.013649e-01,1
12.020000,12.120000,SS,2.513766e-02,8.040514e-02,-1.014480e-01,1.014480e-01,1
12.120000,12.220000,SS,2.554690e-02,8.112421e-02,-1.012176e-01,1.012176e-01,1
12.220000,12.320000,SS,2.539262e-02,8.129873e-02,-1.008811e-01,1.008811e-01,1
12.320000,12.420000,SS,2.473433e-02,8.093338e-02,-1.004508e-01,1.004508e-01,1
12.420000,12.520000,SS,2.376147e-02,7.998723e-02,-9.967277e-02,9.967277e-02,1
12.520000,12.620000,SS,2.292661e-02,7.881817e-02,-9.857476e-02,9.857476e-02,1
12.620000,12.720000,SS,2.227671e-02,7.742008e-02,-9.703956e-02,9.703956e-02,1
12.720000,12.820000,SS,2.123413e-02,7.540312e-02,-9.514180e-02,9.514180e-02,1
12.820000,12.920000,SS,1.982260e-02,7.277263e-02,-9.288283e-02,9.288283e-02,1
12.920000,13.020000,SS,1.820330e-02,6.950816e-02,-9.003833e-02,9.003833e-02,1
13.020000,13.120000,SS,1.637666e-02,6.563970e-02,-8.664683e-02,8.664683e-02,1
13.120000,13.220000,SS,1.436814e-02,6.118534e-02,-8.269112e-02,8.269112e-02,1
13.220000,13.320000,SS,1.256196e-02,5.606413e-02,-7.787223e-02,7.787223e-02,1
13.320000,13.420000,SS,1.168612e-02,5.108750e-02,-7.353707e-02,7.353707e-02,1
13.420000,13.520000,SS,1.118420e-02,4.498047e-02,-6.547735e-02,6.547735e-02,1
13.520000,13.620000,SS,1.023070e-02,3.848223e-02,-5.659767e-02,5.659767e-02,1
13.620000,13.720000,SS,8.840207e-03,3.221299e-02,-4.826763e-02,4.826763e-02,1
13.720000,13.820000,SS,7.274206e-03,2.612875e-02,-4.026046e-02,4.026046e-02,1
13.820000,13.920000,SS,5.662347e-03,2.027884e-02,-3.255684e-02,3.255684e-02,1
13.920000,14.020000,SS,4.057343e-03,1.470958e-02,-2.520265e-02,2.520265e-02,1
14.020000,14.120000,SS,2.508602e-03,9.452098e-03,-1.821411e-02,1.821411e-02,1
14.120000,14.220000,SS,1.053185e-03,4.542567e-03,-1.161387e-02,1.161387e-02,1
14.220000,14.320000,SS,-2.909150e-04,-3.493270e-06,-5.413102e-03,5.413102e-03,1
14.320000,14.420000,SS,-1.516970e-03,-4.212467e-03,3.983362e-04,4.212467e-03,1
14.420000,14.520000,SS,-2.612730e-03,-8.055892e-03,5.790886e-03,8.055892e-03,1
14.520000,14.620000,SS,-3.568824e-03,-1.154477e-02,1.077401e-02,1.154477e-02,1
14.620000,14.730000,DS_interstep,-1.249952e-01,1.583181e-01,5.324134e-03,1.583181e-01,0
14.730000,14.740000,DS_interstep,-6.107369e-02,6.880000e-02,-2.902848e-02,6.880000e-02,0
14.740000,14.750000,DS_interstep,-1.201280e-02,9.935901e-03,-1.716201e-02,1.716201e-02,0
14.750000,14.760000,DS_interstep,1.298671e-02,-1.980495e-02,-4.280375e-03,1.980495e-02,0
14.760000,14.770000,DS_interstep,2.353271e-02,-3.202822e-02,5.021036e-03,3.202822e-02,0
14.770000,14.780000,DS_interstep,2.623752e-02,-3.501676e-02,9.610394e-03,3.501676e-02,0
14.780000,14.790000,DS_interstep,2.503734e-02,-3.330115e-02,1.071363e-02,3.330115e-02,0
14.790000,14.800000,DS_interstep,2.160603e-02,-2.891711e-02,9.302013e-03,2.891711e-02,0
14.800000,14.810000,DS_interstep,1.619654e-02,-2.212623e-02,6.150531e-03,2.212623e-02,0
14.810000,14.820000,DS_interstep,1.224218e-02,-1.741861e-02,3.409647e-03,1.741861e-02,0
14.820000,14.830000,DS_interstep,1.035909e-02,-1.552404e-02,1.544474e-03,1.552404e-02,0
14.830000,14.840000,DS_interstep,9.775770e-03,-1.559482e-02,4.874593e-05,1.559482e-02,0
14.840000,14.850000,DS_interstep,8.523894e-03,-1.502911e-02,-1.839536e-03,1.502911e-02,0
14.850000,14.860000,DS_interstep,6.357430e-03,-1.336529e-02,-3.779695e-03,1.336529e-02,0
14.860000,14.870000,DS_interstep,4.072548e-03,-1.159063e-02,-5.134401e-03,1.159063e-02,0
14.870000,14.880000,DS_interstep,2.125775e-03,-1.031295e-02,-5.735422e-03,1.031295e-02,0
14.880000,14.890000,DS_interstep,5.466727e-04,-9.499799e-03,-5.700539e-03,9.499799e-03,0
14.890000,14.900000,DS_interstep,-7.237976e-04,-8.998963e-03,-5.204343e-03,8.998963e-03,0
14.900000,14.910000,DS_interstep,-1.736828e-03,-8.689425e-03,-4.397661e-03,8.689425e-03,0
14.910000,14.920000,DS_interstep,-2.523696e-03,-8.451208e-03,-3.379091e-03,8.451208e-03,0
14.920000,14.930000,DS_interstep,-3.098911e-03,-8.228891e-03,-2.235630e-03,8.228891e-03,0
14.930000,14.940000,DS_interstep,-3.484413e-03,-8.011343e-03,-1.061865e-03,8.011343e-03,0
14.940000,14.950000,DS_interstep,-3.716497e-03,-7.794430e-03,4.908966e-05,7.794430e-03,0
14.950000,14.960000,DS_interstep,-3.835843e-03,-7.573467e-03,1.028956e-03,7.573467e-03,0
14.960000,14.970000,DS_interstep,-3.876901e-03,-7.340297e-03,1.842915e-03,7.340297e-03,0
14.970000,14.980000,DS_interstep,-3.862054e-03,-7.088445e-03,2.486818e-03,7.088445e-03,0
14.980000,14.990000,DS_interstep,-3.803638e-03,-6.814887e-03,2.979064e-03,6.814887e-03,0
14.990000,15.000000,DS_interstep,-3.707945e-03,-6.520746e-03,3.344529e-03,6.520746e-03,0
15.000000,15.010000,DS_interstep,-3.579768e-03,-6.210382e-03,3.612749e-03,6.210382e-03,0
15.010000,15.020000,DS_interstep,-3.424682e-03,-5.890475e-03,3.806964e-03,5.890475e-03,0
15.020000,15.030000,DS_interstep,-3.249560e-03,-5.567261e-03,3.945673e-03,5.567261e-03,0
15.030000,15.040000,DS_interstep,-3.061993e-03,-5.248129e-03,4.044597e-03,5.248129e-03,0
15.040000,15.050000,DS_interstep,-2.869587e-03,-4.939032e-03,4.114463e-03,4.939032e-03,0
15.050000,15.060000,DS_interstep,-2.678987e-03,-4.644809e-03,4.163155e-03,4.644809e-03,0
15.060000,15.070000,DS_interstep,-2.495204e-03,-4.369472e-03,4.197623e-03,4.369472e-03,0
15.070000,15.080000,DS_interstep,-2.321726e-03,-4.115422e-03,4.222990e-03,4.222990e-03,0
15.080000,15.090000,DS_interstep,-2.160371e-03,-3.883945e-03,4.243223e-03,4.243223e-03,0
15.090000,15.100000,DS_interstep,-2.011619e-03,-3.675767e-03,4.262943e-03,4.262943e-03,0
15.100000,15.110000,DS_interstep,-1.875120e-03,-3.489904e-03,4.283562e-03,4.283562e-03,0
15.110000,15.120000,DS_interstep,-1.749997e-03,-3.325454e-03,4.308011e-03,4.308011e-03,0
15.120000,15.130000,DS_interstep,-1.635231e-03,-3.181705e-03,4.337732e-03,4.337732e-03,0
15.130000,15.140000,DS_interstep,-1.529482e-03,-3.055902e-03,4.371421e-03,4.371421e-03,0
15.140000,15.150000,DS_interstep,-1.431321e-03,-2.946364e-03,4.411480e-03,4.411480e-03,0
15.150000,15.160000,DS_interstep,-1.339765e-03,-2.850908e-03,4.456942e-03,4.456942e-03,0
15.160000,15.170000,DS_interstep,-1.253943e-03,-2.766975e-03,4.506735e-03,4.506735e-03,0
15.170000,15.180000,DS_interstep,-1.173128e-03,-2.693270e-03,4.559631e-03,4.559631e-03,0
15.180000,15.190000,DS_interstep,-1.096722e-03,-2.628262e-03,4.615116e-03,4.615116e-03,0
15.190000,15.200000,DS_interstep,-1.024096e-03,-2.570543e-03,4.671673e-03,4.671673e-03,0
15.200000,15.210000,DS_interstep,-9.548241e-04,-2.518812e-03,4.727402e-03,4.727402e-03,0
15.210000,15.220000,DS_interstep,-8.884916e-04,-2.472045e-03,4.781858e-03,4.781858e-03,0
15.220000,15.230000,DS_interstep,-8.246384e-04,-2.429443e-03,4.833500e-03,4.833500e-03,0
15.230000,15.240000,DS_interstep,-7.630729e-04,-2.389928e-03,4.881557e-03,4.881557e-03,0
15.240000,15.250000,DS_interstep,-7.034803e-04,-2.352763e-03,4.924726e-03,4.924726e-03,0
15.250000,15.260000,DS_interstep,-6.457011e-04,-2.317500e-03,4.962607e-03,4.962607e-03,0
15.260000,15.270000,DS_interstep,-5.895919e-04,-2.283447e-03,4.994391e-03,4.994391e-03,0
15.270000,15.280000,DS_interstep,-5.350999e-04,-2.250141e-03,5.019554e-03,5.019554e-03,0
15.280000,15.290000,DS_interstep,-4.821677e-04,-2.217136e-03,5.037492e-03,5.037492e-03,0
15.290000,15.300000,DS_interstep,-4.308149e-04,-2.184345e-03,5.048537e-03,5.048537e-03,0
15.300000,15.310000,DS_interstep,-3.811128e-04,-2.151176e-03,5.052095e-03,5.052095e-03,0
15.310000,15.320000,DS_interstep,-3.331226e-04,-2.117641e-03,5.048485e-03,5.048485e-03,0
15.320000,15.330000,DS_interstep,-2.869031e-04,-2.083759e-03,5.037685e-03,5.037685e-03,0
15.330000,15.340000,DS_interstep,-2.425537e-04,-2.049362e-03,5.020388e-03,5.020388e-03,0
15.340000,15.350000,DS_interstep,-2.002375e-04,-2.014435e-03,4.996369e-03,4.996369e-03,0
15.350000,15.360000,DS_interstep,-1.599653e-04,-1.979195e-03,4.966792e-03,4.966792e-03,0
15.360000,15.370000,DS_interstep,-1.218816e-04,-1.943570e-03,4.931733e-03,4.931733e-03,0
15.370000,15.380000,DS_interstep,-8.604456e-05,-1.908131e-03,4.892034e-03,4.892034e-03,0
15.380000,15.390000,DS_interstep,-5.251154e-05,-1.872204e-03,4.848034e-03,4.848034e-03,0
15.390000,15.400000,DS_interstep,-2.131047e-05,-1.836552e-03,4.800600e-03,4.800600e-03,0
15.400000,15.410000,DS_interstep,7.497651e-06,-1.801178e-03,4.749756e-03,4.749756e-03,0
15.410000,15.420000,DS_interstep,3.391073e-05,-1.765871e-03,4.696309e-03,4.696309e-03,0
15.420000,15.430000,DS_interstep,5.801284e-05,-1.731300e-03,4.640764e-03,4.640764e-03,0
15.430000,15.440000,DS_interstep,7.977637e-05,-1.697034e-03,4.583623e-03,4.583623e-03,0
15.440000,15.450000,DS_interstep,9.925466e-05,-1.663582e-03,4.525177e-03,4.525177e-03,0
15.450000,15.460000,DS_interstep,1.165417e-04,-1.630782e-03,4.465791e-03,4.465791e-03,0
15.460000,15.470000,DS_interstep,1.316963e-04,-1.598873e-03,4.405919e-03,4.405919e-03,0
15.470000,15.480000,DS_interstep,1.448571e-04,-1.567743e-03,4.345789e-03,4.345789e-03,0
15.480000,15.490000,DS_interstep,1.561057e-04,-1.537707e-03,4.285625e-03,4.285625e-03,0
15.490000,15.500000,DS_interstep,1.655576e-04,-1.508493e-03,4.225705e-03,4.225705e-03,0
15.500000,15.510000,DS_interstep,1.733725e-04,-1.480247e-03,4.166200e-03,4.166200e-03,0
15.510000,15.520000,DS_interstep,1.796548e-04,-1.453066e-03,4.107078e-03,4.107078e-03,0
15.520000,15.530000,DS_interstep,1.844901e-04,-1.426619e-03,4.048443e-03,4.048443e-03,0
15.530000,15.540000,DS_interstep,1.881445e-04,-1.401275e-03,3.990671e-03,3.990671e-03,0
15.540000,15.550000,DS_interstep,1.905590e-04,-1.376798e-03,3.933376e-03,3.933376e-03,0
15.550000,15.560000,DS_interstep,1.920568e-04,-1.353245e-03,3.877026e-03,3.877026e-03,0
15.560000,15.570000,DS_interstep,1.926485e-04,-1.330410e-03,3.821208e-03,3.821208e-03,0
15.570000,15.580000,DS_interstep,1.924545e-04,-1.308479e-03,3.766117e-03,3.766117e-03,0
15.580000,15.590000,DS_interstep,1.915757e-04,-1.287180e-03,3.711810e-03,3.711810e-03,0
15.590000,15.600000,DS_interstep,1.901941e-04,-1.266678e-03,3.658169e-03,3.658169e-03,0
15.600000,15.610000,DS_interstep,1.882725e-04,-1.246667e-03,3.605052e-03,3.605052e-03,0
15.610000,15.620000,DS_interstep,1.859530e-04,-1.227454e-03,3.552794e-03,3.552794e-03,0
15.620000,15.630000,DS_interstep,1.833953e-04,-1.208624e-03,3.500949e-03,3.500949e-03,0
15.630000,15.640000,DS_interstep,1.804757e-04,-1.190301e-03,3.449823e-03,3.449823e-03,0
15.640000,15.650000,DS_interstep,1.774409e-04,-1.172682e-03,3.399190e-03,3.399190e-03,0
15.650000,15.660000,DS_interstep,1.741936e-04,-1.155267e-03,3.349107e-03,3.349107e-03,0
15.660000,15.670000,DS_interstep,1.708411e-04,-1.138268e-03,3.299506e-03,3.299506e-03,0
15.670000,15.680000,DS_interstep,1.674201e-04,-1.121606e-03,3.250570e-03,3.250570e-03,0
15.680000,15.690000,DS_interstep,1.639268e-04,-1.105402e-03,3.202073e-03,3.202073e-03,0
15.690000,15.700000,DS_interstep,1.603976e-04,-1.089514e-03,3.154121e-03,3.154121e-03,0
15.700000,15.710000,DS_interstep,1.568638e-04,-1.073867e-03,3.106614e-03,3.106614e-03,0
15.710000,15.720000,DS_interstep,1.533110e-04,-1.058521e-03,3.059801e-03,3.059801e-03,0
15.720000,15.730000,DS_interstep,1.497770e-04,-1.043411e-03,3.013464e-03,3.013464e-03,0
15.730000,15.740000,DS_interstep,1.462120e-04,-1.028619e-03,2.967684e-03,2.967684e-03,0
15.740000,15.750000,DS_interstep,1.427335e-04,-1.014020e-03,2.922382e-03,2.922382e-03,0
15.750000,15.760000,DS_interstep,1.392048e-04,-9.998004e-04,2.877903e-03,2.877903e-03,0
15.760000,15.770000,DS_interstep,1.357482e-04,-9.856070e-04,2.833824e-03,2.833824e-03,0
15.770000,15.780000,DS_interstep,1.323110e-04,-9.718399e-04,2.790570e-03,2.790570e-03,0
15.780000,15.790000,DS_interstep,1.288711e-04,-9.581667e-04,2.747802e-03,2.747802e-03,0
15.790000,15.800000,DS_interstep,1.254760e-04,-9.448902e-04,2.705788e-03,2.705788e-03,0
15.800000,15.810000,DS_interstep,1.221439e-04,-9.317368e-04,2.664408e-03,2.664408e-03,0
15.810000,15.820000,DS_interstep,1.188100e-04,-9.188573e-04,2.623779e-03,2.623779e-03,0
15.820000,15.830000,DS_interstep,1.155159e-04,-9.061913e-04,2.583747e-03,2.583747e-03,0
15.830000,15.840000,DS_interstep,1.123134e-04,-8.938306e-04,2.544643e-03,2.544643e-03,0
15.840000,15.850000,DS_interstep,1.090685e-04,-8.815603e-04,2.505994e-03,2.505994e-03,0
15.850000,15.860000,DS_interstep,1.059270e-04,-8.696597e-04,2.468137e-03,2.468137e-03,0
15.860000,15.870000,DS_interstep,1.028437e-04,-8.578547e-04,2.431016e-03,2.431016e-03,0
15.870000,15.880000,DS_interstep,9.979035e-05,-8.463706e-04,2.394630e-03,2.394630e-03,0
15.880000,15.890000,DS_interstep,9.681067e-05,-8.350485e-04,2.358994e-03,2.358994e-03,0
15.890000,15.900000,DS_interstep,9.390093e-05,-8.238915e-04,2.323899e-03,2.323899e-03,0
15.900000,15.910000,DS_interstep,9.106899e-05,-8.130966e-04,2.289700e-03,2.289700e-03,0
15.910000,15.920000,DS_interstep,8.830657e-05,-8.023967e-04,2.255988e-03,2.255988e-03,0
15.920000,15.930000,DS_interstep,8.562965e-05,-7.919608e-04,2.223082e-03,2.223082e-03,0
15.930000,15.940000,DS_interstep,8.302383e-05,-7.815082e-04,2.190659e-03,2.190659e-03,0
15.940000,15.950000,DS_interstep,8.052491e-05,-7.715176e-04,2.159123e-03,2.159123e-03,0
15.950000,15.960000,DS_interstep,7.811559e-05,-7.614471e-04,2.127993e-03,2.127993e-03,0
15.960000,15.970000,DS_interstep,7.579737e-05,-7.518349e-04,2.097518e-03,2.097518e-03,0
15.970000,15.980000,DS_interstep,7.358545e-05,-7.421050e-04,2.067617e-03,2.067617e-03,0
15.980000,15.990000,DS_interstep,7.145917e-05,-7.325899e-04,2.038437e-03,2.038437e-03,0
15.990000,16.000000,DS_interstep,6.944799e-05,-7.233156e-04,2.009556e-03,2.009556e-03,0
16.000000,16.010000,DS_interstep,6.752498e-05,-7.140473e-04,1.981406e-03,1.981406e-03,0
16.010000,16.020000,DS_interstep,6.569943e-05,-7.051358e-04,1.953612e-03,1.953612e-03,0
16.020000,16.030000,DS_interstep,6.398486e-05,-6.960380e-04,1.926517e-03,1.926517e-03,0
16.030000,16.040000,DS_interstep,6.237649e-05,-6.873260e-04,1.899648e-03,1.899648e-03,0
16.040000,16.050000,DS_interstep,6.083904e-05,-6.786798e-04,1.873562e-03,1.873562e-03,0
16.050000,16.060000,DS_interstep,5.941604e-05,-6.699332e-04,1.847584e-03,1.847584e-03,0
16.060000,16.070000,DS_interstep,5.806683e-05,-6.615303e-04,1.822281e-03,1.822281e-03,0
16.070000,16.080000,DS_interstep,5.681660e-05,-6.531986e-04,1.797414e-03,1.797414e-03,0
16.080000,16.090000,DS_interstep,5.563694e-05,-6.448137e-04,1.772768e-03,1.772768e-03,0
16.090000,16.100000,DS_interstep,5.455062e-05,-6.366470e-04,1.748735e-03,1.748735e-03,0
16.100000,16.110000,DS_interstep,5.353943e-05,-6.286154e-04,1.724846e-03,1.724846e-03,0
16.110000,16.120000,DS_interstep,5.260064e-05,-6.204666e-04,1.701524e-03,1.701524e-03,0
16.120000,16.130000,DS_interstep,5.171238e-05,-6.126900e-04,1.678631e-03,1.678631e-03,0
16.130000,16.140000,DS_interstep,5.090677e-05,-6.048117e-04,1.655893e-03,1.655893e-03,0
16.140000,16.150000,DS_interstep,5.015641e-05,-5.970489e-04,1.633556e-03,1.633556e-03,0
16.150000,16.160000,DS_interstep,4.946032e-05,-5.893104e-04,1.611642e-03,1.611642e-03,0
16.160000,16.170000,DS_interstep,4.881514e-05,-5.818809e-04,1.590087e-03,1.590087e-03,0
16.170000,16.180000,DS_interstep,4.821494e-05,-5.743274e-04,1.568725e-03,1.568725e-03,0
16.180000,16.190000,DS_interstep,4.766576e-05,-5.668766e-04,1.547838e-03,1.547838e-03,0
16.190000,16.200000,DS_interstep,4.715253e-05,-5.595855e-04,1.527125e-03,1.527125e-03,0
16.200000,16.210000,DS_interstep,4.667813e-05,-5.523401e-04,1.506880e-03,1.506880e-03,0
16.210000,16.220000,DS_interstep,4.624268e-05,-5.450952e-04,1.486700e-03,1.486700e-03,0
16.220000,16.230000,DS_interstep,4.582603e-05,-5.381949e-04,1.467125e-03,1.467125e-03,0
16.230000,16.240000,DS_interstep,4.545991e-05,-5.310743e-04,1.447641e-03,1.447641e-03,0
16.240000,16.250000,DS_interstep,4.509334e-05,-5.241524e-04,1.428475e-03,1.428475e-03,0
16.250000,16.260000,DS_interstep,4.477419e-05,-5.173722e-04,1.409660e-03,1.409660e-03,0
16.260000,16.270000,DS_interstep,4.446581e-05,-5.106347e-04,1.391091e-03,1.391091e-03,0
16.270000,16.280000,DS_interstep,4.419438e-05,-5.039601e-04,1.372774e-03,1.372774e-03,0
16.280000,16.290000,DS_interstep,4.391342e-05,-4.974419e-04,1.354698e-03,1.354698e-03,0
16.290000,16.300000,DS_interstep,4.366763e-05,-4.909821e-04,1.336969e-03,1.336969e-03,0
16.300000,16.310000,DS_interstep,4.344034e-05,-4.844537e-04,1.319401e-03,1.319401e-03,0
16.310000,16.320000,DS_interstep,4.321806e-05,-4.781790e-04,1.302087e-03,1.302087e-03,0
16.320000,16.330000,DS_interstep,4.300229e-05,-4.720141e-04,1.285195e-03,1.285195e-03,0
16.330000,16.340000,DS_interstep,4.282024e-05,-4.657224e-04,1.268420e-03,1.268420e-03,0
16.340000,16.350000,DS_interstep,4.264097e-05,-4.597252e-04,1.251911e-03,1.251911e-03,0
16.350000,16.360000,DS_interstep,4.246076e-05,-4.537825e-04,1.235628e-03,1.235628e-03,0
16.360000,16.370000,DS_interstep,4.229000e-05,-4.477362e-04,1.219457e-03,1.219457e-03,0
16.370000,16.380000,DS_interstep,4.214177e-05,-4.420095e-04,1.203785e-03,1.203785e-03,0
16.380000,16.390000,DS_interstep,4.199957e-05,-4.362995e-04,1.188050e-03,1.188050e-03,0
16.390000,16.400000,DS_interstep,4.183841e-05,-4.305421e-04,1.172727e-03,1.172727e-03,0
16.400000,16.410000,DS_interstep,4.171728e-05,-4.249246e-04,1.157611e-03,1.157611e-03,0
16.410000,16.420000,DS_interstep,4.157121e-05,-4.195400e-04,1.142604e-03,1.142604e-03,0
16.420000,16.430000,DS_interstep,4.145553e-05,-4.140143e-04,1.127838e-03,1.127838e-03,0
16.430000,16.440000,DS_interstep,4.131262e-05,-4.086170e-04,1.113363e-03,1.113363e-03,0
16.440000,16.450000,DS_interstep,4.120521e-05,-4.033961e-04,1.098982e-03,1.098982e-03,0
16.450000,16.460000,DS_interstep,4.107477e-05,-3.980705e-04,1.084785e-03,1.084785e-03,0
16.460000,16.470000,DS_interstep,4.095948e-05,-3.930047e-04,1.070877e-03,1.070877e-03,0
16.470000,16.480000,DS_interstep,4.082920e-05,-3.879760e-04,1.057096e-03,1.057096e-03,0
16.480000,16.490000,DS_interstep,4.070984e-05,-3.829821e-04,1.043445e-03,1.043445e-03,0
16.490000,16.500000,DS_interstep,4.059215e-05,-3.780385e-04,1.030165e-03,1.030165e-03,0
16.500000,16.510000,DS_interstep,4.046295e-05,-3.732156e-04,1.016950e-03,1.016950e-03,0
16.510000,16.520000,DS_interstep,4.034721e-05,-3.684181e-04,1.003776e-03,1.003776e-03,0
16.520000,16.530000,DS_interstep,4.021371e-05,-3.636603e-04,9.910057e-04,9.910057e-04,0
16.530000,16.540000,DS_interstep,4.008031e-05,-3.590226e-04,9.783520e-04,9.783520e-04,0
16.540000,16.550000,DS_interstep,3.994124e-05,-3.545453e-04,9.658102e-04,9.658102e-04,0
16.550000,16.560000,DS_interstep,3.980847e-05,-3.499775e-04,9.534913e-04,9.534913e-04,0
16.560000,16.570000,DS_interstep,3.965776e-05,-3.456254e-04,9.411739e-04,9.411739e-04,0
16.570000,16.580000,DS_interstep,3.951182e-05,-3.411251e-04,9.292575e-04,9.292575e-04,0
16.580000,16.590000,DS_interstep,3.936171e-05,-3.369137e-04,9.174199e-04,9.174199e-04,0
16.590000,16.600000,DS_interstep,3.919648e-05,-3.326669e-04,9.056649e-04,9.056649e-04,0
16.600000,16.610000,DS_interstep,3.902734e-05,-3.285200e-04,8.942138e-04,8.942138e-04,0
16.610000,16.620000,DS_interstep,3.886122e-05,-3.244307e-04,8.828338e-04,8.828338e-04,0
16.620000,16.630000,DS_interstep,3.867695e-05,-3.203065e-04,8.715938e-04,8.715938e-04,0
16.630000,16.640000,DS_interstep,3.851116e-05,-3.164317e-04,8.605043e-04,8.605043e-04,0
16.640000,16.650000,DS_interstep,3.831326e-05,-3.124640e-04,8.496253e-04,8.496253e-04,0
16.650000,16.660000,DS_interstep,3.811728e-05,-3.086284e-04,8.388789e-04,8.388789e-04,0
16.660000,16.670000,DS_interstep,3.791261e-05,-3.047930e-04,8.281846e-04,8.281846e-04,0
16.670000,16.680000,DS_interstep,3.770897e-05,-3.011846e-04,8.177407e-04,8.177407e-04,0
16.680000,16.690000,DS_interstep,3.750083e-05,-2.973910e-04,8.074858e-04,8.074858e-04,0
16.690000,16.700000,DS_interstep,3.728086e-05,-2.938892e-04,7.971929e-04,7.971929e-04,0
16.700000,16.710000,DS_interstep,3.705227e-05,-2.902179e-04,7.872205e-04,7.872205e-04,0
16.710000,16.720000,DS_interstep,3.681769e-05,-2.868631e-04,7.773522e-04,7.773522e-04,0
16.720000,16.730000,DS_interstep,3.658851e-05,-2.833943e-04,7.675307e-04,7.675307e-04,0
16.730000,16.740000,DS_interstep,3.634364e-05,-2.799283e-04,7.579926e-04,7.579926e-04,0
16.740000,16.750000,DS_interstep,3.610137e-05,-2.766638e-04,7.484091e-04,7.484091e-04,0
16.750000,16.760000,DS_interstep,3.583849e-05,-2.734289e-04,7.390517e-04,7.390517e-04,0
16.760000,16.770000,DS_interstep,3.558146e-05,-2.701987e-04,7.298827e-04,7.298827e-04,0
16.770000,16.780000,DS_interstep,3.532814e-05,-2.670406e-04,7.208126e-04,7.208126e-04,0
16.780000,16.790000,DS_interstep,3.506449e-05,-2.639046e-04,7.118353e-04,7.118353e-04,0
16.790000,16.800000,DS_interstep,3.478381e-05,-2.609518e-04,7.030229e-04,7.030229e-04,0
16.800000,16.810000,DS_interstep,3.451097e-05,-2.577957e-04,6.942621e-04,6.942621e-04,0
16.810000,16.820000,DS_interstep,3.423441e-05,-2.549387e-04,6.857465e-04,6.857465e-04,0
16.820000,16.830000,DS_interstep,3.394655e-05,-2.520819e-04,6.772114e-04,6.772114e-04,0
16.830000,16.840000,DS_interstep,3.365984e-05,-2.492110e-04,6.688834e-04,6.688834e-04,0
16.840000,16.850000,DS_interstep,3.337745e-05,-2.463260e-04,6.607373e-04,6.607373e-04,0
16.850000,16.860000,DS_interstep,3.307952e-05,-2.436361e-04,6.526037e-04,6.526037e-04,0
16.860000,16.870000,DS_interstep,3.277974e-05,-2.409303e-04,6.446327e-04,6.446327e-04,0
16.870000,16.880000,DS_interstep,3.248008e-05,-2.383156e-04,6.367777e-04,6.367777e-04,0
16.880000,16.890000,DS_interstep,3.217815e-05,-2.356846e-04,6.289671e-04,6.289671e-04,0
16.890000,16.900000,DS_interstep,3.187596e-05,-2.330336e-04,6.213873e-04,6.213873e-04,0
16.900000,16.910000,DS_interstep,3.156349e-05,-2.305692e-04,6.138247e-04,6.138247e-04,0
16.910000,16.920000,DS_interstep,3.125693e-05,-2.280820e-04,6.063896e-04,6.063896e-04,0
16.920000,16.930000,DS_interstep,3.094319e-05,-2.255819e-04,5.991825e-04,5.991825e-04,0
16.930000,16.940000,DS_interstep,3.063761e-05,-2.232525e-04,5.918906e-04,5.918906e-04,0
16.940000,16.950000,DS_interstep,3.031077e-05,-2.209057e-04,5.848109e-04,5.848109e-04,0
16.950000,16.960000,DS_interstep,2.999799e-05,-2.185303e-04,5.778316e-04,5.778316e-04,0
16.960000,16.970000,DS_interstep,2.968138e-05,-2.163335e-04,5.709861e-04,5.709861e-04,0
16.970000,16.980000,DS_interstep,2.935804e-05,-2.140056e-04,5.641362e-04,5.641362e-04,0
16.980000,16.990000,DS_interstep,2.903850e-05,-2.118528e-04,5.574892e-04,5.574892e-04,0
16.990000,17.000000,DS_interstep,2.872153e-05,-2.097689e-04,5.508443e-04,5.508443e-04,0
17.000000,17.010000,DS_interstep,2.839599e-05,-2.075631e-04,5.444009e-04,5.444009e-04,0
17.010000,17.020000,DS_interstep,2.806764e-05,-2.055177e-04,5.380589e-04,5.380589e-04,0
17.020000,17.030000,DS_interstep,2.774385e-05,-2.034396e-04,5.316945e-04,5.316945e-04,0
17.030000,17.040000,DS_interstep,2.741711e-05,-2.014332e-04,5.255351e-04,5.255351e-04,0
17.040000,17.050000,DS_interstep,2.709568e-05,-1.993893e-04,5.194602e-04,5.194602e-04,0
17.050000,17.060000,DS_interstep,2.677444e-05,-1.975100e-04,5.133783e-04,5.133783e-04,0
17.060000,17.070000,DS_interstep,2.644058e-05,-1.956897e-04,5.074635e-04,5.074635e-04,0
17.070000,17.080000,DS_interstep,2.611353e-05,-1.937386e-04,5.016425e-04,5.016425e-04,0
17.080000,17.090000,DS_interstep,2.579879e-05,-1.918464e-04,4.958999e-04,4.958999e-04,0
17.090000,17.100000,DS_interstep,2.546719e-05,-1.901103e-04,4.903272e-04,4.903272e-04,0
17.100000,17.110000,DS_interstep,2.513800e-05,-1.882393e-04,4.846333e-04,4.846333e-04,0
17.110000,17.120000,DS_interstep,2.482136e-05,-1.866186e-04,4.792047e-04,4.792047e-04,0
17.120000,17.130000,DS_interstep,2.449517e-05,-1.847611e-04,4.737553e-04,4.737553e-04,0
17.130000,17.140000,DS_interstep,2.416545e-05,-1.831554e-04,4.684622e-04,4.684622e-04,0
17.140000,17.150000,DS_interstep,2.385357e-05,-1.815066e-04,4.632393e-04,4.632393e-04,0
17.150000,17.160000,DS_interstep,2.352835e-05,-1.799187e-04,4.579817e-04,4.579817e-04,0
17.160000,17.170000,DS_interstep,2.319878e-05,-1.782670e-04,4.529727e-04,4.529727e-04,0
17.170000,17.180000,DS_interstep,2.288869e-05,-1.766818e-04,4.480250e-04,4.480250e-04,0
17.180000,17.190000,DS_interstep,2.256598e-05,-1.751432e-04,4.430342e-04,4.430342e-04,0
17.190000,17.200000,DS_interstep,2.225408e-05,-1.736567e-04,4.382060e-04,4.382060e-04,0
17.200000,17.210000,DS_interstep,2.194305e-05,-1.721158e-04,4.334061e-04,4.334061e-04,0
17.210000,17.220000,DS_interstep,2.161360e-05,-1.707234e-04,4.286697e-04,4.286697e-04,0
17.220000,17.230000,DS_interstep,2.130394e-05,-1.691845e-04,4.240820e-04,4.240820e-04,0
17.230000,17.240000,DS_interstep,2.100007e-05,-1.678832e-04,4.195293e-04,4.195293e-04,0
17.240000,17.250000,DS_interstep,2.068470e-05,-1.664349e-04,4.150246e-04,4.150246e-04,0
17.250000,17.260000,DS_interstep,2.037582e-05,-1.650334e-04,4.105544e-04,4.105544e-04,0
17.260000,17.270000,DS_interstep,2.006711e-05,-1.637718e-04,4.062334e-04,4.062334e-04,0
17.270000,17.280000,DS_interstep,1.976651e-05,-1.624529e-04,4.020372e-04,4.020372e-04,0
17.280000,17.290000,DS_interstep,1.946077e-05,-1.610790e-04,3.976769e-04,3.976769e-04,0
17.290000,17.300000,DS_interstep,1.915787e-05,-1.599472e-04,3.936496e-04,3.936496e-04,0
17.300000,17.310000,DS_interstep,1.885707e-05,-1.585552e-04,3.894479e-04,3.894479e-04,0
17.310000,17.320000,DS_interstep,1.856068e-05,-1.574048e-04,3.854807e-04,3.854807e-04,0
17.320000,17.330000,DS_interstep,1.825966e-05,-1.561967e-04,3.815425e-04,3.815425e-04,0
17.330000,17.340000,DS_interstep,1.796583e-05,-1.550213e-04,3.776235e-04,3.776235e-04,0
17.340000,17.350000,DS_interstep,1.767152e-05,-1.538921e-04,3.737270e-04,3.737270e-04,0
17.350000,17.360000,DS_interstep,1.738474e-05,-1.526955e-04,3.699472e-04,3.699472e-04,0
17.360000,17.370000,DS_interstep,1.709484e-05,-1.515335e-04,3.662874e-04,3.662874e-04,0
17.370000,17.380000,DS_interstep,1.680507e-05,-1.505174e-04,3.625535e-04,3.625535e-04,0
17.380000,17.390000,DS_interstep,1.652181e-05,-1.494279e-04,3.590256e-04,3.590256e-04,0
17.390000,17.400000,DS_interstep,1.624690e-05,-1.482761e-04,3.554117e-04,3.554117e-04,0
17.400000,17.410000,DS_interstep,1.595053e-05,-1.472638e-04,3.519139e-04,3.519139e-04,0
17.410000,17.420000,DS_interstep,1.568112e-05,-1.462762e-04,3.485178e-04,3.485178e-04,0
17.420000,17.430000,DS_interstep,1.540036e-05,-1.453311e-04,3.450440e-04,3.450440e-04,0
17.430000,17.440000,DS_interstep,1.512763e-05,-1.442120e-04,3.417647e-04,3.417647e-04,0
17.440000,17.450000,DS_interstep,1.486160e-05,-1.433262e-04,3.384890e-04,3.384890e-04,0
17.450000,17.460000,DS_interstep,1.458437e-05,-1.422759e-04,3.352273e-04,3.352273e-04,0
17.460000,17.470000,DS_interstep,1.431504e-05,-1.414526e-04,3.320618e-04,3.320618e-04,0
17.470000,17.480000,DS_interstep,1.404218e-05,-1.404618e-04,3.288976e-04,3.288976e-04,0
17.480000,17.490000,DS_interstep,1.378840e-05,-1.395991e-04,3.258280e-04,3.258280e-04,0
17.490000,17.500000,DS_interstep,1.352184e-05,-1.386685e-04,3.227608e-04,3.227608e-04,0
17.500000,17.510000,DS_interstep,1.326256e-05,-1.377647e-04,3.197866e-04,3.197866e-04,0
17.510000,17.520000,DS_interstep,1.300020e-05,-1.369893e-04,3.168090e-04,3.168090e-04,0
17.520000,17.530000,DS_interstep,1.274689e-05,-1.360422e-04,3.140207e-04,3.140207e-04,0
17.530000,17.540000,DS_interstep,1.249978e-05,-1.353227e-04,3.110289e-04,3.110289e-04,0
17.540000,17.550000,DS_interstep,1.223995e-05,-1.344296e-04,3.083214e-04,3.083214e-04,0
17.550000,17.560000,DS_interstep,1.198897e-05,-1.336653e-04,3.055074e-04,3.055074e-04,0
17.560000,17.570000,DS_interstep,1.174312e-05,-1.328230e-04,3.027749e-04,3.027749e-04,0
17.570000,17.580000,DS_interstep,1.150661e-05,-1.321065e-04,3.001331e-04,3.001331e-04,0
17.580000,17.590000,DS_interstep,1.125521e-05,-1.313182e-04,2.974728e-04,2.974728e-04,0
17.590000,17.600000,DS_interstep,1.101333e-05,-1.305543e-04,2.948979e-04,2.948979e-04,0
17.600000,17.610000,DS_interstep,1.076653e-05,-1.299100e-04,2.923017e-04,2.923017e-04,0
17.610000,17.620000,DS_interstep,1.053734e-05,-1.290962e-04,2.897950e-04,2.897950e-04,0
17.620000,17.630000,DS_interstep,1.030571e-05,-1.283982e-04,2.873564e-04,2.873564e-04,0
17.630000,17.640000,DS_interstep,1.006958e-05,-1.277273e-04,2.849017e-04,2.849017e-04,0
17.640000,17.650000,DS_interstep,9.841816e-06,-1.270810e-04,2.824244e-04,2.824244e-04,0
17.650000,17.660000,DS_interstep,9.600447e-06,-1.263526e-04,2.801198e-04,2.801198e-04,0
17.660000,17.670000,DS_interstep,9.385405e-06,-1.257516e-04,2.777963e-04,2.777963e-04,0
17.670000,17.680000,DS_interstep,9.156733e-06,-1.250634e-04,2.755368e-04,2.755368e-04,0
17.680000,17.690000,DS_interstep,8.935204e-06,-1.244028e-04,2.732529e-04,2.732529e-04,0
17.690000,17.700000,DS_interstep,8.711045e-06,-1.238625e-04,2.710463e-04,2.710463e-04,0
17.700000,17.710000,DS_interstep,8.491831e-06,-1.231380e-04,2.688019e-04,2.688019e-04,0
17.710000,17.720000,DS_interstep,8.280446e-06,-1.226380e-04,2.667304e-04,2.667304e-04,0
17.720000,17.730000,DS_interstep,8.064032e-06,-1.219552e-04,2.645261e-04,2.645261e-04,0
17.730000,17.740000,DS_interstep,7.845466e-06,-1.213901e-04,2.624869e-04,2.624869e-04,0
17.740000,17.750000,DS_interstep,7.642268e-06,-1.208510e-04,2.604197e-04,2.604197e-04,0
17.750000,17.760000,DS_interstep,7.425761e-06,-1.203212e-04,2.584089e-04,2.584089e-04,0
17.760000,17.770000,DS_interstep,7.224757e-06,-1.197146e-04,2.564663e-04,2.564663e-04,0
17.770000,17.780000,DS_interstep,7.010610e-06,-1.192263e-04,2.543855e-04,2.543855e-04,0
17.780000,17.790000,DS_interstep,6.812461e-06,-1.186538e-04,2.525695e-04,2.525695e-04,0
17.790000,17.800000,DS_interstep,6.619557e-06,-1.180987e-04,2.506083e-04,2.506083e-04,0
17.800000,17.810000,DS_interstep,6.403106e-06,-1.175609e-04,2.487120e-04,2.487120e-04,0
17.810000,17.820000,DS_interstep,6.223343e-06,-1.171389e-04,2.469718e-04,2.469718e-04,0
17.820000,17.830000,DS_interstep,6.017990e-06,-1.166357e-04,2.450917e-04,2.450917e-04,0
17.830000,17.840000,DS_interstep,5.819189e-06,-1.161470e-04,2.433689e-04,2.433689e-04,0
17.840000,17.850000,DS_interstep,5.635998e-06,-1.155745e-04,2.415009e-04,2.415009e-04,0
17.850000,17.860000,DS_interstep,5.448383e-06,-1.152133e-04,2.398844e-04,2.398844e-04,0
17.860000,17.870000,DS_interstep,5.256855e-06,-1.146757e-04,2.381333e-04,2.381333e-04,0
17.870000,17.880000,DS_interstep,5.060520e-06,-1.142472e-04,2.364251e-04,2.364251e-04,0
17.880000,17.890000,DS_interstep,4.889964e-06,-1.138340e-04,2.347733e-04,2.347733e-04,0
17.890000,17.900000,DS_interstep,4.704505e-06,-1.134375e-04,2.332793e-04,2.332793e-04,0
17.900000,17.910000,DS_interstep,4.514841e-06,-1.128520e-04,2.315256e-04,2.315256e-04,0
17.910000,17.920000,DS_interstep,4.340062e-06,-1.125856e-04,2.300329e-04,2.300329e-04,0
17.920000,17.930000,DS_interstep,4.170529e-06,-1.120263e-04,2.284809e-04,2.284809e-04,0
17.930000,17.940000,DS_interstep,3.987179e-06,-1.117839e-04,2.268806e-04,2.268806e-04,0
17.940000,17.950000,DS_interstep,3.807881e-06,-1.112557e-04,2.254331e-04,2.254331e-04,0
17.950000,17.960000,DS_interstep,3.644311e-06,-1.109390e-04,2.240280e-04,2.240280e-04,0
17.960000,17.970000,DS_interstep,3.476992e-06,-1.104355e-04,2.224718e-04,2.224718e-04,0
17.970000,17.980000,DS_interstep,3.302475e-06,-1.101443e-04,2.210593e-04,2.210593e-04,0
17.980000,17.990000,DS_interstep,3.134708e-06,-1.097674e-04,2.196950e-04,2.196950e-04,0
17.990000,18.000000,DS_interstep,2.971269e-06,-1.093989e-04,2.181729e-04,2.181729e-04,0
18.000000,18.010000,DS_interstep,2.802114e-06,-1.090425e-04,2.169895e-04,2.169895e-04,0
18.010000,18.020000,DS_interstep,2.639273e-06,-1.086010e-04,2.154594e-04,2.154594e-04,0
18.020000,18.030000,DS_interstep,2.490030e-06,-1.083705e-04,2.142681e-04,2.142681e-04,0
18.030000,18.040000,DS_interstep,2.326552e-06,-1.079511e-04,2.129179e-04,2.129179e-04,0
18.040000,18.050000,DS_interstep,2.166766e-06,-1.076411e-04,2.116075e-04,2.116075e-04,0
18.050000,18.060000,DS_interstep,2.012730e-06,-1.073412e-04,2.104378e-04,2.104378e-04,0
18.060000,18.070000,DS_interstep,1.852374e-06,-1.070534e-04,2.091063e-04,2.091063e-04,0
18.070000,18.080000,DS_interstep,1.706855e-06,-1.065779e-04,2.079191e-04,2.079191e-04,0
18.080000,18.090000,DS_interstep,1.556462e-06,-1.064106e-04,2.066680e-04,2.066680e-04,0
18.090000,18.100000,DS_interstep,1.409704e-06,-1.060541e-04,2.055531e-04,2.055531e-04,0
18.100000,18.110000,DS_interstep,1.258292e-06,-1.057074e-04,2.042787e-04,2.042787e-04,0
18.110000,18.120000,DS_interstep,1.110177e-06,-1.054688e-04,2.032375e-04,2.032375e-04,0
18.120000,18.130000,DS_interstep,9.677610e-07,-1.051445e-04,2.020394e-04,2.020394e-04,0
18.130000,18.140000,DS_interstep,8.288586e-07,-1.049255e-04,2.008694e-04,2.008694e-04,0
18.140000,18.150000,DS_interstep,6.841250e-07,-1.046166e-04,1.998372e-04,1.998372e-04,0
18.150000,18.160000,DS_interstep,5.442749e-07,-1.043156e-04,1.987380e-04,1.987380e-04,0
18.160000,18.170000,DS_interstep,4.079699e-07,-1.040252e-04,1.977758e-04,1.977758e-04,0
18.170000,18.180000,DS_interstep,2.659589e-07,-1.037467e-04,1.965503e-04,1.965503e-04,0
18.180000,18.190000,DS_interstep,1.384186e-07,-1.035702e-04,1.956480e-04,1.956480e-04,0
18.190000,18.200000,SS,3.959196e-02,4.098997e-03,7.152435e-02,7.152435e-02,0
18.200000,18.300000,SS,4.451724e-02,-4.247826e-03,7.781615e-02,7.781615e-02,1
18.300000,18.400000,SS,3.705137e-02,-9.203627e-03,7.223560e-02,7.223560e-02,1
18.400000,18.500000,SS,3.760411e-02,-1.572527e-02,7.476140e-02,7.476140e-02,1
18.500000,18.600000,SS,3.403231e-02,-2.131654e-02,7.347064e-02,7.347064e-02,1
18.600000,18.700000,SS,3.051112e-02,-2.723070e-02,7.258670e-02,7.258670e-02,1
18.700000,18.800000,SS,2.664162e-02,-3.248742e-02,7.190351e-02,7.190351e-02,1
18.800000,18.900000,SS,2.169923e-02,-3.819622e-02,7.090011e-02,7.090011e-02,1
18.900000,19.000000,SS,1.695798e-02,-4.332064e-02,7.052708e-02,7.052708e-02,1
19.000000,19.100000,SS,1.109951e-02,-4.908355e-02,6.982707e-02,6.982707e-02,1
19.100000,19.200000,SS,5.119665e-03,-5.439887e-02,6.938494e-02,6.938494e-02,1
19.200000,19.300000,SS,-1.288610e-03,-5.988059e-02,6.895204e-02,6.895204e-02,1
19.300000,19.400000,SS,-8.235291e-03,-6.507930e-02,6.823264e-02,6.823264e-02,1
19.400000,19.500000,SS,-1.502472e-02,-6.952146e-02,6.779589e-02,6.952146e-02,1
19.500000,19.600000,SS,-2.204809e-02,-7.353325e-02,6.706913e-02,7.353325e-02,1
19.600000,19.700000,SS,-2.823129e-02,-7.647422e-02,6.679015e-02,7.647422e-02,1
19.700000,19.800000,SS,-3.358355e-02,-7.847457e-02,6.672307e-02,7.847457e-02,1
19.800000,19.900000,SS,-3.765484e-02,-7.940940e-02,6.709126e-02,7.940940e-02,1
19.900000,20.000000,SS,-3.973319e-02,-7.893991e-02,6.830422e-02,7.893991e-02,1
20.000000,20.100000,SS,-4.002313e-02,-7.727498e-02,7.014618e-02,7.727498e-02,1
20.100000,20.200000,SS,-3.815701e-02,-7.408265e-02,7.283185e-02,7.408265e-02,1
20.200000,20.300000,SS,-3.381891e-02,-6.893989e-02,7.666294e-02,7.666294e-02,1
20.300000,20.400000,SS,-2.829989e-02,-6.231775e-02,8.064567e-02,8.064567e-02,1
20.400000,20.500000,SS,-1.992766e-02,-5.239518e-02,8.605029e-02,8.605029e-02,1
20.500000,20.600000,SS,-1.171555e-02,-4.062177e-02,9.042629e-02,9.042629e-02,1
20.600000,20.700000,SS,-3.064630e-03,-2.590178e-02,9.361701e-02,9.361701e-02,1
20.700000,20.800000,SS,4.377680e-03,-9.642170e-03,9.408451e-02,9.408451e-02,1
20.800000,20.900000,SS,9.240935e-03,6.256346e-03,8.985035e-02,8.985035e-02,1
20.900000,21.000000,SS,1.184187e-02,2.028446e-02,8.123986e-02,8.123986e-02,1
21.000000,21.100000,SS,1.268068e-02,3.119300e-02,6.940228e-02,6.940228e-02,1
21.100000,21.200000,SS,1.206806e-02,3.859143e-02,5.507565e-02,5.507565e-02,1
21.200000,21.300000,SS,3.769799e-03,4.373173e-02,2.296621e-02,4.373173e-02,1
21.300000,21.400000,SS,-2.126940e-03,4.661049e-02,-1.887544e-03,4.661049e-02,1
21.400000,21.500000,SS,-4.149593e-03,4.619502e-02,-1.730482e-02,4.619502e-02,1
21.500000,21.600000,SS,-1.222464e-03,4.238732e-02,-1.976929e-02,4.238732e-02,1
21.600000,21.700000,SS,4.054432e-03,3.540114e-02,-2.134616e-02,3.540114e-02,1
21.700000,21.800000,SS,6.577930e-03,3.327811e-02,-2.500117e-02,3.327811e-02,1
21.800000,21.900000,SS,7.177691e-03,3.376322e-02,-2.943321e-02,3.376322e-02,1
21.900000,22.000000,SS,8.451732e-03,3.460207e-02,-3.229191e-02,3.460207e-02,1
22.000000,22.100000,SS,1.013896e-02,3.566364e-02,-3.365711e-02,3.566364e-02,1
22.100000,22.200000,SS,1.208876e-02,3.676310e-02,-3.357565e-02,3.676310e-02,1
22.200000,22.300000,SS,1.463647e-02,3.757957e-02,-3.162661e-02,3.757957e-02,1
22.300000,22.400000,SS,1.787981e-02,3.800004e-02,-2.764755e-02,3.800004e-02,1
22.400000,22.500000,SS,2.096965e-02,3.787435e-02,-2.314896e-02,3.787435e-02,1
22.500000,22.600000,SS,2.331553e-02,3.730189e-02,-1.917135e-02,3.730189e-02,1
22.600000,22.700000,SS,2.472190e-02,3.642778e-02,-1.628384e-02,3.642778e-02,1
22.700000,22.800000,SS,2.477212e-02,3.537770e-02,-1.541553e-02,3.537770e-02,1
22.800000,22.900000,SS,2.333426e-02,3.428465e-02,-1.694323e-02,3.428465e-02,1
22.900000,23.000000,SS,2.060489e-02,3.318723e-02,-2.070528e-02,3.318723e-02,1
23.000000,23.100000,SS,1.689735e-02,3.208956e-02,-2.626065e-02,3.208956e-02,1
23.100000,23.200000,SS,1.257683e-02,3.098322e-02,-3.302772e-02,3.302772e-02,1
23.200000,23.300000,SS,7.964298e-03,2.985758e-02,-4.046639e-02,4.046639e-02,1
23.300000,23.400000,SS,3.308734e-03,2.870894e-02,-4.814228e-02,4.814228e-02,1
23.400000,23.500000,SS,-1.217041e-03,2.753906e-02,-5.574474e-02,5.574474e-02,1
23.500000,23.600000,SS,-5.504922e-03,2.636020e-02,-6.306595e-02,6.306595e-02,1
23.600000,23.700000,SS,-9.499157e-03,2.519053e-02,-6.998267e-02,6.998267e-02,1
23.700000,23.800000,SS,-1.316445e-02,2.402171e-02,-7.643374e-02,7.643374e-02,1
23.800000,23.900000,SS,-1.648298e-02,2.287401e-02,-8.236696e-02,8.236696e-02,1
23.900000,24.000000,SS,-1.945478e-02,2.175838e-02,-8.776252e-02,8.776252e-02,1
24.000000,24.100000,SS,-2.208403e-02,2.068315e-02,-9.261542e-02,9.261542e-02,1
24.100000,24.200000,SS,-2.437927e-02,1.965579e-02,-9.692406e-02,9.692406e-02,1
24.200000,24.300000,SS,-2.635126e-02,1.868115e-02,-1.006939e-01,1.006939e-01,1
24.300000,24.400000,SS,-2.801255e-02,1.776287e-02,-1.039343e-01,1.039343e-01,1
24.400000,24.500000,SS,-2.937536e-02,1.690322e-02,-1.066524e-01,1.066524e-01,1
24.500000,24.600000,SS,-3.045352e-02,1.610304e-02,-1.088633e-01,1.088633e-01,1
24.600000,24.700000,SS,-3.126027e-02,1.536153e-02,-1.105780e-01,1.105780e-01,1
24.700000,24.800000,SS,-3.180918e-02,1.467720e-02,-1.118117e-01,1.118117e-01,1
24.800000,24.900000,SS,-3.211444e-02,1.404777e-02,-1.125792e-01,1.125792e-01,1
24.900000,25.000000,SS,-3.219005e-02,1.347026e-02,-1.128980e-01,1.128980e-01,1
25.000000,25.100000,SS,-3.204930e-02,1.294109e-02,-1.127829e-01,1.127829e-01,1
25.100000,25.200000,SS,-3.170694e-02,1.245651e-02,-1.122529e-01,1.122529e-01,1
25.200000,25.300000,SS,-3.117653e-02,1.201229e-02,-1.113254e-01,1.113254e-01,1
25.300000,25.400000,SS,-3.047198e-02,1.160444e-02,-1.100182e-01,1.100182e-01,1
25.400000,25.500000,SS,-2.960735e-02,1.122842e-02,-1.083497e-01,1.083497e-01,1
25.500000,25.600000,SS,-2.859607e-02,1.088030e-02,-1.063399e-01,1.063399e-01,1
25.600000,25.700000,SS,-2.745138e-02,1.055564e-02,-1.040075e-01,1.040075e-01,1
25.700000,25.800000,SS,-2.618586e-02,1.025110e-02,-1.013689e-01,1.013689e-01,1
25.800000,25.900000,SS,-2.481148e-02,9.963541e-03,-9.844338e-02,9.844338e-02,1
25.900000,26.000000,SS,-2.334196e-02,9.688244e-03,-9.525077e-02,9.525077e-02,1
26.000000,26.100000,SS,-2.178961e-02,9.422299e-03,-9.181076e-02,9.181076e-02,1
26.100000,26.200000,SS,-2.016605e-02,9.162258e-03,-8.814145e-02,8.814145e-02,1
26.200000,26.300000,SS,-1.848120e-02,8.905941e-03,-8.425912e-02,8.425912e-02,1
26.300000,26.400000,SS,-1.673448e-02,8.655065e-03,-8.016272e-02,8.016272e-02,1
26.400000,26.500000,SS,-1.494957e-02,8.403576e-03,-7.637410e-02,7.637410e-02,1
26.500000,26.600000,SS,-1.312650e-02,8.143170e-03,-7.246647e-02,7.246647e-02,1
26.600000,26.700000,SS,-1.122593e-02,7.891265e-03,-6.828823e-02,6.828823e-02,1
26.700000,26.800000,SS,-8.272766e-03,7.699509e-03,-6.142783e-02,6.142783e-02,1
26.800000,26.900000,SS,-3.138564e-03,7.558976e-03,-4.932980e-02,4.932980e-02,1
26.900000,27.000000,SS,1.561586e-03,7.382486e-03,-3.801876e-02,3.801876e-02,1
27.000000,27.100000,SS,5.408287e-03,7.195933e-03,-2.781983e-02,2.781983e-02,1
27.100000,27.200000,SS,8.913706e-03,6.857014e-03,-1.809123e-02,1.809123e-02,1
27.200000,27.300000,SS,1.200579e-02,6.395151e-03,-8.915824e-03,1.200579e-02,1
27.300000,27.400000,SS,1.467936e-02,5.816013e-03,-3.280145e-04,1.467936e-02,1
27.400000,27.500000,SS,1.698251e-02,5.127490e-03,7.711119e-03,1.698251e-02,1
27.500000,27.600000,SS,1.895945e-02,4.320580e-03,1.522523e-02,1.895945e-02,1
27.600000,27.700000,SS,2.061706e-02,3.381766e-03,2.218622e-02,2.218622e-02,1
27.700000,27.800000,SS,2.196163e-02,2.331948e-03,2.859407e-02,2.859407e-02,1
27.800000,27.900000,SS,2.296197e-02,1.192252e-03,3.440052e-02,3.440052e-02,1
27.900000,28.000000,SS,2.322699e-02,-1.950062e-06,3.859346e-02,3.859346e-02,1
28.000000,28.100000,SS,2.246496e-02,-1.112878e-03,4.056876e-02,4.056876e-02,1
28.100000,28.200000,SS,2.171023e-02,-2.168621e-03,4.255768e-02,4.255768e-02,1
28.200000,28.300000,SS,2.123721e-02,-3.361298e-03,4.474174e-02,4.474174e-02,1
28.300000,28.400000,SS,2.066209e-02,-4.523091e-03,4.673924e-02,4.673924e-02,1
28.400000,28.510000,DS_interstep,-1.368227e-01,-5.841894e-01,8.423262e-02,5.841894e-01,0
28.510000,28.520000,DS_interstep,-2.581963e-02,-1.155847e-01,4.962608e-03,1.155847e-01,0
28.520000,28.530000,DS_interstep,2.071436e-02,5.840368e-02,1.502218e-02,5.840368e-02,0
28.530000,28.540000,DS_interstep,3.435896e-02,1.105445e-01,1.765306e-02,1.105445e-01,0
28.540000,28.550000,DS_interstep,3.361292e-02,1.090456e-01,1.737670e-02,1.090456e-01,0
28.550000,28.560000,DS_interstep,2.767811e-02,8.803971e-02,1.647015e-02,8.803971e-02,0
28.560000,28.570000,DS_interstep,2.074314e-02,6.305304e-02,1.589945e-02,6.305304e-02,0
28.570000,28.580000,DS_interstep,1.479949e-02,4.069358e-02,1.678891e-02,4.069358e-02,0
28.580000,28.590000,DS_interstep,1.024164e-02,2.319079e-02,1.822399e-02,2.319079e-02,0
28.590000,28.600000,DS_interstep,6.424469e-03,1.095944e-02,1.713901e-02,1.713901e-02,0
28.600000,28.610000,DS_interstep,3.377121e-03,3.177933e-03,1.422048e-02,1.422048e-02,0
28.610000,28.620000,DS_interstep,1.431047e-03,-2.684634e-03,1.364160e-02,1.364160e-02,0
28.620000,28.630000,DS_interstep,2.820569e-04,-6.857537e-03,1.439855e-02,1.439855e-02,0
28.630000,28.640000,DS_interstep,-3.152814e-04,-9.594432e-03,1.566585e-02,1.566585e-02,0
28.640000,28.650000,DS_interstep,-5.934348e-04,-1.119137e-02,1.684241e-02,1.684241e-02,0
28.650000,28.660000,DS_interstep,-7.176493e-04,-1.195058e-02,1.763571e-02,1.763571e-02,0
28.660000,28.670000,DS_interstep,-7.855109e-04,-1.214160e-02,1.797977e-02,1.797977e-02,0
28.670000,28.680000,DS_interstep,-8.452921e-04,-1.198255e-02,1.794104e-02,1.794104e-02,0
28.680000,28.690000,DS_interstep,-9.139154e-04,-1.163742e-02,1.763771e-02,1.763771e-02,0
28.690000,28.700000,DS_interstep,-9.911986e-04,-1.121605e-02,1.718981e-02,1.718981e-02,0
28.700000,28.710000,DS_interstep,-1.070268e-03,-1.078448e-02,1.669176e-02,1.669176e-02,0
28.710000,28.720000,DS_interstep,-1.142879e-03,-1.037241e-02,1.619814e-02,1.619814e-02,0
28.720000,28.730000,DS_interstep,-1.204182e-03,-9.986990e-03,1.573179e-02,1.573179e-02,0
28.730000,28.740000,DS_interstep,-1.252458e-03,-9.623070e-03,1.528794e-02,1.528794e-02,0
28.740000,28.750000,DS_interstep,-1.289603e-03,-9.271282e-03,1.485173e-02,1.485173e-02,0
28.750000,28.760000,DS_interstep,-1.317785e-03,-8.922057e-03,1.440742e-02,1.440742e-02,0
28.760000,28.770000,DS_interstep,-1.338797e-03,-8.569155e-03,1.394814e-02,1.394814e-02,0
28.770000,28.780000,DS_interstep,-1.353585e-03,-8.210884e-03,1.347579e-02,1.347579e-02,0
28.780000,28.790000,DS_interstep,-1.361611e-03,-7.847949e-03,1.299852e-02,1.299852e-02,0
28.790000,28.800000,DS_interstep,-1.362290e-03,-7.484409e-03,1.252929e-02,1.252929e-02,0
28.800000,28.810000,DS_interstep,-1.354356e-03,-7.125366e-03,1.208209e-02,1.208209e-02,0
28.810000,28.820000,DS_interstep,-1.336679e-03,-6.774167e-03,1.166792e-02,1.166792e-02,0
28.820000,28.830000,DS_interstep,-1.308739e-03,-6.436703e-03,1.129730e-02,1.129730e-02,0
28.830000,28.840000,DS_interstep,-1.269914e-03,-6.115471e-03,1.097572e-02,1.097572e-02,0
28.840000,28.850000,DS_interstep,-1.220536e-03,-5.813294e-03,1.070751e-02,1.070751e-02,0
28.850000,28.860000,DS_interstep,-1.160547e-03,-5.532443e-03,1.049365e-02,1.049365e-02,0
28.860000,28.870000,DS_interstep,-1.090431e-03,-5.273177e-03,1.033301e-02,1.033301e-02,0
28.870000,28.880000,DS_interstep,-1.011164e-03,-5.035749e-03,1.022241e-02,1.022241e-02,0
28.880000,28.890000,DS_interstep,-9.233814e-04,-4.820884e-03,1.015982e-02,1.015982e-02,0
28.890000,28.900000,DS_interstep,-8.275361e-04,-4.626269e-03,1.013923e-02,1.013923e-02,0
28.900000,28.910000,DS_interstep,-7.248374e-04,-4.450717e-03,1.015498e-02,1.015498e-02,0
28.910000,28.920000,DS_interstep,-6.161012e-04,-4.293382e-03,1.020339e-02,1.020339e-02,0
28.920000,28.930000,DS_interstep,-5.018837e-04,-4.151290e-03,1.027760e-02,1.027760e-02,0
28.930000,28.940000,DS_interstep,-3.833467e-04,-4.022339e-03,1.037194e-02,1.037194e-02,0
28.940000,28.950000,DS_interstep,-2.607660e-04,-3.904136e-03,1.048136e-02,1.048136e-02,0
28.950000,28.960000,DS_interstep,-1.353753e-04,-3.794576e-03,1.060016e-02,1.060016e-02,0
28.960000,28.970000,DS_interstep,-7.464477e-06,-3.691188e-03,1.072465e-02,1.072465e-02,0
28.970000,28.980000,DS_interstep,1.222534e-04,-3.591190e-03,1.084879e-02,1.084879e-02,0
28.980000,28.990000,DS_interstep,2.528687e-04,-3.493814e-03,1.097035e-02,1.097035e-02,0
28.990000,29.000000,DS_interstep,3.842470e-04,-3.395844e-03,1.108494e-02,1.108494e-02,0
29.000000,29.010000,DS_interstep,5.156398e-04,-3.296219e-03,1.118985e-02,1.118985e-02,0
29.010000,29.020000,DS_interstep,6.465489e-04,-3.194112e-03,1.128400e-02,1.128400e-02,0
29.020000,29.030000,DS_interstep,7.768819e-04,-3.087960e-03,1.136479e-02,1.136479e-02,0
29.030000,29.040000,DS_interstep,9.059198e-04,-2.977819e-03,1.143201e-02,1.143201e-02,0
29.040000,29.050000,DS_interstep,1.033464e-03,-2.862411e-03,1.148487e-02,1.148487e-02,0
29.050000,29.060000,DS_interstep,1.159439e-03,-2.743339e-03,1.152533e-02,1.152533e-02,0
29.060000,29.070000,DS_interstep,1.283431e-03,-2.619200e-03,1.155177e-02,1.155177e-02,0
29.070000,29.080000,DS_interstep,1.405541e-03,-2.491345e-03,1.156700e-02,1.156700e-02,0
29.080000,29.090000,DS_interstep,1.525244e-03,-2.360460e-03,1.157195e-02,1.157195e-02,0
29.090000,29.100000,DS_interstep,1.642987e-03,-2.226636e-03,1.156811e-02,1.156811e-02,0
29.100000,29.110000,DS_interstep,1.758327e-03,-2.091779e-03,1.155734e-02,1.155734e-02,0
29.110000,29.120000,DS_interstep,1.871277e-03,-1.955854e-03,1.154187e-02,1.154187e-02,0
29.120000,29.130000,DS_interstep,1.981964e-03,-1.820118e-03,1.152237e-02,1.152237e-02,0
29.130000,29.140000,DS_interstep,2.090221e-03,-1.685346e-03,1.150148e-02,1.150148e-02,0
29.140000,29.150000,DS_interstep,2.196240e-03,-1.552018e-03,1.147987e-02,1.147987e-02,0
29.150000,29.160000,DS_interstep,2.299730e-03,-1.421228e-03,1.145912e-02,1.145912e-02,0
29.160000,29.170000,DS_interstep,2.401092e-03,-1.293122e-03,1.144027e-02,1.144027e-02,0
29.170000,29.180000,DS_interstep,2.499937e-03,-1.168288e-03,1.142395e-02,1.142395e-02,0
29.180000,29.190000,DS_interstep,2.596473e-03,-1.046998e-03,1.141066e-02,1.141066e-02,0
29.190000,29.200000,DS_interstep,2.690719e-03,-9.292882e-04,1.140055e-02,1.140055e-02,0
29.200000,29.210000,DS_interstep,2.782570e-03,-8.156418e-04,1.139415e-02,1.139415e-02,0
29.210000,29.220000,DS_interstep,2.872092e-03,-7.057900e-04,1.139084e-02,1.139084e-02,0
29.220000,29.230000,DS_interstep,2.959127e-03,-5.993254e-04,1.139066e-02,1.139066e-02,0
29.230000,29.240000,DS_interstep,3.043766e-03,-4.967983e-04,1.139305e-02,1.139305e-02,0
29.240000,29.250000,DS_interstep,3.170738e-03,-5.887796e-04,1.154341e-02,1.154341e-02,0
29.250000,29.260000,DS_interstep,3.311283e-03,-7.777887e-04,1.164005e-02,1.164005e-02,0
29.260000,29.270000,DS_interstep,3.375111e-03,-7.307020e-04,1.133617e-02,1.133617e-02,0
29.270000,29.280000,DS_interstep,3.391214e-03,-5.759175e-04,1.084805e-02,1.084805e-02,0
29.280000,29.290000,DS_interstep,3.382724e-03,-3.727128e-04,1.028579e-02,1.028579e-02,0
29.290000,29.300000,DS_interstep,3.361238e-03,-1.491543e-04,9.698027e-03,9.698027e-03,0
29.300000,29.310000,DS_interstep,3.333146e-03,8.057233e-05,9.105145e-03,9.105145e-03,0
29.310000,29.320000,DS_interstep,3.301007e-03,3.087935e-04,8.516917e-03,8.516917e-03,0
29.320000,29.330000,DS_interstep,3.266132e-03,5.305154e-04,7.938990e-03,7.938990e-03,0
29.330000,29.340000,DS_interstep,3.229663e-03,7.420814e-04,7.375969e-03,7.375969e-03,0
29.340000,29.350000,DS_interstep,3.191683e-03,9.412415e-04,6.830419e-03,6.830419e-03,0
29.350000,29.360000,DS_interstep,3.151815e-03,1.127103e-03,6.305260e-03,6.305260e-03,0
29.360000,29.370000,DS_interstep,3.110134e-03,1.298001e-03,5.803255e-03,5.803255e-03,0
29.370000,29.380000,DS_interstep,3.066884e-03,1.453942e-03,5.326644e-03,5.326644e-03,0
29.380000,29.390000,DS_interstep,3.021986e-03,1.594495e-03,4.877067e-03,4.877067e-03,0
29.390000,29.400000,DS_interstep,2.975773e-03,1.720067e-03,4.455878e-03,4.455878e-03,0
29.400000,29.410000,DS_interstep,2.928399e-03,1.831096e-03,4.063443e-03,4.063443e-03,0
29.410000,29.420000,DS_interstep,2.880224e-03,1.928261e-03,3.700010e-03,3.700010e-03,0
29.420000,29.430000,DS_interstep,2.831561e-03,2.012656e-03,3.365169e-03,3.365169e-03,0
29.430000,29.440000,DS_interstep,2.782664e-03,2.084859e-03,3.058304e-03,3.058304e-03,0
29.440000,29.450000,DS_interstep,2.733615e-03,2.146274e-03,2.778266e-03,2.778266e-03,0
29.450000,29.460000,DS_interstep,2.684853e-03,2.197376e-03,2.524192e-03,2.684853e-03,0
29.460000,29.470000,DS_interstep,2.636714e-03,2.238665e-03,2.296217e-03,2.636714e-03,0
29.470000,29.480000,DS_interstep,2.590188e-03,2.268926e-03,2.098182e-03,2.590188e-03,0
29.480000,29.490000,DS_interstep,2.544862e-03,2.290479e-03,1.925623e-03,2.544862e-03,0
29.490000,29.500000,DS_interstep,2.500484e-03,2.305042e-03,1.774343e-03,2.500484e-03,0
29.500000,29.510000,DS_interstep,2.456891e-03,2.314188e-03,1.641234e-03,2.456891e-03,0
29.510000,29.520000,DS_interstep,2.414124e-03,2.318582e-03,1.523787e-03,2.414124e-03,0
29.520000,29.530000,DS_interstep,2.372097e-03,2.319139e-03,1.420084e-03,2.372097e-03,0
29.530000,29.540000,DS_interstep,2.330960e-03,2.316503e-03,1.328206e-03,2.330960e-03,0
29.540000,29.550000,DS_interstep,2.290589e-03,2.310956e-03,1.246599e-03,2.310956e-03,0
29.550000,29.560000,DS_interstep,2.251092e-03,2.303145e-03,1.173664e-03,2.303145e-03,0
29.560000,29.570000,DS_interstep,2.212408e-03,2.293004e-03,1.108203e-03,2.293004e-03,0
29.570000,29.580000,DS_interstep,2.174469e-03,2.281199e-03,1.049289e-03,2.281199e-03,0
29.580000,29.590000,DS_interstep,2.137323e-03,2.267657e-03,9.954917e-04,2.267657e-03,0
29.590000,29.600000,DS_interstep,2.100878e-03,2.252492e-03,9.464087e-04,2.252492e-03,0
29.600000,29.610000,DS_interstep,2.065075e-03,2.236239e-03,9.009426e-04,2.236239e-03,0
29.610000,29.620000,DS_interstep,2.029868e-03,2.218336e-03,8.588109e-04,2.218336e-03,0
29.620000,29.630000,DS_interstep,1.995327e-03,2.199489e-03,8.193135e-04,2.199489e-03,0
29.630000,29.640000,DS_interstep,1.961249e-03,2.179590e-03,7.820478e-04,2.179590e-03,0
29.640000,29.650000,DS_interstep,1.927715e-03,2.158342e-03,7.467530e-04,2.158342e-03,0
29.650000,29.660000,DS_interstep,1.894629e-03,2.136361e-03,7.131154e-04,2.136361e-03,0
29.660000,29.670000,DS_interstep,1.861899e-03,2.113308e-03,6.810337e-04,2.113308e-03,0
29.670000,29.680000,DS_interstep,1.829673e-03,2.089406e-03,6.502488e-04,2.089406e-03,0
29.680000,29.690000,DS_interstep,1.797731e-03,2.064476e-03,6.205535e-04,2.064476e-03,0
29.690000,29.700000,DS_interstep,1.766144e-03,2.038962e-03,5.920323e-04,2.038962e-03,0
29.700000,29.710000,DS_interstep,1.734868e-03,2.012405e-03,5.645634e-04,2.012405e-03,0
29.710000,29.720000,DS_interstep,1.703951e-03,1.985448e-03,5.381089e-04,1.985448e-03,0
29.720000,29.730000,DS_interstep,1.673243e-03,1.957623e-03,5.125307e-04,1.957623e-03,0
29.730000,29.740000,DS_interstep,1.642850e-03,1.929233e-03,4.878051e-04,1.929233e-03,0
29.740000,29.750000,DS_interstep,1.612735e-03,1.900442e-03,4.641232e-04,1.900442e-03,0
29.750000,29.760000,DS_interstep,1.582845e-03,1.870986e-03,4.413033e-04,1.870986e-03,0
29.760000,29.770000,DS_interstep,1.553221e-03,1.841090e-03,4.193704e-04,1.841090e-03,0
29.770000,29.780000,DS_interstep,1.523781e-03,1.810954e-03,3.980723e-04,1.810954e-03,0
29.780000,29.790000,DS_interstep,1.494682e-03,1.780392e-03,3.779480e-04,1.780392e-03,0
29.790000,29.800000,DS_interstep,1.465747e-03,1.749547e-03,3.583422e-04,1.749547e-03,0
29.800000,29.810000,DS_interstep,1.437084e-03,1.718515e-03,3.396227e-04,1.718515e-03,0
29.810000,29.820000,DS_interstep,1.408678e-03,1.687307e-03,3.218166e-04,1.687307e-03,0
29.820000,29.830000,DS_interstep,1.380461e-03,1.656075e-03,3.045869e-04,1.656075e-03,0
29.830000,29.840000,DS_interstep,1.352553e-03,1.624685e-03,2.881911e-04,1.624685e-03,0
29.840000,29.850000,DS_interstep,1.324867e-03,1.593197e-03,2.725710e-04,1.593197e-03,0
29.850000,29.860000,DS_interstep,1.297420e-03,1.561889e-03,2.575892e-04,1.561889e-03,0
29.860000,29.870000,DS_interstep,1.270252e-03,1.530618e-03,2.432804e-04,1.530618e-03,0
29.870000,29.880000,DS_interstep,1.243365e-03,1.499413e-03,2.296014e-04,1.499413e-03,0
29.880000,29.890000,DS_interstep,1.216710e-03,1.468321e-03,2.166183e-04,1.468321e-03,0
29.890000,29.900000,DS_interstep,1.190353e-03,1.437439e-03,2.042576e-04,1.437439e-03,0
29.900000,29.910000,DS_interstep,1.164248e-03,1.406775e-03,1.924817e-04,1.406775e-03,0
29.910000,29.920000,DS_interstep,1.138435e-03,1.376228e-03,1.813422e-04,1.376228e-03,0
29.920000,29.930000,DS_interstep,1.112943e-03,1.346049e-03,1.706053e-04,1.346049e-03,0
29.930000,29.940000,DS_interstep,1.087693e-03,1.316139e-03,1.605080e-04,1.316139e-03,0
29.940000,29.950000,DS_interstep,1.062791e-03,1.286446e-03,1.510022e-04,1.286446e-03,0
29.950000,29.960000,DS_interstep,1.038174e-03,1.257179e-03,1.418545e-04,1.257179e-03,0
29.960000,29.970000,DS_interstep,1.013872e-03,1.228249e-03,1.332227e-04,1.228249e-03,0
29.970000,29.980000,DS_interstep,9.899100e-04,1.199571e-03,1.251690e-04,1.199571e-03,0
29.980000,29.990000,DS_interstep,9.662332e-04,1.171332e-03,1.174328e-04,1.171332e-03,0
29.990000,30.000000,DS_interstep,9.429031e-04,1.143402e-03,1.103002e-04,1.143402e-03,0
30.000000,30.010000,DS_interstep,9.198709e-04,1.115969e-03,1.034099e-04,1.115969e-03,0
30.010000,30.020000,DS_interstep,8.972381e-04,1.088845e-03,9.703635e-05,1.088845e-03,0
30.020000,30.030000,DS_interstep,8.748929e-04,1.062082e-03,9.104281e-05,1.062082e-03,0
30.030000,30.040000,DS_interstep,8.528711e-04,1.035678e-03,8.538794e-05,1.035678e-03,0
30.040000,30.050000,DS_interstep,8.313129e-04,1.010003e-03,8.013874e-05,1.010003e-03,0
30.050000,30.060000,DS_interstep,8.099855e-04,9.844239e-04,7.526859e-05,9.844239e-04,0
30.060000,30.070000,DS_interstep,7.890524e-04,9.592973e-04,7.062892e-05,9.592973e-04,0
30.070000,30.080000,DS_interstep,7.685103e-04,9.348337e-04,6.639667e-05,9.348337e-04,0
30.080000,30.090000,DS_interstep,7.482992e-04,9.104855e-04,6.234620e-05,9.104855e-04,0
30.090000,30.100000,DS_interstep,7.284435e-04,8.866778e-04,5.882602e-05,8.866778e-04,0
30.100000,30.110000,DS_interstep,7.089727e-04,8.633530e-04,5.534159e-05,8.633530e-04,0
30.110000,30.120000,DS_interstep,6.898553e-04,8.404447e-04,5.231918e-05,8.404447e-04,0
30.120000,30.130000,DS_interstep,6.711135e-04,8.178338e-04,4.937286e-05,8.178338e-04,0
30.130000,30.140000,DS_interstep,6.527316e-04,7.958165e-04,4.684122e-05,7.958165e-04,0
30.140000,30.150000,DS_interstep,6.347299e-04,7.740006e-04,4.452888e-05,7.740006e-04,0
30.150000,30.160000,DS_interstep,6.170856e-04,7.527858e-04,4.238449e-05,7.527858e-04,0
30.160000,30.170000,DS_interstep,5.998121e-04,7.319489e-04,4.039094e-05,7.319489e-04,0
30.170000,30.180000,DS_interstep,5.829056e-04,7.115014e-04,3.873841e-05,7.115014e-04,0
30.180000,30.190000,DS_interstep,5.663760e-04,6.913411e-04,3.728910e-05,6.913411e-04,0
30.190000,30.200000,DS_interstep,5.502009e-04,6.718519e-04,3.581970e-05,6.718519e-04,0
30.200000,30.210000,DS_interstep,5.343864e-04,6.524238e-04,3.472797e-05,6.524238e-04,0
30.210000,30.220000,DS_interstep,5.189551e-04,6.336744e-04,3.378239e-05,6.336744e-04,0
30.220000,30.230000,DS_interstep,5.038574e-04,6.152605e-04,3.295549e-05,6.152605e-04,0
30.230000,30.240000,DS_interstep,4.891313e-04,5.971192e-04,3.223814e-05,5.971192e-04,0
30.240000,30.250000,DS_interstep,4.747590e-04,5.794148e-04,3.182378e-05,5.794148e-04,0
30.250000,30.260000,DS_interstep,4.607371e-04,5.621402e-04,3.137767e-05,5.621402e-04,0
30.260000,30.270000,DS_interstep,4.470611e-04,5.452986e-04,3.109480e-05,5.452986e-04,0
30.270000,30.280000,DS_interstep,4.337293e-04,5.286715e-04,3.105436e-05,5.286715e-04,0
30.280000,30.290000,DS_interstep,4.207387e-04,5.124618e-04,3.105378e-05,5.124618e-04,0
30.290000,30.300000,DS_interstep,4.080873e-04,4.967656e-04,3.106554e-05,4.967656e-04,0
30.300000,30.310000,DS_interstep,3.957662e-04,4.812510e-04,3.138893e-05,4.812510e-04,0
30.310000,30.320000,DS_interstep,3.837706e-04,4.661374e-04,3.160118e-05,4.661374e-04,0
30.320000,30.330000,DS_interstep,3.721040e-04,4.513934e-04,3.210340e-05,4.513934e-04,0
30.330000,30.340000,DS_interstep,3.607468e-04,4.371273e-04,3.267099e-05,4.371273e-04,0
30.340000,30.350000,DS_interstep,3.497184e-04,4.229143e-04,3.321269e-05,4.229143e-04,0
30.350000,30.360000,DS_interstep,3.389849e-04,4.093718e-04,3.389082e-05,4.093718e-04,0
30.360000,30.370000,DS_interstep,3.285591e-04,3.958617e-04,3.461821e-05,3.958617e-04,0
30.370000,30.380000,DS_interstep,3.184220e-04,3.828798e-04,3.548753e-05,3.828798e-04,0
30.380000,30.390000,DS_interstep,3.085885e-04,3.702373e-04,3.636789e-05,3.702373e-04,0
30.390000,30.400000,DS_interstep,2.990509e-04,3.578047e-04,3.738366e-05,3.578047e-04,0
30.400000,30.410000,DS_interstep,2.897835e-04,3.456807e-04,3.839336e-05,3.456807e-04,0
30.410000,30.420000,DS_interstep,2.807786e-04,3.339448e-04,3.941797e-05,3.339448e-04,0
30.420000,30.430000,DS_interstep,2.720680e-04,3.225109e-04,4.062816e-05,3.225109e-04,0
30.430000,30.440000,DS_interstep,2.636047e-04,3.114422e-04,4.183190e-05,3.114422e-04,0
30.440000,30.450000,DS_interstep,2.554171e-04,3.004408e-04,4.301906e-05,3.004408e-04,0
30.450000,30.460000,DS_interstep,2.474672e-04,2.899061e-04,4.438713e-05,2.899061e-04,0
30.460000,30.470000,DS_interstep,2.397681e-04,2.797087e-04,4.560741e-05,2.797087e-04,0
30.470000,30.480000,DS_interstep,2.323214e-04,2.696469e-04,4.701643e-05,2.696469e-04,0
30.480000,30.490000,DS_interstep,2.250878e-04,2.599211e-04,4.845949e-05,2.599211e-04,0
30.490000,30.500000,DS_interstep,2.181116e-04,2.505104e-04,4.987574e-05,2.505104e-04,0
30.500000,30.510000,DS_interstep,2.113459e-04,2.412994e-04,5.122905e-05,2.412994e-04,0
30.510000,30.520000,DS_interstep,2.047912e-04,2.323790e-04,5.283450e-05,2.323790e-04,0
30.520000,30.530000,DS_interstep,1.984587e-04,2.236614e-04,5.426961e-05,2.236614e-04,0
30.530000,30.540000,DS_interstep,1.923380e-04,2.153080e-04,5.574257e-05,2.153080e-04,0
30.540000,30.550000,DS_interstep,1.864036e-04,2.071175e-04,5.734539e-05,2.071175e-04,0
30.550000,30.560000,DS_interstep,1.806786e-04,1.991841e-04,5.887438e-05,1.991841e-04,0
30.560000,30.570000,DS_interstep,1.751395e-04,1.914004e-04,6.042365e-05,1.914004e-04,0
30.570000,30.580000,DS_interstep,1.697861e-04,1.840398e-04,6.209236e-05,1.840398e-04,0
30.580000,30.590000,DS_interstep,1.646120e-04,1.767191e-04,6.357220e-05,1.767191e-04,0
30.590000,30.600000,DS_interstep,1.596169e-04,1.696950e-04,6.516336e-05,1.696950e-04,0
30.600000,30.610000,DS_interstep,1.547852e-04,1.628858e-04,6.676221e-05,1.628858e-04,0
30.610000,30.620000,DS_interstep,1.501270e-04,1.562624e-04,6.836341e-05,1.562624e-04,0
30.620000,30.630000,DS_interstep,1.456180e-04,1.498304e-04,6.996426e-05,1.498304e-04,0
30.630000,30.640000,DS_interstep,1.412663e-04,1.435652e-04,7.156448e-05,1.435652e-04,0
30.640000,30.650000,DS_interstep,1.370779e-04,1.376711e-04,7.305818e-05,1.376711e-04,0
30.650000,30.660000,DS_interstep,1.330108e-04,1.317325e-04,7.474380e-05,1.330108e-04,0
30.660000,30.670000,DS_interstep,1.291081e-04,1.261301e-04,7.621753e-05,1.291081e-04,0
30.670000,30.680000,DS_interstep,1.253235e-04,1.205688e-04,7.777780e-05,1.253235e-04,0
30.680000,30.690000,DS_interstep,1.216773e-04,1.153352e-04,7.932456e-05,1.216773e-04,0
30.690000,30.700000,DS_interstep,1.181476e-04,1.102084e-04,8.085124e-05,1.181476e-04,0
30.700000,30.710000,DS_interstep,1.147615e-04,1.052095e-04,8.245884e-05,1.147615e-04,0
30.710000,30.720000,DS_interstep,1.114835e-04,1.002890e-04,8.384476e-05,1.114835e-04,0
30.720000,30.730000,DS_interstep,1.083272e-04,9.577561e-05,8.540622e-05,1.083272e-04,0
30.730000,30.740000,DS_interstep,1.052613e-04,9.123213e-05,8.684262e-05,1.052613e-04,0
30.740000,30.750000,DS_interstep,1.023214e-04,8.677506e-05,8.825161e-05,1.023214e-04,0
30.750000,30.760000,DS_interstep,9.948400e-05,8.266692e-05,8.973336e-05,9.948400e-05,0
30.760000,30.770000,DS_interstep,9.673882e-05,7.842914e-05,9.108362e-05,9.673882e-05,0
30.770000,30.780000,DS_interstep,9.408820e-05,7.463485e-05,9.250379e-05,9.408820e-05,0
30.780000,30.790000,DS_interstep,9.153810e-05,7.068244e-05,9.389075e-05,9.389075e-05,0
30.790000,30.800000,DS_interstep,8.907559e-05,6.696530e-05,9.524536e-05,9.524536e-05,0
30.800000,30.810000,DS_interstep,8.669834e-05,6.346911e-05,9.656572e-05,9.656572e-05,0
30.810000,30.820000,DS_interstep,8.439953e-05,5.990015e-05,9.774993e-05,9.774993e-05,0
30.820000,30.830000,DS_interstep,8.218299e-05,5.663802e-05,9.909993e-05,9.909993e-05,0
30.830000,30.840000,DS_interstep,8.005040e-05,5.328226e-05,1.004122e-04,1.004122e-04,0
30.840000,30.850000,DS_interstep,7.797348e-05,5.022484e-05,1.014879e-04,1.014879e-04,0
30.850000,30.860000,SS,-9.207025e-03,-1.692235e-02,4.794949e-02,4.794949e-02,0
30.860000,30.960000,SS,-8.261665e-03,-2.558915e-02,5.721225e-02,5.721225e-02,1
30.960000,31.060000,SS,-6.622018e-03,-2.474467e-02,5.723661e-02,5.723661e-02,1
31.060000,31.160000,SS,-6.421851e-03,-2.609180e-02,5.444687e-02,5.444687e-02,1
31.160000,31.260000,SS,-5.313601e-03,-2.948266e-02,5.762449e-02,5.762449e-02,1
31.260000,31.360000,SS,-4.434926e-03,-3.235993e-02,5.966964e-02,5.966964e-02,1
31.360000,31.460000,SS,-3.973533e-03,-3.410495e-02,5.937773e-02,5.937773e-02,1
31.460000,31.560000,SS,-3.607347e-03,-3.587897e-02,5.926470e-02,5.926470e-02,1
31.560000,31.660000,SS,-3.379967e-03,-3.768510e-02,5.933544e-02,5.933544e-02,1
31.660000,31.760000,SS,-3.371386e-03,-3.998871e-02,6.029527e-02,6.029527e-02,1
31.760000,31.860000,SS,-3.423463e-03,-4.212699e-02,6.117487e-02,6.117487e-02,1
31.860000,31.960000,SS,-3.683703e-03,-4.370653e-02,6.101717e-02,6.101717e-02,1
31.960000,32.060000,SS,-4.058103e-03,-4.503336e-02,6.044412e-02,6.044412e-02,1
32.060000,32.160000,SS,-4.537843e-03,-4.608286e-02,5.941924e-02,5.941924e-02,1
32.160000,32.260000,SS,-5.125806e-03,-4.739366e-02,5.889279e-02,5.889279e-02,1
32.260000,32.360000,SS,-5.711413e-03,-4.865186e-02,5.838926e-02,5.838926e-02,1
32.360000,32.460000,SS,-6.390541e-03,-4.940786e-02,5.697797e-02,5.697797e-02,1
32.460000,32.560000,SS,-7.105777e-03,-4.986039e-02,5.504716e-02,5.504716e-02,1
32.560000,32.660000,SS,-7.800606e-03,-4.997122e-02,5.263628e-02,5.263628e-02,1
32.660000,32.760000,SS,-8.415386e-03,-4.985042e-02,5.009017e-02,5.009017e-02,1
32.760000,32.860000,SS,-8.989219e-03,-4.970897e-02,4.761746e-02,4.970897e-02,1
32.860000,32.960000,SS,-9.598889e-03,-4.935280e-02,4.471217e-02,4.935280e-02,1
32.960000,33.060000,SS,-1.023641e-02,-4.877293e-02,4.137427e-02,4.877293e-02,1
33.060000,33.160000,SS,-1.086453e-02,-4.805775e-02,3.780426e-02,4.805775e-02,1
33.160000,33.260000,SS,-1.146365e-02,-4.720762e-02,3.406946e-02,4.720762e-02,1
33.260000,33.360000,SS,-1.200287e-02,-4.627866e-02,3.032489e-02,4.627866e-02,1
33.360000,33.460000,SS,-1.248358e-02,-4.522261e-02,2.646869e-02,4.522261e-02,1
33.460000,33.560000,SS,-1.291994e-02,-4.398934e-02,2.240798e-02,4.398934e-02,1
33.560000,33.660000,SS,-1.327370e-02,-4.259843e-02,1.826571e-02,4.259843e-02,1
33.660000,33.760000,SS,-1.340707e-02,-4.079137e-02,1.394857e-02,4.079137e-02,1
33.760000,33.860000,SS,-1.335673e-02,-3.856269e-02,9.384491e-03,3.856269e-02,1
33.860000,33.960000,SS,-1.320369e-02,-3.617798e-02,4.848780e-03,3.617798e-02,1
33.960000,34.060000,SS,-1.295431e-02,-3.365474e-02,3.779682e-04,3.365474e-02,1
34.060000,34.160000,SS,-1.261011e-02,-3.100285e-02,-4.002225e-03,3.100285e-02,1
34.160000,34.260000,SS,-1.217468e-02,-2.823013e-02,-8.264169e-03,2.823013e-02,1
34.260000,34.360000,SS,-1.161124e-02,-2.505857e-02,-1.281045e-02,2.505857e-02,1
34.360000,34.460000,SS,-1.095926e-02,-2.166676e-02,-1.738399e-02,2.166676e-02,1
34.460000,34.560000,SS,-1.021996e-02,-1.823646e-02,-2.166873e-02,2.166873e-02,1
34.560000,34.660000,SS,-9.405858e-03,-1.478748e-02,-2.566633e-02,2.566633e-02,1
34.660000,34.760000,SS,-8.521686e-03,-1.126097e-02,-2.944428e-02,2.944428e-02,1
34.760000,34.860000,SS,-7.527010e-03,-7.433784e-03,-3.333192e-02,3.333192e-02,1
34.860000,34.960000,SS,-6.434037e-03,-3.199386e-03,-3.748476e-02,3.748476e-02,1
34.960000,35.060000,SS,-5.315460e-03,1.134080e-03,-4.145480e-02,4.145480e-02,1
35.060000,35.160000,SS,-4.159615e-03,5.386504e-03,-4.497879e-02,4.497879e-02,1
35.160000,35.260000,SS,-2.967853e-03,9.542802e-03,-4.802003e-02,4.802003e-02,1
35.260000,35.360000,SS,-1.736168e-03,1.367262e-02,-5.075953e-02,5.075953e-02,1
35.360000,35.460000,SS,-3.605319e-04,1.836421e-02,-5.398422e-02,5.398422e-02,1
35.460000,35.560000,SS,9.603545e-04,2.299504e-02,-5.691037e-02,5.691037e-02,1
35.560000,35.660000,SS,2.241336e-03,2.722562e-02,-5.915448e-02,5.915448e-02,1
35.660000,35.760000,SS,3.494594e-03,3.131457e-02,-6.099411e-02,6.099411e-02,1
35.760000,35.860000,SS,4.694364e-03,3.522955e-02,-6.247601e-02,6.247601e-02,1
35.860000,35.960000,SS,6.095686e-03,3.989103e-02,-6.462562e-02,6.462562e-02,1
35.960000,36.060000,SS,7.404065e-03,4.428597e-02,-6.634264e-02,6.634264e-02,1
36.060000,36.160000,SS,8.599776e-03,4.829004e-02,-6.750983e-02,6.750983e-02,1
36.160000,36.260000,SS,9.684535e-03,5.190683e-02,-6.816592e-02,6.816592e-02,1
36.260000,36.360000,SS,1.066276e-02,5.510625e-02,-6.829274e-02,6.829274e-02,1
36.360000,36.460000,SS,1.177011e-02,5.869810e-02,-6.873728e-02,6.873728e-02,1
36.460000,36.560000,SS,1.286058e-02,6.227662e-02,-6.913061e-02,6.913061e-02,1
36.560000,36.660000,SS,1.375247e-02,6.529005e-02,-6.899159e-02,6.899159e-02,1
36.660000,36.760000,SS,1.447358e-02,6.774804e-02,-6.832452e-02,6.832452e-02,1
36.760000,36.860000,SS,1.503959e-02,6.963786e-02,-6.713164e-02,6.963786e-02,1
36.860000,36.960000,SS,1.562432e-02,7.145594e-02,-6.586656e-02,7.145594e-02,1
36.960000,37.060000,SS,1.637420e-02,7.368135e-02,-6.498198e-02,7.368135e-02,1
37.060000,37.160000,SS,1.686525e-02,7.522154e-02,-6.360201e-02,7.522154e-02,1
37.160000,37.260000,SS,1.713112e-02,7.608437e-02,-6.177809e-02,7.608437e-02,1
37.260000,37.360000,SS,1.722013e-02,7.628736e-02,-5.944162e-02,7.628736e-02,1
37.360000,37.460000,SS,1.717415e-02,7.591206e-02,-5.668230e-02,7.591206e-02,1
37.460000,37.560000,SS,1.757386e-02,7.649840e-02,-5.472159e-02,7.649840e-02,1
37.560000,37.660000,SS,1.769123e-02,7.636730e-02,-5.227613e-02,7.636730e-02,1
37.660000,37.760000,SS,1.752172e-02,7.547765e-02,-4.954279e-02,7.547765e-02,1
37.760000,37.860000,SS,1.717683e-02,7.388246e-02,-4.629454e-02,7.388246e-02,1
37.860000,37.960000,SS,1.667322e-02,7.161315e-02,-4.258750e-02,7.161315e-02,1
37.960000,38.060000,SS,1.648975e-02,6.931669e-02,-3.811402e-02,6.931669e-02,1
38.060000,38.160000,SS,1.627600e-02,6.650691e-02,-3.297071e-02,6.650691e-02,1
38.160000,38.260000,SS,1.579244e-02,6.311546e-02,-2.780868e-02,6.311546e-02,1
38.260000,38.360000,SS,1.513068e-02,5.913394e-02,-2.240710e-02,5.913394e-02,1
38.360000,38.460000,SS,1.434669e-02,5.460455e-02,-1.667418e-02,5.460455e-02,1
38.460000,38.560000,SS,1.345068e-02,4.956291e-02,-1.065698e-02,4.956291e-02,1
38.560000,38.660000,SS,1.246441e-02,4.403856e-02,-4.350899e-03,4.403856e-02,1
38.660000,38.760000,SS,1.169684e-02,3.792582e-02,1.202480e-03,3.792582e-02,1
38.760000,38.860000,SS,1.163917e-02,3.127152e-02,7.025951e-03,3.127152e-02,1
38.860000,38.960000,SS,1.084029e-02,2.492914e-02,1.124909e-02,2.492914e-02,1
38.960000,39.060000,SS,9.403792e-03,1.922302e-02,1.330016e-02,1.922302e-02,1
39.060000,39.160000,SS,7.836095e-03,1.374392e-02,1.508307e-02,1.508307e-02,1
39.160000,39.260000,SS,6.212726e-03,8.552620e-03,1.656776e-02,1.656776e-02,1
39.260000,39.360000,SS,4.567213e-03,3.729995e-03,1.762051e-02,1.762051e-02,1
39.360000,39.460000,SS,2.975561e-03,-7.248811e-04,1.841362e-02,1.841362e-02,1
39.460000,39.560000,SS,1.472024e-03,-4.828198e-03,1.903112e-02,1.903112e-02,1
39.560000,39.660000,SS,7.510266e-05,-8.557306e-03,1.946706e-02,1.946706e-02,1
39.660000,39.760000,SS,-1.195075e-03,-1.190455e-02,1.976091e-02,1.976091e-02,1
39.760000,39.860000,SS,-2.328079e-03,-1.487385e-02,1.994246e-02,1.994246e-02,1
39.860000,39.960000,SS,-3.317443e-03,-1.746538e-02,2.002715e-02,2.002715e-02,1
39.960000,40.070000,DS_interstep,-1.114902e-01,4.547934e-01,-9.493501e-02,4.547934e-01,0
40.070000,40.080000,DS_interstep,-5.288005e-02,1.746588e-01,-1.248399e-01,1.746588e-01,0
40.080000,40.090000,DS_interstep,-1.094225e-02,3.026688e-03,-5.879741e-02,5.879741e-02,0
40.090000,40.100000,DS_interstep,1.102112e-02,-7.414089e-02,-6.150896e-03,7.414089e-02,0
40.100000,40.110000,DS_interstep,2.035560e-02,-1.003793e-01,2.716788e-02,1.003793e-01,0
40.110000,40.120000,DS_interstep,2.275987e-02,-1.005824e-01,4.159903e-02,1.005824e-01,0
40.120000,40.130000,DS_interstep,2.174952e-02,-8.928187e-02,4.427897e-02,8.928187e-02,0
40.130000,40.140000,DS_interstep,1.896495e-02,-7.357792e-02,3.897748e-02,7.357792e-02,0
40.140000,40.150000,DS_interstep,1.428370e-02,-5.503856e-02,2.655401e-02,5.503856e-02,0
40.150000,40.160000,DS_interstep,1.042637e-02,-3.995247e-02,1.529459e-02,3.995247e-02,0
40.160000,40.170000,DS_interstep,8.466196e-03,-3.071959e-02,8.649946e-03,3.071959e-02,0
40.170000,40.180000,DS_interstep,7.826605e-03,-2.589237e-02,5.240872e-03,2.589237e-02,0
40.180000,40.190000,DS_interstep,7.113320e-03,-2.235306e-02,1.517129e-03,2.235306e-02,0
40.190000,40.200000,DS_interstep,5.513851e-03,-1.811768e-02,-4.134543e-03,1.811768e-02,0
40.200000,40.210000,DS_interstep,3.565056e-03,-1.401629e-02,-9.800830e-03,1.401629e-02,0
40.210000,40.220000,DS_interstep,1.762740e-03,-1.090444e-02,-1.403697e-02,1.403697e-02,0
40.220000,40.230000,DS_interstep,2.420558e-04,-8.901219e-03,-1.663890e-02,1.663890e-02,0
40.230000,40.240000,DS_interstep,-1.023810e-03,-7.748625e-03,-1.790097e-02,1.790097e-02,0
40.240000,40.250000,DS_interstep,-2.069107e-03,-7.193747e-03,-1.814103e-02,1.814103e-02,0
40.250000,40.260000,DS_interstep,-2.910476e-03,-7.026308e-03,-1.758161e-02,1.758161e-02,0
40.260000,40.270000,DS_interstep,-3.551798e-03,-7.091181e-03,-1.639705e-02,1.639705e-02,0
40.270000,40.280000,DS_interstep,-4.004553e-03,-7.275699e-03,-1.478542e-02,1.478542e-02,0
40.280000,40.290000,DS_interstep,-4.295166e-03,-7.492037e-03,-1.296315e-02,1.296315e-02,0
40.290000,40.300000,DS_interstep,-4.458977e-03,-7.675079e-03,-1.113275e-02,1.113275e-02,0
40.300000,40.310000,DS_interstep,-4.529918e-03,-7.783585e-03,-9.441176e-03,9.441176e-03,0
40.310000,40.320000,DS_interstep,-4.533453e-03,-7.801904e-03,-7.964703e-03,7.964703e-03,0
40.320000,40.330000,DS_interstep,-4.485672e-03,-7.730929e-03,-6.723045e-03,7.730929e-03,0
40.330000,40.340000,DS_interstep,-4.395849e-03,-7.581889e-03,-5.696040e-03,7.581889e-03,0
40.340000,40.350000,DS_interstep,-4.270147e-03,-7.370815e-03,-4.848498e-03,7.370815e-03,0
40.350000,40.360000,DS_interstep,-4.114277e-03,-7.113195e-03,-4.140982e-03,7.113195e-03,0
40.360000,40.370000,DS_interstep,-3.934605e-03,-6.824036e-03,-3.540970e-03,6.824036e-03,0
40.370000,40.380000,DS_interstep,-3.738328e-03,-6.515705e-03,-3.021541e-03,6.515705e-03,0
40.380000,40.390000,DS_interstep,-3.532859e-03,-6.199382e-03,-2.563370e-03,6.199382e-03,0
40.390000,40.400000,DS_interstep,-3.325141e-03,-5.883735e-03,-2.152076e-03,5.883735e-03,0
40.400000,40.410000,DS_interstep,-3.120854e-03,-5.576796e-03,-1.776727e-03,5.576796e-03,0
40.410000,40.420000,DS_interstep,-2.924356e-03,-5.283775e-03,-1.428571e-03,5.283775e-03,0
40.420000,40.430000,DS_interstep,-2.738364e-03,-5.009326e-03,-1.100545e-03,5.009326e-03,0
40.430000,40.440000,DS_interstep,-2.564189e-03,-4.755867e-03,-7.861861e-04,4.755867e-03,0
40.440000,40.450000,DS_interstep,-2.402560e-03,-4.524833e-03,-4.820394e-04,4.524833e-03,0
40.450000,40.460000,DS_interstep,-2.253804e-03,-4.317318e-03,-1.871399e-04,4.317318e-03,0
40.460000,40.470000,DS_interstep,-2.116046e-03,-4.132518e-03,1.055413e-04,4.132518e-03,0
40.470000,40.480000,DS_interstep,-1.987791e-03,-3.967907e-03,3.973744e-04,3.967907e-03,0
40.480000,40.490000,DS_interstep,-1.867698e-03,-3.820825e-03,6.896393e-04,3.820825e-03,0
40.490000,40.500000,DS_interstep,-1.754720e-03,-3.688227e-03,9.803745e-04,3.688227e-03,0
40.500000,40.510000,DS_interstep,-1.647889e-03,-3.568223e-03,1.269259e-03,3.568223e-03,0
40.510000,40.520000,DS_interstep,-1.546444e-03,-3.458525e-03,1.554210e-03,3.458525e-03,0
40.520000,40.530000,DS_interstep,-1.449728e-03,-3.357151e-03,1.833768e-03,3.357151e-03,0
40.530000,40.540000,DS_interstep,-1.357047e-03,-3.262943e-03,2.106205e-03,3.262943e-03,0
40.540000,40.550000,DS_interstep,-1.268009e-03,-3.174658e-03,2.369609e-03,3.174658e-03,0
40.550000,40.560000,DS_interstep,-1.182046e-03,-3.090938e-03,2.622994e-03,3.090938e-03,0
40.560000,40.570000,DS_interstep,-1.098968e-03,-3.011317e-03,2.864293e-03,3.011317e-03,0
40.570000,40.580000,DS_interstep,-1.018459e-03,-2.934851e-03,3.092797e-03,3.092797e-03,0
40.580000,40.590000,DS_interstep,-9.402639e-04,-2.861186e-03,3.308057e-03,3.308057e-03,0
40.590000,40.600000,DS_interstep,-8.642102e-04,-2.789323e-03,3.508897e-03,3.508897e-03,0
40.600000,40.610000,DS_interstep,-7.900913e-04,-2.719266e-03,3.694800e-03,3.694800e-03,0
40.610000,40.620000,DS_interstep,-7.179662e-04,-2.650028e-03,3.865551e-03,3.865551e-03,0
40.620000,40.630000,DS_interstep,-6.476812e-04,-2.581769e-03,4.020245e-03,4.020245e-03,0
40.630000,40.640000,DS_interstep,-5.792756e-04,-2.513868e-03,4.159565e-03,4.159565e-03,0
40.640000,40.650000,DS_interstep,-5.129244e-04,-2.446138e-03,4.282917e-03,4.282917e-03,0
40.650000,40.660000,DS_interstep,-4.485789e-04,-2.378520e-03,4.390981e-03,4.390981e-03,0
40.660000,40.670000,DS_interstep,-3.863907e-04,-2.310971e-03,4.483589e-03,4.483589e-03,0
40.670000,40.680000,DS_interstep,-3.264242e-04,-2.243393e-03,4.561791e-03,4.561791e-03,0
40.680000,40.690000,DS_interstep,-2.687978e-04,-2.175952e-03,4.625937e-03,4.625937e-03,0
40.690000,40.700000,DS_interstep,-2.136882e-04,-2.108673e-03,4.676572e-03,4.676572e-03,0
40.700000,40.710000,DS_interstep,-1.610796e-04,-2.041709e-03,4.714873e-03,4.714873e-03,0
40.710000,40.720000,DS_interstep,-1.110920e-04,-1.975008e-03,4.741550e-03,4.741550e-03,0
40.720000,40.730000,DS_interstep,-6.380496e-05,-1.909117e-03,4.757220e-03,4.757220e-03,0
40.730000,40.740000,DS_interstep,-1.929867e-05,-1.843848e-03,4.763064e-03,4.763064e-03,0
40.740000,40.750000,DS_interstep,2.242655e-05,-1.779635e-03,4.759768e-03,4.759768e-03,0
40.750000,40.760000,DS_interstep,6.142026e-05,-1.716338e-03,4.748382e-03,4.748382e-03,0
40.760000,40.770000,DS_interstep,9.759350e-05,-1.654427e-03,4.729753e-03,4.729753e-03,0
40.770000,40.780000,DS_interstep,1.310077e-04,-1.593932e-03,4.704157e-03,4.704157e-03,0
40.780000,40.790000,DS_interstep,1.617263e-04,-1.534890e-03,4.673085e-03,4.673085e-03,0
40.790000,40.800000,DS_interstep,1.898195e-04,-1.477459e-03,4.636828e-03,4.636828e-03,0
40.800000,40.810000,DS_interstep,2.153067e-04,-1.421703e-03,4.595846e-03,4.595846e-03,0
40.810000,40.820000,DS_interstep,2.383379e-04,-1.367792e-03,4.551084e-03,4.551084e-03,0
40.820000,40.830000,DS_interstep,2.590338e-04,-1.315796e-03,4.503022e-03,4.503022e-03,0
40.830000,40.840000,DS_interstep,2.774275e-04,-1.265479e-03,4.451729e-03,4.451729e-03,0
40.840000,40.850000,DS_interstep,2.937228e-04,-1.217119e-03,4.398181e-03,4.398181e-03,0
40.850000,40.860000,DS_interstep,3.079893e-04,-1.170621e-03,4.342401e-03,4.342401e-03,0
40.860000,40.870000,DS_interstep,3.204201e-04,-1.126090e-03,4.284671e-03,4.284671e-03,0
40.870000,40.880000,DS_interstep,3.310985e-04,-1.083325e-03,4.225655e-03,4.225655e-03,0
40.880000,40.890000,DS_interstep,3.401610e-04,-1.042387e-03,4.165189e-03,4.165189e-03,0
40.890000,40.900000,DS_interstep,3.477445e-04,-1.003088e-03,4.103627e-03,4.103627e-03,0
40.900000,40.910000,DS_interstep,3.540172e-04,-9.657352e-04,4.041339e-03,4.041339e-03,0
40.910000,40.920000,DS_interstep,3.589900e-04,-9.298622e-04,3.978191e-03,3.978191e-03,0
40.920000,40.930000,DS_interstep,3.628804e-04,-8.956016e-04,3.914506e-03,3.914506e-03,0
40.930000,40.940000,DS_interstep,3.657681e-04,-8.627746e-04,3.850414e-03,3.850414e-03,0
40.940000,40.950000,DS_interstep,3.677234e-04,-8.316082e-04,3.785812e-03,3.785812e-03,0
40.950000,40.960000,DS_interstep,3.688849e-04,-8.015950e-04,3.721309e-03,3.721309e-03,0
40.960000,40.970000,DS_interstep,3.692982e-04,-7.730559e-04,3.656442e-03,3.656442e-03,0
40.970000,40.980000,DS_interstep,3.690171e-04,-7.457380e-04,3.591506e-03,3.591506e-03,0
40.980000,40.990000,DS_interstep,3.681955e-04,-7.196006e-04,3.526677e-03,3.526677e-03,0
40.990000,41.000000,DS_interstep,3.668380e-04,-6.945346e-04,3.462006e-03,3.462006e-03,0
41.000000,41.010000,DS_interstep,3.649688e-04,-6.707224e-04,3.397453e-03,3.397453e-03,0
41.010000,41.020000,DS_interstep,3.627038e-04,-6.477220e-04,3.333267e-03,3.333267e-03,0
41.020000,41.030000,DS_interstep,3.600822e-04,-6.259626e-04,3.269407e-03,3.269407e-03,0
41.030000,41.040000,DS_interstep,3.570890e-04,-6.048776e-04,3.205928e-03,3.205928e-03,0
41.040000,41.050000,DS_interstep,3.537699e-04,-5.849801e-04,3.143063e-03,3.143063e-03,0
41.050000,41.060000,DS_interstep,3.502322e-04,-5.657201e-04,3.080536e-03,3.080536e-03,0
41.060000,41.070000,DS_interstep,3.464038e-04,-5.473508e-04,3.018957e-03,3.018957e-03,0
41.070000,41.080000,DS_interstep,3.423586e-04,-5.298721e-04,2.958017e-03,2.958017e-03,0
41.080000,41.090000,DS_interstep,3.381252e-04,-5.131158e-04,2.898004e-03,2.898004e-03,0
41.090000,41.100000,DS_interstep,3.337141e-04,-4.971521e-04,2.837766e-03,2.837766e-03,0
41.100000,41.110000,DS_interstep,3.291364e-04,-4.818760e-04,2.779740e-03,2.779740e-03,0
41.110000,41.120000,DS_interstep,3.244116e-04,-4.671425e-04,2.722570e-03,2.722570e-03,0
41.120000,41.130000,DS_interstep,3.195899e-04,-4.534686e-04,2.666042e-03,2.666042e-03,0
41.130000,41.140000,DS_interstep,3.146245e-04,-4.400403e-04,2.610348e-03,2.610348e-03,0
41.140000,41.150000,DS_interstep,3.096001e-04,-4.274768e-04,2.556521e-03,2.556521e-03,0
41.150000,41.160000,DS_interstep,3.045019e-04,-4.155590e-04,2.502569e-03,2.502569e-03,0
41.160000,41.170000,DS_interstep,2.993410e-04,-4.040984e-04,2.451626e-03,2.451626e-03,0
41.170000,41.180000,DS_interstep,2.941155e-04,-3.931623e-04,2.399623e-03,2.399623e-03,0
41.180000,41.190000,DS_interstep,2.888903e-04,-3.829312e-04,2.350578e-03,2.350578e-03,0
41.190000,41.200000,DS_interstep,2.836404e-04,-3.731004e-04,2.301587e-03,2.301587e-03,0
41.200000,41.210000,DS_interstep,2.783879e-04,-3.638074e-04,2.254644e-03,2.254644e-03,0
41.210000,41.220000,DS_interstep,2.731540e-04,-3.549680e-04,2.207667e-03,2.207667e-03,0
41.220000,41.230000,DS_interstep,2.679436e-04,-3.466611e-04,2.163697e-03,2.163697e-03,0
41.230000,41.240000,DS_interstep,2.627636e-04,-3.386057e-04,2.119784e-03,2.119784e-03,0
41.240000,41.250000,DS_interstep,2.576512e-04,-3.311786e-04,2.076790e-03,2.076790e-03,0
41.250000,41.260000,DS_interstep,2.525805e-04,-3.239336e-04,2.035867e-03,2.035867e-03,0
41.260000,41.270000,DS_interstep,2.475902e-04,-3.171867e-04,1.995804e-03,1.995804e-03,0
41.270000,41.280000,DS_interstep,2.426726e-04,-3.107918e-04,1.956721e-03,1.956721e-03,0
41.280000,41.290000,DS_interstep,2.378431e-04,-3.045342e-04,1.918504e-03,1.918504e-03,0
41.290000,41.300000,DS_interstep,2.331112e-04,-2.986825e-04,1.881152e-03,1.881152e-03,0
41.300000,41.310000,DS_interstep,2.284712e-04,-2.932116e-04,1.845582e-03,1.845582e-03,0
41.310000,41.320000,DS_interstep,2.239413e-04,-2.877635e-04,1.809862e-03,1.809862e-03,0
41.320000,41.330000,DS_interstep,2.195162e-04,-2.826414e-04,1.776794e-03,1.776794e-03,0
41.330000,41.340000,DS_interstep,2.152088e-04,-2.778843e-04,1.744509e-03,1.744509e-03,0
41.340000,41.350000,DS_interstep,2.110090e-04,-2.730681e-04,1.710778e-03,1.710778e-03,0
41.350000,41.360000,DS_interstep,2.069354e-04,-2.687131e-04,1.680757e-03,1.680757e-03,0
41.360000,41.370000,DS_interstep,2.029642e-04,-2.642821e-04,1.650315e-03,1.650315e-03,0
41.370000,41.380000,DS_interstep,1.991245e-04,-2.600685e-04,1.621279e-03,1.621279e-03,0
41.380000,41.390000,DS_interstep,1.953962e-04,-2.560925e-04,1.591866e-03,1.591866e-03,0
41.390000,41.400000,DS_interstep,1.917845e-04,-2.520716e-04,1.563771e-03,1.563771e-03,0
41.400000,41.410000,DS_interstep,1.882879e-04,-2.483926e-04,1.537230e-03,1.537230e-03,0
41.410000,41.420000,DS_interstep,1.849041e-04,-2.446454e-04,1.510903e-03,1.510903e-03,0
41.420000,41.430000,DS_interstep,1.816291e-04,-2.409966e-04,1.484965e-03,1.484965e-03,0
41.430000,41.440000,DS_interstep,1.784727e-04,-2.375384e-04,1.460315e-03,1.460315e-03,0
41.440000,41.450000,DS_interstep,1.754078e-04,-2.340061e-04,1.435831e-03,1.435831e-03,0
41.450000,41.460000,DS_interstep,1.724493e-04,-2.307262e-04,1.412689e-03,1.412689e-03,0
41.460000,41.470000,DS_interstep,1.695993e-04,-2.274118e-04,1.388599e-03,1.388599e-03,0
41.470000,41.480000,DS_interstep,1.668303e-04,-2.242117e-04,1.366692e-03,1.366692e-03,0
41.480000,41.490000,DS_interstep,1.641674e-04,-2.210644e-04,1.344865e-03,1.344865e-03,0
41.490000,41.500000,DS_interstep,1.615843e-04,-2.178807e-04,1.323158e-03,1.323158e-03,0
41.500000,41.510000,DS_interstep,1.590922e-04,-2.148628e-04,1.303458e-03,1.303458e-03,0
41.510000,41.520000,DS_interstep,1.566902e-04,-2.117101e-04,1.281740e-03,1.281740e-03,0
41.520000,41.530000,DS_interstep,1.543565e-04,-2.089041e-04,1.263005e-03,1.263005e-03,0
41.530000,41.540000,DS_interstep,1.521089e-04,-2.059261e-04,1.243241e-03,1.243241e-03,0
41.540000,41.550000,DS_interstep,1.499319e-04,-2.029889e-04,1.224359e-03,1.224359e-03,0
41.550000,41.560000,DS_interstep,1.478301e-04,-2.001629e-04,1.205433e-03,1.205433e-03,0
41.560000,41.570000,DS_interstep,1.457844e-04,-1.973094e-04,1.188301e-03,1.188301e-03,0
41.570000,41.580000,DS_interstep,1.438217e-04,-1.945724e-04,1.171034e-03,1.171034e-03,0
41.580000,41.590000,DS_interstep,1.419103e-04,-1.918299e-04,1.153590e-03,1.153590e-03,0
41.590000,41.600000,DS_interstep,1.400603e-04,-1.891414e-04,1.136955e-03,1.136955e-03,0
41.600000,41.610000,DS_interstep,1.382761e-04,-1.863976e-04,1.120008e-03,1.120008e-03,0
41.610000,41.620000,DS_interstep,1.365438e-04,-1.837960e-04,1.104846e-03,1.104846e-03,0
41.620000,41.630000,DS_interstep,1.348652e-04,-1.812004e-04,1.089498e-03,1.089498e-03,0
41.630000,41.640000,DS_interstep,1.332357e-04,-1.786376e-04,1.073677e-03,1.073677e-03,0
41.640000,41.650000,DS_interstep,1.316621e-04,-1.760754e-04,1.059630e-03,1.059630e-03,0
41.650000,41.660000,DS_interstep,1.301320e-04,-1.735406e-04,1.044191e-03,1.044191e-03,0
41.660000,41.670000,DS_interstep,1.286442e-04,-1.710360e-04,1.030496e-03,1.030496e-03,0
41.670000,41.680000,DS_interstep,1.272073e-04,-1.685455e-04,1.016260e-03,1.016260e-03,0
41.680000,41.690000,DS_interstep,1.258114e-04,-1.661750e-04,1.002749e-03,1.002749e-03,0
41.690000,41.700000,DS_interstep,1.244496e-04,-1.638164e-04,9.897097e-04,9.897097e-04,0
41.700000,41.710000,DS_interstep,1.231239e-04,-1.614282e-04,9.763583e-04,9.763583e-04,0
41.710000,41.720000,DS_interstep,1.218452e-04,-1.589933e-04,9.634464e-04,9.634464e-04,0
41.720000,41.730000,DS_interstep,1.205985e-04,-1.567726e-04,9.510731e-04,9.510731e-04,0
41.730000,41.740000,DS_interstep,1.193798e-04,-1.544545e-04,9.382548e-04,9.382548e-04,0
41.740000,41.750000,DS_interstep,1.181889e-04,-1.522637e-04,9.268963e-04,9.268963e-04,0
41.750000,41.760000,DS_interstep,1.170376e-04,-1.499402e-04,9.150525e-04,9.150525e-04,0
41.760000,41.770000,DS_interstep,1.159069e-04,-1.478921e-04,9.026430e-04,9.026430e-04,0
41.770000,41.780000,DS_interstep,1.148071e-04,-1.456734e-04,8.916983e-04,8.916983e-04,0
41.780000,41.790000,DS_interstep,1.137281e-04,-1.435081e-04,8.801948e-04,8.801948e-04,0
41.790000,41.800000,DS_interstep,1.126736e-04,-1.414198e-04,8.701241e-04,8.701241e-04,0
41.800000,41.810000,DS_interstep,1.116411e-04,-1.393620e-04,8.584703e-04,8.584703e-04,0
41.810000,41.820000,DS_interstep,1.106309e-04,-1.372825e-04,8.482106e-04,8.482106e-04,0
41.820000,41.830000,DS_interstep,1.096310e-04,-1.352806e-04,8.373371e-04,8.373371e-04,0
41.830000,41.840000,DS_interstep,1.086612e-04,-1.333973e-04,8.268885e-04,8.268885e-04,0
41.840000,41.850000,DS_interstep,1.076992e-04,-1.314087e-04,8.167547e-04,8.167547e-04,0
41.850000,41.860000,DS_interstep,1.067581e-04,-1.294663e-04,8.070381e-04,8.070381e-04,0
41.860000,41.870000,DS_interstep,1.058279e-04,-1.275925e-04,7.976438e-04,7.976438e-04,0
41.870000,41.880000,DS_interstep,1.049108e-04,-1.257811e-04,7.876298e-04,7.876298e-04,0
41.880000,41.890000,DS_interstep,1.040014e-04,-1.239241e-04,7.779167e-04,7.779167e-04,0
41.890000,41.900000,DS_interstep,1.031092e-04,-1.222584e-04,7.695402e-04,7.695402e-04,0
41.900000,41.910000,DS_interstep,1.022301e-04,-1.204199e-04,7.595030e-04,7.595030e-04,0
41.910000,41.920000,DS_interstep,1.013524e-04,-1.186570e-04,7.507916e-04,7.507916e-04,0
41.920000,41.930000,DS_interstep,1.004847e-04,-1.170761e-04,7.413623e-04,7.413623e-04,0
41.930000,41.940000,DS_interstep,9.962576e-05,-1.154655e-04,7.332567e-04,7.332567e-04,0
41.940000,41.950000,DS_interstep,9.878230e-05,-1.137813e-04,7.244484e-04,7.244484e-04,0
41.950000,41.960000,DS_interstep,9.793041e-05,-1.123002e-04,7.149125e-04,7.149125e-04,0
41.960000,41.970000,DS_interstep,9.709438e-05,-1.106908e-04,7.076804e-04,7.076804e-04,0
41.970000,41.980000,DS_interstep,9.625961e-05,-1.092052e-04,6.997241e-04,6.997241e-04,0
41.980000,41.990000,DS_interstep,9.543635e-05,-1.078279e-04,6.900421e-04,6.900421e-04,0
41.990000,42.000000,DS_interstep,9.461038e-05,-1.062883e-04,6.836492e-04,6.836492e-04,0
42.000000,42.010000,DS_interstep,9.379012e-05,-1.049291e-04,6.744807e-04,6.744807e-04,0
42.010000,42.020000,DS_interstep,9.297564e-05,-1.036432e-04,6.676122e-04,6.676122e-04,0
42.020000,42.030000,DS_interstep,9.216187e-05,-1.022108e-04,6.599832e-04,6.599832e-04,0
42.030000,42.040000,DS_interstep,9.135660e-05,-1.009408e-04,6.516135e-04,6.516135e-04,0
42.040000,42.050000,DS_interstep,9.055020e-05,-9.974369e-05,6.444918e-04,6.444918e-04,0
42.050000,42.060000,DS_interstep,8.974251e-05,-9.852487e-05,6.375887e-04,6.375887e-04,0
42.060000,42.070000,DS_interstep,8.895111e-05,-9.732866e-05,6.299804e-04,6.299804e-04,0
42.070000,42.080000,DS_interstep,8.814671e-05,-9.614717e-05,6.225562e-04,6.225562e-04,0
42.080000,42.090000,DS_interstep,8.735829e-05,-9.506961e-05,6.154013e-04,6.154013e-04,0
42.090000,42.100000,DS_interstep,8.656103e-05,-9.391710e-05,6.094669e-04,6.094669e-04,0
42.100000,42.110000,DS_interstep,8.577570e-05,-9.287806e-05,6.017570e-04,6.017570e-04,0
42.110000,42.120000,DS_interstep,8.498410e-05,-9.191573e-05,5.952724e-04,5.952724e-04,0
42.120000,42.130000,DS_interstep,8.419973e-05,-9.091990e-05,5.890020e-04,5.890020e-04,0
42.130000,42.140000,DS_interstep,8.341500e-05,-8.988646e-05,5.819632e-04,5.819632e-04,0
42.140000,42.150000,DS_interstep,8.263300e-05,-8.901221e-05,5.761166e-04,5.761166e-04,0
42.150000,42.160000,DS_interstep,8.185673e-05,-8.816660e-05,5.695066e-04,5.695066e-04,0
42.160000,42.170000,DS_interstep,8.107735e-05,-8.720535e-05,5.630898e-04,5.630898e-04,0
42.170000,42.180000,DS_interstep,8.030425e-05,-8.637965e-05,5.568830e-04,5.568830e-04,0
42.180000,42.190000,DS_interstep,7.953064e-05,-8.564412e-05,5.508862e-04,5.508862e-04,0
42.190000,42.200000,DS_interstep,7.876395e-05,-8.481645e-05,5.450816e-04,5.450816e-04,0
42.200000,42.210000,DS_interstep,7.799259e-05,-8.408040e-05,5.394803e-04,5.394803e-04,0
42.210000,42.220000,DS_interstep,7.722890e-05,-8.338771e-05,5.330783e-04,5.330783e-04,0
42.220000,42.230000,DS_interstep,7.646597e-05,-8.262605e-05,5.278523e-04,5.278523e-04,0
42.230000,42.240000,DS_interstep,7.570671e-05,-8.201774e-05,5.218436e-04,5.218436e-04,0
42.240000,42.250000,DS_interstep,7.494743e-05,-8.128548e-05,5.170046e-04,5.170046e-04,0
42.250000,42.260000,DS_interstep,7.419564e-05,-8.077774e-05,5.113563e-04,5.113563e-04,0
42.260000,42.270000,DS_interstep,7.344197e-05,-8.012237e-05,5.058943e-04,5.058943e-04,0
42.270000,42.280000,DS_interstep,7.269527e-05,-7.961553e-05,4.996143e-04,4.996143e-04,0
42.280000,42.290000,DS_interstep,7.194612e-05,-7.896529e-05,4.955055e-04,4.955055e-04,0
42.290000,42.300000,DS_interstep,7.120602e-05,-7.853092e-05,4.905881e-04,4.905881e-04,0
42.300000,42.310000,DS_interstep,7.047121e-05,-7.804388e-05,4.848348e-04,4.848348e-04,0
42.310000,42.320000,DS_interstep,6.973228e-05,-7.752635e-05,4.802567e-04,4.802567e-04,0
42.320000,42.330000,DS_interstep,6.900110e-05,-7.712287e-05,4.748558e-04,4.748558e-04,0
42.330000,42.340000,DS_interstep,6.827103e-05,-7.667117e-05,4.706184e-04,4.706184e-04,0
42.340000,42.350000,DS_interstep,6.755070e-05,-7.625848e-05,4.655378e-04,4.655378e-04,0
42.350000,42.360000,DS_interstep,6.683388e-05,-7.587144e-05,4.616380e-04,4.616380e-04,0
42.360000,42.370000,DS_interstep,6.611307e-05,-7.552866e-05,4.568962e-04,4.568962e-04,0
42.370000,42.380000,DS_interstep,6.540284e-05,-7.513323e-05,4.513092e-04,4.513092e-04,0
42.380000,42.390000,DS_interstep,6.469793e-05,-7.485891e-05,4.478851e-04,4.478851e-04,0
42.390000,42.400000,DS_interstep,6.399035e-05,-7.452740e-05,4.436174e-04,4.436174e-04,0
42.400000,42.410000,DS_interstep,6.329688e-05,-7.421560e-05,4.385001e-04,4.385001e-04,0
42.410000,42.420000,DS_interstep,6.260096e-05,-7.394895e-05,4.345395e-04,4.345395e-04,0
42.420000,42.430000,DS_interstep,6.191429e-05,-7.369957e-05,4.307243e-04,4.307243e-04,0
42.430000,42.440000,DS_interstep,6.123038e-05,-7.339034e-05,4.270594e-04,4.270594e-04,0
42.440000,42.450000,DS_interstep,6.055117e-05,-7.331107e-05,4.225421e-04,4.225421e-04,0
42.450000,42.460000,DS_interstep,5.987605e-05,-7.295716e-05,4.181697e-04,4.181697e-04,0
42.460000,42.470000,DS_interstep,5.921249e-05,-7.282477e-05,4.149382e-04,4.149382e-04,0
42.470000,42.480000,DS_interstep,5.854777e-05,-7.262336e-05,4.108449e-04,4.108449e-04,0
42.480000,42.490000,DS_interstep,5.788916e-05,-7.245651e-05,4.078831e-04,4.078831e-04,0
42.490000,42.500000,DS_interstep,5.723965e-05,-7.229440e-05,4.030767e-04,4.030767e-04,0
42.500000,42.510000,DS_interstep,5.659227e-05,-7.217002e-05,4.003889e-04,4.003889e-04,0
42.510000,42.520000,DS_interstep,5.594803e-05,-7.207843e-05,3.958406e-04,3.958406e-04,0
42.520000,42.530000,DS_interstep,5.531850e-05,-7.187738e-05,3.934177e-04,3.934177e-04,0
42.530000,42.540000,DS_interstep,5.468682e-05,-7.182909e-05,3.891288e-04,3.891288e-04,0
42.540000,42.550000,DS_interstep,5.406520e-05,-7.168619e-05,3.859608e-04,3.859608e-04,0
42.550000,42.560000,DS_interstep,5.344618e-05,-7.165786e-05,3.829238e-04,3.829238e-04,0
42.560000,42.570000,DS_interstep,5.283623e-05,-7.156105e-05,3.800039e-04,3.800039e-04,0
42.570000,42.580000,DS_interstep,5.222956e-05,-7.147173e-05,3.762100e-04,3.762100e-04,0
42.580000,42.590000,DS_interstep,5.163073e-05,-7.140906e-05,3.735325e-04,3.735325e-04,0
42.590000,42.600000,DS_interstep,5.103708e-05,-7.146309e-05,3.699741e-04,3.699741e-04,0
42.600000,42.610000,DS_interstep,5.045101e-05,-7.132743e-05,3.675285e-04,3.675285e-04,0
42.610000,42.620000,DS_interstep,4.986746e-05,-7.130821e-05,3.641962e-04,3.641962e-04,0
42.620000,42.630000,DS_interstep,4.929443e-05,-7.140415e-05,3.609793e-04,3.609793e-04,0
42.630000,42.640000,DS_interstep,4.872453e-05,-7.131417e-05,3.578696e-04,3.578696e-04,0
42.640000,42.650000,DS_interstep,4.816018e-05,-7.123566e-05,3.558756e-04,3.558756e-04,0
42.650000,42.660000,DS_interstep,4.760897e-05,-7.127690e-05,3.529791e-04,3.529791e-04,0
42.660000,42.670000,DS_interstep,4.705052e-05,-7.133256e-05,3.501886e-04,3.501886e-04,0
42.670000,42.680000,DS_interstep,4.651744e-05,-7.138886e-05,3.475048e-04,3.475048e-04,0
42.680000,42.690000,DS_interstep,4.596855e-05,-7.136074e-05,3.449198e-04,3.449198e-04,0
42.690000,42.700000,DS_interstep,4.544385e-05,-7.134439e-05,3.424384e-04,3.424384e-04,0
42.700000,42.710000,DS_interstep,4.491335e-05,-7.143943e-05,3.390518e-04,3.390518e-04,0
42.710000,42.720000,DS_interstep,4.439663e-05,-7.144239e-05,3.377621e-04,3.377621e-04,0
42.720000,42.730000,DS_interstep,4.388466e-05,-7.155686e-05,3.345711e-04,3.345711e-04,0
42.730000,42.740000,DS_interstep,4.337662e-05,-7.158140e-05,3.324632e-04,3.324632e-04,0
42.740000,42.750000,DS_interstep,4.288229e-05,-7.160728e-05,3.304578e-04,3.304578e-04,0
42.750000,42.760000,DS_interstep,4.237143e-05,-7.174582e-05,3.275371e-04,3.275371e-04,0
42.760000,42.770000,DS_interstep,4.189476e-05,-7.169825e-05,3.257062e-04,3.257062e-04,0
42.770000,42.780000,DS_interstep,4.141212e-05,-7.184749e-05,3.229679e-04,3.229679e-04,0
42.780000,42.790000,DS_interstep,4.093169e-05,-7.190959e-05,3.213022e-04,3.213022e-04,0
42.790000,42.800000,DS_interstep,4.045699e-05,-7.197015e-05,3.187304e-04,3.187304e-04,0
42.800000,42.810000,DS_interstep,3.999321e-05,-7.204431e-05,3.172408e-04,3.172408e-04,0
42.810000,42.820000,DS_interstep,3.954439e-05,-7.212689e-05,3.148256e-04,3.148256e-04,0
42.820000,42.830000,DS_interstep,3.907749e-05,-7.220477e-05,3.124955e-04,3.124955e-04,0
42.830000,42.840000,DS_interstep,3.863505e-05,-7.229874e-05,3.112447e-04,3.112447e-04,0
42.840000,42.850000,DS_interstep,3.819455e-05,-7.239123e-05,3.090664e-04,3.090664e-04,0
42.850000,42.860000,DS_interstep,3.775668e-05,-7.248400e-05,3.069655e-04,3.069655e-04,0
42.860000,42.870000,DS_interstep,3.733305e-05,-7.258889e-05,3.049379e-04,3.049379e-04,0
42.870000,42.880000,DS_interstep,3.689997e-05,-7.269306e-05,3.029884e-04,3.029884e-04,0
42.880000,42.890000,DS_interstep,3.649027e-05,-7.280369e-05,3.010984e-04,3.010984e-04,0
42.890000,42.900000,DS_interstep,3.606343e-05,-7.291775e-05,3.002925e-04,3.002925e-04,0
42.900000,42.910000,DS_interstep,3.566845e-05,-7.303121e-05,2.975434e-04,2.975434e-04,0
42.910000,42.920000,DS_interstep,3.526443e-05,-7.314701e-05,2.958712e-04,2.958712e-04,0
42.920000,42.930000,DS_interstep,3.486419e-05,-7.317123e-05,2.942579e-04,2.942579e-04,0
42.930000,42.940000,DS_interstep,3.446475e-05,-7.339384e-05,2.937134e-04,2.937134e-04,0
42.940000,42.950000,DS_interstep,3.408737e-05,-7.341890e-05,2.912323e-04,2.912323e-04,0
42.950000,42.960000,DS_interstep,3.370100e-05,-7.354754e-05,2.888144e-04,2.888144e-04,0
42.960000,42.970000,DS_interstep,3.333675e-05,-7.367312e-05,2.884588e-04,2.884588e-04,0
42.970000,42.980000,DS_interstep,3.295339e-05,-7.380761e-05,2.861616e-04,2.861616e-04,0
42.980000,42.990000,DS_interstep,3.259121e-05,-7.384005e-05,2.849242e-04,2.849242e-04,0
42.990000,43.000000,DS_interstep,3.223048e-05,-7.407431e-05,2.837488e-04,2.837488e-04,0
43.000000,43.010000,DS_interstep,3.187030e-05,-7.410637e-05,2.826206e-04,2.826206e-04,0
43.010000,43.020000,DS_interstep,3.152131e-05,-7.424528e-05,2.805618e-04,2.805618e-04,0
43.020000,43.030000,DS_interstep,3.118252e-05,-7.437890e-05,2.785446e-04,2.785446e-04,0
43.030000,43.040000,DS_interstep,3.083467e-05,-7.451699e-05,2.785925e-04,2.785925e-04,0
43.040000,43.050000,DS_interstep,3.049632e-05,-7.455634e-05,2.766878e-04,2.766878e-04,0
43.050000,43.060000,DS_interstep,3.016936e-05,-7.479195e-05,2.748347e-04,2.748347e-04,0
43.060000,43.070000,DS_interstep,2.984257e-05,-7.483179e-05,2.740367e-04,2.740367e-04,0
43.070000,43.080000,SS,2.247773e-02,1.748579e-02,8.402196e-02,8.402196e-02,0
43.080000,43.180000,SS,3.193002e-02,5.998953e-03,1.176390e-01,1.176390e-01,1
43.180000,43.280000,SS,2.525995e-02,2.868626e-03,1.027443e-01,1.027443e-01,1
43.280000,43.380000,SS,2.768897e-02,-8.185598e-03,1.162447e-01,1.162447e-01,1
43.380000,43.480000,SS,2.533254e-02,-1.711548e-02,1.170914e-01,1.170914e-01,1
43.480000,43.580000,SS,2.321396e-02,-2.820770e-02,1.191213e-01,1.191213e-01,1
43.580000,43.680000,SS,2.055268e-02,-3.895142e-02,1.203825e-01,1.203825e-01,1
43.680000,43.780000,SS,1.707337e-02,-5.087218e-02,1.203721e-01,1.203721e-01,1
43.780000,43.880000,SS,1.382423e-02,-6.185124e-02,1.210123e-01,1.210123e-01,1
43.880000,43.980000,SS,9.393599e-03,-7.393665e-02,1.194062e-01,1.194062e-01,1
43.980000,44.080000,SS,5.126369e-03,-8.465374e-02,1.177362e-01,1.177362e-01,1
44.080000,44.180000,SS,3.409891e-04,-9.481950e-02,1.146841e-01,1.146841e-01,1
44.180000,44.280000,SS,-4.703630e-03,-1.030809e-01,1.102545e-01,1.102545e-01,1
44.280000,44.380000,SS,-9.609591e-03,-1.092985e-01,1.052361e-01,1.092985e-01,1
44.380000,44.480000,SS,-1.454425e-02,-1.135144e-01,9.889564e-02,1.135144e-01,1
44.480000,44.580000,SS,-1.879356e-02,-1.150525e-01,9.259493e-02,1.150525e-01,1
44.580000,44.680000,SS,-1.804090e-02,-1.088987e-01,9.424705e-02,1.088987e-01,1
44.680000,44.780000,SS,-1.553282e-02,-1.004475e-01,9.868104e-02,1.004475e-01,1
44.780000,44.880000,SS,-1.469744e-02,-9.239640e-02,9.799440e-02,9.799440e-02,1
44.880000,44.980000,SS,-1.475307e-02,-8.450325e-02,9.393123e-02,9.393123e-02,1
44.980000,45.080000,SS,-1.541883e-02,-7.696597e-02,8.750895e-02,8.750895e-02,1
45.080000,45.180000,SS,-1.651603e-02,-6.920128e-02,7.907994e-02,7.907994e-02,1
45.180000,45.280000,SS,-1.778762e-02,-6.084278e-02,6.937307e-02,6.937307e-02,1
45.280000,45.380000,SS,-1.570792e-02,-4.727785e-02,6.569858e-02,6.569858e-02,1
45.380000,45.480000,SS,-9.149217e-03,-2.684415e-02,7.073098e-02,7.073098e-02,1
45.480000,45.580000,SS,-5.321918e-04,-1.852976e-03,7.962418e-02,7.962418e-02,1
45.580000,45.680000,SS,5.940641e-03,2.290846e-02,8.210925e-02,8.210925e-02,1
45.680000,45.780000,SS,1.103645e-02,4.579492e-02,8.078416e-02,8.078416e-02,1
45.780000,45.880000,SS,1.381842e-02,6.559654e-02,7.265387e-02,7.265387e-02,1
45.880000,45.980000,SS,1.462846e-02,8.103758e-02,5.857111e-02,8.103758e-02,1
45.980000,46.080000,SS,1.523199e-02,9.137675e-02,4.502073e-02,9.137675e-02,1
46.080000,46.180000,SS,1.553794e-02,9.739688e-02,3.300056e-02,9.739688e-02,1
46.180000,46.280000,SS,1.034899e-02,9.575011e-02,3.854556e-03,9.575011e-02,1
46.280000,46.380000,SS,6.877912e-03,9.108586e-02,-1.441392e-02,9.108586e-02,1
46.380000,46.480000,SS,8.255920e-03,7.973576e-02,-1.544277e-02,7.973576e-02,1
46.480000,46.580000,SS,1.047048e-02,6.678162e-02,-1.780663e-02,6.678162e-02,1
46.580000,46.680000,SS,1.386061e-02,6.130714e-02,-1.065323e-02,6.130714e-02,1
46.680000,46.780000,SS,1.731243e-02,5.697113e-02,-1.360980e-03,5.697113e-02,1
46.780000,46.880000,SS,1.961026e-02,5.353793e-02,5.842274e-03,5.353793e-02,1
46.880000,46.980000,SS,2.104849e-02,5.019531e-02,1.121757e-02,5.019531e-02,1
46.980000,47.080000,SS,2.132912e-02,4.690153e-02,1.332414e-02,4.690153e-02,1
47.080000,47.180000,SS,2.050792e-02,4.396403e-02,1.192671e-02,4.396403e-02,1
47.180000,47.280000,SS,1.880759e-02,4.153787e-02,7.422570e-03,4.153787e-02,1
47.280000,47.380000,SS,1.616786e-02,3.938231e-02,-4.416804e-04,3.938231e-02,1
47.380000,47.480000,SS,1.275626e-02,3.741405e-02,-1.112096e-02,3.741405e-02,1
47.480000,47.580000,SS,8.873540e-03,3.554020e-02,-2.364008e-02,3.554020e-02,1
47.580000,47.680000,SS,4.771018e-03,3.371220e-02,-3.713419e-02,3.713419e-02,1
47.680000,47.780000,SS,6.344366e-04,3.189743e-02,-5.096065e-02,5.096065e-02,1
47.780000,47.880000,SS,-3.406105e-03,3.007694e-02,-6.465983e-02,6.465983e-02,1
47.880000,47.980000,SS,-7.264996e-03,2.824656e-02,-7.791834e-02,7.791834e-02,1
47.980000,48.080000,SS,-1.089596e-02,2.641675e-02,-9.055001e-02,9.055001e-02,1
48.080000,48.180000,SS,-1.426091e-02,2.458731e-02,-1.019941e-01,1.019941e-01,1
48.180000,48.280000,SS,-1.733371e-02,2.276417e-02,-1.121817e-01,1.121817e-01,1
48.280000,48.380000,SS,-2.011335e-02,2.096610e-02,-1.214334e-01,1.214334e-01,1
48.380000,48.480000,SS,-2.259240e-02,1.920312e-02,-1.297176e-01,1.297176e-01,1
48.480000,48.580000,SS,-2.477114e-02,1.748321e-02,-1.370993e-01,1.370993e-01,1
48.580000,48.680000,SS,-2.647816e-02,1.609882e-02,-1.433878e-01,1.433878e-01,1
48.680000,48.780000,SS,-2.642875e-02,1.534564e-02,-1.426525e-01,1.426525e-01,1
48.780000,48.880000,SS,-2.618563e-02,1.442720e-02,-1.408889e-01,1.408889e-01,1
48.880000,48.980000,SS,-2.617439e-02,1.351946e-02,-1.399960e-01,1.399960e-01,1
48.980000,49.080000,SS,-2.611822e-02,1.247089e-02,-1.390370e-01,1.390370e-01,1
49.080000,49.180000,SS,-2.601042e-02,1.130172e-02,-1.381837e-01,1.381837e-01,1
49.180000,49.280000,SS,-2.557950e-02,9.963250e-03,-1.372101e-01,1.372101e-01,1
49.280000,49.380000,SS,-2.512426e-02,8.631768e-03,-1.361426e-01,1.361426e-01,1
49.380000,49.480000,SS,-2.479699e-02,7.364780e-03,-1.354276e-01,1.354276e-01,1
49.480000,49.580000,SS,-2.451099e-02,6.110613e-03,-1.350479e-01,1.350479e-01,1
49.580000,49.680000,SS,-2.425857e-02,4.870059e-03,-1.348464e-01,1.348464e-01,1
49.680000,49.780000,SS,-2.403801e-02,3.649080e-03,-1.347606e-01,1.347606e-01,1
49.780000,49.880000,SS,-2.383867e-02,2.450616e-03,-1.346982e-01,1.346982e-01,1
49.880000,49.980000,SS,-2.365482e-02,1.279256e-03,-1.346563e-01,1.346563e-01,1
49.980000,50.080000,SS,-2.348227e-02,1.400101e-04,-1.346258e-01,1.346258e-01,1
50.080000,50.180000,SS,-2.331620e-02,-9.625577e-04,-1.346048e-01,1.346048e-01,1
50.180000,50.280000,SS,-2.315357e-02,-2.023955e-03,-1.345891e-01,1.345891e-01,1
50.280000,50.380000,SS,-2.298953e-02,-3.040845e-03,-1.345697e-01,1.345697e-01,1
50.380000,50.480000,SS,-2.281801e-02,-4.011111e-03,-1.345223e-01,1.345223e-01,1
50.480000,50.580000,SS,-2.265107e-02,-4.922987e-03,-1.345191e-01,1.345191e-01,1
50.580000,50.680000,SS,-2.247784e-02,-5.777267e-03,-1.345171e-01,1.345171e-01,1
50.680000,50.780000,SS,-2.229656e-02,-6.570826e-03,-1.346888e-01,1.346888e-01,1
50.780000,50.880000,SS,-2.211338e-02,-7.297699e-03,-1.356601e-01,1.356601e-01,1
50.880000,50.980000,SS,-2.191911e-02,-7.957476e-03,-1.366185e-01,1.366185e-01,1
50.980000,51.080000,SS,-2.171239e-02,-8.547520e-03,-1.375603e-01,1.375603e-01,1
51.080000,51.180000,SS,-2.149097e-02,-9.065947e-03,-1.384808e-01,1.384808e-01,1
51.180000,51.280000,SS,-2.125445e-02,-9.510097e-03,-1.393794e-01,1.393794e-01,1
51.280000,51.380000,SS,-2.059321e-02,-9.297327e-03,-1.374026e-01,1.374026e-01,1
51.380000,51.480000,SS,-1.765238e-02,-8.353515e-03,-1.194143e-01,1.194143e-01,1
51.480000,51.580000,SS,-1.471484e-02,-7.280318e-03,-1.071072e-01,1.071072e-01,1
51.580000,51.680000,SS,-1.204709e-02,-6.081427e-03,-9.731104e-02,9.731104e-02,1
51.680000,51.780000,SS,-9.352747e-03,-4.935465e-03,-8.721431e-02,8.721431e-02,1
51.780000,51.880000,SS,-6.715247e-03,-3.817539e-03,-7.707162e-02,7.707162e-02,1
51.880000,51.980000,SS,-1.686853e-03,-1.239839e-03,-5.742628e-02,5.742628e-02,1
51.980000,52.080000,SS,4.239240e-03,1.460543e-03,-3.432410e-02,3.432410e-02,1
52.080000,52.180000,SS,9.287763e-03,3.900122e-03,-1.369052e-02,1.369052e-02,1
52.180000,52.280000,SS,1.359764e-02,6.006396e-03,4.874693e-03,1.359764e-02,1
52.280000,52.380000,SS,1.743719e-02,7.604893e-03,2.207901e-02,2.207901e-02,1
52.380000,52.480000,SS,2.075540e-02,8.745634e-03,3.772798e-02,3.772798e-02,1
52.480000,52.580000,SS,2.348648e-02,9.504428e-03,5.157348e-02,5.157348e-02,1
52.580000,52.680000,SS,2.559373e-02,9.965849e-03,6.347495e-02,6.347495e-02,1
52.680000,52.780000,SS,2.713012e-02,1.015623e-02,7.355845e-02,7.355845e-02,1
52.780000,52.880000,SS,2.713008e-02,9.466077e-03,7.789160e-02,7.789160e-02,1
52.880000,52.980000,SS,2.633575e-02,8.613308e-03,7.947481e-02,7.947481e-02,1
52.980000,53.080000,SS,2.580712e-02,7.447814e-03,8.171106e-02,8.171106e-02,1
53.080000,53.180000,SS,2.521522e-02,6.212771e-03,8.361756e-02,8.361756e-02,1
53.180000,53.280000,SS,2.452666e-02,4.972454e-03,8.513864e-02,8.513864e-02,1
53.280000,53.390000,DS_interstep,-1.572142e-01,-1.012573e+00,9.705894e-02,1.012573e+00,0
53.390000,53.400000,DS_interstep,-2.946059e-02,-2.156926e-01,2.054820e-02,2.156926e-01,0
53.400000,53.410000,DS_interstep,2.371539e-02,1.043529e-01,2.232890e-02,1.043529e-01,0
53.410000,53.420000,DS_interstep,3.954658e-02,2.063448e-01,1.619842e-02,2.063448e-01,0
53.420000,53.430000,DS_interstep,3.887481e-02,2.088638e-01,1.104204e-02,2.088638e-01,0
53.430000,53.440000,DS_interstep,3.217542e-02,1.737895e-01,8.312596e-03,1.737895e-01,0
53.440000,53.450000,DS_interstep,2.432172e-02,1.299525e-01,7.888215e-03,1.299525e-01,0
53.450000,53.460000,DS_interstep,1.773613e-02,9.087242e-02,9.974395e-03,9.087242e-02,0
53.460000,53.470000,DS_interstep,1.243049e-02,5.984848e-02,1.144982e-02,5.984848e-02,0
53.470000,53.480000,DS_interstep,7.917369e-03,3.533831e-02,1.187712e-02,3.533831e-02,0
53.480000,53.490000,DS_interstep,4.292826e-03,1.648869e-02,1.229603e-02,1.648869e-02,0
53.490000,53.500000,DS_interstep,1.511923e-03,2.028180e-03,1.334730e-02,1.334730e-02,0
53.500000,53.510000,DS_interstep,-3.444783e-04,-8.359044e-03,1.530282e-02,1.530282e-02,0
53.510000,53.520000,DS_interstep,-1.364406e-03,-1.476475e-02,1.747923e-02,1.747923e-02,0
53.520000,53.530000,DS_interstep,-1.897949e-03,-1.811822e-02,1.905557e-02,1.905557e-02,0
53.530000,53.540000,DS_interstep,-2.231632e-03,-1.939486e-02,1.957882e-02,1.957882e-02,0
53.540000,53.550000,DS_interstep,-2.511868e-03,-1.939832e-02,1.905211e-02,1.939832e-02,0
53.550000,53.560000,DS_interstep,-2.781232e-03,-1.868012e-02,1.772785e-02,1.868012e-02,0
53.560000,53.570000,DS_interstep,-3.032900e-03,-1.762765e-02,1.596533e-02,1.762765e-02,0
53.570000,53.580000,DS_interstep,-3.250625e-03,-1.650821e-02,1.409360e-02,1.650821e-02,0
53.580000,53.590000,DS_interstep,-3.424504e-03,-1.549052e-02,1.235395e-02,1.549052e-02,0
53.590000,53.600000,DS_interstep,-3.554816e-03,-1.466130e-02,1.087443e-02,1.466130e-02,0
53.600000,53.610000,DS_interstep,-3.648426e-03,-1.404464e-02,9.702767e-03,1.404464e-02,0
53.610000,53.620000,DS_interstep,-3.714598e-03,-1.362848e-02,8.823879e-03,1.362848e-02,0
53.620000,53.630000,DS_interstep,-3.755262e-03,-1.279838e-02,7.524633e-03,1.279838e-02,0
53.630000,53.640000,DS_interstep,-3.748220e-03,-1.183833e-02,6.074747e-03,1.183833e-02,0
53.640000,53.650000,DS_interstep,-3.677169e-03,-1.106136e-02,5.172527e-03,1.106136e-02,0
53.650000,53.660000,DS_interstep,-3.561106e-03,-1.041070e-02,4.663944e-03,1.041070e-02,0
53.660000,53.670000,DS_interstep,-3.411825e-03,-9.847695e-03,4.446127e-03,9.847695e-03,0
53.670000,53.680000,DS_interstep,-3.237086e-03,-9.343717e-03,4.447165e-03,9.343717e-03,0
53.680000,53.690000,DS_interstep,-3.043119e-03,-8.877063e-03,4.614427e-03,8.877063e-03,0
53.690000,53.700000,DS_interstep,-2.835822e-03,-8.435828e-03,4.900008e-03,8.435828e-03,0
53.700000,53.710000,DS_interstep,-2.619409e-03,-8.009977e-03,5.270301e-03,8.009977e-03,0
53.710000,53.720000,DS_interstep,-2.397578e-03,-7.596220e-03,5.691652e-03,7.596220e-03,0
53.720000,53.730000,DS_interstep,-2.173739e-03,-7.191210e-03,6.144943e-03,7.191210e-03,0
53.730000,53.740000,DS_interstep,-1.950158e-03,-6.794790e-03,6.611130e-03,6.794790e-03,0
53.740000,53.750000,DS_interstep,-1.728772e-03,-6.408243e-03,7.077217e-03,7.077217e-03,0
53.750000,53.760000,DS_interstep,-1.511314e-03,-6.032433e-03,7.531377e-03,7.531377e-03,0
53.760000,53.770000,DS_interstep,-1.298940e-03,-5.667309e-03,7.970000e-03,7.970000e-03,0
53.770000,53.780000,DS_interstep,-1.092136e-03,-5.315026e-03,8.388472e-03,8.388472e-03,0
53.780000,53.790000,DS_interstep,-8.910092e-04,-4.975323e-03,8.785818e-03,8.785818e-03,0
53.790000,53.800000,DS_interstep,-6.968219e-04,-4.649542e-03,9.156847e-03,9.156847e-03,0
53.800000,53.810000,DS_interstep,-5.090730e-04,-4.336638e-03,9.505817e-03,9.505817e-03,0
53.810000,53.820000,DS_interstep,-3.269752e-04,-4.037247e-03,9.833155e-03,9.833155e-03,0
53.820000,53.830000,DS_interstep,-1.503413e-04,-3.751144e-03,1.014087e-02,1.014087e-02,0
53.830000,53.840000,DS_interstep,2.151948e-05,-3.476384e-03,1.043428e-02,1.043428e-02,0
53.840000,53.850000,DS_interstep,1.887432e-04,-3.213455e-03,1.070921e-02,1.070921e-02,0
53.850000,53.860000,DS_interstep,3.522309e-04,-2.959720e-03,1.097525e-02,1.097525e-02,0
53.860000,53.870000,DS_interstep,5.115149e-04,-2.715924e-03,1.122609e-02,1.122609e-02,0
53.870000,53.880000,DS_interstep,6.672306e-04,-2.481949e-03,1.147197e-02,1.147197e-02,0
53.880000,53.890000,DS_interstep,8.198554e-04,-2.256868e-03,1.170874e-02,1.170874e-02,0
53.890000,53.900000,DS_interstep,9.697111e-04,-2.037649e-03,1.193740e-02,1.193740e-02,0
53.900000,53.910000,DS_interstep,1.116321e-03,-1.822491e-03,1.215575e-02,1.215575e-02,0
53.910000,53.920000,DS_interstep,1.259375e-03,-1.610992e-03,1.236056e-02,1.236056e-02,0
53.920000,53.930000,DS_interstep,1.399637e-03,-1.401472e-03,1.255593e-02,1.255593e-02,0
53.930000,53.940000,DS_interstep,1.536470e-03,-1.194057e-03,1.273881e-02,1.273881e-02,0
53.940000,53.950000,DS_interstep,1.670617e-03,-9.888573e-04,1.291293e-02,1.291293e-02,0
53.950000,53.960000,DS_interstep,1.801132e-03,-7.857067e-04,1.307361e-02,1.307361e-02,0
53.960000,53.970000,DS_interstep,1.928617e-03,-5.840422e-04,1.322525e-02,1.322525e-02,0
53.970000,53.980000,DS_interstep,2.052942e-03,-3.840052e-04,1.336896e-02,1.336896e-02,0
53.980000,53.990000,DS_interstep,2.173953e-03,-1.869704e-04,1.350163e-02,1.350163e-02,0
53.990000,54.000000,DS_interstep,2.291275e-03,8.355153e-06,1.362467e-02,1.362467e-02,0
54.000000,54.010000,DS_interstep,2.405449e-03,2.007400e-04,1.374033e-02,1.374033e-02,0
54.010000,54.020000,DS_interstep,2.515653e-03,3.904837e-04,1.384644e-02,1.384644e-02,0
54.020000,54.030000,DS_interstep,2.622739e-03,5.774006e-04,1.394704e-02,1.394704e-02,0
54.030000,54.040000,DS_interstep,2.725544e-03,7.601455e-04,1.403642e-02,1.403642e-02,0
54.040000,54.050000,DS_interstep,2.824616e-03,9.401087e-04,1.412003e-02,1.412003e-02,0
54.050000,54.060000,DS_interstep,2.920052e-03,1.115711e-03,1.419655e-02,1.419655e-02,0
54.060000,54.070000,DS_interstep,3.011158e-03,1.287042e-03,1.426509e-02,1.426509e-02,0
54.070000,54.080000,DS_interstep,3.098451e-03,1.454462e-03,1.432776e-02,1.432776e-02,0
54.080000,54.090000,DS_interstep,3.181514e-03,1.616694e-03,1.438336e-02,1.438336e-02,0
54.090000,54.100000,DS_interstep,3.260511e-03,1.774012e-03,1.443276e-02,1.443276e-02,0
54.100000,54.110000,DS_interstep,3.335649e-03,1.926910e-03,1.447661e-02,1.447661e-02,0
54.110000,54.120000,DS_interstep,3.406376e-03,2.073954e-03,1.451441e-02,1.451441e-02,0
54.120000,54.130000,DS_interstep,3.473309e-03,2.215596e-03,1.454674e-02,1.454674e-02,0
54.130000,54.140000,DS_interstep,3.536019e-03,2.352055e-03,1.457478e-02,1.457478e-02,0
54.140000,54.150000,DS_interstep,3.595104e-03,2.482696e-03,1.459761e-02,1.459761e-02,0
54.150000,54.160000,DS_interstep,3.650083e-03,2.607696e-03,1.461684e-02,1.461684e-02,0
54.160000,54.170000,DS_interstep,3.701591e-03,2.727277e-03,1.463208e-02,1.463208e-02,0
54.170000,54.180000,DS_interstep,3.749380e-03,2.840295e-03,1.464349e-02,1.464349e-02,0
54.180000,54.190000,DS_interstep,3.793657e-03,2.947831e-03,1.465186e-02,1.465186e-02,0
54.190000,54.200000,DS_interstep,3.834692e-03,3.049600e-03,1.465810e-02,1.465810e-02,0
54.200000,54.210000,DS_interstep,3.872577e-03,3.145883e-03,1.466196e-02,1.466196e-02,0
54.210000,54.220000,DS_interstep,3.907279e-03,3.235939e-03,1.466355e-02,1.466355e-02,0
54.220000,54.230000,DS_interstep,3.939438e-03,3.321058e-03,1.466444e-02,1.466444e-02,0
54.230000,54.240000,DS_interstep,3.968521e-03,3.400334e-03,1.466364e-02,1.466364e-02,0
54.240000,54.250000,DS_interstep,3.995455e-03,3.474075e-03,1.466168e-02,1.466168e-02,0
54.250000,54.260000,DS_interstep,4.019786e-03,3.543056e-03,1.465972e-02,1.465972e-02,0
54.260000,54.270000,DS_interstep,4.042037e-03,3.606991e-03,1.465716e-02,1.465716e-02,0
54.270000,54.280000,DS_interstep,4.062125e-03,3.665992e-03,1.465418e-02,1.465418e-02,0
54.280000,54.290000,DS_interstep,4.080479e-03,3.720298e-03,1.465154e-02,1.465154e-02,0
54.290000,54.300000,DS_interstep,4.096997e-03,3.770210e-03,1.464851e-02,1.464851e-02,0
54.300000,54.310000,DS_interstep,4.111891e-03,3.816724e-03,1.464645e-02,1.464645e-02,0
54.310000,54.320000,DS_interstep,4.125338e-03,3.858368e-03,1.464402e-02,1.464402e-02,0
54.320000,54.330000,DS_interstep,4.137363e-03,3.896963e-03,1.464226e-02,1.464226e-02,0
54.330000,54.340000,DS_interstep,4.148196e-03,3.931611e-03,1.464023e-02,1.464023e-02,0
54.340000,54.350000,DS_interstep,4.157912e-03,3.963598e-03,1.463898e-02,1.463898e-02,0
54.350000,54.360000,DS_interstep,4.166457e-03,3.992363e-03,1.463785e-02,1.463785e-02,0
54.360000,54.370000,DS_interstep,4.174141e-03,4.018493e-03,1.463691e-02,1.463691e-02,0
54.370000,54.380000,DS_interstep,4.180981e-03,4.042296e-03,1.463593e-02,1.463593e-02,0
54.380000,54.390000,DS_interstep,4.186915e-03,4.062985e-03,1.463558e-02,1.463558e-02,0
54.390000,54.400000,DS_interstep,4.192206e-03,4.082460e-03,1.463494e-02,1.463494e-02,0
54.400000,54.410000,DS_interstep,4.196912e-03,4.099339e-03,1.463434e-02,1.463434e-02,0
54.410000,54.420000,DS_interstep,4.200870e-03,4.115185e-03,1.463399e-02,1.463399e-02,0
54.420000,54.430000,DS_interstep,4.204423e-03,4.128824e-03,1.463314e-02,1.463314e-02,0
54.430000,54.440000,DS_interstep,4.207336e-03,4.141508e-03,1.463236e-02,1.463236e-02,0
54.440000,54.450000,DS_interstep,4.209964e-03,4.152315e-03,1.463037e-02,1.463037e-02,0
54.450000,54.460000,DS_interstep,4.257981e-03,3.947819e-03,1.488143e-02,1.488143e-02,0
54.460000,54.470000,DS_interstep,4.322622e-03,3.609416e-03,1.511658e-02,1.511658e-02,0
54.470000,54.480000,DS_interstep,4.302269e-03,3.569993e-03,1.471632e-02,1.471632e-02,0
54.480000,54.490000,DS_interstep,4.245691e-03,3.644857e-03,1.408683e-02,1.408683e-02,0
54.490000,54.500000,DS_interstep,4.169316e-03,3.763419e-03,1.337362e-02,1.337362e-02,0
54.500000,54.510000,DS_interstep,4.081204e-03,3.892072e-03,1.263393e-02,1.263393e-02,0
54.510000,54.520000,DS_interstep,3.985769e-03,4.015570e-03,1.189547e-02,1.189547e-02,0
54.520000,54.530000,DS_interstep,3.885799e-03,4.126059e-03,1.117040e-02,1.117040e-02,0
54.530000,54.540000,DS_interstep,3.783087e-03,4.220195e-03,1.046889e-02,1.046889e-02,0
54.540000,54.550000,DS_interstep,3.678755e-03,4.297438e-03,9.792080e-03,9.792080e-03,0
54.550000,54.560000,DS_interstep,3.573557e-03,4.357316e-03,9.141194e-03,9.141194e-03,0
54.560000,54.570000,DS_interstep,3.468065e-03,4.401110e-03,8.520037e-03,8.520037e-03,0
54.570000,54.580000,DS_interstep,3.362673e-03,4.429763e-03,7.926664e-03,7.926664e-03,0
54.580000,54.590000,DS_interstep,3.257714e-03,4.444466e-03,7.360761e-03,7.360761e-03,0
54.590000,54.600000,DS_interstep,3.153445e-03,4.446434e-03,6.823728e-03,6.823728e-03,0
54.600000,54.610000,DS_interstep,3.050135e-03,4.436761e-03,6.314680e-03,6.314680e-03,0
54.610000,54.620000,DS_interstep,2.947864e-03,4.416343e-03,5.832507e-03,5.832507e-03,0
54.620000,54.630000,DS_interstep,2.846907e-03,4.386240e-03,5.376800e-03,5.376800e-03,0
54.630000,54.640000,DS_interstep,2.747413e-03,4.347899e-03,4.947987e-03,4.947987e-03,0
54.640000,54.650000,DS_interstep,2.649519e-03,4.301424e-03,4.542227e-03,4.542227e-03,0
54.650000,54.660000,DS_interstep,2.553290e-03,4.248175e-03,4.162532e-03,4.248175e-03,0
54.660000,54.670000,DS_interstep,2.458938e-03,4.189010e-03,3.805694e-03,4.189010e-03,0
54.670000,54.680000,DS_interstep,2.366480e-03,4.124094e-03,3.470471e-03,4.124094e-03,0
54.680000,54.690000,DS_interstep,2.276047e-03,4.054518e-03,3.156373e-03,4.054518e-03,0
54.690000,54.700000,DS_interstep,2.187638e-03,3.981011e-03,2.863929e-03,3.981011e-03,0
54.700000,54.710000,DS_interstep,2.101364e-03,3.903919e-03,2.590576e-03,3.903919e-03,0
54.710000,54.720000,DS_interstep,2.017277e-03,3.823970e-03,2.333763e-03,3.823970e-03,0
54.720000,54.730000,DS_interstep,1.935282e-03,3.741158e-03,2.095838e-03,3.741158e-03,0
54.730000,54.740000,DS_interstep,1.855490e-03,3.656565e-03,1.873222e-03,3.656565e-03,0
54.740000,54.750000,DS_interstep,1.777960e-03,3.570455e-03,1.666391e-03,3.570455e-03,0
54.750000,54.760000,DS_interstep,1.702584e-03,3.483013e-03,1.472777e-03,3.483013e-03,0
54.760000,54.770000,DS_interstep,1.629411e-03,3.394702e-03,1.294910e-03,3.394702e-03,0
54.770000,54.780000,DS_interstep,1.558407e-03,3.305811e-03,1.127405e-03,3.305811e-03,0
54.780000,54.790000,DS_interstep,1.489530e-03,3.216534e-03,9.728478e-04,3.216534e-03,0
54.790000,54.800000,DS_interstep,1.422816e-03,3.127002e-03,8.300495e-04,3.127002e-03,0
54.800000,54.810000,DS_interstep,1.358256e-03,3.037805e-03,6.966946e-04,3.037805e-03,0
54.810000,54.820000,DS_interstep,1.295724e-03,2.948876e-03,5.736817e-04,2.948876e-03,0
54.820000,54.830000,DS_interstep,1.235288e-03,2.860531e-03,4.599000e-04,2.860531e-03,0
54.830000,54.840000,DS_interstep,1.176894e-03,2.772746e-03,3.533492e-04,2.772746e-03,0
54.840000,54.850000,DS_interstep,1.120445e-03,2.685751e-03,2.570801e-04,2.685751e-03,0
54.850000,54.860000,DS_interstep,1.066001e-03,2.599677e-03,1.672028e-04,2.599677e-03,0
54.860000,54.870000,DS_interstep,1.013473e-03,2.514633e-03,8.489303e-05,2.514633e-03,0
54.870000,54.880000,DS_interstep,9.628506e-04,2.430728e-03,8.372239e-06,2.430728e-03,0
54.880000,54.890000,DS_interstep,9.140742e-04,2.348082e-03,-6.009901e-05,2.348082e-03,0
54.890000,54.900000,DS_interstep,8.671339e-04,2.266695e-03,-1.241543e-04,2.266695e-03,0
54.900000,54.910000,DS_interstep,8.219750e-04,2.186565e-03,-1.824509e-04,2.186565e-03,0
54.910000,54.920000,DS_interstep,7.785622e-04,2.107880e-03,-2.345641e-04,2.107880e-03,0
54.920000,54.930000,DS_interstep,7.368651e-04,2.030764e-03,-2.820834e-04,2.030764e-03,0
54.930000,54.940000,DS_interstep,6.968425e-04,1.955116e-03,-3.254090e-04,1.955116e-03,0
54.940000,54.950000,DS_interstep,6.584544e-04,1.880862e-03,-3.641148e-04,1.880862e-03,0
54.950000,54.960000,DS_interstep,6.216640e-04,1.808476e-03,-3.976329e-04,1.808476e-03,0
54.960000,54.970000,DS_interstep,5.864384e-04,1.737507e-03,-4.283670e-04,1.737507e-03,0
54.970000,54.980000,DS_interstep,5.527282e-04,1.668264e-03,-4.557356e-04,1.668264e-03,0
54.980000,54.990000,DS_interstep,5.205035e-04,1.600681e-03,-4.790827e-04,1.600681e-03,0
54.990000,55.000000,DS_interstep,4.897156e-04,1.534781e-03,-4.987954e-04,1.534781e-03,0
55.000000,55.010000,DS_interstep,4.603394e-04,1.470669e-03,-5.151702e-04,1.470669e-03,0
55.010000,55.020000,DS_interstep,4.323336e-04,1.408142e-03,-5.295377e-04,1.408142e-03,0
55.020000,55.030000,DS_interstep,4.056459e-04,1.347291e-03,-5.402122e-04,1.347291e-03,0
55.030000,55.040000,DS_interstep,3.802525e-04,1.288419e-03,-5.494578e-04,1.288419e-03,0
55.040000,55.050000,DS_interstep,3.560964e-04,1.231003e-03,-5.555606e-04,1.231003e-03,0
55.050000,55.060000,DS_interstep,3.331607e-04,1.175434e-03,-5.597546e-04,1.175434e-03,0
55.060000,55.070000,DS_interstep,3.114013e-04,1.121495e-03,-5.622969e-04,1.121495e-03,0
55.070000,55.080000,DS_interstep,2.907663e-04,1.069436e-03,-5.614557e-04,1.069436e-03,0
55.080000,55.090000,DS_interstep,2.712310e-04,1.018828e-03,-5.593774e-04,1.018828e-03,0
55.090000,55.100000,DS_interstep,2.527558e-04,9.701789e-04,-5.553882e-04,9.701789e-04,0
55.100000,55.110000,DS_interstep,2.352972e-04,9.229930e-04,-5.506071e-04,9.229930e-04,0
55.110000,55.120000,DS_interstep,2.188213e-04,8.775492e-04,-5.442613e-04,8.775492e-04,0
55.120000,55.130000,DS_interstep,2.032969e-04,8.338135e-04,-5.355434e-04,8.338135e-04,0
55.130000,55.140000,DS_interstep,1.886791e-04,7.915014e-04,-5.266076e-04,7.915014e-04,0
55.140000,55.150000,DS_interstep,1.749481e-04,7.507972e-04,-5.156798e-04,7.507972e-04,0
55.150000,55.160000,DS_interstep,1.620326e-04,7.117974e-04,-5.048590e-04,7.117974e-04,0
55.160000,55.170000,DS_interstep,1.499528e-04,6.742140e-04,-4.913821e-04,6.742140e-04,0
55.170000,55.180000,DS_interstep,1.386247e-04,6.381382e-04,-4.793672e-04,6.381382e-04,0
55.180000,55.190000,DS_interstep,1.280449e-04,6.036103e-04,-4.639408e-04,6.036103e-04,0
55.190000,55.200000,DS_interstep,1.181590e-04,5.704579e-04,-4.502514e-04,5.704579e-04,0
55.200000,55.210000,DS_interstep,1.089710e-04,5.387578e-04,-4.344791e-04,5.387578e-04,0
55.210000,55.220000,DS_interstep,1.004042e-04,5.083815e-04,-4.187041e-04,5.083815e-04,0
55.220000,55.230000,DS_interstep,9.245902e-05,4.793955e-04,-4.020458e-04,4.793955e-04,0
55.230000,55.240000,DS_interstep,8.509239e-05,4.516447e-04,-3.856667e-04,4.516447e-04,0
55.240000,55.250000,DS_interstep,7.828776e-05,4.252267e-04,-3.686408e-04,4.252267e-04,0
55.250000,55.260000,DS_interstep,7.200161e-05,4.000709e-04,-3.520643e-04,4.000709e-04,0
55.260000,55.270000,DS_interstep,6.621999e-05,3.760387e-04,-3.330818e-04,3.760387e-04,0
55.270000,55.280000,DS_interstep,6.091088e-05,3.532083e-04,-3.167376e-04,3.532083e-04,0
55.280000,55.290000,DS_interstep,5.605108e-05,3.314615e-04,-2.981623e-04,3.314615e-04,0
55.290000,55.300000,DS_interstep,5.160009e-05,3.108793e-04,-2.804159e-04,3.108793e-04,0
55.300000,55.310000,DS_interstep,4.755575e-05,2.913168e-04,-2.635897e-04,2.913168e-04,0
55.310000,55.320000,DS_interstep,4.389057e-05,2.727037e-04,-2.447473e-04,2.727037e-04,0
55.320000,55.330000,DS_interstep,4.057065e-05,2.550563e-04,-2.279761e-04,2.550563e-04,0
55.330000,55.340000,DS_interstep,3.757573e-05,2.384075e-04,-2.103208e-04,2.384075e-04,0
55.340000,55.350000,DS_interstep,3.489964e-05,2.226926e-04,-1.928514e-04,2.226926e-04,0
55.350000,55.360000,DS_interstep,3.251349e-05,2.078480e-04,-1.756176e-04,2.078480e-04,0
55.360000,55.370000,DS_interstep,3.040589e-05,1.938105e-04,-1.586908e-04,1.938105e-04,0
55.370000,55.380000,DS_interstep,2.852802e-05,1.804906e-04,-1.420973e-04,1.804906e-04,0
55.380000,55.390000,DS_interstep,2.689680e-05,1.679476e-04,-1.258808e-04,1.679476e-04,0
55.390000,55.400000,DS_interstep,2.548180e-05,1.563113e-04,-1.100995e-04,1.563113e-04,0
55.400000,55.410000,DS_interstep,2.427472e-05,1.452043e-04,-9.376616e-05,1.452043e-04,0
55.410000,55.420000,DS_interstep,2.324024e-05,1.347010e-04,-7.893105e-05,1.347010e-04,0
55.420000,55.430000,DS_interstep,2.238560e-05,1.250182e-04,-6.361730e-05,1.250182e-04,0
55.430000,55.440000,SS,-1.385063e-02,-2.463577e-02,4.954205e-02,4.954205e-02,0
55.440000,55.540000,SS,-1.249342e-02,-3.234309e-02,5.660338e-02,5.660338e-02,1
55.540000,55.640000,SS,-9.062793e-03,-3.006154e-02,6.330950e-02,6.330950e-02,1
55.640000,55.740000,SS,-8.129968e-03,-2.962449e-02,5.859042e-02,5.859042e-02,1
55.740000,55.840000,SS,-6.441681e-03,-3.105659e-02,6.104091e-02,6.104091e-02,1
55.840000,55.940000,SS,-5.177313e-03,-3.214006e-02,6.138927e-02,6.138927e-02,1
55.940000,56.040000,SS,-4.332014e-03,-3.236824e-02,5.919326e-02,5.919326e-02,1
56.040000,56.140000,SS,-3.712333e-03,-3.287715e-02,5.695363e-02,5.695363e-02,1
56.140000,56.240000,SS,-3.356012e-03,-3.383481e-02,5.500047e-02,5.500047e-02,1
56.240000,56.340000,SS,-3.217249e-03,-3.528337e-02,5.354859e-02,5.354859e-02,1
56.340000,56.440000,SS,-3.252916e-03,-3.661420e-02,5.155802e-02,5.155802e-02,1
56.440000,56.540000,SS,-3.492041e-03,-3.767399e-02,4.865267e-02,4.865267e-02,1
56.540000,56.640000,SS,-3.718478e-03,-3.827350e-02,4.532509e-02,4.532509e-02,1
56.640000,56.740000,SS,-3.785409e-03,-3.816613e-02,4.181343e-02,4.181343e-02,1
56.740000,56.840000,SS,-3.903997e-03,-3.833054e-02,3.894063e-02,3.894063e-02,1
56.840000,56.940000,SS,-4.034967e-03,-3.831637e-02,3.590005e-02,3.831637e-02,1
56.940000,57.040000,SS,-4.339496e-03,-3.823867e-02,3.221932e-02,3.823867e-02,1
57.040000,57.140000,SS,-4.784825e-03,-3.829553e-02,2.828404e-02,3.829553e-02,1
57.140000,57.240000,SS,-5.335636e-03,-3.845592e-02,2.419613e-02,3.845592e-02,1
57.240000,57.340000,SS,-5.901688e-03,-3.870218e-02,2.040624e-02,3.870218e-02,1
57.340000,57.440000,SS,-6.486367e-03,-3.918841e-02,1.687813e-02,3.918841e-02,1
57.440000,57.540000,SS,-7.160498e-03,-3.953169e-02,1.281411e-02,3.953169e-02,1
57.540000,57.640000,SS,-7.873683e-03,-3.997951e-02,8.753988e-03,3.997951e-02,1
57.640000,57.740000,SS,-8.609951e-03,-4.047361e-02,4.697626e-03,4.047361e-02,1
57.740000,57.840000,SS,-9.365606e-03,-4.097783e-02,6.785016e-04,4.097783e-02,1
57.840000,57.940000,SS,-1.009142e-02,-4.155521e-02,-3.120912e-03,4.155521e-02,1
57.940000,58.040000,SS,-1.080217e-02,-4.204514e-02,-6.969670e-03,4.204514e-02,1
58.040000,58.140000,SS,-1.147567e-02,-4.250985e-02,-1.067714e-02,4.250985e-02,1
58.140000,58.240000,SS,-1.210176e-02,-4.290831e-02,-1.423761e-02,4.290831e-02,1
58.240000,58.340000,SS,-1.273336e-02,-4.320355e-02,-1.792361e-02,4.320355e-02,1
58.340000,58.440000,SS,-1.331015e-02,-4.336001e-02,-2.154576e-02,4.336001e-02,1
58.440000,58.540000,SS,-1.378931e-02,-4.337334e-02,-2.490166e-02,4.337334e-02,1
58.540000,58.640000,SS,-1.415453e-02,-4.317578e-02,-2.800711e-02,4.317578e-02,1
58.640000,58.740000,SS,-1.441384e-02,-4.276725e-02,-3.087419e-02,4.276725e-02,1
58.740000,58.840000,SS,-1.463364e-02,-4.212769e-02,-3.386540e-02,4.212769e-02,1
58.840000,58.940000,SS,-1.480029e-02,-4.116047e-02,-3.704150e-02,4.116047e-02,1
58.940000,59.040000,SS,-1.481873e-02,-3.988162e-02,-3.990919e-02,3.990919e-02,1
59.040000,59.140000,SS,-1.455247e-02,-3.795634e-02,-4.235509e-02,4.235509e-02,1
59.140000,59.240000,SS,-1.414103e-02,-3.581301e-02,-4.433937e-02,4.433937e-02,1
59.240000,59.340000,SS,-1.365547e-02,-3.329512e-02,-4.646482e-02,4.646482e-02,1
59.340000,59.440000,SS,-1.284282e-02,-2.939050e-02,-4.924292e-02,4.924292e-02,1
59.440000,59.540000,SS,-1.107549e-02,-2.235799e-02,-5.239679e-02,5.239679e-02,1
59.540000,59.640000,SS,-9.171504e-03,-1.572454e-02,-5.390773e-02,5.390773e-02,1
59.640000,59.740000,SS,-7.341456e-03,-8.957680e-03,-5.554076e-02,5.554076e-02,1
59.740000,59.840000,SS,-5.516066e-03,-2.119856e-03,-5.700933e-02,5.700933e-02,1
59.840000,59.940000,SS,-3.570171e-03,5.234064e-03,-5.865065e-02,5.865065e-02,1
59.940000,60.040000,SS,-1.705847e-03,1.246411e-02,-5.993116e-02,5.993116e-02,1
60.040000,60.140000,SS,6.263996e-05,1.911872e-02,-6.046175e-02,6.046175e-02,1
60.140000,60.240000,SS,1.765086e-03,2.559777e-02,-6.063047e-02,6.063047e-02,1
60.240000,60.340000,SS,3.387557e-03,3.178964e-02,-6.038789e-02,6.038789e-02,1
60.340000,60.440000,SS,5.195455e-03,3.887008e-02,-6.077467e-02,6.077467e-02,1
60.440000,60.540000,SS,6.836161e-03,4.536471e-02,-6.054272e-02,6.054272e-02,1
60.540000,60.640000,SS,8.340376e-03,5.127725e-02,-5.968118e-02,5.968118e-02,1
60.640000,60.740000,SS,9.704987e-03,5.661808e-02,-5.827591e-02,5.827591e-02,1
60.740000,60.840000,SS,1.093535e-02,6.134709e-02,-5.629835e-02,6.134709e-02,1
60.840000,60.940000,SS,1.234118e-02,6.666997e-02,-5.464747e-02,6.666997e-02,1
60.940000,61.040000,SS,1.358703e-02,7.147530e-02,-5.265122e-02,7.147530e-02,1
61.040000,61.140000,SS,1.462792e-02,7.549270e-02,-5.011441e-02,7.549270e-02,1
61.140000,61.240000,SS,1.548266e-02,7.872123e-02,-4.705220e-02,7.872123e-02,1
61.240000,61.340000,SS,1.616602e-02,8.116363e-02,-4.348144e-02,8.116363e-02,1
61.340000,61.440000,SS,1.699972e-02,8.390214e-02,-3.999767e-02,8.390214e-02,1
61.440000,61.540000,SS,1.776386e-02,8.637315e-02,-3.643763e-02,8.637315e-02,1
61.540000,61.640000,SS,1.826891e-02,8.793187e-02,-3.252272e-02,8.793187e-02,1
61.640000,61.740000,SS,1.855873e-02,8.859438e-02,-2.821030e-02,8.859438e-02,1
61.740000,61.840000,SS,1.866241e-02,8.840096e-02,-2.351433e-02,8.840096e-02,1
61.840000,61.940000,SS,1.887256e-02,8.822091e-02,-1.877729e-02,8.822091e-02,1
61.940000,62.040000,SS,1.917643e-02,8.818877e-02,-1.416160e-02,8.818877e-02,1
62.040000,62.140000,SS,1.918445e-02,8.723200e-02,-9.422636e-03,8.723200e-02,1
62.140000,62.240000,SS,1.895544e-02,8.535150e-02,-4.489402e-03,8.535150e-02,1
62.240000,62.340000,SS,1.854481e-02,8.263125e-02,7.060588e-04,8.263125e-02,1
62.340000,62.440000,SS,1.814040e-02,7.936531e-02,6.504404e-03,7.936531e-02,1
62.440000,62.540000,SS,1.799441e-02,7.593051e-02,1.352063e-02,7.593051e-02,1
62.540000,62.640000,SS,1.760755e-02,7.172682e-02,2.049332e-02,7.172682e-02,1
62.640000,62.740000,SS,1.697524e-02,6.691638e-02,2.698114e-02,6.691638e-02,1
62.740000,62.840000,SS,1.619964e-02,6.147527e-02,3.346799e-02,6.147527e-02,1
62.840000,62.940000,SS,1.529467e-02,5.547273e-02,3.987236e-02,5.547273e-02,1
62.940000,63.040000,SS,1.428052e-02,4.895885e-02,4.618478e-02,4.895885e-02,1
63.040000,63.140000,SS,1.321657e-02,4.190141e-02,5.192784e-02,5.192784e-02,1
63.140000,63.240000,SS,1.294901e-02,3.356234e-02,5.655483e-02,5.655483e-02,1
63.240000,63.340000,SS,1.252154e-02,2.494618e-02,6.104644e-02,6.104644e-02,1
63.340000,63.440000,SS,1.118636e-02,1.768011e-02,6.061778e-02,6.061778e-02,1
63.440000,63.540000,SS,9.549762e-03,1.103765e-02,5.878310e-02,5.878310e-02,1
63.540000,63.640000,SS,7.824105e-03,4.837090e-03,5.650214e-02,5.650214e-02,1
63.640000,63.740000,SS,6.054564e-03,-7.695968e-04,5.351743e-02,5.351743e-02,1
63.740000,63.840000,SS,4.320778e-03,-5.804313e-03,5.010013e-02,5.010013e-02,1
63.840000,63.940000,SS,2.677879e-03,-1.030387e-02,4.650280e-02,4.650280e-02,1
63.940000,64.040000,SS,1.143191e-03,-1.426761e-02,4.274364e-02,4.274364e-02,1
64.040000,64.140000,SS,-2.559676e-04,-1.769443e-02,3.893482e-02,3.893482e-02,1
64.140000,64.240000,SS,-1.507709e-03,-2.060509e-02,3.515306e-02,3.515306e-02,1
64.240000,64.340000,SS,-2.606023e-03,-2.301110e-02,3.144170e-02,3.144170e-02,1
64.340000,64.440000,SS,-3.546174e-03,-2.492978e-02,2.785374e-02,2.785374e-02,1
64.440000,64.540000,DS_terminal,-4.513029e-02,7.938486e-02,-1.407959e-01,1.407959e-01,1
64.540000,64.640000,DS_terminal,3.607220e-02,-2.863291e-01,1.670492e-01,2.863291e-01,1
64.640000,64.740000,DS_terminal,-3.686246e-02,-1.580952e-02,-1.313208e-01,1.313208e-01,1
64.740000,64.840000,DS_terminal,-2.461925e-02,-4.108853e-02,-5.942874e-02,5.942874e-02,1
64.840000,64.940000,DS_terminal,-1.488992e-02,-5.218467e-02,-3.018172e-02,5.218467e-02,1
64.940000,65.040000,DS_terminal,-1.562673e-02,-3.829284e-02,-3.925126e-02,3.925126e-02,1
65.040000,65.140000,DS_terminal,-1.377004e-02,-3.196161e-02,-3.056552e-02,3.196161e-02,1
65.140000,65.240000,DS_terminal,-1.062630e-02,-2.874330e-02,-2.005985e-02,2.874330e-02,1
65.240000,65.340000,DS_terminal,-8.362949e-03,-2.385217e-02,-1.404763e-02,2.385217e-02,1
65.340000,65.440000,DS_terminal,-6.363276e-03,-1.906682e-02,-7.831625e-03,1.906682e-02,1
65.440000,65.540000,DS_terminal,-4.337009e-03,-1.497403e-02,-1.321708e-03,1.497403e-02,1
65.540000,65.640000,DS_terminal,-2.490360e-03,-1.114469e-02,4.288814e-03,1.114469e-02,1
65.640000,65.740000,DS_terminal,-8.561656e-04,-7.579516e-03,9.211061e-03,9.211061e-03,1
65.740000,65.840000,DS_terminal,6.083309e-04,-4.381348e-03,1.366560e-02,1.366560e-02,1
65.840000,65.940000,DS_terminal,1.898567e-03,-1.536163e-03,1.754019e-02,1.754019e-02,1
65.940000,66.040000,DS_terminal,3.006393e-03,9.767531e-04,2.079344e-02,2.079344e-02,1
66.040000,66.140000,DS_terminal,4.399689e-03,1.088870e-02,1.723580e-02,1.723580e-02,1
66.140000,66.240000,DS_terminal,1.150656e-02,1.763925e-02,4.882772e-02,4.882772e-02,1
66.240000,66.340000,DS_terminal,1.478450e-02,2.084349e-02,6.017353e-02,6.017353e-02,1
66.340000,66.440000,DS_terminal,1.367476e-02,2.618614e-02,4.538332e-02,4.538332e-02,1
66.440000,66.540000,DS_terminal,1.198849e-02,2.368060e-02,3.752805e-02,3.752805e-02,1
66.540000,66.640000,DS_terminal,9.136466e-03,1.991939e-02,2.580227e-02,2.580227e-02,1
66.640000,66.740000,DS_terminal,5.812323e-03,1.483605e-02,1.437351e-02,1.483605e-02,1
66.740000,66.840000,DS_terminal,2.927192e-03,8.454734e-03,7.695091e-03,8.454734e-03,1
66.840000,66.940000,DS_terminal,7.121675e-04,2.868067e-03,3.902135e-03,3.902135e-03,1
66.940000,67.040000,DS_terminal,-7.604052e-04,-1.311976e-03,2.232811e-03,2.232811e-03,1
67.040000,67.140000,DS_terminal,-1.553893e-03,-4.032874e-03,2.118205e-03,4.032874e-03,1
67.140000,67.240000,DS_terminal,-1.815449e-03,-5.455817e-03,2.935054e-03,5.455817e-03,1
67.240000,67.340000,DS_terminal,-1.717805e-03,-5.866345e-03,4.143318e-03,5.866345e-03,1
67.340000,67.440000,DS_terminal,-1.420522e-03,-5.602551e-03,5.371348e-03,5.602551e-03,1
67.440000,67.540000,DS_terminal,-1.050685e-03,-4.980969e-03,6.406870e-03,6.406870e-03,1
67.540000,67.640000,DS_terminal,-6.961529e-04,-4.251394e-03,7.167994e-03,7.167994e-03,1
67.640000,67.740000,DS_terminal,-4.072342e-04,-3.579767e-03,7.641482e-03,7.641482e-03,1
67.740000,67.840000,DS_terminal,-2.031822e-04,-3.052139e-03,7.869314e-03,7.869314e-03,1
67.840000,67.940000,DS_terminal,-8.131744e-05,-2.694015e-03,7.908172e-03,7.908172e-03,1
67.940000,68.040000,DS_terminal,-2.629536e-05,-2.490354e-03,7.823450e-03,7.823450e-03,1
68.040000,68.140000,DS_terminal,-1.796118e-05,-2.407202e-03,7.671742e-03,7.671742e-03,1
68.140000,68.240000,DS_terminal,-3.678610e-05,-2.404150e-03,7.500652e-03,7.500652e-03,1
68.240000,68.340000,DS_terminal,-6.698778e-05,-2.445127e-03,7.338247e-03,7.338247e-03,1
68.340000,68.440000,DS_terminal,-9.761592e-05,-2.502080e-03,7.201762e-03,7.201762e-03,1
68.440000,68.540000,DS_terminal,-1.223940e-04,-2.556142e-03,7.095301e-03,7.095301e-03,1
68.540000,68.640000,DS_terminal,-1.387821e-04,-2.597355e-03,7.017678e-03,7.017678e-03,1
68.640000,68.740000,DS_terminal,-1.467361e-04,-2.621803e-03,6.963139e-03,6.963139e-03,1
68.740000,68.840000,DS_terminal,-1.477467e-04,-2.630400e-03,6.922251e-03,6.922251e-03,1
68.840000,68.940000,DS_terminal,-1.437704e-04,-2.626161e-03,6.889902e-03,6.889902e-03,1
68.940000,69.040000,DS_terminal,-1.368217e-04,-2.612912e-03,6.860130e-03,6.860130e-03,1
69.040000,69.140000,DS_terminal,-1.285187e-04,-2.594140e-03,6.832112e-03,6.832112e-03,1
69.140000,69.240000,DS_terminal,-1.200008e-04,-2.572962e-03,6.801137e-03,6.801137e-03,1
69.240000,69.340000,DS_terminal,-1.119521e-04,-2.551203e-03,6.766172e-03,6.766172e-03,1
69.340000,69.440000,DS_terminal,-1.047065e-04,-2.530104e-03,6.731284e-03,6.731284e-03,1
69.440000,69.540000,DS_terminal,-9.828840e-05,-2.510241e-03,6.691297e-03,6.691297e-03,1
69.540000,69.640000,DS_terminal,-9.263152e-05,-2.491547e-03,6.651752e-03,6.651752e-03,1
69.640000,69.740000,DS_terminal,-8.757128e-05,-2.473940e-03,6.610686e-03,6.610686e-03,1
69.740000,69.840000,DS_terminal,-8.294146e-05,-2.457026e-03,6.569443e-03,6.569443e-03,1
69.840000,69.940000,DS_terminal,-7.860109e-05,-2.440664e-03,6.528078e-03,6.528078e-03,1
69.940000,70.040000,DS_terminal,-7.445948e-05,-2.424493e-03,6.486700e-03,6.486700e-03,1
70.040000,70.140000,DS_terminal,-7.045630e-05,-2.408410e-03,6.445535e-03,6.445535e-03,1
70.140000,70.240000,DS_terminal,-6.651658e-05,-2.392521e-03,6.404767e-03,6.404767e-03,1
70.240000,70.340000,DS_terminal,-6.268322e-05,-2.376293e-03,6.364008e-03,6.364008e-03,1
70.340000,70.440000,DS_terminal,-5.891681e-05,-2.360134e-03,6.323379e-03,6.323379e-03,1
70.440000,70.540000,DS_terminal,-5.521681e-05,-2.343845e-03,6.282961e-03,6.282961e-03,1
70.540000,70.640000,DS_terminal,-5.162178e-05,-2.327528e-03,6.242357e-03,6.242357e-03,1
70.640000,70.740000,DS_terminal,-4.810735e-05,-2.311136e-03,6.202019e-03,6.202019e-03,1
70.740000,70.840000,DS_terminal,-4.468774e-05,-2.294662e-03,6.161509e-03,6.161509e-03,1
70.840000,70.940000,DS_terminal,-4.134800e-05,-2.278147e-03,6.121090e-03,6.121090e-03,1
70.940000,71.040000,DS_terminal,-3.811589e-05,-2.261665e-03,6.080627e-03,6.080627e-03,1
71.040000,71.140000,DS_terminal,-3.496688e-05,-2.245152e-03,6.040052e-03,6.040052e-03,1
71.140000,71.240000,DS_terminal,-3.190013e-05,-2.228538e-03,5.999431e-03,5.999431e-03,1
71.240000,71.340000,DS_terminal,-2.893779e-05,-2.211768e-03,5.958704e-03,5.958704e-03,1
71.340000,71.440000,DS_terminal,-2.603653e-05,-2.195223e-03,5.918014e-03,5.918014e-03,1
71.440000,71.540000,DS_terminal,-2.323218e-05,-2.178458e-03,5.877194e-03,5.877194e-03,1
71.540000,71.640000,DS_terminal,-2.048913e-05,-2.161737e-03,5.836136e-03,5.836136e-03,1
71.640000,71.740000,DS_terminal,-1.783393e-05,-2.144830e-03,5.795091e-03,5.795091e-03,1
71.740000,71.840000,DS_terminal,-1.524778e-05,-2.127889e-03,5.753843e-03,5.753843e-03,1
71.840000,71.940000,DS_terminal,-1.273531e-05,-2.110947e-03,5.712337e-03,5.712337e-03,1
71.940000,72.040000,DS_terminal,-1.028235e-05,-2.093862e-03,5.670802e-03,5.670802e-03,1
72.040000,72.140000,DS_terminal,-7.902723e-06,-2.076737e-03,5.628977e-03,5.628977e-03,1
72.140000,72.240000,DS_terminal,-5.576822e-06,-2.059430e-03,5.586886e-03,5.586886e-03,1
72.240000,72.340000,DS_terminal,-3.330854e-06,-2.042133e-03,5.544341e-03,5.544341e-03,1
72.340000,72.440000,DS_terminal,-1.139001e-06,-2.024515e-03,5.501760e-03,5.501760e-03,1
72.440000,72.540000,DS_terminal,9.847506e-07,-2.006975e-03,5.458553e-03,5.458553e-03,1
72.540000,72.640000,DS_terminal,3.072135e-06,-1.989147e-03,5.415015e-03,5.415015e-03,1
72.640000,72.740000,DS_terminal,5.069252e-06,-1.971148e-03,5.370893e-03,5.370893e-03,1
72.740000,72.840000,DS_terminal,7.025044e-06,-1.953057e-03,5.326411e-03,5.326411e-03,1
72.840000,72.940000,DS_terminal,8.922076e-06,-1.934651e-03,5.281096e-03,5.281096e-03,1
72.940000,73.040000,DS_terminal,1.075013e-05,-1.916044e-03,5.235216e-03,5.235216e-03,1
73.040000,73.140000,DS_terminal,1.251731e-05,-1.897232e-03,5.188407e-03,5.188407e-03,1
73.140000,73.240000,DS_terminal,1.422760e-05,-1.878091e-03,5.140820e-03,5.140820e-03,1
73.240000,73.340000,DS_terminal,1.586918e-05,-1.858751e-03,5.092168e-03,5.092168e-03,1
73.340000,73.440000,DS_terminal,1.743979e-05,-1.838941e-03,5.042332e-03,5.042332e-03,1
73.440000,73.540000,DS_terminal,1.998552e-05,-1.828052e-03,5.009559e-03,5.009559e-03,1
73.540000,73.640000,DS_terminal,2.967255e-05,-1.848123e-03,5.063321e-03,5.063321e-03,1
73.640000,73.740000,DS_terminal,3.655056e-05,-1.844265e-03,5.085562e-03,5.085562e-03,1
73.740000,73.840000,DS_terminal,3.570991e-05,-1.859068e-03,5.087251e-03,5.087251e-03,1
73.840000,73.940000,DS_terminal,3.093042e-05,-1.885740e-03,5.076642e-03,5.076642e-03,1
73.940000,74.040000,DS_terminal,2.222746e-05,-1.914221e-03,5.045508e-03,5.045508e-03,1
74.040000,74.140000,DS_terminal,1.007462e-05,-1.944735e-03,4.998038e-03,4.998038e-03,1
74.140000,74.240000,DS_terminal,-4.381356e-06,-1.978389e-03,4.940628e-03,4.940628e-03,1
74.240000,74.340000,DS_terminal,-2.048500e-05,-2.013854e-03,4.874982e-03,4.874982e-03,1
74.340000,74.440000,DS_terminal,-3.771214e-05,-2.049704e-03,4.802496e-03,4.802496e-03,1
74.440000,74.540000,DS_terminal,-5.549695e-05,-2.085003e-03,4.725745e-03,4.725745e-03,1
74.540000,74.640000,DS_terminal,-7.328176e-05,-2.119146e-03,4.646864e-03,4.646864e-03,1
74.640000,74.740000,DS_terminal,-9.056606e-05,-2.151348e-03,4.567528e-03,4.567528e-03,1
74.740000,74.840000,DS_terminal,-1.069849e-04,-2.180834e-03,4.489515e-03,4.489515e-03,1
74.840000,74.940000,DS_terminal,-1.221652e-04,-2.207317e-03,4.414300e-03,4.414300e-03,1
74.940000,75.040000,DS_terminal,-1.357958e-04,-2.230019e-03,4.342670e-03,4.342670e-03,1
75.040000,75.140000,DS_terminal,-1.476902e-04,-2.248700e-03,4.276167e-03,4.276167e-03,1
75.140000,75.240000,DS_terminal,-1.575934e-04,-2.263158e-03,4.215311e-03,4.215311e-03,1
75.240000,75.340000,DS_terminal,-1.654237e-04,-2.273047e-03,4.160578e-03,4.160578e-03,1
75.340000,75.440000,DS_terminal,-1.710730e-04,-2.278170e-03,4.112659e-03,4.112659e-03,1
75.440000,75.540000,DS_terminal,-1.745091e-04,-2.278557e-03,4.071704e-03,4.071704e-03,1
75.540000,75.640000,DS_terminal,-1.757187e-04,-2.274156e-03,4.037816e-03,4.037816e-03,1
75.640000,75.740000,DS_terminal,-1.747440e-04,-2.265110e-03,4.011142e-03,4.011142e-03,1
75.740000,75.840000,DS_terminal,-1.716530e-04,-2.251464e-03,3.991201e-03,3.991201e-03,1
75.840000,75.940000,DS_terminal,-1.665401e-04,-2.233352e-03,3.977990e-03,3.977990e-03,1
75.940000,76.040000,DS_terminal,-1.595202e-04,-2.211073e-03,3.971153e-03,3.971153e-03,1
76.040000,76.140000,DS_terminal,-1.507376e-04,-2.184803e-03,3.970232e-03,3.970232e-03,1
76.140000,76.240000,DS_terminal,-1.462773e-04,-2.256257e-03,4.141566e-03,4.141566e-03,1
76.240000,76.340000,DS_terminal,-1.918393e-04,-2.465959e-03,4.375016e-03,4.375016e-03,1
76.340000,76.440000,DS_terminal,-1.851927e-04,-2.429177e-03,4.354228e-03,4.354228e-03,1
76.440000,76.540000,DS_terminal,-1.379040e-04,-2.293722e-03,4.313773e-03,4.313773e-03,1
76.540000,76.640000,DS_terminal,-8.628356e-05,-2.039693e-03,4.233657e-03,4.233657e-03,1
76.640000,76.740000,DS_terminal,-1.814188e-05,-1.903173e-03,4.399786e-03,4.399786e-03,1
76.740000,76.840000,DS_terminal,4.795318e-05,-1.751007e-03,4.537940e-03,4.537940e-03,1
76.840000,76.940000,DS_terminal,1.024910e-04,-1.613065e-03,4.633366e-03,4.633366e-03,1
76.940000,77.040000,DS_terminal,1.418053e-04,-1.497619e-03,4.677363e-03,4.677363e-03,1
77.040000,77.140000,DS_terminal,1.660292e-04,-1.409643e-03,4.677900e-03,4.677900e-03,1
77.140000,77.240000,DS_terminal,1.774073e-04,-1.348964e-03,4.647307e-03,4.647307e-03,1
77.240000,77.340000,DS_terminal,1.791016e-04,-1.311787e-03,4.598099e-03,4.598099e-03,1
77.340000,77.440000,DS_terminal,1.743073e-04,-1.293049e-03,4.540629e-03,4.540629e-03,1
77.440000,77.540000,DS_terminal,1.657463e-04,-1.287215e-03,4.481799e-03,4.481799e-03,1
77.540000,77.640000,DS_terminal,1.555523e-04,-1.288462e-03,4.424478e-03,4.424478e-03,1
77.640000,77.740000,DS_terminal,1.453734e-04,-1.291888e-03,4.370085e-03,4.370085e-03,1
77.740000,77.840000,DS_terminal,1.363822e-04,-1.293875e-03,4.319731e-03,4.319731e-03,1
77.840000,77.940000,DS_terminal,1.291868e-04,-1.293118e-03,4.274484e-03,4.274484e-03,1
77.940000,78.040000,DS_terminal,1.238790e-04,-1.288919e-03,4.234312e-03,4.234312e-03,1
78.040000,78.140000,DS_terminal,1.202154e-04,-1.281805e-03,4.198469e-03,4.198469e-03,1
78.140000,78.240000,DS_terminal,1.177857e-04,-1.271989e-03,4.165670e-03,4.165670e-03,1
78.240000,78.340000,DS_terminal,1.161500e-04,-1.260714e-03,4.134774e-03,4.134774e-03,1
78.340000,78.440000,DS_terminal,1.149202e-04,-1.248255e-03,4.104797e-03,4.104797e-03,1
78.440000,78.540000,DS_terminal,1.138040e-04,-1.235841e-03,4.074928e-03,4.074928e-03,1
78.540000,78.640000,DS_terminal,1.126133e-04,-1.223389e-03,4.045248e-03,4.045248e-03,1
78.640000,78.740000,DS_terminal,1.112504e-04,-1.211500e-03,4.015145e-03,4.015145e-03,1
78.740000,78.840000,DS_terminal,1.096962e-04,-1.200207e-03,3.984743e-03,3.984743e-03,1
78.840000,78.940000,DS_terminal,1.079723e-04,-1.189268e-03,3.954297e-03,3.954297e-03,1
78.940000,79.040000,DS_terminal,1.061306e-04,-1.179016e-03,3.923733e-03,3.923733e-03,1
79.040000,79.140000,DS_terminal,1.042257e-04,-1.168961e-03,3.893291e-03,3.893291e-03,1
79.140000,79.240000,DS_terminal,1.023134e-04,-1.159194e-03,3.862893e-03,3.862893e-03,1
79.240000,79.340000,DS_terminal,1.004302e-04,-1.149467e-03,3.832729e-03,3.832729e-03,1
79.340000,79.440000,DS_terminal,9.860121e-05,-1.139869e-03,3.802964e-03,3.802964e-03,1
79.440000,79.540000,DS_terminal,9.684149e-05,-1.130240e-03,3.773323e-03,3.773323e-03,1
79.540000,79.640000,DS_terminal,9.515266e-05,-1.120662e-03,3.744022e-03,3.744022e-03,1
79.640000,79.740000,DS_terminal,9.352863e-05,-1.111049e-03,3.714857e-03,3.714857e-03,1
79.740000,79.840000,DS_terminal,9.196248e-05,-1.101527e-03,3.686123e-03,3.686123e-03,1
79.840000,79.940000,DS_terminal,9.044417e-05,-1.091937e-03,3.657510e-03,3.657510e-03,1
79.940000,80.040000,DS_terminal,8.896494e-05,-1.082407e-03,3.629215e-03,3.629215e-03,1
80.040000,80.140000,DS_terminal,8.751915e-05,-1.073071e-03,3.601033e-03,3.601033e-03,1
80.140000,80.240000,DS_terminal,8.610115e-05,-1.063741e-03,3.573065e-03,3.573065e-03,1
80.240000,80.340000,DS_terminal,8.470928e-05,-1.054531e-03,3.545412e-03,3.545412e-03,1
80.340000,80.440000,DS_terminal,8.334246e-05,-1.045344e-03,3.517879e-03,3.517879e-03,1
80.440000,80.540000,DS_terminal,8.200024e-05,-1.036375e-03,3.490666e-03,3.490666e-03,1
80.540000,80.640000,DS_terminal,8.068287e-05,-1.027423e-03,3.463574e-03,3.463574e-03,1
80.640000,80.740000,DS_terminal,7.939450e-05,-1.018576e-03,3.436708e-03,3.436708e-03,1
80.740000,80.840000,DS_terminal,7.813093e-05,-1.009832e-03,3.410064e-03,3.410064e-03,1
80.840000,80.940000,DS_terminal,7.689698e-05,-1.001084e-03,3.383645e-03,3.383645e-03,1
80.940000,81.040000,DS_terminal,7.568925e-05,-9.924306e-04,3.357544e-03,3.357544e-03,1
81.040000,81.140000,DS_terminal,7.450848e-05,-9.838674e-04,3.331464e-03,3.331464e-03,1
81.140000,81.240000,DS_terminal,7.335538e-05,-9.753958e-04,3.305702e-03,3.305702e-03,1
81.240000,81.340000,DS_terminal,7.222673e-05,-9.670141e-04,3.280156e-03,3.280156e-03,1
81.340000,81.440000,DS_terminal,7.112281e-05,-9.586267e-04,3.254723e-03,3.254723e-03,1
81.440000,81.540000,DS_terminal,7.004320e-05,-9.503320e-04,3.229605e-03,3.229605e-03,1
81.540000,81.640000,DS_terminal,6.898733e-05,-9.422325e-04,3.204600e-03,3.204600e-03,1
81.640000,81.740000,DS_terminal,6.795169e-05,-9.339293e-04,3.179909e-03,3.179909e-03,1
81.740000,81.840000,DS_terminal,6.694015e-05,-9.260226e-04,3.155230e-03,3.155230e-03,1
81.840000,81.940000,DS_terminal,6.594746e-05,-9.179132e-04,3.130864e-03,3.130864e-03,1
81.940000,82.040000,DS_terminal,6.497737e-05,-9.100118e-04,3.106612e-03,3.106612e-03,1
82.040000,82.140000,DS_terminal,6.402555e-05,-9.021681e-04,3.082672e-03,3.082672e-03,1
82.140000,82.240000,DS_terminal,6.309407e-05,-8.943612e-04,3.058747e-03,3.058747e-03,1
82.240000,82.340000,DS_terminal,6.218176e-05,-8.866423e-04,3.035235e-03,3.035235e-03,1
82.340000,82.440000,DS_terminal,6.128837e-05,-8.789908e-04,3.011735e-03,3.011735e-03,1
82.440000,82.540000,DS_terminal,6.041316e-05,-8.713958e-04,2.988449e-03,2.988449e-03,1
82.540000,82.640000,DS_terminal,5.955590e-05,-8.638680e-04,2.965375e-03,2.965375e-03,1
82.640000,82.740000,DS_terminal,5.871648e-05,-8.564080e-04,2.942513e-03,2.942513e-03,1
82.740000,82.840000,DS_terminal,5.789382e-05,-8.490042e-04,2.919765e-03,2.919765e-03,1
82.840000,82.940000,DS_terminal,5.708815e-05,-8.416777e-04,2.897226e-03,2.897226e-03,1
82.940000,83.040000,DS_terminal,5.629870e-05,-8.344079e-04,2.874901e-03,2.874901e-03,1
83.040000,83.140000,DS_terminal,5.552528e-05,-8.271964e-04,2.852686e-03,2.852686e-03,1
83.140000,83.240000,DS_terminal,5.476725e-05,-8.200514e-04,2.830682e-03,2.830682e-03,1
83.240000,83.340000,DS_terminal,5.402439e-05,-8.129632e-04,2.808790e-03,2.808790e-03,1
83.340000,83.440000,DS_terminal,5.329635e-05,-8.059434e-04,2.787207e-03,2.787207e-03,1
83.440000,83.540000,DS_terminal,5.258279e-05,-7.989711e-04,2.765636e-03,2.765636e-03,1
83.540000,83.640000,DS_terminal,5.188334e-05,-7.920758e-04,2.744275e-03,2.744275e-03,1
83.640000,83.740000,DS_terminal,5.119743e-05,-7.852381e-04,2.723123e-03,2.723123e-03,1
83.740000,83.840000,DS_terminal,5.052528e-05,-7.784387e-04,2.702182e-03,2.702182e-03,1
83.840000,83.940000,DS_terminal,4.986598e-05,-7.717258e-04,2.681350e-03,2.681350e-03,1
83.940000,84.040000,DS_terminal,4.921960e-05,-7.650519e-04,2.660628e-03,2.660628e-03,1
84.040000,84.140000,DS_terminal,4.858569e-05,-7.584352e-04,2.640115e-03,2.640115e-03,1
84.140000,84.240000,DS_terminal,4.796400e-05,-7.518863e-04,2.619812e-03,2.619812e-03,1
84.240000,84.340000,DS_terminal,4.735431e-05,-7.453956e-04,2.599517e-03,2.599517e-03,1
84.340000,84.440000,DS_terminal,4.675615e-05,-7.389417e-04,2.579531e-03,2.579531e-03,1
84.440000,84.540000,DS_terminal,4.616937e-05,-7.325667e-04,2.559655e-03,2.559655e-03,1
