t,phase,step_idx,mask_ss,theta_s_deg,Hdot_s_x,Hdot_s_y,Hdot_s_z,tau_w_x,tau_w_y,tau_w_z,torso_ref_mode,e_ori_torso_deg,e_pos_torso_x,e_pos_torso_y,e_pos_torso_z,d_ee_to_target,e_ori_ee_deg,swing_arm,stance_a_idx,stance_b_idx,swing_to_idx,gait_phase_idx
0.010000,DS,-1,0,0.000000000,nan,nan,nan,0.000000000,0.000000000,0.000000000,ds_hold,0.000000000,0.000000000,0.000000000,0.000000000,nan,0.000000000,,2,2,-1,0
0.020000,DS,-1,0,0.000000000,nan,nan,nan,0.000000000,0.000000000,0.000000000,ds_hold,0.000000000,-0.000000000,0.000000000,0.000000000,nan,0.000000001,,2,2,-1,0
0.030000,DS,-1,0,0.000000000,nan,nan,nan,0.000000000,0.000000000,0.000000000,ds_hold,0.000000000,-0.000000000,0.000000000,0.000000000,nan,0.000000001,,2,2,-1,0
0.040000,DS,-1,0,0.000000000,nan,nan,nan,0.000000000,0.000000000,0.000000000,ds_hold,0.000000000,-0.000000000,0.000000000,0.000000000,nan,0.000000001,,2,2,-1,0
0.050000,DS,-1,0,0.000000000,nan,nan,nan,0.000000000,0.000000000,0.000000000,ds_hold,0.000000000,-0.000000000,0.000000000,0.000000000,nan,0.000000001,,2,2,-1,0
0.060000,DS,-1,0,0.000000000,nan,nan,nan,0.000000000,0.000000000,0.000000000,ds_hold,0.000000000,-0.000000000,0.000000000,0.000000000,nan,0.000000003,,2,2,-1,0
0.070000,DS,-1,0,0.000000000,nan,nan,nan,0.000000000,0.000000000,0.000000000,ds_hold,0.000000000,-0.000000000,-0.000000000,0.000000000,nan,0.000000010,,2,2,-1,0
0.080000,DS,-1,0,0.000000000,nan,nan,nan,0.000000000,0.000000000,0.000000000,ds_hold,0.000000001,0.000000000,0.000000000,0.000000000,nan,0.000000034,,2,2,-1,0
0.090000,DS,-1,0,0.000000000,nan,nan,nan,0.000000000,0.000000000,0.000000000,ds_hold,0.000000002,-0.000000000,-0.000000000,0.000000000,nan,0.000000121,,2,2,-1,0
0.100000,DS,-1,0,0.000000000,nan,nan,nan,0.000000000,0.000000000,0.000000000,ds_hold,0.000000008,0.000000000,0.000000000,-0.000000000,nan,0.000000420,,2,2,-1,0
0.110000,SS,0,1,0.000126528,0.457021375,-1.444435897,2.471731458,-0.647717871,1.272677753,-1.235406633,planner_track,0.006953063,0.000022933,0.000009429,0.000005776,0.799631168,0.003363221,b,2,2,3,1
0.210000,SS,0,1,0.000754844,0.606892268,-1.413426981,2.706241589,-0.839935699,1.993740584,-2.388135896,planner_track,0.011884552,0.000035504,0.000010028,0.000041541,0.797353402,0.006003972,b,2,2,3,1
0.310000,SS,0,1,0.002130301,0.678144108,-1.226728565,3.344710397,-1.059581250,2.541465195,-3.258237886,planner_track,0.013654570,-0.000042088,-0.000035084,0.000104039,0.791659446,0.009435194,b,2,2,3,1
0.410000,SS,0,1,0.004434658,0.688968156,-0.981832363,3.891932183,-1.214027235,2.934834724,-3.910493504,planner_track,0.013961218,-0.000260395,-0.000138617,0.000187401,0.781403039,0.016609979,b,2,2,3,1
0.510000,SS,0,1,0.007790471,0.627273176,-0.706138555,4.429170579,-1.274505365,3.160977815,-4.390827624,planner_track,0.013560559,-0.000644767,-0.000299626,0.000283651,0.765801464,0.028221659,b,2,2,3,1
0.610000,SS,0,1,0.012258212,0.501670440,-0.426672484,4.895266710,-1.262580224,3.241944075,-4.681695216,planner_track,0.013232895,-0.001200301,-0.000506441,0.000382691,0.744412607,0.042834625,b,2,2,3,1
0.710000,SS,0,1,0.017843377,0.321734720,-0.136144644,4.999981558,-1.190178771,3.190268910,-4.781795571,planner_track,0.013280088,-0.001916691,-0.000739998,0.000473585,0.717106090,0.058691102,b,2,2,3,1
0.810000,SS,0,1,0.024504135,0.091415502,0.112893588,4.999990998,-1.069293339,3.038839454,-4.709059315,planner_track,0.013824908,-0.002771326,-0.000977113,0.000545521,0.684029641,0.074246578,b,2,2,3,1
0.910000,SS,0,1,0.032160444,-0.187539095,0.304157005,4.999993047,-0.911141618,2.807932714,-4.479609953,planner_track,0.014709554,-0.003730338,-0.001193867,0.000589316,0.645573348,0.088384884,b,2,2,3,1
1.010000,SS,0,1,0.040701169,-0.503860277,0.441972600,4.999993488,-0.723501207,2.512578326,-4.110300696,planner_track,0.015743011,-0.004750948,-0.001367617,0.000598315,0.602333988,0.100458305,b,2,2,3,1
1.110000,SS,0,1,0.049989221,-0.848206096,0.544409745,4.999992743,-0.510247681,2.162228416,-3.616230494,planner_track,0.016792730,-0.005784267,-0.001478170,0.000568905,0.555079019,0.110226970,b,2,2,3,1
1.210000,SS,0,1,0.059865303,-1.204235209,0.628797428,4.999989562,-0.276152875,1.762773177,-3.011720617,planner_track,0.017752637,-0.006778053,-0.001508546,0.000500643,0.504710543,0.117730012,b,2,2,3,1
1.310000,SS,0,1,0.070151502,-1.551645454,0.709157497,4.999962832,-0.029045828,1.317346550,-2.309794919,planner_track,0.018492883,-0.007679156,-0.001445347,0.000396164,0.452229655,0.123132902,b,2,2,3,1
1.410000,SS,0,1,0.080653877,-1.872180366,0.847233684,4.678324232,0.219998606,0.816659506,-1.511804397,planner_track,0.018744092,-0.008437051,-0.001279087,0.000260893,0.398702976,0.126614584,b,2,2,3,1
1.510000,SS,0,1,0.091166854,-2.141473309,1.022197864,4.121607664,0.454681505,0.275364271,-0.638842939,planner_track,0.018465843,-0.009006849,-0.001004196,0.000102351,0.345227995,0.128266454,b,2,2,3,1
1.610000,SS,0,1,0.101483475,-2.353808306,1.239785372,3.438531722,0.696514337,-0.257065411,0.292136931,planner_track,0.018444339,-0.009351513,-0.000617615,-0.000070196,0.292898549,0.128046375,b,2,2,3,1
1.710000,SS,0,1,0.111385547,-2.502184690,1.449164953,2.745028194,0.793347855,-0.900858688,1.236761722,planner_track,0.016210593,-0.009438423,-0.000129803,-0.000245332,0.242770788,0.125632187,b,2,2,3,1
1.810000,SS,0,1,0.120687957,-2.542085997,1.699262788,1.896190188,0.915400841,-1.483843638,2.169380328,planner_track,0.014509601,-0.009250601,0.000456797,-0.000411912,0.195829746,0.120624587,b,2,2,3,1
1.910000,SS,0,1,0.129208847,-2.545054492,1.898758714,1.143115418,0.990161120,-2.036533491,3.017272159,planner_track,0.013432806,-0.008780580,0.001127331,-0.000558487,0.152958247,0.112453061,b,2,2,3,1
2.010000,SS,0,1,0.136791743,-2.473239707,2.104897421,0.334703997,0.988215490,-2.551563411,3.789435830,planner_track,0.013084971,-0.008033103,0.001861970,-0.000674017,0.114901965,0.100578006,b,2,2,3,1
2.110000,SS,0,1,0.143312326,-2.333989737,2.229760734,-0.358805584,0.951192841,-2.971026745,4.402843191,planner_track,0.014269044,-0.007027514,0.002638617,-0.000749466,0.082238811,0.084640406,b,2,2,3,1
2.210000,SS,0,1,0.148683734,-2.134288919,2.264265592,-0.922947230,0.881447178,-3.271733642,4.822018559,planner_track,0.016842911,-0.005794611,0.003431214,-0.000778221,0.055350381,0.064784694,b,2,2,3,1
2.310000,SS,0,1,0.152860041,-1.891763901,2.211136968,-1.354178266,0.792162316,-3.423360444,5.000000000,planner_track,0.020321599,-0.004377080,0.004211723,-0.000756835,0.034406716,0.042571198,b,2,2,3,1
2.410000,SS,0,1,0.155840595,-1.619746549,2.074739825,-1.650564364,0.691883712,-3.395459181,4.933733684,planner_track,0.024270661,-0.002829194,0.004951552,-0.000685325,0.019384535,0.025817624,b,2,2,3,1
2.510000,SS,0,1,0.157687508,-1.331769863,1.867233489,-1.815351989,0.584618167,-3.161723453,4.562818309,planner_track,0.028419563,-0.001216093,0.005622521,-0.000567518,0.010177294,0.035102057,b,2,2,3,1
2.610000,SS,0,1,0.158524223,-1.043433922,1.607378292,-1.857189569,0.469627231,-2.699420743,3.868846664,planner_track,0.032685097,0.000386330,0.006197319,-0.000411146,0.006469801,0.059300161,b,2,2,3,1
2.710000,SS,0,1,0.158537788,-0.772291503,1.319492356,-1.789557104,0.340593376,-1.990201792,2.825239567,planner_track,0.037169453,0.001891351,0.006649416,-0.000227624,0.005965755,0.082944887,b,2,2,3,1
2.810000,SS,0,1,0.157988132,-0.537875840,1.032416016,-1.631708002,0.182313266,-1.042587104,1.549509503,planner_track,0.042113672,0.003201161,0.006952603,-0.000031640,0.005912542,0.100427028,b,2,2,3,1
2.910000,SS,0,1,0.157109873,-0.366297469,0.788778164,-1.394795911,0.259770498,-0.699102619,1.384794977,planner_track,0.042371885,0.004241145,0.007081593,0.000157814,0.005701987,0.109924027,b,2,2,3,1
3.010000,SS,0,1,0.155960035,-0.248747753,0.684885156,-0.949017271,0.249575248,-0.655572999,1.130277131,planner_track,0.038462623,0.005020997,0.007048282,0.000321410,0.005428675,0.112597449,b,2,2,3,1
3.110000,SS,0,1,0.154580622,-0.182596485,0.574056958,-0.712035517,0.195101953,-0.557041304,0.991603917,planner_track,0.035413582,0.005565562,0.006883982,0.000451777,0.005165077,0.110154062,b,2,2,3,1
3.210000,SS,0,1,0.153012752,-0.145532451,0.472073630,-0.503618088,0.159345764,-0.481409901,0.842923999,planner_track,0.033300080,0.005903899,0.006612885,0.000549614,0.004940073,0.104309261,b,2,2,3,1
3.320000,DS,0,0,0.152825235,nan,nan,nan,0.000000000,0.000000000,0.000000000,ds_hold,0.000000000,0.000000000,0.000000000,0.000000000,0.004489280,0.133930792,b,2,3,3,2
3.330000,DS,0,0,0.152583373,nan,nan,nan,0.000000000,0.000000000,0.000000000,ds_hold,0.002107742,0.000013909,-0.000055259,-0.000008797,0.003637807,0.186384973,b,2,3,3,2
3.340000,DS,0,0,0.152302223,nan,nan,nan,0.000000000,0.000000000,0.000000000,ds_hold,0.005403546,0.000015414,-0.000145500,-0.000037842,0.002772814,0.225087167,b,2,3,3,2
3.350000,DS,0,0,0.151984309,nan,nan,nan,0.000000000,0.000000000,0.000000000,ds_hold,0.008626311,0.000000939,-0.000268612,-0.000074461,0.002034596,0.249100258,b,2,3,3,2
3.360000,DS,0,0,0.151632235,nan,nan,nan,0.000000000,0.000000000,0.000000000,ds_hold,0.011849432,-0.000032459,-0.000417904,-0.000112849,0.001455031,0.261878711,b,2,3,3,2
3.370000,DS,0,0,0.151249262,nan,nan,nan,0.000000000,0.000000000,0.000000000,ds_hold,0.015546578,-0.000084888,-0.000585338,-0.000147495,0.001021160,0.267388779,b,2,3,3,2
3.380000,DS,0,0,0.150838822,nan,nan,nan,0.000000000,0.000000000,0.000000000,ds_hold,0.020569831,-0.000155228,-0.000763271,-0.000175380,0.000706086,0.267323445,b,2,3,3,2
3.390000,DS,0,0,0.150403762,nan,nan,nan,0.000000000,0.000000000,0.000000000,ds_hold,0.027203466,-0.000241409,-0.000945818,-0.000195267,0.000482121,0.262509735,b,2,3,3,2
3.400000,DS,0,0,0.149946330,nan,nan,nan,0.000000000,0.000000000,0.000000000,ds_hold,0.035063650,-0.000341397,-0.001128985,-0.000207054,0.000325579,0.253900044,b,2,3,3,2
3.410000,DS,0,0,0.149468773,nan,nan,nan,0.000000000,0.000000000,0.000000000,ds_hold,0.043674302,-0.000453513,-0.001309873,-0.000210695,0.000217480,0.242366319,b,2,3,3,2
3.420000,DS,0,0,0.148973885,nan,nan,nan,0.000000000,0.000000000,0.000000000,ds_hold,0.052705138,-0.000575947,-0.001486231,-0.000206256,0.000143585,0.227910716,b,2,3,3,2
3.430000,DS,0,0,0.148464640,nan,nan,nan,0.000000000,0.000000000,0.000000000,ds_hold,0.061884565,-0.000706691,-0.001656481,-0.000194259,0.000093654,0.210441838,b,2,3,3,2
3.440000,DS,0,0,0.147943962,nan,nan,nan,0.000000000,0.000000000,0.000000000,ds_hold,0.070985622,-0.000843727,-0.001819563,-0.000175316,0.000060462,0.190247508,b,2,3,3,2
3.450000,DS,0,0,0.147414684,nan,nan,nan,0.000000000,0.000000000,0.000000000,ds_hold,0.079828511,-0.000985133,-0.001974831,-0.000150126,0.000039025,0.167884828,b,2,3,3,2
3.460000,DS,0,0,0.146879496,nan,nan,nan,0.000000000,0.000000000,0.000000000,ds_hold,0.088285091,-0.001129138,-0.002121960,-0.000119394,0.000025955,0.144075004,b,2,3,3,2
3.470000,DS,0,0,0.146340928,nan,nan,nan,0.000000000,0.000000000,0.000000000,ds_hold,0.096284244,-0.001274170,-0.002260869,-0.000083811,0.000018826,0.119599222,b,2,3,3,2
3.480000,DS,0,0,0.145801332,nan,nan,nan,0.000000000,0.000000000,0.000000000,ds_hold,0.103815255,-0.001418888,-0.002391665,-0.000044031,0.000015542,0.095251129,b,2,3,3,2
3.490000,DS,0,0,0.145262816,nan,nan,nan,0.000000000,0.000000000,0.000000000,ds_hold,0.110914261,-0.001562200,-0.002514607,-0.000000671,0.000014349,0.071713118,b,2,3,3,2
3.500000,DS,0,0,0.144727059,nan,nan,nan,0.000000000,0.000000000,0.000000000,ds_hold,0.117645611,-0.001703272,-0.002630092,0.000045696,0.000014373,0.049282257,b,2,3,3,2
3.510000,DS,0,0,0.144195141,nan,nan,nan,0.000000000,0.000000000,0.000000000,ds_hold,0.124097799,-0.001841603,-0.002738609,0.000094569,0.000015314,0.028950351,b,2,3,3,2
3.520000,DS,0,0,0.143667778,nan,nan,nan,0.000000000,0.000000000,0.000000000,ds_hold,0.130374281,-0.001976955,-0.002840652,0.000145558,0.000016738,0.017688504,b,2,3,3,2
3.530000,DS,0,0,0.143145659,nan,nan,nan,0.000000000,0.000000000,0.000000000,ds_hold,0.136566476,-0.002109115,-0.002936684,0.000198368,0.000018101,0.026793728,b,2,3,3,2
3.540000,DS,0,0,0.142629615,nan,nan,nan,0.000000000,0.000000000,0.000000000,ds_hold,0.142738399,-0.002237809,-0.003027119,0.000252749,0.000019010,0.042724523,b,2,3,3,2
3.550000,DS,0,0,0.142120703,nan,nan,nan,0.000000000,0.000000000,0.000000000,ds_hold,0.148921898,-0.002362672,-0.003112306,0.000308459,0.000019297,0.057832600,b,2,3,3,2
3.560000,DS,0,0,0.141620286,nan,nan,nan,0.000000000,0.000000000,0.000000000,ds_hold,0.155112723,-0.002483224,-0.003192515,0.000365238,0.000019001,0.070590790,b,2,3,3,2
3.570000,DS,0,0,0.141129884,nan,nan,nan,0.000000000,0.000000000,0.000000000,ds_hold,0.161277726,-0.002598903,-0.003267961,0.000422778,0.000018321,0.080965346,b,2,3,3,2
3.580000,DS,0,0,0.140650896,nan,nan,nan,0.000000000,0.000000000,0.000000000,ds_hold,0.167374990,-0.002709191,-0.003338838,0.000480734,0.000017486,0.089384093,b,2,3,3,2
3.590000,DS,0,0,0.140184467,nan,nan,nan,0.000000000,0.000000000,0.000000000,ds_hold,0.173367895,-0.002813690,-0.003405331,0.000538766,0.000016660,0.096220454,b,2,3,3,2
3.600000,DS,0,0,0.139731485,nan,nan,nan,0.000000000,0.000000000,0.000000000,ds_hold,0.179225540,-0.002912112,-0.003467624,0.000596556,0.000015922,0.101764440,b,2,3,3,2
3.610000,DS,0,0,0.139292582,nan,nan,nan,0.000000000,0.000000000,0.000000000,ds_hold,0.184921917,-0.003004276,-0.003525911,0.000653823,0.000015292,0.106221853,b,2,3,3,2
3.620000,DS,0,0,0.138868174,nan,nan,nan,0.000000000,0.000000000,0.000000000,ds_hold,0.190433654,-0.003090095,-0.003580389,0.000710318,0.000014756,0.109740672,b,2,3,3,2
3.630000,DS,0,0,0.138458492,nan,nan,nan,0.000000000,0.000000000,0.000000000,ds_hold,0.195738424,-0.003169558,-0.003631257,0.000765825,0.000014291,0.112429118,b,2,3,3,2
3.640000,DS,0,0,0.138063619,nan,nan,nan,0.000000000,0.000000000,0.000000000,ds_hold,0.200814205,-0.003242717,-0.003678708,0.000820156,0.000013874,0.114369312,b,2,3,3,2
3.650000,DS,0,0,0.137683521,nan,nan,nan,0.000000000,0.000000000,0.000000000,ds_hold,0.205639345,-0.003309674,-0.003722926,0.000873143,0.000013486,0.115626549,b,2,3,3,2
3.660000,DS,0,0,0.137318072,nan,nan,nan,0.000000000,0.000000000,0.000000000,ds_hold,0.210193101,-0.003370566,-0.003764083,0.000924633,0.000013114,0.116254925,b,2,3,3,2
3.670000,DS,0,0,0.136967074,nan,nan,nan,0.000000000,0.000000000,0.000000000,ds_hold,0.214456428,-0.003425559,-0.003802332,0.000974490,0.000012750,0.116304830,b,2,3,3,2
3.680000,DS,0,0,0.136630266,nan,nan,nan,0.000000000,0.000000000,0.000000000,ds_hold,0.218412934,-0.003474837,-0.003837816,0.001022589,0.000012387,0.115826895,b,2,3,3,2
3.690000,DS,0,0,0.136307336,nan,nan,nan,0.000000000,0.000000000,0.000000000,ds_hold,0.222049663,-0.003518603,-0.003870660,0.001068816,0.000012022,0.114870631,b,2,3,3,2
3.700000,DS,0,0,0.135997922,nan,nan,nan,0.000000000,0.000000000,0.000000000,ds_hold,0.225357518,-0.003557073,-0.003900978,0.001113072,0.000011654,0.113483497,b,2,3,3,2
3.710000,DS,0,0,0.135701624,nan,nan,nan,0.000000000,0.000000000,0.000000000,ds_hold,0.228331430,-0.003590474,-0.003928873,0.001155268,0.000011281,0.111712420,b,2,3,3,2
3.720000,DS,0,0,0.135418001,nan,nan,nan,0.000000000,0.000000000,0.000000000,ds_hold,0.230970477,-0.003619043,-0.003954440,0.001195330,0.000010904,0.109605287,b,2,3,3,2
3.730000,DS,0,0,0.135146573,nan,nan,nan,0.000000000,0.000000000,0.000000000,ds_hold,0.233277845,-0.003643024,-0.003977771,0.001233196,0.000010522,0.107209280,b,2,3,3,2
3.740000,DS,0,0,0.134886823,nan,nan,nan,0.000000000,0.000000000,0.000000000,ds_hold,0.235260576,-0.003662676,-0.003998953,0.001268822,0.000010137,0.104569896,b,2,3,3,2
3.750000,DS,0,0,0.134638201,nan,nan,nan,0.000000000,0.000000000,0.000000000,ds_hold,0.236929151,-0.003678263,-0.004018076,0.001302177,0.000009749,0.101730422,b,2,3,3,2
3.760000,DS,0,0,0.134400127,nan,nan,nan,0.000000000,0.000000000,0.000000000,ds_hold,0.238296985,-0.003690059,-0.004035229,0.001333246,0.000009360,0.098731446,b,2,3,3,2
3.770000,DS,0,0,0.134171998,nan,nan,nan,0.000000000,0.000000000,0.000000000,ds_hold,0.239379847,-0.003698343,-0.004050504,0.001362031,0.000008971,0.095610506,b,2,3,3,2
3.780000,DS,0,0,0.133953197,nan,nan,nan,0.000000000,0.000000000,0.000000000,ds_hold,0.240195279,-0.003703399,-0.004063994,0.001388549,0.000008586,0.092401880,b,2,3,3,2
3.790000,DS,0,0,0.133743097,nan,nan,nan,0.000000000,0.000000000,0.000000000,ds_hold,0.240762013,-0.003705512,-0.004075794,0.001412828,0.000008205,0.089136525,b,2,3,3,2
3.800000,DS,0,0,0.133541069,nan,nan,nan,0.000000000,0.000000000,0.000000000,ds_hold,0.241099448,-0.003704963,-0.004086000,0.001434911,0.000007830,0.085842139,b,2,3,3,2
3.810000,DS,0,0,0.133346496,nan,nan,nan,0.000000000,0.000000000,0.000000000,ds_hold,0.241227184,-0.003702030,-0.004094705,0.001454850,0.000007464,0.082543336,b,2,3,3,2
3.820000,DS,0,0,0.133158773,nan,nan,nan,0.000000000,0.000000000,0.000000000,ds_hold,0.241164640,-0.003696979,-0.004102005,0.001472707,0.000007108,0.079261883,b,2,3,3,2
3.830000,DS,0,0,0.132977316,nan,nan,nan,0.000000000,0.000000000,0.000000000,ds_hold,0.240930745,-0.003690067,-0.004107989,0.001488551,0.000006762,0.076016954,b,2,3,3,2
3.840000,DS,0,0,0.132801567,nan,nan,nan,0.000000000,0.000000000,0.000000000,ds_hold,0.240543712,-0.003681535,-0.004112746,0.001502455,0.000006430,0.072825375,b,2,3,3,2
3.850000,DS,0,0,0.132630999,nan,nan,nan,0.000000000,0.000000000,0.000000000,ds_hold,0.240020879,-0.003671609,-0.004116358,0.001514495,0.000006110,0.069701814,b,2,3,3,2
3.860000,DS,0,0,0.132465116,nan,nan,nan,0.000000000,0.000000000,0.000000000,ds_hold,0.239378599,-0.003660498,-0.004118903,0.001524753,0.000005804,0.066658927,b,2,3,3,2
3.870000,DS,0,0,0.132303455,nan,nan,nan,0.000000000,0.000000000,0.000000000,ds_hold,0.238632179,-0.003648394,-0.004120456,0.001533306,0.000005513,0.063707445,b,2,3,3,2
3.880000,DS,0,0,0.132145587,nan,nan,nan,0.000000000,0.000000000,0.000000000,ds_hold,0.237795856,-0.003635472,-0.004121082,0.001540235,0.000005237,0.060856189,b,2,3,3,2
3.890000,DS,0,0,0.131991117,nan,nan,nan,0.000000000,0.000000000,0.000000000,ds_hold,0.236882856,-0.003621892,-0.004120845,0.001545616,0.000004975,0.058112205,b,2,3,3,2
3.900000,DS,0,0,0.131839681,nan,nan,nan,0.000000000,0.000000000,0.000000000,ds_hold,0.235905396,-0.003607799,-0.004119800,0.001549526,0.000004729,0.055481249,b,2,3,3,2
3.910000,DS,0,0,0.131690946,nan,nan,nan,0.000000000,0.000000000,0.000000000,ds_hold,0.234874545,-0.003593322,-0.004117998,0.001552037,0.000004499,0.052966395,b,2,3,3,2
3.920000,DS,0,0,0.131544612,nan,nan,nan,0.000000000,0.000000000,0.000000000,ds_hold,0.233800154,-0.003578577,-0.004115485,0.001553216,0.000004283,0.050568306,b,2,3,3,2
3.930000,DS,0,0,0.131400408,nan,nan,nan,0.000000000,0.000000000,0.000000000,ds_hold,0.232691027,-0.003563666,-0.004112300,0.001553130,0.000004081,0.048286968,b,2,3,3,2
3.940000,DS,0,0,0.131258088,nan,nan,nan,0.000000000,0.000000000,0.000000000,ds_hold,0.231555118,-0.003548679,-0.004108479,0.001551840,0.000003893,0.046120939,b,2,3,3,2
3.950000,DS,0,0,0.131117430,nan,nan,nan,0.000000000,0.000000000,0.000000000,ds_hold,0.230399650,-0.003533694,-0.004104053,0.001549403,0.000003718,0.044066927,b,2,3,3,2
3.960000,DS,0,0,0.130978229,nan,nan,nan,0.000000000,0.000000000,0.000000000,ds_hold,0.229231181,-0.003518780,-0.004099052,0.001545874,0.000003555,0.042119773,b,2,3,3,2
3.970000,DS,0,0,0.130840297,nan,nan,nan,0.000000000,0.000000000,0.000000000,ds_hold,0.228055645,-0.003503997,-0.004093501,0.001541307,0.000003405,0.040272718,b,2,3,3,2
3.980000,DS,0,0,0.130703461,nan,nan,nan,0.000000000,0.000000000,0.000000000,ds_hold,0.226878379,-0.003489397,-0.004087425,0.001535753,0.000003266,0.038517867,b,2,3,3,2
3.990000,DS,0,0,0.130567563,nan,nan,nan,0.000000000,0.000000000,0.000000000,ds_hold,0.225704144,-0.003475027,-0.004080849,0.001529261,0.000003138,0.036846752,b,2,3,3,2
4.000000,DS,0,0,0.130432452,nan,nan,nan,0.000000000,0.000000000,0.000000000,ds_hold,0.224537152,-0.003460925,-0.004073796,0.001521879,0.000003019,0.035250910,b,2,3,3,2
4.010000,DS,0,0,0.130297992,nan,nan,nan,0.000000000,0.000000000,0.000000000,ds_hold,0.223381085,-0.003447126,-0.004066287,0.001513655,0.000002909,0.033722424,b,2,3,3,2
4.020000,DS,0,0,0.130164053,nan,nan,nan,0.000000000,0.000000000,0.000000000,ds_hold,0.222239130,-0.003433661,-0.004058348,0.001504633,0.000002808,0.032254363,b,2,3,3,2
4.030000,DS,0,0,0.130030516,nan,nan,nan,0.000000000,0.000000000,0.000000000,ds_hold,0.221114016,-0.003420555,-0.004049999,0.001494861,0.000002714,0.030841120,b,2,3,3,2
4.040000,DS,0,0,0.129897267,nan,nan,nan,0.000000000,0.000000000,0.000000000,ds_hold,0.220008048,-0.003407831,-0.004041266,0.001484382,0.000002626,0.029478628,b,2,3,3,2
4.050000,DS,0,0,0.129764202,nan,nan,nan,0.000000000,0.000000000,0.000000000,ds_hold,0.218923150,-0.003395508,-0.004032171,0.001473241,0.000002544,0.028164471,b,2,3,3,2
4.060000,DS,0,0,0.129631220,nan,nan,nan,0.000000000,0.000000000,0.000000000,ds_hold,0.217860912,-0.003383602,-0.004022738,0.001461481,0.000002467,0.026897909,b,2,3,3,2
4.070000,DS,0,0,0.129498230,nan,nan,nan,0.000000000,0.000000000,0.000000000,ds_hold,0.216822628,-0.003372127,-0.004012994,0.001449146,0.000002395,0.025679821,b,2,3,3,2
4.080000,DS,0,0,0.129365144,nan,nan,nan,0.000000000,0.000000000,0.000000000,ds_hold,0.215809338,-0.003361096,-0.004002961,0.001436279,0.000002326,0.024512599,b,2,3,3,2
4.090000,DS,0,0,0.129231879,nan,nan,nan,0.000000000,0.000000000,0.000000000,ds_hold,0.214821872,-0.003350517,-0.003992667,0.001422922,0.000002262,0.023399994,b,2,3,3,2
4.100000,DS,0,0,0.129098359,nan,nan,nan,0.000000000,0.000000000,0.000000000,ds_hold,0.213860882,-0.003340400,-0.003982135,0.001409118,0.000002201,0.022346925,b,2,3,3,2
4.110000,DS,0,0,0.128964512,nan,nan,nan,0.000000000,0.000000000,0.000000000,ds_hold,0.212926876,-0.003330749,-0.003971394,0.001394907,0.000002144,0.021359244,b,2,3,3,2
4.120000,DS,0,0,0.128830269,nan,nan,nan,0.000000000,0.000000000,0.000000000,ds_hold,0.212020246,-0.003321569,-0.003960467,0.001380331,0.000002090,0.020443461,b,2,3,3,2
4.130000,DS,0,0,0.128695567,nan,nan,nan,0.000000000,0.000000000,0.000000000,ds_hold,0.211141295,-0.003312864,-0.003949381,0.001365431,0.000002040,0.019606411,b,2,3,3,2
4.140000,DS,0,0,0.128560346,nan,nan,nan,0.000000000,0.000000000,0.000000000,ds_hold,0.210290250,-0.003304636,-0.003938163,0.001350247,0.000001994,0.018854862,b,2,3,3,2
4.150000,DS,0,0,0.128424550,nan,nan,nan,0.000000000,0.000000000,0.000000000,ds_hold,0.209467288,-0.003296883,-0.003926837,0.001334819,0.000001952,0.018195062,b,2,3,3,2
4.160000,DS,0,0,0.128288128,nan,nan,nan,0.000000000,0.000000000,0.000000000,ds_hold,0.208672539,-0.003289607,-0.003915430,0.001319184,0.000001914,0.017632248,b,2,3,3,2
4.170000,DS,0,0,0.128151030,nan,nan,nan,0.000000000,0.000000000,0.000000000,ds_hold,0.207906100,-0.003282803,-0.003903967,0.001303382,0.000001880,0.017170144,b,2,3,3,2
4.180000,DS,0,0,0.128013211,nan,nan,nan,0.000000000,0.000000000,0.000000000,ds_hold,0.207168041,-0.003276469,-0.003892471,0.001287450,0.000001850,0.016810517,b,2,3,3,2
4.190000,DS,0,0,0.127874629,nan,nan,nan,0.000000000,0.000000000,0.000000000,ds_hold,0.206458406,-0.003270601,-0.003880969,0.001271425,0.000001825,0.016552855,b,2,3,3,2
4.200000,DS,0,0,0.127735246,nan,nan,nan,0.000000000,0.000000000,0.000000000,ds_hold,0.205777218,-0.003265192,-0.003869483,0.001255342,0.000001803,0.016394223,b,2,3,3,2
4.210000,DS,0,0,0.127595025,nan,nan,nan,0.000000000,0.000000000,0.000000000,ds_hold,0.205124478,-0.003260236,-0.003858037,0.001239236,0.000001786,0.016329354,b,2,3,3,2
4.220000,DS,0,0,0.127453934,nan,nan,nan,0.000000000,0.000000000,0.000000000,ds_hold,0.204500161,-0.003255725,-0.003846655,0.001223142,0.000001773,0.016350937,b,2,3,3,2
4.230000,DS,0,0,0.127311943,nan,nan,nan,0.000000000,0.000000000,0.000000000,ds_hold,0.203904220,-0.003251651,-0.003835357,0.001207093,0.000001764,0.016450078,b,2,3,3,2
4.240000,DS,0,0,0.127169024,nan,nan,nan,0.000000000,0.000000000,0.000000000,ds_hold,0.203336579,-0.003248004,-0.003824166,0.001191121,0.000001758,0.016616846,b,2,3,3,2
4.250000,DS,0,0,0.127025154,nan,nan,nan,0.000000000,0.000000000,0.000000000,ds_hold,0.202797131,-0.003244774,-0.003813102,0.001175257,0.000001755,0.016840818,b,2,3,3,2
4.260000,DS,0,0,0.126880309,nan,nan,nan,0.000000000,0.000000000,0.000000000,ds_hold,0.202285737,-0.003241949,-0.003802185,0.001159531,0.000001756,0.017111564,b,2,3,3,2
4.270000,DS,0,0,0.126734473,nan,nan,nan,0.000000000,0.000000000,0.000000000,ds_hold,0.201802221,-0.003239518,-0.003791435,0.001143972,0.000001758,0.017419033,b,2,3,3,2
4.280000,DS,0,0,0.126587627,nan,nan,nan,0.000000000,0.000000000,0.000000000,ds_hold,0.201346371,-0.003237468,-0.003780869,0.001128607,0.000001763,0.017753825,b,2,3,3,2
4.290000,DS,0,0,0.126439758,nan,nan,nan,0.000000000,0.000000000,0.000000000,ds_hold,0.200917933,-0.003235786,-0.003770506,0.001113464,0.000001770,0.018107354,b,2,3,3,2
4.300000,DS,0,0,0.126290854,nan,nan,nan,0.000000000,0.000000000,0.000000000,ds_hold,0.200516612,-0.003234457,-0.003760362,0.001098568,0.000001778,0.018471924,b,2,3,3,2
4.310000,DS,0,0,0.126140906,nan,nan,nan,0.000000000,0.000000000,0.000000000,ds_hold,0.200142070,-0.003233467,-0.003750452,0.001083943,0.000001787,0.018840744,b,2,3,3,2
4.320000,DS,0,0,0.125989908,nan,nan,nan,0.000000000,0.000000000,0.000000000,ds_hold,0.199793924,-0.003232802,-0.003740793,0.001069611,0.000001797,0.019207893,b,2,3,3,2
4.330000,DS,0,0,0.125837855,nan,nan,nan,0.000000000,0.000000000,0.000000000,ds_hold,0.199471749,-0.003232447,-0.003731397,0.001055596,0.000001807,0.019568262,b,2,3,3,2
4.340000,DS,0,0,0.125684745,nan,nan,nan,0.000000000,0.000000000,0.000000000,ds_hold,0.199175076,-0.003232384,-0.003722277,0.001041917,0.000001818,0.019917478,b,2,3,3,2
4.350000,DS,0,0,0.125530578,nan,nan,nan,0.000000000,0.000000000,0.000000000,ds_hold,0.198903393,-0.003232600,-0.003713447,0.001028594,0.000001828,0.020251830,b,2,3,3,2
4.360000,DS,0,0,0.125375356,nan,nan,nan,0.000000000,0.000000000,0.000000000,ds_hold,0.198656149,-0.003233077,-0.003704916,0.001015644,0.000001838,0.020568185,b,2,3,3,2
4.370000,DS,0,0,0.125219084,nan,nan,nan,0.000000000,0.000000000,0.000000000,ds_hold,0.198432751,-0.003233800,-0.003696695,0.001003084,0.000001848,0.020863917,b,2,3,3,2
4.380000,DS,0,0,0.125061767,nan,nan,nan,0.000000000,0.000000000,0.000000000,ds_hold,0.198232572,-0.003234752,-0.003688794,0.000990929,0.000001856,0.021136841,b,2,3,3,2
4.390000,DS,0,0,0.124903415,nan,nan,nan,0.000000000,0.000000000,0.000000000,ds_hold,0.198054949,-0.003235917,-0.003681220,0.000979194,0.000001864,0.021385148,b,2,3,3,2
4.400000,DS,0,0,0.124744037,nan,nan,nan,0.000000000,0.000000000,0.000000000,ds_hold,0.197899188,-0.003237278,-0.003673981,0.000967891,0.000001870,0.021607358,b,2,3,3,2
4.410000,DS,0,0,0.124583646,nan,nan,nan,0.000000000,0.000000000,0.000000000,ds_hold,0.197764568,-0.003238820,-0.003667083,0.000957032,0.000001876,0.021802269,b,2,3,3,2
4.420000,DS,0,0,0.124422254,nan,nan,nan,0.000000000,0.000000000,0.000000000,ds_hold,0.197650342,-0.003240526,-0.003660532,0.000946626,0.000001880,0.021968917,b,2,3,3,2
4.430000,DS,0,0,0.124259877,nan,nan,nan,0.000000000,0.000000000,0.000000000,ds_hold,0.197555743,-0.003242381,-0.003654331,0.000936682,0.000001882,0.022106549,b,2,3,3,2
4.440000,DS,0,0,0.124096533,nan,nan,nan,0.000000000,0.000000000,0.000000000,ds_hold,0.197479988,-0.003244369,-0.003648486,0.000927209,0.000001883,0.022214584,b,2,3,3,2
4.450000,DS,0,0,0.123932239,nan,nan,nan,0.000000000,0.000000000,0.000000000,ds_hold,0.197422279,-0.003246475,-0.003642998,0.000918212,0.000001883,0.022292600,b,2,3,3,2
4.460000,DS,0,0,0.123767015,nan,nan,nan,0.000000000,0.000000000,0.000000000,ds_hold,0.197381807,-0.003248685,-0.003637869,0.000909697,0.000001880,0.022340309,b,2,3,3,2
4.470000,DS,0,0,0.123600882,nan,nan,nan,0.000000000,0.000000000,0.000000000,ds_hold,0.197357761,-0.003250984,-0.003633101,0.000901667,0.000001876,0.022357544,b,2,3,3,2
4.480000,DS,0,0,0.123433863,nan,nan,nan,0.000000000,0.000000000,0.000000000,ds_hold,0.197349323,-0.003253359,-0.003628693,0.000894126,0.000001870,0.022344243,b,2,3,3,2
4.490000,DS,0,0,0.123265979,nan,nan,nan,0.000000000,0.000000000,0.000000000,ds_hold,0.197355679,-0.003255795,-0.003624644,0.000887074,0.000001863,0.022300446,b,2,3,3,2
4.500000,DS,0,0,0.123097257,nan,nan,nan,0.000000000,0.000000000,0.000000000,ds_hold,0.197376020,-0.003258281,-0.003620954,0.000880513,0.000001853,0.022226281,b,2,3,3,2
4.510000,DS,0,0,0.122927721,nan,nan,nan,0.000000000,0.000000000,0.000000000,ds_hold,0.197409542,-0.003260804,-0.003617620,0.000874441,0.000001842,0.022121962,b,2,3,3,2
4.520000,DS,0,0,0.122757396,nan,nan,nan,0.000000000,0.000000000,0.000000000,ds_hold,0.197455452,-0.003263352,-0.003614639,0.000868857,0.000001828,0.021987784,b,2,3,3,2
4.530000,DS,0,0,0.122586311,nan,nan,nan,0.000000000,0.000000000,0.000000000,ds_hold,0.197512972,-0.003265915,-0.003612007,0.000863758,0.000001813,0.021824119,b,2,3,3,2
4.540000,DS,0,0,0.122414491,nan,nan,nan,0.000000000,0.000000000,0.000000000,ds_hold,0.197581338,-0.003268482,-0.003609720,0.000859141,0.000001796,0.021631413,b,2,3,3,2
4.550000,DS,0,0,0.122241965,nan,nan,nan,0.000000000,0.000000000,0.000000000,ds_hold,0.197659804,-0.003271043,-0.003607774,0.000855002,0.000001776,0.021410185,b,2,3,3,2
4.560000,DS,0,0,0.122068761,nan,nan,nan,0.000000000,0.000000000,0.000000000,ds_hold,0.197747643,-0.003273589,-0.003606163,0.000851333,0.000001755,0.021161026,b,2,3,3,2
4.570000,DS,0,0,0.121894909,nan,nan,nan,0.000000000,0.000000000,0.000000000,ds_hold,0.197844151,-0.003276112,-0.003604880,0.000848130,0.000001732,0.020884592,b,2,3,3,2
4.580000,DS,0,0,0.121720436,nan,nan,nan,0.000000000,0.000000000,0.000000000,ds_hold,0.197948643,-0.003278604,-0.003603919,0.000845385,0.000001707,0.020581608,b,2,3,3,2
4.590000,DS,0,0,0.121545373,nan,nan,nan,0.000000000,0.000000000,0.000000000,ds_hold,0.198060462,-0.003281057,-0.003603273,0.000843090,0.000001680,0.020252860,b,2,3,3,2
4.600000,DS,0,0,0.121369748,nan,nan,nan,0.000000000,0.000000000,0.000000000,ds_hold,0.198178973,-0.003283464,-0.003602935,0.000841237,0.000001652,0.019899196,b,2,3,3,2
4.610000,DS,0,0,0.121193592,nan,nan,nan,0.000000000,0.000000000,0.000000000,ds_hold,0.198303567,-0.003285821,-0.003602896,0.000839816,0.000001621,0.019521523,b,2,3,3,2
4.620000,DS,0,0,0.121016933,nan,nan,nan,0.000000000,0.000000000,0.000000000,ds_hold,0.198433660,-0.003288121,-0.003603148,0.000838817,0.000001589,0.019120800,b,2,3,3,2
4.630000,DS,0,0,0.120839801,nan,nan,nan,0.000000000,0.000000000,0.000000000,ds_hold,0.198568694,-0.003290360,-0.003603681,0.000838230,0.000001555,0.018698038,b,2,3,3,2
4.640000,DS,0,0,0.120662225,nan,nan,nan,0.000000000,0.000000000,0.000000000,ds_hold,0.198708137,-0.003292533,-0.003604488,0.000838044,0.000001520,0.018254296,b,2,3,3,2
4.650000,DS,0,0,0.120484235,nan,nan,nan,0.000000000,0.000000000,0.000000000,ds_hold,0.198851483,-0.003294636,-0.003605559,0.000838247,0.000001483,0.017790673,b,2,3,3,2
4.660000,DS,0,0,0.120305858,nan,nan,nan,0.000000000,0.000000000,0.000000000,ds_hold,0.198998251,-0.003296667,-0.003606883,0.000838827,0.000001444,0.017308310,b,2,3,3,2
4.670000,DS,0,0,0.120127124,nan,nan,nan,0.000000000,0.000000000,0.000000000,ds_hold,0.199147984,-0.003298623,-0.003608451,0.000839773,0.000001404,0.016808380,b,2,3,3,2
4.680000,DS,0,0,0.119948061,nan,nan,nan,0.000000000,0.000000000,0.000000000,ds_hold,0.199300253,-0.003300500,-0.003610253,0.000841070,0.000001363,0.016292087,b,2,3,3,2
4.690000,DS,0,0,0.119768696,nan,nan,nan,0.000000000,0.000000000,0.000000000,ds_hold,0.199454648,-0.003302299,-0.003612279,0.000842707,0.000001321,0.015760663,b,2,3,3,2
4.700000,DS,0,0,0.119589057,nan,nan,nan,0.000000000,0.000000000,0.000000000,ds_hold,0.199610786,-0.003304016,-0.003614518,0.000844669,0.000001277,0.015215361,b,2,3,3,2
4.710000,DS,0,0,0.119409171,nan,nan,nan,0.000000000,0.000000000,0.000000000,ds_hold,0.199768303,-0.003305653,-0.003616959,0.000846943,0.000001233,0.014657451,b,2,3,3,2
4.720000,DS,0,0,0.119229064,nan,nan,nan,0.000000000,0.000000000,0.000000000,ds_hold,0.199926859,-0.003307207,-0.003619592,0.000849516,0.000001188,0.014088222,b,2,3,3,2
4.730000,DS,0,0,0.119048762,nan,nan,nan,0.000000000,0.000000000,0.000000000,ds_hold,0.200086133,-0.003308678,-0.003622406,0.000852373,0.000001141,0.013508974,b,2,3,3,2
4.740000,DS,0,0,0.118868290,nan,nan,nan,0.000000000,0.000000000,0.000000000,ds_hold,0.200245825,-0.003310068,-0.003625391,0.000855500,0.000001094,0.012921014,b,2,3,3,2
4.750000,DS,0,0,0.118687673,nan,nan,nan,0.000000000,0.000000000,0.000000000,ds_hold,0.200405652,-0.003311376,-0.003628535,0.000858884,0.000001047,0.012325661,b,2,3,3,2
4.760000,DS,0,0,0.118506935,nan,nan,nan,0.000000000,0.000000000,0.000000000,ds_hold,0.200565350,-0.003312604,-0.003631828,0.000862509,0.000000999,0.011724239,b,2,3,3,2
4.770000,DS,0,0,0.118326099,nan,nan,nan,0.000000000,0.000000000,0.000000000,ds_hold,0.200724671,-0.003313752,-0.003635259,0.000866361,0.000000951,0.011118075,b,2,3,3,2
4.780000,DS,0,0,0.118145189,nan,nan,nan,0.000000000,0.000000000,0.000000000,ds_hold,0.200883383,-0.003314821,-0.003638817,0.000870427,0.000000902,0.010508507,b,2,3,3,2
4.790000,DS,0,0,0.117964226,nan,nan,nan,0.000000000,0.000000000,0.000000000,ds_hold,0.201041271,-0.003315814,-0.003642492,0.000874692,0.000000853,0.009896880,b,2,3,3,2
4.800000,DS,0,0,0.117783233,nan,nan,nan,0.000000000,0.000000000,0.000000000,ds_hold,0.201198132,-0.003316732,-0.003646272,0.000879141,0.000000804,0.009284549,b,2,3,3,2
4.810000,DS,0,0,0.117602229,nan,nan,nan,0.000000000,0.000000000,0.000000000,ds_hold,0.201353776,-0.003317577,-0.003650149,0.000883760,0.000000756,0.008672893,b,2,3,3,2
4.820000,DS,0,0,0.117421235,nan,nan,nan,0.000000000,0.000000000,0.000000000,ds_hold,0.201508027,-0.003318352,-0.003654110,0.000888536,0.000000707,0.008063318,b,2,3,3,2
4.830000,DS,0,0,0.117240270,nan,nan,nan,0.000000000,0.000000000,0.000000000,ds_hold,0.201660721,-0.003319058,-0.003658146,0.000893454,0.000000659,0.007457279,b,2,3,3,2
4.840000,DS,0,0,0.117059354,nan,nan,nan,0.000000000,0.000000000,0.000000000,ds_hold,0.201811703,-0.003319698,-0.003662247,0.000898500,0.000000612,0.006856301,b,2,3,3,2
4.850000,DS,0,0,0.116878503,nan,nan,nan,0.000000000,0.000000000,0.000000000,ds_hold,0.201960830,-0.003320274,-0.003666403,0.000903662,0.000000565,0.006262023,b,2,3,3,2
4.860000,DS,0,0,0.116697737,nan,nan,nan,0.000000000,0.000000000,0.000000000,ds_hold,0.202107968,-0.003320790,-0.003670604,0.000908925,0.000000519,0.005676261,b,2,3,3,2
4.870000,DS,0,0,0.116517070,nan,nan,nan,0.000000000,0.000000000,0.000000000,ds_hold,0.202252993,-0.003321247,-0.003674840,0.000914276,0.000000474,0.005101102,b,2,3,3,2
4.880000,DS,0,0,0.116336520,nan,nan,nan,0.000000000,0.000000000,0.000000000,ds_hold,0.202395788,-0.003321649,-0.003679102,0.000919702,0.000000431,0.004539077,b,2,3,3,2
4.890000,DS,0,0,0.116156102,nan,nan,nan,0.000000000,0.000000000,0.000000000,ds_hold,0.202536244,-0.003321999,-0.003683382,0.000925191,0.000000389,0.003993437,b,2,3,3,2
4.900000,DS,0,0,0.115975829,nan,nan,nan,0.000000000,0.000000000,0.000000000,ds_hold,0.202674262,-0.003322298,-0.003687670,0.000930729,0.000000350,0.003468650,b,2,3,3,2
4.910000,DS,0,0,0.115795716,nan,nan,nan,0.000000000,0.000000000,0.000000000,ds_hold,0.202809746,-0.003322551,-0.003691957,0.000936305,0.000000314,0.002971286,b,2,3,3,2
4.920000,DS,0,0,0.115615777,nan,nan,nan,0.000000000,0.000000000,0.000000000,ds_hold,0.202942609,-0.003322759,-0.003696235,0.000941906,0.000000281,0.002511634,b,2,3,3,2
4.930000,DS,0,0,0.115436023,nan,nan,nan,0.000000000,0.000000000,0.000000000,ds_hold,0.203072770,-0.003322927,-0.003700495,0.000947522,0.000000253,0.002106507,b,2,3,3,2
4.940000,DS,0,0,0.115256467,nan,nan,nan,0.000000000,0.000000000,0.000000000,ds_hold,0.203200154,-0.003323056,-0.003704731,0.000953140,0.000000230,0.001783109,b,2,3,3,2
4.950000,DS,0,0,0.115077120,nan,nan,nan,0.000000000,0.000000000,0.000000000,ds_hold,0.203324690,-0.003323149,-0.003708934,0.000958749,0.000000214,0.001579864,b,2,3,3,2
4.960000,DS,0,0,0.114897992,nan,nan,nan,0.000000000,0.000000000,0.000000000,ds_hold,0.203446314,-0.003323210,-0.003713096,0.000964339,0.000000207,0.001531737,b,2,3,3,2
4.970000,DS,0,0,0.114719093,nan,nan,nan,0.000000000,0.000000000,0.000000000,ds_hold,0.203564966,-0.003323240,-0.003717211,0.000969900,0.000000207,0.001639515,b,2,3,3,2
4.980000,DS,0,0,0.114540433,nan,nan,nan,0.000000000,0.000000000,0.000000000,ds_hold,0.203680590,-0.003323243,-0.003721272,0.000975421,0.000000215,0.001864932,b,2,3,3,2
4.990000,DS,0,0,0.114362020,nan,nan,nan,0.000000000,0.000000000,0.000000000,ds_hold,0.203793137,-0.003323221,-0.003725273,0.000980893,0.000000229,0.002161465,b,2,3,3,2
5.000000,DS,0,0,0.114183863,nan,nan,nan,0.000000000,0.000000000,0.000000000,ds_hold,0.203902559,-0.003323177,-0.003729206,0.000986306,0.000000247,0.002495062,b,2,3,3,2
5.010000,DS,0,0,0.114005968,nan,nan,nan,0.000000000,0.000000000,0.000000000,ds_hold,0.204008815,-0.003323112,-0.003733067,0.000991652,0.000000268,0.002844921,b,2,3,3,2
5.020000,DS,0,0,0.113828342,nan,nan,nan,0.000000000,0.000000000,0.000000000,ds_hold,0.204111867,-0.003323030,-0.003736849,0.000996923,0.000000291,0.003198809,b,2,3,3,2
5.030000,DS,0,0,0.113650993,nan,nan,nan,0.000000000,0.000000000,0.000000000,ds_hold,0.204211680,-0.003322932,-0.003740548,0.001002109,0.000000315,0.003549379,b,2,3,3,2
5.040000,SS,1,1,0.111920838,-0.010786871,-0.701616768,1.136421926,0.135983042,0.246734947,-0.284168266,planner_track,0.001676997,0.000020623,-0.000027491,0.000054699,0.799911911,0.005702907,a,2,3,3,3
5.140000,SS,1,1,0.110291681,0.093987735,-0.783266158,1.320849473,0.079852460,0.351032678,-0.513996222,planner_track,0.002652373,0.000073002,-0.000047251,0.000116190,0.799670459,0.011711476,a,2,3,3,3
5.240000,SS,1,1,0.108812367,0.177605734,-0.848834325,1.510890888,0.056550966,0.448180151,-0.709255940,planner_track,0.004280423,0.000150454,-0.000051602,0.000182771,0.799261998,0.020722970,a,2,3,3,3
5.340000,SS,1,1,0.107520999,0.233148610,-0.899909091,1.610223993,0.072855087,0.534359234,-0.838901393,planner_track,0.005847108,0.000246243,-0.000036114,0.000252551,0.798641044,0.031343438,a,2,3,3,3
5.440000,SS,1,1,0.106445914,0.282801323,-0.992645346,1.776014825,0.075343033,0.628197508,-0.993008801,planner_track,0.008082069,0.000353738,-0.000004346,0.000323497,0.797751787,0.042322551,a,2,3,3,3
5.540000,SS,1,1,0.105619687,0.330562497,-1.083960338,1.932301394,0.073248098,0.724852012,-1.150501185,planner_track,0.010799130,0.000470200,0.000044916,0.000394630,0.796538788,0.052897142,a,2,3,3,3
5.640000,SS,1,1,0.105072507,0.375261419,-1.157198250,2.055364150,0.077315509,0.802660448,-1.276569319,planner_track,0.013739993,0.000593435,0.000114287,0.000465172,0.794950777,0.062638954,a,2,3,3,3
5.740000,SS,1,1,0.104828444,0.418454684,-1.213856015,2.147285459,0.081270517,0.873555737,-1.391015332,planner_track,0.016770859,0.000720553,0.000204578,0.000534345,0.792941017,0.071260688,a,2,3,3,3
5.840000,SS,1,1,0.104908655,0.460758341,-1.254778026,2.209498029,0.084815466,0.936964574,-1.493587418,planner_track,0.019765152,0.000848742,0.000316711,0.000601556,0.790467555,0.078624211,a,2,3,3,3
5.940000,SS,1,1,0.105331395,0.501352576,-1.292376216,2.261648691,0.089421579,0.993886012,-1.584783299,planner_track,0.022623154,0.000975595,0.000451580,0.000666345,0.787492921,0.084697148,a,2,3,3,3
6.040000,SS,1,1,0.106112753,0.539413199,-1.352445037,2.344897214,0.094353925,1.049714133,-1.672747017,planner_track,0.025268428,0.001100074,0.000609712,0.000728448,0.783983463,0.089518276,a,2,3,3,3
6.140000,SS,1,1,0.107266775,0.575631203,-1.396113983,2.397000924,0.099703287,1.094282242,-1.743542051,planner_track,0.027645238,0.001222002,0.000791656,0.000787823,0.779910183,0.093179078,a,2,3,3,3
6.240000,SS,1,1,0.108803717,0.609700061,-1.423830092,2.418257970,0.105755357,1.130144744,-1.799790738,planner_track,0.029720087,0.001340629,0.000997513,0.000844413,0.775249052,0.095779710,a,2,3,3,3
6.340000,SS,1,1,0.110730637,0.641558512,-1.436602392,2.409776310,0.112033507,1.157999051,-1.842858528,planner_track,0.031475624,0.001454812,0.001227008,0.000898177,0.769980433,0.097422110,a,2,3,3,3
6.440000,SS,1,1,0.113051689,0.671009988,-1.435234300,2.372616182,0.118635390,1.178040845,-1.872988224,planner_track,0.032909033,0.001563143,0.001479588,0.000949078,0.764088800,0.098207337,a,2,3,3,3
6.540000,SS,1,1,0.115768864,0.698169591,-1.446012107,2.349107762,0.125213677,1.196153641,-1.898402061,planner_track,0.034025060,0.001664756,0.001754335,0.000997091,0.757562008,0.098236000,a,2,3,3,3
6.640000,SS,1,1,0.118882826,0.722643256,-1.456397331,2.319150686,0.131555186,1.208099575,-1.913723297,planner_track,0.034834110,0.001759696,0.002050246,0.001042283,0.750391392,0.097615567,a,2,3,3,3
6.740000,SS,1,1,0.122391868,0.743970069,-1.453843173,2.262687937,0.137954886,1.211633426,-1.915552372,planner_track,0.035354190,0.001847938,0.002366120,0.001084726,0.742572279,0.096444005,a,2,3,3,3
6.840000,SS,1,1,0.126291596,0.762030750,-1.439410717,2.181179098,0.144214708,1.208166951,-1.905806194,planner_track,0.035607981,0.001929025,0.002700461,0.001124465,0.734103777,0.094800832,a,2,3,3,3
6.940000,SS,1,1,0.130575333,0.776755524,-1.414203422,2.076243717,0.150182834,1.198225276,-1.885373502,planner_track,0.035621687,0.002002211,0.003051584,0.001161523,0.724988418,0.092752421,a,2,3,3,3
7.040000,SS,1,1,0.135234358,0.788212141,-1.381304327,1.952951248,0.155782077,1.182677483,-1.855539837,planner_track,0.035423618,0.002066624,0.003417648,0.001195909,0.715231884,0.090355346,a,2,3,3,3
7.140000,SS,1,1,0.140258687,0.797906985,-1.363023039,1.848286992,0.160500969,1.166753495,-1.823461229,planner_track,0.035040434,0.002122041,0.003796620,0.001227585,0.704842378,0.087664280,a,2,3,3,3
7.240000,SS,1,1,0.145637426,0.803981972,-1.335824816,1.724200106,0.164483972,1.143414174,-1.780257597,planner_track,0.034496477,0.002168772,0.004186527,0.001256553,0.693831005,0.084737096,a,2,3,3,3
7.340000,SS,1,1,0.151357560,0.806275174,-1.300547617,1.582382016,0.168070088,1.114530309,-1.727921317,planner_track,0.033817418,0.002206787,0.004585279,0.001282795,0.682212010,0.081618663,a,2,3,3,3
7.440000,SS,1,1,0.157404373,0.804849587,-1.258352672,1.424650804,0.170928534,1.080838640,-1.667782278,planner_track,0.033026462,0.002235851,0.004990725,0.001306293,0.670002373,0.078343703,a,2,3,3,3
7.540000,SS,1,1,0.163761665,0.799750167,-1.210184368,1.252899361,0.173107235,1.042560042,-1.600261893,planner_track,0.032145359,0.002255608,0.005400713,0.001327039,0.657221579,0.074941442,a,2,3,3,3
7.640000,SS,1,1,0.170412048,0.792478505,-1.163301498,1.080218404,0.174288536,1.001760561,-1.528218919,planner_track,0.031193442,0.002265857,0.005813054,0.001344990,0.643891280,0.071438037,a,2,3,3,3
7.740000,SS,1,1,0.177337347,0.783127176,-1.118163585,0.908222498,0.174330104,0.958097216,-1.451558527,planner_track,0.030186549,0.002266782,0.006225552,0.001360063,0.630035138,0.067861098,a,2,3,3,3
7.840000,SS,1,1,0.184518414,0.770256988,-1.068766323,0.727045990,0.173537674,0.910137122,-1.368525558,planner_track,0.029138212,0.002258688,0.006636067,0.001372179,0.615678974,0.064236972,a,2,3,3,3
7.940000,SS,1,1,0.191934936,0.753929159,-1.015953788,0.538483236,0.171962023,0.858849375,-1.280367518,planner_track,0.028060621,0.002241784,0.007042514,0.001381291,0.600850673,0.060586947,a,2,3,3,3
8.040000,SS,1,1,0.199565658,0.734303814,-0.960541948,0.344353599,0.169531496,0.804546185,-1.187731733,planner_track,0.026963911,0.002216249,0.007442886,0.001387381,0.585579945,0.056928848,a,2,3,3,3
8.140000,SS,1,1,0.207388519,0.711554397,-0.903265082,0.146451245,0.166243594,0.747570046,-1.091218717,planner_track,0.025856656,0.002182272,0.007835266,0.001390466,0.569898145,0.053278421,a,2,3,3,3
8.240000,SS,1,1,0.215380812,0.688975033,-0.844773095,-0.050542973,0.161617187,0.688643097,-0.991903338,planner_track,0.024746661,0.002140170,0.008217750,0.001390491,0.553838033,0.049650820,a,2,3,3,3
8.340000,SS,1,1,0.223519353,0.663920025,-0.785274307,-0.247775577,0.155945128,0.627425434,-0.889709981,planner_track,0.023640648,0.002090397,0.008588470,0.001387344,0.537433703,0.046061149,a,2,3,3,3
8.440000,SS,1,1,0.231780462,0.636154966,-0.725377158,-0.443822155,0.149422387,0.564483912,-0.785319300,planner_track,0.022544711,0.002033468,0.008945690,0.001380969,0.520720523,0.042524362,a,2,3,3,3
8.540000,SS,1,1,0.240140091,0.605830724,-0.665670412,-0.637027493,0.142024252,0.500107256,-0.679276934,planner_track,0.021464223,0.001969974,0.009287800,0.001371364,0.503734969,0.039054496,a,2,3,3,3
8.640000,SS,1,1,0.248573934,0.573130618,-0.606680673,-0.825758099,0.133746316,0.434705491,-0.572211467,planner_track,0.020404069,0.001900599,0.009613323,0.001358581,0.486514468,0.035665265,a,2,3,3,3
8.740000,SS,1,1,0.257057523,0.539368342,-0.544836341,-1.013581205,0.124357696,0.368070963,-0.463868410,planner_track,0.019370420,0.001826051,0.009920872,0.001342684,0.469097300,0.032368743,a,2,3,3,3
8.840000,SS,1,1,0.265566066,0.505904245,-0.476217025,-1.204107188,0.113714789,0.298858740,-0.353068998,planner_track,0.018370944,0.001746903,0.010209087,0.001323658,0.451522510,0.029174789,a,2,3,3,3
8.940000,SS,1,1,0.274074499,0.470511073,-0.409706380,-1.385153831,0.102331322,0.229766935,-0.243044003,planner_track,0.017413895,0.001663722,0.010476657,0.001301445,0.433829635,0.026093295,a,2,3,3,3
9.040000,SS,1,1,0.282557964,0.433255430,-0.345797066,-1.555328141,0.090115607,0.160459619,-0.133766356,planner_track,0.016506823,0.001577285,0.010722421,0.001276074,0.416058518,0.023137074,a,2,3,3,3
9.140000,SS,1,1,0.290991751,0.394233079,-0.284889943,-1.713220287,0.077280295,0.090395262,-0.024791482,planner_track,0.015652389,0.001488553,0.010945374,0.001247627,0.398249236,0.020323913,a,2,3,3,3
9.240000,SS,1,1,0.299351213,0.353556282,-0.227518555,-1.857684465,0.064046944,0.019456944,0.083822251,planner_track,0.014844646,0.001398646,0.011144663,0.001216229,0.380441987,0.017677137,a,2,3,3,3
9.340000,SS,1,1,0.307611495,0.313616148,-0.156570066,-2.013179057,0.050298163,-0.055296411,0.195747712,planner_track,0.014070103,0.001308411,0.011319538,0.001181956,0.362677235,0.015221274,a,2,3,3,3
9.440000,SS,1,1,0.315747370,0.273226707,-0.085038624,-2.161158386,0.036595872,-0.128729956,0.305240548,planner_track,0.013307439,0.001218326,0.011469282,0.001144770,0.344995402,0.012982234,a,2,3,3,3
9.540000,SS,1,1,0.323734543,0.231885176,-0.019947261,-2.291624339,0.022273200,-0.198156239,0.408922458,planner_track,0.012550750,0.001129102,0.011593286,0.001104723,0.327436392,0.010989941,a,2,3,3,3
9.640000,SS,1,1,0.331549963,0.189814691,0.038659156,-2.402583171,0.007236429,-0.266697755,0.509846937,planner_track,0.011810222,0.001041784,0.011691082,0.001061989,0.310039565,0.009286738,a,2,3,3,3
9.740000,SS,1,1,0.339171235,0.147039419,0.090688701,-2.492739866,-0.008013297,-0.334179769,0.607993423,planner_track,0.011094291,0.000957651,0.011762331,0.001016795,0.292843707,0.007930984,a,2,3,3,3
9.840000,SS,1,1,0.346576618,0.103979053,0.141345347,-2.569777964,-0.023619448,-0.401232075,0.704064101,planner_track,0.010416109,0.000878048,0.011806789,0.000969413,0.275887011,0.006981661,a,2,3,3,3
9.940000,SS,1,1,0.353744241,0.062206693,0.213338154,-2.667574496,-0.039033750,-0.473877088,0.805447305,planner_track,0.009789449,0.000803593,0.011824269,0.000920038,0.259207380,0.006467472,a,2,3,3,3
10.040000,SS,1,1,0.360652094,0.020239805,0.276046342,-2.741103047,-0.054187271,-0.541196668,0.899309149,planner_track,0.009219021,0.000734466,0.011814591,0.000868751,0.242841711,0.006355508,a,2,3,3,3
10.140000,SS,1,1,0.367279786,-0.021677155,0.329161109,-2.789776550,-0.069384810,-0.605918092,0.987932057,planner_track,0.008719743,0.000671349,0.011777718,0.000815760,0.226825389,0.006550202,a,2,3,3,3
10.240000,SS,1,1,0.373608173,-0.063442006,0.372493455,-2.812798577,-0.084096594,-0.667576923,1.071274850,planner_track,0.008302468,0.000615291,0.011713783,0.000761339,0.211192464,0.006926534,a,2,3,3,3
10.340000,SS,1,1,0.379619388,-0.104851749,0.405776176,-2.809836606,-0.098326508,-0.726102755,1.149145363,planner_track,0.007980745,0.000567648,0.011623043,0.000705822,0.195975606,0.007371074,a,2,3,3,3
10.440000,SS,1,1,0.385296194,-0.145227029,0.453745733,-2.820297712,-0.111567979,-0.787484346,1.229298433,planner_track,0.007773442,0.000529288,0.011505868,0.000649547,0.181206498,0.007803834,a,2,3,3,3
10.540000,SS,1,1,0.390621329,-0.184276046,0.507934721,-2.832302300,-0.123767007,-0.847330126,1.306753751,planner_track,0.007696129,0.000500134,0.011362653,0.000592743,0.166915608,0.008179777,a,2,3,3,3
10.640000,SS,1,1,0.395578783,-0.221867681,0.548891457,-2.816107727,-0.135288688,-0.901193445,1.375428135,planner_track,0.007758305,0.000480121,0.011193861,0.000535644,0.153131315,0.008476919,a,2,3,3,3
10.740000,SS,1,1,0.400154563,-0.257772860,0.576598138,-2.771688911,-0.145945589,-0.950153569,1.436535378,planner_track,0.007963234,0.000469723,0.011000096,0.000478564,0.139879755,0.008682269,a,2,3,3,3
10.840000,SS,1,1,0.404336514,-0.291793381,0.591069635,-2.699194231,-0.155600440,-0.994020854,1.489993262,planner_track,0.008305878,0.000469832,0.010782099,0.000421868,0.127184980,0.008788658,a,2,3,3,3
10.940000,SS,1,1,0.408114335,-0.323690415,0.592325941,-2.599025219,-0.164250538,-1.032747543,1.535729833,planner_track,0.008773241,0.000481661,0.010540733,0.000365965,0.115068937,0.008796314,a,2,3,3,3
11.040000,SS,1,1,0.411478162,-0.354131767,0.631021092,-2.556126843,-0.170893983,-1.078568954,1.590010863,planner_track,0.009350214,0.000505069,0.010276974,0.000311238,0.103552440,0.008725033,a,2,3,3,3
11.140000,SS,1,1,0.414418213,-0.381601681,0.653881119,-2.484949538,-0.176403459,-1.114247563,1.631233889,planner_track,0.010021951,0.000538767,0.009991805,0.000257897,0.092654077,0.008603133,a,2,3,3,3
11.240000,SS,1,1,0.416927638,-0.405761442,0.660893402,-2.386037428,-0.181077271,-1.143081458,1.662335733,planner_track,0.010760120,0.000582238,0.009686289,0.000206253,0.082389229,0.008464369,a,2,3,3,3
11.340000,SS,1,1,0.419002047,-0.426531656,0.652580330,-2.259873788,-0.184547739,-1.164799408,1.683441103,planner_track,0.011548363,0.000635515,0.009361636,0.000156639,0.072770581,0.008339289,a,2,3,3,3
11.440000,SS,1,1,0.420639489,-0.443791204,0.629428602,-2.107630917,-0.186936295,-1.179418940,1.694447375,planner_track,0.012367326,0.000699070,0.009019154,0.000109416,0.063808263,0.008265700,a,2,3,3,3
11.540000,SS,1,1,0.421839766,-0.458583208,0.615647800,-1.971834800,-0.187793589,-1.192748874,1.703209335,planner_track,0.013196529,0.000772897,0.008660273,0.000064950,0.055510435,0.008289811,a,2,3,3,3
11.640000,SS,1,1,0.422603235,-0.471150450,0.620712191,-1.870827063,-0.186877105,-1.205101393,1.710761974,planner_track,0.014021799,0.000855406,0.008286515,0.000023522,0.047883570,0.008452282,a,2,3,3,3
11.740000,SS,1,1,0.422931908,-0.479419781,0.609340942,-1.745275046,-0.184916133,-1.206455042,1.703697006,planner_track,0.014833753,0.000944534,0.007899445,-0.000014677,0.040931389,0.008771839,a,2,3,3,3
11.840000,SS,1,1,0.422831194,-0.483287683,0.582499348,-1.596917990,-0.182060286,-1.198795415,1.683890984,planner_track,0.015611473,0.001039024,0.007500693,-0.000049410,0.034654693,0.009249024,a,2,3,3,3
11.940000,SS,1,1,0.422309554,-0.482791257,0.541387794,-1.427251922,-0.178162148,-1.182205856,1.651573036,planner_track,0.016340112,0.001138199,0.007091991,-0.000080449,0.029052128,0.009869696,a,2,3,3,3
12.040000,SS,1,1,0.421378430,-0.477992048,0.487150932,-1.238336172,-0.173274620,-1.156794800,1.606807836,planner_track,0.017004777,0.001241811,0.006675164,-0.000107576,0.024120629,0.010614713,a,2,3,3,3
12.140000,SS,1,1,0.420050593,-0.472990913,0.473805297,-1.128513401,-0.166311155,-1.135970235,1.567903927,planner_track,0.017583346,0.001348027,0.006252181,-0.000130567,0.019856670,0.011449051,a,2,3,3,3
12.240000,SS,1,1,0.418339381,-0.464247678,0.457799809,-1.021719803,-0.157933841,-1.104195638,1.515056729,planner_track,0.018083480,0.001453240,0.005825107,-0.000149386,0.016254605,0.012316332,a,2,3,3,3
12.340000,SS,1,1,0.416261724,-0.450690046,0.428856072,-0.900163976,-0.148747267,-1.061331452,1.446540805,planner_track,0.018484319,0.001554437,0.005395995,-0.000163984,0.013303040,0.013163423,a,2,3,3,3
12.440000,SS,1,1,0.413838210,-0.432384624,0.388859191,-0.766191696,-0.138511831,-1.008077303,1.363254552,planner_track,0.018774079,0.001649389,0.004966982,-0.000174342,0.010979230,0.013947293,a,2,3,3,3
12.540000,SS,1,1,0.411092904,-0.409474262,0.339604714,-0.622806652,-0.127191118,-0.944639904,1.265441610,planner_track,0.018944855,0.001736453,0.004540289,-0.000180479,0.009238389,0.014635712,a,2,3,3,3
12.640000,SS,1,1,0.408053014,-0.380632602,0.292292020,-0.485887318,-0.114954458,-0.873381526,1.155792157,planner_track,0.018987728,0.001814146,0.004118234,-0.000182484,0.008001517,0.015201397,a,2,3,3,3
12.740000,SS,1,1,0.404748030,-0.342900876,0.268267186,-0.385368638,-0.102040755,-0.798203533,1.039009873,planner_track,0.018895632,0.001880237,0.003703252,-0.000180629,0.007153480,0.015611043,a,2,3,3,3
12.840000,SS,1,1,0.401209988,-0.300776589,0.238957267,-0.284371307,-0.087633248,-0.710809609,0.905832758,planner_track,0.018676032,0.001932047,0.003297876,-0.000175359,0.006561427,0.015829521,a,2,3,3,3
12.940000,SS,1,1,0.397474640,-0.254263900,0.206449493,-0.186680883,-0.071779010,-0.613068729,0.757892309,planner_track,0.018322142,0.001967346,0.002904675,-0.000167089,0.006105872,0.015824622,a,2,3,3,3
13.040000,SS,1,1,0.393581164,-0.203371159,0.172964673,-0.096278268,-0.054385708,-0.504982308,0.595223673,planner_track,0.017836328,0.001984132,0.002526319,-0.000156248,0.005702683,0.015568610,a,2,3,3,3
13.140000,SS,1,1,0.389572090,-0.148060862,0.140718228,-0.017442282,-0.035357563,-0.387104173,0.418385862,planner_track,0.017226842,0.001980494,0.002165579,-0.000143287,0.005307034,0.015035679,a,2,3,3,3
13.240000,SS,1,1,0.385492970,-0.088248832,0.111926260,0.045275276,-0.014017141,-0.261070293,0.229220278,planner_track,0.016527358,0.001954437,0.001825388,-0.000128720,0.004905679,0.014204325,a,2,3,3,3
13.340000,SS,1,1,0.381392230,-0.023805869,0.088356156,0.086458316,0.006930286,-0.125141943,0.036873091,planner_track,0.015774070,0.001903769,0.001508807,-0.000113114,0.004506092,0.013053432,a,2,3,3,3
13.450000,DS,1,0,0.380966642,nan,nan,nan,0.000000000,0.000000000,0.000000000,ds_hold,0.000000000,0.000000000,0.000000000,0.000000000,0.004094641,0.048808416,a,3,3,3,4
13.460000,DS,1,0,0.380502867,nan,nan,nan,0.000000000,0.000000000,0.000000000,ds_hold,0.008857851,-0.000007703,-0.000039369,-0.000001448,0.003315223,0.109315851,a,3,3,3,4
13.470000,DS,1,0,0.380028171,nan,nan,nan,0.000000000,0.000000000,0.000000000,ds_hold,0.018907140,-0.000012869,-0.000081362,-0.000004832,0.002521079,0.151537651,a,3,3,3,4
13.480000,DS,1,0,0.379536392,nan,nan,nan,0.000000000,0.000000000,0.000000000,ds_hold,0.028807987,-0.000025964,-0.000135408,-0.000009018,0.001844997,0.171555255,a,3,3,3,4
13.490000,DS,1,0,0.379051080,nan,nan,nan,0.000000000,0.000000000,0.000000000,ds_hold,0.035221598,-0.000039779,-0.000193527,-0.000009984,0.001312919,0.170098656,a,3,3,3,4
13.500000,DS,1,0,0.378563501,nan,nan,nan,0.000000000,0.000000000,0.000000000,ds_hold,0.040385652,-0.000055654,-0.000257162,-0.000011519,0.000917368,0.154785740,a,3,3,3,4
13.510000,DS,1,0,0.378076227,nan,nan,nan,0.000000000,0.000000000,0.000000000,ds_hold,0.042999869,-0.000075313,-0.000324266,-0.000011766,0.000629119,0.128148200,a,3,3,3,4
13.520000,DS,1,0,0.377589596,nan,nan,nan,0.000000000,0.000000000,0.000000000,ds_hold,0.044850727,-0.000097203,-0.000394987,-0.000010482,0.000426631,0.105473813,a,3,3,3,4
13.530000,DS,1,0,0.377100010,nan,nan,nan,0.000000000,0.000000000,0.000000000,ds_hold,0.046126410,-0.000122744,-0.000467124,-0.000008882,0.000283742,0.074606895,a,3,3,3,4
13.540000,DS,1,0,0.376611521,nan,nan,nan,0.000000000,0.000000000,0.000000000,ds_hold,0.048389959,-0.000149315,-0.000540941,-0.000005525,0.000187911,0.070511352,a,3,3,3,4
13.550000,DS,1,0,0.376121879,nan,nan,nan,0.000000000,0.000000000,0.000000000,ds_hold,0.051571696,-0.000177549,-0.000614537,-0.000001538,0.000119905,0.051110888,a,3,3,3,4
13.560000,DS,1,0,0.375634599,nan,nan,nan,0.000000000,0.000000000,0.000000000,ds_hold,0.056516770,-0.000205024,-0.000688581,0.000003813,0.000077229,0.072893670,a,3,3,3,4
13.570000,DS,1,0,0.375148077,nan,nan,nan,0.000000000,0.000000000,0.000000000,ds_hold,0.062729328,-0.000233217,-0.000761342,0.000009940,0.000046210,0.072059185,a,3,3,3,4
13.580000,DS,1,0,0.374666330,nan,nan,nan,0.000000000,0.000000000,0.000000000,ds_hold,0.070126328,-0.000259484,-0.000833608,0.000017361,0.000027627,0.087203931,a,3,3,3,4
13.590000,DS,1,0,0.374186332,nan,nan,nan,0.000000000,0.000000000,0.000000000,ds_hold,0.078332456,-0.000286554,-0.000903660,0.000025397,0.000013649,0.082817566,a,3,3,3,4
13.600000,DS,1,0,0.373712138,nan,nan,nan,0.000000000,0.000000000,0.000000000,ds_hold,0.086867694,-0.000311860,-0.000972390,0.000034840,0.000006258,0.089130817,a,3,3,3,4
13.610000,DS,1,0,0.373241474,nan,nan,nan,0.000000000,0.000000000,0.000000000,ds_hold,0.095558864,-0.000338018,-0.001038160,0.000045413,0.000003168,0.080163644,a,3,3,3,4
13.620000,DS,1,0,0.372776411,nan,nan,nan,0.000000000,0.000000000,0.000000000,ds_hold,0.103856922,-0.000362447,-0.001102219,0.000057234,0.000002323,0.081857893,a,3,3,3,4
13.630000,DS,1,0,0.372316092,nan,nan,nan,0.000000000,0.000000000,0.000000000,ds_hold,0.111952663,-0.000387665,-0.001162953,0.000070594,0.000006289,0.071705310,a,3,3,3,4
13.640000,DS,1,0,0.371861545,nan,nan,nan,0.000000000,0.000000000,0.000000000,ds_hold,0.119206386,-0.000410955,-0.001221959,0.000085191,0.000004196,0.071103863,a,3,3,3,4
13.650000,DS,1,0,0.371411359,nan,nan,nan,0.000000000,0.000000000,0.000000000,ds_hold,0.126197850,-0.000435040,-0.001277564,0.000101008,0.000006755,0.061990047,a,3,3,3,4
13.660000,DS,1,0,0.370967473,nan,nan,nan,0.000000000,0.000000000,0.000000000,ds_hold,0.132206186,-0.000457044,-0.001331481,0.000118054,0.000004132,0.060152087,a,3,3,3,4
13.670000,DS,1,0,0.370525984,nan,nan,nan,0.000000000,0.000000000,0.000000000,ds_hold,0.138059538,-0.000480006,-0.001381979,0.000135174,0.000005703,0.053976613,a,3,3,3,4
13.680000,DS,1,0,0.370090493,nan,nan,nan,0.000000000,0.000000000,0.000000000,ds_hold,0.143069469,-0.000500869,-0.001430703,0.000152930,0.000004590,0.051541378,a,3,3,3,4
13.690000,DS,1,0,0.369655337,nan,nan,nan,0.000000000,0.000000000,0.000000000,ds_hold,0.148102378,-0.000522767,-0.001475901,0.000169216,0.000004655,0.050245747,a,3,3,3,4
13.700000,DS,1,0,0.369226001,nan,nan,nan,0.000000000,0.000000000,0.000000000,ds_hold,0.152580948,-0.000542702,-0.001519172,0.000185520,0.000005206,0.047110907,a,3,3,3,4
13.710000,DS,1,0,0.368796756,nan,nan,nan,0.000000000,0.000000000,0.000000000,ds_hold,0.157145614,-0.000563571,-0.001558898,0.000199572,0.000004377,0.052393004,a,3,3,3,4
13.720000,DS,1,0,0.368376628,nan,nan,nan,0.000000000,0.000000000,0.000000000,ds_hold,0.161162908,-0.000582741,-0.001596474,0.000214948,0.000003707,0.047537436,a,3,3,3,4
13.730000,DS,1,0,0.367955055,nan,nan,nan,0.000000000,0.000000000,0.000000000,ds_hold,0.165059315,-0.000603551,-0.001630608,0.000227814,0.000005218,0.058947337,a,3,3,3,4
13.740000,DS,1,0,0.367541978,nan,nan,nan,0.000000000,0.000000000,0.000000000,ds_hold,0.168311404,-0.000623244,-0.001662604,0.000242205,0.000003712,0.053467337,a,3,3,3,4
13.750000,DS,1,0,0.367126926,nan,nan,nan,0.000000000,0.000000000,0.000000000,ds_hold,0.171311776,-0.000645095,-0.001691292,0.000254581,0.000007575,0.067460723,a,3,3,3,4
13.760000,DS,1,0,0.366717971,nan,nan,nan,0.000000000,0.000000000,0.000000000,ds_hold,0.173607355,-0.000666083,-0.001718091,0.000267926,0.000005864,0.060433021,a,3,3,3,4
13.770000,DS,1,0,0.366307055,nan,nan,nan,0.000000000,0.000000000,0.000000000,ds_hold,0.175668855,-0.000689093,-0.001741828,0.000279591,0.000009233,0.073370683,a,3,3,3,4
13.780000,DS,1,0,0.365900241,nan,nan,nan,0.000000000,0.000000000,0.000000000,ds_hold,0.177069608,-0.000711103,-0.001764033,0.000291543,0.000006867,0.064074585,a,3,3,3,4
13.790000,DS,1,0,0.365491512,nan,nan,nan,0.000000000,0.000000000,0.000000000,ds_hold,0.178349793,-0.000734764,-0.001783463,0.000301832,0.000009720,0.075595798,a,3,3,3,4
13.800000,DS,1,0,0.365085694,nan,nan,nan,0.000000000,0.000000000,0.000000000,ds_hold,0.179067784,-0.000757213,-0.001801709,0.000311897,0.000006933,0.064830711,a,3,3,3,4
13.810000,DS,1,0,0.364677813,nan,nan,nan,0.000000000,0.000000000,0.000000000,ds_hold,0.179788886,-0.000781039,-0.001817446,0.000320147,0.000009683,0.075724272,a,3,3,3,4
13.820000,DS,1,0,0.364272397,nan,nan,nan,0.000000000,0.000000000,0.000000000,ds_hold,0.180038045,-0.000803475,-0.001832301,0.000327940,0.000006755,0.064205417,a,3,3,3,4
13.830000,DS,1,0,0.363864625,nan,nan,nan,0.000000000,0.000000000,0.000000000,ds_hold,0.180375913,-0.000827150,-0.001844884,0.000333746,0.000009588,0.074996170,a,3,3,3,4
13.840000,DS,1,0,0.363459228,nan,nan,nan,0.000000000,0.000000000,0.000000000,ds_hold,0.180303977,-0.000849327,-0.001856841,0.000339052,0.000006623,0.062990253,a,3,3,3,4
13.850000,DS,1,0,0.363051171,nan,nan,nan,0.000000000,0.000000000,0.000000000,ds_hold,0.180369608,-0.000872711,-0.001866736,0.000342268,0.000009576,0.073930073,a,3,3,3,4
13.860000,DS,1,0,0.362645431,nan,nan,nan,0.000000000,0.000000000,0.000000000,ds_hold,0.180065185,-0.000894563,-0.001876221,0.000345003,0.000006558,0.061471219,a,3,3,3,4
13.870000,DS,1,0,0.362236794,nan,nan,nan,0.000000000,0.000000000,0.000000000,ds_hold,0.179928985,-0.000917653,-0.001883817,0.000345629,0.000009639,0.072733978,a,3,3,3,4
13.880000,DS,1,0,0.361830363,nan,nan,nan,0.000000000,0.000000000,0.000000000,ds_hold,0.179449432,-0.000939226,-0.001891184,0.000345808,0.000006536,0.059822803,a,3,3,3,4
13.890000,DS,1,0,0.361420863,nan,nan,nan,0.000000000,0.000000000,0.000000000,ds_hold,0.179162640,-0.000962105,-0.001896801,0.000343917,0.000009757,0.071575259,a,3,3,3,4
13.900000,DS,1,0,0.361013451,nan,nan,nan,0.000000000,0.000000000,0.000000000,ds_hold,0.178551715,-0.000983501,-0.001902340,0.000341626,0.000006558,0.058239484,a,3,3,3,4
13.910000,DS,1,0,0.360602838,nan,nan,nan,0.000000000,0.000000000,0.000000000,ds_hold,0.178155827,-0.001006283,-0.001906239,0.000337326,0.000009926,0.070615704,a,3,3,3,4
13.920000,DS,1,0,0.360194229,nan,nan,nan,0.000000000,0.000000000,0.000000000,ds_hold,0.177450333,-0.001027617,-0.001910191,0.000332692,0.000006639,0.056900757,a,3,3,3,4
13.930000,DS,1,0,0.359782305,nan,nan,nan,0.000000000,0.000000000,0.000000000,ds_hold,0.176980571,-0.001050411,-0.001912595,0.000326116,0.000010144,0.069959921,a,3,3,3,4
13.940000,DS,1,0,0.359372351,nan,nan,nan,0.000000000,0.000000000,0.000000000,ds_hold,0.176212847,-0.001071781,-0.001915166,0.000319289,0.000006784,0.055919952,a,3,3,3,4
13.950000,SS,2,1,0.354869410,0.795237377,-1.409290264,4.999972790,-0.225211390,0.872186150,-2.226111630,planner_track,0.022657661,-0.000360430,-0.000064318,-0.000220203,0.799644925,0.818766408,b,3,3,4,5
14.050000,SS,2,1,0.350850638,0.774846050,-1.739131939,4.831275147,-0.583473317,1.649108413,-3.468727907,planner_track,0.038691222,-0.000666430,-0.000073510,-0.000378064,0.797531444,1.334084318,b,3,3,4,5
14.150000,SS,2,1,0.347558135,0.956659600,-1.572930897,4.999982659,-0.929322179,1.988211484,-4.722279470,planner_track,0.051933765,-0.000986178,-0.000090341,-0.000465366,0.792319767,1.593332680,b,3,3,4,5
14.250000,SS,2,1,0.345184917,0.932828427,-1.421958747,4.999989808,-1.095316265,2.379791854,-5.000000000,planner_track,0.060479213,-0.001386811,-0.000124259,-0.000497786,0.782963730,1.676919277,b,3,3,4,5
14.350000,SS,2,1,0.343935068,0.847445832,-1.237635438,4.999991648,-1.225471494,2.666087376,-5.000000000,planner_track,0.065887352,-0.001898648,-0.000189484,-0.000483849,0.768722223,1.643860024,b,3,3,4,5
14.450000,SS,2,1,0.343993573,0.699727308,-1.026078829,4.999992285,-1.274602035,2.866453044,-5.000000000,planner_track,0.068750107,-0.002532318,-0.000285501,-0.000435060,0.749151176,1.537696062,b,3,3,4,5
14.550000,SS,2,1,0.345483658,0.496070927,-0.816699936,4.999991738,-1.263005593,2.998277766,-5.000000000,planner_track,0.069550116,-0.003282606,-0.000404019,-0.000364004,0.724080762,1.390285743,b,3,3,4,5
14.650000,SS,2,1,0.348468216,0.247290368,-0.617373490,4.999989503,-1.199595319,3.059555119,-5.000000000,planner_track,0.068727030,-0.004131299,-0.000531785,-0.000282826,0.693587788,1.224019416,b,3,3,4,5
14.750000,SS,2,1,0.352949090,-0.038124716,-0.428885771,4.999981185,-1.091760821,3.051566531,-5.000000000,planner_track,0.066599352,-0.005050519,-0.000652430,-0.000202601,0.657967065,1.054155328,b,3,3,4,5
14.850000,SS,2,1,0.358865229,-0.353088885,-0.246681279,4.984708077,-0.944476601,2.972820635,-5.000000000,planner_track,0.063418103,-0.006005363,-0.000748484,-0.000132581,0.617701691,0.890784517,b,3,3,4,5
14.950000,SS,2,1,0.366082262,-0.740904813,-0.017782908,4.514940179,-0.774300132,2.775253362,-5.000000000,planner_track,0.059392899,-0.006960541,-0.000807256,-0.000080177,0.573425893,0.740214951,b,3,3,4,5
15.050000,SS,2,1,0.374365020,-1.140527799,0.238807522,4.015142011,-0.612987009,2.481929080,-3.991626638,planner_track,0.054229382,-0.007910721,-0.000842435,-0.000055330,0.525839730,0.606208384,b,3,3,4,5
15.150000,SS,2,1,0.383485800,-1.542738752,0.572830001,3.594443289,-0.371390224,2.105979139,-2.843902274,planner_track,0.047299431,-0.008853683,-0.000868700,-0.000066180,0.475773210,0.490334713,b,3,3,4,5
15.250000,SS,2,1,0.393218425,-1.921454797,0.955467492,3.212620778,-0.093604788,1.670235985,-1.666281145,planner_track,0.040314705,-0.009766657,-0.000886077,-0.000116055,0.424180321,0.392501901,b,3,3,4,5
15.350000,SS,2,1,0.403319670,-2.232347576,1.384916239,2.815288868,0.189797048,1.170989462,-0.487935984,planner_track,0.039178498,-0.010611675,-0.000883154,-0.000203419,0.372075096,0.311435682,b,3,3,4,5
15.450000,SS,2,1,0.413540809,-2.464988378,1.801731298,2.413718828,0.410121723,0.653051072,0.635776686,planner_track,0.048537974,-0.011342194,-0.000838873,-0.000323018,0.320486908,0.245306617,b,3,3,4,5
15.550000,SS,2,1,0.423612458,-2.639574068,2.223905557,1.914858505,0.714218143,0.003150029,1.759634848,planner_track,0.071006061,-0.011904189,-0.000738912,-0.000463826,0.270427466,0.192077202,b,3,3,4,5
15.650000,SS,2,1,0.433294104,-2.646255923,2.588805553,1.415569835,0.850157311,-0.596127895,2.759789250,planner_track,0.097023897,-0.012248673,-0.000557317,-0.000615370,0.222859032,0.150440060,b,3,3,4,5
15.750000,SS,2,1,0.442352556,-2.662749105,2.895156591,0.784643931,1.029248597,-1.240503162,3.726265534,planner_track,0.123570038,-0.012331139,-0.000278409,-0.000763217,0.178663593,0.119005310,b,3,3,4,5
15.850000,SS,2,1,0.450570086,-2.579540323,3.104810487,0.164819983,1.107795614,-1.850645721,4.497190316,planner_track,0.148462819,-0.012114715,0.000104094,-0.000893510,0.138615691,0.097308058,b,3,3,4,5
15.950000,SS,2,1,0.457762597,-2.467384558,3.247051525,-0.617012155,1.150823095,-2.422621287,5.000000000,planner_track,0.169093888,-0.011575667,0.000590636,-0.000993265,0.103355843,0.084364565,b,3,3,4,5
16.050000,SS,2,1,0.463747086,-2.289460430,3.255577570,-1.314616947,1.149615837,-2.914164721,5.000000000,planner_track,0.183255427,-0.010705806,0.001172221,-0.001052024,0.073362841,0.078231145,b,3,3,4,5
16.150000,SS,2,1,0.468338424,-2.049665938,3.148741898,-1.912663750,1.081570005,-3.338744629,5.000000000,planner_track,0.190553386,-0.009527979,0.001826630,-0.001063592,0.048899301,0.076942980,b,3,3,4,5
16.250000,SS,2,1,0.471393360,-1.778857911,2.943270503,-2.318927366,0.990501066,-3.603964183,5.000000000,planner_track,0.192054242,-0.008103001,0.002519702,-0.001027182,0.030023592,0.080165345,b,3,3,4,5
16.350000,SS,2,1,0.472864668,-1.494256141,2.653128092,-2.530026046,0.885992606,-3.660784688,5.000000000,planner_track,0.188703083,-0.006500695,0.003217020,-0.000945033,0.016693218,0.087844661,b,3,3,4,5
16.450000,SS,2,1,0.472817322,-1.203441224,2.293310386,-2.576725797,0.761112506,-3.477187877,5.000000000,planner_track,0.181495624,-0.004796716,0.003885068,-0.000822116,0.008895997,0.098964030,b,3,3,4,5
16.550000,SS,2,1,0.471441560,-0.919794549,1.886299027,-2.490958166,0.612643972,-3.030887119,4.797996599,planner_track,0.171242038,-0.003073187,0.004491959,-0.000666176,0.006263035,0.111343201,b,3,3,4,5
16.650000,SS,2,1,0.469035712,-0.659508039,1.460903733,-2.312935425,0.437534363,-2.310817893,3.503449363,planner_track,0.158588578,-0.001419518,0.005006700,-0.000487449,0.006090642,0.122108533,b,3,3,4,5
16.750000,SS,2,1,0.465929689,-0.440748603,1.051288450,-2.088342897,0.215785278,-1.291273551,1.891041404,planner_track,0.144196375,0.000066018,0.005397187,-0.000298304,0.006027050,0.128168752,b,3,3,4,5
16.850000,SS,2,1,0.462418287,-0.289028542,0.708378846,-1.856051963,0.258239324,-0.817191710,1.714575021,planner_track,0.132639981,0.001308455,0.005633917,-0.000114589,0.005773598,0.128341642,b,3,3,4,5
16.950000,SS,2,1,0.458589109,-0.197636155,0.531281422,-1.464839603,0.260003371,-0.648211507,1.456484317,planner_track,0.123067687,0.002310016,0.005724230,0.000046755,0.005462431,0.123898688,b,3,3,4,5
17.050000,SS,2,1,0.454499795,-0.144071432,0.380264640,-1.237509945,0.201156726,-0.532489497,1.231791649,planner_track,0.112832610,0.003089101,0.005692000,0.000179559,0.005165555,0.116240937,b,3,3,4,5
17.150000,SS,2,1,0.450199849,-0.114198325,0.253254581,-1.028804518,0.162023731,-0.459411095,1.044518658,planner_track,0.102382601,0.003668437,0.005557130,0.000284547,0.004908876,0.106717083,b,3,3,4,5
17.260000,DS,2,0,0.449721560,nan,nan,nan,0.000000000,0.000000000,0.000000000,ds_hold,0.000000000,0.000000000,0.000000000,0.000000000,0.004460712,0.133865017,b,3,4,4,6
17.270000,DS,2,0,0.449098771,nan,nan,nan,0.000000000,0.000000000,0.000000000,ds_hold,0.001775151,0.000034185,-0.000043746,-0.000010088,0.003614817,0.183596860,b,3,4,4,6
17.280000,DS,2,0,0.448358084,nan,nan,nan,0.000000000,0.000000000,0.000000000,ds_hold,0.005196982,0.000053923,-0.000123850,-0.000042451,0.002755776,0.220811579,b,3,4,4,6
17.290000,DS,2,0,0.447547832,nan,nan,nan,0.000000000,0.000000000,0.000000000,ds_hold,0.009361810,0.000055763,-0.000239409,-0.000082873,0.002022701,0.244761079,b,3,4,4,6
17.300000,DS,2,0,0.446690700,nan,nan,nan,0.000000000,0.000000000,0.000000000,ds_hold,0.014124916,0.000037315,-0.000382883,-0.000125051,0.001446988,0.258320554,b,3,4,4,6
17.310000,DS,2,0,0.445807794,nan,nan,nan,0.000000000,0.000000000,0.000000000,ds_hold,0.019507720,-0.000001331,-0.000545745,-0.000162967,0.001015812,0.264901034,b,3,4,4,6
17.320000,DS,2,0,0.444912539,nan,nan,nan,0.000000000,0.000000000,0.000000000,ds_hold,0.025777965,-0.000058852,-0.000719940,-0.000193631,0.000702629,0.265506221,b,3,4,4,6
17.330000,DS,2,0,0.444012468,nan,nan,nan,0.000000000,0.000000000,0.000000000,ds_hold,0.033069286,-0.000133091,-0.000899328,-0.000215802,0.000479964,0.261197931,b,3,4,4,6
17.340000,DS,2,0,0.443112159,nan,nan,nan,0.000000000,0.000000000,0.000000000,ds_hold,0.041212286,-0.000221664,-0.001079587,-0.000229129,0.000324202,0.252733691,b,3,4,4,6
17.350000,DS,2,0,0.442215450,nan,nan,nan,0.000000000,0.000000000,0.000000000,ds_hold,0.049937045,-0.000322504,-0.001257560,-0.000233557,0.000216567,0.240755305,b,3,4,4,6
17.360000,DS,2,0,0.441325500,nan,nan,nan,0.000000000,0.000000000,0.000000000,ds_hold,0.058986249,-0.000433482,-0.001430932,-0.000229425,0.000142995,0.225410639,b,3,4,4,6
17.370000,DS,2,0,0.440444571,nan,nan,nan,0.000000000,0.000000000,0.000000000,ds_hold,0.068117039,-0.000552401,-0.001598127,-0.000217443,0.000093312,0.206977523,b,3,4,4,6
17.380000,DS,2,0,0.439574477,nan,nan,nan,0.000000000,0.000000000,0.000000000,ds_hold,0.077112137,-0.000677160,-0.001758147,-0.000198414,0.000060306,0.186050957,b,3,4,4,6
17.390000,DS,2,0,0.438716594,nan,nan,nan,0.000000000,0.000000000,0.000000000,ds_hold,0.085794150,-0.000805825,-0.001910426,-0.000173195,0.000038960,0.163390780,b,3,4,4,6
17.400000,DS,2,0,0.437871970,nan,nan,nan,0.000000000,0.000000000,0.000000000,ds_hold,0.094035772,-0.000936679,-0.002054714,-0.000142620,0.000025816,0.139811571,b,3,4,4,6
17.410000,DS,2,0,0.437041397,nan,nan,nan,0.000000000,0.000000000,0.000000000,ds_hold,0.101770520,-0.001068241,-0.002190993,-0.000107469,0.000018405,0.116094738,b,3,4,4,6
17.420000,DS,2,0,0.436225414,nan,nan,nan,0.000000000,0.000000000,0.000000000,ds_hold,0.108995229,-0.001199285,-0.002319419,-0.000068455,0.000014716,0.092966113,b,3,4,4,6
17.430000,DS,2,0,0.435424255,nan,nan,nan,0.000000000,0.000000000,0.000000000,ds_hold,0.115750276,-0.001328831,-0.002440284,-0.000026217,0.000013141,0.071004894,b,3,4,4,6
17.440000,DS,2,0,0.434637696,nan,nan,nan,0.000000000,0.000000000,0.000000000,ds_hold,0.122098575,-0.001456134,-0.002553995,0.000018683,0.000012812,0.050477649,b,3,4,4,6
17.450000,DS,2,0,0.433865096,nan,nan,nan,0.000000000,0.000000000,0.000000000,ds_hold,0.128119233,-0.001580753,-0.002661028,0.000065766,0.000013363,0.032201667,b,3,4,4,6
17.460000,DS,2,0,0.433105814,nan,nan,nan,0.000000000,0.000000000,0.000000000,ds_hold,0.133900462,-0.001702480,-0.002761843,0.000114665,0.000014405,0.020514267,b,3,4,4,6
17.470000,DS,2,0,0.432359425,nan,nan,nan,0.000000000,0.000000000,0.000000000,ds_hold,0.139522603,-0.001821165,-0.002856857,0.000165094,0.000015490,0.023916258,b,3,4,4,6
17.480000,DS,2,0,0.431625736,nan,nan,nan,0.000000000,0.000000000,0.000000000,ds_hold,0.145048101,-0.001936624,-0.002946433,0.000216805,0.000016301,0.036218549,b,3,4,4,6
17.490000,DS,2,0,0.430904765,nan,nan,nan,0.000000000,0.000000000,0.000000000,ds_hold,0.150518215,-0.002048625,-0.003030878,0.000269563,0.000016695,0.049324147,b,3,4,4,6
17.500000,DS,2,0,0.430196761,nan,nan,nan,0.000000000,0.000000000,0.000000000,ds_hold,0.155949489,-0.002156865,-0.003110439,0.000323123,0.000016672,0.061083011,b,3,4,4,6
17.510000,DS,2,0,0.429502153,nan,nan,nan,0.000000000,0.000000000,0.000000000,ds_hold,0.161333418,-0.002260963,-0.003185298,0.000377203,0.000016327,0.071015193,b,3,4,4,6
17.520000,DS,2,0,0.428821307,nan,nan,nan,0.000000000,0.000000000,0.000000000,ds_hold,0.166644393,-0.002360501,-0.003255601,0.000431481,0.000015800,0.079281241,b,3,4,4,6
17.530000,DS,2,0,0.428154422,nan,nan,nan,0.000000000,0.000000000,0.000000000,ds_hold,0.171852807,-0.002455104,-0.003321479,0.000485619,0.000015220,0.086157028,b,3,4,4,6
17.540000,DS,2,0,0.427501552,nan,nan,nan,0.000000000,0.000000000,0.000000000,ds_hold,0.176931664,-0.002544469,-0.003383056,0.000539292,0.000014666,0.091851323,b,3,4,4,6
17.550000,DS,2,0,0.426862623,nan,nan,nan,0.000000000,0.000000000,0.000000000,ds_hold,0.181857566,-0.002628369,-0.003440463,0.000592203,0.000014169,0.096518913,b,3,4,4,6
17.560000,DS,2,0,0.426237453,nan,nan,nan,0.000000000,0.000000000,0.000000000,ds_hold,0.186610734,-0.002706653,-0.003493846,0.000644088,0.000013733,0.100271251,b,3,4,4,6
17.570000,DS,2,0,0.425625765,nan,nan,nan,0.000000000,0.000000000,0.000000000,ds_hold,0.191173892,-0.002779245,-0.003543360,0.000694720,0.000013344,0.103193627,b,3,4,4,6
17.580000,DS,2,0,0.425027208,nan,nan,nan,0.000000000,0.000000000,0.000000000,ds_hold,0.195531156,-0.002846136,-0.003589173,0.000743904,0.000012987,0.105354942,b,3,4,4,6
17.590000,DS,2,0,0.424441366,nan,nan,nan,0.000000000,0.000000000,0.000000000,ds_hold,0.199667310,-0.002907379,-0.003631457,0.000791474,0.000012648,0.106814468,b,3,4,4,6
17.600000,DS,2,0,0.423867779,nan,nan,nan,0.000000000,0.000000000,0.000000000,ds_hold,0.203567628,-0.002963071,-0.003670388,0.000837290,0.000012317,0.107626358,b,3,4,4,6
17.610000,DS,2,0,0.423305949,nan,nan,nan,0.000000000,0.000000000,0.000000000,ds_hold,0.207218158,-0.003013352,-0.003706136,0.000881229,0.000011986,0.107842784,b,3,4,4,6
17.620000,DS,2,0,0.422755352,nan,nan,nan,0.000000000,0.000000000,0.000000000,ds_hold,0.210606292,-0.003058389,-0.003738867,0.000923190,0.000011651,0.107515836,b,3,4,4,6
17.630000,DS,2,0,0.422215443,nan,nan,nan,0.000000000,0.000000000,0.000000000,ds_hold,0.213721429,-0.003098376,-0.003768738,0.000963086,0.000011310,0.106698346,b,3,4,4,6
17.640000,DS,2,0,0.421685664,nan,nan,nan,0.000000000,0.000000000,0.000000000,ds_hold,0.216555600,-0.003133525,-0.003795897,0.001000845,0.000010963,0.105443809,b,3,4,4,6
17.650000,DS,2,0,0.421165445,nan,nan,nan,0.000000000,0.000000000,0.000000000,ds_hold,0.219103951,-0.003164060,-0.003820484,0.001036409,0.000010609,0.103805734,b,3,4,4,6
17.660000,DS,2,0,0.420654209,nan,nan,nan,0.000000000,0.000000000,0.000000000,ds_hold,0.221365026,-0.003190219,-0.003842633,0.001069738,0.000010249,0.101836694,b,3,4,4,6
17.670000,DS,2,0,0.420151372,nan,nan,nan,0.000000000,0.000000000,0.000000000,ds_hold,0.223340846,-0.003212251,-0.003862469,0.001100804,0.000009885,0.099587328,b,3,4,4,6
17.680000,DS,2,0,0.419656353,nan,nan,nan,0.000000000,0.000000000,0.000000000,ds_hold,0.225036791,-0.003230409,-0.003880115,0.001129595,0.000009518,0.097105460,b,3,4,4,6
17.690000,DS,2,0,0.419168571,nan,nan,nan,0.000000000,0.000000000,0.000000000,ds_hold,0.226461308,-0.003244953,-0.003895689,0.001156115,0.000009150,0.094435413,b,3,4,4,6
17.700000,DS,2,0,0.418687450,nan,nan,nan,0.000000000,0.000000000,0.000000000,ds_hold,0.227625504,-0.003256146,-0.003909305,0.001180381,0.000008783,0.091617559,b,3,4,4,6
17.710000,DS,2,0,0.418212429,nan,nan,nan,0.000000000,0.000000000,0.000000000,ds_hold,0.228542661,-0.003264253,-0.003921077,0.001202425,0.000008418,0.088688099,b,3,4,4,6
17.720000,DS,2,0,0.417742961,nan,nan,nan,0.000000000,0.000000000,0.000000000,ds_hold,0.229227716,-0.003269536,-0.003931113,0.001222289,0.000008056,0.085679042,b,3,4,4,6
17.730000,DS,2,0,0.417278519,nan,nan,nan,0.000000000,0.000000000,0.000000000,ds_hold,0.229696755,-0.003272253,-0.003939522,0.001240030,0.000007700,0.082618352,b,3,4,4,6
17.740000,DS,2,0,0.416818601,nan,nan,nan,0.000000000,0.000000000,0.000000000,ds_hold,0.229966537,-0.003272655,-0.003946406,0.001255709,0.000007350,0.079530215,b,3,4,4,6
17.750000,DS,2,0,0.416362732,nan,nan,nan,0.000000000,0.000000000,0.000000000,ds_hold,0.230054082,-0.003270984,-0.003951868,0.001269399,0.000007009,0.076435379,b,3,4,4,6
17.760000,DS,2,0,0.415910466,nan,nan,nan,0.000000000,0.000000000,0.000000000,ds_hold,0.229976321,-0.003267471,-0.003956002,0.001281176,0.000006675,0.073351526,b,3,4,4,6
17.770000,DS,2,0,0.415461389,nan,nan,nan,0.000000000,0.000000000,0.000000000,ds_hold,0.229749817,-0.003262335,-0.003958902,0.001291121,0.000006351,0.070293638,b,3,4,4,6
17.780000,DS,2,0,0.415015118,nan,nan,nan,0.000000000,0.000000000,0.000000000,ds_hold,0.229390553,-0.003255778,-0.003960654,0.001299318,0.000006037,0.067274337,b,3,4,4,6
17.790000,DS,2,0,0.414571301,nan,nan,nan,0.000000000,0.000000000,0.000000000,ds_hold,0.228913773,-0.003247992,-0.003961342,0.001305850,0.000005733,0.064304192,b,3,4,4,6
17.800000,DS,2,0,0.414129619,nan,nan,nan,0.000000000,0.000000000,0.000000000,ds_hold,0.228333897,-0.003239151,-0.003961042,0.001310802,0.000005440,0.061391971,b,3,4,4,6
17.810000,DS,2,0,0.413689781,nan,nan,nan,0.000000000,0.000000000,0.000000000,ds_hold,0.227664530,-0.003229415,-0.003959826,0.001314258,0.000005158,0.058544930,b,3,4,4,6
17.820000,DS,2,0,0.413251521,nan,nan,nan,0.000000000,0.000000000,0.000000000,ds_hold,0.226918414,-0.003218933,-0.003957759,0.001316298,0.000004887,0.055769260,b,3,4,4,6
17.830000,DS,2,0,0.412814604,nan,nan,nan,0.000000000,0.000000000,0.000000000,ds_hold,0.226107242,-0.003207840,-0.003954904,0.001317000,0.000004627,0.053068736,b,3,4,4,6
17.840000,DS,2,0,0.412378822,nan,nan,nan,0.000000000,0.000000000,0.000000000,ds_hold,0.225241483,-0.003196256,-0.003951313,0.001316440,0.000004379,0.050444598,b,3,4,4,6
17.850000,DS,2,0,0.411943992,nan,nan,nan,0.000000000,0.000000000,0.000000000,ds_hold,0.224330461,-0.003184289,-0.003947037,0.001314687,0.000004141,0.047898482,b,3,4,4,6
17.860000,DS,2,0,0.411509950,nan,nan,nan,0.000000000,0.000000000,0.000000000,ds_hold,0.223382552,-0.003172036,-0.003942119,0.001311809,0.000003914,0.045432192,b,3,4,4,6
17.870000,DS,2,0,0.411076552,nan,nan,nan,0.000000000,0.000000000,0.000000000,ds_hold,0.222405321,-0.003159580,-0.003936600,0.001307866,0.000003698,0.043047077,b,3,4,4,6
17.880000,DS,2,0,0.410643665,nan,nan,nan,0.000000000,0.000000000,0.000000000,ds_hold,0.221405609,-0.003146997,-0.003930515,0.001302919,0.000003493,0.040743850,b,3,4,4,6
17.890000,DS,2,0,0.410211172,nan,nan,nan,0.000000000,0.000000000,0.000000000,ds_hold,0.220389600,-0.003134353,-0.003923901,0.001297023,0.000003298,0.038522521,b,3,4,4,6
17.900000,DS,2,0,0.409778967,nan,nan,nan,0.000000000,0.000000000,0.000000000,ds_hold,0.219362860,-0.003121707,-0.003916786,0.001290232,0.000003114,0.036382521,b,3,4,4,6
17.910000,DS,2,0,0.409346951,nan,nan,nan,0.000000000,0.000000000,0.000000000,ds_hold,0.218330383,-0.003109111,-0.003909203,0.001282596,0.000002942,0.034322908,b,3,4,4,6
17.920000,DS,2,0,0.408915036,nan,nan,nan,0.000000000,0.000000000,0.000000000,ds_hold,0.217296618,-0.003096612,-0.003901179,0.001274167,0.000002780,0.032342644,b,3,4,4,6
17.930000,DS,2,0,0.408483141,nan,nan,nan,0.000000000,0.000000000,0.000000000,ds_hold,0.216265510,-0.003084249,-0.003892743,0.001264991,0.000002630,0.030440884,b,3,4,4,6
17.940000,DS,2,0,0.408051192,nan,nan,nan,0.000000000,0.000000000,0.000000000,ds_hold,0.215240528,-0.003072059,-0.003883920,0.001255115,0.000002490,0.028617277,b,3,4,4,6
17.950000,DS,2,0,0.407619119,nan,nan,nan,0.000000000,0.000000000,0.000000000,ds_hold,0.214224708,-0.003060076,-0.003874737,0.001244585,0.000002361,0.026872246,b,3,4,4,6
17.960000,DS,2,0,0.407186858,nan,nan,nan,0.000000000,0.000000000,0.000000000,ds_hold,0.213220682,-0.003048326,-0.003865221,0.001233445,0.000002243,0.025207241,b,3,4,4,6
17.970000,DS,2,0,0.406754351,nan,nan,nan,0.000000000,0.000000000,0.000000000,ds_hold,0.212230724,-0.003036835,-0.003855397,0.001221740,0.000002136,0.023624970,b,3,4,4,6
17.980000,DS,2,0,0.406321543,nan,nan,nan,0.000000000,0.000000000,0.000000000,ds_hold,0.211256778,-0.003025627,-0.003845292,0.001209512,0.000002039,0.022129582,b,3,4,4,6
17.990000,DS,2,0,0.405888382,nan,nan,nan,0.000000000,0.000000000,0.000000000,ds_hold,0.210300504,-0.003014721,-0.003834930,0.001196804,0.000001953,0.020726815,b,3,4,4,6
18.000000,DS,2,0,0.405454822,nan,nan,nan,0.000000000,0.000000000,0.000000000,ds_hold,0.209363309,-0.003004136,-0.003824339,0.001183657,0.000001876,0.019424059,b,3,4,4,6
18.010000,DS,2,0,0.405020818,nan,nan,nan,0.000000000,0.000000000,0.000000000,ds_hold,0.208446379,-0.002993886,-0.003813543,0.001170114,0.000001809,0.018230305,b,3,4,4,6
18.020000,DS,2,0,0.404586328,nan,nan,nan,0.000000000,0.000000000,0.000000000,ds_hold,0.207550716,-0.002983987,-0.003802568,0.001156214,0.000001752,0.017155916,b,3,4,4,6
18.030000,DS,2,0,0.404151317,nan,nan,nan,0.000000000,0.000000000,0.000000000,ds_hold,0.206677162,-0.002974450,-0.003791441,0.001141999,0.000001704,0.016212115,b,3,4,4,6
18.040000,DS,2,0,0.403715747,nan,nan,nan,0.000000000,0.000000000,0.000000000,ds_hold,0.205826427,-0.002965285,-0.003780186,0.001127509,0.000001666,0.015410135,b,3,4,4,6
18.050000,DS,2,0,0.403279587,nan,nan,nan,0.000000000,0.000000000,0.000000000,ds_hold,0.204999112,-0.002956503,-0.003768830,0.001112782,0.000001636,0.014759967,b,3,4,4,6
18.060000,DS,2,0,0.402842806,nan,nan,nan,0.000000000,0.000000000,0.000000000,ds_hold,0.204195726,-0.002948111,-0.003757398,0.001097857,0.000001614,0.014268837,b,3,4,4,6
18.070000,DS,2,0,0.402405379,nan,nan,nan,0.000000000,0.000000000,0.000000000,ds_hold,0.203416705,-0.002940115,-0.003745915,0.001082773,0.000001600,0.013939639,b,3,4,4,6
18.080000,DS,2,0,0.401967279,nan,nan,nan,0.000000000,0.000000000,0.000000000,ds_hold,0.202662422,-0.002932520,-0.003734406,0.001067568,0.000001594,0.013769764,b,3,4,4,6
18.090000,DS,2,0,0.401528485,nan,nan,nan,0.000000000,0.000000000,0.000000000,ds_hold,0.201933203,-0.002925330,-0.003722896,0.001052278,0.000001593,0.013750715,b,3,4,4,6
18.100000,DS,2,0,0.401088976,nan,nan,nan,0.000000000,0.000000000,0.000000000,ds_hold,0.201229328,-0.002918547,-0.003711408,0.001036940,0.000001599,0.013868693,b,3,4,4,6
18.110000,DS,2,0,0.400648735,nan,nan,nan,0.000000000,0.000000000,0.000000000,ds_hold,0.200551042,-0.002912174,-0.003699968,0.001021588,0.000001610,0.014105979,b,3,4,4,6
18.120000,DS,2,0,0.400207747,nan,nan,nan,0.000000000,0.000000000,0.000000000,ds_hold,0.199898555,-0.002906209,-0.003688597,0.001006259,0.000001625,0.014442716,b,3,4,4,6
18.130000,DS,2,0,0.399765999,nan,nan,nan,0.000000000,0.000000000,0.000000000,ds_hold,0.199272049,-0.002900653,-0.003677319,0.000990985,0.000001644,0.014858601,b,3,4,4,6
18.140000,DS,2,0,0.399323479,nan,nan,nan,0.000000000,0.000000000,0.000000000,ds_hold,0.198671672,-0.002895502,-0.003666156,0.000975799,0.000001665,0.015334212,b,3,4,4,6
18.150000,DS,2,0,0.398880179,nan,nan,nan,0.000000000,0.000000000,0.000000000,ds_hold,0.198097541,-0.002890755,-0.003655130,0.000960733,0.000001689,0.015851835,b,3,4,4,6
18.160000,DS,2,0,0.398436093,nan,nan,nan,0.000000000,0.000000000,0.000000000,ds_hold,0.197549743,-0.002886405,-0.003644261,0.000945819,0.000001714,0.016395875,b,3,4,4,6
18.170000,DS,2,0,0.397991216,nan,nan,nan,0.000000000,0.000000000,0.000000000,ds_hold,0.197028327,-0.002882449,-0.003633569,0.000931084,0.000001740,0.016952946,b,3,4,4,6
18.180000,DS,2,0,0.397545546,nan,nan,nan,0.000000000,0.000000000,0.000000000,ds_hold,0.196533308,-0.002878880,-0.003623074,0.000916559,0.000001766,0.017511768,b,3,4,4,6
18.190000,DS,2,0,0.397099083,nan,nan,nan,0.000000000,0.000000000,0.000000000,ds_hold,0.196064660,-0.002875691,-0.003612795,0.000902271,0.000001792,0.018062967,b,3,4,4,6
18.200000,DS,2,0,0.396651827,nan,nan,nan,0.000000000,0.000000000,0.000000000,ds_hold,0.195622315,-0.002872874,-0.003602747,0.000888245,0.000001818,0.018598847,b,3,4,4,6
18.210000,DS,2,0,0.396203784,nan,nan,nan,0.000000000,0.000000000,0.000000000,ds_hold,0.195206161,-0.002870419,-0.003592950,0.000874506,0.000001842,0.019113152,b,3,4,4,6
18.220000,DS,2,0,0.395754959,nan,nan,nan,0.000000000,0.000000000,0.000000000,ds_hold,0.194816041,-0.002868316,-0.003583417,0.000861077,0.000001865,0.019600854,b,3,4,4,6
18.230000,DS,2,0,0.395305358,nan,nan,nan,0.000000000,0.000000000,0.000000000,ds_hold,0.194451749,-0.002866556,-0.003574163,0.000847981,0.000001886,0.020057965,b,3,4,4,6
18.240000,DS,2,0,0.394854992,nan,nan,nan,0.000000000,0.000000000,0.000000000,ds_hold,0.194113032,-0.002865126,-0.003565203,0.000835239,0.000001906,0.020481375,b,3,4,4,6
18.250000,DS,2,0,0.394403871,nan,nan,nan,0.000000000,0.000000000,0.000000000,ds_hold,0.193799587,-0.002864015,-0.003556549,0.000822869,0.000001923,0.020868715,b,3,4,4,6
18.260000,DS,2,0,0.393952008,nan,nan,nan,0.000000000,0.000000000,0.000000000,ds_hold,0.193511061,-0.002863209,-0.003548212,0.000810889,0.000001938,0.021218242,b,3,4,4,6
18.270000,SS,3,1,0.389472806,-0.193376333,-0.905857564,1.088274237,0.370709638,0.327560731,0.153809632,planner_track,0.006550173,0.000023628,0.000076323,-0.000094500,0.799907753,0.020468353,a,3,4,4,7
18.370000,SS,3,1,0.385079817,-0.010617886,-0.988548583,1.328409127,0.231528791,0.505210222,-0.430438905,planner_track,0.010262169,0.000076414,0.000137851,-0.000144624,0.799649791,0.026750804,a,3,4,4,7
18.470000,SS,3,1,0.380866300,0.134980675,-1.043975573,1.544865931,0.209153091,0.572370135,-0.570409807,planner_track,0.014152726,0.000154937,0.000202501,-0.000156470,0.799204178,0.035529069,a,3,4,4,7
18.570000,SS,3,1,0.376862590,0.244759148,-1.108007742,1.684640994,0.202526564,0.608293850,-0.628678103,planner_track,0.017960062,0.000250864,0.000271569,-0.000137634,0.798515979,0.046256916,a,3,4,4,7
18.670000,SS,3,1,0.373095667,0.345603324,-1.220714871,1.888849818,0.177761650,0.705203046,-0.822249797,planner_track,0.021367815,0.000358291,0.000344751,-0.000094588,0.797521501,0.057738161,a,3,4,4,7
18.770000,SS,3,1,0.369606923,0.438003176,-1.322118007,2.062649406,0.159590708,0.776441315,-0.966066150,planner_track,0.024528794,0.000474960,0.000427551,-0.000032138,0.796159036,0.069149003,a,3,4,4,7
18.870000,SS,3,1,0.366427282,0.522987146,-1.408053807,2.202602501,0.146712373,0.834082741,-1.078140327,planner_track,0.027461628,0.000597690,0.000523686,0.000045052,0.794371738,0.079845650,a,3,4,4,7
18.970000,SS,3,1,0.363582439,0.602675017,-1.482042154,2.314936030,0.134262735,0.891438920,-1.188213315,planner_track,0.030127768,0.000723085,0.000635959,0.000132846,0.792108115,0.089408482,a,3,4,4,7
19.070000,SS,3,1,0.361095718,0.677187968,-1.543031413,2.398333489,0.124546324,0.941082306,-1.280294969,planner_track,0.032524661,0.000847929,0.000767205,0.000227696,0.789322294,0.097627009,a,3,4,4,7
19.170000,SS,3,1,0.358987264,0.744292037,-1.643559776,2.524078082,0.117601867,0.998109388,-1.372471040,planner_track,0.034638169,0.000970404,0.000919649,0.000326641,0.785972881,0.104427961,a,3,4,4,7
19.270000,SS,3,1,0.357275728,0.806604323,-1.730185538,2.621095713,0.112381569,1.043232146,-1.444113618,planner_track,0.036456371,0.001090054,0.001095376,0.000427455,0.782023828,0.109844773,a,3,4,4,7
19.370000,SS,3,1,0.355975079,0.864074255,-1.801941994,2.687823266,0.109420329,1.081568834,-1.499423145,planner_track,0.037975020,0.001205863,0.001295738,0.000528196,0.777445096,0.113953077,a,3,4,4,7
19.470000,SS,3,1,0.355095518,0.916837929,-1.859687773,2.725407372,0.108158727,1.113399625,-1.540293658,planner_track,0.039193561,0.001316453,0.001521474,0.000627247,0.772211967,0.116852328,a,3,4,4,7
19.570000,SS,3,1,0.354643778,0.964912530,-1.903918063,2.734743105,0.108558645,1.138628011,-1.566635081,planner_track,0.040120041,0.001420200,0.001772780,0.000723273,0.766304687,0.118653944,a,3,4,4,7
19.670000,SS,3,1,0.354623729,1.007959083,-1.959020068,2.751083054,0.110400731,1.164086983,-1.587092047,planner_track,0.040764699,0.001516028,0.002049304,0.000815226,0.759707704,0.119477547,a,3,4,4,7
19.770000,SS,3,1,0.355037528,1.046201326,-2.013915341,2.759610976,0.113134738,1.184134279,-1.596289675,planner_track,0.041140729,0.001603810,0.002350415,0.000902420,0.752409695,0.119452451,a,3,4,4,7
19.870000,SS,3,1,0.355884458,1.079766534,-2.055425893,2.742165195,0.116733996,1.195950797,-1.590952870,planner_track,0.041266195,0.001683415,0.002675090,0.000984372,0.744404080,0.118694503,a,3,4,4,7
19.970000,SS,3,1,0.357160532,1.108632959,-2.084457314,2.700121116,0.120926752,1.201271862,-1.573834609,planner_track,0.041161537,0.001754321,0.003021863,0.001060711,0.735688800,0.117299871,a,3,4,4,7
20.070000,SS,3,1,0.358859008,1.132796791,-2.101978144,2.635091916,0.125525174,1.200305751,-1.545837929,planner_track,0.040849697,0.001815765,0.003388936,0.001131181,0.726265912,0.115357462,a,3,4,4,7
20.170000,SS,3,1,0.360970729,1.152550801,-2.115275449,2.558949942,0.130322027,1.195318498,-1.510157903,planner_track,0.040354334,0.001867067,0.003774224,0.001195618,0.716141145,0.112945699,a,3,4,4,7
20.270000,SS,3,1,0.363484885,1.168299370,-2.132925139,2.486089365,0.134948488,1.188263660,-1.469935683,planner_track,0.039697302,0.001908204,0.004175451,0.001253961,0.705323471,0.110140070,a,3,4,4,7
20.370000,SS,3,1,0.366389151,1.179429844,-2.140300462,2.394399662,0.139203632,1.173179803,-1.419026678,planner_track,0.038899934,0.001939495,0.004590265,0.001306266,0.693825452,0.107011056,a,3,4,4,7
20.470000,SS,3,1,0.369668737,1.185891299,-2.138241546,2.285441459,0.143228511,1.152388172,-1.360009466,planner_track,0.037983578,0.001960973,0.005016141,0.001352609,0.681663297,0.103615263,a,3,4,4,7
20.570000,SS,3,1,0.373306898,1.187759756,-2.127827913,2.161045848,0.146790871,1.126181848,-1.294056031,planner_track,0.036967846,0.001972510,0.005450469,0.001393106,0.668856440,0.099998422,a,3,4,4,7
20.670000,SS,3,1,0.377285150,1.185138231,-2.109940061,2.023017913,0.149827293,1.094714465,-1.221706781,planner_track,0.035871120,0.001973894,0.005890594,0.001427902,0.655427296,0.096198341,a,3,4,4,7
20.770000,SS,3,1,0.381583623,1.180090186,-2.091207093,1.887426763,0.151958359,1.061427853,-1.147518475,planner_track,0.034709059,0.001965290,0.006333794,0.001457112,0.641400726,0.092251076,a,3,4,4,7
20.870000,SS,3,1,0.386181635,1.170913132,-2.065979014,1.741892186,0.153096557,1.021723774,-1.067095551,planner_track,0.033494482,0.001947242,0.006777408,0.001480876,0.626804157,0.088192306,a,3,4,4,7
20.970000,SS,3,1,0.391056986,1.157564710,-2.034805580,1.587550461,0.153526141,0.977663041,-0.982367555,planner_track,0.032239536,0.001920174,0.007218808,0.001499341,0.611667687,0.084052056,a,3,4,4,7
21.070000,SS,3,1,0.396186327,1.140212999,-1.998581855,1.426191378,0.153098977,0.929383498,-0.894140194,planner_track,0.030954141,0.001884460,0.007655441,0.001512684,0.596023743,0.079855148,a,3,4,4,7
21.170000,SS,3,1,0.401545322,1.119060698,-1.958057928,1.259578601,0.151801096,0.877193004,-0.803004387,planner_track,0.029646775,0.001840463,0.008084848,0.001521103,0.579906856,0.075623207,a,3,4,4,7
21.270000,SS,3,1,0.407108752,1.095976716,-1.909057451,1.087524754,0.149364865,0.821165651,-0.709521596,planner_track,0.028324743,0.001788629,0.008504635,0.001524755,0.563353400,0.071376201,a,3,4,4,7
21.370000,SS,3,1,0.412850733,1.070504482,-1.853967844,0.912439802,0.145751714,0.761604696,-0.614464226,planner_track,0.026994375,0.001729535,0.008912464,0.001523737,0.546401436,0.067133180,a,3,4,4,7
21.470000,SS,3,1,0.418744871,1.041817722,-1.796219334,0.737112773,0.141135620,0.699220104,-0.518630192,planner_track,0.025661496,0.001663837,0.009306128,0.001518156,0.529090616,0.062912833,a,3,4,4,7
21.570000,SS,3,1,0.424764399,1.010081381,-1.736414374,0.563150813,0.135549024,0.634418427,-0.422597697,planner_track,0.024331379,0.001592258,0.009683579,0.001508162,0.511462012,0.058733453,a,3,4,4,7
21.670000,SS,3,1,0.430882316,0.975506437,-1.675102041,0.392140237,0.128968060,0.567594877,-0.327026030,planner_track,0.023008984,0.001515602,0.010042928,0.001493947,0.493557917,0.054612990,a,3,4,4,7
21.770000,SS,3,1,0.437071494,0.939109464,-1.606991907,0.219911955,0.121241378,0.498434402,-0.231710662,planner_track,0.021701022,0.001434705,0.010382417,0.001475715,0.475421709,0.050567225,a,3,4,4,7
21.870000,SS,3,1,0.443304473,0.902261032,-1.524037655,0.039837921,0.112083153,0.424424613,-0.134666335,planner_track,0.020416647,0.001350258,0.010700345,0.001453586,0.457097751,0.046608836,a,3,4,4,7
21.970000,SS,3,1,0.449553465,0.863066651,-1.441231684,-0.132393313,0.102030998,0.349979815,-0.040035038,planner_track,0.019164385,0.001262923,0.010995095,0.001427610,0.438631069,0.042752015,a,3,4,4,7
22.070000,SS,3,1,0.455791060,0.821611065,-1.359122742,-0.295376179,0.090960484,0.274534989,0.052275801,planner_track,0.017952835,0.001173571,0.011265238,0.001397916,0.420067107,0.039013685,a,3,4,4,7
22.170000,SS,3,1,0.461990157,0.778010741,-1.278114162,-0.447759786,0.079013068,0.197343824,0.143159757,planner_track,0.016787368,0.001083249,0.011509540,0.001364681,0.401451637,0.035415319,a,3,4,4,7
22.270000,SS,3,1,0.468123842,0.732365653,-1.198819551,-0.588378069,0.066402139,0.118444305,0.232633102,planner_track,0.015664202,0.000993155,0.011726949,0.001328103,0.382830611,0.031983938,a,3,4,4,7
22.370000,SS,3,1,0.474165066,0.687142299,-1.093262106,-0.749764184,0.053072778,0.032575230,0.326322080,planner_track,0.014575095,0.000904101,0.011916519,0.001288300,0.364250376,0.028741910,a,3,4,4,7
22.470000,SS,3,1,0.480086247,0.640361276,-0.990643713,-0.898230969,0.039915306,-0.049942555,0.414451619,planner_track,0.013496181,0.000816537,0.012077341,0.001245225,0.345757162,0.025711566,a,3,4,4,7
22.570000,SS,3,1,0.485861439,0.592160341,-0.893432843,-1.030929823,0.026027734,-0.127443036,0.493814623,planner_track,0.012425353,0.000731329,0.012208701,0.001199027,0.327396545,0.022907974,a,3,4,4,7
22.670000,SS,3,1,0.491466371,0.542877024,-0.801308640,-1.146051591,0.011058169,-0.205628726,0.570089698,planner_track,0.011388482,0.000649684,0.012310058,0.001150009,0.309213515,0.020342779,a,3,4,4,7
22.770000,SS,3,1,0.496877483,0.492478975,-0.714350000,-1.242545867,-0.004482531,-0.283329097,0.642790988,planner_track,0.010405666,0.000573011,0.012381038,0.001098501,0.291252414,0.018036082,a,3,4,4,7
22.870000,SS,3,1,0.502071711,0.442003246,-0.609564163,-1.350047611,-0.020559312,-0.366122694,0.717988993,planner_track,0.009506717,0.000502369,0.012421359,0.001044819,0.273557151,0.016001786,a,3,4,4,7
22.970000,SS,3,1,0.507025623,0.391208353,-0.497197359,-1.455803199,-0.036561144,-0.449316411,0.791526249,planner_track,0.008711406,0.000438139,0.012430754,0.000989115,0.256170934,0.014251032,a,3,4,4,7
23.070000,SS,3,1,0.511716689,0.339584727,-0.393607561,-1.539593296,-0.052712211,-0.527983656,0.857353430,planner_track,0.008038454,0.000380776,0.012409078,0.000931555,0.239135501,0.012791643,a,3,4,4,7
23.170000,SS,3,1,0.516124134,0.287325684,-0.299038658,-1.600600122,-0.068946283,-0.603920954,0.917529751,planner_track,0.007513086,0.000331183,0.012356396,0.000872424,0.222490975,0.011623438,a,3,4,4,7
23.270000,SS,3,1,0.520228645,0.234562185,-0.213779214,-1.638295723,-0.084994896,-0.676612792,0.972085086,planner_track,0.007156056,0.000290599,0.012272960,0.000812079,0.206275912,0.010730594,a,3,4,4,7
23.370000,SS,3,1,0.524012087,0.181634750,-0.126101190,-1.669430916,-0.100519076,-0.749476361,1.025340724,planner_track,0.006985970,0.000260193,0.012159171,0.000750913,0.190527452,0.010074035,a,3,4,4,7
23.470000,SS,3,1,0.527456445,0.129059374,-0.017334853,-1.721660710,-0.114815444,-0.826356350,1.082938271,planner_track,0.007011938,0.000240159,0.012015471,0.000689220,0.175281602,0.009598327,a,3,4,4,7
23.570000,SS,3,1,0.530544043,0.076927272,0.077769047,-1.748254710,-0.128353225,-0.894518119,1.129983909,planner_track,0.007221275,0.000230231,0.011842335,0.000627180,0.160572245,0.009244706,a,3,4,4,7
23.670000,SS,3,1,0.533259733,0.025639544,0.159069628,-1.748986680,-0.141298356,-0.957409189,1.169840369,planner_track,0.007597120,0.000230762,0.011640440,0.000565125,0.146430576,0.008957455,a,3,4,4,7
23.770000,SS,3,1,0.535590393,-0.024563831,0.226569227,-1.723839618,-0.153305975,-1.014443774,1.202824102,planner_track,0.008113403,0.000242538,0.011410666,0.000503453,0.132885363,0.008688690,a,3,4,4,7
23.870000,SS,3,1,0.537524925,-0.073382843,0.280178774,-1.673068622,-0.164362658,-1.065475644,1.228751732,planner_track,0.008742159,0.000266684,0.011154061,0.000442627,0.119962927,0.008402778,a,3,4,4,7
23.970000,SS,3,1,0.539052996,-0.121398220,0.364697530,-1.666918824,-0.172961807,-1.124174545,1.265760659,planner_track,0.009458212,0.000303116,0.010871758,0.000383071,0.107688105,0.008091792,a,3,4,4,7
24.070000,SS,3,1,0.540163919,-0.167121910,0.434584142,-1.639255528,-0.180098736,-1.171156293,1.290644231,planner_track,0.010240833,0.000350574,0.010564857,0.000324965,0.096083203,0.007770431,a,3,4,4,7
24.170000,SS,3,1,0.540850188,-0.209914063,0.486710502,-1.585645740,-0.186294583,-1.209865662,1.306015488,planner_track,0.011067567,0.000408474,0.010234627,0.000268636,0.085166918,0.007472201,a,3,4,4,7
24.270000,SS,3,1,0.541107039,-0.249517256,0.521669879,-1.506602089,-0.191194221,-1.240151640,1.312843216,planner_track,0.011922181,0.000476790,0.009882535,0.000214469,0.074954798,0.007247183,a,3,4,4,7
24.370000,SS,3,1,0.540932358,-0.285668566,0.539950234,-1.403110303,-0.194872161,-1.261886581,1.310795799,planner_track,0.012788943,0.000555923,0.009510214,0.000162890,0.065459409,0.007166626,a,3,4,4,7
24.470000,SS,3,1,0.540325759,-0.319715966,0.572128206,-1.327638718,-0.196135284,-1.284855296,1.313230899,planner_track,0.013649360,0.000645455,0.009119400,0.000114325,0.056691206,0.007314011,a,3,4,4,7
24.570000,SS,3,1,0.539287155,-0.350634594,0.606302038,-1.263637880,-0.195193335,-1.301585280,1.311538946,planner_track,0.014494526,0.000743447,0.008711839,0.000068998,0.048658358,0.007745246,a,3,4,4,7
24.670000,SS,3,1,0.537818861,-0.376746898,0.621157969,-1.176910847,-0.193112998,-1.305742551,1.296459419,planner_track,0.015312893,0.000847934,0.008289346,0.000027109,0.041365661,0.008465936,a,3,4,4,7
24.770000,SS,3,1,0.535926910,-0.397774709,0.617940681,-1.068734704,-0.189920017,-1.299334729,1.270380594,planner_track,0.016088745,0.000957706,0.007853903,-0.000011066,0.034814768,0.009443637,a,3,4,4,7
24.870000,SS,3,1,0.533620674,-0.413614839,0.598004198,-0.940671822,-0.185536035,-1.282340363,1.233543341,planner_track,0.016808606,0.001072093,0.007407647,-0.000045235,0.029004922,0.010632824,a,3,4,4,7
24.970000,SS,3,1,0.530912346,-0.425360126,0.576055805,-0.819700181,-0.179373474,-1.259559939,1.192476164,planner_track,0.017456288,0.001190238,0.006952841,-0.000075110,0.023933724,0.011982657,a,3,4,4,7
25.070000,SS,3,1,0.527815174,-0.435017381,0.577289585,-0.754550538,-0.170171244,-1.237971419,1.157571065,planner_track,0.018016545,0.001309409,0.006491782,-0.000100522,0.019597605,0.013419548,a,3,4,4,7
25.170000,SS,3,1,0.524343656,-0.438613351,0.560932818,-0.673559673,-0.159774504,-1.199972475,1.105357314,planner_track,0.018489077,0.001425881,0.006026762,-0.000121518,0.015988802,0.014864650,a,3,4,4,7
25.270000,SS,3,1,0.520516948,-0.435808883,0.528936866,-0.578985153,-0.148537772,-1.150069826,1.039967663,planner_track,0.018853567,0.001536928,0.005560191,-0.000138043,0.013090260,0.016251352,a,3,4,4,7
25.370000,SS,3,1,0.516358156,-0.426642720,0.483578989,-0.473066485,-0.136122442,-1.088212891,0.962307544,planner_track,0.019099462,0.001640496,0.005094635,-0.000150066,0.010866616,0.017532095,a,3,4,4,7
25.470000,SS,3,1,0.511894210,-0.411148916,0.426968724,-0.358706259,-0.122594917,-1.014680610,0.872371477,planner_track,0.019215977,0.001735031,0.004632786,-0.000157575,0.009249989,0.018670860,a,3,4,4,7
25.570000,SS,3,1,0.507154911,-0.384804085,0.399954110,-0.277696950,-0.107946083,-0.939432930,0.780593011,planner_track,0.019188871,0.001818394,0.004177433,-0.000160729,0.008130128,0.019622715,a,3,4,4,7
25.670000,SS,3,1,0.502172371,-0.351713278,0.367249665,-0.196997793,-0.091812229,-0.850214168,0.674952257,planner_track,0.019019819,0.001887749,0.003731424,-0.000159969,0.007363570,0.020339861,a,3,4,4,7
25.770000,SS,3,1,0.496982889,-0.312138706,0.327621330,-0.116428097,-0.074290411,-0.748636379,0.556616411,planner_track,0.018698494,0.001940667,0.003297692,-0.000155684,0.006805448,0.020774704,a,3,4,4,7
25.870000,SS,3,1,0.491626727,-0.266045043,0.283620519,-0.039445402,-0.055175903,-0.634905879,0.426199027,planner_track,0.018221570,0.001974985,0.002879298,-0.000148271,0.006342209,0.020886136,a,3,4,4,7
25.970000,SS,3,1,0.486147991,-0.213336824,0.237762851,0.030105091,-0.034398693,-0.509350979,0.283959628,planner_track,0.017588768,0.001988662,0.002479417,-0.000138142,0.005905331,0.020635000,a,3,4,4,7
26.070000,SS,3,1,0.480594453,-0.153867228,0.192570198,0.088156809,-0.011458085,-0.373691804,0.132469274,planner_track,0.016810528,0.001979623,0.002101352,-0.000125760,0.005467030,0.019984653,a,3,4,4,7
26.170000,SS,3,1,0.475017084,-0.087427459,0.150280510,0.130156176,0.014282626,-0.225606348,-0.029643216,planner_track,0.015920920,0.001945599,0.001748571,-0.000111695,0.005028312,0.018905359,a,3,4,4,7
26.270000,SS,3,1,0.469463948,-0.013514877,0.112987329,0.151203141,-0.008473858,-0.125367905,-0.088505278,planner_track,0.014644300,0.001884326,0.001423313,-0.000096335,0.004605180,0.017296699,a,3,4,4,7
26.380000,DS,3,0,0.468855946,nan,nan,nan,0.000000000,0.000000000,0.000000000,ds_hold,0.000000000,0.000000000,0.000000000,0.000000000,0.004184346,0.048887307,a,4,4,4,8
26.390000,DS,3,0,0.468139997,nan,nan,nan,0.000000000,0.000000000,0.000000000,ds_hold,0.008359638,-0.000012492,-0.000038836,-0.000004494,0.003386898,0.108464152,a,4,4,4,8
26.400000,DS,3,0,0.467388370,nan,nan,nan,0.000000000,0.000000000,0.000000000,ds_hold,0.018309627,-0.000023962,-0.000081261,-0.000011139,0.002574890,0.151318671,a,4,4,4,8
26.410000,DS,3,0,0.466613355,nan,nan,nan,0.000000000,0.000000000,0.000000000,ds_hold,0.028326825,-0.000042896,-0.000136702,-0.000018326,0.001883945,0.171863307,a,4,4,4,8
26.420000,DS,3,0,0.465858688,nan,nan,nan,0.000000000,0.000000000,0.000000000,ds_hold,0.035909268,-0.000060552,-0.000197565,-0.000022214,0.001340777,0.170447943,a,4,4,4,8
26.430000,DS,3,0,0.465101470,nan,nan,nan,0.000000000,0.000000000,0.000000000,ds_hold,0.042251525,-0.000080535,-0.000265594,-0.000027345,0.000937044,0.155012463,a,4,4,4,8
26.440000,DS,3,0,0.464357387,nan,nan,nan,0.000000000,0.000000000,0.000000000,ds_hold,0.046170933,-0.000103820,-0.000339569,-0.000030630,0.000643190,0.129884646,a,4,4,4,8
26.450000,DS,3,0,0.463616732,nan,nan,nan,0.000000000,0.000000000,0.000000000,ds_hold,0.048928771,-0.000129786,-0.000418795,-0.000032662,0.000436754,0.107879790,a,4,4,4,8
26.460000,DS,3,0,0.462880364,nan,nan,nan,0.000000000,0.000000000,0.000000000,ds_hold,0.050537542,-0.000159675,-0.000500979,-0.000034357,0.000291268,0.079559820,a,4,4,4,8
26.470000,DS,3,0,0.462146551,nan,nan,nan,0.000000000,0.000000000,0.000000000,ds_hold,0.052212921,-0.000191458,-0.000585687,-0.000034416,0.000193321,0.073641389,a,4,4,4,8
26.480000,DS,3,0,0.461417273,nan,nan,nan,0.000000000,0.000000000,0.000000000,ds_hold,0.053993626,-0.000225598,-0.000671028,-0.000033834,0.000124203,0.055947074,a,4,4,4,8
26.490000,DS,3,0,0.460689963,nan,nan,nan,0.000000000,0.000000000,0.000000000,ds_hold,0.056803193,-0.000260114,-0.000756907,-0.000031952,0.000080397,0.073375767,a,4,4,4,8
26.500000,DS,3,0,0.459969655,nan,nan,nan,0.000000000,0.000000000,0.000000000,ds_hold,0.060444721,-0.000295792,-0.000841815,-0.000029229,0.000048805,0.071380195,a,4,4,4,8
26.510000,DS,3,0,0.459254532,nan,nan,nan,0.000000000,0.000000000,0.000000000,ds_hold,0.065241941,-0.000330419,-0.000925913,-0.000025325,0.000029715,0.085103598,a,4,4,4,8
26.520000,DS,3,0,0.458549375,nan,nan,nan,0.000000000,0.000000000,0.000000000,ds_hold,0.070859470,-0.000365827,-0.001007685,-0.000020585,0.000015389,0.080085167,a,4,4,4,8
26.530000,DS,3,0,0.457851289,nan,nan,nan,0.000000000,0.000000000,0.000000000,ds_hold,0.077203233,-0.000399900,-0.001087502,-0.000014628,0.000007700,0.086257440,a,4,4,4,8
26.540000,DS,3,0,0.457168042,nan,nan,nan,0.000000000,0.000000000,0.000000000,ds_hold,0.083864443,-0.000434438,-0.001164085,-0.000006951,0.000003043,0.077121268,a,4,4,4,8
26.550000,DS,3,0,0.456489712,nan,nan,nan,0.000000000,0.000000000,0.000000000,ds_hold,0.090640640,-0.000467493,-0.001238033,0.000001503,0.000001458,0.079590956,a,4,4,4,8
26.560000,DS,3,0,0.455830792,nan,nan,nan,0.000000000,0.000000000,0.000000000,ds_hold,0.097314973,-0.000500593,-0.001308392,0.000012750,0.000005593,0.069435220,a,4,4,4,8
26.570000,DS,3,0,0.455175301,nan,nan,nan,0.000000000,0.000000000,0.000000000,ds_hold,0.103598081,-0.000531962,-0.001376054,0.000024820,0.000003793,0.070089045,a,4,4,4,8
26.580000,DS,3,0,0.454540307,nan,nan,nan,0.000000000,0.000000000,0.000000000,ds_hold,0.109592051,-0.000563170,-0.001440061,0.000039949,0.000006553,0.061003650,a,4,4,4,8
26.590000,DS,3,0,0.453910452,nan,nan,nan,0.000000000,0.000000000,0.000000000,ds_hold,0.114909112,-0.000592432,-0.001501607,0.000056677,0.000004230,0.060266006,a,4,4,4,8
26.600000,DS,3,0,0.453297823,nan,nan,nan,0.000000000,0.000000000,0.000000000,ds_hold,0.119864667,-0.000621540,-0.001559682,0.000075598,0.000005941,0.053940159,a,4,4,4,8
26.610000,DS,3,0,0.452693581,nan,nan,nan,0.000000000,0.000000000,0.000000000,ds_hold,0.124057273,-0.000648604,-0.001615614,0.000096854,0.000004450,0.051949055,a,4,4,4,8
26.620000,DS,3,0,0.452099746,nan,nan,nan,0.000000000,0.000000000,0.000000000,ds_hold,0.127887442,-0.000675794,-0.001668244,0.000118296,0.000004996,0.050168661,a,4,4,4,8
26.630000,DS,3,0,0.451517275,nan,nan,nan,0.000000000,0.000000000,0.000000000,ds_hold,0.131026499,-0.000700905,-0.001718950,0.000142203,0.000004407,0.047097227,a,4,4,4,8
26.640000,DS,3,0,0.450944772,nan,nan,nan,0.000000000,0.000000000,0.000000000,ds_hold,0.133820854,-0.000727007,-0.001765656,0.000165984,0.000005009,0.050983370,a,4,4,4,8
26.650000,DS,3,0,0.450383746,nan,nan,nan,0.000000000,0.000000000,0.000000000,ds_hold,0.135987153,-0.000751752,-0.001809868,0.000192013,0.000003333,0.047333831,a,4,4,4,8
26.660000,DS,3,0,0.449829244,nan,nan,nan,0.000000000,0.000000000,0.000000000,ds_hold,0.137850809,-0.000777916,-0.001850036,0.000216791,0.000006426,0.057926046,a,4,4,4,8
26.670000,DS,3,0,0.449285845,nan,nan,nan,0.000000000,0.000000000,0.000000000,ds_hold,0.139156571,-0.000802791,-0.001887823,0.000243488,0.000004353,0.054376468,a,4,4,4,8
26.680000,DS,3,0,0.448747502,nan,nan,nan,0.000000000,0.000000000,0.000000000,ds_hold,0.140197834,-0.000829162,-0.001921763,0.000268512,0.000008766,0.067751980,a,4,4,4,8
26.690000,DS,3,0,0.448218399,nan,nan,nan,0.000000000,0.000000000,0.000000000,ds_hold,0.140715517,-0.000854036,-0.001953638,0.000294988,0.000006646,0.062454443,a,4,4,4,8
26.700000,DS,3,0,0.447693733,nan,nan,nan,0.000000000,0.000000000,0.000000000,ds_hold,0.141017106,-0.000879983,-0.001982107,0.000319638,0.000010250,0.074343567,a,4,4,4,8
26.710000,DS,3,0,0.447175687,nan,nan,nan,0.000000000,0.000000000,0.000000000,ds_hold,0.140853404,-0.000904146,-0.002008910,0.000345101,0.000007644,0.066353934,a,4,4,4,8
26.720000,DS,3,0,0.446662089,nan,nan,nan,0.000000000,0.000000000,0.000000000,ds_hold,0.140537497,-0.000928921,-0.002032803,0.000368750,0.000010641,0.076476255,a,4,4,4,8
26.730000,DS,3,0,0.446152571,nan,nan,nan,0.000000000,0.000000000,0.000000000,ds_hold,0.139828494,-0.000951775,-0.002055397,0.000392619,0.000007671,0.066615066,a,4,4,4,8
26.740000,DS,3,0,0.445647828,nan,nan,nan,0.000000000,0.000000000,0.000000000,ds_hold,0.139019567,-0.000975015,-0.002075495,0.000414826,0.000010606,0.075921412,a,4,4,4,8
26.750000,DS,3,0,0.445145261,nan,nan,nan,0.000000000,0.000000000,0.000000000,ds_hold,0.137874464,-0.000996349,-0.002094600,0.000436919,0.000007458,0.065046492,a,4,4,4,8
26.760000,DS,3,0,0.444647842,nan,nan,nan,0.000000000,0.000000000,0.000000000,ds_hold,0.136655729,-0.001018067,-0.002111507,0.000457597,0.000010656,0.074205133,a,4,4,4,8
26.770000,DS,3,0,0.444151456,nan,nan,nan,0.000000000,0.000000000,0.000000000,ds_hold,0.135133803,-0.001037992,-0.002127679,0.000478139,0.000007376,0.062667389,a,4,4,4,8
26.780000,DS,3,0,0.443660480,nan,nan,nan,0.000000000,0.000000000,0.000000000,ds_hold,0.133539072,-0.001058442,-0.002141857,0.000497566,0.000010967,0.072060352,a,4,4,4,8
26.790000,DS,3,0,0.443170030,nan,nan,nan,0.000000000,0.000000000,0.000000000,ds_hold,0.131656393,-0.001077279,-0.002155519,0.000517096,0.000007532,0.059924736,a,4,4,4,8
26.800000,DS,3,0,0.442684600,nan,nan,nan,0.000000000,0.000000000,0.000000000,ds_hold,0.129694137,-0.001096886,-0.002167299,0.000535658,0.000011474,0.069933934,a,4,4,4,8
26.810000,DS,3,0,0.442199482,nan,nan,nan,0.000000000,0.000000000,0.000000000,ds_hold,0.127468384,-0.001115094,-0.002178740,0.000554603,0.000007882,0.057385576,a,4,4,4,8
26.820000,DS,3,0,0.441717570,nan,nan,nan,0.000000000,0.000000000,0.000000000,ds_hold,0.125188678,-0.001134356,-0.002188326,0.000572231,0.000011913,0.068401723,a,4,4,4,8
26.830000,DS,3,0,0.441236039,nan,nan,nan,0.000000000,0.000000000,0.000000000,ds_hold,0.122711501,-0.001152313,-0.002197726,0.000590381,0.000008243,0.055788469,a,4,4,4,8
26.840000,DS,3,0,0.440755768,nan,nan,nan,0.000000000,0.000000000,0.000000000,ds_hold,0.120232979,-0.001171470,-0.002205326,0.000606717,0.000012122,0.067792350,a,4,4,4,8
26.850000,DS,3,0,0.440275889,nan,nan,nan,0.000000000,0.000000000,0.000000000,ds_hold,0.117643748,-0.001189274,-0.002212908,0.000623547,0.000008450,0.055228905,a,4,4,4,8
26.860000,DS,3,0,0.439796227,nan,nan,nan,0.000000000,0.000000000,0.000000000,ds_hold,0.115101647,-0.001208251,-0.002218836,0.000638294,0.000012109,0.067840936,a,4,4,4,8
26.870000,DS,3,0,0.439316578,nan,nan,nan,0.000000000,0.000000000,0.000000000,ds_hold,0.112527513,-0.001225788,-0.002224915,0.000653383,0.000008452,0.055179934,a,4,4,4,8
26.880000,SS,4,1,0.433678224,0.580952587,-1.129887036,4.999991822,-0.213380962,0.411415593,-2.484609213,planner_track,0.025386756,-0.000345357,-0.000085887,-0.000070424,0.799703548,0.933603771,b,4,4,5,9
26.980000,SS,4,1,0.428545699,0.580972530,-1.549397281,4.999990090,-0.505809053,1.044279212,-3.877692918,planner_track,0.033183761,-0.000651700,-0.000108679,-0.000119820,0.797916869,1.438444787,b,4,4,5,9
27.080000,SS,4,1,0.424207314,0.708642099,-1.601780806,4.999992983,-0.821976233,1.413068250,-5.000000000,planner_track,0.046768017,-0.000974965,-0.000123011,-0.000129350,0.793507190,1.692265569,b,4,4,5,9
27.180000,SS,4,1,0.420962649,0.690807612,-1.622377454,4.999993620,-0.984207989,1.751649853,-5.000000000,planner_track,0.056195037,-0.001375197,-0.000134806,-0.000108965,0.785563689,1.774290689,b,4,4,5,9
27.280000,SS,4,1,0.419102175,0.639924524,-1.613671124,4.999993237,-1.142689923,2.079714015,-5.000000000,planner_track,0.063220773,-0.001880599,-0.000150331,-0.000063229,0.773413708,1.742357813,b,4,4,5,9
27.380000,SS,4,1,0.418873318,0.539334546,-1.561809249,4.999991905,-1.227899793,2.351842111,-5.000000000,planner_track,0.068379442,-0.002499951,-0.000167119,0.000002732,0.756622835,1.638762714,b,4,4,5,9
27.480000,SS,4,1,0.420446574,0.397306660,-1.474041683,4.999987548,-1.262455743,2.589437789,-5.000000000,planner_track,0.071733846,-0.003228064,-0.000177725,0.000082027,0.734979129,1.494005834,b,4,4,5,9
27.580000,SS,4,1,0.423921711,0.194427721,-1.349666357,4.999976464,-1.247439673,2.783134650,-5.000000000,planner_track,0.073447878,-0.004048421,-0.000172484,0.000167744,0.708472654,1.329433556,b,4,4,5,9
27.680000,SS,4,1,0.429323671,-0.054183471,-1.186855570,4.912904907,-1.197388686,2.887482866,-5.000000000,planner_track,0.073714174,-0.004937277,-0.000142107,0.000253106,0.677272241,1.160021588,b,4,4,5,9
27.780000,SS,4,1,0.436554305,-0.423655835,-0.948193527,4.160796005,-1.158353535,2.870846704,-5.000000000,planner_track,0.072568952,-0.005891174,-0.000098391,0.000329164,0.641661054,0.995860464,b,4,4,5,9
27.880000,SS,4,1,0.445397185,-0.838254910,-0.602271021,3.490561877,-1.044616460,2.768356764,-5.000000000,planner_track,0.070127819,-0.006923935,-0.000070784,0.000386788,0.602052439,0.843043371,b,4,4,5,9
27.980000,SS,4,1,0.455557920,-1.282780689,-0.145050009,2.925066015,-0.871130947,2.602580142,-4.816510960,planner_track,0.067032698,-0.008037344,-0.000080416,0.000417970,0.559013900,0.705021409,b,4,4,5,9
28.080000,SS,4,1,0.466710305,-1.729345702,0.397331906,2.440778405,-0.668951244,2.395029181,-3.589886167,planner_track,0.065715731,-0.009221509,-0.000138578,0.000416421,0.513221984,0.583346291,b,4,4,5,9
28.180000,SS,4,1,0.478602875,-2.155476315,1.006281140,2.030112914,-0.423520810,2.139815719,-2.320976969,planner_track,0.071051959,-0.010450813,-0.000242075,0.000379154,0.465440548,0.478173424,b,4,4,5,9
28.280000,SS,4,1,0.490997013,-2.538909149,1.641185049,1.667969441,-0.158385226,1.836891719,-1.056358064,planner_track,0.087007308,-0.011683370,-0.000375212,0.000306879,0.416497152,0.388779922,b,4,4,5,9
28.380000,SS,4,1,0.503647878,-2.857932041,2.271373739,1.329467568,0.100694200,1.473366001,0.156148747,planner_track,0.113254851,-0.012866013,-0.000514363,0.000204205,0.367250693,0.313845871,b,4,4,5,9
28.480000,SS,4,1,0.516318358,-3.101568482,2.858203571,1.005848968,0.351243319,1.040695170,1.405204338,planner_track,0.145308884,-0.013940557,-0.000630046,0.000078710,0.318563748,0.251917091,b,4,4,5,9
28.580000,SS,4,1,0.528736134,-3.270295711,3.388147408,0.698378221,0.604587518,0.522504010,2.504596430,planner_track,0.185221216,-0.014844431,-0.000701040,-0.000057768,0.271279873,0.200974431,b,4,4,5,9
28.680000,SS,4,1,0.540681165,-3.302212702,3.821899009,0.444900133,0.734756852,-0.021348944,3.400742090,planner_track,0.224583951,-0.015522839,-0.000696416,-0.000195634,0.226201913,0.160904410,b,4,4,5,9
28.780000,SS,4,1,0.551934536,-3.295077657,4.153329626,0.122150212,0.913058898,-0.663984035,4.392732785,planner_track,0.262694049,-0.015926445,-0.000597089,-0.000322229,0.184067784,0.130826121,b,4,4,5,9
28.880000,SS,4,1,0.562276178,-3.183870027,4.365134288,-0.147774551,1.029420426,-1.312569371,5.000000000,planner_track,0.297554499,-0.016016196,-0.000392238,-0.000428106,0.145533392,0.111159283,b,4,4,5,9
28.980000,SS,4,1,0.571472282,-3.033938446,4.464203032,-0.663083367,1.116236434,-1.975892713,5.000000000,planner_track,0.326689652,-0.015766670,-0.000080264,-0.000506240,0.111150755,0.101663667,b,4,4,5,9
29.080000,SS,4,1,0.579263749,-2.848858865,4.436173614,-1.349247670,1.168528707,-2.608617965,5.000000000,planner_track,0.348473461,-0.015170463,0.000327537,-0.000552836,0.081345087,0.100307363,b,4,4,5,9
29.180000,SS,4,1,0.585439352,-2.592269203,4.257880762,-1.933516210,1.180598937,-3.151372812,5.000000000,planner_track,0.361636847,-0.014235969,0.000812742,-0.000567473,0.056403015,0.103856024,b,4,4,5,9
29.280000,SS,4,1,0.589861794,-2.277059811,3.939104547,-2.410744346,1.159965419,-3.560236632,5.000000000,planner_track,0.365516872,-0.012983902,0.001353735,-0.000552628,0.036471532,0.109349910,b,4,4,5,9
29.380000,SS,4,1,0.592469412,-1.923939902,3.468826723,-2.786041114,1.083679023,-3.786288391,5.000000000,planner_track,0.359860766,-0.011453019,0.001926618,-0.000512342,0.021572279,0.115135337,b,4,4,5,9
29.480000,SS,4,1,0.593257263,-1.559339573,2.902521213,-3.014960188,0.964292954,-3.789392382,5.000000000,planner_track,0.346444374,-0.009722206,0.002501343,-0.000447863,0.011681942,0.121190398,b,4,4,5,9
29.580000,SS,4,1,0.592344668,-1.202878533,2.307843436,-3.027797313,0.827024893,-3.539694574,5.000000000,planner_track,0.327618165,-0.007880339,0.003048857,-0.000361236,0.006934538,0.127413934,b,4,4,5,9
29.680000,SS,4,1,0.589990001,-0.870970092,1.701236517,-2.907275441,0.659948342,-3.026258349,4.939508189,planner_track,0.304701786,-0.006017694,0.003543435,-0.000256635,0.006154167,0.132953520,b,4,4,5,9
29.780000,SS,4,1,0.586576524,-0.578063158,1.108284351,-2.725815689,0.468870315,-2.248090496,3.378080759,planner_track,0.278796247,-0.004226660,0.003961278,-0.000139852,0.006264710,0.136237590,b,4,4,5,9
29.880000,SS,4,1,0.582497668,-0.340718165,0.560541196,-2.555166413,0.260168901,-1.227500741,1.822348516,planner_track,0.251285024,-0.002603133,0.004276476,-0.000018394,0.006117837,0.135339583,b,4,4,5,9
29.980000,SS,4,1,0.578028077,-0.181318798,0.125787183,-2.418782252,0.316619969,-0.731246252,1.713849903,planner_track,0.227410721,-0.001204969,0.004470942,0.000095010,0.005804042,0.130230922,b,4,4,5,9
30.080000,SS,4,1,0.573236327,-0.069742986,-0.137325813,-2.204463977,0.283067478,-0.493204964,1.456803437,planner_track,0.204378590,-0.000029945,0.004553483,0.000190439,0.005456537,0.122136917,b,4,4,5,9
30.180000,SS,4,1,0.568185375,0.005305132,-0.341112091,-2.071040455,0.215092515,-0.385784972,1.178388960,planner_track,0.181138261,0.000934948,0.004540270,0.000266276,0.005129729,0.112236090,b,4,4,5,9
30.280000,SS,4,1,0.562929898,0.055521192,-0.501843206,-1.921021953,0.172322358,-0.320787998,0.981810426,planner_track,0.158630762,0.001706681,0.004446458,0.000323535,0.004841593,0.101529065,b,4,4,5,9
30.380000,DS,4,0,0.554783808,0.408318433,0.072103578,-0.817787050,0.697225203,0.150104997,1.997540772,ds_hold,0.000000000,0.000000000,0.000000000,0.000000000,0.000199445,0.036994487,b,4,5,5,10
30.480000,DS,4,0,0.548939623,0.596639377,-0.623704943,1.668971439,-0.726777205,-0.798850310,-0.914571804,ds_hold,0.017315306,0.000384232,-0.000439003,0.000054611,0.000005710,0.078056275,b,4,5,5,10
30.580000,DS,4,0,0.543741498,0.565442721,-0.131620529,0.222218384,-0.520156732,-0.540227094,-0.734404800,ds_hold,0.033663542,0.000668095,-0.000680467,0.000040534,0.000004987,0.056346120,b,4,5,5,10
30.680000,DS,4,0,0.538721666,0.378401574,-0.364896174,0.078209147,-0.419320864,-0.601680277,-0.583467154,ds_hold,0.042036659,0.000841124,-0.000812288,-0.000016184,0.000003117,0.038016480,b,4,5,5,10
30.780000,DS,4,0,0.533764390,0.289973629,-0.486747622,0.058220210,-0.260046053,-0.612993390,0.018423047,ds_hold,0.046556808,0.000942491,-0.000911967,-0.000102750,0.000002014,0.022285782,b,4,5,5,10
30.880000,DS,4,0,0.528852953,0.250868914,-0.550636404,0.116455102,-0.195036118,-0.661827589,0.410563056,ds_hold,0.049122269,0.001007787,-0.001003821,-0.000195169,0.000001136,0.011516691,b,4,5,5,10
30.980000,DS,4,0,0.523984852,0.248073085,-0.559894052,0.191891077,-0.157959484,-0.621429992,0.557856519,ds_hold,0.051180420,0.001057972,-0.001098202,-0.000279372,0.000000870,0.007725814,b,4,5,5,10
31.080000,DS,4,0,0.519162443,0.262779214,-0.534322644,0.274785735,-0.145656522,-0.587480054,0.566185049,ds_hold,0.053454767,0.001099614,-0.001197868,-0.000348783,0.000000702,0.006221382,b,4,5,5,10
31.180000,DS,4,0,0.514388679,0.281212088,-0.492161998,0.351616541,-0.153443419,-0.574317739,0.531599725,ds_hold,0.056598379,0.001135750,-0.001302104,-0.000403250,0.000000502,0.004994764,b,4,5,5,10
31.280000,DS,4,0,0.509666855,0.297604622,-0.445579092,0.424786881,-0.167282455,-0.572721956,0.482910264,ds_hold,0.061060068,0.001167419,-0.001408393,-0.000446323,0.000000307,0.003813043,b,4,5,5,10
31.380000,DS,4,0,0.504999746,0.308207430,-0.402277118,0.489529280,-0.179819527,-0.569644330,0.432732854,ds_hold,0.066996802,0.001195325,-0.001513485,-0.000482881,0.000000214,0.003586752,b,4,5,5,10
31.480000,DS,4,0,0.500389289,0.312487358,-0.365158699,0.545643811,-0.186856601,-0.560121867,0.387887485,ds_hold,0.074261769,0.001219922,-0.001614340,-0.000517474,0.000000253,0.004075757,b,4,5,5,10
31.580000,DS,4,0,0.495836148,0.311449228,-0.334477509,0.593549727,-0.187091435,-0.541671551,0.350534221,ds_hold,0.082516839,0.001241613,-0.001708689,-0.000553503,0.000000312,0.004631873,b,4,5,5,10
31.680000,DS,4,0,0.491339756,0.306973272,-0.308843629,0.635096153,-0.180970082,-0.514893894,0.320896944,ds_hold,0.091355085,0.001260747,-0.001795239,-0.000592948,0.000000339,0.004897509,b,4,5,5,10
31.780000,DS,4,0,0.486898525,0.301051391,-0.286316858,0.672342688,-0.169976220,-0.481812773,0.297695809,ds_hold,0.100384423,0.001277605,-0.001873617,-0.000636478,0.000000333,0.004843509,b,4,5,5,10
31.880000,DS,4,0,0.482510216,0.295370063,-0.265029287,0.707189439,-0.155975888,-0.445040752,0.279068156,ds_hold,0.109265905,0.001292398,-0.001944157,-0.000683765,0.000000304,0.004564619,b,4,5,5,10
31.980000,DS,4,0,0.478172314,0.291087083,-0.243561737,0.741055406,-0.140740511,-0.407068940,0.263119747,ds_hold,0.117723659,0.001305267,-0.002007630,-0.000733868,0.000000265,0.004184373,b,4,5,5,10
32.080000,DS,4,0,0.473882339,0.288794687,-0.221073465,0.774794164,-0.125671881,-0.369879117,0.248295034,ds_hold,0.125541559,0.001316293,-0.002064996,-0.000785583,0.000000226,0.003804688,b,4,5,5,10
32.180000,DS,4,0,0.469638056,0.288601730,-0.197268524,0.808746523,-0.111697819,-0.334794914,0.233538811,ds_hold,0.132555536,0.001325518,-0.002117206,-0.000837714,0.000000193,0.003483401,b,4,5,5,10
32.280000,DS,4,0,0.465437586,0.290274321,-0.172268909,0.842871342,-0.099290418,-0.302504489,0.218304054,ds_hold,0.138645712,0.001332960,-0.002165086,-0.000889251,0.000000168,0.003233935,b,4,5,5,10
32.380000,DS,4,0,0.461279427,0.293386251,-0.146455599,0.876898147,-0.088555729,-0.273183100,0.202464018,ds_hold,0.143729870,0.001338631,-0.002209283,-0.000939442,0.000000150,0.003041579,b,4,5,5,10
32.480000,DS,4,0,0.457162421,0.297448528,-0.120319419,0.910464497,-0.079352577,-0.246657314,0.186181428,ds_hold,0.147758511,0.001342546,-0.002250259,-0.000987801,0.000000138,0.002883795,b,4,5,5,10
32.580000,DS,4,0,0.453085678,0.302003215,-0.094345284,0.943218679,-0.071409409,-0.222567621,0.169774631,ds_hold,0.150711167,0.001344733,-0.002288321,-0.001034075,0.000000129,0.002742845,b,4,5,5,10
32.680000,DS,4,0,0.449048505,0.306678709,-0.068938259,0.974882303,-0.064419635,-0.200501716,0.153605855,ds_hold,0.152593520,0.001345232,-0.002323667,-0.001078179,0.000000122,0.002608690,b,4,5,5,10
32.780000,DS,4,0,0.445050329,0.311211327,-0.044389187,1.005276718,-0.058106632,-0.180085537,0.138003199,ds_hold,0.153434893,0.001344095,-0.002356429,-0.001120132,0.000000115,0.002476868,b,4,5,5,10
32.880000,DS,4,0,0.441090639,0.315442045,-0.020871356,1.034322160,-0.052258207,-0.161031399,0.123217492,ds_hold,0.153285845,0.001341388,-0.002386711,-0.001160006,0.000000109,0.002345738,b,4,5,5,10
32.980000,DS,4,0,0.437168951,0.319298182,0.001542664,1.062020058,-0.046735912,-0.143150713,0.109408505,ds_hold,0.152215722,0.001337182,-0.002414618,-0.001197881,0.000000103,0.002214856,b,4,5,5,10
33.080000,DS,4,0,0.433284777,0.322768744,0.022854369,1.088427956,-0.041467117,-0.126342535,0.096651926,ds_hold,0.150310147,0.001331553,-0.002440269,-0.001233827,0.000000097,0.002084397,b,4,5,5,10
33.180000,DS,4,0,0.429437623,0.325879922,0.043111038,1.113634214,-0.036427869,-0.110569342,0.084958146,ds_hold,0.147668502,0.001324577,-0.002463802,-0.001267886,0.000000091,0.001955016,b,4,5,5,10
33.280000,DS,4,0,0.425626988,0.328674742,0.062381185,1.137736991,-0.031623065,-0.095829322,0.074295253,ds_hold,0.144401487,0.001316329,-0.002485375,-0.001300078,0.000000084,0.001827722,b,4,5,5,10
33.380000,DS,4,0,0.421852365,0.331198621,0.080736413,1.160829530,-0.027068463,-0.082131637,0.064610968,ds_hold,0.140628825,0.001306878,-0.002505155,-0.001330406,0.000000077,0.001703673,b,4,5,5,10
33.480000,DS,4,0,0.418113254,0.333490891,0.098240232,1.182991910,-0.022777011,-0.069478469,0.055850775,ds_hold,0.136477130,0.001296289,-0.002523318,-0.001358863,0.000000071,0.001583938,b,4,5,5,10
33.580000,DS,4,0,0.414409161,0.335581327,0.114942966,1.204288234,-0.018750276,-0.057855164,0.047971481,ds_hold,0.132077921,0.001284621,-0.002540033,-0.001385438,0.000000065,0.001469330,b,4,5,5,10
33.680000,DS,4,0,0.410739608,0.337490206,0.130881130,1.224767706,-0.014974159,-0.047226174,0.040949482,ds_hold,0.127565645,0.001271923,-0.002555467,-0.001410129,0.000000059,0.001360334,b,4,5,5,10
33.780000,DS,4,0,0.407104132,0.339230441,0.146079420,1.244467956,-0.011416338,-0.037529833,0.034781477,ds_hold,0.123075525,0.001258240,-0.002569771,-0.001432944,0.000000054,0.001257081,b,4,5,5,10
33.880000,DS,4,0,0.403502283,0.340810568,0.160553464,1.263419282,-0.008023544,-0.028670216,0.029480192,ds_hold,0.118740980,0.001243604,-0.002583087,-0.001453903,0.000000049,0.001159287,b,4,5,5,10
33.980000,DS,4,0,0.399933619,0.342237983,0.174311683,1.281649453,-0.004730487,-0.020547434,0.025091886,ds_hold,0.114690301,0.001228035,-0.002595545,-0.001473041,0.000000044,0.001066111,b,4,5,5,10
34.080000,DS,4,0,0.396397699,0.343522779,0.187355010,1.299190863,-0.001529881,-0.013240526,0.021772384,ds_hold,0.111042374,0.001211534,-0.002607268,-0.001490408,0.000000038,0.000976029,b,4,5,5,10
34.180000,DS,4,0,0.392894058,0.344683312,0.199673596,1.316094265,0.001332997,-0.007375357,0.019815593,ds_hold,0.107901495,0.001194064,-0.002618374,-0.001506066,0.000000033,0.000887386,b,4,5,5,10
34.280000,DS,4,0,0.389422188,0.345752453,0.211243319,1.332447200,0.003304478,-0.003949325,0.019257041,ds_hold,0.105352349,0.001175543,-0.002628985,-0.001520088,0.000000027,0.000801771,b,4,5,5,10
34.380000,DS,4,0,0.385981542,0.346773185,0.222047747,1.348359354,0.004214882,-0.002816513,0.019430681,ds_hold,0.103457276,0.001155858,-0.002639223,-0.001532540,0.000000023,0.000727382,b,4,5,5,10
34.480000,DS,4,0,0.382571616,0.347776474,0.232144848,1.363888997,0.004527308,-0.002681863,0.019609167,ds_hold,0.102255176,0.001134913,-0.002649196,-0.001543462,0.000000023,0.000670458,b,4,5,5,10
34.580000,DS,4,0,0.379192010,0.348770212,0.241667574,1.379027884,0.004611666,-0.002718463,0.019512497,ds_hold,0.101758511,0.001112675,-0.002658987,-0.001552876,0.000000022,0.000627021,b,4,5,5,10
34.680000,DS,4,0,0.375842432,0.349741822,0.250729470,1.393735469,0.004583554,-0.002733373,0.019125195,ds_hold,0.101950578,0.001089175,-0.002668657,-0.001560803,0.000000021,0.000589752,b,4,5,5,10
34.780000,DS,4,0,0.372522662,0.350666761,0.259389019,1.407954466,0.004470590,-0.002736837,0.018506939,ds_hold,0.102786990,0.001064509,-0.002678243,-0.001567277,0.000000020,0.000554532,b,4,5,5,10
34.880000,DS,4,0,0.369232527,0.351519237,0.267671724,1.421628950,0.004286751,-0.002760769,0.017724393,ds_hold,0.104200981,0.001038811,-0.002687760,-0.001572348,0.000000018,0.000520469,b,4,5,5,10
34.980000,DS,4,0,0.365971889,0.352276871,0.275587439,1.434713511,0.004046940,-0.002825032,0.016836245,ds_hold,0.106110639,0.001012248,-0.002697209,-0.001576080,0.000000016,0.000488309,b,4,5,5,10
35.080000,DS,4,0,0.362740625,0.352921821,0.283136728,1.447173515,0.003767798,-0.002936777,0.015891914,ds_hold,0.108426474,0.000985003,-0.002706578,-0.001578555,0.000000016,0.000459409,b,4,5,5,10
35.180000,DS,4,0,0.359538621,0.353441356,0.290314688,1.458984110,0.003466281,-0.003094124,0.014932194,ds_hold,0.111058141,0.000957267,-0.002715847,-0.001579863,0.000000016,0.000435137,b,4,5,5,10
35.280000,DS,4,0,0.356365764,0.353828050,0.297114221,1.470129558,0.003158666,-0.003289183,0.013990388,ds_hold,0.113919610,0.000929231,-0.002724990,-0.001580109,0.000000018,0.000416455,b,4,5,5,10
35.380000,DS,4,0,0.353221931,0.354079510,0.303528419,1.480602512,0.002860514,-0.003509550,0.013093929,ds_hold,0.116932609,0.000901084,-0.002733978,-0.001579398,0.000000021,0.000403653,b,4,5,5,10
35.480000,DS,4,0,0.350106991,0.354197792,0.309552141,1.490403224,0.002587861,-0.003737802,0.012266843,ds_hold,0.120028509,0.000873004,-0.002742784,-0.001577844,0.000000024,0.000396273,b,4,5,5,10
35.580000,DS,4,0,0.347020798,0.354188687,0.315183054,1.499538714,0.002361119,-0.003946965,0.011534841,ds_hold,0.123148990,0.000845161,-0.002751381,-0.001575558,0.000000027,0.000393223,b,4,5,5,10
35.680000,DS,4,0,0.343963190,0.354060937,0.320422311,1.508021866,0.002217563,-0.004084064,0.010939812,ds_hold,0.126245872,0.000817706,-0.002759743,-0.001572652,0.000000029,0.000393008,b,4,5,5,10
35.780000,DS,4,0,0.340933992,0.353825423,0.325275094,1.515870363,0.002257607,-0.004008791,0.010594148,ds_hold,0.129280411,0.000790777,-0.002767850,-0.001569230,0.000000032,0.000393816,b,4,5,5,10
35.880000,DS,4,0,0.337933008,0.353494436,0.329751966,1.523105545,0.002845246,-0.003247041,0.010939891,ds_hold,0.132222266,0.000764488,-0.002775684,-0.001565394,0.000000033,0.000392135,b,4,5,5,10
35.980000,DS,4,0,0.334960027,0.353082714,0.333876926,1.529754478,0.005087225,-0.000642749,0.013656987,ds_hold,0.135047756,0.000738890,-0.002783243,-0.001561224,0.000000031,0.000367765,b,4,5,5,10
36.080000,DS,4,0,0.332014693,0.352637773,0.337731226,1.535925176,0.007138261,0.001328366,0.016706883,ds_hold,0.137736437,0.000713781,-0.002790584,-0.001556754,0.000000016,0.000264442,b,4,5,5,10
36.180000,DS,4,0,0.329096131,0.352322455,0.341264898,1.542152719,0.008372457,0.002542326,0.018269198,ds_hold,0.140275714,0.000688785,-0.002797831,-0.001551989,0.000000012,0.000175744,b,4,5,5,10
36.280000,DS,4,0,0.326203663,0.352198550,0.344393075,1.548502356,0.009283249,0.003429953,0.019371282,ds_hold,0.142655337,0.000663682,-0.002805093,-0.001546876,0.000000015,0.000164867,b,4,5,5,10
36.380000,DS,4,0,0.323336897,0.352322813,0.347469174,1.554938258,0.009679755,0.003821073,0.019711659,ds_hold,0.144865406,0.000638364,-0.002812451,-0.001541354,0.000000017,0.000177515,b,4,5,5,10
36.480000,DS,4,0,0.320495553,0.352629036,0.350500848,1.561345362,0.009721402,0.003832391,0.019555095,ds_hold,0.146902606,0.000612826,-0.002819942,-0.001535399,0.000000017,0.000179759,b,4,5,5,10
36.580000,DS,4,0,0.317679429,0.353046634,0.353463547,1.567584903,0.009515551,0.003565444,0.019074395,ds_hold,0.148768539,0.000587119,-0.002827574,-0.001529018,0.000000015,0.000168377,b,4,5,5,10
36.680000,DS,4,0,0.314888365,0.353517799,0.356324695,1.573574059,0.009163574,0.003125645,0.018420293,ds_hold,0.150467952,0.000561324,-0.002835333,-0.001522247,0.000000014,0.000148644,b,4,5,5,10
36.780000,DS,4,0,0.312122214,0.353999039,0.359054443,1.579268688,0.008749077,0.002605820,0.017710504,ds_hold,0.152007393,0.000535520,-0.002843192,-0.001515135,0.000000012,0.000126252,b,4,5,5,10
36.880000,DS,4,0,0.309380830,0.354463169,0.361633314,1.584656600,0.008332444,0.002077709,0.017024862,ds_hold,0.153394213,0.000509780,-0.002851117,-0.001507740,0.000000010,0.000105164,b,4,5,5,10
36.980000,DS,4,0,0.306664049,0.354897676,0.364054291,1.589748406,0.007950787,0.001589154,0.016407828,ds_hold,0.154635941,0.000484160,-0.002859080,-0.001500118,0.000000009,0.000087401,b,4,5,5,10
37.080000,DS,4,0,0.303971698,0.355301229,0.366321507,1.594568300,0.007621320,0.001165549,0.015875571,ds_hold,0.155739949,0.000458700,-0.002867054,-0.001492318,0.000000009,0.000073510,b,4,5,5,10
37.180000,DS,4,0,0.301303586,0.355679623,0.368447172,1.599146399,0.007346576,0.000814219,0.015424964,ds_hold,0.156713325,0.000433430,-0.002875018,-0.001484384,0.000000008,0.000063245,b,4,5,5,10
37.280000,DS,4,0,0.298659514,0.356042035,0.370447982,1.603513184,0.007119969,0.000530140,0.015042149,ds_hold,0.157562862,0.000408367,-0.002882960,-0.001476348,0.000000008,0.000056130,b,4,5,5,10
37.380000,DS,4,0,0.296039274,0.356398103,0.372341879,1.607696013,0.006930612,0.000301561,0.014709267,ds_hold,0.158295108,0.000383522,-0.002890871,-0.001468234,0.000000008,0.000051731,b,4,5,5,10
37.480000,DS,4,0,0.293442657,0.356756013,0.374145629,1.611717413,0.006766870,0.000114579,0.014408998,ds_hold,0.158916431,0.000358902,-0.002898744,-0.001460062,0.000000008,0.000049626,b,4,5,5,10
37.580000,DS,4,0,0.290869453,0.357121545,0.375873363,1.615594702,0.006618599,-0.000043719,0.014127099,ds_hold,0.159433071,0.000334513,-0.002906578,-0.001451844,0.000000008,0.000049300,b,4,5,5,10
37.680000,DS,4,0,0.288319454,0.357497886,0.377536030,1.619340485,0.006478226,-0.000183514,0.013853414,ds_hold,0.159851171,0.000310359,-0.002914370,-0.001443593,0.000000008,0.000050164,b,4,5,5,10
37.780000,DS,4,0,0.285792455,0.357885955,0.379141513,1.622963607,0.006340978,-0.000311662,0.013581817,ds_hold,0.160176785,0.000286442,-0.002922118,-0.001435318,0.000000008,0.000051681,b,4,5,5,10
37.880000,DS,4,0,0.283288257,0.358285007,0.380695172,1.626470256,0.006204547,-0.000431914,0.013309546,ds_hold,0.160415873,0.000262767,-0.002929820,-0.001427028,0.000000008,0.000053465,b,4,5,5,10
37.980000,DS,4,0,0.280806664,0.358693293,0.382200558,1.629864984,0.006068481,-0.000545576,0.013036266,ds_hold,0.160574272,0.000239336,-0.002937472,-0.001418731,0.000000008,0.000055299,b,4,5,5,10
38.080000,DS,4,0,0.278347485,0.359108650,0.383660119,1.633151528,0.005933490,-0.000652346,0.012763115,ds_hold,0.160657671,0.000216154,-0.002945071,-0.001410437,0.000000007,0.000057096,b,4,5,5,10
38.180000,DS,4,0,0.275910531,0.359528952,0.385075785,1.636333384,0.005800844,-0.000751101,0.012491900,ds_hold,0.160671580,0.000193221,-0.002952613,-0.001402154,0.000000007,0.000058848,b,4,5,5,10
38.280000,DS,4,0,0.273495618,0.359952375,0.386449366,1.639414145,0.005671896,-0.000840528,0.012224504,ds_hold,0.160621304,0.000170542,-0.002960093,-0.001393891,0.000000007,0.000060577,b,4,5,5,10
38.380000,DS,4,0,0.271102564,0.360377525,0.387782782,1.642397639,0.005547783,-0.000919541,0.011962512,ds_hold,0.160511921,0.000148119,-0.002967507,-0.001385656,0.000000007,0.000062310,b,4,5,5,10
38.480000,DS,4,0,0.268731188,0.360803436,0.389078139,1.645287931,0.005429279,-0.000987506,0.011707035,ds_hold,0.160348266,0.000125953,-0.002974849,-0.001377457,0.000000007,0.000064060,b,4,5,5,10
38.580000,DS,4,0,0.266381312,0.361229510,0.390337702,1.648089243,0.005316755,-0.001044294,0.011458676,ds_hold,0.160134925,0.000104046,-0.002982118,-0.001369300,0.000000007,0.000065827,b,4,5,5,10
38.680000,DS,4,0,0.264052760,0.361655405,0.391563820,1.650805840,0.005210232,-0.001090235,0.011217587,ds_hold,0.159876231,0.000082398,-0.002989308,-0.001361191,0.000000007,0.000067599,b,4,5,5,10
38.780000,DS,4,0,0.261745357,0.362080939,0.392758821,1.653441914,0.005109462,-0.001125996,0.010983574,ds_hold,0.159576262,0.000061011,-0.002996416,-0.001353135,0.000000007,0.000069355,b,4,5,5,10
38.880000,DS,4,0,0.259458931,0.362505994,0.393924931,1.656001492,0.005014030,-0.001152457,0.010756222,ds_hold,0.159238852,0.000039884,-0.003003440,-0.001345136,0.000000006,0.000071075,b,4,5,5,10
38.980000,DS,4,0,0.257193310,0.362930460,0.395064204,1.658488373,0.004923441,-0.001170580,0.010535000,ds_hold,0.158867593,0.000019017,-0.003010378,-0.001337199,0.000000006,0.000072739,b,4,5,5,10
39.080000,DS,4,0,0.254948324,0.363354191,0.396178488,1.660906088,0.004837194,-0.001181316,0.010319349,ds_hold,0.158465845,-0.000001591,-0.003017226,-0.001329326,0.000000006,0.000074333,b,4,5,5,10
39.180000,DS,4,0,0.252723806,0.363776995,0.397269416,1.663257901,0.004754826,-0.001185539,0.010108744,ds_hold,0.158036746,-0.000021941,-0.003023984,-0.001321519,0.000000006,0.000075847,b,4,5,5,10
39.280000,DS,4,0,0.250519591,0.364198636,0.398338417,1.665546813,0.004675938,-0.001184013,0.009902725,ds_hold,0.157583221,-0.000042033,-0.003030650,-0.001313781,0.000000006,0.000077274,b,4,5,5,10
39.380000,DS,4,0,0.248335512,0.364618844,0.399386739,1.667775589,0.004600204,-0.001177384,0.009700915,ds_hold,0.157107994,-0.000061870,-0.003037222,-0.001306114,0.000000006,0.000078613,b,4,5,5,10
39.480000,DS,4,0,0.246171409,0.365037333,0.400415477,1.669946783,0.004527365,-0.001166187,0.009503010,ds_hold,0.156613595,-0.000081453,-0.003043700,-0.001298519,0.000000006,0.000079867,b,4,5,5,10
39.580000,DS,4,0,0.244027121,0.365453812,0.401425598,1.672062767,0.004457215,-0.001150866,0.009308774,ds_hold,0.156102369,-0.000100784,-0.003050082,-0.001290998,0.000000006,0.000081039,b,4,5,5,10
39.680000,DS,4,0,0.241902489,0.365868002,0.402417973,1.674125757,0.004389594,-0.001131794,0.009118020,ds_hold,0.155576490,-0.000119865,-0.003056367,-0.001283550,0.000000006,0.000082134,b,4,5,5,10
39.780000,DS,4,0,0.239797355,0.366279641,0.403393387,1.676137830,0.004324366,-0.001109293,0.008930597,ds_hold,0.155037964,-0.000138698,-0.003062556,-0.001276178,0.000000006,0.000083159,b,4,5,5,10
39.880000,DS,4,0,0.237711564,0.366688491,0.404352564,1.678100945,0.004261414,-0.001083651,0.008746375,ds_hold,0.154488646,-0.000157285,-0.003068647,-0.001268881,0.000000006,0.000084118,b,4,5,5,10
39.980000,DS,4,0,0.235644962,0.367094338,0.405296168,1.680016953,0.004200630,-0.001055132,0.008565234,ds_hold,0.153930240,-0.000175629,-0.003074641,-0.001261660,0.000000006,0.000085018,b,4,5,5,10
40.080000,DS,4,0,0.233597397,0.367496990,0.406224814,1.681887605,0.004141910,-0.001023986,0.008387062,ds_hold,0.153364314,-0.000193732,-0.003080536,-0.001254516,0.000000006,0.000085863,b,4,5,5,10
40.180000,DS,4,0,0.231568718,0.367896280,0.407139073,1.683714558,0.004085153,-0.000990450,0.008211746,ds_hold,0.152792304,-0.000211597,-0.003086334,-0.001247448,0.000000006,0.000086657,b,4,5,5,10
40.280000,DS,4,0,0.229558777,0.368292056,0.408039471,1.685499381,0.004030258,-0.000954749,0.008039172,ds_hold,0.152215527,-0.000229226,-0.003092034,-0.001240456,0.000000006,0.000087403,b,4,5,5,10
40.380000,DS,4,0,0.227567425,0.368684185,0.408926494,1.687243559,0.003977125,-0.000917099,0.007869231,ds_hold,0.151635185,-0.000246621,-0.003097637,-0.001233541,0.000000006,0.000088106,b,4,5,5,10
40.480000,DS,4,0,0.225594517,0.369072546,0.409800590,1.688948498,0.003925661,-0.000877701,0.007701811,ds_hold,0.151052372,-0.000263786,-0.003103142,-0.001226701,0.000000006,0.000088769,b,4,5,5,10
40.580000,DS,4,0,0.223639908,0.369457032,0.410662172,1.690615524,0.003875772,-0.000836746,0.007536807,ds_hold,0.150468085,-0.000280722,-0.003108551,-0.001219938,0.000000006,0.000089394,b,4,5,5,10
40.680000,DS,4,0,0.221703455,0.369837546,0.411511621,1.692245894,0.003827372,-0.000794410,0.007374115,ds_hold,0.149883228,-0.000297432,-0.003113864,-0.001213249,0.000000006,0.000089984,b,4,5,5,10
40.780000,DS,4,0,0.219785016,0.370214003,0.412349284,1.693840794,0.003780379,-0.000750854,0.007213638,ds_hold,0.149298620,-0.000313920,-0.003119081,-0.001206636,0.000000006,0.000090541,b,4,5,5,10
40.880000,DS,4,0,0.217884452,0.370586326,0.413175486,1.695401348,0.003734717,-0.000706227,0.007055286,ds_hold,0.148715000,-0.000330188,-0.003124204,-0.001200097,0.000000006,0.000091069,b,4,5,5,10
40.980000,DS,4,0,0.216001623,0.370954448,0.413990524,1.696928617,0.003690316,-0.000660666,0.006898974,ds_hold,0.148133034,-0.000346238,-0.003129232,-0.001193632,0.000000006,0.000091569,b,4,5,5,10
41.080000,DS,4,0,0.214136393,0.371318310,0.414794676,1.698423609,0.003647110,-0.000614295,0.006744623,ds_hold,0.147553320,-0.000362073,-0.003134168,-0.001187241,0.000000006,0.000092043,b,4,5,5,10
41.180000,DS,4,0,0.212288624,0.371677865,0.415588198,1.699887277,0.003605039,-0.000567227,0.006592162,ds_hold,0.146976394,-0.000377696,-0.003139011,-0.001180922,0.000000006,0.000092495,b,4,5,5,10
41.280000,DS,4,0,0.210458184,0.372033070,0.416371333,1.701320527,0.003564046,-0.000519564,0.006441523,ds_hold,0.146402735,-0.000393110,-0.003143763,-0.001174675,0.000000006,0.000092925,b,4,5,5,10
41.380000,DS,4,0,0.208644938,0.372383893,0.417144304,1.702724221,0.003524079,-0.000471403,0.006292645,ds_hold,0.145832768,-0.000408317,-0.003148425,-0.001168499,0.000000006,0.000093335,b,4,5,5,10
41.480000,DS,4,0,0.206848755,0.372730308,0.417907324,1.704099176,0.003485089,-0.000422830,0.006145471,ds_hold,0.145266870,-0.000423320,-0.003152998,-0.001162394,0.000000006,0.000093728,b,4,5,5,10
41.580000,DS,4,0,0.205069504,0.373072295,0.418660592,1.705446173,0.003447032,-0.000373923,0.005999946,ds_hold,0.144705374,-0.000438122,-0.003157482,-0.001156359,0.000000006,0.000094104,b,4,5,5,10
41.680000,DS,4,0,0.203307056,0.373409844,0.419404296,1.706765954,0.003409864,-0.000324755,0.005856022,ds_hold,0.144148571,-0.000452724,-0.003161880,-0.001150394,0.000000006,0.000094465,b,4,5,5,10
41.780000,DS,4,0,0.201561284,0.373742947,0.420138616,1.708059229,0.003373545,-0.000275394,0.005713652,ds_hold,0.143596716,-0.000467131,-0.003166192,-0.001144497,0.000000006,0.000094813,b,4,5,5,10
41.880000,DS,4,0,0.199832059,0.374071603,0.420863720,1.709326675,0.003338038,-0.000225900,0.005572793,ds_hold,0.143050030,-0.000481344,-0.003170420,-0.001138668,0.000000006,0.000095148,b,4,5,5,10
41.980000,DS,4,0,0.198119258,0.374395818,0.421579770,1.710568940,0.003303307,-0.000176331,0.005433404,ds_hold,0.142508702,-0.000495366,-0.003174564,-0.001132907,0.000000006,0.000095471,b,4,5,5,10
42.080000,DS,4,0,0.196422756,0.374715600,0.422286919,1.711786645,0.003269318,-0.000126736,0.005295447,ds_hold,0.141972895,-0.000509199,-0.003178625,-0.001127212,0.000000006,0.000095784,b,4,5,5,10
42.180000,DS,4,0,0.194742430,0.375030961,0.422985315,1.712980384,0.003236040,-0.000077164,0.005158886,ds_hold,0.141442744,-0.000522847,-0.003182606,-0.001121582,0.000000006,0.000096087,b,4,5,5,10
42.280000,DS,4,0,0.193078158,0.375341921,0.423675098,1.714150728,0.003203443,-0.000027658,0.005023689,ds_hold,0.140918363,-0.000536311,-0.003186507,-0.001116018,0.000000006,0.000096381,b,4,5,5,10
42.380000,DS,4,0,0.191429821,0.375648498,0.424356403,1.715298223,0.003171498,0.000021742,0.004889823,ds_hold,0.140399844,-0.000549595,-0.003190329,-0.001110518,0.000000006,0.000096667,b,4,5,5,10
42.480000,DS,4,0,0.189797298,0.375950718,0.425029360,1.716423396,0.003140180,0.000071000,0.004757259,ds_hold,0.139887261,-0.000562700,-0.003194075,-0.001105082,0.000000006,0.000096945,b,4,5,5,10
42.580000,DS,4,0,0.188180471,0.376248607,0.425694095,1.717526754,0.003109462,0.000120082,0.004625969,ds_hold,0.139380668,-0.000575628,-0.003197743,-0.001099709,0.000000006,0.000097217,b,4,5,5,10
42.680000,DS,4,0,0.186579224,0.376542195,0.426350727,1.718608785,0.003079320,0.000168958,0.004495927,ds_hold,0.138880109,-0.000588383,-0.003201338,-0.001094398,0.000000006,0.000097482,b,4,5,5,10
42.780000,DS,4,0,0.184993441,0.376831514,0.426999373,1.719669959,0.003049731,0.000217599,0.004367108,ds_hold,0.138385609,-0.000600967,-0.003204858,-0.001089149,0.000000006,0.000097741,b,4,5,5,10
42.880000,DS,4,0,0.183423007,0.377116598,0.427640147,1.720710730,0.003020674,0.000265979,0.004239488,ds_hold,0.137897184,-0.000613382,-0.003208306,-0.001083961,0.000000006,0.000097995,b,4,5,5,10
42.980000,DS,4,0,0.181867809,0.377397484,0.428273158,1.721731536,0.002992127,0.000314075,0.004113046,ds_hold,0.137414838,-0.000625631,-0.003211683,-0.001078833,0.000000006,0.000098244,b,4,5,5,10
43.080000,DS,4,0,0.180327734,0.377674209,0.428898511,1.722732803,0.002964071,0.000361863,0.003987760,ds_hold,0.136938565,-0.000637715,-0.003214989,-0.001073765,0.000000006,0.000098488,b,4,5,5,10
43.180000,DS,4,0,0.178802670,0.377946813,0.429516309,1.723714941,0.002936485,0.000409324,0.003863611,ds_hold,0.136468350,-0.000649637,-0.003218227,-0.001068756,0.000000006,0.000098728,b,4,5,5,10
43.280000,DS,4,0,0.177292509,0.378215337,0.430126654,1.724678348,0.002909351,0.000456437,0.003740578,ds_hold,0.136004172,-0.000661399,-0.003221398,-0.001063805,0.000000006,0.000098964,b,4,5,5,10
43.380000,DS,4,0,0.175797139,0.378479822,0.430729642,1.725623409,0.002882652,0.000503186,0.003618645,ds_hold,0.135546002,-0.000673003,-0.003224502,-0.001058911,0.000000006,0.000099196,b,4,5,5,10
43.480000,DS,4,0,0.174316454,0.378740313,0.431325368,1.726550499,0.002856369,0.000549552,0.003497792,ds_hold,0.135093803,-0.000684452,-0.003227540,-0.001054075,0.000000006,0.000099425,b,4,5,5,10
43.580000,DS,4,0,0.172850345,0.378996853,0.431913925,1.727459983,0.002830485,0.000595520,0.003378004,ds_hold,0.134647537,-0.000695748,-0.003230515,-0.001049295,0.000000007,0.000099650,b,4,5,5,10
43.680000,DS,4,0,0.171398708,0.379249486,0.432495403,1.728352214,0.002804984,0.000641075,0.003259264,ds_hold,0.134207159,-0.000706892,-0.003233427,-0.001044571,0.000000007,0.000099872,b,4,5,5,10
43.780000,DS,4,0,0.169961436,0.379498259,0.433069891,1.729227535,0.002779850,0.000686201,0.003141557,ds_hold,0.133772618,-0.000717888,-0.003236277,-0.001039902,0.000000007,0.000100091,b,4,5,5,10
43.880000,DS,4,0,0.168538426,0.379743217,0.433637475,1.730086283,0.002755066,0.000730886,0.003024865,ds_hold,0.133343864,-0.000728736,-0.003239066,-0.001035288,0.000000007,0.000100307,b,4,5,5,10
43.980000,DS,4,0,0.167129575,0.379984406,0.434198239,1.730928783,0.002730616,0.000775114,0.002909176,ds_hold,0.132920841,-0.000739439,-0.003241796,-0.001030728,0.000000007,0.000100521,b,4,5,5,10
44.080000,DS,4,0,0.165734780,0.380221873,0.434752266,1.731755353,0.002706485,0.000818873,0.002794473,ds_hold,0.132503491,-0.000750000,-0.003244467,-0.001026221,0.000000007,0.000100732,b,4,5,5,10
44.180000,DS,4,0,0.164353941,0.380455666,0.435299636,1.732566305,0.002682658,0.000862150,0.002680742,ds_hold,0.132091755,-0.000760420,-0.003247081,-0.001021767,0.000000007,0.000100941,b,4,5,5,10
44.280000,DS,4,0,0.162986956,0.380685831,0.435840428,1.733361942,0.002659118,0.000904931,0.002567969,ds_hold,0.131685569,-0.000770700,-0.003249638,-0.001017365,0.000000007,0.000101147,b,4,5,5,10
44.380000,DS,4,0,0.161633728,0.380912416,0.436374721,1.734142559,0.002635851,0.000947203,0.002456141,ds_hold,0.131284872,-0.000780844,-0.003252140,-0.001013015,0.000000007,0.000101350,b,4,5,5,10
44.480000,DS,4,0,0.160294157,0.381135467,0.436902589,1.734908445,0.002612841,0.000988953,0.002345242,ds_hold,0.130889599,-0.000790852,-0.003254588,-0.001008715,0.000000007,0.000101552,b,4,5,5,10
44.580000,DS,4,0,0.158968146,0.381355033,0.437424108,1.735659884,0.002590072,0.001030168,0.002235258,ds_hold,0.130499684,-0.000800727,-0.003256983,-0.001004467,0.000000007,0.000101751,b,4,5,5,10
44.680000,DS,4,0,0.157655599,0.381571161,0.437939351,1.736397153,0.002567529,0.001070834,0.002126177,ds_hold,0.130115062,-0.000810471,-0.003259326,-0.001000268,0.000000007,0.000101948,b,4,5,5,10
44.780000,DS,4,0,0.156356419,0.381783898,0.438448389,1.737120523,0.002545197,0.001110938,0.002017984,ds_hold,0.129735665,-0.000820085,-0.003261617,-0.000996119,0.000000007,0.000102143,b,4,5,5,10
44.880000,DS,4,0,0.155070512,0.381993290,0.438951294,1.737830258,0.002523058,0.001150466,0.001910665,ds_hold,0.129361428,-0.000829572,-0.003263858,-0.000992019,0.000000007,0.000102336,b,4,5,5,10
44.980000,DS,4,0,0.153797784,0.382199386,0.439448134,1.738526619,0.002501099,0.001189403,0.001804207,ds_hold,0.128992281,-0.000838932,-0.003266049,-0.000987967,0.000000007,0.000102526,b,4,5,5,10
45.080000,DS,4,0,0.152538142,0.382402232,0.439938979,1.739209862,0.002479301,0.001227734,0.001698595,ds_hold,0.128628158,-0.000848169,-0.003268193,-0.000983962,0.000000007,0.000102714,b,4,5,5,10
45.180000,DS,4,0,0.151291493,0.382601874,0.440423896,1.739880235,0.002457650,0.001265444,0.001593815,ds_hold,0.128268993,-0.000857283,-0.003270288,-0.000980005,0.000000007,0.000102901,b,4,5,5,10
45.280000,DS,4,0,0.150057746,0.382798358,0.440902951,1.740537984,0.002436128,0.001302517,0.001489853,ds_hold,0.127914716,-0.000866277,-0.003272338,-0.000976095,0.000000007,0.000103085,b,4,5,5,10
45.380000,DS,4,0,0.148836811,0.382991733,0.441376210,1.741183350,0.002414718,0.001338937,0.001386695,ds_hold,0.127565262,-0.000875151,-0.003274341,-0.000972231,0.000000007,0.000103267,b,4,5,5,10
45.480000,DS,4,0,0.147628597,0.383182042,0.441843738,1.741816570,0.002393403,0.001374687,0.001284326,ds_hold,0.127220563,-0.000883909,-0.003276300,-0.000968413,0.000000007,0.000103447,b,4,5,5,10
45.580000,DS,4,0,0.146433016,0.383369333,0.442305598,1.742437875,0.002372167,0.001409750,0.001182732,ds_hold,0.126880553,-0.000892551,-0.003278215,-0.000964640,0.000000007,0.000103625,b,4,5,5,10
45.680000,DS,4,0,0.145249978,0.383553651,0.442761855,1.743047494,0.002350991,0.001444106,0.001081898,ds_hold,0.126545165,-0.000901079,-0.003280087,-0.000960912,0.000000007,0.000103801,b,4,5,5,10
45.780000,DS,4,0,0.144079397,0.383735041,0.443212571,1.743645651,0.002329857,0.001477738,0.000981808,ds_hold,0.126214335,-0.000909495,-0.003281917,-0.000957228,0.000000007,0.000103975,b,4,5,5,10
45.880000,DS,4,0,0.142921186,0.383913550,0.443657810,1.744232568,0.002308747,0.001510626,0.000882449,ds_hold,0.125887996,-0.000917800,-0.003283706,-0.000953587,0.000000007,0.000104146,b,4,5,5,10
45.980000,DS,4,0,0.141775257,0.384089221,0.444097632,1.744808461,0.002287643,0.001542751,0.000783804,ds_hold,0.125566084,-0.000925996,-0.003285454,-0.000949990,0.000000007,0.000104316,b,4,5,5,10
46.080000,DS,4,0,0.140641527,0.384262102,0.444532101,1.745373545,0.002266525,0.001574092,0.000685859,ds_hold,0.125248533,-0.000934084,-0.003287162,-0.000946436,0.000000007,0.000104483,b,4,5,5,10
46.180000,DS,4,0,0.139519910,0.384432236,0.444961278,1.745928032,0.002245377,0.001604628,0.000588597,ds_hold,0.124935281,-0.000942067,-0.003288831,-0.000942924,0.000000007,0.000104649,b,4,5,5,10
46.280000,DS,4,0,0.138410322,0.384599670,0.445385225,1.746472127,0.002224178,0.001634339,0.000492005,ds_hold,0.124626264,-0.000949946,-0.003290462,-0.000939453,0.000000007,0.000104812,b,4,5,5,10
46.380000,DS,4,0,0.137312680,0.384764448,0.445804004,1.747006038,0.002202909,0.001663204,0.000396067,ds_hold,0.124321418,-0.000957721,-0.003292055,-0.000936024,0.000000007,0.000104973,b,4,5,5,10
46.480000,DS,4,0,0.136226901,0.384926616,0.446217678,1.747529967,0.002181553,0.001691201,0.000300768,ds_hold,0.124020682,-0.000965396,-0.003293612,-0.000932636,0.000000007,0.000105133,b,4,5,5,10
46.580000,DS,4,0,0.135152904,0.385086219,0.446626309,1.748044113,0.002160092,0.001718310,0.000206093,ds_hold,0.123723992,-0.000972970,-0.003295133,-0.000929288,0.000000007,0.000105290,b,4,5,5,10
46.680000,DS,4,0,0.134090605,0.385243305,0.447029962,1.748548675,0.002138506,0.001744511,0.000112028,ds_hold,0.123431287,-0.000980447,-0.003296619,-0.000925980,0.000000007,0.000105445,b,4,5,5,10
46.780000,DS,4,0,0.133039926,0.385397918,0.447428701,1.749043848,0.002116781,0.001769785,0.000018560,ds_hold,0.123142506,-0.000987826,-0.003298070,-0.000922711,0.000000007,0.000105598,b,4,5,5,10
46.880000,DS,4,0,0.132000785,0.385550106,0.447822592,1.749529826,0.002094898,0.001794113,-0.000074324,ds_hold,0.122857587,-0.000995110,-0.003299488,-0.000919481,0.000000007,0.000105749,b,4,5,5,10
46.980000,DS,4,0,0.130973102,0.385699917,0.448211701,1.750006802,0.002072845,0.001817480,-0.000166634,ds_hold,0.122576470,-0.001002301,-0.003300872,-0.000916289,0.000000007,0.000105898,b,4,5,5,10
47.080000,DS,4,0,0.129956800,0.385847398,0.448596097,1.750474966,0.002050608,0.001839872,-0.000258381,ds_hold,0.122299095,-0.001009399,-0.003302224,-0.000913136,0.000000007,0.000106046,b,4,5,5,10
47.180000,DS,4,0,0.128951799,0.385992598,0.448975851,1.750934507,0.002028176,0.001861280,-0.000349572,ds_hold,0.122025400,-0.001016406,-0.003303544,-0.000910020,0.000000007,0.000106191,b,4,5,5,10
47.280000,DS,4,0,0.127958021,0.386135568,0.449351036,1.751385613,0.002005542,0.001881695,-0.000440213,ds_hold,0.121755327,-0.001023324,-0.003304833,-0.000906940,0.000000007,0.000106335,b,4,5,5,10
47.380000,DS,4,0,0.126975388,0.386276359,0.449721727,1.751828474,0.001982701,0.001901118,-0.000530306,ds_hold,0.121488814,-0.001030153,-0.003306091,-0.000903897,0.000000007,0.000106477,b,4,5,5,10
47.480000,DS,4,0,0.126003825,0.386415022,0.450088002,1.752263274,0.001959653,0.001919553,-0.000619850,ds_hold,0.121225801,-0.001036896,-0.003307320,-0.000900891,0.000000007,0.000106617,b,4,5,5,10
47.580000,DS,4,0,0.125043255,0.386551613,0.450449943,1.752690203,0.001936402,0.001937011,-0.000708839,ds_hold,0.120966229,-0.001043554,-0.003308519,-0.000897919,0.000000007,0.000106756,b,4,5,5,10
47.680000,DS,4,0,0.124093600,0.386686186,0.450807636,1.753109445,0.001912957,0.001953513,-0.000797263,ds_hold,0.120710036,-0.001050128,-0.003309690,-0.000894982,0.000000007,0.000106894,b,4,5,5,10
47.780000,DS,4,0,0.123154787,0.386818799,0.451161168,1.753521189,0.001889337,0.001969088,-0.000885106,ds_hold,0.120457162,-0.001056620,-0.003310833,-0.000892080,0.000000007,0.000107030,b,4,5,5,10
47.880000,DS,4,0,0.122226740,0.386949511,0.451510636,1.753925622,0.001865563,0.001983779,-0.000972345,ds_hold,0.120207546,-0.001063031,-0.003311949,-0.000889212,0.000000007,0.000107164,b,4,5,5,10
47.980000,DS,4,0,0.121309384,0.387078385,0.451856136,1.754322932,0.001841668,0.001997638,-0.001058952,ds_hold,0.119961126,-0.001069363,-0.003313037,-0.000886377,0.000000007,0.000107298,b,4,5,5,10
48.080000,DS,4,0,0.120402646,0.387205483,0.452197774,1.754713308,0.001817694,0.002010732,-0.001144889,ds_hold,0.119717839,-0.001075617,-0.003314100,-0.000883574,0.000000007,0.000107430,b,4,5,5,10
48.180000,DS,4,0,0.119506451,0.387330873,0.452535658,1.755096941,0.001793688,0.002023143,-0.001230110,ds_hold,0.119477623,-0.001081795,-0.003315137,-0.000880804,0.000000007,0.000107562,b,4,5,5,10
48.280000,DS,4,0,0.118620726,0.387454622,0.452869904,1.755474021,0.001769710,0.002034964,-0.001314564,ds_hold,0.119240413,-0.001087898,-0.003316149,-0.000878065,0.000000007,0.000107693,b,4,5,5,10
48.380000,DS,4,0,0.117745398,0.387576803,0.453200633,1.755844740,0.001745826,0.002046306,-0.001398191,ds_hold,0.119006144,-0.001093928,-0.003317136,-0.000875357,0.000000007,0.000107823,b,4,5,5,10
48.480000,DS,4,0,0.116880394,0.387697487,0.453527971,1.756209290,0.001722111,0.002057287,-0.001480926,ds_hold,0.118774750,-0.001099887,-0.003318100,-0.000872680,0.000000007,0.000107953,b,4,5,5,10
48.580000,DS,4,0,0.116025643,0.387816751,0.453852049,1.756567865,0.001698646,0.002068037,-0.001562699,ds_hold,0.118546164,-0.001105775,-0.003319040,-0.000870031,0.000000007,0.000108082,b,4,5,5,10
48.680000,DS,4,0,0.115181072,0.387934670,0.454173004,1.756920656,0.001675512,0.002078693,-0.001643440,ds_hold,0.118320318,-0.001111595,-0.003319958,-0.000867412,0.000000007,0.000108212,b,4,5,5,10
48.780000,DS,4,0,0.114346610,0.388051323,0.454490978,1.757267855,0.001652792,0.002089389,-0.001723080,ds_hold,0.118097141,-0.001117348,-0.003320853,-0.000864821,0.000000007,0.000108342,b,4,5,5,10
48.880000,DS,4,0,0.113522184,0.388166787,0.454806112,1.757609650,0.001630564,0.002100260,-0.001801557,ds_hold,0.117876565,-0.001123037,-0.003321726,-0.000862258,0.000000007,0.000108472,b,4,5,5,10
48.980000,DS,4,0,0.112707725,0.388281140,0.455118553,1.757946226,0.001608900,0.002111425,-0.001878817,ds_hold,0.117658516,-0.001128662,-0.003322578,-0.000859721,0.000000008,0.000108603,b,4,5,5,10
49.080000,DS,4,0,0.111903162,0.388394458,0.455428447,1.758277763,0.001587858,0.002122992,-0.001954821,ds_hold,0.117442924,-0.001134225,-0.003323409,-0.000857210,0.000000008,0.000108735,b,4,5,5,10
49.180000,DS,4,0,0.111108423,0.388506816,0.455735940,1.758604435,0.001567483,0.002135047,-0.002029544,ds_hold,0.117229716,-0.001139728,-0.003324220,-0.000854724,0.000000008,0.000108869,b,4,5,5,10
49.280000,DS,4,0,0.110323439,0.388618285,0.456041175,1.758926409,0.001547804,0.002147652,-0.002102978,ds_hold,0.117018819,-0.001145174,-0.003325012,-0.000852263,0.000000008,0.000109005,b,4,5,5,10
49.380000,DS,4,0,0.109548139,0.388728933,0.456344295,1.759243840,0.001528832,0.002160846,-0.002175136,ds_hold,0.116810160,-0.001150563,-0.003325784,-0.000849825,0.000000008,0.000109144,b,4,5,5,10
49.480000,DS,4,0,0.108782455,0.388838822,0.456645435,1.759556877,0.001510561,0.002174639,-0.002246042,ds_hold,0.116603668,-0.001155897,-0.003326537,-0.000847409,0.000000008,0.000109286,b,4,5,5,10
49.580000,DS,4,0,0.108026317,0.388948013,0.456944727,1.759865653,0.001492969,0.002189020,-0.002315740,ds_hold,0.116399272,-0.001161179,-0.003327272,-0.000845016,0.000000008,0.000109432,b,4,5,5,10
49.680000,DS,4,0,0.107279655,0.389056559,0.457242298,1.760170293,0.001476022,0.002203956,-0.002384279,ds_hold,0.116196902,-0.001166409,-0.003327988,-0.000842644,0.000000008,0.000109582,b,4,5,5,10
49.780000,DS,4,0,0.106542400,0.389164507,0.457538268,1.760470909,0.001459676,0.002219396,-0.002451721,ds_hold,0.115996488,-0.001171589,-0.003328687,-0.000840291,0.000000008,0.000109737,b,4,5,5,10
49.880000,DS,4,0,0.105814484,0.389271901,0.457832751,1.760767599,0.001443876,0.002235278,-0.002518128,ds_hold,0.115797965,-0.001176722,-0.003329369,-0.000837959,0.000000008,0.000109899,b,4,5,5,10
49.980000,DS,4,0,0.105095839,0.389378777,0.458125854,1.761060451,0.001428565,0.002251525,-0.002583565,ds_hold,0.115601269,-0.001181809,-0.003330035,-0.000835645,0.000000008,0.000110066,b,4,5,5,10
50.080000,DS,4,0,0.104386396,0.389485167,0.458417677,1.761349541,0.001413682,0.002268057,-0.002648094,ds_hold,0.115406336,-0.001186850,-0.003330683,-0.000833349,0.000000008,0.000110241,b,4,5,5,10
50.180000,DS,4,0,0.103686088,0.389591099,0.458708314,1.761634934,0.001399167,0.002284786,-0.002711773,ds_hold,0.115213109,-0.001191848,-0.003331316,-0.000831069,0.000000008,0.000110424,b,4,5,5,10
50.280000,DS,4,0,0.102994845,0.389696592,0.458997851,1.761916685,0.001384956,0.002301625,-0.002774655,ds_hold,0.115021529,-0.001196804,-0.003331933,-0.000828807,0.000000008,0.000110615,b,4,5,5,10
