t,phase,step_idx,mask_ss,theta_s_deg,Hdot_s_x,Hdot_s_y,Hdot_s_z,tau_w_x,tau_w_y,tau_w_z,torso_ref_mode,e_ori_torso_deg,e_pos_torso_x,e_pos_torso_y,e_pos_torso_z,d_ee_to_target,e_ori_ee_deg,swing_arm,stance_a_idx,stance_b_idx,swing_to_idx,gait_phase_idx
0.010000,DS,-1,0,0.000000000,nan,nan,nan,0.000000000,0.000000000,0.000000000,ds_hold,0.000000000,0.000000000,0.000000000,0.000000000,nan,0.000000000,,2,2,-1,0
0.020000,DS,-1,0,0.000000000,nan,nan,nan,0.000000000,0.000000000,0.000000000,ds_hold,0.000000000,-0.000000000,0.000000000,0.000000000,nan,0.000000001,,2,2,-1,0
0.030000,DS,-1,0,0.000000000,nan,nan,nan,0.000000000,0.000000000,0.000000000,ds_hold,0.000000000,-0.000000000,0.000000000,0.000000000,nan,0.000000001,,2,2,-1,0
0.040000,DS,-1,0,0.000000000,nan,nan,nan,0.000000000,0.000000000,0.000000000,ds_hold,0.000000000,-0.000000000,0.000000000,0.000000000,nan,0.000000001,,2,2,-1,0
0.050000,DS,-1,0,0.000000000,nan,nan,nan,0.000000000,0.000000000,0.000000000,ds_hold,0.000000000,-0.000000000,0.000000000,0.000000000,nan,0.000000001,,2,2,-1,0
0.060000,DS,-1,0,0.000000000,nan,nan,nan,0.000000000,0.000000000,0.000000000,ds_hold,0.000000000,-0.000000000,0.000000000,0.000000000,nan,0.000000003,,2,2,-1,0
0.070000,DS,-1,0,0.000000000,nan,nan,nan,0.000000000,0.000000000,0.000000000,ds_hold,0.000000000,-0.000000000,-0.000000000,0.000000000,nan,0.000000010,,2,2,-1,0
0.080000,DS,-1,0,0.000000000,nan,nan,nan,0.000000000,0.000000000,0.000000000,ds_hold,0.000000001,0.000000000,0.000000000,0.000000000,nan,0.000000034,,2,2,-1,0
0.090000,DS,-1,0,0.000000000,nan,nan,nan,0.000000000,0.000000000,0.000000000,ds_hold,0.000000002,-0.000000000,-0.000000000,0.000000000,nan,0.000000121,,2,2,-1,0
0.100000,DS,-1,0,0.000000000,nan,nan,nan,0.000000000,0.000000000,0.000000000,ds_hold,0.000000008,0.000000000,0.000000000,-0.000000000,nan,0.000000420,,2,2,-1,0
0.110000,SS,0,1,0.000126682,0.457021375,-1.444435897,2.471731458,-0.655548563,1.275867154,-1.228201132,planner_track,0.006747189,0.000022672,0.000009380,0.000005809,0.799631173,0.003367807,b,2,2,3,1
0.210000,SS,0,1,0.000758228,0.606291046,-1.411405680,2.709622195,-0.859136881,1.995982197,-2.400393218,planner_track,0.010956943,0.000034556,0.000010865,0.000040722,0.797353611,0.006008711,b,2,2,3,1
0.310000,SS,0,1,0.002145545,0.674196370,-1.224821781,3.346441154,-1.092094709,2.556116369,-3.298616157,planner_track,0.012054662,-0.000040802,-0.000028203,0.000099669,0.791660929,0.009434914,b,2,2,3,1
0.410000,SS,0,1,0.004478131,0.679196560,-0.980452391,3.880488818,-1.257856044,2.964385676,-3.982176266,planner_track,0.011860153,-0.000247900,-0.000115419,0.000175697,0.781407825,0.016627495,b,2,2,3,1
0.510000,SS,0,1,0.007885818,0.609532740,-0.703452242,4.395887449,-1.324497480,3.204418039,-4.491709863,planner_track,0.011178464,-0.000605297,-0.000245004,0.000260305,0.765812207,0.028322933,b,2,2,3,1
0.610000,SS,0,1,0.012434236,0.474404063,-0.420702853,4.830388750,-1.312974962,3.296836294,-4.804381990,planner_track,0.010789346,-0.001111852,-0.000401663,0.000343527,0.744432178,0.043091464,b,2,2,3,1
0.710000,SS,0,1,0.018131563,0.282799312,-0.138252219,4.999968945,-1.234628841,3.255433649,-4.919789707,planner_track,0.010926972,-0.001752071,-0.000564567,0.000415260,0.717136858,0.059169509,b,2,2,3,1
0.810000,SS,0,1,0.024935722,0.042014337,0.112903570,4.999987554,-1.103218274,3.106991098,-4.849334663,planner_track,0.011537712,-0.002499907,-0.000710899,0.000466216,0.684073333,0.075009663,b,2,2,3,1
0.910000,SS,0,1,0.032763396,-0.245933285,0.308357602,4.999990357,-0.930972075,2.874747953,-4.610321975,planner_track,0.012425954,-0.003320654,-0.000818984,0.000489128,0.645631046,0.089481904,b,2,2,3,1
1.010000,SS,0,1,0.041497778,-0.569355923,0.452144478,4.999990409,-0.727460650,2.573193147,-4.220156106,planner_track,0.013406390,-0.004173161,-0.000870176,0.000479528,0.602405874,0.101918213,b,2,2,3,1
1.110000,SS,0,1,0.050994196,-0.918377104,0.562519516,4.999987550,-0.497928033,2.211826136,-3.695271632,planner_track,0.014362782,-0.005012668,-0.000849634,0.000435996,0.555164234,0.112046134,b,2,2,3,1
1.210000,SS,0,1,0.061084339,-1.276505094,0.656548081,4.999967803,-0.248104765,1.797062924,-3.051763002,planner_track,0.015197083,-0.005793431,-0.000746667,0.000360058,0.504807148,0.119858035,b,2,2,3,1
1.310000,SS,0,1,0.071579657,-1.622873867,0.771764152,4.815239663,0.013787387,1.327138545,-2.299602270,planner_track,0.015729296,-0.006471448,-0.000554705,0.000255864,0.452335323,0.125477499,b,2,2,3,1
1.410000,SS,0,1,0.082274580,-1.940368219,0.939284094,4.348087004,0.276668650,0.802730343,-1.449536164,planner_track,0.015790376,-0.007007415,-0.000271176,0.000129628,0.398815022,0.129046711,b,2,2,3,1
1.510000,SS,0,1,0.092952709,-2.204449005,1.122354839,3.799389259,0.523382905,0.240597820,-0.528808888,planner_track,0.015385161,-0.007367737,0.000102556,-0.000010886,0.345342514,0.130616643,b,2,2,3,1
1.610000,SS,0,1,0.103396811,-2.408800374,1.345310359,3.137694830,0.833868607,-0.309799759,0.406634538,planner_track,0.015112105,-0.007526248,0.000562728,-0.000156715,0.293010550,0.130113234,b,2,2,3,1
1.710000,SS,0,1,0.113380339,-2.536344396,1.559225079,2.469948935,0.873069024,-0.982268341,1.441338446,planner_track,0.012817932,-0.007461386,0.001093918,-0.000297668,0.242874735,0.127219271,b,2,2,3,1
1.810000,SS,0,1,0.122710480,-2.576311780,1.802917808,1.681709960,1.012930640,-1.584207841,2.396319655,planner_track,0.011229824,-0.007166268,0.001689312,-0.000424289,0.195920347,0.121573247,b,2,2,3,1
1.910000,SS,0,1,0.131198876,-2.558027377,1.996498747,0.978418555,1.077281140,-2.157501108,3.280005833,planner_track,0.010197036,-0.006641516,0.002330037,-0.000527313,0.153030562,0.112679713,b,2,2,3,1
2.010000,SS,0,1,0.138686311,-2.467583360,2.190758549,0.235102920,1.072797744,-2.685880932,4.068928031,planner_track,0.010057251,-0.005898905,0.002995237,-0.000598404,0.114952148,0.100078877,b,2,2,3,1
2.110000,SS,0,1,0.145047416,-2.309479499,2.298972308,-0.386572918,1.026949389,-3.112848543,4.689157563,planner_track,0.011457444,-0.004962064,0.003662700,-0.000631414,0.082264540,0.083514135,b,2,2,3,1
2.210000,SS,0,1,0.150196335,-2.090787355,2.313366986,-0.875321162,0.943462993,-3.415561703,5.000000000,planner_track,0.014013934,-0.003863403,0.004307952,-0.000622598,0.055351229,0.063256177,b,2,2,3,1
2.310000,SS,0,1,0.154077802,-1.830973375,2.237325546,-1.229181720,0.836782754,-3.562705150,5.000000000,planner_track,0.017196916,-0.002644587,0.004906165,-0.000571161,0.034384759,0.041174415,b,2,2,3,1
2.410000,SS,0,1,0.156688278,-1.544463993,2.076152015,-1.449024621,0.715526670,-3.522636567,5.000000000,planner_track,0.020628138,-0.001355681,0.005433543,-0.000479330,0.019345723,0.026391909,b,2,2,3,1
2.510000,SS,0,1,0.158107976,-1.245666825,1.843214408,-1.542056221,0.585004744,-3.269570413,4.749393096,planner_track,0.024084966,-0.000054195,0.005868297,-0.000352527,0.010136501,0.038045126,b,2,2,3,1
2.610000,SS,0,1,0.158489457,-0.950969495,1.558358495,-1.520674644,0.446224870,-2.781905330,3.997709790,planner_track,0.027511939,0.001194788,0.006190920,-0.000199321,0.006451925,0.062613654,b,2,2,3,1
2.710000,SS,0,1,0.158037647,-0.678363969,1.247096057,-1.401645482,0.294347227,-2.039730510,2.882746056,planner_track,0.031040343,0.002318172,0.006383890,-0.000031099,0.005957204,0.086257359,b,2,2,3,1
2.810000,SS,0,1,0.157030012,-0.447415082,0.939680624,-1.207708921,0.115428486,-1.051292481,1.522005238,planner_track,0.034928045,0.003234887,0.006431286,0.000138371,0.005880271,0.103613586,b,2,2,3,1
2.910000,SS,0,1,0.155719593,-0.283861224,0.680409282,-0.953769161,0.182796663,-0.671050577,1.277717065,planner_track,0.034163603,0.003889409,0.006319144,0.000291891,0.005635008,0.112870235,b,2,2,3,1
3.010000,SS,0,1,0.154177595,-0.175963877,0.565639982,-0.511641428,0.170232442,-0.597148595,0.962234313,planner_track,0.029909483,0.004308340,0.006069936,0.000412654,0.005324143,0.115185949,b,2,2,3,1
3.110000,SS,0,1,0.152455534,-0.119074967,0.447791104,-0.301384280,0.115139496,-0.470426787,0.785946712,planner_track,0.027177047,0.004528926,0.005722409,0.000496519,0.005025469,0.112272608,b,2,2,3,1
3.210000,SS,0,1,0.150600539,-0.091138171,0.345039152,-0.129811751,0.083187749,-0.379942193,0.612852048,planner_track,0.025754777,0.004588855,0.005304954,0.000547398,0.004772208,0.105887093,b,2,2,3,1
3.320000,DS,0,0,0.150374841,nan,nan,nan,0.000000000,0.000000000,0.000000000,ds_hold,0.000000000,0.000000000,0.000000000,0.000000000,0.004335986,0.134329955,b,2,3,3,2
3.330000,DS,0,0,0.150097297,nan,nan,nan,0.000000000,0.000000000,0.000000000,ds_hold,0.002330167,-0.000011090,-0.000067738,-0.000010526,0.003513326,0.184580954,b,2,3,3,2
3.340000,DS,0,0,0.149782104,nan,nan,nan,0.000000000,0.000000000,0.000000000,ds_hold,0.005846100,-0.000033564,-0.000168828,-0.000040006,0.002677841,0.221368385,b,2,3,3,2
3.350000,DS,0,0,0.149432073,nan,nan,nan,0.000000000,0.000000000,0.000000000,ds_hold,0.009258876,-0.000070933,-0.000301139,-0.000076257,0.001964925,0.243340794,b,2,3,3,2
3.360000,DS,0,0,0.149049804,nan,nan,nan,0.000000000,0.000000000,0.000000000,ds_hold,0.012688825,-0.000126279,-0.000458096,-0.000113797,0.001405308,0.253994293,b,2,3,3,2
3.370000,DS,0,0,0.148638668,nan,nan,nan,0.000000000,0.000000000,0.000000000,ds_hold,0.016616284,-0.000199690,-0.000631824,-0.000147251,0.000986382,0.257646446,b,2,3,3,2
3.380000,DS,0,0,0.148202111,nan,nan,nan,0.000000000,0.000000000,0.000000000,ds_hold,0.021845031,-0.000290053,-0.000814909,-0.000173828,0.000682121,0.256036473,b,2,3,3,2
3.390000,DS,0,0,0.147743035,nan,nan,nan,0.000000000,0.000000000,0.000000000,ds_hold,0.028617220,-0.000395242,-0.001001705,-0.000192380,0.000465789,0.249870991,b,2,3,3,2
3.400000,DS,0,0,0.147263566,nan,nan,nan,0.000000000,0.000000000,0.000000000,ds_hold,0.036590879,-0.000513305,-0.001188410,-0.000202836,0.000314535,0.240172946,b,2,3,3,2
3.410000,DS,0,0,0.146765888,nan,nan,nan,0.000000000,0.000000000,0.000000000,ds_hold,0.045334789,-0.000642606,-0.001372277,-0.000205163,0.000210039,0.227812549,b,2,3,3,2
3.420000,DS,0,0,0.146252761,nan,nan,nan,0.000000000,0.000000000,0.000000000,ds_hold,0.054546862,-0.000781389,-0.001551154,-0.000199436,0.000138553,0.212817088,b,2,3,3,2
3.430000,DS,0,0,0.145727130,nan,nan,nan,0.000000000,0.000000000,0.000000000,ds_hold,0.063973691,-0.000927667,-0.001723529,-0.000186176,0.000090196,0.195045848,b,2,3,3,2
3.440000,DS,0,0,0.145191883,nan,nan,nan,0.000000000,0.000000000,0.000000000,ds_hold,0.073398501,-0.001079439,-0.001888388,-0.000165993,0.000058005,0.174729116,b,2,3,3,2
3.450000,DS,0,0,0.144649816,nan,nan,nan,0.000000000,0.000000000,0.000000000,ds_hold,0.082644813,-0.001234786,-0.002045119,-0.000139585,0.000037203,0.152369131,b,2,3,3,2
3.460000,DS,0,0,0.144103589,nan,nan,nan,0.000000000,0.000000000,0.000000000,ds_hold,0.091583073,-0.001391937,-0.002193416,-0.000107663,0.000024580,0.128646502,b,2,3,3,2
3.470000,DS,0,0,0.143555706,nan,nan,nan,0.000000000,0.000000000,0.000000000,ds_hold,0.100139903,-0.001549329,-0.002333219,-0.000070928,0.000017871,0.104341479,b,2,3,3,2
3.480000,DS,0,0,0.143008451,nan,nan,nan,0.000000000,0.000000000,0.000000000,ds_hold,0.108294375,-0.001705651,-0.002464659,-0.000030056,0.000015078,0.080260964,b,2,3,3,2
3.490000,DS,0,0,0.142463726,nan,nan,nan,0.000000000,0.000000000,0.000000000,ds_hold,0.116062754,-0.001859855,-0.002588049,0.000014313,0.000014568,0.056876445,b,2,3,3,2
3.500000,DS,0,0,0.141922816,nan,nan,nan,0.000000000,0.000000000,0.000000000,ds_hold,0.123494142,-0.002011234,-0.002703850,0.000061603,0.000015477,0.034673974,b,2,3,3,2
3.510000,DS,0,0,0.141386506,nan,nan,nan,0.000000000,0.000000000,0.000000000,ds_hold,0.130670364,-0.002159434,-0.002812566,0.000111353,0.000017184,0.018250985,b,2,3,3,2
3.520000,DS,0,0,0.140855489,nan,nan,nan,0.000000000,0.000000000,0.000000000,ds_hold,0.137678029,-0.002304208,-0.002914682,0.000163210,0.000018984,0.023522217,b,2,3,3,2
3.530000,DS,0,0,0.140330608,nan,nan,nan,0.000000000,0.000000000,0.000000000,ds_hold,0.144582684,-0.002445241,-0.003010640,0.000216891,0.000020322,0.040702759,b,2,3,3,2
3.540000,DS,0,0,0.139812977,nan,nan,nan,0.000000000,0.000000000,0.000000000,ds_hold,0.151419970,-0.002582112,-0.003100817,0.000272132,0.000020911,0.057639989,b,2,3,3,2
3.550000,DS,0,0,0.139304093,nan,nan,nan,0.000000000,0.000000000,0.000000000,ds_hold,0.158188081,-0.002714253,-0.003185506,0.000328652,0.000020735,0.072000743,b,2,3,3,2
3.560000,DS,0,0,0.138805668,nan,nan,nan,0.000000000,0.000000000,0.000000000,ds_hold,0.164853838,-0.002840987,-0.003264943,0.000386117,0.000020012,0.083622266,b,2,3,3,2
3.570000,DS,0,0,0.138319266,nan,nan,nan,0.000000000,0.000000000,0.000000000,ds_hold,0.171376865,-0.002961693,-0.003339355,0.000444147,0.000019046,0.093011227,b,2,3,3,2
3.580000,DS,0,0,0.137846137,nan,nan,nan,0.000000000,0.000000000,0.000000000,ds_hold,0.177726842,-0.003075910,-0.003408965,0.000502366,0.000018061,0.100624172,b,2,3,3,2
3.590000,DS,0,0,0.137387204,nan,nan,nan,0.000000000,0.000000000,0.000000000,ds_hold,0.183882789,-0.003183329,-0.003474006,0.000560432,0.000017176,0.106808692,b,2,3,3,2
3.600000,DS,0,0,0.136943091,nan,nan,nan,0.000000000,0.000000000,0.000000000,ds_hold,0.189830474,-0.003283781,-0.003534720,0.000618047,0.000016429,0.111801011,b,2,3,3,2
3.610000,DS,0,0,0.136514173,nan,nan,nan,0.000000000,0.000000000,0.000000000,ds_hold,0.195558278,-0.003377210,-0.003591358,0.000674957,0.000015808,0.115762228,b,2,3,3,2
3.620000,DS,0,0,0.136100628,nan,nan,nan,0.000000000,0.000000000,0.000000000,ds_hold,0.201054163,-0.003463650,-0.003644163,0.000730946,0.000015284,0.118798496,b,2,3,3,2
3.630000,DS,0,0,0.135702503,nan,nan,nan,0.000000000,0.000000000,0.000000000,ds_hold,0.206303545,-0.003543199,-0.003693369,0.000785829,0.000014826,0.120974300,b,2,3,3,2
3.640000,DS,0,0,0.135319748,nan,nan,nan,0.000000000,0.000000000,0.000000000,ds_hold,0.211288943,-0.003615992,-0.003739191,0.000839436,0.000014405,0.122351468,b,2,3,3,2
3.650000,DS,0,0,0.134952229,nan,nan,nan,0.000000000,0.000000000,0.000000000,ds_hold,0.215991542,-0.003682195,-0.003781824,0.000891614,0.000014004,0.122999611,b,2,3,3,2
3.660000,DS,0,0,0.134599740,nan,nan,nan,0.000000000,0.000000000,0.000000000,ds_hold,0.220393233,-0.003741998,-0.003821445,0.000942221,0.000013610,0.122989775,b,2,3,3,2
3.670000,DS,0,0,0.134262011,nan,nan,nan,0.000000000,0.000000000,0.000000000,ds_hold,0.224478087,-0.003795612,-0.003858209,0.000991126,0.000013215,0.122391435,b,2,3,3,2
3.680000,DS,0,0,0.133938717,nan,nan,nan,0.000000000,0.000000000,0.000000000,ds_hold,0.228233325,-0.003843262,-0.003892256,0.001038211,0.000012816,0.121270166,b,2,3,3,2
3.690000,DS,0,0,0.133629485,nan,nan,nan,0.000000000,0.000000000,0.000000000,ds_hold,0.231649862,-0.003885188,-0.003923710,0.001083367,0.000012412,0.119686424,b,2,3,3,2
3.700000,DS,0,0,0.133333901,nan,nan,nan,0.000000000,0.000000000,0.000000000,ds_hold,0.234722497,-0.003921637,-0.003952681,0.001126501,0.000012002,0.117695086,b,2,3,3,2
3.710000,DS,0,0,0.133051518,nan,nan,nan,0.000000000,0.000000000,0.000000000,ds_hold,0.237449865,-0.003952864,-0.003979267,0.001167531,0.000011587,0.115345549,b,2,3,3,2
3.720000,DS,0,0,0.132781858,nan,nan,nan,0.000000000,0.000000000,0.000000000,ds_hold,0.239834219,-0.003979130,-0.004003562,0.001206386,0.000011166,0.112682322,b,2,3,3,2
3.730000,DS,0,0,0.132524415,nan,nan,nan,0.000000000,0.000000000,0.000000000,ds_hold,0.241881305,-0.004000700,-0.004025649,0.001243010,0.000010740,0.109751635,b,2,3,3,2
3.740000,DS,0,0,0.132278648,nan,nan,nan,0.000000000,0.000000000,0.000000000,ds_hold,0.243600556,-0.004017845,-0.004045616,0.001277361,0.000010311,0.106604349,b,2,3,3,2
3.750000,DS,0,0,0.132043977,nan,nan,nan,0.000000000,0.000000000,0.000000000,ds_hold,0.245004988,-0.004030848,-0.004063549,0.001309411,0.000009881,0.103288401,b,2,3,3,2
3.760000,DS,0,0,0.131819791,nan,nan,nan,0.000000000,0.000000000,0.000000000,ds_hold,0.246110634,-0.004039999,-0.004079539,0.001339151,0.000009451,0.099846947,b,2,3,3,2
3.770000,DS,0,0,0.131605455,nan,nan,nan,0.000000000,0.000000000,0.000000000,ds_hold,0.246935833,-0.004045597,-0.004093681,0.001366589,0.000009024,0.096318574,b,2,3,3,2
3.780000,DS,0,0,0.131400314,nan,nan,nan,0.000000000,0.000000000,0.000000000,ds_hold,0.247500517,-0.004047947,-0.004106071,0.001391745,0.000008602,0.092737409,b,2,3,3,2
3.790000,DS,0,0,0.131203707,nan,nan,nan,0.000000000,0.000000000,0.000000000,ds_hold,0.247825549,-0.004047354,-0.004116809,0.001414658,0.000008188,0.089133448,b,2,3,3,2
3.800000,DS,0,0,0.131014976,nan,nan,nan,0.000000000,0.000000000,0.000000000,ds_hold,0.247932130,-0.004044120,-0.004125996,0.001435376,0.000007784,0.085532983,b,2,3,3,2
3.810000,DS,0,0,0.130833475,nan,nan,nan,0.000000000,0.000000000,0.000000000,ds_hold,0.247841314,-0.004038540,-0.004133731,0.001453961,0.000007391,0.081959077,b,2,3,3,2
3.820000,DS,0,0,0.130658574,nan,nan,nan,0.000000000,0.000000000,0.000000000,ds_hold,0.247573618,-0.004030897,-0.004140113,0.001470481,0.000007011,0.078432034,b,2,3,3,2
3.830000,DS,0,0,0.130489671,nan,nan,nan,0.000000000,0.000000000,0.000000000,ds_hold,0.247148744,-0.004021462,-0.004145237,0.001485011,0.000006646,0.074969794,b,2,3,3,2
3.840000,DS,0,0,0.130326198,nan,nan,nan,0.000000000,0.000000000,0.000000000,ds_hold,0.246585376,-0.004010487,-0.004149191,0.001497632,0.000006297,0.071588248,b,2,3,3,2
3.850000,DS,0,0,0.130167616,nan,nan,nan,0.000000000,0.000000000,0.000000000,ds_hold,0.245901066,-0.003998209,-0.004152060,0.001508426,0.000005964,0.068301428,b,2,3,3,2
3.860000,DS,0,0,0.130013427,nan,nan,nan,0.000000000,0.000000000,0.000000000,ds_hold,0.245112163,-0.003984842,-0.004153924,0.001517477,0.000005648,0.065121601,b,2,3,3,2
3.870000,DS,0,0,0.129863168,nan,nan,nan,0.000000000,0.000000000,0.000000000,ds_hold,0.244233785,-0.003970583,-0.004154854,0.001524867,0.000005350,0.062059274,b,2,3,3,2
3.880000,DS,0,0,0.129716416,nan,nan,nan,0.000000000,0.000000000,0.000000000,ds_hold,0.243279863,-0.003955610,-0.004154917,0.001530678,0.000005069,0.059123080,b,2,3,3,2
3.890000,DS,0,0,0.129572779,nan,nan,nan,0.000000000,0.000000000,0.000000000,ds_hold,0.242263220,-0.003940084,-0.004154171,0.001534989,0.000004805,0.056320122,b,2,3,3,2
3.900000,DS,0,0,0.129431905,nan,nan,nan,0.000000000,0.000000000,0.000000000,ds_hold,0.241195499,-0.003924149,-0.004152670,0.001537875,0.000004560,0.053655432,b,2,3,3,2
3.910000,DS,0,0,0.129293472,nan,nan,nan,0.000000000,0.000000000,0.000000000,ds_hold,0.240087021,-0.003907934,-0.004150462,0.001539408,0.000004332,0.051130785,b,2,3,3,2
3.920000,DS,0,0,0.129157195,nan,nan,nan,0.000000000,0.000000000,0.000000000,ds_hold,0.238946916,-0.003891551,-0.004147585,0.001539656,0.000004121,0.048746809,b,2,3,3,2
3.930000,DS,0,0,0.129022816,nan,nan,nan,0.000000000,0.000000000,0.000000000,ds_hold,0.237783340,-0.003875100,-0.004144075,0.001538680,0.000003926,0.046502745,b,2,3,3,2
3.940000,DS,0,0,0.128890101,nan,nan,nan,0.000000000,0.000000000,0.000000000,ds_hold,0.236603645,-0.003858666,-0.004139964,0.001536541,0.000003746,0.044395431,b,2,3,3,2
3.950000,DS,0,0,0.128758840,nan,nan,nan,0.000000000,0.000000000,0.000000000,ds_hold,0.235414459,-0.003842324,-0.004135279,0.001533294,0.000003582,0.042419205,b,2,3,3,2
3.960000,DS,0,0,0.128628836,nan,nan,nan,0.000000000,0.000000000,0.000000000,ds_hold,0.234221737,-0.003826141,-0.004130045,0.001528993,0.000003431,0.040566077,b,2,3,3,2
3.970000,DS,0,0,0.128499912,nan,nan,nan,0.000000000,0.000000000,0.000000000,ds_hold,0.233030794,-0.003810172,-0.004124285,0.001523689,0.000003295,0.038826266,b,2,3,3,2
3.980000,DS,0,0,0.128371904,nan,nan,nan,0.000000000,0.000000000,0.000000000,ds_hold,0.231846334,-0.003794468,-0.004118021,0.001517430,0.000003170,0.037188896,b,2,3,3,2
3.990000,DS,0,0,0.128244659,nan,nan,nan,0.000000000,0.000000000,0.000000000,ds_hold,0.230672467,-0.003779071,-0.004111275,0.001510266,0.000003057,0.035642763,b,2,3,3,2
4.000000,DS,0,0,0.128118037,nan,nan,nan,0.000000000,0.000000000,0.000000000,ds_hold,0.229512746,-0.003764019,-0.004104067,0.001502243,0.000002955,0.034177058,b,2,3,3,2
4.010000,DS,0,0,0.127991906,nan,nan,nan,0.000000000,0.000000000,0.000000000,ds_hold,0.228370194,-0.003749343,-0.004096418,0.001493406,0.000002862,0.032781986,b,2,3,3,2
4.020000,DS,0,0,0.127866143,nan,nan,nan,0.000000000,0.000000000,0.000000000,ds_hold,0.227247346,-0.003735072,-0.004088351,0.001483801,0.000002777,0.031449239,b,2,3,3,2
4.030000,DS,0,0,0.127740634,nan,nan,nan,0.000000000,0.000000000,0.000000000,ds_hold,0.226146291,-0.003721228,-0.004079887,0.001473473,0.000002700,0.030172300,b,2,3,3,2
4.040000,DS,0,0,0.127615270,nan,nan,nan,0.000000000,0.000000000,0.000000000,ds_hold,0.225068719,-0.003707832,-0.004071049,0.001462466,0.000002628,0.028946598,b,2,3,3,2
4.050000,DS,0,0,0.127489952,nan,nan,nan,0.000000000,0.000000000,0.000000000,ds_hold,0.224015970,-0.003694902,-0.004061859,0.001450822,0.000002561,0.027769531,b,2,3,3,2
4.060000,DS,0,0,0.127364584,nan,nan,nan,0.000000000,0.000000000,0.000000000,ds_hold,0.222989083,-0.003682452,-0.004052342,0.001438586,0.000002498,0.026640375,b,2,3,3,2
4.070000,DS,0,0,0.127239079,nan,nan,nan,0.000000000,0.000000000,0.000000000,ds_hold,0.221988841,-0.003670495,-0.004042523,0.001425800,0.000002439,0.025560122,b,2,3,3,2
4.080000,DS,0,0,0.127113353,nan,nan,nan,0.000000000,0.000000000,0.000000000,ds_hold,0.221015820,-0.003659040,-0.004032425,0.001412507,0.000002384,0.024531255,b,2,3,3,2
4.090000,DS,0,0,0.126987327,nan,nan,nan,0.000000000,0.000000000,0.000000000,ds_hold,0.220070424,-0.003648095,-0.004022075,0.001398749,0.000002331,0.023557480,b,2,3,3,2
4.100000,DS,0,0,0.126860929,nan,nan,nan,0.000000000,0.000000000,0.000000000,ds_hold,0.219152929,-0.003637667,-0.004011499,0.001384569,0.000002280,0.022643428,b,2,3,3,2
4.110000,DS,0,0,0.126734090,nan,nan,nan,0.000000000,0.000000000,0.000000000,ds_hold,0.218263507,-0.003627761,-0.004000721,0.001370007,0.000002233,0.021794324,b,2,3,3,2
4.120000,DS,0,0,0.126606745,nan,nan,nan,0.000000000,0.000000000,0.000000000,ds_hold,0.217402258,-0.003618378,-0.003989769,0.001355104,0.000002188,0.021015639,b,2,3,3,2
4.130000,DS,0,0,0.126478835,nan,nan,nan,0.000000000,0.000000000,0.000000000,ds_hold,0.216569230,-0.003609520,-0.003978669,0.001339902,0.000002145,0.020312711,b,2,3,3,2
4.140000,DS,0,0,0.126350303,nan,nan,nan,0.000000000,0.000000000,0.000000000,ds_hold,0.215764434,-0.003601188,-0.003967446,0.001324441,0.000002106,0.019690361,b,2,3,3,2
4.150000,DS,0,0,0.126221096,nan,nan,nan,0.000000000,0.000000000,0.000000000,ds_hold,0.214987860,-0.003593379,-0.003956126,0.001308759,0.000002069,0.019152508,b,2,3,3,2
4.160000,DS,0,0,0.126091167,nan,nan,nan,0.000000000,0.000000000,0.000000000,ds_hold,0.214239482,-0.003586091,-0.003944735,0.001292895,0.000002035,0.018701815,b,2,3,3,2
4.170000,DS,0,0,0.125960468,nan,nan,nan,0.000000000,0.000000000,0.000000000,ds_hold,0.213519265,-0.003579320,-0.003933299,0.001276889,0.000002005,0.018339395,b,2,3,3,2
4.180000,DS,0,0,0.125828959,nan,nan,nan,0.000000000,0.000000000,0.000000000,ds_hold,0.212827168,-0.003573060,-0.003921843,0.001260776,0.000001977,0.018064623,b,2,3,3,2
4.190000,DS,0,0,0.125696600,nan,nan,nan,0.000000000,0.000000000,0.000000000,ds_hold,0.212163144,-0.003567305,-0.003910389,0.001244594,0.000001953,0.017875066,b,2,3,3,2
4.200000,DS,0,0,0.125563356,nan,nan,nan,0.000000000,0.000000000,0.000000000,ds_hold,0.211527137,-0.003562046,-0.003898964,0.001228379,0.000001932,0.017766556,b,2,3,3,2
4.210000,DS,0,0,0.125429195,nan,nan,nan,0.000000000,0.000000000,0.000000000,ds_hold,0.210919082,-0.003557276,-0.003887589,0.001212165,0.000001914,0.017733393,b,2,3,3,2
4.220000,DS,0,0,0.125294086,nan,nan,nan,0.000000000,0.000000000,0.000000000,ds_hold,0.210338899,-0.003552983,-0.003876288,0.001195985,0.000001899,0.017768648,b,2,3,3,2
4.230000,DS,0,0,0.125158002,nan,nan,nan,0.000000000,0.000000000,0.000000000,ds_hold,0.209786491,-0.003549159,-0.003865083,0.001179873,0.000001887,0.017864530,b,2,3,3,2
4.240000,DS,0,0,0.125020920,nan,nan,nan,0.000000000,0.000000000,0.000000000,ds_hold,0.209261739,-0.003545789,-0.003853995,0.001163861,0.000001878,0.018012756,b,2,3,3,2
4.250000,DS,0,0,0.124882818,nan,nan,nan,0.000000000,0.000000000,0.000000000,ds_hold,0.208764496,-0.003542863,-0.003843044,0.001147979,0.000001871,0.018204904,b,2,3,3,2
4.260000,DS,0,0,0.124743678,nan,nan,nan,0.000000000,0.000000000,0.000000000,ds_hold,0.208294587,-0.003540366,-0.003832250,0.001132257,0.000001867,0.018432705,b,2,3,3,2
4.270000,DS,0,0,0.124603484,nan,nan,nan,0.000000000,0.000000000,0.000000000,ds_hold,0.207851803,-0.003538285,-0.003821631,0.001116724,0.000001864,0.018688266,b,2,3,3,2
4.280000,DS,0,0,0.124462221,nan,nan,nan,0.000000000,0.000000000,0.000000000,ds_hold,0.207435895,-0.003536603,-0.003811207,0.001101406,0.000001863,0.018964232,b,2,3,3,2
4.290000,DS,0,0,0.124319880,nan,nan,nan,0.000000000,0.000000000,0.000000000,ds_hold,0.207046579,-0.003535307,-0.003800995,0.001086329,0.000001864,0.019253872,b,2,3,3,2
4.300000,DS,0,0,0.124176450,nan,nan,nan,0.000000000,0.000000000,0.000000000,ds_hold,0.206683526,-0.003534379,-0.003791009,0.001071519,0.000001866,0.019551125,b,2,3,3,2
4.310000,DS,0,0,0.124031927,nan,nan,nan,0.000000000,0.000000000,0.000000000,ds_hold,0.206346367,-0.003533803,-0.003781266,0.001057000,0.000001868,0.019850600,b,2,3,3,2
4.320000,DS,0,0,0.123886306,nan,nan,nan,0.000000000,0.000000000,0.000000000,ds_hold,0.206034687,-0.003533561,-0.003771781,0.001042792,0.000001872,0.020147555,b,2,3,3,2
4.330000,DS,0,0,0.123739586,nan,nan,nan,0.000000000,0.000000000,0.000000000,ds_hold,0.205748030,-0.003533638,-0.003762567,0.001028918,0.000001876,0.020437848,b,2,3,3,2
4.340000,DS,0,0,0.123591766,nan,nan,nan,0.000000000,0.000000000,0.000000000,ds_hold,0.205485897,-0.003534014,-0.003753635,0.001015397,0.000001880,0.020717893,b,2,3,3,2
4.350000,DS,0,0,0.123442850,nan,nan,nan,0.000000000,0.000000000,0.000000000,ds_hold,0.205247746,-0.003534673,-0.003744999,0.001002248,0.000001884,0.020984597,b,2,3,3,2
4.360000,DS,0,0,0.123292842,nan,nan,nan,0.000000000,0.000000000,0.000000000,ds_hold,0.205032997,-0.003535595,-0.003736668,0.000989488,0.000001888,0.021235311,b,2,3,3,2
4.370000,DS,0,0,0.123141749,nan,nan,nan,0.000000000,0.000000000,0.000000000,ds_hold,0.204841032,-0.003536764,-0.003728652,0.000977132,0.000001892,0.021467768,b,2,3,3,2
4.380000,DS,0,0,0.122989580,nan,nan,nan,0.000000000,0.000000000,0.000000000,ds_hold,0.204671196,-0.003538161,-0.003720961,0.000965196,0.000001895,0.021680043,b,2,3,3,2
4.390000,DS,0,0,0.122836345,nan,nan,nan,0.000000000,0.000000000,0.000000000,ds_hold,0.204522804,-0.003539767,-0.003713601,0.000953692,0.000001897,0.021870498,b,2,3,3,2
4.400000,DS,0,0,0.122682055,nan,nan,nan,0.000000000,0.000000000,0.000000000,ds_hold,0.204395142,-0.003541566,-0.003706580,0.000942631,0.000001899,0.022037752,b,2,3,3,2
4.410000,DS,0,0,0.122526726,nan,nan,nan,0.000000000,0.000000000,0.000000000,ds_hold,0.204287470,-0.003543540,-0.003699903,0.000932026,0.000001900,0.022180640,b,2,3,3,2
4.420000,DS,0,0,0.122370372,nan,nan,nan,0.000000000,0.000000000,0.000000000,ds_hold,0.204199026,-0.003545671,-0.003693575,0.000921885,0.000001900,0.022298188,b,2,3,3,2
4.430000,DS,0,0,0.122213010,nan,nan,nan,0.000000000,0.000000000,0.000000000,ds_hold,0.204129031,-0.003547943,-0.003687601,0.000912215,0.000001898,0.022389585,b,2,3,3,2
4.440000,DS,0,0,0.122054660,nan,nan,nan,0.000000000,0.000000000,0.000000000,ds_hold,0.204076691,-0.003550338,-0.003681984,0.000903025,0.000001896,0.022454168,b,2,3,3,2
4.450000,DS,0,0,0.121895340,nan,nan,nan,0.000000000,0.000000000,0.000000000,ds_hold,0.204041202,-0.003552842,-0.003676725,0.000894319,0.000001892,0.022491401,b,2,3,3,2
4.460000,DS,0,0,0.121735071,nan,nan,nan,0.000000000,0.000000000,0.000000000,ds_hold,0.204021755,-0.003555437,-0.003671827,0.000886101,0.000001887,0.022500866,b,2,3,3,2
4.470000,DS,0,0,0.121573876,nan,nan,nan,0.000000000,0.000000000,0.000000000,ds_hold,0.204017535,-0.003558109,-0.003667289,0.000878376,0.000001880,0.022482252,b,2,3,3,2
4.480000,DS,0,0,0.121411779,nan,nan,nan,0.000000000,0.000000000,0.000000000,ds_hold,0.204027732,-0.003560845,-0.003663112,0.000871143,0.000001872,0.022435348,b,2,3,3,2
4.490000,DS,0,0,0.121248802,nan,nan,nan,0.000000000,0.000000000,0.000000000,ds_hold,0.204051535,-0.003563628,-0.003659295,0.000864406,0.000001862,0.022360039,b,2,3,3,2
4.500000,DS,0,0,0.121084972,nan,nan,nan,0.000000000,0.000000000,0.000000000,ds_hold,0.204088146,-0.003566447,-0.003655835,0.000858162,0.000001850,0.022256300,b,2,3,3,2
4.510000,DS,0,0,0.120920314,nan,nan,nan,0.000000000,0.000000000,0.000000000,ds_hold,0.204136773,-0.003569289,-0.003652730,0.000852412,0.000001837,0.022124196,b,2,3,3,2
4.520000,DS,0,0,0.120754854,nan,nan,nan,0.000000000,0.000000000,0.000000000,ds_hold,0.204196639,-0.003572142,-0.003649977,0.000847151,0.000001822,0.021963881,b,2,3,3,2
4.530000,DS,0,0,0.120588621,nan,nan,nan,0.000000000,0.000000000,0.000000000,ds_hold,0.204266983,-0.003574994,-0.003647571,0.000842378,0.000001805,0.021775592,b,2,3,3,2
4.540000,DS,0,0,0.120421642,nan,nan,nan,0.000000000,0.000000000,0.000000000,ds_hold,0.204347061,-0.003577835,-0.003645509,0.000838087,0.000001786,0.021559653,b,2,3,3,2
4.550000,DS,0,0,0.120253945,nan,nan,nan,0.000000000,0.000000000,0.000000000,ds_hold,0.204436149,-0.003580654,-0.003643785,0.000834273,0.000001766,0.021316471,b,2,3,3,2
4.560000,DS,0,0,0.120085558,nan,nan,nan,0.000000000,0.000000000,0.000000000,ds_hold,0.204533545,-0.003583444,-0.003642393,0.000830931,0.000001743,0.021046537,b,2,3,3,2
4.570000,DS,0,0,0.119916511,nan,nan,nan,0.000000000,0.000000000,0.000000000,ds_hold,0.204638570,-0.003586195,-0.003641327,0.000828053,0.000001719,0.020750418,b,2,3,3,2
4.580000,DS,0,0,0.119746834,nan,nan,nan,0.000000000,0.000000000,0.000000000,ds_hold,0.204750567,-0.003588900,-0.003640579,0.000825631,0.000001693,0.020428764,b,2,3,3,2
4.590000,DS,0,0,0.119576554,nan,nan,nan,0.000000000,0.000000000,0.000000000,ds_hold,0.204868907,-0.003591551,-0.003640143,0.000823657,0.000001665,0.020082296,b,2,3,3,2
4.600000,DS,0,0,0.119405702,nan,nan,nan,0.000000000,0.000000000,0.000000000,ds_hold,0.204992984,-0.003594142,-0.003640010,0.000822122,0.000001636,0.019711808,b,2,3,3,2
4.610000,DS,0,0,0.119234306,nan,nan,nan,0.000000000,0.000000000,0.000000000,ds_hold,0.205122219,-0.003596667,-0.003640172,0.000821016,0.000001604,0.019318161,b,2,3,3,2
4.620000,DS,0,0,0.119062397,nan,nan,nan,0.000000000,0.000000000,0.000000000,ds_hold,0.205256060,-0.003599121,-0.003640622,0.000820328,0.000001571,0.018902280,b,2,3,3,2
4.630000,DS,0,0,0.118890003,nan,nan,nan,0.000000000,0.000000000,0.000000000,ds_hold,0.205393981,-0.003601499,-0.003641348,0.000820047,0.000001537,0.018465147,b,2,3,3,2
4.640000,DS,0,0,0.118717154,nan,nan,nan,0.000000000,0.000000000,0.000000000,ds_hold,0.205535481,-0.003603798,-0.003642343,0.000820163,0.000001501,0.018007801,b,2,3,3,2
4.650000,DS,0,0,0.118543878,nan,nan,nan,0.000000000,0.000000000,0.000000000,ds_hold,0.205680087,-0.003606013,-0.003643597,0.000820662,0.000001463,0.017531327,b,2,3,3,2
4.660000,DS,0,0,0.118370204,nan,nan,nan,0.000000000,0.000000000,0.000000000,ds_hold,0.205827349,-0.003608143,-0.003645099,0.000821533,0.000001424,0.017036855,b,2,3,3,2
4.670000,DS,0,0,0.118196160,nan,nan,nan,0.000000000,0.000000000,0.000000000,ds_hold,0.205976843,-0.003610185,-0.003646840,0.000822762,0.000001383,0.016525555,b,2,3,3,2
4.680000,DS,0,0,0.118021774,nan,nan,nan,0.000000000,0.000000000,0.000000000,ds_hold,0.206128171,-0.003612138,-0.003648809,0.000824338,0.000001342,0.015998629,b,2,3,3,2
4.690000,DS,0,0,0.117847073,nan,nan,nan,0.000000000,0.000000000,0.000000000,ds_hold,0.206280956,-0.003613998,-0.003650996,0.000826245,0.000001299,0.015457311,b,2,3,3,2
4.700000,DS,0,0,0.117672084,nan,nan,nan,0.000000000,0.000000000,0.000000000,ds_hold,0.206434845,-0.003615767,-0.003653391,0.000828471,0.000001255,0.014902858,b,2,3,3,2
4.710000,DS,0,0,0.117496834,nan,nan,nan,0.000000000,0.000000000,0.000000000,ds_hold,0.206589506,-0.003617444,-0.003655982,0.000831001,0.000001210,0.014336549,b,2,3,3,2
4.720000,DS,0,0,0.117321349,nan,nan,nan,0.000000000,0.000000000,0.000000000,ds_hold,0.206744629,-0.003619028,-0.003658759,0.000833822,0.000001164,0.013759682,b,2,3,3,2
4.730000,DS,0,0,0.117145654,nan,nan,nan,0.000000000,0.000000000,0.000000000,ds_hold,0.206899924,-0.003620519,-0.003661710,0.000836919,0.000001118,0.013173568,b,2,3,3,2
4.740000,DS,0,0,0.116969775,nan,nan,nan,0.000000000,0.000000000,0.000000000,ds_hold,0.207055120,-0.003621920,-0.003664826,0.000840278,0.000001070,0.012579530,b,2,3,3,2
4.750000,DS,0,0,0.116793735,nan,nan,nan,0.000000000,0.000000000,0.000000000,ds_hold,0.207209963,-0.003623229,-0.003668095,0.000843885,0.000001023,0.011978902,b,2,3,3,2
4.760000,DS,0,0,0.116617558,nan,nan,nan,0.000000000,0.000000000,0.000000000,ds_hold,0.207364218,-0.003624450,-0.003671506,0.000847725,0.000000974,0.011373030,b,2,3,3,2
4.770000,DS,0,0,0.116441267,nan,nan,nan,0.000000000,0.000000000,0.000000000,ds_hold,0.207517666,-0.003625583,-0.003675049,0.000851783,0.000000926,0.010763268,b,2,3,3,2
4.780000,DS,0,0,0.116264886,nan,nan,nan,0.000000000,0.000000000,0.000000000,ds_hold,0.207670101,-0.003626630,-0.003678713,0.000856045,0.000000877,0.010150982,b,2,3,3,2
4.790000,DS,0,0,0.116088434,nan,nan,nan,0.000000000,0.000000000,0.000000000,ds_hold,0.207821336,-0.003627594,-0.003682486,0.000860497,0.000000828,0.009537555,b,2,3,3,2
4.800000,DS,0,0,0.115911935,nan,nan,nan,0.000000000,0.000000000,0.000000000,ds_hold,0.207971193,-0.003628477,-0.003686359,0.000865125,0.000000780,0.008924394,b,2,3,3,2
4.810000,DS,0,0,0.115735408,nan,nan,nan,0.000000000,0.000000000,0.000000000,ds_hold,0.208119509,-0.003629280,-0.003690320,0.000869913,0.000000731,0.008312939,b,2,3,3,2
4.820000,DS,0,0,0.115558873,nan,nan,nan,0.000000000,0.000000000,0.000000000,ds_hold,0.208266134,-0.003630008,-0.003694361,0.000874849,0.000000683,0.007704681,b,2,3,3,2
4.830000,DS,0,0,0.115382349,nan,nan,nan,0.000000000,0.000000000,0.000000000,ds_hold,0.208410928,-0.003630662,-0.003698469,0.000879917,0.000000635,0.007101186,b,2,3,3,2
4.840000,DS,0,0,0.115205855,nan,nan,nan,0.000000000,0.000000000,0.000000000,ds_hold,0.208553759,-0.003631245,-0.003702636,0.000885104,0.000000588,0.006504136,b,2,3,3,2
4.850000,DS,0,0,0.115029409,nan,nan,nan,0.000000000,0.000000000,0.000000000,ds_hold,0.208694510,-0.003631761,-0.003706851,0.000890397,0.000000542,0.005915389,b,2,3,3,2
4.860000,DS,0,0,0.114853027,nan,nan,nan,0.000000000,0.000000000,0.000000000,ds_hold,0.208833069,-0.003632212,-0.003711104,0.000895782,0.000000497,0.005337073,b,2,3,3,2
4.870000,DS,0,0,0.114676727,nan,nan,nan,0.000000000,0.000000000,0.000000000,ds_hold,0.208969334,-0.003632601,-0.003715387,0.000901246,0.000000453,0.004771741,b,2,3,3,2
4.880000,DS,0,0,0.114500523,nan,nan,nan,0.000000000,0.000000000,0.000000000,ds_hold,0.209103210,-0.003632933,-0.003719690,0.000906775,0.000000411,0.004222631,b,2,3,3,2
4.890000,DS,0,0,0.114324432,nan,nan,nan,0.000000000,0.000000000,0.000000000,ds_hold,0.209234612,-0.003633209,-0.003724003,0.000912358,0.000000371,0.003694099,b,2,3,3,2
4.900000,DS,0,0,0.114148467,nan,nan,nan,0.000000000,0.000000000,0.000000000,ds_hold,0.209363458,-0.003633434,-0.003728318,0.000917981,0.000000334,0.003192382,b,2,3,3,2
4.910000,DS,0,0,0.113972642,nan,nan,nan,0.000000000,0.000000000,0.000000000,ds_hold,0.209489676,-0.003633610,-0.003732626,0.000923633,0.000000300,0.002726929,b,2,3,3,2
4.920000,DS,0,0,0.113796970,nan,nan,nan,0.000000000,0.000000000,0.000000000,ds_hold,0.209613197,-0.003633740,-0.003736920,0.000929301,0.000000271,0.002312615,b,2,3,3,2
4.930000,DS,0,0,0.113621465,nan,nan,nan,0.000000000,0.000000000,0.000000000,ds_hold,0.209733960,-0.003633829,-0.003741190,0.000934974,0.000000246,0.001972749,b,2,3,3,2
4.940000,DS,0,0,0.113446136,nan,nan,nan,0.000000000,0.000000000,0.000000000,ds_hold,0.209851908,-0.003633878,-0.003745429,0.000940641,0.000000228,0.001740259,b,2,3,3,2
4.950000,DS,0,0,0.113270997,nan,nan,nan,0.000000000,0.000000000,0.000000000,ds_hold,0.209966990,-0.003633891,-0.003749630,0.000946291,0.000000218,0.001648638,b,2,3,3,2
4.960000,DS,0,0,0.113096057,nan,nan,nan,0.000000000,0.000000000,0.000000000,ds_hold,0.210079158,-0.003633872,-0.003753785,0.000951914,0.000000215,0.001708226,b,2,3,3,2
4.970000,DS,0,0,0.112921326,nan,nan,nan,0.000000000,0.000000000,0.000000000,ds_hold,0.210188369,-0.003633822,-0.003757887,0.000957499,0.000000220,0.001893413,b,2,3,3,2
4.980000,DS,0,0,0.112746814,nan,nan,nan,0.000000000,0.000000000,0.000000000,ds_hold,0.210294586,-0.003633746,-0.003761930,0.000963036,0.000000232,0.002162044,b,2,3,3,2
4.990000,DS,0,0,0.112572529,nan,nan,nan,0.000000000,0.000000000,0.000000000,ds_hold,0.210397773,-0.003633645,-0.003765907,0.000968516,0.000000248,0.002478151,b,2,3,3,2
5.000000,DS,0,0,0.112398479,nan,nan,nan,0.000000000,0.000000000,0.000000000,ds_hold,0.210497900,-0.003633522,-0.003769812,0.000973930,0.000000268,0.002817834,b,2,3,3,2
5.010000,DS,0,0,0.112224672,nan,nan,nan,0.000000000,0.000000000,0.000000000,ds_hold,0.210594939,-0.003633381,-0.003773640,0.000979269,0.000000290,0.003166429,b,2,3,3,2
5.020000,DS,0,0,0.112051115,nan,nan,nan,0.000000000,0.000000000,0.000000000,ds_hold,0.210688868,-0.003633224,-0.003777385,0.000984525,0.000000313,0.003514967,b,2,3,3,2
5.030000,SS,1,1,0.110356088,-0.010893144,-0.701440292,1.138750308,0.111006006,0.239768797,-0.284954517,planner_track,0.001617227,0.000020672,-0.000027697,0.000053440,0.799911752,0.005716016,a,2,3,3,3
5.130000,SS,1,1,0.108758811,0.088302445,-0.786167490,1.325691212,0.056845603,0.346964104,-0.513637089,planner_track,0.002587997,0.000071498,-0.000045049,0.000110024,0.799670071,0.011745135,a,2,3,3,3
5.230000,SS,1,1,0.107306939,0.164982253,-0.852622685,1.516232189,0.040827073,0.435745628,-0.693934867,planner_track,0.003936006,0.000144478,-0.000044933,0.000168333,0.799261155,0.020791439,a,2,3,3,3
5.330000,SS,1,1,0.106035782,0.215527521,-0.905713132,1.620226456,0.060736777,0.523814947,-0.824464578,planner_track,0.005225138,0.000231870,-0.000024843,0.000226788,0.798639176,0.031439768,a,2,3,3,3
5.430000,SS,1,1,0.104973810,0.261454966,-1.001699536,1.793081400,0.064184241,0.621053555,-0.983861759,planner_track,0.007143469,0.000327198,0.000011450,0.000283895,0.797748126,0.042434258,a,2,3,3,3
5.530000,SS,1,1,0.104154343,0.305818458,-1.094847471,1.954793249,0.064700805,0.718814569,-1.142842527,planner_track,0.009405561,0.000428251,0.000065529,0.000339221,0.796532480,0.053024522,a,2,3,3,3
5.630000,SS,1,1,0.103607781,0.347558337,-1.169584039,2.082412475,0.071571527,0.797817670,-1.270456878,planner_track,0.011766738,0.000533278,0.000139904,0.000392462,0.794940865,0.062780797,a,2,3,3,3
5.730000,SS,1,1,0.103358603,0.388493127,-1.227713178,2.178508775,0.077611343,0.870623975,-1.387921774,planner_track,0.014110054,0.000639926,0.000235246,0.000443288,0.792926446,0.071412542,a,2,3,3,3
5.830000,SS,1,1,0.103428742,0.429059408,-1.269912529,2.244115355,0.083195806,0.935855409,-1.493396779,planner_track,0.016334001,0.000746052,0.000352491,0.000491528,0.790447199,0.078783020,a,2,3,3,3
5.930000,SS,1,1,0.103837315,0.468310475,-1.309272398,2.299910814,0.089765338,0.994571801,-1.587389515,planner_track,0.018371368,0.000849970,0.000492489,0.000537097,0.787465575,0.084860539,a,2,3,3,3
6.030000,SS,1,1,0.104601320,0.505419546,-1.370146147,2.384794966,0.096362669,1.051733923,-1.677460448,planner_track,0.020177222,0.000951337,0.000655685,0.000580049,0.783947866,0.089683915,a,2,3,3,3
6.130000,SS,1,1,0.105735661,0.541038342,-1.414437011,2.437716704,0.103204035,1.097388167,-1.749860709,planner_track,0.021726083,0.001050523,0.000842532,0.000620599,0.779865047,0.093344664,a,2,3,3,3
6.230000,SS,1,1,0.107251406,0.574803570,-1.442630122,2.459109732,0.110548806,1.134169182,-1.807387003,planner_track,0.023010803,0.001147222,0.001052995,0.000658892,0.775193061,0.095942806,a,2,3,3,3
6.330000,SS,1,1,0.109156396,0.606612499,-1.455751626,2.450206638,0.117911775,1.162879269,-1.851588504,planner_track,0.024035599,0.001240685,0.001286652,0.000695038,0.769912253,0.097580341,a,2,3,3,3
6.430000,SS,1,1,0.111455535,0.636216073,-1.454600176,2.412137074,0.125417458,1.183734532,-1.882747764,planner_track,0.024814695,0.001329870,0.001542793,0.000729116,0.764007087,0.098358883,a,2,3,3,3
6.530000,SS,1,1,0.114151538,0.663655919,-1.466193388,2.388526751,0.132675445,1.202638687,-1.909100144,planner_track,0.025364879,0.001414277,0.001820343,0.000761182,0.757465405,0.098379907,a,2,3,3,3
6.630000,SS,1,1,0.117245691,0.688497636,-1.476500468,2.356915219,0.139510720,1.214940750,-1.924683870,planner_track,0.025704437,0.001494234,0.002118166,0.000791357,0.750278557,0.097751983,a,2,3,3,3
6.730000,SS,1,1,0.120736736,0.710268339,-1.473742236,2.298549400,0.146263634,1.218696305,-1.926514724,planner_track,0.025855310,0.001569873,0.002434928,0.000819737,0.742441913,0.096573476,a,2,3,3,3
6.830000,SS,1,1,0.124620620,0.728833806,-1.459007839,2.214995477,0.152716332,1.215403877,-1.916703236,planner_track,0.025840165,0.001640838,0.002769017,0.000846371,0.733954629,0.094924080,a,2,3,3,3
6.930000,SS,1,1,0.128890922,0.744102549,-1.433396914,2.107924838,0.158752330,1.205622349,-1.896201418,planner_track,0.025682252,0.001706467,0.003118654,0.000871277,0.724819291,0.092870575,a,2,3,3,3
7.030000,SS,1,1,0.133539130,0.756163682,-1.400600253,1.983446414,0.164301177,1.190370733,-1.866506962,planner_track,0.025404421,0.001765987,0.003481928,0.000894445,0.715041639,0.090470202,a,2,3,3,3
7.130000,SS,1,1,0.138555414,0.766385336,-1.381676166,1.876531057,0.168863169,1.174419981,-1.834139127,planner_track,0.025026012,0.001819261,0.003856771,0.000915824,0.704629949,0.087778369,a,2,3,3,3
7.230000,SS,1,1,0.143928914,0.772985916,-1.353720292,1.750160784,0.172630912,1.150977813,-1.790511761,planner_track,0.024562917,0.001866601,0.004241204,0.000935393,0.693595432,0.084853152,a,2,3,3,3
7.330000,SS,1,1,0.149646568,0.775808072,-1.317589407,1.606082370,0.175941842,1.121937778,-1.737700522,planner_track,0.024031509,0.001907935,0.004633155,0.000953114,0.681952438,0.081739352,a,2,3,3,3
7.430000,SS,1,1,0.155693570,0.774922646,-1.274448332,1.446140332,0.178473269,1.088094045,-1.677128021,planner_track,0.023445299,0.001942964,0.005030512,0.000968952,0.669718059,0.078471582,a,2,3,3,3
7.530000,SS,1,1,0.162053606,0.770376429,-1.225239175,1.272229666,0.180292883,1.049667652,-1.609221777,planner_track,0.022816466,0.001971273,0.005431188,0.000982883,0.656911897,0.075079068,a,2,3,3,3
7.630000,SS,1,1,0.168709166,0.763740761,-1.177591356,1.098091500,0.181076650,1.008783006,-1.536902940,planner_track,0.022155187,0.001992613,0.005833068,0.000994845,0.643555722,0.071588042,a,2,3,3,3
7.730000,SS,1,1,0.175641944,0.754949486,-1.131207246,0.924012874,0.180721228,0.964830746,-1.459723001,planner_track,0.021468763,0.002007104,0.006234059,0.001004747,0.629673328,0.068026157,a,2,3,3,3
7.830000,SS,1,1,0.182832607,0.742668673,-1.080475869,0.740799784,0.179539921,0.916566341,-1.376145832,planner_track,0.020763170,0.002014936,0.006632133,0.001012506,0.615290678,0.064419405,a,2,3,3,3
7.930000,SS,1,1,0.190260641,0.726976944,-1.026253473,0.550260706,0.177567471,0.864942670,-1.287429165,planner_track,0.020043908,0.002016190,0.007025333,0.001018074,0.600435801,0.060788614,a,2,3,3,3
8.030000,SS,1,1,0.197904586,0.708043158,-0.969361005,0.354221499,0.174737698,0.810278446,-1.194227357,planner_track,0.019315391,0.002010902,0.007411784,0.001021438,0.585138552,0.057151208,a,2,3,3,3
8.130000,SS,1,1,0.205742167,0.686044475,-0.910540886,0.154476353,0.171047998,0.752915310,-1.097140213,planner_track,0.018581395,0.001999117,0.007789699,0.001022612,0.569430429,0.053522574,a,2,3,3,3
8.230000,SS,1,1,0.213750471,0.664376381,-0.850454005,-0.044207159,0.166025068,0.693589659,-0.997240489,planner_track,0.017845765,0.001981003,0.008157307,0.001021537,0.553344334,0.049917547,a,2,3,3,3
8.330000,SS,1,1,0.221906109,0.640184194,-0.789305668,-0.243173770,0.159987492,0.631923619,-0.894407788,planner_track,0.017111858,0.001956853,0.008512872,0.001018105,0.536914504,0.046350885,a,2,3,3,3
8.430000,SS,1,1,0.230185184,0.613354750,-0.727723407,-0.440878150,0.153114247,0.568507978,-0.789338964,planner_track,0.016382922,0.001927003,0.008854794,0.001012267,0.520176455,0.042837188,a,2,3,3,3
8.530000,SS,1,1,0.238563431,0.584047063,-0.666305913,-0.635654335,0.145361202,0.503609938,-0.682564145,planner_track,0.015661857,0.001891853,0.009181599,0.001004031,0.503166804,0.039390121,a,2,3,3,3
8.630000,SS,1,1,0.247016317,0.552443303,-0.605593011,-0.825851762,0.136715257,0.437615721,-0.574686489,planner_track,0.014951309,0.001851883,0.009491931,0.000993453,0.485923118,0.036023087,a,2,3,3,3
8.730000,SS,1,1,0.255519132,0.519982581,-0.541555226,-1.015645083,0.126944402,0.370296937,-0.465402083,planner_track,0.014255121,0.001807570,0.009784515,0.000980589,0.468483817,0.032747827,a,2,3,3,3
8.830000,SS,1,1,0.264046844,0.487754234,-0.471241309,-1.207416165,0.115950305,0.300531718,-0.353830747,planner_track,0.013578494,0.001759255,0.010058092,0.000965415,0.450888076,0.029573782,a,2,3,3,3
8.930000,SS,1,1,0.272574185,0.453656742,-0.403063185,-1.389553446,0.104222907,0.230877151,-0.243028857,planner_track,0.012927019,0.001707292,0.010311452,0.000947874,0.433175555,0.026510698,a,2,3,3,3
9.030000,SS,1,1,0.281076091,0.417759345,-0.337514009,-1.560662482,0.091657571,0.160950993,-0.132907710,planner_track,0.012305300,0.001652240,0.010543530,0.000927994,0.415386217,0.023571223,a,2,3,3,3
9.130000,SS,1,1,0.289527639,0.380152091,-0.275009647,-1.719322017,0.078462611,0.090175453,-0.022982969,planner_track,0.011713588,0.001594830,0.010753411,0.000905854,0.397560254,0.020772896,a,2,3,3,3
9.230000,SS,1,1,0.297903941,0.340938344,-0.216108065,-1.864368178,0.064870782,0.018410291,0.086717782,planner_track,0.011145150,0.001535932,0.010940316,0.000881566,0.379737974,0.018138701,a,2,3,3,3
9.330000,SS,1,1,0.306179859,0.302645312,-0.142685576,-2.021800401,0.050802700,-0.057355819,0.199961573,planner_track,0.010588121,0.001476100,0.011103561,0.000855182,0.361959962,0.015692419,a,2,3,3,3
9.430000,SS,1,1,0.314329894,0.263824734,-0.069875003,-2.170009323,0.036875038,-0.131279486,0.310204114,planner_track,0.010026679,0.001415548,0.011242480,0.000826642,0.344266733,0.013458692,a,2,3,3,3
9.530000,SS,1,1,0.322329587,0.224115624,-0.003627032,-2.300499585,0.022223908,-0.201211386,0.414613792,planner_track,0.009461143,0.001354776,0.011356509,0.000795993,0.326698268,0.011464897,a,2,3,3,3
9.630000,SS,1,1,0.330155714,0.183728211,0.056053989,-2.411183957,0.006805050,-0.270517593,0.516516641,planner_track,0.008902879,0.001294610,0.011445218,0.000763394,0.309294003,0.009749704,a,2,3,3,3
9.730000,SS,1,1,0.337785671,0.142641174,0.109039910,-2.500806388,-0.008858525,-0.338692042,0.615592910,planner_track,0.008359761,0.001236088,0.011508301,0.000729046,0.292092795,0.008365824,a,2,3,3,3
9.830000,SS,1,1,0.345197465,0.101366158,0.162165933,-2.579526366,-0.024930270,-0.407146913,0.713381249,planner_track,0.007842931,0.001180248,0.011545534,0.000693180,0.275132929,0.007365723,a,2,3,3,3
9.930000,SS,1,1,0.352368914,0.061272572,0.234750939,-2.676228235,-0.040735440,-0.480292428,0.815434378,planner_track,0.007362041,0.001127399,0.011556741,0.000655933,0.258452362,0.006777860,a,2,3,3,3
10.030000,SS,1,1,0.359277873,0.020944130,0.297877356,-2.748369227,-0.056299711,-0.548223898,0.909987184,planner_track,0.006922910,0.001077530,0.011541755,0.000617353,0.242088012,0.006580131,a,2,3,3,3
10.130000,SS,1,1,0.365903813,-0.019371642,0.351267189,-2.795347247,-0.071904853,-0.613544538,0.999262170,planner_track,0.006536955,0.001031155,0.011500550,0.000577609,0.226075289,0.006694068,a,2,3,3,3
10.230000,SS,1,1,0.372227459,-0.059586037,0.394710871,-2.816409979,-0.087054699,-0.675869897,1.083308686,planner_track,0.006213716,0.000989154,0.011433271,0.000536925,0.210448264,0.007006917,a,2,3,3,3
10.330000,SS,1,1,0.378230789,-0.099506713,0.427923923,-2.811196872,-0.101762173,-0.735165338,1.161986105,planner_track,0.005964797,0.000952691,0.011340179,0.000495582,0.195239618,0.007408534,a,2,3,3,3
10.430000,SS,1,1,0.383896331,-0.138403306,0.477915919,-2.822830400,-0.115423138,-0.797763320,1.243512059,planner_track,0.005806682,0.000922352,0.011221642,0.000453847,0.180481081,0.007816970,a,2,3,3,3
10.530000,SS,1,1,0.389206606,-0.176074794,0.531499381,-2.832016175,-0.128018893,-0.857857816,1.321120628,planner_track,0.005753973,0.000897838,0.011078045,0.000411870,0.166203108,0.008183439,a,2,3,3,3
10.630000,SS,1,1,0.394145576,-0.212371482,0.571660549,-2.812736629,-0.139940498,-0.912062375,1.389943140,planner_track,0.005813837,0.000879014,0.010909838,0.000369824,0.152434018,0.008482424,a,2,3,3,3
10.730000,SS,1,1,0.398699221,-0.247080284,0.598393278,-2.764995404,-0.150993255,-0.961352970,1.451165201,planner_track,0.005987518,0.000866309,0.010717617,0.000327956,0.139199903,0.008697964,a,2,3,3,3
10.830000,SS,1,1,0.402855360,-0.280011637,0.611702911,-2.688973807,-0.161078158,-1.005626510,1.504793243,planner_track,0.006269143,0.000860560,0.010502112,0.000286558,0.126524757,0.008820981,a,2,3,3,3
10.930000,SS,1,1,0.406603570,-0.310984273,0.614226111,-2.589446468,-0.170135015,-1.045483585,1.551631223,planner_track,0.006646397,0.000862813,0.010264172,0.000245953,0.114430515,0.008850751,a,2,3,3,3
11.030000,SS,1,1,0.409933823,-0.340527137,0.651507680,-2.543162848,-0.177161005,-1.091296644,1.605581222,planner_track,0.007105295,0.000872759,0.010004754,0.000206423,0.102937923,0.008805087,a,2,3,3,3
11.130000,SS,1,1,0.412836418,-0.367238249,0.672428758,-2.467862058,-0.182976610,-1.126838685,1.646218404,planner_track,0.007635434,0.000889156,0.009724814,0.000168098,0.092065432,0.008709534,a,2,3,3,3
11.230000,SS,1,1,0.415304644,-0.390778569,0.677350230,-2.364712810,-0.187946358,-1.155446598,1.676563448,planner_track,0.008210353,0.000911618,0.009425392,0.000131207,0.081828296,0.008594610,a,2,3,3,3
11.330000,SS,1,1,0.417334280,-0.411078515,0.666805507,-2.234275927,-0.191721206,-1.176957956,1.696892223,planner_track,0.008817667,0.000940330,0.009107670,0.000096002,0.072239075,0.008487641,a,2,3,3,3
11.430000,SS,1,1,0.418923539,-0.428028520,0.641277397,-2.077736645,-0.194431923,-1.191440609,1.707186576,planner_track,0.009442083,0.000975895,0.008772937,0.000062754,0.063307763,0.008422987,a,2,3,3,3
11.530000,SS,1,1,0.420072264,-0.442828983,0.628581919,-1.944020294,-0.195517477,-1.205371235,1.716234043,planner_track,0.010066675,0.001018294,0.008422605,0.000031740,0.055042450,0.008443712,a,2,3,3,3
11.630000,SS,1,1,0.420780879,-0.455350863,0.630784105,-1.838724634,-0.194767467,-1.216760331,1.722072638,planner_track,0.010683698,0.001066005,0.008058171,0.000003138,0.047449455,0.008587078,a,2,3,3,3
11.730000,SS,1,1,0.421051781,-0.463745565,0.616456320,-1.709010842,-0.192909262,-1.217121041,1.713142868,planner_track,0.011285695,0.001117308,0.007681166,-0.000022936,0.040532265,0.008872143,a,2,3,3,3
11.830000,SS,1,1,0.420890807,-0.467905379,0.586631404,-1.556680372,-0.190131472,-1.208358471,1.691292522,planner_track,0.011854666,0.001171353,0.007293191,-0.000046321,0.034291490,0.009302115,a,2,3,3,3
11.930000,SS,1,1,0.420306878,-0.467873057,0.542527422,-1.383333369,-0.186317485,-1.190674485,1.656899905,planner_track,0.012378721,0.001227879,0.006895950,-0.000066859,0.028725590,0.009867099,a,2,3,3,3
12.030000,SS,1,1,0.419311887,-0.463716583,0.485302809,-1.191047747,-0.181512129,-1.164231484,1.610130420,planner_track,0.012846630,0.001287022,0.006491255,-0.000084401,0.023831306,0.010552109,a,2,3,3,3
12.130000,SS,1,1,0.417918915,-0.459805130,0.473299375,-1.086236578,-0.174440420,-1.143029609,1.570158644,planner_track,0.013240452,0.001347167,0.006081067,-0.000098793,0.019604971,0.011325018,a,2,3,3,3
12.230000,SS,1,1,0.416141719,-0.451972381,0.454148294,-0.976843488,-0.165824053,-1.108960375,1.513820363,planner_track,0.013574450,0.001405104,0.005667436,-0.000110065,0.016040580,0.012131303,a,2,3,3,3
12.330000,SS,1,1,0.413998022,-0.439456776,0.422204911,-0.853329719,-0.156393263,-1.063889008,1.441719131,planner_track,0.013825720,0.001458548,0.005252379,-0.000118205,0.013126052,0.012920696,a,2,3,3,3
12.430000,SS,1,1,0.411509236,-0.422337570,0.379439432,-0.718116933,-0.145852936,-1.008339748,1.354720521,planner_track,0.013986665,0.001506036,0.004838012,-0.000123230,0.010837482,0.013651970,a,2,3,3,3
12.530000,SS,1,1,0.408700259,-0.400758399,0.327662370,-0.574336549,-0.134193723,-0.942637098,1.253227619,planner_track,0.014052581,0.001546681,0.004426551,-0.000125186,0.009128199,0.014294111,a,2,3,3,3
12.630000,SS,1,1,0.405599054,-0.372904625,0.280845499,-0.441582666,-0.121612577,-0.869684890,1.140586423,planner_track,0.014017078,0.001579643,0.004020320,-0.000124185,0.007916842,0.014819835,a,2,3,3,3
12.730000,SS,1,1,0.402235875,-0.336596828,0.254625999,-0.342112738,-0.108122535,-0.791696490,1.019652643,planner_track,0.013878264,0.001603329,0.003621776,-0.000120511,0.007086445,0.015196144,a,2,3,3,3
12.830000,SS,1,1,0.398643706,-0.295981020,0.223490351,-0.243176311,-0.092967951,-0.701513400,0.882422349,planner_track,0.013643627,0.001615831,0.003233464,-0.000114568,0.006504094,0.015388491,a,2,3,3,3
12.930000,SS,1,1,0.394859250,-0.251006844,0.189604753,-0.148657845,-0.076273643,-0.600894073,0.730378796,planner_track,0.013307436,0.001615697,0.002857966,-0.000106715,0.006052065,0.015365240,a,2,3,3,3
13.030000,SS,1,1,0.390922650,-0.201649973,0.155232227,-0.062622612,-0.057951147,-0.489924161,0.563657238,planner_track,0.012873158,0.001601683,0.002497970,-0.000097304,0.005648781,0.015098925,a,2,3,3,3
13.130000,SS,1,1,0.386877384,-0.147843261,0.122622427,0.010601780,-0.037846468,-0.369548503,0.383240893,planner_track,0.012350594,0.001572608,0.002156270,-0.000086701,0.005251799,0.014564016,a,2,3,3,3
13.230000,SS,1,1,0.382769879,-0.089475310,0.093979913,0.066356460,-0.015229431,-0.240333325,0.189893984,planner_track,0.011778223,0.001527169,0.001835845,-0.000075329,0.004849638,0.013740343,a,2,3,3,3
13.330000,SS,1,1,0.378649454,-0.026349088,0.071046598,0.099112887,0.003964371,-0.104403681,0.004655238,planner_track,0.011168893,0.001463868,0.001539720,-0.000063620,0.004450866,0.012604305,a,2,3,3,3
13.440000,DS,1,0,0.378216798,nan,nan,nan,0.000000000,0.000000000,0.000000000,ds_hold,0.000000000,0.000000000,0.000000000,0.000000000,0.004043018,0.048051815,a,3,3,3,4
13.450000,DS,1,0,0.377746049,nan,nan,nan,0.000000000,0.000000000,0.000000000,ds_hold,0.008560097,-0.000014472,-0.000044004,-0.000004584,0.003272823,0.107779726,a,3,3,3,4
13.460000,DS,1,0,0.377264719,nan,nan,nan,0.000000000,0.000000000,0.000000000,ds_hold,0.018238996,-0.000026202,-0.000090373,-0.000010930,0.002488528,0.149487486,a,3,3,3,4
13.470000,DS,1,0,0.376766496,nan,nan,nan,0.000000000,0.000000000,0.000000000,ds_hold,0.027843297,-0.000045733,-0.000148470,-0.000017998,0.001821022,0.168839756,a,3,3,3,4
13.480000,DS,1,0,0.376275260,nan,nan,nan,0.000000000,0.000000000,0.000000000,ds_hold,0.033995554,-0.000066007,-0.000210370,-0.000021475,0.001295705,0.167440218,a,3,3,3,4
13.490000,DS,1,0,0.375782102,nan,nan,nan,0.000000000,0.000000000,0.000000000,ds_hold,0.039006390,-0.000088338,-0.000277560,-0.000025255,0.000905282,0.152122928,a,3,3,3,4
13.500000,DS,1,0,0.375289546,nan,nan,nan,0.000000000,0.000000000,0.000000000,ds_hold,0.041610338,-0.000114461,-0.000347963,-0.000027512,0.000620736,0.125722745,a,3,3,3,4
13.510000,DS,1,0,0.374798027,nan,nan,nan,0.000000000,0.000000000,0.000000000,ds_hold,0.043533999,-0.000142836,-0.000421788,-0.000027886,0.000420880,0.103221905,a,3,3,3,4
13.520000,DS,1,0,0.374303620,nan,nan,nan,0.000000000,0.000000000,0.000000000,ds_hold,0.045044352,-0.000174876,-0.000496870,-0.000027845,0.000279827,0.072432934,a,3,3,3,4
13.530000,DS,1,0,0.373810601,nan,nan,nan,0.000000000,0.000000000,0.000000000,ds_hold,0.047583334,-0.000207924,-0.000573513,-0.000025815,0.000185313,0.068991564,a,3,3,3,4
13.540000,DS,1,0,0.373316672,nan,nan,nan,0.000000000,0.000000000,0.000000000,ds_hold,0.051087583,-0.000242560,-0.000649861,-0.000023014,0.000118157,0.049954211,a,3,3,3,4
13.550000,DS,1,0,0.372825401,nan,nan,nan,0.000000000,0.000000000,0.000000000,ds_hold,0.056271995,-0.000276343,-0.000726623,-0.000018703,0.000076056,0.072200214,a,3,3,3,4
13.560000,DS,1,0,0.372335120,nan,nan,nan,0.000000000,0.000000000,0.000000000,ds_hold,0.062682898,-0.000310786,-0.000802091,-0.000013504,0.000045406,0.071461290,a,3,3,3,4
13.570000,DS,1,0,0.371849883,nan,nan,nan,0.000000000,0.000000000,0.000000000,ds_hold,0.070156073,-0.000343234,-0.000877080,-0.000006886,0.000027073,0.086641571,a,3,3,3,4
13.580000,DS,1,0,0.371366645,nan,nan,nan,0.000000000,0.000000000,0.000000000,ds_hold,0.078384431,-0.000376419,-0.000949889,0.000000431,0.000013279,0.082213818,a,3,3,3,4
13.590000,DS,1,0,0.370889446,nan,nan,nan,0.000000000,0.000000000,0.000000000,ds_hold,0.086839985,-0.000407775,-0.001021421,0.000009259,0.000006003,0.088487022,a,3,3,3,4
13.600000,DS,1,0,0.370415926,nan,nan,nan,0.000000000,0.000000000,0.000000000,ds_hold,0.095432349,-0.000439907,-0.001090057,0.000019232,0.000003171,0.079521176,a,3,3,3,4
13.610000,DS,1,0,0.369948195,nan,nan,nan,0.000000000,0.000000000,0.000000000,ds_hold,0.103561985,-0.000470246,-0.001157039,0.000030514,0.000002397,0.081172411,a,3,3,3,4
13.620000,DS,1,0,0.369485208,nan,nan,nan,0.000000000,0.000000000,0.000000000,ds_hold,0.111510272,-0.000501300,-0.001220771,0.000043263,0.000006286,0.071099897,a,3,3,3,4
13.630000,DS,1,0,0.369027942,nan,nan,nan,0.000000000,0.000000000,0.000000000,ds_hold,0.118585595,-0.000530381,-0.001282825,0.000057177,0.000004209,0.070499743,a,3,3,3,4
13.640000,DS,1,0,0.368574752,nan,nan,nan,0.000000000,0.000000000,0.000000000,ds_hold,0.125470088,-0.000560207,-0.001341539,0.000072057,0.000006667,0.061639755,a,3,3,3,4
13.650000,DS,1,0,0.368127152,nan,nan,nan,0.000000000,0.000000000,0.000000000,ds_hold,0.131414329,-0.000587937,-0.001398575,0.000087725,0.000004181,0.059974620,a,3,3,3,4
13.660000,DS,1,0,0.367681281,nan,nan,nan,0.000000000,0.000000000,0.000000000,ds_hold,0.137352773,-0.000616550,-0.001452169,0.000102827,0.000005527,0.054449306,a,3,3,3,4
13.670000,DS,1,0,0.367239884,nan,nan,nan,0.000000000,0.000000000,0.000000000,ds_hold,0.142641816,-0.000643040,-0.001504019,0.000117558,0.000004977,0.052577512,a,3,3,3,4
13.680000,DS,1,0,0.366799963,nan,nan,nan,0.000000000,0.000000000,0.000000000,ds_hold,0.148098580,-0.000670068,-0.001552326,0.000130580,0.000004690,0.052128277,a,3,3,3,4
13.690000,DS,1,0,0.366368621,nan,nan,nan,0.000000000,0.000000000,0.000000000,ds_hold,0.153016584,-0.000695002,-0.001598637,0.000144539,0.000004898,0.048292251,a,3,3,3,4
13.700000,DS,1,0,0.365937518,nan,nan,nan,0.000000000,0.000000000,0.000000000,ds_hold,0.157883098,-0.000720822,-0.001641548,0.000156118,0.000004435,0.053619531,a,3,3,3,4
13.710000,DS,1,0,0.365516662,nan,nan,nan,0.000000000,0.000000000,0.000000000,ds_hold,0.162120368,-0.000745086,-0.001682302,0.000169602,0.000003372,0.047978642,a,3,3,3,4
13.720000,DS,1,0,0.365094999,nan,nan,nan,0.000000000,0.000000000,0.000000000,ds_hold,0.166077162,-0.000771168,-0.001719728,0.000181133,0.000005441,0.058661287,a,3,3,3,4
13.730000,DS,1,0,0.364681084,nan,nan,nan,0.000000000,0.000000000,0.000000000,ds_hold,0.169289443,-0.000796450,-0.001755086,0.000194159,0.000003865,0.052518869,a,3,3,3,4
13.740000,DS,1,0,0.364265897,nan,nan,nan,0.000000000,0.000000000,0.000000000,ds_hold,0.172177877,-0.000824026,-0.001787218,0.000205762,0.000007630,0.066241455,a,3,3,3,4
13.750000,DS,1,0,0.363855979,nan,nan,nan,0.000000000,0.000000000,0.000000000,ds_hold,0.174306211,-0.000850975,-0.001817547,0.000218207,0.000005775,0.058885004,a,3,3,3,4
13.760000,DS,1,0,0.363444631,nan,nan,nan,0.000000000,0.000000000,0.000000000,ds_hold,0.176199848,-0.000880049,-0.001844867,0.000229391,0.000009119,0.072164477,a,3,3,3,4
13.770000,DS,1,0,0.363036911,nan,nan,nan,0.000000000,0.000000000,0.000000000,ds_hold,0.177408393,-0.000908244,-0.001870738,0.000240796,0.000006679,0.062756380,a,3,3,3,4
13.780000,DS,1,0,0.362627639,nan,nan,nan,0.000000000,0.000000000,0.000000000,ds_hold,0.178533319,-0.000938145,-0.001893876,0.000250772,0.000009595,0.074821263,a,3,3,3,4
13.790000,DS,1,0,0.362221209,nan,nan,nan,0.000000000,0.000000000,0.000000000,ds_hold,0.179086575,-0.000966860,-0.001915910,0.000260558,0.000006807,0.063945488,a,3,3,3,4
13.800000,DS,1,0,0.361812960,nan,nan,nan,0.000000000,0.000000000,0.000000000,ds_hold,0.179689118,-0.000996960,-0.001935485,0.000268634,0.000009616,0.075392487,a,3,3,3,4
13.810000,DS,1,0,0.361407369,nan,nan,nan,0.000000000,0.000000000,0.000000000,ds_hold,0.179816756,-0.001025643,-0.001954257,0.000276359,0.000006723,0.063675437,a,3,3,3,4
13.820000,DS,1,0,0.360999629,nan,nan,nan,0.000000000,0.000000000,0.000000000,ds_hold,0.180075631,-0.001055542,-0.001970822,0.000282146,0.000009572,0.074982856,a,3,3,3,4
13.830000,DS,1,0,0.360594533,nan,nan,nan,0.000000000,0.000000000,0.000000000,ds_hold,0.179924791,-0.001083900,-0.001986840,0.000287555,0.000006650,0.062710349,a,3,3,3,4
13.840000,DS,1,0,0.360187000,nan,nan,nan,0.000000000,0.000000000,0.000000000,ds_hold,0.179950217,-0.001113422,-0.002000868,0.000290916,0.000009577,0.074134371,a,3,3,3,4
13.850000,DS,1,0,0.359782028,nan,nan,nan,0.000000000,0.000000000,0.000000000,ds_hold,0.179607121,-0.001141365,-0.002014561,0.000293898,0.000006606,0.061389771,a,3,3,3,4
13.860000,DS,1,0,0.359374415,nan,nan,nan,0.000000000,0.000000000,0.000000000,ds_hold,0.179469521,-0.001170494,-0.002026437,0.000294824,0.000009631,0.073102297,a,3,3,3,4
13.870000,DS,1,0,0.358969216,nan,nan,nan,0.000000000,0.000000000,0.000000000,ds_hold,0.178990024,-0.001198061,-0.002038152,0.000295384,0.000006584,0.059922305,a,3,3,3,4
13.880000,DS,1,0,0.358561227,nan,nan,nan,0.000000000,0.000000000,0.000000000,ds_hold,0.178739437,-0.001226872,-0.002048183,0.000293932,0.000009728,0.072069975,a,3,3,3,4
13.890000,DS,1,0,0.358155507,nan,nan,nan,0.000000000,0.000000000,0.000000000,ds_hold,0.178164805,-0.001254159,-0.002058197,0.000292151,0.000006597,0.058496196,a,3,3,3,4
13.900000,DS,1,0,0.357746873,nan,nan,nan,0.000000000,0.000000000,0.000000000,ds_hold,0.177839232,-0.001282766,-0.002066631,0.000288422,0.000009871,0.071186245,a,3,3,3,4
13.910000,DS,1,0,0.357340403,nan,nan,nan,0.000000000,0.000000000,0.000000000,ds_hold,0.177202065,-0.001309888,-0.002075169,0.000284425,0.000006664,0.057268084,a,3,3,3,4
13.920000,DS,1,0,0.356930907,nan,nan,nan,0.000000000,0.000000000,0.000000000,ds_hold,0.176831620,-0.001338404,-0.002082213,0.000278547,0.000010057,0.070544798,a,3,3,3,4
13.930000,DS,1,0,0.356523518,nan,nan,nan,0.000000000,0.000000000,0.000000000,ds_hold,0.176158994,-0.001365466,-0.002089467,0.000272481,0.000006787,0.056337813,a,3,3,3,4
13.940000,SS,2,1,0.352083683,0.797230922,-1.387776232,4.999982599,-0.166396214,0.985077994,-2.314863633,planner_track,0.019347125,-0.000399646,-0.000102428,-0.000203962,0.799650195,0.811825738,b,3,3,4,5
14.040000,SS,2,1,0.348162316,0.812881961,-1.712417108,4.918387533,-0.589524724,1.705059814,-3.625262851,planner_track,0.032025345,-0.000713378,-0.000140627,-0.000336579,0.797562622,1.324311006,b,3,3,4,5
14.140000,SS,2,1,0.345000240,0.996857318,-1.526985667,4.999985016,-0.942847503,2.010656659,-4.866868882,planner_track,0.042254054,-0.001016353,-0.000171766,-0.000396774,0.792408973,1.582137127,b,3,3,4,5
14.240000,SS,2,1,0.342796304,0.982298012,-1.382557525,4.999989915,-1.131147326,2.396229568,-5.000000000,planner_track,0.047698419,-0.001377434,-0.000203271,-0.000404454,0.783152188,1.665330948,b,3,3,4,5
14.340000,SS,2,1,0.341768597,0.905315728,-1.203372433,4.999991188,-1.276325428,2.675025659,-5.000000000,planner_track,0.050351839,-0.001825862,-0.000246814,-0.000370468,0.769055678,1.632539818,b,3,3,4,5
14.440000,SS,2,1,0.342106650,0.761790151,-0.998072479,4.999991358,-1.333417320,2.873718116,-5.000000000,planner_track,0.050858323,-0.002371173,-0.000299587,-0.000308006,0.749675963,1.527065903,b,3,3,4,5
14.540000,SS,2,1,0.343936393,0.560908385,-0.794792901,4.999989872,-1.324624673,3.007251573,-5.000000000,planner_track,0.049747047,-0.003007438,-0.000352347,-0.000230205,0.724839950,1.380597599,b,3,3,4,5
14.640000,SS,2,1,0.347321079,0.313248976,-0.600490454,4.999984467,-1.258239211,3.071268380,-5.000000000,planner_track,0.047516741,-0.003716772,-0.000392380,-0.000148821,0.694617868,1.215399075,b,3,3,4,5
14.740000,SS,2,1,0.352259641,0.028048885,-0.415117591,4.999919539,-1.142998594,3.066092376,-5.000000000,planner_track,0.044521214,-0.004473064,-0.000405464,-0.000073829,0.659295245,1.046640744,b,3,3,4,5
14.840000,SS,2,1,0.358681646,-0.328428041,-0.205686505,4.671054896,-0.977277961,2.979011212,-5.000000000,planner_track,0.041033324,-0.005245429,-0.000379089,-0.000012869,0.619344751,0.884332751,b,3,3,4,5
14.940000,SS,2,1,0.366438804,-0.722999326,0.026300444,4.159113166,-0.798692774,2.784023314,-5.000000000,planner_track,0.037277897,-0.006004637,-0.000306873,0.000028136,0.575387215,0.734784288,b,3,3,4,5
15.040000,SS,2,1,0.375282372,-1.128746795,0.287329373,3.627712446,-0.625980505,2.495970054,-4.048932024,planner_track,0.032927149,-0.006751400,-0.000207900,0.000041227,0.528107107,0.601716869,b,3,3,4,5
15.140000,SS,2,1,0.384971408,-1.537466297,0.626089400,3.185756910,-0.373618639,2.128328843,-2.881430690,planner_track,0.027428721,-0.007487806,-0.000100918,0.000020406,0.478320937,0.486667719,b,3,3,4,5
15.240000,SS,2,1,0.395273706,-1.921001339,1.016649781,2.787387170,-0.084981375,1.699021300,-1.682367318,planner_track,0.023564116,-0.008194765,0.000010586,-0.000035590,0.426969839,0.389513156,b,3,3,4,5
15.340000,SS,2,1,0.405939821,-2.236323800,1.453245780,2.380457941,0.210227173,1.203115906,-0.475638078,planner_track,0.028499951,-0.008838425,0.000134613,-0.000123535,0.375056040,0.308954241,b,3,3,4,5
15.440000,SS,2,1,0.416713395,-2.471102083,1.879839361,1.974225448,0.442751627,0.681163107,0.684213286,planner_track,0.042330754,-0.009377346,0.000288196,-0.000236987,0.323598417,0.243141287,b,3,3,4,5
15.540000,SS,2,1,0.427316203,-2.643725628,2.308990714,1.485855419,0.754663598,0.028041541,1.851289580,planner_track,0.064140930,-0.009764139,0.000481783,-0.000364595,0.273599905,0.190048223,b,3,3,4,5
15.640000,SS,2,1,0.437497780,-2.646938475,2.677362769,1.015199295,0.909905562,-0.586628714,2.910791803,planner_track,0.086632142,-0.009957146,0.000736730,-0.000496124,0.226016269,0.148354123,b,3,3,4,5
15.740000,SS,2,1,0.447013170,-2.657088256,2.992265522,0.406729613,1.096651348,-1.248947945,3.932646205,planner_track,0.108067451,-0.009920118,0.001063680,-0.000618223,0.181726370,0.116786404,b,3,3,4,5
15.840000,SS,2,1,0.455633636,-2.561203623,3.199006934,-0.152515970,1.182474970,-1.879075788,4.758331988,planner_track,0.126805049,-0.009624561,0.001464685,-0.000718808,0.141505014,0.095005697,b,3,3,4,5
15.940000,SS,2,1,0.463149993,-2.441297980,3.343703873,-0.889896254,1.230395613,-2.479496372,5.000000000,planner_track,0.140858455,-0.009055013,0.001936002,-0.000787208,0.105996549,0.082159951,b,3,3,4,5
16.040000,SS,2,1,0.469343223,-2.256463506,3.347876108,-1.525954294,1.226341923,-3.001505795,5.000000000,planner_track,0.148630155,-0.008212325,0.002464648,-0.000815834,0.075685096,0.076364627,b,3,3,4,5
16.140000,SS,2,1,0.474010409,-2.008974791,3.236375544,-2.042391024,1.151288448,-3.452349089,5.000000000,planner_track,0.150355732,-0.007127219,0.003025924,-0.000801520,0.050842055,0.075630831,b,3,3,4,5
16.240000,SS,2,1,0.476999986,-1.731952285,3.023288545,-2.351127770,1.051055602,-3.737822858,5.000000000,planner_track,0.147459161,-0.005862884,0.003585988,-0.000746102,0.031542704,0.079510778,b,3,3,4,5
16.340000,SS,2,1,0.478264259,-1.442213278,2.721552105,-2.458863234,0.932953213,-3.810795946,5.000000000,planner_track,0.141122704,-0.004486085,0.004113248,-0.000653768,0.017759572,0.087828493,b,3,3,4,5
16.440000,SS,2,1,0.477874459,-1.147544041,2.346399738,-2.401578722,0.791547747,-3.639667053,5.000000000,planner_track,0.132419493,-0.003065042,0.004579384,-0.000530742,0.009481872,0.099527966,b,3,3,4,5
16.540000,SS,2,1,0.476032886,-0.861705602,1.920340531,-2.217140437,0.624754418,-3.201340315,5.000000000,planner_track,0.122121393,-0.001670506,0.004959868,-0.000385263,0.006446437,0.112478933,b,3,3,4,5
16.640000,SS,2,1,0.473069195,-0.600868994,1.472568227,-1.950927714,0.430886027,-2.484189496,3.778140160,planner_track,0.110760620,-0.000376728,0.005233295,-0.000227270,0.006161921,0.123888251,b,3,3,4,5
16.740000,SS,2,1,0.469351171,-0.382921516,1.037944381,-1.653730761,0.193271258,-1.460155757,1.959476998,planner_track,0.098790356,0.000736419,0.005379021,-0.000068019,0.006086335,0.130705514,b,3,3,4,5
16.840000,SS,2,1,0.465217275,-0.230721730,0.661424783,-1.379688485,0.187091059,-0.852648762,1.614807315,planner_track,0.089511782,0.001606449,0.005378317,0.000078776,0.005807196,0.131415655,b,3,3,4,5
16.940000,SS,2,1,0.460789716,-0.147537756,0.457254376,-0.966479570,0.200744551,-0.639368442,1.271981321,planner_track,0.082628976,0.002247858,0.005245786,0.000198118,0.005455715,0.127215635,b,3,3,4,5
17.040000,SS,2,1,0.456143194,-0.099568128,0.291262066,-0.730585989,0.137076164,-0.480363386,0.978106451,planner_track,0.075465740,0.002691918,0.005014016,0.000285548,0.005114233,0.119488698,b,3,3,4,5
17.140000,SS,2,1,0.451341057,-0.077219016,0.154505151,-0.542007253,0.099176105,-0.384740101,0.744979856,planner_track,0.068497212,0.002970966,0.004708821,0.000344428,0.004815575,0.109663231,b,3,3,4,5
17.250000,DS,2,0,0.450784061,nan,nan,nan,0.000000000,0.000000000,0.000000000,ds_hold,0.000000000,0.000000000,0.000000000,0.000000000,0.004372606,0.136303582,b,3,4,4,6
17.260000,DS,2,0,0.450086164,nan,nan,nan,0.000000000,0.000000000,0.000000000,ds_hold,0.002479520,0.000002274,-0.000065859,-0.000017047,0.003542239,0.184279843,b,3,4,4,6
17.270000,DS,2,0,0.449274897,nan,nan,nan,0.000000000,0.000000000,0.000000000,ds_hold,0.006675395,-0.000008842,-0.000166569,-0.000055457,0.002700001,0.219272699,b,3,4,4,6
17.280000,DS,2,0,0.448398864,nan,nan,nan,0.000000000,0.000000000,0.000000000,ds_hold,0.011565480,-0.000036766,-0.000301071,-0.000101106,0.001981548,0.240543827,b,3,4,4,6
17.290000,DS,2,0,0.447480707,nan,nan,nan,0.000000000,0.000000000,0.000000000,ds_hold,0.017001467,-0.000084051,-0.000461818,-0.000147838,0.001417414,0.251311431,b,3,4,4,6
17.300000,DS,2,0,0.446541576,nan,nan,nan,0.000000000,0.000000000,0.000000000,ds_hold,0.022963174,-0.000150591,-0.000640300,-0.000189689,0.000994889,0.255489206,b,3,4,4,6
17.310000,DS,2,0,0.445594429,nan,nan,nan,0.000000000,0.000000000,0.000000000,ds_hold,0.029705869,-0.000234992,-0.000828520,-0.000223833,0.000687908,0.254168658,b,3,4,4,6
17.320000,DS,2,0,0.444646538,nan,nan,nan,0.000000000,0.000000000,0.000000000,ds_hold,0.037380753,-0.000334967,-0.001020470,-0.000249080,0.000469583,0.248210281,b,3,4,4,6
17.330000,DS,2,0,0.443702123,nan,nan,nan,0.000000000,0.000000000,0.000000000,ds_hold,0.045872646,-0.000448170,-0.001211960,-0.000265122,0.000316805,0.238418939,b,3,4,4,6
17.340000,DS,2,0,0.442764825,nan,nan,nan,0.000000000,0.000000000,0.000000000,ds_hold,0.054956543,-0.000572549,-0.001399944,-0.000271910,0.000211184,0.225410887,b,3,4,4,6
17.350000,DS,2,0,0.441837658,nan,nan,nan,0.000000000,0.000000000,0.000000000,ds_hold,0.064405184,-0.000705992,-0.001582185,-0.000269800,0.000138944,0.209286343,b,3,4,4,6
17.360000,DS,2,0,0.440922759,nan,nan,nan,0.000000000,0.000000000,0.000000000,ds_hold,0.073998247,-0.000846301,-0.001757180,-0.000259521,0.000090129,0.190249974,b,3,4,4,6
17.370000,DS,2,0,0.440021835,nan,nan,nan,0.000000000,0.000000000,0.000000000,ds_hold,0.083532524,-0.000991359,-0.001924000,-0.000241900,0.000057696,0.168846600,b,3,4,4,6
17.380000,DS,2,0,0.439136151,nan,nan,nan,0.000000000,0.000000000,0.000000000,ds_hold,0.092836780,-0.001139220,-0.002082143,-0.000217823,0.000036774,0.145809018,b,3,4,4,6
17.390000,DS,2,0,0.438266671,nan,nan,nan,0.000000000,0.000000000,0.000000000,ds_hold,0.101786923,-0.001288150,-0.002231427,-0.000188151,0.000024062,0.121949205,b,3,4,4,6
17.400000,DS,2,0,0.437414067,nan,nan,nan,0.000000000,0.000000000,0.000000000,ds_hold,0.110317855,-0.001436674,-0.002371906,-0.000153704,0.000017232,0.098095669,b,3,4,4,6
17.410000,DS,2,0,0.436578633,nan,nan,nan,0.000000000,0.000000000,0.000000000,ds_hold,0.118413886,-0.001583597,-0.002503819,-0.000115238,0.000014319,0.075004504,b,3,4,4,6
17.420000,DS,2,0,0.435760119,nan,nan,nan,0.000000000,0.000000000,0.000000000,ds_hold,0.126092107,-0.001728001,-0.002627577,-0.000073433,0.000013756,0.053089444,b,3,4,4,6
17.430000,DS,2,0,0.434957750,nan,nan,nan,0.000000000,0.000000000,0.000000000,ds_hold,0.133398426,-0.001869315,-0.002743701,-0.000028869,0.000014595,0.033238435,b,3,4,4,6
17.440000,DS,2,0,0.434170729,nan,nan,nan,0.000000000,0.000000000,0.000000000,ds_hold,0.140401737,-0.002007267,-0.002852714,0.000018001,0.000016112,0.020791924,b,3,4,4,6
17.450000,DS,2,0,0.433398552,nan,nan,nan,0.000000000,0.000000000,0.000000000,ds_hold,0.147171244,-0.002141659,-0.002955088,0.000066827,0.000017647,0.026205496,b,3,4,4,6
17.460000,DS,2,0,0.432641034,nan,nan,nan,0.000000000,0.000000000,0.000000000,ds_hold,0.153760582,-0.002272239,-0.003051243,0.000117311,0.000018756,0.040743097,b,3,4,4,6
17.470000,DS,2,0,0.431898297,nan,nan,nan,0.000000000,0.000000000,0.000000000,ds_hold,0.160202295,-0.002398677,-0.003141529,0.000169172,0.000019243,0.055479277,b,3,4,4,6
17.480000,DS,2,0,0.431170786,nan,nan,nan,0.000000000,0.000000000,0.000000000,ds_hold,0.166501937,-0.002520539,-0.003226222,0.000222112,0.000019116,0.068235370,b,3,4,4,6
17.490000,DS,2,0,0.430459027,nan,nan,nan,0.000000000,0.000000000,0.000000000,ds_hold,0.172640528,-0.002637296,-0.003305542,0.000275783,0.000018540,0.078729556,b,3,4,4,6
17.500000,DS,2,0,0.429763322,nan,nan,nan,0.000000000,0.000000000,0.000000000,ds_hold,0.178590683,-0.002748446,-0.003379688,0.000329792,0.000017745,0.087321677,b,3,4,4,6
17.510000,DS,2,0,0.429083735,nan,nan,nan,0.000000000,0.000000000,0.000000000,ds_hold,0.184330030,-0.002853590,-0.003448850,0.000383752,0.000016914,0.094367810,b,3,4,4,6
17.520000,DS,2,0,0.428420154,nan,nan,nan,0.000000000,0.000000000,0.000000000,ds_hold,0.189843002,-0.002952440,-0.003513220,0.000437307,0.000016151,0.100133737,b,3,4,4,6
17.530000,DS,2,0,0.427772325,nan,nan,nan,0.000000000,0.000000000,0.000000000,ds_hold,0.195120014,-0.003044817,-0.003573004,0.000490147,0.000015491,0.104800675,b,3,4,4,6
17.540000,DS,2,0,0.427139893,nan,nan,nan,0.000000000,0.000000000,0.000000000,ds_hold,0.200155017,-0.003130637,-0.003628415,0.000542008,0.000014931,0.108493180,b,3,4,4,6
17.550000,DS,2,0,0.426522421,nan,nan,nan,0.000000000,0.000000000,0.000000000,ds_hold,0.204943035,-0.003209901,-0.003679677,0.000592668,0.000014450,0.111301514,b,3,4,4,6
17.560000,DS,2,0,0.425919416,nan,nan,nan,0.000000000,0.000000000,0.000000000,ds_hold,0.209478381,-0.003282681,-0.003727013,0.000641939,0.000014021,0.113296659,b,3,4,4,6
17.570000,DS,2,0,0.425330348,nan,nan,nan,0.000000000,0.000000000,0.000000000,ds_hold,0.213753838,-0.003349099,-0.003770648,0.000689663,0.000013622,0.114539801,b,3,4,4,6
17.580000,DS,2,0,0.424754656,nan,nan,nan,0.000000000,0.000000000,0.000000000,ds_hold,0.217760696,-0.003409322,-0.003810792,0.000735702,0.000013239,0.115088244,b,3,4,4,6
17.590000,DS,2,0,0.424191764,nan,nan,nan,0.000000000,0.000000000,0.000000000,ds_hold,0.221489380,-0.003463541,-0.003847648,0.000779935,0.000012859,0.114998838,b,3,4,4,6
17.600000,DS,2,0,0.423641087,nan,nan,nan,0.000000000,0.000000000,0.000000000,ds_hold,0.224930432,-0.003511972,-0.003881401,0.000822257,0.000012476,0.114330320,b,3,4,4,6
17.610000,DS,2,0,0.423102028,nan,nan,nan,0.000000000,0.000000000,0.000000000,ds_hold,0.228075566,-0.003554844,-0.003912223,0.000862574,0.000012087,0.113142656,b,3,4,4,6
17.620000,DS,2,0,0.422573986,nan,nan,nan,0.000000000,0.000000000,0.000000000,ds_hold,0.230918603,-0.003592398,-0.003940270,0.000900804,0.000011690,0.111496467,b,3,4,4,6
17.630000,DS,2,0,0.422056353,nan,nan,nan,0.000000000,0.000000000,0.000000000,ds_hold,0.233456226,-0.003624886,-0.003965688,0.000936880,0.000011286,0.109452391,b,3,4,4,6
17.640000,DS,2,0,0.421548513,nan,nan,nan,0.000000000,0.000000000,0.000000000,ds_hold,0.235688479,-0.003652568,-0.003988613,0.000970748,0.000010875,0.107069597,b,3,4,4,6
17.650000,DS,2,0,0.421049843,nan,nan,nan,0.000000000,0.000000000,0.000000000,ds_hold,0.237618989,-0.003675713,-0.004009174,0.001002368,0.000010460,0.104404638,b,3,4,4,6
17.660000,DS,2,0,0.420559717,nan,nan,nan,0.000000000,0.000000000,0.000000000,ds_hold,0.239254909,-0.003694597,-0.004027494,0.001031718,0.000010041,0.101510497,b,3,4,4,6
17.670000,DS,2,0,0.420077504,nan,nan,nan,0.000000000,0.000000000,0.000000000,ds_hold,0.240606652,-0.003709505,-0.004043694,0.001058790,0.000009622,0.098435888,b,3,4,4,6
17.680000,DS,2,0,0.419602578,nan,nan,nan,0.000000000,0.000000000,0.000000000,ds_hold,0.241687447,-0.003720727,-0.004057893,0.001083595,0.000009205,0.095224811,b,3,4,4,6
17.690000,DS,2,0,0.419134321,nan,nan,nan,0.000000000,0.000000000,0.000000000,ds_hold,0.242512791,-0.003728555,-0.004070207,0.001106157,0.000008791,0.091916361,b,3,4,4,6
17.700000,DS,2,0,0.418672127,nan,nan,nan,0.000000000,0.000000000,0.000000000,ds_hold,0.243099855,-0.003733281,-0.004080752,0.001126517,0.000008384,0.088544756,b,3,4,4,6
17.710000,DS,2,0,0.418215413,nan,nan,nan,0.000000000,0.000000000,0.000000000,ds_hold,0.243466896,-0.003735196,-0.004089641,0.001144725,0.000007985,0.085139571,b,3,4,4,6
17.720000,DS,2,0,0.417763619,nan,nan,nan,0.000000000,0.000000000,0.000000000,ds_hold,0.243632712,-0.003734583,-0.004096984,0.001160847,0.000007594,0.081726115,b,3,4,4,6
17.730000,DS,2,0,0.417316216,nan,nan,nan,0.000000000,0.000000000,0.000000000,ds_hold,0.243616177,-0.003731715,-0.004102887,0.001174952,0.000007215,0.078325900,b,3,4,4,6
17.740000,DS,2,0,0.416872708,nan,nan,nan,0.000000000,0.000000000,0.000000000,ds_hold,0.243435855,-0.003726854,-0.004107454,0.001187121,0.000006847,0.074957129,b,3,4,4,6
17.750000,DS,2,0,0.416432633,nan,nan,nan,0.000000000,0.000000000,0.000000000,ds_hold,0.243109708,-0.003720246,-0.004110780,0.001197436,0.000006492,0.071635172,b,3,4,4,6
17.760000,DS,2,0,0.415995567,nan,nan,nan,0.000000000,0.000000000,0.000000000,ds_hold,0.242654873,-0.003712122,-0.004112959,0.001205983,0.000006149,0.068372972,b,3,4,4,6
17.770000,DS,2,0,0.415561123,nan,nan,nan,0.000000000,0.000000000,0.000000000,ds_hold,0.242087523,-0.003702695,-0.004114077,0.001212849,0.000005820,0.065181398,b,3,4,4,6
17.780000,DS,2,0,0.415128946,nan,nan,nan,0.000000000,0.000000000,0.000000000,ds_hold,0.241422783,-0.003692161,-0.004114212,0.001218122,0.000005504,0.062069507,b,3,4,4,6
17.790000,DS,2,0,0.414698720,nan,nan,nan,0.000000000,0.000000000,0.000000000,ds_hold,0.240674764,-0.003680699,-0.004113440,0.001221886,0.000005202,0.059044762,b,3,4,4,6
17.800000,DS,2,0,0.414270157,nan,nan,nan,0.000000000,0.000000000,0.000000000,ds_hold,0.239856574,-0.003668472,-0.004111827,0.001224225,0.000004915,0.056113472,b,3,4,4,6
17.810000,DS,2,0,0.413843000,nan,nan,nan,0.000000000,0.000000000,0.000000000,ds_hold,0.238980178,-0.003655629,-0.004109435,0.001225219,0.000004641,0.053279874,b,3,4,4,6
17.820000,DS,2,0,0.413417026,nan,nan,nan,0.000000000,0.000000000,0.000000000,ds_hold,0.238056193,-0.003642302,-0.004106318,0.001224944,0.000004381,0.050545238,b,3,4,4,6
17.830000,DS,2,0,0.412992039,nan,nan,nan,0.000000000,0.000000000,0.000000000,ds_hold,0.237093963,-0.003628609,-0.004102524,0.001223470,0.000004134,0.047911157,b,3,4,4,6
17.840000,DS,2,0,0.412567864,nan,nan,nan,0.000000000,0.000000000,0.000000000,ds_hold,0.236101781,-0.003614654,-0.004098095,0.001220864,0.000003900,0.045379609,b,3,4,4,6
17.850000,DS,2,0,0.412144347,nan,nan,nan,0.000000000,0.000000000,0.000000000,ds_hold,0.235087057,-0.003600527,-0.004093072,0.001217189,0.000003680,0.042951936,b,3,4,4,6
17.860000,DS,2,0,0.411721350,nan,nan,nan,0.000000000,0.000000000,0.000000000,ds_hold,0.234056428,-0.003586309,-0.004087487,0.001212502,0.000003473,0.040628612,b,3,4,4,6
17.870000,DS,2,0,0.411298748,nan,nan,nan,0.000000000,0.000000000,0.000000000,ds_hold,0.233015832,-0.003572072,-0.004081373,0.001206858,0.000003280,0.038409084,b,3,4,4,6
17.880000,DS,2,0,0.410876430,nan,nan,nan,0.000000000,0.000000000,0.000000000,ds_hold,0.231970560,-0.003557877,-0.004074759,0.001200311,0.000003100,0.036291911,b,3,4,4,6
17.890000,DS,2,0,0.410454293,nan,nan,nan,0.000000000,0.000000000,0.000000000,ds_hold,0.230925302,-0.003543779,-0.004067673,0.001192911,0.000002933,0.034275006,b,3,4,4,6
17.900000,DS,2,0,0.410032245,nan,nan,nan,0.000000000,0.000000000,0.000000000,ds_hold,0.229884186,-0.003529828,-0.004060140,0.001184707,0.000002780,0.032355976,b,3,4,4,6
17.910000,DS,2,0,0.409610200,nan,nan,nan,0.000000000,0.000000000,0.000000000,ds_hold,0.228850814,-0.003516066,-0.004052188,0.001175745,0.000002640,0.030532478,b,3,4,4,6
17.920000,DS,2,0,0.409188080,nan,nan,nan,0.000000000,0.000000000,0.000000000,ds_hold,0.227828307,-0.003502531,-0.004043839,0.001166071,0.000002514,0.028802575,b,3,4,4,6
17.930000,DS,2,0,0.408765812,nan,nan,nan,0.000000000,0.000000000,0.000000000,ds_hold,0.226819336,-0.003489256,-0.004035120,0.001155731,0.000002399,0.027165054,b,3,4,4,6
17.940000,DS,2,0,0.408343331,nan,nan,nan,0.000000000,0.000000000,0.000000000,ds_hold,0.225826170,-0.003476272,-0.004026055,0.001144768,0.000002297,0.025619691,b,3,4,4,6
17.950000,DS,2,0,0.407920574,nan,nan,nan,0.000000000,0.000000000,0.000000000,ds_hold,0.224850714,-0.003463604,-0.004016667,0.001133224,0.000002206,0.024167442,b,3,4,4,6
17.960000,DS,2,0,0.407497482,nan,nan,nan,0.000000000,0.000000000,0.000000000,ds_hold,0.223894553,-0.003451276,-0.004006983,0.001121144,0.000002126,0.022810569,b,3,4,4,6
17.970000,DS,2,0,0.407074003,nan,nan,nan,0.000000000,0.000000000,0.000000000,ds_hold,0.222958989,-0.003439308,-0.003997026,0.001108569,0.000002056,0.021552667,b,3,4,4,6
17.980000,DS,2,0,0.406650087,nan,nan,nan,0.000000000,0.000000000,0.000000000,ds_hold,0.222045084,-0.003427719,-0.003986822,0.001095540,0.000001995,0.020398577,b,3,4,4,6
17.990000,DS,2,0,0.406225686,nan,nan,nan,0.000000000,0.000000000,0.000000000,ds_hold,0.221153694,-0.003416524,-0.003976396,0.001082098,0.000001944,0.019354171,b,3,4,4,6
18.000000,DS,2,0,0.405800758,nan,nan,nan,0.000000000,0.000000000,0.000000000,ds_hold,0.220285504,-0.003405738,-0.003965773,0.001068286,0.000001901,0.018425966,b,3,4,4,6
18.010000,DS,2,0,0.405375262,nan,nan,nan,0.000000000,0.000000000,0.000000000,ds_hold,0.219441062,-0.003395372,-0.003954978,0.001054142,0.000001865,0.017620563,b,3,4,4,6
18.020000,DS,2,0,0.404949161,nan,nan,nan,0.000000000,0.000000000,0.000000000,ds_hold,0.218620798,-0.003385438,-0.003944037,0.001039707,0.000001836,0.016943896,b,3,4,4,6
18.030000,DS,2,0,0.404522421,nan,nan,nan,0.000000000,0.000000000,0.000000000,ds_hold,0.217825058,-0.003375943,-0.003932976,0.001025021,0.000001814,0.016400363,b,3,4,4,6
18.040000,DS,2,0,0.404095011,nan,nan,nan,0.000000000,0.000000000,0.000000000,ds_hold,0.217054115,-0.003366895,-0.003921820,0.001010123,0.000001798,0.015991942,b,3,4,4,6
18.050000,DS,2,0,0.403666902,nan,nan,nan,0.000000000,0.000000000,0.000000000,ds_hold,0.216308190,-0.003358300,-0.003910594,0.000995050,0.000001787,0.015717455,b,3,4,4,6
18.060000,DS,2,0,0.403238067,nan,nan,nan,0.000000000,0.000000000,0.000000000,ds_hold,0.215587463,-0.003350162,-0.003899323,0.000979843,0.000001781,0.015572159,b,3,4,4,6
18.070000,DS,2,0,0.402808484,nan,nan,nan,0.000000000,0.000000000,0.000000000,ds_hold,0.214892084,-0.003342484,-0.003888032,0.000964536,0.000001780,0.015547774,b,3,4,4,6
18.080000,DS,2,0,0.402378131,nan,nan,nan,0.000000000,0.000000000,0.000000000,ds_hold,0.214222177,-0.003335266,-0.003876746,0.000949169,0.000001782,0.015632965,b,3,4,4,6
18.090000,DS,2,0,0.401946990,nan,nan,nan,0.000000000,0.000000000,0.000000000,ds_hold,0.213577849,-0.003328511,-0.003865488,0.000933776,0.000001788,0.015814153,b,3,4,4,6
18.100000,DS,2,0,0.401515046,nan,nan,nan,0.000000000,0.000000000,0.000000000,ds_hold,0.212959188,-0.003322215,-0.003854283,0.000918392,0.000001797,0.016076480,b,3,4,4,6
18.110000,DS,2,0,0.401082284,nan,nan,nan,0.000000000,0.000000000,0.000000000,ds_hold,0.212366266,-0.003316378,-0.003843154,0.000903053,0.000001808,0.016404744,b,3,4,4,6
18.120000,DS,2,0,0.400648694,nan,nan,nan,0.000000000,0.000000000,0.000000000,ds_hold,0.211799138,-0.003310995,-0.003832122,0.000887791,0.000001821,0.016784163,b,3,4,4,6
18.130000,DS,2,0,0.400214267,nan,nan,nan,0.000000000,0.000000000,0.000000000,ds_hold,0.211257837,-0.003306061,-0.003821210,0.000872638,0.000001836,0.017200924,b,3,4,4,6
18.140000,DS,2,0,0.399778996,nan,nan,nan,0.000000000,0.000000000,0.000000000,ds_hold,0.210742377,-0.003301572,-0.003810440,0.000857627,0.000001851,0.017642504,b,3,4,4,6
18.150000,DS,2,0,0.399342877,nan,nan,nan,0.000000000,0.000000000,0.000000000,ds_hold,0.210252744,-0.003297519,-0.003799832,0.000842787,0.000001867,0.018097827,b,3,4,4,6
18.160000,DS,2,0,0.398905909,nan,nan,nan,0.000000000,0.000000000,0.000000000,ds_hold,0.209788896,-0.003293894,-0.003789405,0.000828147,0.000001884,0.018557275,b,3,4,4,6
18.170000,DS,2,0,0.398468092,nan,nan,nan,0.000000000,0.000000000,0.000000000,ds_hold,0.209350759,-0.003290689,-0.003779178,0.000813736,0.000001900,0.019012631,b,3,4,4,6
18.180000,DS,2,0,0.398029428,nan,nan,nan,0.000000000,0.000000000,0.000000000,ds_hold,0.208938221,-0.003287893,-0.003769170,0.000799579,0.000001916,0.019456966,b,3,4,4,6
18.190000,DS,2,0,0.397589920,nan,nan,nan,0.000000000,0.000000000,0.000000000,ds_hold,0.208551134,-0.003285496,-0.003759397,0.000785703,0.000001930,0.019884512,b,3,4,4,6
18.200000,DS,2,0,0.397149576,nan,nan,nan,0.000000000,0.000000000,0.000000000,ds_hold,0.208189306,-0.003283484,-0.003749876,0.000772130,0.000001944,0.020290528,b,3,4,4,6
18.210000,DS,2,0,0.396708404,nan,nan,nan,0.000000000,0.000000000,0.000000000,ds_hold,0.207852503,-0.003281846,-0.003740622,0.000758884,0.000001957,0.020671172,b,3,4,4,6
18.220000,DS,2,0,0.396266414,nan,nan,nan,0.000000000,0.000000000,0.000000000,ds_hold,0.207540444,-0.003280568,-0.003731649,0.000745986,0.000001968,0.021023384,b,3,4,4,6
18.230000,DS,2,0,0.395823618,nan,nan,nan,0.000000000,0.000000000,0.000000000,ds_hold,0.207252804,-0.003279635,-0.003722970,0.000733455,0.000001977,0.021344775,b,3,4,4,6
18.240000,DS,2,0,0.395380029,nan,nan,nan,0.000000000,0.000000000,0.000000000,ds_hold,0.206989209,-0.003279033,-0.003714598,0.000721310,0.000001985,0.021633536,b,3,4,4,6
18.250000,DS,2,0,0.394935662,nan,nan,nan,0.000000000,0.000000000,0.000000000,ds_hold,0.206749242,-0.003278747,-0.003706542,0.000709567,0.000001991,0.021888352,b,3,4,4,6
18.260000,DS,2,0,0.394490533,nan,nan,nan,0.000000000,0.000000000,0.000000000,ds_hold,0.206532437,-0.003278760,-0.003698814,0.000698242,0.000001995,0.022108327,b,3,4,4,6
18.270000,DS,2,0,0.394044662,nan,nan,nan,0.000000000,0.000000000,0.000000000,ds_hold,0.206338289,-0.003279058,-0.003691423,0.000687349,0.000001997,0.022292919,b,3,4,4,6
18.280000,DS,2,0,0.393598067,nan,nan,nan,0.000000000,0.000000000,0.000000000,ds_hold,0.206166247,-0.003279622,-0.003684375,0.000676900,0.000001997,0.022441884,b,3,4,4,6
18.290000,DS,2,0,0.393150767,nan,nan,nan,0.000000000,0.000000000,0.000000000,ds_hold,0.206015725,-0.003280437,-0.003677678,0.000666906,0.000001995,0.022555223,b,3,4,4,6
18.300000,DS,2,0,0.392702786,nan,nan,nan,0.000000000,0.000000000,0.000000000,ds_hold,0.205886098,-0.003281487,-0.003671338,0.000657376,0.000001990,0.022633140,b,3,4,4,6
18.310000,DS,2,0,0.392254144,nan,nan,nan,0.000000000,0.000000000,0.000000000,ds_hold,0.205776710,-0.003282753,-0.003665360,0.000648319,0.000001984,0.022676004,b,3,4,4,6
18.320000,DS,2,0,0.391804866,nan,nan,nan,0.000000000,0.000000000,0.000000000,ds_hold,0.205686874,-0.003284219,-0.003659746,0.000639742,0.000001976,0.022684313,b,3,4,4,6
18.330000,DS,2,0,0.391354975,nan,nan,nan,0.000000000,0.000000000,0.000000000,ds_hold,0.205615880,-0.003285870,-0.003654501,0.000631649,0.000001965,0.022658671,b,3,4,4,6
18.340000,DS,2,0,0.390904495,nan,nan,nan,0.000000000,0.000000000,0.000000000,ds_hold,0.205562994,-0.003287687,-0.003649625,0.000624044,0.000001953,0.022599759,b,3,4,4,6
18.350000,DS,2,0,0.390453452,nan,nan,nan,0.000000000,0.000000000,0.000000000,ds_hold,0.205527465,-0.003289656,-0.003645119,0.000616931,0.000001938,0.022508321,b,3,4,4,6
18.360000,DS,2,0,0.390001871,nan,nan,nan,0.000000000,0.000000000,0.000000000,ds_hold,0.205508528,-0.003291760,-0.003640983,0.000610311,0.000001922,0.022385143,b,3,4,4,6
18.370000,DS,2,0,0.389549778,nan,nan,nan,0.000000000,0.000000000,0.000000000,ds_hold,0.205505408,-0.003293984,-0.003637217,0.000604183,0.000001904,0.022231048,b,3,4,4,6
18.380000,DS,2,0,0.389097198,nan,nan,nan,0.000000000,0.000000000,0.000000000,ds_hold,0.205517323,-0.003296312,-0.003633818,0.000598548,0.000001884,0.022046878,b,3,4,4,6
18.390000,DS,2,0,0.388644158,nan,nan,nan,0.000000000,0.000000000,0.000000000,ds_hold,0.205543490,-0.003298731,-0.003630783,0.000593402,0.000001862,0.021833498,b,3,4,4,6
18.400000,DS,2,0,0.388190684,nan,nan,nan,0.000000000,0.000000000,0.000000000,ds_hold,0.205583123,-0.003301225,-0.003628109,0.000588743,0.000001838,0.021591783,b,3,4,4,6
18.410000,DS,2,0,0.387736801,nan,nan,nan,0.000000000,0.000000000,0.000000000,ds_hold,0.205635444,-0.003303782,-0.003625792,0.000584566,0.000001813,0.021322623,b,3,4,4,6
18.420000,DS,2,0,0.387282536,nan,nan,nan,0.000000000,0.000000000,0.000000000,ds_hold,0.205699678,-0.003306388,-0.003623827,0.000580866,0.000001786,0.021026920,b,3,4,4,6
18.430000,DS,2,0,0.386827915,nan,nan,nan,0.000000000,0.000000000,0.000000000,ds_hold,0.205775060,-0.003309031,-0.003622208,0.000577636,0.000001757,0.020705588,b,3,4,4,6
18.440000,DS,2,0,0.386372962,nan,nan,nan,0.000000000,0.000000000,0.000000000,ds_hold,0.205860840,-0.003311699,-0.003620928,0.000574870,0.000001727,0.020359558,b,3,4,4,6
18.450000,DS,2,0,0.385917702,nan,nan,nan,0.000000000,0.000000000,0.000000000,ds_hold,0.205956278,-0.003314381,-0.003619982,0.000572560,0.000001695,0.019989778,b,3,4,4,6
18.460000,DS,2,0,0.385462162,nan,nan,nan,0.000000000,0.000000000,0.000000000,ds_hold,0.206060651,-0.003317066,-0.003619360,0.000570697,0.000001661,0.019597214,b,3,4,4,6
18.470000,DS,2,0,0.385006365,nan,nan,nan,0.000000000,0.000000000,0.000000000,ds_hold,0.206173254,-0.003319746,-0.003619056,0.000569271,0.000001627,0.019182857,b,3,4,4,6
18.480000,DS,2,0,0.384550334,nan,nan,nan,0.000000000,0.000000000,0.000000000,ds_hold,0.206293401,-0.003322409,-0.003619061,0.000568272,0.000001590,0.018747722,b,3,4,4,6
18.490000,DS,2,0,0.384094094,nan,nan,nan,0.000000000,0.000000000,0.000000000,ds_hold,0.206420426,-0.003325049,-0.003619365,0.000567689,0.000001552,0.018292851,b,3,4,4,6
18.500000,DS,2,0,0.383637667,nan,nan,nan,0.000000000,0.000000000,0.000000000,ds_hold,0.206553684,-0.003327656,-0.003619960,0.000567511,0.000001513,0.017819315,b,3,4,4,6
18.510000,DS,2,0,0.383181076,nan,nan,nan,0.000000000,0.000000000,0.000000000,ds_hold,0.206692552,-0.003330224,-0.003620836,0.000567726,0.000001473,0.017328214,b,3,4,4,6
18.520000,DS,2,0,0.382724341,nan,nan,nan,0.000000000,0.000000000,0.000000000,ds_hold,0.206836430,-0.003332746,-0.003621982,0.000568321,0.000001432,0.016820678,b,3,4,4,6
18.530000,DS,2,0,0.382267486,nan,nan,nan,0.000000000,0.000000000,0.000000000,ds_hold,0.206984739,-0.003335215,-0.003623389,0.000569283,0.000001389,0.016297867,b,3,4,4,6
18.540000,DS,2,0,0.381810529,nan,nan,nan,0.000000000,0.000000000,0.000000000,ds_hold,0.207136924,-0.003337627,-0.003625045,0.000570600,0.000001346,0.015760972,b,3,4,4,6
18.550000,DS,2,0,0.381353491,nan,nan,nan,0.000000000,0.000000000,0.000000000,ds_hold,0.207292455,-0.003339976,-0.003626940,0.000572257,0.000001301,0.015211213,b,3,4,4,6
18.560000,DS,2,0,0.380896392,nan,nan,nan,0.000000000,0.000000000,0.000000000,ds_hold,0.207450821,-0.003342257,-0.003629063,0.000574240,0.000001256,0.014649836,b,3,4,4,6
18.570000,DS,2,0,0.380439248,nan,nan,nan,0.000000000,0.000000000,0.000000000,ds_hold,0.207611537,-0.003344468,-0.003631402,0.000576535,0.000001210,0.014078119,b,3,4,4,6
18.580000,DS,2,0,0.379982080,nan,nan,nan,0.000000000,0.000000000,0.000000000,ds_hold,0.207774139,-0.003346604,-0.003633947,0.000579128,0.000001163,0.013497364,b,3,4,4,6
18.590000,DS,2,0,0.379524903,nan,nan,nan,0.000000000,0.000000000,0.000000000,ds_hold,0.207938186,-0.003348663,-0.003636685,0.000582004,0.000001116,0.012908899,b,3,4,4,6
18.600000,DS,2,0,0.379067734,nan,nan,nan,0.000000000,0.000000000,0.000000000,ds_hold,0.208103259,-0.003350642,-0.003639605,0.000585148,0.000001068,0.012314083,b,3,4,4,6
18.610000,DS,2,0,0.378610590,nan,nan,nan,0.000000000,0.000000000,0.000000000,ds_hold,0.208268957,-0.003352539,-0.003642696,0.000588544,0.000001020,0.011714298,b,3,4,4,6
18.620000,DS,2,0,0.378153484,nan,nan,nan,0.000000000,0.000000000,0.000000000,ds_hold,0.208434904,-0.003354354,-0.003645945,0.000592179,0.000000971,0.011110961,b,3,4,4,6
18.630000,DS,2,0,0.377696433,nan,nan,nan,0.000000000,0.000000000,0.000000000,ds_hold,0.208600742,-0.003356084,-0.003649342,0.000596037,0.000000923,0.010505524,b,3,4,4,6
18.640000,DS,2,0,0.377239450,nan,nan,nan,0.000000000,0.000000000,0.000000000,ds_hold,0.208766133,-0.003357728,-0.003652875,0.000600103,0.000000874,0.009899480,b,3,4,4,6
18.650000,DS,2,0,0.376782547,nan,nan,nan,0.000000000,0.000000000,0.000000000,ds_hold,0.208930755,-0.003359288,-0.003656532,0.000604361,0.000000826,0.009294379,b,3,4,4,6
18.660000,DS,2,0,0.376325738,nan,nan,nan,0.000000000,0.000000000,0.000000000,ds_hold,0.209094310,-0.003360762,-0.003660301,0.000608797,0.000000778,0.008691840,b,3,4,4,6
18.670000,DS,2,0,0.375869034,nan,nan,nan,0.000000000,0.000000000,0.000000000,ds_hold,0.209256511,-0.003362150,-0.003664172,0.000613397,0.000000730,0.008093577,b,3,4,4,6
18.680000,DS,2,0,0.375412447,nan,nan,nan,0.000000000,0.000000000,0.000000000,ds_hold,0.209417094,-0.003363454,-0.003668133,0.000618144,0.000000683,0.007501435,b,3,4,4,6
18.690000,DS,2,0,0.374955987,nan,nan,nan,0.000000000,0.000000000,0.000000000,ds_hold,0.209575806,-0.003364674,-0.003672173,0.000623025,0.000000637,0.006917442,b,3,4,4,6
18.700000,DS,2,0,0.374499664,nan,nan,nan,0.000000000,0.000000000,0.000000000,ds_hold,0.209732415,-0.003365812,-0.003676281,0.000628025,0.000000592,0.006343882,b,3,4,4,6
18.710000,DS,2,0,0.374043488,nan,nan,nan,0.000000000,0.000000000,0.000000000,ds_hold,0.209886700,-0.003366868,-0.003680447,0.000633130,0.000000548,0.005783409,b,3,4,4,6
18.720000,DS,2,0,0.373587467,nan,nan,nan,0.000000000,0.000000000,0.000000000,ds_hold,0.210038457,-0.003367844,-0.003684659,0.000638326,0.000000505,0.005239213,b,3,4,4,6
18.730000,DS,2,0,0.373131610,nan,nan,nan,0.000000000,0.000000000,0.000000000,ds_hold,0.210187494,-0.003368742,-0.003688908,0.000643598,0.000000465,0.004715270,b,3,4,4,6
18.740000,DS,2,0,0.372675924,nan,nan,nan,0.000000000,0.000000000,0.000000000,ds_hold,0.210333636,-0.003369563,-0.003693182,0.000648934,0.000000427,0.004216710,b,3,4,4,6
18.750000,DS,2,0,0.372220416,nan,nan,nan,0.000000000,0.000000000,0.000000000,ds_hold,0.210476718,-0.003370311,-0.003697473,0.000654319,0.000000391,0.003750355,b,3,4,4,6
18.760000,DS,2,0,0.371765093,nan,nan,nan,0.000000000,0.000000000,0.000000000,ds_hold,0.210616590,-0.003370986,-0.003701771,0.000659742,0.000000360,0.003325429,b,3,4,4,6
18.770000,DS,2,0,0.371309962,nan,nan,nan,0.000000000,0.000000000,0.000000000,ds_hold,0.210753112,-0.003371592,-0.003706065,0.000665189,0.000000332,0.002954344,b,3,4,4,6
18.780000,DS,2,0,0.370855026,nan,nan,nan,0.000000000,0.000000000,0.000000000,ds_hold,0.210886158,-0.003372131,-0.003710348,0.000670648,0.000000309,0.002653021,b,3,4,4,6
18.790000,DS,2,0,0.370400292,nan,nan,nan,0.000000000,0.000000000,0.000000000,ds_hold,0.211015612,-0.003372605,-0.003714610,0.000676106,0.000000291,0.002439500,b,3,4,4,6
18.800000,DS,2,0,0.369945763,nan,nan,nan,0.000000000,0.000000000,0.000000000,ds_hold,0.211141371,-0.003373017,-0.003718842,0.000681553,0.000000280,0.002329225,b,3,4,4,6
18.810000,DS,2,0,0.369491445,nan,nan,nan,0.000000000,0.000000000,0.000000000,ds_hold,0.211263340,-0.003373369,-0.003723037,0.000686977,0.000000275,0.002327705,b,3,4,4,6
18.820000,DS,2,0,0.369037339,nan,nan,nan,0.000000000,0.000000000,0.000000000,ds_hold,0.211381436,-0.003373665,-0.003727186,0.000692367,0.000000276,0.002426055,b,3,4,4,6
18.830000,DS,2,0,0.368583450,nan,nan,nan,0.000000000,0.000000000,0.000000000,ds_hold,0.211495587,-0.003373907,-0.003731282,0.000697713,0.000000282,0.002604349,b,3,4,4,6
18.840000,DS,2,0,0.368129780,nan,nan,nan,0.000000000,0.000000000,0.000000000,ds_hold,0.211605729,-0.003374098,-0.003735317,0.000703003,0.000000294,0.002839539,b,3,4,4,6
18.850000,DS,2,0,0.367676331,nan,nan,nan,0.000000000,0.000000000,0.000000000,ds_hold,0.211711809,-0.003374241,-0.003739285,0.000708230,0.000000308,0.003111369,b,3,4,4,6
18.860000,DS,2,0,0.367223105,nan,nan,nan,0.000000000,0.000000000,0.000000000,ds_hold,0.211813781,-0.003374338,-0.003743179,0.000713383,0.000000326,0.003404339,b,3,4,4,6
18.870000,DS,2,0,0.366770104,nan,nan,nan,0.000000000,0.000000000,0.000000000,ds_hold,0.211911611,-0.003374393,-0.003746992,0.000718454,0.000000345,0.003707312,b,3,4,4,6
18.880000,DS,2,0,0.366317328,nan,nan,nan,0.000000000,0.000000000,0.000000000,ds_hold,0.212005271,-0.003374408,-0.003750719,0.000723434,0.000000366,0.004012459,b,3,4,4,6
18.890000,DS,2,0,0.365864777,nan,nan,nan,0.000000000,0.000000000,0.000000000,ds_hold,0.212094743,-0.003374385,-0.003754354,0.000728315,0.000000387,0.004314277,b,3,4,4,6
18.900000,DS,2,0,0.365412453,nan,nan,nan,0.000000000,0.000000000,0.000000000,ds_hold,0.212180015,-0.003374328,-0.003757891,0.000733089,0.000000408,0.004608854,b,3,4,4,6
18.910000,SS,3,1,0.360950407,-0.010915966,-0.848392367,1.136194257,0.136986396,0.167651045,-0.143740746,planner_track,0.001619624,0.000020553,-0.000024561,0.000050532,0.799904316,0.005951073,a,3,4,4,7
19.010000,SS,3,1,0.356598417,0.103255290,-0.956807223,1.327397187,0.071684923,0.304565365,-0.477493394,planner_track,0.002608479,0.000072660,-0.000035843,0.000108263,0.799639960,0.012290710,a,3,4,4,7
19.110000,SS,3,1,0.352420332,0.194280045,-1.042447488,1.529506088,0.058964602,0.395439283,-0.650883350,planner_track,0.004267402,0.000147560,-0.000027317,0.000170820,0.799187927,0.022555696,a,3,4,4,7
19.210000,SS,3,1,0.348454147,0.257690888,-1.141984742,1.663193110,0.074695230,0.484018618,-0.730168537,planner_track,0.006149787,0.000236840,0.000001965,0.000235772,0.798494012,0.034677052,a,3,4,4,7
19.310000,SS,3,1,0.344729177,0.317677942,-1.278164970,1.852734539,0.074691849,0.586113078,-0.880422531,planner_track,0.008509513,0.000334582,0.000050327,0.000301270,0.797494398,0.047187924,a,3,4,4,7
19.410000,SS,3,1,0.341282184,0.375473817,-1.402185780,2.016454511,0.076597878,0.681486876,-1.015792210,planner_track,0.011102474,0.000437964,0.000119874,0.000366457,0.796126848,0.059228952,a,3,4,4,7
19.510000,SS,3,1,0.338144458,0.431280315,-1.509438060,2.148656958,0.081497644,0.760128391,-1.120502157,planner_track,0.013757566,0.000544151,0.000212406,0.000430557,0.794334036,0.070269716,a,3,4,4,7
19.610000,SS,3,1,0.335341768,0.486251978,-1.602015838,2.252962296,0.085797405,0.834781436,-1.219737514,planner_track,0.016349452,0.000650258,0.000328933,0.000492904,0.792064053,0.079989802,a,3,4,4,7
19.710000,SS,3,1,0.332897211,0.540252539,-1.679895224,2.329192274,0.090656780,0.901070205,-1.304552085,planner_track,0.018785594,0.000753721,0.000470496,0.000553029,0.789270639,0.088239936,a,3,4,4,7
19.810000,SS,3,1,0.330831126,0.592096120,-1.794196859,2.450915265,0.096135393,0.972548725,-1.390813032,planner_track,0.020998070,0.000853529,0.000637792,0.000610667,0.785912066,0.094994299,a,3,4,4,7
19.910000,SS,3,1,0.329162353,0.642372545,-1.891974425,2.542822143,0.101655531,1.029614966,-1.456343955,planner_track,0.022945165,0.000949973,0.000831571,0.000665882,0.781952035,0.100317935,a,3,4,4,7
20.010000,SS,3,1,0.327904911,0.690544895,-1.973382703,2.604602099,0.107769398,1.078242433,-1.506497983,planner_track,0.024604908,0.001042665,0.001051966,0.000718656,0.777360329,0.104306257,a,3,4,4,7
20.110000,SS,3,1,0.327069092,0.736351447,-2.039463800,2.637438127,0.114028135,1.118781644,-1.543107830,planner_track,0.025971654,0.001130820,0.001298653,0.000768967,0.772112087,0.107071417,a,3,4,4,7
20.210000,SS,3,1,0.326661740,0.779422102,-2.090838795,2.642169188,0.120544138,1.151260719,-1.565971080,planner_track,0.027053083,0.001213385,0.001570916,0.000816779,0.766187465,0.108732692,a,3,4,4,7
20.310000,SS,3,1,0.326686866,0.819987655,-2.151834040,2.656466051,0.127050171,1.182691712,-1.584116891,planner_track,0.027861679,0.001289855,0.001867640,0.000862061,0.759570836,0.109415358,a,3,4,4,7
20.410000,SS,3,1,0.327146774,0.857496541,-2.210124807,2.662149019,0.133240071,1.206893739,-1.591010808,planner_track,0.028415178,0.001360576,0.002187599,0.000904893,0.752250865,0.109252772,a,3,4,4,7
20.510000,SS,3,1,0.328040761,0.891305371,-2.254238134,2.641951792,0.139295807,1.221769011,-1.583807909,planner_track,0.028735781,0.001425735,0.002529289,0.000945337,0.744221023,0.108368133,a,3,4,4,7
20.610000,SS,3,1,0.329364834,0.921146352,-2.285234105,2.597330623,0.145135699,1.229223006,-1.565295213,planner_track,0.028847689,0.001485046,0.002890868,0.000983394,0.735479320,0.106866171,a,3,4,4,7
20.710000,SS,3,1,0.331112237,0.946830840,-2.304172832,2.529866143,0.150651876,1.229642094,-1.536442865,planner_track,0.028776744,0.001537938,0.003270274,0.001019038,0.726027906,0.104835620,a,3,4,4,7
20.810000,SS,3,1,0.333273834,0.968917430,-2.318607804,2.452957865,0.155686371,1.225570131,-1.500718214,planner_track,0.028548057,0.001583915,0.003665254,0.001052210,0.715872609,0.102354796,a,3,4,4,7
20.910000,SS,3,1,0.335838867,0.987983966,-2.335278818,2.379174422,0.159931388,1.218380757,-1.460492423,planner_track,0.028183960,0.001623087,0.004073469,0.001082853,0.705022543,0.099499509,a,3,4,4,7
21.010000,SS,3,1,0.338794987,1.002519882,-2.341357570,2.286629779,0.163465731,1.202723890,-1.409725867,planner_track,0.027705658,0.001655787,0.004492587,0.001110942,0.693490454,0.096339935,a,3,4,4,7
21.110000,SS,3,1,0.342127360,1.012389582,-2.337767462,2.176903446,0.166484229,1.181005150,-1.351063826,planner_track,0.027132769,0.001682003,0.004920155,0.001136422,0.681292738,0.092931775,a,3,4,4,7
21.210000,SS,3,1,0.345819211,1.017610459,-2.325641173,2.051828114,0.168825264,1.153650007,-1.285714360,planner_track,0.026482692,0.001701530,0.005353682,0.001159243,0.668449034,0.089319589,a,3,4,4,7
21.310000,SS,3,1,0.349852039,1.018257886,-2.305931632,1.913294224,0.170488447,1.120887580,-1.214184613,planner_track,0.025771065,0.001714064,0.005790674,0.001179359,0.654981966,0.085539873,a,3,4,4,7
21.410000,SS,3,1,0.354205984,1.017385597,-2.284107584,1.778694892,0.170998954,1.086111185,-1.141199972,planner_track,0.025010226,0.001719681,0.006228611,0.001196667,0.640916608,0.081627931,a,3,4,4,7
21.510000,SS,3,1,0.358860384,1.012143568,-2.255474810,1.633697739,0.170518847,1.044632430,-1.061702728,planner_track,0.024210019,0.001718781,0.006665068,0.001211083,0.626280621,0.077619074,a,3,4,4,7
21.610000,SS,3,1,0.363793004,1.002540037,-2.220826153,1.479915292,0.169364524,0.998804492,-0.977890958,planner_track,0.023379287,0.001711592,0.007097667,0.001222538,0.611104350,0.073542133,a,3,4,4,7
21.710000,SS,3,1,0.368980461,0.988758748,-2.181087768,1.319158814,0.167379696,0.948755901,-0.890591310,planner_track,0.022524837,0.001698271,0.007524104,0.001231003,0.595420466,0.069420408,a,3,4,4,7
21.810000,SS,3,1,0.374398381,0.971010089,-2.137020498,1.153186862,0.164577121,0.894800497,-0.800326957,planner_track,0.021652355,0.001678957,0.007942173,0.001236482,0.579263744,0.065273850,a,3,4,4,7
21.910000,SS,3,1,0.380021498,0.951838058,-2.083359599,0.982237426,0.160617737,0.836984657,-0.707776058,planner_track,0.020766597,0.001653869,0.008349719,0.001238941,0.562670800,0.061120888,a,3,4,4,7
22.010000,SS,3,1,0.385823885,0.930266875,-2.023578246,0.808718900,0.155564636,0.775680156,-0.613593981,planner_track,0.019871647,0.001623345,0.008744653,0.001238296,0.545679936,0.056979380,a,3,4,4,7
22.110000,SS,3,1,0.391779095,0.905337760,-1.961119768,0.635001693,0.149633102,0.711625795,-0.518471773,planner_track,0.018971262,0.001587789,0.009125008,0.001234502,0.528331049,0.052866694,a,3,4,4,7
22.210000,SS,3,1,0.397860284,0.877243991,-1.896591687,0.462705053,0.142825233,0.645195866,-0.423009585,planner_track,0.018068773,0.001547659,0.009488956,0.001227573,0.510665445,0.048799423,a,3,4,4,7
22.310000,SS,3,1,0.404040349,0.846218134,-1.830549994,0.293434989,0.135102581,0.576748011,-0.327840567,planner_track,0.017167288,0.001503488,0.009834810,0.001217583,0.492725652,0.044793654,a,3,4,4,7
22.410000,SS,3,1,0.410292019,0.813647005,-1.756368412,0.122200448,0.126272151,0.505822258,-0.232651873,planner_track,0.016271435,0.001455814,0.010160992,0.001204617,0.474555281,0.040863081,a,3,4,4,7
22.510000,SS,3,1,0.416587666,0.780808833,-1.667846919,-0.055314989,0.116072839,0.430400868,-0.136036095,planner_track,0.015387706,0.001405039,0.010465960,0.001188683,0.456198911,0.037018262,a,3,4,4,7
22.610000,SS,3,1,0.422899391,0.745553552,-1.579475742,-0.224845921,0.105088692,0.354602187,-0.041676823,planner_track,0.014521896,0.001351557,0.010748254,0.001169746,0.437701775,0.033271504,a,3,4,4,7
22.710000,SS,3,1,0.429199645,0.707989683,-1.491788632,-0.384998960,0.093174072,0.277790001,0.050579746,planner_track,0.013679447,0.001295976,0.011006587,0.001147864,0.419109517,0.029637758,a,3,4,4,7
22.810000,SS,3,1,0.435461148,0.668250486,-1.405205963,-0.534408009,0.080453130,0.199192316,0.141600571,planner_track,0.012862631,0.001239074,0.011239840,0.001123154,0.400468098,0.026136535,a,3,4,4,7
22.910000,SS,3,1,0.441656761,0.626478189,-1.320047584,-0.672256395,0.067148034,0.118753177,0.231513990,planner_track,0.012065999,0.001181757,0.011447061,0.001095753,0.381823659,0.022793254,a,3,4,4,7
23.010000,SS,3,1,0.447759144,0.585636683,-1.206929260,-0.831761443,0.053188638,0.031264019,0.325832311,planner_track,0.011281233,0.001124507,0.011627379,0.001065712,0.363222736,0.019628460,a,3,4,4,7
23.110000,SS,3,1,0.453740465,0.543124459,-1.098371343,-0.976408922,0.039583846,-0.051947956,0.413938430,planner_track,0.010489768,0.001067498,0.011779948,0.001032936,0.344711718,0.016663787,a,3,4,4,7
23.210000,SS,3,1,0.459574669,0.499246550,-0.995265812,-1.105108768,0.025147311,-0.130383190,0.493460602,planner_track,0.009695963,0.001011380,0.011904110,0.000997554,0.326336307,0.013916704,a,3,4,4,7
23.310000,SS,3,1,0.465237306,0.454329278,-0.897231066,-1.215957732,0.009575669,-0.209896531,0.570246184,planner_track,0.008923105,0.000957122,0.011999361,0.000959837,0.308141624,0.011409263,a,3,4,4,7
23.410000,SS,3,1,0.470704566,0.408281465,-0.804422608,-1.307945880,-0.006538359,-0.288711010,0.643342080,planner_track,0.008185660,0.000905872,0.012065359,0.000920070,0.290172128,0.009185449,a,3,4,4,7
23.510000,SS,3,1,0.475953084,0.362406167,-0.691128890,-1.413916642,-0.023215368,-0.373689003,0.720073940,planner_track,0.007505051,0.000858349,0.012101827,0.000878513,0.272471874,0.007303860,a,3,4,4,7
23.610000,SS,3,1,0.480959045,0.316129342,-0.572921536,-1.514514997,-0.039672124,-0.457508304,0.793683876,planner_track,0.006891784,0.000814630,0.012108496,0.000835246,0.255084160,0.005858182,a,3,4,4,7
23.710000,SS,3,1,0.485699798,0.269000284,-0.463609662,-1.592895328,-0.056316262,-0.537153571,0.859823995,planner_track,0.006359743,0.000775001,0.012085229,0.000790402,0.238050760,0.004973502,a,3,4,4,7
23.810000,SS,3,1,0.490154399,0.221211343,-0.363402956,-1.648240550,-0.073001041,-0.614043750,0.920366165,planner_track,0.005926127,0.000740200,0.012032089,0.000744225,0.221411841,0.004717822,a,3,4,4,7
23.910000,SS,3,1,0.494303351,0.172887262,-0.272636971,-1.680051792,-0.089514842,-0.687802885,0.975378466,planner_track,0.005607168,0.000711284,0.011949325,0.000697025,0.205205992,0.004967979,a,3,4,4,7
24.010000,SS,3,1,0.498128230,0.124416915,-0.176417307,-1.709681706,-0.105428787,-0.762638379,1.030237886,planner_track,0.005420449,0.000689131,0.011837315,0.000649129,0.189470433,0.005474912,a,3,4,4,7
24.110000,SS,3,1,0.501610683,0.076249752,-0.062722593,-1.755714383,-0.120090507,-0.839812149,1.087646125,planner_track,0.005378489,0.000673672,0.011696466,0.000600750,0.174241168,0.006038382,a,3,4,4,7
24.210000,SS,3,1,0.504733019,0.028478327,0.037133374,-1.775865163,-0.133982249,-0.908560685,1.134746353,planner_track,0.005481727,0.000664574,0.011527232,0.000552023,0.159552007,0.006546841,a,3,4,4,7
24.310000,SS,3,1,0.507480053,-0.018502911,0.123034228,-1.769975805,-0.147254789,-0.971965065,1.174600880,planner_track,0.005721773,0.000662153,0.011330267,0.000503228,0.145434084,0.006944171,a,3,4,4,7
24.410000,SS,3,1,0.509838630,-0.064461869,0.194953053,-1.738072584,-0.159610309,-1.029606052,1.207615049,planner_track,0.006081212,0.000667155,0.011106425,0.000454701,0.131916093,0.007199503,a,3,4,4,7
24.510000,SS,3,1,0.511797578,-0.109127515,0.253435239,-1.681441978,-0.171012692,-1.081569335,1.233939258,planner_track,0.006538309,0.000680615,0.010856723,0.000406832,0.119024279,0.007300719,a,3,4,4,7
24.610000,SS,3,1,0.513346382,-0.153272101,0.344636927,-1.673661645,-0.179795928,-1.141379004,1.271926497,planner_track,0.007070161,0.000702247,0.010582247,0.000359955,0.106783438,0.007269828,a,3,4,4,7
24.710000,SS,3,1,0.514474289,-0.195161873,0.417602356,-1.639246902,-0.187096893,-1.187971489,1.296069263,planner_track,0.007662673,0.000730748,0.010284046,0.000314164,0.095215729,0.007142772,a,3,4,4,7
24.810000,SS,3,1,0.515174030,-0.234203469,0.472618293,-1.578845251,-0.193486824,-1.226488503,1.310751201,planner_track,0.008292776,0.000765703,0.009963348,0.000269730,0.084339626,0.006971482,a,3,4,4,7
24.910000,SS,3,1,0.515441061,-0.270172136,0.510298840,-1.493015321,-0.198558957,-1.256599483,1.316928035,planner_track,0.008946005,0.000807262,0.009621584,0.000226966,0.074170474,0.006815450,a,3,4,4,7
25.010000,SS,3,1,0.515273479,-0.302816681,0.531107487,-1.382786971,-0.202432086,-1.278246109,1.314251311,planner_track,0.009608030,0.000855985,0.009260350,0.000186224,0.064720629,0.006755549,a,3,4,4,7
25.110000,SS,3,1,0.514670975,-0.333956570,0.569420729,-1.308590352,-0.203650773,-1.302148392,1.317737542,planner_track,0.010261100,0.000911432,0.008881338,0.000147839,0.056000433,0.006891305,a,3,4,4,7
25.210000,SS,3,1,0.513633537,-0.361974202,0.604626993,-1.238674459,-0.202663939,-1.317424563,1.314382726,planner_track,0.010901421,0.000971753,0.008486233,0.000111938,0.048017814,0.007294156,a,3,4,4,7
25.310000,SS,3,1,0.512164042,-0.385314311,0.620374040,-1.146215079,-0.200543405,-1.320336485,1.297715262,planner_track,0.011517146,0.001035409,0.008076808,0.000078671,0.040777230,0.007984622,a,3,4,4,7
25.410000,SS,3,1,0.510269086,-0.403719412,0.617984491,-1.032549410,-0.197273342,-1.312609655,1.269979646,planner_track,0.012094667,0.001101648,0.007655012,0.000048254,0.034280053,0.008937873,a,3,4,4,7
25.510000,SS,3,1,0.507958607,-0.417096658,0.598806298,-0.899342819,-0.192823779,-1.294325649,1.231429183,planner_track,0.012622735,0.001170253,0.007222953,0.000020917,0.028525266,0.010110277,a,3,4,4,7
25.610000,SS,3,1,0.505245197,-0.427147853,0.581965735,-0.782960770,-0.186312156,-1.271718811,1.190871361,planner_track,0.013087264,0.001240592,0.006782861,-0.000003118,0.023510330,0.011448167,a,3,4,4,7
25.710000,SS,3,1,0.502142447,-0.435161257,0.582330613,-0.714406838,-0.176785530,-1.247286649,1.153073556,planner_track,0.013479616,0.001310241,0.006336995,-0.000023761,0.019231315,0.012875799,a,3,4,4,7
25.810000,SS,3,1,0.498665819,-0.437254528,0.565159746,-0.630516352,-0.166007926,-1.206662071,1.098127926,planner_track,0.013799023,0.001376205,0.005887620,-0.000041075,0.015679771,0.014313628,a,3,4,4,7
25.910000,SS,3,1,0.494835438,-0.433095481,0.532524895,-0.533671697,-0.154331097,-1.153942402,1.029796032,planner_track,0.014028211,0.001436562,0.005437134,-0.000055026,0.012837469,0.015696193,a,3,4,4,7
26.010000,SS,3,1,0.490675408,-0.422723036,0.486723139,-0.426282540,-0.141459587,-1.089253859,0.949096590,planner_track,0.014159596,0.001490075,0.004988100,-0.000065599,0.010666832,0.016976246,a,3,4,4,7
26.110000,SS,3,1,0.486213630,-0.406110337,0.430560753,-0.312070022,-0.127444402,-1.013095886,0.856345450,planner_track,0.014185612,0.001535954,0.004543226,-0.000072798,0.009096501,0.018117701,a,3,4,4,7
26.210000,SS,3,1,0.481480792,-0.380130342,0.402977032,-0.236564462,-0.111914289,-0.934973369,0.762476819,planner_track,0.014096278,0.001572708,0.004105309,-0.000076775,0.008012437,0.019074490,a,3,4,4,7
26.310000,SS,3,1,0.476509955,-0.347881013,0.366449525,-0.158790732,-0.094779293,-0.841625170,0.653535776,planner_track,0.013896085,0.001598229,0.003677204,-0.000077918,0.007269178,0.019797951,a,3,4,4,7
26.410000,SS,3,1,0.471338556,-0.309155109,0.323469184,-0.082177051,-0.076247241,-0.736044197,0.531878264,planner_track,0.013575472,0.001610933,0.003261859,-0.000076526,0.006723038,0.020240326,a,3,4,4,7
26.510000,SS,3,1,0.466007983,-0.263914404,0.276654706,-0.010248409,-0.056061748,-0.618285862,0.398167136,planner_track,0.013134211,0.001609474,0.002862375,-0.000072901,0.006263928,0.020360989,a,3,4,4,7
26.610000,SS,3,1,0.460563442,-0.212043050,0.228567634,0.053080262,-0.034160005,-0.488712153,0.252667412,planner_track,0.012574232,0.001592601,0.002481970,-0.000067356,0.005827279,0.020120854,a,3,4,4,7
26.710000,SS,3,1,0.455053732,-0.153375584,0.181770968,0.103689011,-0.009831332,-0.349186257,0.098485778,planner_track,0.011910311,0.001558983,0.002124008,-0.000060260,0.005388571,0.019484716,a,3,4,4,7
26.810000,SS,3,1,0.449530854,-0.087663253,0.138428636,0.136838402,0.017397176,-0.196615142,-0.066733012,planner_track,0.011173990,0.001507091,0.001792018,-0.000052065,0.004951058,0.018422761,a,3,4,4,7
26.920000,DS,3,0,0.448905171,nan,nan,nan,0.000000000,0.000000000,0.000000000,ds_hold,0.000000000,0.000000000,0.000000000,0.000000000,0.004492917,0.052552595,a,4,4,4,8
26.930000,DS,3,0,0.448168481,nan,nan,nan,0.000000000,0.000000000,0.000000000,ds_hold,0.008951704,-0.000019019,-0.000055462,-0.000012870,0.003634350,0.116445639,a,4,4,4,8
26.940000,DS,3,0,0.447396865,nan,nan,nan,0.000000000,0.000000000,0.000000000,ds_hold,0.019542208,-0.000037235,-0.000114597,-0.000027652,0.002761961,0.162291981,a,4,4,4,8
26.950000,DS,3,0,0.446604889,nan,nan,nan,0.000000000,0.000000000,0.000000000,ds_hold,0.030115501,-0.000063116,-0.000186628,-0.000042573,0.002020148,0.183833842,a,4,4,4,8
26.960000,DS,3,0,0.445835228,nan,nan,nan,0.000000000,0.000000000,0.000000000,ds_hold,0.038159643,-0.000088041,-0.000264005,-0.000054179,0.001437404,0.181713803,a,4,4,4,8
26.970000,DS,3,0,0.445066883,nan,nan,nan,0.000000000,0.000000000,0.000000000,ds_hold,0.044755671,-0.000115553,-0.000348427,-0.000066552,0.001004164,0.164662402,a,4,4,4,8
26.980000,DS,3,0,0.444314508,nan,nan,nan,0.000000000,0.000000000,0.000000000,ds_hold,0.048847279,-0.000146691,-0.000438619,-0.000076757,0.000689048,0.137451774,a,4,4,4,8
26.990000,DS,3,0,0.443568126,nan,nan,nan,0.000000000,0.000000000,0.000000000,ds_hold,0.051733110,-0.000180860,-0.000533813,-0.000085421,0.000467552,0.113424349,a,4,4,4,8
27.000000,DS,3,0,0.442828503,nan,nan,nan,0.000000000,0.000000000,0.000000000,ds_hold,0.053538487,-0.000219268,-0.000631686,-0.000093291,0.000311640,0.083715360,a,4,4,4,8
27.010000,DS,3,0,0.442093545,nan,nan,nan,0.000000000,0.000000000,0.000000000,ds_hold,0.055526556,-0.000259920,-0.000731724,-0.000099190,0.000206358,0.076393052,a,4,4,4,8
27.020000,DS,3,0,0.441364774,nan,nan,nan,0.000000000,0.000000000,0.000000000,ds_hold,0.057855471,-0.000303332,-0.000831992,-0.000104055,0.000132401,0.058733290,a,4,4,4,8
27.030000,DS,3,0,0.440639666,nan,nan,nan,0.000000000,0.000000000,0.000000000,ds_hold,0.061392981,-0.000347519,-0.000932372,-0.000107189,0.000085194,0.076119764,a,4,4,4,8
27.040000,DS,3,0,0.439922818,nan,nan,nan,0.000000000,0.000000000,0.000000000,ds_hold,0.065968471,-0.000393191,-0.001031335,-0.000109104,0.000051561,0.075294136,a,4,4,4,8
27.050000,DS,3,0,0.439212766,nan,nan,nan,0.000000000,0.000000000,0.000000000,ds_hold,0.071757882,-0.000438139,-0.001129026,-0.000109436,0.000030960,0.088395495,a,4,4,4,8
27.060000,DS,3,0,0.438513343,nan,nan,nan,0.000000000,0.000000000,0.000000000,ds_hold,0.078450537,-0.000484160,-0.001223920,-0.000108674,0.000015959,0.083735720,a,4,4,4,8
27.070000,DS,3,0,0.437822690,nan,nan,nan,0.000000000,0.000000000,0.000000000,ds_hold,0.085795246,-0.000529124,-0.001316392,-0.000106262,0.000007748,0.089058927,a,4,4,4,8
27.080000,DS,3,0,0.437147229,nan,nan,nan,0.000000000,0.000000000,0.000000000,ds_hold,0.093453257,-0.000574782,-0.001405175,-0.000101956,0.000004141,0.080192952,a,4,4,4,8
27.090000,DS,3,0,0.436478043,nan,nan,nan,0.000000000,0.000000000,0.000000000,ds_hold,0.101092579,-0.000619148,-0.001490886,-0.000096564,0.000002820,0.081718804,a,4,4,4,8
27.100000,DS,3,0,0.435828647,nan,nan,nan,0.000000000,0.000000000,0.000000000,ds_hold,0.108609248,-0.000663708,-0.001572621,-0.000088226,0.000006756,0.071835816,a,4,4,4,8
27.110000,DS,3,0,0.435183442,nan,nan,nan,0.000000000,0.000000000,0.000000000,ds_hold,0.115588702,-0.000706687,-0.001651269,-0.000078959,0.000004568,0.071529320,a,4,4,4,8
27.120000,DS,3,0,0.434558873,nan,nan,nan,0.000000000,0.000000000,0.000000000,ds_hold,0.122281810,-0.000749595,-0.001725939,-0.000066619,0.000007505,0.062956713,a,4,4,4,8
27.130000,DS,3,0,0.433939972,nan,nan,nan,0.000000000,0.000000000,0.000000000,ds_hold,0.128173325,-0.000790664,-0.001797796,-0.000052747,0.000004467,0.061275858,a,4,4,4,8
27.140000,DS,3,0,0.433339526,nan,nan,nan,0.000000000,0.000000000,0.000000000,ds_hold,0.133719770,-0.000831734,-0.001865723,-0.000036423,0.000006832,0.055752215,a,4,4,4,8
27.150000,DS,3,0,0.432747972,nan,nan,nan,0.000000000,0.000000000,0.000000000,ds_hold,0.138396669,-0.000870964,-0.001931034,-0.000017819,0.000004135,0.052826480,a,4,4,4,8
27.160000,DS,3,0,0.432170024,nan,nan,nan,0.000000000,0.000000000,0.000000000,ds_hold,0.142707915,-0.000910604,-0.001992367,0.000001835,0.000006042,0.052227491,a,4,4,4,8
27.170000,DS,3,0,0.431603855,nan,nan,nan,0.000000000,0.000000000,0.000000000,ds_hold,0.146215811,-0.000948593,-0.002051115,0.000024081,0.000003711,0.048436369,a,4,4,4,8
27.180000,DS,3,0,0.431046406,nan,nan,nan,0.000000000,0.000000000,0.000000000,ds_hold,0.149376042,-0.000987605,-0.002105706,0.000045850,0.000006159,0.054529435,a,4,4,4,8
27.190000,DS,3,0,0.430501967,nan,nan,nan,0.000000000,0.000000000,0.000000000,ds_hold,0.151835044,-0.001025216,-0.002157677,0.000070103,0.000003663,0.050789128,a,4,4,4,8
27.200000,DS,3,0,0.429962995,nan,nan,nan,0.000000000,0.000000000,0.000000000,ds_hold,0.153978185,-0.001064292,-0.002205477,0.000092877,0.000007649,0.062742784,a,4,4,4,8
27.210000,DS,3,0,0.429436140,nan,nan,nan,0.000000000,0.000000000,0.000000000,ds_hold,0.155487780,-0.001101974,-0.002250823,0.000117735,0.000005559,0.058850913,a,4,4,4,8
27.220000,DS,3,0,0.428913418,nan,nan,nan,0.000000000,0.000000000,0.000000000,ds_hold,0.156728310,-0.001141007,-0.002292288,0.000140745,0.000009400,0.071772827,a,4,4,4,8
27.230000,DS,3,0,0.428400279,nan,nan,nan,0.000000000,0.000000000,0.000000000,ds_hold,0.157393918,-0.001178365,-0.002331660,0.000165173,0.000007149,0.065643932,a,4,4,4,8
27.240000,DS,3,0,0.427890925,nan,nan,nan,0.000000000,0.000000000,0.000000000,ds_hold,0.157874239,-0.001216551,-0.002367654,0.000187627,0.000010142,0.076718203,a,4,4,4,8
27.250000,DS,3,0,0.427387970,nan,nan,nan,0.000000000,0.000000000,0.000000000,ds_hold,0.157868274,-0.001252812,-0.002401942,0.000210651,0.000007492,0.068184732,a,4,4,4,8
27.260000,DS,3,0,0.426888892,nan,nan,nan,0.000000000,0.000000000,0.000000000,ds_hold,0.157777313,-0.001289478,-0.002433339,0.000231675,0.000010105,0.077808465,a,4,4,4,8
27.270000,DS,3,0,0.426393340,nan,nan,nan,0.000000000,0.000000000,0.000000000,ds_hold,0.157292923,-0.001324127,-0.002463361,0.000252516,0.000007230,0.067859300,a,4,4,4,8
27.280000,DS,3,0,0.425901683,nan,nan,nan,0.000000000,0.000000000,0.000000000,ds_hold,0.156814609,-0.001359013,-0.002490855,0.000271315,0.000009887,0.076890003,a,4,4,4,8
27.290000,DS,3,0,0.425411371,nan,nan,nan,0.000000000,0.000000000,0.000000000,ds_hold,0.156023872,-0.001391914,-0.002517226,0.000289384,0.000006901,0.066303425,a,4,4,4,8
27.300000,DS,3,0,0.424924637,nan,nan,nan,0.000000000,0.000000000,0.000000000,ds_hold,0.155317251,-0.001425076,-0.002541293,0.000305273,0.000009769,0.075206790,a,4,4,4,8
27.310000,DS,3,0,0.424437687,nan,nan,nan,0.000000000,0.000000000,0.000000000,ds_hold,0.154372655,-0.001456350,-0.002564414,0.000320030,0.000006663,0.064351256,a,4,4,4,8
27.320000,DS,3,0,0.423953579,nan,nan,nan,0.000000000,0.000000000,0.000000000,ds_hold,0.153584914,-0.001487997,-0.002585341,0.000332311,0.000009742,0.073337443,a,4,4,4,8
27.330000,DS,3,0,0.423468290,nan,nan,nan,0.000000000,0.000000000,0.000000000,ds_hold,0.152635661,-0.001517865,-0.002605446,0.000343162,0.000006492,0.062393915,a,4,4,4,8
27.340000,DS,3,0,0.422984835,nan,nan,nan,0.000000000,0.000000000,0.000000000,ds_hold,0.151909535,-0.001548227,-0.002623401,0.000351130,0.000009719,0.071568930,a,4,4,4,8
27.350000,DS,3,0,0.422500080,nan,nan,nan,0.000000000,0.000000000,0.000000000,ds_hold,0.151088662,-0.001576889,-0.002640653,0.000357570,0.000006372,0.060591840,a,4,4,4,8
27.360000,DS,3,0,0.422016291,nan,nan,nan,0.000000000,0.000000000,0.000000000,ds_hold,0.150526245,-0.001606145,-0.002655809,0.000360835,0.000009692,0.069932525,a,4,4,4,8
27.370000,DS,3,0,0.421532283,nan,nan,nan,0.000000000,0.000000000,0.000000000,ds_hold,0.149885534,-0.001633756,-0.002670420,0.000362914,0.000006371,0.058676408,a,4,4,4,8
27.380000,DS,3,0,0.421048629,nan,nan,nan,0.000000000,0.000000000,0.000000000,ds_hold,0.149478171,-0.001662139,-0.002683046,0.000361846,0.000009763,0.068086847,a,4,4,4,8
27.390000,DS,3,0,0.420565741,nan,nan,nan,0.000000000,0.000000000,0.000000000,ds_hold,0.148959361,-0.001689031,-0.002695291,0.000360104,0.000006483,0.056222095,a,4,4,4,8
27.400000,DS,3,0,0.420082887,nan,nan,nan,0.000000000,0.000000000,0.000000000,ds_hold,0.148620614,-0.001716997,-0.002705681,0.000355515,0.000009964,0.065812406,a,4,4,4,8
27.410000,DS,3,0,0.419600171,nan,nan,nan,0.000000000,0.000000000,0.000000000,ds_hold,0.148140898,-0.001743760,-0.002715784,0.000350412,0.000006586,0.053438954,a,4,4,4,8
27.420000,SS,4,1,0.414021636,0.405044792,-1.312139836,4.999993039,0.150635919,0.727368934,-1.937049882,planner_track,0.014252303,-0.000420182,-0.000112971,-0.000238165,0.799705082,0.746997335,b,4,4,5,9
27.520000,SS,4,1,0.408964968,0.467542297,-1.665156211,4.999991474,-0.406026401,1.423908741,-4.117857245,planner_track,0.023570738,-0.000763693,-0.000165070,-0.000404171,0.797950081,1.214789835,b,4,4,5,9
27.620000,SS,4,1,0.404767735,0.661418031,-1.648772885,4.999993642,-0.731767997,1.679412964,-5.000000000,planner_track,0.029865445,-0.001094769,-0.000195546,-0.000491392,0.793603960,1.449983863,b,4,4,5,9
27.720000,SS,4,1,0.401729874,0.682377243,-1.632230873,4.999993980,-0.926630905,1.963243152,-5.000000000,planner_track,0.033506461,-0.001475997,-0.000207929,-0.000519571,0.785764284,1.526005335,b,4,4,5,9
27.820000,SS,4,1,0.400145579,0.672060230,-1.594293876,4.999993472,-1.113730413,2.244476069,-5.000000000,planner_track,0.034785791,-0.001935182,-0.000206743,-0.000500073,0.773763272,1.496289279,b,4,4,5,9
27.920000,SS,4,1,0.400264777,0.603704991,-1.521093375,4.999991938,-1.217498655,2.477658841,-5.000000000,planner_track,0.034276698,-0.002480890,-0.000187918,-0.000443997,0.757168132,1.400017468,b,4,4,5,9
28.020000,SS,4,1,0.402258641,0.488908129,-1.419741356,4.999986838,-1.266561425,2.686890140,-5.000000000,planner_track,0.032406972,-0.003108139,-0.000143781,-0.000362884,0.735764984,1.265869049,b,4,4,5,9
28.120000,SS,4,1,0.406226937,0.307219047,-1.285485653,4.999969911,-1.259262618,2.857055236,-5.000000000,planner_track,0.029686386,-0.003801441,-0.000065816,-0.000266990,0.709538722,1.114270330,b,4,4,5,9
28.220000,SS,4,1,0.412185658,0.051318510,-1.107026920,4.736942855,-1.224194039,2.915670106,-5.000000000,planner_track,0.026707538,-0.004541714,0.000050524,-0.000165797,0.678645858,0.959187854,b,4,4,5,9
28.320000,SS,4,1,0.420015931,-0.313451247,-0.852543492,3.958704805,-1.184521560,2.890441767,-5.000000000,planner_track,0.024708711,-0.005337603,0.000183653,-0.000070600,0.643346795,0.810034813,b,4,4,5,9
28.420000,SS,4,1,0.429498985,-0.728255778,-0.484964919,3.283931334,-1.062317471,2.784349664,-5.000000000,planner_track,0.024918678,-0.006202818,0.000303914,0.000008983,0.604054262,0.672401824,b,4,4,5,9
28.520000,SS,4,1,0.440342599,-1.170838435,-0.013044203,2.699039120,-0.888090690,2.628503877,-4.963742316,planner_track,0.028757002,-0.007137311,0.000391698,0.000064757,0.561329090,0.549480069,b,4,4,5,9
28.620000,SS,4,1,0.452223254,-1.615999247,0.540239036,2.185250809,-0.684708586,2.431526575,-3.740289874,planner_track,0.038404281,-0.008129618,0.000437122,0.000090961,0.515837132,0.442572864,b,4,4,5,9
28.720000,SS,4,1,0.464883058,-2.042734471,1.157824831,1.739687798,-0.439324297,2.186895086,-2.468038554,planner_track,0.055109522,-0.009154321,0.000443509,0.000085296,0.468329084,0.351647695,b,4,4,5,9
28.820000,SS,4,1,0.478082224,-2.429559838,1.803024664,1.340902773,-0.172481675,1.890894578,-1.181809178,planner_track,0.078243798,-0.010171586,0.000425566,0.000049217,0.419619604,0.275820174,b,4,4,5,9
28.920000,SS,4,1,0.491571617,-2.755735929,2.443823873,0.968282631,0.094068802,1.529807420,0.087897914,planner_track,0.106360515,-0.011132235,0.000404532,-0.000012091,0.370556031,0.213620962,b,4,4,5,9
29.020000,SS,4,1,0.505104407,-3.008541387,3.045349483,0.618880707,0.327399880,1.106039251,1.312990215,planner_track,0.136607780,-0.011984035,0.000405912,-0.000090800,0.321991020,0.163497247,b,4,4,5,9
29.120000,SS,4,1,0.518401611,-3.194849643,3.585672653,0.279771397,0.618776747,0.557648059,2.587079864,planner_track,0.170897586,-0.012672598,0.000446868,-0.000175507,0.274759654,0.123522775,b,4,4,5,9
29.220000,SS,4,1,0.531221030,-3.239180262,4.038016693,0.030119890,0.745482775,0.007808499,3.524596767,planner_track,0.203350879,-0.013151740,0.000551321,-0.000257420,0.229659127,0.094134799,b,4,4,5,9
29.320000,SS,4,1,0.543327852,-3.249666526,4.378567001,-0.289226383,0.935718714,-0.657819136,4.614374448,planner_track,0.233141138,-0.013382317,0.000732803,-0.000325535,0.187423799,0.075976072,b,4,4,5,9
29.420000,SS,4,1,0.554470750,-3.157802147,4.605771412,-0.552137559,1.066324690,-1.337261647,5.000000000,planner_track,0.259001470,-0.013335386,0.000995083,-0.000372450,0.148708893,0.070563184,b,4,4,5,9
29.520000,SS,4,1,0.564368053,-3.014478760,4.701531829,-0.970146451,1.159130779,-2.029173579,5.000000000,planner_track,0.278955654,-0.012996504,0.001333201,-0.000393640,0.114067037,0.075825307,b,4,4,5,9
29.620000,SS,4,1,0.572728042,-2.843206609,4.679469027,-1.592734977,1.217580571,-2.697269687,5.000000000,planner_track,0.292097222,-0.012368299,0.001730991,-0.000387641,0.083927522,0.086499320,b,4,4,5,9
29.720000,SS,4,1,0.579314369,-2.599796678,4.498690738,-2.093174198,1.233910778,-3.274910807,5.000000000,planner_track,0.297712097,-0.011467104,0.002167015,-0.000356246,0.058586303,0.098416959,b,4,4,5,9
29.820000,SS,4,1,0.583971312,-2.291944859,4.182518626,-2.472449287,1.213894433,-3.720116676,5.000000000,planner_track,0.295656358,-0.010318458,0.002618764,-0.000303754,0.038202628,0.109414178,b,4,4,5,9
29.920000,SS,4,1,0.586634862,-1.942416513,3.707508362,-2.738290065,1.149906704,-3.973781878,5.000000000,planner_track,0.286032572,-0.008957506,0.003064509,-0.000236212,0.022818621,0.118641523,b,4,4,5,9
30.020000,SS,4,1,0.587311571,-1.570530903,3.106367654,-2.892517795,1.025639939,-3.997343512,5.000000000,planner_track,0.269982005,-0.007450942,0.003480299,-0.000156882,0.012424309,0.126504381,b,4,4,5,9
30.120000,SS,4,1,0.586120309,-1.204698397,2.466174017,-2.842326673,0.874077381,-3.763555992,5.000000000,planner_track,0.250242353,-0.005883690,0.003841971,-0.000067173,0.007176050,0.133553819,b,4,4,5,9
30.220000,SS,4,1,0.583330975,-0.861611233,1.814940351,-2.642584519,0.694085044,-3.260565528,5.000000000,planner_track,0.228299188,-0.004337553,0.004130618,0.000029650,0.006177802,0.139403307,b,4,4,5,9
30.320000,SS,4,1,0.579357506,-0.557913832,1.175236089,-2.384575596,0.485512620,-2.487207062,3.717968398,planner_track,0.205077856,-0.002891805,0.004331276,0.000128905,0.006306684,0.142787952,b,4,4,5,9
30.420000,SS,4,1,0.574648762,-0.310137497,0.578107497,-2.147474007,0.242757739,-1.418243780,1.849531718,planner_track,0.181459851,-0.001625821,0.004428787,0.000224661,0.006168886,0.141885477,b,4,4,5,9
30.520000,SS,4,1,0.569540725,-0.140919879,0.079385041,-1.985918802,0.273609398,-0.816279703,1.570860914,planner_track,0.161826716,-0.000588783,0.004413025,0.000306432,0.005828177,0.136428477,b,4,4,5,9
30.620000,SS,4,1,0.564137337,-0.027876877,-0.232466220,-1.751869954,0.249999578,-0.504495388,1.250642646,planner_track,0.144019840,0.000233496,0.004299063,0.000365846,0.005436889,0.127713153,b,4,4,5,9
30.720000,SS,4,1,0.558519990,0.047839729,-0.472066565,-1.623806702,0.172627833,-0.346344486,0.885063452,planner_track,0.126475976,0.000865769,0.004109511,0.000403340,0.005061947,0.116970077,b,4,4,5,9
30.820000,SS,4,1,0.552759758,0.095434770,-0.658543895,-1.495134918,0.130005400,-0.245488177,0.645034933,planner_track,0.110024729,0.001333970,0.003864293,0.000421987,0.004728095,0.105291967,b,4,4,5,9
30.920000,DS,4,0,0.543858315,0.472662752,-0.383797221,0.159480293,0.661511760,0.255146018,1.704934163,ds_hold,0.000000000,0.000000000,0.000000000,0.000000000,0.000193275,0.036375361,b,4,5,5,10
31.020000,DS,4,0,0.537500905,0.585256222,-1.056749418,2.504330529,-0.743988799,-0.320245850,-1.771093867,ds_hold,0.010549250,0.000073359,-0.000648189,-0.000022294,0.000007866,0.079828962,b,4,5,5,10
31.120000,DS,4,0,0.532044326,0.596789069,-0.427752013,0.845761147,-0.406025825,0.113013504,-1.806923514,ds_hold,0.022915368,0.000162213,-0.001003304,-0.000057485,0.000005097,0.052914002,b,4,5,5,10
31.220000,DS,4,0,0.526931167,0.455071687,-0.536211189,0.444766742,-0.307986138,0.325819095,-1.775154883,ds_hold,0.030018766,0.000248948,-0.001201225,-0.000108890,0.000002534,0.033233942,b,4,5,5,10
31.320000,DS,4,0,0.521976506,0.371207218,-0.623268895,0.323408038,-0.065665162,0.670731071,-1.497901897,ds_hold,0.034357305,0.000332910,-0.001333212,-0.000181362,0.000001411,0.019869012,b,4,5,5,10
31.420000,DS,4,0,0.517138345,0.318723902,-0.663982289,0.269108002,0.134627040,0.795621190,-0.966473993,ds_hold,0.037579349,0.000424728,-0.001431147,-0.000260622,0.000000695,0.010183537,b,4,5,5,10
31.520000,DS,4,0,0.512386659,0.296187834,-0.662331983,0.269512120,0.207404313,0.808756323,-0.694580000,ds_hold,0.040579781,0.000523336,-0.001514589,-0.000337570,0.000000485,0.005441949,b,4,5,5,10
31.620000,DS,4,0,0.507699982,0.288726188,-0.639226212,0.310941390,0.221395503,0.781964644,-0.589569043,ds_hold,0.043894793,0.000623141,-0.001593923,-0.000407257,0.000000445,0.004093666,b,4,5,5,10
31.720000,DS,4,0,0.503067471,0.289051289,-0.603672992,0.366210806,0.217131457,0.738264041,-0.526385389,ds_hold,0.048194952,0.000720730,-0.001673685,-0.000467945,0.000000389,0.003430819,b,4,5,5,10
31.820000,DS,4,0,0.498485380,0.293827376,-0.560637320,0.431195821,0.200137005,0.682521426,-0.490305971,ds_hold,0.053931435,0.000813699,-0.001754675,-0.000520537,0.000000276,0.002525140,b,4,5,5,10
31.920000,DS,4,0,0.493952935,0.298481050,-0.516598976,0.495609814,0.179390469,0.624251237,-0.464437532,ds_hold,0.061210640,0.000900999,-0.001835585,-0.000567590,0.000000158,0.001628569,b,4,5,5,10
32.020000,DS,4,0,0.489470631,0.301048762,-0.475148244,0.555905096,0.159201219,0.568550214,-0.441887596,ds_hold,0.069810432,0.000982234,-0.001914323,-0.000612136,0.000000107,0.001496709,b,4,5,5,10
32.120000,DS,4,0,0.485038956,0.300893694,-0.437932952,0.609932082,0.142271707,0.519011359,-0.418343838,ds_hold,0.079327358,0.001057473,-0.001988864,-0.000656867,0.000000150,0.002054391,b,4,5,5,10
32.220000,DS,4,0,0.480657886,0.298520108,-0.404917531,0.657941135,0.129424115,0.476509299,-0.392163039,ds_hold,0.089309287,0.001127004,-0.002057695,-0.000703686,0.000000196,0.002566612,b,4,5,5,10
32.320000,DS,4,0,0.476326705,0.294910429,-0.375224146,0.700915980,0.120360972,0.440569960,-0.363332548,ds_hold,0.099336042,0.001191209,-0.002119977,-0.000753574,0.000000216,0.002822801,b,4,5,5,10
32.420000,DS,4,0,0.472044109,0.291156524,-0.347627367,0.740228663,0.114147830,0.409830801,-0.332737432,ds_hold,0.109052616,0.001250477,-0.002175502,-0.000806675,0.000000214,0.002840485,b,4,5,5,10
32.520000,DS,4,0,0.467808404,0.288168973,-0.320968468,0.777153097,0.109652610,0.382681197,-0.301601937,ds_hold,0.118176314,0.001305159,-0.002224544,-0.000862508,0.000000196,0.002705176,b,4,5,5,10
32.620000,DS,4,0,0.463617748,0.286541607,-0.294375221,0.812668328,0.105845231,0.357650691,-0.271094098,ds_hold,0.126492043,0.001355547,-0.002267678,-0.000920219,0.000000172,0.002511669,b,4,5,5,10
32.720000,DS,4,0,0.459470340,0.286526732,-0.267343622,0.847386072,0.101958823,0.333631582,-0.242112620,ds_hold,0.133843401,0.001401873,-0.002305611,-0.000978810,0.000000148,0.002333205,b,4,5,5,10
32.820000,DS,4,0,0.455364558,0.288086877,-0.239714898,0.881582426,0.097537011,0.309945358,-0.215214076,ds_hold,0.140123238,0.001444322,-0.002339049,-0.001037310,0.000000129,0.002205644,b,4,5,5,10
32.920000,DS,4,0,0.451299030,0.290983334,-0.211594337,0.915281051,0.092404602,0.286304473,-0.190634580,ds_hold,0.145265231,0.001483040,-0.002368622,-0.001094891,0.000000114,0.002129059,b,4,5,5,10
33.020000,DS,4,0,0.447272644,0.294871055,-0.183249573,0.948351753,0.086598274,0.262717823,-0.168361707,ds_hold,0.149236984,0.001518150,-0.002394839,-0.001150915,0.000000104,0.002084262,b,4,5,5,10
33.120000,DS,4,0,0.443284524,0.299380136,-0.155015093,0.980599647,0.080285869,0.239379268,-0.148222680,ds_hold,0.152034599,0.001549760,-0.002418090,-0.001204939,0.000000097,0.002050711,b,4,5,5,10
33.220000,DS,4,0,0.439333986,0.304174253,-0.127218116,1.011831949,0.073693058,0.216565589,-0.129966487,ds_hold,0.153678417,0.001577973,-0.002438662,-0.001256686,0.000000091,0.002015183,b,4,5,5,10
33.320000,DS,4,0,0.435420487,0.308984194,-0.100131314,1.041898692,0.067047258,0.194557960,-0.113327769,ds_hold,0.154209576,0.001602894,-0.002456767,-0.001306009,0.000000085,0.001971997,b,4,5,5,10
33.420000,DS,4,0,0.431543569,0.313619692,-0.073950928,1.070709961,0.060541758,0.173591337,-0.098068341,ds_hold,0.153687077,0.001624628,-0.002472572,-0.001352845,0.000000080,0.001920124,b,4,5,5,10
33.520000,DS,4,0,0.427702829,0.317965371,-0.048794819,1.098235502,0.054318417,0.153829566,-0.083997666,ds_hold,0.152185136,0.001643287,-0.002486220,-0.001397182,0.000000075,0.001860549,b,4,5,5,10
33.620000,DS,4,0,0.423897886,0.321967233,-0.024713492,1.124493581,0.048464697,0.135360438,-0.070976794,ds_hold,0.149790711,0.001658989,-0.002497853,-0.001439029,0.000000069,0.001794790,b,4,5,5,10
33.720000,DS,4,0,0.420128366,0.325615323,-0.001707458,1.149535230,0.043019991,0.118203671,-0.058911410,ds_hold,0.146601187,0.001671856,-0.002507615,-0.001478398,0.000000064,0.001724308,b,4,5,5,10
33.820000,DS,4,0,0.416393895,0.328926773,0.020254318,1.173428515,0.037986446,0.102325154,-0.047739377,ds_hold,0.142722231,0.001682014,-0.002515661,-0.001515303,0.000000060,0.001650362,b,4,5,5,10
33.920000,DS,4,0,0.412694100,0.331931795,0.041218307,1.196245655,0.033340491,0.087652077,-0.037416999,ds_hold,0.138265883,0.001689595,-0.002522150,-0.001549750,0.000000055,0.001573996,b,4,5,5,10
34.020000,DS,4,0,0.409028607,0.334663711,0.061234389,1.218054255,0.029042423,0.074085071,-0.027906680,ds_hold,0.133348909,0.001694729,-0.002527248,-0.001581747,0.000000051,0.001496036,b,4,5,5,10
34.120000,DS,4,0,0.405397047,0.337153048,0.080348229,1.238912677,0.025042696,0.061505137,-0.019167290,ds_hold,0.128091460,0.001697552,-0.002531118,-0.001611304,0.000000047,0.001417112,b,4,5,5,10
34.220000,DS,4,0,0.401799057,0.339425069,0.098597462,1.258868846,0.021285311,0.049775913,-0.011148409,ds_hold,0.122615973,0.001698195,-0.002533915,-0.001638439,0.000000043,0.001337682,b,4,5,5,10
34.320000,DS,4,0,0.398234283,0.341499859,0.116010596,1.277961424,0.017712255,0.038749087,-0.003792365,ds_hold,0.117046241,0.001696787,-0.002535789,-0.001663181,0.000000040,0.001258069,b,4,5,5,10
34.420000,DS,4,0,0.394702378,0.343394127,0.132607353,1.296222009,0.014278675,0.028295543,0.002945677,ds_hold,0.111506418,0.001693449,-0.002536874,-0.001685572,0.000000037,0.001178433,b,4,5,5,10
34.520000,DS,4,0,0.391203001,0.345124078,0.148399091,1.313676453,0.010995791,0.018409047,0.009039298,ds_hold,0.106119620,0.001688291,-0.002537292,-0.001705670,0.000000034,0.001098530,b,4,5,5,10
34.620000,DS,4,0,0.387735810,0.346709114,0.163387486,1.330342529,0.008040825,0.009497526,0.014242218,ds_hold,0.101005688,0.001681393,-0.002537148,-0.001723546,0.000000031,0.001017286,b,4,5,5,10
34.720000,DS,4,0,0.384300450,0.348176327,0.177560533,1.346221138,0.005909121,0.002818225,0.017914383,ds_hold,0.096278084,0.001672787,-0.002536531,-0.001739284,0.000000028,0.000933822,b,4,5,5,10
34.820000,DS,4,0,0.380896525,0.349561569,0.190897170,1.361293431,0.005020511,-0.000533933,0.019688172,ds_hold,0.092041937,0.001662435,-0.002535516,-0.001752967,0.000000026,0.000853219,b,4,5,5,10
34.920000,DS,4,0,0.377523591,0.350902098,0.203409388,1.375590465,0.004977294,-0.001591411,0.020348229,ds_hold,0.088395436,0.001650245,-0.002534181,-0.001764664,0.000000028,0.000787686,b,4,5,5,10
35.020000,DS,4,0,0.374181196,0.352232556,0.215193455,1.389274327,0.005174195,-0.001838334,0.020639214,ds_hold,0.085428651,0.001636115,-0.002532613,-0.001774411,0.000000032,0.000742721,b,4,5,5,10
35.120000,DS,4,0,0.370868936,0.353573299,0.226394043,1.402519368,0.005364412,-0.001832451,0.020716408,ds_hold,0.083213811,0.001619977,-0.002530904,-0.001782227,0.000000036,0.000712353,b,4,5,5,10
35.220000,DS,4,0,0.367586469,0.354920757,0.237132749,1.415406823,0.005485664,-0.001728205,0.020585574,ds_hold,0.081792845,0.001601818,-0.002529141,-0.001788127,0.000000038,0.000687712,b,4,5,5,10
35.320000,DS,4,0,0.364333504,0.356256802,0.247489501,1.427952660,0.005519932,-0.001601709,0.020260919,ds_hold,0.081169015,0.001581677,-0.002527398,-0.001792131,0.000000039,0.000662411,b,4,5,5,10
35.420000,DS,4,0,0.361109794,0.357557794,0.257511424,1.440146756,0.005462167,-0.001504619,0.019765275,ds_hold,0.081305078,0.001559648,-0.002525737,-0.001794277,0.000000038,0.000633011,b,4,5,5,10
35.520000,DS,4,0,0.357915130,0.358798275,0.267220642,1.451967578,0.005314933,-0.001471287,0.019124295,ds_hold,0.082128165,0.001535863,-0.002524209,-0.001794622,0.000000036,0.000598283,b,4,5,5,10
35.620000,DS,4,0,0.354749330,0.359953047,0.276619585,1.463386642,0.005086672,-0.001521459,0.018365289,ds_hold,0.083539773,0.001510496,-0.002522851,-0.001793245,0.000000032,0.000558576,b,4,5,5,10
35.720000,DS,4,0,0.351612234,0.360999039,0.285696183,1.474371500,0.004790327,-0.001662568,0.017517029,ds_hold,0.085427930,0.001483743,-0.002521687,-0.001790246,0.000000028,0.000515401,b,4,5,5,10
35.820000,DS,4,0,0.348503699,0.361916876,0.294429067,1.484888769,0.004441969,-0.001892094,0.016609436,ds_hold,0.087678543,0.001455823,-0.002520732,-0.001785747,0.000000024,0.000471104,b,4,5,5,10
35.920000,DS,4,0,0.345423590,0.362692020,0.302792361,1.494907187,0.004059329,-0.002199997,0.015672621,ds_hold,0.090184043,0.001426965,-0.002519991,-0.001779884,0.000000020,0.000428529,b,4,5,5,10
36.020000,DS,4,0,0.342371775,0.363315447,0.310759843,1.504400422,0.003660263,-0.002571201,0.014735263,ds_hold,0.092848754,0.001397403,-0.002519463,-0.001772806,0.000000017,0.000390602,b,4,5,5,10
36.120000,DS,4,0,0.339348120,0.363783820,0.318308266,1.513349250,0.003261363,-0.002987964,0.013822820,ds_hold,0.095591380,0.001367363,-0.002519137,-0.001764670,0.000000016,0.000359810,b,4,5,5,10
36.220000,DS,4,0,0.336352487,0.364099200,0.325419705,1.521742776,0.002876902,-0.003431951,0.012956135,ds_hold,0.098345402,0.001337065,-0.002519002,-0.001755635,0.000000017,0.000337648,b,4,5,5,10
36.320000,DS,4,0,0.333384729,0.364268378,0.332082906,1.529578661,0.002518226,-0.003885862,0.012150734,ds_hold,0.101058186,0.001306711,-0.002519040,-0.001745857,0.000000019,0.000324218,b,4,5,5,10
36.420000,DS,4,0,0.330444685,0.364301975,0.338293740,1.536862532,0.002193560,-0.004334521,0.011416826,ds_hold,0.103689432,0.001276486,-0.002519236,-0.001735488,0.000000021,0.000318241,b,4,5,5,10
36.520000,DS,4,0,0.327532187,0.364213435,0.344054961,1.543606889,0.001908151,-0.004765477,0.010759842,ds_hold,0.106209396,0.001246555,-0.002519570,-0.001724667,0.000000024,0.000317566,b,4,5,5,10
36.620000,DS,4,0,0.324647054,0.364018035,0.349375499,1.549829776,0.001664641,-0.005169169,0.010181279,ds_hold,0.108597123,0.001217061,-0.002520028,-0.001713528,0.000000026,0.000319847,b,4,5,5,10
36.720000,DS,4,0,0.321789095,0.363731981,0.354269486,1.555553452,0.001463568,-0.005538757,0.009679667,ds_hold,0.110838841,0.001188126,-0.002520592,-0.001702186,0.000000028,0.000323057,b,4,5,5,10
36.820000,DS,4,0,0.318958108,0.363371644,0.358755182,1.560803160,0.001303947,-0.005869703,0.009251549,ds_hold,0.112926537,0.001159854,-0.002521248,-0.001690748,0.000000030,0.000325701,b,4,5,5,10
36.920000,DS,4,0,0.316153884,0.362952945,0.362853913,1.565606075,0.001183903,-0.006159127,0.008892425,ds_hold,0.114856758,0.001132327,-0.002521983,-0.001679305,0.000000031,0.000326818,b,4,5,5,10
37.020000,DS,4,0,0.313376208,0.362490893,0.366589104,1.569990444,0.001101445,-0.006404881,0.008597767,ds_hold,0.116629598,0.001105610,-0.002522787,-0.001667935,0.000000031,0.000325878,b,4,5,5,10
37.120000,DS,4,0,0.310624859,0.361999271,0.369985439,1.573984889,0.001055592,-0.006604032,0.008364378,ds_hold,0.118247864,0.001079752,-0.002523647,-0.001656704,0.000000031,0.000322670,b,4,5,5,10
37.220000,DS,4,0,0.307899612,0.361490431,0.373068178,1.577617860,0.001048675,-0.006749684,0.008193024,ds_hold,0.119716392,0.001054788,-0.002524557,-0.001645666,0.000000031,0.000317192,b,4,5,5,10
37.320000,DS,4,0,0.305200238,0.360975204,0.375862673,1.580917181,0.001092524,-0.006822390,0.008095478,ds_hold,0.121041486,0.001030736,-0.002525507,-0.001634865,0.000000031,0.000309559,b,4,5,5,10
37.420000,DS,4,0,0.302526507,0.360462891,0.378394212,1.583909578,0.001229894,-0.006760647,0.008118810,ds_hold,0.122230450,0.001007605,-0.002526491,-0.001624334,0.000000030,0.000299840,b,4,5,5,10
37.520000,DS,4,0,0.299878191,0.359961437,0.380688909,1.586619822,0.001625441,-0.006337033,0.008446867,ds_hold,0.123291151,0.000985390,-0.002527501,-0.001614096,0.000000028,0.000287279,b,4,5,5,10
37.620000,DS,4,0,0.297255074,0.359478999,0.382780654,1.589067706,0.002922049,-0.004690169,0.009776603,ds_hold,0.124231140,0.000964057,-0.002528527,-0.001604156,0.000000025,0.000262916,b,4,5,5,10
37.720000,DS,4,0,0.294657006,0.359043241,0.384765161,1.591257620,0.005030387,-0.002020241,0.012017458,ds_hold,0.125053582,0.000943437,-0.002529529,-0.001594440,0.000000015,0.000178087,b,4,5,5,10
37.820000,DS,4,0,0.292083622,0.358795840,0.386888320,1.593284612,0.006015249,-0.001058704,0.013478715,ds_hold,0.125757140,0.000923161,-0.002530473,-0.001584797,0.000000012,0.000071170,b,4,5,5,10
37.920000,DS,4,0,0.289534313,0.358762045,0.388931409,1.595485125,0.006794953,-0.000323938,0.014583044,ds_hold,0.126345453,0.000902987,-0.002531431,-0.001575149,0.000000015,0.000063866,b,4,5,5,10
38.020000,DS,4,0,0.287008700,0.358919782,0.390964945,1.597876528,0.007100860,-0.000019934,0.014939057,ds_hold,0.126821522,0.000882792,-0.002532478,-0.001565428,0.000000017,0.000099061,b,4,5,5,10
38.120000,DS,4,0,0.284506521,0.359229686,0.393032247,1.600376430,0.007080607,-0.000032016,0.014783928,ds_hold,0.127191237,0.000862548,-0.002533652,-0.001555598,0.000000017,0.000114210,b,4,5,5,10
38.220000,DS,4,0,0.282027591,0.359625511,0.395096206,1.602855441,0.006845632,-0.000263616,0.014308140,ds_hold,0.127463111,0.000842283,-0.002534964,-0.001545656,0.000000016,0.000111910,b,4,5,5,10
38.320000,DS,4,0,0.279571773,0.360055961,0.397122739,1.605227129,0.006488695,-0.000626540,0.013665011,ds_hold,0.127646767,0.000822053,-0.002536403,-0.001535621,0.000000014,0.000100712,b,4,5,5,10
38.420000,DS,4,0,0.277138946,0.360483571,0.399082376,1.607443397,0.006085231,-0.001043240,0.012971531,ds_hold,0.127751911,0.000801918,-0.002537944,-0.001525525,0.000000012,0.000087937,b,4,5,5,10
38.520000,DS,4,0,0.274728992,0.360885485,0.400955428,1.609486510,0.005690194,-0.001452663,0.012307038,ds_hold,0.127787657,0.000781931,-0.002539561,-0.001515408,0.000000011,0.000078303,b,4,5,5,10
38.620000,DS,4,0,0.272341781,0.361251878,0.402733548,1.611360366,0.005337897,-0.001813372,0.011716597,ds_hold,0.127762172,0.000762135,-0.002541225,-0.001505307,0.000000010,0.000073476,b,4,5,5,10
38.720000,DS,4,0,0.269977173,0.361582724,0.404418359,1.613081775,0.005044589,-0.002103261,0.011217835,ds_hold,0.127682560,0.000742558,-0.002542914,-0.001495253,0.000000010,0.000072608,b,4,5,5,10
38.820000,DS,4,0,0.267635016,0.361884136,0.406018600,1.614673296,0.004812689,-0.002316545,0.010809169,ds_hold,0.127554911,0.000723218,-0.002544611,-0.001485272,0.000000009,0.000073954,b,4,5,5,10
38.920000,DS,4,0,0.265315144,0.362165048,0.407546894,1.616158172,0.004635485,-0.002459269,0.010477650,ds_hold,0.127384428,0.000704125,-0.002546302,-0.001475380,0.000000009,0.000076180,b,4,5,5,10
39.020000,DS,4,0,0.263017387,0.362434671,0.409016872,1.617557265,0.004501430,-0.002544483,0.010205294,ds_hold,0.127175593,0.000685282,-0.002547982,-0.001465588,0.000000009,0.000078629,b,4,5,5,10
39.120000,DS,4,0,0.260741569,0.362700850,0.410441058,1.618887578,0.004397596,-0.002587919,0.009973584,ds_hold,0.126932319,0.000666690,-0.002549646,-0.001455899,0.000000009,0.000081066,b,4,5,5,10
39.220000,DS,4,0,0.258487515,0.362969246,0.411829640,1.620161884,0.004312066,-0.002604708,0.009766263,ds_hold,0.126658084,0.000648346,-0.002551292,-0.001446315,0.000000009,0.000083410,b,4,5,5,10
39.320000,DS,4,0,0.256255049,0.363243170,0.413190015,1.621389047,0.004235318,-0.002607324,0.009570728,ds_hold,0.126356039,0.000630247,-0.002552920,-0.001436834,0.000000009,0.000085613,b,4,5,5,10
39.420000,DS,4,0,0.254043998,0.363523861,0.414526933,1.622574715,0.004160740,-0.002604695,0.009378403,ds_hold,0.126029079,0.000612389,-0.002554531,-0.001427455,0.000000009,0.000087625,b,4,5,5,10
39.520000,DS,4,0,0.251854191,0.363810998,0.415842979,1.623722148,0.004084520,-0.002602194,0.009184418,ds_hold,0.125679898,0.000594768,-0.002556123,-0.001418176,0.000000009,0.000089407,b,4,5,5,10
39.620000,DS,4,0,0.249685462,0.364103277,0.417139213,1.624833046,0.004005145,-0.002602201,0.008986886,ds_hold,0.125311017,0.000577381,-0.002557696,-0.001408995,0.000000009,0.000090945,b,4,5,5,10
39.720000,DS,4,0,0.247537647,0.364398939,0.418415792,1.625908250,0.003922747,-0.002604920,0.008786024,ds_hold,0.124924796,0.000560225,-0.002559248,-0.001399912,0.000000009,0.000092254,b,4,5,5,10
39.820000,DS,4,0,0.245410586,0.364696182,0.419672489,1.626948282,0.003838442,-0.002609226,0.008583305,ds_hold,0.124523446,0.000543298,-0.002560778,-0.001390927,0.000000009,0.000093370,b,4,5,5,10
39.920000,DS,4,0,0.243304121,0.364993426,0.420909058,1.627953701,0.003753766,-0.002613395,0.008380731,ds_hold,0.124109029,0.000526597,-0.002562284,-0.001382041,0.000000009,0.000094335,b,4,5,5,10
40.020000,DS,4,0,0.241218098,0.365289446,0.422125442,1.628925291,0.003670269,-0.002615645,0.008180317,ds_hold,0.123683455,0.000510120,-0.002563764,-0.001373254,0.000000009,0.000095192,b,4,5,5,10
40.120000,DS,4,0,0.239152361,0.365583402,0.423321860,1.629864121,0.003589250,-0.002614485,0.007983756,ds_hold,0.123248488,0.000493867,-0.002565216,-0.001364566,0.000000008,0.000095973,b,4,5,5,10
40.220000,DS,4,0,0.237106760,0.365874796,0.424498793,1.630771518,0.003511639,-0.002608880,0.007792263,ds_hold,0.122805745,0.000477834,-0.002566638,-0.001355980,0.000000008,0.000096700,b,4,5,5,10
40.320000,DS,4,0,0.235081143,0.366163391,0.425656925,1.631648984,0.003437973,-0.002598289,0.007606551,ds_hold,0.122356702,0.000462021,-0.002568029,-0.001347494,0.000000008,0.000097384,b,4,5,5,10
40.420000,DS,4,0,0.233075361,0.366449125,0.426797056,1.632498114,0.003368439,-0.002582608,0.007426879,ds_hold,0.121902700,0.000446425,-0.002569386,-0.001339110,0.000000008,0.000098029,b,4,5,5,10
40.520000,DS,4,0,0.231089265,0.366732030,0.427920021,1.633320502,0.003302956,-0.002562071,0.007253155,ds_hold,0.121444954,0.000431045,-0.002570711,-0.001330828,0.000000008,0.000098636,b,4,5,5,10
40.620000,DS,4,0,0.229122708,0.367012172,0.429026625,1.634117681,0.003241257,-0.002537136,0.007085045,ds_hold,0.120984559,0.000415879,-0.002572001,-0.001322646,0.000000008,0.000099201,b,4,5,5,10
40.720000,DS,4,0,0.227175545,0.367289607,0.430117601,1.634891076,0.003182974,-0.002508382,0.006922076,ds_hold,0.120522502,0.000400923,-0.002573256,-0.001314564,0.000000008,0.000099724,b,4,5,5,10
40.820000,DS,4,0,0.225247632,0.367564364,0.431193588,1.635641984,0.003127699,-0.002476419,0.006763720,ds_hold,0.120059668,0.000386177,-0.002574475,-0.001306582,0.000000008,0.000100202,b,4,5,5,10
40.920000,DS,4,0,0.223338824,0.367836440,0.432255129,1.636371569,0.003075034,-0.002441834,0.006609452,ds_hold,0.119596852,0.000371636,-0.002575660,-0.001298699,0.000000008,0.000100638,b,4,5,5,10
41.020000,DS,4,0,0.221448980,0.368105795,0.433302676,1.637080866,0.003024618,-0.002405154,0.006458793,ds_hold,0.119134765,0.000357299,-0.002576808,-0.001290914,0.000000008,0.000101031,b,4,5,5,10
41.120000,DS,4,0,0.219577959,0.368372372,0.434336605,1.637770798,0.002976141,-0.002366829,0.006311330,ds_hold,0.118674039,0.000343163,-0.002577921,-0.001283225,0.000000008,0.000101387,b,4,5,5,10
41.220000,DS,4,0,0.217725623,0.368636094,0.435357236,1.638442193,0.002929347,-0.002327229,0.006166718,ds_hold,0.118215242,0.000329225,-0.002578997,-0.001275632,0.000000008,0.000101709,b,4,5,5,10
41.320000,DS,4,0,0.215891833,0.368896886,0.436364842,1.639095793,0.002884032,-0.002286654,0.006024685,ds_hold,0.117758873,0.000315482,-0.002580039,-0.001268133,0.000000007,0.000102002,b,4,5,5,10
41.420000,DS,4,0,0.214076452,0.369154671,0.437359668,1.639732277,0.002840036,-0.002245342,0.005885016,ds_hold,0.117305378,0.000301932,-0.002581044,-0.001260728,0.000000007,0.000102269,b,4,5,5,10
41.520000,DS,4,0,0.212279346,0.369409380,0.438341935,1.640352269,0.002797233,-0.002203481,0.005747547,ds_hold,0.116855150,0.000288572,-0.002582015,-0.001253415,0.000000007,0.000102514,b,4,5,5,10
41.620000,DS,4,0,0.210500380,0.369660956,0.439311850,1.640956348,0.002755525,-0.002161223,0.005612149,ds_hold,0.116408534,0.000275399,-0.002582950,-0.001246194,0.000000007,0.000102741,b,4,5,5,10
41.720000,DS,4,0,0.208739422,0.369909349,0.440269607,1.641545054,0.002714833,-0.002118696,0.005478724,ds_hold,0.115965829,0.000262411,-0.002583851,-0.001239063,0.000000007,0.000102952,b,4,5,5,10
41.820000,DS,4,0,0.206996340,0.370154522,0.441215393,1.642118896,0.002675089,-0.002076004,0.005347188,ds_hold,0.115527299,0.000249605,-0.002584718,-0.001232021,0.000000007,0.000103150,b,4,5,5,10
41.920000,DS,4,0,0.205271004,0.370396446,0.442149386,1.642678352,0.002636234,-0.002033243,0.005217473,ds_hold,0.115093169,0.000236978,-0.002585550,-0.001225067,0.000000007,0.000103335,b,4,5,5,10
42.020000,DS,4,0,0.203563285,0.370635102,0.443071757,1.643223876,0.002598215,-0.001990497,0.005089512,ds_hold,0.114663631,0.000224528,-0.002586349,-0.001218201,0.000000007,0.000103509,b,4,5,5,10
42.120000,DS,4,0,0.201873055,0.370870478,0.443982670,1.643755899,0.002560979,-0.001947848,0.004963247,ds_hold,0.114238848,0.000212252,-0.002587115,-0.001211420,0.000000007,0.000103674,b,4,5,5,10
42.220000,DS,4,0,0.200200187,0.371102568,0.444882282,1.644274829,0.002524476,-0.001905370,0.004838617,ds_hold,0.113818955,0.000200147,-0.002587849,-0.001204724,0.000000007,0.000103829,b,4,5,5,10
42.320000,DS,4,0,0.198544555,0.371331372,0.445770747,1.644781053,0.002488655,-0.001863138,0.004715563,ds_hold,0.113404063,0.000188212,-0.002588550,-0.001198111,0.000000007,0.000103976,b,4,5,5,10
42.420000,DS,4,0,0.196906035,0.371556895,0.446648212,1.645274941,0.002453466,-0.001821220,0.004594026,ds_hold,0.112994261,0.000176444,-0.002589220,-0.001191582,0.000000007,0.000104115,b,4,5,5,10
42.520000,DS,4,0,0.195284504,0.371779149,0.447514818,1.645756844,0.002418861,-0.001779686,0.004473949,ds_hold,0.112589616,0.000164840,-0.002589859,-0.001185134,0.000000007,0.000104247,b,4,5,5,10
42.620000,DS,4,0,0.193679839,0.371998147,0.448370705,1.646227097,0.002384790,-0.001738599,0.004355275,ds_hold,0.112190180,0.000153398,-0.002590468,-0.001178767,0.000000007,0.000104373,b,4,5,5,10
42.720000,DS,4,0,0.192091919,0.372213906,0.449216008,1.646686018,0.002351205,-0.001698021,0.004237948,ds_hold,0.111795986,0.000142116,-0.002591047,-0.001172479,0.000000007,0.000104494,b,4,5,5,10
42.820000,DS,4,0,0.190520624,0.372426449,0.450050857,1.647133912,0.002318063,-0.001658012,0.004121917,ds_hold,0.111407054,0.000130991,-0.002591597,-0.001166270,0.000000007,0.000104609,b,4,5,5,10
42.920000,DS,4,0,0.188965834,0.372635798,0.450875383,1.647571069,0.002285318,-0.001618624,0.004007132,ds_hold,0.111023392,0.000120021,-0.002592118,-0.001160139,0.000000006,0.000104719,b,4,5,5,10
43.020000,DS,4,0,0.187427432,0.372841982,0.451689712,1.647997769,0.002252930,-0.001579909,0.003893548,ds_hold,0.110644996,0.000109203,-0.002592611,-0.001154084,0.000000006,0.000104825,b,4,5,5,10
43.120000,DS,4,0,0.185905300,0.373045028,0.452493967,1.648414278,0.002220862,-0.001541913,0.003781122,ds_hold,0.110271850,0.000098536,-0.002593077,-0.001148105,0.000000006,0.000104927,b,4,5,5,10
43.220000,DS,4,0,0.184399322,0.373244968,0.453288272,1.648820852,0.002189076,-0.001504679,0.003669817,ds_hold,0.109903932,0.000088017,-0.002593516,-0.001142201,0.000000006,0.000105026,b,4,5,5,10
43.320000,DS,4,0,0.182909383,0.373441834,0.454072748,1.649217736,0.002157540,-0.001468246,0.003559597,ds_hold,0.109541211,0.000077644,-0.002593929,-0.001136370,0.000000006,0.000105122,b,4,5,5,10
43.420000,DS,4,0,0.181435369,0.373635660,0.454847513,1.649605168,0.002126223,-0.001432647,0.003450430,ds_hold,0.109183650,0.000067414,-0.002594316,-0.001130612,0.000000006,0.000105214,b,4,5,5,10
43.520000,DS,4,0,0.179977166,0.373826484,0.455612687,1.649983376,0.002095096,-0.001397914,0.003342289,ds_hold,0.108831206,0.000057327,-0.002594679,-0.001124926,0.000000006,0.000105304,b,4,5,5,10
43.620000,DS,4,0,0.178534662,0.374014341,0.456368387,1.650352581,0.002064135,-0.001364076,0.003235146,ds_hold,0.108483830,0.000047378,-0.002595017,-0.001119310,0.000000006,0.000105392,b,4,5,5,10
43.720000,DS,4,0,0.177107745,0.374199272,0.457114729,1.650712998,0.002033314,-0.001331156,0.003128979,ds_hold,0.108141469,0.000037567,-0.002595331,-0.001113765,0.000000006,0.000105476,b,4,5,5,10
43.820000,DS,4,0,0.175696304,0.374381315,0.457851830,1.651064833,0.002002613,-0.001299177,0.003023767,ds_hold,0.107804068,0.000027892,-0.002595622,-0.001108289,0.000000006,0.000105559,b,4,5,5,10
43.920000,DS,4,0,0.174300231,0.374560513,0.458579806,1.651408288,0.001972011,-0.001268158,0.002919491,ds_hold,0.107471566,0.000018350,-0.002595891,-0.001102881,0.000000006,0.000105640,b,4,5,5,10
44.020000,DS,4,0,0.172919415,0.374736907,0.459298772,1.651743560,0.001941490,-0.001238114,0.002816134,ds_hold,0.107143902,0.000008939,-0.002596138,-0.001097540,0.000000006,0.000105718,b,4,5,5,10
44.120000,DS,4,0,0.171553749,0.374910541,0.460008846,1.652070840,0.001911035,-0.001209058,0.002713679,ds_hold,0.106821010,-0.000000343,-0.002596363,-0.001092265,0.000000006,0.000105794,b,4,5,5,10
44.220000,DS,4,0,0.170203125,0.375081460,0.460710144,1.652390314,0.001880630,-0.001181002,0.002612115,ds_hold,0.106502826,-0.000009497,-0.002596568,-0.001087057,0.000000006,0.000105869,b,4,5,5,10
44.320000,DS,4,0,0.168867438,0.375249710,0.461402782,1.652702163,0.001850263,-0.001153953,0.002511428,ds_hold,0.106189280,-0.000018526,-0.002596752,-0.001081912,0.000000006,0.000105941,b,4,5,5,10
44.420000,DS,4,0,0.167546580,0.375415337,0.462086880,1.653006567,0.001819926,-0.001127913,0.002411610,ds_hold,0.105880304,-0.000027432,-0.002596916,-0.001076832,0.000000006,0.000106012,b,4,5,5,10
44.520000,DS,4,0,0.166240448,0.375578389,0.462762555,1.653303700,0.001789610,-0.001102884,0.002312652,ds_hold,0.105575829,-0.000036216,-0.002597061,-0.001071815,0.000000006,0.000106081,b,4,5,5,10
44.620000,DS,4,0,0.164948936,0.375738916,0.463429927,1.653593732,0.001759311,-0.001078860,0.002214549,ds_hold,0.105275783,-0.000044880,-0.002597188,-0.001066860,0.000000006,0.000106148,b,4,5,5,10
44.720000,DS,4,0,0.163671941,0.375896967,0.464089119,1.653876830,0.001729027,-0.001055833,0.002117297,ds_hold,0.104980096,-0.000053426,-0.002597296,-0.001061966,0.000000006,0.000106213,b,4,5,5,10
44.820000,DS,4,0,0.162409361,0.376052593,0.464740253,1.654153159,0.001698762,-0.001033789,0.002020897,ds_hold,0.104688695,-0.000061857,-0.002597387,-0.001057133,0.000000006,0.000106276,b,4,5,5,10
44.920000,DS,4,0,0.161161094,0.376205846,0.465383455,1.654422880,0.001668520,-0.001012706,0.001925351,ds_hold,0.104401509,-0.000070174,-0.002597461,-0.001052359,0.000000006,0.000106338,b,4,5,5,10
45.020000,DS,4,0,0.159927037,0.376356781,0.466018851,1.654686152,0.001638313,-0.000992557,0.001830665,ds_hold,0.104118466,-0.000078378,-0.002597517,-0.001047644,0.000000006,0.000106397,b,4,5,5,10
45.120000,DS,4,0,0.158707089,0.376505452,0.466646573,1.654943131,0.001608157,-0.000973307,0.001736850,ds_hold,0.103839493,-0.000086472,-0.002597558,-0.001042987,0.000000006,0.000106455,b,4,5,5,10
45.220000,DS,4,0,0.157501152,0.376651915,0.467266751,1.655193971,0.001578072,-0.000954912,0.001643919,ds_hold,0.103564518,-0.000094457,-0.002597583,-0.001038387,0.000000006,0.000106511,b,4,5,5,10
45.320000,DS,4,0,0.156309124,0.376796229,0.467879523,1.655438822,0.001548086,-0.000937319,0.001551892,ds_hold,0.103293468,-0.000102336,-0.002597592,-0.001033843,0.000000005,0.000106566,b,4,5,5,10
45.420000,DS,4,0,0.155130908,0.376938451,0.468485027,1.655677835,0.001518232,-0.000920465,0.001460794,ds_hold,0.103026271,-0.000110110,-0.002597587,-0.001029355,0.000000005,0.000106619,b,4,5,5,10
45.520000,DS,4,0,0.153966403,0.377078643,0.469083406,1.655911155,0.001488551,-0.000904277,0.001370653,ds_hold,0.102762854,-0.000117780,-0.002597567,-0.001024922,0.000000005,0.000106669,b,4,5,5,10
45.620000,DS,4,0,0.152815514,0.377216867,0.469674806,1.656138928,0.001459090,-0.000888670,0.001281505,ds_hold,0.102503144,-0.000125349,-0.002597533,-0.001020542,0.000000005,0.000106719,b,4,5,5,10
45.720000,DS,4,0,0.151678141,0.377353187,0.470259377,1.656361298,0.001429903,-0.000873550,0.001193390,ds_hold,0.102247069,-0.000132819,-0.002597486,-0.001016214,0.000000005,0.000106766,b,4,5,5,10
45.820000,DS,4,0,0.150554189,0.377487668,0.470837275,1.656578405,0.001401051,-0.000858810,0.001106354,ds_hold,0.101994556,-0.000140191,-0.002597425,-0.001011939,0.000000005,0.000106812,b,4,5,5,10
45.920000,DS,4,0,0.149443561,0.377620377,0.471408657,1.656790388,0.001372601,-0.000844336,0.001020449,ds_hold,0.101745532,-0.000147467,-0.002597352,-0.001007715,0.000000005,0.000106857,b,4,5,5,10
46.020000,DS,4,0,0.148346161,0.377751382,0.471973687,1.656997384,0.001344623,-0.000830005,0.000935726,ds_hold,0.101499922,-0.000154649,-0.002597265,-0.001003541,0.000000005,0.000106900,b,4,5,5,10
46.120000,DS,4,0,0.147261894,0.377880752,0.472532529,1.657199528,0.001317191,-0.000815690,0.000852244,ds_hold,0.101257655,-0.000161739,-0.002597167,-0.000999416,0.000000005,0.000106942,b,4,5,5,10
46.220000,DS,4,0,0.146190665,0.378008556,0.473085353,1.657396952,0.001290381,-0.000801261,0.000770058,ds_hold,0.101018655,-0.000168739,-0.002597057,-0.000995339,0.000000005,0.000106983,b,4,5,5,10
46.320000,DS,4,0,0.145132379,0.378134865,0.473632330,1.657589786,0.001264267,-0.000786588,0.000689223,ds_hold,0.100782850,-0.000175650,-0.002596935,-0.000991309,0.000000005,0.000107023,b,4,5,5,10
46.420000,DS,4,0,0.144086942,0.378259749,0.474173635,1.657778156,0.001238917,-0.000771549,0.000609788,ds_hold,0.100550166,-0.000182474,-0.002596802,-0.000987326,0.000000005,0.000107062,b,4,5,5,10
46.520000,DS,4,0,0.143054261,0.378383277,0.474709443,1.657962185,0.001214395,-0.000756030,0.000531796,ds_hold,0.100320529,-0.000189214,-0.002596658,-0.000983388,0.000000005,0.000107101,b,4,5,5,10
46.620000,DS,4,0,0.142034242,0.378505517,0.475239927,1.658141992,0.001190752,-0.000739932,0.000455279,ds_hold,0.100093864,-0.000195871,-0.002596504,-0.000979495,0.000000005,0.000107139,b,4,5,5,10
46.720000,DS,4,0,0.141026792,0.378626535,0.475765263,1.658317693,0.001168029,-0.000723173,0.000380258,ds_hold,0.099870100,-0.000202446,-0.002596338,-0.000975645,0.000000005,0.000107178,b,4,5,5,10
46.820000,DS,4,0,0.140031819,0.378746398,0.476285624,1.658489399,0.001146253,-0.000705692,0.000306741,ds_hold,0.099649162,-0.000208943,-0.002596163,-0.000971837,0.000000005,0.000107217,b,4,5,5,10
46.920000,DS,4,0,0.139049231,0.378865165,0.476801178,1.658657214,0.001125434,-0.000687449,0.000234721,ds_hold,0.099430979,-0.000215363,-0.002595978,-0.000968071,0.000000005,0.000107257,b,4,5,5,10
47.020000,DS,4,0,0.138078936,0.378982895,0.477312092,1.658821237,0.001105570,-0.000668427,0.000164176,ds_hold,0.099215479,-0.000221707,-0.002595783,-0.000964344,0.000000005,0.000107299,b,4,5,5,10
47.120000,DS,4,0,0.137120841,0.379099644,0.477818529,1.658981563,0.001086643,-0.000648632,0.000095075,ds_hold,0.099002591,-0.000227977,-0.002595579,-0.000960658,0.000000005,0.000107342,b,4,5,5,10
47.220000,DS,4,0,0.136174857,0.379215462,0.478320645,1.659138280,0.001068622,-0.000628088,0.000027372,ds_hold,0.098792246,-0.000234176,-0.002595366,-0.000957009,0.000000005,0.000107387,b,4,5,5,10
47.320000,DS,4,0,0.135240891,0.379330397,0.478818592,1.659291468,0.001051467,-0.000606837,-0.000038985,ds_hold,0.098584375,-0.000240305,-0.002595143,-0.000953398,0.000000005,0.000107436,b,4,5,5,10
47.420000,DS,4,0,0.134318854,0.379444491,0.479312517,1.659441201,0.001035129,-0.000584935,-0.000104055,ds_hold,0.098378913,-0.000246366,-0.002594911,-0.000949823,0.000000005,0.000107487,b,4,5,5,10
47.520000,DS,4,0,0.133408655,0.379557782,0.479802557,1.659587550,0.001019551,-0.000562449,-0.000167898,ds_hold,0.098175795,-0.000252360,-0.002594671,-0.000946283,0.000000005,0.000107543,b,4,5,5,10
47.620000,DS,4,0,0.132510204,0.379670305,0.480288847,1.659730575,0.001004675,-0.000539454,-0.000230579,ds_hold,0.097974958,-0.000258289,-0.002594422,-0.000942778,0.000000005,0.000107602,b,4,5,5,10
47.720000,DS,4,0,0.131623411,0.379782090,0.480771514,1.659870334,0.000990440,-0.000516028,-0.000292156,ds_hold,0.097776341,-0.000264155,-0.002594165,-0.000939305,0.000000005,0.000107666,b,4,5,5,10
47.820000,DS,4,0,0.130748187,0.379893161,0.481250677,1.660006877,0.000976784,-0.000492254,-0.000352689,ds_hold,0.097579887,-0.000269960,-0.002593899,-0.000935866,0.000000005,0.000107736,b,4,5,5,10
47.920000,DS,4,0,0.129884442,0.380003542,0.481726451,1.660140249,0.000963646,-0.000468214,-0.000412231,ds_hold,0.097385537,-0.000275705,-0.002593625,-0.000932458,0.000000005,0.000107811,b,4,5,5,10
48.020000,DS,4,0,0.129032087,0.380113250,0.482198942,1.660270493,0.000950970,-0.000443990,-0.000470832,ds_hold,0.097193240,-0.000281391,-0.002593343,-0.000929081,0.000000005,0.000107891,b,4,5,5,10
48.120000,DS,4,0,0.128191033,0.380222300,0.482668251,1.660397643,0.000938697,-0.000419664,-0.000528536,ds_hold,0.097002942,-0.000287020,-0.002593053,-0.000925733,0.000000005,0.000107978,b,4,5,5,10
48.220000,DS,4,0,0.127361192,0.380330701,0.483134472,1.660521732,0.000926776,-0.000395311,-0.000585379,ds_hold,0.096814595,-0.000292594,-0.002592755,-0.000922414,0.000000005,0.000108071,b,4,5,5,10
48.320000,DS,4,0,0.126542475,0.380438462,0.483597692,1.660642789,0.000915156,-0.000371008,-0.000641396,ds_hold,0.096628152,-0.000298112,-0.002592450,-0.000919124,0.000000005,0.000108171,b,4,5,5,10
48.420000,DS,4,0,0.125734794,0.380545587,0.484057992,1.660760838,0.000903791,-0.000346824,-0.000696613,ds_hold,0.096443568,-0.000303578,-0.002592137,-0.000915861,0.000000005,0.000108277,b,4,5,5,10
48.520000,DS,4,0,0.124938060,0.380652077,0.484515447,1.660875902,0.000892638,-0.000322828,-0.000751052,ds_hold,0.096260802,-0.000308992,-0.002591816,-0.000912624,0.000000005,0.000108390,b,4,5,5,10
48.620000,DS,4,0,0.124152186,0.380757931,0.484970126,1.660987998,0.000881657,-0.000299084,-0.000804730,ds_hold,0.096079813,-0.000314355,-0.002591488,-0.000909414,0.000000005,0.000108509,b,4,5,5,10
48.720000,DS,4,0,0.123377085,0.380863145,0.485422089,1.661097145,0.000870811,-0.000275651,-0.000857659,ds_hold,0.095900565,-0.000319668,-0.002591152,-0.000906229,0.000000005,0.000108636,b,4,5,5,10
48.820000,DS,4,0,0.122612667,0.380967711,0.485871393,1.661203356,0.000860067,-0.000252588,-0.000909847,ds_hold,0.095723023,-0.000324932,-0.002590809,-0.000903068,0.000000005,0.000108769,b,4,5,5,10
48.920000,DS,4,0,0.121858847,0.381071622,0.486318087,1.661306643,0.000849395,-0.000229947,-0.000961297,ds_hold,0.095547154,-0.000330149,-0.002590459,-0.000899932,0.000000005,0.000108908,b,4,5,5,10
49.020000,DS,4,0,0.121115536,0.381174865,0.486762216,1.661407017,0.000838766,-0.000207778,-0.001012009,ds_hold,0.095372928,-0.000335319,-0.002590102,-0.000896818,0.000000005,0.000109054,b,4,5,5,10
49.120000,DS,4,0,0.120382647,0.381277429,0.487203817,1.661504487,0.000828156,-0.000186129,-0.001061980,ds_hold,0.095200316,-0.000340442,-0.002589737,-0.000893728,0.000000005,0.000109207,b,4,5,5,10
49.220000,DS,4,0,0.119660093,0.381379297,0.487642921,1.661599061,0.000817541,-0.000165044,-0.001111202,ds_hold,0.095029293,-0.000345520,-0.002589365,-0.000890660,0.000000005,0.000109365,b,4,5,5,10
49.320000,DS,4,0,0.118947788,0.381480453,0.488079555,1.661690746,0.000806902,-0.000144565,-0.001159666,ds_hold,0.094859835,-0.000350554,-0.002588987,-0.000887614,0.000000005,0.000109530,b,4,5,5,10
49.420000,DS,4,0,0.118245644,0.381580878,0.488513739,1.661779547,0.000796219,-0.000124730,-0.001207359,ds_hold,0.094691920,-0.000355544,-0.002588601,-0.000884589,0.000000005,0.000109700,b,4,5,5,10
49.520000,DS,4,0,0.117553574,0.381680551,0.488945487,1.661865470,0.000785477,-0.000105576,-0.001254266,ds_hold,0.094525528,-0.000360490,-0.002588209,-0.000881586,0.000000005,0.000109875,b,4,5,5,10
49.620000,DS,4,0,0.116871492,0.381779451,0.489374808,1.661948520,0.000774662,-0.000087138,-0.001300369,ds_hold,0.094360642,-0.000365393,-0.002587810,-0.000878603,0.000000005,0.000110055,b,4,5,5,10
49.720000,DS,4,0,0.116199312,0.381877555,0.489801705,1.662028700,0.000763759,-0.000069449,-0.001345650,ds_hold,0.094197246,-0.000370255,-0.002587404,-0.000875640,0.000000005,0.000110239,b,4,5,5,10
49.820000,DS,4,0,0.115536946,0.381974837,0.490226176,1.662106016,0.000752757,-0.000052541,-0.001390086,ds_hold,0.094035326,-0.000375074,-0.002586991,-0.000872698,0.000000005,0.000110428,b,4,5,5,10
49.920000,DS,4,0,0.114884309,0.382071271,0.490648212,1.662180471,0.000741647,-0.000036441,-0.001433655,ds_hold,0.093874870,-0.000379852,-0.002586572,-0.000869775,0.000000005,0.000110621,b,4,5,5,10
50.020000,DS,4,0,0.114241314,0.382166831,0.491067799,1.662252070,0.000730420,-0.000021179,-0.001476333,ds_hold,0.093715867,-0.000384588,-0.002586146,-0.000866871,0.000000005,0.000110817,b,4,5,5,10
50.120000,DS,4,0,0.113607875,0.382261487,0.491484919,1.662320819,0.000719068,-0.000006781,-0.001518092,ds_hold,0.093558309,-0.000389284,-0.002585714,-0.000863987,0.000000005,0.000111015,b,4,5,5,10
50.220000,DS,4,0,0.112983905,0.382355209,0.491899546,1.662386722,0.000707584,0.000006728,-0.001558906,ds_hold,0.093402189,-0.000393939,-0.002585275,-0.000861123,0.000000005,0.000111216,b,4,5,5,10
50.320000,DS,4,0,0.112369319,0.382447967,0.492311651,1.662449786,0.000695964,0.000019325,-0.001598747,ds_hold,0.093247502,-0.000398554,-0.002584831,-0.000858277,0.000000005,0.000111418,b,4,5,5,10
50.420000,DS,4,0,0.111764030,0.382539729,0.492721197,1.662510018,0.000684202,0.000030986,-0.001637585,ds_hold,0.093094243,-0.000403128,-0.002584380,-0.000855450,0.000000005,0.000111622,b,4,5,5,10
50.520000,DS,4,0,0.111167953,0.382630461,0.493128144,1.662567426,0.000672297,0.000041690,-0.001675389,ds_hold,0.092942411,-0.000407662,-0.002583923,-0.000852642,0.000000005,0.000111826,b,4,5,5,10
50.620000,DS,4,0,0.110581002,0.382720130,0.493532445,1.662622018,0.000660245,0.000051419,-0.001712129,ds_hold,0.092792005,-0.000412156,-0.002583460,-0.000849853,0.000000005,0.000112029,b,4,5,5,10
50.720000,DS,4,0,0.110003091,0.382808699,0.493934047,1.662673806,0.000648047,0.000060153,-0.001747773,ds_hold,0.092643026,-0.000416610,-0.002582991,-0.000847083,0.000000005,0.000112232,b,4,5,5,10
50.820000,DS,4,0,0.109434134,0.382896135,0.494332893,1.662722800,0.000635701,0.000067878,-0.001782289,ds_hold,0.092495474,-0.000421024,-0.002582516,-0.000844331,0.000000005,0.000112433,b,4,5,5,10
