tick,t_s,phase,step_index,Hdot_s_x,Hdot_s_y,Hdot_s_z,Hdot_s_source,tau_w_x,tau_w_y,tau_w_z,dq_joint_norm,T_kin,L_com_norm,hw_norm,settle_exit
0,0.01,DS,-1,-0.0,-0.0,0.0,realized,0.0,0.0,-0.0,0.0,0.0,0.0,0.0,0
1,0.02,DS,-1,-0.0,0.0,-0.0,realized,0.0,-0.0,0.0,0.0,0.0,0.0,0.0,0
2,0.03,DS,-1,-0.0,0.0,-0.0,realized,0.0,-0.0,0.0,0.0,0.0,0.0,0.0,0
3,0.04,DS,-1,-0.0,0.0,-0.0,realized,0.0,-0.0,0.0,0.0,0.0,0.0,0.0,0
4,0.05,DS,-1,-0.0,0.0,-0.0,realized,0.0,-0.0,0.0,0.0,0.0,0.0,0.0,0
5,0.06,DS,-1,0.0,0.0,-0.0,realized,-0.0,-0.0,0.0,0.0,0.0,0.0,0.0,0
6,0.07,DS,-1,0.0,0.0,-0.0,realized,-0.0,-0.0,0.0,0.0,0.0,0.0,0.0,0
7,0.08,DS,-1,0.0,-0.0,-0.0,realized,-0.0,0.0,0.0,0.0,0.0,0.0,0.0,0
8,0.09,DS,-1,0.0,-0.0,-0.0,realized,-0.0,0.0,0.0,0.0,0.0,0.0,0.0,0
9,0.1,DS,-1,0.0,-0.0,-0.0,realized,-0.0,0.0,0.0,0.0,0.0,0.0,0.0,0
10,0.11,SS,0,0.45702,-1.44443,2.47174,planned,-0.64772,1.27268,-1.23541,0.067851,0.000977592,0.0359,0.059708,0
11,0.21,SS,0,0.60689,-1.41343,2.70624,planned,-0.83994,1.99374,-2.38814,0.110236,0.00792375,0.072444,0.182239,0
12,0.31,SS,0,0.67814,-1.22673,3.34471,planned,-1.05958,2.54146,-3.25824,0.198191,0.030647168,0.126662,0.358494,0
13,0.41,SS,0,0.68897,-0.98183,3.89193,planned,-1.21403,2.93483,-3.91049,0.305437,0.078647162,0.189908,0.575777,0
14,0.51,SS,0,0.62727,-0.70614,4.42917,planned,-1.27451,3.16098,-4.39083,0.419092,0.158316197,0.255769,0.822836,0
15,0.61,SS,0,0.50167,-0.42667,4.89527,planned,-1.26258,3.24194,-4.6817,0.527785,0.271307482,0.320191,1.088597,0
16,0.71,SS,0,0.32174,-0.13615,4.99998,planned,-1.19018,3.19027,-4.7818,0.623315,0.414399264,0.381059,1.362125,0
17,0.81,SS,0,0.09142,0.11289,4.99999,planned,-1.06929,3.03884,-4.70906,0.701254,0.580492849,0.436855,1.633869,0
18,0.91,SS,0,-0.18754,0.30416,4.99999,planned,-0.91114,2.80793,-4.47961,0.760302,0.759671485,0.48692,1.895404,0
19,1.01,SS,0,-0.50386,0.44197,4.99999,planned,-0.7235,2.51258,-4.1103,0.801756,0.940200638,0.530139,2.139284,0
20,1.11,SS,0,-0.84821,0.54441,4.99999,planned,-0.51025,2.16223,-3.61623,0.82842,1.109359105,0.564887,2.358841,0
21,1.21,SS,0,-1.20423,0.6288,4.99999,planned,-0.27615,1.76277,-3.01172,0.84364,1.254313137,0.58908,2.548093,0
22,1.31,SS,0,-1.55165,0.70916,4.99996,planned,-0.02905,1.31735,-2.3098,0.850429,1.363094143,0.60068,2.70164,0
23,1.41,SS,0,-1.87218,0.84723,4.67832,planned,0.22,0.81666,-1.5118,0.850771,1.425381168,0.598399,2.813935,0
24,1.51,SS,0,-2.14147,1.0222,4.12161,planned,0.45468,0.27536,-0.63884,0.845551,1.434330197,0.581545,2.880537,0
25,1.61,SS,0,-2.35381,1.23979,3.43853,planned,0.69651,-0.25707,0.29214,0.832343,1.387373298,0.554069,2.896948,0
26,1.71,SS,0,-2.50218,1.44916,2.74503,planned,0.79335,-0.90086,1.23676,0.815341,1.287580421,0.506429,2.865048,0
27,1.81,SS,0,-2.54209,1.69926,1.89619,planned,0.9154,-1.48384,2.16938,0.783337,1.142298274,0.457543,2.779323,0
28,1.91,SS,0,-2.54505,1.89876,1.14312,planned,0.99016,-2.03653,3.01727,0.739559,0.964483405,0.399486,2.645368,0
29,2.01,SS,0,-2.47324,2.1049,0.3347,planned,0.98822,-2.55156,3.78944,0.68036,0.769612703,0.339255,2.465936,0
30,2.11,SS,0,-2.33399,2.22976,-0.35881,planned,0.95119,-2.97103,4.40284,0.606558,0.575123625,0.280131,2.248037,0
31,2.21,SS,0,-2.13429,2.26427,-0.92295,planned,0.88145,-3.27173,4.82202,0.521602,0.397493006,0.226465,2.000996,0
32,2.31,SS,0,-1.89176,2.21114,-1.35418,planned,0.79216,-3.42336,5.0,0.433157,0.249909086,0.18323,1.737518,0
33,2.41,SS,0,-1.61975,2.07474,-1.65056,planned,0.69188,-3.39546,4.93373,0.353208,0.140173266,0.155007,1.471785,0
34,2.51,SS,0,-1.33177,1.86723,-1.81535,planned,0.58462,-3.16172,4.56282,0.295393,0.069273973,0.142072,1.214933,0
35,2.61,SS,0,-1.04343,1.60738,-1.85719,planned,0.46963,-2.69942,3.86885,0.26563,0.031327034,0.137025,0.986373,0
36,2.71,SS,0,-0.77229,1.31949,-1.78956,planned,0.34059,-1.9902,2.82524,0.252541,0.015530718,0.128335,0.805738,0
37,2.81,SS,0,-0.53788,1.03242,-1.63171,planned,0.18231,-1.04259,1.54951,0.233193,0.010339417,0.105231,0.69247,0
38,2.91,SS,0,-0.3663,0.78878,-1.3948,planned,0.25977,-0.6991,1.3848,0.195269,0.007391424,0.064245,0.615114,0
39,3.01,SS,0,-0.24875,0.68489,-0.94902,planned,0.24958,-0.65557,1.13028,0.171339,0.00522532,0.045381,0.54932,0
40,3.11,SS,0,-0.1826,0.57406,-0.71204,planned,0.1951,-0.55704,0.9916,0.148847,0.003678135,0.031091,0.491888,0
41,3.21,SS,0,-0.14553,0.47207,-0.50362,planned,0.15935,-0.48141,0.84292,0.127688,0.002644386,0.022643,0.441995,0
42,3.32,DS,0,0.33733,0.77899,-0.33073,realized,-0.32373,-0.78205,0.33506,0.166244,0.011654783,0.126879,0.439,0
43,3.33,DS,0,3.3575,2.73457,-3.19377,realized,-2.97566,-2.71219,3.41506,0.188623,0.020822952,0.173012,0.423673,0
44,3.34,DS,0,0.42187,2.51073,-5.0,realized,-0.22813,-2.55589,5.0,0.219986,0.023935434,0.1948,0.398521,0
45,3.35,DS,0,-1.84481,1.6357,-5.0,realized,1.9125,-1.69955,5.0,0.235102,0.023616068,0.202892,0.371814,0
46,3.36,DS,0,-2.98381,1.22685,-5.0,realized,2.99108,-1.2923,5.0,0.234535,0.022115425,0.20453,0.344421,0
47,3.37,DS,0,-3.31514,1.12396,-5.0,realized,3.30402,-1.17941,5.0,0.223446,0.020354872,0.203142,0.317252,0
48,3.38,DS,0,-3.19873,1.18355,-5.0,realized,3.18964,-1.22533,5.0,0.205041,0.018546454,0.200294,0.290801,0
49,3.39,DS,0,-2.88782,1.31573,-5.0,realized,2.8887,-1.34431,5.0,0.181585,0.016724883,0.196896,0.265236,0
50,3.4,DS,0,-2.52101,1.46845,-5.0,realized,2.53319,-1.48592,5.0,0.15533,0.014948803,0.193645,0.240618,0
51,3.41,DS,0,-2.1645,1.61471,-5.0,realized,2.18638,-1.62374,5.0,0.128844,0.013315605,0.191139,0.217031,0
52,3.42,DS,0,-1.84467,1.74244,-5.0,realized,1.87364,-1.74574,5.0,0.105172,0.01192443,0.189893,0.194665,0
53,3.43,DS,0,-1.37468,1.19186,-3.2588,realized,1.40811,-1.1919,3.26161,0.090133,0.010788445,0.181416,0.180464,0
54,3.44,DS,0,-1.04496,0.9444,-1.97987,realized,1.07978,-0.94747,1.97673,0.090574,0.009807215,0.168573,0.171,0
55,3.45,DS,0,-0.78245,0.75863,-0.91098,realized,0.81679,-0.76219,0.90322,0.099731,0.008929483,0.152906,0.164939,0
56,3.46,DS,0,-0.55804,0.5726,0.0193,realized,0.59045,-0.57626,-0.0304,0.109565,0.008118838,0.135521,0.16175,0
57,3.47,DS,0,-0.36229,0.3866,0.80355,realized,0.3918,-0.39039,-0.81686,0.115845,0.007352485,0.117642,0.16118,0
58,3.48,DS,0,-0.19959,0.21122,1.41751,realized,0.22612,-0.21524,-1.43158,0.117391,0.00661966,0.101054,0.163021,0
59,3.49,DS,0,-0.07258,0.0729,1.80252,realized,0.09621,-0.07715,-1.81528,0.115158,0.005928467,0.086983,0.166801,0
60,3.5,DS,0,0.01661,-0.02269,1.97391,realized,0.00465,0.01833,-1.98422,0.109969,0.005294358,0.075438,0.171904,0
61,3.51,DS,0,0.0508,-0.08137,1.96441,realized,-0.03128,0.07707,-1.97278,0.098499,0.004700943,0.066689,0.177649,0
62,3.52,DS,0,0.12804,-0.20754,2.02581,realized,-0.11153,0.20346,-2.03222,0.085485,0.004165311,0.059517,0.184484,0
63,3.53,DS,0,0.23937,-0.34215,2.11671,realized,-0.22614,0.33809,-2.12238,0.074426,0.00369163,0.053356,0.192508,0
64,3.54,DS,0,0.35238,-0.44716,2.18367,realized,-0.34208,0.4438,-2.18999,0.065903,0.003270511,0.048396,0.201499,0
65,3.55,DS,0,0.44715,-0.51052,2.18244,realized,-0.43927,0.50854,-2.18986,0.057547,0.002879931,0.045548,0.211024,0
66,3.56,DS,0,0.54348,-0.56281,2.13503,realized,-0.53827,0.56206,-2.14158,0.050164,0.002522086,0.044229,0.220833,0
67,3.57,DS,0,0.62447,-0.59594,2.03536,realized,-0.62122,0.59616,-2.0407,0.044145,0.002199138,0.043799,0.230617,0
68,3.58,DS,0,0.68703,-0.61331,1.89901,realized,-0.68519,0.61426,-1.90301,0.039746,0.001912005,0.043749,0.240131,0
69,3.59,DS,0,0.73241,-0.61826,1.74201,realized,-0.73154,0.61972,-1.74468,0.036974,0.001659883,0.043782,0.249212,0
70,3.6,DS,0,0.76278,-0.61318,1.57728,realized,-0.76252,0.61491,-1.57873,0.035526,0.001440563,0.043775,0.257757,0
71,3.61,DS,0,0.78023,-0.59984,1.41442,realized,-0.78029,0.60163,-1.4148,0.034899,0.001251008,0.043702,0.265718,0
72,3.62,DS,0,0.78666,-0.57974,1.26024,realized,-0.78679,0.58143,-1.2597,0.034592,0.001087866,0.043582,0.273083,0
73,3.63,DS,0,0.78387,-0.55436,1.11929,realized,-0.78387,0.55582,-1.118,0.034231,0.000947821,0.043438,0.279866,0
74,3.64,DS,0,0.77365,-0.52509,0.99428,realized,-0.77338,0.52622,-0.9924,0.033604,0.000827784,0.043283,0.286103,0
75,3.65,DS,0,0.75775,-0.49323,0.8864,realized,-0.75712,0.49399,-0.88409,0.032627,0.000724969,0.043113,0.29184,0
76,3.66,DS,0,0.73787,-0.45994,0.79566,realized,-0.73681,0.4603,-0.79303,0.031303,0.000636905,0.042913,0.297129,0
77,3.67,DS,0,0.7155,-0.42619,0.72113,realized,-0.71399,0.42615,-0.71831,0.029686,0.000561424,0.042658,0.302026,0
78,3.68,DS,0,0.69186,-0.39279,0.66128,realized,-0.68991,0.39235,-0.65836,0.027856,0.000496633,0.042326,0.306583,0
79,3.69,DS,0,0.6679,-0.36032,0.61422,realized,-0.66553,0.35951,-0.61124,0.025899,0.000440889,0.041893,0.31085,0
80,3.7,DS,0,0.64427,-0.32924,0.57785,realized,-0.64151,0.32807,-0.57487,0.023897,0.000392776,0.041345,0.314868,0
81,3.71,DS,0,0.62136,-0.29983,0.55007,realized,-0.61825,0.29834,-0.54713,0.021929,0.000351084,0.040671,0.318676,0
82,3.72,DS,0,0.59942,-0.27229,0.5289,realized,-0.596,0.27049,-0.52599,0.020066,0.0003148,0.039875,0.322303,0
83,3.73,DS,0,0.57886,-0.24672,0.51246,realized,-0.57518,0.24463,-0.50959,0.018355,0.000283051,0.038961,0.325774,0
84,3.74,DS,0,0.5597,-0.22312,0.49909,realized,-0.5558,0.22077,-0.49623,0.016814,0.000255107,0.037939,0.329107,0
85,3.75,DS,0,0.54169,-0.20137,0.48741,realized,-0.53761,0.19877,-0.48455,0.015445,0.00023037,0.036819,0.332316,0
86,3.76,DS,0,0.5246,-0.18132,0.47636,realized,-0.52035,0.17848,-0.47348,0.014238,0.000208358,0.035614,0.335407,0
87,3.77,DS,0,0.50821,-0.1628,0.46512,realized,-0.5038,0.15974,-0.4622,0.013174,0.000188683,0.03434,0.338385,0
88,3.78,DS,0,0.49236,-0.14564,0.45313,realized,-0.48782,0.14237,-0.45015,0.012233,0.000171033,0.033014,0.341252,0
89,3.79,DS,0,0.47694,-0.12969,0.44003,realized,-0.47226,0.12622,-0.43697,0.011392,0.000155159,0.031651,0.344006,0
90,3.8,DS,0,0.46185,-0.11481,0.42562,realized,-0.45705,0.11116,-0.42247,0.010633,0.000140858,0.030268,0.346646,0
91,3.81,DS,0,0.44704,-0.1009,0.40987,realized,-0.44212,0.09709,-0.40661,0.009941,0.000127962,0.028879,0.34917,0
92,3.82,DS,0,0.43247,-0.08788,0.39285,realized,-0.42742,0.08391,-0.38947,0.009303,0.00011633,0.027498,0.351575,0
93,3.83,DS,0,0.41812,-0.07567,0.37469,realized,-0.41294,0.07157,-0.37118,0.008714,0.000105839,0.026136,0.353859,0
94,3.84,DS,0,0.40397,-0.06421,0.3556,realized,-0.39866,0.05999,-0.35197,0.008168,9.6381e-05,0.024804,0.35602,0
95,3.85,DS,0,0.39002,-0.05347,0.33583,realized,-0.38458,0.04914,-0.33206,0.007663,8.7858e-05,0.023508,0.358058,0
96,3.86,DS,0,0.37628,-0.04342,0.31563,realized,-0.37071,0.03899,-0.31172,0.007199,8.0182e-05,0.022255,0.359974,0
97,3.87,DS,0,0.36277,-0.03402,0.29524,realized,-0.35706,0.0295,-0.29121,0.006775,7.3268e-05,0.021048,0.361767,0
98,3.88,DS,0,0.3495,-0.02525,0.27492,realized,-0.34365,0.02066,-0.27075,0.006389,6.7039e-05,0.019891,0.363441,0
99,3.89,DS,0,0.33649,-0.01709,0.25487,realized,-0.33049,0.01243,-0.25058,0.006039,6.1423e-05,0.018784,0.364997,0
100,3.9,DS,0,0.32374,-0.00952,0.2353,realized,-0.3176,0.0048,-0.23089,0.005722,5.6355e-05,0.017728,0.36644,0
101,3.91,DS,0,0.31128,-0.00253,0.21636,realized,-0.30499,-0.00225,-0.21183,0.005435,5.1775e-05,0.016722,0.367773,0
102,3.92,DS,0,0.29911,0.00392,0.19819,realized,-0.29267,-0.00875,-0.19355,0.005173,4.7626e-05,0.015763,0.369001,0
103,3.93,DS,0,0.28723,0.00984,0.18089,realized,-0.28065,-0.01471,-0.17615,0.004934,4.3861e-05,0.014852,0.370129,0
104,3.94,DS,0,0.27566,0.01525,0.16453,realized,-0.26893,-0.02016,-0.15969,0.004712,4.0435e-05,0.013984,0.371162,0
105,3.95,DS,0,0.26438,0.02017,0.14915,realized,-0.25751,-0.02512,-0.14423,0.004504,3.7311e-05,0.013157,0.372106,0
106,3.96,DS,0,0.2534,0.02463,0.13479,realized,-0.2464,-0.02962,-0.12979,0.004308,3.4454e-05,0.01237,0.372965,0
107,3.97,DS,0,0.24272,0.02865,0.12143,realized,-0.23557,-0.03366,-0.11636,0.004122,3.1835e-05,0.011619,0.373745,0
108,3.98,DS,0,0.23232,0.03224,0.10907,realized,-0.22504,-0.03729,-0.10393,0.003944,2.9429e-05,0.010902,0.374452,0
109,3.99,DS,0,0.22221,0.03543,0.09768,realized,-0.21479,-0.04051,-0.09247,0.003774,2.7215e-05,0.010217,0.375089,0
110,4.0,DS,0,0.21237,0.03823,0.08721,realized,-0.20482,-0.04334,-0.08193,0.003611,2.5175e-05,0.009561,0.375663,0
111,4.01,DS,0,0.20279,0.04068,0.07761,realized,-0.19511,-0.04581,-0.07228,0.003456,2.3291e-05,0.008933,0.376177,0
112,4.02,DS,0,0.19347,0.04277,0.06883,realized,-0.18567,-0.04793,-0.06345,0.00331,2.1551e-05,0.008331,0.376636,0
113,4.03,DS,0,0.18441,0.04455,0.0608,realized,-0.17648,-0.04973,-0.05537,0.003172,1.9943e-05,0.007754,0.377044,0
114,4.04,DS,0,0.17559,0.04602,0.05347,realized,-0.16755,-0.05122,-0.048,0.003042,1.8456e-05,0.007201,0.377404,0
115,4.05,DS,0,0.16702,0.0472,0.04678,realized,-0.15885,-0.05242,-0.04127,0.002921,1.7082e-05,0.006671,0.37772,0
116,4.06,DS,0,0.15868,0.04811,0.04066,realized,-0.1504,-0.05334,-0.03511,0.002808,1.5813e-05,0.006164,0.377995,0
117,4.07,DS,0,0.15058,0.04876,0.03506,realized,-0.14218,-0.05402,-0.02948,0.002703,1.4641e-05,0.00568,0.378232,0
118,4.08,DS,0,0.1427,0.04918,0.02993,realized,-0.1342,-0.05445,-0.02431,0.002605,1.3559e-05,0.005218,0.378434,0
119,4.09,DS,0,0.13506,0.04939,0.02521,realized,-0.12644,-0.05467,-0.01956,0.002513,1.2562e-05,0.004779,0.378603,0
120,4.1,DS,0,0.12763,0.04939,0.02087,realized,-0.11891,-0.05467,-0.01519,0.002427,1.1644e-05,0.004363,0.378741,0
121,4.11,DS,0,0.12043,0.0492,0.01686,realized,-0.11161,-0.0545,-0.01115,0.002345,1.0799e-05,0.00397,0.378851,0
122,4.12,DS,0,0.11345,0.04884,0.01315,realized,-0.10452,-0.05414,-0.00741,0.002266,1.0023e-05,0.003603,0.378934,0
123,4.13,DS,0,0.10668,0.04833,0.00971,realized,-0.09766,-0.05363,-0.00394,0.00219,9.31e-06,0.00326,0.378992,0
124,4.14,DS,0,0.10014,0.04767,0.00651,realized,-0.09101,-0.05298,-0.00072,0.002115,8.656e-06,0.002944,0.379027,0
125,4.15,DS,0,0.0938,0.04689,0.00353,realized,-0.08458,-0.0522,0.00228,0.002043,8.057e-06,0.002656,0.37904,0
126,4.16,DS,0,0.08768,0.04599,0.00076,realized,-0.07837,-0.0513,0.00507,0.001971,7.508e-06,0.002398,0.379032,0
127,4.17,DS,0,0.08176,0.04499,-0.00181,realized,-0.07236,-0.0503,0.00767,0.0019,7.004e-06,0.002171,0.379006,0
128,4.18,DS,0,0.07605,0.0439,-0.0042,realized,-0.06656,-0.0492,0.01008,0.001831,6.543e-06,0.001976,0.378961,0
129,4.19,DS,0,0.07055,0.04274,-0.00641,realized,-0.06097,-0.04803,0.01231,0.001762,6.121e-06,0.001816,0.3789,0
130,4.2,DS,0,0.06524,0.0415,-0.00846,realized,-0.05559,-0.04679,0.01437,0.001694,5.735e-06,0.001691,0.378824,0
131,4.21,DS,0,0.06014,0.04021,-0.01034,realized,-0.0504,-0.04549,0.01627,0.001628,5.38e-06,0.0016,0.378733,0
132,4.22,DS,0,0.05523,0.03886,-0.01205,realized,-0.04542,-0.04413,0.018,0.001563,5.055e-06,0.001541,0.378629,0
133,4.23,DS,0,0.05052,0.03748,-0.0136,realized,-0.04063,-0.04274,0.01957,0.001499,4.756e-06,0.001511,0.378513,0
134,4.24,DS,0,0.046,0.03606,-0.015,realized,-0.03603,-0.04132,0.02098,0.001438,4.481e-06,0.001505,0.378386,0
135,4.25,DS,0,0.04166,0.03463,-0.01624,realized,-0.03162,-0.03987,0.02223,0.001378,4.227e-06,0.001518,0.378249,0
136,4.26,DS,0,0.03751,0.03317,-0.01732,realized,-0.02739,-0.0384,0.02332,0.001321,3.993e-06,0.001545,0.378103,0
137,4.27,DS,0,0.03353,0.0317,-0.01825,realized,-0.02335,-0.03692,0.02426,0.001266,3.777e-06,0.001581,0.377948,0
138,4.28,DS,0,0.02973,0.03023,-0.01903,realized,-0.01949,-0.03544,0.02505,0.001213,3.576e-06,0.001622,0.377786,0
139,4.29,DS,0,0.02611,0.02875,-0.01967,realized,-0.0158,-0.03395,0.0257,0.001163,3.389e-06,0.001665,0.377618,0
140,4.3,DS,0,0.02266,0.02729,-0.02017,realized,-0.01229,-0.03248,0.0262,0.001115,3.215e-06,0.001709,0.377445,0
141,4.31,DS,0,0.01937,0.02583,-0.02053,realized,-0.00894,-0.031,0.02657,0.00107,3.052e-06,0.001752,0.377267,0
142,4.32,DS,0,0.01624,0.02438,-0.02076,realized,-0.00575,-0.02955,0.02681,0.001027,2.9e-06,0.001792,0.377084,0
143,4.33,DS,0,0.01327,0.02295,-0.02088,realized,-0.00273,-0.02811,0.02692,0.000986,2.756e-06,0.001829,0.376899,0
144,4.34,DS,0,0.01046,0.02155,-0.02088,realized,0.00014,-0.02669,0.02693,0.000948,2.621e-06,0.001862,0.376711,0
145,4.35,DS,0,0.0078,0.02016,-0.02077,realized,0.00285,-0.0253,0.02682,0.000912,2.494e-06,0.001892,0.376522,0
146,4.36,DS,0,0.00528,0.0188,-0.02056,realized,0.00541,-0.02393,0.02661,0.000878,2.373e-06,0.001918,0.376331,0
147,4.37,DS,0,0.00291,0.01747,-0.02027,realized,0.00783,-0.02259,0.02632,0.000846,2.258e-06,0.001939,0.376139,0
148,4.38,DS,0,0.00068,0.01618,-0.01989,realized,0.01011,-0.02128,0.02594,0.000817,2.149e-06,0.001957,0.375948,0
149,4.39,DS,0,-0.00142,0.01491,-0.01945,realized,0.01224,-0.02,0.0255,0.000789,2.045e-06,0.001971,0.375757,0
150,4.4,DS,0,-0.00338,0.01368,-0.01894,realized,0.01425,-0.01876,0.02499,0.000763,1.945e-06,0.001981,0.375567,0
151,4.41,DS,0,-0.00522,0.01248,-0.01837,realized,0.01612,-0.01756,0.02442,0.000738,1.85e-06,0.001988,0.375377,0
152,4.42,DS,0,-0.00694,0.01133,-0.01776,realized,0.01787,-0.01639,0.02381,0.000715,1.759e-06,0.001991,0.37519,0
153,4.43,DS,0,-0.00853,0.01021,-0.01712,realized,0.0195,-0.01526,0.02316,0.000694,1.672e-06,0.001991,0.375004,0
154,4.44,DS,0,-0.01001,0.00913,-0.01644,realized,0.02101,-0.01417,0.02248,0.000673,1.588e-06,0.001988,0.37482,0
155,4.45,DS,0,-0.01137,0.00808,-0.01574,realized,0.0224,-0.01312,0.02178,0.000654,1.507e-06,0.001982,0.374639,0
156,4.46,DS,0,-0.01263,0.00708,-0.01502,realized,0.02369,-0.01211,0.02106,0.000636,1.429e-06,0.001973,0.37446,0
157,4.47,DS,0,-0.01378,0.00613,-0.0143,realized,0.02486,-0.01115,0.02033,0.000619,1.355e-06,0.001961,0.374284,0
158,4.48,DS,0,-0.01483,0.00521,-0.01357,realized,0.02594,-0.01022,0.01959,0.000603,1.283e-06,0.001947,0.374111,0
159,4.49,DS,0,-0.01578,0.00433,-0.01284,realized,0.02692,-0.00934,0.01886,0.000587,1.214e-06,0.001931,0.373941,0
160,4.5,DS,0,-0.01665,0.0035,-0.01211,realized,0.0278,-0.0085,0.01813,0.000573,1.147e-06,0.001913,0.373774,0
161,4.51,DS,0,-0.01742,0.0027,-0.01139,realized,0.02859,-0.0077,0.01741,0.000558,1.083e-06,0.001892,0.37361,0
162,4.52,DS,0,-0.01811,0.00195,-0.01069,realized,0.0293,-0.00694,0.0167,0.000545,1.021e-06,0.00187,0.373449,0
163,4.53,DS,0,-0.01871,0.00124,-0.01,realized,0.02992,-0.00622,0.016,0.000532,9.62e-07,0.001846,0.373291,0
164,4.54,DS,0,-0.01924,0.00057,-0.00932,realized,0.03046,-0.00555,0.01532,0.000519,9.05e-07,0.00182,0.373136,0
165,4.55,DS,0,-0.01969,-6e-05,-0.00867,realized,0.03093,-0.00491,0.01467,0.000507,8.51e-07,0.001793,0.372984,0
166,4.56,DS,0,-0.02008,-0.00065,-0.00803,realized,0.03132,-0.00431,0.01403,0.000495,7.99e-07,0.001765,0.372836,0
167,4.57,DS,0,-0.02039,-0.0012,-0.00742,realized,0.03165,-0.00376,0.01341,0.000483,7.49e-07,0.001735,0.37269,0
168,4.58,DS,0,-0.02064,-0.00171,-0.00682,realized,0.03191,-0.00324,0.01281,0.000471,7.01e-07,0.001704,0.372548,0
169,4.59,DS,0,-0.02084,-0.00219,-0.00626,realized,0.03211,-0.00276,0.01224,0.00046,6.55e-07,0.001673,0.372409,0
170,4.6,DS,0,-0.02097,-0.00263,-0.00571,realized,0.03226,-0.00231,0.01169,0.000449,6.12e-07,0.00164,0.372272,1
171,4.61,SS,1,-0.07923,-0.72335,1.12436,planned,0.22227,0.25853,-0.25347,0.019528,5.6467e-05,0.01527,0.375657,0
172,4.71,SS,1,0.04796,-0.79885,1.31531,planned,0.14186,0.35746,-0.49768,0.023143,0.000197239,0.028635,0.390193,0
173,4.81,SS,1,0.15185,-0.86205,1.51122,planned,0.10646,0.47456,-0.72046,0.030046,0.000545712,0.039583,0.417665,0
174,4.91,SS,1,0.22263,-0.90675,1.61066,planned,0.11792,0.54676,-0.83432,0.036438,0.001250389,0.049959,0.454114,0
175,5.01,SS,1,0.28547,-0.99414,1.77704,planned,0.11397,0.63874,-0.98814,0.044653,0.002506126,0.05994,0.498164,0
176,5.11,SS,1,0.34521,-1.08255,1.93556,planned,0.10327,0.7363,-1.15088,0.053273,0.004518813,0.069647,0.552009,0
177,5.21,SS,1,0.39987,-1.15276,2.06,planned,0.10144,0.81198,-1.27655,0.062786,0.007498778,0.079165,0.614137,0
178,5.31,SS,1,0.45147,-1.20673,2.15275,planned,0.10006,0.88132,-1.39111,0.073388,0.011652532,0.088484,0.683382,0
179,5.41,SS,1,0.50097,-1.2455,2.21584,planned,0.09856,0.9438,-1.49464,0.08475,0.017170206,0.097595,0.759259,0
180,5.51,SS,1,0.54744,-1.28072,2.2677,planned,0.09896,0.99953,-1.58605,0.096799,0.024233719,0.106476,0.84111,0
181,5.61,SS,1,0.58984,-1.3394,2.35133,planned,0.10036,1.05448,-1.67436,0.109481,0.033035906,0.11512,0.92862,0
182,5.71,SS,1,0.62956,-1.38192,2.40372,planned,0.1027,1.0983,-1.74551,0.122518,0.043698547,0.123508,1.021077,0
183,5.81,SS,1,0.66641,-1.40867,2.42517,planned,0.10626,1.1335,-1.80203,0.135811,0.056308743,0.131604,1.117636,0
184,5.91,SS,1,0.70045,-1.42061,2.41681,planned,0.1105,1.1608,-1.84533,0.149185,0.070915837,0.139364,1.217588,0
185,6.01,SS,1,0.7316,-1.41853,2.37974,planned,0.11548,1.18038,-1.87567,0.162496,0.087531195,0.146746,1.320247,0
186,6.11,SS,1,0.75967,-1.42823,2.35535,planned,0.12086,1.198,-1.90109,0.175686,0.106183488,0.153731,1.425244,0
187,6.21,SS,1,0.78456,-1.43825,2.32539,planned,0.12633,1.20971,-1.91663,0.188562,0.126841727,0.160291,1.532145,0
188,6.31,SS,1,0.80608,-1.43537,2.26893,planned,0.13211,1.21306,-1.91866,0.201025,0.149407507,0.166394,1.640271,0
189,6.41,SS,1,0.82417,-1.42064,2.18743,planned,0.13797,1.20946,-1.9091,0.213009,0.173749289,0.172006,1.748967,0
190,6.51,SS,1,0.83882,-1.39512,2.08252,planned,0.14372,1.19945,-1.88886,0.22443,0.199704397,0.177095,1.857652,0
191,6.61,SS,1,0.85007,-1.36145,1.95848,planned,0.14927,1.18377,-1.85906,0.235233,0.227088036,0.181635,1.965797,0
192,6.71,SS,1,0.8591,-1.34302,1.8538,planned,0.15412,1.16792,-1.8272,0.245399,0.255769852,0.185634,2.073175,0
193,6.81,SS,1,0.86451,-1.31565,1.72972,planned,0.1583,1.14466,-1.7842,0.254796,0.285504924,0.189066,2.17933,0
194,6.91,SS,1,0.86618,-1.28017,1.58791,planned,0.16215,1.11589,-1.73206,0.263456,0.316034273,0.191927,2.283697,0
195,7.01,SS,1,0.86417,-1.23773,1.43019,planned,0.16532,1.08232,-1.67211,0.271342,0.347085288,0.194208,2.38583,0
196,7.11,SS,1,0.85855,-1.18927,1.25847,planned,0.16784,1.04419,-1.60478,0.278444,0.378375898,0.195912,2.485306,0
197,7.21,SS,1,0.85055,-1.14185,1.08527,planned,0.16942,1.00347,-1.53281,0.284767,0.409648741,0.197057,2.581811,0
198,7.31,SS,1,0.8404,-1.09651,0.91322,planned,0.16988,0.96001,-1.45635,0.290303,0.440643498,0.197663,2.675078,0
199,7.41,SS,1,0.8268,-1.04687,0.73198,planned,0.16949,0.91223,-1.37348,0.295059,0.471061961,0.197745,2.764754,0
200,7.51,SS,1,0.80982,-0.99378,0.54334,planned,0.1683,0.86112,-1.28548,0.29906,0.500612643,0.197332,2.850504,0
201,7.61,SS,1,0.78961,-0.93805,0.34912,planned,0.16624,0.80699,-1.19299,0.302328,0.529012464,0.196453,2.93204,0
202,7.71,SS,1,0.76634,-0.88043,0.15111,planned,0.1633,0.75017,-1.09661,0.304892,0.555989875,0.195148,3.009099,0
203,7.81,SS,1,0.74291,-0.82167,-0.04617,planned,0.15905,0.69139,-0.99737,0.306776,0.581302374,0.193461,3.081464,0
204,7.91,SS,1,0.71712,-0.76192,-0.24365,planned,0.15372,0.63033,-0.89527,0.308009,0.60470772,0.19142,3.148932,0
205,8.01,SS,1,0.68866,-0.70175,-0.43996,planned,0.14751,0.56752,-0.79095,0.308622,0.625981377,0.189065,3.211319,0
206,8.11,SS,1,0.65768,-0.64177,-0.63347,planned,0.14039,0.50326,-0.68496,0.308647,0.644920453,0.186439,3.268467,0
207,8.21,SS,1,0.62435,-0.58249,-0.82254,planned,0.13237,0.43794,-0.57791,0.308111,0.661345175,0.18358,3.320244,0
208,8.31,SS,1,0.5898,-0.52076,-1.0103,planned,0.12324,0.37148,-0.46967,0.30699,0.67508705,0.180503,3.366532,0
209,8.41,SS,1,0.55549,-0.45197,-1.20133,planned,0.11284,0.30232,-0.35882,0.305345,0.685988676,0.17724,3.407132,0
210,8.51,SS,1,0.51927,-0.3853,-1.38291,planned,0.10169,0.23327,-0.24874,0.303233,0.693958968,0.173829,3.441954,0
211,8.61,SS,1,0.48119,-0.32125,-1.55367,planned,0.08967,0.16402,-0.13942,0.300689,0.698932081,0.170292,3.470966,0
212,8.71,SS,1,0.44133,-0.26023,-1.71217,planned,0.07701,0.09402,-0.0304,0.2978,0.700870081,0.166685,3.49411,0
213,8.81,SS,1,0.39981,-0.20277,-1.85729,planned,0.06393,0.02313,0.07829,0.294689,0.699763872,0.16308,3.511312,0
214,8.91,SS,1,0.3588,-0.13259,-2.01238,planned,0.05036,-0.05146,0.19015,0.291417,0.695556569,0.159508,3.522373,0
215,9.01,SS,1,0.31736,-0.06106,-2.16116,planned,0.03681,-0.125,0.29991,0.288031,0.688288096,0.156016,3.527212,0
216,9.11,SS,1,0.27496,0.004,-2.29248,planned,0.02266,-0.19453,0.40388,0.284342,0.678057734,0.152506,3.526058,0
217,9.21,SS,1,0.23179,0.06251,-2.40435,planned,0.00777,-0.26308,0.50498,0.280291,0.664984539,0.148927,3.519076,0
218,9.31,SS,1,0.1879,0.1144,-2.49546,planned,-0.00735,-0.33065,0.60339,0.275923,0.649212709,0.145316,3.506321,0
219,9.41,SS,1,0.14361,0.1636,-2.57158,planned,-0.02283,-0.39741,0.6993,0.27119,0.630888057,0.141648,3.487872,0
220,9.51,SS,1,0.10058,0.23539,-2.67047,planned,-0.03812,-0.47027,0.80112,0.266206,0.610066005,0.137966,3.463437,0
221,9.61,SS,1,0.05733,0.29785,-2.74511,planned,-0.05313,-0.53769,0.89533,0.260954,0.587004394,0.134299,3.433163,0
222,9.71,SS,1,0.01409,0.35066,-2.79493,planned,-0.06822,-0.60253,0.9843,0.255432,0.56196266,0.130606,3.397316,0
223,9.81,SS,1,-0.02902,0.39363,-2.81911,planned,-0.08283,-0.6643,1.06801,0.249641,0.535211222,0.126904,3.356101,0
224,9.91,SS,1,-0.07182,0.42651,-2.81733,planned,-0.09695,-0.72295,1.14626,0.243574,0.507028127,0.123202,3.309739,0
225,10.01,SS,1,-0.11364,0.4723,-2.82621,planned,-0.11012,-0.78403,1.22626,0.237245,0.477594352,0.119521,3.258161,0
226,10.11,SS,1,-0.15415,0.52612,-2.83949,planned,-0.12222,-0.84419,1.30432,0.230646,0.447148939,0.115898,3.201366,0
227,10.21,SS,1,-0.19324,0.56666,-2.82456,planned,-0.13365,-0.89823,1.37349,0.223779,0.416037577,0.112327,3.139702,0
228,10.31,SS,1,-0.23067,0.5939,-2.78142,planned,-0.14423,-0.94739,1.43508,0.216658,0.384590157,0.108796,3.073543,0
229,10.41,SS,1,-0.26624,0.60786,-2.7102,planned,-0.15381,-0.99145,1.48904,0.209295,0.353123582,0.105314,3.003246,0
230,10.51,SS,1,-0.29971,0.60857,-2.6113,planned,-0.16239,-1.03038,1.53527,0.201713,0.321939118,0.101881,2.929176,0
231,10.61,SS,1,-0.33164,0.64452,-2.56586,planned,-0.16902,-1.07586,1.58934,0.193884,0.291139213,0.098526,2.85107,0
232,10.71,SS,1,-0.36067,0.66698,-2.49595,planned,-0.17448,-1.11197,1.6313,0.185863,0.261053897,0.095274,2.769315,0
233,10.81,SS,1,-0.38643,0.67355,-2.39827,planned,-0.1791,-1.14109,1.66301,0.177674,0.231981302,0.092059,2.684484,0
234,10.91,SS,1,-0.4088,0.66474,-2.27333,planned,-0.18255,-1.1631,1.68471,0.169381,0.204183481,0.088869,2.59709,0
235,11.01,SS,1,-0.42769,0.64105,-2.12226,planned,-0.18491,-1.17802,1.69631,0.161044,0.177885319,0.085683,2.507659,0
236,11.11,SS,1,-0.44393,0.62399,-1.98276,planned,-0.18581,-1.19098,1.70475,0.152659,0.153212295,0.082488,2.416441,0
237,11.21,SS,1,-0.45801,0.62876,-1.88284,planned,-0.1849,-1.2039,1.71316,0.144206,0.130242411,0.079287,2.32349,0
238,11.31,SS,1,-0.46781,0.61704,-1.7583,planned,-0.18294,-1.20566,1.7068,0.135844,0.109156124,0.076054,2.229445,0
239,11.41,SS,1,-0.47321,0.58978,-1.61091,planned,-0.1801,-1.19841,1.68768,0.127578,0.090074746,0.072726,2.13505,0
240,11.51,SS,1,-0.47426,0.5482,-1.44214,planned,-0.17623,-1.18223,1.65602,0.119528,0.07306809,0.069285,2.040995,0
241,11.61,SS,1,-0.471,0.49343,-1.25404,planned,-0.17139,-1.15722,1.6119,0.111801,0.058156978,0.065714,1.947974,0
242,11.71,SS,1,-0.4671,0.47641,-1.13883,planned,-0.16456,-1.13599,1.5725,0.104201,0.045229512,0.062014,1.855988,0
243,11.81,SS,1,-0.45968,0.46018,-1.03265,planned,-0.15627,-1.10496,1.52061,0.096861,0.034248107,0.058173,1.765568,0
244,11.91,SS,1,-0.44745,0.43095,-0.91157,planned,-0.14717,-1.06261,1.45284,0.089772,0.02515423,0.054151,1.677616,0
245,12.01,SS,1,-0.43047,0.39058,-0.77799,planned,-0.13704,-1.00988,1.37027,0.083042,0.017838471,0.049944,1.592997,0
246,12.11,SS,1,-0.40887,0.34086,-0.63486,planned,-0.12584,-0.94696,1.27314,0.076748,0.012149272,0.045556,1.512564,0
247,12.21,SS,1,-0.38152,0.29105,-0.49516,planned,-0.11371,-0.87575,1.16361,0.070899,0.007897188,0.040996,1.437078,0
248,12.31,SS,1,-0.34433,0.26736,-0.39445,planned,-0.10107,-0.80135,1.04763,0.065329,0.004861761,0.036286,1.367026,0
249,12.41,SS,1,-0.30275,0.23828,-0.2931,planned,-0.08692,-0.71459,0.91512,0.06002,0.002832883,0.031458,1.30332,0
250,12.51,SS,1,-0.25678,0.2059,-0.19488,planned,-0.07131,-0.61747,0.76786,0.054912,0.001588923,0.026586,1.246886,0
251,12.61,SS,1,-0.20644,0.17244,-0.10377,planned,-0.05417,-0.50997,0.60583,0.049952,0.000910262,0.02183,1.198639,0
252,12.71,SS,1,-0.15166,0.14011,-0.02404,planned,-0.03542,-0.39257,0.42952,0.045111,0.000593348,0.01756,1.159484,0
253,12.81,SS,1,-0.09238,0.11114,0.0398,planned,-0.01439,-0.26712,0.24098,0.040813,0.00046618,0.014527,1.130229,0
254,12.91,SS,1,-0.02845,0.08732,0.08237,planned,0.0084,-0.12974,0.04118,0.036741,0.000403413,0.013999,1.111753,0
255,13.02,DS,1,0.25829,0.09071,0.55143,realized,-0.25348,-0.10501,-0.52794,0.111486,0.008098518,0.160986,1.113664,0
256,13.03,DS,1,1.5564,1.86236,-0.45483,realized,-1.18719,-1.96766,0.63081,0.122882,0.015200156,0.232067,1.105788,0
257,13.04,DS,1,-0.3756,0.60195,-1.59055,realized,0.6138,-0.67137,1.71277,0.140134,0.01709702,0.244276,1.09666,0
258,13.05,DS,1,-1.78801,0.2526,-2.9228,realized,1.91129,-0.29098,2.9876,0.163379,0.01596031,0.223978,1.083135,0
259,13.06,DS,1,-2.3837,0.07836,-3.19104,realized,2.4314,-0.09454,3.22318,0.178166,0.013702747,0.191358,1.069305,0
260,13.07,DS,1,-2.42277,0.20232,-3.27326,realized,2.42622,-0.20683,3.28826,0.179222,0.011280226,0.15628,1.055103,0
261,13.08,DS,1,-2.15518,0.28614,-3.0264,realized,2.13489,-0.28569,3.03623,0.168476,0.009051931,0.125134,1.041894,0
262,13.09,DS,1,-1.75957,0.37243,-2.73441,realized,1.72866,-0.37196,2.74522,0.149289,0.007136042,0.100253,1.02973,0
263,13.1,DS,1,-1.34139,0.38978,-2.36002,realized,1.30763,-0.39166,2.37512,0.126703,0.005646762,0.082895,1.01905,0
264,13.11,DS,1,-1.00029,0.3264,-1.99343,realized,0.97271,-0.33197,2.01493,0.104639,0.004556353,0.0718,1.01,0
265,13.12,DS,1,-0.75088,0.23053,-1.67759,realized,0.73198,-0.2396,1.70479,0.083825,0.003715349,0.063939,1.002459,0
266,13.13,DS,1,-0.512,0.19085,-1.38823,realized,0.49457,-0.20174,1.4173,0.065167,0.003069816,0.057829,0.996161,0
267,13.14,DS,1,-0.27149,0.17173,-1.07297,realized,0.25088,-0.18321,1.10127,0.051107,0.00260809,0.053307,0.991149,0
268,13.15,DS,1,-0.03527,0.14423,-0.71704,realized,0.01188,-0.15601,0.74398,0.045188,0.002319564,0.050337,0.987606,0
269,13.16,DS,1,0.16141,0.101,-0.37852,realized,-0.18428,-0.11326,0.40452,0.046738,0.002158104,0.04854,0.985513,0
270,13.17,DS,1,0.30509,0.04578,-0.08661,realized,-0.32521,-0.05855,0.11198,0.051277,0.002067991,0.047502,0.98473,0
271,13.18,DS,1,0.39846,-0.01182,0.14765,realized,-0.41489,-0.00131,-0.12286,0.055355,0.002005061,0.046923,0.985048,0
272,13.19,DS,1,0.44868,-0.0647,0.32195,realized,-0.46116,0.05133,-0.29764,0.057637,0.001943347,0.046599,0.986222,0
273,13.2,DS,1,0.46359,-0.10849,0.43772,realized,-0.47215,0.09495,-0.41372,0.057974,0.001872501,0.046429,0.988001,0
274,13.21,DS,1,0.45237,-0.14023,0.50008,realized,-0.45737,0.12657,-0.47624,0.056652,0.001790805,0.046456,0.990137,0
275,13.22,DS,1,0.42699,-0.16241,0.52949,realized,-0.42917,0.14875,-0.50583,0.054039,0.001699891,0.046763,0.992471,0
276,13.23,DS,1,0.39801,-0.17605,0.5427,realized,-0.39826,0.16252,-0.51937,0.050506,0.00160242,0.047443,0.994914,0
277,13.24,DS,1,0.37303,-0.18265,0.55151,realized,-0.37222,0.16937,-0.52871,0.046353,0.001500915,0.048551,0.997426,0
278,13.25,DS,1,0.35592,-0.18432,0.56252,realized,-0.35475,0.17138,-0.54039,0.041792,0.00139761,0.050089,1.0,0
279,13.26,DS,1,0.34755,-0.18271,0.57801,realized,-0.34648,0.17013,-0.55665,0.037005,0.001294936,0.052017,1.002644,0
280,13.27,DS,1,0.34755,-0.17879,0.59841,realized,-0.34688,0.16657,-0.57786,0.032197,0.001195707,0.054267,1.00537,0
281,13.28,DS,1,0.35473,-0.17286,0.62239,realized,-0.35464,0.16096,-0.60263,0.027631,0.001102997,0.056736,1.008185,0
282,13.29,DS,1,0.36709,-0.16504,0.64752,realized,-0.36766,0.15338,-0.62845,0.023635,0.001019686,0.059298,1.011087,0
283,13.3,DS,1,0.38199,-0.15539,0.67047,realized,-0.38317,0.14385,-0.65194,0.020561,0.000947811,0.061809,1.014062,0
284,13.31,DS,1,0.39645,-0.14415,0.68787,realized,-0.3981,0.13261,-0.66965,0.018644,0.000888005,0.064126,1.017081,0
285,13.32,DS,1,0.40774,-0.13175,0.69713,realized,-0.40968,0.12005,-0.67895,0.017831,0.000839372,0.066136,1.020108,0
286,13.33,DS,1,0.41404,-0.11869,0.69716,realized,-0.41607,0.10673,-0.67881,0.017772,0.000799862,0.067772,1.023103,0
287,13.34,DS,1,0.41481,-0.10543,0.68877,realized,-0.41681,0.09313,-0.67007,0.018027,0.000766949,0.069015,1.02603,0
288,13.35,DS,1,0.41065,-0.09226,0.67398,realized,-0.41257,0.0796,-0.65484,0.018257,0.000738253,0.069885,1.028864,0
289,13.36,DS,1,0.40279,-0.07936,0.65531,realized,-0.40464,0.06634,-0.63572,0.018272,0.00071191,0.070421,1.031588,0
290,13.37,DS,1,0.39266,-0.06688,0.63529,realized,-0.39447,0.05354,-0.61529,0.017999,0.000686674,0.070671,1.0342,0
291,13.38,DS,1,0.38144,-0.05495,0.61583,realized,-0.38326,0.04134,-0.59549,0.017436,0.000661856,0.07068,1.036702,0
292,13.39,DS,1,0.36996,-0.04375,0.59822,realized,-0.37184,0.02989,-0.5776,0.016618,0.00063719,0.070484,1.039106,0
293,13.4,DS,1,0.3587,-0.03342,0.58311,realized,-0.36063,0.01936,-0.56229,0.015602,0.000612691,0.070112,1.041422,0
294,13.41,DS,1,0.3478,-0.02411,0.5707,realized,-0.34979,0.00988,-0.54972,0.014454,0.000588525,0.069583,1.043667,0
295,13.42,DS,1,0.33726,-0.01593,0.56085,realized,-0.33928,0.00155,-0.53976,0.013242,0.000564914,0.068915,1.045853,0
296,13.43,DS,1,0.32693,-0.00894,0.5532,realized,-0.32894,-0.00556,-0.53203,0.012035,0.00054207,0.06812,1.047992,0
297,13.44,DS,1,0.31665,-0.00317,0.54731,realized,-0.3186,-0.01145,-0.5261,0.010898,0.000520148,0.067209,1.050096,0
298,13.45,DS,1,0.30626,0.00142,0.54271,realized,-0.3081,-0.01612,-0.52148,0.00989,0.000499232,0.066194,1.052172,0
299,13.46,DS,1,0.29567,0.00487,0.53895,realized,-0.29735,-0.01965,-0.51773,0.009055,0.000479329,0.065085,1.054229,0
300,13.47,DS,1,0.28481,0.00727,0.53565,realized,-0.28631,-0.0221,-0.51444,0.008419,0.000460384,0.063896,1.056269,0
301,13.48,DS,1,0.27372,0.00872,0.53249,realized,-0.275,-0.0236,-0.51131,0.00798,0.000442295,0.062637,1.058296,0
302,13.49,DS,1,0.26246,0.00935,0.52922,realized,-0.26349,-0.02426,-0.50807,0.007712,0.000424935,0.061323,1.060312,0
303,13.5,DS,1,0.25112,0.00927,0.52567,realized,-0.25191,-0.02419,-0.50457,0.007572,0.000408172,0.059966,1.062317,0
304,13.51,DS,1,0.23984,0.00861,0.5217,realized,-0.24037,-0.02353,-0.50066,0.00751,0.000391883,0.058579,1.064311,1
305,13.52,SS,2,0.93076,-1.40552,4.91991,planned,-0.68782,0.77603,-2.43075,0.069053,0.000854599,0.040281,1.125258,0
306,13.62,SS,2,1.04578,-1.45436,4.99979,planned,-0.9631,1.32958,-3.69478,0.099918,0.006254774,0.078341,1.261893,0
307,13.72,SS,2,1.03644,-1.32226,4.99998,planned,-1.16024,1.76853,-4.74284,0.174444,0.0250663,0.114362,1.459741,0
308,13.82,SS,2,0.96558,-1.17205,4.99999,planned,-1.20726,2.10556,-5.0,0.265548,0.065145763,0.157677,1.698567,0
309,13.92,SS,2,0.82549,-0.99352,4.99999,planned,-0.99891,2.23352,-5.0,0.370533,0.130492159,0.203108,1.944284,0
310,14.02,SS,2,0.66842,-0.8496,4.99999,planned,-0.86694,2.39178,-5.0,0.478569,0.222223999,0.248206,2.194806,0
311,14.12,SS,2,0.49978,-0.75102,4.99999,planned,-0.76032,2.51688,-5.0,0.580455,0.338337611,0.296978,2.450037,0
312,14.22,SS,2,0.30285,-0.68768,5.0,planned,-0.67108,2.60488,-5.0,0.67188,0.474192752,0.345859,2.709163,0
313,14.32,SS,2,0.08319,-0.65552,5.0,planned,-0.61832,2.66427,-5.0,0.749602,0.62338923,0.392715,2.971723,0
314,14.42,SS,2,-0.15987,-0.63983,5.0,planned,-0.60508,2.69104,-5.0,0.811716,0.77857202,0.435017,3.237316,0
315,14.52,SS,2,-0.42209,-0.60992,5.0,planned,-0.64143,2.66797,-5.0,0.857606,0.93250256,0.469469,3.505378,0
316,14.62,SS,2,-0.70202,-0.54071,4.99999,planned,-0.86854,2.60762,-5.0,0.887003,1.082704246,0.501363,3.775593,0
317,14.72,SS,2,-1.01185,-0.33752,4.99999,planned,-1.09998,2.45516,-5.0,0.900645,1.220928643,0.529475,4.047372,0
318,14.82,SS,2,-1.36726,0.01944,4.97434,planned,-0.92776,2.02328,-3.7477,0.895641,1.3292046,0.565627,4.297204,0
319,14.92,SS,2,-1.80871,0.58293,4.40213,planned,-0.42636,1.37244,-2.07513,0.900438,1.388203932,0.578003,4.468498,0
320,15.02,SS,2,-2.1373,1.13588,3.76878,planned,-0.07682,0.7766,-0.5929,0.906499,1.391774433,0.575131,4.561922,0
321,15.12,SS,2,-2.36678,1.70249,3.05518,planned,0.33263,0.17754,0.99077,0.902305,1.338721748,0.567511,4.583083,0
322,15.22,SS,2,-2.50163,2.21183,2.43768,planned,0.50172,-0.52821,2.02076,0.896262,1.23379706,0.533271,4.52987,0
323,15.32,SS,2,-2.53757,2.64864,1.62979,planned,0.74122,-1.18124,3.2051,0.869551,1.086512475,0.495426,4.415069,0
324,15.42,SS,2,-2.52086,2.97414,0.89364,planned,0.91607,-1.81421,4.16182,0.825918,0.910778248,0.444693,4.240135,0
325,15.52,SS,2,-2.44646,3.21251,0.02566,planned,1.01538,-2.39026,4.92559,0.761942,0.722365862,0.386462,4.014536,0
326,15.62,SS,2,-2.29958,3.29701,-0.75393,planned,0.90682,-2.80577,5.0,0.68329,0.540721137,0.32258,3.767329,0
327,15.72,SS,2,-2.09978,3.24591,-1.52321,planned,0.75252,-3.12566,4.95667,0.587077,0.380100205,0.268688,3.511651,0
328,15.82,SS,2,-1.89359,3.07295,-2.22155,planned,0.66266,-3.34857,4.96267,0.492152,0.249959846,0.233207,3.248651,0
329,15.92,SS,2,-1.67821,2.79125,-2.84088,planned,0.54679,-3.41068,4.91721,0.418243,0.155319995,0.223362,2.982241,0
330,16.02,SS,2,-1.46703,2.44887,-3.28198,planned,0.55739,-3.28658,4.90753,0.372659,0.09318688,0.226397,2.715681,0
331,16.12,SS,2,-1.26133,2.0614,-3.51119,planned,0.69109,-2.93428,4.92717,0.352098,0.056827251,0.227107,2.451426,0
332,16.22,SS,2,-1.04716,1.64753,-3.51054,planned,0.93735,-2.33956,4.92479,0.339218,0.037123346,0.213171,2.192693,0
333,16.32,SS,2,-0.81543,1.23075,-3.2517,planned,0.76426,-1.27419,3.21828,0.324188,0.027215117,0.196012,1.985664,0
334,16.42,SS,2,-0.59321,0.86313,-2.98346,planned,0.6784,-0.81199,2.82921,0.287042,0.020237869,0.149905,1.832695,0
335,16.52,SS,2,-0.45319,0.67699,-2.46169,planned,0.64004,-0.6596,2.46169,0.264128,0.014886015,0.124708,1.700178,0
336,16.62,SS,2,-0.36006,0.5124,-2.11541,planned,0.53252,-0.55304,2.12217,0.244618,0.010942975,0.102817,1.584569,0
337,16.72,SS,2,-0.29005,0.37217,-1.79585,planned,0.44402,-0.49003,1.81927,0.228029,0.008162156,0.082282,1.483709,0
338,16.82,SS,2,-0.23392,0.2481,-1.49063,planned,0.36437,-0.436,1.53913,0.214181,0.006280312,0.06472,1.395848,0
339,16.92,SS,2,-0.18627,0.13496,-1.21365,planned,0.28985,-0.38539,1.27708,0.202583,0.005053919,0.049736,1.32006,0
340,17.02,SS,2,-0.14561,0.03243,-0.96149,planned,0.22098,-0.33519,1.03521,0.193034,0.004281645,0.037075,1.255508,0
341,17.13,DS,2,0.64468,0.39066,0.96489,realized,-0.62641,-0.40337,-0.94068,0.20226,0.014480172,0.114654,1.258849,0
342,17.14,DS,2,1.48238,4.25999,-5.0,realized,-1.00277,-3.92574,5.0,0.208397,0.022554522,0.152943,1.228182,0
343,17.15,DS,2,0.02649,2.65193,-5.0,realized,0.16921,-2.6865,5.0,0.224327,0.023600843,0.147971,1.199877,0
344,17.16,DS,2,-1.46583,1.01252,-5.0,realized,1.51989,-1.16329,5.0,0.233641,0.021175113,0.128072,1.174501,0
345,17.17,DS,2,-2.28264,-0.08118,-5.0,realized,2.27246,-0.07371,5.0,0.232661,0.017779669,0.108343,1.151508,0
346,17.18,DS,2,-2.51819,-0.67368,-5.0,realized,2.48662,0.55241,5.0,0.223031,0.014470571,0.094919,1.13023,0
347,17.19,DS,2,-2.4172,-0.91777,-5.0,realized,2.38583,0.83644,4.97297,0.205662,0.011562618,0.088394,1.110179,0
348,17.2,DS,2,-2.19338,-0.95575,-5.0,realized,2.17251,0.9089,4.96187,0.181163,0.009118283,0.086579,1.090818,0
349,17.21,DS,2,-1.96572,-0.87864,-5.0,realized,1.95908,0.8578,4.96155,0.152437,0.007172577,0.087232,1.071762,0
350,17.22,DS,2,-1.79054,-0.77444,-5.0,realized,1.79742,0.77146,4.96646,0.123329,0.005730583,0.088684,1.05285,0
351,17.23,DS,2,-1.687,-0.70336,-5.0,realized,1.70514,0.71219,4.97291,0.097019,0.004734092,0.089166,1.034116,0
352,17.24,DS,2,-0.85074,-0.6309,-2.20781,realized,0.87692,0.64868,2.18409,0.080176,0.004153197,0.085354,1.026927,0
353,17.25,DS,2,-0.46902,-0.50258,-0.53606,realized,0.49956,0.50954,0.52665,0.076893,0.003763821,0.079919,1.026133,0
354,17.26,DS,2,-0.26977,-0.46742,0.62896,realized,0.30032,0.47022,-0.63399,0.080532,0.003464463,0.073028,1.029925,0
355,17.27,DS,2,-0.11125,-0.44883,1.53027,realized,0.14044,0.44975,-1.53488,0.084639,0.003208655,0.065849,1.037304,0
356,17.28,DS,2,0.01631,-0.43588,2.17383,realized,0.0104,0.43452,-2.17716,0.086334,0.002969431,0.059475,1.04726,0
357,17.29,DS,2,0.1131,-0.42286,2.57047,realized,-0.08904,0.41917,-2.57163,0.085384,0.002739822,0.054523,1.05881,0
358,17.3,DS,2,0.1711,-0.41121,2.74385,realized,-0.14907,0.40545,-2.74232,0.081786,0.002520526,0.051149,1.071062,0
359,17.31,DS,2,0.19838,-0.40471,2.7484,realized,-0.17796,0.39748,-2.74442,0.074211,0.002305979,0.049247,1.083345,0
360,17.32,DS,2,0.24761,-0.41083,2.7357,realized,-0.22946,0.40258,-2.72952,0.0659,0.002107964,0.048105,1.095634,0
361,17.33,DS,2,0.2978,-0.39815,2.68145,realized,-0.28159,0.38892,-2.67364,0.057986,0.001929276,0.047533,1.107706,0
362,17.34,DS,2,0.34798,-0.3719,2.61131,realized,-0.33343,0.36225,-2.60278,0.05111,0.001769107,0.047408,1.119461,0
363,17.35,DS,2,0.39819,-0.33724,2.54123,realized,-0.38508,0.32759,-2.53268,0.04557,0.00162502,0.047641,1.130877,0
364,17.36,DS,2,0.44764,-0.29727,2.47614,realized,-0.43576,0.28791,-2.46807,0.040701,0.001490988,0.048119,1.141961,0
365,17.37,DS,2,0.50193,-0.25434,2.41328,realized,-0.49146,0.24523,-2.40545,0.035846,0.001361504,0.048582,1.152716,0
366,17.38,DS,2,0.55548,-0.21465,2.32756,realized,-0.54671,0.20537,-2.31905,0.031472,0.001237218,0.048785,1.16305,0
367,17.39,DS,2,0.60345,-0.17736,2.2162,realized,-0.59621,0.16786,-2.20677,0.02798,0.001119328,0.048589,1.17286,0
368,17.4,DS,2,0.64264,-0.14295,2.08272,realized,-0.63663,0.1332,-2.07224,0.025632,0.001009072,0.04796,1.182055,0
369,17.41,DS,2,0.6719,-0.1115,1.93472,realized,-0.66681,0.10151,-1.92312,0.024444,0.000907282,0.046938,1.190577,0
370,17.42,DS,2,0.69195,-0.0824,1.78095,realized,-0.68751,0.07219,-1.76829,0.024168,0.000814298,0.045611,1.198402,0
371,17.43,DS,2,0.70402,-0.05505,1.6291,realized,-0.69998,0.04464,-1.61545,0.024414,0.000730045,0.04409,1.205537,0
372,17.44,DS,2,0.70942,-0.02896,1.48524,realized,-0.70559,0.01836,-1.47071,0.024809,0.00065416,0.042482,1.212015,0
373,17.45,DS,2,0.70953,-0.00372,1.35381,realized,-0.70575,-0.00706,-1.33855,0.025081,0.000586103,0.040885,1.217886,0
374,17.46,DS,2,0.70556,0.02104,1.23754,realized,-0.70172,-0.03198,-1.2217,0.025073,0.000525245,0.039368,1.223213,0
375,17.47,DS,2,0.69856,0.04552,1.13765,realized,-0.69459,-0.05663,-1.12136,0.024718,0.000470938,0.037977,1.228063,0
376,17.48,DS,2,0.68937,0.06979,1.05414,realized,-0.68523,-0.08108,-1.03752,0.024018,0.000422548,0.036728,1.232505,0
377,17.49,DS,2,0.67861,0.09378,0.98601,realized,-0.67428,-0.10526,-0.96917,0.023022,0.00037948,0.035614,1.236603,0
378,17.5,DS,2,0.66685,0.11737,0.93157,realized,-0.66232,-0.12905,-0.91459,0.021803,0.000341176,0.034611,1.240416,0
379,17.51,DS,2,0.65441,0.14034,0.8886,realized,-0.64969,-0.15225,-0.87154,0.020441,0.000307111,0.033687,1.243994,0
380,17.52,DS,2,0.64141,0.16241,0.85463,realized,-0.63652,-0.17456,-0.83751,0.019012,0.000276802,0.032807,1.247375,0
381,17.53,DS,2,0.62785,0.18332,0.82724,realized,-0.6228,-0.19574,-0.81006,0.017586,0.000249799,0.031936,1.250592,0
382,17.54,DS,2,0.61374,0.20289,0.80417,realized,-0.60854,-0.2156,-0.78692,0.016216,0.000225695,0.031049,1.253665,0
383,17.55,DS,2,0.59908,0.221,0.78349,realized,-0.59374,-0.23401,-0.76616,0.014943,0.00020412,0.030126,1.256606,0
384,17.56,DS,2,0.58392,0.23757,0.76364,realized,-0.57844,-0.25089,-0.74621,0.013788,0.000184751,0.029156,1.259424,0
385,17.57,DS,2,0.56831,0.25259,0.74346,realized,-0.5627,-0.2662,-0.72589,0.012759,0.000167307,0.028136,1.26212,0
386,17.58,DS,2,0.55234,0.26605,0.72213,realized,-0.54661,-0.27996,-0.7044,0.011847,0.000151552,0.027067,1.264692,0
387,17.59,DS,2,0.5361,0.27799,0.69916,realized,-0.53024,-0.29218,-0.68124,0.01104,0.00013729,0.025957,1.267136,0
388,17.6,DS,2,0.51968,0.28845,0.67431,realized,-0.5137,-0.3029,-0.65618,0.010318,0.000124359,0.024816,1.269447,0
389,17.61,DS,2,0.50316,0.29748,0.64755,realized,-0.49704,-0.31217,-0.62921,0.009663,0.000112627,0.023653,1.27162,0
390,17.62,DS,2,0.48659,0.30513,0.61902,realized,-0.48034,-0.32003,-0.60045,0.009062,0.000101985,0.022481,1.27365,0
391,17.63,DS,2,0.47005,0.31145,0.58898,realized,-0.46366,-0.32655,-0.57017,0.008502,9.2343e-05,0.021312,1.275534,0
392,17.64,DS,2,0.45357,0.3165,0.55773,realized,-0.44704,-0.33176,-0.53869,0.007979,8.362e-05,0.020156,1.277267,0
393,17.65,DS,2,0.4372,0.32032,0.52566,realized,-0.43051,-0.33573,-0.50638,0.007488,7.5744e-05,0.019021,1.27885,0
394,17.66,DS,2,0.42097,0.32298,0.49314,realized,-0.41412,-0.33851,-0.47362,0.007029,6.8649e-05,0.017916,1.280282,0
395,17.67,DS,2,0.40492,0.32451,0.46055,realized,-0.3979,-0.34015,-0.44081,0.006603,6.2271e-05,0.016847,1.281566,0
396,17.68,DS,2,0.38908,0.32499,0.42825,realized,-0.38189,-0.34071,-0.40829,0.00621,5.6551e-05,0.015818,1.282705,0
397,17.69,DS,2,0.37348,0.32448,0.39657,realized,-0.36612,-0.34026,-0.37639,0.005849,5.1428e-05,0.014833,1.283702,0
398,17.7,DS,2,0.35815,0.32303,0.36577,realized,-0.35061,-0.33887,-0.34539,0.00552,4.6848e-05,0.013894,1.284565,0
399,17.71,DS,2,0.34312,0.32071,0.33608,realized,-0.33539,-0.3366,-0.31552,0.005221,4.2758e-05,0.013001,1.285299,0
400,17.72,DS,2,0.32839,0.3176,0.3077,realized,-0.32047,-0.33351,-0.28695,0.004949,3.9107e-05,0.012155,1.285911,0
401,17.73,DS,2,0.31399,0.31375,0.28073,realized,-0.30588,-0.32969,-0.25982,0.0047,3.585e-05,0.011354,1.28641,0
402,17.74,DS,2,0.29993,0.30924,0.25527,realized,-0.29163,-0.32519,-0.2342,0.004471,3.2944e-05,0.010599,1.286803,0
403,17.75,DS,2,0.2862,0.30413,0.23135,realized,-0.27772,-0.32008,-0.21013,0.00426,3.0351e-05,0.009886,1.287097,0
404,17.76,DS,2,0.27282,0.29848,0.20898,realized,-0.26415,-0.31443,-0.18762,0.004062,2.8035e-05,0.009214,1.287301,0
405,17.77,DS,2,0.25979,0.29235,0.18813,realized,-0.25093,-0.3083,-0.16665,0.003876,2.5965e-05,0.008581,1.287423,0
406,17.78,DS,2,0.24709,0.28581,0.16876,realized,-0.23805,-0.30175,-0.14715,0.0037,2.4113e-05,0.007985,1.287468,0
407,17.79,DS,2,0.23473,0.27889,0.15079,realized,-0.22551,-0.29482,-0.12907,0.003533,2.2456e-05,0.007425,1.287445,0
408,17.8,DS,2,0.22271,0.27165,0.13415,realized,-0.21331,-0.28757,-0.11232,0.003375,2.097e-05,0.006898,1.28736,0
409,17.81,DS,2,0.21101,0.26414,0.11874,realized,-0.20144,-0.28004,-0.09681,0.003225,1.9637e-05,0.006404,1.287218,0
410,17.82,DS,2,0.19963,0.25639,0.10448,realized,-0.18989,-0.27227,-0.08245,0.003084,1.844e-05,0.00594,1.287026,0
411,17.83,DS,2,0.18857,0.24845,0.09127,realized,-0.17866,-0.26431,-0.06915,0.002952,1.7363e-05,0.005508,1.286787,0
412,17.84,DS,2,0.17782,0.24035,0.07903,realized,-0.16775,-0.25619,-0.05682,0.002829,1.6394e-05,0.005105,1.286507,0
413,17.85,DS,2,0.16738,0.23213,0.06765,realized,-0.15714,-0.24794,-0.04536,0.002713,1.5521e-05,0.004734,1.28619,0
414,17.86,DS,2,0.15724,0.22381,0.05707,realized,-0.14685,-0.23959,-0.0347,0.002606,1.4733e-05,0.004394,1.285839,0
415,17.87,DS,2,0.1474,0.21542,0.04721,realized,-0.13686,-0.23118,-0.02476,0.002507,1.402e-05,0.004086,1.285458,0
416,17.88,DS,2,0.13786,0.20698,0.03799,realized,-0.12716,-0.22271,-0.01548,0.002415,1.3374e-05,0.003812,1.285049,0
417,17.89,DS,2,0.12861,0.19853,0.02937,realized,-0.11777,-0.21422,-0.00679,0.002328,1.2788e-05,0.003573,1.284616,0
418,17.9,DS,2,0.11966,0.19008,0.02129,realized,-0.10867,-0.20574,0.00135,0.002247,1.2254e-05,0.00337,1.28416,0
419,17.91,DS,2,0.11099,0.18165,0.01371,realized,-0.09987,-0.19727,0.009,0.00217,1.1767e-05,0.003205,1.283685,0
420,17.92,DS,2,0.10262,0.17326,0.00658,realized,-0.09136,-0.18884,0.01619,0.002097,1.1319e-05,0.003076,1.283191,0
421,17.93,DS,2,0.09453,0.16492,-0.00012,realized,-0.08313,-0.18047,0.02295,0.002027,1.0907e-05,0.002984,1.282681,0
422,17.94,DS,2,0.08672,0.15666,-0.00643,realized,-0.0752,-0.17217,0.02931,0.001959,1.0525e-05,0.002926,1.282156,0
423,17.95,DS,2,0.0792,0.14849,-0.01235,realized,-0.06754,-0.16396,0.03529,0.001893,1.017e-05,0.002898,1.281618,0
424,17.96,DS,2,0.07195,0.14042,-0.01791,realized,-0.06018,-0.15584,0.0409,0.001828,9.837e-06,0.002897,1.281069,0
425,17.97,DS,2,0.06498,0.13247,-0.02313,realized,-0.05309,-0.14785,0.04617,0.001766,9.522e-06,0.002917,1.28051,0
426,17.98,DS,2,0.05829,0.12464,-0.02801,realized,-0.04628,-0.13998,0.05109,0.001705,9.223e-06,0.002953,1.279941,0
427,17.99,DS,2,0.05186,0.11695,-0.03255,realized,-0.03974,-0.13224,0.05568,0.001645,8.938e-06,0.003002,1.279366,0
428,18.0,DS,2,0.04571,0.10942,-0.03678,realized,-0.03348,-0.12466,0.05995,0.001588,8.662e-06,0.003059,1.278784,0
429,18.01,DS,2,0.03982,0.10204,-0.04069,realized,-0.02748,-0.11724,0.0639,0.001532,8.395e-06,0.00312,1.278196,0
430,18.02,DS,2,0.03419,0.09483,-0.04429,realized,-0.02175,-0.10999,0.06753,0.001479,8.135e-06,0.003182,1.277605,0
431,18.03,DS,2,0.02882,0.0878,-0.04758,realized,-0.01627,-0.10291,0.07086,0.001428,7.88e-06,0.003244,1.277011,0
432,18.04,DS,2,0.0237,0.08096,-0.05056,realized,-0.01106,-0.09602,0.07388,0.001379,7.629e-06,0.003302,1.276416,0
433,18.05,DS,2,0.01883,0.07431,-0.05326,realized,-0.00609,-0.08932,0.0766,0.001334,7.381e-06,0.003357,1.275819,0
434,18.06,DS,2,0.0142,0.06785,-0.05566,realized,-0.00138,-0.08282,0.07903,0.001291,7.135e-06,0.003406,1.275223,0
435,18.07,DS,2,0.00981,0.0616,-0.05778,realized,0.0031,-0.07652,0.08117,0.001251,6.891e-06,0.003449,1.274628,0
436,18.08,DS,2,0.00566,0.05555,-0.05962,realized,0.00733,-0.07044,0.08304,0.001214,6.648e-06,0.003486,1.274035,0
437,18.09,DS,2,0.00174,0.04972,-0.0612,realized,0.01134,-0.06456,0.08464,0.001179,6.405e-06,0.003516,1.273446,0
438,18.1,DS,2,-0.00196,0.0441,-0.06251,realized,0.01511,-0.0589,0.08597,0.001147,6.164e-06,0.003539,1.27286,0
439,18.11,DS,2,-0.00544,0.0387,-0.06358,realized,0.01866,-0.05346,0.08706,0.001118,5.924e-06,0.003555,1.272279,0
440,18.12,DS,2,-0.00871,0.03352,-0.06442,realized,0.022,-0.04823,0.08791,0.001091,5.685e-06,0.003564,1.271703,0
441,18.13,DS,2,-0.01177,0.02856,-0.06502,realized,0.02512,-0.04323,0.08853,0.001065,5.448e-06,0.003567,1.271134,0
442,18.14,DS,2,-0.01462,0.02381,-0.06541,realized,0.02804,-0.03845,0.08893,0.001042,5.212e-06,0.003563,1.270571,0
443,18.15,DS,2,-0.01728,0.01929,-0.0656,realized,0.03076,-0.03389,0.08913,0.001021,4.979e-06,0.003553,1.270016,0
444,18.16,DS,2,-0.01975,0.01498,-0.06561,realized,0.03328,-0.02954,0.08914,0.001,4.748e-06,0.003537,1.269468,0
445,18.17,DS,2,-0.02203,0.01089,-0.06543,realized,0.03562,-0.02542,0.08897,0.000982,4.52e-06,0.003516,1.268928,0
446,18.18,DS,2,-0.02413,0.00702,-0.06509,realized,0.03777,-0.02151,0.08864,0.000964,4.296e-06,0.00349,1.268397,0
447,18.19,DS,2,-0.02605,0.00335,-0.0646,realized,0.03974,-0.01782,0.08816,0.000947,4.075e-06,0.003459,1.267875,0
448,18.2,DS,2,-0.02781,-0.0001,-0.06397,realized,0.04155,-0.01433,0.08753,0.000931,3.859e-06,0.003423,1.267362,0
449,18.21,DS,2,-0.02941,-0.00335,-0.06322,realized,0.04319,-0.01105,0.08678,0.000915,3.647e-06,0.003384,1.266859,0
450,18.22,DS,2,-0.03085,-0.0064,-0.06235,realized,0.04466,-0.00797,0.08591,0.0009,3.441e-06,0.00334,1.266365,0
451,18.23,DS,2,-0.03214,-0.00925,-0.06137,realized,0.04599,-0.0051,0.08494,0.000886,3.24e-06,0.003293,1.265881,0
452,18.24,DS,2,-0.03328,-0.01191,-0.06031,realized,0.04716,-0.00241,0.08387,0.000871,3.045e-06,0.003243,1.265407,0
453,18.25,DS,2,-0.03428,-0.01438,-0.05916,realized,0.0482,8e-05,0.08272,0.000857,2.857e-06,0.00319,1.264943,0
454,18.26,DS,2,-0.03515,-0.01667,-0.05794,realized,0.0491,0.0024,0.0815,0.000843,2.674e-06,0.003134,1.264489,0
455,18.27,DS,2,-0.0359,-0.01878,-0.05666,realized,0.04987,0.00453,0.08021,0.000828,2.499e-06,0.003076,1.264045,0
456,18.28,DS,2,-0.03652,-0.02072,-0.05532,realized,0.05051,0.00649,0.07887,0.000814,2.33e-06,0.003016,1.263611,0
457,18.29,DS,2,-0.03702,-0.02249,-0.05394,realized,0.05103,0.00828,0.07749,0.0008,2.168e-06,0.002954,1.263186,0
458,18.3,DS,2,-0.03741,-0.0241,-0.05251,realized,0.05144,0.00991,0.07606,0.000785,2.014e-06,0.002891,1.262772,0
459,18.31,DS,2,-0.0377,-0.02555,-0.05106,realized,0.05175,0.01138,0.0746,0.000771,1.866e-06,0.002826,1.262366,0
460,18.32,DS,2,-0.03788,-0.02686,-0.04958,realized,0.05195,0.01271,0.07312,0.000756,1.726e-06,0.00276,1.261971,0
461,18.33,DS,2,-0.03797,-0.02802,-0.04808,realized,0.05205,0.01388,0.07161,0.000741,1.594e-06,0.002693,1.261584,0
462,18.34,DS,2,-0.03797,-0.02905,-0.04657,realized,0.05206,0.01492,0.07009,0.000725,1.468e-06,0.002625,1.261207,0
463,18.35,DS,2,-0.03789,-0.02994,-0.04505,realized,0.05198,0.01583,0.06856,0.00071,1.349e-06,0.002556,1.260839,0
464,18.36,DS,2,-0.03773,-0.0307,-0.04352,realized,0.05183,0.01661,0.06703,0.000694,1.238e-06,0.002487,1.260479,0
465,18.37,DS,2,-0.03749,-0.03135,-0.04199,realized,0.0516,0.01727,0.06549,0.000678,1.133e-06,0.002418,1.260128,0
466,18.38,DS,2,-0.03718,-0.03188,-0.04046,realized,0.05129,0.01781,0.06396,0.000662,1.035e-06,0.002349,1.259785,0
467,18.39,DS,2,-0.03681,-0.0323,-0.03894,realized,0.05092,0.01824,0.06243,0.000646,9.44e-07,0.00228,1.25945,0
468,18.4,DS,2,-0.03637,-0.03262,-0.03743,realized,0.05049,0.01856,0.06092,0.00063,8.59e-07,0.002211,1.259123,0
469,18.41,DS,2,-0.03588,-0.03284,-0.03593,realized,0.04999,0.01879,0.05941,0.000613,7.8e-07,0.002142,1.258804,0
470,18.42,DS,2,-0.03534,-0.03296,-0.03445,realized,0.04945,0.01893,0.05792,0.000596,7.07e-07,0.002074,1.258492,0
471,18.43,DS,2,-0.03475,-0.033,-0.03298,realized,0.04886,0.01897,0.05644,0.00058,6.4e-07,0.002007,1.258187,0
472,18.44,DS,2,-0.03412,-0.03296,-0.03153,realized,0.04822,0.01893,0.05499,0.000563,5.78e-07,0.00194,1.257889,1
473,18.45,SS,3,-0.06796,-0.87617,1.1373,planned,0.23084,0.24994,-0.04711,0.021361,6.7729e-05,0.016408,1.254615,0
474,18.55,SS,3,0.07219,-0.96925,1.34558,planned,0.14105,0.39667,-0.46343,0.023245,0.000234179,0.031756,1.260642,0
475,18.65,SS,3,0.18723,-1.04079,1.55596,planned,0.11941,0.49282,-0.65789,0.031037,0.000664267,0.043753,1.283215,0
476,18.75,SS,3,0.27112,-1.12717,1.69613,planned,0.12587,0.55994,-0.72961,0.038379,0.001539002,0.05526,1.311408,0
477,18.85,SS,3,0.35014,-1.24902,1.88763,planned,0.11572,0.65722,-0.89428,0.047215,0.003090243,0.066261,1.346872,0
478,18.95,SS,3,0.42489,-1.35958,2.05189,planned,0.10836,0.74285,-1.03545,0.05667,0.005559468,0.076923,1.391324,0
479,19.05,SS,3,0.4956,-1.45392,2.18367,planned,0.10487,0.81225,-1.14447,0.067294,0.009193305,0.087263,1.442685,0
480,19.15,SS,3,0.5636,-1.53458,2.28733,planned,0.10133,0.87835,-1.24782,0.078919,0.01422732,0.097271,1.500456,0
481,19.25,SS,3,0.62876,-1.60612,2.36949,planned,0.09914,0.93755,-1.33694,0.091405,0.020880802,0.106925,1.564158,0
482,19.35,SS,3,0.69012,-1.71084,2.49037,planned,0.09837,1.00115,-1.42521,0.104746,0.029395935,0.116247,1.633514,0
483,19.45,SS,3,0.74845,-1.7998,2.58125,planned,0.09842,1.05174,-1.49309,0.118652,0.039935331,0.125194,1.707946,0
484,19.55,SS,3,0.80339,-1.87317,2.64189,planned,0.09977,1.09464,-1.54538,0.13301,0.052620612,0.133714,1.78656,0
485,19.65,SS,3,0.8548,-1.93191,2.67331,planned,0.102,1.12998,-1.58346,0.14762,0.067527751,0.141755,1.868683,0
486,19.75,SS,3,0.90246,-1.97662,2.67635,planned,0.10515,1.15782,-1.60733,0.16233,0.084686094,0.149268,1.953617,0
487,19.85,SS,3,0.94674,-2.03639,2.69541,planned,0.10894,1.18653,-1.62762,0.177074,0.104146567,0.156249,2.040985,0
488,19.95,SS,3,0.98712,-2.08978,2.69883,planned,0.11299,1.2069,-1.63441,0.191608,0.125865734,0.162662,2.13034,0
489,20.05,SS,3,1.02315,-2.12951,2.67588,planned,0.1175,1.21889,-1.62711,0.20585,0.149736451,0.16846,2.22094,0
490,20.15,SS,3,1.0547,-2.1567,2.62804,planned,0.12222,1.22391,-1.60823,0.219692,0.175608809,0.173602,2.312149,0
491,20.25,SS,3,1.08164,-2.17235,2.55687,planned,0.12706,1.22211,-1.57839,0.233034,0.203293521,0.178058,2.403385,0
492,20.35,SS,3,1.10486,-2.18723,2.48119,planned,0.13175,1.21714,-1.54249,0.245821,0.23260988,0.181825,2.494208,0
493,20.45,SS,3,1.12437,-2.20202,2.40299,planned,0.13598,1.20791,-1.50013,0.257949,0.263346917,0.184899,2.584273,0
494,20.55,SS,3,1.13906,-2.20664,2.30557,planned,0.13982,1.19088,-1.44727,0.269345,0.295215431,0.187263,2.673078,0
495,20.65,SS,3,1.14886,-2.20208,2.19061,planned,0.14332,1.168,-1.38635,0.279981,0.327906473,0.188912,2.760105,0
496,20.75,SS,3,1.15382,-2.18941,2.05997,planned,0.14635,1.13953,-1.31829,0.289812,0.361094715,0.189855,2.844921,0
497,20.85,SS,3,1.15453,-2.17052,1.91854,planned,0.14875,1.10633,-1.24452,0.298816,0.394455998,0.190113,2.927137,0
498,20.95,SS,3,1.15287,-2.14934,1.77813,planned,0.15016,1.07037,-1.16812,0.306971,0.42770042,0.189727,3.006467,0
499,21.05,SS,3,1.14667,-2.12172,1.62717,planned,0.15071,1.02816,-1.08534,0.314249,0.460473439,0.188715,3.082593,0
500,21.15,SS,3,1.13594,-2.08847,1.46735,planned,0.1506,0.98165,-0.99819,0.320661,0.492426849,0.187116,3.155159,0
501,21.25,SS,3,1.12087,-2.05047,1.30055,planned,0.14971,0.93097,-0.90742,0.326205,0.523220713,0.184977,3.223878,0
502,21.35,SS,3,1.10167,-2.00846,1.12859,planned,0.14801,0.87647,-0.81366,0.330893,0.552527761,0.182352,3.288484,0
503,21.45,SS,3,1.08143,-1.95568,0.95154,planned,0.14508,0.81809,-0.71762,0.334731,0.580052058,0.179303,3.348706,0
504,21.55,SS,3,1.05787,-1.89893,0.7726,planned,0.14111,0.75633,-0.61998,0.33773,0.605501039,0.175879,3.404357,0
505,21.65,SS,3,1.03074,-1.83976,0.59369,planned,0.13627,0.69198,-0.52149,0.339907,0.628604188,0.172135,3.455266,0
506,21.75,SS,3,1.00026,-1.77875,0.4165,planned,0.13054,0.62532,-0.42277,0.341277,0.649117585,0.168133,3.501287,0
507,21.85,SS,3,0.96665,-1.71643,0.24268,planned,0.1239,0.55704,-0.32469,0.341846,0.666826103,0.163926,3.542305,0
508,21.95,SS,3,0.932,-1.64131,0.06278,planned,0.11595,0.48491,-0.22548,0.34158,0.681517568,0.15956,3.57817,0
509,22.05,SS,3,0.89596,-1.55725,-0.11816,planned,0.10682,0.40972,-0.1261,0.340554,0.693027109,0.155074,3.608683,0
510,22.15,SS,3,0.85729,-1.47352,-0.2907,planned,0.09682,0.33405,-0.02907,0.338803,0.701247499,0.150498,3.633793,0
511,22.25,SS,3,0.8161,-1.39057,-0.45336,planned,0.08588,0.25716,0.06605,0.336363,0.706104556,0.14586,3.653475,0
512,22.35,SS,3,0.77254,-1.30885,-0.60478,planned,0.07415,0.17847,0.15991,0.333325,0.707559289,0.141187,3.667662,0
513,22.45,SS,3,0.72747,-1.22041,-0.75358,planned,0.06178,0.09632,0.25429,0.329789,0.705576588,0.136525,3.67622,0
514,22.55,SS,3,0.68219,-1.11305,-0.91365,planned,0.04903,0.00982,0.35057,0.325833,0.700117512,0.131942,3.678936,0
515,22.65,SS,3,0.6351,-1.01049,-1.05831,planned,0.03635,-0.07174,0.43943,0.321446,0.691280997,0.127473,3.675892,0
516,22.75,SS,3,0.58654,-0.91327,-1.18617,planned,0.02272,-0.14984,0.52093,0.316408,0.679188353,0.123058,3.667483,0
517,22.85,SS,3,0.53678,-0.82103,-1.29554,planned,0.00812,-0.2289,0.59977,0.310756,0.663989289,0.118656,3.653804,0
518,22.95,SS,3,0.48575,-0.73403,-1.38551,planned,-0.00702,-0.30648,0.67397,0.304517,0.645864336,0.114231,3.634915,0
519,23.05,SS,3,0.43513,-0.615,-1.50371,planned,-0.02259,-0.39424,0.75629,0.29772,0.624855589,0.109845,3.610566,0
520,23.15,SS,3,0.38349,-0.50341,-1.60072,planned,-0.03783,-0.47534,0.82968,0.290477,0.601248776,0.105512,3.580728,0
521,23.25,SS,3,0.33103,-0.40074,-1.67489,planned,-0.05354,-0.55384,0.89664,0.28276,0.57533799,0.101171,3.545749,0
522,23.35,SS,3,0.2779,-0.30706,-1.72536,planned,-0.06911,-0.62922,0.95801,0.274607,0.547432144,0.096798,3.505822,0
523,23.45,SS,3,0.22426,-0.22277,-1.75172,planned,-0.08453,-0.70126,1.01351,0.266033,0.517851599,0.092365,3.461166,0
524,23.55,SS,3,0.17055,-0.1183,-1.79625,planned,-0.09894,-0.77866,1.07421,0.257091,0.486788822,0.088016,3.411645,0
525,23.65,SS,3,0.11704,-0.01203,-1.83533,planned,-0.11229,-0.85206,1.13006,0.24782,0.454567425,0.083832,3.357276,0
526,23.75,SS,3,0.06417,0.08051,-1.84797,planned,-0.12511,-0.91874,1.17691,0.238255,0.4215835,0.079792,3.298428,0
527,23.85,SS,3,0.01225,0.15927,-1.834,planned,-0.13718,-0.97977,1.21655,0.228439,0.388218408,0.07589,3.235471,0
528,23.95,SS,3,-0.03843,0.22419,-1.79356,planned,-0.14836,-1.03482,1.24895,0.218426,0.354839485,0.072128,3.168752,0
529,24.05,SS,3,-0.08807,0.2932,-1.75533,planned,-0.15795,-1.08935,1.2815,0.20827,0.321718066,0.068642,3.098396,0
530,24.15,SS,3,-0.13655,0.37647,-1.73782,planned,-0.16536,-1.14421,1.31639,0.198018,0.289092512,0.065631,3.024347,0
531,24.25,SS,3,-0.1823,0.44174,-1.69336,planned,-0.17163,-1.18778,1.33879,0.187765,0.257344351,0.063061,2.947032,0
532,24.35,SS,3,-0.22486,0.48941,-1.62252,planned,-0.17689,-1.22311,1.35192,0.177586,0.22680653,0.060875,2.867041,0
533,24.45,SS,3,-0.26397,0.52003,-1.52601,planned,-0.18092,-1.24985,1.35606,0.167599,0.19777022,0.059038,2.784879,0
534,24.55,SS,3,-0.29959,0.53783,-1.41138,planned,-0.18361,-1.26912,1.3527,0.157917,0.170468827,0.057534,2.701026,0
535,24.65,SS,3,-0.33425,0.58554,-1.35415,planned,-0.18307,-1.29446,1.36072,0.148428,0.144949102,0.056534,2.61535,0
536,24.75,SS,3,-0.36415,0.61325,-1.27286,planned,-0.18113,-1.30423,1.35242,0.1394,0.121451137,0.055872,2.528301,0
537,24.85,SS,3,-0.38877,0.62192,-1.16899,planned,-0.17838,-1.30335,1.33209,0.130821,0.100140556,0.055388,2.440731,0
538,24.95,SS,3,-0.40798,0.61304,-1.04379,planned,-0.17444,-1.29176,1.30075,0.122869,0.081121641,0.05497,2.353319,0
539,25.05,SS,3,-0.42169,0.58789,-0.89916,planned,-0.16945,-1.26942,1.25807,0.115668,0.064439129,0.054538,2.266769,0
540,25.15,SS,3,-0.43396,0.58756,-0.81368,planned,-0.16128,-1.25075,1.22439,0.108896,0.049983629,0.054071,2.181161,0
541,25.25,SS,3,-0.44133,0.58145,-0.73395,planned,-0.15127,-1.21971,1.17912,0.10262,0.037722789,0.0534,2.096909,0
542,25.35,SS,3,-0.44204,0.5584,-0.63926,planned,-0.14053,-1.17522,1.11852,0.09676,0.027596044,0.052411,2.014948,0
543,25.45,SS,3,-0.436,0.5207,-0.53176,planned,-0.12882,-1.11861,1.04489,0.091353,0.019481659,0.051039,1.936159,0
544,25.55,SS,3,-0.42327,0.47052,-0.41421,planned,-0.1161,-1.05002,0.95837,0.086384,0.013206799,0.049244,1.861387,0
545,25.65,SS,3,-0.40262,0.429,-0.31249,planned,-0.10215,-0.97473,0.86505,0.081657,0.008545918,0.046991,1.791263,0
546,25.75,SS,3,-0.37384,0.39959,-0.23222,planned,-0.08682,-0.89166,0.76406,0.076919,0.005253786,0.044229,1.726374,0
547,25.85,SS,3,-0.33822,0.36196,-0.15041,planned,-0.07027,-0.79464,0.64824,0.072052,0.003082159,0.040958,1.667614,0
548,25.95,SS,3,-0.29567,0.31862,-0.07053,planned,-0.0524,-0.68536,0.51945,0.066926,0.001770836,0.037224,1.615911,0
549,26.05,SS,3,-0.24616,0.27215,0.00364,planned,-0.03303,-0.56395,0.37807,0.061421,0.001064308,0.033128,1.572146,0
550,26.15,SS,3,-0.18958,0.22511,0.06804,planned,-0.01201,-0.43116,0.22496,0.055504,0.000729508,0.028887,1.537184,0
551,26.25,SS,3,-0.12576,0.17999,0.11833,planned,0.01166,-0.28786,0.06281,0.049618,0.000575565,0.024883,1.511737,0
552,26.35,SS,3,-0.05436,0.13877,0.14943,planned,0.02104,-0.1494,-0.0395,0.041304,0.000471612,0.021953,1.495794,0
553,26.46,DS,3,0.24723,0.08746,1.39111,realized,-0.2413,-0.10391,-1.35899,0.11454,0.008968254,0.145846,1.501366,0
554,26.47,DS,3,1.44201,3.25044,-0.02392,realized,-1.06854,-3.5174,0.58115,0.125422,0.016525661,0.206056,1.490171,0
555,26.48,DS,3,-0.72306,0.60771,-3.81163,realized,0.95855,-0.77001,4.13655,0.141693,0.018107617,0.214926,1.470112,0
556,26.49,DS,3,-1.71495,-0.08773,-5.0,realized,1.83535,0.03171,5.0,0.170223,0.016701563,0.20053,1.44831,0
557,26.5,DS,3,-2.05268,-0.12928,-5.0,realized,2.10378,0.12832,5.0,0.190504,0.014321595,0.178224,1.426915,0
558,26.51,DS,3,-2.08634,0.0362,-5.0,realized,2.0948,-0.01136,4.97352,0.19346,0.011797639,0.154542,1.405472,0
559,26.52,DS,3,-1.94986,0.14196,-5.0,realized,1.93195,-0.10718,4.95489,0.181698,0.009469491,0.132478,1.384045,0
560,26.53,DS,3,-1.70455,0.23527,-5.0,realized,1.67184,-0.2,4.95463,0.160274,0.007484788,0.112948,1.362537,0
561,26.54,DS,3,-1.15604,0.00997,-2.85847,realized,1.11796,0.01922,2.82588,0.137715,0.005967385,0.101504,1.35069,0
562,26.55,DS,3,-0.83084,0.15428,-2.20418,realized,0.80216,-0.14119,2.19415,0.113321,0.004863297,0.093527,1.341094,0
563,26.56,DS,3,-0.68533,-0.10498,-1.6093,realized,0.66775,0.10523,1.62303,0.090121,0.004005578,0.087554,1.33458,0
564,26.57,DS,3,-0.51022,-0.15501,-1.13096,realized,0.49481,0.15031,1.15195,0.068521,0.003328737,0.081494,1.330164,0
565,26.58,DS,3,-0.29647,-0.16402,-0.521,realized,0.27737,0.15789,0.54149,0.051628,0.002812309,0.07479,1.328303,0
566,26.59,DS,3,-0.05458,-0.13846,0.15057,realized,0.03016,0.13203,-0.13413,0.044988,0.002462926,0.067712,1.329164,0
567,26.6,DS,3,0.15636,-0.14915,0.75442,realized,-0.18227,0.14142,-0.73959,0.048903,0.002245426,0.060671,1.332551,0
568,26.61,DS,3,0.31251,-0.1917,1.20878,realized,-0.33648,0.18238,-1.19358,0.056723,0.002104591,0.053955,1.337932,0
569,26.62,DS,3,0.4147,-0.24944,1.50795,realized,-0.43498,0.23882,-1.49154,0.063599,0.001994371,0.047807,1.344711,0
570,26.63,DS,3,0.47064,-0.30728,1.6681,realized,-0.48654,0.29572,-1.65007,0.067891,0.001888256,0.042444,1.352315,0
571,26.64,DS,3,0.4886,-0.35597,1.71019,realized,-0.49998,0.34367,-1.69019,0.069453,0.001775827,0.038027,1.360228,0
572,26.65,DS,3,0.4801,-0.38663,1.6623,realized,-0.48732,0.3738,-1.64035,0.068641,0.00165504,0.034674,1.368024,0
573,26.66,DS,3,0.45858,-0.39877,1.56905,realized,-0.46243,0.38575,-1.5457,0.065936,0.001527542,0.032483,1.375467,0
574,26.67,DS,3,0.43485,-0.39204,1.46263,realized,-0.43628,0.37914,-1.43866,0.061812,0.00139622,0.031506,1.38245,0
575,26.68,DS,3,0.41571,-0.37035,1.36582,realized,-0.41564,0.35783,-1.34199,0.056717,0.001264292,0.031723,1.388976,0
576,26.69,DS,3,0.40492,-0.33836,1.2909,realized,-0.40416,0.32639,-1.26786,0.051034,0.001134978,0.033026,1.395111,0
577,26.7,DS,3,0.4035,-0.30108,1.24319,realized,-0.40267,0.28973,-1.22138,0.04508,0.001011665,0.035211,1.400958,0
578,26.71,DS,3,0.41064,-0.26155,1.22229,realized,-0.41012,0.25075,-1.20189,0.039186,0.000898052,0.038013,1.406624,0
579,26.72,DS,3,0.42409,-0.22191,1.22392,realized,-0.42409,0.21152,-1.20486,0.033726,0.000797729,0.041139,1.412205,0
580,26.73,DS,3,0.4404,-0.18379,1.2401,realized,-0.44096,0.17355,-1.22207,0.029098,0.000713286,0.044295,1.417765,0
581,26.74,DS,3,0.45546,-0.14861,1.26062,realized,-0.45648,0.1382,-1.2431,0.025618,0.00064543,0.047223,1.423329,0
582,26.75,DS,3,0.46538,-0.1173,1.27533,realized,-0.46667,0.1064,-1.25769,0.023359,0.000592692,0.049723,1.42888,0
583,26.76,DS,3,0.46767,-0.09014,1.27706,realized,-0.46904,0.07848,-1.2587,0.022095,0.000552006,0.051691,1.434372,0
584,26.77,DS,3,0.46228,-0.0664,1.26469,realized,-0.4636,0.05385,-1.24527,0.021413,0.000519776,0.053102,1.439752,0
585,26.78,DS,3,0.45064,-0.04498,1.24049,realized,-0.45188,0.03154,-1.21988,0.020912,0.000492775,0.053991,1.444976,0
586,26.79,DS,3,0.43473,-0.02513,1.2084,realized,-0.4359,0.01088,-1.18665,0.020332,0.000468619,0.054426,1.450013,0
587,26.8,DS,3,0.41678,-0.00635,1.1734,realized,-0.41794,-0.00859,-1.15067,0.019546,0.000445811,0.05449,1.454855,0
588,26.81,DS,3,0.39855,0.01157,1.13923,realized,-0.39976,-0.02707,-1.11574,0.018523,0.000423579,0.054257,1.459507,0
589,26.82,DS,3,0.38106,0.02846,1.10808,realized,-0.38235,-0.04441,-1.08401,0.017286,0.000401659,0.053791,1.463987,0
590,26.83,DS,3,0.36478,0.04401,1.08071,realized,-0.36617,-0.06033,-1.05622,0.015891,0.000380094,0.053144,1.468315,0
591,26.84,DS,3,0.34977,0.05795,1.05689,realized,-0.35123,-0.07457,-1.03211,0.014404,0.000359079,0.052356,1.472509,0
592,26.85,DS,3,0.33584,0.07007,1.03578,realized,-0.33734,-0.08694,-1.01077,0.012901,0.000338854,0.051457,1.476588,0
593,26.86,DS,3,0.32273,0.08026,1.01626,realized,-0.32421,-0.09735,-0.99107,0.011457,0.000319632,0.050471,1.480562,0
594,26.87,DS,3,0.31015,0.08855,0.99718,realized,-0.31156,-0.10581,-0.97184,0.010146,0.000301557,0.049419,1.484437,0
595,26.88,DS,3,0.29785,0.09501,0.97755,realized,-0.29914,-0.11242,-0.95208,0.009032,0.000284689,0.048317,1.488217,0
596,26.89,DS,3,0.28569,0.09981,0.95664,realized,-0.2868,-0.11734,-0.93105,0.008161,0.000269012,0.047178,1.4919,0
597,26.9,DS,3,0.27358,0.10314,0.93397,realized,-0.27447,-0.12076,-0.90827,0.007549,0.000254446,0.046015,1.495481,0
598,26.91,DS,3,0.2615,0.10521,0.90937,realized,-0.26213,-0.1229,-0.88357,0.007174,0.000240868,0.044839,1.498954,0
599,26.92,DS,3,0.24949,0.10624,0.88289,realized,-0.24986,-0.12396,-0.85699,0.006983,0.000228138,0.043659,1.502314,0
600,26.93,DS,3,0.23764,0.1064,0.85474,realized,-0.23772,-0.12413,-0.82876,0.006906,0.000216118,0.042482,1.505555,0
601,26.94,DS,3,0.22603,0.10585,0.82528,realized,-0.22582,-0.12358,-0.79923,0.006878,0.000204682,0.041316,1.508674,0
602,26.95,DS,3,0.21473,0.10471,0.7949,realized,-0.21424,-0.12242,-0.76878,0.006846,0.000193731,0.040164,1.511666,0
603,26.96,DS,3,0.20381,0.1031,0.76401,realized,-0.20306,-0.12077,-0.73784,0.00678,0.000183193,0.039029,1.51453,0
604,26.97,DS,3,0.19333,0.10108,0.73302,realized,-0.19233,-0.11871,-0.7068,0.006662,0.000173024,0.037915,1.517267,0
605,26.98,DS,3,0.18331,0.0987,0.70229,realized,-0.18208,-0.11628,-0.67601,0.006487,0.000163204,0.036822,1.519878,0
606,26.99,DS,3,0.17376,0.09602,0.6721,realized,-0.17232,-0.11355,-0.64578,0.006262,0.00015373,0.035749,1.522366,0
607,27.0,DS,3,0.16469,0.09307,0.64273,realized,-0.16306,-0.11054,-0.61635,0.005994,0.00014461,0.034697,1.524734,0
608,27.01,DS,3,0.15608,0.08988,0.61434,realized,-0.15427,-0.1073,-0.58792,0.005699,0.000135861,0.033663,1.526988,0
609,27.02,DS,3,0.14791,0.08647,0.5871,realized,-0.14595,-0.10384,-0.56062,0.005392,0.000127498,0.032648,1.529132,0
610,27.03,DS,3,0.14015,0.08288,0.56109,realized,-0.13806,-0.10021,-0.53456,0.005088,0.000119534,0.031648,1.531172,0
611,27.04,DS,3,0.13279,0.07914,0.53636,realized,-0.13058,-0.09642,-0.50977,0.004801,0.000111979,0.030663,1.533114,0
612,27.05,DS,3,0.12579,0.07527,0.51294,realized,-0.12348,-0.0925,-0.48629,0.004542,0.000104834,0.029691,1.534963,0
613,27.06,DS,3,0.11914,0.07129,0.49081,realized,-0.11673,-0.08849,-0.4641,0.004319,9.8094e-05,0.028732,1.536725,0
614,27.07,DS,3,0.1128,0.06723,0.46995,realized,-0.11031,-0.0844,-0.44317,0.004136,9.1749e-05,0.027784,1.538406,0
615,27.08,DS,3,0.10676,0.06312,0.4503,realized,-0.10421,-0.08026,-0.42346,0.00399,8.5783e-05,0.026847,1.540011,0
616,27.09,DS,3,0.10101,0.05898,0.4318,realized,-0.09839,-0.0761,-0.40489,0.003877,8.0177e-05,0.025921,1.541544,0
617,27.1,DS,3,0.09552,0.05482,0.41437,realized,-0.09284,-0.07192,-0.38739,0.00379,7.4911e-05,0.025007,1.543011,0
618,27.11,DS,3,0.09027,0.05068,0.39794,realized,-0.08755,-0.06775,-0.37089,0.003719,6.9962e-05,0.024105,1.544416,0
619,27.12,DS,3,0.08527,0.04655,0.38242,realized,-0.0825,-0.06361,-0.3553,0.003657,6.531e-05,0.023216,1.545762,0
620,27.13,DS,3,0.08048,0.04246,0.36771,realized,-0.07767,-0.0595,-0.34053,0.003596,6.0934e-05,0.022342,1.547053,0
621,27.14,DS,3,0.07591,0.03843,0.35374,realized,-0.07306,-0.05545,-0.32649,0.003532,5.6816e-05,0.021484,1.548292,0
622,27.15,DS,3,0.07153,0.03445,0.34043,realized,-0.06865,-0.05145,-0.31311,0.00346,5.294e-05,0.020644,1.549481,0
623,27.16,DS,3,0.06735,0.03054,0.3277,realized,-0.06443,-0.04752,-0.30032,0.00338,4.929e-05,0.019822,1.550624,0
624,27.17,DS,3,0.06335,0.02671,0.31547,realized,-0.0604,-0.04368,-0.28804,0.00329,4.5854e-05,0.019021,1.551721,0
625,27.18,DS,3,0.05952,0.02296,0.3037,realized,-0.05653,-0.03991,-0.2762,0.003193,4.2622e-05,0.018243,1.552775,0
626,27.19,DS,3,0.05586,0.01931,0.29232,realized,-0.05283,-0.03624,-0.26477,0.003089,3.9581e-05,0.017487,1.553787,0
627,27.2,DS,3,0.05235,0.01575,0.28129,realized,-0.04929,-0.03266,-0.25369,0.002982,3.6724e-05,0.016757,1.554758,0
628,27.21,DS,3,0.04899,0.01229,0.27057,realized,-0.0459,-0.02918,-0.24292,0.002872,3.4043e-05,0.016052,1.55569,0
629,27.22,DS,3,0.04578,0.00894,0.26015,realized,-0.04265,-0.02581,-0.23245,0.002764,3.1528e-05,0.015373,1.556584,0
630,27.23,DS,3,0.04271,0.00571,0.24999,realized,-0.03955,-0.02255,-0.22225,0.002658,2.9173e-05,0.014721,1.55744,0
631,27.24,DS,3,0.03978,0.00259,0.24009,realized,-0.03657,-0.01941,-0.21231,0.002556,2.6969e-05,0.014097,1.558259,0
632,27.25,DS,3,0.03697,-0.00041,0.23043,realized,-0.03373,-0.01638,-0.20262,0.00246,2.491e-05,0.0135,1.559042,0
633,27.26,DS,3,0.0343,-0.00329,0.22103,realized,-0.03102,-0.01348,-0.19317,0.002369,2.2988e-05,0.01293,1.55979,0
634,27.27,DS,3,0.03174,-0.00603,0.21187,realized,-0.02842,-0.01071,-0.18398,0.002286,2.1195e-05,0.012386,1.560504,0
635,27.28,DS,3,0.02931,-0.00865,0.20297,realized,-0.02595,-0.00807,-0.17505,0.002208,1.9525e-05,0.011869,1.561184,0
636,27.29,DS,3,0.02699,-0.01113,0.19432,realized,-0.0236,-0.00556,-0.16637,0.002135,1.7971e-05,0.011378,1.561832,0
637,27.3,DS,3,0.02479,-0.01348,0.18595,realized,-0.02136,-0.00319,-0.15797,0.002067,1.6525e-05,0.010911,1.562447,0
638,27.31,DS,3,0.02269,-0.01569,0.17785,realized,-0.01923,-0.00095,-0.14985,0.002003,1.5182e-05,0.010467,1.563032,0
639,27.32,DS,3,0.0207,-0.01775,0.17004,realized,-0.01721,0.00114,-0.14201,0.001942,1.3935e-05,0.010046,1.563587,0
640,27.33,DS,3,0.01882,-0.01968,0.16252,realized,-0.01529,0.00309,-0.13447,0.001882,1.2779e-05,0.009645,1.564113,0
641,27.34,DS,3,0.01704,-0.02146,0.1553,realized,-0.01348,0.0049,-0.12722,0.001825,1.1707e-05,0.009265,1.56461,0
642,27.35,DS,3,0.01535,-0.0231,0.14837,realized,-0.01176,0.00656,-0.12028,0.001768,1.0716e-05,0.008903,1.565081,0
643,27.36,DS,3,0.01376,-0.0246,0.14174,realized,-0.01014,0.00808,-0.11363,0.001712,9.799e-06,0.008558,1.565525,0
644,27.37,DS,3,0.01226,-0.02596,0.13542,realized,-0.00861,0.00945,-0.10728,0.001657,8.951e-06,0.008229,1.565945,0
645,27.38,DS,3,0.01085,-0.02717,0.12939,realized,-0.00717,0.01069,-0.10123,0.001602,8.17e-06,0.007914,1.56634,0
646,27.39,DS,3,0.00952,-0.02825,0.12365,realized,-0.00582,0.01178,-0.09547,0.001548,7.449e-06,0.007613,1.566712,0
647,27.4,DS,3,0.00828,-0.02919,0.11819,realized,-0.00455,0.01274,-0.09,0.001495,6.786e-06,0.007325,1.567062,0
648,27.41,DS,3,0.00711,-0.03,0.113,realized,-0.00337,0.01356,-0.08479,0.001442,6.176e-06,0.007047,1.567391,0
649,27.42,DS,3,0.00602,-0.03068,0.10808,realized,-0.00225,0.01425,-0.07986,0.001391,5.615e-06,0.00678,1.5677,0
650,27.43,DS,3,0.005,-0.03123,0.10342,realized,-0.00122,0.01482,-0.07517,0.001341,5.101e-06,0.006522,1.567988,0
651,27.44,DS,3,0.00405,-0.03167,0.09899,realized,-0.00025,0.01526,-0.07073,0.001293,4.63e-06,0.006273,1.568258,0
652,27.45,DS,3,0.00317,-0.03198,0.09479,realized,0.00065,0.01559,-0.06651,0.001246,4.198e-06,0.006032,1.56851,0
653,27.46,DS,3,0.00236,-0.03218,0.0908,realized,0.00148,0.0158,-0.06251,0.001201,3.803e-06,0.005799,1.568745,0
654,27.47,DS,3,0.0016,-0.03228,0.08701,realized,0.00225,0.0159,-0.0587,0.001157,3.442e-06,0.005572,1.568963,0
655,27.48,DS,3,0.0009,-0.03228,0.0834,realized,0.00296,0.0159,-0.05508,0.001114,3.113e-06,0.005351,1.569165,0
656,27.49,DS,3,0.00026,-0.03218,0.07997,realized,0.00361,0.0158,-0.05163,0.001073,2.813e-06,0.005137,1.569351,0
657,27.5,DS,3,-0.00032,-0.03199,0.0767,realized,0.00421,0.01562,-0.04835,0.001033,2.539e-06,0.004928,1.569522,0
658,27.51,DS,3,-0.00086,-0.03171,0.07357,realized,0.00475,0.01535,-0.04521,0.000994,2.29e-06,0.004725,1.569679,0
659,27.52,DS,3,-0.00134,-0.03136,0.07058,realized,0.00524,0.01499,-0.04221,0.000956,2.063e-06,0.004528,1.569821,0
660,27.53,DS,3,-0.00178,-0.03094,0.06772,realized,0.00569,0.01457,-0.03933,0.00092,1.857e-06,0.004335,1.56995,0
661,27.54,DS,3,-0.00217,-0.03045,0.06497,realized,0.00609,0.01408,-0.03657,0.000884,1.67e-06,0.004148,1.570065,0
662,27.55,DS,3,-0.00251,-0.02989,0.06233,realized,0.00644,0.01352,-0.03391,0.000849,1.501e-06,0.003966,1.570167,0
663,27.56,DS,3,-0.00282,-0.02928,0.05979,realized,0.00675,0.01291,-0.03136,0.000816,1.348e-06,0.003789,1.570256,0
664,27.57,DS,3,-0.00308,-0.02862,0.05734,realized,0.00702,0.01225,-0.0289,0.000783,1.209e-06,0.003617,1.570333,0
665,27.58,DS,3,-0.00331,-0.02792,0.05497,realized,0.00725,0.01155,-0.02652,0.000751,1.084e-06,0.00345,1.570398,0
666,27.59,DS,3,-0.0035,-0.02717,0.05269,realized,0.00745,0.0108,-0.02423,0.000721,9.72e-07,0.003288,1.57045,0
667,27.6,DS,3,-0.00366,-0.02639,0.05049,realized,0.0076,0.01001,-0.02202,0.000691,8.71e-07,0.003131,1.570492,0
668,27.61,DS,3,-0.00378,-0.02558,0.04836,realized,0.00773,0.0092,-0.01988,0.000662,7.81e-07,0.002979,1.570521,0
669,27.62,DS,3,-0.00387,-0.02474,0.0463,realized,0.00782,0.00835,-0.01781,0.000635,7e-07,0.002833,1.57054,0
670,27.63,DS,3,-0.00393,-0.02387,0.0443,realized,0.00789,0.00748,-0.01581,0.000608,6.28e-07,0.002691,1.570547,1
671,27.64,SS,4,0.67867,-1.44751,4.99997,planned,-0.5623,0.43506,-2.61566,0.066177,0.000678535,0.031432,1.609968,0
672,27.74,SS,4,0.73733,-1.54074,4.99998,planned,-0.69367,0.74393,-3.72324,0.08304,0.004847848,0.045597,1.737548,0
673,27.84,SS,4,0.6907,-1.50565,4.99999,planned,-0.85746,1.14362,-4.90022,0.142307,0.018632274,0.064063,1.927041,0
674,27.94,SS,4,0.63056,-1.48786,4.99999,planned,-0.79119,1.56988,-5.0,0.216039,0.047631538,0.081584,2.153901,0
675,28.04,SS,4,0.52433,-1.44335,4.99999,planned,-0.60271,1.88646,-4.79646,0.307534,0.095690945,0.09574,2.383598,0
676,28.14,SS,4,0.43062,-1.42143,4.99999,planned,-0.49941,2.2292,-4.7681,0.40624,0.164851961,0.108559,2.618731,0
677,28.24,SS,4,0.32996,-1.40573,4.99999,planned,-0.41847,2.5156,-4.74633,0.505242,0.254823967,0.12542,2.861016,0
678,28.34,SS,4,0.21032,-1.38806,4.99999,planned,-0.36032,2.75013,-4.7319,0.600646,0.363177629,0.147559,3.109796,0
679,28.44,SS,4,0.06575,-1.35679,4.99999,planned,-0.33737,2.92124,-4.72614,0.688557,0.485799036,0.175964,3.365127,0
680,28.54,SS,4,-0.10573,-1.29838,4.99999,planned,-0.47378,2.95283,-4.77586,0.765315,0.61959645,0.219209,3.625149,0
681,28.64,SS,4,-0.32872,-1.14375,4.99999,planned,-0.65601,2.89204,-4.90756,0.827985,0.759032228,0.28058,3.893755,0
682,28.74,SS,4,-0.62756,-0.84077,4.99999,planned,-0.81281,2.7146,-4.98063,0.881572,0.897237812,0.347722,4.165201,0
683,28.84,SS,4,-0.97274,-0.40608,4.99998,planned,-0.96949,2.45433,-5.0,0.93124,1.027320992,0.414959,4.435993,0
684,28.94,SS,4,-1.33928,0.15052,4.99997,planned,-1.12327,2.10247,-5.0,0.981523,1.142414523,0.480076,4.703826,0
685,29.04,SS,4,-1.70906,0.80691,4.9997,planned,-1.27262,1.66014,-5.0,1.037183,1.236200102,0.541544,4.9669,0
686,29.14,SS,4,-2.13274,1.56591,4.47673,planned,-1.34388,1.20973,-4.80389,1.096585,1.301767095,0.604055,5.222998,0
687,29.24,SS,4,-2.67315,2.41532,2.99694,planned,-0.79384,0.61174,-2.13571,1.162547,1.325295693,0.671597,5.408053,0
688,29.34,SS,4,-3.1942,3.27648,1.26859,planned,-0.33321,0.12526,-0.0001,1.243361,1.302529643,0.717474,5.474182,0
689,29.44,SS,4,-3.42096,3.97811,0.70375,planned,0.01685,-0.35712,1.63022,1.306288,1.236148641,0.759062,5.464311,0
690,29.54,SS,4,-3.48508,4.55769,0.86748,planned,0.30045,-0.81744,2.94513,1.355029,1.131994602,0.777594,5.375573,0
691,29.64,SS,4,-3.34851,4.95499,1.77171,planned,0.49011,-1.26738,3.9048,1.374375,0.998727077,0.782091,5.229341,0
692,29.74,SS,4,-3.3366,4.99995,1.71938,planned,0.69696,-1.73484,4.88903,1.363416,0.846183458,0.769192,5.026496,0
693,29.84,SS,4,-3.34311,4.99997,1.03356,planned,0.6672,-2.21627,4.90855,1.325397,0.687930273,0.735032,4.796533,0
694,29.94,SS,4,-3.2587,4.99997,0.33043,planned,0.56935,-2.6964,4.7678,1.255736,0.536243583,0.688278,4.55908,0
695,30.04,SS,4,-3.13176,4.99996,-0.37584,planned,0.53165,-3.12585,4.75849,1.163989,0.40042881,0.628952,4.311617,0
696,30.14,SS,4,-2.95694,4.99977,-1.08421,planned,0.52704,-3.45283,4.7562,1.054512,0.286558655,0.558242,4.054899,0
697,30.24,SS,4,-2.78642,4.63068,-1.76337,planned,0.59441,-3.60628,4.7957,0.929163,0.197089404,0.477485,3.791734,0
698,30.34,SS,4,-2.58631,4.02018,-2.4063,planned,0.73644,-3.56898,4.87062,0.788892,0.130881188,0.387877,3.523878,0
699,30.44,SS,4,-2.31863,3.28283,-3.00956,planned,0.95289,-3.32016,4.98029,0.633634,0.084121399,0.293521,3.253843,0
700,30.54,SS,4,-1.96477,2.44,-3.56791,planned,1.15686,-2.64551,5.0,0.482415,0.053506296,0.214271,2.988192,0
701,30.64,SS,4,-1.54852,1.5691,-4.03196,planned,1.3619,-1.65105,5.0,0.351935,0.035042514,0.173066,2.733349,0
702,30.74,SS,4,-1.10359,0.81965,-4.20903,planned,1.42036,-1.05001,5.0,0.276506,0.023907235,0.171973,2.488381,0
703,30.84,SS,4,-0.66242,0.26736,-4.14928,planned,1.18276,-0.74597,4.33792,0.27478,0.018614063,0.201767,2.259786,0
704,30.94,SS,4,-0.30062,-0.17975,-4.08177,planned,0.96435,-0.58955,3.61161,0.32069,0.017481608,0.232917,2.066513,0
705,31.04,DS,4,-1.58441,-0.72935,-4.93512,realized,1.59277,0.41213,3.64003,0.422183,0.024168549,0.224296,1.868388,0
706,31.14,DS,4,1.5527,2.12113,3.26899,realized,-1.54427,-1.00185,-2.83267,0.423452,0.018282525,0.239395,1.766006,0
707,31.24,DS,4,1.10054,1.75052,2.56549,realized,-1.09248,-1.20237,-2.11779,0.457119,0.018771794,0.233588,1.72206,0
708,31.34,DS,4,0.647,1.16792,1.51666,realized,-0.63574,-0.93749,-1.12984,0.491224,0.02011582,0.228734,1.670224,0
709,31.44,DS,4,0.16092,1.14594,-0.66474,realized,-0.14873,-1.08395,0.87617,0.520385,0.021559519,0.226395,1.623473,0
710,31.54,DS,4,0.30765,1.47978,-1.02009,realized,-0.29585,-1.36531,1.29711,0.543686,0.022930909,0.226708,1.594323,0
711,31.64,DS,4,0.21269,1.31127,-1.18997,realized,-0.20145,-1.21884,1.41334,0.55983,0.023922734,0.229649,1.573359,0
712,31.74,DS,4,0.34001,1.43421,-0.99436,realized,-0.32982,-1.29173,1.26842,0.56866,0.024338868,0.230372,1.56098,0
713,31.84,DS,4,0.34269,1.39744,-0.88372,realized,-0.33442,-1.2412,1.14693,0.571351,0.024261346,0.228438,1.549585,0
714,31.94,DS,4,0.41941,1.46925,-0.71538,realized,-0.41246,-1.28161,1.00156,0.568688,0.023741004,0.225308,1.541918,0
715,32.04,DS,4,0.42891,1.44027,-0.61018,realized,-0.42336,-1.2464,0.89141,0.561522,0.022874902,0.220356,1.534803,0
716,32.14,DS,4,0.4399,1.41534,-0.52591,realized,-0.43522,-1.2185,0.80375,0.550551,0.021750842,0.214495,1.528658,0
717,32.24,DS,4,0.42448,1.34894,-0.47702,realized,-0.42033,-1.16034,0.74207,0.536526,0.020458649,0.207801,1.522462,0
718,32.34,DS,4,0.3992,1.2679,-0.4483,realized,-0.39524,-1.09211,0.69747,0.520067,0.019068473,0.200572,1.515883,0
719,32.44,DS,4,0.36729,1.17762,-0.43211,realized,-0.3633,-1.01709,0.66346,0.501734,0.017634891,0.192942,1.508603,0
720,32.54,DS,4,0.33431,1.08739,-0.42051,realized,-0.33017,-0.94204,0.63404,0.481995,0.016197533,0.185033,1.500512,0
721,32.64,DS,4,0.3033,1.00226,-0.40855,realized,-0.29896,-0.8707,0.60532,0.461247,0.014785501,0.176952,1.491623,0
722,32.74,DS,4,0.27582,0.92466,-0.3936,realized,-0.27127,-0.80498,0.57522,0.439827,0.013420212,0.168804,1.482033,0
723,32.84,DS,4,0.25225,0.85497,-0.37484,realized,-0.24753,-0.74528,0.54304,0.418024,0.012117288,0.160687,1.47188,0
724,32.94,DS,4,0.23223,0.79227,-0.35266,realized,-0.22737,-0.69104,0.50904,0.396087,0.010887701,0.152687,1.46131,0
725,33.04,DS,4,0.21504,0.73506,-0.32805,realized,-0.21008,-0.64123,0.47396,0.374225,0.009738568,0.144874,1.450454,0
726,33.14,DS,4,0.19987,0.68178,-0.30221,realized,-0.19482,-0.59473,0.43871,0.352616,0.008673826,0.137298,1.439419,0
727,33.24,DS,4,0.18597,0.63109,-0.27627,realized,-0.18087,-0.55054,0.40415,0.331408,0.007694831,0.129991,1.428285,0
728,33.34,DS,4,0.17281,0.58205,-0.25108,realized,-0.16766,-0.50795,0.3709,0.310723,0.006800901,0.122971,1.417105,0
729,33.44,DS,4,0.16003,0.53414,-0.2272,realized,-0.15483,-0.46657,0.3394,0.290658,0.005989776,0.116245,1.405914,0
730,33.54,DS,4,0.14748,0.48722,-0.20489,realized,-0.14223,-0.42625,0.30981,0.271291,0.005258025,0.109812,1.394732,0
731,33.64,DS,4,0.13514,0.44141,-0.1842,realized,-0.12984,-0.38706,0.28215,0.252682,0.004601375,0.103666,1.383574,0
732,33.74,DS,4,0.12308,0.39696,-0.16501,realized,-0.11773,-0.34915,0.25632,0.234875,0.004014996,0.097799,1.372446,0
733,33.84,DS,4,0.11142,0.35421,-0.14716,realized,-0.10601,-0.31277,0.23217,0.2179,0.003493734,0.092202,1.361357,0
734,33.94,DS,4,0.10026,0.31345,-0.13046,realized,-0.0948,-0.27813,0.20952,0.201777,0.003032301,0.086865,1.350314,0
735,34.04,DS,4,0.0897,0.27493,-0.11476,realized,-0.0842,-0.2454,0.18823,0.186513,0.002625424,0.08178,1.339327,0
736,34.14,DS,4,0.07981,0.23881,-0.09992,realized,-0.07427,-0.21469,0.16819,0.172107,0.002267961,0.076936,1.328403,0
737,34.24,DS,4,0.0706,0.20515,-0.08588,realized,-0.06504,-0.18607,0.14932,0.158552,0.001954981,0.072326,1.317552,0
738,34.34,DS,4,0.06209,0.17398,-0.07261,realized,-0.05651,-0.15953,0.13157,0.145834,0.001681827,0.067941,1.306781,0
739,34.44,DS,4,0.05424,0.14522,-0.06012,realized,-0.04865,-0.13503,0.11492,0.133932,0.001444147,0.063772,1.296097,0
740,34.54,DS,4,0.04701,0.11881,-0.04843,realized,-0.04142,-0.11249,0.09937,0.122824,0.001237923,0.059811,1.285506,0
741,34.64,DS,4,0.04034,0.09462,-0.0376,realized,-0.03477,-0.09184,0.08494,0.112481,0.001059472,0.056051,1.27501,0
742,34.74,DS,4,0.03419,0.07256,-0.0277,realized,-0.02864,-0.07298,0.07166,0.102875,0.000905447,0.052482,1.264612,0
743,34.84,DS,4,0.02849,0.05251,-0.01879,realized,-0.02296,-0.05582,0.05955,0.093975,0.00077283,0.049097,1.25431,0
744,34.94,DS,4,0.02318,0.03429,-0.01092,realized,-0.01768,-0.04022,0.04862,0.085748,0.000658921,0.045891,1.244102,0
745,35.04,DS,4,0.01816,0.01767,-0.00413,realized,-0.01269,-0.02598,0.03885,0.078163,0.000561336,0.042856,1.233983,0
746,35.14,DS,4,0.01337,0.00263,0.00141,realized,-0.00794,-0.01309,0.03038,0.071192,0.000478005,0.039988,1.223938,0
747,35.24,DS,4,0.00902,-0.00995,0.00512,realized,-0.00363,-0.00229,0.02384,0.064816,0.00040716,0.037284,1.21394,0
748,35.34,DS,4,0.00572,-0.01805,0.00641,realized,-0.00039,0.00465,0.02027,0.059012,0.000347236,0.034739,1.203955,0
749,35.44,DS,4,0.00391,-0.0212,0.00594,realized,0.00132,0.00727,0.01945,0.05374,0.000296651,0.032344,1.193975,0
750,35.54,DS,4,0.00303,-0.02187,0.00516,realized,0.00208,0.00773,0.01969,0.048945,0.000253838,0.030085,1.18403,0
751,35.64,DS,4,0.0025,-0.02209,0.00483,realized,0.00249,0.00781,0.01981,0.04458,0.000217455,0.027946,1.174153,0
752,35.74,DS,4,0.00211,-0.02241,0.00507,realized,0.00275,0.008,0.01948,0.040603,0.000186422,0.025914,1.164373,0
753,35.84,DS,4,0.00184,-0.0228,0.00581,realized,0.00291,0.0083,0.01874,0.036976,0.000159862,0.023982,1.15471,0
754,35.94,DS,4,0.00168,-0.02317,0.00694,realized,0.00295,0.00863,0.01769,0.033664,0.000137062,0.022144,1.14518,0
755,36.04,DS,4,0.00161,-0.02346,0.00834,realized,0.0029,0.00891,0.01641,0.030636,0.000117439,0.020398,1.135795,0
756,36.14,DS,4,0.00162,-0.02362,0.00991,realized,0.00277,0.00913,0.01498,0.027867,0.000100517,0.018742,1.126562,0
757,36.24,DS,4,0.00169,-0.02365,0.01155,realized,0.00259,0.00926,0.01348,0.025331,8.5904e-05,0.017173,1.117484,0
758,36.34,DS,4,0.00179,-0.02355,0.01319,realized,0.00238,0.0093,0.01197,0.023009,7.3275e-05,0.015693,1.10856,0
759,36.44,DS,4,0.00188,-0.02336,0.01473,realized,0.00218,0.00927,0.01052,0.020882,6.236e-05,0.014299,1.099787,0
760,36.54,DS,4,0.00194,-0.02314,0.01607,realized,0.00202,0.00923,0.0092,0.018933,5.293e-05,0.012992,1.091158,0
761,36.64,DS,4,0.00185,-0.02307,0.01705,realized,0.00201,0.00931,0.00811,0.01715,4.4794e-05,0.01177,1.082666,0
762,36.74,DS,4,0.00135,-0.02362,0.01721,realized,0.00241,0.00988,0.00752,0.015523,3.7793e-05,0.010633,1.074297,0
763,36.84,DS,4,-0.00044,-0.0261,0.01458,realized,0.00413,0.01199,0.0087,0.014056,3.1817e-05,0.009578,1.066018,0
764,36.94,DS,4,-0.00402,-0.02983,0.00591,realized,0.0077,0.01511,0.01408,0.012796,2.6917e-05,0.008588,1.057693,0
765,37.04,DS,4,-0.00579,-0.03135,0.00207,realized,0.00941,0.01622,0.01662,0.011668,2.3046e-05,0.007675,1.049241,0
766,37.14,DS,4,-0.00738,-0.03328,-0.00031,realized,0.01096,0.01747,0.01821,0.010637,1.9917e-05,0.006846,1.040773,0
767,37.24,DS,4,-0.00846,-0.03442,-0.0018,realized,0.01198,0.0182,0.01923,0.009732,1.7378e-05,0.006076,1.032311,0
768,37.34,DS,4,-0.00909,-0.03485,-0.0025,realized,0.01254,0.01843,0.01971,0.008933,1.5293e-05,0.005369,1.023886,0
769,37.44,DS,4,-0.00936,-0.03467,-0.00267,realized,0.01274,0.01826,0.01981,0.008224,1.3561e-05,0.004728,1.01552,0
770,37.54,DS,4,-0.00936,-0.03404,-0.00247,realized,0.01268,0.01778,0.01963,0.007593,1.2107e-05,0.00415,1.007224,0
771,37.64,DS,4,-0.00919,-0.0331,-0.00202,realized,0.01243,0.01708,0.01926,0.007029,1.0875e-05,0.003634,0.999005,0
772,37.74,DS,4,-0.00891,-0.03198,-0.00147,realized,0.01208,0.01626,0.0188,0.006522,9.822e-06,0.003175,0.990865,0
773,37.84,DS,4,-0.00859,-0.03079,-0.0009,realized,0.01168,0.0154,0.01831,0.006064,8.918e-06,0.00277,0.9828,0
774,37.94,DS,4,-0.00826,-0.02962,-0.00036,realized,0.01129,0.01454,0.01783,0.00565,8.138e-06,0.002417,0.974809,0
775,38.04,DS,4,-0.00795,-0.02851,0.00012,realized,0.01091,0.01372,0.0174,0.005273,7.463e-06,0.002112,0.966888,0
776,38.14,DS,4,-0.00767,-0.02747,0.00054,realized,0.01056,0.01296,0.01701,0.004928,6.877e-06,0.001856,0.959034,0
777,38.24,DS,4,-0.00742,-0.02653,0.00089,realized,0.01024,0.01227,0.01667,0.004613,6.368e-06,0.001649,0.951244,0
778,38.34,DS,4,-0.00719,-0.02566,0.00119,realized,0.00996,0.01164,0.01636,0.004325,5.924e-06,0.001492,0.943518,0
779,38.44,DS,4,-0.00699,-0.02486,0.00146,realized,0.00969,0.01106,0.01607,0.004059,5.535e-06,0.001384,0.935853,0
780,38.54,DS,4,-0.0068,-0.02412,0.00171,realized,0.00945,0.01053,0.0158,0.003814,5.193e-06,0.001323,0.92825,0
781,38.64,DS,4,-0.00663,-0.02342,0.00193,realized,0.00922,0.01004,0.01554,0.003589,4.891e-06,0.001302,0.920708,0
782,38.74,DS,4,-0.00646,-0.02277,0.00214,realized,0.009,0.00958,0.01529,0.003381,4.622e-06,0.001313,0.913226,0
783,38.84,DS,4,-0.0063,-0.02215,0.00234,realized,0.00878,0.00915,0.01504,0.003189,4.382e-06,0.001348,0.905805,0
784,38.94,DS,4,-0.00615,-0.02157,0.00252,realized,0.00858,0.00875,0.0148,0.003011,4.166e-06,0.001397,0.898443,0
785,39.04,DS,4,-0.00601,-0.02102,0.0027,realized,0.00839,0.00838,0.01457,0.002847,3.971e-06,0.001454,0.891142,0
786,39.14,DS,4,-0.00587,-0.02051,0.00286,realized,0.0082,0.00804,0.01434,0.002695,3.793e-06,0.001515,0.8839,0
787,39.24,DS,4,-0.00574,-0.02003,0.00302,realized,0.00803,0.00773,0.01411,0.002554,3.63e-06,0.001577,0.876718,0
788,39.34,DS,4,-0.00563,-0.0196,0.00316,realized,0.00787,0.00745,0.01389,0.002424,3.481e-06,0.001636,0.869594,0
789,39.44,DS,4,-0.00552,-0.0192,0.00329,realized,0.00772,0.00719,0.01368,0.002304,3.342e-06,0.001692,0.862528,0
790,39.54,DS,4,-0.00542,-0.01883,0.00342,realized,0.00758,0.00697,0.01348,0.002193,3.214e-06,0.001743,0.855521,0
791,39.64,DS,4,-0.00533,-0.0185,0.00353,realized,0.00745,0.00677,0.01327,0.00209,3.094e-06,0.00179,0.84857,0
792,39.74,DS,4,-0.00525,-0.0182,0.00365,realized,0.00733,0.00659,0.01308,0.001996,2.981e-06,0.001832,0.841677,0
793,39.84,DS,4,-0.00518,-0.01793,0.00375,realized,0.00721,0.00643,0.01288,0.001908,2.876e-06,0.001869,0.834839,0
794,39.94,DS,4,-0.00511,-0.01768,0.00386,realized,0.00711,0.0063,0.01269,0.001827,2.776e-06,0.001902,0.828058,0
795,40.04,DS,4,-0.00505,-0.01745,0.00396,realized,0.00701,0.00618,0.0125,0.001752,2.682e-06,0.00193,0.821332,0
796,40.14,DS,4,-0.00499,-0.01725,0.00406,realized,0.00692,0.00608,0.01231,0.001683,2.592e-06,0.001953,0.814661,0
797,40.24,DS,4,-0.00494,-0.01706,0.00416,realized,0.00683,0.00599,0.01213,0.001619,2.507e-06,0.001973,0.808044,0
798,40.34,DS,4,-0.00489,-0.01689,0.00426,realized,0.00675,0.00591,0.01194,0.00156,2.426e-06,0.001988,0.801482,0
799,40.44,DS,4,-0.00484,-0.01674,0.00436,realized,0.00667,0.00584,0.01176,0.001506,2.349e-06,0.002,0.794973,0
800,40.54,DS,4,-0.0048,-0.01659,0.00446,realized,0.00659,0.00579,0.01157,0.001455,2.274e-06,0.002009,0.788517,0
801,40.64,DS,4,-0.00476,-0.01646,0.00455,realized,0.00652,0.00574,0.01139,0.001408,2.203e-06,0.002014,0.782113,0
802,40.74,DS,4,-0.00472,-0.01635,0.00465,realized,0.00645,0.0057,0.01121,0.001365,2.134e-06,0.002017,0.775762,0
803,40.84,DS,4,-0.00468,-0.01624,0.00475,realized,0.00638,0.00567,0.01102,0.001324,2.069e-06,0.002017,0.769463,0
804,40.94,DS,4,-0.00464,-0.01614,0.00485,realized,0.00631,0.00565,0.01084,0.001287,2.005e-06,0.002015,0.763215,0
805,41.04,DS,4,-0.00461,-0.01604,0.00494,realized,0.00625,0.00563,0.01066,0.001251,1.944e-06,0.00201,0.757018,0
806,41.14,DS,4,-0.00458,-0.01596,0.00504,realized,0.00619,0.00562,0.01049,0.001218,1.885e-06,0.002004,0.750872,0
807,41.24,DS,4,-0.00454,-0.01588,0.00514,realized,0.00613,0.00561,0.01031,0.001187,1.827e-06,0.001996,0.744775,0
808,41.34,DS,4,-0.00451,-0.01581,0.00523,realized,0.00608,0.00561,0.01013,0.001158,1.772e-06,0.001986,0.738729,0
809,41.44,DS,4,-0.00448,-0.01575,0.00533,realized,0.00602,0.00561,0.00996,0.001131,1.719e-06,0.001974,0.732731,0
810,41.54,DS,4,-0.00446,-0.01569,0.00542,realized,0.00597,0.00562,0.00978,0.001105,1.667e-06,0.001962,0.726783,0
811,41.64,DS,4,-0.00443,-0.01563,0.00552,realized,0.00592,0.00562,0.00961,0.00108,1.617e-06,0.001948,0.720883,0
812,41.74,DS,4,-0.0044,-0.01558,0.00561,realized,0.00587,0.00564,0.00944,0.001057,1.569e-06,0.001933,0.715031,0
813,41.84,DS,4,-0.00438,-0.01553,0.00571,realized,0.00582,0.00565,0.00927,0.001034,1.522e-06,0.001917,0.709226,0
814,41.94,DS,4,-0.00435,-0.01549,0.0058,realized,0.00577,0.00567,0.0091,0.001013,1.476e-06,0.0019,0.703469,0
815,42.04,DS,4,-0.00433,-0.01545,0.00589,realized,0.00573,0.00569,0.00893,0.000993,1.432e-06,0.001883,0.697759,0
816,42.14,DS,4,-0.0043,-0.01542,0.00598,realized,0.00568,0.00571,0.00876,0.000974,1.389e-06,0.001865,0.692095,0
817,42.24,DS,4,-0.00428,-0.01539,0.00608,realized,0.00564,0.00573,0.0086,0.000955,1.348e-06,0.001846,0.686477,0
818,42.34,DS,4,-0.00426,-0.01536,0.00617,realized,0.0056,0.00576,0.00843,0.000937,1.308e-06,0.001827,0.680905,0
819,42.44,DS,4,-0.00424,-0.01533,0.00626,realized,0.00556,0.00579,0.00827,0.00092,1.269e-06,0.001807,0.675379,0
820,42.54,DS,4,-0.00422,-0.01531,0.00635,realized,0.00552,0.00582,0.00811,0.000903,1.231e-06,0.001787,0.669897,0
821,42.64,DS,4,-0.0042,-0.01529,0.00644,realized,0.00548,0.00585,0.00795,0.000887,1.194e-06,0.001767,0.66446,0
822,42.74,DS,4,-0.00418,-0.01527,0.00652,realized,0.00544,0.00588,0.00779,0.000871,1.159e-06,0.001747,0.659067,0
823,42.84,DS,4,-0.00416,-0.01525,0.00661,realized,0.00541,0.00591,0.00763,0.000856,1.125e-06,0.001726,0.653718,0
824,42.94,DS,4,-0.00414,-0.01523,0.0067,realized,0.00537,0.00595,0.00747,0.000841,1.091e-06,0.001706,0.648412,0
825,43.04,DS,4,-0.00412,-0.01522,0.00679,realized,0.00534,0.00599,0.00731,0.000827,1.059e-06,0.001685,0.64315,0
826,43.14,DS,4,-0.00411,-0.01521,0.00687,realized,0.00531,0.00602,0.00716,0.000813,1.027e-06,0.001664,0.63793,0
827,43.24,DS,4,-0.00409,-0.0152,0.00696,realized,0.00527,0.00606,0.007,0.0008,9.97e-07,0.001643,0.632752,0
828,43.34,DS,4,-0.00407,-0.01519,0.00704,realized,0.00524,0.0061,0.00685,0.000787,9.67e-07,0.001622,0.627617,0
829,43.44,DS,4,-0.00406,-0.01519,0.00713,realized,0.00521,0.00614,0.0067,0.000774,9.39e-07,0.001601,0.622523,0
830,43.54,DS,4,-0.00404,-0.01518,0.00721,realized,0.00518,0.00618,0.00655,0.000761,9.11e-07,0.00158,0.617471,0
831,43.64,DS,4,-0.00403,-0.01518,0.00729,realized,0.00515,0.00622,0.0064,0.000749,8.84e-07,0.001559,0.61246,0
832,43.74,DS,4,-0.00401,-0.01517,0.00738,realized,0.00512,0.00626,0.00625,0.000737,8.58e-07,0.001539,0.607489,0
833,43.84,DS,4,-0.004,-0.01517,0.00746,realized,0.0051,0.0063,0.0061,0.000725,8.32e-07,0.001518,0.602559,0
834,43.94,DS,4,-0.00399,-0.01517,0.00754,realized,0.00507,0.00635,0.00596,0.000714,8.07e-07,0.001498,0.597668,0
835,44.04,DS,4,-0.00397,-0.01518,0.00762,realized,0.00504,0.00639,0.00581,0.000703,7.84e-07,0.001477,0.592818,0
836,44.14,DS,4,-0.00396,-0.01518,0.0077,realized,0.00502,0.00643,0.00567,0.000692,7.6e-07,0.001457,0.588006,0
837,44.24,DS,4,-0.00395,-0.01518,0.00778,realized,0.005,0.00648,0.00553,0.000681,7.38e-07,0.001437,0.583234,0
838,44.34,DS,4,-0.00394,-0.01519,0.00785,realized,0.00497,0.00652,0.00539,0.000671,7.16e-07,0.001417,0.5785,0
839,44.44,DS,4,-0.00393,-0.01519,0.00793,realized,0.00495,0.00657,0.00525,0.00066,6.95e-07,0.001397,0.573805,0
840,44.54,DS,4,-0.00392,-0.0152,0.00801,realized,0.00493,0.00661,0.00511,0.00065,6.74e-07,0.001378,0.569148,0
841,44.64,DS,4,-0.00391,-0.01521,0.00808,realized,0.00491,0.00666,0.00497,0.00064,6.55e-07,0.001359,0.564529,0
842,44.74,DS,4,-0.0039,-0.01522,0.00816,realized,0.00489,0.00671,0.00483,0.000631,6.35e-07,0.001339,0.559947,0
843,44.84,DS,4,-0.00389,-0.01523,0.00823,realized,0.00487,0.00675,0.0047,0.000621,6.16e-07,0.001321,0.555402,0
844,44.94,DS,4,-0.00388,-0.01524,0.00831,realized,0.00485,0.0068,0.00456,0.000612,5.98e-07,0.001302,0.550894,0
845,45.04,DS,4,-0.00387,-0.01525,0.00838,realized,0.00483,0.00685,0.00443,0.000602,5.81e-07,0.001283,0.546422,0
846,45.14,DS,4,-0.00386,-0.01526,0.00845,realized,0.00481,0.0069,0.00429,0.000593,5.64e-07,0.001265,0.541987,0
847,45.24,DS,4,-0.00386,-0.01528,0.00853,realized,0.00479,0.00694,0.00416,0.000584,5.47e-07,0.001247,0.537587,0
848,45.34,DS,4,-0.00385,-0.01529,0.0086,realized,0.00478,0.00699,0.00403,0.000576,5.31e-07,0.001229,0.533224,0
849,45.44,DS,4,-0.00384,-0.01531,0.00867,realized,0.00476,0.00704,0.0039,0.000567,5.15e-07,0.001211,0.528895,0
850,45.54,DS,4,-0.00384,-0.01532,0.00874,realized,0.00475,0.00709,0.00377,0.000559,5e-07,0.001194,0.524602,0
851,45.64,DS,4,-0.00383,-0.01534,0.00881,realized,0.00473,0.00714,0.00365,0.00055,4.85e-07,0.001177,0.520343,0
852,45.74,DS,4,-0.00382,-0.01536,0.00888,realized,0.00472,0.00719,0.00352,0.000542,4.71e-07,0.00116,0.516119,0
853,45.84,DS,4,-0.00382,-0.01538,0.00894,realized,0.0047,0.00724,0.00339,0.000534,4.57e-07,0.001143,0.511929,0
854,45.94,DS,4,-0.00381,-0.0154,0.00901,realized,0.00469,0.00729,0.00327,0.000526,4.44e-07,0.001126,0.507773,0
855,46.04,DS,4,-0.00381,-0.01542,0.00908,realized,0.00468,0.00735,0.00315,0.000519,4.31e-07,0.00111,0.50365,0
856,46.14,DS,4,-0.00381,-0.01544,0.00914,realized,0.00467,0.0074,0.00302,0.000511,4.18e-07,0.001094,0.499561,0
857,46.24,DS,4,-0.0038,-0.01546,0.00921,realized,0.00466,0.00745,0.0029,0.000503,4.06e-07,0.001078,0.495505,0
858,46.34,DS,4,-0.0038,-0.01548,0.00928,realized,0.00465,0.0075,0.00278,0.000496,3.94e-07,0.001062,0.491482,0
859,46.44,DS,4,-0.0038,-0.01551,0.00934,realized,0.00464,0.00755,0.00266,0.000489,3.82e-07,0.001046,0.487491,0
860,46.54,DS,4,-0.00379,-0.01553,0.0094,realized,0.00463,0.00761,0.00254,0.000482,3.71e-07,0.001031,0.483533,0
861,46.64,DS,4,-0.00379,-0.01556,0.00947,realized,0.00462,0.00766,0.00243,0.000475,3.6e-07,0.001016,0.479606,0
862,46.74,DS,4,-0.00379,-0.01558,0.00953,realized,0.00461,0.00771,0.00231,0.000468,3.5e-07,0.001001,0.475712,0
863,46.84,DS,4,-0.00379,-0.01561,0.00959,realized,0.0046,0.00777,0.00219,0.000461,3.4e-07,0.000986,0.471849,0
864,46.94,DS,4,-0.00379,-0.01564,0.00966,realized,0.00459,0.00782,0.00208,0.000454,3.3e-07,0.000972,0.468017,0
865,47.04,DS,4,-0.00379,-0.01567,0.00972,realized,0.00459,0.00788,0.00196,0.000448,3.2e-07,0.000957,0.464216,0
866,47.14,DS,4,-0.00379,-0.0157,0.00978,realized,0.00458,0.00793,0.00185,0.000441,3.11e-07,0.000943,0.460445,0
867,47.24,DS,4,-0.00379,-0.01573,0.00984,realized,0.00458,0.00799,0.00174,0.000435,3.02e-07,0.000929,0.456705,0
868,47.34,DS,4,-0.00379,-0.01576,0.0099,realized,0.00457,0.00804,0.00162,0.000428,2.93e-07,0.000915,0.452996,0
869,47.44,DS,4,-0.00379,-0.01579,0.00996,realized,0.00457,0.0081,0.00151,0.000422,2.84e-07,0.000902,0.449316,0
870,47.54,DS,4,-0.00379,-0.01582,0.01002,realized,0.00456,0.00815,0.0014,0.000416,2.76e-07,0.000888,0.445666,0
871,47.64,DS,4,-0.00379,-0.01586,0.01008,realized,0.00456,0.00821,0.00129,0.00041,2.68e-07,0.000875,0.442045,0
872,47.74,DS,4,-0.00379,-0.01589,0.01014,realized,0.00456,0.00827,0.00118,0.000404,2.6e-07,0.000862,0.438454,0
873,47.84,DS,4,-0.0038,-0.01593,0.01019,realized,0.00455,0.00833,0.00108,0.000398,2.53e-07,0.000849,0.434892,0
874,47.94,DS,4,-0.0038,-0.01596,0.01025,realized,0.00455,0.00838,0.00097,0.000393,2.45e-07,0.000837,0.431358,0
875,48.04,DS,4,-0.0038,-0.016,0.01031,realized,0.00455,0.00844,0.00086,0.000387,2.38e-07,0.000824,0.427853,0
876,48.14,DS,4,-0.00381,-0.01604,0.01037,realized,0.00455,0.0085,0.00075,0.000382,2.31e-07,0.000812,0.424376,0
877,48.24,DS,4,-0.00381,-0.01608,0.01042,realized,0.00455,0.00856,0.00065,0.000376,2.25e-07,0.0008,0.420927,0
878,48.34,DS,4,-0.00381,-0.01612,0.01048,realized,0.00455,0.00862,0.00054,0.000371,2.18e-07,0.000788,0.417506,0
879,48.44,DS,4,-0.00382,-0.01616,0.01054,realized,0.00455,0.00868,0.00044,0.000365,2.12e-07,0.000776,0.414113,0
880,48.54,DS,4,-0.00382,-0.0162,0.01059,realized,0.00455,0.00874,0.00034,0.00036,2.06e-07,0.000765,0.410746,0
881,48.64,DS,4,-0.00383,-0.01624,0.01065,realized,0.00455,0.0088,0.00023,0.000355,2e-07,0.000753,0.407407,0
882,48.74,DS,4,-0.00384,-0.01628,0.01071,realized,0.00455,0.00886,0.00013,0.00035,1.94e-07,0.000742,0.404095,0
883,48.84,DS,4,-0.00384,-0.01633,0.01076,realized,0.00455,0.00892,3e-05,0.000345,1.89e-07,0.000731,0.400809,0
884,48.94,DS,4,-0.00385,-0.01637,0.01082,realized,0.00456,0.00899,-7e-05,0.00034,1.84e-07,0.000721,0.39755,0
885,49.04,DS,4,-0.00385,-0.01642,0.01088,realized,0.00456,0.00905,-0.00017,0.000336,1.78e-07,0.00071,0.394317,0
886,49.14,DS,4,-0.00386,-0.01647,0.01093,realized,0.00456,0.00911,-0.00028,0.000331,1.73e-07,0.0007,0.39111,0
887,49.24,DS,4,-0.00387,-0.01651,0.01099,realized,0.00457,0.00918,-0.00038,0.000326,1.69e-07,0.000689,0.387928,0
888,49.34,DS,4,-0.00388,-0.01656,0.01105,realized,0.00457,0.00924,-0.00048,0.000322,1.64e-07,0.000679,0.384772,0
889,49.44,DS,4,-0.00388,-0.01661,0.01111,realized,0.00457,0.0093,-0.00058,0.000318,1.6e-07,0.00067,0.381641,0
890,49.54,DS,4,-0.00389,-0.01667,0.01116,realized,0.00458,0.00937,-0.00068,0.000313,1.55e-07,0.00066,0.378535,0
891,49.64,DS,4,-0.0039,-0.01672,0.01122,realized,0.00459,0.00944,-0.00078,0.000309,1.51e-07,0.000651,0.375454,0
892,49.74,DS,4,-0.00391,-0.01677,0.01128,realized,0.00459,0.0095,-0.00088,0.000305,1.47e-07,0.000642,0.372397,0
893,49.84,DS,4,-0.00392,-0.01683,0.01134,realized,0.0046,0.00957,-0.00098,0.000301,1.44e-07,0.000633,0.369364,0
894,49.94,DS,4,-0.00393,-0.01689,0.0114,realized,0.0046,0.00964,-0.00108,0.000297,1.4e-07,0.000625,0.366356,0
895,50.04,DS,4,-0.00394,-0.01695,0.01146,realized,0.00461,0.00971,-0.00118,0.000294,1.37e-07,0.000617,0.363371,0
896,50.14,DS,4,-0.00395,-0.01701,0.01152,realized,0.00462,0.00978,-0.00128,0.00029,1.33e-07,0.000609,0.36041,0
897,50.24,DS,4,-0.00396,-0.01707,0.01159,realized,0.00463,0.00986,-0.00137,0.000287,1.3e-07,0.000602,0.357472,0
898,50.34,DS,4,-0.00398,-0.01714,0.01165,realized,0.00464,0.00993,-0.00147,0.000283,1.27e-07,0.000594,0.354557,0
899,50.44,DS,4,-0.00399,-0.0172,0.01171,realized,0.00465,0.01001,-0.00157,0.00028,1.25e-07,0.000588,0.351665,0
900,50.54,DS,4,-0.004,-0.01727,0.01177,realized,0.00466,0.01009,-0.00167,0.000277,1.22e-07,0.000581,0.348796,0
901,50.64,DS,4,-0.00402,-0.01734,0.01184,realized,0.00467,0.01016,-0.00177,0.000275,1.2e-07,0.000575,0.345949,0
902,50.74,DS,4,-0.00403,-0.01742,0.0119,realized,0.00468,0.01025,-0.00187,0.000272,1.18e-07,0.000569,0.343124,0
903,50.84,DS,4,-0.00405,-0.01749,0.01197,realized,0.0047,0.01033,-0.00197,0.000269,1.16e-07,0.000564,0.340321,0
904,50.94,DS,4,-0.00406,-0.01757,0.01203,realized,0.00471,0.01041,-0.00207,0.000267,1.14e-07,0.000559,0.337541,0
