t,phase,step_idx,mask_ss,theta_s_deg,Hdot_s_x,Hdot_s_y,Hdot_s_z,tau_w_x,tau_w_y,tau_w_z,torso_ref_mode,e_ori_torso_deg,e_pos_torso_x,e_pos_torso_y,e_pos_torso_z,d_ee_to_target,e_ori_ee_deg,swing_arm,stance_a_idx,stance_b_idx,swing_to_idx,gait_phase_idx
0.010000,DS,-1,0,0.000000000,nan,nan,nan,0.000000000,0.000000000,-0.000000000,ds_hold,0.000000000,0.000000000,0.000000000,0.000000000,nan,0.000000000,,2,2,-1,0
0.020000,DS,-1,0,0.000000000,nan,nan,nan,0.000000009,-0.000000000,0.000000001,ds_hold,0.000000000,-0.000000000,0.000000000,0.000000000,nan,0.000000001,,2,2,-1,0
0.030000,DS,-1,0,0.000000000,nan,nan,nan,0.000000007,-0.000000003,0.000000008,ds_hold,0.000000000,-0.000000000,0.000000000,0.000000000,nan,0.000000001,,2,2,-1,0
0.040000,DS,-1,0,0.000000000,nan,nan,nan,0.000000004,-0.000000001,0.000000008,ds_hold,0.000000000,-0.000000000,0.000000000,0.000000000,nan,0.000000001,,2,2,-1,0
0.050000,DS,-1,0,0.000000000,nan,nan,nan,0.000000001,-0.000000002,0.000000010,ds_hold,0.000000000,-0.000000000,0.000000000,0.000000000,nan,0.000000001,,2,2,-1,0
0.060000,DS,-1,0,0.000000000,nan,nan,nan,-0.000000000,-0.000000000,0.000000009,ds_hold,0.000000000,-0.000000000,0.000000000,0.000000000,nan,0.000000001,,2,2,-1,0
0.070000,DS,-1,0,0.000000000,nan,nan,nan,-0.000000001,-0.000000000,0.000000009,ds_hold,0.000000000,-0.000000000,0.000000000,0.000000000,nan,0.000000001,,2,2,-1,0
0.080000,DS,-1,0,0.000000000,nan,nan,nan,-0.000000002,0.000000000,0.000000008,ds_hold,0.000000000,-0.000000000,0.000000000,0.000000000,nan,0.000000001,,2,2,-1,0
0.090000,DS,-1,0,0.000000000,nan,nan,nan,-0.000000002,0.000000000,0.000000009,ds_hold,0.000000000,-0.000000000,0.000000000,0.000000000,nan,0.000000001,,2,2,-1,0
0.100000,DS,-1,0,0.000000000,nan,nan,nan,-0.000000002,0.000000000,0.000000008,ds_hold,0.000000000,-0.000000000,0.000000000,0.000000000,nan,0.000000001,,2,2,-1,0
0.110000,SS,0,1,0.000126526,0.457020968,-1.444434735,2.471737469,-0.647717308,1.272676841,-1.235408004,planner_track,0.006953013,0.000022931,0.000009428,0.000005775,0.799631168,0.003371617,b,2,2,3,1
0.210000,SS,0,1,0.000754840,0.606892236,-1.413427714,2.706243030,-0.839935282,1.993740748,-2.388136557,planner_track,0.011884476,0.000035501,0.000010026,0.000041540,0.797353401,0.006020830,b,2,2,3,1
0.310000,SS,0,1,0.002130296,0.678144472,-1.226729420,3.344712371,-1.059580947,2.541464890,-3.258239024,planner_track,0.013654449,-0.000042092,-0.000035087,0.000104039,0.791659445,0.009453474,b,2,2,3,1
0.410000,SS,0,1,0.004434651,0.688968641,-0.981833576,3.891933316,-1.214027114,2.934834826,-3.910494397,planner_track,0.013961069,-0.000260400,-0.000138620,0.000187400,0.781403037,0.016622470,b,2,2,3,1
0.510000,SS,0,1,0.007790462,0.627273759,-0.706139983,4.429171157,-1.274505365,3.160978020,-4.390828422,planner_track,0.013560391,-0.000644773,-0.000299630,0.000283650,0.765801462,0.028228618,b,2,2,3,1
0.610000,SS,0,1,0.012258202,0.501671087,-0.426674017,4.895266992,-1.262580311,3.241944353,-4.681695914,planner_track,0.013232718,-0.001200307,-0.000506445,0.000382690,0.744412604,0.042838105,b,2,2,3,1
0.710000,SS,0,1,0.017843366,0.321735398,-0.136146212,4.999981558,-1.190178943,3.190269245,-4.781796155,planner_track,0.013279915,-0.001916697,-0.000740002,0.000473584,0.717106087,0.058692488,b,2,2,3,1
0.810000,SS,0,1,0.024504122,0.091416180,0.112892023,4.999990998,-1.069293584,3.038839831,-4.709059804,planner_track,0.013824748,-0.002771333,-0.000977117,0.000545520,0.684029638,0.074246695,b,2,2,3,1
0.910000,SS,0,1,0.032160430,-0.187538443,0.304155503,4.999993047,-0.911141923,2.807933118,-4.479610365,planner_track,0.014709408,-0.003730344,-0.001193871,0.000589314,0.645573344,0.088384231,b,2,2,3,1
1.010000,SS,0,1,0.040701154,-0.503859675,0.441971215,4.999993488,-0.723501549,2.512578744,-4.110301048,planner_track,0.015742876,-0.004750954,-0.001367621,0.000598314,0.602333985,0.100457206,b,2,2,3,1
1.110000,SS,0,1,0.049989205,-0.848205563,0.544408513,4.999992743,-0.510248036,2.162228833,-3.616230803,planner_track,0.016792605,-0.005784272,-0.001478173,0.000568903,0.555079015,0.110225646,b,2,2,3,1
1.210000,SS,0,1,0.059865286,-1.204234758,0.628796380,4.999989562,-0.276153216,1.762773578,-3.011720894,planner_track,0.017752519,-0.006778058,-0.001508549,0.000500642,0.504710539,0.117728623,b,2,2,3,1
1.310000,SS,0,1,0.070151485,-1.551645087,0.709156644,4.999962832,-0.029046132,1.317346919,-2.309795168,planner_track,0.018492773,-0.007679162,-0.001445350,0.000396163,0.452229651,0.123131565,b,2,2,3,1
1.410000,SS,0,1,0.080653859,-1.872180081,0.847232997,4.678324507,0.219998353,0.816659835,-1.511804623,planner_track,0.018743991,-0.008437055,-0.001279089,0.000260892,0.398702971,0.126613375,b,2,2,3,1
1.510000,SS,0,1,0.091166836,-2.141473093,1.022197362,4.121607964,0.454681310,0.275364538,-0.638843125,planner_track,0.018465751,-0.009006854,-0.001004198,0.000102350,0.345227990,0.128265417,b,2,2,3,1
1.610000,SS,0,1,0.101483457,-2.353808149,1.239785051,3.438531998,0.696514124,-0.257065213,0.292136861,planner_track,0.018444256,-0.009351517,-0.000617617,-0.000070197,0.292898544,0.128045523,b,2,2,3,1
1.710000,SS,0,1,0.111385529,-2.502184592,1.449164778,2.745028445,0.793347775,-0.900858567,1.236761639,planner_track,0.016210522,-0.009438426,-0.000129804,-0.000245332,0.242770783,0.125631519,b,2,2,3,1
1.810000,SS,0,1,0.120687939,-2.542085910,1.699262748,1.896190353,0.915400780,-1.483843582,2.169380334,planner_track,0.014509541,-0.009250604,0.000456796,-0.000411913,0.195829741,0.120624080,b,2,2,3,1
1.910000,SS,0,1,0.129208828,-2.545054440,1.898758774,1.143115515,0.990161105,-2.036533485,3.017272213,planner_track,0.013432759,-0.008780583,0.001127330,-0.000558488,0.152958243,0.112452689,b,2,2,3,1
2.010000,SS,0,1,0.136791724,-2.473239672,2.104897547,0.334704035,0.988215493,-2.551563445,3.789435932,planner_track,0.013084938,-0.008033105,0.001861969,-0.000674017,0.114901961,0.100577743,b,2,2,3,1
2.110000,SS,0,1,0.143312307,-2.333989714,2.229760905,-0.358805597,0.951192860,-2.971026802,4.402843324,planner_track,0.014269025,-0.007027516,0.002638616,-0.000749466,0.082238808,0.084640230,b,2,2,3,1
2.210000,SS,0,1,0.148683715,-2.134288904,2.264265792,-0.922947284,0.881447208,-3.271733707,4.822018705,planner_track,0.016842901,-0.005794613,0.003431213,-0.000778221,0.055350378,0.064784591,b,2,2,3,1
2.310000,SS,0,1,0.152860022,-1.891763891,2.211137186,-1.354178349,0.792162353,-3.423360505,5.000000000,planner_track,0.020321595,-0.004377081,0.004211722,-0.000756835,0.034406713,0.042571171,b,2,2,3,1
2.410000,SS,0,1,0.155840575,-1.619746544,2.074740054,-1.650564465,0.691883752,-3.395459224,4.933733801,planner_track,0.024270660,-0.002829195,0.004951552,-0.000685325,0.019384533,0.025817707,b,2,2,3,1
2.510000,SS,0,1,0.157687488,-1.331769861,1.867233725,-1.815352098,0.584618204,-3.161723468,4.562818387,planner_track,0.028419564,-0.001216094,0.005622521,-0.000567518,0.010177293,0.035102167,b,2,2,3,1
2.610000,SS,0,1,0.158524203,-1.043433924,1.607378533,-1.857189677,0.469627262,-2.699420722,3.868846689,planner_track,0.032685099,0.000386330,0.006197319,-0.000411146,0.006469801,0.059300236,b,2,2,3,1
2.710000,SS,0,1,0.158537767,-0.772291511,1.319492602,-1.789557204,0.340593396,-1.990201728,2.825239526,planner_track,0.037169456,0.001891351,0.006649417,-0.000227624,0.005965755,0.082944939,b,2,2,3,1
2.810000,SS,0,1,0.157988111,-0.537875857,1.032416266,-1.631708086,0.182313277,-1.042587021,1.549509640,planner_track,0.042113677,0.003201161,0.006952604,-0.000031640,0.005912542,0.100427064,b,2,2,3,1
2.910000,SS,0,1,0.157109851,-0.366297503,0.788778430,-1.394795953,0.259770543,-0.699102665,1.384795038,planner_track,0.042371889,0.004241145,0.007081594,0.000157815,0.005701987,0.109924052,b,2,2,3,1
3.010000,SS,0,1,0.155960013,-0.248747795,0.684885425,-0.949017301,0.249575275,-0.655573035,1.130277217,planner_track,0.038462626,0.005020997,0.007048282,0.000321410,0.005428675,0.112597467,b,2,2,3,1
3.110000,SS,0,1,0.154580599,-0.182596537,0.574057217,-0.712035549,0.195101982,-0.557041341,0.991603998,planner_track,0.035413583,0.005565562,0.006883983,0.000451777,0.005165077,0.110154075,b,2,2,3,1
3.210000,SS,0,1,0.153012729,-0.145532506,0.472073881,-0.503618104,0.159345794,-0.481409943,0.842924073,planner_track,0.033300081,0.005903899,0.006612885,0.000549614,0.004940073,0.104309272,b,2,2,3,1
3.320000,DS,0,0,0.152826018,nan,nan,nan,-0.323726213,-0.782050155,0.335058362,ds_hold,0.000000000,0.000000000,0.000000000,0.000000000,0.004489236,0.133681940,b,2,3,3,2
3.330000,DS,0,0,0.152585222,nan,nan,nan,-2.975660757,-2.712194631,3.415059478,ds_hold,0.001571000,0.000016721,-0.000051558,-0.000000764,0.003636000,0.190488589,b,2,3,3,2
3.340000,DS,0,0,0.152309705,nan,nan,nan,-0.228130058,-2.555890254,5.000000000,ds_hold,0.004619079,0.000024180,-0.000132529,-0.000015410,0.002769987,0.232871572,b,2,3,3,2
3.350000,DS,0,0,0.152013668,nan,nan,nan,1.912504400,-1.699551361,5.000000000,ds_hold,0.008079977,0.000022885,-0.000243951,-0.000040620,0.002032250,0.250571976,b,2,3,3,2
3.360000,DS,0,0,0.151706176,nan,nan,nan,2.991076564,-1.292295566,5.000000000,ds_hold,0.011288939,0.000013978,-0.000381944,-0.000072237,0.001453598,0.247316760,b,2,3,3,2
3.370000,DS,0,0,0.151392819,nan,nan,nan,3.304020344,-1.179405350,5.000000000,ds_hold,0.014027782,-0.000002240,-0.000540723,-0.000106793,0.001020610,0.230433586,b,2,3,3,2
3.380000,DS,0,0,0.151077067,nan,nan,nan,3.189641822,-1.225333324,5.000000000,ds_hold,0.016310876,-0.000025930,-0.000714305,-0.000141696,0.000706093,0.207225953,b,2,3,3,2
3.390000,DS,0,0,0.150761104,nan,nan,nan,2.888696484,-1.344306383,5.000000000,ds_hold,0.018301677,-0.000057486,-0.000897268,-0.000175067,0.000482117,0.183891301,b,2,3,3,2
3.400000,DS,0,0,0.150446288,nan,nan,nan,2.533188981,-1.485919763,5.000000000,ds_hold,0.020288705,-0.000097415,-0.001085016,-0.000205551,0.000324814,0.165079245,b,2,3,3,2
3.410000,DS,0,0,0.150133376,nan,nan,nan,2.186376851,-1.623739463,5.000000000,ds_hold,0.022654758,-0.000146279,-0.001273794,-0.000232154,0.000215476,0.153365062,b,2,3,3,2
3.420000,DS,0,0,0.149822646,nan,nan,nan,1.873641154,-1.745743067,5.000000000,ds_hold,0.025800225,-0.000204674,-0.001460616,-0.000254144,0.000140165,0.148835713,b,2,3,3,2
3.430000,DS,0,0,0.149514258,nan,nan,nan,1.408113990,-1.191902017,3.261611945,ds_hold,0.029886734,-0.000271339,-0.001643049,-0.000271372,0.000088837,0.145411751,b,2,3,3,2
3.440000,DS,0,0,0.149208788,nan,nan,nan,1.079781303,-0.947465249,1.976734862,ds_hold,0.034731115,-0.000343491,-0.001819021,-0.000284230,0.000054355,0.137530512,b,2,3,3,2
3.450000,DS,0,0,0.148906913,nan,nan,nan,0.816792422,-0.762186147,0.903223738,ds_hold,0.040000322,-0.000418930,-0.001986882,-0.000293218,0.000031876,0.124739091,b,2,3,3,2
3.460000,DS,0,0,0.148609231,nan,nan,nan,0.590448117,-0.576261463,-0.030404249,ds_hold,0.045323379,-0.000495768,-0.002145470,-0.000298831,0.000018550,0.108358342,b,2,3,3,2
3.470000,DS,0,0,0.148316172,nan,nan,nan,0.391798246,-0.390389321,-0.816856846,ds_hold,0.050392659,-0.000572384,-0.002294080,-0.000301523,0.000013082,0.090270045,b,2,3,3,2
3.480000,DS,0,0,0.148027850,nan,nan,nan,0.226116663,-0.215239369,-1.431579160,ds_hold,0.055009232,-0.000647482,-0.002432473,-0.000301697,0.000013180,0.072539208,b,2,3,3,2
3.490000,DS,0,0,0.147744090,nan,nan,nan,0.096209383,-0.077151949,-1.815275184,ds_hold,0.059097412,-0.000720163,-0.002560808,-0.000299679,0.000015166,0.057749478,b,2,3,3,2
3.500000,DS,0,0,0.147464622,nan,nan,nan,0.004649205,0.018326304,-1.984223838,ds_hold,0.062688087,-0.000789933,-0.002679494,-0.000295717,0.000017296,0.049946049,b,2,3,3,2
3.510000,DS,0,0,0.147189289,nan,nan,nan,-0.031282161,0.077073744,-1.972780586,ds_hold,0.065887007,-0.000856651,-0.002789029,-0.000289926,0.000019002,0.051720615,b,2,3,3,2
3.520000,DS,0,0,0.146918102,nan,nan,nan,-0.111525358,0.203464566,-2.032219502,ds_hold,0.068827029,-0.000920260,-0.002889935,-0.000282352,0.000019936,0.058993139,b,2,3,3,2
3.530000,DS,0,0,0.146651313,nan,nan,nan,-0.226143820,0.338086426,-2.122379656,ds_hold,0.071623392,-0.000980546,-0.002982721,-0.000273082,0.000019998,0.066977464,b,2,3,3,2
3.540000,DS,0,0,0.146389363,nan,nan,nan,-0.342079349,0.443802493,-2.189986467,ds_hold,0.074363176,-0.001037230,-0.003067839,-0.000262256,0.000019376,0.073712491,b,2,3,3,2
3.550000,DS,0,0,0.146132580,nan,nan,nan,-0.439265008,0.508536415,-2.189862583,ds_hold,0.077111639,-0.001090158,-0.003145728,-0.000250008,0.000018320,0.078596697,b,2,3,3,2
3.560000,DS,0,0,0.145881042,nan,nan,nan,-0.538271586,0.562062246,-2.141581227,ds_hold,0.079915114,-0.001139339,-0.003216862,-0.000236455,0.000017041,0.081587856,b,2,3,3,2
3.570000,DS,0,0,0.145634696,nan,nan,nan,-0.621218584,0.596160137,-2.040704645,ds_hold,0.082793652,-0.001184892,-0.003281751,-0.000221700,0.000015700,0.082955198,b,2,3,3,2
3.580000,DS,0,0,0.145393406,nan,nan,nan,-0.685186630,0.614262629,-1.903008065,ds_hold,0.085741958,-0.001227019,-0.003340921,-0.000205836,0.000014405,0.083006816,b,2,3,3,2
3.590000,DS,0,0,0.145156985,nan,nan,nan,-0.731536288,0.619719783,-1.744684215,ds_hold,0.088732834,-0.001265977,-0.003394893,-0.000188944,0.000013211,0.082033363,b,2,3,3,2
3.600000,DS,0,0,0.144925209,nan,nan,nan,-0.762520090,0.614912491,-1.578732145,ds_hold,0.091723674,-0.001302045,-0.003444170,-0.000171100,0.000012141,0.080299860,b,2,3,3,2
3.610000,DS,0,0,0.144697834,nan,nan,nan,-0.780289542,0.601630254,-1.414795522,ds_hold,0.094664225,-0.001335508,-0.003489223,-0.000152378,0.000011195,0.078044329,b,2,3,3,2
3.620000,DS,0,0,0.144474612,nan,nan,nan,-0.786790500,0.581433835,-1.259701552,ds_hold,0.097503822,-0.001366641,-0.003530483,-0.000132853,0.000010363,0.075475192,b,2,3,3,2
3.630000,DS,0,0,0.144255292,nan,nan,nan,-0.783874220,0.555817446,-1.118003888,ds_hold,0.100197004,-0.001395694,-0.003568336,-0.000112604,0.000009633,0.072767982,b,2,3,3,2
3.640000,DS,0,0,0.144039636,nan,nan,nan,-0.773377697,0.526222612,-0.992403958,ds_hold,0.102707097,-0.001422894,-0.003603128,-0.000091713,0.000008993,0.070062939,b,2,3,3,2
3.650000,DS,0,0,0.143827422,nan,nan,nan,-0.757116438,0.493988692,-0.884087953,ds_hold,0.105007911,-0.001448434,-0.003635156,-0.000070265,0.000008433,0.067464308,b,2,3,3,2
3.660000,DS,0,0,0.143618447,nan,nan,nan,-0.736810477,0.460299736,-0.793033398,ds_hold,0.107083934,-0.001472475,-0.003664679,-0.000048346,0.000007944,0.065041492,b,2,3,3,2
3.670000,DS,0,0,0.143412526,nan,nan,nan,-0.713988632,0.426153027,-0.718308311,ds_hold,0.108929503,-0.001495150,-0.003691915,-0.000026047,0.000007518,0.062832021,b,2,3,3,2
3.680000,DS,0,0,0.143209496,nan,nan,nan,-0.689911212,0.392351057,-0.658355642,ds_hold,0.110547367,-0.001516565,-0.003717049,-0.000003455,0.000007147,0.060846181,b,2,3,3,2
3.690000,DS,0,0,0.143009211,nan,nan,nan,-0.665533400,0.359509447,-0.611244358,ds_hold,0.111946978,-0.001536799,-0.003740237,0.000019341,0.000006825,0.059072982,b,2,3,3,2
3.700000,DS,0,0,0.142811539,nan,nan,nan,-0.641512358,0.328073334,-0.574873543,ds_hold,0.113142723,-0.001555914,-0.003761609,0.000042254,0.000006544,0.057486857,b,2,3,3,2
3.710000,DS,0,0,0.142616359,nan,nan,nan,-0.618247817,0.298337802,-0.547126786,ds_hold,0.114152270,-0.001573956,-0.003781278,0.000065203,0.000006295,0.056054204,b,2,3,3,2
3.720000,DS,0,0,0.142423563,nan,nan,nan,-0.595998898,0.270485226,-0.525992001,ds_hold,0.114995061,-0.001590959,-0.003799338,0.000088108,0.000006073,0.054738147,b,2,3,3,2
3.730000,DS,0,0,0.142233048,nan,nan,nan,-0.575180568,0.244634648,-0.509586297,ds_hold,0.115691045,-0.001606947,-0.003815874,0.000110895,0.000005869,0.053502821,b,2,3,3,2
3.740000,DS,0,0,0.142044717,nan,nan,nan,-0.555798049,0.220765467,-0.496229208,ds_hold,0.116259734,-0.001621941,-0.003830961,0.000133496,0.000005677,0.052317218,b,2,3,3,2
3.750000,DS,0,0,0.141858478,nan,nan,nan,-0.537605254,0.198767517,-0.484552565,ds_hold,0.116719498,-0.001635960,-0.003844669,0.000155846,0.000005492,0.051156608,b,2,3,3,2
3.760000,DS,0,0,0.141674239,nan,nan,nan,-0.520345249,0.178482362,-0.473479650,ds_hold,0.117087088,-0.001649023,-0.003857064,0.000177888,0.000005310,0.050002423,b,2,3,3,2
3.770000,DS,0,0,0.141491908,nan,nan,nan,-0.503804449,0.159737281,-0.462202367,ds_hold,0.117377361,-0.001661148,-0.003868211,0.000199572,0.000005129,0.048841404,b,2,3,3,2
3.780000,DS,0,0,0.141311398,nan,nan,nan,-0.487818087,0.142365451,-0.450152629,ds_hold,0.117603169,-0.001672358,-0.003878173,0.000220850,0.000004946,0.047664527,b,2,3,3,2
3.790000,DS,0,0,0.141132621,nan,nan,nan,-0.472263324,0.126216334,-0.436970632,ds_hold,0.117775374,-0.001682679,-0.003887012,0.000241684,0.000004761,0.046465990,b,2,3,3,2
3.800000,DS,0,0,0.140955491,nan,nan,nan,-0.457050804,0.111160086,-0.422471880,ds_hold,0.117902963,-0.001692139,-0.003894791,0.000262039,0.000004575,0.045242413,b,2,3,3,2
3.810000,DS,0,0,0.140779925,nan,nan,nan,-0.442117599,0.097088431,-0.406614446,ds_hold,0.117993222,-0.001700769,-0.003901571,0.000281886,0.000004388,0.043992275,b,2,3,3,2
3.820000,DS,0,0,0.140605841,nan,nan,nan,-0.427421882,0.083913468,-0.389467600,ds_hold,0.118051953,-0.001708605,-0.003907414,0.000301200,0.000004202,0.042715562,b,2,3,3,2
3.830000,DS,0,0,0.140433161,nan,nan,nan,-0.412938873,0.071565288,-0.371182782,ds_hold,0.118083705,-0.001715685,-0.003912380,0.000319963,0.000004017,0.041413574,b,2,3,3,2
3.840000,DS,0,0,0.140261807,nan,nan,nan,-0.398657526,0.059988990,-0.351967549,ds_hold,0.118092006,-0.001722047,-0.003916527,0.000338158,0.000003835,0.040088804,b,2,3,3,2
3.850000,DS,0,0,0.140091707,nan,nan,nan,-0.384577532,0.049141491,-0.332062947,ds_hold,0.118079581,-0.001727733,-0.003919914,0.000355775,0.000003658,0.038744851,b,2,3,3,2
3.860000,DS,0,0,0.139922789,nan,nan,nan,-0.370706478,0.038988471,-0.311724504,ds_hold,0.118048550,-0.001732786,-0.003922597,0.000372804,0.000003486,0.037386317,b,2,3,3,2
3.870000,DS,0,0,0.139754985,nan,nan,nan,-0.357057146,0.029501641,-0.291206883,ds_hold,0.118000594,-0.001737247,-0.003924628,0.000389242,0.000003320,0.036018666,b,2,3,3,2
3.880000,DS,0,0,0.139588231,nan,nan,nan,-0.343645050,0.020656504,-0.270752054,ds_hold,0.117937104,-0.001741160,-0.003926060,0.000405086,0.000003161,0.034648037,b,2,3,3,2
3.890000,DS,0,0,0.139422466,nan,nan,nan,-0.330486327,0.012430655,-0.250580746,ds_hold,0.117859284,-0.001744565,-0.003926941,0.000420335,0.000003009,0.033281026,b,2,3,3,2
3.900000,DS,0,0,0.139257630,nan,nan,nan,-0.317596065,0.004802600,-0.230886785,ds_hold,0.117768245,-0.001747504,-0.003927317,0.000434993,0.000002865,0.031924431,b,2,3,3,2
3.910000,DS,0,0,0.139093668,nan,nan,nan,-0.304987112,-0.002248956,-0.211833924,ds_hold,0.117665057,-0.001750016,-0.003927232,0.000449062,0.000002728,0.030584996,b,2,3,3,2
3.920000,DS,0,0,0.138930527,nan,nan,nan,-0.292669358,-0.008745463,-0.193554696,ds_hold,0.117550796,-0.001752138,-0.003926727,0.000462548,0.000002599,0.029269151,b,2,3,3,2
3.930000,DS,0,0,0.138768157,nan,nan,nan,-0.280649424,-0.014708617,-0.176150845,ds_hold,0.117426559,-0.001753906,-0.003925839,0.000475458,0.000002477,0.027982780,b,2,3,3,2
3.940000,DS,0,0,0.138606512,nan,nan,nan,-0.268930685,-0.020160290,-0.159694924,ds_hold,0.117293478,-0.001755354,-0.003924603,0.000487800,0.000002361,0.026731023,b,2,3,3,2
3.950000,DS,0,0,0.138445546,nan,nan,nan,-0.257513548,-0.025122389,-0.144232701,ds_hold,0.117152712,-0.001756513,-0.003923052,0.000499582,0.000002253,0.025518119,b,2,3,3,2
3.960000,DS,0,0,0.138285218,nan,nan,nan,-0.246395884,-0.029616684,-0.129786055,ds_hold,0.117005435,-0.001757412,-0.003921215,0.000510813,0.000002151,0.024347308,b,2,3,3,2
3.970000,DS,0,0,0.138125488,nan,nan,nan,-0.235573552,-0.033664665,-0.116356143,ds_hold,0.116852827,-0.001758079,-0.003919121,0.000521504,0.000002055,0.023220780,b,2,3,3,2
3.980000,DS,0,0,0.137966318,nan,nan,nan,-0.225040937,-0.037287435,-0.103926630,ds_hold,0.116696048,-0.001758538,-0.003916794,0.000531665,0.000001964,0.022139689,b,2,3,3,2
3.990000,DS,0,0,0.137807673,nan,nan,nan,-0.214791482,-0.040505644,-0.092466873,ds_hold,0.116536223,-0.001758812,-0.003914258,0.000541307,0.000001879,0.021104210,b,2,3,3,2
4.000000,DS,0,0,0.137649519,nan,nan,nan,-0.204818142,-0.043339465,-0.081934945,ds_hold,0.116374421,-0.001758923,-0.003911534,0.000550441,0.000001798,0.020113644,b,2,3,3,2
4.010000,DS,0,0,0.137491825,nan,nan,nan,-0.195113779,-0.045808604,-0.072280450,ds_hold,0.116211642,-0.001758888,-0.003908641,0.000559080,0.000001722,0.019166557,b,2,3,3,2
4.020000,DS,0,0,0.137334561,nan,nan,nan,-0.185671467,-0.047932321,-0.063447090,ds_hold,0.116048803,-0.001758727,-0.003905598,0.000567235,0.000001651,0.018260938,b,2,3,3,2
4.030000,DS,0,0,0.137177699,nan,nan,nan,-0.176484707,-0.049729471,-0.055374951,ds_hold,0.115886723,-0.001758455,-0.003902421,0.000574918,0.000001583,0.017394371,b,2,3,3,2
4.040000,DS,0,0,0.137021212,nan,nan,nan,-0.167547566,-0.051218529,-0.048002515,ds_hold,0.115726125,-0.001758085,-0.003899126,0.000582141,0.000001519,0.016564202,b,2,3,3,2
4.050000,DS,0,0,0.136865076,nan,nan,nan,-0.158854750,-0.052417627,-0.041268375,ds_hold,0.115567627,-0.001757632,-0.003895727,0.000588917,0.000001459,0.015767695,b,2,3,3,2
4.060000,DS,0,0,0.136709266,nan,nan,nan,-0.150401609,-0.053344559,-0.035112679,ds_hold,0.115411742,-0.001757107,-0.003892238,0.000595260,0.000001402,0.015002167,b,2,3,3,2
4.070000,DS,0,0,0.136553761,nan,nan,nan,-0.142184107,-0.054016796,-0.029478293,ds_hold,0.115258887,-0.001756521,-0.003888670,0.000601181,0.000001347,0.014265102,b,2,3,3,2
4.080000,DS,0,0,0.136398539,nan,nan,nan,-0.134198758,-0.054451467,-0.024311708,ds_hold,0.115109385,-0.001755884,-0.003885037,0.000606694,0.000001296,0.013554228,b,2,3,3,2
4.090000,DS,0,0,0.136243581,nan,nan,nan,-0.126442542,-0.054665348,-0.019563699,ds_hold,0.114963473,-0.001755204,-0.003881348,0.000611811,0.000001247,0.012867579,b,2,3,3,2
4.100000,DS,0,0,0.136088869,nan,nan,nan,-0.118912806,-0.054674827,-0.015189760,ds_hold,0.114821314,-0.001754491,-0.003877614,0.000616547,0.000001200,0.012203520,b,2,3,3,2
4.110000,DS,0,0,0.135934384,nan,nan,nan,-0.111607178,-0.054495876,-0.011150341,ds_hold,0.114683004,-0.001753752,-0.003873846,0.000620914,0.000001155,0.011560757,b,2,3,3,2
4.120000,DS,0,0,0.135780110,nan,nan,nan,-0.104523470,-0.054144011,-0.007410898,ds_hold,0.114548586,-0.001752994,-0.003870052,0.000624926,0.000001113,0.010938324,b,2,3,3,2
4.130000,DS,0,0,0.135626032,nan,nan,nan,-0.097659601,-0.053634252,-0.003941798,ds_hold,0.114418058,-0.001752223,-0.003866241,0.000628595,0.000001072,0.010335560,b,2,3,3,2
4.140000,DS,0,0,0.135472135,nan,nan,nan,-0.091013523,-0.052981092,-0.000718090,ds_hold,0.114291386,-0.001751446,-0.003862422,0.000631935,0.000001033,0.009752073,b,2,3,3,2
4.150000,DS,0,0,0.135318406,nan,nan,nan,-0.084583173,-0.052198457,0.002280822,ds_hold,0.114168511,-0.001750667,-0.003858604,0.000634960,0.000000996,0.009187701,b,2,3,3,2
4.160000,DS,0,0,0.135164833,nan,nan,nan,-0.078366418,-0.051299679,0.005071584,ds_hold,0.114049358,-0.001749893,-0.003854793,0.000637683,0.000000960,0.008642469,b,2,3,3,2
4.170000,DS,0,0,0.135011403,nan,nan,nan,-0.072361032,-0.050297474,0.007667348,ds_hold,0.113933847,-0.001749127,-0.003850997,0.000640116,0.000000926,0.008116542,b,2,3,3,2
4.180000,DS,0,0,0.134858105,nan,nan,nan,-0.066564670,-0.049203920,0.010078261,ds_hold,0.113821891,-0.001748374,-0.003847223,0.000642273,0.000000893,0.007610192,b,2,3,3,2
4.190000,DS,0,0,0.134704930,nan,nan,nan,-0.060974857,-0.048030445,0.012311969,ds_hold,0.113713411,-0.001747638,-0.003843477,0.000644166,0.000000862,0.007123752,b,2,3,3,2
4.200000,DS,0,0,0.134551868,nan,nan,nan,-0.055588981,-0.046787824,0.014374110,ds_hold,0.113608331,-0.001746923,-0.003839766,0.000645809,0.000000832,0.006657588,b,2,3,3,2
4.210000,DS,0,0,0.134398910,nan,nan,nan,-0.050404295,-0.045486172,0.016268788,ds_hold,0.113506587,-0.001746231,-0.003836095,0.000647214,0.000000803,0.006212065,b,2,3,3,2
4.220000,DS,0,0,0.134246049,nan,nan,nan,-0.045417923,-0.044134960,0.017999025,ds_hold,0.113408121,-0.001745567,-0.003832470,0.000648393,0.000000775,0.005787532,b,2,3,3,2
4.230000,DS,0,0,0.134093276,nan,nan,nan,-0.040626866,-0.042743015,0.019567161,ds_hold,0.113312892,-0.001744931,-0.003828896,0.000649358,0.000000748,0.005384293,b,2,3,3,2
4.240000,DS,0,0,0.133940586,nan,nan,nan,-0.036028010,-0.041318543,0.020975214,ds_hold,0.113220865,-0.001744327,-0.003825377,0.000650120,0.000000722,0.005002600,b,2,3,3,2
4.250000,DS,0,0,0.133787971,nan,nan,nan,-0.031618140,-0.039869143,0.022225190,ds_hold,0.113132017,-0.001743756,-0.003821917,0.000650693,0.000000697,0.004642645,b,2,3,3,2
4.260000,DS,0,0,0.133635427,nan,nan,nan,-0.027393949,-0.038401836,0.023319332,ds_hold,0.113046334,-0.001743221,-0.003818521,0.000651086,0.000000673,0.004304548,b,2,3,3,2
4.270000,DS,0,0,0.133482949,nan,nan,nan,-0.023352048,-0.036923083,0.024260330,ds_hold,0.112963808,-0.001742721,-0.003815192,0.000651312,0.000000649,0.003988362,b,2,3,3,2
4.280000,DS,0,0,0.133330532,nan,nan,nan,-0.019488974,-0.035438819,0.025051461,ds_hold,0.112884438,-0.001742259,-0.003811933,0.000651379,0.000000627,0.003694071,b,2,3,3,2
4.290000,DS,0,0,0.133178172,nan,nan,nan,-0.015801201,-0.033954478,0.025696696,ds_hold,0.112808224,-0.001741834,-0.003808748,0.000651300,0.000000605,0.003421592,b,2,3,3,2
4.300000,DS,0,0,0.133025865,nan,nan,nan,-0.012285149,-0.032475026,0.026200751,ds_hold,0.112735168,-0.001741448,-0.003805638,0.000651083,0.000000583,0.003170784,b,2,3,3,2
4.310000,DS,0,0,0.132873609,nan,nan,nan,-0.008937185,-0.031004984,0.026569101,ds_hold,0.112665273,-0.001741100,-0.003802605,0.000650738,0.000000562,0.002941443,b,2,3,3,2
4.320000,DS,0,0,0.132721401,nan,nan,nan,-0.005753632,-0.029548464,0.026807960,ds_hold,0.112598537,-0.001740791,-0.003799652,0.000650275,0.000000542,0.002733309,b,2,3,3,2
4.330000,DS,0,0,0.132569239,nan,nan,nan,-0.002730776,-0.028109195,0.026924223,ds_hold,0.112534955,-0.001740519,-0.003796781,0.000649703,0.000000522,0.002546059,b,2,3,3,2
4.340000,DS,0,0,0.132417120,nan,nan,nan,0.000135136,-0.026690547,0.026925399,ds_hold,0.112474517,-0.001740285,-0.003793991,0.000649030,0.000000503,0.002379298,b,2,3,3,2
4.350000,DS,0,0,0.132265044,nan,nan,nan,0.002847886,-0.025295561,0.026819504,ds_hold,0.112417207,-0.001740087,-0.003791285,0.000648265,0.000000485,0.002232547,b,2,3,3,2
4.360000,DS,0,0,0.132113008,nan,nan,nan,0.005411289,-0.023926972,0.026614965,ds_hold,0.112363000,-0.001739925,-0.003788662,0.000647415,0.000000467,0.002105218,b,2,3,3,2
4.370000,DS,0,0,0.131961013,nan,nan,nan,0.007829184,-0.022587227,0.026320493,ds_hold,0.112311864,-0.001739797,-0.003786124,0.000646488,0.000000450,0.001996591,b,2,3,3,2
4.380000,DS,0,0,0.131809057,nan,nan,nan,0.010105436,-0.021278513,0.025944971,ds_hold,0.112263757,-0.001739703,-0.003783671,0.000645492,0.000000433,0.001905794,b,2,3,3,2
4.390000,DS,0,0,0.131657140,nan,nan,nan,0.012243932,-0.020002767,0.025497333,ds_hold,0.112218633,-0.001739640,-0.003781302,0.000644433,0.000000417,0.001831786,b,2,3,3,2
4.400000,DS,0,0,0.131505262,nan,nan,nan,0.014248577,-0.018761699,0.024986451,ds_hold,0.112176432,-0.001739608,-0.003779018,0.000643317,0.000000401,0.001773353,b,2,3,3,2
4.410000,DS,0,0,0.131353422,nan,nan,nan,0.016123294,-0.017556805,0.024421028,ds_hold,0.112137090,-0.001739604,-0.003776818,0.000642152,0.000000386,0.001729128,b,2,3,3,2
4.420000,DS,0,0,0.131201623,nan,nan,nan,0.017872018,-0.016389381,0.023809502,ds_hold,0.112100533,-0.001739628,-0.003774701,0.000640944,0.000000372,0.001697623,b,2,3,3,2
4.430000,DS,0,0,0.131049862,nan,nan,nan,0.019498693,-0.015260532,0.023159963,ds_hold,0.112066681,-0.001739677,-0.003772668,0.000639697,0.000000358,0.001677272,b,2,3,3,2
4.440000,DS,0,0,0.130898143,nan,nan,nan,0.021007271,-0.014171187,0.022480084,ds_hold,0.112035447,-0.001739750,-0.003770716,0.000638417,0.000000345,0.001666491,b,2,3,3,2
4.450000,DS,0,0,0.130746464,nan,nan,nan,0.022401703,-0.013122109,0.021777057,ds_hold,0.112006738,-0.001739845,-0.003768845,0.000637110,0.000000332,0.001663723,b,2,3,3,2
4.460000,DS,0,0,0.130594827,nan,nan,nan,0.023685941,-0.012113898,0.021057557,ds_hold,0.111980459,-0.001739961,-0.003767055,0.000635780,0.000000320,0.001667485,b,2,3,3,2
4.470000,DS,0,0,0.130443233,nan,nan,nan,0.024863925,-0.011147005,0.020327705,ds_hold,0.111956506,-0.001740095,-0.003765343,0.000634432,0.000000309,0.001676398,b,2,3,3,2
4.480000,DS,0,0,0.130291684,nan,nan,nan,0.025939586,-0.010221738,0.019593056,ds_hold,0.111934777,-0.001740246,-0.003763709,0.000633070,0.000000299,0.001689208,b,2,3,3,2
4.490000,DS,0,0,0.130140180,nan,nan,nan,0.026916834,-0.009338267,0.018858589,ds_hold,0.111915163,-0.001740412,-0.003762151,0.000631698,0.000000289,0.001704793,b,2,3,3,2
4.500000,DS,0,0,0.129988722,nan,nan,nan,0.027799559,-0.008496633,0.018128717,ds_hold,0.111897557,-0.001740592,-0.003760669,0.000630321,0.000000279,0.001722167,b,2,3,3,2
4.510000,DS,0,0,0.129837313,nan,nan,nan,0.028591619,-0.007696752,0.017407296,ds_hold,0.111881850,-0.001740785,-0.003759259,0.000628941,0.000000270,0.001740469,b,2,3,3,2
4.520000,DS,0,0,0.129685954,nan,nan,nan,0.029296838,-0.006938425,0.016697652,ds_hold,0.111867934,-0.001740987,-0.003757921,0.000627562,0.000000262,0.001758959,b,2,3,3,2
4.530000,DS,0,0,0.129534645,nan,nan,nan,0.029919003,-0.006221339,0.016002608,ds_hold,0.111855699,-0.001741199,-0.003756654,0.000626187,0.000000254,0.001777007,b,2,3,3,2
4.540000,DS,0,0,0.129383389,nan,nan,nan,0.030461851,-0.005545081,0.015324519,ds_hold,0.111845040,-0.001741419,-0.003755455,0.000624819,0.000000247,0.001794080,b,2,3,3,2
4.550000,DS,0,0,0.129232187,nan,nan,nan,0.030929071,-0.004909134,0.014665308,ds_hold,0.111835851,-0.001741645,-0.003754324,0.000623461,0.000000240,0.001809737,b,2,3,3,2
4.560000,DS,0,0,0.129081041,nan,nan,nan,0.031324296,-0.004312893,0.014026508,ds_hold,0.111828031,-0.001741876,-0.003753257,0.000622115,0.000000233,0.001823614,b,2,3,3,2
4.570000,DS,0,0,0.128929953,nan,nan,nan,0.031651098,-0.003755666,0.013409299,ds_hold,0.111821479,-0.001742111,-0.003752254,0.000620784,0.000000227,0.001835418,b,2,3,3,2
4.580000,DS,0,0,0.128778924,nan,nan,nan,0.031912981,-0.003236682,0.012814556,ds_hold,0.111816099,-0.001742348,-0.003751313,0.000619469,0.000000222,0.001844918,b,2,3,3,2
4.590000,DS,0,0,0.128627955,nan,nan,nan,0.032113384,-0.002755099,0.012242881,ds_hold,0.111811797,-0.001742588,-0.003750432,0.000618174,0.000000216,0.001851941,b,2,3,3,2
4.600000,DS,0,0,0.128477049,nan,nan,nan,0.032255668,-0.002310008,0.011694648,ds_hold,0.111808485,-0.001742827,-0.003749609,0.000616898,0.000000211,0.001856361,b,2,3,3,2
4.610000,SS,1,1,0.127000957,-0.079232607,-0.723349143,1.124361182,0.222274844,0.258531431,-0.253467490,planner_track,0.002050154,0.000017091,0.000012652,-0.000002335,0.799913588,0.003684962,a,2,3,3,3
4.710000,SS,1,1,0.125605150,0.047955574,-0.798854423,1.315309718,0.141863864,0.357461506,-0.497683978,planner_track,0.002301532,0.000064816,0.000021247,0.000014724,0.799674686,0.010014058,a,2,3,3,3
4.810000,SS,1,1,0.124346261,0.151848724,-0.862053352,1.511220140,0.106464722,0.474556464,-0.720459235,planner_track,0.004453876,0.000137944,0.000037818,0.000048168,0.799268777,0.019458418,a,2,3,3,3
4.910000,SS,1,1,0.123267382,0.222628272,-0.906745883,1.610664147,0.117915108,0.546758802,-0.834323601,planner_track,0.007068366,0.000230490,0.000069578,0.000094610,0.798650315,0.030488466,a,2,3,3,3
5.010000,SS,1,1,0.122395374,0.285474453,-0.994141101,1.777038326,0.113966605,0.638736172,-0.988140593,planner_track,0.010017780,0.000335252,0.000112112,0.000150334,0.797763434,0.041766751,a,2,3,3,3
5.110000,SS,1,1,0.121764454,0.345206598,-1.082546748,1.935563868,0.103272077,0.736298244,-1.150881476,planner_track,0.013123522,0.000449536,0.000167288,0.000213035,0.796552853,0.052582298,a,2,3,3,3
5.210000,SS,1,1,0.121406801,0.399874364,-1.152759096,2.059999749,0.101437751,0.811980955,-1.276552308,planner_track,0.016265334,0.000571295,0.000238892,0.000280729,0.794967548,0.062549106,a,2,3,3,3
5.310000,SS,1,1,0.121347396,0.451466400,-1.206727587,2.152751343,0.100062716,0.881317006,-1.391110377,planner_track,0.019337261,0.000697556,0.000328258,0.000351502,0.792960956,0.071375304,a,2,3,3,3
5.410000,SS,1,1,0.121608373,0.500973687,-1.245500148,2.215835834,0.098556708,0.943800748,-1.494642712,planner_track,0.022253370,0.000825443,0.000436837,0.000423772,0.790491275,0.078922621,a,2,3,3,3
5.510000,SS,1,1,0.122208936,0.547444874,-1.280720618,2.267698819,0.098957655,0.999532823,-1.586048928,planner_track,0.024954251,0.000952478,0.000566087,0.000496220,0.787521181,0.085162135,a,2,3,3,3
5.610000,SS,1,1,0.123165905,0.589843435,-1.339402918,2.351328695,0.100361797,1.054478993,-1.674361467,planner_track,0.027390125,0.001077532,0.000716973,0.000567840,0.784017129,0.090132736,a,2,3,3,3
5.710000,SS,1,1,0.124493982,0.629561392,-1.381924171,2.403716918,0.102695372,1.098299605,-1.745512930,planner_track,0.029528067,0.001200351,0.000890423,0.000637968,0.779950194,0.093927045,a,2,3,3,3
5.810000,SS,1,1,0.126203974,0.666412307,-1.408669737,2.425166989,0.106255793,1.133501470,-1.802030139,planner_track,0.031351290,0.001320110,0.001086866,0.000706029,0.775296400,0.096646603,a,2,3,3,3
5.910000,SS,1,1,0.128303375,0.700454664,-1.420613674,2.416812986,0.110502432,1.160796096,-1.845329067,planner_track,0.032854315,0.001435594,0.001306304,0.000771550,0.770036149,0.098394643,a,2,3,3,3
6.010000,SS,1,1,0.130796675,0.731600571,-1.418529791,2.379743187,0.115482276,1.180375921,-1.875667807,planner_track,0.034043539,0.001545325,0.001548412,0.000834152,0.764153932,0.099273715,a,2,3,3,3
6.110000,SS,1,1,0.133686102,0.759672096,-1.428234592,2.355345694,0.120857064,1.197998342,-1.901087257,planner_track,0.034930061,0.001648359,0.001812456,0.000893542,0.757637620,0.099385635,a,2,3,3,3
6.210000,SS,1,1,0.136972464,0.784557462,-1.438251388,2.325389215,0.126330765,1.209707213,-1.916632803,planner_track,0.035528808,0.001744671,0.002097573,0.000949590,0.750478535,0.098838835,a,2,3,3,3
6.310000,SS,1,1,0.140654164,0.806076348,-1.435374635,2.268931355,0.132111194,1.213056044,-1.918658867,planner_track,0.035860559,0.001834197,0.002402670,0.001002232,0.742671968,0.097731725,a,2,3,3,3
6.410000,SS,1,1,0.144726851,0.824171463,-1.420635065,2.187431352,0.137970514,1.209461089,-1.909101011,planner_track,0.035949005,0.001916448,0.002726340,0.001051416,0.734216989,0.096144569,a,2,3,3,3
6.510000,SS,1,1,0.149183833,0.838820918,-1.395123759,2.082516087,0.143723284,1.199449083,-1.888856037,planner_track,0.035820276,0.001990652,0.003066964,0.001097116,0.725116079,0.094144867,a,2,3,3,3
6.610000,SS,1,1,0.154016326,0.850070588,-1.361452176,1.958480706,0.149271413,1.183773390,-1.859064523,planner_track,0.035501889,0.002055905,0.003422749,0.001139315,0.715374878,0.091790131,a,2,3,3,3
6.710000,SS,1,1,0.159214250,0.859095530,-1.343020626,1.853804693,0.154119204,1.167917373,-1.827195183,planner_track,0.035019147,0.002111961,0.003791692,0.001177984,0.705001520,0.089135598,a,2,3,3,3
6.810000,SS,1,1,0.164766628,0.864511448,-1.315650942,1.729716255,0.158302306,1.144661393,-1.784195013,planner_track,0.034394519,0.002159129,0.004171835,0.001213160,0.694007033,0.086239887,a,2,3,3,3
6.910000,SS,1,1,0.170660345,0.866177367,-1.280168619,1.587908898,0.162153617,1.115886562,-1.732057814,planner_track,0.033651720,0.002197384,0.004561100,0.001244866,0.682405581,0.083148611,a,2,3,3,3
7.010000,SS,1,1,0.176880578,0.864170440,-1.237729718,1.430194362,0.165322889,1.082323721,-1.672112745,planner_track,0.032811721,0.002226499,0.004957340,0.001273141,0.670214059,0.079897153,a,2,3,3,3
7.110000,SS,1,1,0.183411024,0.858546235,-1.189274890,1.258465140,0.167842576,1.044189040,-1.604780888,planner_track,0.031894085,0.002246126,0.005358408,0.001298034,0.657451863,0.076515420,a,2,3,3,3
7.210000,SS,1,1,0.190234186,0.850553392,-1.141850925,1.085270814,0.169421320,1.003473930,-1.532814872,planner_track,0.030916073,0.002256069,0.005762116,0.001319568,0.644140562,0.073030058,a,2,3,3,3
7.310000,SS,1,1,0.197331791,0.840398348,-1.096508708,0.913220100,0.169882816,0.960011470,-1.456345708,planner_track,0.029891624,0.002256517,0.006166265,0.001337728,0.630303723,0.069468911,a,2,3,3,3
7.410000,SS,1,1,0.204684622,0.826803381,-1.046870719,0.731980255,0.169489706,0.912231514,-1.373482911,planner_track,0.028832478,0.002247795,0.006568709,0.001352504,0.615967061,0.065858707,a,2,3,3,3
7.510000,SS,1,1,0.212272306,0.809823767,-0.993778739,0.543342412,0.168300463,0.861121724,-1.285482669,planner_track,0.027749327,0.002230130,0.006967361,0.001363909,0.601158361,0.062221222,a,2,3,3,3
7.610000,SS,1,1,0.220073539,0.789613980,-0.938051319,0.349121995,0.166237514,0.806989220,-1.192990955,planner_track,0.026650993,0.002203718,0.007360215,0.001371985,0.585907230,0.058574796,a,2,3,3,3
7.710000,SS,1,1,0.228066217,0.766340941,-0.880425198,0.151111678,0.163296671,0.750174788,-1.096607240,planner_track,0.025544960,0.002168766,0.007745357,0.001376799,0.570244918,0.054935764,a,2,3,3,3
7.810000,SS,1,1,0.236227609,0.742914691,-0.821673037,-0.046171663,0.159050839,0.691391755,-0.997370434,planner_track,0.024438151,0.002125604,0.008120888,0.001378346,0.554204086,0.051319774,a,2,3,3,3
7.910000,SS,1,1,0.244534511,0.717115973,-0.761919507,-0.243646088,0.153722630,0.630328754,-0.895265399,planner_track,0.023336636,0.002074700,0.008484943,0.001376564,0.537818722,0.047742219,a,2,3,3,3
8.010000,SS,1,1,0.252963239,0.688656909,-0.701753575,-0.439964387,0.147506464,0.567520551,-0.790947548,planner_track,0.022246035,0.002016583,0.008835789,0.001371431,0.521124089,0.044218538,a,2,3,3,3
8.110000,SS,1,1,0.261489750,0.657675586,-0.641767688,-0.633472439,0.140389728,0.503260574,-0.684957034,planner_track,0.021171368,0.001951858,0.009171826,0.001362978,0.504156558,0.040763464,a,2,3,3,3
8.210000,SS,1,1,0.270089747,0.624345347,-0.582493609,-0.822538821,0.132366981,0.437942778,-0.577909610,planner_track,0.020117288,0.001881220,0.009491584,0.001351281,0.486953455,0.037391539,a,2,3,3,3
8.310000,SS,1,1,0.278738785,0.589797935,-0.520758096,-1.010296725,0.123241845,0.371475920,-0.469671450,planner_track,0.019089769,0.001805391,0.009793691,0.001336425,0.469552955,0.034115885,a,2,3,3,3
8.410000,SS,1,1,0.287412107,0.555492743,-0.451966399,-1.201326303,0.112844811,0.302317584,-0.358824449,planner_track,0.018096395,0.001724962,0.010076801,0.001318417,0.451994002,0.030947426,a,2,3,3,3
8.510000,SS,1,1,0.296084674,0.519270226,-0.385296280,-1.382911220,0.101686336,0.233274395,-0.248742752,planner_track,0.017145497,0.001640503,0.010339611,0.001297211,0.434316042,0.027897067,a,2,3,3,3
8.610000,SS,1,1,0.304731658,0.481188541,-0.321249842,-1.553666183,0.089667093,0.164023713,-0.139419646,planner_track,0.016244816,0.001552794,0.010580969,0.001272841,0.416558822,0.024978852,a,2,3,3,3
8.710000,SS,1,1,0.313328390,0.441334968,-0.260228649,-1.712174578,0.077006916,0.094018107,-0.030395863,planner_track,0.015397171,0.001462800,0.010799886,0.001245397,0.398762330,0.022212070,a,2,3,3,3
8.810000,SS,1,1,0.321850266,0.399813932,-0.202765440,-1.857286033,0.063931666,0.023125918,0.078290466,planner_track,0.014596822,0.001371643,0.010995518,0.001215002,0.380966678,0.019621446,a,2,3,3,3
8.910000,SS,1,1,0.330272486,0.358799453,-0.132585390,-2.012375219,0.050362031,-0.051455160,0.190149755,planner_track,0.013830218,0.001280188,0.011167129,0.001181737,0.363212234,0.017232754,a,2,3,3,3
9.010000,SS,1,1,0.338569876,0.317364232,-0.061056764,-2.161164678,0.036812821,-0.124999096,0.299912882,planner_track,0.013076059,0.001188930,0.011314018,0.001145566,0.345539337,0.015071610,a,2,3,3,3
9.110000,SS,1,1,0.346718137,0.274955019,0.003998084,-2.292475676,0.022662189,-0.194529301,0.403876548,planner_track,0.012327930,0.001098570,0.011435582,0.001106536,0.327987830,0.013163743,a,2,3,3,3
9.210000,SS,1,1,0.354694229,0.231793469,0.062509025,-2.404352189,0.007770089,-0.263080356,0.504982295,planner_track,0.011596318,0.001010148,0.011531360,0.001064812,0.310597003,0.011539759,a,2,3,3,3
9.310000,SS,1,1,0.362475790,0.187904860,0.114395130,-2.495456772,-0.007350549,-0.330651469,0.603394435,planner_track,0.010890179,0.000924936,0.011601020,0.001020617,0.293405580,0.010234961,a,2,3,3,3
9.410000,SS,1,1,0.370041130,0.143613973,0.163601587,-2.571580310,-0.022827723,-0.397410625,0.699296046,planner_track,0.010222657,0.000844308,0.011644326,0.000974217,0.276451673,0.009275054,a,2,3,3,3
9.510000,SS,1,1,0.377368451,0.100584668,0.235390943,-2.670470965,-0.038119309,-0.470273004,0.801117373,planner_track,0.009608618,0.000768907,0.011661101,0.000925808,0.259773130,0.008660816,a,2,3,3,3
9.610000,SS,1,1,0.384435725,0.057327761,0.297848957,-2.745105457,-0.053133699,-0.537690770,0.895329037,planner_track,0.009052552,0.000698892,0.011651167,0.000875462,0.243406823,0.008360940,a,2,3,3,3
9.710000,SS,1,1,0.391222562,0.014092215,0.350656769,-2.794925450,-0.068221281,-0.602527005,0.984303981,planner_track,0.008569919,0.000634933,0.011614485,0.000823379,0.227388100,0.008315392,a,2,3,3,3
9.810000,SS,1,1,0.397709818,-0.029023480,0.393631661,-2.819110546,-0.082825164,-0.664303068,1.068013837,planner_track,0.008171644,0.000578064,0.011551187,0.000769824,0.211750982,0.008445550,a,2,3,3,3
9.910000,SS,1,1,0.403879621,-0.071818592,0.426506878,-2.817329705,-0.096952278,-0.722949965,1.146264284,planner_track,0.007871148,0.000529634,0.011461528,0.000715124,0.196528113,0.008669147,a,2,3,3,3
10.010000,SS,1,1,0.409714773,-0.113641591,0.472296917,-2.826212937,-0.110120028,-0.784031889,1.226264915,planner_track,0.007686446,0.000490552,0.011345873,0.000659616,0.181751124,0.008917504,a,2,3,3,3
10.110000,SS,1,1,0.415198048,-0.154151184,0.526119964,-2.839487097,-0.122223529,-0.844188950,1.304323847,planner_track,0.007632522,0.000460776,0.011204618,0.000603529,0.167450472,0.009144374,a,2,3,3,3
10.210000,SS,1,1,0.420313374,-0.193238822,0.566661825,-2.824560539,-0.133647699,-0.898232487,1.373486342,planner_track,0.007717462,0.000440214,0.011038216,0.000547090,0.153654556,0.009322158,a,2,3,3,3
10.310000,SS,1,1,0.425046707,-0.230665640,0.593904152,-2.781422769,-0.144229506,-0.947388823,1.435082326,planner_track,0.007943078,0.000429321,0.010847261,0.000490606,0.140389527,0.009432736,a,2,3,3,3
10.410000,SS,1,1,0.429385841,-0.266236865,0.607864926,-2.710201372,-0.153810674,-0.991451225,1.489035517,planner_track,0.008303436,0.000428973,0.010632481,0.000434439,0.127679450,0.009464419,a,2,3,3,3
10.510000,SS,1,1,0.433320419,-0.299712463,0.608567003,-2.611296850,-0.162394128,-1.030375011,1.535269067,planner_track,0.008784970,0.000440370,0.010394723,0.000378995,0.115546286,0.009413409,a,2,3,3,3
10.610000,SS,1,1,0.436840573,-0.331639795,0.644523435,-2.565858214,-0.169018999,-1.075863582,1.589338949,planner_track,0.009372177,0.000463431,0.010134948,0.000324656,0.104010827,0.009294537,a,2,3,3,3
10.710000,SS,1,1,0.439936517,-0.360673886,0.666981064,-2.495952770,-0.174482975,-1.111971394,1.631303368,planner_track,0.010050657,0.000496919,0.009854124,0.000271638,0.093091684,0.009132117,a,2,3,3,3
10.810000,SS,1,1,0.442601270,-0.386425764,0.673548255,-2.398270368,-0.179104506,-1.141089803,1.663011895,planner_track,0.010793156,0.000540282,0.009553299,0.000220246,0.082804304,0.008956062,a,2,3,3,3
10.910000,SS,1,1,0.444830330,-0.408804095,0.664740139,-2.273325947,-0.182546917,-1.163102091,1.684710337,planner_track,0.011583386,0.000593526,0.009233656,0.000170812,0.073161412,0.008794745,a,2,3,3,3
11.010000,SS,1,1,0.446621632,-0.427687954,0.641048416,-2.122260272,-0.184909841,-1.178017069,1.696309449,planner_track,0.012402716,0.000657106,0.008896481,0.000123697,0.064173164,0.008683365,a,2,3,3,3
11.110000,SS,1,1,0.447974934,-0.443926372,0.623994377,-1.982755942,-0.185805371,-1.190977142,1.704750641,planner_track,0.013231332,0.000731090,0.008543177,0.000079269,0.055847676,0.008665637,a,2,3,3,3
11.210000,SS,1,1,0.448890560,-0.458006791,0.628757998,-1.882844506,-0.184900648,-1.203899431,1.713162017,planner_track,0.014054230,0.000813953,0.008175240,0.000037816,0.048191420,0.008782301,a,2,3,3,3
11.310000,SS,1,1,0.449370320,-0.467807595,0.617039638,-1.758301377,-0.182938294,-1.205662383,1.706803644,planner_track,0.014864082,0.000903583,0.007794210,-0.000000473,0.041208146,0.009053553,a,2,3,3,3
11.410000,SS,1,1,0.449419444,-0.473213227,0.589784252,-1.610914310,-0.180104706,-1.198411524,1.687676222,planner_track,0.015639626,0.000998689,0.007401685,-0.000035362,0.034898624,0.009482499,a,2,3,3,3
11.510000,SS,1,1,0.449046216,-0.474256456,0.548201282,-1.442141009,-0.176234869,-1.182227898,1.656022779,planner_track,0.016366256,0.001098564,0.006999362,-0.000066619,0.029261424,0.010057375,a,2,3,3,3
11.610000,SS,1,1,0.448261900,-0.470997324,0.493433407,-1.254038254,-0.171385182,-1.157217581,1.611902709,planner_track,0.017029182,0.001202941,0.006589032,-0.000094022,0.024293381,0.010760603,a,2,3,3,3
11.710000,SS,1,1,0.447079181,-0.467097028,0.476407502,-1.138833351,-0.164556116,-1.135989157,1.572498247,planner_track,0.017606436,0.001310089,0.006172622,-0.000117345,0.019990854,0.011559093,a,2,3,3,3
11.810000,SS,1,1,0.445511320,-0.459676544,0.460183809,-1.032648136,-0.156274410,-1.104960057,1.520608365,planner_track,0.018104512,0.001416485,0.005752160,-0.000136540,0.016348363,0.012398132,a,2,3,3,3
11.910000,SS,1,1,0.443574970,-0.447452362,0.430951807,-0.911567829,-0.147165982,-1.062610235,1.452835913,planner_track,0.018504965,0.001519059,0.005329666,-0.000151561,0.013355259,0.013223880,a,2,3,3,3
12.010000,SS,1,1,0.441290479,-0.430471805,0.390577158,-0.777985924,-0.137039904,-1.009881371,1.370267466,planner_track,0.018794941,0.001615540,0.004907233,-0.000162382,0.010990532,0.013992199,a,2,3,3,3
12.110000,SS,1,1,0.438681673,-0.408873892,0.340864783,-0.634860269,-0.125837724,-0.946955337,1.273144346,planner_track,0.018966638,0.001704253,0.004487039,-0.000169015,0.009212553,0.014669776,a,2,3,3,3
12.210000,SS,1,1,0.435775577,-0.381516580,0.291050613,-0.495155436,-0.113712500,-0.875745580,1.163607282,planner_track,0.019011511,0.001783750,0.004071354,-0.000171538,0.007946371,0.015229113,a,2,3,3,3
12.310000,SS,1,1,0.432601499,-0.344327936,0.267358303,-0.394445616,-0.101068746,-0.801353426,1.047625048,planner_track,0.018920729,0.001851829,0.003662564,-0.000170211,0.007079914,0.015636657,a,2,3,3,3
12.410000,SS,1,1,0.429191195,-0.302749320,0.238284510,-0.293098023,-0.086915443,-0.714586249,0.915122717,planner_track,0.018703956,0.001905772,0.003263161,-0.000165495,0.006480464,0.015856961,a,2,3,3,3
12.510000,SS,1,1,0.425580160,-0.256784545,0.205902873,-0.194883176,-0.071311342,-0.617466152,0.767860176,planner_track,0.018354014,0.001943323,0.002875663,-0.000157806,0.006025939,0.015857294,a,2,3,3,3
12.610000,SS,1,1,0.421807315,-0.206436627,0.172439671,-0.103774251,-0.054174376,-0.509968385,0.605833516,planner_track,0.017873088,0.001962463,0.002502685,-0.000147573,0.005628694,0.015609600,a,2,3,3,3
12.710000,SS,1,1,0.417914943,-0.151664907,0.140109392,-0.024036399,-0.035418605,-0.392568898,0.429519763,planner_track,0.017269230,0.001961272,0.002146940,-0.000135241,0.005240910,0.015087876,a,2,3,3,3
12.810000,SS,1,1,0.413948376,-0.092379978,0.111138083,0.039802108,-0.014388587,-0.267124690,0.240980895,planner_track,0.016574583,0.001937758,0.001811297,-0.000121312,0.004847295,0.014270163,a,2,3,3,3
12.910000,SS,1,1,0.409955841,-0.028454649,0.087315898,0.082371753,0.008402546,-0.129738274,0.041181758,planner_track,0.015835790,0.001889750,0.001498777,-0.000106346,0.004454089,0.013136557,a,2,3,3,3
13.020000,DS,1,0,0.409539918,nan,nan,nan,-0.253475642,-0.105010896,-0.527941954,ds_hold,0.000000000,0.000000000,0.000000000,0.000000000,0.004047406,0.048671869,a,3,3,3,4
13.030000,DS,1,0,0.409094181,nan,nan,nan,-1.187185809,-1.967662537,0.630807614,ds_hold,0.008126569,-0.000006676,-0.000036372,0.000001852,0.003276305,0.110523413,a,3,3,3,4
13.040000,DS,1,0,0.408632848,nan,nan,nan,0.613799337,-0.671368713,1.712765313,ds_hold,0.018579483,-0.000014554,-0.000076975,0.000001547,0.002492056,0.152483402,a,3,3,3,4
13.050000,DS,1,0,0.408167373,nan,nan,nan,1.911288359,-0.290984396,2.987598877,ds_hold,0.028562988,-0.000022526,-0.000122800,-0.000001107,0.001823198,0.167472059,a,3,3,3,4
13.060000,DS,1,0,0.407704216,nan,nan,nan,2.431397827,-0.094537248,3.223179555,ds_hold,0.036568285,-0.000030302,-0.000174180,-0.000006094,0.001298525,0.160369160,a,3,3,3,4
13.070000,DS,1,0,0.407246242,nan,nan,nan,2.426215406,-0.206832301,3.288259363,ds_hold,0.042162057,-0.000038012,-0.000230641,-0.000013153,0.000906397,0.138858376,a,3,3,3,4
13.080000,DS,1,0,0.406793916,nan,nan,nan,2.134894841,-0.285694143,3.036233221,ds_hold,0.045683697,-0.000046163,-0.000291410,-0.000021848,0.000622347,0.110377041,a,3,3,3,4
13.090000,DS,1,0,0.406346425,nan,nan,nan,1.728664758,-0.371962361,2.745220434,ds_hold,0.047937674,-0.000055289,-0.000355617,-0.000031627,0.000421008,0.081412293,a,3,3,3,4
13.100000,DS,1,0,0.405902297,nan,nan,nan,1.307627181,-0.391659407,2.375124080,ds_hold,0.049961297,-0.000065844,-0.000422500,-0.000041929,0.000280674,0.058553852,a,3,3,3,4
13.110000,DS,1,0,0.405459850,nan,nan,nan,0.972708435,-0.331971083,2.014928197,ds_hold,0.052726589,-0.000078047,-0.000491499,-0.000052243,0.000184128,0.050384189,a,3,3,3,4
13.120000,DS,1,0,0.405018005,nan,nan,nan,0.731984189,-0.239600747,1.704794502,ds_hold,0.056809810,-0.000091943,-0.000562139,-0.000062176,0.000118203,0.058304922,a,3,3,3,4
13.130000,DS,1,0,0.404576514,nan,nan,nan,0.494574793,-0.201738096,1.417296865,ds_hold,0.062346637,-0.000107571,-0.000633878,-0.000071457,0.000073528,0.071335744,a,3,3,3,4
13.140000,DS,1,0,0.404135514,nan,nan,nan,0.250875376,-0.183213081,1.101273351,ds_hold,0.069168953,-0.000125017,-0.000706074,-0.000079875,0.000043713,0.081976535,a,3,3,3,4
13.150000,DS,1,0,0.403695145,nan,nan,nan,0.011883413,-0.156006081,0.743979518,ds_hold,0.076938869,-0.000144348,-0.000778053,-0.000087250,0.000024408,0.088096124,a,3,3,3,4
13.160000,DS,1,0,0.403255470,nan,nan,nan,-0.184280751,-0.113261290,0.404524280,ds_hold,0.085260491,-0.000165563,-0.000849206,-0.000093443,0.000012807,0.089781018,a,3,3,3,4
13.170000,DS,1,0,0.402816537,nan,nan,nan,-0.325210668,-0.058549169,0.111978748,ds_hold,0.093764363,-0.000188587,-0.000919044,-0.000098371,0.000007530,0.087829263,a,3,3,3,4
13.180000,DS,1,0,0.402378405,nan,nan,nan,-0.414894187,-0.001313546,-0.122859407,ds_hold,0.102153743,-0.000213286,-0.000987223,-0.000102004,0.000006978,0.083194695,a,3,3,3,4
13.190000,DS,1,0,0.401941124,nan,nan,nan,-0.461158203,0.051328429,-0.297639750,ds_hold,0.110216874,-0.000239490,-0.001053530,-0.000104353,0.000007669,0.076790931,a,3,3,3,4
13.200000,DS,1,0,0.401504718,nan,nan,nan,-0.472145454,0.094948598,-0.413723285,ds_hold,0.117820290,-0.000267012,-0.001117876,-0.000105465,0.000007984,0.069409274,a,3,3,3,4
13.210000,DS,1,0,0.401069206,nan,nan,nan,-0.457370077,0.126573383,-0.476244895,ds_hold,0.124894858,-0.000295671,-0.001180261,-0.000105410,0.000007791,0.061683693,a,3,3,3,4
13.220000,DS,1,0,0.400634638,nan,nan,nan,-0.429167598,0.148754618,-0.505834299,ds_hold,0.131419291,-0.000325302,-0.001240743,-0.000104275,0.000007247,0.054082491,a,3,3,3,4
13.230000,DS,1,0,0.400201104,nan,nan,nan,-0.398257869,0.162522736,-0.519374109,ds_hold,0.137403938,-0.000355762,-0.001299396,-0.000102154,0.000006509,0.046930432,a,3,3,3,4
13.240000,DS,1,0,0.399768738,nan,nan,nan,-0.372219650,0.169367806,-0.528707111,ds_hold,0.142876915,-0.000386931,-0.001356283,-0.000099139,0.000005690,0.040451395,a,3,3,3,4
13.250000,DS,1,0,0.399337697,nan,nan,nan,-0.354747700,0.171375738,-0.540392099,ds_hold,0.147873909,-0.000418711,-0.001411445,-0.000095319,0.000004864,0.034819420,a,3,3,3,4
13.260000,DS,1,0,0.398908145,nan,nan,nan,-0.346475816,0.170127157,-0.556651140,ds_hold,0.152431840,-0.000451028,-0.001464901,-0.000090772,0.000004080,0.030186363,a,3,3,3,4
13.270000,DS,1,0,0.398480242,nan,nan,nan,-0.346884547,0.166569758,-0.577858160,ds_hold,0.156585476,-0.000483825,-0.001516643,-0.000085566,0.000003368,0.026676441,a,3,3,3,4
13.280000,DS,1,0,0.398054125,nan,nan,nan,-0.354642940,0.160963034,-0.602625023,ds_hold,0.160365862,-0.000517060,-0.001566651,-0.000079764,0.000002752,0.024348564,a,3,3,3,4
13.290000,DS,1,0,0.397629892,nan,nan,nan,-0.367659194,0.153382975,-0.628452405,ds_hold,0.163799937,-0.000550699,-0.001614894,-0.000073418,0.000002249,0.023144741,a,3,3,3,4
13.300000,DS,1,0,0.397207588,nan,nan,nan,-0.383171323,0.143854656,-0.651938976,ds_hold,0.166910958,-0.000584714,-0.001661348,-0.000066574,0.000001869,0.022874925,a,3,3,3,4
13.310000,DS,1,0,0.396787196,nan,nan,nan,-0.398102551,0.132605860,-0.669649194,ds_hold,0.169719479,-0.000619073,-0.001706004,-0.000059276,0.000001616,0.023271385,a,3,3,3,4
13.320000,DS,1,0,0.396368637,nan,nan,nan,-0.409678060,0.120052825,-0.678954248,ds_hold,0.172244596,-0.000653744,-0.001748877,-0.000051564,0.000001478,0.024074041,a,3,3,3,4
13.330000,DS,1,0,0.395951785,nan,nan,nan,-0.416072728,0.106727018,-0.678811305,ds_hold,0.174505098,-0.000688682,-0.001790008,-0.000043477,0.000001436,0.025086319,a,3,3,3,4
13.340000,DS,1,0,0.395536489,nan,nan,nan,-0.416811349,0.093133441,-0.670071984,ds_hold,0.176520186,-0.000723841,-0.001829462,-0.000035056,0.000001468,0.026186782,a,3,3,3,4
13.350000,DS,1,0,0.395122591,nan,nan,nan,-0.412570739,0.079598906,-0.654842481,ds_hold,0.178309584,-0.000759165,-0.001867322,-0.000026342,0.000001557,0.027314025,a,3,3,3,4
13.360000,DS,1,0,0.394709941,nan,nan,nan,-0.404638825,0.066340605,-0.635722954,ds_hold,0.179893137,-0.000794598,-0.001903679,-0.000017377,0.000001694,0.028442862,a,3,3,3,4
13.370000,DS,1,0,0.394298406,nan,nan,nan,-0.394469221,0.053542795,-0.615294796,ds_hold,0.181290151,-0.000830082,-0.001938626,-0.000008203,0.000001871,0.029562618,a,3,3,3,4
13.380000,DS,1,0,0.393887874,nan,nan,nan,-0.383263560,0.041336919,-0.595489791,ds_hold,0.182518710,-0.000865561,-0.001972253,0.000001139,0.000002078,0.030661674,a,3,3,3,4
13.390000,DS,1,0,0.393478252,nan,nan,nan,-0.371837894,0.029891880,-0.577603557,ds_hold,0.183595173,-0.000900984,-0.002004642,0.000010609,0.000002301,0.031719758,a,3,3,3,4
13.400000,DS,1,0,0.393069464,nan,nan,nan,-0.360631763,0.019359280,-0.562286302,ds_hold,0.184533907,-0.000936301,-0.002035866,0.000020170,0.000002524,0.032707253,a,3,3,3,4
13.410000,DS,1,0,0.392661450,nan,nan,nan,-0.349792769,0.009879174,-0.549722698,ds_hold,0.185347278,-0.000971466,-0.002065990,0.000029789,0.000002733,0.033589040,a,3,3,3,4
13.420000,DS,1,0,0.392254160,nan,nan,nan,-0.339276065,0.001551410,-0.539756268,ds_hold,0.186045812,-0.001006436,-0.002095068,0.000039433,0.000002917,0.034330139,a,3,3,3,4
13.430000,DS,1,0,0.391847555,nan,nan,nan,-0.328935750,-0.005562625,-0.532034509,ds_hold,0.186638494,-0.001041174,-0.002123149,0.000049074,0.000003067,0.034900974,a,3,3,3,4
13.440000,DS,1,0,0.391441604,nan,nan,nan,-0.318596243,-0.011446332,-0.526102347,ds_hold,0.187133107,-0.001075642,-0.002150275,0.000058687,0.000003176,0.035281102,a,3,3,3,4
13.450000,DS,1,0,0.391036284,nan,nan,nan,-0.308103124,-0.016121691,-0.521483289,ds_hold,0.187536592,-0.001109806,-0.002176482,0.000068248,0.000003242,0.035461088,a,3,3,3,4
13.460000,DS,1,0,0.390631576,nan,nan,nan,-0.297353613,-0.019646174,-0.517726778,ds_hold,0.187855364,-0.001143635,-0.002201804,0.000077735,0.000003264,0.035442705,a,3,3,3,4
13.470000,DS,1,0,0.390227467,nan,nan,nan,-0.286309613,-0.022104632,-0.514441127,ds_hold,0.188095573,-0.001177099,-0.002226272,0.000087129,0.000003243,0.035237889,a,3,3,3,4
13.480000,DS,1,0,0.389823949,nan,nan,nan,-0.274996372,-0.023602559,-0.511305867,ds_hold,0.188263299,-0.001210168,-0.002249914,0.000096412,0.000003185,0.034866884,a,3,3,3,4
13.490000,DS,1,0,0.389421019,nan,nan,nan,-0.263491172,-0.024257622,-0.508074236,ds_hold,0.188364668,-0.001242818,-0.002272756,0.000105569,0.000003092,0.034355969,a,3,3,3,4
13.500000,DS,1,0,0.389018676,nan,nan,nan,-0.251906423,-0.024192626,-0.504565677,ds_hold,0.188405910,-0.001275023,-0.002294825,0.000114585,0.000002970,0.033735043,a,3,3,3,4
13.510000,DS,1,0,0.388616923,nan,nan,nan,-0.240371387,-0.023528915,-0.500655078,ds_hold,0.188393359,-0.001306762,-0.002316145,0.000123448,0.000002826,0.033035298,a,3,3,3,4
13.520000,SS,2,1,0.384745433,0.930755066,-1.405519730,4.919911960,-0.687816603,0.776030868,-2.430753460,planner_track,0.012945196,-0.000269177,-0.000159328,0.000084468,0.799660562,0.027837222,b,3,3,4,5
13.620000,SS,2,1,0.381352507,1.045784245,-1.454361906,4.999789571,-0.963097046,1.329583107,-3.694779960,planner_track,0.023321105,-0.000496671,-0.000254760,0.000184460,0.797578920,0.025619940,b,3,3,4,5
13.720000,SS,2,1,0.378661058,1.036436483,-1.322255502,4.999984959,-1.160242200,1.768529366,-4.742841287,planner_track,0.032141900,-0.000764185,-0.000330500,0.000298695,0.792383393,0.023244546,b,3,3,4,5
13.820000,SS,2,1,0.376848952,0.965575402,-1.172054236,4.999990303,-1.207256887,2.105564504,-5.000000000,planner_track,0.038804187,-0.001131765,-0.000417514,0.000422116,0.783015100,0.023503521,b,3,3,4,5
13.920000,SS,2,1,0.375994897,0.825493528,-0.993521145,4.999992734,-0.998905685,2.233521469,-5.000000000,planner_track,0.044228646,-0.001671484,-0.000588976,0.000552405,0.768745171,0.029842898,b,3,3,4,5
14.020000,SS,2,1,0.376113982,0.668417508,-0.849598867,4.999994160,-0.866943181,2.391782004,-5.000000000,planner_track,0.046932254,-0.002444929,-0.000917763,0.000683019,0.749137785,0.041493302,b,3,3,4,5
14.120000,SS,2,1,0.377227353,0.499782446,-0.751023108,4.999994967,-0.760323103,2.516881045,-5.000000000,planner_track,0.047192785,-0.003475245,-0.001441083,0.000807701,0.724023136,0.057150899,b,3,3,4,5
14.220000,SS,2,1,0.379352374,0.302849815,-0.687682721,4.999995487,-0.671082968,2.604881557,-5.000000000,planner_track,0.045436399,-0.004752361,-0.002162838,0.000918707,0.693477763,0.075899953,b,3,3,4,5
14.320000,SS,2,1,0.382500012,0.083188416,-0.655521529,4.999995696,-0.618315480,2.664268830,-5.000000000,planner_track,0.041906259,-0.006237642,-0.003057375,0.001007780,0.657796895,0.096897475,b,3,3,4,5
14.420000,SS,2,1,0.386676491,-0.159872844,-0.639826657,4.999995591,-0.605082961,2.691039712,-5.000000000,planner_track,0.036932674,-0.007867961,-0.004072790,0.001067546,0.617464373,0.119253178,b,3,3,4,5
14.520000,SS,2,1,0.391882840,-0.422093662,-0.609920848,4.999995013,-0.641429903,2.667970466,-5.000000000,planner_track,0.030909198,-0.009560298,-0.005133766,0.001092074,0.573120805,0.141828943,b,3,3,4,5
14.620000,SS,2,1,0.398111465,-0.702016915,-0.540708359,4.999993357,-0.868544225,2.607621015,-5.000000000,planner_track,0.025113024,-0.011228034,-0.006147399,0.001073470,0.525482749,0.161963085,b,3,3,4,5
14.720000,SS,2,1,0.405359665,-1.011847604,-0.337515319,4.999987829,-1.099984801,2.455161353,-5.000000000,planner_track,0.022745398,-0.012783632,-0.006997674,0.001002553,0.475340072,0.175428740,b,3,3,4,5
14.820000,SS,2,1,0.413573158,-1.367260605,0.019439847,4.974340131,-0.927755626,2.023277904,-3.747702778,planner_track,0.027697013,-0.014138378,-0.007570302,0.000875656,0.423614311,0.178966763,b,3,3,4,5
14.920000,SS,2,1,0.422467571,-1.808710880,0.582926800,4.402125767,-0.426355458,1.372442448,-2.075125422,planner_track,0.041478321,-0.015277764,-0.007872750,0.000697991,0.371338365,0.172363035,b,3,3,4,5
15.020000,SS,2,1,0.431725093,-2.137303896,1.135884759,3.768781503,-0.076815270,0.776599346,-0.592895594,planner_track,0.061506321,-0.016193368,-0.007935033,0.000477767,0.319565986,0.157147097,b,3,3,4,5
15.120000,SS,2,1,0.441054584,-2.366776997,1.702493045,3.055183286,0.332629651,0.177544289,0.990766823,planner_track,0.086910641,-0.016862341,-0.007774615,0.000229867,0.269327791,0.135864642,b,3,3,4,5
15.220000,SS,2,1,0.450149531,-2.501633471,2.211826766,2.437683660,0.501718254,-0.528206570,2.020759594,planner_track,0.118530430,-0.017252756,-0.007414166,-0.000028548,0.221601260,0.111575764,b,3,3,4,5
15.320000,SS,2,1,0.458757937,-2.537573962,2.648643161,1.629792317,0.741218942,-1.181235247,3.205096873,planner_track,0.150993594,-0.017337061,-0.006858957,-0.000281949,0.177279549,0.087902681,b,3,3,4,5
15.420000,SS,2,1,0.466631334,-2.520862479,2.974138734,0.893637120,0.916073704,-1.814207283,4.161816324,planner_track,0.183279172,-0.017089535,-0.006129082,-0.000513346,0.137143854,0.069407520,b,3,3,4,5
15.520000,SS,2,1,0.473558328,-2.446457258,3.212514665,0.025657566,1.015381555,-2.390257936,4.925591233,planner_track,0.212661906,-0.016493833,-0.005246435,-0.000708342,0.101835867,0.061154014,b,3,3,4,5
15.620000,SS,2,1,0.479387591,-2.299579005,3.297008787,-0.753925140,0.906815326,-2.805765778,5.000000000,planner_track,0.235846716,-0.015535643,-0.004217925,-0.000857462,0.071825015,0.064206916,b,3,3,4,5
15.720000,SS,2,1,0.484076339,-2.099782409,3.245909263,-1.523211992,0.752515955,-3.125664861,4.956666184,planner_track,0.251608029,-0.014194778,-0.003017128,-0.000956447,0.047387107,0.073739929,b,3,3,4,5
15.820000,SS,2,1,0.487610572,-1.893590779,3.072950801,-2.221549164,0.662657962,-3.348569574,4.962674093,planner_track,0.259178286,-0.012477425,-0.001633856,-0.001004247,0.028622964,0.086042234,b,3,3,4,5
15.920000,SS,2,1,0.489981812,-1.678212962,2.791246622,-2.840875371,0.546789459,-3.410675408,4.917206642,planner_track,0.258861306,-0.010438238,-0.000084821,-0.001003676,0.015484058,0.101138391,b,3,3,4,5
16.020000,SS,2,1,0.491204688,-1.467033642,2.448869608,-3.281980825,0.557394148,-3.286577843,4.907528399,planner_track,0.252528084,-0.008174000,0.001579809,-0.000958785,0.008103670,0.119488627,b,3,3,4,5
16.120000,SS,2,1,0.491307653,-1.261332453,2.061398945,-3.511188379,0.691089257,-2.934277578,4.927165882,planner_track,0.241456700,-0.005812931,0.003261521,-0.000873609,0.006266470,0.139287082,b,3,3,4,5
16.220000,SS,2,1,0.490338032,-1.047158156,1.647528134,-3.510539167,0.937346559,-2.339564498,4.924794294,planner_track,0.226726026,-0.003517528,0.004807226,-0.000751134,0.006575613,0.156490957,b,3,3,4,5
16.320000,SS,2,1,0.488445248,-0.815430860,1.230751624,-3.251703342,0.764262370,-1.274187190,3.218275438,planner_track,0.207319030,-0.001459278,0.006057960,-0.000598499,0.006654548,0.166155849,b,3,3,4,5
16.420000,SS,2,1,0.485936708,-0.593213458,0.863130430,-2.983463410,0.678397725,-0.811985651,2.829209930,planner_track,0.190267725,0.000282015,0.006978442,-0.000434441,0.006451023,0.167421345,b,3,3,4,5
16.520000,SS,2,1,0.482931154,-0.453186738,0.676991979,-2.461689698,0.640038802,-0.659603811,2.461688841,planner_track,0.175873850,0.001713013,0.007596063,-0.000278994,0.006153844,0.162255157,b,3,3,4,5
16.620000,SS,2,1,0.479504379,-0.360055839,0.512398772,-2.115411475,0.532524855,-0.553040059,2.122165386,planner_track,0.160667101,0.002856675,0.007951592,-0.000141345,0.005849199,0.152599618,b,3,3,4,5
16.720000,SS,2,1,0.475725210,-0.290047300,0.372173722,-1.795847727,0.444021981,-0.490026831,1.819266898,planner_track,0.145318007,0.003740906,0.008081895,-0.000023329,0.005568119,0.140314448,b,3,3,4,5
16.820000,SS,2,1,0.471652835,-0.233924793,0.248095548,-1.490625483,0.364370521,-0.435995357,1.539128472,planner_track,0.130079151,0.004394332,0.008022501,0.000074839,0.005321599,0.126752457,b,3,3,4,5
16.920000,SS,2,1,0.467341416,-0.186267700,0.134955317,-1.213649922,0.289849690,-0.385385303,1.277077569,planner_track,0.115217613,0.004845345,0.007806855,0.000153968,0.005113516,0.112873926,b,3,3,4,5
17.020000,SS,2,1,0.462841147,-0.145605402,0.032433788,-0.961491801,0.220975528,-0.335194123,1.035209240,planner_track,0.101080171,0.005121350,0.007466046,0.000215428,0.004944973,0.099340267,b,3,3,4,5
17.130000,DS,2,0,0.462375142,nan,nan,nan,-0.626413212,-0.403367669,-0.940681745,ds_hold,0.000000000,0.000000000,0.000000000,0.000000000,0.004493899,0.121359972,b,3,4,4,6
17.140000,DS,2,0,0.461837199,nan,nan,nan,-1.002772601,-3.925741720,5.000000000,ds_hold,0.001038677,0.000014594,-0.000050621,0.000003170,0.003637288,0.164190619,b,3,4,4,6
17.150000,DS,2,0,0.461242150,nan,nan,nan,0.169213616,-2.686501460,5.000000000,ds_hold,0.003259338,0.000025361,-0.000118614,-0.000002429,0.002765558,0.193931663,b,3,4,4,6
17.160000,DS,2,0,0.460614019,nan,nan,nan,1.519893036,-1.163288696,5.000000000,ds_hold,0.007622719,0.000034605,-0.000201072,-0.000014365,0.002022002,0.200301434,b,3,4,4,6
17.170000,DS,2,0,0.459973356,nan,nan,nan,2.272463778,-0.073706723,5.000000000,ds_hold,0.013756460,0.000042162,-0.000293676,-0.000028973,0.001438947,0.187205879,b,3,4,4,6
17.180000,DS,2,0,0.459334228,nan,nan,nan,2.486624793,0.552409292,5.000000000,ds_hold,0.021088732,0.000046737,-0.000392644,-0.000043129,0.001003614,0.162051498,b,3,4,4,6
17.190000,DS,2,0,0.458704991,nan,nan,nan,2.385826058,0.836437151,4.972969002,ds_hold,0.029009414,0.000046790,-0.000495231,-0.000054642,0.000688796,0.132535367,b,3,4,4,6
17.200000,DS,2,0,0.458089875,nan,nan,nan,2.172511172,0.908901787,4.961873340,ds_hold,0.036972085,0.000041019,-0.000599692,-0.000062175,0.000466201,0.106174637,b,3,4,4,6
17.210000,DS,2,0,0.457490504,nan,nan,nan,1.959084267,0.857799242,4.961546006,ds_hold,0.044548960,0.000028562,-0.000705073,-0.000065061,0.000311481,0.089824775,b,3,4,4,6
17.220000,DS,2,0,0.456906984,nan,nan,nan,1.797416892,0.771457353,4.966459717,ds_hold,0.051433416,0.000008998,-0.000810990,-0.000063063,0.000205456,0.086966605,b,3,4,4,6
17.230000,DS,2,0,0.456339107,nan,nan,nan,1.705141073,0.712185573,4.972910468,ds_hold,0.057384990,-0.000017717,-0.000917338,-0.000056171,0.000133702,0.093085089,b,3,4,4,6
17.240000,DS,2,0,0.455784526,nan,nan,nan,0.876924087,0.648676476,2.184090944,ds_hold,0.062478914,-0.000050196,-0.001023072,-0.000045079,0.000085768,0.097477342,b,3,4,4,6
17.250000,DS,2,0,0.455240348,nan,nan,nan,0.499556207,0.509539061,0.526649859,ds_hold,0.067079395,-0.000086228,-0.001126392,-0.000030881,0.000054126,0.095581120,b,3,4,4,6
17.260000,DS,2,0,0.454705588,nan,nan,nan,0.300324959,0.470224866,-0.633994375,ds_hold,0.071490533,-0.000124232,-0.001226031,-0.000014299,0.000033552,0.088580015,b,3,4,4,6
17.270000,DS,2,0,0.454179700,nan,nan,nan,0.140441005,0.449752197,-1.534875975,ds_hold,0.075893203,-0.000162869,-0.001321159,0.000004136,0.000020626,0.078354519,b,3,4,4,6
17.280000,DS,2,0,0.453661973,nan,nan,nan,0.010404052,0.434522549,-2.177160750,ds_hold,0.080388858,-0.000201063,-0.001411310,0.000023980,0.000013266,0.066772994,b,3,4,4,6
17.290000,DS,2,0,0.453151581,nan,nan,nan,-0.089039905,0.419166701,-2.571633239,ds_hold,0.085027823,-0.000238042,-0.001496311,0.000044893,0.000010148,0.055656761,b,3,4,4,6
17.300000,DS,2,0,0.452647715,nan,nan,nan,-0.149067368,0.405450105,-2.742323245,ds_hold,0.089830414,-0.000273339,-0.001576205,0.000066637,0.000009725,0.047063935,b,3,4,4,6
17.310000,DS,2,0,0.452149711,nan,nan,nan,-0.177957470,0.397477509,-2.744420848,ds_hold,0.094798672,-0.000306770,-0.001651162,0.000089090,0.000010276,0.042941158,b,3,4,4,6
17.320000,DS,2,0,0.451657028,nan,nan,nan,-0.229464040,0.402584703,-2.729518979,ds_hold,0.099907055,-0.000338276,-0.001721413,0.000112188,0.000010827,0.043174001,b,3,4,4,6
17.330000,DS,2,0,0.451169310,nan,nan,nan,-0.281591129,0.388924234,-2.673638983,ds_hold,0.105108856,-0.000367803,-0.001787196,0.000135865,0.000011083,0.045942184,b,3,4,4,6
17.340000,DS,2,0,0.450686407,nan,nan,nan,-0.333434298,0.362249085,-2.602779315,ds_hold,0.110358276,-0.000395315,-0.001848727,0.000160053,0.000011044,0.049495589,b,3,4,4,6
17.350000,DS,2,0,0.450208323,nan,nan,nan,-0.385083029,0.327589644,-2.532676587,ds_hold,0.115612130,-0.000420779,-0.001906194,0.000184676,0.000010805,0.052845776,b,3,4,4,6
17.360000,DS,2,0,0.449735098,nan,nan,nan,-0.435759617,0.287914493,-2.468073948,ds_hold,0.120834873,-0.000444168,-0.001959765,0.000209653,0.000010451,0.055552771,b,3,4,4,6
17.370000,DS,2,0,0.449266640,nan,nan,nan,-0.491462753,0.245229759,-2.405451926,ds_hold,0.126002270,-0.000465510,-0.002009602,0.000234907,0.000010014,0.057449214,b,3,4,4,6
17.380000,DS,2,0,0.448802721,nan,nan,nan,-0.546710642,0.205373201,-2.319048971,ds_hold,0.131090956,-0.000484891,-0.002055889,0.000260373,0.000009518,0.058531211,b,3,4,4,6
17.390000,DS,2,0,0.448343071,nan,nan,nan,-0.596205919,0.167861850,-2.206772916,ds_hold,0.136070423,-0.000502446,-0.002098824,0.000285999,0.000008995,0.058884428,b,3,4,4,6
17.400000,DS,2,0,0.447887400,nan,nan,nan,-0.636633628,0.133200291,-2.072235460,ds_hold,0.140905104,-0.000518350,-0.002138624,0.000311749,0.000008475,0.058634554,b,3,4,4,6
17.410000,DS,2,0,0.447435413,nan,nan,nan,-0.666814779,0.101507701,-1.923122526,ds_hold,0.145556749,-0.000532797,-0.002175513,0.000337598,0.000007980,0.057925084,b,3,4,4,6
17.420000,DS,2,0,0.446986830,nan,nan,nan,-0.687510935,0.072190936,-1.768286168,ds_hold,0.149987337,-0.000545984,-0.002209716,0.000363523,0.000007520,0.056904875,b,3,4,4,6
17.430000,DS,2,0,0.446541393,nan,nan,nan,-0.699976016,0.044637764,-1.615445538,ds_hold,0.154161884,-0.000558106,-0.002241453,0.000389507,0.000007101,0.055716803,b,3,4,4,6
17.440000,DS,2,0,0.446098869,nan,nan,nan,-0.705587294,0.018358833,-1.470707932,ds_hold,0.158050612,-0.000569340,-0.002270925,0.000415529,0.000006724,0.054487128,b,3,4,4,6
17.450000,DS,2,0,0.445659055,nan,nan,nan,-0.705746427,-0.007060808,-1.338551661,ds_hold,0.161630399,-0.000579840,-0.002298318,0.000441563,0.000006388,0.053317717,b,3,4,4,6
17.460000,DS,2,0,0.445221777,nan,nan,nan,-0.701721365,-0.031983551,-1.221696090,ds_hold,0.164885598,-0.000589736,-0.002323795,0.000467580,0.000006091,0.052279985,b,3,4,4,6
17.470000,DS,2,0,0.444786887,nan,nan,nan,-0.694594663,-0.056634240,-1.121360487,ds_hold,0.167808262,-0.000599131,-0.002347495,0.000493544,0.000005832,0.051410975,b,3,4,4,6
17.480000,DS,2,0,0.444354262,nan,nan,nan,-0.685230494,-0.081081555,-1.037521152,ds_hold,0.170397867,-0.000608101,-0.002369537,0.000519413,0.000005607,0.050713812,b,3,4,4,6
17.490000,DS,2,0,0.443923792,nan,nan,nan,-0.674278455,-0.105257974,-0.969172404,ds_hold,0.172660616,-0.000616700,-0.002390020,0.000545139,0.000005413,0.050163226,b,3,4,4,6
17.500000,DS,2,0,0.443495383,nan,nan,nan,-0.662318507,-0.129053503,-0.914592097,ds_hold,0.174608442,-0.000624958,-0.002409025,0.000570669,0.000005246,0.049715007,b,3,4,4,6
17.510000,DS,2,0,0.443068946,nan,nan,nan,-0.649694493,-0.152247727,-0.871535190,ds_hold,0.176257849,-0.000632889,-0.002426619,0.000595950,0.000005102,0.049317073,b,3,4,4,6
17.520000,DS,2,0,0.442644395,nan,nan,nan,-0.636515748,-0.174559092,-0.837513043,ds_hold,0.177628711,-0.000640495,-0.002442859,0.000620923,0.000004974,0.048919384,b,3,4,4,6
17.530000,DS,2,0,0.442221643,nan,nan,nan,-0.622799010,-0.195740379,-0.810061597,ds_hold,0.178743111,-0.000647766,-0.002457796,0.000645533,0.000004857,0.048480651,b,3,4,4,6
17.540000,DS,2,0,0.441800600,nan,nan,nan,-0.608537901,-0.215600715,-0.786922777,ds_hold,0.179624307,-0.000654688,-0.002471475,0.000669723,0.000004746,0.047971472,b,3,4,4,6
17.550000,DS,2,0,0.441381173,nan,nan,nan,-0.593739719,-0.234008708,-0.766158014,ds_hold,0.180295844,-0.000661242,-0.002483938,0.000693442,0.000004637,0.047374533,b,3,4,4,6
17.560000,DS,2,0,0.440963266,nan,nan,nan,-0.578440002,-0.250887191,-0.746205200,ds_hold,0.180780819,-0.000667410,-0.002495229,0.000716639,0.000004527,0.046682932,b,3,4,4,6
17.570000,DS,2,0,0.440546781,nan,nan,nan,-0.562701824,-0.266203672,-0.725889160,ds_hold,0.181101318,-0.000673175,-0.002505389,0.000739271,0.000004413,0.045897627,b,3,4,4,6
17.580000,DS,2,0,0.440131619,nan,nan,nan,-0.546606649,-0.279959285,-0.704397954,ds_hold,0.181278010,-0.000678525,-0.002514462,0.000761297,0.000004295,0.045024774,b,3,4,4,6
17.590000,DS,2,0,0.439717682,nan,nan,nan,-0.530242773,-0.292178241,-0.681238139,ds_hold,0.181329883,-0.000683450,-0.002522492,0.000782685,0.000004172,0.044073421,b,3,4,4,6
17.600000,DS,2,0,0.439304872,nan,nan,nan,-0.513695504,-0.302899006,-0.656180616,ds_hold,0.181274106,-0.000687947,-0.002529526,0.000803404,0.000004045,0.043053771,b,3,4,4,6
17.610000,DS,2,0,0.438893094,nan,nan,nan,-0.497041092,-0.312167759,-0.629205555,ds_hold,0.181125996,-0.000692019,-0.002535610,0.000823432,0.000003915,0.041976068,b,3,4,4,6
17.620000,DS,2,0,0.438482256,nan,nan,nan,-0.480344548,-0.320034181,-0.600451392,ds_hold,0.180899063,-0.000695673,-0.002540791,0.000842750,0.000003783,0.040849994,b,3,4,4,6
17.630000,DS,2,0,0.438072272,nan,nan,nan,-0.463660409,-0.326549265,-0.570170069,ds_hold,0.180605111,-0.000698920,-0.002545117,0.000861347,0.000003650,0.039684468,b,3,4,4,6
17.640000,DS,2,0,0.437663057,nan,nan,nan,-0.447035051,-0.331764673,-0.538688825,ds_hold,0.180254381,-0.000701777,-0.002548636,0.000879212,0.000003517,0.038487695,b,3,4,4,6
17.650000,DS,2,0,0.437254534,nan,nan,nan,-0.430509314,-0.335733050,-0.506378041,ds_hold,0.179855706,-0.000704264,-0.002551395,0.000896343,0.000003387,0.037267317,b,3,4,4,6
17.660000,DS,2,0,0.436846629,nan,nan,nan,-0.414120600,-0.338508796,-0.473624486,ds_hold,0.179416685,-0.000706405,-0.002553441,0.000912738,0.000003260,0.036030586,b,3,4,4,6
17.670000,DS,2,0,0.436439273,nan,nan,nan,-0.397904067,-0.340148838,-0.440809441,ds_hold,0.178943846,-0.000708223,-0.002554821,0.000928400,0.000003136,0.034784493,b,3,4,4,6
17.680000,DS,2,0,0.436032403,nan,nan,nan,-0.381892939,-0.340713132,-0.408291405,ds_hold,0.178442805,-0.000709746,-0.002555578,0.000943334,0.000003016,0.033535809,b,3,4,4,6
17.690000,DS,2,0,0.435625961,nan,nan,nan,-0.366118146,-0.340264743,-0.376393179,ds_hold,0.177918411,-0.000710999,-0.002555755,0.000957550,0.000002901,0.032291055,b,3,4,4,6
17.700000,DS,2,0,0.435219893,nan,nan,nan,-0.350607645,-0.338869491,-0.345393095,ds_hold,0.177374872,-0.000712010,-0.002555396,0.000971056,0.000002791,0.031056398,b,3,4,4,6
17.710000,DS,2,0,0.434814150,nan,nan,nan,-0.335385689,-0.336595248,-0.315520076,ds_hold,0.176815871,-0.000712805,-0.002554538,0.000983865,0.000002685,0.029837518,b,3,4,4,6
17.720000,DS,2,0,0.434408687,nan,nan,nan,-0.320472280,-0.333510988,-0.286952026,ds_hold,0.176244660,-0.000713408,-0.002553221,0.000995989,0.000002583,0.028639452,b,3,4,4,6
17.730000,DS,2,0,0.434003463,nan,nan,nan,-0.305882908,-0.329685753,-0.259817005,ds_hold,0.175664137,-0.000713845,-0.002551480,0.001007443,0.000002486,0.027466460,b,3,4,4,6
17.740000,DS,2,0,0.433598441,nan,nan,nan,-0.291628593,-0.325187629,-0.234196515,ds_hold,0.175076912,-0.000714137,-0.002549350,0.001018241,0.000002392,0.026321920,b,3,4,4,6
17.750000,DS,2,0,0.433193587,nan,nan,nan,-0.277716217,-0.320082838,-0.210130291,ds_hold,0.174485360,-0.000714305,-0.002546862,0.001028400,0.000002301,0.025208272,b,3,4,4,6
17.760000,DS,2,0,0.432788871,nan,nan,nan,-0.264149046,-0.314434993,-0.187621983,ds_hold,0.173891656,-0.000714368,-0.002544048,0.001037935,0.000002214,0.024127014,b,3,4,4,6
17.770000,DS,2,0,0.432384265,nan,nan,nan,-0.250927376,-0.308304545,-0.166645262,ds_hold,0.173297810,-0.000714342,-0.002540935,0.001046863,0.000002130,0.023078753,b,3,4,4,6
17.780000,DS,2,0,0.431979744,nan,nan,nan,-0.238049223,-0.301748420,-0.147149919,ds_hold,0.172705680,-0.000714244,-0.002537551,0.001055200,0.000002049,0.022063295,b,3,4,4,6
17.790000,DS,2,0,0.431575285,nan,nan,nan,-0.225510982,-0.294819817,-0.129067694,ds_hold,0.172116998,-0.000714087,-0.002533922,0.001062963,0.000001970,0.021079782,b,3,4,4,6
17.800000,DS,2,0,0.431170866,nan,nan,nan,-0.213308032,-0.287568159,-0.112317602,ds_hold,0.171533367,-0.000713883,-0.002530070,0.001070169,0.000001894,0.020126834,b,3,4,4,6
17.810000,DS,2,0,0.430766470,nan,nan,nan,-0.201435229,-0.280039148,-0.096810660,ds_hold,0.170956278,-0.000713641,-0.002526019,0.001076835,0.000001820,0.019202716,b,3,4,4,6
17.820000,DS,2,0,0.430362080,nan,nan,nan,-0.189887301,-0.272274902,-0.082453934,ds_hold,0.170387104,-0.000713371,-0.002521789,0.001082978,0.000001748,0.018305496,b,3,4,4,6
17.830000,DS,2,0,0.429957679,nan,nan,nan,-0.178659139,-0.264314150,-0.069153903,ds_hold,0.169827110,-0.000713081,-0.002517402,0.001088615,0.000001679,0.017433184,b,3,4,4,6
17.840000,DS,2,0,0.429553255,nan,nan,nan,-0.167745977,-0.256192461,-0.056819160,ds_hold,0.169277444,-0.000712777,-0.002512875,0.001093763,0.000001611,0.016583861,b,3,4,4,6
17.850000,DS,2,0,0.429148794,nan,nan,nan,-0.157143503,-0.247942486,-0.045362498,ds_hold,0.168739145,-0.000712464,-0.002508226,0.001098439,0.000001545,0.015755773,b,3,4,4,6
17.860000,DS,2,0,0.428744285,nan,nan,nan,-0.146847890,-0.239594210,-0.034702433,ds_hold,0.168213142,-0.000712148,-0.002503473,0.001102659,0.000001482,0.014947407,b,3,4,4,6
17.870000,DS,2,0,0.428339719,nan,nan,nan,-0.136855782,-0.231175196,-0.024764233,ds_hold,0.167700251,-0.000711832,-0.002498632,0.001106441,0.000001420,0.014157537,b,3,4,4,6
17.880000,DS,2,0,0.427935085,nan,nan,nan,-0.127164241,-0.222710822,-0.015480531,ds_hold,0.167201180,-0.000711520,-0.002493717,0.001109802,0.000001360,0.013385247,b,3,4,4,6
17.890000,DS,2,0,0.427530377,nan,nan,nan,-0.117770679,-0.214224500,-0.006791572,ds_hold,0.166716532,-0.000711215,-0.002488744,0.001112759,0.000001302,0.012629932,b,3,4,4,6
17.900000,DS,2,0,0.427125588,nan,nan,nan,-0.108672768,-0.205737878,0.001354816,ds_hold,0.166246803,-0.000710919,-0.002483725,0.001115327,0.000001246,0.011891289,b,3,4,4,6
17.910000,DS,2,0,0.426720711,nan,nan,nan,-0.099868358,-0.197271023,0.009003497,ds_hold,0.165792392,-0.000710634,-0.002478675,0.001117525,0.000001192,0.011169294,b,3,4,4,6
17.920000,DS,2,0,0.426315741,nan,nan,nan,-0.091355390,-0.188842587,0.016192464,ds_hold,0.165353603,-0.000710362,-0.002473605,0.001119369,0.000001139,0.010464165,b,3,4,4,6
17.930000,DS,2,0,0.425910674,nan,nan,nan,-0.083131821,-0.180469946,0.022953407,ds_hold,0.164930648,-0.000710105,-0.002468527,0.001120875,0.000001089,0.009776336,b,3,4,4,6
17.940000,DS,2,0,0.425505506,nan,nan,nan,-0.075195559,-0.172169320,0.029312374,ds_hold,0.164523657,-0.000709865,-0.002463452,0.001122059,0.000001040,0.009106410,b,3,4,4,6
17.950000,DS,2,0,0.425100236,nan,nan,nan,-0.067544407,-0.163955880,0.035290466,ds_hold,0.164132679,-0.000709642,-0.002458391,0.001122939,0.000000993,0.008455136,b,3,4,4,6
17.960000,DS,2,0,0.424694860,nan,nan,nan,-0.060176017,-0.155843824,0.040904561,ds_hold,0.163757692,-0.000709437,-0.002453354,0.001123529,0.000000948,0.007823370,b,3,4,4,6
17.970000,DS,2,0,0.424289378,nan,nan,nan,-0.053087861,-0.147846449,0.046168032,ds_hold,0.163398607,-0.000709253,-0.002448351,0.001123847,0.000000905,0.007212055,b,3,4,4,6
17.980000,DS,2,0,0.423883789,nan,nan,nan,-0.046277200,-0.139976193,0.051091430,ds_hold,0.163055278,-0.000709089,-0.002443389,0.001123907,0.000000865,0.006622207,b,3,4,4,6
17.990000,DS,2,0,0.423478093,nan,nan,nan,-0.039741074,-0.132244680,0.055683132,ds_hold,0.162727503,-0.000708946,-0.002438479,0.001123725,0.000000826,0.006054905,b,3,4,4,6
18.000000,DS,2,0,0.423072290,nan,nan,nan,-0.033476290,-0.124662738,0.059949935,ds_hold,0.162415032,-0.000708826,-0.002433626,0.001123316,0.000000789,0.005511304,b,3,4,4,6
18.010000,DS,2,0,0.422666382,nan,nan,nan,-0.027479419,-0.117240415,0.063897585,ds_hold,0.162117578,-0.000708728,-0.002428839,0.001122695,0.000000754,0.004992655,b,3,4,4,6
18.020000,DS,2,0,0.422260370,nan,nan,nan,-0.021746801,-0.109986989,0.067531241,ds_hold,0.161834816,-0.000708653,-0.002424125,0.001121877,0.000000721,0.004500351,b,3,4,4,6
18.030000,DS,2,0,0.421854256,nan,nan,nan,-0.016274547,-0.102910971,0.070855873,ds_hold,0.161566390,-0.000708602,-0.002419489,0.001120875,0.000000690,0.004036005,b,3,4,4,6
18.040000,DS,2,0,0.421448043,nan,nan,nan,-0.011058550,-0.096020100,0.073876584,ds_hold,0.161311922,-0.000708574,-0.002414937,0.001119703,0.000000661,0.003601552,b,3,4,4,6
18.050000,DS,2,0,0.421041734,nan,nan,nan,-0.006094496,-0.089321348,0.076598873,ds_hold,0.161071014,-0.000708569,-0.002410475,0.001118375,0.000000634,0.003199406,b,3,4,4,6
18.060000,DS,2,0,0.420635332,nan,nan,nan,-0.001377876,-0.082820913,0.079028829,ds_hold,0.160843250,-0.000708588,-0.002406108,0.001116903,0.000000609,0.002832652,b,3,4,4,6
18.070000,DS,2,0,0.420228841,nan,nan,nan,0.003096003,-0.076524220,0.081173265,ds_hold,0.160628206,-0.000708631,-0.002401839,0.001115300,0.000000585,0.002505268,b,3,4,4,6
18.080000,DS,2,0,0.419822265,nan,nan,nan,0.007332000,-0.070435927,0.083039804,ds_hold,0.160425448,-0.000708696,-0.002397674,0.001113578,0.000000564,0.002222271,b,3,4,4,6
18.090000,DS,2,0,0.419415608,nan,nan,nan,0.011335130,-0.064559922,0.084636911,ds_hold,0.160234540,-0.000708783,-0.002393614,0.001111749,0.000000544,0.001989591,b,3,4,4,6
18.100000,DS,2,0,0.419008875,nan,nan,nan,0.015110545,-0.058899342,0.085973884,ds_hold,0.160055043,-0.000708892,-0.002389663,0.001109824,0.000000525,0.001813281,b,3,4,4,6
18.110000,DS,2,0,0.418602070,nan,nan,nan,0.018663527,-0.053456579,0.087060814,ds_hold,0.159886520,-0.000709021,-0.002385824,0.001107813,0.000000508,0.001697747,b,3,4,4,6
18.120000,DS,2,0,0.418195198,nan,nan,nan,0.021999467,-0.048233300,0.087908517,ds_hold,0.159728537,-0.000709171,-0.002382099,0.001105726,0.000000493,0.001643337,b,3,4,4,6
18.130000,DS,2,0,0.417788266,nan,nan,nan,0.025123857,-0.043230469,0.088528435,ds_hold,0.159580667,-0.000709339,-0.002378489,0.001103575,0.000000478,0.001644789,b,3,4,4,6
18.140000,DS,2,0,0.417381277,nan,nan,nan,0.028042275,-0.038448369,0.088932534,ds_hold,0.159442487,-0.000709525,-0.002374997,0.001101367,0.000000466,0.001692043,b,3,4,4,6
18.150000,DS,2,0,0.416974237,nan,nan,nan,0.030760374,-0.033886638,0.089133183,ds_hold,0.159313585,-0.000709728,-0.002371622,0.001099111,0.000000454,0.001772974,b,3,4,4,6
18.160000,DS,2,0,0.416567153,nan,nan,nan,0.033283870,-0.029544294,0.089143029,ds_hold,0.159193557,-0.000709945,-0.002368367,0.001096817,0.000000443,0.001876111,b,3,4,4,6
18.170000,DS,2,0,0.416160028,nan,nan,nan,0.035618530,-0.025419772,0.088974875,ds_hold,0.159082009,-0.000710177,-0.002365231,0.001094492,0.000000433,0.001992084,b,3,4,4,6
18.180000,DS,2,0,0.415752870,nan,nan,nan,0.037770162,-0.021510963,0.088641556,ds_hold,0.158978557,-0.000710421,-0.002362215,0.001092143,0.000000425,0.002113882,b,3,4,4,6
18.190000,DS,2,0,0.415345683,nan,nan,nan,0.039744608,-0.017815251,0.088155827,ds_hold,0.158882830,-0.000710677,-0.002359318,0.001089778,0.000000417,0.002236519,b,3,4,4,6
18.200000,DS,2,0,0.414938474,nan,nan,nan,0.041547726,-0.014329551,0.087530253,ds_hold,0.158794466,-0.000710942,-0.002356540,0.001087404,0.000000409,0.002356555,b,3,4,4,6
18.210000,DS,2,0,0.414531248,nan,nan,nan,0.043185391,-0.011050355,0.086777117,ds_hold,0.158713114,-0.000711215,-0.002353880,0.001085026,0.000000403,0.002471662,b,3,4,4,6
18.220000,DS,2,0,0.414124010,nan,nan,nan,0.044663477,-0.007973764,0.085908334,ds_hold,0.158638436,-0.000711495,-0.002351338,0.001082651,0.000000397,0.002580296,b,3,4,4,6
18.230000,DS,2,0,0.413716766,nan,nan,nan,0.045987854,-0.005095535,0.084935383,ds_hold,0.158570102,-0.000711781,-0.002348912,0.001080285,0.000000391,0.002681457,b,3,4,4,6
18.240000,DS,2,0,0.413309523,nan,nan,nan,0.047164379,-0.002411117,0.083869248,ds_hold,0.158507796,-0.000712070,-0.002346600,0.001077931,0.000000386,0.002774526,b,3,4,4,6
18.250000,DS,2,0,0.412902284,nan,nan,nan,0.048198884,0.000084310,0.082720376,ds_hold,0.158451210,-0.000712362,-0.002344403,0.001075596,0.000000381,0.002859147,b,3,4,4,6
18.260000,DS,2,0,0.412495056,nan,nan,nan,0.049097172,0.002395800,0.081498643,ds_hold,0.158400048,-0.000712656,-0.002342317,0.001073284,0.000000377,0.002935154,b,3,4,4,6
18.270000,DS,2,0,0.412087844,nan,nan,nan,0.049865008,0.004528604,0.080213337,ds_hold,0.158354023,-0.000712950,-0.002340341,0.001070999,0.000000372,0.003002508,b,3,4,4,6
18.280000,DS,2,0,0.411680653,nan,nan,nan,0.050508113,0.006488137,0.078873151,ds_hold,0.158312857,-0.000713242,-0.002338473,0.001068744,0.000000368,0.003061269,b,3,4,4,6
18.290000,DS,2,0,0.411273489,nan,nan,nan,0.051032152,0.008279949,0.077486178,ds_hold,0.158276283,-0.000713532,-0.002336712,0.001066524,0.000000363,0.003111559,b,3,4,4,6
18.300000,DS,2,0,0.410866356,nan,nan,nan,0.051442733,0.009909694,0.076059929,ds_hold,0.158244043,-0.000713819,-0.002335053,0.001064341,0.000000359,0.003153553,b,3,4,4,6
18.310000,DS,2,0,0.410459259,nan,nan,nan,0.051745395,0.011383103,0.074601342,ds_hold,0.158215886,-0.000714102,-0.002333497,0.001062199,0.000000355,0.003187460,b,3,4,4,6
18.320000,DS,2,0,0.410052204,nan,nan,nan,0.051945604,0.012705963,0.073116808,ds_hold,0.158191573,-0.000714379,-0.002332039,0.001060099,0.000000351,0.003213515,b,3,4,4,6
18.330000,DS,2,0,0.409645194,nan,nan,nan,0.052048746,0.013884088,0.071612199,ds_hold,0.158170869,-0.000714650,-0.002330678,0.001058046,0.000000346,0.003231974,b,3,4,4,6
18.340000,DS,2,0,0.409238235,nan,nan,nan,0.052060119,0.014923305,0.070092895,ds_hold,0.158153552,-0.000714914,-0.002329411,0.001056039,0.000000342,0.003243108,b,3,4,4,6
18.350000,DS,2,0,0.408831331,nan,nan,nan,0.051984929,0.015829431,0.068563816,ds_hold,0.158139405,-0.000715170,-0.002328235,0.001054083,0.000000337,0.003247200,b,3,4,4,6
18.360000,DS,2,0,0.408424486,nan,nan,nan,0.051828283,0.016608259,0.067029457,ds_hold,0.158128221,-0.000715419,-0.002327147,0.001052177,0.000000333,0.003244542,b,3,4,4,6
18.370000,DS,2,0,0.408017704,nan,nan,nan,0.051595184,0.017265539,0.065493922,ds_hold,0.158119799,-0.000715658,-0.002326146,0.001050324,0.000000328,0.003235436,b,3,4,4,6
18.380000,DS,2,0,0.407610989,nan,nan,nan,0.051290525,0.017806971,0.063960950,ds_hold,0.158113948,-0.000715888,-0.002325228,0.001048525,0.000000323,0.003220186,b,3,4,4,6
18.390000,DS,2,0,0.407204346,nan,nan,nan,0.050919086,0.018238189,0.062433954,ds_hold,0.158110483,-0.000716107,-0.002324391,0.001046781,0.000000317,0.003199104,b,3,4,4,6
18.400000,DS,2,0,0.406797778,nan,nan,nan,0.050485525,0.018564750,0.060916047,ds_hold,0.158109228,-0.000716317,-0.002323631,0.001045093,0.000000312,0.003172502,b,3,4,4,6
18.410000,DS,2,0,0.406391289,nan,nan,nan,0.049994380,0.018792126,0.059410066,ds_hold,0.158110013,-0.000716516,-0.002322946,0.001043461,0.000000306,0.003140696,b,3,4,4,6
18.420000,DS,2,0,0.405984882,nan,nan,nan,0.049450060,0.018925699,0.057918604,ds_hold,0.158112676,-0.000716704,-0.002322333,0.001041886,0.000000301,0.003104004,b,3,4,4,6
18.430000,DS,2,0,0.405578560,nan,nan,nan,0.048856846,0.018970748,0.056444026,ds_hold,0.158117065,-0.000716881,-0.002321789,0.001040368,0.000000295,0.003062740,b,3,4,4,6
18.440000,DS,2,0,0.405172327,nan,nan,nan,0.048218886,0.018932446,0.054988493,ds_hold,0.158123031,-0.000717047,-0.002321311,0.001038908,0.000000289,0.003017221,b,3,4,4,6
18.450000,SS,3,1,0.401165996,-0.067959437,-0.876172795,1.137295198,0.230842039,0.249944558,-0.047110648,planner_track,0.001800215,0.000018036,0.000009767,-0.000002675,0.799904924,0.004470048,a,3,4,4,7
18.550000,SS,3,1,0.397263672,0.072194241,-0.969248487,1.345576666,0.141048258,0.396665746,-0.463434255,planner_track,0.002755667,0.000068503,0.000022190,0.000017516,0.799640197,0.011838266,a,3,4,4,7
18.650000,SS,3,1,0.393539159,0.187230448,-1.040790351,1.555963723,0.119406832,0.492822536,-0.657892058,planner_track,0.005215475,0.000145112,0.000047680,0.000056896,0.799185085,0.022819768,a,3,4,4,7
18.750000,SS,3,1,0.390031278,0.271120914,-1.127170574,1.696128645,0.125871033,0.559941958,-0.729613808,planner_track,0.008156327,0.000240183,0.000088487,0.000111238,0.798483911,0.035397186,a,3,4,4,7
18.850000,SS,3,1,0.386767671,0.350138973,-1.249017029,1.887626353,0.115718206,0.657220677,-0.894281586,planner_track,0.011444071,0.000347616,0.000143246,0.000176796,0.797471737,0.048203725,a,3,4,4,7
18.950000,SS,3,1,0.383785671,0.424893967,-1.359578354,2.051891007,0.108364359,0.742853525,-1.035452089,planner_track,0.014902597,0.000464268,0.000214955,0.000251035,0.796085518,0.060464928,a,3,4,4,7
19.050000,SS,3,1,0.381115863,0.495603061,-1.453920499,2.183668639,0.104867285,0.812247695,-1.144473812,planner_track,0.018399497,0.000586677,0.000305977,0.000331533,0.794267231,0.071678724,a,3,4,4,7
19.150000,SS,3,1,0.378783207,0.563599526,-1.534580527,2.287330054,0.101333751,0.878350255,-1.247815404,planner_track,0.021817754,0.000711201,0.000417829,0.000416103,0.791964383,0.081537746,a,3,4,4,7
19.250000,SS,3,1,0.376810014,0.628759696,-1.606122737,2.369491210,0.099142495,0.937554098,-1.336939474,planner_track,0.025068620,0.000834548,0.000552040,0.000502906,0.789130159,0.089903748,a,3,4,4,7
19.350000,SS,3,1,0.375215857,0.690117965,-1.710837100,2.490365975,0.098371535,1.001153956,-1.425205275,planner_track,0.028079228,0.000954928,0.000709797,0.000590474,0.785722473,0.096758281,a,3,4,4,7
19.450000,SS,3,1,0.374018602,0.748447679,-1.799796669,2.581250688,0.098421161,1.051737542,-1.493085969,planner_track,0.030796395,0.001071781,0.000892256,0.000677806,0.781704849,0.102168562,a,3,4,4,7
19.550000,SS,3,1,0.373231509,0.803387080,-1.873172970,2.641889069,0.099767825,1.094636120,-1.545375320,planner_track,0.033185492,0.001184018,0.001099962,0.000763985,0.777046945,0.106232451,a,3,4,4,7
19.650000,SS,3,1,0.372864213,0.854797154,-1.931908631,2.673312369,0.101999294,1.129979541,-1.583458077,planner_track,0.035227428,0.001290233,0.001332988,0.000848228,0.771723865,0.109064053,a,3,4,4,7
19.750000,SS,3,1,0.372922960,0.902460595,-1.976615716,2.676348497,0.105146281,1.157820167,-1.607328724,planner_track,0.036917673,0.001388809,0.001590973,0.000929867,0.765715809,0.110783767,a,3,4,4,7
19.850000,SS,3,1,0.373411337,0.946744518,-2.036393645,2.695413761,0.108943934,1.186532787,-1.627622219,planner_track,0.038258207,0.001478868,0.001873142,0.001008367,0.759007183,0.111518884,a,3,4,4,7
19.950000,SS,3,1,0.374331469,0.987116511,-2.089776921,2.698832186,0.112986442,1.206904834,-1.634409948,planner_track,0.039258875,0.001560476,0.002178604,0.001083437,0.751586859,0.111404265,a,3,4,4,7
20.050000,SS,3,1,0.375682271,1.023151406,-2.129506518,2.675883239,0.117498536,1.218892151,-1.627109522,planner_track,0.039937040,0.001633491,0.002506099,0.001154830,0.743448668,0.110560485,a,3,4,4,7
20.150000,SS,3,1,0.377459542,1.054699576,-2.156699624,2.628042171,0.122223799,1.223908912,-1.608233320,planner_track,0.040314655,0.001697405,0.002854006,0.001222325,0.734591003,0.109090138,a,3,4,4,7
20.250000,SS,3,1,0.379656387,1.081643688,-2.172346694,2.556873513,0.127062148,1.222107530,-1.578385015,planner_track,0.040418041,0.001751482,0.003220440,0.001285735,0.725016445,0.107081472,a,3,4,4,7
20.350000,SS,3,1,0.382263620,1.104864253,-2.187228756,2.481194113,0.131752797,1.217144229,-1.542494845,planner_track,0.040274468,0.001795219,0.003603283,0.001344892,0.714731219,0.104613544,a,3,4,4,7
20.450000,SS,3,1,0.385270581,1.124366975,-2.202018112,2.402988616,0.135976118,1.207914164,-1.500129482,planner_track,0.039910544,0.001828760,0.004000322,0.001399691,0.703744976,0.101762953,a,3,4,4,7
20.550000,SS,3,1,0.388664786,1.139059284,-2.206642328,2.305573574,0.139816465,1.190883603,-1.447272974,planner_track,0.039353193,0.001852405,0.004409270,0.001450079,0.692071119,0.098598332,a,3,4,4,7
20.650000,SS,3,1,0.392431364,1.148862598,-2.202083134,2.190613486,0.143324786,1.168004994,-1.386346888,planner_track,0.038628927,0.001866189,0.004827695,0.001495999,0.679726702,0.095174714,a,3,4,4,7
20.750000,SS,3,1,0.396553517,1.153815938,-2.189406692,2.059973058,0.146346794,1.139532606,-1.318285303,planner_track,0.037762873,0.001869996,0.005253098,0.001537416,0.666732053,0.091536608,a,3,4,4,7
20.850000,SS,3,1,0.401012729,1.154527840,-2.170518008,1.918543147,0.148754378,1.106327365,-1.244516282,planner_track,0.036778432,0.001863712,0.005682941,0.001574299,0.653110456,0.087721600,a,3,4,4,7
20.950000,SS,3,1,0.405789174,1.152873889,-2.149337264,1.778133229,0.150161062,1.070374586,-1.168117434,planner_track,0.035695933,0.001847611,0.006114659,0.001606586,0.638887737,0.083766237,a,3,4,4,7
21.050000,SS,3,1,0.410862051,1.146665249,-2.121717582,1.627165242,0.150705683,1.028160434,-1.085337648,planner_track,0.034532977,0.001822242,0.006545749,0.001634239,0.624092390,0.079705626,a,3,4,4,7
21.150000,SS,3,1,0.416209019,1.135937377,-2.088467894,1.467350527,0.150598911,0.981652090,-0.998188589,planner_track,0.033305808,0.001788035,0.006973740,0.001657234,0.608755585,0.075569027,a,3,4,4,7
21.250000,SS,3,1,0.421806578,1.120869089,-2.050468123,1.300551401,0.149706460,0.930972745,-0.907417169,planner_track,0.032028137,0.001745375,0.007396232,0.001675588,0.592910838,0.071380676,a,3,4,4,7
21.350000,SS,3,1,0.427630218,1.101671202,-2.008461402,1.128593931,0.148013809,0.876465416,-0.813656454,planner_track,0.030711854,0.001694646,0.007810909,0.001689349,0.576593779,0.067161701,a,3,4,4,7
21.450000,SS,3,1,0.433654497,1.081433316,-1.955680821,0.951537843,0.145079776,0.818091098,-0.717621106,planner_track,0.029367334,0.001636346,0.008215502,0.001698507,0.559841872,0.062932177,a,3,4,4,7
21.550000,SS,3,1,0.439853325,1.057869839,-1.898928595,0.772596552,0.141106801,0.756327823,-0.619982701,planner_track,0.028003519,0.001571102,0.008607808,0.001703012,0.542694301,0.058711417,a,3,4,4,7
21.650000,SS,3,1,0.446200059,1.030743297,-1.839755877,0.593693603,0.136274476,0.691977322,-0.521490553,planner_track,0.026628621,0.001499601,0.008985760,0.001702860,0.525191861,0.054518425,a,3,4,4,7
21.750000,SS,3,1,0.452667665,1.000259937,-1.778749451,0.416502447,0.130538179,0.625318400,-0.422767750,planner_track,0.025249874,0.001422605,0.009347435,0.001698112,0.507376756,0.050371366,a,3,4,4,7
21.850000,SS,3,1,0.459228859,0.966654188,-1.716428993,0.242679068,0.123904282,0.557040225,-0.324692632,planner_track,0.023874050,0.001340959,0.009691060,0.001688880,0.489292400,0.046288053,a,3,4,4,7
21.950000,SS,3,1,0.465856159,0.932001275,-1.641306672,0.062784289,0.115945782,0.484905131,-0.225479140,planner_track,0.022509936,0.001255474,0.010014954,0.001675275,0.470983322,0.042282559,a,3,4,4,7
22.050000,SS,3,1,0.472521593,0.895961348,-1.557249687,-0.118161103,0.106823804,0.409722838,-0.126098114,planner_track,0.021167444,0.001166826,0.010317482,0.001657313,0.452494978,0.038367632,a,3,4,4,7
22.150000,SS,3,1,0.479197098,0.857286114,-1.473523220,-0.290698963,0.096818119,0.334045547,-0.029068732,planner_track,0.019856358,0.001075758,0.010597133,0.001635015,0.433873417,0.034558457,a,3,4,4,7
22.250000,SS,3,1,0.485854945,0.816103036,-1.390574870,-0.453357442,0.085877011,0.257156577,0.066045347,planner_track,0.018585851,0.000983219,0.010852573,0.001608487,0.415165106,0.030873467,a,3,4,4,7
22.350000,SS,3,1,0.492467620,0.772541788,-1.308850101,-0.604779903,0.074148814,0.178467219,0.159910490,planner_track,0.017360877,0.000890328,0.011082652,0.001577885,0.396416813,0.027336473,a,3,4,4,7
22.450000,SS,3,1,0.499007638,0.727465838,-1.220408589,-0.753584088,0.061775422,0.096323559,0.254290991,planner_track,0.016178439,0.000798189,0.011286370,0.001543359,0.377675559,0.023975015,a,3,4,4,7
22.550000,SS,3,1,0.505447165,0.682188071,-1.113051700,-0.913651861,0.049033317,0.009820632,0.350569256,planner_track,0.015026794,0.000707510,0.011462808,0.001504950,0.358988626,0.020814489,a,3,4,4,7
22.650000,SS,3,1,0.511758433,0.635097513,-1.010489731,-1.058307150,0.036349174,-0.071736132,0.439425325,planner_track,0.013887299,0.000618873,0.011611129,0.001462645,0.340403004,0.017880496,a,3,4,4,7
22.750000,SS,3,1,0.517915555,0.586541359,-0.913267761,-1.186173660,0.022721110,-0.149836686,0.520928499,planner_track,0.012767931,0.000533295,0.011730682,0.001416653,0.321965017,0.015193589,a,3,4,4,7
22.850000,SS,3,1,0.523894000,0.536779727,-0.821026563,-1.295536721,0.008115833,-0.228899907,0.599766326,planner_track,0.011693505,0.000452090,0.011820977,0.001367305,0.303720390,0.012782100,a,3,4,4,7
22.950000,SS,3,1,0.529669920,0.485752756,-0.734028891,-1.385508307,-0.007022496,-0.306479777,0.673971975,planner_track,0.010682302,0.000376756,0.011881696,0.001314958,0.285714130,0.010692918,a,3,4,4,7
23.050000,SS,3,1,0.535219778,0.435129147,-0.614998246,-1.503705792,-0.022589333,-0.394242917,0.756293875,planner_track,0.009768504,0.000308113,0.011912563,0.001259925,0.267990979,0.008973675,a,3,4,4,7
23.150000,SS,3,1,0.540519216,0.383492208,-0.503411365,-1.600718043,-0.037830775,-0.475338222,0.829682222,planner_track,0.008961172,0.000246310,0.011913295,0.001202280,0.250594673,0.007685757,a,3,4,4,7
23.250000,SS,3,1,0.545545921,0.331030266,-0.400740832,-1.674886680,-0.053535902,-0.553836029,0.896637862,planner_track,0.008286772,0.000192028,0.011883808,0.001142278,0.233567171,0.006876700,a,3,4,4,7
23.350000,SS,3,1,0.550279093,0.277900038,-0.307059902,-1.725356081,-0.069112338,-0.629217775,0.958012269,planner_track,0.007767353,0.000146323,0.011824230,0.001080253,0.216948869,0.006536860,a,3,4,4,7
23.450000,SS,3,1,0.554699410,0.224264121,-0.222767205,-1.751724392,-0.084525223,-0.701256050,1.013510263,planner_track,0.007422840,0.000110566,0.011734869,0.001016615,0.200778532,0.006562568,a,3,4,4,7
23.550000,SS,3,1,0.558788332,0.170545820,-0.118297316,-1.796254068,-0.098938475,-0.778663580,1.074210026,planner_track,0.007273619,0.000085537,0.011616132,0.000951765,0.185093786,0.006798265,a,3,4,4,7
23.650000,SS,3,1,0.562527092,0.117042186,-0.012029197,-1.835329091,-0.112293563,-0.852058810,1.130063618,planner_track,0.007319102,0.000071088,0.011468422,0.000885929,0.169930673,0.007106153,a,3,4,4,7
23.750000,SS,3,1,0.565898643,0.064170282,0.080505107,-1.847965946,-0.125112421,-0.918739892,1.176907226,planner_track,0.007549735,0.000067245,0.011292273,0.000819389,0.155322683,0.007392040,a,3,4,4,7
23.850000,SS,3,1,0.568888224,0.012249184,0.159265389,-1.833999674,-0.137178319,-0.979773692,1.216551870,planner_track,0.007945377,0.000074561,0.011088429,0.000752537,0.141300705,0.007595574,a,3,4,4,7
23.950000,SS,3,1,0.571483135,-0.038431883,0.224192976,-1.793555268,-0.148355548,-1.034823297,1.248952780,planner_track,0.008478764,0.000093984,0.010857824,0.000685828,0.127893132,0.007680515,a,3,4,4,7
24.050000,SS,3,1,0.573672252,-0.088072583,0.293202254,-1.755325659,-0.157948537,-1.089353296,1.281497403,planner_track,0.009122272,0.000126176,0.010601523,0.000619747,0.115126229,0.007638217,a,3,4,4,7
24.150000,SS,3,1,0.575444779,-0.136548452,0.376469978,-1.737816893,-0.165362853,-1.144207645,1.316385976,planner_track,0.009850245,0.000170534,0.010320615,0.000554650,0.103024323,0.007491020,a,3,4,4,7
24.250000,SS,3,1,0.576791020,-0.182300556,0.441742482,-1.693362427,-0.171631623,-1.187776371,1.338793380,planner_track,0.010641024,0.000226031,0.010016235,0.000490794,0.091608641,0.007279565,a,3,4,4,7
24.350000,SS,3,1,0.577704486,-0.224861694,0.489407455,-1.622521379,-0.176890173,-1.223111425,1.351923979,planner_track,0.011473066,0.000292340,0.009689712,0.000428571,0.080896843,0.007061234,a,3,4,4,7
24.450000,SS,3,1,0.578181411,-0.263965756,0.520034396,-1.526013005,-0.180920848,-1.249846089,1.356064979,planner_track,0.012329558,0.000369627,0.009342566,0.000368417,0.070903422,0.006910942,a,3,4,4,7
24.550000,SS,3,1,0.578220623,-0.299586092,0.537828992,-1.411376443,-0.183609104,-1.269116889,1.352703038,planner_track,0.013194188,0.000458285,0.008976473,0.000310805,0.061639907,0.006927864,a,3,4,4,7
24.650000,SS,3,1,0.577822026,-0.334250969,0.585542049,-1.354152095,-0.183066694,-1.294459832,1.360718097,planner_track,0.014046127,0.000557096,0.008593152,0.000256155,0.053116065,0.007215192,a,3,4,4,7
24.750000,SS,3,1,0.576985699,-0.364147840,0.613254224,-1.272858850,-0.181129941,-1.304226849,1.352422969,planner_track,0.014884097,0.000663566,0.008194289,0.000204608,0.045338677,0.007819230,a,3,4,4,7
24.850000,SS,3,1,0.575715924,-0.388768444,0.621924033,-1.168993857,-0.178377259,-1.303352963,1.332086582,planner_track,0.015688196,0.000776124,0.007781730,0.000156461,0.038310703,0.008729151,a,3,4,4,7
24.950000,SS,3,1,0.574020421,-0.407978902,0.613042239,-1.043785164,-0.174444788,-1.291756063,1.300749954,planner_track,0.016445087,0.000893812,0.007357498,0.000112032,0.032032280,0.009897429,a,3,4,4,7
25.050000,SS,3,1,0.571910247,-0.421688890,0.587894649,-0.899156738,-0.169451317,-1.269423400,1.258068874,planner_track,0.017140607,0.001016137,0.006923768,0.000071652,0.026501286,0.011271632,a,3,4,4,7
25.150000,SS,3,1,0.569398420,-0.433957603,0.587562009,-0.813676979,-0.161277403,-1.250747469,1.224392858,planner_track,0.017752766,0.001141216,0.006482778,0.000035629,0.021714746,0.012780860,a,3,4,4,7
25.250000,SS,3,1,0.566498345,-0.441325599,0.581445487,-0.733949969,-0.151267145,-1.219709171,1.179115465,planner_track,0.018282276,0.001265393,0.006036732,0.000003986,0.017667481,0.014340089,a,3,4,4,7
25.350000,SS,3,1,0.563227278,-0.442035780,0.558399536,-0.639264098,-0.140534325,-1.175218180,1.118519709,planner_track,0.018712717,0.001385469,0.005587906,-0.000023215,0.014348586,0.015871121,a,3,4,4,7
25.450000,SS,3,1,0.559606704,-0.436003385,0.520698062,-0.531763796,-0.128823165,-1.118610747,1.044886466,planner_track,0.019030171,0.001499048,0.005138737,-0.000045897,0.011735572,0.017314592,a,3,4,4,7
25.550000,SS,3,1,0.555662007,-0.423272872,0.470521322,-0.414209643,-0.116101746,-1.050021076,0.958365870,planner_track,0.019223303,0.001604315,0.004691802,-0.000063999,0.009782305,0.018626846,a,3,4,4,7
25.650000,SS,3,1,0.551421929,-0.402620955,0.428997345,-0.312487366,-0.102150119,-0.974727902,0.865049294,planner_track,0.019279499,0.001699393,0.004249772,-0.000077555,0.008403615,0.019765477,a,3,4,4,7
25.750000,SS,3,1,0.546917729,-0.373842368,0.399588676,-0.232220833,-0.086823312,-0.891661882,0.764063652,planner_track,0.019191912,0.001781721,0.003815344,-0.000086824,0.007470208,0.020680947,a,3,4,4,7
25.850000,SS,3,1,0.542183942,-0.338216218,0.361956617,-0.150405921,-0.070269944,-0.794636763,0.648240991,planner_track,0.018955713,0.001848603,0.003391278,-0.000092181,0.006829303,0.021322797,a,3,4,4,7
25.950000,SS,3,1,0.537259328,-0.295669857,0.318618380,-0.070533905,-0.052396029,-0.685360598,0.519451566,planner_track,0.018563107,0.001897720,0.002980460,-0.000093970,0.006342637,0.021644303,a,3,4,4,7
26.050000,SS,3,1,0.532186565,-0.246162459,0.272150835,0.003642077,-0.033030985,-0.563949772,0.378067597,planner_track,0.018012330,0.001926932,0.002585914,-0.000092551,0.005913926,0.021603374,a,3,4,4,7
26.150000,SS,3,1,0.527012147,-0.189580764,0.225110311,0.068044686,-0.012009636,-0.431156093,0.224960973,planner_track,0.017306716,0.001934134,0.002210788,-0.000088315,0.005493578,0.021159152,a,3,4,4,7
26.250000,SS,3,1,0.521785971,-0.125758543,0.179987282,0.118330859,0.011659822,-0.287859689,0.062808363,planner_track,0.016471496,0.001917074,0.001858387,-0.000081750,0.005068763,0.020277358,a,3,4,4,7
26.350000,SS,3,1,0.516560241,-0.054356085,0.138766908,0.149432912,0.021036105,-0.149403691,-0.039503236,planner_track,0.015480477,0.001873194,0.001531898,-0.000073385,0.004649775,0.018908682,a,3,4,4,7
26.460000,DS,3,0,0.515982779,nan,nan,nan,-0.241301214,-0.103914669,-1.358992530,ds_hold,0.000000000,0.000000000,0.000000000,0.000000000,0.004225001,0.050606109,a,4,4,4,8
26.470000,DS,3,0,0.515313136,nan,nan,nan,-1.068540546,-3.517395311,0.581145678,ds_hold,0.008686966,-0.000009846,-0.000037466,-0.000002687,0.003419476,0.112042395,a,4,4,4,8
26.480000,DS,3,0,0.514603481,nan,nan,nan,0.958545404,-0.770008368,4.136547552,ds_hold,0.019825591,-0.000021868,-0.000079286,-0.000008652,0.002600236,0.154714681,a,4,4,4,8
26.490000,DS,3,0,0.513890750,nan,nan,nan,1.835349633,0.031706900,5.000000000,ds_hold,0.030720942,-0.000033329,-0.000126006,-0.000016816,0.001901696,0.170637029,a,4,4,4,8
26.500000,DS,3,0,0.513192944,nan,nan,nan,2.103780038,0.128322163,5.000000000,ds_hold,0.040006320,-0.000043020,-0.000176964,-0.000026901,0.001353954,0.163684096,a,4,4,4,8
26.510000,DS,3,0,0.512517705,nan,nan,nan,2.094799813,-0.011362735,4.973522617,ds_hold,0.047234702,-0.000050858,-0.000231387,-0.000038673,0.000944794,0.141308019,a,4,4,4,8
26.520000,DS,3,0,0.511866642,nan,nan,nan,1.931945005,-0.107178734,4.954890355,ds_hold,0.052557380,-0.000057469,-0.000288912,-0.000051754,0.000648605,0.111198115,a,4,4,4,8
26.530000,DS,3,0,0.511237642,nan,nan,nan,1.671835552,-0.200000492,4.954626046,ds_hold,0.056481891,-0.000063785,-0.000349533,-0.000065679,0.000438870,0.080173608,a,4,4,4,8
26.540000,DS,3,0,0.510625563,nan,nan,nan,1.117961886,0.019221505,2.825879394,ds_hold,0.059758689,-0.000070307,-0.000412561,-0.000080045,0.000292815,0.053729976,a,4,4,4,8
26.550000,DS,3,0,0.510023791,nan,nan,nan,0.802161243,-0.141194313,2.194151595,ds_hold,0.063236342,-0.000077351,-0.000477092,-0.000094548,0.000192437,0.040171797,a,4,4,4,8
26.560000,DS,3,0,0.509428117,nan,nan,nan,0.667748030,0.105233279,1.623032743,ds_hold,0.067478439,-0.000085302,-0.000542776,-0.000108865,0.000123894,0.046827339,a,4,4,4,8
26.570000,DS,3,0,0.508837450,nan,nan,nan,0.494806704,0.150313790,1.151946227,ds_hold,0.072711977,-0.000094227,-0.000609172,-0.000122652,0.000077299,0.062193650,a,4,4,4,8
26.580000,DS,3,0,0.508252059,nan,nan,nan,0.277371477,0.157889233,0.541486597,ds_hold,0.078950677,-0.000104231,-0.000675699,-0.000135643,0.000046007,0.076017087,a,4,4,4,8
26.590000,DS,3,0,0.507672254,nan,nan,nan,0.030161957,0.132032049,-0.134131523,ds_hold,0.086051245,-0.000115410,-0.000741680,-0.000147608,0.000025562,0.085169056,a,4,4,4,8
26.600000,DS,3,0,0.507097827,nan,nan,nan,-0.182266898,0.141424711,-0.739590245,ds_hold,0.093763833,-0.000127844,-0.000806486,-0.000158369,0.000013061,0.089427629,a,4,4,4,8
26.610000,DS,3,0,0.506528348,nan,nan,nan,-0.336475063,0.182376902,-1.193577989,ds_hold,0.101786191,-0.000141545,-0.000869640,-0.000167793,0.000007152,0.089534065,a,4,4,4,8
26.620000,DS,3,0,0.505963355,nan,nan,nan,-0.434976070,0.238823285,-1.491541393,ds_hold,0.109825669,-0.000156462,-0.000930838,-0.000175799,0.000006619,0.086491501,a,4,4,4,8
26.630000,DS,3,0,0.505402369,nan,nan,nan,-0.486542929,0.295719391,-1.650071815,ds_hold,0.117640349,-0.000172498,-0.000989936,-0.000182356,0.000007556,0.081293029,a,4,4,4,8
26.640000,DS,3,0,0.504844910,nan,nan,nan,-0.499982041,0.343671442,-1.690191883,ds_hold,0.125055062,-0.000189531,-0.001046925,-0.000187481,0.000008024,0.074812417,a,4,4,4,8
26.650000,DS,3,0,0.504290592,nan,nan,nan,-0.487319379,0.373803788,-1.640349917,ds_hold,0.131960235,-0.000207433,-0.001101884,-0.000191232,0.000007900,0.067759265,a,4,4,4,8
26.660000,DS,3,0,0.503739193,nan,nan,nan,-0.462427593,0.385745562,-1.545701001,ds_hold,0.138301383,-0.000226085,-0.001154941,-0.000193691,0.000007368,0.060669490,a,4,4,4,8
26.670000,DS,3,0,0.503190671,nan,nan,nan,-0.436278950,0.379142418,-1.438660155,ds_hold,0.144064817,-0.000245378,-0.001206226,-0.000194958,0.000006609,0.053923692,a,4,4,4,8
26.680000,DS,3,0,0.502645129,nan,nan,nan,-0.415637113,0.357829607,-1.341993451,ds_hold,0.149263340,-0.000265228,-0.001255849,-0.000195138,0.000005752,0.047771475,a,4,4,4,8
26.690000,DS,3,0,0.502102777,nan,nan,nan,-0.404160025,0.326387552,-1.267861145,ds_hold,0.153923950,-0.000285567,-0.001303888,-0.000194335,0.000004883,0.042351952,a,4,4,4,8
26.700000,DS,3,0,0.501563873,nan,nan,nan,-0.402671980,0.289725915,-1.221376823,ds_hold,0.158079618,-0.000306354,-0.001350384,-0.000192643,0.000004060,0.037719459,a,4,4,4,8
26.710000,DS,3,0,0.501028662,nan,nan,nan,-0.410122661,0.250751413,-1.201885351,ds_hold,0.161764418,-0.000327563,-0.001395345,-0.000190149,0.000003321,0.033862772,a,4,4,4,8
26.720000,DS,3,0,0.500497320,nan,nan,nan,-0.424089195,0.211516546,-1.204857827,ds_hold,0.165011026,-0.000349187,-0.001438756,-0.000186928,0.000002694,0.030723418,a,4,4,4,8
26.730000,DS,3,0,0.499969908,nan,nan,nan,-0.440964146,0.173551887,-1.222065123,ds_hold,0.167849817,-0.000371223,-0.001480588,-0.000183053,0.000002195,0.028220889,a,4,4,4,8
26.740000,DS,3,0,0.499446337,nan,nan,nan,-0.456476920,0.138202944,-1.243098372,ds_hold,0.170309070,-0.000393671,-0.001520818,-0.000178586,0.000001830,0.026282929,a,4,4,4,8
26.750000,DS,3,0,0.498926368,nan,nan,nan,-0.466673190,0.106401250,-1.257685124,ds_hold,0.172415805,-0.000416526,-0.001559436,-0.000173593,0.000001593,0.024869769,a,4,4,4,8
26.760000,DS,3,0,0.498409657,nan,nan,nan,-0.469035483,0.078478645,-1.258702860,ds_hold,0.174196792,-0.000439774,-0.001596452,-0.000168132,0.000001468,0.023978602,a,4,4,4,8
26.770000,DS,3,0,0.497895815,nan,nan,nan,-0.463601828,0.053849504,-1.245268083,ds_hold,0.175679150,-0.000463389,-0.001631900,-0.000162263,0.000001437,0.023623499,a,4,4,4,8
26.780000,DS,3,0,0.497384461,nan,nan,nan,-0.451876154,0.031543053,-1.219879313,ds_hold,0.176890280,-0.000487333,-0.001665828,-0.000156042,0.000001490,0.023800748,a,4,4,4,8
26.790000,DS,3,0,0.496875253,nan,nan,nan,-0.435899318,0.010881171,-1.186650295,ds_hold,0.177857333,-0.000511559,-0.001698294,-0.000149525,0.000001619,0.024460319,a,4,4,4,8
26.800000,DS,3,0,0.496367908,nan,nan,nan,-0.417943778,-0.008589013,-1.150669202,ds_hold,0.178606456,-0.000536017,-0.001729359,-0.000142762,0.000001812,0.025501807,a,4,4,4,8
26.810000,DS,3,0,0.495862200,nan,nan,nan,-0.399757914,-0.027073388,-1.115736926,ds_hold,0.179162044,-0.000560649,-0.001759081,-0.000135803,0.000002052,0.026793134,a,4,4,4,8
26.820000,DS,3,0,0.495357956,nan,nan,nan,-0.382354450,-0.044410584,-1.084011144,ds_hold,0.179546211,-0.000585402,-0.001787514,-0.000128691,0.000002316,0.028195954,a,4,4,4,8
26.830000,DS,3,0,0.494855035,nan,nan,nan,-0.366165878,-0.060331610,-1.056224741,ds_hold,0.179778556,-0.000610220,-0.001814704,-0.000121469,0.000002581,0.029585159,a,4,4,4,8
26.840000,DS,3,0,0.494353329,nan,nan,nan,-0.351225334,-0.074569918,-1.032105159,ds_hold,0.179876197,-0.000635050,-0.001840692,-0.000114172,0.000002828,0.030859126,a,4,4,4,8
26.850000,DS,3,0,0.493852747,nan,nan,nan,-0.337337912,-0.086938190,-1.010768352,ds_hold,0.179853983,-0.000659842,-0.001865516,-0.000106835,0.000003042,0.031942870,a,4,4,4,8
26.860000,DS,3,0,0.493353213,nan,nan,nan,-0.324213991,-0.097347478,-0.991067013,ds_hold,0.179724822,-0.000684546,-0.001889207,-0.000099486,0.000003213,0.032787180,a,4,4,4,8
26.870000,DS,3,0,0.492854663,nan,nan,nan,-0.311561865,-0.105809574,-0.971839642,ds_hold,0.179500056,-0.000709118,-0.001911799,-0.000092154,0.000003335,0.033365836,a,4,4,4,8
26.880000,DS,3,0,0.492357039,nan,nan,nan,-0.299143826,-0.112420063,-0.952083322,ds_hold,0.179189815,-0.000733512,-0.001933322,-0.000084861,0.000003405,0.033672028,a,4,4,4,8
26.890000,DS,3,0,0.491860293,nan,nan,nan,-0.286802687,-0.117337774,-0.931047841,ds_hold,0.178803343,-0.000757689,-0.001953807,-0.000077631,0.000003425,0.033714539,a,4,4,4,8
26.900000,DS,3,0,0.491364383,nan,nan,nan,-0.274465633,-0.120759616,-0.908271718,ds_hold,0.178349251,-0.000781609,-0.001973289,-0.000070482,0.000003397,0.033513957,a,4,4,4,8
26.910000,DS,3,0,0.490869273,nan,nan,nan,-0.262132712,-0.122897640,-0.883569929,ds_hold,0.177835707,-0.000805236,-0.001991800,-0.000063435,0.000003326,0.033099122,a,4,4,4,8
26.920000,DS,3,0,0.490374932,nan,nan,nan,-0.249856863,-0.123958882,-0.856992091,ds_hold,0.177270556,-0.000828537,-0.002009377,-0.000056505,0.000003218,0.032503914,a,4,4,4,8
26.930000,DS,3,0,0.489881336,nan,nan,nan,-0.237721575,-0.124131265,-0.828764048,ds_hold,0.176661386,-0.000851482,-0.002026058,-0.000049709,0.000003080,0.031764477,a,4,4,4,8
26.940000,DS,3,0,0.489388465,nan,nan,nan,-0.225820610,-0.123575275,-0.799226692,ds_hold,0.176015537,-0.000874042,-0.002041879,-0.000043060,0.000002918,0.030916916,a,4,4,4,8
26.950000,DS,3,0,0.488896303,nan,nan,nan,-0.214242444,-0.122421495,-0.768780031,ds_hold,0.175340090,-0.000896195,-0.002056880,-0.000036571,0.000002740,0.029995477,a,4,4,4,8
26.960000,DS,3,0,0.488404836,nan,nan,nan,-0.203060280,-0.120772250,-0.737838069,ds_hold,0.174641819,-0.000917920,-0.002071099,-0.000030254,0.000002551,0.029031205,a,4,4,4,8
26.970000,DS,3,0,0.487914052,nan,nan,nan,-0.192327254,-0.118705974,-0.706795818,ds_hold,0.173927148,-0.000939198,-0.002084576,-0.000024117,0.000002359,0.028051024,a,4,4,4,8
26.980000,DS,3,0,0.487423942,nan,nan,nan,-0.182075710,-0.116282582,-0.676008034,ds_hold,0.173202094,-0.000960016,-0.002097347,-0.000018170,0.000002168,0.027077227,a,4,4,4,8
26.990000,DS,3,0,0.486934494,nan,nan,nan,-0.172319191,-0.113548811,-0.645777602,ds_hold,0.172472217,-0.000980362,-0.002109449,-0.000012420,0.000001983,0.026127295,a,4,4,4,8
27.000000,DS,3,0,0.486445699,nan,nan,nan,-0.163055913,-0.110542746,-0.616351271,ds_hold,0.171742584,-0.001000229,-0.002120918,-0.000006871,0.000001809,0.025214027,a,4,4,4,8
27.010000,DS,3,0,0.485957546,nan,nan,nan,-0.154272719,-0.107297281,-0.587920374,ds_hold,0.171017736,-0.001019611,-0.002131789,-0.000001527,0.000001648,0.024345898,a,4,4,4,8
27.020000,DS,3,0,0.485470023,nan,nan,nan,-0.145948874,-0.103842465,-0.560624653,ds_hold,0.170301671,-0.001038504,-0.002142093,0.000003608,0.000001503,0.023527605,a,4,4,4,8
27.030000,DS,3,0,0.484983118,nan,nan,nan,-0.138059305,-0.100206896,-0.534557709,ds_hold,0.169597840,-0.001056907,-0.002151861,0.000008535,0.000001374,0.022760726,a,4,4,4,8
27.040000,DS,3,0,0.484496818,nan,nan,nan,-0.130577126,-0.096418369,-0.509773087,ds_hold,0.168909151,-0.001074822,-0.002161123,0.000013252,0.000001263,0.022044427,a,4,4,4,8
27.050000,DS,3,0,0.484011107,nan,nan,nan,-0.123475450,-0.092504020,-0.486290361,ds_hold,0.168237986,-0.001092250,-0.002169905,0.000017762,0.000001169,0.021376156,a,4,4,4,8
27.060000,DS,3,0,0.483525970,nan,nan,nan,-0.116728547,-0.088490148,-0.464100883,ds_hold,0.167586224,-0.001109195,-0.002178234,0.000022067,0.000001090,0.020752276,a,4,4,4,8
27.070000,DS,3,0,0.483041393,nan,nan,nan,-0.110312483,-0.084401905,-0.443173027,ds_hold,0.166955279,-0.001125662,-0.002186133,0.000026171,0.000001025,0.020168584,a,4,4,4,8
27.080000,DS,3,0,0.482557357,nan,nan,nan,-0.104205374,-0.080262944,-0.423456915,ds_hold,0.166346132,-0.001141657,-0.002193625,0.000030076,0.000000971,0.019620722,a,4,4,4,8
27.090000,DS,3,0,0.482073846,nan,nan,nan,-0.098387381,-0.076095121,-0.404888638,ds_hold,0.165759377,-0.001157186,-0.002200730,0.000033788,0.000000927,0.019104459,a,4,4,4,8
27.100000,DS,3,0,0.481590843,nan,nan,nan,-0.092840546,-0.071918292,-0.387394043,ds_hold,0.165195266,-0.001172256,-0.002207470,0.000037313,0.000000890,0.018615853,a,4,4,4,8
27.110000,DS,3,0,0.481108332,nan,nan,nan,-0.087548574,-0.067750217,-0.370892141,ds_hold,0.164653752,-0.001186874,-0.002213861,0.000040656,0.000000859,0.018151336,a,4,4,4,8
27.120000,DS,3,0,0.480626296,nan,nan,nan,-0.082496603,-0.063606574,-0.355298167,ds_hold,0.164134540,-0.001201048,-0.002219921,0.000043824,0.000000833,0.017707721,a,4,4,4,8
27.130000,DS,3,0,0.480144717,nan,nan,nan,-0.077670995,-0.059501065,-0.340526328,ds_hold,0.163637122,-0.001214786,-0.002225668,0.000046823,0.000000811,0.017282175,a,4,4,4,8
27.140000,DS,3,0,0.479663582,nan,nan,nan,-0.073059190,-0.055445590,-0.326492228,ds_hold,0.163160828,-0.001228094,-0.002231115,0.000049659,0.000000792,0.016872169,a,4,4,4,8
27.150000,DS,3,0,0.479182873,nan,nan,nan,-0.068649592,-0.051450459,-0.313114980,ds_hold,0.162704859,-0.001240981,-0.002236278,0.000052339,0.000000776,0.016475429,a,4,4,4,8
27.160000,DS,3,0,0.478702578,nan,nan,nan,-0.064431507,-0.047524637,-0.300318955,ds_hold,0.162268321,-0.001253455,-0.002241171,0.000054872,0.000000762,0.016089894,a,4,4,4,8
27.170000,DS,3,0,0.478222683,nan,nan,nan,-0.060395106,-0.043675971,-0.288035190,ds_hold,0.161850259,-0.001265522,-0.002245807,0.000057262,0.000000750,0.015713689,a,4,4,4,8
27.180000,DS,3,0,0.477743174,nan,nan,nan,-0.056531406,-0.039911416,-0.276202408,ds_hold,0.161449681,-0.001277190,-0.002250199,0.000059517,0.000000740,0.015345115,a,4,4,4,8
27.190000,DS,3,0,0.477264040,nan,nan,nan,-0.052832246,-0.036237220,-0.264767679,ds_hold,0.161065583,-0.001288466,-0.002254359,0.000061645,0.000000731,0.014982648,a,4,4,4,8
27.200000,DS,3,0,0.476785271,nan,nan,nan,-0.049290272,-0.032659089,-0.253686716,ds_hold,0.160696964,-0.001299358,-0.002258298,0.000063650,0.000000722,0.014624955,a,4,4,4,8
27.210000,DS,3,0,0.476306855,nan,nan,nan,-0.045898893,-0.029182308,-0.242923833,ds_hold,0.160342845,-0.001309873,-0.002262029,0.000065541,0.000000715,0.014270907,a,4,4,4,8
27.220000,DS,3,0,0.475828785,nan,nan,nan,-0.042652228,-0.025811829,-0.232451615,ds_hold,0.160002277,-0.001320017,-0.002265562,0.000067323,0.000000707,0.013919595,a,4,4,4,8
27.230000,DS,3,0,0.475351050,nan,nan,nan,-0.039545046,-0.022552336,-0.222250329,ds_hold,0.159674350,-0.001329799,-0.002268907,0.000069003,0.000000700,0.013570340,a,4,4,4,8
27.240000,DS,3,0,0.474873645,nan,nan,nan,-0.036572680,-0.019408272,-0.212307143,ds_hold,0.159358204,-0.001339225,-0.002272076,0.000070586,0.000000692,0.013222697,a,4,4,4,8
27.250000,DS,3,0,0.474396562,nan,nan,nan,-0.033730942,-0.016383854,-0.202615199,ds_hold,0.159053023,-0.001348302,-0.002275078,0.000072079,0.000000683,0.012876449,a,4,4,4,8
27.260000,DS,3,0,0.473919794,nan,nan,nan,-0.031016039,-0.013483062,-0.193172600,ds_hold,0.158758048,-0.001357037,-0.002277922,0.000073486,0.000000674,0.012531590,a,4,4,4,8
27.270000,DS,3,0,0.473443336,nan,nan,nan,-0.028424480,-0.010709620,-0.183981358,ds_hold,0.158472568,-0.001365438,-0.002280618,0.000074815,0.000000665,0.012188305,a,4,4,4,8
27.280000,DS,3,0,0.472967183,nan,nan,nan,-0.025952995,-0.008066968,-0.175046357,ds_hold,0.158195925,-0.001373512,-0.002283174,0.000076069,0.000000654,0.011846940,a,4,4,4,8
27.290000,DS,3,0,0.472491329,nan,nan,nan,-0.023598469,-0.005558226,-0.166374361,ds_hold,0.157927509,-0.001381266,-0.002285600,0.000077254,0.000000643,0.011507964,a,4,4,4,8
27.300000,DS,3,0,0.472015771,nan,nan,nan,-0.021357876,-0.003186150,-0.157973108,ds_hold,0.157666759,-0.001388708,-0.002287902,0.000078375,0.000000632,0.011171937,a,4,4,4,8
27.310000,DS,3,0,0.471540504,nan,nan,nan,-0.019228231,-0.000953100,-0.149850495,ds_hold,0.157413158,-0.001395846,-0.002290089,0.000079437,0.000000619,0.010839474,a,4,4,4,8
27.320000,DS,3,0,0.471065525,nan,nan,nan,-0.017206559,0.001139007,-0.142013895,ds_hold,0.157166232,-0.001402686,-0.002292168,0.000080444,0.000000607,0.010511204,a,4,4,4,8
27.330000,DS,3,0,0.470590829,nan,nan,nan,-0.015289863,0.003088726,-0.134469594,ds_hold,0.156925544,-0.001409237,-0.002294145,0.000081400,0.000000594,0.010187749,a,4,4,4,8
27.340000,DS,3,0,0.470116412,nan,nan,nan,-0.013475114,0.004895119,-0.127222351,ds_hold,0.156690696,-0.001415507,-0.002296027,0.000082311,0.000000580,0.009869690,a,4,4,4,8
27.350000,DS,3,0,0.469642272,nan,nan,nan,-0.011759249,0.006557780,-0.120275089,ds_hold,0.156461322,-0.001421503,-0.002297820,0.000083179,0.000000567,0.009557551,a,4,4,4,8
27.360000,DS,3,0,0.469168405,nan,nan,nan,-0.010139166,0.008076856,-0.113628696,ds_hold,0.156237090,-0.001427233,-0.002299530,0.000084008,0.000000553,0.009251782,a,4,4,4,8
27.370000,DS,3,0,0.468694807,nan,nan,nan,-0.008611735,0.009453056,-0.107281939,ds_hold,0.156017694,-0.001432704,-0.002301162,0.000084803,0.000000539,0.008952752,a,4,4,4,8
27.380000,DS,3,0,0.468221474,nan,nan,nan,-0.007173811,0.010687656,-0.101231463,ds_hold,0.155802859,-0.001437925,-0.002302721,0.000085567,0.000000524,0.008660744,a,4,4,4,8
27.390000,DS,3,0,0.467748403,nan,nan,nan,-0.005822246,0.011782496,-0.095471876,ds_hold,0.155592333,-0.001442903,-0.002304210,0.000086303,0.000000510,0.008375957,a,4,4,4,8
27.400000,DS,3,0,0.467275589,nan,nan,nan,-0.004553902,0.012739966,-0.089995895,ds_hold,0.155385890,-0.001447646,-0.002305635,0.000087014,0.000000496,0.008098510,a,4,4,4,8
27.410000,DS,3,0,0.466803030,nan,nan,nan,-0.003365671,0.013562986,-0.084794541,ds_hold,0.155183326,-0.001452162,-0.002307000,0.000087702,0.000000481,0.007828447,a,4,4,4,8
27.420000,DS,3,0,0.466330722,nan,nan,nan,-0.002254485,0.014254977,-0.079857382,ds_hold,0.154984457,-0.001456457,-0.002308306,0.000088372,0.000000467,0.007565750,a,4,4,4,8
27.430000,DS,3,0,0.465858659,nan,nan,nan,-0.001217335,0.014819826,-0.075172784,ds_hold,0.154789122,-0.001460540,-0.002309559,0.000089025,0.000000452,0.007310349,a,4,4,4,8
27.440000,DS,3,0,0.465386839,nan,nan,nan,-0.000251275,0.015261846,-0.070728190,ds_hold,0.154597179,-0.001464418,-0.002310760,0.000089664,0.000000438,0.007062127,a,4,4,4,8
27.450000,DS,3,0,0.464915257,nan,nan,nan,0.000646561,0.015585726,-0.066510391,ds_hold,0.154408503,-0.001468097,-0.002311912,0.000090291,0.000000423,0.006820933,a,4,4,4,8
27.460000,DS,3,0,0.464443909,nan,nan,nan,0.001478954,0.015796486,-0.062505799,ds_hold,0.154222988,-0.001471585,-0.002313019,0.000090909,0.000000409,0.006586594,a,4,4,4,8
27.470000,DS,3,0,0.463972791,nan,nan,nan,0.002248597,0.015899419,-0.058700695,ds_hold,0.154040544,-0.001474888,-0.002314081,0.000091518,0.000000394,0.006358916,a,4,4,4,8
27.480000,DS,3,0,0.463501899,nan,nan,nan,0.002958087,0.015900041,-0.055081469,ds_hold,0.153861098,-0.001478014,-0.002315101,0.000092121,0.000000380,0.006137694,a,4,4,4,8
27.490000,DS,3,0,0.463031228,nan,nan,nan,0.003609927,0.015804030,-0.051634825,ds_hold,0.153684590,-0.001480968,-0.002316082,0.000092719,0.000000366,0.005922718,a,4,4,4,8
27.500000,DS,3,0,0.462560775,nan,nan,nan,0.004206526,0.015617180,-0.048347965,ds_hold,0.153510975,-0.001483758,-0.002317024,0.000093314,0.000000352,0.005713776,a,4,4,4,8
27.510000,DS,3,0,0.462090535,nan,nan,nan,0.004750199,0.015345341,-0.045208736,ds_hold,0.153340220,-0.001486388,-0.002317929,0.000093907,0.000000338,0.005510657,a,4,4,4,8
27.520000,DS,3,0,0.461620504,nan,nan,nan,0.005243175,0.014994376,-0.042205753,ds_hold,0.153172304,-0.001488865,-0.002318798,0.000094499,0.000000325,0.005313152,a,4,4,4,8
27.530000,DS,3,0,0.461150678,nan,nan,nan,0.005687599,0.014570110,-0.039328485,ds_hold,0.153007217,-0.001491196,-0.002319634,0.000095092,0.000000312,0.005121060,a,4,4,4,8
27.540000,DS,3,0,0.460681053,nan,nan,nan,0.006085538,0.014078289,-0.036567314,ds_hold,0.152844957,-0.001493384,-0.002320438,0.000095685,0.000000299,0.004934186,a,4,4,4,8
27.550000,DS,3,0,0.460211625,nan,nan,nan,0.006438986,0.013524546,-0.033913569,ds_hold,0.152685532,-0.001495437,-0.002321209,0.000096280,0.000000287,0.004752341,a,4,4,4,8
27.560000,DS,3,0,0.459742391,nan,nan,nan,0.006749875,0.012914363,-0.031359522,ds_hold,0.152528955,-0.001497359,-0.002321951,0.000096878,0.000000275,0.004575346,a,4,4,4,8
27.570000,DS,3,0,0.459273347,nan,nan,nan,0.007020079,0.012253048,-0.028898378,ds_hold,0.152375245,-0.001499155,-0.002322663,0.000097479,0.000000263,0.004403030,a,4,4,4,8
27.580000,DS,3,0,0.458804488,nan,nan,nan,0.007251420,0.011545709,-0.026524236,ds_hold,0.152224427,-0.001500831,-0.002323347,0.000098083,0.000000252,0.004235234,a,4,4,4,8
27.590000,DS,3,0,0.458335812,nan,nan,nan,0.007445678,0.010797235,-0.024232029,ds_hold,0.152076527,-0.001502391,-0.002324003,0.000098691,0.000000241,0.004071807,a,4,4,4,8
27.600000,DS,3,0,0.457867316,nan,nan,nan,0.007604594,0.010012289,-0.022017462,ds_hold,0.151931575,-0.001503840,-0.002324634,0.000099302,0.000000231,0.003912608,a,4,4,4,8
27.610000,DS,3,0,0.457398995,nan,nan,nan,0.007729876,0.009195291,-0.019876938,ds_hold,0.151789601,-0.001505182,-0.002325238,0.000099918,0.000000220,0.003757508,a,4,4,4,8
27.620000,DS,3,0,0.456930847,nan,nan,nan,0.007823206,0.008350420,-0.017807466,ds_hold,0.151650636,-0.001506422,-0.002325818,0.000100539,0.000000211,0.003606387,a,4,4,4,8
27.630000,DS,3,0,0.456462868,nan,nan,nan,0.007886240,0.007481606,-0.015806585,ds_hold,0.151514708,-0.001507565,-0.002326374,0.000101164,0.000000201,0.003459138,a,4,4,4,8
27.640000,SS,4,1,0.451869233,0.678669201,-1.447514712,4.999968284,-0.562298494,0.435062166,-2.615660476,planner_track,0.005241789,-0.000000787,0.000023123,0.000008306,0.799710017,0.001570285,b,4,4,5,9
27.740000,SS,4,1,0.447705992,0.737326102,-1.540737396,4.999982704,-0.693672065,0.743931715,-3.723240346,planner_track,0.008171665,-0.000016597,0.000078397,0.000045584,0.797958033,0.006537472,b,4,4,5,9
27.840000,SS,4,1,0.444187452,0.690697243,-1.505654282,4.999989552,-0.857464877,1.143621124,-4.900224104,planner_track,0.007923326,-0.000116208,0.000132154,0.000107828,0.793587352,0.010958577,b,4,4,5,9
27.940000,SS,4,1,0.441505529,0.630558399,-1.487856744,4.999990814,-0.791185879,1.569878972,-5.000000000,planner_track,0.006542799,-0.000348718,0.000149835,0.000191831,0.785680532,0.015353838,b,4,4,5,9
28.040000,SS,4,1,0.439726533,0.524334808,-1.443350714,4.999991358,-0.602710402,1.886461576,-4.796456894,planner_track,0.004349192,-0.000757216,0.000044224,0.000298841,0.773577580,0.021335739,b,4,4,5,9
28.140000,SS,4,1,0.438881596,0.430615570,-1.421426957,4.999991554,-0.499414327,2.229199573,-4.768104980,planner_track,0.003900654,-0.001367469,-0.000258834,0.000425948,0.756848418,0.030772602,b,4,4,5,9
28.240000,SS,4,1,0.439015385,0.329958386,-1.405731424,4.999991450,-0.418472379,2.515604944,-4.746328512,planner_track,0.005395290,-0.002182705,-0.000804784,0.000570453,0.735279716,0.044966344,b,4,4,5,9
28.340000,SS,4,1,0.440162053,0.210318055,-1.388063442,4.999990982,-0.360320989,2.750128816,-4.731896140,planner_track,0.007902427,-0.003189210,-0.001612501,0.000727445,0.708859503,0.063974754,b,4,4,5,9
28.440000,SS,4,1,0.442345137,0.065748021,-1.356787850,4.999990442,-0.337373525,2.921238024,-4.726135985,planner_track,0.011182116,-0.004359564,-0.002676548,0.000890562,0.677756006,0.087071966,b,4,4,5,9
28.540000,SS,4,1,0.445567797,-0.105727069,-1.298380085,4.999989429,-0.473779334,2.952827590,-4.775857335,planner_track,0.015174263,-0.005668810,-0.003973303,0.001050324,0.642266604,0.112501670,b,4,4,5,9
28.640000,SS,4,1,0.449824778,-0.328724508,-1.143749920,4.999988113,-0.656009137,2.892042239,-4.907564586,planner_track,0.018111450,-0.007105998,-0.005459841,0.001194635,0.602792652,0.137088181,b,4,4,5,9
28.740000,SS,4,1,0.455102370,-0.627557629,-0.840772530,4.999986878,-0.812812045,2.714601897,-4.980626145,planner_track,0.017785588,-0.008646869,-0.007063522,0.001311634,0.559887785,0.157832675,b,4,4,5,9
28.840000,SS,4,1,0.461372168,-0.972744101,-0.406078437,4.999984037,-0.969486843,2.454332742,-5.000000000,planner_track,0.013725874,-0.010254575,-0.008686946,0.001389197,0.514217151,0.172313195,b,4,4,5,9
28.940000,SS,4,1,0.468601934,-1.339275384,0.150516145,4.999974602,-1.123271877,2.102473825,-5.000000000,planner_track,0.012499692,-0.011881728,-0.010211912,0.001416904,0.466523163,0.178790545,b,4,4,5,9
29.040000,SS,4,1,0.476753183,-1.709059281,0.806905118,4.999701750,-1.272621502,1.660139723,-5.000000000,planner_track,0.028139368,-0.013473109,-0.011502908,0.001386401,0.417599994,0.176065482,b,4,4,5,9
29.140000,SS,4,1,0.485774189,-2.132741719,1.565906674,4.476733347,-1.343883786,1.209727433,-4.803888336,planner_track,0.056315385,-0.014969135,-0.012415086,0.001292483,0.368273266,0.163451662,b,4,4,5,9
29.240000,SS,4,1,0.495431837,-2.673151327,2.415324289,2.996943767,-0.793840141,0.611738579,-2.135709291,planner_track,0.096158430,-0.016331937,-0.012898255,0.001144344,0.319403881,0.142018777,b,4,4,5,9
29.340000,SS,4,1,0.505303437,-3.194203815,3.276478598,1.268589452,-0.333214899,0.125259529,-0.000102091,planner_track,0.143817428,-0.017544383,-0.013018306,0.000958609,0.271866417,0.114772361,b,4,4,5,9
29.440000,SS,4,1,0.515075786,-3.420957303,3.978114388,0.703745443,0.016850657,-0.357120283,1.630222862,planner_track,0.198191870,-0.018569430,-0.012826928,0.000758461,0.226492540,0.086272325,b,4,4,5,9
29.540000,SS,4,1,0.524464236,-3.485076436,4.557687935,0.867477341,0.300446011,-0.817444666,2.945125404,planner_track,0.254970559,-0.019365375,-0.012358131,0.000564407,0.184040428,0.064303376,b,4,4,5,9
29.640000,SS,4,1,0.533234937,-3.348513582,4.954987762,1.771708861,0.490106922,-1.267381385,3.904802952,planner_track,0.311816106,-0.019890001,-0.011639171,0.000396362,0.145177466,0.061347140,b,4,4,5,9
29.740000,SS,4,1,0.541184659,-3.336603394,4.999945823,1.719383009,0.696957037,-1.734841173,4.889030697,planner_track,0.366401005,-0.020109782,-0.010700493,0.000271317,0.110462412,0.078965325,b,4,4,5,9
29.840000,SS,4,1,0.548136581,-3.343108394,4.999970253,1.033559562,0.667200444,-2.216268134,4.908549856,planner_track,0.414979255,-0.019998318,-0.009563519,0.000197364,0.080324203,0.104739415,b,4,4,5,9
29.940000,SS,4,1,0.554034303,-3.258702344,4.999972012,0.330430176,0.569353200,-2.696402873,4.767804470,planner_track,0.455585940,-0.019533851,-0.008209818,0.000172258,0.055038667,0.130391941,b,4,4,5,9
30.040000,SS,4,1,0.558842931,-3.131757135,4.999962217,-0.375840943,0.531650584,-3.125853724,4.758492349,planner_track,0.487415485,-0.018712699,-0.006629136,0.000188546,0.034726301,0.152797234,b,4,4,5,9
30.140000,SS,4,1,0.562525519,-2.956941516,4.999770534,-1.084213808,0.527039837,-3.452826195,4.756200719,planner_track,0.509465274,-0.017549893,-0.004833472,0.000235538,0.019360649,0.171090436,b,4,4,5,9
30.240000,SS,4,1,0.565064802,-2.786416215,4.630679428,-1.763373905,0.594408559,-3.606277809,4.795695907,planner_track,0.521314300,-0.016078080,-0.002858305,0.000302291,0.008875967,0.185257853,b,4,4,5,9
30.340000,SS,4,1,0.566460278,-2.586307572,4.020180601,-2.406301193,0.736444194,-3.568982149,4.870622599,planner_track,0.522966207,-0.014346691,-0.000766286,0.000379384,0.003980839,0.195547453,b,4,4,5,9
30.440000,SS,4,1,0.566730241,-2.318632969,3.282834710,-3.009555806,0.952894079,-3.320158063,4.980292050,planner_track,0.514532082,-0.012422598,0.001349317,0.000458654,0.004614521,0.201930282,b,4,4,5,9
30.540000,SS,4,1,0.565915393,-1.964772845,2.439998096,-3.567906238,1.156856591,-2.645514961,5.000000000,planner_track,0.495881698,-0.010397627,0.003361551,0.000535210,0.005505944,0.203778492,b,4,4,5,9
30.640000,SS,4,1,0.564093949,-1.548518141,1.569095510,-4.031962817,1.361901775,-1.651048679,5.000000000,planner_track,0.468789565,-0.008416231,0.005109854,0.000614372,0.005642431,0.200167937,b,4,4,5,9
30.740000,SS,4,1,0.561342460,-1.103591970,0.819650214,-4.209029797,1.420363976,-1.050013774,5.000000000,planner_track,0.438567508,-0.006589397,0.006467511,0.000692919,0.005441816,0.191141830,b,4,4,5,9
30.840000,SS,4,1,0.557761405,-0.662415188,0.267357171,-4.149284034,1.182758863,-0.745972716,4.337919361,planner_track,0.404641964,-0.004943938,0.007430160,0.000764094,0.005139226,0.178112744,b,4,4,5,9
30.940000,SS,4,1,0.553530304,-0.300617633,-0.179749327,-4.081767752,0.964346851,-0.589547559,3.611613927,planner_track,0.368006046,-0.003483943,0.008051005,0.000822796,0.004842035,0.162683130,b,4,4,5,9
31.040000,DS,4,0,0.545626201,0.406942380,0.095523455,-2.581739733,1.592765450,0.412132476,3.640032159,ds_hold,0.000000000,0.000000000,0.000000000,0.000000000,0.000200526,0.032972320,b,4,5,5,10
31.140000,DS,4,0,0.540162317,0.911436317,-0.930209367,-0.057207327,-1.544265470,-1.001850623,-2.832668084,ds_hold,0.035983509,0.000917132,-0.000081249,0.000135156,0.000002343,0.074115682,b,4,5,5,10
31.240000,DS,4,0,0.534977689,0.924065045,-0.335453723,-0.945546286,-1.092475759,-1.202371067,-2.117793727,ds_hold,0.053170118,0.001574760,-0.000165986,0.000202798,0.000006832,0.058725445,b,4,5,5,10
31.340000,DS,4,0,0.529652666,0.782816967,-0.630112331,-0.779286451,-0.635743920,-0.937492978,-1.129835593,ds_hold,0.063101746,0.002028745,-0.000283218,0.000230855,0.000005812,0.050654122,b,4,5,5,10
31.440000,DS,4,0,0.524235154,0.769956589,-0.750477549,-0.519652869,-0.148734997,-1.083952447,0.876169237,ds_hold,0.071501338,0.002333842,-0.000455051,0.000265768,0.000004009,0.029929935,b,4,5,5,10
31.540000,DS,4,0,0.518796397,0.808029466,-0.750183957,-0.245688725,-0.295849279,-1.365305330,1.297105911,ds_hold,0.082347162,0.002582481,-0.000681114,0.000323319,0.000002446,0.024640861,b,4,5,5,10
31.640000,DS,4,0,0.513383193,0.869980335,-0.711556934,-0.000902679,-0.201450373,-1.218839093,1.413343323,ds_hold,0.094231352,0.002798085,-0.000944226,0.000404882,0.000001754,0.017747636,b,4,5,5,10
31.740000,DS,4,0,0.508030785,0.911841450,-0.648686233,0.168715860,-0.329817278,-1.291734317,1.268416854,ds_hold,0.106847940,0.003004164,-0.001226103,0.000504311,0.000000940,0.010476891,b,4,5,5,10
31.840000,DS,4,0,0.502756063,0.937084936,-0.581927477,0.314926539,-0.334416326,-1.241196741,1.146925769,ds_hold,0.118227218,0.003197334,-0.001514358,0.000609790,0.000000620,0.006245601,b,4,5,5,10
31.940000,DS,4,0,0.497567151,0.932509492,-0.522947301,0.437746341,-0.412460168,-1.281613347,1.001556810,ds_hold,0.129071217,0.003384458,-0.001796882,0.000708353,0.000000519,0.006525370,b,4,5,5,10
32.040000,DS,4,0,0.492466203,0.909180394,-0.479694796,0.539053031,-0.423362430,-1.246398520,0.891407313,ds_hold,0.139167502,0.003564598,-0.002065806,0.000789963,0.000000822,0.009826840,b,4,5,5,10
32.140000,DS,4,0,0.487451611,0.869705599,-0.445991259,0.625900395,-0.435218835,-1.218495480,0.803746964,ds_hold,0.149083624,0.003739059,-0.002315544,0.000848254,0.000000939,0.011513921,b,4,5,5,10
32.240000,DS,4,0,0.482518859,0.823156075,-0.420686059,0.702300404,-0.420329097,-1.160344710,0.742069587,ds_hold,0.159049631,0.003907670,-0.002543922,0.000880836,0.000000955,0.011859444,b,4,5,5,10
32.340000,DS,4,0,0.477661964,0.775928455,-0.397563457,0.773948859,-0.395236993,-1.092111278,0.697467690,ds_hold,0.169267469,0.004070244,-0.002751118,0.000888628,0.000000872,0.011061225,b,4,5,5,10
32.440000,DS,4,0,0.472874443,0.733409159,-0.373081369,0.845068739,-0.363301406,-1.017087513,0.663458877,ds_hold,0.179779499,0.004226281,-0.002939015,0.000874801,0.000000739,0.009620442,b,4,5,5,10
32.540000,DS,4,0,0.468150217,0.698643888,-0.344384311,0.918375985,-0.330169334,-0.942038233,0.634043285,ds_hold,0.190532404,0.004375182,-0.003110286,0.000843637,0.000000592,0.007964070,b,4,5,5,10
32.640000,DS,4,0,0.463484018,0.672687735,-0.310409014,0.994889372,-0.298955770,-0.870696016,0.605323575,ds_hold,0.201408872,0.004516334,-0.003267712,0.000799570,0.000000456,0.006418372,b,4,5,5,10
32.740000,DS,4,0,0.458871534,0.655115882,-0.271385660,1.074321875,-0.271274064,-0.804979285,0.575215219,ds_hold,0.212254607,0.004649186,-0.003413731,0.000746549,0.000000345,0.005174922,b,4,5,5,10
32.840000,DS,4,0,0.454309357,0.644634986,-0.228436132,1.155574601,-0.247526499,-0.745280993,0.543037529,ds_hold,0.222891993,0.004773309,-0.003550229,0.000687721,0.000000264,0.004295686,b,4,5,5,10
32.940000,DS,4,0,0.449794845,0.639594354,-0.183095139,1.237216784,-0.227368119,-0.691042538,0.509036000,ds_hold,0.233127986,0.004888422,-0.003678499,0.000625350,0.000000210,0.003738495,b,4,5,5,10
33.040000,DS,4,0,0.445325965,0.638349666,-0.136928365,1.317846768,-0.210075051,-0.641233922,0.473957165,ds_hold,0.242761332,0.004994402,-0.003799327,0.000560915,0.000000177,0.003408502,b,4,5,5,10
33.140000,DS,4,0,0.440901139,0.639483139,-0.091275010,1.396318005,-0.194822849,-0.594725949,0.438712331,ds_hold,0.251591206,0.005091277,-0.003913127,0.000495287,0.000000159,0.003213296,b,4,5,5,10
33.240000,DS,4,0,0.436519118,0.641903886,-0.047118456,1.471840008,-0.180870272,-0.550535870,0.404145579,ds_hold,0.259426918,0.005179205,-0.004020083,0.000428936,0.000000150,0.003088787,b,4,5,5,10
33.340000,DS,4,0,0.432178891,0.644859753,-0.005062109,1.543983294,-0.167656881,-0.507953822,0.370904643,ds_hold,0.266097284,0.005258451,-0.004120288,0.000362107,0.000000144,0.002996784,b,4,5,5,10
33.440000,DS,4,0,0.427879615,0.647893056,0.034623634,1.612622991,-0.154831195,-0.466572904,0.339397511,ds_hold,0.271458359,0.005329359,-0.004213829,0.000294962,0.000000138,0.002915344,b,4,5,5,10
33.540000,DS,4,0,0.423620581,0.650769238,0.071917883,1.677853582,-0.142231136,-0.426253827,0.309808980,ds_hold,0.275398750,0.005392326,-0.004300852,0.000227666,0.000000130,0.002832606,b,4,5,5,10
33.640000,DS,4,0,0.419401180,0.653400904,0.106957339,1.739900093,-0.129838541,-0.387055020,0.282150578,ds_hold,0.277842308,0.005447777,-0.004381579,0.000160428,0.000000120,0.002743765,b,4,5,5,10
33.740000,DS,4,0,0.415220890,0.655781754,0.139954745,1.799042075,-0.117725707,-0.349153385,0.256321732,ds_hold,0.278748468,0.005496154,-0.004456311,0.000093513,0.000000108,0.002648787,b,4,5,5,10
33.840000,DS,4,0,0.411079262,0.657937572,0.171137454,1.855558263,-0.106006389,-0.312772850,0.232166840,ds_hold,0.278110732,0.005537896,-0.004525408,0.000027225,0.000000096,0.002550077,b,4,5,5,10
33.940000,DS,4,0,0.406975916,0.659895588,0.200708613,1.909693258,-0.094798038,-0.278129889,0.209519764,ds_hold,0.275953892,0.005573435,-0.004589269,-0.000038115,0.000000083,0.002450418,b,4,5,5,10
34.040000,DS,4,0,0.402910519,0.661669761,0.228828601,1.961643205,-0.084197392,-0.245398771,0.188232860,ds_hold,0.272330544,0.005603188,-0.004648306,-0.000102188,0.000000072,0.002351704,b,4,5,5,10
34.140000,DS,4,0,0.398882786,0.663257681,0.255611789,2.011555363,-0.074268450,-0.214694925,0.168191598,ds_hold,0.267317356,0.005627556,-0.004702927,-0.000164704,0.000000062,0.002254540,b,4,5,5,10
34.240000,DS,4,0,0.394892459,0.664644426,0.281132967,2.059536036,-0.065040070,-0.186072480,0.149317975,ds_hold,0.261011405,0.005646923,-0.004753522,-0.000225412,0.000000053,0.002158501,b,4,5,5,10
34.340000,DS,4,0,0.390939303,0.665809379,0.305438337,2.105662102,-0.056509867,-0.159531178,0.131566742,ds_hold,0.253526822,0.005661654,-0.004800455,-0.000284105,0.000000047,0.002062642,b,4,5,5,10
34.440000,DS,4,0,0.387023090,0.666733100,0.328557154,2.149992646,-0.048651276,-0.135028367,0.114918389,ds_hold,0.244991862,0.005672097,-0.004844063,-0.000340620,0.000000042,0.001965979,b,4,5,5,10
34.540000,DS,4,0,0.383143596,0.667402557,0.350511565,2.192578632,-0.041421411,-0.112493087,0.099372459,ds_hold,0.235546472,0.005678580,-0.004884652,-0.000394841,0.000000038,0.001867797,b,4,5,5,10
34.640000,DS,4,0,0.379300593,0.667814056,0.371323467,2.233469740,-0.034768181,-0.091840415,0.084943644,ds_hold,0.225340403,0.005681418,-0.004922507,-0.000446683,0.000000035,0.001767793,b,4,5,5,10
34.740000,DS,4,0,0.375493840,0.667973951,0.391018186,2.272718389,-0.028635360,-0.072981918,0.071659340,ds_hold,0.214531879,0.005680901,-0.004957888,-0.000496095,0.000000033,0.001666098,b,4,5,5,10
34.840000,DS,4,0,0.371723083,0.667897634,0.409625269,2.310381434,-0.022962834,-0.055820181,0.059549489,ds_hold,0.203286848,0.005677303,-0.004991040,-0.000543050,0.000000031,0.001563197,b,4,5,5,10
34.940000,DS,4,0,0.367988046,0.667607450,0.427176601,2.346520210,-0.017678517,-0.040216281,0.048620324,ds_hold,0.191778809,0.005670877,-0.005022192,-0.000587544,0.000000029,0.001459732,b,4,5,5,10
35.040000,DS,4,0,0.364288420,0.667130233,0.443701017,2.381200416,-0.012691801,-0.025981396,0.038854108,ds_hold,0.180189160,0.005661846,-0.005051564,-0.000629592,0.000000026,0.001356190,b,4,5,5,10
35.140000,DS,4,0,0.360623850,0.666495525,0.459213340,2.414496434,-0.007944884,-0.013088996,0.030375978,ds_hold,0.168707904,0.005650404,-0.005079374,-0.000669236,0.000000023,0.001252738,b,4,5,5,10
35.240000,DS,4,0,0.356993889,0.665736393,0.473695784,2.446509467,-0.003626279,-0.002293676,0.023835618,ds_hold,0.157534407,0.005636697,-0.005105851,-0.000706555,0.000000018,0.001149803,b,4,5,5,10
35.340000,DS,4,0,0.353397954,0.664894568,0.487077304,2.477403275,-0.000394773,0.004645285,0.020268784,ds_hold,0.146878565,0.005620801,-0.005131248,-0.000741669,0.000000011,0.001050388,b,4,5,5,10
35.440000,DS,4,0,0.349835360,0.664024684,0.499266057,2.507401316,0.001320332,0.007274723,0.019451922,ds_hold,0.136964752,0.005602726,-0.005155827,-0.000774716,0.000000010,0.000962816,b,4,5,5,10
35.540000,DS,4,0,0.346305502,0.663181267,0.510309281,2.536642687,0.002076595,0.007726646,0.019693939,ds_hold,0.128038432,0.005582453,-0.005179813,-0.000805781,0.000000015,0.000894870,b,4,5,5,10
35.640000,DS,4,0,0.342807988,0.662398502,0.520450690,2.565116540,0.002487634,0.007805142,0.019806588,ds_hold,0.120362054,0.005559994,-0.005203370,-0.000834879,0.000000020,0.000843607,b,4,5,5,10
35.740000,DS,4,0,0.339342609,0.661680480,0.529941015,2.592770699,0.002753782,0.008002249,0.019480421,ds_hold,0.114190478,0.005535417,-0.005226602,-0.000861989,0.000000022,0.000800256,b,4,5,5,10
35.840000,DS,4,0,0.335909276,0.661006639,0.538937977,2.619538121,0.002905907,0.008303337,0.018744816,ds_hold,0.109733504,0.005508854,-0.005249570,-0.000887087,0.000000023,0.000758696,b,4,5,5,10
35.940000,DS,4,0,0.332507974,0.660348317,0.547534812,2.645339277,0.002950915,0.008627395,0.017690435,ds_hold,0.107115214,0.005480492,-0.005272288,-0.000910155,0.000000023,0.000716516,b,4,5,5,10
36.040000,DS,4,0,0.329138735,0.659677476,0.555788618,2.670093467,0.002900943,0.008914683,0.016407218,ds_hold,0.106342285,0.005450558,-0.005294741,-0.000931196,0.000000024,0.000673590,b,4,5,5,10
36.140000,DS,4,0,0.325801614,0.658968968,0.563730596,2.693724707,0.002774405,0.009130129,0.014977428,ds_hold,0.107296251,0.005419314,-0.005316883,-0.000950230,0.000000025,0.000631141,b,4,5,5,10
36.240000,DS,4,0,0.322496665,0.658201710,0.571372238,2.716165665,0.002593624,0.009257757,0.013475687,ds_hold,0.109755743,0.005387042,-0.005338653,-0.000967303,0.000000028,0.000591177,b,4,5,5,10
36.340000,DS,4,0,0.319223927,0.657359375,0.578710968,2.737361138,0.002384096,0.009298066,0.011969638,ds_hold,0.113439109,0.005354039,-0.005359973,-0.000982480,0.000000032,0.000555998,b,4,5,5,10
36.440000,DS,4,0,0.315983412,0.656430452,0.585734833,2.757270415,0.002177132,0.009270883,0.010522348,ds_hold,0.118049510,0.005320602,-0.005380763,-0.000995849,0.000000037,0.000527695,b,4,5,5,10
36.540000,DS,4,0,0.312775094,0.655407966,0.592426338,2.775868503,0.002019733,0.009229193,0.009200691,ds_hold,0.123308819,0.005287029,-0.005400942,-0.001007516,0.000000043,0.000507589,b,4,5,5,10
36.640000,DS,4,0,0.309598903,0.654289021,0.598765645,2.793146481,0.002007674,0.009305858,0.008106596,ds_hold,0.128976237,0.005253601,-0.005420432,-0.001017602,0.000000048,0.000495709,b,4,5,5,10
36.740000,DS,4,0,0.306454716,0.653074030,0.604732937,2.809111739,0.002411502,0.009878190,0.007520867,ds_hold,0.134854469,0.005220582,-0.005439169,-0.001026238,0.000000053,0.000490044,b,4,5,5,10
36.840000,DS,4,0,0.303342331,0.651764737,0.610307978,2.823793089,0.004134675,0.011986793,0.008697064,ds_hold,0.140788647,0.005188187,-0.005457113,-0.001033576,0.000000054,0.000482213,b,4,5,5,10
36.940000,DS,4,0,0.300261271,0.650358710,0.615447570,2.837305582,0.007699684,0.015106562,0.014078173,ds_hold,0.146664211,0.005156454,-0.005474351,-0.001039819,0.000000041,0.000432251,b,4,5,5,10
37.040000,DS,4,0,0.297210284,0.648869528,0.619864765,2.850347973,0.009414803,0.016216770,0.016621707,ds_hold,0.152407455,0.005125030,-0.005491222,-0.001045278,0.000000014,0.000330459,b,4,5,5,10
37.140000,DS,4,0,0.294188159,0.647433306,0.623117793,2.863610497,0.010956713,0.017471327,0.018210981,ds_hold,0.157968742,0.005093540,-0.005507962,-0.001050102,0.000000008,0.000290409,b,4,5,5,10
37.240000,DS,4,0,0.291194405,0.646285029,0.625878190,2.876628287,0.011978928,0.018197240,0.019227221,ds_hold,0.163304873,0.005061762,-0.005524687,-0.001054258,0.000000014,0.000298664,b,4,5,5,10
37.340000,DS,4,0,0.288228735,0.645471268,0.628449852,2.889440217,0.012540156,0.018433490,0.019710973,ds_hold,0.168384247,0.005029613,-0.005541477,-0.001057710,0.000000018,0.000305984,b,4,5,5,10
37.440000,DS,4,0,0.285290946,0.644926012,0.630875275,2.901898906,0.012744067,0.018262083,0.019810135,ds_hold,0.173187697,0.004997116,-0.005558368,-0.001060444,0.000000020,0.000297648,b,4,5,5,10
37.540000,DS,4,0,0.282380876,0.644582769,0.633159407,2.913897921,0.012678881,0.017777881,0.019626467,ds_hold,0.177705594,0.004964357,-0.005575369,-0.001062476,0.000000019,0.000275558,b,4,5,5,10
37.640000,DS,4,0,0.279498364,0.644379194,0.635285694,2.925378680,0.012432153,0.017080943,0.019259236,ds_hold,0.181935205,0.004931444,-0.005592468,-0.001063845,0.000000019,0.000245796,b,4,5,5,10
37.740000,DS,4,0,0.276643238,0.644263685,0.637232596,2.936318320,0.012080822,0.016262524,0.018796903,ds_hold,0.185878554,0.004898484,-0.005609641,-0.001064611,0.000000017,0.000213962,b,4,5,5,10
37.840000,DS,4,0,0.273815306,0.644199237,0.638984052,2.946722846,0.011684747,0.015396981,0.018307389,ds_hold,0.189540822,0.004865569,-0.005626858,-0.001064842,0.000000016,0.000183827,b,4,5,5,10
37.940000,DS,4,0,0.271014358,0.644163383,0.640534167,2.956618282,0.011285074,0.014538548,0.017834815,ds_hold,0.192929238,0.004832769,-0.005644088,-0.001064606,0.000000015,0.000157388,b,4,5,5,10
38.040000,DS,4,0,0.268240173,0.644145728,0.641887722,2.966041936,0.010905941,0.013721725,0.017401792,ds_hold,0.196052351,0.004800136,-0.005661306,-0.001063970,0.000000014,0.000135407,b,4,5,5,10
38.140000,DS,4,0,0.265492525,0.644144433,0.643058141,2.975035248,0.010558085,0.012964161,0.017014786,ds_hold,0.198919589,0.004767707,-0.005678488,-0.001062992,0.000000014,0.000117969,b,4,5,5,10
38.240000,DS,4,0,0.262771187,0.644162608,0.644064322,2.983638729,0.010243068,0.012270889,0.016670174,ds_hold,0.201540982,0.004735507,-0.005695618,-0.001061721,0.000000014,0.000104855,b,4,5,5,10
38.340000,DS,4,0,0.260075938,0.644205278,0.644927401,2.991888893,0.009957212,0.011638860,0.016359514,ds_hold,0.203926998,0.004703553,-0.005712684,-0.001060199,0.000000013,0.000095690,b,4,5,5,10
38.440000,DS,4,0,0.257406559,0.644277216,0.645668085,2.999816864,0.009694739,0.011060979,0.016073354,ds_hold,0.206088423,0.004671860,-0.005729675,-0.001058459,0.000000014,0.000089959,b,4,5,5,10
38.540000,DS,4,0,0.254762841,0.644381682,0.646304871,3.007448197,0.009449911,0.010529174,0.015803516,ds_hold,0.208036260,0.004640439,-0.005746585,-0.001056529,0.000000014,0.000087011,b,4,5,5,10
38.640000,DS,4,0,0.252144581,0.644519954,0.646853155,3.014803467,0.009218222,0.010036351,0.015544108,ds_hold,0.209781635,0.004609300,-0.005763407,-0.001054434,0.000000014,0.000086128,b,4,5,5,10
38.740000,DS,4,0,0.249551582,0.644691419,0.647325091,3.021899246,0.008996823,0.009577335,0.015291618,ds_hold,0.211335704,0.004578452,-0.005780135,-0.001052192,0.000000014,0.000086639,b,4,5,5,10
38.840000,DS,4,0,0.246983651,0.644894002,0.647729950,3.028749177,0.008784428,0.009149016,0.015044482,ds_hold,0.212709564,0.004547906,-0.005796763,-0.001049825,0.000000014,0.000088015,b,4,5,5,10
38.940000,DS,4,0,0.244440601,0.645124717,0.648074743,3.035364950,0.008580911,0.008749993,0.014802435,ds_hold,0.213914159,0.004517668,-0.005813284,-0.001047349,0.000000014,0.000089893,b,4,5,5,10
39.040000,DS,4,0,0.241922249,0.645380203,0.648364905,3.041757088,0.008386825,0.008379983,0.014565867,ds_hold,0.214960211,0.004487748,-0.005829691,-0.001044782,0.000000014,0.000092055,b,4,5,5,10
39.140000,DS,4,0,0.239428416,0.645657142,0.648604900,3.047935486,0.008202946,0.008039199,0.014335315,ds_hold,0.215858148,0.004458150,-0.005845976,-0.001042139,0.000000014,0.000094387,b,4,5,5,10
39.240000,DS,4,0,0.236958925,0.645952535,0.648798680,3.053909745,0.008029937,0.007727832,0.014111147,ds_hold,0.216618055,0.004428881,-0.005862132,-0.001039435,0.000000015,0.000096835,b,4,5,5,10
39.340000,DS,4,0,0.234513603,0.646263832,0.648949977,3.059689308,0.007868146,0.007445712,0.013893406,ds_hold,0.217249631,0.004399945,-0.005878150,-0.001036684,0.000000015,0.000099373,b,4,5,5,10
39.440000,DS,4,0,0.232092281,0.646588959,0.649062446,3.065283485,0.007717532,0.007192146,0.013681796,ds_hold,0.217762162,0.004371347,-0.005894025,-0.001033899,0.000000015,0.000101983,b,4,5,5,10
39.540000,DS,4,0,0.229694792,0.646926256,0.649139693,3.070701389,0.007577686,0.006965906,0.013475746,ds_hold,0.218164504,0.004343088,-0.005909750,-0.001031092,0.000000015,0.000104643,b,4,5,5,10
39.640000,DS,4,0,0.227320974,0.647274391,0.649185243,3.075951846,0.007447913,0.006765318,0.013274511,ds_hold,0.218465074,0.004315170,-0.005925317,-0.001028271,0.000000015,0.000107327,b,4,5,5,10
39.740000,DS,4,0,0.224970666,0.647632255,0.649202471,3.081043308,0.007327330,0.006588407,0.013077277,ds_hold,0.218671846,0.004287596,-0.005940722,-0.001025446,0.000000015,0.000110007,b,4,5,5,10
39.840000,DS,4,0,0.222643712,0.647998877,0.649194536,3.085983782,0.007214975,0.006433054,0.012883256,ds_hold,0.218792359,0.004260365,-0.005955959,-0.001022625,0.000000015,0.000112651,b,4,5,5,10
39.940000,DS,4,0,0.220339958,0.648373356,0.649164330,3.090780787,0.007109890,0.006297133,0.012691745,ds_hold,0.218833718,0.004233478,-0.005971024,-0.001019813,0.000000015,0.000115232,b,4,5,5,10
40.040000,DS,4,0,0.218059254,0.648754822,0.649114454,3.095441343,0.007011183,0.006178615,0.012502165,ds_hold,0.218802611,0.004206933,-0.005985914,-0.001017018,0.000000015,0.000117726,b,4,5,5,10
40.140000,DS,4,0,0.215801454,0.649142412,0.649047208,3.099971979,0.006918065,0.006075638,0.012314077,ds_hold,0.218705317,0.004180730,-0.006000624,-0.001014243,0.000000015,0.000120116,b,4,5,5,10
40.240000,DS,4,0,0.213566411,0.649535272,0.648964613,3.104378762,0.006829864,0.005986536,0.012127174,ds_hold,0.218547720,0.004154868,-0.006015152,-0.001011492,0.000000015,0.000122391,b,4,5,5,10
40.340000,DS,4,0,0.211353985,0.649932562,0.648868438,3.108667335,0.006746022,0.005909847,0.011941264,ds_hold,0.218335325,0.004129345,-0.006029495,-0.001008770,0.000000015,0.000124544,b,4,5,5,10
40.440000,DS,4,0,0.209164037,0.650333464,0.648760227,3.112842955,0.006666083,0.005844295,0.011756246,ds_hold,0.218073273,0.004104159,-0.006043651,-0.001006079,0.000000015,0.000126575,b,4,5,5,10
40.540000,DS,4,0,0.206996431,0.650737199,0.648641342,3.116910533,0.006589673,0.005788773,0.011572084,ds_hold,0.217766357,0.004079307,-0.006057617,-0.001003422,0.000000015,0.000128486,b,4,5,5,10
40.640000,DS,4,0,0.204851033,0.651143032,0.648512982,3.120874670,0.006516485,0.005742310,0.011388787,ds_hold,0.217419035,0.004054788,-0.006071393,-0.001000800,0.000000015,0.000130283,b,4,5,5,10
40.740000,DS,4,0,0.202727712,0.651550278,0.648376217,3.124739682,0.006446262,0.005704051,0.011206386,ds_hold,0.217035452,0.004030597,-0.006084977,-0.000998216,0.000000015,0.000131971,b,4,5,5,10
40.840000,DS,4,0,0.200626341,0.651958305,0.648232003,3.128509630,0.006378782,0.005673234,0.011024925,ds_hold,0.216619448,0.004006733,-0.006098368,-0.000995671,0.000000016,0.000133557,b,4,5,5,10
40.940000,DS,4,0,0.198546794,0.652366534,0.648081197,3.132188337,0.006313849,0.005649173,0.010844446,ds_hold,0.216174584,0.003983193,-0.006111565,-0.000993166,0.000000016,0.000135048,b,4,5,5,10
41.040000,DS,4,0,0.196488947,0.652774431,0.647924568,3.135779403,0.006251290,0.005631250,0.010664990,ds_hold,0.215704147,0.003959972,-0.006124568,-0.000990701,0.000000016,0.000136448,b,4,5,5,10
41.140000,DS,4,0,0.194452679,0.653181510,0.647762805,3.139286220,0.006190947,0.005618901,0.010486589,ds_hold,0.215211175,0.003937068,-0.006137378,-0.000988278,0.000000016,0.000137765,b,4,5,5,10
41.240000,DS,4,0,0.192437873,0.653587324,0.647596523,3.142711986,0.006132676,0.005611617,0.010309269,ds_hold,0.214698464,0.003914478,-0.006149993,-0.000985897,0.000000016,0.000139004,b,4,5,5,10
41.340000,DS,4,0,0.190444412,0.653991463,0.647426273,3.146059714,0.006076348,0.005608934,0.010133052,ds_hold,0.214168590,0.003892198,-0.006162415,-0.000983557,0.000000016,0.000140169,b,4,5,5,10
41.440000,DS,4,0,0.188472182,0.654393551,0.647252541,3.149332243,0.006021846,0.005610435,0.009957952,ds_hold,0.213623918,0.003870224,-0.006174644,-0.000981259,0.000000016,0.000141265,b,4,5,5,10
41.540000,DS,4,0,0.186521073,0.654793241,0.647075759,3.152532247,0.005969064,0.005615742,0.009783981,ds_hold,0.213066616,0.003848553,-0.006186680,-0.000979003,0.000000016,0.000142295,b,4,5,5,10
41.640000,DS,4,0,0.184590974,0.655190217,0.646896306,3.155662250,0.005917910,0.005624518,0.009611150,ds_hold,0.212498671,0.003827180,-0.006198526,-0.000976789,0.000000016,0.000143265,b,4,5,5,10
41.740000,DS,4,0,0.182681778,0.655584187,0.646714519,3.158724630,0.005868300,0.005636457,0.009439467,ds_hold,0.211921898,0.003806104,-0.006210181,-0.000974616,0.000000016,0.000144178,b,4,5,5,10
41.840000,DS,4,0,0.180793382,0.655974887,0.646530694,3.161721633,0.005820160,0.005651286,0.009268939,ds_hold,0.211337957,0.003785319,-0.006221648,-0.000972484,0.000000016,0.000145038,b,4,5,5,10
41.940000,DS,4,0,0.178925682,0.656362075,0.646345091,3.164655380,0.005773424,0.005668760,0.009099571,ds_hold,0.210748356,0.003764823,-0.006232927,-0.000970393,0.000000016,0.000145848,b,4,5,5,10
42.040000,DS,4,0,0.177078577,0.656745534,0.646157939,3.167527878,0.005728032,0.005688659,0.008931369,ds_hold,0.210154469,0.003744611,-0.006244020,-0.000968341,0.000000017,0.000146612,b,4,5,5,10
42.140000,DS,4,0,0.175251969,0.657125068,0.645969444,3.170341023,0.005683932,0.005710782,0.008764338,ds_hold,0.209557544,0.003724679,-0.006254929,-0.000966329,0.000000017,0.000147333,b,4,5,5,10
42.240000,DS,4,0,0.173445762,0.657500502,0.645779784,3.173096613,0.005641075,0.005734951,0.008598479,ds_hold,0.208958711,0.003705025,-0.006265656,-0.000964355,0.000000017,0.000148015,b,4,5,5,10
42.340000,DS,4,0,0.171659862,0.657871681,0.645589120,3.175796351,0.005599416,0.005761001,0.008433797,ds_hold,0.208358991,0.003685644,-0.006276202,-0.000962420,0.000000017,0.000148660,b,4,5,5,10
42.440000,DS,4,0,0.169894175,0.658238467,0.645397594,3.178441854,0.005558916,0.005788785,0.008270292,ds_hold,0.207759306,0.003666533,-0.006286570,-0.000960523,0.000000017,0.000149271,b,4,5,5,10
42.540000,DS,4,0,0.168148611,0.658600740,0.645205332,3.181034659,0.005519537,0.005818169,0.008107966,ds_hold,0.207160487,0.003647687,-0.006296760,-0.000958662,0.000000017,0.000149850,b,4,5,5,10
42.640000,DS,4,0,0.166423081,0.658958396,0.645012448,3.183576224,0.005481244,0.005849028,0.007946818,ds_hold,0.206563279,0.003629105,-0.006306777,-0.000956838,0.000000017,0.000150400,b,4,5,5,10
42.740000,DS,4,0,0.164717499,0.659311346,0.644819041,3.186067939,0.005444005,0.005881253,0.007786850,ds_hold,0.205968351,0.003610781,-0.006316620,-0.000955050,0.000000017,0.000150923,b,4,5,5,10
42.840000,DS,4,0,0.163031780,0.659659513,0.644625204,3.188511128,0.005407790,0.005914740,0.007628059,ds_hold,0.205376297,0.003592712,-0.006326294,-0.000953296,0.000000017,0.000151421,b,4,5,5,10
42.940000,DS,4,0,0.161365841,0.660002834,0.644431017,3.190907053,0.005372572,0.005949397,0.007470446,ds_hold,0.204787651,0.003574896,-0.006335799,-0.000951578,0.000000017,0.000151895,b,4,5,5,10
43.040000,DS,4,0,0.159719600,0.660341259,0.644236553,3.193256917,0.005338324,0.005985141,0.007314008,ds_hold,0.204202883,0.003557327,-0.006345138,-0.000949892,0.000000017,0.000152349,b,4,5,5,10
43.140000,DS,4,0,0.158092978,0.660674745,0.644041879,3.195561871,0.005305022,0.006021893,0.007158744,ds_hold,0.203622410,0.003540004,-0.006354314,-0.000948240,0.000000017,0.000152782,b,4,5,5,10
43.240000,DS,4,0,0.156485897,0.661003264,0.643847055,3.197823018,0.005272644,0.006059584,0.007004652,ds_hold,0.203046598,0.003522921,-0.006363329,-0.000946621,0.000000017,0.000153197,b,4,5,5,10
43.340000,DS,4,0,0.154898281,0.661326793,0.643652135,3.200041409,0.005241169,0.006098151,0.006851729,ds_hold,0.202475770,0.003506078,-0.006372184,-0.000945034,0.000000018,0.000153596,b,4,5,5,10
43.440000,DS,4,0,0.153330056,0.661645319,0.643457170,3.202218056,0.005210576,0.006137536,0.006699973,ds_hold,0.201910206,0.003489468,-0.006380883,-0.000943477,0.000000018,0.000153978,b,4,5,5,10
43.540000,DS,4,0,0.151781147,0.661958838,0.643262204,3.204353928,0.005180847,0.006177686,0.006549381,ds_hold,0.201350147,0.003473091,-0.006389427,-0.000941952,0.000000018,0.000154346,b,4,5,5,10
43.640000,DS,4,0,0.150251485,0.662267351,0.643067280,3.206449957,0.005151964,0.006218554,0.006399950,ds_hold,0.200795802,0.003456941,-0.006397819,-0.000940457,0.000000018,0.000154701,b,4,5,5,10
43.740000,DS,4,0,0.148740998,0.662570867,0.642872438,3.208507037,0.005123910,0.006260097,0.006251676,ds_hold,0.200247349,0.003441017,-0.006406062,-0.000938991,0.000000018,0.000155043,b,4,5,5,10
43.840000,DS,4,0,0.147249620,0.662869401,0.642677713,3.210526031,0.005096670,0.006302274,0.006104555,ds_hold,0.199704937,0.003425314,-0.006414157,-0.000937555,0.000000018,0.000155374,b,4,5,5,10
43.940000,DS,4,0,0.145777281,0.663162972,0.642483139,3.212507770,0.005070229,0.006345051,0.005958583,ds_hold,0.199168689,0.003409830,-0.006422106,-0.000936147,0.000000018,0.000155694,b,4,5,5,10
44.040000,DS,4,0,0.144323918,0.663451606,0.642288748,3.214453055,0.005044572,0.006388396,0.005813755,ds_hold,0.198638708,0.003394562,-0.006429913,-0.000934767,0.000000018,0.000156004,b,4,5,5,10
44.140000,DS,4,0,0.142889465,0.663735332,0.642094568,3.216362658,0.005019686,0.006432280,0.005670065,ds_hold,0.198115073,0.003379506,-0.006437580,-0.000933415,0.000000018,0.000156305,b,4,5,5,10
44.240000,DS,4,0,0.141473860,0.664014184,0.641900629,3.218237329,0.004995558,0.006476676,0.005527509,ds_hold,0.197597847,0.003364660,-0.006445108,-0.000932090,0.000000018,0.000156598,b,4,5,5,10
44.340000,DS,4,0,0.140077040,0.664288199,0.641706955,3.220077791,0.004972175,0.006521561,0.005386080,ds_hold,0.197087076,0.003350020,-0.006452500,-0.000930791,0.000000018,0.000156883,b,4,5,5,10
44.440000,DS,4,0,0.138698945,0.664557417,0.641513572,3.221884742,0.004949526,0.006566913,0.005245771,ds_hold,0.196582790,0.003335585,-0.006459758,-0.000929519,0.000000018,0.000157160,b,4,5,5,10
44.540000,DS,4,0,0.137339515,0.664821881,0.641320503,3.223658863,0.004927599,0.006612714,0.005106577,ds_hold,0.196085007,0.003321349,-0.006466885,-0.000928272,0.000000018,0.000157431,b,4,5,5,10
44.640000,DS,4,0,0.135998692,0.665081639,0.641127771,3.225400811,0.004906383,0.006658946,0.004968489,ds_hold,0.195593732,0.003307312,-0.006473882,-0.000927050,0.000000019,0.000157696,b,4,5,5,10
44.740000,DS,4,0,0.134676418,0.665336737,0.640935395,3.227111226,0.004885869,0.006705595,0.004831501,ds_hold,0.195108959,0.003293470,-0.006480751,-0.000925854,0.000000019,0.000157955,b,4,5,5,10
44.840000,DS,4,0,0.133372636,0.665587227,0.640743396,3.228790727,0.004866044,0.006752646,0.004695603,ds_hold,0.194630676,0.003279821,-0.006487496,-0.000924681,0.000000019,0.000158208,b,4,5,5,10
44.940000,DS,4,0,0.132087290,0.665833160,0.640551793,3.230439918,0.004846901,0.006800088,0.004560789,ds_hold,0.194158858,0.003266361,-0.006494118,-0.000923533,0.000000019,0.000158457,b,4,5,5,10
45.040000,DS,4,0,0.130820326,0.666074590,0.640360603,3.232059386,0.004828429,0.006847910,0.004427049,ds_hold,0.193693476,0.003253088,-0.006500619,-0.000922408,0.000000019,0.000158700,b,4,5,5,10
45.140000,DS,4,0,0.129571688,0.666311572,0.640169844,3.233649701,0.004810620,0.006896102,0.004294374,ds_hold,0.193234492,0.003239999,-0.006507000,-0.000921306,0.000000019,0.000158940,b,4,5,5,10
45.240000,DS,4,0,0.128341323,0.666544161,0.639979532,3.235211421,0.004793464,0.006944657,0.004162755,ds_hold,0.192781866,0.003227092,-0.006513265,-0.000920227,0.000000019,0.000159175,b,4,5,5,10
45.340000,DS,4,0,0.127129177,0.666772415,0.639789681,3.236745088,0.004776952,0.006993568,0.004032182,ds_hold,0.192335548,0.003214364,-0.006519416,-0.000919170,0.000000019,0.000159407,b,4,5,5,10
45.440000,DS,4,0,0.125935198,0.666996390,0.639600306,3.238251229,0.004761078,0.007042828,0.003902646,ds_hold,0.191895489,0.003201813,-0.006525453,-0.000918136,0.000000019,0.000159635,b,4,5,5,10
45.540000,DS,4,0,0.124759332,0.667216146,0.639411419,3.239730363,0.004745832,0.007092432,0.003774136,ds_hold,0.191461631,0.003189435,-0.006531380,-0.000917123,0.000000019,0.000159860,b,4,5,5,10
45.640000,DS,4,0,0.123601529,0.667431741,0.639223035,3.241182990,0.004731207,0.007142376,0.003646642,ds_hold,0.191033917,0.003177229,-0.006537197,-0.000916131,0.000000019,0.000160082,b,4,5,5,10
45.740000,DS,4,0,0.122461735,0.667643233,0.639035164,3.242609605,0.004717195,0.007192656,0.003520154,ds_hold,0.190612285,0.003165193,-0.006542908,-0.000915160,0.000000019,0.000160301,b,4,5,5,10
45.840000,DS,4,0,0.121339899,0.667850682,0.638847817,3.244010687,0.004703788,0.007243270,0.003394660,ds_hold,0.190196670,0.003153322,-0.006548513,-0.000914211,0.000000019,0.000160517,b,4,5,5,10
45.940000,DS,4,0,0.120235969,0.668054147,0.638661005,3.245386706,0.004690981,0.007294214,0.003270149,ds_hold,0.189787008,0.003141617,-0.006554015,-0.000913281,0.000000019,0.000160730,b,4,5,5,10
46.040000,DS,4,0,0.119149892,0.668253685,0.638474735,3.246738121,0.004678765,0.007345489,0.003146610,ds_hold,0.189383230,0.003130073,-0.006559415,-0.000912371,0.000000019,0.000160941,b,4,5,5,10
46.140000,DS,4,0,0.118081616,0.668449357,0.638289018,3.248065382,0.004667135,0.007397092,0.003024032,ds_hold,0.188985268,0.003118688,-0.006564716,-0.000911481,0.000000020,0.000161150,b,4,5,5,10
46.240000,DS,4,0,0.117031089,0.668641221,0.638103859,3.249368929,0.004656083,0.007449024,0.002902402,ds_hold,0.188593052,0.003107461,-0.006569919,-0.000910611,0.000000020,0.000161356,b,4,5,5,10
46.340000,DS,4,0,0.115998258,0.668829334,0.637919265,3.250649192,0.004645603,0.007501283,0.002781710,ds_hold,0.188206509,0.003096389,-0.006575025,-0.000909759,0.000000020,0.000161560,b,4,5,5,10
46.440000,DS,4,0,0.114983068,0.669013755,0.637735243,3.251906594,0.004635688,0.007553872,0.002661942,ds_hold,0.187825570,0.003085470,-0.006580037,-0.000908926,0.000000020,0.000161762,b,4,5,5,10
46.540000,DS,4,0,0.113985467,0.669194541,0.637551796,3.253141546,0.004626334,0.007606791,0.002543087,ds_hold,0.187450160,0.003074702,-0.006584956,-0.000908112,0.000000020,0.000161962,b,4,5,5,10
46.640000,DS,4,0,0.113005398,0.669371748,0.637368928,3.254354455,0.004617534,0.007660040,0.002425132,ds_hold,0.187080209,0.003064082,-0.006589784,-0.000907316,0.000000020,0.000162160,b,4,5,5,10
46.740000,DS,4,0,0.112042807,0.669545432,0.637186641,3.255545718,0.004609283,0.007713623,0.002308065,ds_hold,0.186715643,0.003053608,-0.006594522,-0.000906537,0.000000020,0.000162356,b,4,5,5,10
46.840000,DS,4,0,0.111097636,0.669715649,0.637004938,3.256715724,0.004601574,0.007767541,0.002191873,ds_hold,0.186356388,0.003043279,-0.006599172,-0.000905777,0.000000020,0.000162550,b,4,5,5,10
46.940000,DS,4,0,0.110169828,0.669882454,0.636823818,3.257864857,0.004594402,0.007821797,0.002076542,ds_hold,0.186002373,0.003033091,-0.006603735,-0.000905033,0.000000020,0.000162743,b,4,5,5,10
47.040000,DS,4,0,0.109259324,0.670045901,0.636643281,3.258993491,0.004587763,0.007876394,0.001962059,ds_hold,0.185653524,0.003023044,-0.006608214,-0.000904307,0.000000020,0.000162933,b,4,5,5,10
47.140000,DS,4,0,0.108366063,0.670206041,0.636463324,3.260101996,0.004581651,0.007931336,0.001848412,ds_hold,0.185309769,0.003013135,-0.006612609,-0.000903598,0.000000020,0.000163122,b,4,5,5,10
47.240000,DS,4,0,0.107489984,0.670362929,0.636283945,3.261190736,0.004576061,0.007986625,0.001735585,ds_hold,0.184971035,0.003003362,-0.006616923,-0.000902905,0.000000020,0.000163309,b,4,5,5,10
47.340000,DS,4,0,0.106631023,0.670516615,0.636105139,3.262260067,0.004570988,0.008042266,0.001623564,ds_hold,0.184637249,0.002993722,-0.006621155,-0.000902229,0.000000020,0.000163494,b,4,5,5,10
47.440000,DS,4,0,0.105789116,0.670667150,0.635926900,3.263310343,0.004566427,0.008098264,0.001512336,ds_hold,0.184308340,0.002984215,-0.006625309,-0.000901568,0.000000020,0.000163677,b,4,5,5,10
47.540000,DS,4,0,0.104964196,0.670814583,0.635749220,3.264341910,0.004562373,0.008154623,0.001401883,ds_hold,0.183984235,0.002974838,-0.006629385,-0.000900924,0.000000020,0.000163858,b,4,5,5,10
47.640000,DS,4,0,0.104156195,0.670958964,0.635572090,3.265355111,0.004558822,0.008211348,0.001292192,ds_hold,0.183664864,0.002965589,-0.006633386,-0.000900295,0.000000021,0.000164038,b,4,5,5,10
47.740000,DS,4,0,0.103365041,0.671100339,0.635395499,3.266350286,0.004555768,0.008268445,0.001183245,ds_hold,0.183350154,0.002956466,-0.006637311,-0.000899681,0.000000021,0.000164216,b,4,5,5,10
47.840000,DS,4,0,0.102590662,0.671238757,0.635219435,3.267327772,0.004553207,0.008325920,0.001075024,ds_hold,0.183040036,0.002947467,-0.006641162,-0.000899083,0.000000021,0.000164391,b,4,5,5,10
47.940000,DS,4,0,0.101832984,0.671374264,0.635043884,3.268287900,0.004551133,0.008383778,0.000967512,ds_hold,0.182734437,0.002938591,-0.006644942,-0.000898499,0.000000021,0.000164565,b,4,5,5,10
48.040000,DS,4,0,0.101091929,0.671506903,0.634868828,3.269231005,0.004549542,0.008442028,0.000860690,ds_hold,0.182433288,0.002929835,-0.006648651,-0.000897931,0.000000021,0.000164737,b,4,5,5,10
48.140000,DS,4,0,0.100367418,0.671636721,0.634694249,3.270157417,0.004548427,0.008500676,0.000754536,ds_hold,0.182136517,0.002921198,-0.006652290,-0.000897377,0.000000021,0.000164908,b,4,5,5,10
48.240000,DS,4,0,0.099659368,0.671763762,0.634520127,3.271067467,0.004547785,0.008559731,0.000649030,ds_hold,0.181844055,0.002912677,-0.006655861,-0.000896837,0.000000021,0.000165076,b,4,5,5,10
48.340000,DS,4,0,0.098967694,0.671888067,0.634346438,3.271961487,0.004547608,0.008619200,0.000544146,ds_hold,0.181555829,0.002904271,-0.006659364,-0.000896311,0.000000021,0.000165243,b,4,5,5,10
48.440000,DS,4,0,0.098292310,0.672009680,0.634173157,3.272839813,0.004547892,0.008679094,0.000439862,ds_hold,0.181271770,0.002895979,-0.006662803,-0.000895800,0.000000021,0.000165407,b,4,5,5,10
48.540000,DS,4,0,0.097633124,0.672128643,0.634000256,3.273702783,0.004548629,0.008739423,0.000336148,ds_hold,0.180991805,0.002887797,-0.006666176,-0.000895302,0.000000021,0.000165571,b,4,5,5,10
48.640000,DS,4,0,0.096990045,0.672244998,0.633827704,3.274550740,0.004549815,0.008800200,0.000232975,ds_hold,0.180715863,0.002879724,-0.006669486,-0.000894818,0.000000021,0.000165732,b,4,5,5,10
48.740000,DS,4,0,0.096362975,0.672358788,0.633655468,3.275384035,0.004551441,0.008861437,0.000130312,ds_hold,0.180443871,0.002871759,-0.006672735,-0.000894347,0.000000021,0.000165892,b,4,5,5,10
48.840000,DS,4,0,0.095751816,0.672470054,0.633483513,3.276203025,0.004553503,0.008923150,0.000028125,ds_hold,0.180175755,0.002863899,-0.006675922,-0.000893890,0.000000021,0.000166051,b,4,5,5,10
48.940000,DS,4,0,0.095156464,0.672578838,0.633311800,3.277008081,0.004555994,0.008985359,-0.000073623,ds_hold,0.179911440,0.002856142,-0.006679050,-0.000893446,0.000000021,0.000166209,b,4,5,5,10
49.040000,DS,4,0,0.094576816,0.672685185,0.633140288,3.277799584,0.004558910,0.009048084,-0.000174971,ds_hold,0.179650850,0.002848486,-0.006682119,-0.000893015,0.000000021,0.000166366,b,4,5,5,10
49.140000,DS,4,0,0.094012762,0.672789139,0.632968932,3.278577931,0.004562245,0.009111352,-0.000275961,ds_hold,0.179393906,0.002840929,-0.006685131,-0.000892596,0.000000022,0.000166522,b,4,5,5,10
49.240000,DS,4,0,0.093464190,0.672890745,0.632797688,3.279343533,0.004565999,0.009175193,-0.000376634,ds_hold,0.179140527,0.002833470,-0.006688087,-0.000892190,0.000000022,0.000166677,b,4,5,5,10
49.340000,DS,4,0,0.092930986,0.672990052,0.632626505,3.280096824,0.004570171,0.009239644,-0.000477036,ds_hold,0.178890631,0.002826105,-0.006690988,-0.000891797,0.000000022,0.000166832,b,4,5,5,10
49.440000,DS,4,0,0.092413031,0.673087109,0.632455334,3.280838257,0.004574764,0.009304749,-0.000577209,ds_hold,0.178644131,0.002818833,-0.006693836,-0.000891417,0.000000022,0.000166987,b,4,5,5,10
49.540000,DS,4,0,0.091910203,0.673181970,0.632284121,3.281568307,0.004579785,0.009370562,-0.000677199,ds_hold,0.178400937,0.002811651,-0.006696631,-0.000891048,0.000000022,0.000167141,b,4,5,5,10
49.640000,DS,4,0,0.091422377,0.673274691,0.632112813,3.282287476,0.004585248,0.009437143,-0.000777045,ds_hold,0.178160957,0.002804556,-0.006699376,-0.000890692,0.000000022,0.000167296,b,4,5,5,10
49.740000,DS,4,0,0.090949425,0.673365332,0.631941355,3.282996287,0.004591170,0.009504565,-0.000876786,ds_hold,0.177924093,0.002797547,-0.006702070,-0.000890347,0.000000022,0.000167450,b,4,5,5,10
49.840000,DS,4,0,0.090491215,0.673453959,0.631769692,3.283695289,0.004597578,0.009572910,-0.000976454,ds_hold,0.177690242,0.002790619,-0.006704717,-0.000890014,0.000000022,0.000167605,b,4,5,5,10
49.940000,DS,4,0,0.090047612,0.673540639,0.631597768,3.284385051,0.004604502,0.009642269,-0.001076075,ds_hold,0.177459299,0.002783772,-0.006707316,-0.000889693,0.000000022,0.000167759,b,4,5,5,10
50.040000,DS,4,0,0.089618478,0.673625449,0.631425530,3.285066160,0.004611981,0.009712742,-0.001175669,ds_hold,0.177231152,0.002777000,-0.006709870,-0.000889383,0.000000022,0.000167914,b,4,5,5,10
50.140000,DS,4,0,0.089203671,0.673708465,0.631252925,3.285739215,0.004620059,0.009784435,-0.001275248,ds_hold,0.177005685,0.002770302,-0.006712379,-0.000889085,0.000000022,0.000168069,b,4,5,5,10
50.240000,DS,4,0,0.088803047,0.673789773,0.631079905,3.286404818,0.004628782,0.009857455,-0.001374815,ds_hold,0.176782779,0.002763674,-0.006714846,-0.000888797,0.000000022,0.000168224,b,4,5,5,10
50.340000,DS,4,0,0.088416458,0.673869459,0.630906423,3.287063568,0.004638200,0.009931909,-0.001474372,ds_hold,0.176562308,0.002757113,-0.006717271,-0.000888520,0.000000022,0.000168379,b,4,5,5,10
50.440000,DS,4,0,0.088043754,0.673947613,0.630732438,3.287716049,0.004648361,0.010007898,-0.001573911,ds_hold,0.176344146,0.002750616,-0.006719657,-0.000888254,0.000000022,0.000168536,b,4,5,5,10
50.540000,DS,4,0,0.087684780,0.674024327,0.630557912,3.288362821,0.004659309,0.010085512,-0.001673424,ds_hold,0.176128162,0.002744178,-0.006722004,-0.000887998,0.000000023,0.000168693,b,4,5,5,10
50.640000,DS,4,0,0.087339380,0.674099692,0.630382811,3.289004411,0.004671082,0.010164830,-0.001772904,ds_hold,0.175914227,0.002737796,-0.006724314,-0.000887751,0.000000023,0.000168853,b,4,5,5,10
50.740000,DS,4,0,0.087007395,0.674173798,0.630207104,3.289641304,0.004683711,0.010245913,-0.001872340,ds_hold,0.175702210,0.002731467,-0.006726589,-0.000887515,0.000000023,0.000169014,b,4,5,5,10
50.840000,DS,4,0,0.086688662,0.674246730,0.630030763,3.290273940,0.004697219,0.010328808,-0.001971727,ds_hold,0.175491979,0.002725187,-0.006728830,-0.000887287,0.000000023,0.000169178,b,4,5,5,10
50.940000,DS,4,0,0.086383016,0.674318568,0.629853761,3.290902707,0.004711619,0.010413541,-0.002071059,ds_hold,0.175283407,0.002718952,-0.006731039,-0.000887069,0.000000023,0.000169344,b,4,5,5,10
