t_s,tick,phase,step_index,Hdot_s_x_Nm,Hdot_s_y_Nm,Hdot_s_z_Nm,Hdot_s_proxy_x_Nm,Hdot_s_proxy_y_Nm,Hdot_s_proxy_z_Nm,Hdot_s_source,hw_x_Nms,hw_y_Nms,hw_z_Nms,theta_s_x_deg,theta_s_y_deg,theta_s_z_deg,Ltot_x_Nms,Ltot_y_Nms,Ltot_z_Nms,rcom_x_m,rcom_y_m,rcom_z_m,rref_x_m,rref_y_m,rref_z_m,tauw_x_Nm,tauw_y_Nm,tauw_z_Nm,torso_pos_x_m,torso_pos_y_m,torso_pos_z_m,torso_pos_ref_x_m,torso_pos_ref_y_m,torso_pos_ref_z_m,torso_ori_err_deg,swing_dist_m,swing_active,swing_arm
0.010000,0,DS_interstep,-1,-1.169731e-13,-7.921025e-14,2.370326e-15,-1.495307e-13,-1.011260e-13,4.420322e-14,realized,3.486331e-16,3.441309e-16,-9.480456e-16,0.000000,0.000000,0.000000,0.000000e+00,0.000000e+00,0.000000e+00,-0.035461,-0.615401,-0.350000,-0.035461,-0.615401,-0.350000,1.169731e-13,7.921025e-14,-2.370326e-15,0.176592,-0.815596,-0.343580,0.176592,-0.815596,-0.343580,5.156996,0.000000,0,
0.020000,1,DS_interstep,-1,-9.037196e-09,3.484725e-10,-1.728708e-10,-4.577760e-09,-8.126292e-10,1.416860e-09,realized,4.578754e-11,-1.609467e-12,3.249987e-12,0.000000,0.000000,0.000000,,,,-0.035461,-0.615401,-0.350000,-0.035461,-0.615401,-0.350000,9.157671e-09,-3.219974e-10,6.503443e-10,0.176592,-0.815596,-0.343580,0.176592,-0.815596,-0.343580,5.156996,0.000000,0,
0.030000,2,DS_interstep,-1,-7.046527e-09,3.283866e-09,-7.817905e-09,-4.745468e-09,-7.665050e-10,-9.293227e-10,realized,8.108467e-11,-1.837143e-11,4.418316e-11,0.000000,-0.000000,0.000000,,,,-0.035461,-0.615401,-0.350000,-0.035461,-0.615401,-0.350000,7.060074e-09,-3.352504e-09,8.186965e-09,0.176592,-0.815596,-0.343580,0.176592,-0.815596,-0.343580,5.156996,0.000000,0,
0.040000,3,DS_interstep,-1,-3.502370e-09,1.448628e-09,-7.356063e-09,-3.202458e-09,-1.366261e-09,-2.437063e-09,realized,9.876708e-11,-2.576625e-11,8.222344e-11,0.000000,-0.000000,0.000000,,,,-0.035461,-0.615401,-0.350000,-0.035461,-0.615401,-0.350000,3.537403e-09,-1.479192e-09,7.608741e-09,0.176592,-0.815596,-0.343580,0.176592,-0.815596,-0.343580,5.156996,0.000000,0,
0.050000,4,DS_interstep,-1,-1.263225e-09,1.554935e-09,-9.867880e-09,-1.628835e-09,-1.328130e-09,-4.761577e-09,realized,1.053669e-10,-3.364752e-11,1.323395e-10,0.000000,-0.000000,0.000000,,,,-0.035461,-0.615401,-0.350000,-0.035461,-0.615401,-0.350000,1.321003e-09,-1.576548e-09,1.002433e-08,0.176592,-0.815596,-0.343580,0.176592,-0.815596,-0.343580,5.156996,0.000000,0,
0.060000,5,DS_interstep,-1,3.785053e-10,2.473516e-11,-8.507967e-09,-1.905256e-10,-1.501574e-09,-5.766623e-09,realized,1.037343e-10,-3.374382e-11,1.753911e-10,0.000000,-0.000000,0.000000,,,,-0.035461,-0.615401,-0.350000,-0.035461,-0.615401,-0.350000,-3.254673e-10,-1.959332e-11,8.611865e-09,0.176592,-0.815596,-0.343580,0.176592,-0.815596,-0.343580,5.156996,0.000000,0,
0.070000,6,DS_interstep,-1,1.094206e-09,1.467354e-10,-9.350583e-09,7.728903e-10,-1.297182e-09,-6.779204e-09,realized,9.846479e-11,-3.443522e-11,2.224518e-10,0.000000,-0.000000,0.000000,,,,-0.035461,-0.615401,-0.350000,-0.035461,-0.615401,-0.350000,-1.052879e-09,-1.386123e-10,9.414131e-09,0.176592,-0.815596,-0.343580,0.176592,-0.815596,-0.343580,5.156996,0.000000,0,
0.080000,7,DS_interstep,-1,1.534074e-09,-4.167756e-10,-8.317734e-09,1.447280e-09,-1.247255e-09,-6.848717e-09,realized,9.088949e-11,-3.224977e-11,2.642418e-10,0.000000,-0.000000,0.000000,,,,-0.035461,-0.615401,-0.350000,-0.035461,-0.615401,-0.350000,-1.514113e-09,4.367624e-10,8.360429e-09,0.176592,-0.815596,-0.343580,0.176592,-0.815596,-0.343580,5.156996,0.000000,0,
0.090000,8,DS_interstep,-1,1.553624e-09,-1.000038e-11,-8.616546e-09,1.774130e-09,-1.033399e-09,-6.839457e-09,realized,8.312372e-11,-3.210784e-11,3.074342e-10,0.000000,-0.000000,0.000000,,,,-0.035461,-0.615401,-0.350000,-0.035461,-0.615401,-0.350000,-1.552294e-09,2.807360e-11,8.641345e-09,0.176592,-0.815596,-0.343580,0.176592,-0.815596,-0.343580,5.156996,0.000000,0,
0.100000,9,DS_interstep,-1,1.510965e-09,-9.513876e-12,-7.883330e-09,1.918890e-09,-9.414194e-10,-6.286101e-09,realized,7.547904e-11,-3.195585e-11,3.469104e-10,0.000000,-0.000000,0.000000,,,,-0.035461,-0.615401,-0.350000,-0.035461,-0.615401,-0.350000,-1.528156e-09,3.008260e-11,7.898510e-09,0.176592,-0.815596,-0.343580,0.176592,-0.815596,-0.343580,5.156996,0.000000,0,
0.110000,10,SS,0,4.570210e-01,-1.444435e+00,2.471737e+00,-6.782611e-03,2.139350e-02,-5.839294e-02,planned,-1.381843e-02,3.432399e-02,-4.686168e-02,-0.000061,0.000067,-0.000088,-4.308074e-21,-4.531035e-21,4.731061e-21,-0.035400,-0.615407,-0.350046,-0.000400,-0.604066,-0.349921,-6.477173e-01,1.272677e+00,-1.235408e+00,0.176652,-0.815569,-0.343572,0.176629,-0.815578,-0.343578,0.006953,0.799631,1,b
0.210000,11,SS,0,6.068922e-01,-1.413428e+00,2.706243e+00,1.174357e-01,2.863598e-01,-2.314092e-01,planned,-4.859188e-02,1.136927e-01,-1.338797e-01,-0.000473,0.000417,-0.000415,,,,-0.034945,-0.615286,-0.350195,0.007835,-0.601526,-0.349943,-8.399353e-01,1.993741e+00,-2.388137e+00,0.176954,-0.815430,-0.343517,0.176919,-0.815440,-0.343559,0.011884,0.797353,1,b
0.310000,12,SS,0,6.781445e-01,-1.226729e+00,3.344712e+00,2.159522e-01,6.002227e-01,1.835380e-01,planned,-9.368482e-02,2.202234e-01,-2.669136e-01,-0.001358,0.001175,-0.001146,,,,-0.033822,-0.614975,-0.350470,0.016833,-0.598823,-0.349987,-1.059581e+00,2.541465e+00,-3.258239e+00,0.177646,-0.815106,-0.343404,0.177688,-0.815071,-0.343508,0.013654,0.791659,1,b
0.410000,13,SS,0,6.889686e-01,-9.818336e-01,3.891933e+00,2.811753e-01,8.913026e-01,6.489094e-01,planned,-1.484632e-01,3.482563e-01,-4.338151e-01,-0.002822,0.002434,-0.002404,,,,-0.031816,-0.614412,-0.350877,0.026086,-0.596065,-0.350038,-1.214027e+00,2.934835e+00,-3.910494e+00,0.178844,-0.814531,-0.343228,0.179105,-0.814392,-0.343415,0.013961,0.781403,1,b
0.510000,14,SS,0,6.272738e-01,-7.061400e-01,4.429171e+00,2.986770e-01,1.141222e+00,1.230653e+00,planned,-2.089267e-01,4.902464e-01,-6.269505e-01,-0.004928,0.004253,-0.004280,,,,-0.028767,-0.613542,-0.351407,0.035929,-0.593225,-0.350115,-1.274505e+00,3.160978e+00,-4.390828e+00,0.180637,-0.813648,-0.342989,0.181282,-0.813349,-0.343272,0.013560,0.765801,1,b
0.610000,15,SS,0,5.016711e-01,-4.266740e-01,4.895267e+00,2.684253e-01,1.326041e+00,1.862918e+00,planned,-2.715244e-01,6.394116e-01,-8.381347e-01,-0.007692,0.006659,-0.006838,,,,-0.024568,-0.612326,-0.352038,0.045851,-0.590377,-0.350196,-1.262580e+00,3.241944e+00,-4.681696e+00,0.183083,-0.812417,-0.342693,0.184284,-0.811911,-0.343075,0.013233,0.744413,1,b
0.710000,16,SS,0,3.217354e-01,-1.361462e-01,4.999982e+00,1.887761e-01,1.425235e+00,2.303807e+00,planned,-3.332970e-01,7.895837e-01,-1.058704e+00,-0.011091,0.009653,-0.010110,,,,-0.019162,-0.610734,-0.352737,0.056046,-0.587552,-0.350299,-1.190179e+00,3.190269e+00,-4.781796e+00,0.186213,-0.810808,-0.342350,0.188129,-0.810068,-0.342823,0.013280,0.717106,1,b
0.810000,17,SS,0,9.141618e-02,1.128920e-01,4.999991e+00,5.948568e-02,1.434300e+00,2.725334e+00,planned,-3.917596e-01,9.356758e-01,-1.280845e+00,-0.015074,0.013209,-0.014099,,,,-0.012540,-0.608751,-0.353463,0.066225,-0.584751,-0.350404,-1.069294e+00,3.038840e+00,-4.709060e+00,0.190028,-0.808808,-0.341971,0.192799,-0.807831,-0.342517,0.013825,0.684030,1,b
0.910000,18,SS,0,-1.875384e-01,3.041555e-01,4.999993e+00,-1.193337e-01,1.359698e+00,3.191900e+00,planned,-4.449016e-01,1.073743e+00,-1.497229e+00,-0.019561,0.017288,-0.018785,,,,-0.004738,-0.606373,-0.354172,0.076334,-0.582049,-0.350519,-9.111419e-01,2.807933e+00,-4.479610e+00,0.194508,-0.806418,-0.341570,0.198238,-0.805225,-0.342160,0.014709,0.645573,1,b
1.010000,19,SS,0,-5.038597e-01,4.419712e-01,4.999993e+00,-3.442225e-01,1.218841e+00,3.680268e+00,planned,-4.910858e-01,1.200560e+00,-1.701184e+00,-0.024458,0.021835,-0.024122,,,,0.004170,-0.603614,-0.354819,0.086282,-0.579421,-0.350632,-7.235015e-01,2.512579e+00,-4.110301e+00,0.199612,-0.803657,-0.341159,0.204363,-0.802290,-0.341758,0.015743,0.602334,1,b
1.110000,20,SS,0,-8.482056e-01,5.444085e-01,4.999993e+00,-6.078394e-01,1.036854e+00,4.177370e+00,planned,-5.288653e-01,1.313416e+00,-1.886630e+00,-0.029653,0.026785,-0.030043,,,,0.014073,-0.600501,-0.355364,0.095927,-0.576930,-0.350742,-5.102480e-01,2.162229e+00,-3.616231e+00,0.205281,-0.800557,-0.340749,0.211066,-0.799078,-0.341318,0.016793,0.555079,1,b
1.210000,21,SS,0,-1.204235e+00,6.287964e-01,4.999990e+00,-8.977611e-01,8.417538e-01,4.663982e+00,planned,-5.569522e-01,1.409900e+00,-2.048112e+00,-0.035024,0.032066,-0.036465,,,,0.024828,-0.597080,-0.355776,0.105149,-0.574583,-0.350839,-2.761532e-01,1.762774e+00,-3.011721e+00,0.211439,-0.797161,-0.340348,0.218217,-0.795652,-0.340849,0.017753,0.504711,1,b
1.310000,22,SS,0,-1.551645e+00,7.091566e-01,4.999963e+00,-1.196976e+00,6.599244e-01,5.118144e+00,planned,-5.743226e-01,1.487775e+00,-2.180719e+00,-0.040439,0.037595,-0.043286,,,,0.036261,-0.593410,-0.356028,0.113946,-0.572378,-0.350922,-2.904613e-02,1.317347e+00,-2.309795e+00,0.217996,-0.793524,-0.339963,0.225675,-0.792079,-0.340359,0.018493,0.452230,1,b
1.410000,23,SS,0,-1.872180e+00,8.472330e-01,4.678325e+00,-1.485809e+00,5.088038e-01,5.290892e+00,planned,-5.803551e-01,1.544542e+00,-2.279431e+00,-0.045764,0.043284,-0.050388,,,,0.048176,-0.589567,-0.356108,0.121939,-0.570399,-0.350972,2.199984e-01,8.166598e-01,-1.511805e+00,0.224849,-0.789711,-0.339599,0.233286,-0.788432,-0.339860,0.018744,0.398703,1,b
1.510000,24,SS,0,-2.141473e+00,1.022197e+00,4.121608e+00,-1.743228e+00,4.020216e-01,5.209296e+00,planned,-5.751051e-01,1.577935e+00,-2.340272e+00,-0.050863,0.049036,-0.057640,,,,0.060351,-0.585632,-0.356011,0.129498,-0.568543,-0.351002,4.546813e-01,2.753645e-01,-6.388431e-01,0.231886,-0.785791,-0.339258,0.240893,-0.784787,-0.339360,0.018466,0.345228,1,b
1.610000,25,SS,0,-2.353808e+00,1.239785e+00,3.438532e+00,-1.952369e+00,3.459365e-01,4.981966e+00,planned,-5.613032e-01,1.585672e+00,-2.358578e+00,-0.055625,0.054743,-0.064896,,,,0.072551,-0.581689,-0.355743,0.135757,-0.567005,-0.350966,6.965141e-01,-2.570652e-01,2.921369e-01,0.238988,-0.781837,-0.338942,0.248339,-0.781219,-0.338872,0.018444,0.292899,1,b
1.710000,26,SS,0,-2.502185e+00,1.449165e+00,2.745028e+00,-2.113909e+00,3.365351e-01,4.646808e+00,planned,-5.334935e-01,1.568033e+00,-2.337767e+00,-0.059904,0.060305,-0.072015,,,,0.084542,-0.577843,-0.355326,0.141690,-0.565546,-0.350913,7.933478e-01,-9.008586e-01,1.236762e+00,0.246033,-0.777932,-0.338649,0.255472,-0.777802,-0.338404,0.016211,0.242771,1,b
1.810000,27,SS,0,-2.542086e+00,1.699263e+00,1.896190e+00,-2.170368e+00,3.796861e-01,4.132414e+00,planned,-5.031921e-01,1.522458e+00,-2.270145e+00,-0.063655,0.065604,-0.078838,,,,0.096079,-0.574162,-0.354779,0.145748,-0.564478,-0.350749,9.154008e-01,-1.483844e+00,2.169380e+00,0.252898,-0.774146,-0.338377,0.262148,-0.774603,-0.337966,0.014510,0.195830,1,b
1.910000,28,SS,0,-2.545054e+00,1.898759e+00,1.143116e+00,-2.197279e+00,4.430978e-01,3.594044e+00,planned,-4.665089e-01,1.450949e+00,-2.162195e+00,-0.066814,0.070537,-0.085220,,,,0.106935,-0.570720,-0.354137,0.149481,-0.563468,-0.350564,9.901611e-01,-2.036533e+00,3.017272e+00,0.259461,-0.770556,-0.338124,0.268242,-0.771683,-0.337566,0.013433,0.152958,1,b
2.010000,29,SS,0,-2.473240e+00,2.104898e+00,3.347040e-01,-2.143111e+00,5.308825e-01,2.971592e+00,planned,-4.274199e-01,1.354676e+00,-2.015690e+00,-0.069346,0.075003,-0.091027,,,,0.116904,-0.567582,-0.353438,0.151177,-0.562795,-0.350242,9.882155e-01,-2.551563e+00,3.789436e+00,0.265612,-0.767233,-0.337885,0.273645,-0.769094,-0.337211,0.013085,0.114902,1,b
2.110000,30,SS,0,-2.333990e+00,2.229761e+00,-3.588056e-01,-2.028400e+00,6.244628e-01,2.320672e+00,planned,-3.879808e-01,1.236765e+00,-1.836724e+00,-0.071250,0.078917,-0.096143,,,,0.125808,-0.564797,-0.352723,0.152450,-0.562290,-0.350000,9.511929e-01,-2.971027e+00,4.402843e+00,0.271248,-0.764237,-0.337657,0.278275,-0.766876,-0.336907,0.014269,0.082239,1,b
2.210000,31,SS,0,-2.134289e+00,2.264266e+00,-9.229473e-01,-1.861110e+00,7.106538e-01,1.662670e+00,planned,-3.497133e-01,1.102022e+00,-1.633166e+00,-0.072545,0.082210,-0.100479,,,,0.133514,-0.562398,-0.352033,0.152450,-0.562290,-0.350000,8.814472e-01,-3.271734e+00,4.822019e+00,0.276285,-0.761622,-0.337436,0.282079,-0.765053,-0.336658,0.016843,0.055350,1,b
2.310000,32,SS,0,-1.891764e+00,2.211137e+00,-1.354178e+00,-1.647579e+00,7.810735e-01,1.023663e+00,planned,-3.138292e-01,9.564164e-01,-1.416244e+00,-0.073266,0.084840,-0.103979,,,,0.139941,-0.560407,-0.351407,0.152450,-0.562290,-0.350000,7.921624e-01,-3.423361e+00,5.000000e+00,0.280662,-0.759423,-0.337220,0.285039,-0.763635,-0.336463,0.020322,0.034407,1,b
2.410000,33,SS,0,-1.619747e+00,2.074740e+00,-1.650564e+00,-1.398977e+00,8.262424e-01,4.291475e-01,planned,-2.810541e-01,8.074176e-01,-1.198014e+00,-0.073464,0.086795,-0.106620,,,,0.145068,-0.558828,-0.350877,0.152450,-0.562290,-0.350000,6.918838e-01,-3.395459e+00,4.933734e+00,0.284348,-0.757659,-0.337008,0.287177,-0.762611,-0.336323,0.024271,0.019385,1,b
2.510000,34,SS,0,-1.331770e+00,1.867234e+00,-1.815352e+00,-1.127877e+00,8.393287e-01,-9.312517e-02,planned,-2.518984e-01,6.638408e-01,-9.858626e-01,-0.073200,0.088098,-0.108435,,,,0.148948,-0.557650,-0.350465,0.152450,-0.562290,-0.350000,5.846182e-01,-3.161723e+00,4.562818e+00,0.287343,-0.756326,-0.336800,0.288559,-0.761949,-0.336232,0.028420,0.010177,1,b
2.610000,35,SS,0,-1.043434e+00,1.607379e+00,-1.857190e+00,-8.498983e-01,8.148712e-01,-5.131406e-01,planned,-2.268420e-01,5.356285e-01,-7.966028e-01,-0.072544,0.088810,-0.109510,,,,0.151710,-0.556845,-0.350184,0.152450,-0.562290,-0.350000,4.696273e-01,-2.699421e+00,3.868847e+00,0.289687,-0.755396,-0.336595,0.289300,-0.761594,-0.336184,0.032685,0.006470,1,b
2.710000,36,SS,0,-7.722915e-01,1.319493e+00,-1.789557e+00,-5.831430e-01,7.478701e-01,-7.979972e-01,planned,-2.065886e-01,4.337053e-01,-6.468649e-01,-0.071580,0.089037,-0.109978,,,,0.153568,-0.556361,-0.350030,0.152450,-0.562290,-0.350000,3.405934e-01,-1.990202e+00,2.825240e+00,0.291463,-0.754814,-0.336393,0.289572,-0.761463,-0.336166,0.037169,0.005966,1,b
2.810000,37,SS,0,-5.378759e-01,1.032416e+00,-1.631708e+00,-3.475652e-01,6.327788e-01,-9.124944e-01,planned,-1.923212e-01,3.696822e-01,-5.530476e-01,-0.070406,0.088932,-0.110029,,,,0.154829,-0.556125,-0.349985,0.152450,-0.562290,-0.350000,1.823133e-01,-1.042587e+00,1.549510e+00,0.292804,-0.754496,-0.336195,0.289603,-0.761449,-0.336164,0.042114,0.005913,1,b
2.910000,38,SS,0,-3.662975e-01,7.887784e-01,-1.394796e+00,-1.692160e-01,4.751635e-01,-8.088474e-01,planned,-1.795129e-01,3.354517e-01,-4.833353e-01,-0.069106,0.088657,-0.109816,,,,0.155794,-0.556052,-0.350014,0.152450,-0.562290,-0.350000,2.597705e-01,-6.991027e-01,1.384795e+00,0.293844,-0.754367,-0.336006,0.289603,-0.761449,-0.336164,0.042372,0.005702,1,b
3.010000,39,SS,0,-2.487478e-01,6.848854e-01,-9.490173e-01,-4.613950e-02,4.031858e-01,-4.109259e-01,planned,-1.644004e-01,3.039231e-01,-4.270315e-01,-0.067668,0.088259,-0.109391,,,,0.156541,-0.556116,-0.350078,0.152450,-0.562290,-0.350000,2.495753e-01,-6.555730e-01,1.130277e+00,0.294624,-0.754400,-0.335842,0.289603,-0.761449,-0.336164,0.038463,0.005429,1,b
3.110000,40,SS,0,-1.825965e-01,5.740572e-01,-7.120355e-01,3.421892e-03,3.287998e-01,-2.389407e-01,planned,-1.513170e-01,2.761131e-01,-3.779136e-01,-0.066112,0.087750,-0.108790,,,,0.157082,-0.556294,-0.350153,0.152450,-0.562290,-0.350000,1.951020e-01,-5.570413e-01,9.916040e-01,0.295168,-0.754565,-0.335712,0.289603,-0.761449,-0.336164,0.035414,0.005165,1,b
3.210000,41,SS,0,-1.455325e-01,4.720739e-01,-5.036181e-01,2.094751e-02,2.614433e-01,-9.405870e-02,planned,-1.399315e-01,2.518596e-01,-3.351792e-01,-0.064472,0.087148,-0.108038,,,,0.157446,-0.556561,-0.350231,0.152450,-0.562290,-0.350000,1.593458e-01,-4.814099e-01,8.429241e-01,0.295507,-0.754836,-0.335614,0.289603,-0.761449,-0.336164,0.033300,0.004940,1,b
3.320000,42,DS_interstep,0,3.373296e-01,7.789933e-01,-3.307266e-01,-3.036485e-02,3.403346e-01,2.011033e-01,realized,-1.415438e-01,2.479367e-01,-3.334876e-01,-0.064257,0.087100,-0.107939,-2.889566e-06,8.760494e-06,-1.316043e-06,0.157477,-0.556611,-0.350223,0.157477,-0.556611,-0.350223,-3.237262e-01,-7.820502e-01,3.350584e-01,0.295531,-0.754868,-0.335606,0.295531,-0.754868,-0.335606,0.032952,0.004636,0,b
3.330000,43,DS_interstep,0,3.357502e+00,2.734566e+00,-3.193771e+00,1.892008e+00,7.446189e-01,-6.896061e-01,realized,-1.564150e-01,2.343637e-01,-3.163963e-01,-0.063983,0.087050,-0.107802,,,,0.157502,-0.556708,-0.350217,0.157502,-0.556708,-0.350217,-2.975661e+00,-2.712195e+00,3.415059e+00,0.295547,-0.754919,-0.335607,0.295531,-0.754868,-0.335606,0.034179,0.003703,0,b
3.340000,44,DS_interstep,0,4.218721e-01,2.510734e+00,-5.000000e+00,1.829894e+00,5.733441e-01,-1.286370e+00,realized,-1.575479e-01,2.215730e-01,-2.913813e-01,-0.063686,0.086987,-0.107638,,,,0.157520,-0.556837,-0.350224,0.157520,-0.556837,-0.350224,-2.281301e-01,-2.555890e+00,5.000000e+00,0.295555,-0.755000,-0.335622,0.295531,-0.754868,-0.335606,0.036887,0.002798,0,b
3.350000,45,DS_interstep,0,-1.844806e+00,1.635702e+00,-5.000000e+00,1.393400e+00,2.989043e-01,-1.417665e+00,realized,-1.479777e-01,2.130645e-01,-2.663675e-01,-0.063387,0.086911,-0.107458,,,,0.157528,-0.556988,-0.350243,0.157528,-0.556988,-0.350243,1.912504e+00,-1.699551e+00,5.000000e+00,0.295553,-0.755112,-0.335647,0.295531,-0.754868,-0.335606,0.040249,0.002042,0,b
3.360000,46,DS_interstep,0,-2.983807e+00,1.226852e+00,-5.000000e+00,8.850877e-01,1.188058e-01,-1.497544e+00,realized,-1.330152e-01,2.065926e-01,-2.413548e-01,-0.063094,0.086821,-0.107267,,,,0.157528,-0.557151,-0.350270,0.157528,-0.557151,-0.350270,2.991077e+00,-1.292296e+00,5.000000e+00,0.295545,-0.755250,-0.335678,0.295531,-0.754868,-0.335606,0.043566,0.001455,0,b
3.370000,47,DS_interstep,0,-3.315138e+00,1.123960e+00,-5.000000e+00,4.511332e-01,1.338697e-02,-1.539538e+00,realized,-1.164888e-01,2.006855e-01,-2.163434e-01,-0.062810,0.086723,-0.107070,,,,0.157519,-0.557319,-0.350301,0.157519,-0.557319,-0.350301,3.304020e+00,-1.179405e+00,5.000000e+00,0.295528,-0.755408,-0.335713,0.295531,-0.754868,-0.335606,0.046522,0.001019,0,b
3.380000,48,DS_interstep,0,-3.198734e+00,1.183550e+00,-5.000000e+00,1.173025e-01,-4.344340e-02,-1.556635e+00,realized,-1.005351e-01,1.945490e-01,-1.913332e-01,-0.062532,0.086618,-0.106872,,,,0.157503,-0.557489,-0.350332,0.157503,-0.557489,-0.350332,3.189642e+00,-1.225333e+00,5.000000e+00,0.295505,-0.755582,-0.335748,0.295531,-0.754868,-0.335606,0.049048,0.000704,0,b
3.390000,49,DS_interstep,0,-2.887820e+00,1.315731e+00,-5.000000e+00,-1.317821e-01,-7.102904e-02,-1.553963e+00,realized,-8.608698e-02,1.878179e-01,-1.663243e-01,-0.062257,0.086509,-0.106673,,,,0.157481,-0.557658,-0.350362,0.157481,-0.557658,-0.350362,2.888696e+00,-1.344306e+00,5.000000e+00,0.295473,-0.755765,-0.335781,0.295531,-0.754868,-0.335606,0.051220,0.000480,0,b
3.400000,50,DS_interstep,0,-2.521007e+00,1.468451e+00,-5.000000e+00,-3.160288e-01,-8.378779e-02,-1.537976e+00,realized,-7.341704e-02,1.803791e-01,-1.413166e-01,-0.061984,0.086400,-0.106476,,,,0.157452,-0.557824,-0.350389,0.157452,-0.557824,-0.350389,2.533189e+00,-1.485920e+00,5.000000e+00,0.295433,-0.755953,-0.335812,0.295531,-0.754868,-0.335606,0.053214,0.000323,0,b
3.410000,51,DS_interstep,0,-2.164503e+00,1.614705e+00,-5.000000e+00,-4.522619e-01,-9.107294e-02,-1.514570e+00,realized,-6.248177e-02,1.722516e-01,-1.163101e-01,-0.061710,0.086291,-0.106281,,,,0.157418,-0.557985,-0.350412,0.157418,-0.557985,-0.350412,2.186377e+00,-1.623739e+00,5.000000e+00,0.295384,-0.756141,-0.335838,0.295531,-0.754868,-0.335606,0.055270,0.000214,0,b
3.420000,52,DS_interstep,0,-1.844673e+00,1.742438e+00,-5.000000e+00,-5.530170e-01,-9.816410e-02,-1.488339e+00,realized,-5.311070e-02,1.635145e-01,-9.130491e-02,-0.061434,0.086183,-0.106089,,,,0.157379,-0.558140,-0.350430,0.157379,-0.558140,-0.350430,1.873641e+00,-1.745743e+00,5.000000e+00,0.295326,-0.756328,-0.335860,0.295531,-0.754868,-0.335606,0.057677,0.000139,0,b
3.430000,53,DS_interstep,0,-1.374679e+00,1.191856e+00,-3.258797e+00,-5.878024e-01,-5.686223e-02,-9.162070e-01,realized,-4.606767e-02,1.575469e-01,-7.499266e-02,-0.061156,0.086077,-0.105901,,,,0.157334,-0.558287,-0.350444,0.157334,-0.558287,-0.350444,1.408114e+00,-1.191902e+00,3.261612e+00,0.295259,-0.756511,-0.335878,0.295531,-0.754868,-0.335606,0.060624,0.000088,0,b
3.440000,54,DS_interstep,0,-1.044958e+00,9.444001e-01,-1.979866e+00,-6.806169e-01,6.466276e-02,-4.145314e-01,realized,-4.066662e-02,1.528018e-01,-6.510544e-02,-0.060875,0.085972,-0.105717,,,,0.157285,-0.558428,-0.350452,0.157285,-0.558428,-0.350452,1.079781e+00,-9.474652e-01,1.976735e+00,0.295187,-0.756687,-0.335890,0.295531,-0.754868,-0.335606,0.064152,0.000054,0,b
3.450000,55,DS_interstep,0,-7.824461e-01,7.586311e-01,-9.109782e-01,-7.586897e-01,1.803793e-01,2.130225e-02,realized,-3.658074e-02,1.489833e-01,-6.058613e-02,-0.060592,0.085867,-0.105538,,,,0.157234,-0.558561,-0.350457,0.157234,-0.558561,-0.350457,8.167924e-01,-7.621861e-01,9.032237e-01,0.295112,-0.756854,-0.335899,0.295531,-0.754868,-0.335606,0.068198,0.000032,0,b
3.460000,56,DS_interstep,0,-5.580369e-01,5.726049e-01,1.930326e-02,-8.056202e-01,2.687293e-01,3.926893e-01,realized,-3.362676e-02,1.460947e-01,-6.073506e-02,-0.060307,0.085764,-0.105365,,,,0.157180,-0.558686,-0.350457,0.157180,-0.558686,-0.350457,5.904481e-01,-5.762615e-01,-3.040425e-02,0.295035,-0.757013,-0.335905,0.295531,-0.754868,-0.335606,0.072585,0.000018,0,b
3.470000,57,DS_interstep,0,-3.622881e-01,3.866009e-01,8.035545e-01,-8.219607e-01,3.267649e-01,6.928696e-01,realized,-3.166614e-02,1.441354e-01,-6.481616e-02,-0.060021,0.085661,-0.105199,,,,0.157126,-0.558803,-0.350454,0.157126,-0.558803,-0.350454,3.917982e-01,-3.903893e-01,-8.168568e-01,0.294958,-0.757162,-0.335908,0.295531,-0.754868,-0.335606,0.077088,0.000013,0,b
3.480000,58,DS_interstep,0,-1.995871e-01,2.112204e-01,1.417508e+00,-8.119504e-01,3.551621e-01,9.134801e-01,realized,-3.053400e-02,1.430521e-01,-7.197058e-02,-0.059735,0.085559,-0.105038,,,,0.157071,-0.558912,-0.350447,0.157071,-0.558912,-0.350447,2.261167e-01,-2.152394e-01,-1.431579e+00,0.294883,-0.757300,-0.335908,0.295531,-0.754868,-0.335606,0.081518,0.000013,0,b
3.490000,59,DS_interstep,0,-7.258150e-02,7.289797e-02,1.802516e+00,-7.793805e-01,3.563648e-01,1.033646e+00,realized,-3.005144e-02,1.426592e-01,-8.104309e-02,-0.059449,0.085458,-0.104882,,,,0.157017,-0.559013,-0.350438,0.157017,-0.559013,-0.350438,9.620938e-02,-7.715195e-02,-1.815275e+00,0.294810,-0.757428,-0.335906,0.295531,-0.754868,-0.335606,0.085763,0.000015,0,b
3.500000,60,DS_interstep,0,1.660598e-02,-2.268736e-02,1.973905e+00,-7.315349e-01,3.374725e-01,1.064158e+00,realized,-3.002668e-02,1.427436e-01,-9.095987e-02,-0.059165,0.085358,-0.104731,,,,0.156963,-0.559108,-0.350426,0.156963,-0.559108,-0.350426,4.649205e-03,1.832630e-02,-1.984224e+00,0.294741,-0.757547,-0.335902,0.295531,-0.754868,-0.335606,0.089790,0.000017,0,b
3.510000,61,DS_interstep,0,5.080245e-02,-8.137467e-02,1.964412e+00,-6.844865e-01,3.004704e-01,1.025799e+00,realized,-3.018157e-02,1.431219e-01,-1.008189e-01,-0.058881,0.085258,-0.104585,,,,0.156911,-0.559196,-0.350412,0.156911,-0.559196,-0.350412,-3.128216e-02,7.707374e-02,-1.972781e+00,0.294674,-0.757657,-0.335896,0.295531,-0.754868,-0.335606,0.093629,0.000019,0,b
3.520000,62,DS_interstep,0,1.280444e-01,-2.075404e-01,2.025811e+00,-6.042993e-01,2.387608e-01,9.856120e-01,realized,-3.073765e-02,1.441320e-01,-1.109747e-01,-0.058599,0.085159,-0.104442,,,,0.156860,-0.559278,-0.350397,0.156860,-0.559278,-0.350397,-1.115254e-01,2.034646e-01,-2.032220e+00,0.294610,-0.757758,-0.335889,0.295531,-0.754868,-0.335606,0.097331,0.000020,0,b
3.530000,63,DS_interstep,0,2.393653e-01,-3.421476e-01,2.116709e+00,-5.116690e-01,1.778574e-01,9.504395e-01,realized,-3.186678e-02,1.458152e-01,-1.215808e-01,-0.058321,0.085061,-0.104303,,,,0.156811,-0.559353,-0.350379,0.156811,-0.559353,-0.350379,-2.261438e-01,3.380864e-01,-2.122380e+00,0.294550,-0.757850,-0.335879,0.295531,-0.754868,-0.335606,0.100927,0.000020,0,b
3.540000,64,DS_interstep,0,3.523793e-01,-4.471640e-01,2.183669e+00,-4.252086e-01,1.287963e-01,9.161093e-01,realized,-3.357551e-02,1.480268e-01,-1.325243e-01,-0.058045,0.084963,-0.104167,,,,0.156763,-0.559423,-0.350360,0.156763,-0.559423,-0.350360,-3.420793e-01,4.438025e-01,-2.189986e+00,0.294493,-0.757935,-0.335868,0.295531,-0.754868,-0.335606,0.104439,0.000019,0,b
3.550000,65,DS_interstep,0,4.471523e-01,-5.105183e-01,2.182444e+00,-3.553601e-01,8.757371e-02,8.683146e-01,realized,-3.577007e-02,1.505620e-01,-1.434667e-01,-0.057773,0.084867,-0.104036,,,,0.156718,-0.559487,-0.350341,0.156718,-0.559487,-0.350341,-4.392650e-01,5.085364e-01,-2.189863e+00,0.294440,-0.758013,-0.335856,0.295531,-0.754868,-0.335606,0.107888,0.000018,0,b
3.560000,66,DS_interstep,0,5.434762e-01,-5.628121e-01,2.135026e+00,-2.821428e-01,4.255431e-02,7.988618e-01,realized,-3.845953e-02,1.533647e-01,-1.541671e-01,-0.057505,0.084773,-0.103908,,,,0.156675,-0.559547,-0.350320,0.156675,-0.559547,-0.350320,-5.382716e-01,5.620622e-01,-2.141581e+00,0.294391,-0.758084,-0.335843,0.295531,-0.754868,-0.335606,0.111295,0.000017,0,b
3.570000,67,DS_interstep,0,6.244676e-01,-5.959447e-01,2.035363e+00,-2.118378e-01,-1.361831e-03,7.115669e-01,realized,-4.156359e-02,1.563378e-01,-1.643627e-01,-0.057242,0.084680,-0.103783,,,,0.156635,-0.559601,-0.350298,0.156635,-0.559601,-0.350298,-6.212186e-01,5.961601e-01,-2.040705e+00,0.294346,-0.758149,-0.335828,0.295531,-0.754868,-0.335606,0.114666,0.000016,0,b
3.580000,68,DS_interstep,0,6.870317e-01,-6.133053e-01,1.899011e+00,-1.464119e-01,-4.225018e-02,6.140080e-01,realized,-4.498732e-02,1.594012e-01,-1.738692e-01,-0.056983,0.084589,-0.103661,,,,0.156598,-0.559650,-0.350277,0.156598,-0.559650,-0.350277,-6.851866e-01,6.142626e-01,-1.903008e+00,0.294304,-0.758208,-0.335812,0.295531,-0.754868,-0.335606,0.117994,0.000014,0,b
3.590000,69,DS_interstep,0,7.324117e-01,-6.182599e-01,1.742012e+00,-8.701905e-02,-7.862413e-02,5.134066e-01,realized,-4.864261e-02,1.624917e-01,-1.825837e-01,-0.056729,0.084499,-0.103542,,,,0.156563,-0.559696,-0.350255,0.156563,-0.559696,-0.350255,-7.315363e-01,6.197198e-01,-1.744684e+00,0.294265,-0.758262,-0.335795,0.295531,-0.754868,-0.335606,0.121259,0.000013,0,b
3.600000,70,DS_interstep,0,7.627811e-01,-6.131822e-01,1.577281e+00,-3.451590e-02,-1.093170e-01,4.156689e-01,realized,-5.245265e-02,1.655581e-01,-1.904680e-01,-0.056480,0.084412,-0.103425,,,,0.156532,-0.559737,-0.350233,0.156532,-0.559737,-0.350233,-7.625201e-01,6.149125e-01,-1.578732e+00,0.294229,-0.758312,-0.335777,0.295531,-0.754868,-0.335606,0.124433,0.000012,0,b
3.610000,71,DS_interstep,0,7.802331e-01,-5.998357e-01,1.414421e+00,1.053175e-02,-1.335869e-01,3.252060e-01,realized,-5.635133e-02,1.685578e-01,-1.975323e-01,-0.056235,0.084326,-0.103309,,,,0.156503,-0.559775,-0.350211,0.156503,-0.559775,-0.350211,-7.802895e-01,6.016303e-01,-1.414796e+00,0.294195,-0.758357,-0.335759,0.295531,-0.754868,-0.335606,0.127481,0.000011,0,b
3.620000,72,DS_interstep,0,7.866628e-01,-5.797440e-01,1.260242e+00,4.790191e-02,-1.511598e-01,2.450072e-01,realized,-6.028233e-02,1.714565e-01,-2.038208e-01,-0.055995,0.084242,-0.103195,,,,0.156476,-0.559810,-0.350189,0.156476,-0.559810,-0.350189,-7.867905e-01,5.814338e-01,-1.259702e+00,0.294164,-0.758398,-0.335739,0.295531,-0.754868,-0.335606,0.130370,0.000010,0,b
3.630000,73,DS_interstep,0,7.838713e-01,-5.543606e-01,1.119293e+00,7.772575e-02,-1.621915e-01,1.768007e-01,realized,-6.419855e-02,1.742269e-01,-2.094004e-01,-0.055760,0.084160,-0.103083,,,,0.156452,-0.559842,-0.350168,0.156452,-0.559842,-0.350168,-7.838742e-01,5.558174e-01,-1.118004e+00,0.294135,-0.758436,-0.335719,0.295531,-0.754868,-0.335606,0.133071,0.000010,0,b
3.640000,74,DS_interstep,0,7.736455e-01,-5.250873e-01,9.942806e-01,1.004470e-01,-1.671794e-01,1.212459e-01,realized,-6.806210e-02,1.768493e-01,-2.143518e-01,-0.055528,0.084079,-0.102972,,,,0.156429,-0.559871,-0.350147,0.156429,-0.559871,-0.350147,-7.733777e-01,5.262226e-01,-9.924040e-01,0.294108,-0.758471,-0.335698,0.295531,-0.754868,-0.335606,0.135560,0.000009,0,b
3.650000,75,DS_interstep,0,7.577533e-01,-4.932281e-01,8.864035e-01,1.167487e-01,-1.668556e-01,7.814015e-02,realized,-7.184415e-02,1.793103e-01,-2.187614e-01,-0.055301,0.083999,-0.102862,,,,0.156409,-0.559897,-0.350126,0.156409,-0.559897,-0.350126,-7.571164e-01,4.939887e-01,-8.840880e-01,0.294082,-0.758503,-0.335676,0.295531,-0.754868,-0.335606,0.137822,0.000008,0,b
3.660000,76,DS_interstep,0,7.378721e-01,-4.599385e-01,7.956564e-01,1.274671e-01,-1.620838e-01,4.663456e-02,realized,-7.552448e-02,1.816027e-01,-2.227156e-01,-0.055078,0.083921,-0.102753,,,,0.156390,-0.559921,-0.350105,0.156390,-0.559921,-0.350105,-7.368105e-01,4.602997e-01,-7.930334e-01,0.294058,-0.758532,-0.335655,0.295531,-0.754868,-0.335606,0.139849,0.000008,0,b
3.670000,77,DS_interstep,0,7.154962e-01,-4.261947e-01,7.211283e-01,1.335074e-01,-1.537726e-01,2.544533e-02,realized,-7.909053e-02,1.837244e-01,-2.262959e-01,-0.054859,0.083844,-0.102646,,,,0.156373,-0.559943,-0.350085,0.156373,-0.559943,-0.350085,-7.139886e-01,4.261530e-01,-7.183083e-01,0.294035,-0.758559,-0.335632,0.295531,-0.754868,-0.335606,0.141643,0.000008,0,b
3.680000,78,DS_interstep,0,6.918600e-01,-3.927854e-01,6.612846e-01,1.357729e-01,-1.428090e-01,1.304619e-02,realized,-8.253601e-02,1.856769e-01,-2.295762e-01,-0.054643,0.083768,-0.102539,,,,0.156357,-0.559964,-0.350065,0.156357,-0.559964,-0.350065,-6.899112e-01,3.923511e-01,-6.583556e-01,0.294014,-0.758585,-0.335610,0.295531,-0.754868,-0.335606,0.143209,0.000007,0,b
3.690000,79,DS_interstep,0,6.679015e-01,-3.603184e-01,6.142171e-01,1.351121e-01,-1.300132e-01,7.827015e-03,realized,-8.585944e-02,1.874651e-01,-2.326209e-01,-0.054431,0.083693,-0.102433,,,,0.156343,-0.559982,-0.350046,0.156343,-0.559982,-0.350046,-6.655334e-01,3.595094e-01,-6.112444e-01,0.293994,-0.758608,-0.335587,0.295531,-0.754868,-0.335606,0.144560,0.000007,0,b
3.700000,80,DS_interstep,0,6.442680e-01,-3.292354e-01,5.778459e-01,1.322847e-01,-1.161110e-01,8.211536e-03,realized,-8.906260e-02,1.890960e-01,-2.354836e-01,-0.054222,0.083618,-0.102329,,,,0.156329,-0.559999,-0.350027,0.156329,-0.559999,-0.350027,-6.415124e-01,3.280733e-01,-5.748735e-01,0.293975,-0.758629,-0.335564,0.295531,-0.754868,-0.335606,0.145710,0.000007,0,b
3.710000,81,DS_interstep,0,6.213553e-01,-2.998311e-01,5.500732e-01,1.279455e-01,-1.017212e-01,1.273558e-02,realized,-9.214928e-02,1.905782e-01,-2.382073e-01,-0.054016,0.083545,-0.102225,,,,0.156317,-0.560014,-0.350008,0.156317,-0.560014,-0.350008,-6.182478e-01,2.983378e-01,-5.471268e-01,0.293957,-0.758649,-0.335541,0.295531,-0.754868,-0.335606,0.146679,0.000006,0,b
3.720000,82,DS_interstep,0,5.994192e-01,-2.722879e-01,5.289026e-01,1.226575e-01,-8.736381e-02,2.007879e-02,realized,-9.512457e-02,1.919211e-01,-2.408253e-01,-0.053813,0.083472,-0.102123,,,,0.156306,-0.560027,-0.349990,0.156306,-0.560027,-0.349990,-5.959989e-01,2.704852e-01,-5.259920e-01,0.293940,-0.758667,-0.335518,0.295531,-0.754868,-0.335606,0.147484,0.000006,0,b
3.730000,83,DS_interstep,0,5.788606e-01,-2.467221e-01,5.124644e-01,1.169676e-01,-7.350574e-02,2.899746e-02,realized,-9.799562e-02,1.931346e-01,-2.433611e-01,-0.053613,0.083400,-0.102021,,,,0.156296,-0.560040,-0.349973,0.156296,-0.560040,-0.349973,-5.751806e-01,2.446346e-01,-5.095863e-01,0.293924,-0.758683,-0.335495,0.295531,-0.754868,-0.335606,0.148146,0.000006,0,b
3.740000,84,DS_interstep,0,5.596951e-01,-2.231180e-01,4.990880e-01,1.112384e-01,-6.046895e-02,3.851576e-02,realized,-1.007696e-01,1.942288e-01,-2.458300e-01,-0.053416,0.083328,-0.101920,,,,0.156287,-0.560051,-0.349955,0.156287,-0.560051,-0.349955,-5.557980e-01,2.207655e-01,-4.962292e-01,0.293909,-0.758699,-0.335473,0.295531,-0.754868,-0.335606,0.148683,0.000006,0,b
3.750000,85,DS_interstep,0,5.416898e-01,-2.013702e-01,4.874105e-01,1.056765e-01,-4.844377e-02,4.793983e-02,realized,-1.034525e-01,1.952129e-01,-2.482405e-01,-0.053222,0.083257,-0.101821,,,,0.156279,-0.560060,-0.349938,0.156279,-0.560060,-0.349938,-5.376053e-01,1.987675e-01,-4.845526e-01,0.293895,-0.758712,-0.335450,0.295531,-0.754868,-0.335606,0.149112,0.000005,0,b
3.760000,86,DS_interstep,0,5.245959e-01,-1.813219e-01,4.763572e-01,1.004040e-01,-3.753249e-02,5.677506e-02,realized,-1.060490e-01,1.960955e-01,-2.505954e-01,-0.053030,0.083186,-0.101722,,,,0.156271,-0.560069,-0.349922,0.156271,-0.560069,-0.349922,-5.203452e-01,1.784824e-01,-4.734797e-01,0.293882,-0.758725,-0.335428,0.295531,-0.754868,-0.335606,0.149449,0.000005,0,b
3.770000,87,DS_interstep,0,5.082055e-01,-1.628005e-01,4.651204e-01,9.548993e-02,-2.777613e-02,6.467905e-02,realized,-1.085626e-01,1.968843e-01,-2.528938e-01,-0.052841,0.083116,-0.101624,,,,0.156264,-0.560077,-0.349906,0.156264,-0.560077,-0.349906,-5.038044e-01,1.597373e-01,-4.622024e-01,0.293869,-0.758736,-0.335407,0.295531,-0.754868,-0.335606,0.149710,0.000005,0,b
3.780000,88,DS_interstep,0,4.923585e-01,-1.456387e-01,4.531311e-01,9.096727e-02,-1.917103e-02,7.143093e-02,realized,-1.109962e-01,1.975863e-01,-2.551318e-01,-0.052654,0.083045,-0.101527,,,,0.156258,-0.560083,-0.349890,0.156258,-0.560083,-0.349890,-4.878181e-01,1.423655e-01,-4.501526e-01,0.293858,-0.758746,-0.335385,0.295531,-0.754868,-0.335606,0.149905,0.000005,0,b
3.790000,89,DS_interstep,0,4.769357e-01,-1.296853e-01,4.400278e-01,8.684262e-02,-1.168032e-02,7.690825e-02,realized,-1.133519e-01,1.982075e-01,-2.573039e-01,-0.052469,0.082975,-0.101431,,,,0.156253,-0.560089,-0.349875,0.156253,-0.560089,-0.349875,-4.722633e-01,1.262163e-01,-4.369706e-01,0.293848,-0.758755,-0.335364,0.295531,-0.754868,-0.335606,0.150045,0.000005,0,b
3.800000,90,DS_interstep,0,4.618508e-01,-1.148099e-01,4.256238e-01,8.310361e-02,-5.242722e-03,8.106779e-02,realized,-1.156314e-01,1.987534e-01,-2.594033e-01,-0.052287,0.082906,-0.101335,,,,0.156248,-0.560094,-0.349860,0.156248,-0.560094,-0.349860,-4.570508e-01,1.111601e-01,-4.224719e-01,0.293838,-0.758762,-0.335344,0.295531,-0.754868,-0.335606,0.150139,0.000005,0,b
3.810000,91,DS_interstep,0,4.470434e-01,-1.009040e-01,4.098743e-01,7.972472e-02,2.202386e-04,8.392864e-02,realized,-1.178361e-01,1.992289e-01,-2.614234e-01,-0.052108,0.082836,-0.101240,,,,0.156244,-0.560098,-0.349846,0.156244,-0.560098,-0.349846,-4.421176e-01,9.708843e-02,-4.066144e-01,0.293830,-0.758769,-0.335324,0.295531,-0.754868,-0.335606,0.150194,0.000004,0,b
3.820000,92,DS_interstep,0,4.324736e-01,-8.787975e-02,3.928460e-01,7.667201e-02,4.798120e-03,8.555716e-02,realized,-1.199673e-01,1.996385e-01,-2.633576e-01,-0.051930,0.082767,-0.101146,,,,0.156240,-0.560101,-0.349832,0.156240,-0.560101,-0.349832,-4.274219e-01,8.391347e-02,-3.894676e-01,0.293822,-0.758775,-0.335305,0.295531,-0.754868,-0.335606,0.150215,0.000004,0,b
3.830000,93,DS_interstep,0,4.181181e-01,-7.566757e-02,3.746874e-01,7.390701e-02,8.586377e-03,8.605373e-02,realized,-1.220259e-01,1.999863e-01,-2.652003e-01,-0.051754,0.082697,-0.101053,,,,0.156237,-0.560103,-0.349819,0.156237,-0.560103,-0.349819,-4.129389e-01,7.156529e-02,-3.711828e-01,0.293815,-0.758780,-0.335286,0.295531,-0.754868,-0.335606,0.150207,0.000004,0,b
3.840000,94,DS_interstep,0,4.039668e-01,-6.421324e-02,3.556035e-01,7.138974e-02,1.168207e-02,8.554127e-02,realized,-1.240130e-01,2.002762e-01,-2.669468e-01,-0.051581,0.082628,-0.100960,,,,0.156235,-0.560105,-0.349806,0.156235,-0.560105,-0.349806,-3.986575e-01,5.998899e-02,-3.519675e-01,0.293809,-0.758784,-0.335268,0.295531,-0.754868,-0.335606,0.150174,0.000004,0,b
3.850000,95,DS_interstep,0,3.900199e-01,-5.347458e-02,3.358329e-01,6.908085e-02,1.418046e-02,8.415568e-02,realized,-1.259296e-01,2.005119e-01,-2.685937e-01,-0.051409,0.082559,-0.100867,,,,0.156232,-0.560106,-0.349794,0.156232,-0.560106,-0.349794,-3.845775e-01,4.914149e-02,-3.320629e-01,0.293803,-0.758787,-0.335250,0.295531,-0.754868,-0.335606,0.150118,0.000004,0,b
3.860000,96,DS_interstep,0,3.762850e-01,-4.341836e-02,3.156289e-01,6.694319e-02,1.617234e-02,8.203804e-02,realized,-1.277768e-01,2.006968e-01,-2.701389e-01,-0.051240,0.082490,-0.100776,,,,0.156231,-0.560107,-0.349782,0.156231,-0.560107,-0.349782,-3.707065e-01,3.898847e-02,-3.117245e-01,0.293798,-0.758790,-0.335233,0.295531,-0.754868,-0.335606,0.150041,0.000003,0,b
3.870000,97,DS_interstep,0,3.627746e-01,-3.401745e-02,2.952443e-01,6.494266e-02,1.774213e-02,7.932840e-02,realized,-1.295556e-01,2.008343e-01,-2.715814e-01,-0.051072,0.082421,-0.100684,,,,0.156229,-0.560107,-0.349770,0.156229,-0.560107,-0.349770,-3.570571e-01,2.950164e-02,-2.912069e-01,0.293793,-0.758792,-0.335217,0.295531,-0.754868,-0.335606,0.149945,0.000003,0,b
3.880000,98,DS_interstep,0,3.495040e-01,-2.524860e-02,2.749195e-01,6.304878e-02,1.896660e-02,7.616105e-02,realized,-1.312673e-01,2.009275e-01,-2.729215e-01,-0.050906,0.082352,-0.100594,,,,0.156228,-0.560107,-0.349759,0.156228,-0.560107,-0.349759,-3.436451e-01,2.065650e-02,-2.707521e-01,0.293789,-0.758794,-0.335201,0.295531,-0.754868,-0.335606,0.149832,0.000003,0,b
3.890000,99,DS_interstep,0,3.364887e-01,-1.709062e-02,2.548739e-01,6.123490e-02,1.991404e-02,7.266106e-02,realized,-1.329131e-01,2.009796e-01,-2.741607e-01,-0.050741,0.082282,-0.100503,,,,0.156227,-0.560106,-0.349749,0.156227,-0.560106,-0.349749,-3.304863e-01,1.243066e-02,-2.505807e-01,0.293786,-0.758795,-0.335186,0.295531,-0.754868,-0.335606,0.149703,0.000003,0,b
3.900000,100,DS_interstep,0,3.237431e-01,-9.523187e-03,2.353004e-01,5.947824e-02,2.064392e-02,6.894185e-02,realized,-1.344944e-01,2.009936e-01,-2.753014e-01,-0.050579,0.082213,-0.100413,,,,0.156227,-0.560105,-0.349739,0.156227,-0.560105,-0.349739,-3.175961e-01,4.802600e-03,-2.308868e-01,0.293783,-0.758795,-0.335171,0.295531,-0.754868,-0.335606,0.149559,0.000003,0,b
3.910000,101,DS_interstep,0,3.112795e-01,-2.526093e-03,2.163621e-01,5.775979e-02,2.120688e-02,6.510374e-02,realized,-1.360126e-01,2.009723e-01,-2.763468e-01,-0.050417,0.082144,-0.100323,,,,0.156227,-0.560104,-0.349730,0.156227,-0.560104,-0.349730,-3.049871e-01,-2.248956e-03,-2.118339e-01,0.293781,-0.758795,-0.335157,0.295531,-0.754868,-0.335606,0.149402,0.000003,0,b
3.920000,102,DS_interstep,0,2.991070e-01,3.921142e-03,1.981910e-01,5.606415e-02,2.164494e-02,6.123316e-02,realized,-1.374691e-01,2.009185e-01,-2.773007e-01,-0.050258,0.082075,-0.100234,,,,0.156227,-0.560102,-0.349720,0.156227,-0.560102,-0.349720,-2.926694e-01,-8.745463e-03,-1.935547e-01,0.293778,-0.758794,-0.335144,0.295531,-0.754868,-0.335606,0.149232,0.000003,0,b
3.930000,103,DS_interstep,0,2.872318e-01,9.839366e-03,1.808887e-01,5.437931e-02,2.199203e-02,5.740251e-02,realized,-1.388654e-01,2.008350e-01,-2.781676e-01,-0.050099,0.082005,-0.100145,,,,0.156227,-0.560101,-0.349712,0.156227,-0.560101,-0.349712,-2.806494e-01,-1.470862e-02,-1.761508e-01,0.293777,-0.758793,-0.335131,0.295531,-0.754868,-0.335606,0.149050,0.000002,0,b
3.940000,104,DS_interstep,0,2.756567e-01,1.524974e-02,1.645276e-01,5.269643e-02,2.227455e-02,5.367055e-02,realized,-1.402031e-01,2.007241e-01,-2.789521e-01,-0.049943,0.081936,-0.100056,,,,0.156228,-0.560098,-0.349704,0.156228,-0.560098,-0.349704,-2.689307e-01,-2.016029e-02,-1.596949e-01,0.293775,-0.758792,-0.335118,0.295531,-0.754868,-0.335606,0.148859,0.000002,0,b
3.950000,105,DS_interstep,0,2.643817e-01,2.017357e-02,1.491536e-01,5.100951e-02,2.251215e-02,5.008303e-02,realized,-1.414836e-01,2.005885e-01,-2.796593e-01,-0.049787,0.081866,-0.099967,,,,0.156228,-0.560096,-0.349696,0.156228,-0.560096,-0.349696,-2.575135e-01,-2.512239e-02,-1.442327e-01,0.293774,-0.758791,-0.335107,0.295531,-0.754868,-0.335606,0.148658,0.000002,0,b
3.960000,106,DS_interstep,0,2.534044e-01,2.463217e-02,1.347888e-01,4.931514e-02,2.271852e-02,4.667373e-02,realized,-1.427085e-01,2.004304e-01,-2.802943e-01,-0.049633,0.081797,-0.099879,,,,0.156229,-0.560093,-0.349688,0.156229,-0.560093,-0.349688,-2.463959e-01,-2.961668e-02,-1.297861e-01,0.293773,-0.758789,-0.335095,0.295531,-0.754868,-0.335606,0.148451,0.000002,0,b
3.970000,107,DS_interstep,0,2.427203e-01,2.864667e-02,1.214345e-01,4.761217e-02,2.290226e-02,4.346558e-02,realized,-1.438791e-01,2.002520e-01,-2.808620e-01,-0.049480,0.081727,-0.099791,,,,0.156230,-0.560091,-0.349681,0.156230,-0.560091,-0.349681,-2.355736e-01,-3.366467e-02,-1.163561e-01,0.293773,-0.758787,-0.335085,0.295531,-0.754868,-0.335606,0.148237,0.000002,0,b
3.980000,108,DS_interstep,0,2.323237e-01,3.223794e-02,1.090749e-01,4.590137e-02,2.306767e-02,4.047192e-02,realized,-1.449971e-01,2.000556e-01,-2.813676e-01,-0.049328,0.081657,-0.099703,,,,0.156231,-0.560088,-0.349675,0.156231,-0.560088,-0.349675,-2.250409e-01,-3.728744e-02,-1.039266e-01,0.293772,-0.758784,-0.335075,0.295531,-0.754868,-0.335606,0.148019,0.000002,0,b
3.990000,109,DS_interstep,0,2.222079e-01,3.542644e-02,9.767965e-02,4.418512e-02,2.321568e-02,3.769786e-02,realized,-1.460638e-01,1.998431e-01,-2.818158e-01,-0.049177,0.081587,-0.099615,,,,0.156232,-0.560085,-0.349669,0.156232,-0.560085,-0.349669,-2.147915e-01,-4.050564e-02,-9.246687e-02,0.293772,-0.758782,-0.335065,0.295531,-0.754868,-0.335606,0.147796,0.000002,0,b
4.000000,110,DS_interstep,0,2.123657e-01,3.823226e-02,8.720725e-02,4.246708e-02,2.334455e-02,3.514160e-02,realized,-1.470805e-01,1.996164e-01,-2.822114e-01,-0.049027,0.081517,-0.099527,,,,0.156233,-0.560082,-0.349663,0.156233,-0.560082,-0.349663,-2.048181e-01,-4.333947e-02,-8.193494e-02,0.293772,-0.758779,-0.335056,0.295531,-0.754868,-0.335606,0.147572,0.000002,0,b
4.010000,111,DS_interstep,0,2.027900e-01,4.067506e-02,7.760775e-02,4.075186e-02,2.345067e-02,3.279571e-02,realized,-1.480487e-01,1.993774e-01,-2.825587e-01,-0.048878,0.081447,-0.099439,,,,0.156234,-0.560078,-0.349657,0.156234,-0.560078,-0.349657,-1.951138e-01,-4.580860e-02,-7.228045e-02,0.293772,-0.758776,-0.335047,0.295531,-0.754868,-0.335606,0.147347,0.000002,0,b
4.020000,112,DS_interstep,0,1.934737e-01,4.277411e-02,6.882527e-02,3.904475e-02,2.352917e-02,3.064837e-02,realized,-1.489697e-01,1.991277e-01,-2.828618e-01,-0.048730,0.081377,-0.099352,,,,0.156235,-0.560075,-0.349652,0.156235,-0.560075,-0.349652,-1.856715e-01,-4.793232e-02,-6.344709e-02,0.293772,-0.758773,-0.335039,0.295531,-0.754868,-0.335606,0.147121,0.000002,0,b
4.030000,113,DS_interstep,0,1.844105e-01,4.454830e-02,6.080031e-02,3.735142e-02,2.357456e-02,2.868455e-02,realized,-1.498446e-01,1.988691e-01,-2.831245e-01,-0.048583,0.081307,-0.099264,,,,0.156237,-0.560072,-0.349648,0.156237,-0.560072,-0.349648,-1.764847e-01,-4.972947e-02,-5.537495e-02,0.293772,-0.758770,-0.335031,0.295531,-0.754868,-0.335606,0.146897,0.000002,0,b
4.040000,114,DS_interstep,0,1.755943e-01,4.601617e-02,5.347176e-02,3.567768e-02,2.358119e-02,2.688707e-02,realized,-1.506748e-01,1.986031e-01,-2.833504e-01,-0.048437,0.081237,-0.099177,,,,0.156238,-0.560068,-0.349643,0.156238,-0.560068,-0.349643,-1.675476e-01,-5.121853e-02,-4.800251e-02,0.293773,-0.758767,-0.335024,0.295531,-0.754868,-0.335606,0.146675,0.000002,0,b
4.050000,115,DS_interstep,0,1.670199e-01,4.719589e-02,4.677855e-02,3.402926e-02,2.354371e-02,2.523750e-02,realized,-1.514615e-01,1.983311e-01,-2.835425e-01,-0.048292,0.081166,-0.099090,,,,0.156239,-0.560064,-0.349639,0.156239,-0.560064,-0.349639,-1.588547e-01,-5.241763e-02,-4.126837e-02,0.293773,-0.758763,-0.335017,0.295531,-0.754868,-0.335606,0.146455,0.000001,0,b
4.060000,116,DS_interstep,0,1.586826e-01,4.810532e-02,4.066119e-02,3.241164e-02,2.345734e-02,2.371706e-02,realized,-1.522059e-01,1.980545e-01,-2.837039e-01,-0.048148,0.081095,-0.099003,,,,0.156240,-0.560061,-0.349635,0.156240,-0.560061,-0.349635,-1.504016e-01,-5.334456e-02,-3.511268e-02,0.293774,-0.758760,-0.335011,0.295531,-0.754868,-0.335606,0.146239,0.000001,0,b
4.070000,117,DS_interstep,0,1.505786e-01,4.876200e-02,3.506282e-02,3.082986e-02,2.331819e-02,2.230726e-02,realized,-1.529092e-01,1.977745e-01,-2.838371e-01,-0.048004,0.081025,-0.098915,,,,0.156242,-0.560057,-0.349632,0.156242,-0.560057,-0.349632,-1.421841e-01,-5.401680e-02,-2.947829e-02,0.293774,-0.758756,-0.335005,0.295531,-0.754868,-0.335606,0.146027,0.000001,0,b
4.080000,118,DS_interstep,0,1.427042e-01,4.918308e-02,2.993019e-02,2.928843e-02,2.312337e-02,2.099049e-02,realized,-1.535726e-01,1.974923e-01,-2.839445e-01,-0.047861,0.080954,-0.098828,,,,0.156243,-0.560054,-0.349628,0.156243,-0.560054,-0.349628,-1.341988e-01,-5.445147e-02,-2.431171e-02,0.293775,-0.758753,-0.334999,0.295531,-0.754868,-0.335606,0.145820,0.000001,0,b
4.090000,119,DS_interstep,0,1.350565e-01,4.938537e-02,2.521432e-02,2.779123e-02,2.287113e-02,1.975052e-02,realized,-1.541971e-01,1.972092e-01,-2.840281e-01,-0.047719,0.080883,-0.098741,,,,0.156244,-0.560050,-0.349625,0.156244,-0.560050,-0.349625,-1.264425e-01,-5.466535e-02,-1.956370e-02,0.293775,-0.758749,-0.334994,0.295531,-0.754868,-0.335606,0.145618,0.000001,0,b
4.100000,120,DS_interstep,0,1.276330e-01,4.938526e-02,2.087087e-02,2.634147e-02,2.256092e-02,1.857279e-02,realized,-1.547839e-01,1.969259e-01,-2.840898e-01,-0.047577,0.080812,-0.098654,,,,0.156245,-0.560046,-0.349622,0.156245,-0.560046,-0.349622,-1.189128e-01,-5.467483e-02,-1.518976e-02,0.293776,-0.758745,-0.334990,0.295531,-0.754868,-0.335606,0.145421,0.000001,0,b
4.110000,121,DS_interstep,0,1.204312e-01,4.919870e-02,1.686045e-02,2.494164e-02,2.219331e-02,1.744468e-02,realized,-1.553342e-01,1.966436e-01,-2.841314e-01,-0.047436,0.080741,-0.098567,,,,0.156247,-0.560042,-0.349620,0.156247,-0.560042,-0.349620,-1.116072e-01,-5.449588e-02,-1.115034e-02,0.293777,-0.758741,-0.334985,0.295531,-0.754868,-0.335606,0.145230,0.000001,0,b
4.120000,122,DS_interstep,0,1.134489e-01,4.884116e-02,1.314865e-02,2.359353e-02,2.177000e-02,1.635558e-02,realized,-1.558490e-01,1.963631e-01,-2.841542e-01,-0.047295,0.080669,-0.098481,,,,0.156248,-0.560039,-0.349618,0.156248,-0.560039,-0.349618,-1.045235e-01,-5.414401e-02,-7.410898e-03,0.293778,-0.758738,-0.334981,0.295531,-0.754868,-0.335606,0.145044,0.000001,0,b
4.130000,123,DS_interstep,0,1.066843e-01,4.832762e-02,9.705908e-03,2.229822e-02,2.129369e-02,1.529701e-02,realized,-1.563295e-01,1.960851e-01,-2.841597e-01,-0.047155,0.080598,-0.098394,,,,0.156249,-0.560035,-0.349616,0.156249,-0.560035,-0.349616,-9.765960e-02,-5.363425e-02,-3.941798e-03,0.293778,-0.758734,-0.334978,0.295531,-0.754868,-0.335606,0.144864,0.000001,0,b
4.140000,124,DS_interstep,0,1.001351e-01,4.767249e-02,6.507352e-03,2.105616e-02,2.076796e-02,1.426252e-02,realized,-1.567767e-01,1.958104e-01,-2.841491e-01,-0.047016,0.080526,-0.098307,,,,0.156250,-0.560031,-0.349614,0.156250,-0.560031,-0.349614,-9.101352e-02,-5.298109e-02,-7.180899e-04,0.293779,-0.758730,-0.334974,0.295531,-0.754868,-0.335606,0.144691,0.000001,0,b
4.150000,125,DS_interstep,0,9.379936e-02,4.688960e-02,3.532426e-03,1.986717e-02,2.019714e-02,1.324762e-02,realized,-1.571918e-01,1.955396e-01,-2.841235e-01,-0.046877,0.080455,-0.098220,,,,0.156251,-0.560028,-0.349612,0.156251,-0.560028,-0.349612,-8.458317e-02,-5.219846e-02,2.280822e-03,0.293780,-0.758726,-0.334971,0.295531,-0.754868,-0.335606,0.144523,0.000001,0,b
4.160000,126,DS_interstep,0,8.767500e-02,4.599217e-02,7.645101e-04,1.873057e-02,1.958616e-02,1.224960e-02,realized,-1.575758e-01,1.952733e-01,-2.840839e-01,-0.046738,0.080383,-0.098133,,,,0.156252,-0.560024,-0.349611,0.156252,-0.560024,-0.349611,-7.836642e-02,-5.129968e-02,5.071584e-03,0.293781,-0.758722,-0.334968,0.295531,-0.754868,-0.335606,0.144361,0.000001,0,b
4.170000,127,DS_interstep,0,8.175979e-02,4.499281e-02,-1.809537e-03,1.764517e-02,1.894038e-02,1.126738e-02,realized,-1.579297e-01,1.950121e-01,-2.840314e-01,-0.046600,0.080311,-0.098046,,,,0.156253,-0.560021,-0.349609,0.156253,-0.560021,-0.349609,-7.236103e-02,-5.029747e-02,7.667348e-03,0.293781,-0.758719,-0.334966,0.295531,-0.754868,-0.335606,0.144205,0.000001,0,b
4.180000,128,DS_interstep,0,7.605138e-02,4.390346e-02,-4.199865e-03,1.660942e-02,1.826544e-02,1.030124e-02,realized,-1.582546e-01,1.947563e-01,-2.839668e-01,-0.046462,0.080239,-0.097959,,,,0.156254,-0.560017,-0.349608,0.156254,-0.560017,-0.349608,-6.656467e-02,-4.920392e-02,1.007826e-02,0.293782,-0.758715,-0.334964,0.295531,-0.754868,-0.335606,0.144055,0.000001,0,b
4.190000,129,DS_interstep,0,7.054732e-02,4.273544e-02,-6.414127e-03,1.562144e-02,1.756714e-02,9.352639e-03,realized,-1.585515e-01,1.945064e-01,-2.838911e-01,-0.046325,0.080167,-0.097872,,,,0.156254,-0.560014,-0.349607,0.156254,-0.560014,-0.349607,-6.097486e-02,-4.803045e-02,1.231197e-02,0.293783,-0.758711,-0.334962,0.295531,-0.754868,-0.335606,0.143910,0.000001,0,b
4.200000,130,DS_interstep,0,6.524500e-02,4.149937e-02,-8.457975e-03,1.467914e-02,1.685124e-02,8.423917e-03,realized,-1.588215e-01,1.942628e-01,-2.838050e-01,-0.046188,0.080095,-0.097785,,,,0.156255,-0.560010,-0.349607,0.156255,-0.560010,-0.349607,-5.558898e-02,-4.678782e-02,1.437411e-02,0.293784,-0.758707,-0.334960,0.295531,-0.754868,-0.335606,0.143771,0.000001,0,b
4.210000,131,DS_interstep,0,6.014166e-02,4.020524e-02,-1.033553e-02,1.378024e-02,1.612342e-02,7.518095e-03,realized,-1.590656e-01,1.940257e-01,-2.837095e-01,-0.046051,0.080023,-0.097698,,,,0.156256,-0.560007,-0.349606,0.156256,-0.560007,-0.349606,-5.040430e-02,-4.548617e-02,1.626879e-02,0.293784,-0.758704,-0.334959,0.295531,-0.754868,-0.335606,0.143638,0.000001,0,b
4.220000,132,DS_interstep,0,5.523445e-02,3.886240e-02,-1.204983e-02,1.292237e-02,1.538910e-02,6.638629e-03,realized,-1.592847e-01,1.937953e-01,-2.836053e-01,-0.045914,0.079951,-0.097612,,,,0.156257,-0.560003,-0.349606,0.156257,-0.560003,-0.349606,-4.541792e-02,-4.413496e-02,1.799903e-02,0.293785,-0.758700,-0.334958,0.295531,-0.754868,-0.335606,0.143510,0.000001,0,b
4.230000,133,DS_interstep,0,5.052035e-02,3.747954e-02,-1.360322e-02,1.210315e-02,1.465337e-02,5.789199e-03,realized,-1.594799e-01,1.935719e-01,-2.834933e-01,-0.045778,0.079878,-0.097525,,,,0.156257,-0.560000,-0.349605,0.156257,-0.560000,-0.349605,-4.062687e-02,-4.274302e-02,1.956716e-02,0.293786,-0.758696,-0.334957,0.295531,-0.754868,-0.335606,0.143387,0.000001,0,b
4.240000,134,DS_interstep,0,4.599624e-02,3.606475e-02,-1.499774e-02,1.132020e-02,1.392097e-02,4.973514e-03,realized,-1.596521e-01,1.933556e-01,-2.833742e-01,-0.045642,0.079806,-0.097438,,,,0.156258,-0.559997,-0.349605,0.156258,-0.559997,-0.349605,-3.602801e-02,-4.131854e-02,2.097521e-02,0.293786,-0.758693,-0.334956,0.295531,-0.754868,-0.335606,0.143270,0.000001,0,b
4.250000,135,DS_interstep,0,4.165892e-02,3.462553e-02,-1.623538e-02,1.057123e-02,1.319614e-02,4.195144e-03,realized,-1.598022e-01,1.931466e-01,-2.832489e-01,-0.045506,0.079733,-0.097351,,,,0.156258,-0.559994,-0.349605,0.156258,-0.559994,-0.349605,-3.161814e-02,-3.986914e-02,2.222519e-02,0.293787,-0.758689,-0.334955,0.295531,-0.754868,-0.335606,0.143157,0.000001,0,b
4.260000,136,DS_interstep,0,3.750507e-02,3.316878e-02,-1.731839e-02,9.854048e-03,1.248267e-02,3.457375e-03,realized,-1.599311e-01,1.929450e-01,-2.831182e-01,-0.045371,0.079661,-0.097264,,,,0.156259,-0.559991,-0.349605,0.156259,-0.559991,-0.349605,-2.739395e-02,-3.840184e-02,2.331933e-02,0.293787,-0.758686,-0.334955,0.295531,-0.754868,-0.335606,0.143050,0.000001,0,b
4.270000,137,DS_interstep,0,3.353128e-02,3.170087e-02,-1.824945e-02,9.166624e-03,1.178383e-02,2.763092e-03,realized,-1.600399e-01,1.927507e-01,-2.829827e-01,-0.045235,0.079588,-0.097177,,,,0.156259,-0.559988,-0.349605,0.156259,-0.559988,-0.349605,-2.335205e-02,-3.692308e-02,2.426033e-02,0.293788,-0.758683,-0.334955,0.295531,-0.754868,-0.335606,0.142948,0.000001,0,b
4.280000,138,DS_interstep,0,2.973411e-02,3.022765e-02,-1.903181e-02,8.507077e-03,1.110238e-02,2.114690e-03,realized,-1.601293e-01,1.925639e-01,-2.828433e-01,-0.045100,0.079516,-0.097089,,,,0.156259,-0.559985,-0.349606,0.156259,-0.559985,-0.349606,-1.948897e-02,-3.543882e-02,2.505146e-02,0.293788,-0.758680,-0.334955,0.295531,-0.754868,-0.335606,0.142851,0.000001,0,b
4.290000,139,DS_interstep,0,2.611001e-02,2.875448e-02,-1.966941e-02,7.873714e-03,1.044059e-02,1.514011e-03,realized,-1.602003e-01,1.923845e-01,-2.827007e-01,-0.044965,0.079443,-0.097002,,,,0.156260,-0.559982,-0.349606,0.156260,-0.559982,-0.349606,-1.580120e-02,-3.395448e-02,2.569670e-02,0.293789,-0.758676,-0.334955,0.295531,-0.754868,-0.335606,0.142758,0.000001,0,b
4.300000,140,DS_interstep,0,2.265540e-02,2.728625e-02,-2.016694e-02,7.265028e-03,9.800211e-03,9.623053e-04,realized,-1.602538e-01,1.922125e-01,-2.825556e-01,-0.044830,0.079370,-0.096915,,,,0.156260,-0.559979,-0.349606,0.156260,-0.559979,-0.349606,-1.228515e-02,-3.247503e-02,2.620075e-02,0.293789,-0.758673,-0.334955,0.295531,-0.754868,-0.335606,0.142671,0.000001,0,b
4.310000,141,DS_interstep,0,1.936666e-02,2.582744e-02,-2.052983e-02,6.679705e-03,9.182574e-03,4.602200e-04,realized,-1.602904e-01,1.920479e-01,-2.824086e-01,-0.044695,0.079297,-0.096828,,,,0.156260,-0.559977,-0.349607,0.156260,-0.559977,-0.349607,-8.937185e-03,-3.100498e-02,2.656910e-02,0.293790,-0.758670,-0.334955,0.295531,-0.754868,-0.335606,0.142588,0.000001,0,b
4.320000,142,DS_interstep,0,1.624010e-02,2.438209e-02,-2.076424e-02,6.116618e-03,8.588569e-03,7.801238e-06,realized,-1.603112e-01,1.918905e-01,-2.822604e-01,-0.044560,0.079224,-0.096741,,,,0.156261,-0.559974,-0.349607,0.156261,-0.559974,-0.349607,-5.753632e-03,-2.954846e-02,2.680796e-02,0.293790,-0.758667,-0.334956,0.295531,-0.754868,-0.335606,0.142509,0.000001,0,b
4.330000,143,DS_interstep,0,1.327202e-02,2.295390e-02,-2.087702e-02,5.574815e-03,8.018708e-03,-3.954805e-04,realized,-1.603168e-01,1.917404e-01,-2.821117e-01,-0.044426,0.079152,-0.096654,,,,0.156261,-0.559972,-0.349608,0.156261,-0.559972,-0.349608,-2.730776e-03,-2.810919e-02,2.692422e-02,0.293790,-0.758664,-0.334956,0.295531,-0.754868,-0.335606,0.142435,0.000001,0,b
4.340000,144,DS_interstep,0,1.045868e-02,2.154621e-02,-2.087562e-02,5.053512e-03,7.473170e-03,-7.506916e-04,realized,-1.603081e-01,1.915973e-01,-2.819630e-01,-0.044291,0.079079,-0.096566,,,,0.156261,-0.559969,-0.349609,0.156261,-0.559969,-0.349609,1.351357e-04,-2.669055e-02,2.692540e-02,0.293790,-0.758662,-0.334957,0.295531,-0.754868,-0.335606,0.142366,0.000001,0,b
4.350000,145,DS_interstep,0,7.796293e-03,2.016202e-02,-2.076798e-02,4.552074e-03,6.951840e-03,-1.059385e-03,realized,-1.602859e-01,1.914613e-01,-2.818148e-01,-0.044157,0.079006,-0.096479,,,,0.156261,-0.559967,-0.349610,0.156261,-0.559967,-0.349610,2.847886e-03,-2.529556e-02,2.681950e-02,0.293791,-0.758659,-0.334958,0.295531,-0.754868,-0.335606,0.142301,0.000000,0,b
4.360000,146,DS_interstep,0,5.281073e-03,1.880404e-02,-2.056248e-02,4.069996e-03,6.454367e-03,-1.323540e-03,realized,-1.602508e-01,1.913321e-01,-2.816676e-01,-0.044022,0.078933,-0.096392,,,,0.156261,-0.559964,-0.349610,0.156261,-0.559964,-0.349610,5.411289e-03,-2.392697e-02,2.661496e-02,0.293791,-0.758656,-0.334959,0.295531,-0.754868,-0.335606,0.142240,0.000000,0,b
4.370000,147,DS_interstep,0,2.909195e-03,1.747471e-02,-2.026776e-02,3.606888e-03,5.980199e-03,-1.545499e-03,realized,-1.602036e-01,1.912096e-01,-2.815219e-01,-0.043888,0.078860,-0.096304,,,,0.156261,-0.559962,-0.349611,0.156261,-0.559962,-0.349611,7.829184e-03,-2.258723e-02,2.632049e-02,0.293791,-0.758654,-0.334960,0.295531,-0.754868,-0.335606,0.142183,0.000000,0,b
4.380000,148,DS_interstep,0,6.768159e-04,1.617619e-02,-1.989263e-02,3.162451e-03,5.528636e-03,-1.727894e-03,realized,-1.601451e-01,1.910936e-01,-2.813781e-01,-0.043754,0.078787,-0.096217,,,,0.156261,-0.559960,-0.349612,0.156261,-0.559960,-0.349612,1.010544e-02,-2.127851e-02,2.594497e-02,0.293791,-0.758651,-0.334961,0.295531,-0.754868,-0.335606,0.142131,0.000000,0,b
4.390000,149,DS_interstep,0,-1.419925e-03,1.491042e-02,-1.944597e-02,2.736458e-03,5.098866e-03,-1.873580e-03,realized,-1.600759e-01,1.909841e-01,-2.812366e-01,-0.043619,0.078714,-0.096130,,,,0.156261,-0.559958,-0.349613,0.156261,-0.559958,-0.349613,1.224393e-02,-2.000277e-02,2.549733e-02,0.293791,-0.758649,-0.334962,0.295531,-0.754868,-0.335606,0.142082,0.000000,0,b
4.400000,150,DS_interstep,0,-3.384904e-03,1.367909e-02,-1.893658e-02,2.328739e-03,4.690004e-03,-1.985566e-03,realized,-1.599966e-01,1.908807e-01,-2.810976e-01,-0.043485,0.078640,-0.096042,,,,0.156261,-0.559956,-0.349614,0.156261,-0.559956,-0.349614,1.424858e-02,-1.876170e-02,2.498645e-02,0.293791,-0.758647,-0.334963,0.295531,-0.754868,-0.335606,0.142037,0.000000,0,b
4.410000,151,DS_interstep,0,-5.222011e-03,1.248370e-02,-1.837311e-02,1.939157e-03,4.301125e-03,-2.066949e-03,realized,-1.599080e-01,1.907834e-01,-2.809615e-01,-0.043351,0.078567,-0.095955,,,,0.156261,-0.559954,-0.349615,0.156261,-0.559954,-0.349615,1.612329e-02,-1.755681e-02,2.442103e-02,0.293791,-0.758644,-0.334964,0.295531,-0.754868,-0.335606,0.141995,0.000000,0,b
4.420000,152,DS_interstep,0,-6.935147e-03,1.132554e-02,-1.776392e-02,1.567595e-03,3.931293e-03,-2.120850e-03,realized,-1.598107e-01,1.906919e-01,-2.808284e-01,-0.043216,0.078494,-0.095867,,,,0.156261,-0.559952,-0.349616,0.156261,-0.559952,-0.349616,1.787202e-02,-1.638938e-02,2.380950e-02,0.293791,-0.758642,-0.334965,0.295531,-0.754868,-0.335606,0.141958,0.000000,0,b
4.430000,153,DS_interstep,0,-8.528218e-03,1.020570e-02,-1.711706e-02,1.213940e-03,3.579586e-03,-2.150363e-03,realized,-1.597052e-01,1.906061e-01,-2.806985e-01,-0.043082,0.078421,-0.095780,,,,0.156260,-0.559951,-0.349617,0.156260,-0.559951,-0.349617,1.949869e-02,-1.526053e-02,2.315996e-02,0.293791,-0.758640,-0.334966,0.295531,-0.754868,-0.335606,0.141923,0.000000,0,b
4.440000,154,DS_interstep,0,-1.000513e-02,9.125122e-03,-1.644014e-02,8.780701e-04,3.245113e-03,-2.158501e-03,realized,-1.595922e-01,1.905257e-01,-2.805721e-01,-0.042948,0.078348,-0.095692,,,,0.156260,-0.559949,-0.349618,0.156260,-0.559949,-0.349618,2.100727e-02,-1.417119e-02,2.248008e-02,0.293791,-0.758638,-0.334968,0.295531,-0.754868,-0.335606,0.141892,0.000000,0,b
4.450000,155,DS_interstep,0,-1.136981e-02,8.084560e-03,-1.574030e-02,5.598453e-04,2.927031e-03,-2.148159e-03,realized,-1.594722e-01,1.904505e-01,-2.804492e-01,-0.042813,0.078275,-0.095605,,,,0.156260,-0.559947,-0.349619,0.156260,-0.559947,-0.349619,2.240170e-02,-1.312211e-02,2.177706e-02,0.293791,-0.758636,-0.334969,0.295531,-0.754868,-0.335606,0.141865,0.000000,0,b
4.460000,156,DS_interstep,0,-1.262613e-02,7.084614e-03,-1.502418e-02,2.590963e-04,2.624555e-03,-2.122076e-03,realized,-1.593458e-01,1.903805e-01,-2.803299e-01,-0.042679,0.078202,-0.095517,,,,0.156260,-0.559946,-0.349620,0.156260,-0.559946,-0.349620,2.368594e-02,-1.211390e-02,2.105756e-02,0.293791,-0.758635,-0.334970,0.295531,-0.754868,-0.335606,0.141840,0.000000,0,b
4.470000,157,DS_interstep,0,-1.377802e-02,6.125735e-03,-1.429785e-02,-2.438066e-05,2.336964e-03,-2.082807e-03,realized,-1.592135e-01,1.903152e-01,-2.802142e-01,-0.042544,0.078129,-0.095430,,,,0.156260,-0.559944,-0.349621,0.156260,-0.559944,-0.349621,2.486393e-02,-1.114701e-02,2.032771e-02,0.293791,-0.758633,-0.334972,0.295531,-0.754868,-0.335606,0.141818,0.000000,0,b
4.480000,158,DS_interstep,0,-1.482934e-02,5.208227e-03,-1.356684e-02,-2.908283e-04,2.063604e-03,-2.032708e-03,realized,-1.590758e-01,1.902546e-01,-2.801022e-01,-0.042410,0.078056,-0.095342,,,,0.156259,-0.559943,-0.349622,0.156259,-0.559943,-0.349622,2.593959e-02,-1.022174e-02,1.959306e-02,0.293790,-0.758631,-0.334973,0.295531,-0.754868,-0.335606,0.141798,0.000000,0,b
4.490000,159,DS_interstep,0,-1.578395e-02,4.332261e-03,-1.283608e-02,-5.405314e-04,1.803889e-03,-1.973919e-03,realized,-1.589333e-01,1.901984e-01,-2.799940e-01,-0.042276,0.077983,-0.095255,,,,0.156259,-0.559941,-0.349623,0.156259,-0.559941,-0.349623,2.691683e-02,-9.338267e-03,1.885859e-02,0.293790,-0.758630,-0.334974,0.295531,-0.754868,-0.335606,0.141781,0.000000,0,b
4.500000,160,DS_interstep,0,-1.664570e-02,3.497875e-03,-1.210996e-02,-7.738174e-04,1.557301e-03,-1.908357e-03,realized,-1.587864e-01,1.901464e-01,-2.798893e-01,-0.042141,0.077909,-0.095167,,,,0.156259,-0.559940,-0.349624,0.156259,-0.559940,-0.349624,2.779956e-02,-8.496633e-03,1.812872e-02,0.293790,-0.758628,-0.334976,0.295531,-0.754868,-0.335606,0.141767,0.000000,0,b
4.510000,161,DS_interstep,0,-1.741839e-02,2.704985e-03,-1.139231e-02,-9.910560e-04,1.323378e-03,-1.837719e-03,realized,-1.586355e-01,1.900984e-01,-2.797883e-01,-0.042007,0.077836,-0.095079,,,,0.156259,-0.559939,-0.349625,0.156259,-0.559939,-0.349625,2.859162e-02,-7.696752e-03,1.740730e-02,0.293790,-0.758627,-0.334977,0.295531,-0.754868,-0.335606,0.141755,0.000000,0,b
4.520000,162,DS_interstep,0,-1.810580e-02,1.953388e-03,-1.068644e-02,-1.192657e-03,1.101719e-03,-1.763481e-03,realized,-1.584811e-01,1.900542e-01,-2.796908e-01,-0.041872,0.077763,-0.094992,,,,0.156258,-0.559938,-0.349627,0.156258,-0.559938,-0.349627,2.929684e-02,-6.938425e-03,1.669765e-02,0.293790,-0.758625,-0.334979,0.295531,-0.754868,-0.335606,0.141745,0.000000,0,b
4.530000,163,DS_interstep,0,-1.871165e-02,1.242771e-03,-9.995140e-03,-1.379069e-03,8.919661e-04,-1.686911e-03,realized,-1.583235e-01,1.900136e-01,-2.795968e-01,-0.041737,0.077690,-0.094904,,,,0.156258,-0.559937,-0.349628,0.156258,-0.559937,-0.349628,2.991900e-02,-6.221339e-03,1.600261e-02,0.293789,-0.758624,-0.334980,0.295531,-0.754868,-0.335606,0.141737,0.000000,0,b
4.540000,164,DS_interstep,0,-1.923963e-02,5.727178e-04,-9.320757e-03,-1.550770e-03,6.938045e-04,-1.609077e-03,realized,-1.581633e-01,1.899764e-01,-2.795062e-01,-0.041603,0.077617,-0.094817,,,,0.156258,-0.559936,-0.349629,0.156258,-0.559936,-0.349629,3.046185e-02,-5.545081e-03,1.532452e-02,0.293789,-0.758623,-0.334981,0.295531,-0.754868,-0.335606,0.141731,0.000000,0,b
4.550000,165,DS_interstep,0,-1.969338e-02,-5.728846e-05,-8.665197e-03,-1.708272e-03,5.069508e-04,-1.530865e-03,realized,-1.580008e-01,1.899423e-01,-2.794189e-01,-0.041468,0.077544,-0.094729,,,,0.156258,-0.559935,-0.349630,0.156258,-0.559935,-0.349630,3.092907e-02,-4.909134e-03,1.466531e-02,0.293789,-0.758622,-0.334983,0.295531,-0.754868,-0.335606,0.141726,0.000000,0,b
4.560000,166,DS_interstep,0,-2.007648e-02,-6.478549e-04,-8.029982e-03,-1.852106e-03,3.311462e-04,-1.452992e-03,realized,-1.578363e-01,1.899113e-01,-2.793348e-01,-0.041333,0.077471,-0.094642,,,,0.156257,-0.559934,-0.349631,0.156257,-0.559934,-0.349631,3.132430e-02,-4.312893e-03,1.402651e-02,0.293789,-0.758621,-0.334984,0.295531,-0.754868,-0.335606,0.141723,0.000000,0,b
4.570000,167,DS_interstep,0,-2.039245e-02,-1.199674e-03,-7.416284e-03,-1.982825e-03,1.661483e-04,-1.376026e-03,realized,-1.576701e-01,1.898830e-01,-2.792538e-01,-0.041198,0.077398,-0.094554,,,,0.156257,-0.559933,-0.349632,0.156257,-0.559933,-0.349632,3.165110e-02,-3.755666e-03,1.340930e-02,0.293789,-0.758620,-0.334985,0.295531,-0.754868,-0.335606,0.141722,0.000000,0,b
4.580000,168,DS_interstep,0,-2.064474e-02,-1.713517e-03,-6.824968e-03,-2.100994e-03,1.172468e-05,-1.300402e-03,realized,-1.575027e-01,1.898573e-01,-2.791758e-01,-0.041063,0.077325,-0.094466,,,,0.156257,-0.559932,-0.349633,0.156257,-0.559932,-0.349633,3.191298e-02,-3.236682e-03,1.281456e-02,0.293788,-0.758619,-0.334987,0.295531,-0.754868,-0.335606,0.141722,0.000000,0,b
4.590000,169,DS_interstep,0,-2.083674e-02,-2.190227e-03,-6.256632e-03,-2.207186e-03,-1.323540e-04,-1.226445e-03,realized,-1.573342e-01,1.898340e-01,-2.791006e-01,-0.040928,0.077252,-0.094379,,,,0.156257,-0.559932,-0.349634,0.156257,-0.559932,-0.349634,3.211338e-02,-2.755099e-03,1.224288e-02,0.293788,-0.758618,-0.334988,0.295531,-0.754868,-0.335606,0.141723,0.000000,0,b
4.600000,170,DS_interstep,0,-2.097176e-02,-2.630711e-03,-5.711641e-03,-2.301976e-03,-2.663190e-04,-1.154381e-03,realized,-1.571651e-01,1.898130e-01,-2.790282e-01,-0.040793,0.077179,-0.094291,,,,0.156256,-0.559931,-0.349635,0.156256,-0.559931,-0.349635,3.225567e-02,-2.310008e-03,1.169465e-02,0.293788,-0.758617,-0.334989,0.295531,-0.754868,-0.335606,0.141725,0.000000,0,b
4.610000,171,SS,1,-7.923261e-02,-7.233491e-01,1.124361e+00,-1.292189e-02,3.042803e-03,-9.236313e-03,planned,-1.469323e-01,1.952922e-01,-2.852898e-01,-0.039442,0.076471,-0.093438,-8.603371e-04,1.520232e-04,8.189313e-04,0.156267,-0.559918,-0.349646,0.172369,-0.559669,-0.348669,2.222748e-01,2.585314e-01,-2.534675e-01,0.293813,-0.758605,-0.334992,0.293796,-0.758617,-0.334989,0.002050,0.799914,1,a
4.710000,172,SS,1,4.795557e-02,-7.988544e-01,1.315310e+00,1.307830e-01,6.061245e-02,-2.392816e-02,planned,-1.356399e-01,2.082887e-01,-3.007789e-01,-0.038053,0.075827,-0.092648,,,,0.156370,-0.559928,-0.349667,0.176060,-0.559622,-0.348451,1.418639e-01,3.574615e-01,-4.976840e-01,0.293927,-0.758597,-0.334975,0.293862,-0.758619,-0.334989,0.002302,0.799675,1,a
4.810000,173,SS,1,1.518487e-01,-8.620534e-01,1.511220e+00,2.451831e-01,1.080618e-01,-3.537008e-04,planned,-1.278852e-01,2.255863e-01,-3.274145e-01,-0.036670,0.075266,-0.091961,,,,0.156603,-0.559940,-0.349695,0.179750,-0.559575,-0.348232,1.064647e-01,4.745565e-01,-7.204592e-01,0.294185,-0.758585,-0.334942,0.294047,-0.758622,-0.334990,0.004454,0.799269,1,a
4.910000,174,SS,1,2.226283e-01,-9.067459e-01,1.610664e+00,3.310765e-01,1.600726e-01,-4.871462e-02,planned,-1.200082e-01,2.475804e-01,-3.612775e-01,-0.035314,0.074808,-0.091410,,,,0.157010,-0.559943,-0.349727,0.183441,-0.559528,-0.348013,1.179151e-01,5.467588e-01,-8.343236e-01,0.294638,-0.758560,-0.334896,0.294408,-0.758630,-0.334991,0.007068,0.798650,1,a
5.010000,175,SS,1,2.854745e-01,-9.941411e-01,1.777038e+00,4.116393e-01,2.054940e-01,-8.659839e-02,planned,-1.120390e-01,2.732179e-01,-4.012070e-01,-0.033990,0.074467,-0.091017,,,,0.157626,-0.559946,-0.349770,0.188807,-0.559494,-0.347734,1.139666e-01,6.387362e-01,-9.881406e-01,0.295330,-0.758530,-0.334842,0.294995,-0.758642,-0.334992,0.010018,0.797763,1,a
5.110000,176,SS,1,3.452066e-01,-1.082547e+00,1.935564e+00,4.896164e-01,2.451286e-01,-1.241576e-01,planned,-1.046438e-01,3.036214e-01,-4.489734e-01,-0.032707,0.074261,-0.090807,,,,0.158492,-0.559947,-0.349824,0.194528,-0.559464,-0.347441,1.032721e-01,7.362982e-01,-1.150881e+00,0.296305,-0.758492,-0.334781,0.295856,-0.758659,-0.334994,0.013124,0.796553,1,a
5.210000,177,SS,1,3.998744e-01,-1.152759e+00,2.060000e+00,5.636801e-01,2.837817e-01,-1.642062e-01,planned,-9.759167e-02,3.380534e-01,-5.033487e-01,-0.031476,0.074208,-0.090806,,,,0.159643,-0.559944,-0.349892,0.200250,-0.559433,-0.347148,1.014378e-01,8.119810e-01,-1.276552e+00,0.297605,-0.758444,-0.334716,0.297034,-0.758683,-0.334996,0.016265,0.794968,1,a
5.310000,178,SS,1,4.514664e-01,-1.206728e+00,2.152751e+00,6.355899e-01,3.202250e-01,-2.055053e-01,planned,-9.071212e-02,3.759850e-01,-5.633981e-01,-0.030305,0.074319,-0.091034,,,,0.161112,-0.559935,-0.349975,0.205971,-0.559403,-0.346856,1.000627e-01,8.813170e-01,-1.391110e+00,0.299265,-0.758386,-0.334648,0.298567,-0.758715,-0.335000,0.019337,0.792961,1,a
5.410000,179,SS,1,5.009737e-01,-1.245500e+00,2.215836e+00,7.061308e-01,3.537302e-01,-2.465528e-01,planned,-8.405311e-02,4.171991e-01,-6.287723e-01,-0.029197,0.074606,-0.091507,,,,0.162926,-0.559921,-0.350074,0.211693,-0.559372,-0.346563,9.855671e-02,9.438007e-01,-1.494643e+00,0.301317,-0.758317,-0.334580,0.300492,-0.758754,-0.335004,0.022253,0.790491,1,a
5.510000,180,SS,1,5.474449e-01,-1.280721e+00,2.267699e+00,7.749417e-01,3.848854e-01,-2.880927e-01,planned,-7.755368e-02,4.614053e-01,-6.989688e-01,-0.028158,0.075079,-0.092242,,,,0.165111,-0.559902,-0.350190,0.217809,-0.559353,-0.346267,9.895765e-02,9.995328e-01,-1.586049e+00,0.303790,-0.758236,-0.334513,0.302837,-0.758802,-0.335009,0.024954,0.787521,1,a
5.610000,181,SS,1,5.898434e-01,-1.339403e+00,2.351329e+00,8.419385e-01,4.140998e-01,-3.303860e-01,planned,-7.115788e-02,5.084991e-01,-7.737567e-01,-0.027189,0.075749,-0.093253,,,,0.167690,-0.559875,-0.350324,0.225195,-0.559372,-0.345961,1.003618e-01,1.054479e+00,-1.674361e+00,0.306709,-0.758142,-0.334447,0.305632,-0.758859,-0.335015,0.027390,0.784017,1,a
5.710000,182,SS,1,6.295614e-01,-1.381924e+00,2.403717e+00,9.067432e-01,4.409617e-01,-3.731367e-01,planned,-6.484957e-02,5.581387e-01,-8.525694e-01,-0.026294,0.076622,-0.094551,,,,0.170683,-0.559843,-0.350476,0.232581,-0.559391,-0.345655,1.026954e-01,1.098300e+00,-1.745513e+00,0.310098,-0.758035,-0.334385,0.308898,-0.758925,-0.335022,0.029528,0.779950,1,a
5.810000,183,SS,1,6.664123e-01,-1.408670e+00,2.425167e+00,9.690758e-01,4.654273e-01,-4.165473e-01,planned,-5.856441e-02,6.099067e-01,-9.347163e-01,-0.025473,0.077704,-0.096146,,,,0.174107,-0.559805,-0.350645,0.239967,-0.559409,-0.345349,1.062558e-01,1.133501e+00,-1.802030e+00,0.313977,-0.757915,-0.334325,0.312656,-0.759002,-0.335031,0.031351,0.775296,1,a
5.910000,184,SS,1,7.004547e-01,-1.420614e+00,2.416813e+00,1.028797e+00,4.870692e-01,-4.603837e-01,planned,-5.226269e-02,6.634567e-01,-1.019614e+00,-0.024724,0.079000,-0.098045,,,,0.177977,-0.559761,-0.350830,0.247353,-0.559428,-0.345043,1.105024e-01,1.160796e+00,-1.845329e+00,0.318359,-0.757782,-0.334269,0.316923,-0.759089,-0.335040,0.032854,0.770036,1,a
6.010000,185,SS,1,7.316006e-01,-1.418530e+00,2.379743e+00,1.085638e+00,5.055995e-01,-5.043699e-01,planned,-4.590557e-02,7.184499e-01,-1.106696e+00,-0.024047,0.080513,-0.100253,,,,0.182301,-0.559712,-0.351032,0.254739,-0.559446,-0.344737,1.154823e-01,1.180376e+00,-1.875668e+00,0.323257,-0.757638,-0.334216,0.321711,-0.759186,-0.335051,0.034044,0.764154,1,a
6.110000,186,SS,1,7.596721e-01,-1.428235e+00,2.355346e+00,1.139352e+00,5.212396e-01,-5.486031e-01,planned,-3.946025e-02,7.747199e-01,-1.195647e+00,-0.023438,0.082243,-0.102772,,,,0.187089,-0.559659,-0.351248,0.262970,-0.559514,-0.344456,1.208571e-01,1.197998e+00,-1.901087e+00,0.328679,-0.757482,-0.334169,0.327031,-0.759295,-0.335062,0.034930,0.757638,1,a
6.210000,187,SS,1,7.845575e-01,-1.438251e+00,2.325389e+00,1.189554e+00,5.339295e-01,-5.929768e-01,planned,-3.292137e-02,8.320639e-01,-1.286101e+00,-0.022896,0.084192,-0.105605,,,,0.192346,-0.559604,-0.351478,0.271655,-0.559608,-0.344189,1.263308e-01,1.209707e+00,-1.916633e+00,0.334633,-0.757316,-0.334126,0.332888,-0.759414,-0.335075,0.035529,0.750479,1,a
6.310000,188,SS,1,8.060763e-01,-1.435375e+00,2.268931e+00,1.235832e+00,5.435273e-01,-6.372680e-01,planned,-2.626765e-02,8.901332e-01,-1.377484e+00,-0.022416,0.086360,-0.108751,,,,0.198076,-0.559548,-0.351719,0.280340,-0.559703,-0.343922,1.321112e-01,1.213056e+00,-1.918659e+00,0.341121,-0.757142,-0.334087,0.339287,-0.759544,-0.335089,0.035861,0.742672,1,a
6.410000,189,SS,1,8.241715e-01,-1.420635e+00,2.187431e+00,1.277946e+00,5.497559e-01,-6.813344e-01,planned,-1.947855e-02,9.485917e-01,-1.469245e+00,-0.021995,0.088743,-0.112208,,,,0.204279,-0.559492,-0.351971,0.289026,-0.559797,-0.343655,1.379705e-01,1.209461e+00,-1.909101e+00,0.348146,-0.756960,-0.334053,0.346229,-0.759686,-0.335105,0.035949,0.734217,1,a
6.510000,190,SS,1,8.388209e-01,-1.395124e+00,2.082516e+00,1.315690e+00,5.523103e-01,-7.249415e-01,planned,-1.254465e-02,1.007143e+00,-1.560890e+00,-0.021627,0.091339,-0.115971,,,,0.210953,-0.559438,-0.352230,0.297711,-0.559891,-0.343388,1.437233e-01,1.199449e+00,-1.888856e+00,0.355703,-0.756772,-0.334024,0.353712,-0.759838,-0.335121,0.035820,0.725116,1,a
6.610000,191,SS,1,8.500706e-01,-1.361452e+00,1.958481e+00,1.348860e+00,5.509881e-01,-7.678273e-01,planned,-5.460361e-03,1.065514e+00,-1.651970e+00,-0.021308,0.094142,-0.120035,,,,0.218093,-0.559387,-0.352496,0.306455,-0.559991,-0.343126,1.492714e-01,1.183773e+00,-1.859065e+00,0.363787,-0.756579,-0.333999,0.361731,-0.760002,-0.335139,0.035502,0.715375,1,a
6.710000,192,SS,1,8.590955e-01,-1.343021e+00,1.853805e+00,1.377301e+00,5.461174e-01,-8.100585e-01,planned,1.761291e-03,1.123608e+00,-1.742285e+00,-0.021033,0.097149,-0.124392,,,,0.225693,-0.559342,-0.352765,0.316076,-0.560179,-0.342938,1.541192e-01,1.167917e+00,-1.827195e+00,0.372391,-0.756384,-0.333979,0.370279,-0.760176,-0.335157,0.035019,0.705002,1,a
6.810000,193,SS,1,8.645114e-01,-1.315651e+00,1.729716e+00,1.400748e+00,5.376387e-01,-8.513424e-01,planned,9.093926e-03,1.181191e+00,-1.831443e+00,-0.020797,0.100352,-0.129034,,,,0.233745,-0.559304,-0.353037,0.325698,-0.560368,-0.342750,1.583023e-01,1.144661e+00,-1.784195e+00,0.381506,-0.756189,-0.333964,0.379347,-0.760361,-0.335177,0.034395,0.694007,1,a
6.910000,194,SS,1,8.661774e-01,-1.280169e+00,1.587909e+00,1.418962e+00,5.255112e-01,-8.914099e-01,planned,1.653714e-02,1.237961e+00,-1.918972e+00,-0.020595,0.103744,-0.133951,,,,0.242239,-0.559274,-0.353308,0.335319,-0.560556,-0.342562,1.621536e-01,1.115887e+00,-1.732058e+00,0.391121,-0.755995,-0.333953,0.388923,-0.760556,-0.335198,0.033652,0.682406,1,a
7.010000,195,SS,1,8.641704e-01,-1.237730e+00,1.430194e+00,1.431893e+00,5.095426e-01,-9.301955e-01,planned,2.407689e-02,1.293687e+00,-2.004490e+00,-0.020421,0.107319,-0.139132,,,,0.251162,-0.559255,-0.353578,0.344940,-0.560744,-0.342375,1.653229e-01,1.082324e+00,-1.672113e+00,0.401220,-0.755804,-0.333947,0.398993,-0.760761,-0.335220,0.032812,0.670214,1,a
7.110000,196,SS,1,8.585462e-01,-1.189275e+00,1.258465e+00,1.439499e+00,4.896639e-01,-9.674009e-01,planned,3.169621e-02,1.348145e+00,-2.087641e+00,-0.020271,0.111065,-0.144564,,,,0.260500,-0.559249,-0.353843,0.354562,-0.560933,-0.342187,1.678426e-01,1.044189e+00,-1.604781e+00,0.411787,-0.755618,-0.333946,0.409541,-0.760976,-0.335244,0.031894,0.657452,1,a
7.210000,197,SS,1,8.505534e-01,-1.141851e+00,1.085271e+00,1.441793e+00,4.660073e-01,-1.002917e+00,planned,3.936846e-02,1.401173e+00,-2.168158e+00,-0.020138,0.114975,-0.150234,,,,0.270237,-0.559256,-0.354101,0.364456,-0.561170,-0.342050,1.694213e-01,1.003474e+00,-1.532815e+00,0.422806,-0.755439,-0.333948,0.420549,-0.761201,-0.335268,0.030916,0.644141,1,a
7.310000,198,SS,1,8.403983e-01,-1.096509e+00,9.132201e-01,1.438806e+00,4.388618e-01,-1.036632e+00,planned,4.705494e-02,1.452635e+00,-2.245814e+00,-0.020019,0.119038,-0.156127,,,,0.280356,-0.559279,-0.354351,0.374652,-0.561461,-0.341969,1.698828e-01,9.600115e-01,-1.456346e+00,0.434254,-0.755268,-0.333955,0.431998,-0.761434,-0.335293,0.029892,0.630304,1,a
7.410000,199,SS,1,8.268034e-01,-1.046871e+00,7.319803e-01,1.430517e+00,4.084188e-01,-1.068364e+00,planned,5.472541e-02,1.502337e+00,-2.320313e+00,-0.019909,0.123243,-0.162227,,,,0.290839,-0.559318,-0.354591,0.384848,-0.561752,-0.341888,1.694897e-01,9.122315e-01,-1.373483e+00,0.446113,-0.755107,-0.333967,0.443865,-0.761676,-0.335319,0.028832,0.615967,1,a
7.510000,200,SS,1,8.098238e-01,-9.937787e-01,5.433424e-01,1.416951e+00,3.747761e-01,-1.098021e+00,planned,6.235584e-02,1.550097e+00,-2.391377e+00,-0.019802,0.127579,-0.168518,,,,0.301665,-0.559376,-0.354819,0.395044,-0.562043,-0.341806,1.683005e-01,8.611217e-01,-1.285483e+00,0.458358,-0.754958,-0.333982,0.456127,-0.761926,-0.335346,0.027749,0.601158,1,a
7.610000,201,SS,1,7.896140e-01,-9.380513e-01,3.491220e-01,1.398242e+00,3.380716e-01,-1.125510e+00,planned,6.991797e-02,1.595755e+00,-2.458767e+00,-0.019696,0.132035,-0.174984,,,,0.312813,-0.559453,-0.355034,0.405240,-0.562334,-0.341725,1.662375e-01,8.069892e-01,-1.192991e+00,0.470965,-0.754823,-0.334002,0.468761,-0.762183,-0.335374,0.026651,0.585907,1,a
7.710000,202,SS,1,7.663409e-01,-8.804252e-01,1.511117e-01,1.374555e+00,2.985133e-01,-1.150727e+00,planned,7.738233e-02,1.639165e+00,-2.522266e+00,-0.019585,0.136597,-0.181605,,,,0.324261,-0.559551,-0.355233,0.415436,-0.562626,-0.341644,1.632967e-01,7.501748e-01,-1.096607e+00,0.483908,-0.754702,-0.334026,0.481739,-0.762448,-0.335402,0.025545,0.570245,1,a
7.810000,203,SS,1,7.429147e-01,-8.216730e-01,-4.617166e-02,1.346105e+00,2.564318e-01,-1.173641e+00,planned,8.470143e-02,1.680204e+00,-2.581698e+00,-0.019466,0.141254,-0.188364,,,,0.335986,-0.559670,-0.355415,0.425821,-0.563006,-0.341668,1.590508e-01,6.913918e-01,-9.973704e-01,0.497161,-0.754598,-0.334053,0.495035,-0.762719,-0.335432,0.024438,0.554204,1,a
7.910000,204,SS,1,7.171160e-01,-7.619195e-01,-2.436461e-01,1.313116e+00,2.122796e-01,-1.194156e+00,planned,9.183515e-02,1.718752e+00,-2.636898e+00,-0.019335,0.145993,-0.195241,,,,0.347962,-0.559811,-0.355580,0.436231,-0.563398,-0.341706,1.537226e-01,6.303288e-01,-8.952654e-01,0.510695,-0.754511,-0.334085,0.508620,-0.762996,-0.335461,0.023337,0.537819,1,a
8.010000,205,SS,1,6.886569e-01,-7.017536e-01,-4.399644e-01,1.275696e+00,1.663745e-01,-1.212188e+00,planned,9.874917e-02,1.754701e+00,-2.687721e+00,-0.019191,0.150801,-0.202216,,,,0.360165,-0.559975,-0.355725,0.446641,-0.563790,-0.341743,1.475065e-01,5.675206e-01,-7.909475e-01,0.524481,-0.754442,-0.334120,0.522464,-0.763278,-0.335492,0.022246,0.521124,1,a
8.110000,206,SS,1,6.576756e-01,-6.417677e-01,-6.334724e-01,1.234040e+00,1.190728e-01,-1.227708e+00,planned,1.054097e-01,1.787954e+00,-2.734042e+00,-0.019029,0.155664,-0.209271,,,,0.372569,-0.560163,-0.355851,0.457051,-0.564182,-0.341780,1.403897e-01,5.032606e-01,-6.849570e-01,0.538490,-0.754393,-0.334160,0.536538,-0.763565,-0.335523,0.021171,0.504157,1,a
8.210000,207,SS,1,6.243453e-01,-5.824936e-01,-8.225388e-01,1.188398e+00,7.078855e-02,-1.240679e+00,planned,1.117813e-01,1.818428e+00,-2.775760e+00,-0.018847,0.160569,-0.216385,,,,0.385147,-0.560374,-0.355956,0.467460,-0.564574,-0.341818,1.323670e-01,4.379428e-01,-5.779096e-01,0.552691,-0.754364,-0.334203,0.550810,-0.763855,-0.335554,0.020117,0.486953,1,a
8.310000,208,SS,1,5.897979e-01,-5.207581e-01,-1.010297e+00,1.139038e+00,2.193053e-02,-1.251025e+00,planned,1.178229e-01,1.846049e+00,-2.812785e+00,-0.018645,0.165503,-0.223537,,,,0.397873,-0.560609,-0.356040,0.477826,-0.564992,-0.341890,1.232418e-01,3.714759e-01,-4.696714e-01,0.567053,-0.754356,-0.334249,0.565248,-0.764150,-0.335586,0.019090,0.469553,1,a
8.410000,209,SS,1,5.554927e-01,-4.519664e-01,-1.201326e+00,1.086270e+00,-2.708385e-02,-1.258340e+00,planned,1.234803e-01,1.870683e+00,-2.844969e+00,-0.018419,0.170451,-0.230707,,,,0.410719,-0.560868,-0.356102,0.488089,-0.565471,-0.342041,1.128448e-01,3.023176e-01,-3.588244e-01,0.581544,-0.754370,-0.334299,0.579819,-0.764447,-0.335618,0.018096,0.451994,1,a
8.510000,210,SS,1,5.192702e-01,-3.852963e-01,-1.382911e+00,1.030333e+00,-7.576476e-02,-1.262674e+00,planned,1.287203e-01,1.892262e+00,-2.872250e+00,-0.018169,0.175401,-0.237874,,,,0.423657,-0.561151,-0.356142,0.498353,-0.565951,-0.342193,1.016863e-01,2.332744e-01,-2.487428e-01,0.596131,-0.754406,-0.334353,0.594491,-0.764746,-0.335650,0.017145,0.434316,1,a
8.610000,211,SS,1,4.811885e-01,-3.212498e-01,-1.553666e+00,9.713947e-01,-1.236462e-01,-1.264169e+00,planned,1.335042e-01,1.910751e+00,-2.894618e+00,-0.017894,0.180338,-0.245017,,,,0.436660,-0.561457,-0.356160,0.508616,-0.566430,-0.342345,8.966709e-02,1.640237e-01,-1.394196e-01,0.610783,-0.754465,-0.334410,0.609230,-0.765046,-0.335682,0.016245,0.416559,1,a
8.710000,212,SS,1,4.413350e-01,-2.602286e-01,-1.712175e+00,9.096863e-01,-1.702186e-01,-1.262793e+00,planned,1.377976e-01,1.926089e+00,-2.912044e+00,-0.017594,0.185249,-0.252115,,,,0.449698,-0.561787,-0.356156,0.518879,-0.566909,-0.342497,7.700692e-02,9.401811e-02,-3.039586e-02,0.625466,-0.754547,-0.334470,0.624003,-0.765347,-0.335715,0.015397,0.398762,1,a
8.810000,213,SS,1,3.998139e-01,-2.027654e-01,-1.857286e+00,8.454586e-01,-2.150294e-01,-1.258874e+00,planned,1.415754e-01,1.938204e+00,-2.924489e+00,-0.017269,0.190121,-0.259149,,,,0.462744,-0.562138,-0.356131,0.529143,-0.567389,-0.342649,6.393167e-02,2.312592e-02,7.829047e-02,0.640148,-0.754653,-0.334532,0.638777,-0.765648,-0.335747,0.014597,0.380967,1,a
8.910000,214,SS,1,3.587995e-01,-1.325854e-01,-2.012375e+00,7.790038e-01,-2.580180e-01,-1.252791e+00,planned,1.448116e-01,1.946942e+00,-2.931818e+00,-0.016919,0.194939,-0.266097,,,,0.475767,-0.562511,-0.356085,0.539045,-0.567912,-0.342869,5.036203e-02,-5.145516e-02,1.901498e-01,0.654797,-0.754782,-0.334598,0.653517,-0.765949,-0.335780,0.013830,0.363212,1,a
9.010000,215,SS,1,3.173642e-01,-6.105676e-02,-2.161165e+00,7.107778e-01,-2.992636e-01,-1.244459e+00,planned,1.475040e-01,1.952230e+00,-2.933985e+00,-0.016544,0.199689,-0.272939,,,,0.488739,-0.562905,-0.356019,0.548801,-0.568454,-0.343115,3.681282e-02,-1.249991e-01,2.999129e-01,0.669379,-0.754934,-0.334666,0.668190,-0.766248,-0.335812,0.013076,0.345539,1,a
9.110000,216,SS,1,2.749550e-01,3.998084e-03,-2.292476e+00,6.411525e-01,-3.386485e-01,-1.234086e+00,planned,1.496372e-01,1.954198e+00,-2.931178e+00,-0.016144,0.204359,-0.279654,,,,0.501631,-0.563319,-0.355932,0.558558,-0.568996,-0.343362,2.266219e-02,-1.945293e-01,4.038765e-01,0.683861,-0.755109,-0.334738,0.682763,-0.766545,-0.335844,0.012328,0.327988,1,a
9.210000,217,SS,1,2.317935e-01,6.250902e-02,-2.404352e+00,5.705104e-01,-3.756889e-01,-1.220418e+00,planned,1.511722e-01,1.952925e+00,-2.923547e+00,-0.015721,0.208935,-0.286223,,,,0.514414,-0.563751,-0.355827,0.568314,-0.569538,-0.343609,7.770089e-03,-2.630804e-01,5.049823e-01,0.698212,-0.755308,-0.334811,0.697202,-0.766839,-0.335876,0.011596,0.310597,1,a
9.310000,218,SS,1,1.879049e-01,1.143951e-01,-2.495457e+00,4.990813e-01,-4.097595e-01,-1.202981e+00,planned,1.520864e-01,1.948412e+00,-2.911159e+00,-0.015275,0.213404,-0.292627,,,,0.527062,-0.564200,-0.355703,0.578070,-0.570079,-0.343855,-7.350549e-03,-3.306515e-01,6.033944e-01,0.712401,-0.755529,-0.334887,0.711476,-0.767130,-0.335907,0.010890,0.293406,1,a
9.410000,219,SS,1,1.436140e-01,1.636016e-01,-2.571580e+00,4.271105e-01,-4.403848e-01,-1.182202e+00,planned,1.523610e-01,1.940683e+00,-2.894095e+00,-0.014808,0.217756,-0.298849,,,,0.539548,-0.564665,-0.355562,0.587718,-0.570624,-0.344110,-2.282772e-02,-3.974106e-01,6.992960e-01,0.726397,-0.755772,-0.334964,0.725553,-0.767417,-0.335938,0.010223,0.276452,1,a
9.510000,220,SS,1,1.005847e-01,2.353909e-01,-2.670471e+00,3.549438e-01,-4.676265e-01,-1.157625e+00,planned,1.519848e-01,1.929522e+00,-2.872149e+00,-0.014322,0.221977,-0.304869,,,,0.551845,-0.565143,-0.355405,0.596605,-0.571193,-0.344417,-3.811931e-02,-4.702730e-01,8.011174e-01,0.740169,-0.756038,-0.335043,0.739400,-0.767699,-0.335969,0.009609,0.259773,1,a
9.610000,221,SS,1,5.732776e-02,2.978490e-01,-2.745105e+00,2.830535e-01,-4.916809e-01,-1.129607e+00,planned,1.509832e-01,1.914997e+00,-2.845452e+00,-0.013818,0.226056,-0.310669,,,,0.563927,-0.565635,-0.355233,0.605493,-0.571762,-0.344724,-5.313370e-02,-5.376908e-01,8.953290e-01,0.753687,-0.756325,-0.335123,0.752989,-0.767976,-0.335998,0.009053,0.243407,1,a
9.710000,222,SS,1,1.409221e-02,3.506568e-01,-2.794925e+00,2.117791e-01,-5.121644e-01,-1.098545e+00,planned,1.493422e-01,1.897240e+00,-2.814238e+00,-0.013298,0.229981,-0.316234,,,,0.575766,-0.566137,-0.355048,0.614381,-0.572331,-0.345031,-6.822128e-02,-6.025270e-01,9.843040e-01,0.766923,-0.756633,-0.335204,0.766288,-0.768247,-0.336028,0.008570,0.227388,1,a
9.810000,223,SS,1,-2.902348e-02,3.936317e-01,-2.819111e+00,1.414014e-01,-5.287101e-01,-1.064173e+00,planned,1.470695e-01,1.876342e+00,-2.778691e+00,-0.012763,0.233742,-0.321546,,,,0.587339,-0.566650,-0.354851,0.623268,-0.572899,-0.345338,-8.282516e-02,-6.643031e-01,1.068014e+00,0.779849,-0.756960,-0.335286,0.779271,-0.768512,-0.336056,0.008172,0.211751,1,a
9.910000,224,SS,1,-7.181859e-02,4.265069e-01,-2.817330e+00,7.226191e-02,-5.409774e-01,-1.026867e+00,planned,1.441791e-01,1.852411e+00,-2.739007e+00,-0.012215,0.237328,-0.326591,,,,0.598622,-0.567170,-0.354644,0.632156,-0.573468,-0.345646,-9.695228e-02,-7.229500e-01,1.146264e+00,0.792438,-0.757308,-0.335369,0.791909,-0.768769,-0.336084,0.007871,0.196528,1,a
10.010000,225,SS,1,-1.136416e-01,4.722969e-01,-2.826213e+00,4.722408e-03,-5.490804e-01,-9.866724e-01,planned,1.406952e-01,1.825372e+00,-2.695150e+00,-0.011657,0.240730,-0.331355,,,,0.609593,-0.567696,-0.354429,0.640381,-0.574028,-0.345960,-1.101200e-01,-7.840319e-01,1.226265e+00,0.804667,-0.757673,-0.335451,0.804176,-0.769019,-0.336111,0.007686,0.181751,1,a
10.110000,226,SS,1,-1.541512e-01,5.261200e-01,-2.839487e+00,-6.067293e-02,-5.536614e-01,-9.435864e-01,planned,1.366692e-01,1.795207e+00,-2.647130e+00,-0.011088,0.243937,-0.335823,,,,0.620229,-0.568227,-0.354206,0.648036,-0.574579,-0.346281,-1.222235e-01,-8.441889e-01,1.304324e+00,0.816509,-0.758057,-0.335533,0.816048,-0.769261,-0.336137,0.007633,0.167450,1,a
10.210000,227,SS,1,-1.932388e-01,5.666618e-01,-2.824561e+00,-1.233851e-01,-5.548883e-01,-8.980594e-01,planned,1.321368e-01,1.762107e+00,-2.595236e+00,-0.010511,0.246942,-0.339983,,,,0.630508,-0.568762,-0.353978,0.655692,-0.575130,-0.346602,-1.336477e-01,-8.982325e-01,1.373486e+00,0.827942,-0.758456,-0.335615,0.827502,-0.769495,-0.336162,0.007717,0.153655,1,a
10.310000,228,SS,1,-2.306656e-01,5.939042e-01,-2.781423e+00,-1.831036e-01,-5.524874e-01,-8.503785e-01,planned,1.271229e-01,1.726271e+00,-2.539783e+00,-0.009927,0.249735,-0.343822,,,,0.640411,-0.569299,-0.353746,0.663347,-0.575681,-0.346922,-1.442295e-01,-9.473888e-01,1.435082e+00,0.838945,-0.758872,-0.335696,0.838516,-0.769719,-0.336186,0.007943,0.140390,1,a
10.410000,229,SS,1,-2.662369e-01,6.078649e-01,-2.710201e+00,-2.395406e-01,-5.462146e-01,-8.008242e-01,planned,1.216639e-01,1.687892e+00,-2.481070e+00,-0.009336,0.252311,-0.347331,,,,0.649920,-0.569836,-0.353511,0.671002,-0.576232,-0.347243,-1.538107e-01,-9.914512e-01,1.489036e+00,0.849499,-0.759302,-0.335775,0.849070,-0.769934,-0.336210,0.008303,0.127679,1,a
10.510000,230,SS,1,-2.997125e-01,6.085670e-01,-2.611297e+00,-2.923897e-01,-5.358536e-01,-7.499446e-01,planned,1.157969e-01,1.647166e+00,-2.419402e+00,-0.008740,0.254662,-0.350502,,,,0.659019,-0.570372,-0.353276,0.678658,-0.576783,-0.347564,-1.623941e-01,-1.030375e+00,1.535269e+00,0.859587,-0.759745,-0.335853,0.859146,-0.770140,-0.336232,0.008785,0.115546,1,a
10.610000,231,SS,1,-3.316398e-01,6.445234e-01,-2.565858e+00,-3.413853e-01,-5.221446e-01,-6.976640e-01,planned,1.095851e-01,1.603918e+00,-2.354578e+00,-0.008140,0.256783,-0.353325,,,,0.667694,-0.570906,-0.353042,0.684796,-0.577268,-0.347843,-1.690190e-01,-1.075864e+00,1.589339e+00,0.869192,-0.760200,-0.335928,0.868729,-0.770335,-0.336253,0.009372,0.104011,1,a
10.710000,232,SS,1,-3.606739e-01,6.669811e-01,-2.495953e+00,-3.858422e-01,-5.060716e-01,-6.442095e-01,planned,1.031152e-01,1.558381e+00,-2.286903e+00,-0.007535,0.258669,-0.355795,,,,0.675929,-0.571437,-0.352810,0.690853,-0.577749,-0.348120,-1.744830e-01,-1.111971e+00,1.631303e+00,0.878300,-0.760666,-0.336001,0.877803,-0.770520,-0.336273,0.010051,0.093092,1,a
10.810000,233,SS,1,-3.864258e-01,6.735483e-01,-2.398270e+00,-4.254844e-01,-4.874511e-01,-5.906203e-01,planned,9.641600e-02,1.510879e+00,-2.216845e+00,-0.006926,0.260315,-0.357904,,,,0.683711,-0.571963,-0.352582,0.696911,-0.578230,-0.348397,-1.791045e-01,-1.141090e+00,1.663012e+00,0.886898,-0.761141,-0.336071,0.886358,-0.770694,-0.336291,0.010793,0.082804,1,a
10.910000,234,SS,1,-4.088041e-01,6.647401e-01,-2.273326e+00,-4.601733e-01,-4.660689e-01,-5.368185e-01,planned,8.953210e-02,1.461703e+00,-2.144827e+00,-0.006313,0.261719,-0.359650,,,,0.691033,-0.572485,-0.352358,0.702969,-0.578711,-0.348674,-1.825469e-01,-1.163102e+00,1.684710e+00,0.894977,-0.761624,-0.336138,0.894384,-0.770858,-0.336309,0.011583,0.073161,1,a
11.010000,235,SS,1,-4.276880e-01,6.410484e-01,-2.122260e+00,-4.897889e-01,-4.417328e-01,-4.834474e-01,planned,8.250821e-02,1.411152e+00,-2.071278e+00,-0.005696,0.262879,-0.361030,,,,0.697886,-0.573000,-0.352141,0.709027,-0.579192,-0.348950,-1.849098e-01,-1.178017e+00,1.696309e+00,0.902530,-0.762114,-0.336202,0.901873,-0.771010,-0.336326,0.012403,0.064173,1,a
11.110000,236,SS,1,-4.439264e-01,6.239944e-01,-1.982756e+00,-5.142352e-01,-4.147029e-01,-4.307960e-01,planned,7.539782e-02,1.359363e+00,-1.996405e+00,-0.005076,0.263795,-0.362045,,,,0.704266,-0.573507,-0.351932,0.714373,-0.579626,-0.349188,-1.858054e-01,-1.190977e+00,1.704751e+00,0.909553,-0.762609,-0.336262,0.908822,-0.771152,-0.336341,0.013231,0.055848,1,a
11.210000,237,SS,1,-4.580068e-01,6.287580e-01,-1.882845e+00,-5.332782e-01,-3.860353e-01,-3.787327e-01,planned,6.828255e-02,1.306368e+00,-1.920246e+00,-0.004452,0.264466,-0.362696,,,,0.710169,-0.574007,-0.351731,0.718467,-0.579979,-0.349356,-1.849006e-01,-1.203899e+00,1.713162e+00,0.916042,-0.763107,-0.336317,0.915228,-0.771283,-0.336355,0.014054,0.048191,1,a
11.310000,238,SS,1,-4.678076e-01,6.170396e-01,-1.758301e+00,-5.465509e-01,-3.563659e-01,-3.278197e-01,planned,6.123470e-02,1.252546e+00,-1.843313e+00,-0.003823,0.264894,-0.362983,,,,0.715593,-0.574498,-0.351540,0.722560,-0.580331,-0.349523,-1.829383e-01,-1.205662e+00,1.706804e+00,0.921996,-0.763608,-0.336368,0.921092,-0.771402,-0.336368,0.014864,0.041208,1,a
11.410000,239,SS,1,-4.732132e-01,5.897843e-01,-1.610914e+00,-5.540451e-01,-3.255461e-01,-2.787898e-01,planned,5.428818e-02,1.198328e+00,-1.766211e+00,-0.003190,0.265080,-0.362913,,,,0.720538,-0.574979,-0.351359,0.726654,-0.580684,-0.349691,-1.801047e-01,-1.198412e+00,1.687676e+00,0.927417,-0.764109,-0.336415,0.926419,-0.771511,-0.336379,0.015640,0.034899,1,a
11.510000,240,SS,1,-4.742565e-01,5.482013e-01,-1.442141e+00,-5.558140e-01,-2.933639e-01,-2.315412e-01,planned,4.748500e-02,1.144110e+00,-1.689502e+00,-0.002552,0.265030,-0.362491,,,,0.725010,-0.575450,-0.351189,0.730747,-0.581036,-0.349859,-1.762349e-01,-1.182228e+00,1.656023e+00,0.932312,-0.764609,-0.336457,0.931213,-0.771608,-0.336390,0.016366,0.029261,1,a
11.610000,241,SS,1,-4.709973e-01,4.934334e-01,-1.254038e+00,-5.519772e-01,-2.597006e-01,-1.866033e-01,planned,4.086644e-02,1.090290e+00,-1.613754e+00,-0.001909,0.264748,-0.361728,,,,0.729016,-0.575911,-0.351030,0.734840,-0.581389,-0.350027,-1.713852e-01,-1.157218e+00,1.611903e+00,0.936689,-0.765106,-0.336493,0.935487,-0.771695,-0.336399,0.017029,0.024293,1,a
11.710000,242,SS,1,-4.670970e-01,4.764075e-01,-1.138833e+00,-5.426854e-01,-2.255034e-01,-1.436932e-01,planned,3.450144e-02,1.036866e+00,-1.538963e+00,-0.001262,0.264242,-0.360634,,,,0.732567,-0.576359,-0.350885,0.737125,-0.581594,-0.350055,-1.645561e-01,-1.135989e+00,1.572498e+00,0.940561,-0.765599,-0.336525,0.939251,-0.771772,-0.336408,0.017606,0.019991,1,a
11.810000,243,SS,1,-4.596765e-01,4.601838e-01,-1.032648e+00,-5.276832e-01,-1.920108e-01,-1.027798e-01,planned,2.848927e-02,9.841628e-01,-1.465552e+00,-0.000610,0.263519,-0.359220,,,,0.735673,-0.576796,-0.350751,0.738885,-0.581756,-0.350044,-1.562744e-01,-1.104960e+00,1.520608e+00,0.943940,-0.766087,-0.336551,0.942524,-0.771839,-0.336415,0.018105,0.016348,1,a
11.910000,244,SS,1,-4.474524e-01,4.309518e-01,-9.115678e-01,-5.069364e-01,-1.594751e-01,-6.484740e-02,planned,2.287695e-02,9.327064e-01,-1.394249e+00,0.000048,0.262587,-0.357501,,,,0.738348,-0.577220,-0.350631,0.740645,-0.581918,-0.350032,-1.471660e-01,-1.062610e+00,1.452836e+00,0.946843,-0.766566,-0.336573,0.945324,-0.771896,-0.336421,0.018505,0.013355,1,a
12.010000,245,SS,1,-4.304718e-01,3.905772e-01,-7.779859e-01,-4.805918e-01,-1.277358e-01,-2.974969e-02,planned,1.770569e-02,8.829931e-01,-1.325764e+00,0.000711,0.261458,-0.355494,,,,0.740612,-0.577631,-0.350523,0.742404,-0.582080,-0.350021,-1.370399e-01,-1.009881e+00,1.370267e+00,0.949291,-0.767037,-0.336589,0.947675,-0.771944,-0.336426,0.018795,0.010991,1,a
12.110000,246,SS,1,-4.088739e-01,3.408648e-01,-6.348603e-01,-4.489026e-01,-9.675662e-02,2.179527e-03,planned,1.302277e-02,8.355100e-01,-1.260795e+00,0.001378,0.260143,-0.353219,,,,0.742485,-0.578029,-0.350429,0.744164,-0.582242,-0.350009,-1.258377e-01,-9.469553e-01,1.273144e+00,0.951309,-0.767496,-0.336599,0.949605,-0.771983,-0.336430,0.018967,0.009213,1,a
12.210000,247,SS,1,-3.815166e-01,2.910506e-01,-4.951554e-01,-4.121252e-01,-6.675958e-02,3.057822e-02,planned,8.867583e-03,7.906834e-01,-1.199973e+00,0.002050,0.258658,-0.350698,,,,0.743996,-0.578412,-0.350347,0.745594,-0.582373,-0.350000,-1.137125e-01,-8.757456e-01,1.163607e+00,0.952927,-0.767943,-0.336605,0.951143,-0.772014,-0.336434,0.019012,0.007946,1,a
12.310000,248,SS,1,-3.443279e-01,2.673583e-01,-3.944456e-01,-3.705284e-01,-3.870645e-02,5.554204e-02,planned,5.261186e-03,7.487585e-01,-1.143720e+00,0.002725,0.257018,-0.347957,,,,0.745173,-0.578781,-0.350278,0.745594,-0.582373,-0.350000,-1.010687e-01,-8.013534e-01,1.047625e+00,0.954177,-0.768376,-0.336607,0.952325,-0.772039,-0.336436,0.018921,0.007080,1,a
12.410000,249,SS,1,-3.027493e-01,2.382845e-01,-2.930980e-01,-3.241363e-01,-1.281248e-02,7.656392e-02,planned,2.281750e-03,7.102733e-01,-1.092772e+00,0.003401,0.255240,-0.345023,,,,0.746048,-0.579135,-0.350221,0.745594,-0.582373,-0.350000,-8.691544e-02,-7.145862e-01,9.151227e-01,0.955096,-0.768793,-0.336604,0.953190,-0.772056,-0.336438,0.018704,0.006480,1,a
12.510000,250,SS,1,-2.567845e-01,2.059029e-01,-1.948832e-01,-2.731785e-01,1.065001e-02,9.326646e-02,planned,-5.057748e-06,6.757675e-01,-1.047885e+00,0.004078,0.253343,-0.341926,,,,0.746657,-0.579474,-0.350177,0.745594,-0.582373,-0.350000,-7.131134e-02,-6.174662e-01,7.678602e-01,0.955723,-0.769193,-0.336597,0.953780,-0.772068,-0.336440,0.018354,0.006026,1,a
12.610000,251,SS,1,-2.064366e-01,1.724397e-01,-1.037743e-01,-2.178596e-01,3.144228e-02,1.053298e-01,planned,-1.530250e-03,6.457685e-01,-1.009810e+00,0.004754,0.251348,-0.338698,,,,0.747041,-0.579797,-0.350144,0.745594,-0.582373,-0.350000,-5.417438e-02,-5.099684e-01,6.058335e-01,0.956106,-0.769573,-0.336588,0.954143,-0.772076,-0.336440,0.017873,0.005629,1,a
12.710000,252,SS,1,-1.516649e-01,1.401094e-01,-2.403640e-02,-1.583585e-01,4.919114e-02,1.123170e-01,planned,-2.219671e-03,6.207967e-01,-9.792901e-01,0.005427,0.249278,-0.335375,,,,0.747245,-0.580104,-0.350122,0.745594,-0.582373,-0.350000,-3.541861e-02,-3.925689e-01,4.295198e-01,0.956292,-0.769932,-0.336576,0.954330,-0.772079,-0.336441,0.017269,0.005241,1,a
12.810000,253,SS,1,-9.237998e-02,1.111381e-01,3.980211e-02,-9.482830e-02,6.341143e-02,1.136950e-01,planned,-1.980272e-03,6.013054e-01,-9.569986e-01,0.006096,0.247156,-0.331996,,,,0.747316,-0.580394,-0.350109,0.745594,-0.582373,-0.350000,-1.438859e-02,-2.671247e-01,2.409809e-01,0.956335,-0.770270,-0.336562,0.954398,-0.772081,-0.336441,0.016575,0.004847,1,a
12.910000,254,SS,1,-2.845465e-02,8.731590e-02,8.237175e-02,-2.747554e-02,7.315870e-02,1.079421e-01,planned,-6.994589e-04,5.878166e-01,-9.436455e-01,0.006759,0.245009,-0.328602,,,,0.747306,-0.580668,-0.350105,0.745594,-0.582373,-0.350000,8.402546e-03,-1.297383e-01,4.118176e-02,0.956296,-0.770582,-0.336547,0.954406,-0.772081,-0.336441,0.015836,0.004454,1,a
13.020000,255,DS_interstep,1,2.582880e-01,9.071470e-02,5.514346e-01,-2.439069e-02,3.817646e-02,3.521429e-02,realized,-1.967385e-03,5.872623e-01,-9.462383e-01,0.006858,0.244785,-0.328248,-8.603205e-04,1.524701e-04,8.194286e-04,0.747298,-0.580715,-0.350113,0.747298,-0.580715,-0.350113,-2.534756e-01,-1.050109e-01,-5.279420e-01,0.956290,-0.770614,-0.336545,0.956290,-0.770614,-0.336545,0.016532,0.004179,0,a
13.030000,256,DS_interstep,1,1.556403e+00,1.862364e+00,-4.548306e-01,1.450669e-01,-1.486061e-02,-3.531110e-01,realized,-7.903511e-03,5.773950e-01,-9.430372e-01,0.007023,0.244545,-0.327867,,,,0.747284,-0.580796,-0.350133,0.747284,-0.580796,-0.350133,-1.187186e+00,-1.967663e+00,6.308076e-01,0.956283,-0.770651,-0.336543,0.956290,-0.770614,-0.336545,0.020334,0.003337,0,a
13.040000,257,DS_interstep,1,-3.756018e-01,6.019505e-01,-1.590550e+00,-3.267281e-02,1.781633e-01,-1.556718e-01,realized,-4.834405e-03,5.740094e-01,-9.344265e-01,0.007224,0.244297,-0.327472,,,,0.747269,-0.580892,-0.350159,0.747269,-0.580892,-0.350159,6.137993e-01,-6.713687e-01,1.712765e+00,0.956275,-0.770691,-0.336543,0.956290,-0.770614,-0.336545,0.027790,0.002518,0,a
13.050000,258,DS_interstep,1,-1.788014e+00,2.525981e-01,-2.922800e+00,-2.066087e-01,5.346075e-01,-1.613283e-02,realized,4.721982e-03,5.725258e-01,-9.194421e-01,0.007441,0.244047,-0.327072,,,,0.747256,-0.580993,-0.350184,0.747256,-0.580993,-0.350184,1.911288e+00,-2.909844e-01,2.987599e+00,0.956268,-0.770737,-0.336546,0.956290,-0.770614,-0.336545,0.036239,0.001832,0,a
13.060000,259,DS_interstep,1,-2.383699e+00,7.835868e-02,-3.191042e+00,-2.935698e-01,7.441932e-01,1.639113e-01,realized,1.687846e-02,5.720245e-01,-9.032807e-01,0.007658,0.243798,-0.326674,,,,0.747243,-0.581092,-0.350206,0.747243,-0.581092,-0.350206,2.431398e+00,-9.453725e-02,3.223180e+00,0.956260,-0.770788,-0.336551,0.956290,-0.770614,-0.336545,0.043488,0.001300,0,a
13.070000,260,DS_interstep,1,-2.422772e+00,2.023164e-01,-3.273257e+00,-3.118432e-01,8.262789e-01,1.951582e-01,realized,2.900847e-02,5.709617e-01,-8.867946e-01,0.007869,0.243553,-0.326280,,,,0.747232,-0.581186,-0.350222,0.747232,-0.581186,-0.350222,2.426215e+00,-2.068323e-01,3.288259e+00,0.956252,-0.770845,-0.336558,0.956290,-0.770614,-0.336545,0.048718,0.000905,0,a
13.080000,261,DS_interstep,1,-2.155181e+00,2.861361e-01,-3.026401e+00,-2.844841e-01,7.726313e-01,1.573004e-01,realized,3.968132e-02,5.695047e-01,-8.715694e-01,0.008070,0.243312,-0.325890,,,,0.747221,-0.581274,-0.350233,0.747221,-0.581274,-0.350233,2.134895e+00,-2.856941e-01,3.036233e+00,0.956244,-0.770906,-0.336567,0.956290,-0.770614,-0.336545,0.052069,0.000620,0,a
13.090000,262,DS_interstep,1,-1.759566e+00,3.724262e-01,-2.734409e+00,-2.368249e-01,6.503166e-01,5.298331e-02,realized,4.832254e-02,5.676164e-01,-8.578000e-01,0.008260,0.243075,-0.325503,,,,0.747210,-0.581357,-0.350239,0.747210,-0.581357,-0.350239,1.728665e+00,-3.719624e-01,2.745220e+00,0.956235,-0.770970,-0.336577,0.956290,-0.770614,-0.336545,0.054207,0.000419,0,a
13.100000,263,DS_interstep,1,-1.341386e+00,3.897797e-01,-2.360023e+00,-1.831812e-01,4.929447e-01,-6.039908e-02,realized,5.485819e-02,5.656298e-01,-8.458818e-01,0.008439,0.242841,-0.325119,,,,0.747198,-0.581436,-0.350242,0.747198,-0.581436,-0.350242,1.307627e+00,-3.916594e-01,2.375124e+00,0.956224,-0.771037,-0.336587,0.956290,-0.770614,-0.336545,0.056058,0.000279,0,a
13.110000,264,DS_interstep,1,-1.000292e+00,3.264020e-01,-1.993435e+00,-1.336855e-01,3.389819e-01,-1.655536e-01,realized,5.971893e-02,5.639417e-01,-8.357651e-01,0.008609,0.242608,-0.324735,,,,0.747184,-0.581511,-0.350241,0.747184,-0.581511,-0.350241,9.727084e-01,-3.319711e-01,2.014928e+00,0.956212,-0.771106,-0.336597,0.956290,-0.770614,-0.336545,0.058522,0.000183,0,a
13.120000,265,DS_interstep,1,-7.508805e-01,2.305324e-01,-1.677589e+00,-9.551908e-02,2.114499e-01,-2.478107e-01,realized,6.337584e-02,5.627155e-01,-8.271996e-01,0.008772,0.242377,-0.324352,,,,0.747169,-0.581584,-0.350239,0.747169,-0.581584,-0.350239,7.319842e-01,-2.396007e-01,1.704795e+00,0.956198,-0.771176,-0.336607,0.956290,-0.770614,-0.336545,0.062167,0.000117,0,a
13.130000,266,DS_interstep,1,-5.120043e-01,1.908514e-01,-1.388231e+00,-6.610701e-02,1.092062e-01,-3.014099e-01,realized,6.584555e-02,5.616787e-01,-8.200719e-01,0.008927,0.242147,-0.323968,,,,0.747151,-0.581655,-0.350234,0.747151,-0.581655,-0.350234,4.945748e-01,-2.017381e-01,1.417297e+00,0.956182,-0.771248,-0.336616,0.956290,-0.770614,-0.336545,0.067174,0.000073,0,a
13.140000,267,DS_interstep,1,-2.714871e-01,1.717307e-01,-1.072967e+00,-4.397211e-02,1.491399e-02,-3.271464e-01,realized,6.709667e-02,5.607346e-01,-8.145247e-01,0.009075,0.241918,-0.323584,,,,0.747132,-0.581724,-0.350229,0.747132,-0.581724,-0.350229,2.508754e-01,-1.832131e-01,1.101273e+00,0.956165,-0.771320,-0.336625,0.956290,-0.770614,-0.336545,0.073441,0.000043,0,a
13.150000,268,DS_interstep,1,-3.526772e-02,1.442320e-01,-7.170359e-01,-2.366091e-02,-7.381939e-02,-3.300481e-01,realized,6.715280e-02,5.599265e-01,-8.107642e-01,0.009214,0.241690,-0.323200,,,,0.747111,-0.581789,-0.350222,0.747111,-0.581789,-0.350222,1.188341e-02,-1.560061e-01,7.439795e-01,0.956146,-0.771392,-0.336632,0.956290,-0.770614,-0.336545,0.080681,0.000024,0,a
13.160000,269,DS_interstep,1,1.614117e-01,1.009951e-01,-3.785182e-01,-5.758112e-03,-1.487803e-01,-3.201484e-01,realized,6.622813e-02,5.593322e-01,-8.087010e-01,0.009345,0.241462,-0.322817,,,,0.747087,-0.581853,-0.350214,0.747087,-0.581853,-0.350214,-1.842808e-01,-1.132613e-01,4.045243e-01,0.956124,-0.771463,-0.336638,0.956290,-0.770614,-0.336545,0.088533,0.000013,0,a
13.170000,270,DS_interstep,1,3.050921e-01,4.578078e-02,-8.661482e-02,8.756705e-03,-2.053305e-01,-3.015061e-01,realized,6.459886e-02,5.590115e-01,-8.081007e-01,0.009470,0.241235,-0.322435,,,,0.747063,-0.581913,-0.350206,0.747063,-0.581913,-0.350206,-3.252107e-01,-5.854917e-02,1.119787e-01,0.956101,-0.771533,-0.336643,0.956290,-0.770614,-0.336545,0.096638,0.000007,0,a
13.180000,271,DS_interstep,1,3.984566e-01,-1.182259e-02,1.476529e-01,1.948325e-02,-2.428060e-01,-2.769115e-01,realized,6.252126e-02,5.589770e-01,-8.086746e-01,0.009590,0.241009,-0.322053,,,,0.747037,-0.581971,-0.350197,0.747037,-0.581971,-0.350197,-4.148942e-01,-1.313546e-03,-1.228594e-01,0.956077,-0.771601,-0.336647,0.956290,-0.770614,-0.336545,0.104701,0.000007,0,a
13.190000,272,DS_interstep,1,4.486823e-01,-6.470298e-02,3.219512e-01,2.649818e-02,-2.629617e-01,-2.491229e-01,realized,6.021243e-02,5.592057e-01,-8.101223e-01,0.009704,0.240783,-0.321672,,,,0.747010,-0.582027,-0.350189,0.747010,-0.582027,-0.350189,-4.611582e-01,5.132843e-02,-2.976397e-01,0.956051,-0.771668,-0.336649,0.956290,-0.770614,-0.336545,0.112502,0.000008,0,a
13.200000,273,DS_interstep,1,4.635908e-01,-1.084886e-01,4.377192e-01,3.016000e-02,-2.684865e-01,-2.208944e-01,realized,5.784878e-02,5.596524e-01,-8.121504e-01,0.009815,0.240558,-0.321292,,,,0.746982,-0.582080,-0.350180,0.746982,-0.582080,-0.350180,-4.721455e-01,9.494860e-02,-4.137233e-01,0.956023,-0.771732,-0.336650,0.956290,-0.770614,-0.336545,0.119901,0.000008,0,a
13.210000,274,DS_interstep,1,4.523749e-01,-1.402272e-01,5.000778e-01,3.120952e-02,-2.626631e-01,-1.947737e-01,realized,5.555912e-02,5.602573e-01,-8.144909e-01,0.009922,0.240333,-0.320913,,,,0.746953,-0.582132,-0.350171,0.746953,-0.582132,-0.350171,-4.573701e-01,1.265734e-01,-4.762449e-01,0.955994,-0.771794,-0.336650,0.956290,-0.770614,-0.336545,0.126819,0.000008,0,a
13.220000,275,DS_interstep,1,4.269877e-01,-1.624097e-01,5.294905e-01,3.076247e-02,-2.499998e-01,-1.700616e-01,realized,5.341058e-02,5.609730e-01,-8.169793e-01,0.010028,0.240108,-0.320535,,,,0.746924,-0.582181,-0.350162,0.746924,-0.582181,-0.350162,-4.291676e-01,1.487546e-01,-5.058343e-01,0.955965,-0.771855,-0.336649,0.956290,-0.770614,-0.336545,0.133230,0.000007,0,a
13.230000,276,DS_interstep,1,3.980115e-01,-1.760522e-01,5.427023e-01,2.975039e-02,-2.341883e-01,-1.461490e-01,realized,5.141668e-02,5.617576e-01,-8.195352e-01,0.010131,0.239884,-0.320157,,,,0.746895,-0.582229,-0.350154,0.746895,-0.582229,-0.350154,-3.982579e-01,1.625227e-01,-5.193741e-01,0.955934,-0.771914,-0.336647,0.956290,-0.770614,-0.336545,0.139137,0.000007,0,a
13.240000,277,DS_interstep,1,3.730299e-01,-1.826494e-01,5.515116e-01,2.898105e-02,-2.182853e-01,-1.230901e-01,realized,4.955308e-02,5.625763e-01,-8.221377e-01,0.010233,0.239660,-0.319781,,,,0.746866,-0.582276,-0.350145,0.746866,-0.582276,-0.350145,-3.722196e-01,1.693678e-01,-5.287071e-01,0.955903,-0.771971,-0.336644,0.956290,-0.770614,-0.336545,0.144565,0.000006,0,a
13.250000,278,DS_interstep,1,3.559158e-01,-1.843219e-01,5.625157e-01,2.902830e-02,-2.043908e-01,-1.013547e-01,realized,4.777692e-02,5.634050e-01,-8.247985e-01,0.010332,0.239437,-0.319406,,,,0.746836,-0.582320,-0.350136,0.746836,-0.582320,-0.350136,-3.547477e-01,1.713757e-01,-5.403921e-01,0.955871,-0.772026,-0.336640,0.956290,-0.770614,-0.336545,0.149544,0.000005,0,a
13.260000,279,DS_interstep,1,3.475469e-01,-1.827054e-01,5.780063e-01,3.011353e-02,-1.933888e-01,-8.129667e-02,realized,4.604221e-02,5.642275e-01,-8.275404e-01,0.010430,0.239214,-0.319032,,,,0.746807,-0.582363,-0.350127,0.746807,-0.582363,-0.350127,-3.464758e-01,1.701272e-01,-5.566511e-01,0.955839,-0.772079,-0.336636,0.956290,-0.770614,-0.336545,0.154111,0.000004,0,a
13.270000,280,DS_interstep,1,3.475549e-01,-1.787867e-01,5.984086e-01,3.226861e-02,-1.854107e-01,-6.305715e-02,realized,4.430555e-02,5.650321e-01,-8.303883e-01,0.010526,0.238993,-0.318660,,,,0.746778,-0.582404,-0.350118,0.746778,-0.582404,-0.350118,-3.468845e-01,1.665698e-01,-5.778582e-01,0.955806,-0.772131,-0.336631,0.956290,-0.770614,-0.336545,0.158296,0.000003,0,a
13.280000,281,DS_interstep,1,3.547283e-01,-1.728616e-01,6.223898e-01,3.538419e-02,-1.800558e-01,-4.677291e-02,realized,4.253018e-02,5.658086e-01,-8.333598e-01,0.010621,0.238772,-0.318290,,,,0.746749,-0.582443,-0.350109,0.746749,-0.582443,-0.350109,-3.546429e-01,1.609630e-01,-6.026250e-01,0.955773,-0.772181,-0.336625,0.956290,-0.770614,-0.336545,0.162130,0.000003,0,a
13.290000,282,DS_interstep,1,3.670894e-01,-1.650423e-01,6.475192e-01,3.923290e-02,-1.765803e-01,-3.256358e-02,realized,4.068982e-02,5.665472e-01,-8.364603e-01,0.010713,0.238551,-0.317921,,,,0.746720,-0.582480,-0.350099,0.746720,-0.582480,-0.350099,-3.676592e-01,1.533830e-01,-6.284524e-01,0.955739,-0.772229,-0.336618,0.956290,-0.770614,-0.336545,0.165638,0.000002,0,a
13.300000,283,DS_interstep,1,3.819897e-01,-1.553884e-01,6.704709e-01,4.347880e-02,-1.739983e-01,-2.055993e-02,realized,3.877200e-02,5.672381e-01,-8.396781e-01,0.010803,0.238332,-0.317555,,,,0.746692,-0.582515,-0.350090,0.746692,-0.582515,-0.350090,-3.831713e-01,1.438547e-01,-6.519390e-01,0.955705,-0.772276,-0.336612,0.956290,-0.770614,-0.336545,0.168842,0.000002,0,a
13.310000,284,DS_interstep,1,3.964481e-01,-1.441507e-01,6.878733e-01,4.771600e-02,-1.712571e-01,-1.080937e-02,realized,3.677961e-02,5.678728e-01,-8.429842e-01,0.010890,0.238113,-0.317190,,,,0.746664,-0.582548,-0.350080,0.746664,-0.582548,-0.350080,-3.981026e-01,1.326059e-01,-6.696492e-01,0.955671,-0.772320,-0.336604,0.956290,-0.770614,-0.336545,0.171759,0.000002,0,a
13.320000,285,DS_interstep,1,4.077421e-01,-1.317475e-01,6.971255e-01,5.153434e-02,-1.674335e-01,-3.212649e-03,realized,3.472945e-02,5.684446e-01,-8.463367e-01,0.010976,0.237895,-0.316827,,,,0.746637,-0.582579,-0.350071,0.746637,-0.582579,-0.350071,-4.096781e-01,1.200528e-01,-6.789542e-01,0.955636,-0.772363,-0.336597,0.956290,-0.770614,-0.336545,0.174409,0.000001,0,a
13.330000,286,DS_interstep,1,4.140406e-01,-1.186868e-01,6.971638e-01,5.460067e-02,-1.619292e-01,2.519472e-03,realized,3.264742e-02,5.689498e-01,-8.496884e-01,0.011059,0.237678,-0.316465,,,,0.746610,-0.582609,-0.350061,0.746610,-0.582609,-0.350061,-4.160727e-01,1.067270e-01,-6.788113e-01,0.955601,-0.772404,-0.336588,0.956290,-0.770614,-0.336545,0.176807,0.000001,0,a
13.340000,287,DS_interstep,1,4.148100e-01,-1.054308e-01,6.887736e-01,5.672236e-02,-1.545773e-01,6.852475e-03,realized,3.056181e-02,5.693870e-01,-8.529962e-01,0.011141,0.237461,-0.316106,,,,0.746584,-0.582636,-0.350052,0.746584,-0.582636,-0.350052,-4.168113e-01,9.313344e-02,-6.700720e-01,0.955566,-0.772444,-0.336580,0.956290,-0.770614,-0.336545,0.178971,0.000001,0,a
13.350000,288,DS_interstep,1,4.106517e-01,-9.226010e-02,6.739780e-01,5.785290e-02,-1.455839e-01,1.030261e-02,realized,2.849749e-02,5.697565e-01,-8.562276e-01,0.011220,0.237245,-0.315747,,,,0.746557,-0.582662,-0.350043,0.746557,-0.582662,-0.350043,-4.125707e-01,7.959891e-02,-6.548425e-01,0.955531,-0.772482,-0.336571,0.956290,-0.770614,-0.336545,0.180919,0.000002,0,a
13.360000,289,DS_interstep,1,4.027947e-01,-7.935575e-02,6.553057e-01,5.805680e-02,-1.353893e-01,1.334573e-02,realized,2.647294e-02,5.700597e-01,-8.593634e-01,0.011297,0.237029,-0.315390,,,,0.746531,-0.582687,-0.350033,0.746531,-0.582687,-0.350033,-4.046388e-01,6.634060e-02,-6.357230e-01,0.955495,-0.772518,-0.336562,0.956290,-0.770614,-0.336545,0.182668,0.000002,0,a
13.370000,290,DS_interstep,1,3.926578e-01,-6.687920e-02,6.352871e-01,5.746722e-02,-1.245242e-01,1.638408e-02,realized,2.449934e-02,5.702990e-01,-8.623968e-01,0.011373,0.236813,-0.315035,,,,0.746505,-0.582710,-0.350024,0.746505,-0.582710,-0.350024,-3.944692e-01,5.354279e-02,-6.152948e-01,0.955460,-0.772553,-0.336553,0.956290,-0.770614,-0.336545,0.184238,0.000002,0,a
13.380000,291,DS_interstep,1,3.814376e-01,-5.495341e-02,6.158284e-01,5.623557e-02,-1.134659e-01,1.968488e-02,realized,2.258186e-02,5.704771e-01,-8.653310e-01,0.011446,0.236597,-0.314680,,,,0.746479,-0.582732,-0.350015,0.746479,-0.582732,-0.350015,-3.832636e-01,4.133692e-02,-5.954898e-01,0.955424,-0.772586,-0.336544,0.956290,-0.770614,-0.336545,0.185643,0.000002,0,a
13.390000,292,DS_interstep,1,3.699633e-01,-4.374758e-02,5.982189e-01,5.450651e-02,-1.025861e-01,2.341427e-02,realized,2.072160e-02,5.705980e-01,-8.681757e-01,0.011518,0.236382,-0.314327,,,,0.746454,-0.582753,-0.350007,0.746454,-0.582753,-0.350007,-3.718379e-01,2.989188e-02,-5.776036e-01,0.955389,-0.772619,-0.336534,0.956290,-0.770614,-0.336545,0.186900,0.000002,0,a
13.400000,293,DS_interstep,1,3.586953e-01,-3.341808e-02,5.831129e-01,5.240314e-02,-9.212530e-02,2.764691e-02,realized,1.891747e-02,5.706663e-01,-8.709436e-01,0.011587,0.236167,-0.313974,,,,0.746428,-0.582773,-0.349998,0.746428,-0.582773,-0.349998,-3.606318e-01,1.935928e-02,-5.622863e-01,0.955354,-0.772650,-0.336525,0.956290,-0.770614,-0.336545,0.188021,0.000003,0,a
13.410000,294,DS_interstep,1,3.478029e-01,-2.411079e-02,5.707042e-01,5.002493e-02,-8.221097e-02,3.239740e-02,realized,1.716762e-02,5.706872e-01,-8.736486e-01,0.011655,0.235952,-0.313623,,,,0.746403,-0.582793,-0.349990,0.746403,-0.582793,-0.349990,-3.497928e-01,9.879174e-03,-5.497227e-01,0.955319,-0.772680,-0.336515,0.956290,-0.770614,-0.336545,0.189019,0.000003,0,a
13.420000,295,DS_interstep,1,3.372592e-01,-1.593080e-02,5.608466e-01,4.744966e-02,-7.288343e-02,3.763440e-02,realized,1.547044e-02,5.706664e-01,-8.763036e-01,0.011721,0.235737,-0.313272,,,,0.746378,-0.582811,-0.349982,0.746378,-0.582811,-0.349982,-3.392761e-01,1.551410e-03,-5.397563e-01,0.955284,-0.772709,-0.336506,0.956290,-0.770614,-0.336545,0.189902,0.000003,0,a
13.430000,296,DS_interstep,1,3.269311e-01,-8.943412e-03,5.531969e-01,4.473862e-02,-6.412812e-02,4.329639e-02,realized,1.382504e-02,5.706100e-01,-8.789199e-01,0.011785,0.235521,-0.312922,,,,0.746353,-0.582828,-0.349974,0.746353,-0.582828,-0.349974,-3.289358e-01,-5.562625e-03,-5.320345e-01,0.955249,-0.772737,-0.336496,0.956290,-0.770614,-0.336545,0.190678,0.000003,0,a
13.440000,297,DS_interstep,1,3.166501e-01,-3.167758e-03,5.473079e-01,4.194185e-02,-5.590214e-02,4.929864e-02,realized,1.223143e-02,5.705243e-01,-8.815064e-01,0.011848,0.235306,-0.312573,,,,0.746328,-0.582845,-0.349966,0.746328,-0.582845,-0.349966,-3.185962e-01,-1.144633e-02,-5.261023e-01,0.955214,-0.772765,-0.336486,0.956290,-0.770614,-0.336545,0.191356,0.000003,0,a
13.450000,298,DS_interstep,1,3.062634e-01,1.416725e-03,5.427090e-01,3.910282e-02,-4.815577e-02,5.554041e-02,realized,1.069035e-02,5.704152e-01,-8.840697e-01,0.011909,0.235091,-0.312225,,,,0.746303,-0.582861,-0.349959,0.746303,-0.582861,-0.349959,-3.081031e-01,-1.612169e-02,-5.214833e-01,0.955180,-0.772791,-0.336477,0.956290,-0.770614,-0.336545,0.191941,0.000003,0,a
13.460000,299,DS_interstep,1,2.956655e-01,4.866819e-03,5.389541e-01,3.626171e-02,-4.084601e-02,6.190941e-02,realized,9.203099e-03,5.702884e-01,-8.866141e-01,0.011968,0.234876,-0.311878,,,,0.746279,-0.582876,-0.349952,0.746279,-0.582876,-0.349952,-2.973536e-01,-1.964617e-02,-5.177268e-01,0.955146,-0.772816,-0.336467,0.956290,-0.770614,-0.336545,0.192440,0.000003,0,a
13.470000,300,DS_interstep,1,2.848118e-01,7.267027e-03,5.356547e-01,3.345728e-02,-3.394418e-02,6.828730e-02,realized,7.771139e-03,5.701494e-01,-8.891419e-01,0.012026,0.234661,-0.311532,,,,0.746255,-0.582891,-0.349945,0.746255,-0.582891,-0.349945,-2.863096e-01,-2.210463e-02,-5.144411e-01,0.955113,-0.772841,-0.336458,0.956290,-0.770614,-0.336545,0.192858,0.000003,0,a
13.480000,301,DS_interstep,1,2.737191e-01,8.722504e-03,5.324929e-01,3.072711e-02,-2.743773e-02,7.455456e-02,realized,6.395815e-03,5.700029e-01,-8.916539e-01,0.012082,0.234445,-0.311186,,,,0.746231,-0.582905,-0.349938,0.746231,-0.582905,-0.349938,-2.749964e-01,-2.360256e-02,-5.113059e-01,0.955080,-0.772864,-0.336449,0.956290,-0.770614,-0.336545,0.193201,0.000003,0,a
13.490000,302,DS_interstep,1,2.624553e-01,9.350356e-03,5.292237e-01,2.810693e-02,-2.132843e-02,8.059591e-02,realized,5.078084e-03,5.698531e-01,-8.941496e-01,0.012137,0.234230,-0.310841,,,,0.746207,-0.582919,-0.349932,0.746207,-0.582919,-0.349932,-2.634912e-01,-2.425762e-02,-5.080742e-01,0.955047,-0.772887,-0.336439,0.956290,-0.770614,-0.336545,0.193475,0.000003,0,a
13.500000,303,DS_interstep,1,2.511233e-01,9.272481e-03,5.256687e-01,2.562924e-02,-1.562813e-02,8.630498e-02,realized,3.818340e-03,5.697036e-01,-8.966276e-01,0.012191,0.234015,-0.310497,,,,0.746184,-0.582932,-0.349926,0.746184,-0.582932,-0.349926,-2.519064e-01,-2.419263e-02,-5.045657e-01,0.955015,-0.772909,-0.336430,0.956290,-0.770614,-0.336545,0.193686,0.000003,0,a
13.510000,304,DS_interstep,1,2.398440e-01,8.608943e-03,5.217045e-01,2.332177e-02,-1.035377e-02,9.158842e-02,realized,2.616332e-03,5.695575e-01,-8.990860e-01,0.012244,0.233799,-0.310154,,,,0.746160,-0.582944,-0.349920,0.746160,-0.582944,-0.349920,-2.403714e-01,-2.352891e-02,-5.006551e-01,0.954983,-0.772930,-0.336422,0.956290,-0.770614,-0.336545,0.193840,0.000003,0,a
13.520000,305,SS,2,9.307551e-01,-1.405520e+00,4.919912e+00,1.660847e-02,9.220806e-02,4.753102e-01,planned,-1.588515e-02,5.766399e-01,-9.661473e-01,0.012653,0.231676,-0.306887,-1.286415e-03,2.758557e-04,6.291006e-04,0.746005,-0.583042,-0.349907,0.774295,-0.554204,-0.346386,-6.878166e-01,7.760309e-01,-2.430753e+00,0.954748,-0.773069,-0.336335,0.955017,-0.772910,-0.336419,0.012945,0.799661,1,b
13.620000,306,SS,2,1.045784e+00,-1.454362e+00,4.999790e+00,1.226148e-01,3.074345e-01,9.689821e-02,planned,-5.394804e-02,6.204999e-01,-1.097471e+00,0.012658,0.229737,-0.304097,,,,0.746249,-0.582964,-0.349993,0.781631,-0.551048,-0.346261,-9.630970e-01,1.329583e+00,-3.694780e+00,0.954789,-0.773003,-0.336218,0.955286,-0.772749,-0.336402,0.023321,0.797579,1,b
13.720000,307,SS,2,1.036436e+00,-1.322256e+00,4.999985e+00,2.141457e-01,5.819096e-01,7.759073e-02,planned,-1.032303e-01,6.868030e-01,-1.283935e+00,0.012127,0.228084,-0.301994,,,,0.747152,-0.582626,-0.350194,0.789485,-0.548254,-0.346237,-1.160242e+00,1.768529e+00,-4.742841e+00,0.955238,-0.772650,-0.336058,0.956002,-0.772319,-0.336357,0.032142,0.792383,1,b
13.820000,308,SS,2,9.655754e-01,-1.172054e+00,4.999990e+00,2.586639e-01,8.285266e-01,1.679289e-01,planned,-1.601228e-01,7.729079e-01,-1.504029e+00,0.010969,0.226796,-0.300741,,,,0.748901,-0.581969,-0.350509,0.797999,-0.545924,-0.346343,-1.207257e+00,2.105565e+00,-5.000000e+00,0.956191,-0.771943,-0.335850,0.957323,-0.771526,-0.336272,0.038804,0.783015,1,b
13.920000,309,SS,2,8.254935e-01,-9.935211e-01,4.999993e+00,2.584864e-01,1.038028e+00,4.221706e-01,planned,-2.118975e-01,8.688749e-01,-1.726382e+00,0.009209,0.225926,-0.300390,,,,0.751609,-0.580986,-0.350924,0.807008,-0.543944,-0.346551,-9.989057e-01,2.233521e+00,-5.000000e+00,0.957689,-0.770892,-0.335590,0.959360,-0.770303,-0.336143,0.044229,0.768745,1,b
14.020000,310,SS,2,6.684175e-01,-8.495989e-01,4.999994e+00,2.396402e-01,1.161047e+00,7.614909e-01,planned,-2.572937e-01,9.726563e-01,-1.950618e+00,0.006945,0.225498,-0.300925,,,,0.755324,-0.579712,-0.351412,0.816461,-0.542280,-0.346849,-8.669432e-01,2.391782e+00,-5.000000e+00,0.959733,-0.769529,-0.335280,0.962178,-0.768611,-0.335963,0.046932,0.749138,1,b
14.120000,311,SS,2,4.997824e-01,-7.510231e-01,4.999995e+00,1.959302e-01,1.188537e+00,1.157490e+00,planned,-2.985279e-01,1.084198e+00,-2.176712e+00,0.004245,0.225537,-0.302342,,,,0.760074,-0.578158,-0.351938,0.826307,-0.540898,-0.347233,-7.603231e-01,2.516881e+00,-5.000000e+00,0.962327,-0.767877,-0.334924,0.965802,-0.766436,-0.335732,0.047193,0.724023,1,b
14.220000,312,SS,2,3.028498e-01,-6.876827e-01,4.999995e+00,1.127263e-01,1.124165e+00,1.624272e+00,planned,-3.361009e-01,1.201771e+00,-2.404651e+00,0.001169,0.226062,-0.304633,,,,0.765863,-0.576323,-0.352463,0.836401,-0.539694,-0.347669,-6.710830e-01,2.604882e+00,-5.000000e+00,0.965468,-0.765947,-0.334532,0.970221,-0.763784,-0.335450,0.045436,0.693478,1,b
14.320000,313,SS,2,8.318842e-02,-6.555215e-01,4.999996e+00,-1.474956e-02,9.770577e-01,2.129621e+00,planned,-3.712767e-01,1.324053e+00,-2.634421e+00,-0.002237,0.227084,-0.307794,,,,0.772673,-0.574198,-0.352949,0.846692,-0.538645,-0.348156,-6.183155e-01,2.664269e+00,-5.000000e+00,0.969153,-0.763738,-0.334113,0.975391,-0.760680,-0.335121,0.041906,0.657797,1,b
14.420000,314,SS,2,-1.598728e-01,-6.398267e-01,4.999996e+00,-1.903026e-01,7.698697e-01,2.651787e+00,planned,-4.057410e-01,1.449688e+00,-2.866006e+00,-0.005942,0.228607,-0.311817,,,,0.780462,-0.571764,-0.353360,0.857067,-0.537661,-0.348663,-6.050830e-01,2.691040e+00,-5.000000e+00,0.973374,-0.761241,-0.333680,0.981242,-0.757168,-0.334748,0.036933,0.617464,1,b
14.520000,315,SS,2,-4.220937e-01,-6.099208e-01,4.999995e+00,-4.150745e-01,5.357125e-01,3.172488e+00,planned,-4.413419e-01,1.576915e+00,-3.099392e+00,-0.009936,0.230628,-0.316697,,,,0.789176,-0.568999,-0.353665,0.867330,-0.536641,-0.349165,-6.414299e-01,2.667970e+00,-5.000000e+00,0.978120,-0.758437,-0.333245,0.987681,-0.753303,-0.334337,0.030909,0.573121,1,b
14.620000,316,SS,2,-7.020169e-01,-5.407084e-01,4.999993e+00,-6.831857e-01,3.186498e-01,3.668226e+00,planned,-4.841794e-01,1.703343e+00,-3.334561e+00,-0.014244,0.233136,-0.322422,,,,0.798747,-0.565878,-0.353853,0.877564,-0.535611,-0.349664,-8.685442e-01,2.607621e+00,-5.000000e+00,0.983365,-0.755301,-0.332823,0.994593,-0.749154,-0.333897,0.025113,0.525483,1,b
14.720000,317,SS,2,-1.011848e+00,-3.375153e-01,4.999988e+00,-9.914397e-01,2.148302e-01,4.169042e+00,planned,-5.388178e-01,1.826295e+00,-3.571490e+00,-0.018955,0.236110,-0.328991,,,,0.809101,-0.562354,-0.353936,0.887245,-0.534292,-0.350079,-1.099985e+00,2.455161e+00,-5.000000e+00,0.989069,-0.751794,-0.332432,1.001853,-0.744796,-0.333434,0.022745,0.475340,1,b
14.820000,318,SS,2,-1.367261e+00,1.943985e-02,4.974340e+00,-1.331797e+00,2.747788e-01,4.653668e+00,planned,-5.978436e-01,1.938304e+00,-3.788340e+00,-0.024132,0.239505,-0.336351,,,,0.820139,-0.558404,-0.353935,0.896850,-0.532933,-0.350481,-9.277556e-01,2.023278e+00,-3.747703e+00,0.995183,-0.747883,-0.332083,1.009321,-0.740313,-0.332958,0.027697,0.423614,1,b
14.920000,319,SS,2,-1.808711e+00,5.829268e-01,4.402126e+00,-1.669009e+00,4.795849e-01,4.892287e+00,planned,-6.369163e-01,2.022367e+00,-3.933426e+00,-0.029607,0.243219,-0.344224,,,,0.831655,-0.554135,-0.353862,0.905291,-0.531005,-0.350704,-4.263555e-01,1.372442e+00,-2.075125e+00,1.001576,-0.743664,-0.331780,1.016854,-0.735791,-0.332478,0.041478,0.371338,1,b
15.020000,320,SS,2,-2.137304e+00,1.135885e+00,3.768782e+00,-1.924229e+00,7.374756e-01,4.895981e+00,planned,-6.580676e-01,2.078780e+00,-4.007088e+00,-0.035138,0.247126,-0.352327,,,,0.843399,-0.549713,-0.353724,0.913591,-0.529032,-0.350907,-7.681527e-02,7.765993e-01,-5.928956e-01,1.008112,-0.739254,-0.331525,1.024305,-0.731318,-0.332003,0.061506,0.319566,1,b
15.120000,321,SS,2,-2.366777e+00,1.702493e+00,3.055183e+00,-2.101429e+00,1.022010e+00,4.746561e+00,planned,-6.656504e-01,2.107280e+00,-4.015088e+00,-0.040552,0.251107,-0.360408,,,,0.855133,-0.545256,-0.353526,0.920113,-0.526630,-0.350895,3.326297e-01,1.775443e-01,9.907668e-01,1.014669,-0.734756,-0.331313,1.031531,-0.726981,-0.331543,0.086911,0.269328,1,b
15.220000,322,SS,2,-2.501633e+00,2.211827e+00,2.437684e+00,-2.202965e+00,1.309961e+00,4.551170e+00,planned,-6.549600e-01,2.103264e+00,-3.958159e+00,-0.045645,0.255036,-0.368216,,,,0.866638,-0.540895,-0.353280,0.926315,-0.524256,-0.350859,5.017183e-01,-5.282066e-01,2.020760e+00,1.021142,-0.730275,-0.331134,1.038395,-0.722861,-0.331105,0.118530,0.221601,1,b
15.320000,323,SS,2,-2.537574e+00,2.648643e+00,1.629792e+00,-2.213624e+00,1.555922e+00,4.096720e+00,planned,-6.361590e-01,2.069347e+00,-3.847849e+00,-0.050321,0.258784,-0.375557,,,,0.877675,-0.536709,-0.352988,0.930563,-0.522044,-0.350670,7.412189e-01,-1.181235e+00,3.205097e+00,1.027433,-0.725893,-0.330981,1.044770,-0.719034,-0.330699,0.150994,0.177280,1,b
15.420000,324,SS,2,-2.520862e+00,2.974139e+00,8.936371e-01,-2.179134e+00,1.748882e+00,3.605166e+00,planned,-6.065461e-01,2.004652e+00,-3.686762e+00,-0.054465,0.262230,-0.382243,,,,0.888046,-0.532780,-0.352666,0.934249,-0.520062,-0.350462,9.160737e-01,-1.814207e+00,4.161816e+00,1.033457,-0.721696,-0.330844,1.050546,-0.715566,-0.330331,0.183279,0.137144,1,b
15.520000,325,SS,2,-2.446457e+00,3.212515e+00,2.565757e-02,-2.068646e+00,1.878929e+00,2.991120e+00,planned,-5.700271e-01,1.911082e+00,-3.484154e+00,-0.057999,0.265259,-0.388118,,,,0.897570,-0.529174,-0.352326,0.936044,-0.518850,-0.350188,1.015382e+00,-2.390258e+00,4.925591e+00,1.039138,-0.717760,-0.330715,1.055632,-0.712514,-0.330006,0.212662,0.101836,1,b
15.620000,326,SS,2,-2.299579e+00,3.297009e+00,-7.539251e-01,-1.907275e+00,1.933231e+00,2.293658e+00,planned,-5.328553e-01,1.793862e+00,-3.269693e+00,-0.060900,0.267774,-0.393081,,,,0.906107,-0.525925,-0.351988,0.937271,-0.518022,-0.350000,9.068153e-01,-2.805766e+00,5.000000e+00,1.044424,-0.714134,-0.330588,1.059960,-0.709916,-0.329731,0.235847,0.071825,1,b
15.720000,327,SS,2,-2.099782e+00,3.245909e+00,-1.523212e+00,-1.704672e+00,1.915315e+00,1.482074e+00,planned,-5.017917e-01,1.659314e+00,-3.053944e+00,-0.063233,0.269706,-0.397126,,,,0.913581,-0.523011,-0.351674,0.937271,-0.518022,-0.350000,7.525160e-01,-3.125665e+00,4.956666e+00,1.049295,-0.710814,-0.330462,1.063490,-0.707797,-0.329506,0.251608,0.047387,1,b
15.820000,328,SS,2,-1.893591e+00,3.072951e+00,-2.221549e+00,-1.485905e+00,1.838368e+00,6.740747e-01,planned,-4.743217e-01,1.511371e+00,-2.836285e+00,-0.065066,0.271004,-0.400263,,,,0.919957,-0.520407,-0.351406,0.937271,-0.518022,-0.350000,6.626580e-01,-3.348570e+00,4.962674e+00,1.053737,-0.707795,-0.330336,1.066215,-0.706161,-0.329332,0.259178,0.028623,1,b
15.920000,329,SS,2,-1.678213e+00,2.791247e+00,-2.840875e+00,-1.252806e+00,1.709648e+00,-1.245900e-01,planned,-4.510931e-01,1.355929e+00,-2.617582e+00,-0.066451,0.271642,-0.402498,,,,0.925237,-0.518106,-0.351209,0.937271,-0.518022,-0.350000,5.467895e-01,-3.410675e+00,4.917207e+00,1.057726,-0.705076,-0.330211,1.068164,-0.704991,-0.329208,0.258861,0.015484,1,b
16.020000,330,SS,2,-1.467034e+00,2.448870e+00,-3.281981e+00,-1.015136e+00,1.567848e+00,-7.906362e-01,planned,-4.290362e-01,1.201043e+00,-2.397571e+00,-0.067434,0.271623,-0.403838,,,,0.929468,-0.516104,-0.351105,0.937271,-0.518022,-0.350000,5.573941e-01,-3.286578e+00,4.907528e+00,1.061235,-0.702664,-0.330087,1.069409,-0.704244,-0.329128,0.252528,0.008104,1,b
16.120000,331,SS,2,-1.261332e+00,2.061399e+00,-3.511188e+00,-7.824395e-01,1.406990e+00,-1.280105e+00,planned,-4.022145e-01,1.056429e+00,-2.175241e+00,-0.068004,0.270993,-0.404292,,,,0.932742,-0.514422,-0.351097,0.937271,-0.518022,-0.350000,6.910893e-01,-2.934278e+00,4.927166e+00,1.064250,-0.700590,-0.329960,1.070063,-0.703851,-0.329087,0.241457,0.006266,1,b
16.220000,332,SS,2,-1.047158e+00,1.647528e+00,-3.510539e+00,-5.553377e-01,1.218617e+00,-1.574094e+00,planned,-3.653252e-01,9.330579e-01,-1.950344e+00,-0.068104,0.269839,-0.403869,,,,0.935205,-0.513103,-0.351174,0.937271,-0.518022,-0.350000,9.373466e-01,-2.339564e+00,4.924794e+00,1.066775,-0.698906,-0.329823,1.070292,-0.703713,-0.329072,0.226726,0.006576,1,b
16.320000,333,SS,2,-8.154309e-01,1.230752e+00,-3.251703e+00,-3.395875e-01,9.922977e-01,-1.634796e+00,planned,-3.237659e-01,8.473034e-01,-1.766385e+00,-0.067679,0.268304,-0.402665,,,,0.937077,-0.512180,-0.351308,0.937271,-0.518022,-0.350000,7.642624e-01,-1.274187e+00,3.218275e+00,1.068856,-0.697642,-0.329669,1.070315,-0.703700,-0.329071,0.207319,0.006655,1,b
16.420000,334,SS,2,-5.932135e-01,8.631304e-01,-2.983463e+00,-1.527937e-01,7.353526e-01,-1.621307e+00,planned,-2.909857e-01,7.993241e-01,-1.623323e+00,-0.066852,0.266574,-0.400910,,,,0.938617,-0.511559,-0.351466,0.937271,-0.518022,-0.350000,6.783977e-01,-8.119857e-01,2.829210e+00,1.070597,-0.696721,-0.329505,1.070315,-0.703700,-0.329071,0.190268,0.006451,1,b
16.520000,335,SS,2,-4.531867e-01,6.769920e-01,-2.461690e+00,-3.829846e-02,5.910024e-01,-1.227647e+00,planned,-2.584313e-01,7.613348e-01,-1.498061e+00,-0.065674,0.264723,-0.398688,,,,0.939889,-0.511182,-0.351613,0.937271,-0.518022,-0.350000,6.400388e-01,-6.596038e-01,2.461689e+00,1.072028,-0.696104,-0.329350,1.070315,-0.703700,-0.329071,0.175874,0.006154,1,b
16.620000,336,SS,2,-3.600558e-01,5.123988e-01,-2.115411e+00,1.081751e-02,4.532560e-01,-1.037379e+00,planned,-2.293027e-01,7.289828e-01,-1.388115e+00,-0.064191,0.262781,-0.396064,,,,0.940908,-0.511020,-0.351734,0.937271,-0.518022,-0.350000,5.325249e-01,-5.530401e-01,2.122165e+00,1.073172,-0.695748,-0.329212,1.070315,-0.703700,-0.329071,0.160667,0.005849,1,b
16.720000,337,SS,2,-2.900473e-01,3.721737e-01,-1.795848e+00,3.532862e-02,3.337502e-01,-8.691395e-01,planned,-2.040362e-01,7.001117e-01,-1.292132e+00,-0.062463,0.260765,-0.393099,,,,0.941701,-0.511034,-0.351829,0.937271,-0.518022,-0.350000,4.440220e-01,-4.900268e-01,1.819267e+00,1.074056,-0.695618,-0.329094,1.070315,-0.703700,-0.329071,0.145318,0.005568,1,b
16.820000,338,SS,2,-2.339248e-01,2.480955e-01,-1.490625e+00,4.825102e-02,2.282676e-01,-7.062289e-01,planned,-1.820456e-01,6.737728e-01,-1.208835e+00,-0.060542,0.258685,-0.389846,,,,0.942291,-0.511193,-0.351898,0.937271,-0.518022,-0.350000,3.643705e-01,-4.359954e-01,1.539128e+00,1.074709,-0.695677,-0.328996,1.070315,-0.703700,-0.329071,0.130079,0.005322,1,b
16.920000,339,SS,2,-1.862677e-01,1.349553e-01,-1.213650e+00,5.497100e-02,1.333781e-01,-5.651890e-01,planned,-1.632034e-01,6.497699e-01,-1.137419e+00,-0.058476,0.256552,-0.386356,,,,0.942703,-0.511470,-0.351946,0.937271,-0.518022,-0.350000,2.898497e-01,-3.853853e-01,1.277078e+00,1.075160,-0.695893,-0.328917,1.070315,-0.703700,-0.329071,0.115218,0.005114,1,b
17.020000,340,SS,2,-1.456054e-01,3.243379e-02,-9.614918e-01,5.783394e-02,4.877644e-02,-4.402328e-01,planned,-1.473554e-01,6.280614e-01,-1.077091e+00,-0.056307,0.254375,-0.382676,,,,0.942960,-0.511837,-0.351976,0.937271,-0.518022,-0.350000,2.209755e-01,-3.351941e-01,1.035209e+00,1.075436,-0.696234,-0.328855,1.070315,-0.703700,-0.329071,0.101080,0.004945,1,b
17.130000,341,DS_interstep,2,6.446819e-01,3.906596e-01,9.648919e-01,-4.449725e-03,5.980650e-02,-2.931056e-01,realized,-1.504809e-01,6.260123e-01,-1.081741e+00,-0.056025,0.254228,-0.382250,-1.287158e-03,2.801536e-04,6.263459e-04,0.942982,-0.511897,-0.351953,0.942982,-0.511897,-0.351953,-6.264132e-01,-4.033677e-01,-9.406817e-01,1.075456,-0.696272,-0.328848,1.075456,-0.696272,-0.328848,0.099601,0.004639,0,b
17.140000,342,DS_interstep,2,1.482384e+00,4.259994e+00,-5.000000e+00,1.014986e+00,3.987955e-01,-6.349336e-01,realized,-1.554874e-01,6.063529e-01,-1.056688e+00,-0.055676,0.254111,-0.381727,,,,0.942997,-0.511995,-0.351921,0.942997,-0.511995,-0.351921,-1.002773e+00,-3.925742e+00,5.000000e+00,1.075471,-0.696323,-0.328844,1.075456,-0.696272,-0.328848,0.098741,0.003704,0,b
17.150000,343,DS_interstep,2,2.648843e-02,2.651926e+00,-5.000000e+00,5.767264e-01,3.849955e-01,-2.264180e-01,realized,-1.546337e-01,5.928907e-01,-1.031636e+00,-0.055307,0.253972,-0.381153,,,,0.943007,-0.512116,-0.351897,0.943007,-0.512116,-0.351897,1.692136e-01,-2.686501e+00,5.000000e+00,1.075481,-0.696391,-0.328850,1.075456,-0.696272,-0.328848,0.098516,0.002794,0,b
17.160000,344,DS_interstep,2,-1.465831e+00,1.012516e+00,-5.000000e+00,-6.614651e-02,3.087274e-01,-2.244719e-01,realized,-1.470266e-01,5.870450e-01,-1.006586e+00,-0.054941,0.253799,-0.380560,,,,0.943013,-0.512246,-0.351884,0.943013,-0.512246,-0.351884,1.519893e+00,-1.163289e+00,5.000000e+00,1.075491,-0.696473,-0.328862,1.075456,-0.696272,-0.328848,0.098778,0.002032,0,b
17.170000,345,DS_interstep,2,-2.282643e+00,-8.117767e-02,-5.000000e+00,-4.688604e-01,1.548557e-01,-4.828818e-01,realized,-1.356571e-01,5.866474e-01,-9.815357e-01,-0.054587,0.253597,-0.379969,,,,0.943014,-0.512377,-0.351880,0.943014,-0.512377,-0.351880,2.272464e+00,-7.370672e-02,5.000000e+00,1.075498,-0.696566,-0.328877,1.075456,-0.696272,-0.328848,0.099726,0.001441,0,b
17.180000,346,DS_interstep,2,-2.518195e+00,-6.736824e-01,-5.000000e+00,-6.125483e-01,-2.768475e-02,-8.339056e-01,realized,-1.232174e-01,5.893801e-01,-9.564871e-01,-0.054248,0.253374,-0.379391,,,,0.943011,-0.512504,-0.351881,0.943011,-0.512504,-0.351881,2.486625e+00,5.524093e-01,5.000000e+00,1.075503,-0.696665,-0.328891,1.075456,-0.696272,-0.328848,0.101638,0.001002,0,b
17.190000,347,DS_interstep,2,-2.417198e+00,-9.177731e-01,-5.000000e+00,-5.871432e-01,-1.900319e-01,-1.155853e+00,realized,-1.112823e-01,5.935328e-01,-9.315749e-01,-0.053921,0.253141,-0.378831,,,,0.943004,-0.512624,-0.351884,0.943004,-0.512624,-0.351884,2.385826e+00,8.364372e-01,4.972969e+00,1.075503,-0.696767,-0.328902,1.075456,-0.696272,-0.328848,0.104650,0.000686,0,b
17.200000,348,DS_interstep,2,-2.193384e+00,-9.557546e-01,-5.000000e+00,-4.849064e-01,-3.014477e-01,-1.374968e+00,realized,-1.004144e-01,5.980475e-01,-9.067195e-01,-0.053603,0.252904,-0.378289,,,,0.942994,-0.512736,-0.351886,0.942994,-0.512736,-0.351886,2.172511e+00,9.089018e-01,4.961873e+00,1.075497,-0.696872,-0.328910,1.075456,-0.696272,-0.328848,0.108680,0.000464,0,b
17.210000,349,DS_interstep,2,-1.965722e+00,-8.786402e-01,-5.000000e+00,-3.641366e-01,-3.537019e-01,-1.473137e+00,realized,-9.061413e-02,6.023065e-01,-8.818669e-01,-0.053291,0.252668,-0.377764,,,,0.942981,-0.512842,-0.351886,0.942981,-0.512842,-0.351886,1.959084e+00,8.577992e-01,4.961546e+00,1.075485,-0.696977,-0.328913,1.075456,-0.696272,-0.328848,0.113470,0.000309,0,b
17.220000,350,DS_interstep,2,-1.790542e+00,-7.744374e-01,-5.000000e+00,-2.517909e-01,-3.632186e-01,-1.475940e+00,realized,-8.162272e-02,6.061335e-01,-8.569910e-01,-0.052982,0.252436,-0.377255,,,,0.942964,-0.512942,-0.351883,0.942964,-0.512942,-0.351883,1.797417e+00,7.714574e-01,4.966460e+00,1.075465,-0.697083,-0.328911,1.075456,-0.696272,-0.328848,0.118694,0.000204,0,b
17.230000,351,DS_interstep,2,-1.687000e+00,-7.033614e-01,-5.000000e+00,-1.570199e-01,-3.499480e-01,-1.415294e+00,realized,-7.309315e-02,6.096640e-01,-8.320841e-01,-0.052674,0.252211,-0.376760,,,,0.942944,-0.513037,-0.351876,0.942944,-0.513037,-0.351876,1.705141e+00,7.121856e-01,4.972910e+00,1.075438,-0.697189,-0.328904,1.075456,-0.696272,-0.328848,0.124009,0.000133,0,b
17.240000,352,DS_interstep,2,-8.507351e-01,-6.309013e-01,-2.207809e+00,-1.204837e-01,-2.265990e-01,-8.404929e-01,realized,-6.870499e-02,6.128768e-01,-8.211222e-01,-0.052366,0.251992,-0.376277,,,,0.942922,-0.513127,-0.351866,0.942922,-0.513127,-0.351866,8.769241e-01,6.486765e-01,2.184091e+00,1.075406,-0.697295,-0.328893,1.075456,-0.696272,-0.328848,0.129171,0.000085,0,b
17.250000,353,DS_interstep,2,-4.690201e-01,-5.025775e-01,-5.360583e-01,-1.849910e-01,-6.277025e-02,-4.164195e-01,realized,-6.620385e-02,6.153937e-01,-8.184479e-01,-0.052056,0.251778,-0.375803,,,,0.942898,-0.513214,-0.351853,0.942898,-0.513214,-0.351853,4.995562e-01,5.095391e-01,5.266499e-01,1.075370,-0.697398,-0.328878,1.075456,-0.696272,-0.328848,0.134128,0.000054,0,b
17.260000,354,DS_interstep,2,-2.697741e-01,-4.674175e-01,6.289639e-01,-2.468171e-01,6.206210e-02,-8.197404e-02,realized,-6.469896e-02,6.177140e-01,-8.215768e-01,-0.051746,0.251567,-0.375339,,,,0.942872,-0.513296,-0.351837,0.942872,-0.513296,-0.351837,3.003250e-01,4.702249e-01,-6.339944e-01,1.075332,-0.697498,-0.328862,1.075456,-0.696272,-0.328848,0.138909,0.000033,0,b
17.270000,355,DS_interstep,2,-1.112454e-01,-4.488320e-01,1.530274e+00,-2.840683e-01,1.526383e-01,1.894603e-01,realized,-6.399353e-02,6.199318e-01,-8.292098e-01,-0.051435,0.251359,-0.374883,,,,0.942846,-0.513375,-0.351820,0.942846,-0.513375,-0.351820,1.404410e-01,4.497522e-01,-1.534876e+00,1.075293,-0.697593,-0.328843,1.075456,-0.696272,-0.328848,0.143527,0.000020,0,b
17.280000,356,DS_interstep,2,1.631489e-02,-4.358824e-01,2.173831e+00,-2.993234e-01,2.092478e-01,3.863673e-01,realized,-6.393831e-02,6.220733e-01,-8.400538e-01,-0.051124,0.251154,-0.374435,,,,0.942819,-0.513449,-0.351801,0.942819,-0.513449,-0.351801,1.040405e-02,4.345225e-01,-2.177161e+00,1.075255,-0.697683,-0.328824,1.075456,-0.696272,-0.328848,0.147997,0.000013,0,b
17.290000,357,DS_interstep,2,1.130978e-01,-4.228576e-01,2.570473e+00,-2.973450e-01,2.362342e-01,5.083368e-01,realized,-6.438030e-02,6.241380e-01,-8.528696e-01,-0.050814,0.250951,-0.373994,,,,0.942792,-0.513520,-0.351781,0.942792,-0.513520,-0.351781,-8.903990e-02,4.191667e-01,-2.571633e+00,1.075218,-0.697768,-0.328803,1.075456,-0.696272,-0.328848,0.152337,0.000010,0,b
17.300000,358,DS_interstep,2,1.711047e-01,-4.112139e-01,2.743852e+00,-2.865902e-01,2.406056e-01,5.654703e-01,realized,-6.512238e-02,6.261340e-01,-8.665382e-01,-0.050505,0.250749,-0.373560,,,,0.942766,-0.513587,-0.351759,0.942766,-0.513587,-0.351759,-1.490674e-01,4.054501e-01,-2.742323e+00,1.075183,-0.697848,-0.328781,1.075456,-0.696272,-0.328848,0.156571,0.000010,0,b
17.310000,359,DS_interstep,2,1.983836e-01,-4.047135e-01,2.748399e+00,-2.711336e-01,2.253776e-01,5.698380e-01,realized,-6.600888e-02,6.280900e-01,-8.802166e-01,-0.050198,0.250549,-0.373131,,,,0.942741,-0.513650,-0.351736,0.942741,-0.513650,-0.351736,-1.779575e-01,3.974775e-01,-2.744421e+00,1.075149,-0.697923,-0.328759,1.075456,-0.696272,-0.328848,0.160725,0.000010,0,b
17.320000,360,DS_interstep,2,2.476059e-01,-4.108280e-01,2.735703e+00,-2.372415e-01,1.916472e-01,5.561693e-01,realized,-6.715285e-02,6.300715e-01,-8.938198e-01,-0.049893,0.250350,-0.372708,,,,0.942716,-0.513710,-0.351713,0.942716,-0.513710,-0.351713,-2.294640e-01,4.025847e-01,-2.729519e+00,1.075118,-0.697993,-0.328735,1.075456,-0.696272,-0.328848,0.164810,0.000011,0,b
17.330000,361,DS_interstep,2,2.978031e-01,-3.981499e-01,2.681454e+00,-2.016879e-01,1.578766e-01,5.303120e-01,realized,-6.855739e-02,6.319845e-01,-9.071429e-01,-0.049590,0.250151,-0.372290,,,,0.942691,-0.513766,-0.351689,0.942691,-0.513766,-0.351689,-2.815911e-01,3.889242e-01,-2.673639e+00,1.075088,-0.698059,-0.328712,1.075456,-0.696272,-0.328848,0.168819,0.000011,0,b
17.340000,362,DS_interstep,2,3.479841e-01,-3.719002e-01,2.611306e+00,-1.667207e-01,1.276670e-01,5.016745e-01,realized,-7.022107e-02,6.337641e-01,-9.201111e-01,-0.049289,0.249953,-0.371877,,,,0.942667,-0.513820,-0.351665,0.942667,-0.513820,-0.351665,-3.334343e-01,3.622491e-01,-2.602779e+00,1.075061,-0.698121,-0.328688,1.075456,-0.696272,-0.328848,0.172742,0.000011,0,b
17.350000,363,DS_interstep,2,3.981941e-01,-3.372449e-01,2.541229e+00,-1.331872e-01,1.023125e-01,4.744006e-01,realized,-7.214290e-02,6.353703e-01,-9.327281e-01,-0.048992,0.249756,-0.371469,,,,0.942644,-0.513870,-0.351640,0.942644,-0.513870,-0.351640,-3.850830e-01,3.275896e-01,-2.532677e+00,1.075035,-0.698178,-0.328663,1.075456,-0.696272,-0.328848,0.176571,0.000011,0,b
17.360000,364,DS_interstep,2,4.476416e-01,-2.972684e-01,2.476142e+00,-1.027307e-01,8.137705e-02,4.472547e-01,realized,-7.431801e-02,6.367781e-01,-9.450215e-01,-0.048697,0.249560,-0.371065,,,,0.942622,-0.513917,-0.351614,0.942622,-0.513917,-0.351614,-4.357596e-01,2.879145e-01,-2.468074e+00,1.075012,-0.698232,-0.328638,1.075456,-0.696272,-0.328848,0.180298,0.000010,0,b
17.370000,365,DS_interstep,2,5.019342e-01,-2.543382e-01,2.413284e+00,-7.232007e-02,6.014748e-02,4.139981e-01,realized,-7.677151e-02,6.379724e-01,-9.570011e-01,-0.048406,0.249364,-0.370666,,,,0.942602,-0.513962,-0.351589,0.942602,-0.513962,-0.351589,-4.914628e-01,2.452298e-01,-2.405452e+00,1.074991,-0.698282,-0.328613,1.075456,-0.696272,-0.328848,0.183929,0.000010,0,b
17.380000,366,DS_interstep,2,5.554805e-01,-2.146465e-01,2.327563e+00,-3.946582e-02,3.461223e-02,3.680131e-01,realized,-7.950113e-02,6.389673e-01,-9.685482e-01,-0.048119,0.249169,-0.370271,,,,0.942582,-0.514003,-0.351563,0.942582,-0.514003,-0.351563,-5.467106e-01,2.053732e-01,-2.319049e+00,1.074971,-0.698328,-0.328587,1.075456,-0.696272,-0.328848,0.187467,0.000010,0,b
17.390000,367,DS_interstep,2,6.034527e-01,-1.773620e-01,2.216197e+00,-6.066422e-03,6.939266e-03,3.124205e-01,realized,-8.247807e-02,6.397746e-01,-9.795333e-01,-0.047836,0.248975,-0.369881,,,,0.942564,-0.514042,-0.351538,0.942564,-0.514042,-0.351538,-5.962059e-01,1.678618e-01,-2.206773e+00,1.074954,-0.698371,-0.328562,1.075456,-0.696272,-0.328848,0.190915,0.000009,0,b
17.400000,368,DS_interstep,2,6.426397e-01,-1.429484e-01,2.082720e+00,2.626377e-02,-2.094333e-02,2.515374e-01,realized,-8.565700e-02,6.404086e-01,-9.898452e-01,-0.047556,0.248782,-0.369494,,,,0.942547,-0.514078,-0.351513,0.942547,-0.514078,-0.351513,-6.366336e-01,1.332003e-01,-2.072235e+00,1.074938,-0.698411,-0.328536,1.075456,-0.696272,-0.328848,0.194265,0.000009,0,b
17.410000,369,DS_interstep,2,6.718979e-01,-1.114973e-01,1.934717e+00,5.621114e-02,-4.727382e-02,1.897834e-01,realized,-8.898667e-02,6.408841e-01,-9.994111e-01,-0.047281,0.248589,-0.369110,,,,0.942532,-0.514112,-0.351488,0.942532,-0.514112,-0.351488,-6.668148e-01,1.015077e-01,-1.923123e+00,1.074923,-0.698448,-0.328510,1.075456,-0.696272,-0.328848,0.197508,0.000008,0,b
17.420000,370,DS_interstep,2,6.919519e-01,-8.240158e-02,1.780954e+00,8.294042e-02,-7.069466e-02,1.306428e-01,realized,-9.241965e-02,6.412130e-01,-1.008202e+00,-0.047011,0.248397,-0.368730,,,,0.942518,-0.514143,-0.351463,0.942518,-0.514143,-0.351463,-6.875109e-01,7.219094e-02,-1.768286e+00,1.074910,-0.698482,-0.328484,1.075456,-0.696272,-0.328848,0.200625,0.000008,0,b
17.430000,371,DS_interstep,2,7.040158e-01,-5.505148e-02,1.629102e+00,1.059411e-01,-9.028546e-02,7.670648e-02,realized,-9.591479e-02,6.414042e-01,-1.016229e+00,-0.046744,0.248205,-0.368352,,,,0.942505,-0.514172,-0.351439,0.942505,-0.514172,-0.351439,-6.999760e-01,4.463776e-02,-1.615446e+00,1.074898,-0.698513,-0.328458,1.075456,-0.696272,-0.328848,0.203601,0.000007,0,b
17.440000,372,DS_interstep,2,7.094220e-01,-2.896067e-02,1.485237e+00,1.249728e-01,-1.055258e-01,2.977886e-02,realized,-9.943781e-02,6.414639e-01,-1.023531e+00,-0.046482,0.248013,-0.367977,,,,0.942493,-0.514199,-0.351415,0.942493,-0.514199,-0.351415,-7.055873e-01,1.835883e-02,-1.470708e+00,1.074887,-0.698543,-0.328432,1.075456,-0.696272,-0.328848,0.206415,0.000007,0,b
17.450000,373,DS_interstep,2,7.095260e-01,-3.716212e-03,1.353812e+00,1.400193e-01,-1.162226e-01,-9.045142e-03,realized,-1.029614e-01,6.413965e-01,-1.030173e+00,-0.046224,0.247822,-0.367605,,,,0.942482,-0.514224,-0.351392,0.942482,-0.514224,-0.351392,-7.057464e-01,-7.060808e-03,-1.338552e+00,1.074876,-0.698570,-0.328406,1.075456,-0.696272,-0.328848,0.209053,0.000006,0,b
17.460000,374,DS_interstep,2,7.055550e-01,2.103823e-02,1.237542e+00,1.512257e-01,-1.224378e-01,-3.934428e-02,realized,-1.064648e-01,6.412045e-01,-1.036230e+00,-0.045969,0.247631,-0.367235,,,,0.942472,-0.514247,-0.351369,0.942472,-0.514247,-0.351369,-7.017214e-01,-3.198355e-02,-1.221696e+00,1.074866,-0.698596,-0.328380,1.075456,-0.696272,-0.328848,0.211500,0.000006,0,b
17.470000,375,DS_interstep,2,6.985569e-01,4.552096e-02,1.137653e+00,1.588698e-01,-1.244459e-01,-6.124053e-02,realized,-1.099323e-01,6.408893e-01,-1.041784e+00,-0.045719,0.247440,-0.366867,,,,0.942464,-0.514268,-0.351347,0.942464,-0.514268,-0.351347,-6.945947e-01,-5.663424e-02,-1.121360e+00,1.074857,-0.698620,-0.328354,1.075456,-0.696272,-0.328848,0.213747,0.000006,0,b
17.480000,376,DS_interstep,2,6.893675e-01,6.979389e-02,1.054136e+00,1.633221e-01,-1.226813e-01,-7.526602e-02,realized,-1.133528e-01,6.404518e-01,-1.046920e+00,-0.045472,0.247250,-0.366501,,,,0.942456,-0.514287,-0.351325,0.942456,-0.514287,-0.351325,-6.852305e-01,-8.108155e-02,-1.037521e+00,1.074848,-0.698642,-0.328328,1.075456,-0.696272,-0.328848,0.215788,0.000006,0,b
17.490000,377,DS_interstep,2,6.786139e-01,9.378322e-02,9.860072e-01,1.650122e-01,-1.176893e-01,-8.224777e-02,realized,-1.167185e-01,6.398935e-01,-1.051713e+00,-0.045229,0.247060,-0.366136,,,,0.942449,-0.514305,-0.351304,0.942449,-0.514305,-0.351304,-6.742785e-01,-1.052580e-01,-9.691724e-01,1.074839,-0.698662,-0.328302,1.075456,-0.696272,-0.328848,0.217624,0.000005,0,b
17.500000,378,DS_interstep,2,6.668521e-01,1.173750e-01,9.315663e-01,1.644363e-01,-1.101067e-01,-8.328255e-02,realized,-1.200241e-01,6.392163e-01,-1.056233e+00,-0.044990,0.246869,-0.365774,,,,0.942442,-0.514321,-0.351283,0.942442,-0.514321,-0.351283,-6.623185e-01,-1.290535e-01,-9.145921e-01,1.074831,-0.698681,-0.328277,1.075456,-0.696272,-0.328848,0.219258,0.000005,0,b
17.510000,379,DS_interstep,2,6.544146e-01,1.403444e-01,8.885962e-01,1.620778e-01,-1.005942e-01,-7.954706e-02,realized,-1.232665e-01,6.384231e-01,-1.060538e+00,-0.044754,0.246679,-0.365414,,,,0.942436,-0.514336,-0.351263,0.942436,-0.514336,-0.351263,-6.496945e-01,-1.522477e-01,-8.715352e-01,1.074823,-0.698699,-0.328252,1.075456,-0.696272,-0.328848,0.220697,0.000005,0,b
17.520000,380,DS_interstep,2,6.414093e-01,1.624076e-01,8.546349e-01,1.583576e-01,-8.977263e-02,-7.217099e-02,realized,-1.264428e-01,6.375184e-01,-1.064673e+00,-0.044521,0.246489,-0.365055,,,,0.942431,-0.514350,-0.351243,0.942431,-0.514350,-0.351243,-6.365157e-01,-1.745591e-01,-8.375130e-01,1.074816,-0.698715,-0.328227,1.075456,-0.696272,-0.328848,0.221951,0.000005,0,b
17.530000,381,DS_interstep,2,6.278532e-01,1.833185e-01,8.272390e-01,1.536393e-01,-7.820045e-02,-6.221152e-02,realized,-1.295503e-01,6.365079e-01,-1.068670e+00,-0.044292,0.246299,-0.364698,,,,0.942427,-0.514362,-0.351224,0.942427,-0.514362,-0.351224,-6.227990e-01,-1.957404e-01,-8.100616e-01,1.074808,-0.698730,-0.328202,1.075456,-0.696272,-0.328848,0.223031,0.000005,0,b
17.540000,382,DS_interstep,2,6.137416e-01,2.028907e-01,8.041655e-01,1.482336e-01,-6.636392e-02,-5.062708e-02,realized,-1.325864e-01,6.353981e-01,-1.072551e+00,-0.044065,0.246109,-0.364343,,,,0.942423,-0.514373,-0.351206,0.942423,-0.514373,-0.351206,-6.085379e-01,-2.156007e-01,-7.869228e-01,1.074801,-0.698743,-0.328178,1.075456,-0.696272,-0.328848,0.223951,0.000005,0,b
17.550000,383,DS_interstep,2,5.990839e-01,2.209987e-01,7.834859e-01,1.424019e-01,-5.467173e-02,-3.825614e-02,realized,-1.355484e-01,6.341963e-01,-1.076328e+00,-0.043842,0.245918,-0.363989,,,,0.942419,-0.514383,-0.351188,0.942419,-0.514383,-0.351188,-5.937397e-01,-2.340087e-01,-7.661580e-01,1.074795,-0.698756,-0.328154,1.075456,-0.696272,-0.328848,0.224725,0.000005,0,b
17.560000,384,DS_interstep,2,5.839178e-01,2.375726e-01,7.636431e-01,1.363586e-01,-4.345274e-02,-2.580240e-02,realized,-1.384337e-01,6.329102e-01,-1.080005e+00,-0.043621,0.245728,-0.363637,,,,0.942416,-0.514391,-0.351170,0.942416,-0.514391,-0.351170,-5.784400e-01,-2.508872e-01,-7.462052e-01,1.074789,-0.698767,-0.328131,1.075456,-0.696272,-0.328848,0.225367,0.000005,0,b
17.570000,385,DS_interstep,2,5.683086e-01,2.525869e-01,7.434637e-01,1.302747e-01,-3.295689e-02,-1.382765e-02,realized,-1.412402e-01,6.315475e-01,-1.083580e+00,-0.043404,0.245537,-0.363287,,,,0.942413,-0.514399,-0.351154,0.942413,-0.514399,-0.351154,-5.627018e-01,-2.662037e-01,-7.258892e-01,1.074783,-0.698777,-0.328108,1.075456,-0.696272,-0.328848,0.225889,0.000004,0,b
17.580000,386,DS_interstep,2,5.523398e-01,2.660491e-01,7.221346e-01,1.242800e-01,-2.335922e-02,-2.752824e-03,realized,-1.439661e-01,6.301162e-01,-1.087048e+00,-0.043189,0.245345,-0.362937,,,,0.942411,-0.514406,-0.351137,0.942411,-0.514406,-0.351137,-5.466066e-01,-2.799593e-01,-7.043980e-01,1.074777,-0.698786,-0.328086,1.075456,-0.696272,-0.328848,0.226304,0.000004,0,b
17.590000,387,DS_interstep,2,5.361016e-01,2.779890e-01,6.991595e-01,1.184675e-01,-1.476660e-02,7.133378e-03,realized,-1.466100e-01,6.286239e-01,-1.090400e+00,-0.042977,0.245153,-0.362590,,,,0.942409,-0.514411,-0.351122,0.942409,-0.514411,-0.351122,-5.302428e-01,-2.921782e-01,-6.812381e-01,1.074773,-0.698795,-0.328065,1.075456,-0.696272,-0.328848,0.226625,0.000004,0,b
17.600000,388,DS_interstep,2,5.196810e-01,2.884493e-01,6.743055e-01,1.128983e-01,-7.226532e-03,1.566003e-02,realized,-1.491711e-01,6.270780e-01,-1.093626e+00,-0.042768,0.244961,-0.362243,,,,0.942408,-0.514416,-0.351107,0.942408,-0.514416,-0.351107,-5.136955e-01,-3.028990e-01,-6.561806e-01,1.074768,-0.698802,-0.328044,1.075456,-0.696272,-0.328848,0.226863,0.000004,0,b
17.610000,389,DS_interstep,2,5.031562e-01,2.974789e-01,6.475486e-01,1.076068e-01,-7.372921e-04,2.275576e-02,realized,-1.516488e-01,6.254858e-01,-1.096717e+00,-0.042561,0.244768,-0.361898,,,,0.942407,-0.514420,-0.351093,0.942407,-0.514420,-0.351093,-4.970411e-01,-3.121678e-01,-6.292056e-01,1.074764,-0.698808,-0.328024,1.075456,-0.696272,-0.328848,0.227026,0.000004,0,b
17.620000,390,DS_interstep,2,4.865934e-01,3.051293e-01,6.190229e-01,1.026067e-01,4.741513e-03,2.842890e-02,realized,-1.540428e-01,6.238544e-01,-1.099664e+00,-0.042356,0.244575,-0.361554,,,,0.942406,-0.514423,-0.351079,0.942406,-0.514423,-0.351079,-4.803445e-01,-3.200342e-01,-6.004514e-01,1.074760,-0.698813,-0.328005,1.075456,-0.696272,-0.328848,0.227123,0.000004,0,b
17.630000,391,DS_interstep,2,4.700487e-01,3.114523e-01,5.889763e-01,9.789639e-02,9.278699e-03,3.274807e-02,realized,-1.563533e-01,6.221905e-01,-1.102460e+00,-0.042154,0.244381,-0.361211,,,,0.942406,-0.514426,-0.351066,0.942406,-0.514426,-0.351066,-4.636604e-01,-3.265493e-01,-5.701701e-01,1.074757,-0.698817,-0.327986,1.075456,-0.696272,-0.328848,0.227163,0.000004,0,b
17.640000,392,DS_interstep,2,4.535692e-01,3.164995e-01,5.577324e-01,9.346368e-02,1.296214e-02,3.582416e-02,realized,-1.585806e-01,6.205006e-01,-1.105099e+00,-0.041954,0.244186,-0.360869,,,,0.942405,-0.514427,-0.351053,0.942405,-0.514427,-0.351053,-4.470351e-01,-3.317647e-01,-5.386888e-01,1.074754,-0.698821,-0.327968,1.075456,-0.696272,-0.328848,0.227152,0.000004,0,b
17.650000,393,DS_interstep,2,4.371963e-01,3.203227e-01,5.256584e-01,8.929014e-02,1.589064e-02,3.779490e-02,realized,-1.607252e-01,6.187910e-01,-1.107575e+00,-0.041757,0.243991,-0.360528,,,,0.942405,-0.514428,-0.351041,0.942405,-0.514428,-0.351041,-4.305093e-01,-3.357330e-01,-5.063780e-01,1.074752,-0.698823,-0.327951,1.075456,-0.696272,-0.328848,0.227096,0.000003,0,b
17.660000,394,DS_interstep,2,4.209674e-01,3.229752e-01,4.931382e-01,8.535402e-02,1.816725e-02,3.881194e-02,realized,-1.627877e-01,6.170676e-01,-1.109888e+00,-0.041561,0.243795,-0.360188,,,,0.942405,-0.514429,-0.351029,0.942405,-0.514429,-0.351029,-4.141206e-01,-3.385088e-01,-4.736245e-01,1.074750,-0.698825,-0.327935,1.075456,-0.696272,-0.328848,0.227000,0.000003,0,b
17.670000,395,DS_interstep,2,4.049176e-01,3.245122e-01,4.605508e-01,8.163247e-02,1.989395e-02,3.903081e-02,realized,-1.647690e-01,6.153360e-01,-1.112036e+00,-0.041368,0.243599,-0.359849,,,,0.942406,-0.514429,-0.351018,0.942406,-0.514429,-0.351018,-3.979041e-01,-3.401488e-01,-4.408094e-01,1.074748,-0.698827,-0.327919,1.075456,-0.696272,-0.328848,0.226870,0.000003,0,b
17.680000,396,DS_interstep,2,3.890793e-01,3.249919e-01,4.282528e-01,7.810305e-02,2.116771e-02,3.860326e-02,realized,-1.666701e-01,6.136017e-01,-1.114022e+00,-0.041176,0.243402,-0.359510,,,,0.942406,-0.514428,-0.351008,0.942406,-0.514428,-0.351008,-3.818929e-01,-3.407131e-01,-4.082914e-01,1.074746,-0.698828,-0.327904,1.075456,-0.696272,-0.328848,0.226708,0.000003,0,b
17.690000,397,DS_interstep,2,3.734827e-01,3.244755e-01,3.965657e-01,7.474459e-02,2.207769e-02,3.767185e-02,realized,-1.684923e-01,6.118698e-01,-1.115848e+00,-0.040987,0.243204,-0.359172,,,,0.942407,-0.514427,-0.350998,0.942407,-0.514427,-0.350998,-3.661181e-01,-3.402647e-01,-3.763932e-01,1.074745,-0.698828,-0.327890,1.075456,-0.696272,-0.328848,0.226519,0.000003,0,b
17.700000,398,DS_interstep,2,3.581547e-01,3.230267e-01,3.657668e-01,7.153769e-02,2.270347e-02,3.636627e-02,realized,-1.702369e-01,6.101449e-01,-1.117519e+00,-0.040799,0.243006,-0.358835,,,,0.942407,-0.514426,-0.350989,0.942407,-0.514426,-0.350989,-3.506076e-01,-3.388695e-01,-3.453931e-01,1.074744,-0.698827,-0.327877,1.075456,-0.696272,-0.328848,0.226306,0.000003,0,b
17.710000,399,DS_interstep,2,3.431185e-01,3.207116e-01,3.360844e-01,6.846493e-02,2.311407e-02,3.480123e-02,realized,-1.719053e-01,6.084315e-01,-1.119041e+00,-0.040613,0.242807,-0.358498,,,,0.942408,-0.514424,-0.350980,0.942408,-0.514424,-0.350980,-3.353857e-01,-3.365952e-01,-3.155201e-01,1.074743,-0.698827,-0.327864,1.075456,-0.696272,-0.328848,0.226072,0.000003,0,b
17.720000,400,DS_interstep,2,3.283930e-01,3.175974e-01,3.076963e-01,6.551097e-02,2.336767e-02,3.307542e-02,realized,-1.734990e-01,6.067335e-01,-1.120420e+00,-0.040429,0.242607,-0.358161,,,,0.942409,-0.514421,-0.350972,0.942409,-0.514421,-0.350972,-3.204723e-01,-3.335110e-01,-2.869520e-01,1.074743,-0.698825,-0.327852,1.075456,-0.696272,-0.328848,0.225819,0.000003,0,b
17.730000,401,DS_interstep,2,3.139927e-01,3.137515e-01,2.807304e-01,6.266249e-02,2.351176e-02,3.127134e-02,realized,-1.750197e-01,6.050548e-01,-1.121663e+00,-0.040246,0.242407,-0.357826,,,,0.942410,-0.514419,-0.350965,0.942410,-0.514419,-0.350965,-3.058829e-01,-3.296858e-01,-2.598170e-01,1.074742,-0.698823,-0.327840,1.075456,-0.696272,-0.328848,0.225551,0.000002,0,b
17.740000,402,DS_interstep,2,2.999276e-01,3.092405e-01,2.552685e-01,5.990815e-02,2.358376e-02,2.945586e-02,realized,-1.764690e-01,6.033987e-01,-1.122778e+00,-0.040065,0.242206,-0.357490,,,,0.942411,-0.514416,-0.350957,0.942411,-0.514416,-0.350957,-2.916286e-01,-3.251876e-01,-2.341965e-01,1.074742,-0.698821,-0.327829,1.075456,-0.696272,-0.328848,0.225270,0.000002,0,b
17.750000,403,DS_interstep,2,2.862038e-01,3.041293e-01,2.313508e-01,5.723846e-02,2.361188e-02,2.768117e-02,realized,-1.778487e-01,6.017681e-01,-1.123772e+00,-0.039885,0.242005,-0.357155,,,,0.942412,-0.514413,-0.350951,0.942412,-0.514413,-0.350951,-2.777162e-01,-3.200828e-01,-2.101303e-01,1.074742,-0.698819,-0.327819,1.075456,-0.696272,-0.328848,0.224977,0.000002,0,b
17.760000,404,DS_interstep,2,2.728239e-01,2.984806e-01,2.089814e-01,5.464567e-02,2.361607e-02,2.598606e-02,realized,-1.791605e-01,6.001659e-01,-1.124654e+00,-0.039707,0.241803,-0.356821,,,,0.942413,-0.514409,-0.350944,0.942413,-0.514409,-0.350944,-2.641490e-01,-3.144350e-01,-1.876220e-01,1.074742,-0.698816,-0.327810,1.075456,-0.696272,-0.328848,0.224676,0.000002,0,b
17.770000,405,DS_interstep,2,2.597877e-01,2.923539e-01,1.881347e-01,5.212364e-02,2.360921e-02,2.439740e-02,realized,-1.804062e-01,5.985944e-01,-1.125431e+00,-0.039530,0.241600,-0.356486,,,,0.942414,-0.514406,-0.350939,0.942414,-0.514406,-0.350939,-2.509274e-01,-3.083045e-01,-1.666453e-01,1.074742,-0.698813,-0.327801,1.075456,-0.696272,-0.328848,0.224366,0.000002,0,b
17.780000,406,DS_interstep,2,2.470925e-01,2.858053e-01,1.687612e-01,4.966767e-02,2.359825e-02,2.293173e-02,realized,-1.815873e-01,5.970558e-01,-1.126111e+00,-0.039354,0.241397,-0.356152,,,,0.942416,-0.514402,-0.350933,0.942416,-0.514402,-0.350933,-2.380492e-01,-3.017484e-01,-1.471499e-01,1.074742,-0.698810,-0.327792,1.075456,-0.696272,-0.328848,0.224052,0.000002,0,b
17.790000,407,DS_interstep,2,2.347346e-01,2.788877e-01,1.507932e-01,4.727435e-02,2.358533e-02,2.159689e-02,realized,-1.827058e-01,5.955519e-01,-1.126700e+00,-0.039179,0.241194,-0.355818,,,,0.942417,-0.514398,-0.350928,0.942417,-0.514398,-0.350928,-2.255110e-01,-2.948198e-01,-1.290677e-01,1.074742,-0.698806,-0.327785,1.075456,-0.696272,-0.328848,0.223733,0.000002,0,b
17.800000,408,DS_interstep,2,2.227089e-01,2.716498e-01,1.341505e-01,4.494135e-02,2.356889e-02,2.039352e-02,realized,-1.837631e-01,5.940843e-01,-1.127205e+00,-0.039006,0.240989,-0.355485,,,,0.942418,-0.514394,-0.350924,0.942418,-0.514394,-0.350924,-2.133080e-01,-2.875682e-01,-1.123176e-01,1.074742,-0.698802,-0.327777,1.075456,-0.696272,-0.328848,0.223411,0.000002,0,b
17.810000,409,DS_interstep,2,2.110102e-01,2.641372e-01,1.187447e-01,4.266731e-02,2.354468e-02,1.931666e-02,realized,-1.847611e-01,5.926544e-01,-1.127632e+00,-0.038833,0.240785,-0.355152,,,,0.942419,-0.514389,-0.350920,0.942419,-0.514389,-0.350920,-2.014352e-01,-2.800391e-01,-9.681066e-02,1.074742,-0.698798,-0.327771,1.075456,-0.696272,-0.328848,0.223089,0.000002,0,b
17.820000,410,DS_interstep,2,1.996330e-01,2.563917e-01,1.044836e-01,4.045163e-02,2.350666e-02,1.835707e-02,realized,-1.857013e-01,5.912635e-01,-1.127988e+00,-0.038662,0.240579,-0.354818,,,,0.942420,-0.514385,-0.350916,0.942420,-0.514385,-0.350916,-1.898873e-01,-2.722749e-01,-8.245393e-02,1.074743,-0.698794,-0.327765,1.075456,-0.696272,-0.328848,0.222766,0.000002,0,b
17.830000,411,DS_interstep,2,1.885722e-01,2.484519e-01,9.127406e-02,3.829429e-02,2.344779e-02,1.750251e-02,realized,-1.865852e-01,5.899124e-01,-1.128278e+00,-0.038491,0.240374,-0.354485,,,,0.942421,-0.514380,-0.350912,0.942421,-0.514380,-0.350912,-1.786591e-01,-2.643142e-01,-6.915390e-02,1.074743,-0.698789,-0.327759,1.075456,-0.696272,-0.328848,0.222445,0.000002,0,b
17.840000,412,DS_interstep,2,1.778229e-01,2.403532e-01,7.902531e-02,3.619571e-02,2.336071e-02,1.673887e-02,realized,-1.874146e-01,5.886020e-01,-1.128505e+00,-0.038321,0.240168,-0.354153,,,,0.942422,-0.514376,-0.350909,0.942422,-0.514376,-0.350909,-1.677460e-01,-2.561925e-01,-5.681916e-02,1.074743,-0.698785,-0.327754,1.075456,-0.696272,-0.328848,0.222126,0.000002,0,b
17.850000,413,DS_interstep,2,1.673808e-01,2.321282e-01,6.765053e-02,3.415661e-02,2.323827e-02,1.605112e-02,realized,-1.881909e-01,5.873329e-01,-1.128676e+00,-0.038153,0.239961,-0.353820,,,,0.942423,-0.514371,-0.350907,0.942423,-0.514371,-0.350907,-1.571435e-01,-2.479425e-01,-4.536250e-02,1.074744,-0.698780,-0.327749,1.075456,-0.696272,-0.328848,0.221811,0.000002,0,b
17.860000,414,DS_interstep,2,1.572420e-01,2.238069e-01,5.706862e-02,3.217787e-02,2.307401e-02,1.542413e-02,realized,-1.889157e-01,5.861056e-01,-1.128793e+00,-0.037985,0.239754,-0.353487,,,,0.942424,-0.514366,-0.350904,0.942424,-0.514366,-0.350904,-1.468479e-01,-2.395942e-01,-3.470243e-02,1.074744,-0.698775,-0.327745,1.075456,-0.696272,-0.328848,0.221499,0.000001,0,b
17.870000,415,DS_interstep,2,1.474033e-01,2.154167e-01,4.720517e-02,3.026041e-02,2.286242e-02,1.484332e-02,realized,-1.895906e-01,5.849204e-01,-1.128860e+00,-0.037817,0.239547,-0.353155,,,,0.942425,-0.514361,-0.350902,0.942425,-0.514361,-0.350902,-1.368558e-01,-2.311752e-01,-2.476423e-02,1.074744,-0.698771,-0.327741,1.075456,-0.696272,-0.328848,0.221192,0.000001,0,b
17.880000,416,DS_interstep,2,1.378616e-01,2.069831e-01,3.799306e-02,2.840510e-02,2.259920e-02,1.429517e-02,realized,-1.902169e-01,5.837776e-01,-1.128881e+00,-0.037651,0.239339,-0.352822,,,,0.942426,-0.514357,-0.350900,0.942426,-0.514357,-0.350900,-1.271642e-01,-2.227108e-01,-1.548053e-02,1.074744,-0.698766,-0.327738,1.075456,-0.696272,-0.328848,0.220891,0.000001,0,b
17.890000,417,DS_interstep,2,1.286145e-01,1.985293e-01,2.937277e-02,2.661271e-02,2.228142e-02,1.376759e-02,realized,-1.907962e-01,5.826774e-01,-1.128859e+00,-0.037485,0.239131,-0.352490,,,,0.942427,-0.514352,-0.350899,0.942427,-0.514352,-0.350899,-1.177707e-01,-2.142245e-01,-6.791572e-03,1.074745,-0.698761,-0.327735,1.075456,-0.696272,-0.328848,0.220595,0.000001,0,b
17.900000,418,DS_interstep,2,1.196597e-01,1.900770e-01,2.129227e-02,2.488378e-02,2.190748e-02,1.325021e-02,realized,-1.913300e-01,5.816196e-01,-1.128796e+00,-0.037319,0.238922,-0.352157,,,,0.942427,-0.514347,-0.350898,0.942427,-0.514347,-0.350898,-1.086728e-01,-2.057379e-01,1.354816e-03,1.074745,-0.698756,-0.327732,1.075456,-0.696272,-0.328848,0.220306,0.000001,0,b
17.910000,419,DS_interstep,2,1.109949e-01,1.816461e-01,1.370685e-02,2.321866e-02,2.147719e-02,1.273448e-02,realized,-1.918198e-01,5.806042e-01,-1.128694e+00,-0.037155,0.238713,-0.351825,,,,0.942428,-0.514342,-0.350896,0.942428,-0.514342,-0.350896,-9.986836e-02,-1.972710e-01,9.003497e-03,1.074745,-0.698751,-0.327730,1.075456,-0.696272,-0.328848,0.220024,0.000001,0,b
17.920000,420,DS_interstep,2,1.026182e-01,1.732553e-01,6.578597e-03,2.161742e-02,2.099165e-02,1.221372e-02,realized,-1.922669e-01,5.796309e-01,-1.128557e+00,-0.036990,0.238504,-0.351493,,,,0.942429,-0.514337,-0.350896,0.942429,-0.514337,-0.350896,-9.135539e-02,-1.888426e-01,1.619246e-02,1.074746,-0.698746,-0.327728,1.075456,-0.696272,-0.328848,0.219749,0.000001,0,b
17.930000,421,DS_interstep,2,9.452758e-02,1.649217e-01,-1.241058e-04,2.007987e-02,2.045316e-02,1.168315e-02,realized,-1.926730e-01,5.786996e-01,-1.128385e+00,-0.036826,0.238294,-0.351160,,,,0.942429,-0.514332,-0.350895,0.942429,-0.514332,-0.350895,-8.313182e-02,-1.804699e-01,2.295341e-02,1.074746,-0.698741,-0.327727,1.075456,-0.696272,-0.328848,0.219481,0.000001,0,b
17.940000,422,DS_interstep,2,8.672092e-02,1.566615e-01,-6.427258e-03,1.860551e-02,1.986507e-02,1.113972e-02,realized,-1.930393e-01,5.778099e-01,-1.128182e+00,-0.036663,0.238084,-0.350828,,,,0.942430,-0.514327,-0.350895,0.942430,-0.514327,-0.350895,-7.519556e-02,-1.721693e-01,2.931237e-02,1.074746,-0.698735,-0.327726,1.075456,-0.696272,-0.328848,0.219222,0.000001,0,b
17.950000,423,DS_interstep,2,7.919605e-02,1.484898e-01,-1.235193e-02,1.719362e-02,1.923161e-02,1.058203e-02,realized,-1.933674e-01,5.769612e-01,-1.127950e+00,-0.036500,0.237874,-0.350495,,,,0.942430,-0.514322,-0.350895,0.942430,-0.514322,-0.350895,-6.754441e-02,-1.639559e-01,3.529047e-02,1.074746,-0.698730,-0.327725,1.075456,-0.696272,-0.328848,0.218970,0.000001,0,b
17.960000,424,DS_interstep,2,7.195063e-02,1.404205e-01,-1.791499e-02,1.584317e-02,1.855773e-02,1.001013e-02,realized,-1.936586e-01,5.761532e-01,-1.127689e+00,-0.036337,0.237664,-0.350163,,,,0.942431,-0.514318,-0.350895,0.942431,-0.514318,-0.350895,-6.017602e-02,-1.558438e-01,4.090456e-02,1.074747,-0.698725,-0.327724,1.075456,-0.696272,-0.328848,0.218726,0.000001,0,b
17.970000,425,DS_interstep,2,6.498215e-02,1.324668e-01,-2.312980e-02,1.455295e-02,1.784894e-02,9.425306e-03,realized,-1.939143e-01,5.753852e-01,-1.127402e+00,-0.036175,0.237453,-0.349831,,,,0.942431,-0.514313,-0.350895,0.942431,-0.514313,-0.350895,-5.308786e-02,-1.478464e-01,4.616803e-02,1.074747,-0.698720,-0.327724,1.075456,-0.696272,-0.328848,0.218490,0.000001,0,b
17.980000,426,DS_interstep,2,5.828787e-02,1.246411e-01,-2.800690e-02,1.332150e-02,1.711108e-02,8.829898e-03,realized,-1.941360e-01,5.746565e-01,-1.127090e+00,-0.036013,0.237242,-0.349498,,,,0.942431,-0.514308,-0.350895,0.942431,-0.514308,-0.350895,-4.627720e-02,-1.399762e-01,5.109143e-02,1.074747,-0.698715,-0.327724,1.075456,-0.696272,-0.328848,0.218262,0.000001,0,b
17.990000,427,DS_interstep,2,5.186483e-02,1.169547e-01,-3.255468e-02,1.214721e-02,1.635020e-02,8.227049e-03,realized,-1.943250e-01,5.739666e-01,-1.126755e+00,-0.035852,0.237031,-0.349166,,,,0.942432,-0.514304,-0.350896,0.942432,-0.514304,-0.350896,-3.974107e-02,-1.322447e-01,5.568313e-02,1.074747,-0.698710,-0.327724,1.075456,-0.696272,-0.328848,0.218043,0.000001,0,b
18.000000,428,DS_interstep,2,4.570982e-02,1.094184e-01,-3.677992e-02,1.102831e-02,1.557241e-02,7.620509e-03,realized,-1.944826e-01,5.733146e-01,-1.126399e+00,-0.035690,0.236820,-0.348833,,,,0.942432,-0.514299,-0.350897,0.942432,-0.514299,-0.350897,-3.347629e-02,-1.246627e-01,5.994994e-02,1.074747,-0.698706,-0.327724,1.075456,-0.696272,-0.328848,0.217831,0.000001,0,b
18.010000,429,DS_interstep,2,3.981941e-02,1.020420e-01,-4.068838e-02,9.962946e-03,1.478370e-02,7.014423e-03,realized,-1.946103e-01,5.726998e-01,-1.126023e+00,-0.035529,0.236608,-0.348500,,,,0.942432,-0.514295,-0.350897,0.942432,-0.514295,-0.350897,-2.747942e-02,-1.172404e-01,6.389759e-02,1.074747,-0.698701,-0.327725,1.075456,-0.696272,-0.328848,0.217628,0.000001,0,b
18.020000,430,DS_interstep,2,3.418995e-02,9.483459e-02,-4.428518e-02,8.949161e-03,1.398984e-02,6.413141e-03,realized,-1.947093e-01,5.721212e-01,-1.125629e+00,-0.035368,0.236397,-0.348167,,,,0.942432,-0.514290,-0.350898,0.942432,-0.514290,-0.350898,-2.174680e-02,-1.099870e-01,6.753124e-02,1.074747,-0.698696,-0.327726,1.075456,-0.696272,-0.328848,0.217433,0.000001,0,b
18.030000,431,DS_interstep,2,2.881752e-02,8.780462e-02,-4.757530e-02,7.984965e-03,1.319632e-02,5.821049e-03,realized,-1.947809e-01,5.715781e-01,-1.125219e+00,-0.035207,0.236185,-0.347835,,,,0.942432,-0.514286,-0.350899,0.942432,-0.514286,-0.350899,-1.627455e-02,-1.029110e-01,7.085587e-02,1.074747,-0.698692,-0.327727,1.075456,-0.696272,-0.328848,0.217246,0.000001,0,b
18.040000,432,DS_interstep,2,2.369802e-02,8.095963e-02,-5.056381e-02,7.068350e-03,1.240819e-02,5.242418e-03,realized,-1.948265e-01,5.710694e-01,-1.124793e+00,-0.035046,0.235973,-0.347502,,,,0.942432,-0.514282,-0.350901,0.942432,-0.514282,-0.350901,-1.105855e-02,-9.602010e-02,7.387658e-02,1.074747,-0.698687,-0.327728,1.075456,-0.696272,-0.328848,0.217066,0.000001,0,b
18.050000,433,DS_interstep,2,1.882712e-02,7.430646e-02,-5.325617e-02,6.197320e-03,1.163005e-02,4.681275e-03,realized,-1.948472e-01,5.705942e-01,-1.124354e+00,-0.034886,0.235760,-0.347169,,,,0.942432,-0.514278,-0.350902,0.942432,-0.514278,-0.350902,-6.094496e-03,-8.932135e-02,7.659887e-02,1.074747,-0.698682,-0.327729,1.075456,-0.696272,-0.328848,0.216895,0.000001,0,b
18.060000,434,DS_interstep,2,1.420032e-02,6.785118e-02,-5.565845e-02,5.369915e-03,1.086602e-02,4.141300e-03,realized,-1.948444e-01,5.701516e-01,-1.123902e+00,-0.034725,0.235548,-0.346836,,,,0.942432,-0.514274,-0.350903,0.942432,-0.514274,-0.350903,-1.377876e-03,-8.282091e-02,7.902883e-02,1.074747,-0.698678,-0.327731,1.075456,-0.696272,-0.328848,0.216731,0.000001,0,b
18.070000,435,DS_interstep,2,9.812914e-03,6.159909e-02,-5.777740e-02,4.584228e-03,1.011967e-02,3.625746e-03,realized,-1.948191e-01,5.697405e-01,-1.123440e+00,-0.034565,0.235336,-0.346502,,,,0.942432,-0.514270,-0.350905,0.942432,-0.514270,-0.350905,3.096003e-03,-7.652422e-02,8.117326e-02,1.074747,-0.698674,-0.327732,1.075456,-0.696272,-0.328848,0.216574,0.000001,0,b
18.080000,436,DS_interstep,2,5.660044e-03,5.555475e-02,-5.962060e-02,3.838428e-03,9.394014e-03,3.137382e-03,realized,-1.947727e-01,5.693598e-01,-1.122969e+00,-0.034405,0.235123,-0.346169,,,,0.942432,-0.514266,-0.350906,0.942432,-0.514266,-0.350906,7.332000e-03,-7.043593e-02,8.303980e-02,1.074747,-0.698670,-0.327734,1.075456,-0.696272,-0.328848,0.216425,0.000001,0,b
18.090000,437,DS_interstep,2,1.736702e-03,4.972193e-02,-6.119645e-02,3.130765e-03,8.691565e-03,2.678453e-03,realized,-1.947063e-01,5.690086e-01,-1.122490e+00,-0.034244,0.234911,-0.345836,,,,0.942432,-0.514263,-0.350908,0.942432,-0.514263,-0.350908,1.133513e-02,-6.455992e-02,8.463691e-02,1.074747,-0.698666,-0.327736,1.075456,-0.696272,-0.328848,0.216283,0.000001,0,b
18.100000,438,DS_interstep,2,-1.962258e-03,4.410369e-02,-6.251417e-02,2.459590e-03,8.014299e-03,2.250667e-03,realized,-1.946210e-01,5.686856e-01,-1.122004e+00,-0.034084,0.234698,-0.345502,,,,0.942432,-0.514259,-0.350909,0.942432,-0.514259,-0.350909,1.511055e-02,-5.889934e-02,8.597388e-02,1.074747,-0.698662,-0.327738,1.075456,-0.696272,-0.328848,0.216148,0.000001,0,b
18.110000,439,DS_interstep,2,-5.442104e-03,3.870233e-02,-6.358380e-02,1.823352e-03,7.363703e-03,1.855194e-03,realized,-1.945180e-01,5.683899e-01,-1.121512e+00,-0.033924,0.234485,-0.345169,,,,0.942432,-0.514256,-0.350911,0.942432,-0.514256,-0.350911,1.866353e-02,-5.345658e-02,8.706081e-02,1.074747,-0.698658,-0.327740,1.075456,-0.696272,-0.328848,0.216020,0.000001,0,b
18.120000,440,DS_interstep,2,-8.708211e-03,3.351947e-02,-6.441607e-02,1.220607e-03,6.740809e-03,1.492677e-03,realized,-1.943983e-01,5.681204e-01,-1.121017e+00,-0.033763,0.234273,-0.344835,,,,0.942431,-0.514252,-0.350913,0.942431,-0.514252,-0.350913,2.199947e-02,-4.823330e-02,8.790852e-02,1.074747,-0.698654,-0.327742,1.075456,-0.696272,-0.328848,0.215898,0.000000,0,b
18.130000,441,DS_interstep,2,-1.176605e-02,2.855599e-02,-6.502233e-02,6.500167e-04,6.146234e-03,1.163265e-03,realized,-1.942629e-01,5.678758e-01,-1.120518e+00,-0.033603,0.234060,-0.344501,,,,0.942431,-0.514249,-0.350915,0.942431,-0.514249,-0.350915,2.512386e-02,-4.323047e-02,8.852843e-02,1.074747,-0.698651,-0.327744,1.075456,-0.696272,-0.328848,0.215783,0.000000,0,b
18.140000,442,DS_interstep,2,-1.462116e-02,2.381215e-02,-6.541447e-02,1.103481e-04,5.580225e-03,8.666507e-04,realized,-1.941130e-01,5.676552e-01,-1.120017e+00,-0.033443,0.233847,-0.344168,,,,0.942431,-0.514246,-0.350916,0.942431,-0.514246,-0.350916,2.804227e-02,-3.844837e-02,8.893253e-02,1.074746,-0.698647,-0.327746,1.075456,-0.696272,-0.328848,0.215675,0.000000,0,b
18.150000,443,DS_interstep,2,-1.727918e-02,1.928752e-02,-6.560478e-02,-3.995330e-04,5.042707e-03,6.021119e-04,realized,-1.939495e-01,5.674574e-01,-1.119516e+00,-0.033282,0.233634,-0.343834,,,,0.942431,-0.514243,-0.350918,0.942431,-0.514243,-0.350918,3.076037e-02,-3.388664e-02,8.913318e-02,1.074746,-0.698644,-0.327748,1.075456,-0.696272,-0.328848,0.215572,0.000000,0,b
18.160000,444,DS_interstep,2,-1.974578e-02,1.498110e-02,-6.560581e-02,-8.806661e-04,4.533329e-03,3.685672e-04,realized,-1.937734e-01,5.672813e-01,-1.119014e+00,-0.033122,0.233421,-0.343500,,,,0.942430,-0.514240,-0.350920,0.942430,-0.514240,-0.350920,3.328387e-02,-2.954429e-02,8.914303e-02,1.074746,-0.698640,-0.327751,1.075456,-0.696272,-0.328848,0.215476,0.000000,0,b
18.170000,445,DS_interstep,2,-2.202669e-02,1.089131e-02,-6.543029e-02,-1.334004e-03,4.051516e-03,1.646287e-04,realized,-1.935856e-01,5.671258e-01,-1.118513e+00,-0.032961,0.233209,-0.343166,,,,0.942430,-0.514237,-0.350922,0.942430,-0.514237,-0.350922,3.561853e-02,-2.541977e-02,8.897487e-02,1.074746,-0.698637,-0.327753,1.075456,-0.696272,-0.328848,0.215385,0.000000,0,b
18.180000,446,DS_interstep,2,-2.412766e-02,7.016002e-03,-6.509095e-02,-1.760421e-03,3.596512e-03,-1.134165e-05,realized,-1.933871e-01,5.669899e-01,-1.118014e+00,-0.032801,0.232996,-0.342831,,,,0.942430,-0.514235,-0.350924,0.942430,-0.514235,-0.350924,3.777016e-02,-2.151096e-02,8.864156e-02,1.074746,-0.698634,-0.327755,1.075456,-0.696272,-0.328848,0.215299,0.000000,0,b
18.190000,447,DS_interstep,2,-2.605448e-02,3.352561e-03,-6.460046e-02,-2.160722e-03,3.167424e-03,-1.611763e-04,realized,-1.931787e-01,5.668725e-01,-1.117517e+00,-0.032640,0.232783,-0.342497,,,,0.942430,-0.514232,-0.350926,0.942430,-0.514232,-0.350926,3.974461e-02,-1.781525e-02,8.815583e-02,1.074745,-0.698631,-0.327758,1.075456,-0.696272,-0.328848,0.215219,0.000000,0,b
18.200000,448,DS_interstep,2,-2.781296e-02,-1.021056e-04,-6.397132e-02,-2.535651e-03,2.763260e-03,-2.868480e-04,realized,-1.929613e-01,5.667725e-01,-1.117024e+00,-0.032479,0.232570,-0.342163,,,,0.942429,-0.514230,-0.350927,0.942429,-0.514230,-0.350927,4.154773e-02,-1.432955e-02,8.753025e-02,1.074745,-0.698629,-0.327760,1.075456,-0.696272,-0.328848,0.215144,0.000000,0,b
18.210000,449,DS_interstep,2,-2.940892e-02,-3.351510e-03,-6.321571e-02,-2.885903e-03,2.382967e-03,-3.904188e-04,realized,-1.927358e-01,5.666889e-01,-1.116534e+00,-0.032318,0.232358,-0.341828,,,,0.942429,-0.514227,-0.350929,0.942429,-0.514227,-0.350929,4.318539e-02,-1.105035e-02,8.677712e-02,1.074745,-0.698626,-0.327763,1.075456,-0.696272,-0.328848,0.215074,0.000000,0,b
18.220000,450,DS_interstep,2,-3.084815e-02,-6.399547e-03,-6.234548e-02,-3.212131e-03,2.025461e-03,-4.739935e-04,realized,-1.925028e-01,5.666207e-01,-1.116049e+00,-0.032157,0.232145,-0.341494,,,,0.942429,-0.514225,-0.350931,0.942429,-0.514225,-0.350931,4.466348e-02,-7.973764e-03,8.590833e-02,1.074745,-0.698623,-0.327765,1.075456,-0.696272,-0.328848,0.215009,0.000000,0,b
18.230000,451,DS_interstep,2,-3.213647e-02,-9.250452e-03,-6.137203e-02,-3.514958e-03,1.689653e-03,-5.396764e-04,realized,-1.922633e-01,5.665669e-01,-1.115568e+00,-0.031996,0.231932,-0.341159,,,,0.942428,-0.514223,-0.350933,0.942428,-0.514223,-0.350933,4.598785e-02,-5.095535e-03,8.493538e-02,1.074744,-0.698621,-0.327767,1.075456,-0.696272,-0.328848,0.214948,0.000000,0,b
18.240000,452,DS_interstep,2,-3.327967e-02,-1.190877e-02,-6.030627e-02,-3.794980e-03,1.374468e-03,-5.895352e-04,realized,-1.920178e-01,5.665265e-01,-1.115093e+00,-0.031835,0.231720,-0.340825,,,,0.942428,-0.514221,-0.350935,0.942428,-0.514221,-0.350935,4.716438e-02,-2.411117e-03,8.386925e-02,1.074744,-0.698619,-0.327770,1.075456,-0.696272,-0.328848,0.214892,0.000000,0,b
18.250000,453,DS_interstep,2,-3.428349e-02,-1.437930e-02,-5.915857e-02,-4.052782e-03,1.078869e-03,-6.255684e-04,realized,-1.917672e-01,5.664986e-01,-1.114624e+00,-0.031674,0.231507,-0.340490,,,,0.942428,-0.514219,-0.350936,0.942428,-0.514219,-0.350936,4.819888e-02,8.431022e-05,8.272038e-02,1.074744,-0.698616,-0.327772,1.075456,-0.696272,-0.328848,0.214840,0.000000,0,b
18.260000,454,DS_interstep,2,-3.515367e-02,-1.666709e-02,-5.793876e-02,-4.288937e-03,8.018630e-04,-6.496796e-04,realized,-1.915122e-01,5.664823e-01,-1.114161e+00,-0.031513,0.231294,-0.340155,,,,0.942427,-0.514217,-0.350938,0.942427,-0.514217,-0.350938,4.909717e-02,2.395800e-03,8.149864e-02,1.074743,-0.698614,-0.327774,1.075456,-0.696272,-0.328848,0.214792,0.000000,0,b
18.270000,455,DS_interstep,2,-3.589589e-02,-1.877736e-02,-5.665604e-02,-4.504017e-03,5.425153e-04,-6.636571e-04,realized,-1.912533e-01,5.664766e-01,-1.113704e+00,-0.031351,0.231082,-0.339820,,,,0.942427,-0.514216,-0.350940,0.942427,-0.514216,-0.350940,4.986501e-02,4.528604e-03,8.021334e-02,1.074743,-0.698612,-0.327777,1.075456,-0.696272,-0.328848,0.214747,0.000000,0,b
18.280000,456,DS_interstep,2,-3.651581e-02,-2.071552e-02,-5.531906e-02,-4.698598e-03,2.999509e-04,-6.691576e-04,realized,-1.909912e-01,5.664807e-01,-1.113254e+00,-0.031189,0.230870,-0.339485,,,,0.942427,-0.514214,-0.350942,0.942427,-0.514214,-0.350942,5.050811e-02,6.488137e-03,7.887315e-02,1.074743,-0.698610,-0.327779,1.075456,-0.696272,-0.328848,0.214707,0.000000,0,b
18.290000,457,DS_interstep,2,-3.701899e-02,-2.248710e-02,-5.393586e-02,-4.873261e-03,7.335953e-05,-6.676968e-04,realized,-1.907265e-01,5.664938e-01,-1.112811e+00,-0.031027,0.230657,-0.339150,,,,0.942426,-0.514213,-0.350943,0.942426,-0.514213,-0.350943,5.103215e-02,8.279949e-03,7.748618e-02,1.074742,-0.698609,-0.327781,1.075456,-0.696272,-0.328848,0.214669,0.000000,0,b
18.300000,458,DS_interstep,2,-3.741098e-02,-2.409772e-02,-5.251390e-02,-5.028599e-03,-1.380058e-04,-6.606425e-04,realized,-1.904597e-01,5.665150e-01,-1.112375e+00,-0.030866,0.230445,-0.338815,,,,0.942426,-0.514211,-0.350945,0.942426,-0.514211,-0.350945,5.144273e-02,9.909694e-03,7.605993e-02,1.074742,-0.698607,-0.327783,1.075456,-0.696272,-0.328848,0.214635,0.000000,0,b
18.310000,459,DS_interstep,2,-3.769722e-02,-2.555310e-02,-5.106005e-02,-5.165214e-03,-3.348305e-04,-6.492132e-04,realized,-1.901915e-01,5.665436e-01,-1.111946e+00,-0.030704,0.230233,-0.338480,,,,0.942426,-0.514210,-0.350947,0.942426,-0.514210,-0.350947,5.174540e-02,1.138310e-02,7.460134e-02,1.074742,-0.698606,-0.327785,1.075456,-0.696272,-0.328848,0.214604,0.000000,0,b
18.320000,460,DS_interstep,2,-3.788311e-02,-2.685900e-02,-4.958067e-02,-5.283727e-03,-5.177428e-04,-6.344794e-04,realized,-1.899223e-01,5.665788e-01,-1.111525e+00,-0.030541,0.230021,-0.338145,,,,0.942425,-0.514209,-0.350948,0.942425,-0.514209,-0.350948,5.194560e-02,1.270596e-02,7.311681e-02,1.074742,-0.698604,-0.327788,1.075456,-0.696272,-0.328848,0.214576,0.000000,0,b
18.330000,461,DS_interstep,2,-3.797394e-02,-2.802121e-02,-4.808159e-02,-5.384768e-03,-6.873188e-04,-6.173683e-04,realized,-1.896525e-01,5.666199e-01,-1.111111e+00,-0.030379,0.229809,-0.337810,,,,0.942425,-0.514207,-0.350950,0.942425,-0.514207,-0.350950,5.204875e-02,1.388409e-02,7.161220e-02,1.074741,-0.698603,-0.327790,1.075456,-0.696272,-0.328848,0.214551,0.000000,0,b
18.340000,462,DS_interstep,2,-3.797493e-02,-2.904553e-02,-4.656815e-02,-5.468985e-03,-8.440884e-04,-5.986703e-04,realized,-1.893828e-01,5.666662e-01,-1.110705e+00,-0.030217,0.229597,-0.337475,,,,0.942425,-0.514206,-0.350951,0.942425,-0.514206,-0.350951,5.206012e-02,1.492331e-02,7.009289e-02,1.074741,-0.698601,-0.327792,1.075456,-0.696272,-0.328848,0.214528,0.000000,0,b
18.350000,463,DS_interstep,2,-3.789121e-02,-2.993775e-02,-4.504522e-02,-5.537037e-03,-9.885424e-04,-5.790483e-04,realized,-1.891134e-01,5.667170e-01,-1.110307e+00,-0.030054,0.229385,-0.337139,,,,0.942424,-0.514205,-0.350953,0.942424,-0.514205,-0.350953,5.198493e-02,1.582943e-02,6.856382e-02,1.074741,-0.698600,-0.327794,1.075456,-0.696272,-0.328848,0.214508,0.000000,0,b
18.360000,464,DS_interstep,2,-3.772780e-02,-3.070364e-02,-4.351727e-02,-5.589597e-03,-1.121138e-03,-5.590475e-04,realized,-1.888448e-01,5.667717e-01,-1.109916e+00,-0.029891,0.229173,-0.336804,,,,0.942424,-0.514205,-0.350954,0.942424,-0.514205,-0.350954,5.182828e-02,1.660826e-02,6.702946e-02,1.074741,-0.698599,-0.327795,1.075456,-0.696272,-0.328848,0.214490,0.000000,0,b
18.370000,465,DS_interstep,2,-3.748963e-02,-3.134892e-02,-4.198837e-02,-5.627346e-03,-1.242307e-03,-5.391067e-04,realized,-1.885774e-01,5.668297e-01,-1.109533e+00,-0.029729,0.228962,-0.336469,,,,0.942424,-0.514204,-0.350955,0.942424,-0.514204,-0.350955,5.159518e-02,1.726554e-02,6.549392e-02,1.074740,-0.698598,-0.327797,1.075456,-0.696272,-0.328848,0.214474,0.000000,0,b
18.380000,466,DS_interstep,2,-3.718151e-02,-3.187927e-02,-4.046223e-02,-5.650974e-03,-1.352460e-03,-5.195698e-04,realized,-1.883115e-01,5.668904e-01,-1.109158e+00,-0.029566,0.228750,-0.336134,,,,0.942423,-0.514203,-0.350957,0.942423,-0.514203,-0.350957,5.129053e-02,1.780697e-02,6.396095e-02,1.074740,-0.698597,-0.327799,1.075456,-0.696272,-0.328848,0.214460,0.000000,0,b
18.390000,467,DS_interstep,2,-3.680814e-02,-3.230030e-02,-3.894222e-02,-5.661176e-03,-1.451994e-03,-5.006975e-04,realized,-1.880475e-01,5.669532e-01,-1.108791e+00,-0.029403,0.228539,-0.335798,,,,0.942423,-0.514202,-0.350958,0.942423,-0.514202,-0.350958,5.091909e-02,1.823819e-02,6.243395e-02,1.074740,-0.698596,-0.327801,1.075456,-0.696272,-0.328848,0.214449,0.000000,0,b
18.400000,468,DS_interstep,2,-3.637411e-02,-3.261752e-02,-3.743144e-02,-5.658652e-03,-1.541294e-03,-4.826787e-04,realized,-1.877857e-01,5.670177e-01,-1.108431e+00,-0.029240,0.228327,-0.335463,,,,0.942423,-0.514202,-0.350959,0.942423,-0.514202,-0.350959,5.048552e-02,1.856475e-02,6.091605e-02,1.074740,-0.698596,-0.327803,1.075456,-0.696272,-0.328848,0.214439,0.000000,0,b
18.410000,469,DS_interstep,2,-3.588387e-02,-3.283639e-02,-3.593269e-02,-5.644097e-03,-1.620741e-03,-4.656420e-04,realized,-1.875263e-01,5.670833e-01,-1.108078e+00,-0.029076,0.228116,-0.335127,,,,0.942423,-0.514201,-0.350960,0.942423,-0.514201,-0.350960,4.999438e-02,1.879213e-02,5.941007e-02,1.074740,-0.698595,-0.327804,1.075456,-0.696272,-0.328848,0.214430,0.000000,0,b
18.420000,470,DS_interstep,2,-3.534176e-02,-3.296226e-02,-3.444854e-02,-5.618209e-03,-1.690714e-03,-4.496657e-04,realized,-1.872697e-01,5.671495e-01,-1.107733e+00,-0.028913,0.227905,-0.334792,,,,0.942423,-0.514201,-0.350962,0.942423,-0.514201,-0.350962,4.945006e-02,1.892570e-02,5.791860e-02,1.074739,-0.698594,-0.327806,1.075456,-0.696272,-0.328848,0.214423,0.000000,0,b
18.430000,471,DS_interstep,2,-3.475199e-02,-3.300038e-02,-3.298134e-02,-5.581676e-03,-1.751591e-03,-4.347875e-04,realized,-1.870161e-01,5.672160e-01,-1.107395e+00,-0.028750,0.227694,-0.334457,,,,0.942422,-0.514200,-0.350963,0.942422,-0.514200,-0.350963,4.885685e-02,1.897075e-02,5.644403e-02,1.074739,-0.698594,-0.327807,1.075456,-0.696272,-0.328848,0.214418,0.000000,0,b
18.440000,472,DS_interstep,2,-3.411864e-02,-3.295590e-02,-3.153321e-02,-5.535181e-03,-1.803753e-03,-4.210133e-04,realized,-1.867656e-01,5.672823e-01,-1.107065e+00,-0.028586,0.227483,-0.334121,,,,0.942422,-0.514200,-0.350964,0.942422,-0.514200,-0.350964,4.821889e-02,1.893245e-02,5.498849e-02,1.074739,-0.698593,-0.327809,1.075456,-0.696272,-0.328848,0.214414,0.000000,0,b
18.450000,473,SS,3,-6.795944e-02,-8.761728e-01,1.137295e+00,-1.544620e-02,1.882385e-03,-8.067532e-03,planned,-1.757138e-01,5.680214e-01,-1.104778e+00,-0.026955,0.225403,-0.330812,-1.683699e-03,4.154422e-04,1.014301e-03,0.942435,-0.514190,-0.350978,0.959220,-0.513707,-0.349959,2.308420e-01,2.499446e-01,-4.711065e-02,1.074766,-0.698583,-0.327811,1.074748,-0.698593,-0.327809,0.001800,0.799905,1,a
18.550000,474,SS,3,7.219424e-02,-9.692485e-01,1.345577e+00,1.387589e-01,7.001504e-02,1.860894e-03,planned,-1.636628e-01,5.781793e-01,-1.108215e+00,-0.025292,0.223398,-0.327574,,,,0.942551,-0.514197,-0.351001,0.962910,-0.513606,-0.349739,1.410483e-01,3.966657e-01,-4.634343e-01,1.074890,-0.698570,-0.327791,1.074821,-0.698592,-0.327808,0.002756,0.799640,1,a
18.650000,475,SS,3,1.872304e-01,-1.040790e+00,1.555964e+00,2.619131e-01,1.327262e-01,3.754679e-02,planned,-1.549771e-01,5.927701e-01,-1.127495e+00,-0.023646,0.221493,-0.324476,,,,0.942816,-0.514198,-0.351029,0.966600,-0.513505,-0.349519,1.194068e-01,4.928225e-01,-6.578921e-01,1.075170,-0.698541,-0.327750,1.075025,-0.698589,-0.327807,0.005215,0.799185,1,a
18.750000,476,SS,3,2.711209e-01,-1.127171e+00,1.696129e+00,3.599343e-01,1.928890e-01,1.319092e-03,planned,-1.459561e-01,6.114099e-01,-1.150942e+00,-0.022030,0.219703,-0.321554,,,,0.943269,-0.514188,-0.351062,0.971095,-0.513395,-0.349269,1.258710e-01,5.599420e-01,-7.296138e-01,1.075662,-0.698494,-0.327692,1.075421,-0.698583,-0.327804,0.008156,0.798484,1,a
18.850000,477,SS,3,3.501390e-01,-1.249017e+00,1.887626e+00,4.536970e-01,2.438121e-01,-2.010225e-02,planned,-1.372801e-01,6.338013e-01,-1.180472e+00,-0.020453,0.218044,-0.318830,,,,0.943956,-0.514171,-0.351106,0.976817,-0.513270,-0.348972,1.157182e-01,6.572207e-01,-8.942816e-01,1.076414,-0.698430,-0.327622,1.076066,-0.698573,-0.327799,0.011444,0.797472,1,a
18.950000,478,SS,3,4.248940e-01,-1.359578e+00,2.051891e+00,5.439940e-01,2.893805e-01,-4.190654e-02,planned,-1.291312e-01,6.607462e-01,-1.217588e+00,-0.018929,0.216531,-0.316338,,,,0.944917,-0.514142,-0.351160,0.982539,-0.513144,-0.348675,1.083644e-01,7.428535e-01,-1.035452e+00,1.077475,-0.698344,-0.327541,1.077011,-0.698559,-0.327792,0.014903,0.796086,1,a
19.050000,479,SS,3,4.956031e-01,-1.453920e+00,2.183669e+00,6.316165e-01,3.320109e-01,-6.401772e-02,planned,-1.213064e-01,6.912948e-01,-1.260451e+00,-0.017466,0.215181,-0.314106,,,,0.946192,-0.514099,-0.351228,0.988261,-0.513019,-0.348378,1.048673e-01,8.122477e-01,-1.144474e+00,1.078888,-0.698233,-0.327451,1.078301,-0.698539,-0.327782,0.018399,0.794267,1,a
19.150000,480,SS,3,5.635995e-01,-1.534581e+00,2.287330e+00,7.176797e-01,3.704082e-01,-8.436910e-02,planned,-1.137798e-01,7.252258e-01,-1.308614e+00,-0.016071,0.214003,-0.312154,,,,0.947814,-0.514040,-0.351309,0.993983,-0.512893,-0.348081,1.013338e-01,8.783503e-01,-1.247815e+00,1.080689,-0.698096,-0.327354,1.079978,-0.698514,-0.327770,0.021818,0.791964,1,a
19.250000,481,SS,3,6.287597e-01,-1.606123e+00,2.369491e+00,8.021631e-01,4.047594e-01,-1.029132e-01,planned,-1.065302e-01,7.623261e-01,-1.361653e+00,-0.014751,0.213010,-0.310503,,,,0.949813,-0.513963,-0.351406,0.999862,-0.512769,-0.347782,9.914250e-02,9.375541e-01,-1.336939e+00,1.082914,-0.697930,-0.327251,1.082079,-0.698482,-0.327754,0.025069,0.789130,1,a
19.350000,482,SS,3,6.901180e-01,-1.710837e+00,2.490366e+00,8.848293e-01,4.359301e-01,-1.204387e-01,planned,-9.949737e-02,8.025788e-01,-1.419273e+00,-0.013510,0.212211,-0.309171,,,,0.952215,-0.513868,-0.351519,1.007250,-0.512650,-0.347467,9.837154e-02,1.001154e+00,-1.425205e+00,1.085591,-0.697733,-0.327144,1.084636,-0.698443,-0.327735,0.028079,0.785722,1,a
19.450000,483,SS,3,7.484477e-01,-1.799797e+00,2.581251e+00,9.654465e-01,4.639047e-01,-1.366354e-01,planned,-9.266313e-02,8.457148e-01,-1.480965e+00,-0.012351,0.211616,-0.308173,,,,0.955046,-0.513753,-0.351649,1.014638,-0.512531,-0.347152,9.842116e-02,1.051738e+00,-1.493086e+00,1.088749,-0.697504,-0.327034,1.087677,-0.698397,-0.327712,0.030796,0.781705,1,a
19.550000,484,SS,3,8.033871e-01,-1.873173e+00,2.641889e+00,1.043564e+00,4.885944e-01,-1.520214e-01,planned,-8.596639e-02,8.913251e-01,-1.545946e+00,-0.011276,0.211231,-0.307521,,,,0.958325,-0.513618,-0.351794,1.022026,-0.512412,-0.346836,9.976782e-02,1.094636e+00,-1.545375e+00,1.092410,-0.697243,-0.326922,1.091226,-0.698343,-0.327686,0.033185,0.777047,1,a
19.650000,485,SS,3,8.547972e-01,-1.931909e+00,2.673312e+00,1.118850e+00,5.094736e-01,-1.666074e-01,planned,-7.936389e-02,9.391102e-01,-1.613613e+00,-0.010286,0.211064,-0.307223,,,,0.962068,-0.513462,-0.351954,1.029414,-0.512293,-0.346521,1.019993e-01,1.129980e+00,-1.583458e+00,1.096592,-0.696948,-0.326807,1.095302,-0.698281,-0.327655,0.035227,0.771724,1,a
19.750000,486,SS,3,9.024606e-01,-1.976616e+00,2.676348e+00,1.190903e+00,5.261994e-01,-1.803934e-01,planned,-7.281059e-02,9.887566e-01,-1.683354e+00,-0.009380,0.211117,-0.307285,,,,0.966289,-0.513286,-0.352129,1.036802,-0.512174,-0.346205,1.051463e-01,1.157820e+00,-1.607329e+00,1.101310,-0.696619,-0.326691,1.099921,-0.698210,-0.327621,0.036918,0.765716,1,a
19.850000,487,SS,3,9.467445e-01,-2.036394e+00,2.695414e+00,1.259346e+00,5.390322e-01,-1.937208e-01,planned,-6.626949e-02,1.040141e+00,-1.754803e+00,-0.008557,0.211394,-0.307709,,,,0.970996,-0.513091,-0.352318,1.045221,-0.512080,-0.345915,1.089439e-01,1.186533e+00,-1.627622e+00,1.106574,-0.696259,-0.326574,1.105095,-0.698132,-0.327582,0.038258,0.759007,1,a
19.950000,488,SS,3,9.871165e-01,-2.089777e+00,2.698832e+00,1.323828e+00,5.480713e-01,-2.065305e-01,planned,-5.972647e-02,1.093066e+00,-1.827563e+00,-0.007814,0.211898,-0.308498,,,,0.976197,-0.512877,-0.352518,1.053911,-0.511994,-0.345632,1.129864e-01,1.206905e+00,-1.634410e+00,1.112392,-0.695866,-0.326456,1.110832,-0.698044,-0.327539,0.039259,0.751587,1,a
20.050000,489,SS,3,1.023151e+00,-2.129507e+00,2.675883e+00,1.383888e+00,5.532215e-01,-2.189145e-01,planned,-5.315090e-02,1.147161e+00,-1.900992e+00,-0.007148,0.212630,-0.309650,,,,0.981897,-0.512645,-0.352729,1.062601,-0.511908,-0.345349,1.174985e-01,1.218892e+00,-1.627110e+00,1.118770,-0.695442,-0.326338,1.117136,-0.697949,-0.327492,0.039937,0.743449,1,a
20.150000,490,SS,3,1.054700e+00,-2.156700e+00,2.628042e+00,1.439165e+00,5.540529e-01,-2.309916e-01,planned,-4.651914e-02,1.202108e+00,-1.974539e+00,-0.006555,0.213588,-0.311160,,,,0.988095,-0.512397,-0.352949,1.071290,-0.511821,-0.345066,1.222238e-01,1.223909e+00,-1.608233e+00,1.125707,-0.694990,-0.326219,1.124010,-0.697844,-0.327441,0.040315,0.734591,1,a
20.250000,491,SS,3,1.081644e+00,-2.172347e+00,2.556874e+00,1.489335e+00,5.502120e-01,-2.427257e-01,planned,-3.981336e-02,1.257609e+00,-2.047705e+00,-0.006032,0.214772,-0.313022,,,,0.994790,-0.512135,-0.353176,1.079980,-0.511735,-0.344783,1.270621e-01,1.222108e+00,-1.578385e+00,1.133202,-0.694510,-0.326100,1.131451,-0.697731,-0.327386,0.040418,0.725016,1,a
20.350000,492,SS,3,1.104864e+00,-2.187229e+00,2.481194e+00,1.534128e+00,5.416842e-01,-2.542130e-01,planned,-3.302628e-02,1.313444e+00,-2.120105e+00,-0.005572,0.216178,-0.315227,,,,1.001977,-0.511861,-0.353407,1.089129,-0.511675,-0.344536,1.317528e-01,1.217144e+00,-1.542495e+00,1.141249,-0.694006,-0.325981,1.139454,-0.697609,-0.327326,0.040274,0.714731,1,a
20.450000,493,SS,3,1.124367e+00,-2.202018e+00,2.402989e+00,1.573334e+00,5.287073e-01,-2.654743e-01,planned,-2.616623e-02,1.369433e+00,-2.191446e+00,-0.005172,0.217802,-0.317766,,,,1.009647,-0.511577,-0.353641,1.098757,-0.511641,-0.344326,1.359761e-01,1.207914e+00,-1.500129e+00,1.149840,-0.693479,-0.325862,1.148011,-0.697479,-0.327262,0.039911,0.703745,1,a
20.550000,494,SS,3,1.139059e+00,-2.206642e+00,2.305574e+00,1.606709e+00,5.113561e-01,-2.764086e-01,planned,-1.923850e-02,1.425288e+00,-2.261312e+00,-0.004825,0.219640,-0.320626,,,,1.017792,-0.511284,-0.353875,1.108385,-0.511608,-0.344116,1.398165e-01,1.190884e+00,-1.447273e+00,1.158965,-0.692931,-0.325744,1.157112,-0.697341,-0.327194,0.039353,0.692071,1,a
20.650000,495,SS,3,1.148863e+00,-2.202083e+00,2.190613e+00,1.634027e+00,4.894597e-01,-2.870753e-01,planned,-1.224359e-02,1.480713e+00,-2.329274e+00,-0.004527,0.221686,-0.323795,,,,1.026401,-0.510986,-0.354107,1.118013,-0.511574,-0.343905,1.433248e-01,1.168005e+00,-1.386347e+00,1.168610,-0.692366,-0.325626,1.166744,-0.697194,-0.327122,0.038629,0.679727,1,a
20.750000,496,SS,3,1.153816e+00,-2.189407e+00,2.059973e+00,1.655178e+00,4.628446e-01,-2.974665e-01,planned,-5.188318e-03,1.535451e+00,-2.394983e+00,-0.004271,0.223932,-0.327256,,,,1.035457,-0.510685,-0.354336,1.127640,-0.511541,-0.343695,1.463468e-01,1.139533e+00,-1.318285e+00,1.178759,-0.691787,-0.325509,1.176889,-0.697040,-0.327047,0.037763,0.666732,1,a
20.850000,497,SS,3,1.154528e+00,-2.170518e+00,1.918543e+00,1.670115e+00,4.315184e-01,-3.075325e-01,planned,1.914050e-03,1.589260e+00,-2.458125e+00,-0.004051,0.226371,-0.330993,,,,1.044946,-0.510383,-0.354558,1.137377,-0.511519,-0.343504,1.487544e-01,1.106327e+00,-1.244516e+00,1.189395,-0.691195,-0.325393,1.187531,-0.696878,-0.326967,0.036778,0.653110,1,a
20.950000,498,SS,3,1.152874e+00,-2.149337e+00,1.778133e+00,1.678857e+00,3.958302e-01,-3.173280e-01,planned,9.032750e-03,1.641950e+00,-2.518484e+00,-0.003863,0.228993,-0.334989,,,,1.054848,-0.510082,-0.354772,1.147581,-0.511552,-0.343394,1.501611e-01,1.070375e+00,-1.168117e+00,1.200496,-0.690594,-0.325278,1.198648,-0.696709,-0.326884,0.035696,0.638888,1,a
21.050000,499,SS,3,1.146665e+00,-2.121718e+00,1.627165e+00,1.681444e+00,3.561832e-01,-3.267135e-01,planned,1.614080e-02,1.693301e+00,-2.575821e+00,-0.003700,0.231790,-0.339224,,,,1.065145,-0.509785,-0.354975,1.157785,-0.511584,-0.343284,1.507057e-01,1.028160e+00,-1.085338e+00,1.212041,-0.689987,-0.325164,1.210218,-0.696533,-0.326798,0.034533,0.624092,1,a
21.150000,500,SS,3,1.135937e+00,-2.088468e+00,1.467351e+00,1.677845e+00,3.127096e-01,-3.357277e-01,planned,2.322081e-02,1.743075e+00,-2.629864e+00,-0.003557,0.234750,-0.343678,,,,1.075814,-0.509494,-0.355167,1.167989,-0.511616,-0.343174,1.505989e-01,9.816521e-01,-9.981886e-01,1.224005,-0.689377,-0.325051,1.222217,-0.696351,-0.326709,0.033306,0.608756,1,a
21.250000,501,SS,3,1.120869e+00,-2.050468e+00,1.300551e+00,1.668174e+00,2.655635e-01,-3.443936e-01,planned,3.025079e-02,1.791066e+00,-2.680403e+00,-0.003429,0.237864,-0.348332,,,,1.086833,-0.509212,-0.355344,1.178193,-0.511649,-0.343065,1.497065e-01,9.309727e-01,-9.074172e-01,1.236363,-0.688766,-0.324940,1.234617,-0.696162,-0.326616,0.032028,0.592911,1,a
21.350000,502,SS,3,1.101671e+00,-2.008461e+00,1.128594e+00,1.652600e+00,2.150169e-01,-3.526754e-01,planned,3.720660e-02,1.837075e+00,-2.727250e+00,-0.003310,0.241118,-0.353162,,,,1.098177,-0.508940,-0.355505,1.188397,-0.511681,-0.342955,1.480138e-01,8.764654e-01,-8.136565e-01,1.249086,-0.688157,-0.324831,1.247392,-0.695968,-0.326521,0.030712,0.576594,1,a
21.450000,503,SS,3,1.081433e+00,-1.955681e+00,9.515378e-01,1.631344e+00,1.614904e-01,-3.606032e-01,planned,4.404444e-02,1.880881e+00,-2.770230e+00,-0.003196,0.244502,-0.358148,,,,1.109819,-0.508681,-0.355650,1.198791,-0.511776,-0.342946,1.450798e-01,8.180911e-01,-7.176211e-01,1.262147,-0.687553,-0.324724,1.260510,-0.695768,-0.326423,0.029367,0.559842,1,a
21.550000,504,SS,3,1.057870e+00,-1.898929e+00,7.725966e-01,1.604644e+00,1.055849e-01,-3.681002e-01,planned,5.072875e-02,1.922320e+00,-2.809228e+00,-0.003082,0.248002,-0.363265,,,,1.121735,-0.508436,-0.355775,1.209210,-0.511879,-0.342949,1.411068e-01,7.563278e-01,-6.199827e-01,1.275513,-0.686956,-0.324620,1.273942,-0.695564,-0.326323,0.028004,0.542694,1,a
21.650000,505,SS,3,1.030743e+00,-1.839756e+00,5.936936e-01,1.572645e+00,4.775762e-02,-3.751437e-01,planned,5.722878e-02,1.961237e+00,-2.844142e+00,-0.002965,0.251604,-0.368492,,,,1.133894,-0.508209,-0.355881,1.219629,-0.511981,-0.342953,1.362745e-01,6.919773e-01,-5.214906e-01,1.289155,-0.686370,-0.324518,1.287655,-0.695355,-0.326220,0.026629,0.525192,1,a
21.750000,506,SS,3,1.000260e+00,-1.778749e+00,4.165024e-01,1.535578e+00,-1.148705e-02,-3.817427e-01,planned,6.351291e-02,1.997489e+00,-2.874894e+00,-0.002839,0.255296,-0.373804,,,,1.146270,-0.507999,-0.355967,1.230048,-0.512084,-0.342957,1.305382e-01,6.253184e-01,-4.227677e-01,1.303039,-0.685796,-0.324418,1.301616,-0.695143,-0.326116,0.025250,0.507377,1,a
21.850000,507,SS,3,9.666542e-01,-1.716429e+00,2.426791e-01,1.493721e+00,-7.156241e-02,-3.878742e-01,planned,6.954720e-02,2.030950e+00,-2.901436e+00,-0.002701,0.259062,-0.379177,,,,1.158832,-0.507809,-0.356031,1.240467,-0.512187,-0.342961,1.239043e-01,5.570402e-01,-3.246926e-01,1.317131,-0.685237,-0.324322,1.315790,-0.694928,-0.326011,0.023874,0.489292,1,a
21.950000,508,SS,3,9.320013e-01,-1.641307e+00,6.278429e-02,1.447379e+00,-1.318989e-01,-3.934333e-01,planned,7.528596e-02,2.061458e+00,-2.923700e+00,-0.002549,0.262890,-0.384589,,,,1.171551,-0.507641,-0.356073,1.250801,-0.512329,-0.343030,1.159458e-01,4.849051e-01,-2.254791e-01,1.331398,-0.684694,-0.324228,1.330142,-0.694709,-0.325903,0.022510,0.470983,1,a
22.050000,509,SS,3,8.959613e-01,-1.557250e+00,-1.181611e-01,1.396854e+00,-1.918517e-01,-3.980820e-01,planned,8.067835e-02,2.088810e+00,-2.941591e+00,-0.002380,0.266764,-0.390016,,,,1.184395,-0.507495,-0.356092,1.261073,-0.512498,-0.343146,1.068238e-01,4.097228e-01,-1.260981e-01,1.345804,-0.684171,-0.324138,1.344637,-0.694489,-0.325795,0.021167,0.452495,1,a
22.150000,510,SS,3,8.572861e-01,-1.473523e+00,-2.906990e-01,1.342325e+00,-2.507954e-01,-4.019773e-01,planned,8.568695e-02,2.112911e+00,-2.955117e+00,-0.002190,0.270670,-0.395433,,,,1.197335,-0.507372,-0.356089,1.271346,-0.512667,-0.343262,9.681812e-02,3.340455e-01,-2.906873e-02,1.360313,-0.683670,-0.324051,1.359238,-0.694267,-0.325686,0.019856,0.433873,1,a
22.250000,511,SS,3,8.161030e-01,-1.390575e+00,-4.533574e-01,1.284019e+00,-3.080182e-01,-4.050994e-01,planned,9.027134e-02,2.133677e+00,-2.964313e+00,-0.001979,0.274592,-0.400817,,,,1.210338,-0.507274,-0.356063,1.281619,-0.512836,-0.343378,8.587701e-02,2.571566e-01,6.604535e-02,1.374891,-0.683191,-0.323969,1.373907,-0.694044,-0.325577,0.018586,0.415165,1,a
22.350000,512,SS,3,7.725418e-01,-1.308850e+00,-6.047799e-01,1.222191e+00,-3.627917e-01,-4.074651e-01,planned,9.439302e-02,2.150990e+00,-2.969188e+00,-0.001745,0.278516,-0.406145,,,,1.223374,-0.507202,-0.356016,1.291892,-0.513006,-0.343493,7.414881e-02,1.784672e-01,1.599105e-01,1.389500,-0.682738,-0.323889,1.388609,-0.693820,-0.325467,0.017361,0.396417,1,a
22.450000,513,SS,3,7.274658e-01,-1.220409e+00,-7.535841e-01,1.157101e+00,-4.146172e-01,-4.093062e-01,planned,9.801911e-02,2.164684e+00,-2.969702e+00,-0.001487,0.282427,-0.411394,,,,1.236410,-0.507154,-0.355947,1.302022,-0.513190,-0.343636,6.177542e-02,9.632356e-02,2.542910e-01,1.404104,-0.682310,-0.323814,1.403306,-0.693597,-0.325358,0.016178,0.377676,1,a
22.550000,514,SS,3,6.821881e-01,-1.113052e+00,-9.136519e-01,1.089066e+00,-4.634921e-01,-4.107915e-01,planned,1.011281e-01,2.174544e+00,-2.965755e+00,-0.001205,0.286308,-0.416540,,,,1.249413,-0.507133,-0.355856,1.311787,-0.513413,-0.343847,4.903332e-02,9.820632e-03,3.505693e-01,1.418669,-0.681911,-0.323743,1.417961,-0.693374,-0.325248,0.015027,0.358989,1,a
22.650000,515,SS,3,6.350975e-01,-1.010490e+00,-1.058307e+00,1.018487e+00,-5.095300e-01,-4.120120e-01,planned,1.037189e-01,2.180584e+00,-2.957445e+00,-0.000897,0.290144,-0.421562,,,,1.262352,-0.507138,-0.355746,1.321553,-0.513636,-0.344057,3.634917e-02,-7.173613e-02,4.394253e-01,1.433156,-0.681541,-0.323677,1.432537,-0.693152,-0.325140,0.013887,0.340403,1,a
22.750000,516,SS,3,5.865414e-01,-9.132678e-01,-1.186174e+00,9.458042e-01,-5.522995e-01,-4.127058e-01,planned,1.057664e-01,2.183005e+00,-2.945120e+00,-0.000563,0.293920,-0.426437,,,,1.275194,-0.507170,-0.355616,1.331318,-0.513859,-0.344268,2.272111e-02,-1.498367e-01,5.209285e-01,1.447530,-0.681202,-0.323615,1.446996,-0.692932,-0.325032,0.012768,0.321965,1,a
22.850000,517,SS,3,5.367797e-01,-8.210266e-01,-1.295537e+00,8.714512e-01,-5.908321e-01,-4.114460e-01,planned,1.072203e-01,2.181786e+00,-2.928924e+00,-0.000204,0.297622,-0.431146,,,,1.287910,-0.507227,-0.355468,1.341084,-0.514082,-0.344479,8.115833e-03,-2.288999e-01,5.997663e-01,1.461756,-0.680894,-0.323558,1.461304,-0.692715,-0.324925,0.011694,0.303720,1,a
22.950000,518,SS,3,4.857528e-01,-7.340289e-01,-1.385508e+00,7.955705e-01,-6.242435e-01,-4.082751e-01,planned,1.080471e-01,2.176895e+00,-2.908962e+00,0.000180,0.301236,-0.435669,,,,1.300469,-0.507309,-0.355302,1.350849,-0.514305,-0.344690,-7.022496e-03,-3.064798e-01,6.739720e-01,1.475801,-0.680618,-0.323505,1.475424,-0.692500,-0.324820,0.010682,0.285714,1,a
23.050000,519,SS,3,4.351291e-01,-6.149982e-01,-1.503706e+00,7.184060e-01,-6.523762e-01,-4.030552e-01,planned,1.082226e-01,2.168086e+00,-2.885113e+00,0.000587,0.304748,-0.439986,,,,1.312842,-0.507417,-0.355121,1.359762,-0.514560,-0.344963,-2.258933e-02,-3.942429e-01,7.562939e-01,1.489629,-0.680376,-0.323456,1.489321,-0.692289,-0.324716,0.009769,0.267991,1,a
23.150000,520,SS,3,3.834922e-01,-5.034114e-01,-1.600718e+00,6.403217e-01,-6.757118e-01,-3.955351e-01,planned,1.077558e-01,2.155315e+00,-2.857379e+00,0.001017,0.308143,-0.444079,,,,1.325000,-0.507548,-0.354925,1.368658,-0.514816,-0.345238,-3.783078e-02,-4.753382e-01,8.296822e-01,1.503208,-0.680168,-0.323412,1.502961,-0.692081,-0.324614,0.008961,0.250595,1,a
23.250000,521,SS,3,3.310303e-01,-4.007408e-01,-1.674887e+00,5.616448e-01,-6.937810e-01,-3.862845e-01,planned,1.066264e-01,2.138745e+00,-2.826081e+00,0.001469,0.311407,-0.447929,,,,1.336913,-0.507702,-0.354717,1.377553,-0.515072,-0.345513,-5.353590e-02,-5.538360e-01,8.966379e-01,1.516504,-0.679994,-0.323372,1.516312,-0.691878,-0.324515,0.008287,0.233567,1,a
23.350000,522,SS,3,2.779000e-01,-3.070599e-01,-1.725356e+00,4.827288e-01,-7.059343e-01,-3.747042e-01,planned,1.048261e-01,2.118444e+00,-2.791414e+00,0.001941,0.314528,-0.451521,,,,1.348554,-0.507879,-0.354497,1.386449,-0.515327,-0.345787,-6.911234e-02,-6.292178e-01,9.580123e-01,1.529487,-0.679856,-0.323337,1.529341,-0.691680,-0.324418,0.007767,0.216949,1,a
23.450000,523,SS,3,2.242641e-01,-2.227672e-01,-1.751724e+00,4.039044e-01,-7.116782e-01,-3.609825e-01,planned,1.023557e-01,2.094510e+00,-2.753583e+00,0.002430,0.317493,-0.454839,,,,1.359897,-0.508077,-0.354269,1.395344,-0.515583,-0.346062,-8.452522e-02,-7.012560e-01,1.013510e+00,1.542127,-0.679752,-0.323306,1.542017,-0.691487,-0.324323,0.007423,0.200779,1,a
23.550000,524,SS,3,1.705458e-01,-1.182973e-01,-1.796254e+00,3.255556e-01,-7.110967e-01,-3.449149e-01,planned,9.924064e-02,2.066810e+00,-2.712521e+00,0.002936,0.320290,-0.457868,,,,1.370917,-0.508295,-0.354034,1.403403,-0.515842,-0.346351,-9.893848e-02,-7.786636e-01,1.074210e+00,1.554397,-0.679684,-0.323280,1.554312,-0.691300,-0.324231,0.007274,0.185094,1,a
23.650000,525,SS,3,1.170422e-01,-1.202920e-02,-1.835329e+00,2.482127e-01,-7.053391e-01,-3.265523e-01,planned,9.553360e-02,2.035364e+00,-2.668233e+00,0.003456,0.322907,-0.460595,,,,1.381589,-0.508532,-0.353793,1.411065,-0.516102,-0.346646,-1.122936e-01,-8.520588e-01,1.130064e+00,1.566268,-0.679651,-0.323257,1.566197,-0.691120,-0.324143,0.007319,0.169931,1,a
23.750000,526,SS,3,6.417028e-02,8.050511e-02,-1.847966e+00,1.724479e-01,-6.946126e-01,-3.062250e-01,planned,9.125807e-02,2.000387e+00,-2.621021e+00,0.003991,0.325332,-0.463006,,,,1.391889,-0.508787,-0.353549,1.418727,-0.516363,-0.346941,-1.251124e-01,-9.187399e-01,1.176907e+00,1.577714,-0.679653,-0.323238,1.577647,-0.690945,-0.324057,0.007550,0.155323,1,a
23.850000,527,SS,3,1.224918e-02,1.592654e-01,-1.834000e+00,9.869753e-02,-6.785161e-01,-2.838782e-01,planned,8.643704e-02,1.962095e+00,-2.571184e+00,0.004537,0.327557,-0.465090,,,,1.401797,-0.509058,-0.353303,1.426388,-0.516623,-0.347236,-1.371783e-01,-9.797737e-01,1.216552e+00,1.588713,-0.679690,-0.323223,1.588638,-0.690778,-0.323975,0.007945,0.141301,1,a
23.950000,528,SS,3,-3.843188e-02,2.241930e-01,-1.793555e+00,2.736601e-02,-6.567130e-01,-2.596860e-01,planned,8.110295e-02,1.920697e+00,-2.518995e+00,0.005094,0.329570,-0.466838,,,,1.411292,-0.509345,-0.353058,1.434050,-0.516884,-0.347531,-1.483555e-01,-1.034823e+00,1.248953e+00,1.599242,-0.679761,-0.323211,1.599148,-0.690618,-0.323897,0.008479,0.127893,1,a
24.050000,529,SS,3,-8.807258e-02,2.932023e-01,-1.755326e+00,-4.113699e-02,-6.293072e-01,-2.338000e-01,planned,7.531118e-02,1.876269e+00,-2.464549e+00,0.005660,0.331366,-0.468241,,,,1.420357,-0.509645,-0.352815,1.441111,-0.517133,-0.347814,-1.579485e-01,-1.089353e+00,1.281497e+00,1.609283,-0.679865,-0.323202,1.609156,-0.690466,-0.323822,0.009122,0.115126,1,a
24.150000,530,SS,3,-1.365485e-01,3.764700e-01,-1.737817e+00,-1.062921e-01,-5.976081e-01,-2.063084e-01,planned,6.915449e-02,1.828811e+00,-2.407768e+00,0.006235,0.332935,-0.469293,,,,1.428975,-0.509958,-0.352577,1.447173,-0.517364,-0.348075,-1.653629e-01,-1.144208e+00,1.316386e+00,1.618817,-0.680001,-0.323197,1.618646,-0.690322,-0.323751,0.009850,0.103024,1,a
24.250000,531,SS,3,-1.823006e-01,4.417425e-01,-1.693362e+00,-1.674373e-01,-5.628639e-01,-1.778174e-01,planned,6.270284e-02,1.778634e+00,-2.348942e+00,0.006818,0.334270,-0.469986,,,,1.437131,-0.510282,-0.352344,1.453236,-0.517594,-0.348337,-1.716316e-01,-1.187776e+00,1.338793e+00,1.627828,-0.680170,-0.323194,1.627602,-0.690186,-0.323685,0.010641,0.091609,1,a
24.350000,532,SS,3,-2.248617e-01,4.894075e-01,-1.622521e+00,-2.241073e-01,-5.247624e-01,-1.487500e-01,planned,5.599354e-02,1.726113e+00,-2.288520e+00,0.007410,0.335367,-0.470316,,,,1.444812,-0.510617,-0.352119,1.459298,-0.517825,-0.348598,-1.768902e-01,-1.223111e+00,1.351924e+00,1.636303,-0.680368,-0.323193,1.636010,-0.690058,-0.323622,0.011473,0.080897,1,a
24.450000,533,SS,3,-2.639658e-01,5.200344e-01,-1.526013e+00,-2.759796e-01,-4.830246e-01,-1.191449e-01,planned,4.907669e-02,1.671584e+00,-2.226870e+00,0.008009,0.336221,-0.470281,,,,1.452009,-0.510961,-0.351902,1.465361,-0.518056,-0.348860,-1.809208e-01,-1.249846e+00,1.356065e+00,1.644232,-0.680596,-0.323195,1.643862,-0.689938,-0.323563,0.012330,0.070903,1,a
24.550000,534,SS,3,-2.995861e-01,5.378290e-01,-1.411376e+00,-3.227678e-01,-4.375455e-01,-8.947816e-02,planned,4.200712e-02,1.615372e+00,-2.164336e+00,0.008616,0.336829,-0.469881,,,,1.458714,-0.511312,-0.351695,1.471278,-0.518281,-0.349114,-1.836091e-01,-1.269117e+00,1.352703e+00,1.651609,-0.680851,-0.323198,1.651150,-0.689828,-0.323509,0.013194,0.061640,1,a
24.650000,535,SS,3,-3.342510e-01,5.855420e-01,-1.354152e+00,-3.641929e-01,-3.894754e-01,-5.963010e-02,planned,3.490495e-02,1.557444e+00,-2.100763e+00,0.009230,0.337191,-0.469117,,,,1.464924,-0.511670,-0.351500,1.475374,-0.518444,-0.349280,-1.830667e-01,-1.294460e+00,1.360718e+00,1.658427,-0.681132,-0.323203,1.657870,-0.689725,-0.323459,0.014046,0.053116,1,a
24.750000,536,SS,3,-3.641478e-01,6.132542e-01,-1.272859e+00,-3.996392e-01,-3.412713e-01,-3.023696e-02,planned,2.787695e-02,1.498187e+00,-2.036410e+00,0.009852,0.337305,-0.467990,,,,1.470632,-0.512034,-0.351317,1.479470,-0.518606,-0.349446,-1.811299e-01,-1.304227e+00,1.352423e+00,1.664685,-0.681438,-0.323208,1.664021,-0.689632,-0.323413,0.014884,0.045339,1,a
24.850000,537,SS,3,-3.887684e-01,6.219240e-01,-1.168994e+00,-4.287321e-01,-2.926759e-01,-2.353713e-03,planned,2.095633e-02,1.438143e+00,-1.971922e+00,0.010484,0.337171,-0.466505,,,,1.475838,-0.512402,-0.351148,1.483566,-0.518768,-0.349612,-1.783773e-01,-1.303353e+00,1.332087e+00,1.670382,-0.681765,-0.323215,1.669606,-0.689547,-0.323371,0.015688,0.038311,1,a
24.950000,538,SS,3,-4.079789e-01,6.130422e-01,-1.043785e+00,-4.513171e-01,-2.433409e-01,2.452045e-02,planned,1.419248e-02,1.377769e+00,-1.907789e+00,0.011126,0.336793,-0.464668,,,,1.480547,-0.512774,-0.350992,1.487662,-0.518930,-0.349778,-1.744448e-01,-1.291756e+00,1.300750e+00,1.675522,-0.682113,-0.323222,1.674629,-0.689471,-0.323334,0.016445,0.032032,1,a
25.050000,539,SS,3,-4.216889e-01,5.878946e-01,-8.991567e-01,-4.673478e-01,-1.930683e-01,4.984161e-02,planned,7.633330e-03,1.317541e+00,-1.844524e+00,0.011778,0.336175,-0.462491,,,,1.484765,-0.513147,-0.350850,1.491758,-0.519092,-0.349944,-1.694513e-01,-1.269423e+00,1.258069e+00,1.680116,-0.682479,-0.323229,1.679100,-0.689403,-0.323300,0.017141,0.026501,1,a
25.150000,540,SS,3,-4.339576e-01,5.875620e-01,-8.136770e-01,-4.768009e-01,-1.427669e-01,7.382352e-02,planned,1.393289e-03,1.257572e+00,-1.782126e+00,0.012439,0.335323,-0.459984,,,,1.488503,-0.513522,-0.350724,1.494051,-0.519169,-0.349985,-1.612774e-01,-1.250747e+00,1.224393e+00,1.684173,-0.682860,-0.323235,1.683032,-0.689343,-0.323271,0.017753,0.021715,1,a
25.250000,541,SS,3,-4.413256e-01,5.814455e-01,-7.339500e-01,-4.793319e-01,-9.513993e-02,9.602212e-02,planned,-4.403419e-03,1.198242e+00,-1.720820e+00,0.013112,0.334245,-0.457159,,,,1.491769,-0.513896,-0.350612,1.495812,-0.519221,-0.349988,-1.512671e-01,-1.219709e+00,1.179115e+00,1.687707,-0.683254,-0.323242,1.686441,-0.689291,-0.323246,0.018282,0.017667,1,a
25.350000,542,SS,3,-4.420358e-01,5.583995e-01,-6.392641e-01,-4.746324e-01,-5.069387e-02,1.153972e-01,planned,-9.711753e-03,1.140175e+00,-1.661302e+00,0.013798,0.332947,-0.454032,,,,1.494580,-0.514269,-0.350514,1.497572,-0.519273,-0.349991,-1.405343e-01,-1.175218e+00,1.118520e+00,1.690735,-0.683659,-0.323247,1.689349,-0.689247,-0.323224,0.018713,0.014349,1,a
25.450000,543,SS,3,-4.360034e-01,5.206981e-01,-5.317638e-01,-4.626774e-01,-9.091316e-03,1.323338e-01,planned,-1.449084e-02,1.083953e+00,-1.604229e+00,0.014496,0.331441,-0.450621,,,,1.496954,-0.514640,-0.350432,1.499333,-0.519325,-0.349995,-1.288232e-01,-1.118611e+00,1.044886e+00,1.693279,-0.684071,-0.323252,1.691780,-0.689210,-0.323206,0.019030,0.011736,1,a
25.550000,544,SS,3,-4.232729e-01,4.705213e-01,-4.142096e-01,-4.435927e-01,2.984212e-02,1.466230e-01,planned,-1.869425e-02,1.030148e+00,-1.550229e+00,0.015207,0.329740,-0.446947,,,,1.498915,-0.515007,-0.350363,1.501093,-0.519376,-0.349998,-1.161017e-01,-1.050021e+00,9.583659e-01,1.695368,-0.684488,-0.323255,1.693763,-0.689180,-0.323191,0.019223,0.009782,1,a
25.650000,545,SS,3,-4.026210e-01,4.289973e-01,-3.124874e-01,-4.175242e-01,6.567349e-02,1.581939e-01,planned,-2.227422e-02,9.791791e-01,-1.499778e+00,0.015931,0.327859,-0.443036,,,,1.500493,-0.515368,-0.350308,1.502026,-0.519404,-0.350000,-1.021501e-01,-9.747279e-01,8.650493e-01,1.697032,-0.684906,-0.323257,1.695332,-0.689156,-0.323179,0.019279,0.008404,1,a
25.750000,546,SS,3,-3.738424e-01,3.995887e-01,-2.322208e-01,-3.845408e-01,9.734518e-02,1.669271e-01,planned,-2.516400e-02,9.314702e-01,-1.453306e+00,0.016667,0.325814,-0.438914,,,,1.501717,-0.515724,-0.350266,1.502026,-0.519404,-0.350000,-8.682331e-02,-8.916619e-01,7.640637e-01,1.698307,-0.685322,-0.323257,1.696525,-0.689138,-0.323170,0.019192,0.007470,1,a
25.850000,547,SS,3,-3.382162e-01,3.619566e-01,-1.504059e-01,-3.446491e-01,1.242160e-01,1.723037e-01,planned,-2.729517e-02,8.876614e-01,-1.411471e+00,0.017413,0.323623,-0.434611,,,,1.502623,-0.516071,-0.350237,1.502026,-0.519404,-0.350000,-7.026994e-02,-7.946368e-01,6.482410e-01,1.699232,-0.685733,-0.323256,1.697384,-0.689125,-0.323164,0.018956,0.006829,1,a
25.950000,548,SS,3,-2.956699e-01,3.186184e-01,-7.053390e-02,-2.979407e-01,1.460672e-01,1.741506e-01,planned,-2.861105e-02,8.483977e-01,-1.374980e+00,0.018170,0.321306,-0.430159,,,,1.503251,-0.516409,-0.350219,1.502026,-0.519404,-0.350000,-5.239603e-02,-6.853606e-01,5.194516e-01,1.699854,-0.686135,-0.323254,1.697956,-0.689116,-0.323160,0.018563,0.006343,1,a
26.050000,549,SS,3,-2.461625e-01,2.721508e-01,3.642077e-03,-2.445220e-01,1.625585e-01,1.723883e-01,planned,-2.904442e-02,8.143085e-01,-1.344508e+00,0.018935,0.318885,-0.425596,,,,1.503645,-0.516736,-0.350212,1.502026,-0.519404,-0.350000,-3.303098e-02,-5.639498e-01,3.780676e-01,1.700222,-0.686525,-0.323250,1.698295,-0.689111,-0.323157,0.018012,0.005914,1,a
26.150000,550,SS,3,-1.895808e-01,2.251103e-01,6.804469e-02,-1.844562e-01,1.731794e-01,1.667197e-01,planned,-2.852208e-02,7.860172e-01,-1.320719e+00,0.019708,0.316387,-0.420960,,,,1.503856,-0.517050,-0.350215,1.502026,-0.519404,-0.350000,-1.200964e-02,-4.311561e-01,2.249610e-01,1.700391,-0.686897,-0.323244,1.698457,-0.689108,-0.323156,0.017307,0.005494,1,a
26.250000,551,SS,3,-1.257585e-01,1.799873e-01,1.183309e-01,-1.177778e-01,1.771772e-01,1.567526e-01,planned,-2.693882e-02,7.640779e-01,-1.304150e+00,0.020485,0.313836,-0.416295,,,,1.503935,-0.517350,-0.350225,1.502026,-0.519404,-0.350000,1.165982e-02,-2.878597e-01,6.280836e-02,1.700423,-0.687249,-0.323237,1.698506,-0.689108,-0.323156,0.016471,0.005069,1,a
26.350000,552,SS,3,-5.435608e-02,1.387669e-01,1.494329e-01,-4.445059e-02,1.731959e-01,1.410834e-01,planned,-2.433275e-02,7.489899e-01,-1.294536e+00,0.021265,0.311262,-0.411645,,,,1.503940,-0.517634,-0.350241,1.502026,-0.519404,-0.350000,2.103611e-02,-1.494037e-01,-3.950324e-02,1.700383,-0.687576,-0.323229,1.698509,-0.689107,-0.323156,0.015480,0.004650,1,a
26.460000,553,DS_interstep,3,2.472275e-01,8.746381e-02,1.391111e+00,-3.724400e-02,1.376425e-01,9.545940e-02,realized,-2.553862e-02,7.484333e-01,-1.301267e+00,0.021376,0.310979,-0.411128,-1.683687e-03,4.159268e-04,1.014847e-03,1.503934,-0.517684,-0.350251,1.503934,-0.517684,-0.350251,-2.413012e-01,-1.039147e-01,-1.358993e+00,1.700376,-0.687609,-0.323229,1.700376,-0.687609,-0.323229,0.015632,0.004363,0,a
26.470000,554,DS_interstep,3,1.442007e+00,3.250441e+00,-2.391837e-02,2.296467e-01,-1.673840e-02,-3.997645e-01,realized,-3.088035e-02,7.308096e-01,-1.298296e+00,0.021553,0.310654,-0.410524,,,,1.503920,-0.517769,-0.350274,1.503920,-0.517769,-0.350274,-1.068541e+00,-3.517395e+00,5.811457e-01,1.700366,-0.687646,-0.323231,1.700376,-0.687609,-0.323229,0.018644,0.003483,0,a
26.480000,555,DS_interstep,3,-7.230572e-01,6.077080e-01,-3.811629e+00,-3.410776e-02,9.472090e-02,-9.548249e-02,realized,-2.608640e-02,7.269232e-01,-1.277549e+00,0.021765,0.310310,-0.409881,,,,1.503905,-0.517870,-0.350302,1.503905,-0.517870,-0.350302,9.585454e-01,-7.700084e-01,4.136548e+00,1.700354,-0.687688,-0.323237,1.700376,-0.687609,-0.323229,0.026079,0.002627,0,a
26.490000,556,DS_interstep,3,-1.714953e+00,-8.773391e-02,-5.000000e+00,-2.649482e-01,5.090558e-01,3.421766e-01,realized,-1.690864e-02,7.270453e-01,-1.252486e+00,0.021992,0.309966,-0.409234,,,,1.503890,-0.517975,-0.350330,1.503890,-0.517975,-0.350330,1.835350e+00,3.170690e-02,5.000000e+00,1.700343,-0.687735,-0.323245,1.700376,-0.687609,-0.323229,0.034955,0.001911,0,a
26.500000,557,DS_interstep,3,-2.052683e+00,-1.292781e-01,-5.000000e+00,-4.009823e-01,8.432739e-01,6.517099e-01,realized,-6.389135e-03,7.276505e-01,-1.227424e+00,0.022221,0.309631,-0.408599,,,,1.503878,-0.518078,-0.350354,1.503878,-0.518078,-0.350354,2.103780e+00,1.283222e-01,5.000000e+00,1.700333,-0.687786,-0.323255,1.700376,-0.687609,-0.323229,0.042937,0.001356,0,a
26.510000,558,DS_interstep,3,-2.086336e+00,3.619827e-02,-5.000000e+00,-4.266095e-01,9.948909e-01,7.060357e-01,realized,4.084996e-03,7.275572e-01,-1.202495e+00,0.022444,0.309308,-0.407983,,,,1.503867,-0.518175,-0.350372,1.503867,-0.518175,-0.350372,2.094800e+00,-1.136274e-02,4.973523e+00,1.700325,-0.687840,-0.323267,1.700376,-0.687609,-0.323229,0.049152,0.000943,0,a
26.520000,559,DS_interstep,3,-1.949861e+00,1.419565e-01,-5.000000e+00,-3.667472e-01,9.613686e-01,5.827124e-01,realized,1.374438e-02,7.269848e-01,-1.177661e+00,0.022657,0.308997,-0.407388,,,,1.503857,-0.518266,-0.350386,1.503857,-0.518266,-0.350386,1.931945e+00,-1.071787e-01,4.954890e+00,1.700318,-0.687898,-0.323280,1.700376,-0.687609,-0.323229,0.053575,0.000646,0,a
26.530000,560,DS_interstep,3,-1.704548e+00,2.352741e-01,-5.000000e+00,-2.595596e-01,8.125935e-01,3.476527e-01,realized,2.210277e-02,7.259484e-01,-1.152830e+00,0.022857,0.308699,-0.406812,,,,1.503848,-0.518351,-0.350395,1.503848,-0.518351,-0.350395,1.671836e+00,-2.000005e-01,4.954626e+00,1.700312,-0.687958,-0.323294,1.700376,-0.687609,-0.323229,0.056645,0.000437,0,a
26.540000,561,DS_interstep,3,-1.156039e+00,9.968725e-03,-2.858473e+00,-1.972078e-01,6.036652e-01,3.782215e-01,realized,2.769142e-02,7.260081e-01,-1.138643e+00,0.023046,0.308411,-0.406251,,,,1.503838,-0.518431,-0.350400,1.503838,-0.518431,-0.350400,1.117962e+00,1.922151e-02,2.825879e+00,1.700306,-0.688021,-0.323309,1.700376,-0.687609,-0.323229,0.059081,0.000291,0,a
26.550000,562,DS_interstep,3,-8.308375e-01,1.542752e-01,-2.204175e+00,-1.561149e-01,4.823682e-01,2.060502e-01,realized,3.170081e-02,7.252658e-01,-1.127615e+00,0.023225,0.308128,-0.405699,,,,1.503828,-0.518508,-0.350402,1.503828,-0.518508,-0.350402,8.021612e-01,-1.411943e-01,2.194152e+00,1.700299,-0.688086,-0.323323,1.700376,-0.687609,-0.323229,0.061749,0.000191,0,a
26.560000,563,DS_interstep,3,-6.853265e-01,-1.049784e-01,-1.609304e+00,-1.331602e-01,3.441524e-01,9.572013e-02,realized,3.503794e-02,7.257557e-01,-1.119444e+00,0.023398,0.307850,-0.405151,,,,1.503816,-0.518583,-0.350403,1.503816,-0.518583,-0.350403,6.677480e-01,1.052333e-01,1.623033e+00,1.700291,-0.688152,-0.323337,1.700376,-0.687609,-0.323229,0.065265,0.000123,0,a
26.570000,564,DS_interstep,3,-5.102238e-01,-1.550133e-01,-1.130955e+00,-1.110537e-01,2.445879e-01,-9.335776e-03,realized,3.751023e-02,7.264709e-01,-1.113629e+00,0.023563,0.307574,-0.404609,,,,1.503802,-0.518656,-0.350402,1.503802,-0.518656,-0.350402,4.948067e-01,1.503138e-01,1.151946e+00,1.700282,-0.688218,-0.323351,1.700376,-0.687609,-0.323229,0.069895,0.000076,0,a
26.580000,565,DS_interstep,3,-2.964687e-01,-1.640230e-01,-5.210046e-01,-8.806461e-02,1.458659e-01,-8.536530e-02,realized,3.889525e-02,7.272240e-01,-1.110865e+00,0.023720,0.307300,-0.404070,,,,1.503786,-0.518726,-0.350399,1.503786,-0.518726,-0.350399,2.773715e-01,1.578892e-01,5.414866e-01,1.700272,-0.688285,-0.323364,1.700376,-0.687609,-0.323229,0.075670,0.000045,0,a
26.590000,566,DS_interstep,3,-5.457880e-02,-1.384636e-01,1.505666e-01,-6.104909e-02,4.545666e-02,-1.495120e-01,realized,3.904419e-02,7.278478e-01,-1.111480e+00,0.023868,0.307030,-0.403538,,,,1.503768,-0.518793,-0.350396,1.503768,-0.518793,-0.350396,3.016196e-02,1.320320e-01,-1.341315e-01,1.700260,-0.688351,-0.323376,1.700376,-0.687609,-0.323229,0.082442,0.000025,0,a
26.600000,567,DS_interstep,3,1.563573e-01,-1.491514e-01,7.544175e-01,-3.351451e-02,-5.179278e-02,-2.046087e-01,realized,3.813100e-02,7.285185e-01,-1.115123e+00,0.024007,0.306762,-0.403011,,,,1.503749,-0.518857,-0.350392,1.503749,-0.518857,-0.350392,-1.822669e-01,1.414247e-01,-7.395902e-01,1.700248,-0.688415,-0.323387,1.700376,-0.687609,-0.323229,0.089941,0.000013,0,a
26.610000,568,DS_interstep,3,3.125063e-01,-1.917032e-01,1.208776e+00,-8.208813e-03,-1.352666e-01,-2.511942e-01,realized,3.644682e-02,7.293939e-01,-1.121035e+00,0.024139,0.306495,-0.402489,,,,1.503729,-0.518918,-0.350387,1.503729,-0.518918,-0.350387,-3.364751e-01,1.823769e-01,-1.193578e+00,1.700234,-0.688478,-0.323396,1.700376,-0.687609,-0.323229,0.097839,0.000007,0,a
26.620000,569,DS_interstep,3,4.146988e-01,-2.494421e-01,1.507949e+00,1.351923e-02,-2.000422e-01,-2.869346e-01,realized,3.427023e-02,7.305515e-01,-1.128436e+00,0.024264,0.306230,-0.401972,,,,1.503708,-0.518975,-0.350382,1.503708,-0.518975,-0.350382,-4.349761e-01,2.388233e-01,-1.491541e+00,1.700219,-0.688540,-0.323404,1.700376,-0.687609,-0.323229,0.105819,0.000007,0,a
26.630000,570,DS_interstep,3,4.706424e-01,-3.072769e-01,1.668097e+00,3.094408e-02,-2.450167e-01,-3.111563e-01,realized,3.183590e-02,7.319935e-01,-1.136630e+00,0.024383,0.305966,-0.401459,,,,1.503687,-0.519029,-0.350376,1.503687,-0.519029,-0.350376,-4.865429e-01,2.957194e-01,-1.650072e+00,1.700203,-0.688599,-0.323411,1.700376,-0.687609,-0.323229,0.113623,0.000008,0,a
26.640000,571,DS_interstep,3,4.886016e-01,-3.559652e-01,1.710186e+00,4.371725e-02,-2.711990e-01,-3.246808e-01,realized,2.933450e-02,7.336752e-01,-1.145024e+00,0.024498,0.305704,-0.400951,,,,1.503664,-0.519081,-0.350370,1.503664,-0.519081,-0.350370,-4.999820e-01,3.436714e-01,-1.690192e+00,1.700186,-0.688656,-0.323416,1.700376,-0.687609,-0.323229,0.121061,0.000008,0,a
26.650000,572,DS_interstep,3,4.801025e-01,-3.866286e-01,1.662296e+00,5.245142e-02,-2.810818e-01,-3.294201e-01,realized,2.689652e-02,7.355075e-01,-1.153168e+00,0.024609,0.305442,-0.400445,,,,1.503642,-0.519130,-0.350364,1.503642,-0.519130,-0.350364,-4.873194e-01,3.738038e-01,-1.640350e+00,1.700168,-0.688711,-0.323420,1.700376,-0.687609,-0.323229,0.128015,0.000008,0,a
26.660000,573,DS_interstep,3,4.585791e-01,-3.987702e-01,1.569051e+00,5.835659e-02,-2.794020e-01,-3.254538e-01,realized,2.458312e-02,7.373994e-01,-1.160839e+00,0.024718,0.305182,-0.399942,,,,1.503619,-0.519176,-0.350358,1.503619,-0.519176,-0.350358,-4.624276e-01,3.857456e-01,-1.545701e+00,1.700150,-0.688764,-0.323422,1.700376,-0.687609,-0.323229,0.134427,0.000007,0,a
26.670000,574,DS_interstep,3,4.348489e-01,-3.920405e-01,1.462628e+00,6.270900e-02,-2.706829e-01,-3.143268e-01,realized,2.240057e-02,7.392582e-01,-1.167974e+00,0.024824,0.304922,-0.399443,,,,1.503597,-0.519221,-0.350352,1.503597,-0.519221,-0.350352,-4.362789e-01,3.791424e-01,-1.438660e+00,1.700130,-0.688815,-0.323424,1.700376,-0.687609,-0.323229,0.140278,0.000007,0,a
26.680000,575,DS_interstep,3,4.157112e-01,-3.703519e-01,1.365823e+00,6.652591e-02,-2.590940e-01,-2.976726e-01,realized,2.032133e-02,7.410103e-01,-1.174625e+00,0.024928,0.304664,-0.398946,,,,1.503574,-0.519264,-0.350346,1.503574,-0.519264,-0.350346,-4.156371e-01,3.578296e-01,-1.341993e+00,1.700111,-0.688865,-0.323424,1.700376,-0.687609,-0.323229,0.145580,0.000006,0,a
26.690000,576,DS_interstep,3,4.049186e-01,-3.383594e-01,1.290896e+00,7.065488e-02,-2.479748e-01,-2.776419e-01,realized,1.829958e-02,7.426051e-01,-1.180905e+00,0.025030,0.304407,-0.398453,,,,1.503552,-0.519304,-0.350339,1.503552,-0.519304,-0.350339,-4.041600e-01,3.263876e-01,-1.267861e+00,1.700090,-0.688913,-0.323423,1.700376,-0.687609,-0.323229,0.150359,0.000005,0,a
26.700000,577,DS_interstep,3,4.035014e-01,-3.010821e-01,1.243186e+00,7.554128e-02,-2.393981e-01,-2.557715e-01,realized,1.628538e-02,7.440166e-01,-1.186953e+00,0.025130,0.304151,-0.397962,,,,1.503531,-0.519343,-0.350332,1.503531,-0.519343,-0.350332,-4.026720e-01,2.897259e-01,-1.221377e+00,1.700070,-0.688959,-0.323421,1.700376,-0.687609,-0.323229,0.154645,0.000004,0,a
26.710000,578,DS_interstep,3,4.106378e-01,-2.615457e-01,1.222291e+00,8.115530e-02,-2.338526e-01,-2.328232e-01,realized,1.423402e-02,7.452331e-01,-1.192903e+00,0.025228,0.303897,-0.397476,,,,1.503510,-0.519379,-0.350325,1.503510,-0.519379,-0.350325,-4.101227e-01,2.507514e-01,-1.201885e+00,1.700048,-0.689004,-0.323419,1.700376,-0.687609,-0.323229,0.158472,0.000003,0,a
26.720000,579,DS_interstep,3,4.240867e-01,-2.219065e-01,1.223923e+00,8.711515e-02,-2.308099e-01,-2.090849e-01,realized,1.211293e-02,7.462534e-01,-1.198867e+00,0.025325,0.303644,-0.396993,,,,1.503489,-0.519414,-0.350318,1.503489,-0.519414,-0.350318,-4.240892e-01,2.115165e-01,-1.204858e+00,1.700027,-0.689048,-0.323416,1.700376,-0.687609,-0.323229,0.161870,0.000003,0,a
26.730000,580,DS_interstep,3,4.404044e-01,-1.837902e-01,1.240098e+00,9.277915e-02,-2.290388e-01,-1.847504e-01,realized,9.907579e-03,7.470838e-01,-1.204918e+00,0.025419,0.303393,-0.396514,,,,1.503469,-0.519446,-0.350311,1.503469,-0.519446,-0.350311,-4.409641e-01,1.735519e-01,-1.222065e+00,1.700005,-0.689089,-0.323412,1.700376,-0.687609,-0.323229,0.164870,0.000002,0,a
26.740000,581,DS_interstep,3,4.554591e-01,-1.486091e-01,1.260621e+00,9.736960e-02,-2.269524e-01,-1.600680e-01,realized,7.624775e-03,7.477374e-01,-1.211073e+00,0.025510,0.303143,-0.396039,,,,1.503450,-0.519477,-0.350303,1.503450,-0.519477,-0.350303,-4.564769e-01,1.382029e-01,-1.243098e+00,1.699982,-0.689130,-0.323407,1.700376,-0.687609,-0.323229,0.167497,0.000002,0,a
26.750000,582,DS_interstep,3,4.653835e-01,-1.173039e-01,1.275331e+00,1.001596e-01,-2.229908e-01,-1.354317e-01,realized,5.291105e-03,7.482320e-01,-1.217300e+00,0.025600,0.302894,-0.395568,,,,1.503431,-0.519505,-0.350296,1.503431,-0.519505,-0.350296,-4.666732e-01,1.064012e-01,-1.257685e+00,1.699959,-0.689168,-0.323402,1.700376,-0.687609,-0.323229,0.169777,0.000002,0,a
26.760000,583,DS_interstep,3,4.676720e-01,-9.014195e-02,1.277058e+00,1.006778e-01,-2.160433e-01,-1.113243e-01,realized,2.945740e-03,7.485870e-01,-1.223533e+00,0.025688,0.302646,-0.395100,,,,1.503412,-0.519532,-0.350288,1.503412,-0.519532,-0.350288,-4.690355e-01,7.847865e-02,-1.258703e+00,1.699936,-0.689205,-0.323397,1.700376,-0.687609,-0.323229,0.171735,0.000001,0,a
26.770000,584,DS_interstep,3,4.622822e-01,-6.639660e-02,1.264687e+00,9.890135e-02,-2.058053e-01,-8.815388e-02,realized,6.276591e-04,7.488188e-01,-1.229698e+00,0.025773,0.302399,-0.394636,,,,1.503394,-0.519556,-0.350281,1.503394,-0.519556,-0.350281,-4.636018e-01,5.384950e-02,-1.245268e+00,1.699912,-0.689241,-0.323391,1.700376,-0.687609,-0.323229,0.173395,0.000001,0,a
26.780000,585,DS_interstep,3,4.506387e-01,-4.497764e-02,1.240485e+00,9.512991e-02,-1.926358e-01,-6.633285e-02,realized,-1.631679e-03,7.489391e-01,-1.235736e+00,0.025857,0.302153,-0.394174,,,,1.503377,-0.519580,-0.350273,1.503377,-0.519580,-0.350273,-4.518762e-01,3.154305e-02,-1.219879e+00,1.699889,-0.689275,-0.323385,1.700376,-0.687609,-0.323229,0.174785,0.000001,0,a
26.790000,586,DS_interstep,3,4.347284e-01,-2.512976e-02,1.208401e+00,8.982732e-02,-1.773147e-01,-4.617381e-02,realized,-3.811023e-03,7.489560e-01,-1.241607e+00,0.025938,0.301907,-0.393715,,,,1.503359,-0.519602,-0.350266,1.503359,-0.519602,-0.350266,-4.358993e-01,1.088117e-02,-1.186650e+00,1.699864,-0.689307,-0.323378,1.700376,-0.687609,-0.323229,0.175930,0.000002,0,a
26.800000,587,DS_interstep,3,4.167839e-01,-6.350799e-03,1.173395e+00,8.353337e-02,-1.608115e-01,-2.779742e-02,realized,-5.900482e-03,7.488756e-01,-1.247298e+00,0.026018,0.301661,-0.393258,,,,1.503342,-0.519622,-0.350259,1.503342,-0.519622,-0.350259,-4.179438e-01,-8.589013e-03,-1.150669e+00,1.699840,-0.689338,-0.323371,1.700376,-0.687609,-0.323229,0.176856,0.000002,0,a
26.810000,588,DS_interstep,3,3.985512e-01,1.157085e-02,1.139228e+00,7.673061e-02,-1.440098e-01,-1.124291e-02,realized,-7.898910e-03,7.487028e-01,-1.252814e+00,0.026095,0.301415,-0.392803,,,,1.503325,-0.519642,-0.350252,1.503325,-0.519642,-0.350252,-3.997579e-01,-2.707339e-02,-1.115737e+00,1.699815,-0.689368,-0.323364,1.700376,-0.687609,-0.323229,0.177586,0.000002,0,a
26.820000,589,DS_interstep,3,3.810643e-01,2.845539e-02,1.108076e+00,6.978523e-02,-1.275891e-01,3.539923e-03,realized,-9.810224e-03,7.484434e-01,-1.258171e+00,0.026171,0.301169,-0.392350,,,,1.503308,-0.519660,-0.350245,1.503308,-0.519660,-0.350245,-3.823544e-01,-4.441058e-02,-1.084011e+00,1.699790,-0.689396,-0.323357,1.700376,-0.687609,-0.323229,0.178142,0.000002,0,a
26.830000,590,DS_interstep,3,3.647831e-01,4.401037e-02,1.080707e+00,6.295145e-02,-1.119887e-01,1.665609e-02,realized,-1.164050e-02,7.481043e-01,-1.263389e+00,0.026245,0.300923,-0.391898,,,,1.503290,-0.519678,-0.350238,1.503290,-0.519678,-0.350238,-3.661659e-01,-6.033161e-02,-1.056225e+00,1.699766,-0.689424,-0.323350,1.700376,-0.687609,-0.323229,0.178543,0.000003,0,a
26.840000,591,DS_interstep,3,3.497669e-01,5.794813e-02,1.056892e+00,5.639283e-02,-9.744165e-02,2.824125e-02,realized,-1.339599e-02,7.476940e-01,-1.268487e+00,0.026317,0.300677,-0.391449,,,,1.503273,-0.519694,-0.350232,1.503273,-0.519694,-0.350232,-3.512253e-01,-7.456992e-02,-1.032105e+00,1.699741,-0.689450,-0.323343,1.700376,-0.687609,-0.323229,0.178807,0.000003,0,a
26.850000,592,DS_interstep,3,3.358411e-01,7.006551e-02,1.035783e+00,5.020804e-02,-8.402798e-02,3.843715e-02,realized,-1.508195e-02,7.472220e-01,-1.273477e+00,0.026387,0.300431,-0.391001,,,,1.503256,-0.519709,-0.350226,1.503256,-0.519709,-0.350226,-3.373379e-01,-8.693819e-02,-1.010768e+00,1.699716,-0.689474,-0.323335,1.700376,-0.687609,-0.323229,0.178948,0.000003,0,a
26.860000,593,DS_interstep,3,3.227296e-01,8.026320e-02,1.016259e+00,4.445313e-02,-7.173110e-02,4.737846e-02,realized,-1.670221e-02,7.466979e-01,-1.278368e+00,0.026455,0.300184,-0.390555,,,,1.503239,-0.519724,-0.350220,1.503239,-0.519724,-0.350220,-3.242140e-01,-9.734748e-02,-9.910670e-01,1.699691,-0.689498,-0.323328,1.700376,-0.687609,-0.323229,0.178978,0.000003,0,a
26.870000,594,DS_interstep,3,3.101468e-01,8.854705e-02,9.971803e-01,3.915805e-02,-6.048306e-02,5.518462e-02,realized,-1.825913e-02,7.461315e-01,-1.283164e+00,0.026522,0.299938,-0.390110,,,,1.503223,-0.519738,-0.350214,1.503223,-0.519738,-0.350214,-3.115619e-01,-1.058096e-01,-9.718396e-01,1.699667,-0.689521,-0.323321,1.700376,-0.687609,-0.323229,0.178909,0.000003,0,a
26.880000,595,DS_interstep,3,2.978550e-01,9.500969e-02,9.775545e-01,3.433745e-02,-5.019823e-02,6.195849e-02,realized,-1.975388e-02,7.455321e-01,-1.287860e+00,0.026587,0.299691,-0.389667,,,,1.503206,-0.519751,-0.350208,1.503206,-0.519751,-0.350208,-2.991438e-01,-1.124201e-01,-9.520833e-01,1.699642,-0.689542,-0.323313,1.700376,-0.687609,-0.323229,0.178751,0.000003,0,a
26.890000,596,DS_interstep,3,2.856917e-01,9.980860e-02,9.566379e-01,2.999671e-02,-4.079420e-02,6.778772e-02,realized,-2.118686e-02,7.449082e-01,-1.292450e+00,0.026651,0.299444,-0.389225,,,,1.503189,-0.519763,-0.350203,1.503189,-0.519763,-0.350203,-2.868027e-01,-1.173378e-01,-9.310478e-01,1.699618,-0.689563,-0.323306,1.700376,-0.687609,-0.323229,0.178514,0.000003,0,a
26.900000,597,DS_interstep,3,2.735753e-01,1.031399e-01,9.339718e-01,2.613468e-02,-3.220297e-02,7.274863e-02,realized,-2.255808e-02,7.442672e-01,-1.296927e+00,0.026713,0.299196,-0.388784,,,,1.503172,-0.519774,-0.350198,1.503172,-0.519774,-0.350198,-2.744656e-01,-1.207596e-01,-9.082717e-01,1.699594,-0.689582,-0.323299,1.700376,-0.687609,-0.323229,0.178207,0.000003,0,a
26.910000,598,DS_interstep,3,2.614953e-01,1.052146e-01,9.093713e-01,2.274427e-02,-2.437406e-02,7.691021e-02,realized,-2.386757e-02,7.436155e-01,-1.301280e+00,0.026773,0.298948,-0.388345,,,,1.503156,-0.519785,-0.350193,1.503156,-0.519785,-0.350193,-2.621327e-01,-1.228976e-01,-8.835699e-01,1.699571,-0.689601,-0.323292,1.700376,-0.687609,-0.323229,0.177836,0.000003,0,a
26.920000,599,DS_interstep,3,2.494931e-01,1.062381e-01,8.828858e-01,1.981198e-02,-1.727271e-02,8.033803e-02,realized,-2.511562e-02,7.429585e-01,-1.305500e+00,0.026832,0.298700,-0.387907,,,,1.503139,-0.519795,-0.350188,1.503139,-0.519795,-0.350188,-2.498569e-01,-1.239589e-01,-8.569921e-01,1.699547,-0.689618,-0.323285,1.700376,-0.687609,-0.323229,0.177412,0.000003,0,a
26.930000,600,DS_interstep,3,2.376417e-01,1.063958e-01,8.547408e-01,1.731735e-02,-1.087506e-02,8.309701e-02,realized,-2.630293e-02,7.423007e-01,-1.309578e+00,0.026890,0.298452,-0.387470,,,,1.503123,-0.519804,-0.350183,1.503123,-0.519804,-0.350183,-2.377216e-01,-1.241313e-01,-8.287640e-01,1.699524,-0.689635,-0.323278,1.700376,-0.687609,-0.323229,0.176940,0.000003,0,a
26.940000,601,DS_interstep,3,2.260255e-01,1.058451e-01,8.252772e-01,1.523272e-02,-5.162505e-03,8.525296e-02,realized,-2.743068e-02,7.416458e-01,-1.313509e+00,0.026947,0.298203,-0.387035,,,,1.503107,-0.519813,-0.350179,1.503107,-0.519813,-0.350179,-2.258206e-01,-1.235753e-01,-7.992267e-01,1.699502,-0.689651,-0.323272,1.700376,-0.687609,-0.323229,0.176430,0.000003,0,a
26.950000,602,DS_interstep,3,2.147255e-01,1.047131e-01,7.948959e-01,1.352375e-02,-1.164850e-04,8.687273e-02,realized,-2.850049e-02,7.409966e-01,-1.317287e+00,0.027003,0.297954,-0.386600,,,,1.503091,-0.519821,-0.350175,1.503091,-0.519821,-0.350175,-2.142424e-01,-1.224215e-01,-7.687800e-01,1.699480,-0.689666,-0.323265,1.700376,-0.687609,-0.323229,0.175887,0.000003,0,a
26.960000,603,DS_interstep,3,2.038092e-01,1.030984e-01,7.640124e-01,1.215047e-02,4.285407e-03,8.802344e-02,realized,-2.951433e-02,7.403557e-01,-1.320910e+00,0.027058,0.297705,-0.386167,,,,1.503076,-0.519829,-0.350171,1.503076,-0.519829,-0.350171,-2.030603e-01,-1.207722e-01,-7.378381e-01,1.699458,-0.689680,-0.323259,1.700376,-0.687609,-0.323229,0.175319,0.000003,0,a
26.970000,604,DS_interstep,3,1.933258e-01,1.010760e-01,7.330234e-01,1.106896e-02,8.071684e-03,8.877085e-02,realized,-3.047446e-02,7.397252e-01,-1.324378e+00,0.027112,0.297456,-0.385735,,,,1.503061,-0.519836,-0.350167,1.503061,-0.519836,-0.350167,-1.923273e-01,-1.187060e-01,-7.067958e-01,1.699437,-0.689693,-0.323253,1.700376,-0.687609,-0.323229,0.174733,0.000002,0,a
26.980000,605,DS_interstep,3,1.833054e-01,9.870246e-02,7.022855e-01,1.023327e-02,1.127769e-02,8.917750e-02,realized,-3.138329e-02,7.391068e-01,-1.327692e+00,0.027165,0.297206,-0.385304,,,,1.503046,-0.519843,-0.350164,1.503046,-0.519843,-0.350164,-1.820757e-01,-1.162826e-01,-6.760080e-01,1.699416,-0.689706,-0.323247,1.700376,-0.687609,-0.323229,0.174134,0.000002,0,a
26.990000,606,DS_interstep,3,1.737602e-01,9.602173e-02,6.721033e-01,9.597371e-03,1.394507e-02,8.930085e-02,realized,-3.224329e-02,7.385021e-01,-1.330854e+00,0.027218,0.296956,-0.384874,,,,1.503031,-0.519850,-0.350160,1.503031,-0.519850,-0.350160,-1.723192e-01,-1.135488e-01,-6.457776e-01,1.699395,-0.689718,-0.323241,1.700376,-0.687609,-0.323229,0.173528,0.000002,0,a
27.000000,607,DS_interstep,3,1.646881e-01,9.306960e-02,6.427253e-01,9.116963e-03,1.612046e-02,8.919180e-02,realized,-3.305693e-02,7.379125e-01,-1.333869e+00,0.027269,0.296706,-0.384444,,,,1.503017,-0.519856,-0.350157,1.503017,-0.519856,-0.350157,-1.630559e-01,-1.105427e-01,-6.163513e-01,1.699376,-0.689730,-0.323235,1.700376,-0.687609,-0.323229,0.172920,0.000002,0,a
27.010000,608,DS_interstep,3,1.560766e-01,8.987713e-02,6.143439e-01,8.751011e-03,1.785362e-02,8.889369e-02,realized,-3.382661e-02,7.373391e-01,-1.336742e+00,0.027320,0.296456,-0.384016,,,,1.503003,-0.519861,-0.350154,1.503003,-0.519861,-0.350154,-1.542727e-01,-1.072973e-01,-5.879204e-01,1.699356,-0.689741,-0.323230,1.700376,-0.687609,-0.323229,0.172315,0.000002,0,a
27.020000,609,DS_interstep,3,1.479056e-01,8.647304e-02,5.870999e-01,8.462867e-03,1.919564e-02,8.844183e-02,realized,-3.455464e-02,7.367831e-01,-1.339478e+00,0.027371,0.296205,-0.383589,,,,1.502989,-0.519866,-0.350151,1.502989,-0.519866,-0.350151,-1.459489e-01,-1.038425e-01,-5.606247e-01,1.699337,-0.689751,-0.323225,1.700376,-0.687609,-0.323229,0.171716,0.000002,0,a
27.030000,610,DS_interstep,3,1.401514e-01,8.288500e-02,5.610873e-01,8.221025e-03,2.019707e-02,8.786362e-02,realized,-3.524319e-02,7.362452e-01,-1.342084e+00,0.027421,0.295955,-0.383163,,,,1.502976,-0.519871,-0.350148,1.502976,-0.519871,-0.350148,-1.380593e-01,-1.002069e-01,-5.345577e-01,1.699319,-0.689761,-0.323220,1.700376,-0.687609,-0.323229,0.171127,0.000001,0,a
27.040000,611,DS_interstep,3,1.327885e-01,7.914026e-02,5.363601e-01,7.999495e-03,2.090643e-02,8.717904e-02,realized,-3.589429e-02,7.357263e-01,-1.344566e+00,0.027470,0.295704,-0.382737,,,,1.502963,-0.519876,-0.350146,1.502963,-0.519876,-0.350146,-1.305771e-01,-9.641837e-02,-5.097731e-01,1.699301,-0.689770,-0.323215,1.700376,-0.687609,-0.323229,0.170551,0.000001,0,a
27.050000,612,DS_interstep,3,1.257915e-01,7.526569e-02,5.129376e-01,7.777861e-03,2.136906e-02,8.640150e-02,realized,-3.650985e-02,7.352270e-01,-1.346930e+00,0.027519,0.295453,-0.382313,,,,1.502950,-0.519880,-0.350143,1.502950,-0.519880,-0.350143,-1.234755e-01,-9.250402e-02,-4.862904e-01,1.699284,-0.689779,-0.323211,1.700376,-0.687609,-0.323229,0.169991,0.000001,0,a
27.060000,613,DS_interstep,3,1.191362e-01,7.128760e-02,4.908112e-01,7.541054e-03,2.162622e-02,8.553893e-02,realized,-3.709165e-02,7.347478e-01,-1.349183e+00,0.027567,0.295202,-0.381889,,,,1.502938,-0.519884,-0.350141,1.502938,-0.519884,-0.350141,-1.167285e-01,-8.849015e-02,-4.641009e-01,1.699267,-0.689787,-0.323207,1.700376,-0.687609,-0.323229,0.169447,0.000001,0,a
27.070000,614,DS_interstep,3,1.128004e-01,6.723129e-02,4.699487e-01,7.278946e-03,2.171463e-02,8.459492e-02,realized,-3.764134e-02,7.342891e-01,-1.351331e+00,0.027615,0.294951,-0.381466,,,,1.502926,-0.519888,-0.350139,1.502926,-0.519888,-0.350139,-1.103125e-01,-8.440191e-02,-4.431730e-01,1.699250,-0.689795,-0.323202,1.700376,-0.687609,-0.323229,0.168921,0.000001,0,a
27.080000,615,DS_interstep,3,1.067636e-01,6.312076e-02,4.502997e-01,6.985781e-03,2.166625e-02,8.356989e-02,realized,-3.816047e-02,7.338511e-01,-1.353381e+00,0.027662,0.294700,-0.381044,,,,1.502915,-0.519891,-0.350137,1.502915,-0.519891,-0.350137,-1.042054e-01,-8.026294e-02,-4.234569e-01,1.699234,-0.689802,-0.323199,1.700376,-0.687609,-0.323229,0.168414,0.000001,0,a
27.090000,616,DS_interstep,3,1.010074e-01,5.897826e-02,4.317998e-01,6.659535e-03,2.150829e-02,8.246219e-02,realized,-3.865048e-02,7.334339e-01,-1.355338e+00,0.027709,0.294449,-0.380622,,,,1.502904,-0.519895,-0.350135,1.502904,-0.519895,-0.350135,-9.838738e-02,-7.609512e-02,-4.048886e-01,1.699219,-0.689810,-0.323195,1.700376,-0.687609,-0.323229,0.167927,0.000001,0,a
27.100000,617,DS_interstep,3,9.551541e-02,5.482413e-02,4.143743e-01,6.301237e-03,2.126344e-02,8.126911e-02,realized,-3.911274e-02,7.330377e-01,-1.357207e+00,0.027756,0.294198,-0.380201,,,,1.502893,-0.519898,-0.350133,1.502893,-0.519898,-0.350133,-9.284055e-02,-7.191829e-02,-3.873940e-01,1.699204,-0.689816,-0.323191,1.700376,-0.687609,-0.323229,0.167459,0.000001,0,a
27.110000,618,DS_interstep,3,9.027250e-02,5.067664e-02,3.979415e-01,5.914284e-03,2.095018e-02,7.998776e-02,realized,-3.954851e-02,7.326623e-01,-1.358993e+00,0.027802,0.293947,-0.379781,,,,1.502882,-0.519901,-0.350132,1.502882,-0.519901,-0.350132,-8.754857e-02,-6.775022e-02,-3.708921e-01,1.699189,-0.689823,-0.323188,1.700376,-0.687609,-0.323229,0.167011,0.000001,0,a
27.120000,619,DS_interstep,3,8.526500e-02,4.655196e-02,3.824162e-01,5.503802e-03,2.058328e-02,7.861568e-02,realized,-3.995901e-02,7.323076e-01,-1.360702e+00,0.027848,0.293695,-0.379362,,,,1.502872,-0.519903,-0.350130,1.502872,-0.519903,-0.350130,-8.249660e-02,-6.360657e-02,-3.552982e-01,1.699175,-0.689829,-0.323185,1.700376,-0.687609,-0.323229,0.166582,0.000001,0,a
27.130000,620,DS_interstep,3,8.048036e-02,4.246430e-02,3.677120e-01,5.076051e-03,2.017421e-02,7.715151e-02,realized,-4.034535e-02,7.319735e-01,-1.362336e+00,0.027893,0.293444,-0.378943,,,,1.502862,-0.519906,-0.350129,1.502862,-0.519906,-0.350129,-7.767100e-02,-5.950107e-02,-3.405263e-01,1.699161,-0.689834,-0.323182,1.700376,-0.687609,-0.323229,0.166172,0.000001,0,a
27.140000,621,DS_interstep,3,7.590692e-02,3.842603e-02,3.537441e-01,4.637902e-03,1.973167e-02,7.559524e-02,realized,-4.070862e-02,7.316597e-01,-1.363901e+00,0.027938,0.293192,-0.378525,,,,1.502853,-0.519908,-0.350127,1.502853,-0.519908,-0.350127,-7.305919e-02,-5.544559e-02,-3.264922e-01,1.699148,-0.689840,-0.323179,1.700376,-0.687609,-0.323229,0.165780,0.000001,0,a
27.150000,622,DS_interstep,3,7.153391e-02,3.444786e-02,3.404313e-01,4.196392e-03,1.926207e-02,7.394858e-02,realized,-4.104982e-02,7.313658e-01,-1.365398e+00,0.027983,0.292941,-0.378107,,,,1.502843,-0.519911,-0.350126,1.502843,-0.519911,-0.350126,-6.864959e-02,-5.145046e-02,-3.131150e-01,1.699135,-0.689845,-0.323176,1.700376,-0.687609,-0.323229,0.165405,0.000001,0,a
27.160000,623,DS_interstep,3,6.735129e-02,3.053913e-02,3.276975e-01,3.758355e-03,1.877000e-02,7.221497e-02,realized,-4.136991e-02,7.310917e-01,-1.366831e+00,0.028028,0.292689,-0.377690,,,,1.502834,-0.519913,-0.350125,1.502834,-0.519913,-0.350125,-6.443151e-02,-4.752464e-02,-3.003190e-01,1.699122,-0.689850,-0.323174,1.700376,-0.687609,-0.323229,0.165046,0.000001,0,a
27.170000,624,DS_interstep,3,6.334980e-02,2.670800e-02,3.154736e-01,3.330133e-03,1.825864e-02,7.039969e-02,realized,-4.166981e-02,7.308367e-01,-1.368203e+00,0.028072,0.292438,-0.377273,,,,1.502826,-0.519915,-0.350124,1.502826,-0.519915,-0.350124,-6.039511e-02,-4.367597e-02,-2.880352e-01,1.699110,-0.689855,-0.323171,1.700376,-0.687609,-0.323229,0.164702,0.000001,0,a
27.180000,625,DS_interstep,3,5.952085e-02,2.296166e-02,3.036981e-01,2.917359e-03,1.773016e-02,6.850970e-02,realized,-4.195037e-02,7.306006e-01,-1.369516e+00,0.028116,0.292186,-0.376857,,,,1.502817,-0.519916,-0.350123,1.502817,-0.519916,-0.350123,-5.653141e-02,-3.991142e-02,-2.762024e-01,1.699099,-0.689859,-0.323169,1.700376,-0.687609,-0.323229,0.164373,0.000001,0,a
27.190000,626,DS_interstep,3,5.585661e-02,1.930656e-02,2.923179e-01,2.524806e-03,1.718599e-02,6.655351e-02,realized,-4.221243e-02,7.303829e-01,-1.370771e+00,0.028160,0.291935,-0.376442,,,,1.502809,-0.519918,-0.350122,1.502809,-0.519918,-0.350122,-5.283225e-02,-3.623722e-02,-2.647677e-01,1.699087,-0.689863,-0.323167,1.700376,-0.687609,-0.323229,0.164058,0.000001,0,a
27.200000,627,DS_interstep,3,5.234993e-02,1.574851e-02,2.812888e-01,2.156297e-03,1.662720e-02,6.454099e-02,realized,-4.245676e-02,7.301831e-01,-1.371971e+00,0.028204,0.291683,-0.376027,,,,1.502801,-0.519920,-0.350121,1.502801,-0.519920,-0.350121,-4.929027e-02,-3.265909e-02,-2.536867e-01,1.699076,-0.689867,-0.323165,1.700376,-0.687609,-0.323229,0.163754,0.000001,0,a
27.210000,628,DS_interstep,3,4.899432e-02,1.229287e-02,2.705749e-01,1.814667e-03,1.605462e-02,6.248305e-02,realized,-4.268413e-02,7.300007e-01,-1.373117e+00,0.028247,0.291431,-0.375612,,,,1.502794,-0.519921,-0.350120,1.502794,-0.519921,-0.350120,-4.589889e-02,-2.918231e-02,-2.429238e-01,1.699066,-0.689871,-0.323163,1.700376,-0.687609,-0.323229,0.163463,0.000001,0,a
27.220000,629,DS_interstep,3,4.578394e-02,8.944582e-03,2.601489e-01,1.501765e-03,1.546912e-02,6.039145e-02,realized,-4.289525e-02,7.298352e-01,-1.374210e+00,0.028290,0.291180,-0.375198,,,,1.502787,-0.519923,-0.350119,1.502787,-0.519923,-0.350119,-4.265223e-02,-2.581183e-02,-2.324516e-01,1.699056,-0.689874,-0.323161,1.700376,-0.687609,-0.323229,0.163182,0.000001,0,a
27.230000,630,DS_interstep,3,4.271353e-02,5.708295e-03,2.499910e-01,1.218500e-03,1.487169e-02,5.827842e-02,realized,-4.309082e-02,7.296859e-01,-1.375253e+00,0.028333,0.290928,-0.374784,,,,1.502780,-0.519924,-0.350119,1.502780,-0.519924,-0.350119,-3.954505e-02,-2.255234e-02,-2.222503e-01,1.699046,-0.689878,-0.323160,1.700376,-0.687609,-0.323229,0.162912,0.000001,0,a
27.240000,631,DS_interstep,3,3.977832e-02,2.588358e-03,2.400887e-01,9.649074e-04,1.426357e-02,5.615640e-02,realized,-4.327152e-02,7.295524e-01,-1.376246e+00,0.028376,0.290677,-0.374371,,,,1.502773,-0.519925,-0.350118,1.502773,-0.519925,-0.350118,-3.657268e-02,-1.940827e-02,-2.123071e-01,1.699037,-0.689881,-0.323158,1.700376,-0.687609,-0.323229,0.162650,0.000001,0,a
27.250000,632,DS_interstep,3,3.697400e-02,-4.111414e-04,2.304349e-01,7.402425e-04,1.364633e-02,5.403775e-02,realized,-4.343801e-02,7.294340e-01,-1.377190e+00,0.028418,0.290425,-0.373958,,,,1.502766,-0.519926,-0.350117,1.502766,-0.519926,-0.350117,-3.373094e-02,-1.638385e-02,-2.026152e-01,1.699028,-0.689884,-0.323157,1.700376,-0.687609,-0.323229,0.162397,0.000001,0,a
27.260000,633,DS_interstep,3,3.429662e-02,-3.286382e-03,2.210282e-01,5.430902e-04,1.302184e-02,5.193448e-02,realized,-4.359091e-02,7.293301e-01,-1.378087e+00,0.028460,0.290173,-0.373545,,,,1.502760,-0.519927,-0.350117,1.502760,-0.519927,-0.350117,-3.101604e-02,-1.348306e-02,-1.931726e-01,1.699019,-0.689887,-0.323155,1.700376,-0.687609,-0.323229,0.162153,0.000001,0,a
27.270000,634,DS_interstep,3,3.174250e-02,-6.033823e-03,2.118704e-01,3.714811e-04,1.239235e-02,4.985799e-02,realized,-4.373085e-02,7.292401e-01,-1.378938e+00,0.028503,0.289922,-0.373133,,,,1.502754,-0.519929,-0.350116,1.502754,-0.519929,-0.350116,-2.842448e-02,-1.070962e-02,-1.839814e-01,1.699010,-0.689889,-0.323154,1.700376,-0.687609,-0.323229,0.161915,0.000001,0,a
27.280000,635,DS_interstep,3,2.930819e-02,-8.650225e-03,2.029669e-01,2.230149e-04,1.176042e-02,4.781890e-02,realized,-4.385842e-02,7.291633e-01,-1.379744e+00,0.028545,0.289670,-0.372721,,,,1.502748,-0.519929,-0.350116,1.502748,-0.519929,-0.350116,-2.595300e-02,-8.066968e-03,-1.750464e-01,1.699002,-0.689892,-0.323153,1.700376,-0.687609,-0.323229,0.161684,0.000001,0,a
27.290000,636,DS_interstep,3,2.699037e-02,-1.113268e-02,1.943244e-01,9.498223e-05,1.112888e-02,4.582680e-02,realized,-4.397422e-02,7.290990e-01,-1.380507e+00,0.028587,0.289419,-0.372309,,,,1.502742,-0.519930,-0.350116,1.502742,-0.519930,-0.350116,-2.359847e-02,-5.558226e-03,-1.663744e-01,1.698995,-0.689894,-0.323151,1.700376,-0.687609,-0.323229,0.161460,0.000001,0,a
27.300000,637,DS_interstep,3,2.478584e-02,-1.347863e-02,1.859508e-01,-1.551660e-05,1.050081e-02,4.389018e-02,realized,-4.407881e-02,7.290467e-01,-1.381228e+00,0.028628,0.289168,-0.371898,,,,1.502737,-0.519931,-0.350115,1.502737,-0.519931,-0.350115,-2.135788e-02,-3.186150e-03,-1.579731e-01,1.698987,-0.689897,-0.323150,1.700376,-0.687609,-0.323229,0.161241,0.000001,0,a
27.310000,638,DS_interstep,3,2.269145e-02,-1.568594e-02,1.778543e-01,-1.114612e-04,9.879402e-03,4.201630e-02,realized,-4.417274e-02,7.290054e-01,-1.381908e+00,0.028670,0.288916,-0.371487,,,,1.502732,-0.519932,-0.350115,1.502732,-0.519932,-0.350115,-1.922823e-02,-9.530995e-04,-1.498505e-01,1.698980,-0.689899,-0.323149,1.700376,-0.687609,-0.323229,0.161028,0.000001,0,a
27.320000,639,DS_interstep,3,2.070405e-02,-1.775289e-02,1.700424e-01,-1.958101e-04,9.267961e-03,4.021114e-02,realized,-4.425656e-02,7.289747e-01,-1.382549e+00,0.028712,0.288665,-0.371076,,,,1.502727,-0.519933,-0.350115,1.502727,-0.519933,-0.350115,-1.720656e-02,1.139007e-03,-1.420139e-01,1.698973,-0.689901,-0.323148,1.700376,-0.687609,-0.323229,0.160820,0.000001,0,a
27.330000,640,DS_interstep,3,1.882051e-02,-1.967821e-02,1.625215e-01,-2.714128e-04,8.669766e-03,3.847936e-02,realized,-4.433079e-02,7.289537e-01,-1.383152e+00,0.028753,0.288414,-0.370666,,,,1.502722,-0.519934,-0.350114,1.502722,-0.519934,-0.350114,-1.528986e-02,3.088726e-03,-1.344696e-01,1.698967,-0.689903,-0.323147,1.700376,-0.687609,-0.323229,0.160617,0.000001,0,a
27.340000,641,DS_interstep,3,1.703769e-02,-2.146113e-02,1.552965e-01,-3.409339e-04,8.088020e-03,3.682434e-02,realized,-4.439595e-02,7.289417e-01,-1.383719e+00,0.028794,0.288163,-0.370256,,,,1.502718,-0.519934,-0.350114,1.502718,-0.519934,-0.350114,-1.347511e-02,4.895119e-03,-1.272224e-01,1.698960,-0.689905,-0.323146,1.700376,-0.687609,-0.323229,0.160418,0.000001,0,a
27.350000,642,DS_interstep,3,1.535243e-02,-2.310140e-02,1.483706e-01,-4.067934e-04,7.525768e-03,3.524817e-02,realized,-4.445253e-02,7.289381e-01,-1.384251e+00,0.028836,0.287912,-0.369846,,,,1.502713,-0.519935,-0.350114,1.502713,-0.519935,-0.350114,-1.175925e-02,6.557780e-03,-1.202751e-01,1.698954,-0.689907,-0.323145,1.700376,-0.687609,-0.323229,0.160224,0.000001,0,a
27.360000,643,DS_interstep,3,1.376155e-02,-2.459928e-02,1.417447e-01,-4.711193e-04,6.985829e-03,3.375179e-02,realized,-4.450100e-02,7.289420e-01,-1.384750e+00,0.028877,0.287661,-0.369436,,,,1.502709,-0.519935,-0.350114,1.502709,-0.519935,-0.350114,-1.013917e-02,8.076856e-03,-1.136287e-01,1.698949,-0.689908,-0.323145,1.700376,-0.687609,-0.323229,0.160033,0.000001,0,a
27.370000,644,DS_interstep,3,1.226186e-02,-2.595560e-02,1.354176e-01,-5.357163e-04,6.470736e-03,3.233503e-02,realized,-4.454183e-02,7.289528e-01,-1.385217e+00,0.028918,0.287410,-0.369027,,,,1.502705,-0.519936,-0.350113,1.502705,-0.519936,-0.350113,-8.611735e-03,9.453056e-03,-1.072819e-01,1.698943,-0.689910,-0.323144,1.700376,-0.687609,-0.323229,0.159846,0.000001,0,a
27.380000,645,DS_interstep,3,1.085020e-02,-2.717170e-02,1.293863e-01,-6.020463e-04,5.982686e-03,3.099670e-02,realized,-4.457547e-02,7.289698e-01,-1.385654e+00,0.028959,0.287159,-0.368618,,,,1.502702,-0.519937,-0.350113,1.502702,-0.519937,-0.350113,-7.173811e-03,1.068766e-02,-1.012315e-01,1.698938,-0.689912,-0.323143,1.700376,-0.687609,-0.323229,0.159662,0.000001,0,a
27.390000,646,DS_interstep,3,9.523405e-03,-2.824948e-02,1.236452e-01,-6.712228e-04,5.523503e-03,2.973479e-02,realized,-4.460235e-02,7.289923e-01,-1.386062e+00,0.029000,0.286908,-0.368209,,,,1.502698,-0.519937,-0.350113,1.502698,-0.519937,-0.350113,-5.822246e-03,1.178250e-02,-9.547188e-02,1.698933,-0.689913,-0.323142,1.700376,-0.687609,-0.323229,0.159481,0.000001,0,a
27.400000,647,DS_interstep,3,8.278336e-03,-2.919136e-02,1.181873e-01,-7.440148e-04,5.094613e-03,2.854650e-02,realized,-4.462289e-02,7.290195e-01,-1.386443e+00,0.029041,0.286658,-0.367801,,,,1.502695,-0.519938,-0.350113,1.502695,-0.519938,-0.350113,-4.553902e-03,1.273997e-02,-8.999589e-02,1.698928,-0.689914,-0.323142,1.700376,-0.687609,-0.323229,0.159304,0.000000,0,a
27.410000,648,DS_interstep,3,7.111906e-03,-3.000027e-02,1.130036e-01,-8.208622e-04,4.697023e-03,2.742844e-02,realized,-4.463749e-02,7.290509e-01,-1.386798e+00,0.029082,0.286407,-0.367392,,,,1.502691,-0.519938,-0.350113,1.502691,-0.519938,-0.350113,-3.365671e-03,1.356299e-02,-8.479454e-02,1.698924,-0.689916,-0.323141,1.700376,-0.687609,-0.323229,0.159129,0.000000,0,a
27.420000,649,DS_interstep,3,6.021078e-03,-3.067963e-02,1.080836e-01,-9.018974e-04,4.331326e-03,2.637674e-02,realized,-4.464653e-02,7.290857e-01,-1.387127e+00,0.029123,0.286157,-0.366984,,,,1.502688,-0.519938,-0.350113,1.502688,-0.519938,-0.350113,-2.254485e-03,1.425498e-02,-7.985738e-02,1.698919,-0.689917,-0.323140,1.700376,-0.687609,-0.323229,0.158958,0.000000,0,a
27.430000,650,DS_interstep,3,5.002884e-03,-3.123329e-02,1.034159e-01,-9.869749e-04,3.997699e-03,2.538716e-02,realized,-4.465038e-02,7.291233e-01,-1.387434e+00,0.029164,0.285906,-0.366576,,,,1.502686,-0.519939,-0.350113,1.502686,-0.519939,-0.350113,-1.217335e-03,1.481983e-02,-7.517278e-02,1.698915,-0.689918,-0.323140,1.700376,-0.687609,-0.323229,0.158788,0.000000,0,a
27.440000,651,DS_interstep,3,4.054430e-03,-3.166552e-02,9.898781e-02,-1.075705e-03,3.695929e-03,2.445524e-02,realized,-4.464940e-02,7.291632e-01,-1.387718e+00,0.029205,0.285656,-0.366169,,,,1.502683,-0.519939,-0.350112,1.502683,-0.519939,-0.350112,-2.512750e-04,1.526185e-02,-7.072819e-02,1.698911,-0.689920,-0.323139,1.700376,-0.687609,-0.323229,0.158622,0.000000,0,a
27.450000,652,DS_interstep,3,3.172903e-03,-3.198097e-02,9.478618e-02,-1.167490e-03,3.425431e-03,2.357641e-02,realized,-4.464394e-02,7.292047e-01,-1.387981e+00,0.029246,0.285406,-0.365761,,,,1.502680,-0.519940,-0.350112,1.502680,-0.519940,-0.350112,6.465608e-04,1.558573e-02,-6.651039e-02,1.698908,-0.689921,-0.323138,1.700376,-0.687609,-0.323229,0.158457,0.000000,0,a
27.460000,653,DS_interstep,3,2.355581e-03,-3.218458e-02,9.079742e-02,-1.261564e-03,3.185283e-03,2.274604e-02,realized,-4.463431e-02,7.292472e-01,-1.388225e+00,0.029286,0.285156,-0.365354,,,,1.502678,-0.519940,-0.350112,1.502678,-0.519940,-0.350112,1.478954e-03,1.579649e-02,-6.250580e-02,1.698904,-0.689922,-0.323138,1.700376,-0.687609,-0.323229,0.158296,0.000000,0,a
27.470000,654,DS_interstep,3,1.599833e-03,-3.228158e-02,8.700780e-02,-1.357034e-03,2.974262e-03,2.195962e-02,realized,-4.462084e-02,7.292902e-01,-1.388449e+00,0.029327,0.284906,-0.364947,,,,1.502676,-0.519940,-0.350112,1.502676,-0.519940,-0.350112,2.248597e-03,1.589942e-02,-5.870069e-02,1.698901,-0.689923,-0.323137,1.700376,-0.687609,-0.323229,0.158136,0.000000,0,a
27.480000,655,DS_interstep,3,9.031244e-04,-3.227739e-02,8.340371e-02,-1.452913e-03,2.790888e-03,2.121277e-02,realized,-4.460382e-02,7.293332e-01,-1.388655e+00,0.029368,0.284656,-0.364540,,,,1.502673,-0.519941,-0.350112,1.502673,-0.519941,-0.350112,2.958087e-03,1.590004e-02,-5.508147e-02,1.698898,-0.689924,-0.323136,1.700376,-0.687609,-0.323229,0.157978,0.000000,0,a
27.490000,656,DS_interstep,3,2.630116e-04,-3.217762e-02,7.997182e-02,-1.548165e-03,2.633468e-03,2.050132e-02,realized,-4.458354e-02,7.293758e-01,-1.388843e+00,0.029409,0.284406,-0.364133,,,,1.502671,-0.519941,-0.350112,1.502671,-0.519941,-0.350112,3.609927e-03,1.580403e-02,-5.163483e-02,1.698895,-0.689925,-0.323136,1.700376,-0.687609,-0.323229,0.157823,0.000000,0,a
27.500000,657,DS_interstep,3,-3.228552e-04,-3.198797e-02,7.669933e-02,-1.641732e-03,2.500137e-03,1.982137e-02,realized,-4.456028e-02,7.294174e-01,-1.389016e+00,0.029450,0.284157,-0.363727,,,,1.502670,-0.519941,-0.350112,1.502670,-0.519941,-0.350112,4.206526e-03,1.561718e-02,-4.834796e-02,1.698892,-0.689926,-0.323135,1.700376,-0.687609,-0.323229,0.157670,0.000000,0,a
27.510000,658,DS_interstep,3,-8.567367e-04,-3.171421e-02,7.357406e-02,-1.732569e-03,2.388909e-03,1.916932e-02,realized,-4.453430e-02,7.294577e-01,-1.389172e+00,0.029490,0.283907,-0.363321,,,,1.502668,-0.519942,-0.350111,1.502668,-0.519942,-0.350111,4.750199e-03,1.534534e-02,-4.520874e-02,1.698889,-0.689927,-0.323135,1.700376,-0.687609,-0.323229,0.157519,0.000000,0,a
27.520000,659,DS_interstep,3,-1.340809e-03,-3.136212e-02,7.058462e-02,-1.819672e-03,2.297718e-03,1.854191e-02,realized,-4.450586e-02,7.294962e-01,-1.389314e+00,0.029531,0.283658,-0.362914,,,,1.502666,-0.519942,-0.350111,1.502666,-0.519942,-0.350111,5.243175e-03,1.499438e-02,-4.220575e-02,1.698887,-0.689928,-0.323134,1.700376,-0.687609,-0.323229,0.157370,0.000000,0,a
27.530000,660,DS_interstep,3,-1.777169e-03,-3.093745e-02,6.772045e-02,-1.902098e-03,2.224460e-03,1.793624e-02,realized,-4.447519e-02,7.295325e-01,-1.389441e+00,0.029572,0.283409,-0.362508,,,,1.502665,-0.519942,-0.350111,1.502665,-0.519942,-0.350111,5.687599e-03,1.457011e-02,-3.932848e-02,1.698885,-0.689928,-0.323133,1.700376,-0.687609,-0.323229,0.157223,0.000000,0,a
27.540000,661,DS_interstep,3,-2.167839e-03,-3.044585e-02,6.497193e-02,-1.978991e-03,2.167033e-03,1.734973e-02,realized,-4.444254e-02,7.295664e-01,-1.389554e+00,0.029613,0.283159,-0.362103,,,,1.502663,-0.519943,-0.350111,1.502663,-0.519943,-0.350111,6.085538e-03,1.407829e-02,-3.656731e-02,1.698882,-0.689929,-0.323133,1.700376,-0.687609,-0.323229,0.157078,0.000000,0,a
27.550000,662,DS_interstep,3,-2.514776e-03,-2.989290e-02,6.233037e-02,-2.049587e-03,2.123372e-03,1.678018e-02,realized,-4.440813e-02,7.295976e-01,-1.389654e+00,0.029653,0.282910,-0.361697,,,,1.502662,-0.519943,-0.350111,1.502662,-0.519943,-0.350111,6.438986e-03,1.352455e-02,-3.391357e-02,1.698880,-0.689930,-0.323132,1.700376,-0.687609,-0.323229,0.156935,0.000000,0,a
27.560000,663,DS_interstep,3,-2.819875e-03,-2.928401e-02,5.978804e-02,-2.113235e-03,2.091478e-03,1.622571e-02,realized,-4.437216e-02,7.296257e-01,-1.389742e+00,0.029694,0.282661,-0.361291,,,,1.502661,-0.519943,-0.350111,1.502661,-0.519943,-0.350111,6.749875e-03,1.291436e-02,-3.135952e-02,1.698878,-0.689931,-0.323132,1.700376,-0.687609,-0.323229,0.156795,0.000000,0,a
27.570000,664,DS_interstep,3,-3.084979e-03,-2.862444e-02,5.733814e-02,-2.169398e-03,2.069447e-03,1.568477e-02,realized,-4.433484e-02,7.296505e-01,-1.389817e+00,0.029735,0.282412,-0.360886,,,,1.502660,-0.519943,-0.350110,1.502660,-0.519943,-0.350110,7.020079e-03,1.225305e-02,-2.889838e-02,1.698877,-0.689931,-0.323131,1.700376,-0.687609,-0.323229,0.156656,0.000000,0,a
27.580000,665,DS_interstep,3,-3.311884e-03,-2.791922e-02,5.497475e-02,-2.217659e-03,2.055491e-03,1.515610e-02,realized,-4.429637e-02,7.296717e-01,-1.389880e+00,0.029776,0.282163,-0.360481,,,,1.502659,-0.519944,-0.350110,1.502659,-0.519944,-0.350110,7.251420e-03,1.154571e-02,-2.652424e-02,1.698875,-0.689932,-0.323131,1.700376,-0.687609,-0.323229,0.156520,0.000000,0,a
27.590000,666,DS_interstep,3,-3.502343e-03,-2.717321e-02,5.269283e-02,-2.257717e-03,2.047955e-03,1.463872e-02,realized,-4.425692e-02,7.296892e-01,-1.389931e+00,0.029816,0.281914,-0.360076,,,,1.502658,-0.519944,-0.350110,1.502658,-0.519944,-0.350110,7.445678e-03,1.079724e-02,-2.423203e-02,1.698873,-0.689933,-0.323130,1.700376,-0.687609,-0.323229,0.156386,0.000000,0,a
27.600000,667,DS_interstep,3,-3.658077e-03,-2.639103e-02,5.048808e-02,-2.289392e-03,2.045330e-03,1.413188e-02,realized,-4.421669e-02,7.297028e-01,-1.389972e+00,0.029857,0.281666,-0.359671,,,,1.502657,-0.519944,-0.350110,1.502657,-0.519944,-0.350110,7.604594e-03,1.001229e-02,-2.201746e-02,1.698872,-0.689933,-0.323129,1.700376,-0.687609,-0.323229,0.156255,0.000000,0,a
27.610000,668,DS_interstep,3,-3.780775e-03,-2.557707e-02,4.835690e-02,-2.312609e-03,2.046258e-03,1.363506e-02,realized,-4.417583e-02,7.297123e-01,-1.390002e+00,0.029898,0.281417,-0.359266,,,,1.502656,-0.519944,-0.350110,1.502656,-0.519944,-0.350110,7.729876e-03,9.195291e-03,-1.987694e-02,1.698871,-0.689934,-0.323129,1.700376,-0.687609,-0.323229,0.156126,0.000000,0,a
27.620000,669,DS_interstep,3,-3.872100e-03,-2.473546e-02,4.629633e-02,-2.327402e-03,2.049543e-03,1.314790e-02,realized,-4.413451e-02,7.297175e-01,-1.390021e+00,0.029939,0.281169,-0.358861,,,,1.502655,-0.519945,-0.350109,1.502655,-0.519945,-0.350109,7.823206e-03,8.350420e-03,-1.780747e-02,1.698869,-0.689935,-0.323128,1.700376,-0.687609,-0.323229,0.155999,0.000000,0,a
27.630000,670,DS_interstep,3,-3.933694e-03,-2.387013e-02,4.430391e-02,-2.333895e-03,2.054146e-03,1.267020e-02,realized,-4.409287e-02,7.297185e-01,-1.390031e+00,0.029980,0.280920,-0.358456,,,,1.502655,-0.519945,-0.350109,1.502655,-0.519945,-0.350109,7.886240e-03,7.481606e-03,-1.580659e-02,1.698868,-0.689935,-0.323127,1.700376,-0.687609,-0.323229,0.155875,0.000000,0,a
27.640000,671,SS,4,6.786692e-01,-1.447515e+00,4.999968e+00,-9.040088e-03,2.448674e-02,-1.373002e-01,planned,-5.504846e-02,7.169643e-01,-1.440462e+00,0.030334,0.278427,-0.354531,-2.124797e-03,5.146217e-04,8.918504e-04,1.502696,-0.519937,-0.350141,1.526212,-0.495760,-0.347124,-5.622985e-01,4.350622e-01,-2.615660e+00,1.698900,-0.689895,-0.323118,1.698900,-0.689919,-0.323126,0.005242,0.799710,1,b
27.740000,672,SS,4,7.373261e-01,-1.540737e+00,4.999983e+00,7.355026e-02,1.988327e-01,-4.302987e-01,planned,-8.342110e-02,7.350816e-01,-1.572186e+00,0.030395,0.276035,-0.351098,,,,1.503064,-0.519785,-0.350240,1.532400,-0.493089,-0.346965,-6.936721e-01,7.439317e-01,-3.723240e+00,1.699140,-0.689708,-0.323073,1.699156,-0.689786,-0.323119,0.008172,0.797958,1,b
27.840000,673,SS,4,6.906972e-01,-1.505654e+00,4.999990e+00,1.147078e-01,4.195916e-01,-3.259750e-01,planned,-1.191298e-01,7.721934e-01,-1.761537e+00,0.030073,0.273821,-0.348383,,,,1.503995,-0.519431,-0.350419,1.538781,-0.490482,-0.346829,-8.574649e-01,1.143621e+00,-4.900224e+00,1.699724,-0.689299,-0.322990,1.699840,-0.689431,-0.323098,0.007923,0.793587,1,b
27.940000,674,SS,4,6.305584e-01,-1.487857e+00,4.999991e+00,1.207373e-01,5.942667e-01,-2.695558e-01,planned,-1.588859e-01,8.317569e-01,-1.980461e+00,0.029304,0.271865,-0.346569,,,,1.505667,-0.518827,-0.350672,1.546249,-0.488231,-0.346825,-7.911859e-01,1.569879e+00,-5.000000e+00,1.700761,-0.688623,-0.322868,1.701110,-0.688773,-0.323060,0.006543,0.785681,1,b
28.040000,675,SS,4,5.243348e-01,-1.443351e+00,4.999991e+00,7.985366e-02,7.248007e-01,-1.097949e-01,planned,-1.910708e-01,9.079874e-01,-2.195585e+00,0.028132,0.270241,-0.345677,,,,1.508205,-0.517991,-0.350984,1.553948,-0.486056,-0.346850,-6.027104e-01,1.886462e+00,-4.796457e+00,1.702321,-0.687709,-0.322702,1.703078,-0.687753,-0.323001,0.004349,0.773578,1,b
28.140000,676,SS,4,4.306156e-01,-1.421427e+00,4.999992e+00,3.504271e-02,7.764399e-01,6.393853e-02,planned,-2.179501e-01,1.001018e+00,-2.410023e+00,0.026629,0.269007,-0.345688,,,,1.511687,-0.516959,-0.351331,1.562577,-0.484186,-0.346994,-4.994143e-01,2.229200e+00,-4.768105e+00,1.704449,-0.686592,-0.322493,1.705817,-0.686334,-0.322919,0.003901,0.756848,1,b
28.240000,677,SS,4,3.299584e-01,-1.405731e+00,4.999991e+00,-3.479669e-02,7.496252e-01,2.666943e-01,planned,-2.414202e-01,1.109754e+00,-2.625943e+00,0.024839,0.268223,-0.346604,,,,1.516163,-0.515742,-0.351686,1.571454,-0.482398,-0.347171,-4.184724e-01,2.515605e+00,-4.746329e+00,1.707179,-0.685301,-0.322242,1.709362,-0.684496,-0.322812,0.005395,0.735280,1,b
28.340000,678,SS,4,2.103181e-01,-1.388063e+00,4.999991e+00,-1.379171e-01,6.528077e-01,5.127428e-01,planned,-2.622665e-01,1.231784e+00,-2.843371e+00,0.022797,0.267935,-0.348420,,,,1.521654,-0.514344,-0.352021,1.581041,-0.480843,-0.347443,-3.603210e-01,2.750129e+00,-4.731896e+00,1.710526,-0.683852,-0.321954,1.713715,-0.682239,-0.322681,0.007902,0.708860,1,b
28.440000,679,SS,4,6.574802e-02,-1.356788e+00,4.999990e+00,-2.796227e-01,4.944193e-01,8.075761e-01,planned,-2.818155e-01,1.364742e+00,-3.063028e+00,0.020530,0.268182,-0.351131,,,,1.528149,-0.512762,-0.352305,1.590860,-0.479364,-0.347747,-3.373735e-01,2.921238e+00,-4.726136e+00,1.714490,-0.682254,-0.321637,1.718850,-0.679578,-0.322527,0.011182,0.677756,1,b
28.540000,680,SS,4,-1.057271e-01,-1.298380e+00,4.999989e+00,-4.629898e-01,2.938125e-01,1.135765e+00,planned,-3.045084e-01,1.503152e+00,-3.284739e+00,0.018041,0.268982,-0.354717,,,,1.535616,-0.510985,-0.352517,1.601118,-0.478034,-0.348116,-4.737793e-01,2.952828e+00,-4.775857e+00,1.719042,-0.680513,-0.321301,1.724711,-0.676540,-0.322351,0.015174,0.642267,1,b
28.640000,681,SS,4,-3.287245e-01,-1.143750e+00,4.999988e+00,-6.947143e-01,1.406528e-01,1.543818e+00,planned,-3.358792e-01,1.642970e+00,-3.514138e+00,0.015278,0.270335,-0.359169,,,,1.544004,-0.508981,-0.352652,1.611550,-0.476763,-0.348510,-6.560091e-01,2.892042e+00,-4.907565e+00,1.724115,-0.678625,-0.320961,1.731221,-0.673165,-0.322156,0.018111,0.602793,1,b
28.740000,682,SS,4,-6.275576e-01,-8.407725e-01,4.999987e+00,-9.826260e-01,1.023486e-01,2.081476e+00,planned,-3.753210e-01,1.778637e+00,-3.747597e+00,0.012182,0.272221,-0.364479,,,,1.553243,-0.506716,-0.352715,1.622112,-0.475548,-0.348931,-8.128120e-01,2.714602e+00,-4.980626e+00,1.729639,-0.676567,-0.320632,1.738286,-0.669503,-0.321943,0.017786,0.559888,1,b
28.840000,683,SS,4,-9.727441e-01,-4.060784e-01,4.999984e+00,-1.306328e+00,1.905515e-01,2.668719e+00,planned,-4.225893e-01,1.905785e+00,-3.983395e+00,0.008703,0.274596,-0.370635,,,,1.563240,-0.504159,-0.352714,1.632735,-0.474358,-0.349364,-9.694868e-01,2.454333e+00,-5.000000e+00,1.735539,-0.674299,-0.320329,1.745793,-0.665612,-0.321718,0.013726,0.514217,1,b
28.940000,684,SS,4,-1.339275e+00,1.505161e-01,4.999975e+00,-1.646028e+00,4.120274e-01,3.259266e+00,planned,-4.777543e-01,2.020224e+00,-4.220950e+00,0.004798,0.277403,-0.377629,,,,1.573889,-0.501280,-0.352664,1.643152,-0.473124,-0.349779,-1.123272e+00,2.102474e+00,-5.000000e+00,1.741737,-0.671767,-0.320066,1.753619,-0.661555,-0.321483,0.012500,0.466523,1,b
29.040000,685,SS,4,-1.709059e+00,8.069051e-01,4.999702e+00,-1.981655e+00,7.675147e-01,3.829873e+00,planned,-5.407052e-01,2.117521e+00,-4.460251e+00,0.000424,0.280563,-0.385457,,,,1.585068,-0.498046,-0.352585,1.653457,-0.471865,-0.350183,-1.272622e+00,1.660140e+00,-5.000000e+00,1.748159,-0.668905,-0.319856,1.761632,-0.657402,-0.321242,0.028139,0.417600,1,b
29.140000,686,SS,4,-2.132742e+00,1.565907e+00,4.476733e+00,-2.286789e+00,1.245966e+00,4.227739e+00,planned,-6.108516e-01,2.194018e+00,-4.700304e+00,-0.004452,0.283984,-0.394105,,,,1.596642,-0.494428,-0.352501,1.663201,-0.470461,-0.350521,-1.343884e+00,1.209727e+00,-4.803888e+00,1.754727,-0.665637,-0.319708,1.769696,-0.653222,-0.321000,0.056315,0.368273,1,b
29.240000,687,SS,4,-2.673151e+00,2.415324e+00,2.996944e+00,-2.551461e+00,1.827627e+00,4.370217e+00,planned,-6.684313e-01,2.247830e+00,-4.873140e+00,-0.009763,0.287571,-0.403336,,,,1.608445,-0.490462,-0.352425,1.672590,-0.468965,-0.350817,-7.938401e-01,6.117386e-01,-2.135709e+00,1.761340,-0.661986,-0.319616,1.777672,-0.649088,-0.320760,0.096158,0.319404,1,b
29.340000,688,SS,4,-3.194204e+00,3.276479e+00,1.268589e+00,-2.750924e+00,2.455425e+00,4.440125e+00,planned,-7.004048e-01,2.274841e+00,-4.929625e+00,-0.015237,0.291210,-0.412709,,,,1.620262,-0.486327,-0.352362,1.681051,-0.467228,-0.350995,-3.332149e-01,1.252595e-01,-1.020906e-04,1.767879,-0.658088,-0.319569,1.785424,-0.645070,-0.320528,0.143817,0.271866,1,b
29.440000,689,SS,4,-3.420957e+00,3.978114e+00,7.037454e-01,-2.862787e+00,3.045283e+00,4.565832e+00,planned,-7.190359e-01,2.280711e+00,-4.913251e+00,-0.020680,0.294810,-0.421910,,,,1.631899,-0.482151,-0.352308,1.688833,-0.465314,-0.351088,1.685066e-02,-3.571203e-01,1.630223e+00,1.774253,-0.654062,-0.319547,1.792822,-0.641235,-0.320305,0.198192,0.226493,1,b
29.540000,690,SS,4,-3.485076e+00,4.557688e+00,8.674773e-01,-2.925097e+00,3.572258e+00,4.816930e+00,planned,-7.211014e-01,2.262111e+00,-4.822826e+00,-0.025919,0.298276,-0.430675,,,,1.643162,-0.478040,-0.352254,1.695296,-0.463102,-0.351026,3.004460e-01,-8.174447e-01,2.945125e+00,1.780381,-0.650004,-0.319533,1.799747,-0.637645,-0.320097,0.254971,0.184040,1,b
29.640000,691,SS,4,-3.348514e+00,4.954988e+00,1.771709e+00,-2.929025e+00,3.993820e+00,5.035358e+00,planned,-7.130492e-01,2.220262e+00,-4.680599e+00,-0.030827,0.301523,-0.438799,,,,1.653878,-0.474072,-0.352196,1.700647,-0.460638,-0.350833,4.901069e-01,-1.267381e+00,3.904803e+00,1.786199,-0.645997,-0.319511,1.806089,-0.634358,-0.319907,0.311816,0.145177,1,b
29.740000,692,SS,4,-3.336603e+00,4.999946e+00,1.719383e+00,-2.864244e+00,4.229542e+00,4.980331e+00,planned,-6.947934e-01,2.154780e+00,-4.487744e+00,-0.035308,0.304466,-0.446115,,,,1.663888,-0.470307,-0.352130,1.704400,-0.458596,-0.350554,6.969570e-01,-1.734841e+00,4.889031e+00,1.791649,-0.642119,-0.319465,1.811759,-0.631419,-0.319737,0.366401,0.110462,1,b
29.840000,693,SS,4,-3.343108e+00,4.999970e+00,1.033560e+00,-2.750228e+00,4.350481e+00,4.712220e+00,planned,-6.718173e-01,2.064386e+00,-4.277114e+00,-0.039289,0.307020,-0.452487,,,,1.673053,-0.466793,-0.352057,1.706603,-0.456966,-0.350192,6.672004e-01,-2.216268e+00,4.908550e+00,1.796687,-0.638429,-0.319391,1.816685,-0.628865,-0.319589,0.414979,0.080324,1,b
29.940000,694,SS,4,-3.258702e+00,4.999972e+00,3.304302e-01,-2.602730e+00,4.375860e+00,4.285602e+00,planned,-6.523153e-01,1.950135e+00,-4.068988e+00,-0.042792,0.309101,-0.457915,,,,1.681273,-0.463520,-0.351984,1.707765,-0.456105,-0.350000,5.693532e-01,-2.696403e+00,4.767804e+00,1.801287,-0.634932,-0.319292,1.820821,-0.626722,-0.319464,0.455586,0.055039,1,b
30.040000,695,SS,4,-3.131757e+00,4.999962e+00,-3.758409e-01,-2.450010e+00,4.316200e+00,3.789704e+00,planned,-6.345577e-01,1.813464e+00,-3.859887e+00,-0.045855,0.310632,-0.462413,,,,1.688476,-0.460470,-0.351927,1.707765,-0.456105,-0.350000,5.316506e-01,-3.125854e+00,4.758492e+00,1.805432,-0.631628,-0.319176,1.824145,-0.624999,-0.319365,0.487415,0.034726,1,b
30.140000,696,SS,4,-2.956942e+00,4.999771e+00,-1.084214e+00,-2.283145e+00,4.186172e+00,3.218607e+00,planned,-6.167518e-01,1.658103e+00,-3.648633e+00,-0.048493,0.311546,-0.465989,,,,1.694628,-0.457641,-0.351902,1.707765,-0.456105,-0.350000,5.270398e-01,-3.452826e+00,4.756201e+00,1.809119,-0.628524,-0.319053,1.826669,-0.623690,-0.319289,0.509465,0.019361,1,b
30.240000,697,SS,4,-2.786416e+00,4.630679e+00,-1.763374e+00,-2.082226e+00,3.901550e+00,2.580505e+00,planned,-5.964428e-01,1.491451e+00,-3.434687e+00,-0.050708,0.311803,-0.468653,,,,1.699735,-0.455040,-0.351925,1.707765,-0.456105,-0.350000,5.944086e-01,-3.606278e+00,4.795696e+00,1.812360,-0.625632,-0.318933,1.828438,-0.622773,-0.319236,0.521314,0.008876,1,b
30.340000,698,SS,4,-2.586308e+00,4.020181e+00,-2.406301e+00,-1.838890e+00,3.494333e+00,1.887731e+00,planned,-5.701672e-01,1.321542e+00,-3.216544e+00,-0.052476,0.311393,-0.470418,,,,1.703849,-0.452686,-0.352007,1.707765,-0.456105,-0.350000,7.364442e-01,-3.568982e+00,4.870623e+00,1.815188,-0.622971,-0.318823,1.829535,-0.622205,-0.319203,0.522966,0.003981,1,b
30.440000,699,SS,4,-2.318633e+00,3.282835e+00,-3.009556e+00,-1.539712e+00,2.989873e+00,1.141157e+00,planned,-5.344544e-01,1.157507e+00,-2.993665e+00,-0.053745,0.310339,-0.471298,,,,1.707072,-0.450612,-0.352153,1.707765,-0.456105,-0.350000,9.528941e-01,-3.320158e+00,4.980292e+00,1.817663,-0.620570,-0.318727,1.830085,-0.621920,-0.319186,0.514532,0.004615,1,b
30.540000,700,SS,4,-1.964773e+00,2.439998e+00,-3.567906e+00,-1.173404e+00,2.387140e+00,3.389592e-01,planned,-4.873417e-01,1.013895e+00,-2.768358e+00,-0.054446,0.308712,-0.471308,,,,1.709561,-0.448863,-0.352359,1.707765,-0.456105,-0.350000,1.156857e+00,-2.645515e+00,5.000000e+00,1.819860,-0.618469,-0.318646,1.830258,-0.621830,-0.319181,0.495882,0.005506,1,b
30.640000,701,SS,4,-1.548518e+00,1.569096e+00,-4.031963e+00,-7.728036e-01,1.726788e+00,-4.668268e-01,planned,-4.297947e-01,9.103007e-01,-2.541225e+00,-0.054524,0.306659,-0.470454,,,,1.711539,-0.447488,-0.352609,1.707765,-0.456105,-0.350000,1.361902e+00,-1.651049e+00,5.000000e+00,1.821853,-0.616715,-0.318566,1.830269,-0.621824,-0.319181,0.468790,0.005642,1,b
30.740000,702,SS,4,-1.103592e+00,8.196502e-01,-4.209030e+00,-3.712504e-01,1.118652e+00,-1.031887e+00,planned,-3.645263e-01,8.441096e-01,-2.312281e+00,-0.053937,0.304352,-0.468723,,,,1.713188,-0.446518,-0.352873,1.707765,-0.456105,-0.350000,1.420364e+00,-1.050014e+00,5.000000e+00,1.823679,-0.615357,-0.318488,1.830269,-0.621824,-0.319181,0.438568,0.005442,1,b
30.840000,703,SS,4,-6.624152e-01,2.673572e-01,-4.149284e+00,1.415762e-03,6.535257e-01,-1.413787e+00,planned,-3.036926e-01,7.964278e-01,-2.092870e+00,-0.052715,0.301890,-0.466167,,,,1.714540,-0.445938,-0.353120,1.707765,-0.456105,-0.350000,1.182759e+00,-7.459727e-01,4.337919e+00,1.825325,-0.614394,-0.318417,1.830269,-0.621824,-0.319181,0.404642,0.005139,1,b
30.940000,704,SS,4,-3.006176e-01,-1.797493e-01,-4.081768e+00,2.849608e-01,2.601280e-01,-1.793340e+00,planned,-2.527885e-01,7.579266e-01,-1.905812e+00,-0.050981,0.299323,-0.462954,,,,1.715616,-0.445681,-0.353335,1.707765,-0.456105,-0.350000,9.643469e-01,-5.895476e-01,3.611614e+00,1.826785,-0.613773,-0.318358,1.830269,-0.621824,-0.319181,0.368006,0.004842,1,b
31.040000,705,DS_terminal,4,-1.584408e+00,-7.293544e-01,-4.935124e+00,-2.783959e-01,2.719785e-01,1.375386e-01,realized,-1.758861e-01,7.403611e-01,-1.706400e+00,-0.048190,0.295581,-0.456214,-2.124582e-03,5.164486e-04,8.865688e-04,1.716011,-0.446403,-0.353687,1.715616,-0.445681,-0.353335,1.592765e+00,4.121325e-01,3.640032e+00,1.827874,-0.613777,-0.318402,1.827874,-0.613777,-0.318402,0.056279,4.000066,0,b
31.140000,706,DS_terminal,4,1.552700e+00,2.121135e+00,3.268986e+00,4.436836e-01,2.848240e-01,2.064509e-01,realized,-1.550244e-01,7.110143e-01,-1.609100e+00,-0.045384,0.293316,-0.451427,,,,1.716481,-0.446771,-0.353693,1.715616,-0.445681,-0.353335,-1.544265e+00,-1.001851e+00,-2.832668e+00,1.828791,-0.613858,-0.318267,1.827874,-0.613777,-0.318402,0.082960,4.000001,0,b
31.240000,707,DS_terminal,4,1.100544e+00,1.750520e+00,2.565495e+00,2.049821e-01,2.422549e-01,1.247567e-01,realized,-1.578096e-01,6.803436e-01,-1.574078e+00,-0.042817,0.291083,-0.446919,,,,1.716758,-0.447040,-0.353667,1.715616,-0.445681,-0.353335,-1.092476e+00,-1.202371e+00,-2.117794e+00,1.829449,-0.613943,-0.318200,1.827874,-0.613777,-0.318402,0.095847,4.000007,0,b
31.340000,708,DS_terminal,4,6.470012e-01,1.167919e+00,1.516662e+00,8.443987e-02,1.867147e-01,2.665931e-02,realized,-1.466777e-01,6.628091e-01,-1.526047e+00,-0.040345,0.288725,-0.442303,,,,1.716808,-0.447308,-0.353630,1.715616,-0.445681,-0.353335,-6.357439e-01,-9.374930e-01,-1.129836e+00,1.829903,-0.614060,-0.318172,1.827874,-0.613777,-0.318402,0.103421,4.000006,0,b
31.440000,709,DS_terminal,4,1.609159e-01,1.145944e+00,-6.647430e-01,-8.696796e-03,1.408945e-01,-2.159010e-01,realized,-1.297344e-01,6.585613e-01,-1.478218e+00,-0.037867,0.286377,-0.437561,,,,1.716693,-0.447602,-0.353553,1.715616,-0.445681,-0.353335,-1.487350e-01,-1.083952e+00,8.761692e-01,1.830208,-0.614232,-0.318137,1.827874,-0.613777,-0.318402,0.108335,4.000004,0,b
31.540000,710,DS_terminal,4,3.076461e-01,1.479784e+00,-1.020092e+00,6.090037e-02,7.554229e-02,-4.387587e-01,realized,-1.145023e-01,6.592775e-01,-1.447104e+00,-0.035352,0.284110,-0.432733,,,,1.716502,-0.447929,-0.353430,1.715616,-0.445681,-0.353335,-2.958493e-01,-1.365305e+00,1.297106e+00,1.830457,-0.614458,-0.318079,1.827874,-0.613777,-0.318402,0.113914,4.000002,0,b
31.640000,711,DS_terminal,4,2.126852e-01,1.311272e+00,-1.189968e+00,4.239430e-02,5.613203e-02,-4.245836e-01,realized,-1.010653e-01,6.630460e-01,-1.423241e+00,-0.032814,0.281937,-0.427863,,,,1.716271,-0.448278,-0.353268,1.715616,-0.445681,-0.353335,-2.014504e-01,-1.218839e+00,1.413343e+00,1.830672,-0.614721,-0.317997,1.827874,-0.613777,-0.318402,0.119496,4.000001,0,b
31.740000,712,DS_terminal,4,3.400074e-01,1.434207e+00,-9.943591e-01,7.728476e-02,2.290280e-02,-4.779751e-01,realized,-9.209220e-02,6.648875e-01,-1.409292e+00,-0.030291,0.279844,-0.422999,,,,1.716018,-0.448633,-0.353073,1.715616,-0.445681,-0.353335,-3.298173e-01,-1.291734e+00,1.268417e+00,1.830879,-0.615003,-0.317898,1.827874,-0.613777,-0.318402,0.125569,4.000001,0,b
31.840000,713,DS_terminal,4,3.426878e-01,1.397439e+00,-8.837162e-01,7.198582e-02,1.512976e-02,-4.411187e-01,realized,-8.661299e-02,6.634661e-01,-1.397685e+00,-0.027820,0.277808,-0.418174,,,,1.715755,-0.448983,-0.352859,1.715616,-0.445681,-0.353335,-3.344163e-01,-1.241197e+00,1.146926e+00,1.831072,-0.615291,-0.317793,1.827874,-0.613777,-0.318402,0.130043,4.000000,0,b
31.940000,714,DS_terminal,4,4.194083e-01,1.469248e+00,-7.153782e-01,8.823840e-02,-2.933670e-03,-4.506413e-01,realized,-8.491472e-02,6.583026e-01,-1.391739e+00,-0.025438,0.275800,-0.413414,,,,1.715488,-0.449316,-0.352638,1.715616,-0.445681,-0.353335,-4.124602e-01,-1.281613e+00,1.001557e+00,1.831259,-0.615574,-0.317694,1.827874,-0.613777,-0.318402,0.133850,4.000000,0,b
32.040000,715,DS_terminal,4,4.289124e-01,1.440268e+00,-6.101781e-01,8.576728e-02,-1.143546e-02,-4.281488e-01,realized,-8.553617e-02,6.505192e-01,-1.387490e+00,-0.023167,0.273799,-0.408737,,,,1.715223,-0.449625,-0.352422,1.715616,-0.445681,-0.353335,-4.233624e-01,-1.246399e+00,8.914073e-01,1.831439,-0.615843,-0.317612,1.827874,-0.613777,-0.318402,0.136671,4.000000,0,b
32.140000,716,DS_terminal,4,4.398984e-01,1.415339e+00,-5.259091e-01,8.534167e-02,-2.176635e-02,-4.165738e-01,realized,-8.777636e-02,6.409043e-01,-1.385039e+00,-0.021021,0.271790,-0.404151,,,,1.714964,-0.449906,-0.352217,1.715616,-0.445681,-0.353335,-4.352188e-01,-1.218495e+00,8.037470e-01,1.831613,-0.616092,-0.317554,1.827874,-0.613777,-0.318402,0.139269,4.000000,0,b
32.240000,717,DS_terminal,4,4.244841e-01,1.348945e+00,-4.770226e-01,7.873867e-02,-2.936457e-02,-3.986136e-01,realized,-9.052835e-02,6.306538e-01,-1.382741e+00,-0.019003,0.269764,-0.399658,,,,1.714715,-0.450158,-0.352028,1.715616,-0.445681,-0.353335,-4.203291e-01,-1.160345e+00,7.420696e-01,1.831782,-0.616321,-0.317522,1.827874,-0.613777,-0.318402,0.142043,4.000000,0,b
32.340000,718,DS_terminal,4,3.991977e-01,1.267897e+00,-4.482982e-01,7.050212e-02,-3.599398e-02,-3.809129e-01,realized,-9.310279e-02,6.205641e-01,-1.379903e+00,-0.017108,0.267722,-0.395253,,,,1.714476,-0.450383,-0.351856,1.715616,-0.445681,-0.353335,-3.952370e-01,-1.092111e+00,6.974677e-01,1.831945,-0.616528,-0.317514,1.827874,-0.613777,-0.318402,0.145441,4.000000,0,b
32.440000,719,DS_terminal,4,3.672887e-01,1.177620e+00,-4.321114e-01,6.122993e-02,-4.127066e-02,-3.623014e-01,realized,-9.502541e-02,6.111907e-01,-1.375972e+00,-0.015325,0.265666,-0.390929,,,,1.714249,-0.450585,-0.351701,1.715616,-0.445681,-0.353335,-3.633014e-01,-1.017088e+00,6.634589e-01,1.832101,-0.616716,-0.317528,1.827874,-0.613777,-0.318402,0.149714,4.000000,0,b
32.540000,720,DS_terminal,4,3.343092e-01,1.087390e+00,-4.205107e-01,5.222018e-02,-4.536335e-02,-3.434356e-01,realized,-9.610686e-02,6.027638e-01,-1.370757e+00,-0.013641,0.263602,-0.386674,,,,1.714033,-0.450766,-0.351561,1.715616,-0.445681,-0.353335,-3.301693e-01,-9.420382e-01,6.340433e-01,1.832250,-0.616887,-0.317559,1.827874,-0.613777,-0.318402,0.154957,4.000000,0,b
32.640000,721,DS_terminal,4,3.032984e-01,1.002256e+00,-4.085471e-01,4.412713e-02,-4.832184e-02,-3.244296e-01,realized,-9.635175e-02,5.952798e-01,-1.364293e+00,-0.012042,0.261538,-0.382481,,,,1.713829,-0.450930,-0.351434,1.715616,-0.445681,-0.353335,-2.989558e-01,-8.706960e-01,6.053236e-01,1.832391,-0.617044,-0.317603,1.827874,-0.613777,-0.318402,0.161122,4.000000,0,b
32.740000,722,DS_terminal,4,2.758199e-01,9.246625e-01,-3.935954e-01,3.726948e-02,-5.024628e-02,-3.054285e-01,realized,-9.588502e-02,5.885877e-01,-1.356758e+00,-0.010517,0.259478,-0.378341,,,,1.713636,-0.451082,-0.351318,1.715616,-0.445681,-0.353335,-2.712741e-01,-8.049793e-01,5.752152e-01,1.832524,-0.617190,-0.317656,1.827874,-0.613777,-0.318402,0.168059,4.000000,0,b
32.840000,723,DS_terminal,4,2.522486e-01,8.549681e-01,-3.748434e-01,3.169606e-02,-5.126314e-02,-2.865629e-01,realized,-9.488360e-02,5.824738e-01,-1.348389e+00,-0.009057,0.257426,-0.374249,,,,1.713453,-0.451222,-0.351212,1.715616,-0.445681,-0.353335,-2.475265e-01,-7.452810e-01,5.430375e-01,1.832648,-0.617327,-0.317715,1.827874,-0.613777,-0.318402,0.175545,4.000000,0,b
32.940000,724,DS_terminal,4,2.322296e-01,7.922670e-01,-3.526599e-01,2.729297e-02,-5.152198e-02,-2.679757e-01,realized,-9.352766e-02,5.767245e-01,-1.339428e+00,-0.007655,0.255386,-0.370199,,,,1.713280,-0.451354,-0.351114,1.715616,-0.445681,-0.353335,-2.273681e-01,-6.910425e-01,5.090360e-01,1.832763,-0.617455,-0.317777,1.827874,-0.613777,-0.318402,0.183310,4.000000,0,b
33.040000,725,DS_terminal,4,2.150406e-01,7.350645e-01,-3.280472e-01,2.386277e-02,-5.117953e-02,-2.498115e-01,realized,-9.197085e-02,5.711655e-01,-1.330086e+00,-0.006306,0.253360,-0.366190,,,,1.713117,-0.451479,-0.351023,1.715616,-0.445681,-0.353335,-2.100751e-01,-6.412339e-01,4.739572e-01,1.832869,-0.617576,-0.317841,1.827874,-0.613777,-0.318402,0.191063,4.000000,0,b
33.140000,726,DS_terminal,4,1.998651e-01,6.817843e-01,-3.022122e-01,2.118313e-02,-5.038407e-02,-2.322016e-01,realized,-9.032670e-02,5.656782e-01,-1.320522e+00,-0.005006,0.251346,-0.362218,,,,1.712961,-0.451596,-0.350939,1.715616,-0.445681,-0.353335,-1.948228e-01,-5.947259e-01,4.387123e-01,1.832966,-0.617690,-0.317907,1.827874,-0.613777,-0.318402,0.198508,4.000000,0,b
33.240000,727,DS_terminal,4,1.859717e-01,6.310909e-01,-2.762707e-01,1.904580e-02,-4.926400e-02,-2.152522e-01,realized,-8.866720e-02,5.602003e-01,-1.310844e+00,-0.003753,0.249347,-0.358283,,,,1.712813,-0.451708,-0.350863,1.715616,-0.445681,-0.353335,-1.808703e-01,-5.505359e-01,4.041456e-01,1.833054,-0.617797,-0.317973,1.827874,-0.613777,-0.318402,0.205367,4.000000,0,b
33.340000,728,DS_terminal,4,1.728090e-01,5.820470e-01,-2.510838e-01,1.727869e-02,-4.792237e-02,-1.990393e-01,realized,-8.702900e-02,5.547155e-01,-1.301116e+00,-0.002544,0.247362,-0.354385,,,,1.712673,-0.451815,-0.350793,1.715616,-0.445681,-0.353335,-1.676569e-01,-5.079538e-01,3.709046e-01,1.833133,-0.617897,-0.318040,1.827874,-0.613777,-0.318402,0.211391,4.000000,0,b
33.440000,729,DS_terminal,4,1.600320e-01,5.341396e-01,-2.272035e-01,1.575404e-02,-4.643652e-02,-1.836091e-01,realized,-8.542313e-02,5.492389e-01,-1.291369e+00,-0.001378,0.245390,-0.350521,,,,1.712539,-0.451916,-0.350729,1.715616,-0.445681,-0.353335,-1.548312e-01,-4.665729e-01,3.393975e-01,1.833204,-0.617991,-0.318107,1.827874,-0.613777,-0.318402,0.216369,4.000000,0,b
33.540000,730,DS_terminal,4,1.474821e-01,4.872209e-01,-2.048943e-01,1.438671e-02,-4.486106e-02,-1.689826e-01,realized,-8.384529e-02,5.438017e-01,-1.281612e+00,-0.000254,0.243431,-0.346693,,,,1.712411,-0.452012,-0.350672,1.715616,-0.445681,-0.353335,-1.422311e-01,-4.262538e-01,3.098090e-01,1.833267,-0.618078,-0.318175,1.827874,-0.613777,-0.318402,0.220133,4.000000,0,b
33.640000,731,DS_terminal,4,1.351421e-01,4.414057e-01,-1.841978e-01,1.312665e-02,-4.323258e-02,-1.551612e-01,realized,-8.228450e-02,5.384394e-01,-1.271844e+00,0.000831,0.241486,-0.342899,,,,1.712289,-0.452103,-0.350621,1.715616,-0.445681,-0.353335,-1.298385e-01,-3.870550e-01,2.821506e-01,1.833322,-0.618158,-0.318242,1.827874,-0.613777,-0.318402,0.222565,4.000000,0,b
33.740000,732,DS_terminal,4,1.230830e-01,3.969610e-01,-1.650115e-01,1.194905e-02,-4.157452e-02,-1.421323e-01,realized,-8.072935e-02,5.331831e-01,-1.262064e+00,0.001879,0.239556,-0.339139,,,,1.712172,-0.452190,-0.350576,1.715616,-0.445681,-0.353335,-1.177257e-01,-3.491534e-01,2.563217e-01,1.833370,-0.618233,-0.318309,1.827874,-0.613777,-0.318402,0.223589,4.000000,0,b
33.840000,733,DS_terminal,4,1.114166e-01,3.542081e-01,-1.471625e-01,1.084470e-02,-3.990165e-02,-1.298744e-01,realized,-7.917162e-02,5.280551e-01,-1.252271e+00,0.002890,0.237640,-0.335412,,,,1.712060,-0.452273,-0.350535,1.715616,-0.445681,-0.353335,-1.060064e-01,-3.127728e-01,2.321668e-01,1.833412,-0.618302,-0.318375,1.827874,-0.613777,-0.318402,0.223173,4.000000,0,b
33.940000,734,DS_terminal,4,1.002575e-01,3.134507e-01,-1.304645e-01,9.812132e-03,-3.822351e-02,-1.183610e-01,realized,-7.760769e-02,5.230673e-01,-1.242468e+00,0.003867,0.235739,-0.331717,,,,1.711954,-0.452352,-0.350500,1.715616,-0.445681,-0.353335,-9.479804e-02,-2.781299e-01,2.095198e-01,1.833448,-0.618366,-0.318440,1.827874,-0.613777,-0.318402,0.221322,4.000000,0,b
34.040000,735,DS_terminal,4,8.970026e-02,2.749302e-01,-1.147556e-01,8.852065e-03,-3.654689e-02,-1.075625e-01,realized,-7.603836e-02,5.182223e-01,-1.232664e+00,0.004812,0.233855,-0.328054,,,,1.711851,-0.452428,-0.350469,1.715616,-0.445681,-0.353335,-8.419739e-02,-2.453988e-01,1.882329e-01,1.833478,-0.618425,-0.318505,1.827874,-0.613777,-0.318402,0.218076,4.000000,0,b
34.140000,736,DS_terminal,4,7.980677e-02,2.388056e-01,-9.991694e-02,7.964144e-03,-3.487727e-02,-9.744871e-02,realized,-7.446777e-02,5.135154e-01,-1.222870e+00,0.005725,0.231987,-0.324422,,,,1.711753,-0.452501,-0.350441,1.715616,-0.445681,-0.353335,-7.426845e-02,-2.146949e-01,1.681916e-01,1.833502,-0.618480,-0.318567,1.827874,-0.613777,-0.318402,0.213505,4.000000,0,b
34.240000,737,DS_terminal,4,7.060466e-02,2.051529e-01,-8.587738e-02,7.145582e-03,-3.321955e-02,-8.798869e-02,realized,-7.290199e-02,5.089371e-01,-1.213100e+00,0.006609,0.230135,-0.320820,,,,1.711659,-0.452571,-0.350417,1.715616,-0.445681,-0.353335,-6.504007e-02,-1.860725e-01,1.493180e-01,1.833521,-0.618530,-0.318628,1.827874,-0.613777,-0.318402,0.207702,4.000000,0,b
34.340000,738,DS_terminal,4,6.209096e-02,1.739757e-01,-7.260874e-02,6.391091e-03,-3.157824e-02,-7.915147e-02,realized,-7.134767e-02,5.044757e-01,-1.203366e+00,0.007465,0.228302,-0.317249,,,,1.711569,-0.452639,-0.350396,1.715616,-0.445681,-0.353335,-5.650987e-02,-1.595312e-01,1.315667e-01,1.833536,-0.618577,-0.318686,1.827874,-0.613777,-0.318402,0.200784,4.000000,0,b
34.440000,739,DS_terminal,4,5.423906e-02,1.452227e-01,-6.011667e-02,5.693536e-03,-2.995729e-02,-7.090576e-02,realized,-6.981099e-02,5.001189e-01,-1.193682e+00,0.008294,0.226486,-0.313707,,,,1.711483,-0.452703,-0.350378,1.715616,-0.445681,-0.353335,-4.865128e-02,-1.350284e-01,1.149184e-01,1.833546,-0.618621,-0.318743,1.827874,-0.613777,-0.318402,0.192885,4.000000,0,b
34.540000,740,DS_terminal,4,4.700650e-02,1.188066e-01,-4.843184e-02,5.044865e-03,-2.835979e-02,-6.321996e-02,realized,-6.829704e-02,4.958550e-01,-1.184056e+00,0.009097,0.224688,-0.310195,,,,1.711400,-0.452766,-0.350362,1.715616,-0.445681,-0.353335,-4.142141e-02,-1.124931e-01,9.937246e-02,1.833553,-0.618661,-0.318797,1.827874,-0.613777,-0.318402,0.184158,4.000000,0,b
34.640000,741,DS_terminal,4,4.034187e-02,9.462299e-02,-3.760422e-02,4.437000e-03,-2.678759e-02,-5.606244e-02,realized,-6.680952e-02,4.916736e-01,-1.174498e+00,0.009875,0.222908,-0.306711,,,,1.711320,-0.452826,-0.350348,1.715616,-0.445681,-0.353335,-3.476818e-02,-9.184041e-02,8.494364e-02,1.833556,-0.618699,-0.318849,1.827874,-0.613777,-0.318402,0.174770,4.000000,0,b
34.740000,742,DS_terminal,4,3.418984e-02,7.256332e-02,-2.769931e-02,3.862470e-03,-2.524132e-02,-4.940213e-02,realized,-6.535074e-02,4.875657e-01,-1.165012e+00,0.010630,0.221146,-0.303257,,,,1.711243,-0.452885,-0.350336,1.715616,-0.445681,-0.353335,-2.863536e-02,-7.298192e-02,7.165934e-02,1.833555,-0.618735,-0.318898,1.827874,-0.613777,-0.318402,0.164908,4.000000,0,b
34.840000,743,DS_terminal,4,2.849147e-02,5.250807e-02,-1.878740e-02,3.314339e-03,-2.372120e-02,-4.320749e-02,realized,-6.392185e-02,4.835233e-01,-1.155601e+00,0.011361,0.219403,-0.299831,,,,1.711170,-0.452941,-0.350326,1.715616,-0.445681,-0.353335,-2.296283e-02,-5.582018e-02,5.954949e-02,1.833552,-0.618768,-0.318945,1.827874,-0.613777,-0.318402,0.154774,4.000000,0,b
34.940000,744,DS_terminal,4,2.317640e-02,3.428765e-02,-1.091918e-02,2.784838e-03,-2.222813e-02,-3.743973e-02,realized,-6.252301e-02,4.795389e-01,-1.146265e+00,0.012070,0.217678,-0.296433,,,,1.711099,-0.452995,-0.350317,1.715616,-0.445681,-0.353335,-1.767852e-02,-4.021628e-02,4.862032e-02,1.833545,-0.618799,-0.318990,1.827874,-0.613777,-0.318402,0.144595,4.000000,0,b
35.040000,745,DS_terminal,4,1.815635e-02,1.767382e-02,-4.130332e-03,2.264071e-03,-2.076163e-02,-3.204593e-02,realized,-6.115358e-02,4.756042e-01,-1.137003e+00,0.012757,0.215971,-0.293063,,,,1.711031,-0.453048,-0.350309,1.715616,-0.445681,-0.353335,-1.269180e-02,-2.598140e-02,3.885411e-02,1.833536,-0.618828,-0.319032,1.827874,-0.613777,-0.318402,0.134620,4.000000,0,b
35.140000,746,DS_terminal,4,1.337486e-02,2.633258e-03,1.406041e-03,1.747279e-03,-1.931307e-02,-2.699949e-02,realized,-5.981219e-02,4.717068e-01,-1.127803e+00,0.013424,0.214282,-0.289721,,,,1.710966,-0.453099,-0.350303,1.715616,-0.445681,-0.353335,-7.944884e-03,-1.308900e-02,3.037598e-02,1.833525,-0.618856,-0.319072,1.827874,-0.613777,-0.318402,0.125128,4.000000,0,b
35.240000,747,DS_terminal,4,9.015594e-03,-9.950636e-03,5.119143e-03,1.265381e-03,-1.787526e-02,-2.248265e-02,realized,-5.849698e-02,4.678265e-01,-1.118645e+00,0.014070,0.212612,-0.286406,,,,1.710903,-0.453148,-0.350297,1.715616,-0.445681,-0.353335,-3.626279e-03,-2.293676e-03,2.383562e-02,1.833511,-0.618883,-0.319109,1.827874,-0.613777,-0.318402,0.116430,4.000000,0,b
35.340000,748,DS_terminal,4,5.720953e-03,-1.804962e-02,6.409301e-03,9.129568e-04,-1.650118e-02,-1.907644e-02,realized,-5.720602e-02,4.639394e-01,-1.109502e+00,0.014698,0.210958,-0.283117,,,,1.710842,-0.453196,-0.350292,1.715616,-0.445681,-0.353335,-3.947729e-04,4.645285e-03,2.026878e-02,1.833495,-0.618908,-0.319144,1.827874,-0.613777,-0.318402,0.108863,4.000000,0,b
35.440000,749,DS_terminal,4,3.908109e-03,-2.119629e-02,5.943181e-03,7.450149e-04,-1.529667e-02,-1.713872e-02,realized,-5.593628e-02,4.600433e-01,-1.100367e+00,0.015306,0.209322,-0.279856,,,,1.710783,-0.453242,-0.350288,1.715616,-0.445681,-0.353335,1.320332e-03,7.274723e-03,1.945192e-02,1.833477,-0.618933,-0.319177,1.827874,-0.613777,-0.318402,0.102779,4.000000,0,b
35.540000,750,DS_terminal,4,3.032703e-03,-2.186704e-02,5.162358e-03,6.875975e-04,-1.427226e-02,-1.611872e-02,realized,-5.468356e-02,4.561644e-01,-1.091261e+00,0.015898,0.207703,-0.276620,,,,1.710725,-0.453287,-0.350285,1.715616,-0.445681,-0.353335,2.076595e-03,7.726646e-03,1.969394e-02,1.833457,-0.618957,-0.319208,1.827874,-0.613777,-0.318402,0.098511,4.000000,0,b
35.640000,751,DS_terminal,4,2.498247e-03,-2.209412e-02,4.827787e-03,6.694552e-04,-1.337267e-02,-1.539064e-02,realized,-5.344708e-02,4.523276e-01,-1.082211e+00,0.016472,0.206101,-0.273409,,,,1.710669,-0.453332,-0.350283,1.715616,-0.445681,-0.353335,2.487634e-03,7.805142e-03,1.980659e-02,1.833434,-0.618980,-0.319237,1.827874,-0.613777,-0.318402,0.096318,4.000000,0,b
35.740000,752,DS_terminal,4,2.110454e-03,-2.241419e-02,5.070664e-03,6.688182e-04,-1.255979e-02,-1.472440e-02,realized,-5.223041e-02,4.485455e-01,-1.073240e+00,0.017029,0.204515,-0.270223,,,,1.710614,-0.453375,-0.350280,1.715616,-0.445681,-0.353335,2.753782e-03,8.002249e-03,1.948042e-02,1.833410,-0.619003,-0.319264,1.827874,-0.613777,-0.318402,0.096303,4.000000,0,b
35.840000,753,DS_terminal,4,1.838954e-03,-2.280498e-02,5.811617e-03,6.806194e-04,-1.181231e-02,-1.407447e-02,realized,-5.103876e-02,4.448233e-01,-1.064369e+00,0.017571,0.202946,-0.267063,,,,1.710561,-0.453417,-0.350278,1.715616,-0.445681,-0.353335,2.905907e-03,8.303337e-03,1.874482e-02,1.833383,-0.619026,-0.319289,1.827874,-0.613777,-0.318402,0.098384,4.000000,0,b
35.940000,754,DS_terminal,4,1.676355e-03,-2.317456e-02,6.936760e-03,7.021929e-04,-1.111519e-02,-1.343210e-02,realized,-4.987730e-02,4.411617e-01,-1.055617e+00,0.018097,0.201394,-0.263928,,,,1.710508,-0.453458,-0.350277,1.715616,-0.445681,-0.353335,2.950915e-03,8.627395e-03,1.769044e-02,1.833355,-0.619049,-0.319313,1.827874,-0.613777,-0.318402,0.102307,4.000000,0,b
36.040000,755,DS_terminal,4,1.610188e-03,-2.345772e-02,8.335731e-03,7.305821e-04,-1.045663e-02,-1.279196e-02,realized,-4.875060e-02,4.375588e-01,-1.046994e+00,0.018609,0.199859,-0.260817,,,,1.710457,-0.453498,-0.350275,1.715616,-0.445681,-0.353335,2.900943e-03,8.914683e-03,1.640722e-02,1.833325,-0.619071,-0.319334,1.827874,-0.613777,-0.318402,0.107720,4.000000,0,b
36.140000,756,DS_terminal,4,1.621952e-03,-2.361938e-02,9.905913e-03,7.623812e-04,-9.827569e-03,-1.214920e-02,realized,-4.766239e-02,4.340106e-01,-1.038511e+00,0.019106,0.198340,-0.257732,,,,1.710407,-0.453537,-0.350273,1.715616,-0.445681,-0.353335,2.774405e-03,9.130129e-03,1.497743e-02,1.833294,-0.619094,-0.319353,1.827874,-0.613777,-0.318402,0.114243,4.000000,0,b
36.240000,757,DS_terminal,4,1.689421e-03,-2.364741e-02,1.155251e-02,7.940950e-04,-9.221432e-03,-1.149986e-02,realized,-4.661547e-02,4.305119e-01,-1.030173e+00,0.019588,0.196838,-0.254673,,,,1.710358,-0.453575,-0.350271,1.715616,-0.445681,-0.353335,2.593624e-03,9.257757e-03,1.347569e-02,1.833261,-0.619115,-0.319370,1.827874,-0.613777,-0.318402,0.121525,4.000000,0,b
36.340000,758,DS_terminal,4,1.787357e-03,-2.354917e-02,1.318757e-02,8.222269e-04,-8.633804e-03,-1.084091e-02,realized,-4.561163e-02,4.270569e-01,-1.021982e+00,0.020057,0.195352,-0.251639,,,,1.710311,-0.453611,-0.350270,1.715616,-0.445681,-0.353335,2.384096e-03,9.298066e-03,1.196964e-02,1.833228,-0.619137,-0.319385,1.827874,-0.613777,-0.318402,0.129266,4.000000,0,b
36.440000,759,DS_terminal,4,1.884909e-03,-2.335537e-02,1.472568e-02,8.428570e-04,-8.062138e-03,-1.016926e-02,realized,-4.465174e-02,4.236394e-01,-1.013936e+00,0.020512,0.193882,-0.248631,,,,1.710265,-0.453646,-0.350268,1.715616,-0.445681,-0.353335,2.177132e-03,9.270883e-03,1.052235e-02,1.833195,-0.619158,-0.319398,1.827874,-0.613777,-0.318402,0.137226,4.000000,0,b
36.540000,760,DS_terminal,4,1.935920e-03,-2.313752e-02,1.606912e-02,8.503497e-04,-7.505393e-03,-9.478719e-03,realized,-4.373573e-02,4.202536e-01,-1.006032e+00,0.020954,0.192429,-0.245648,,,,1.710221,-0.453679,-0.350266,1.715616,-0.445681,-0.353335,2.019733e-03,9.229193e-03,9.200691e-03,1.833161,-0.619178,-0.319410,1.827874,-0.613777,-0.318402,0.145221,4.000000,0,b
36.640000,761,DS_terminal,4,1.846466e-03,-2.306658e-02,1.705405e-02,8.334161e-04,-6.963515e-03,-8.751168e-03,realized,-4.286256e-02,4.168936e-01,-9.982622e-01,0.021383,0.190991,-0.242692,,,,1.710179,-0.453711,-0.350264,1.715616,-0.445681,-0.353335,2.007674e-03,9.305858e-03,8.106596e-03,1.833128,-0.619197,-0.319420,1.827874,-0.613777,-0.318402,0.153108,4.000000,0,b
36.740000,762,DS_terminal,4,1.351146e-03,-2.361868e-02,1.721449e-02,7.609648e-04,-6.435752e-03,-7.926400e-03,realized,-4.202983e-02,4.135538e-01,-9.906161e-01,0.021798,0.189569,-0.239762,,,,1.710138,-0.453741,-0.350262,1.715616,-0.445681,-0.353335,2.411502e-03,9.878190e-03,7.520867e-03,1.833095,-0.619216,-0.319429,1.827874,-0.613777,-0.318402,0.160785,4.000000,0,b
36.840000,763,DS_terminal,4,-4.368834e-04,-2.609519e-02,1.458071e-02,5.370117e-04,-5.907026e-03,-6.818617e-03,realized,-4.123125e-02,4.102231e-01,-9.830626e-01,0.022201,0.188162,-0.236858,,,,1.710100,-0.453770,-0.350259,1.715616,-0.445681,-0.353335,4.134675e-03,1.198679e-02,8.697064e-03,1.833063,-0.619234,-0.319436,1.827874,-0.613777,-0.318402,0.168176,4.000000,0,b
36.940000,764,DS_terminal,4,-4.024021e-03,-2.983015e-02,5.910004e-03,1.418578e-04,-5.327694e-03,-5.496501e-03,realized,-4.045219e-02,4.068420e-01,-9.754777e-01,0.022592,0.186770,-0.233979,,,,1.710063,-0.453796,-0.350257,1.715616,-0.445681,-0.353335,7.699684e-03,1.510656e-02,1.407817e-02,1.833031,-0.619251,-0.319442,1.827874,-0.613777,-0.318402,0.175233,4.000000,0,b
37.040000,765,DS_terminal,4,-5.785366e-03,-3.134736e-02,2.071810e-03,-1.667383e-04,-4.869985e-03,-4.803195e-03,realized,-3.968608e-02,4.033719e-01,-9.677928e-01,0.022970,0.185391,-0.231126,,,,1.710028,-0.453822,-0.350255,1.715616,-0.445681,-0.353335,9.414803e-03,1.621677e-02,1.662171e-02,1.832999,-0.619268,-0.319448,1.827874,-0.613777,-0.318402,0.181934,4.000000,0,b
37.140000,766,DS_terminal,4,-7.379598e-03,-3.327892e-02,-3.116600e-04,-5.389331e-04,-4.476161e-03,-4.236085e-03,realized,-3.891056e-02,3.999056e-01,-9.600884e-01,0.023338,0.184026,-0.228296,,,,1.709994,-0.453847,-0.350254,1.715616,-0.445681,-0.353335,1.095671e-02,1.747133e-02,1.821098e-02,1.832968,-0.619285,-0.319452,1.827874,-0.613777,-0.318402,0.188274,4.000000,0,b
37.240000,767,DS_terminal,4,-8.460778e-03,-3.442468e-02,-1.797078e-03,-8.154934e-04,-4.115027e-03,-3.748605e-03,realized,-3.812161e-02,3.964642e-01,-9.523808e-01,0.023694,0.182675,-0.225490,,,,1.709961,-0.453871,-0.350252,1.715616,-0.445681,-0.353335,1.197893e-02,1.819724e-02,1.922722e-02,1.832936,-0.619301,-0.319457,1.827874,-0.613777,-0.318402,0.194247,4.000000,0,b
37.340000,768,DS_terminal,4,-9.086419e-03,-3.484754e-02,-2.504135e-03,-1.006607e-03,-3.779755e-03,-3.319500e-03,realized,-3.732693e-02,3.930566e-01,-9.446991e-01,0.024041,0.181337,-0.222706,,,,1.709928,-0.453894,-0.350250,1.715616,-0.445681,-0.353335,1.254016e-02,1.843349e-02,1.971097e-02,1.832904,-0.619318,-0.319460,1.827874,-0.613777,-0.318402,0.199845,4.000000,0,b
37.440000,769,DS_terminal,4,-9.358772e-03,-3.467210e-02,-2.673475e-03,-1.129266e-03,-3.466817e-03,-2.938976e-03,realized,-3.653444e-02,3.896837e-01,-9.370659e-01,0.024378,0.180012,-0.219945,,,,1.709896,-0.453917,-0.350248,1.715616,-0.445681,-0.353335,1.274407e-02,1.826208e-02,1.981014e-02,1.832871,-0.619335,-0.319463,1.827874,-0.613777,-0.318402,0.205071,4.000000,0,b
37.540000,770,DS_terminal,4,-9.364885e-03,-3.403839e-02,-2.465334e-03,-1.199547e-03,-3.175806e-03,-2.602646e-03,realized,-3.575138e-02,3.863419e-01,-9.294959e-01,0.024706,0.178700,-0.217206,,,,1.709865,-0.453938,-0.350247,1.715616,-0.445681,-0.353335,1.267888e-02,1.777788e-02,1.962647e-02,1.832839,-0.619352,-0.319465,1.827874,-0.613777,-0.318402,0.209933,4.000000,0,b
37.640000,771,DS_terminal,4,-9.190999e-03,-3.309510e-02,-2.024844e-03,-1.233727e-03,-2.906737e-03,-2.306637e-03,realized,-3.498338e-02,3.830262e-01,-9.219973e-01,0.025024,0.177401,-0.214489,,,,1.709834,-0.453960,-0.350245,1.715616,-0.445681,-0.353335,1.243215e-02,1.708094e-02,1.925924e-02,1.832806,-0.619369,-0.319466,1.827874,-0.613777,-0.318402,0.214441,4.000000,0,b
37.740000,772,DS_terminal,4,-8.912795e-03,-3.197726e-02,-1.473470e-03,-1.246037e-03,-2.659639e-03,-2.047327e-03,realized,-3.423410e-02,3.797322e-01,-9.145732e-01,0.025335,0.176115,-0.211794,,,,1.709803,-0.453981,-0.350243,1.715616,-0.445681,-0.353335,1.208082e-02,1.626252e-02,1.879690e-02,1.832773,-0.619386,-0.319467,1.827874,-0.613777,-0.318402,0.218608,4.000000,0,b
37.840000,773,DS_terminal,4,-8.589087e-03,-3.079335e-02,-8.999910e-04,-1.247480e-03,-2.434294e-03,-1.820948e-03,realized,-3.350533e-02,3.764565e-01,-9.072231e-01,0.025637,0.174841,-0.209121,,,,1.709773,-0.454001,-0.350241,1.715616,-0.445681,-0.353335,1.168475e-02,1.539698e-02,1.830739e-02,1.832740,-0.619404,-0.319467,1.827874,-0.613777,-0.318402,0.222449,4.000000,0,b
37.940000,774,DS_terminal,4,-8.260250e-03,-2.962064e-02,-3.596041e-04,-1.245598e-03,-2.230072e-03,-1.623407e-03,realized,-3.279732e-02,3.731977e-01,-8.999445e-01,0.025931,0.173580,-0.206470,,,,1.709744,-0.454021,-0.350238,1.715616,-0.445681,-0.353335,1.128507e-02,1.453855e-02,1.783481e-02,1.832707,-0.619421,-0.319467,1.827874,-0.613777,-0.318402,0.225977,4.000000,0,b
38.040000,775,DS_terminal,4,-7.949932e-03,-2.850653e-02,1.209198e-04,-1.244823e-03,-2.045916e-03,-1.450465e-03,realized,-3.210930e-02,3.699556e-01,-8.927338e-01,0.026217,0.172332,-0.203841,,,,1.709715,-0.454040,-0.350236,1.715616,-0.445681,-0.353335,1.090594e-02,1.372172e-02,1.740179e-02,1.832674,-0.619438,-0.319466,1.827874,-0.613777,-0.318402,0.229208,4.000000,0,b
38.140000,776,DS_terminal,4,-7.668628e-03,-2.747362e-02,5.352319e-04,-1.247140e-03,-1.880427e-03,-1.298067e-03,realized,-3.143997e-02,3.667310e-01,-8.855875e-01,0.026495,0.171095,-0.201233,,,,1.709687,-0.454059,-0.350234,1.715616,-0.445681,-0.353335,1.055808e-02,1.296416e-02,1.701479e-02,1.832642,-0.619455,-0.319465,1.827874,-0.613777,-0.318402,0.232156,4.000000,0,b
38.240000,777,DS_terminal,4,-7.417837e-03,-2.652658e-02,8.892431e-04,-1.252853e-03,-1.732002e-03,-1.162633e-03,realized,-3.078782e-02,3.635255e-01,-8.785026e-01,0.026766,0.169870,-0.198647,,,,1.709659,-0.454077,-0.350231,1.715616,-0.445681,-0.353335,1.024307e-02,1.227089e-02,1.667017e-02,1.832610,-0.619472,-0.319464,1.827874,-0.613777,-0.318402,0.234835,4.000000,0,b
38.340000,778,DS_terminal,4,-7.193948e-03,-2.565920e-02,1.194403e-03,-1.261297e-03,-1.598971e-03,-1.041216e-03,realized,-3.015151e-02,3.603405e-01,-8.714767e-01,0.027029,0.168657,-0.196082,,,,1.709632,-0.454095,-0.350229,1.715616,-0.445681,-0.353335,9.957212e-03,1.163886e-02,1.635951e-02,1.832578,-0.619489,-0.319463,1.827874,-0.613777,-0.318402,0.237259,4.000000,0,b
38.440000,779,DS_terminal,4,-6.991312e-03,-2.486029e-02,1.463018e-03,-1.271411e-03,-1.479721e-03,-9.315200e-04,realized,-2.952991e-02,3.571775e-01,-8.645079e-01,0.027285,0.167456,-0.193538,,,,1.709605,-0.454112,-0.350227,1.715616,-0.445681,-0.353335,9.694739e-03,1.106098e-02,1.607335e-02,1.832546,-0.619506,-0.319461,1.827874,-0.613777,-0.318402,0.239442,4.000000,0,b
38.540000,780,DS_terminal,4,-6.804341e-03,-2.411804e-02,1.705547e-03,-1.282136e-03,-1.372767e-03,-8.318274e-04,realized,-2.892225e-02,3.540373e-01,-8.575953e-01,0.027534,0.166266,-0.191014,,,,1.709579,-0.454129,-0.350224,1.715616,-0.445681,-0.353335,9.449911e-03,1.052917e-02,1.580352e-02,1.832515,-0.619523,-0.319459,1.827874,-0.613777,-0.318402,0.241398,4.000000,0,b
38.640000,781,DS_terminal,4,-6.628677e-03,-2.342265e-02,1.929496e-03,-1.292650e-03,-1.276801e-03,-7.408751e-04,realized,-2.832801e-02,3.509208e-01,-8.507380e-01,0.027777,0.165087,-0.188512,,,,1.709554,-0.454146,-0.350222,1.715616,-0.445681,-0.353335,9.218222e-03,1.003635e-02,1.554411e-02,1.832484,-0.619540,-0.319457,1.827874,-0.613777,-0.318402,0.243139,4.000000,0,b
38.740000,782,DS_terminal,4,-6.461594e-03,-2.276738e-02,2.139410e-03,-1.302451e-03,-1.190690e-03,-6.577229e-04,realized,-2.774690e-02,3.478282e-01,-8.439357e-01,0.028013,0.163919,-0.186030,,,,1.709528,-0.454162,-0.350219,1.715616,-0.445681,-0.353335,8.996823e-03,9.577335e-03,1.529162e-02,1.832453,-0.619557,-0.319455,1.827874,-0.613777,-0.318402,0.244679,4.000000,0,b
38.840000,783,DS_terminal,4,-6.301900e-03,-2.214861e-02,2.337485e-03,-1.311349e-03,-1.113472e-03,-5.816392e-04,realized,-2.717879e-02,3.447597e-01,-8.371883e-01,0.028242,0.162762,-0.183568,,,,1.709504,-0.454178,-0.350217,1.715616,-0.445681,-0.353335,8.784428e-03,9.149016e-03,1.504448e-02,1.832422,-0.619574,-0.319452,1.827874,-0.613777,-0.318402,0.246031,4.000000,0,b
38.940000,784,DS_terminal,4,-6.149539e-03,-2.156514e-02,2.524405e-03,-1.319403e-03,-1.044319e-03,-5.120154e-04,realized,-2.662359e-02,3.417151e-01,-8.304953e-01,0.028466,0.161616,-0.181126,,,,1.709479,-0.454193,-0.350215,1.715616,-0.445681,-0.353335,8.580911e-03,8.749993e-03,1.480244e-02,1.832392,-0.619590,-0.319450,1.827874,-0.613777,-0.318402,0.247207,4.000000,0,b
39.040000,785,DS_terminal,4,-6.005114e-03,-2.101729e-02,2.700143e-03,-1.326821e-03,-9.825110e-04,-4.483109e-04,realized,-2.608123e-02,3.386943e-01,-8.238568e-01,0.028683,0.160481,-0.178704,,,,1.709455,-0.454208,-0.350212,1.715616,-0.445681,-0.353335,8.386825e-03,8.379983e-03,1.456587e-02,1.832362,-0.619606,-0.319447,1.827874,-0.613777,-0.318402,0.248219,4.000000,0,b
39.140000,786,DS_terminal,4,-5.869441e-03,-2.050597e-02,2.864561e-03,-1.333876e-03,-9.274049e-04,-3.900246e-04,realized,-2.555162e-02,3.356973e-01,-8.172723e-01,0.028895,0.159356,-0.176303,,,,1.709432,-0.454223,-0.350210,1.715616,-0.445681,-0.353335,8.202946e-03,8.039199e-03,1.433532e-02,1.832332,-0.619623,-0.319445,1.827874,-0.613777,-0.318402,0.249078,4.000000,0,b
39.240000,787,DS_terminal,4,-5.743215e-03,-2.003191e-02,3.017786e-03,-1.340835e-03,-8.784133e-04,-3.366847e-04,realized,-2.503458e-02,3.327239e-01,-8.107416e-01,0.029101,0.158242,-0.173920,,,,1.709408,-0.454237,-0.350207,1.715616,-0.445681,-0.353335,8.029937e-03,7.727832e-03,1.411115e-02,1.832303,-0.619639,-0.319442,1.827874,-0.613777,-0.318402,0.249795,4.000000,0,b
39.340000,788,DS_terminal,4,-5.626818e-03,-1.959527e-02,3.160354e-03,-1.347912e-03,-8.349879e-04,-2.878497e-04,realized,-2.452994e-02,3.297740e-01,-8.042641e-01,0.029302,0.157138,-0.171558,,,,1.709386,-0.454251,-0.350205,1.715616,-0.445681,-0.353335,7.868146e-03,7.445712e-03,1.389341e-02,1.832274,-0.619655,-0.319439,1.827874,-0.613777,-0.318402,0.250381,4.000000,0,b
39.440000,789,DS_terminal,4,-5.520243e-03,-1.919539e-02,3.293208e-03,-1.355247e-03,-7.966116e-04,-2.431124e-04,realized,-2.403743e-02,3.268478e-01,-7.978394e-01,0.029497,0.156044,-0.169214,,,,1.709363,-0.454265,-0.350202,1.715616,-0.445681,-0.353335,7.717532e-03,7.192146e-03,1.368180e-02,1.832246,-0.619671,-0.319436,1.827874,-0.613777,-0.318402,0.250845,4.000000,0,b
39.540000,790,DS_terminal,4,-5.423123e-03,-1.883083e-02,3.417591e-03,-1.362904e-03,-7.627953e-04,-2.021048e-04,realized,-2.355678e-02,3.239451e-01,-7.914671e-01,0.029687,0.154961,-0.166890,,,,1.709341,-0.454278,-0.350200,1.715616,-0.445681,-0.353335,7.577686e-03,6.965906e-03,1.347575e-02,1.832217,-0.619687,-0.319433,1.827874,-0.613777,-0.318402,0.251198,4.000000,0,b
39.640000,791,DS_terminal,4,-5.334802e-03,-1.849949e-02,3.534905e-03,-1.370882e-03,-7.330777e-04,-1.644995e-04,realized,-2.308771e-02,3.210660e-01,-7.851465e-01,0.029872,0.153887,-0.164584,,,,1.709319,-0.454291,-0.350197,1.715616,-0.445681,-0.353335,7.447913e-03,6.765318e-03,1.327451e-02,1.832190,-0.619702,-0.319431,1.827874,-0.613777,-0.318402,0.251448,4.000000,0,b
39.740000,792,DS_terminal,4,-5.254446e-03,-1.819885e-02,3.646576e-03,-1.379131e-03,-7.070282e-04,-1.300089e-04,realized,-2.262991e-02,3.182107e-01,-7.788771e-01,0.030052,0.152824,-0.162298,,,,1.709298,-0.454304,-0.350195,1.715616,-0.445681,-0.353335,7.327330e-03,6.588407e-03,1.307728e-02,1.832162,-0.619717,-0.319428,1.827874,-0.613777,-0.318402,0.251603,4.000000,0,b
39.840000,793,DS_terminal,4,-5.181137e-03,-1.792619e-02,3.753935e-03,-1.387575e-03,-6.842478e-04,-9.838202e-05,realized,-2.218309e-02,3.153789e-01,-7.726584e-01,0.030227,0.151770,-0.160030,,,,1.709277,-0.454317,-0.350192,1.715616,-0.445681,-0.353335,7.214975e-03,6.433054e-03,1.288326e-02,1.832135,-0.619733,-0.319425,1.827874,-0.613777,-0.318402,0.251671,4.000000,0,b
39.940000,794,DS_terminal,4,-5.113965e-03,-1.767876e-02,3.858145e-03,-1.396124e-03,-6.643718e-04,-6.939948e-05,realized,-2.174698e-02,3.125709e-01,-7.664899e-01,0.030397,0.150726,-0.157781,,,,1.709256,-0.454329,-0.350190,1.715616,-0.445681,-0.353335,7.109890e-03,6.297133e-03,1.269174e-02,1.832108,-0.619748,-0.319422,1.827874,-0.613777,-0.318402,0.251660,4.000000,0,b
40.040000,795,DS_terminal,4,-5.052082e-03,-1.745395e-02,3.960159e-03,-1.404694e-03,-6.470696e-04,-4.286839e-05,realized,-2.132130e-02,3.097865e-01,-7.603711e-01,0.030563,0.149691,-0.155550,,,,1.709236,-0.454341,-0.350188,1.715616,-0.445681,-0.353335,7.011183e-03,6.178615e-03,1.250216e-02,1.832081,-0.619763,-0.319419,1.827874,-0.613777,-0.318402,0.251577,4.000000,0,b
40.140000,796,DS_terminal,4,-4.994744e-03,-1.724939e-02,4.060712e-03,-1.413208e-03,-6.320441e-04,-1.861723e-05,realized,-2.090580e-02,3.070256e-01,-7.543015e-01,0.030725,0.148666,-0.153338,,,,1.709216,-0.454353,-0.350185,1.715616,-0.445681,-0.353335,6.918065e-03,6.075638e-03,1.231408e-02,1.832055,-0.619777,-0.319417,1.827874,-0.613777,-0.318402,0.251428,4.000000,0,b
40.240000,797,DS_terminal,4,-4.941317e-03,-1.706294e-02,4.160332e-03,-1.421604e-03,-6.190303e-04,3.508573e-06,realized,-2.050023e-02,3.042883e-01,-7.482808e-01,0.030882,0.147650,-0.151143,,,,1.709196,-0.454364,-0.350183,1.715616,-0.445681,-0.353335,6.829864e-03,5.986536e-03,1.212717e-02,1.832029,-0.619792,-0.319414,1.827874,-0.613777,-0.318402,0.251219,4.000000,0,b
40.340000,798,DS_terminal,4,-4.891283e-03,-1.689275e-02,4.259372e-03,-1.429837e-03,-6.077925e-04,2.365030e-05,realized,-2.010436e-02,3.015744e-01,-7.423083e-01,0.031035,0.146644,-0.148967,,,,1.709176,-0.454376,-0.350181,1.715616,-0.445681,-0.353335,6.746022e-03,5.909847e-03,1.194126e-02,1.832004,-0.619806,-0.319411,1.827874,-0.613777,-0.318402,0.250956,4.000000,0,b
40.440000,799,DS_terminal,4,-4.844218e-03,-1.673720e-02,4.358045e-03,-1.437874e-03,-5.981217e-04,4.193875e-05,realized,-1.971796e-02,2.988839e-01,-7.363838e-01,0.031184,0.145647,-0.146808,,,,1.709157,-0.454387,-0.350178,1.715616,-0.445681,-0.353335,6.666083e-03,5.844295e-03,1.175625e-02,1.831979,-0.619820,-0.319408,1.827874,-0.613777,-0.318402,0.250644,4.000000,0,b
40.540000,800,DS_terminal,4,-4.799783e-03,-1.659489e-02,4.456459e-03,-1.445696e-03,-5.898327e-04,5.849633e-05,realized,-1.934081e-02,2.962166e-01,-7.305068e-01,0.031329,0.144659,-0.144667,,,,1.709138,-0.454398,-0.350176,1.715616,-0.445681,-0.353335,6.589673e-03,5.788773e-03,1.157208e-02,1.831954,-0.619834,-0.319406,1.827874,-0.613777,-0.318402,0.250288,4.000000,0,b
40.640000,801,DS_terminal,4,-4.757701e-03,-1.646460e-02,4.554654e-03,-1.453291e-03,-5.827612e-04,7.343848e-05,realized,-1.897269e-02,2.935724e-01,-7.246769e-01,0.031470,0.143680,-0.142543,,,,1.709120,-0.454408,-0.350174,1.715616,-0.445681,-0.353335,6.516485e-03,5.742310e-03,1.138879e-02,1.831929,-0.619848,-0.319403,1.827874,-0.613777,-0.318402,0.249893,4.000000,0,b
40.740000,802,DS_terminal,4,-4.717743e-03,-1.634524e-02,4.652626e-03,-1.460654e-03,-5.767615e-04,8.687474e-05,realized,-1.861338e-02,2.909513e-01,-7.188936e-01,0.031608,0.142709,-0.140437,,,,1.709101,-0.454419,-0.350172,1.715616,-0.445681,-0.353335,6.446262e-03,5.704051e-03,1.120639e-02,1.831905,-0.619862,-0.319401,1.827874,-0.613777,-0.318402,0.249462,4.000000,0,b
40.840000,803,DS_terminal,4,-4.679714e-03,-1.623586e-02,4.750347e-03,-1.467786e-03,-5.717040e-04,9.890932e-05,realized,-1.826268e-02,2.883530e-01,-7.131566e-01,0.031741,0.141748,-0.138348,,,,1.709083,-0.454429,-0.350170,1.715616,-0.445681,-0.353335,6.378782e-03,5.673234e-03,1.102492e-02,1.831881,-0.619875,-0.319398,1.827874,-0.613777,-0.318402,0.249000,4.000000,0,b
40.940000,804,DS_terminal,4,-4.643445e-03,-1.613558e-02,4.847781e-03,-1.474688e-03,-5.674735e-04,1.096416e-04,realized,-1.792038e-02,2.857774e-01,-7.074655e-01,0.031871,0.140795,-0.136276,,,,1.709066,-0.454439,-0.350167,1.715616,-0.445681,-0.353335,6.313849e-03,5.649173e-03,1.084445e-02,1.831858,-0.619888,-0.319396,1.827874,-0.613777,-0.318402,0.248511,4.000000,0,b
41.040000,805,DS_terminal,4,-4.608786e-03,-1.604363e-02,4.944892e-03,-1.481365e-03,-5.639675e-04,1.191664e-04,realized,-1.758627e-02,2.832245e-01,-7.018198e-01,0.031998,0.139852,-0.134220,,,,1.709048,-0.454449,-0.350165,1.715616,-0.445681,-0.353335,6.251290e-03,5.631250e-03,1.066499e-02,1.831834,-0.619901,-0.319393,1.827874,-0.613777,-0.318402,0.247997,4.000000,0,b
41.140000,806,DS_terminal,4,-4.575603e-03,-1.595929e-02,5.041644e-03,-1.487821e-03,-5.610951e-04,1.275740e-04,realized,-1.726015e-02,2.806941e-01,-6.962192e-01,0.032121,0.138916,-0.132182,,,,1.709031,-0.454458,-0.350163,1.715616,-0.445681,-0.353335,6.190947e-03,5.618901e-03,1.048659e-02,1.831811,-0.619914,-0.319391,1.827874,-0.613777,-0.318402,0.247461,4.000000,0,b
41.240000,807,DS_terminal,4,-4.543776e-03,-1.588192e-02,5.138011e-03,-1.494064e-03,-5.587755e-04,1.349504e-04,realized,-1.694184e-02,2.781860e-01,-6.906633e-01,0.032241,0.137989,-0.130160,,,,1.709014,-0.454468,-0.350161,1.715616,-0.445681,-0.353335,6.132676e-03,5.611617e-03,1.030927e-02,1.831789,-0.619927,-0.319388,1.827874,-0.613777,-0.318402,0.246907,4.000000,0,b
41.340000,808,DS_terminal,4,-4.513196e-03,-1.581092e-02,5.233966e-03,-1.500101e-03,-5.569374e-04,1.413774e-04,realized,-1.663115e-02,2.757001e-01,-6.851517e-01,0.032358,0.137071,-0.128155,,,,1.708997,-0.454477,-0.350159,1.715616,-0.445681,-0.353335,6.076348e-03,5.608934e-03,1.013305e-02,1.831767,-0.619939,-0.319386,1.827874,-0.613777,-0.318402,0.246337,4.000000,0,b
41.440000,809,DS_terminal,4,-4.483767e-03,-1.574577e-02,5.329490e-03,-1.505939e-03,-5.555175e-04,1.469324e-04,realized,-1.632788e-02,2.732363e-01,-6.796841e-01,0.032471,0.136161,-0.126166,,,,1.708981,-0.454486,-0.350157,1.715616,-0.445681,-0.353335,6.021846e-03,5.610435e-03,9.957952e-03,1.831745,-0.619951,-0.319384,1.827874,-0.613777,-0.318402,0.245753,4.000000,0,b
41.540000,810,DS_terminal,4,-4.455406e-03,-1.568599e-02,5.424564e-03,-1.511587e-03,-5.544604e-04,1.516887e-04,realized,-1.603185e-02,2.707943e-01,-6.742600e-01,0.032582,0.135259,-0.124194,,,,1.708964,-0.454495,-0.350155,1.715616,-0.445681,-0.353335,5.969064e-03,5.615742e-03,9.783981e-03,1.831723,-0.619963,-0.319381,1.827874,-0.613777,-0.318402,0.245158,4.000000,0,b
41.640000,811,DS_terminal,4,-4.428037e-03,-1.563115e-02,5.519171e-03,-1.517054e-03,-5.537173e-04,1.557155e-04,realized,-1.574289e-02,2.683741e-01,-6.688792e-01,0.032689,0.134365,-0.122237,,,,1.708948,-0.454504,-0.350153,1.715616,-0.445681,-0.353335,5.917910e-03,5.624518e-03,9.611150e-03,1.831702,-0.619975,-0.319379,1.827874,-0.613777,-0.318402,0.244553,4.000000,0,b
41.740000,812,DS_terminal,4,-4.401596e-03,-1.558086e-02,5.613295e-03,-1.522351e-03,-5.532455e-04,1.590779e-04,realized,-1.546083e-02,2.659755e-01,-6.635411e-01,0.032794,0.133479,-0.120297,,,,1.708932,-0.454512,-0.350151,1.715616,-0.445681,-0.353335,5.868300e-03,5.636457e-03,9.439467e-03,1.831680,-0.619987,-0.319377,1.827874,-0.613777,-0.318402,0.243940,4.000000,0,b
41.840000,813,DS_terminal,4,-4.376027e-03,-1.553478e-02,5.706921e-03,-1.527488e-03,-5.530077e-04,1.618368e-04,realized,-1.518549e-02,2.635983e-01,-6.582456e-01,0.032896,0.132602,-0.118372,,,,1.708917,-0.454521,-0.350150,1.715616,-0.445681,-0.353335,5.820160e-03,5.651286e-03,9.268939e-03,1.831660,-0.619998,-0.319375,1.827874,-0.613777,-0.318402,0.243321,4.000000,0,b
41.940000,814,DS_terminal,4,-4.351281e-03,-1.549259e-02,5.800033e-03,-1.532475e-03,-5.529714e-04,1.640494e-04,realized,-1.491672e-02,2.612424e-01,-6.529922e-01,0.032995,0.131732,-0.116463,,,,1.708902,-0.454529,-0.350148,1.715616,-0.445681,-0.353335,5.773424e-03,5.668760e-03,9.099571e-03,1.831639,-0.620010,-0.319373,1.827874,-0.613777,-0.318402,0.242697,4.000000,0,b
42.040000,815,DS_terminal,4,-4.327315e-03,-1.545401e-02,5.892616e-03,-1.537322e-03,-5.531084e-04,1.657689e-04,realized,-1.465435e-02,2.589076e-01,-6.477806e-01,0.033091,0.130870,-0.114569,,,,1.708886,-0.454537,-0.350146,1.715616,-0.445681,-0.353335,5.728032e-03,5.688659e-03,8.931369e-03,1.831619,-0.620021,-0.319371,1.827874,-0.613777,-0.318402,0.242069,4.000000,0,b
42.140000,816,DS_terminal,4,-4.304092e-03,-1.541880e-02,5.984658e-03,-1.542041e-03,-5.533942e-04,1.670450e-04,realized,-1.439823e-02,2.565937e-01,-6.426104e-01,0.033185,0.130016,-0.112691,,,,1.708871,-0.454545,-0.350144,1.715616,-0.445681,-0.353335,5.683932e-03,5.710782e-03,8.764338e-03,1.831599,-0.620032,-0.319369,1.827874,-0.613777,-0.318402,0.241440,4.000000,0,b
42.240000,817,DS_terminal,4,-4.281578e-03,-1.538671e-02,6.076144e-03,-1.546641e-03,-5.538075e-04,1.679238e-04,realized,-1.414820e-02,2.543006e-01,-6.374813e-01,0.033276,0.129170,-0.110828,,,,1.708857,-0.454553,-0.350142,1.715616,-0.445681,-0.353335,5.641075e-03,5.734951e-03,8.598479e-03,1.831579,-0.620042,-0.319367,1.827874,-0.613777,-0.318402,0.240809,4.000000,0,b
42.340000,818,DS_terminal,4,-4.259745e-03,-1.535754e-02,6.167064e-03,-1.551132e-03,-5.543300e-04,1.684479e-04,realized,-1.390411e-02,2.520281e-01,-6.323929e-01,0.033365,0.128331,-0.108981,,,,1.708842,-0.454560,-0.350141,1.715616,-0.445681,-0.353335,5.599416e-03,5.761001e-03,8.433797e-03,1.831560,-0.620053,-0.319365,1.827874,-0.613777,-0.318402,0.240179,4.000000,0,b
42.440000,819,DS_terminal,4,-4.238567e-03,-1.533111e-02,6.257405e-03,-1.555524e-03,-5.549459e-04,1.686567e-04,realized,-1.366582e-02,2.497760e-01,-6.273450e-01,0.033451,0.127500,-0.107148,,,,1.708828,-0.454568,-0.350139,1.715616,-0.445681,-0.353335,5.558916e-03,5.788785e-03,8.270292e-03,1.831541,-0.620063,-0.319363,1.827874,-0.613777,-0.318402,0.239549,4.000000,0,b
42.540000,820,DS_terminal,4,-4.218019e-03,-1.530723e-02,6.347157e-03,-1.559826e-03,-5.556417e-04,1.685867e-04,realized,-1.343318e-02,2.475442e-01,-6.223371e-01,0.033535,0.126677,-0.105331,,,,1.708814,-0.454575,-0.350138,1.715616,-0.445681,-0.353335,5.519537e-03,5.818169e-03,8.107966e-03,1.831522,-0.620074,-0.319361,1.827874,-0.613777,-0.318402,0.238920,4.000000,0,b
42.640000,821,DS_terminal,4,-4.198082e-03,-1.528576e-02,6.436310e-03,-1.564047e-03,-5.564057e-04,1.682714e-04,realized,-1.320605e-02,2.453325e-01,-6.173690e-01,0.033616,0.125861,-0.103528,,,,1.708800,-0.454582,-0.350136,1.715616,-0.445681,-0.353335,5.481244e-03,5.849028e-03,7.946818e-03,1.831503,-0.620084,-0.319359,1.827874,-0.613777,-0.318402,0.238294,4.000000,0,b
42.740000,822,DS_terminal,4,-4.178734e-03,-1.526654e-02,6.524855e-03,-1.568195e-03,-5.572279e-04,1.677415e-04,realized,-1.298431e-02,2.431407e-01,-6.124404e-01,0.033696,0.125052,-0.101740,,,,1.708786,-0.454589,-0.350134,1.715616,-0.445681,-0.353335,5.444005e-03,5.881253e-03,7.786850e-03,1.831485,-0.620093,-0.319357,1.827874,-0.613777,-0.318402,0.237671,4.000000,0,b
42.840000,823,DS_terminal,4,-4.159961e-03,-1.524945e-02,6.612784e-03,-1.572278e-03,-5.580999e-04,1.670253e-04,realized,-1.276781e-02,2.409687e-01,-6.075508e-01,0.033773,0.124250,-0.099967,,,,1.708773,-0.454596,-0.350133,1.715616,-0.445681,-0.353335,5.407790e-03,5.914740e-03,7.628059e-03,1.831467,-0.620103,-0.319356,1.827874,-0.613777,-0.318402,0.237051,4.000000,0,b
42.940000,824,DS_terminal,4,-4.141744e-03,-1.523436e-02,6.700088e-03,-1.576304e-03,-5.590145e-04,1.661486e-04,realized,-1.255642e-02,2.388162e-01,-6.027001e-01,0.033848,0.123456,-0.098207,,,,1.708760,-0.454603,-0.350131,1.715616,-0.445681,-0.353335,5.372572e-03,5.949397e-03,7.470446e-03,1.831449,-0.620113,-0.319354,1.827874,-0.613777,-0.318402,0.236436,4.000000,0,b
43.040000,825,DS_terminal,4,-4.124072e-03,-1.522117e-02,6.786761e-03,-1.580278e-03,-5.599656e-04,1.651351e-04,realized,-1.235003e-02,2.366833e-01,-5.978878e-01,0.033921,0.122669,-0.096463,,,,1.708747,-0.454610,-0.350130,1.715616,-0.445681,-0.353335,5.338324e-03,5.985141e-03,7.314008e-03,1.831432,-0.620122,-0.319352,1.827874,-0.613777,-0.318402,0.235824,4.000000,0,b
43.140000,826,DS_terminal,4,-4.106930e-03,-1.520977e-02,6.872794e-03,-1.584209e-03,-5.609481e-04,1.640065e-04,realized,-1.214850e-02,2.345695e-01,-5.931137e-01,0.033992,0.121889,-0.094732,,,,1.708734,-0.454616,-0.350128,1.715616,-0.445681,-0.353335,5.305022e-03,6.021893e-03,7.158744e-03,1.831414,-0.620131,-0.319351,1.827874,-0.613777,-0.318402,0.235218,4.000000,0,b
43.240000,827,DS_terminal,4,-4.090307e-03,-1.520008e-02,6.958183e-03,-1.588102e-03,-5.619577e-04,1.627824e-04,realized,-1.195171e-02,2.324749e-01,-5.883775e-01,0.034061,0.121116,-0.093016,,,,1.708721,-0.454623,-0.350127,1.715616,-0.445681,-0.353335,5.272644e-03,6.059584e-03,7.004652e-03,1.831397,-0.620140,-0.319349,1.827874,-0.613777,-0.318402,0.234617,4.000000,0,b
43.340000,828,DS_terminal,4,-4.074193e-03,-1.519201e-02,7.042919e-03,-1.591962e-03,-5.629907e-04,1.614807e-04,realized,-1.175955e-02,2.303992e-01,-5.836788e-01,0.034128,0.120350,-0.091313,,,,1.708708,-0.454629,-0.350126,1.715616,-0.445681,-0.353335,5.241169e-03,6.098151e-03,6.851729e-03,1.831380,-0.620149,-0.319347,1.827874,-0.613777,-0.318402,0.234021,4.000000,0,b
43.440000,829,DS_terminal,4,-4.058578e-03,-1.518548e-02,7.126998e-03,-1.595796e-03,-5.640442e-04,1.601178e-04,realized,-1.157190e-02,2.283423e-01,-5.790174e-01,0.034193,0.119591,-0.089625,,,,1.708696,-0.454635,-0.350124,1.715616,-0.445681,-0.353335,5.210576e-03,6.137536e-03,6.699973e-03,1.831364,-0.620158,-0.319346,1.827874,-0.613777,-0.318402,0.233430,4.000000,0,b
43.540000,830,DS_terminal,4,-4.043454e-03,-1.518042e-02,7.210415e-03,-1.599609e-03,-5.651157e-04,1.587085e-04,realized,-1.138865e-02,2.263040e-01,-5.743929e-01,0.034256,0.118839,-0.087950,,,,1.708684,-0.454641,-0.350123,1.715616,-0.445681,-0.353335,5.180847e-03,6.177686e-03,6.549381e-03,1.831347,-0.620166,-0.319344,1.827874,-0.613777,-0.318402,0.232846,4.000000,0,b
43.640000,831,DS_terminal,4,-4.028813e-03,-1.517678e-02,7.293164e-03,-1.603405e-03,-5.662032e-04,1.572662e-04,realized,-1.120969e-02,2.242841e-01,-5.698051e-01,0.034318,0.118093,-0.086289,,,,1.708672,-0.454647,-0.350121,1.715616,-0.445681,-0.353335,5.151964e-03,6.218554e-03,6.399950e-03,1.831331,-0.620175,-0.319343,1.827874,-0.613777,-0.318402,0.232268,4.000000,0,b
43.740000,832,DS_terminal,4,-4.014647e-03,-1.517448e-02,7.375242e-03,-1.607188e-03,-5.673050e-04,1.558033e-04,realized,-1.103491e-02,2.222825e-01,-5.652536e-01,0.034378,0.117354,-0.084641,,,,1.708660,-0.454653,-0.350120,1.715616,-0.445681,-0.353335,5.123910e-03,6.260097e-03,6.251676e-03,1.831315,-0.620183,-0.319341,1.827874,-0.613777,-0.318402,0.231696,4.000000,0,b
43.840000,833,DS_terminal,4,-4.000950e-03,-1.517349e-02,7.456645e-03,-1.610964e-03,-5.684196e-04,1.543307e-04,realized,-1.086421e-02,2.202990e-01,-5.607381e-01,0.034436,0.116622,-0.083007,,,,1.708648,-0.454659,-0.350119,1.715616,-0.445681,-0.353335,5.096670e-03,6.302274e-03,6.104555e-03,1.831300,-0.620191,-0.319340,1.827874,-0.613777,-0.318402,0.231130,4.000000,0,b
43.940000,834,DS_terminal,4,-3.987716e-03,-1.517374e-02,7.537371e-03,-1.614735e-03,-5.695461e-04,1.528586e-04,realized,-1.069748e-02,2.183335e-01,-5.562585e-01,0.034493,0.115897,-0.081386,,,,1.708637,-0.454665,-0.350118,1.715616,-0.445681,-0.353335,5.070229e-03,6.345051e-03,5.958583e-03,1.831284,-0.620199,-0.319339,1.827874,-0.613777,-0.318402,0.230571,4.000000,0,b
44.040000,835,DS_terminal,4,-3.974939e-03,-1.517521e-02,7.617418e-03,-1.618505e-03,-5.706834e-04,1.513960e-04,realized,-1.053464e-02,2.163858e-01,-5.518143e-01,0.034547,0.115177,-0.079778,,,,1.708625,-0.454670,-0.350116,1.715616,-0.445681,-0.353335,5.044572e-03,6.388396e-03,5.813755e-03,1.831269,-0.620207,-0.319337,1.827874,-0.613777,-0.318402,0.230019,4.000000,0,b
44.140000,836,DS_terminal,4,-3.962615e-03,-1.517784e-02,7.696783e-03,-1.622279e-03,-5.718308e-04,1.499511e-04,realized,-1.037557e-02,2.144557e-01,-5.474053e-01,0.034601,0.114465,-0.078183,,,,1.708614,-0.454675,-0.350115,1.715616,-0.445681,-0.353335,5.019686e-03,6.432280e-03,5.670065e-03,1.831254,-0.620214,-0.319336,1.827874,-0.613777,-0.318402,0.229473,4.000000,0,b
44.240000,837,DS_terminal,4,-3.950738e-03,-1.518160e-02,7.775466e-03,-1.626058e-03,-5.729877e-04,1.485314e-04,realized,-1.022019e-02,2.125431e-01,-5.430313e-01,0.034652,0.113759,-0.076601,,,,1.708603,-0.454681,-0.350114,1.715616,-0.445681,-0.353335,4.995558e-03,6.476676e-03,5.527509e-03,1.831239,-0.620222,-0.319334,1.827874,-0.613777,-0.318402,0.228934,4.000000,0,b
44.340000,838,DS_terminal,4,-3.939304e-03,-1.518645e-02,7.853468e-03,-1.629846e-03,-5.741537e-04,1.471437e-04,realized,-1.006840e-02,2.106479e-01,-5.386918e-01,0.034703,0.113059,-0.075032,,,,1.708592,-0.454686,-0.350113,1.715616,-0.445681,-0.353335,4.972175e-03,6.521561e-03,5.386080e-03,1.831224,-0.620229,-0.319333,1.827874,-0.613777,-0.318402,0.228402,4.000000,0,b
44.440000,839,DS_terminal,4,-3.928309e-03,-1.519237e-02,7.930788e-03,-1.633645e-03,-5.753282e-04,1.457941e-04,realized,-9.920113e-03,2.087698e-01,-5.343868e-01,0.034752,0.112365,-0.073476,,,,1.708582,-0.454691,-0.350112,1.715616,-0.445681,-0.353335,4.949526e-03,6.566913e-03,5.245771e-03,1.831210,-0.620237,-0.319332,1.827874,-0.613777,-0.318402,0.227876,4.000000,0,b
44.540000,840,DS_terminal,4,-3.917749e-03,-1.519933e-02,8.007427e-03,-1.637458e-03,-5.765110e-04,1.444881e-04,realized,-9.775242e-03,2.069087e-01,-5.301158e-01,0.034799,0.111678,-0.071933,,,,1.708571,-0.454696,-0.350111,1.715616,-0.445681,-0.353335,4.927599e-03,6.612714e-03,5.106577e-03,1.831196,-0.620244,-0.319331,1.827874,-0.613777,-0.318402,0.227357,4.000000,0,b
44.640000,841,DS_terminal,4,-3.907620e-03,-1.520730e-02,8.083388e-03,-1.641288e-03,-5.777018e-04,1.432307e-04,realized,-9.633700e-03,2.050645e-01,-5.258786e-01,0.034845,0.110997,-0.070402,,,,1.708561,-0.454701,-0.350110,1.715616,-0.445681,-0.353335,4.906383e-03,6.658946e-03,4.968489e-03,1.831182,-0.620251,-0.319329,1.827874,-0.613777,-0.318402,0.226845,4.000000,0,b
44.740000,842,DS_terminal,4,-3.897920e-03,-1.521626e-02,8.158673e-03,-1.645136e-03,-5.789003e-04,1.420265e-04,realized,-9.495403e-03,2.032370e-01,-5.216750e-01,0.034890,0.110322,-0.068883,,,,1.708550,-0.454706,-0.350109,1.715616,-0.445681,-0.353335,4.885869e-03,6.705595e-03,4.831501e-03,1.831168,-0.620258,-0.319328,1.827874,-0.613777,-0.318402,0.226340,4.000000,0,b
44.840000,843,DS_terminal,4,-3.888644e-03,-1.522619e-02,8.233285e-03,-1.649004e-03,-5.801063e-04,1.408796e-04,realized,-9.360271e-03,2.014261e-01,-5.175046e-01,0.034933,0.109653,-0.067377,,,,1.708540,-0.454711,-0.350108,1.715616,-0.445681,-0.353335,4.866044e-03,6.752646e-03,4.695603e-03,1.831154,-0.620264,-0.319327,1.827874,-0.613777,-0.318402,0.225841,4.000000,0,b
44.940000,844,DS_terminal,4,-3.879790e-03,-1.523707e-02,8.307227e-03,-1.652894e-03,-5.813196e-04,1.397937e-04,realized,-9.228223e-03,1.996317e-01,-5.133673e-01,0.034975,0.108990,-0.065883,,,,1.708530,-0.454715,-0.350107,1.715616,-0.445681,-0.353335,4.846901e-03,6.800088e-03,4.560789e-03,1.831141,-0.620271,-0.319326,1.827874,-0.613777,-0.318402,0.225349,4.000000,0,b
45.040000,845,DS_terminal,4,-3.871356e-03,-1.524888e-02,8.380504e-03,-1.656809e-03,-5.825401e-04,1.387723e-04,realized,-9.099182e-03,1.978534e-01,-5.092626e-01,0.035016,0.108333,-0.064401,,,,1.708520,-0.454720,-0.350106,1.715616,-0.445681,-0.353335,4.828429e-03,6.847910e-03,4.427049e-03,1.831127,-0.620277,-0.319325,1.827874,-0.613777,-0.318402,0.224864,4.000000,0,b
45.140000,846,DS_terminal,4,-3.863337e-03,-1.526161e-02,8.453121e-03,-1.660749e-03,-5.837674e-04,1.378186e-04,realized,-8.973072e-03,1.960914e-01,-5.051905e-01,0.035056,0.107682,-0.062931,,,,1.708511,-0.454724,-0.350105,1.715616,-0.445681,-0.353335,4.810620e-03,6.896102e-03,4.294374e-03,1.831114,-0.620284,-0.319324,1.827874,-0.613777,-0.318402,0.224385,4.000000,0,b
45.240000,847,DS_terminal,4,-3.855732e-03,-1.527524e-02,8.525083e-03,-1.664717e-03,-5.850015e-04,1.369353e-04,realized,-8.849820e-03,1.943452e-01,-5.011506e-01,0.035094,0.107037,-0.061474,,,,1.708501,-0.454729,-0.350104,1.715616,-0.445681,-0.353335,4.793464e-03,6.944657e-03,4.162755e-03,1.831101,-0.620290,-0.319323,1.827874,-0.613777,-0.318402,0.223913,4.000000,0,b
45.340000,848,DS_terminal,4,-3.848538e-03,-1.528977e-02,8.596395e-03,-1.668712e-03,-5.862422e-04,1.361250e-04,realized,-8.729353e-03,1.926150e-01,-4.971426e-01,0.035131,0.106397,-0.060028,,,,1.708492,-0.454733,-0.350103,1.715616,-0.445681,-0.353335,4.776952e-03,6.993568e-03,4.032182e-03,1.831089,-0.620296,-0.319322,1.827874,-0.613777,-0.318402,0.223448,4.000000,0,b
45.440000,849,DS_terminal,4,-3.841752e-03,-1.530517e-02,8.667065e-03,-1.672738e-03,-5.874893e-04,1.353902e-04,realized,-8.611602e-03,1.909004e-01,-4.931664e-01,0.035168,0.105764,-0.058593,,,,1.708482,-0.454737,-0.350102,1.715616,-0.445681,-0.353335,4.761078e-03,7.042828e-03,3.902646e-03,1.831076,-0.620302,-0.319321,1.827874,-0.613777,-0.318402,0.222989,4.000000,0,b
45.540000,850,DS_terminal,4,-3.835373e-03,-1.532145e-02,8.737098e-03,-1.676795e-03,-5.887425e-04,1.347331e-04,realized,-8.496497e-03,1.892014e-01,-4.892216e-01,0.035203,0.105136,-0.057171,,,,1.708473,-0.454741,-0.350101,1.715616,-0.445681,-0.353335,4.745832e-03,7.092432e-03,3.774136e-03,1.831064,-0.620308,-0.319319,1.827874,-0.613777,-0.318402,0.222536,4.000000,0,b
45.640000,851,DS_terminal,4,-3.829398e-03,-1.533858e-02,8.806503e-03,-1.680884e-03,-5.900018e-04,1.341557e-04,realized,-8.383973e-03,1.875178e-01,-4.853080e-01,0.035237,0.104513,-0.055760,,,,1.708464,-0.454745,-0.350100,1.715616,-0.445681,-0.353335,4.731207e-03,7.142376e-03,3.646642e-03,1.831052,-0.620314,-0.319319,1.827874,-0.613777,-0.318402,0.222090,4.000000,0,b
45.740000,852,DS_terminal,4,-3.823825e-03,-1.535657e-02,8.875286e-03,-1.685006e-03,-5.912668e-04,1.336600e-04,realized,-8.273965e-03,1.858494e-01,-4.814254e-01,0.035270,0.103896,-0.054360,,,,1.708455,-0.454749,-0.350099,1.715616,-0.445681,-0.353335,4.717195e-03,7.192656e-03,3.520154e-03,1.831040,-0.620320,-0.319318,1.827874,-0.613777,-0.318402,0.221650,4.000000,0,b
45.840000,853,DS_terminal,4,-3.818652e-03,-1.537541e-02,8.943456e-03,-1.689163e-03,-5.925375e-04,1.332476e-04,realized,-8.166408e-03,1.841963e-01,-4.775734e-01,0.035301,0.103285,-0.052972,,,,1.708446,-0.454753,-0.350099,1.715616,-0.445681,-0.353335,4.703788e-03,7.243270e-03,3.394660e-03,1.831028,-0.620325,-0.319317,1.827874,-0.613777,-0.318402,0.221216,4.000000,0,b
45.940000,854,DS_terminal,4,-3.813877e-03,-1.539508e-02,9.011021e-03,-1.693354e-03,-5.938135e-04,1.329202e-04,realized,-8.061242e-03,1.825581e-01,-4.737520e-01,0.035332,0.102679,-0.051595,,,,1.708438,-0.454757,-0.350098,1.715616,-0.445681,-0.353335,4.690981e-03,7.294214e-03,3.270149e-03,1.831016,-0.620331,-0.319316,1.827874,-0.613777,-0.318402,0.220788,4.000000,0,b
46.040000,855,DS_terminal,4,-3.809497e-03,-1.541559e-02,9.077991e-03,-1.697582e-03,-5.950947e-04,1.326794e-04,realized,-7.958406e-03,1.809347e-01,-4.699607e-01,0.035362,0.102079,-0.050229,,,,1.708429,-0.454761,-0.350097,1.715616,-0.445681,-0.353335,4.678765e-03,7.345489e-03,3.146610e-03,1.831004,-0.620336,-0.319315,1.827874,-0.613777,-0.318402,0.220367,4.000000,0,b
46.140000,856,DS_terminal,4,-3.805512e-03,-1.543693e-02,9.144374e-03,-1.701848e-03,-5.963809e-04,1.325266e-04,realized,-7.857841e-03,1.793261e-01,-4.661994e-01,0.035391,0.101484,-0.048875,,,,1.708421,-0.454765,-0.350096,1.715616,-0.445681,-0.353335,4.667135e-03,7.397092e-03,3.024032e-03,1.830993,-0.620341,-0.319314,1.827874,-0.613777,-0.318402,0.219951,4.000000,0,b
46.240000,857,DS_terminal,4,-3.801920e-03,-1.545910e-02,9.210181e-03,-1.706151e-03,-5.976718e-04,1.324632e-04,realized,-7.759490e-03,1.777321e-01,-4.624679e-01,0.035419,0.100894,-0.047531,,,,1.708412,-0.454768,-0.350095,1.715616,-0.445681,-0.353335,4.656083e-03,7.449024e-03,2.902402e-03,1.830982,-0.620347,-0.319313,1.827874,-0.613777,-0.318402,0.219542,4.000000,0,b
46.340000,858,DS_terminal,4,-3.798718e-03,-1.548208e-02,9.275420e-03,-1.710493e-03,-5.989672e-04,1.324906e-04,realized,-7.663298e-03,1.761526e-01,-4.587659e-01,0.035446,0.100310,-0.046198,,,,1.708404,-0.454772,-0.350095,1.715616,-0.445681,-0.353335,4.645603e-03,7.501283e-03,2.781710e-03,1.830971,-0.620352,-0.319312,1.827874,-0.613777,-0.318402,0.219138,4.000000,0,b
46.440000,859,DS_terminal,4,-3.795905e-03,-1.550589e-02,9.340104e-03,-1.714874e-03,-6.002668e-04,1.326100e-04,realized,-7.569211e-03,1.745874e-01,-4.550931e-01,0.035473,0.099730,-0.044876,,,,1.708396,-0.454775,-0.350094,1.715616,-0.445681,-0.353335,4.635688e-03,7.553872e-03,2.661942e-03,1.830960,-0.620357,-0.319311,1.827874,-0.613777,-0.318402,0.218740,4.000000,0,b
46.540000,860,DS_terminal,4,-3.793479e-03,-1.553052e-02,9.404242e-03,-1.719296e-03,-6.015705e-04,1.328225e-04,realized,-7.477174e-03,1.730363e-01,-4.514494e-01,0.035498,0.099156,-0.043565,,,,1.708388,-0.454779,-0.350093,1.715616,-0.445681,-0.353335,4.626334e-03,7.606791e-03,2.543087e-03,1.830949,-0.620362,-0.319310,1.827874,-0.613777,-0.318402,0.218348,4.000000,0,b
46.640000,861,DS_terminal,4,-3.791440e-03,-1.555597e-02,9.467846e-03,-1.723759e-03,-6.028780e-04,1.331294e-04,realized,-7.387137e-03,1.714994e-01,-4.478345e-01,0.035523,0.098587,-0.042264,,,,1.708380,-0.454782,-0.350093,1.715616,-0.445681,-0.353335,4.617534e-03,7.660040e-03,2.425132e-03,1.830938,-0.620367,-0.319310,1.827874,-0.613777,-0.318402,0.217961,4.000000,0,b
46.740000,862,DS_terminal,4,-3.789785e-03,-1.558223e-02,9.530927e-03,-1.728265e-03,-6.041891e-04,1.335317e-04,realized,-7.299050e-03,1.699764e-01,-4.442482e-01,0.035546,0.098024,-0.040974,,,,1.708372,-0.454785,-0.350092,1.715616,-0.445681,-0.353335,4.609283e-03,7.713623e-03,2.308065e-03,1.830928,-0.620371,-0.319309,1.827874,-0.613777,-0.318402,0.217580,4.000000,0,b
46.840000,863,DS_terminal,4,-3.788513e-03,-1.560931e-02,9.593498e-03,-1.732813e-03,-6.055036e-04,1.340306e-04,realized,-7.212863e-03,1.684673e-01,-4.406901e-01,0.035569,0.097465,-0.039695,,,,1.708365,-0.454789,-0.350091,1.715616,-0.445681,-0.353335,4.601574e-03,7.767541e-03,2.191873e-03,1.830918,-0.620376,-0.319308,1.827874,-0.613777,-0.318402,0.217204,4.000000,0,b
46.940000,864,DS_terminal,4,-3.787623e-03,-1.563721e-02,9.655571e-03,-1.737404e-03,-6.068213e-04,1.346271e-04,realized,-7.128529e-03,1.669718e-01,-4.371603e-01,0.035592,0.096911,-0.038426,,,,1.708357,-0.454792,-0.350091,1.715616,-0.445681,-0.353335,4.594402e-03,7.821797e-03,2.076542e-03,1.830907,-0.620380,-0.319307,1.827874,-0.613777,-0.318402,0.216834,4.000000,0,b
47.040000,865,DS_terminal,4,-3.787113e-03,-1.566593e-02,9.717161e-03,-1.742040e-03,-6.081419e-04,1.353222e-04,realized,-7.046002e-03,1.654899e-01,-4.336583e-01,0.035613,0.096362,-0.037167,,,,1.708350,-0.454795,-0.350090,1.715616,-0.445681,-0.353335,4.587763e-03,7.876394e-03,1.962059e-03,1.830897,-0.620385,-0.319307,1.827874,-0.613777,-0.318402,0.216469,4.000000,0,b
47.140000,866,DS_terminal,4,-3.786983e-03,-1.569547e-02,9.778279e-03,-1.746721e-03,-6.094653e-04,1.361169e-04,realized,-6.965236e-03,1.640214e-01,-4.301839e-01,0.035634,0.095818,-0.035918,,,,1.708342,-0.454798,-0.350089,1.715616,-0.445681,-0.353335,4.581651e-03,7.931336e-03,1.848412e-03,1.830887,-0.620389,-0.319306,1.827874,-0.613777,-0.318402,0.216110,4.000000,0,b
47.240000,867,DS_terminal,4,-3.787230e-03,-1.572583e-02,9.838942e-03,-1.751448e-03,-6.107913e-04,1.370122e-04,realized,-6.886187e-03,1.625663e-01,-4.267371e-01,0.035654,0.095279,-0.034680,,,,1.708335,-0.454801,-0.350089,1.715616,-0.445681,-0.353335,4.576061e-03,7.986625e-03,1.735585e-03,1.830878,-0.620394,-0.319305,1.827874,-0.613777,-0.318402,0.215755,4.000000,0,b
47.340000,868,DS_terminal,4,-3.787854e-03,-1.575702e-02,9.899164e-03,-1.756222e-03,-6.121196e-04,1.380090e-04,realized,-6.808813e-03,1.611243e-01,-4.233174e-01,0.035673,0.094745,-0.033451,,,,1.708328,-0.454804,-0.350088,1.715616,-0.445681,-0.353335,4.570988e-03,8.042266e-03,1.623564e-03,1.830868,-0.620398,-0.319305,1.827874,-0.613777,-0.318402,0.215406,4.000000,0,b
47.440000,869,DS_terminal,4,-3.788853e-03,-1.578903e-02,9.958962e-03,-1.761043e-03,-6.134502e-04,1.391084e-04,realized,-6.733070e-03,1.596955e-01,-4.199248e-01,0.035692,0.094216,-0.032233,,,,1.708321,-0.454807,-0.350088,1.715616,-0.445681,-0.353335,4.566427e-03,8.098264e-03,1.512336e-03,1.830859,-0.620402,-0.319304,1.827874,-0.613777,-0.318402,0.215062,4.000000,0,b
47.540000,870,DS_terminal,4,-3.790225e-03,-1.582188e-02,1.001835e-02,-1.765913e-03,-6.147829e-04,1.403113e-04,realized,-6.658920e-03,1.582796e-01,-4.165590e-01,0.035710,0.093691,-0.031024,,,,1.708314,-0.454810,-0.350087,1.715616,-0.445681,-0.353335,4.562373e-03,8.154623e-03,1.401883e-03,1.830849,-0.620406,-0.319303,1.827874,-0.613777,-0.318402,0.214723,4.000000,0,b
47.640000,871,DS_terminal,4,-3.791970e-03,-1.585557e-02,1.007735e-02,-1.770833e-03,-6.161175e-04,1.416186e-04,realized,-6.586321e-03,1.568765e-01,-4.132197e-01,0.035727,0.093171,-0.029825,,,,1.708307,-0.454812,-0.350086,1.715616,-0.445681,-0.353335,4.558822e-03,8.211348e-03,1.292192e-03,1.830840,-0.620410,-0.319303,1.827874,-0.613777,-0.318402,0.214388,4.000000,0,b
47.740000,872,DS_terminal,4,-3.794086e-03,-1.589009e-02,1.013599e-02,-1.775804e-03,-6.174540e-04,1.430314e-04,realized,-6.515236e-03,1.554862e-01,-4.099068e-01,0.035743,0.092656,-0.028636,,,,1.708300,-0.454815,-0.350086,1.715616,-0.445681,-0.353335,4.555768e-03,8.268445e-03,1.183245e-03,1.830831,-0.620414,-0.319302,1.827874,-0.613777,-0.318402,0.214059,4.000000,0,b
47.840000,873,DS_terminal,4,-3.796571e-03,-1.592547e-02,1.019427e-02,-1.780826e-03,-6.187921e-04,1.445505e-04,realized,-6.445627e-03,1.541084e-01,-4.066200e-01,0.035759,0.092145,-0.027457,,,,1.708293,-0.454818,-0.350085,1.715616,-0.445681,-0.353335,4.553207e-03,8.325920e-03,1.075024e-03,1.830822,-0.620418,-0.319301,1.827874,-0.613777,-0.318402,0.213734,4.000000,0,b
47.940000,874,DS_terminal,4,-3.799424e-03,-1.596170e-02,1.025224e-02,-1.785900e-03,-6.201318e-04,1.461770e-04,realized,-6.377456e-03,1.527432e-01,-4.033592e-01,0.035775,0.091639,-0.026287,,,,1.708287,-0.454820,-0.350085,1.715616,-0.445681,-0.353335,4.551133e-03,8.383778e-03,9.675122e-04,1.830813,-0.620422,-0.319301,1.827874,-0.613777,-0.318402,0.213414,4.000000,0,b
48.040000,875,DS_terminal,4,-3.802642e-03,-1.599879e-02,1.030990e-02,-1.791028e-03,-6.214731e-04,1.479119e-04,realized,-6.310688e-03,1.513903e-01,-4.001241e-01,0.035790,0.091137,-0.025126,,,,1.708280,-0.454823,-0.350084,1.715616,-0.445681,-0.353335,4.549542e-03,8.442028e-03,8.606898e-04,1.830804,-0.620425,-0.319300,1.827874,-0.613777,-0.318402,0.213099,4.000000,0,b
48.140000,876,DS_terminal,4,-3.806224e-03,-1.603675e-02,1.036729e-02,-1.796212e-03,-6.228158e-04,1.497564e-04,realized,-6.245289e-03,1.500497e-01,-3.969146e-01,0.035804,0.090640,-0.023975,,,,1.708274,-0.454825,-0.350084,1.715616,-0.445681,-0.353335,4.548427e-03,8.500676e-03,7.545362e-04,1.830796,-0.620429,-0.319300,1.827874,-0.613777,-0.318402,0.212788,4.000000,0,b
48.240000,877,DS_terminal,4,-3.810166e-03,-1.607558e-02,1.042444e-02,-1.801451e-03,-6.241600e-04,1.517116e-04,realized,-6.181223e-03,1.487212e-01,-3.937303e-01,0.035818,0.090147,-0.022834,,,,1.708268,-0.454828,-0.350084,1.715616,-0.445681,-0.353335,4.547785e-03,8.559731e-03,6.490296e-04,1.830787,-0.620433,-0.319299,1.827874,-0.613777,-0.318402,0.212482,4.000000,0,b
48.340000,878,DS_terminal,4,-3.814467e-03,-1.611530e-02,1.048137e-02,-1.806747e-03,-6.255056e-04,1.537789e-04,realized,-6.118458e-03,1.474047e-01,-3.905712e-01,0.035831,0.089658,-0.021701,,,,1.708261,-0.454830,-0.350083,1.715616,-0.445681,-0.353335,4.547608e-03,8.619200e-03,5.441465e-04,1.830779,-0.620436,-0.319299,1.827874,-0.613777,-0.318402,0.212180,4.000000,0,b
48.440000,879,DS_terminal,4,-3.819123e-03,-1.615591e-02,1.053813e-02,-1.812102e-03,-6.268526e-04,1.559596e-04,realized,-6.056961e-03,1.461002e-01,-3.874369e-01,0.035843,0.089174,-0.020578,,,,1.708255,-0.454833,-0.350083,1.715616,-0.445681,-0.353335,4.547892e-03,8.679094e-03,4.398615e-04,1.830770,-0.620440,-0.319298,1.827874,-0.613777,-0.318402,0.211882,4.000000,0,b
48.540000,880,DS_terminal,4,-3.824131e-03,-1.619743e-02,1.059476e-02,-1.817517e-03,-6.282013e-04,1.582552e-04,realized,-5.996700e-03,1.448075e-01,-3.843273e-01,0.035855,0.088694,-0.019464,,,,1.708249,-0.454835,-0.350082,1.715616,-0.445681,-0.353335,4.548629e-03,8.739423e-03,3.361475e-04,1.830762,-0.620443,-0.319298,1.827874,-0.613777,-0.318402,0.211589,4.000000,0,b
48.640000,881,DS_terminal,4,-3.829487e-03,-1.623987e-02,1.065129e-02,-1.822994e-03,-6.295515e-04,1.606677e-04,realized,-5.937644e-03,1.435264e-01,-3.812422e-01,0.035867,0.088219,-0.018359,,,,1.708243,-0.454837,-0.350082,1.715616,-0.445681,-0.353335,4.549815e-03,8.800200e-03,2.329750e-04,1.830754,-0.620446,-0.319297,1.827874,-0.613777,-0.318402,0.211299,4.000000,0,b
48.740000,882,DS_terminal,4,-3.835189e-03,-1.628324e-02,1.070777e-02,-1.828533e-03,-6.309037e-04,1.631989e-04,realized,-5.879762e-03,1.422570e-01,-3.781814e-01,0.035878,0.087748,-0.017263,,,,1.708237,-0.454839,-0.350081,1.715616,-0.445681,-0.353335,4.551441e-03,8.861437e-03,1.303122e-04,1.830746,-0.620449,-0.319297,1.827874,-0.613777,-0.318402,0.211014,4.000000,0,b
48.840000,883,DS_terminal,4,-3.841232e-03,-1.632757e-02,1.076424e-02,-1.834137e-03,-6.322579e-04,1.658511e-04,realized,-5.823025e-03,1.409990e-01,-3.751447e-01,0.035889,0.087281,-0.016176,,,,1.708231,-0.454842,-0.350081,1.715616,-0.445681,-0.353335,4.553503e-03,8.923150e-03,2.812503e-05,1.830738,-0.620453,-0.319296,1.827874,-0.613777,-0.318402,0.210733,4.000000,0,b
48.940000,884,DS_terminal,4,-3.847613e-03,-1.637286e-02,1.082078e-02,-1.839807e-03,-6.336147e-04,1.686270e-04,realized,-5.767401e-03,1.397523e-01,-3.721318e-01,0.035899,0.086818,-0.015097,,,,1.708226,-0.454844,-0.350081,1.715616,-0.445681,-0.353335,4.555994e-03,8.985359e-03,-7.362321e-05,1.830730,-0.620456,-0.319296,1.827874,-0.613777,-0.318402,0.210456,4.000000,0,b
49.040000,885,DS_terminal,4,-3.854330e-03,-1.641914e-02,1.087741e-02,-1.845546e-03,-6.349744e-04,1.715295e-04,realized,-5.712863e-03,1.385169e-01,-3.691426e-01,0.035908,0.086359,-0.014028,,,,1.708220,-0.454846,-0.350080,1.715616,-0.445681,-0.353335,4.558910e-03,9.048084e-03,-1.749715e-04,1.830723,-0.620459,-0.319295,1.827874,-0.613777,-0.318402,0.210183,4.000000,0,b
49.140000,886,DS_terminal,4,-3.861382e-03,-1.646645e-02,1.093422e-02,-1.851356e-03,-6.363377e-04,1.745619e-04,realized,-5.659380e-03,1.372926e-01,-3.661768e-01,0.035917,0.085904,-0.012967,,,,1.708214,-0.454848,-0.350080,1.715616,-0.445681,-0.353335,4.562245e-03,9.111352e-03,-2.759609e-04,1.830715,-0.620462,-0.319295,1.827874,-0.613777,-0.318402,0.209913,4.000000,0,b
49.240000,887,DS_terminal,4,-3.868767e-03,-1.651481e-02,1.099125e-02,-1.857240e-03,-6.377054e-04,1.777282e-04,realized,-5.606925e-03,1.360794e-01,-3.632343e-01,0.035926,0.085453,-0.011914,,,,1.708209,-0.454850,-0.350080,1.715616,-0.445681,-0.353335,4.565999e-03,9.175193e-03,-3.766343e-04,1.830708,-0.620465,-0.319295,1.827874,-0.613777,-0.318402,0.209647,4.000000,0,b
49.340000,888,DS_terminal,4,-3.876489e-03,-1.656427e-02,1.104856e-02,-1.863201e-03,-6.390787e-04,1.810326e-04,realized,-5.555469e-03,1.348771e-01,-3.603147e-01,0.035935,0.085007,-0.010870,,,,1.708203,-0.454852,-0.350079,1.715616,-0.445681,-0.353335,4.570171e-03,9.239644e-03,-4.770357e-04,1.830700,-0.620468,-0.319294,1.827874,-0.613777,-0.318402,0.209385,4.000000,0,b
49.440000,889,DS_terminal,4,-3.884552e-03,-1.661487e-02,1.110622e-02,-1.869242e-03,-6.404588e-04,1.844801e-04,realized,-5.504983e-03,1.336856e-01,-3.574181e-01,0.035942,0.084564,-0.009835,,,,1.708198,-0.454854,-0.350079,1.715616,-0.445681,-0.353335,4.574764e-03,9.304749e-03,-5.772094e-04,1.830693,-0.620471,-0.319294,1.827874,-0.613777,-0.318402,0.209127,4.000000,0,b
49.540000,890,DS_terminal,4,-3.892966e-03,-1.666667e-02,1.116429e-02,-1.875369e-03,-6.418475e-04,1.880759e-04,realized,-5.455439e-03,1.325048e-01,-3.545440e-01,0.035950,0.084125,-0.008808,,,,1.708193,-0.454856,-0.350079,1.715616,-0.445681,-0.353335,4.579785e-03,9.370562e-03,-6.771987e-04,1.830686,-0.620473,-0.319293,1.827874,-0.613777,-0.318402,0.208871,4.000000,0,b
49.640000,891,DS_terminal,4,-3.901745e-03,-1.671974e-02,1.122281e-02,-1.881587e-03,-6.432469e-04,1.918260e-04,realized,-5.406808e-03,1.313345e-01,-3.516923e-01,0.035957,0.083690,-0.007789,,,,1.708187,-0.454858,-0.350078,1.715616,-0.445681,-0.353335,4.585248e-03,9.437143e-03,-7.770449e-04,1.830679,-0.620476,-0.319293,1.827874,-0.613777,-0.318402,0.208620,4.000000,0,b
49.740000,892,DS_terminal,4,-3.910908e-03,-1.677417e-02,1.128183e-02,-1.887903e-03,-6.446593e-04,1.957365e-04,realized,-5.359063e-03,1.301748e-01,-3.488628e-01,0.035964,0.083259,-0.006779,,,,1.708182,-0.454859,-0.350078,1.715616,-0.445681,-0.353335,4.591170e-03,9.504565e-03,-8.767857e-04,1.830672,-0.620479,-0.319293,1.827874,-0.613777,-0.318402,0.208371,4.000000,0,b
49.840000,893,DS_terminal,4,-3.920483e-03,-1.683005e-02,1.134139e-02,-1.894323e-03,-6.460877e-04,1.998139e-04,realized,-5.312173e-03,1.290254e-01,-3.460552e-01,0.035970,0.082832,-0.005777,,,,1.708177,-0.454861,-0.350078,1.715616,-0.445681,-0.353335,4.597578e-03,9.572910e-03,-9.764536e-04,1.830665,-0.620481,-0.319292,1.827874,-0.613777,-0.318402,0.208125,4.000000,0,b
49.940000,894,DS_terminal,4,-3.930500e-03,-1.688748e-02,1.140150e-02,-1.900857e-03,-6.475354e-04,2.040648e-04,realized,-5.266112e-03,1.278864e-01,-3.432694e-01,0.035976,0.082409,-0.004783,,,,1.708172,-0.454863,-0.350077,1.715616,-0.445681,-0.353335,4.604502e-03,9.642269e-03,-1.076075e-03,1.830658,-0.620484,-0.319292,1.827874,-0.613777,-0.318402,0.207883,4.000000,0,b
50.040000,895,DS_terminal,4,-3.941000e-03,-1.694658e-02,1.146217e-02,-1.907513e-03,-6.490061e-04,2.084955e-04,realized,-5.220850e-03,1.267574e-01,-3.405052e-01,0.035982,0.081989,-0.003796,,,,1.708167,-0.454865,-0.350077,1.715616,-0.445681,-0.353335,4.611981e-03,9.712742e-03,-1.175669e-03,1.830651,-0.620487,-0.319292,1.827874,-0.613777,-0.318402,0.207643,4.000000,0,b
50.140000,896,DS_terminal,4,-3.952026e-03,-1.700747e-02,1.152341e-02,-1.914303e-03,-6.505038e-04,2.131118e-04,realized,-5.176360e-03,1.256386e-01,-3.377622e-01,0.035987,0.081573,-0.002818,,,,1.708162,-0.454866,-0.350077,1.715616,-0.445681,-0.353335,4.620059e-03,9.784435e-03,-1.275248e-03,1.830645,-0.620489,-0.319291,1.827874,-0.613777,-0.318402,0.207407,4.000000,0,b
50.240000,897,DS_terminal,4,-3.963626e-03,-1.707029e-02,1.158519e-02,-1.921236e-03,-6.520330e-04,2.179187e-04,realized,-5.132613e-03,1.245297e-01,-3.350404e-01,0.035992,0.081161,-0.001848,,,,1.708157,-0.454868,-0.350077,1.715616,-0.445681,-0.353335,4.628782e-03,9.857455e-03,-1.374815e-03,1.830638,-0.620492,-0.319291,1.827874,-0.613777,-0.318402,0.207173,4.000000,0,b
50.340000,898,DS_terminal,4,-3.975850e-03,-1.713515e-02,1.164748e-02,-1.928322e-03,-6.535980e-04,2.229199e-04,realized,-5.089584e-03,1.234307e-01,-3.323395e-01,0.035996,0.080752,-0.000886,,,,1.708152,-0.454870,-0.350076,1.715616,-0.445681,-0.353335,4.638200e-03,9.931909e-03,-1.474372e-03,1.830631,-0.620494,-0.319291,1.827874,-0.613777,-0.318402,0.206941,4.000000,0,b
50.440000,899,DS_terminal,4,-3.988744e-03,-1.720217e-02,1.171025e-02,-1.935573e-03,-6.552033e-04,2.281175e-04,realized,-5.047244e-03,1.223415e-01,-3.296594e-01,0.036001,0.080347,0.000069,,,,1.708147,-0.454871,-0.350076,1.715616,-0.445681,-0.353335,4.648361e-03,1.000790e-02,-1.573911e-03,1.830625,-0.620496,-0.319291,1.827874,-0.613777,-0.318402,0.206712,4.000000,0,b
50.540000,900,DS_terminal,4,-4.002356e-03,-1.727145e-02,1.177344e-02,-1.942997e-03,-6.568534e-04,2.335120e-04,realized,-5.005571e-03,1.212620e-01,-3.269997e-01,0.036005,0.079946,0.001015,,,,1.708143,-0.454873,-0.350076,1.715616,-0.445681,-0.353335,4.659309e-03,1.008551e-02,-1.673424e-03,1.830619,-0.620499,-0.319290,1.827874,-0.613777,-0.318402,0.206485,4.000000,0,b
50.640000,901,DS_terminal,4,-4.016723e-03,-1.734309e-02,1.183703e-02,-1.950603e-03,-6.585524e-04,2.391021e-04,realized,-4.964540e-03,1.201921e-01,-3.243605e-01,0.036008,0.079548,0.001955,,,,1.708138,-0.454875,-0.350076,1.715616,-0.445681,-0.353335,4.671082e-03,1.016483e-02,-1.772904e-03,1.830612,-0.620501,-0.319290,1.827874,-0.613777,-0.318402,0.206260,4.000000,0,b
50.740000,902,DS_terminal,4,-4.031879e-03,-1.741715e-02,1.190096e-02,-1.958397e-03,-6.603041e-04,2.448844e-04,realized,-4.924130e-03,1.191317e-01,-3.217414e-01,0.036012,0.079153,0.002886,,,,1.708133,-0.454876,-0.350076,1.715616,-0.445681,-0.353335,4.683711e-03,1.024591e-02,-1.872340e-03,1.830606,-0.620503,-0.319290,1.827874,-0.613777,-0.318402,0.206037,4.000000,0,b
50.840000,903,DS_terminal,4,-4.047848e-03,-1.749369e-02,1.196518e-02,-1.966384e-03,-6.621119e-04,2.508539e-04,realized,-4.884320e-03,1.180807e-01,-3.191423e-01,0.036015,0.078763,0.003810,,,,1.708128,-0.454878,-0.350075,1.715616,-0.445681,-0.353335,4.697219e-03,1.032881e-02,-1.971727e-03,1.830600,-0.620506,-0.319290,1.827874,-0.613777,-0.318402,0.205816,4.000000,0,b
50.940000,904,DS_terminal,4,-4.064645e-03,-1.757272e-02,1.202967e-02,-1.974567e-03,-6.639787e-04,2.570043e-04,realized,-4.845092e-03,1.170391e-01,-3.165631e-01,0.036017,0.078375,0.004727,-2.500074e-03,5.400134e-04,1.493742e-03,1.708124,-0.454879,-0.350075,1.715616,-0.445681,-0.353335,4.711619e-03,1.041354e-02,-2.071059e-03,1.830593,-0.620508,-0.319289,1.827874,-0.613777,-0.318402,0.205597,4.000000,0,b
