t_s,tick,phase,step_index,Hdot_s_x_Nm,Hdot_s_y_Nm,Hdot_s_z_Nm,Hdot_s_proxy_x_Nm,Hdot_s_proxy_y_Nm,Hdot_s_proxy_z_Nm,Hdot_s_source,hw_x_Nms,hw_y_Nms,hw_z_Nms,theta_s_x_deg,theta_s_y_deg,theta_s_z_deg,Ltot_x_Nms,Ltot_y_Nms,Ltot_z_Nms,rcom_x_m,rcom_y_m,rcom_z_m,rref_x_m,rref_y_m,rref_z_m,tauw_x_Nm,tauw_y_Nm,tauw_z_Nm,torso_pos_x_m,torso_pos_y_m,torso_pos_z_m,torso_pos_ref_x_m,torso_pos_ref_y_m,torso_pos_ref_z_m,torso_ori_err_deg,swing_dist_m,swing_active,swing_arm
0.010000,0,DS_interstep,-1,-8.637813e-14,-5.839634e-14,1.984524e-15,-1.103665e-13,-7.453209e-14,3.278629e-14,realized,1.956614e-16,2.400628e-16,-9.461157e-16,0.000000,0.000000,0.000000,0.000000e+00,0.000000e+00,0.000000e+00,-0.035461,-0.615401,-0.350000,-0.035461,-0.615401,-0.350000,8.637813e-14,5.839634e-14,-1.984524e-15,0.176592,-0.815596,-0.343580,0.176592,-0.815596,-0.343580,0.000000,0.000000,0,
0.020000,1,DS_interstep,-1,-9.037221e-09,3.484450e-10,-1.728139e-10,-4.577764e-09,-8.126298e-10,1.416867e-09,realized,4.578751e-11,-1.609430e-12,3.249702e-12,0.000000,0.000000,0.000000,,,,-0.035461,-0.615401,-0.350000,-0.035461,-0.615401,-0.350000,9.157696e-09,-3.219693e-10,6.502869e-10,0.176592,-0.815596,-0.343580,0.176592,-0.815596,-0.343580,0.000000,0.000000,0,
0.030000,2,DS_interstep,-1,-7.046559e-09,3.283879e-09,-7.817941e-09,-4.745479e-09,-7.665073e-10,-9.293327e-10,realized,8.108480e-11,-1.837146e-11,4.418306e-11,0.000000,-0.000000,0.000000,,,,-0.035461,-0.615401,-0.350000,-0.035461,-0.615401,-0.350000,7.060106e-09,-3.352518e-09,8.187002e-09,0.176592,-0.815596,-0.343580,0.176592,-0.815596,-0.343580,0.000000,0.000000,0,
0.040000,3,DS_interstep,-1,-3.502334e-09,1.448623e-09,-7.356052e-09,-3.202452e-09,-1.366262e-09,-2.437057e-09,realized,9.876701e-11,-2.576624e-11,8.222329e-11,0.000000,-0.000000,0.000000,,,,-0.035461,-0.615401,-0.350000,-0.035461,-0.615401,-0.350000,3.537363e-09,-1.479185e-09,7.608731e-09,0.176592,-0.815596,-0.343580,0.176592,-0.815596,-0.343580,0.000000,0.000000,0,
0.050000,4,DS_interstep,-1,-1.263074e-09,1.554977e-09,-9.867790e-09,-1.628868e-09,-1.328086e-09,-4.761471e-09,realized,1.053662e-10,-3.364769e-11,1.323389e-10,0.000000,-0.000000,0.000000,,,,-0.035461,-0.615401,-0.350000,-0.035461,-0.615401,-0.350000,1.320871e-09,-1.576584e-09,1.002424e-08,0.176592,-0.815596,-0.343580,0.176592,-0.815596,-0.343580,0.000000,0.000000,0,
0.060000,5,DS_interstep,-1,3.784482e-10,2.473413e-11,-8.508244e-09,-1.904696e-10,-1.501635e-09,-5.766804e-09,realized,1.037336e-10,-3.374403e-11,1.753918e-10,0.000000,-0.000000,0.000000,,,,-0.035461,-0.615401,-0.350000,-0.035461,-0.615401,-0.350000,-3.254508e-10,-1.960183e-11,8.612134e-09,0.176592,-0.815596,-0.343580,0.176592,-0.815596,-0.343580,0.000000,0.000000,0,
0.070000,6,DS_interstep,-1,1.094131e-09,1.465298e-10,-9.350312e-09,7.729230e-10,-1.297247e-09,-6.779191e-09,realized,9.846454e-11,-3.443443e-11,2.224512e-10,0.000000,-0.000000,0.000000,,,,-0.035461,-0.615401,-0.350000,-0.035461,-0.615401,-0.350000,-1.052798e-09,-1.384120e-10,9.413863e-09,0.176592,-0.815596,-0.343580,0.176592,-0.815596,-0.343580,0.000000,0.000000,0,
0.080000,7,DS_interstep,-1,1.533918e-09,-4.165878e-10,-8.317829e-09,1.447215e-09,-1.247147e-09,-6.848682e-09,realized,9.089010e-11,-3.224998e-11,2.642417e-10,0.000000,-0.000000,0.000000,,,,-0.035461,-0.615401,-0.350000,-0.035461,-0.615401,-0.350000,-1.513944e-09,4.365635e-10,8.360530e-09,0.176592,-0.815596,-0.343580,0.176592,-0.815596,-0.343580,0.000000,0.000000,0,
0.090000,8,DS_interstep,-1,1.553439e-09,-9.877128e-12,-8.616644e-09,1.774007e-09,-1.033338e-09,-6.839452e-09,realized,8.312529e-11,-3.210855e-11,3.074346e-10,0.000000,-0.000000,0.000000,,,,-0.035461,-0.615401,-0.350000,-0.035461,-0.615401,-0.350000,-1.552101e-09,2.797365e-11,8.641444e-09,0.176592,-0.815596,-0.343580,0.176592,-0.815596,-0.343580,0.000000,0.000000,0,
0.100000,9,DS_interstep,-1,1.510480e-09,-9.565409e-12,-7.883170e-09,1.918749e-09,-9.414318e-10,-6.286045e-09,realized,7.548300e-11,-3.195643e-11,3.469101e-10,0.000000,-0.000000,0.000000,,,,-0.035461,-0.615401,-0.350000,-0.035461,-0.615401,-0.350000,-1.527678e-09,3.010959e-11,7.898358e-09,0.176592,-0.815596,-0.343580,0.176592,-0.815596,-0.343580,0.000000,0.000000,0,
0.110000,10,SS,0,4.570210e-01,-1.444435e+00,2.471738e+00,-6.782590e-03,2.139342e-02,-5.839275e-02,planned,-1.381843e-02,3.432399e-02,-4.686168e-02,-0.000061,0.000067,-0.000088,-4.308058e-21,-4.530971e-21,4.729781e-21,-0.035400,-0.615407,-0.350046,-0.000400,-0.604066,-0.349921,-6.477173e-01,1.272677e+00,-1.235408e+00,0.176652,-0.815569,-0.343572,0.176629,-0.815578,-0.343578,0.006953,0.799631,1,b
0.210000,11,SS,0,6.068923e-01,-1.413428e+00,2.706244e+00,1.174358e-01,2.863598e-01,-2.314091e-01,planned,-4.859188e-02,1.136927e-01,-1.338797e-01,-0.000473,0.000417,-0.000415,,,,-0.034945,-0.615286,-0.350195,0.007835,-0.601526,-0.349943,-8.399353e-01,1.993741e+00,-2.388137e+00,0.176954,-0.815430,-0.343517,0.176919,-0.815440,-0.343559,0.011884,0.797353,1,b
0.310000,12,SS,0,6.781446e-01,-1.226730e+00,3.344714e+00,2.159523e-01,6.002228e-01,1.835387e-01,planned,-9.368482e-02,2.202234e-01,-2.669136e-01,-0.001358,0.001175,-0.001146,,,,-0.033822,-0.614975,-0.350470,0.016833,-0.598823,-0.349987,-1.059581e+00,2.541465e+00,-3.258239e+00,0.177646,-0.815106,-0.343404,0.177688,-0.815071,-0.343508,0.013654,0.791659,1,b
0.410000,13,SS,0,6.889688e-01,-9.818339e-01,3.891936e+00,2.811754e-01,8.913028e-01,6.489112e-01,planned,-1.484632e-01,3.482563e-01,-4.338151e-01,-0.002822,0.002434,-0.002404,,,,-0.031816,-0.614412,-0.350877,0.026086,-0.596065,-0.350038,-1.214027e+00,2.934835e+00,-3.910494e+00,0.178844,-0.814531,-0.343228,0.179105,-0.814392,-0.343415,0.013961,0.781403,1,b
0.510000,14,SS,0,6.272738e-01,-7.061408e-01,4.429178e+00,2.986771e-01,1.141222e+00,1.230658e+00,planned,-2.089267e-01,4.902465e-01,-6.269505e-01,-0.004928,0.004253,-0.004280,,,,-0.028767,-0.613542,-0.351407,0.035929,-0.593225,-0.350115,-1.274505e+00,3.160978e+00,-4.390829e+00,0.180637,-0.813648,-0.342989,0.181282,-0.813349,-0.343272,0.013560,0.765801,1,b
0.610000,15,SS,0,5.016704e-01,-4.266809e-01,4.895322e+00,2.684255e-01,1.326042e+00,1.862958e+00,planned,-2.715244e-01,6.394116e-01,-8.381348e-01,-0.007692,0.006659,-0.006838,,,,-0.024568,-0.612326,-0.352038,0.045851,-0.590377,-0.350196,-1.262580e+00,3.241946e+00,-4.681698e+00,0.183083,-0.812417,-0.342693,0.184284,-0.811911,-0.343075,0.013233,0.744413,1,b
0.710000,16,SS,0,3.178258e-01,-1.712868e-01,5.269580e+00,1.893687e-01,1.428610e+00,2.506474e+00,planned,-3.332782e-01,7.897964e-01,-1.059113e+00,-0.011092,0.009653,-0.010111,,,,-0.019161,-0.610734,-0.352737,0.056046,-0.587552,-0.350299,-1.189359e+00,3.197547e+00,-4.789831e+00,0.186214,-0.810808,-0.342350,0.188129,-0.810068,-0.342823,0.013349,0.717105,1,b
0.810000,17,SS,0,8.384586e-02,4.300190e-02,5.541807e+00,6.007263e-02,1.441698e+00,3.133750e+00,planned,-3.917111e-01,9.363668e-01,-1.281976e+00,-0.015074,0.013212,-0.014103,,,,-0.012536,-0.608751,-0.353463,0.066225,-0.584751,-0.350404,-1.068731e+00,3.050378e+00,-4.724672e+00,0.190032,-0.808808,-0.341971,0.192799,-0.807831,-0.342517,0.013921,0.684026,1,b
0.910000,18,SS,0,-1.963641e-01,2.163808e-01,5.697268e+00,-1.189341e-01,1.370755e+00,3.719843e+00,planned,-4.448510e-01,1.074994e+00,-1.499182e+00,-0.019562,0.017295,-0.018795,,,,-0.004727,-0.606373,-0.354172,0.076334,-0.582049,-0.350519,-9.115255e-01,2.819690e+00,-4.498111e+00,0.194520,-0.806420,-0.341569,0.198238,-0.805225,-0.342160,0.014770,0.645565,1,b
1.010000,19,SS,0,-5.122470e-01,3.517673e-01,5.739567e+00,-3.443569e-01,1.232698e+00,4.242920e+00,planned,-4.910740e-01,1.202325e+00,-1.703870e+00,-0.024460,0.021849,-0.024140,,,,0.004192,-0.603614,-0.354819,0.086282,-0.579421,-0.350632,-7.248821e-01,2.522330e+00,-4.127304e+00,0.199635,-0.803660,-0.341158,0.204363,-0.802290,-0.341758,0.015734,0.602321,1,b
1.110000,20,SS,0,-8.549218e-01,4.680251e-01,5.658139e+00,-6.087187e-01,1.052101e+00,4.680931e+00,planned,-5.289275e-01,1.315532e+00,-1.889777e+00,-0.029658,0.026808,-0.030072,,,,0.014109,-0.600501,-0.355364,0.095927,-0.576930,-0.350742,-5.123490e-01,2.167411e+00,-3.627780e+00,0.205318,-0.800560,-0.340746,0.211066,-0.799078,-0.341318,0.016685,0.555060,1,b
1.210000,21,SS,0,-1.208692e+00,5.819662e-01,5.451868e+00,-8.992954e-01,8.564788e-01,5.012803e+00,planned,-5.571042e-01,1.412091e+00,-2.051300e+00,-0.035033,0.032098,-0.036505,,,,0.024878,-0.597079,-0.355776,0.105149,-0.574583,-0.350839,-2.784291e-01,1.761171e+00,-3.014376e+00,0.211490,-0.797164,-0.340343,0.218217,-0.795652,-0.340849,0.017529,0.504687,1,b
1.310000,22,SS,0,-1.554141e+00,7.061455e-01,5.124923e+00,-1.198855e+00,6.716698e-01,5.218634e+00,planned,-5.745537e-01,1.489674e+00,-2.183410e+00,-0.040453,0.037636,-0.043336,,,,0.036325,-0.593409,-0.356029,0.113946,-0.572378,-0.350922,-3.085572e-02,1.307339e+00,-2.300770e+00,0.218060,-0.793528,-0.339957,0.225675,-0.792079,-0.340359,0.018151,0.452204,1,b
1.410000,23,SS,0,-1.874047e+00,8.616478e-01,4.663502e+00,-1.487297e+00,5.183499e-01,5.284255e+00,planned,-5.806465e-01,1.545987e+00,-2.281474e+00,-0.045782,0.043331,-0.050446,,,,0.048249,-0.589565,-0.356110,0.121939,-0.570399,-0.350972,2.189983e-01,8.061885e-01,-1.497964e+00,0.224923,-0.789714,-0.339592,0.233286,-0.788432,-0.339860,0.018389,0.398677,1,b
1.510000,24,SS,0,-2.143285e+00,1.034565e+00,4.107877e+00,-1.744450e+00,4.101883e-01,5.202651e+00,planned,-5.754338e-01,1.578992e+00,-2.341726e+00,-0.050885,0.049087,-0.057704,,,,0.060430,-0.585630,-0.356015,0.129498,-0.568543,-0.351002,4.542515e-01,2.673184e-01,-6.260056e-01,0.231967,-0.785793,-0.339251,0.240893,-0.784787,-0.339360,0.018157,0.345203,1,b
1.610000,25,SS,0,-2.355525e+00,1.250283e+00,3.426821e+00,-1.953320e+00,3.528114e-01,4.976403e+00,planned,-5.616110e-01,1.586429e+00,-2.359512e+00,-0.055650,0.054797,-0.064963,,,,0.072634,-0.581686,-0.355748,0.135757,-0.567005,-0.350966,7.043511e-01,-2.619667e-01,2.988731e-01,0.239072,-0.781837,-0.338934,0.248339,-0.781219,-0.338872,0.018184,0.292875,1,b
1.710000,26,SS,0,-2.502992e+00,1.458236e+00,2.735573e+00,-2.113830e+00,3.424665e-01,4.642722e+00,planned,-5.338735e-01,1.568460e+00,-2.338217e+00,-0.059931,0.060360,-0.072084,,,,0.084626,-0.577840,-0.355331,0.141690,-0.565546,-0.350913,7.920047e-01,-9.073740e-01,1.247545e+00,0.246119,-0.777931,-0.338641,0.255472,-0.777802,-0.338404,0.015963,0.242749,1,b
1.810000,27,SS,0,-2.543682e+00,1.706298e+00,1.889039e+00,-2.170986e+00,3.841142e-01,4.129780e+00,planned,-5.035452e-01,1.522645e+00,-2.270215e+00,-0.063684,0.065659,-0.078907,,,,0.096163,-0.574159,-0.354786,0.145748,-0.564478,-0.350749,9.165718e-01,-1.488749e+00,2.176898e+00,0.252983,-0.774144,-0.338370,0.262148,-0.774603,-0.337966,0.014316,0.195809,1,b
1.910000,28,SS,0,-2.546373e+00,1.904334e+00,1.137873e+00,-2.197588e+00,4.465165e-01,3.592596e+00,planned,-4.668250e-01,1.450935e+00,-2.161953e+00,-0.066844,0.070591,-0.085287,,,,0.107017,-0.570716,-0.354144,0.149481,-0.563468,-0.350564,9.908626e-01,-2.040669e+00,3.023714e+00,0.259544,-0.770553,-0.338117,0.268242,-0.771683,-0.337566,0.013287,0.152939,1,b
2.010000,29,SS,0,-2.474319e+00,2.109140e+00,3.311080e-01,-2.143188e+00,5.333809e-01,2.971125e+00,planned,-4.277035e-01,1.354497e+00,-2.015188e+00,-0.069376,0.075056,-0.091092,,,,0.116982,-0.567579,-0.353446,0.151177,-0.562795,-0.350242,9.890277e-01,-2.554803e+00,3.794500e+00,0.265691,-0.767228,-0.337878,0.273645,-0.769094,-0.337211,0.012998,0.114885,1,b
2.110000,30,SS,0,-2.334924e+00,2.232809e+00,-3.608253e-01,-2.028356e+00,6.261306e-01,2.321192e+00,planned,-3.882243e-01,1.236459e+00,-1.836023e+00,-0.071280,0.078967,-0.096204,,,,0.125882,-0.564793,-0.352732,0.152450,-0.562290,-0.350000,9.520868e-01,-2.973450e+00,4.406616e+00,0.271321,-0.764233,-0.337650,0.278275,-0.766876,-0.336907,0.014239,0.082223,1,b
2.210000,31,SS,0,-2.135039e+00,2.266299e+00,-9.236598e-01,-1.860925e+00,7.116238e-01,1.663980e+00,planned,-3.499155e-01,1.101621e+00,-1.632319e+00,-0.072574,0.082258,-0.100537,,,,0.133584,-0.562395,-0.352042,0.152450,-0.562290,-0.350000,8.823088e-01,-3.273470e+00,4.824686e+00,0.276353,-0.761617,-0.337430,0.282079,-0.765053,-0.336658,0.016850,0.055336,1,b
2.310000,32,SS,0,-1.892335e+00,2.212308e+00,-1.353795e+00,-1.647272e+00,7.814542e-01,1.025623e+00,planned,-3.139912e-01,9.559469e-01,-1.415389e+00,-0.073294,0.084885,-0.104033,,,,0.140005,-0.560404,-0.351416,0.152450,-0.562290,-0.350000,7.929726e-01,-3.424520e+00,5.000000e+00,0.280724,-0.759418,-0.337215,0.285039,-0.763635,-0.336463,0.020348,0.034394,1,b
2.410000,33,SS,0,-1.620156e+00,2.075182e+00,-1.649286e+00,-1.398576e+00,8.261259e-01,4.316204e-01,planned,-2.811779e-01,8.069029e-01,-1.197139e+00,-0.073491,0.086837,-0.106669,,,,0.145128,-0.558825,-0.350886,0.152450,-0.562290,-0.350000,6.926210e-01,-3.396132e+00,4.934632e+00,0.284404,-0.757654,-0.337004,0.287177,-0.762611,-0.336323,0.024303,0.019374,1,b
2.510000,34,SS,0,-1.332038e+00,1.867065e+00,-1.813378e+00,-1.127407e+00,8.387939e-01,-9.027920e-02,planned,-2.519867e-01,6.632994e-01,-9.849625e-01,-0.073224,0.088136,-0.108479,,,,0.149002,-0.557648,-0.350476,0.152450,-0.562290,-0.350000,5.852783e-01,-3.162018e+00,4.563066e+00,0.287392,-0.756322,-0.336796,0.288559,-0.761949,-0.336232,0.028450,0.010171,1,b
2.610000,35,SS,0,-1.043582e+00,1.606698e+00,-1.854705e+00,-8.493862e-01,8.139832e-01,-5.100561e-01,planned,-2.268977e-01,5.350751e-01,-7.956960e-01,-0.072567,0.088845,-0.109549,,,,0.151758,-0.556843,-0.350194,0.152450,-0.562290,-0.350000,4.702177e-01,-2.699423e+00,3.868582e+00,0.289730,-0.755392,-0.336591,0.289300,-0.761594,-0.336184,0.032708,0.006469,1,b
2.710000,36,SS,0,-7.723372e-01,1.318385e+00,-1.786736e+00,-5.826088e-01,7.466859e-01,-7.948060e-01,planned,-2.066143e-01,4.331512e-01,-6.459716e-01,-0.071600,0.089069,-0.110012,,,,0.153611,-0.556361,-0.350040,0.152450,-0.562290,-0.350000,3.411267e-01,-1.989983e+00,2.824586e+00,0.291500,-0.754810,-0.336391,0.289572,-0.761463,-0.336166,0.037182,0.005967,1,b
2.810000,37,SS,0,-5.378288e-01,1.030958e+00,-1.628712e+00,-3.470202e-01,6.313523e-01,-9.093283e-01,planned,-1.923187e-01,3.691359e-01,-5.521829e-01,-0.070423,0.088961,-0.110059,,,,0.154868,-0.556125,-0.349995,0.152450,-0.562290,-0.350000,1.828014e-01,-1.042201e+00,1.548558e+00,0.292835,-0.754493,-0.336193,0.289603,-0.761449,-0.336164,0.042115,0.005914,1,b
2.910000,38,SS,0,-3.661580e-01,7.870412e-01,-1.391781e+00,-1.686611e-01,4.735491e-01,-8.058391e-01,planned,-1.794855e-01,3.349207e-01,-4.825120e-01,-0.069120,0.088683,-0.109842,,,,0.155828,-0.556052,-0.350024,0.152450,-0.562290,-0.350000,2.601528e-01,-6.985550e-01,1.383606e+00,0.293870,-0.754365,-0.336004,0.289603,-0.761449,-0.336164,0.042376,0.005703,1,b
3.010000,39,SS,0,-2.485271e-01,6.829348e-01,-9.460937e-01,-4.558252e-02,4.014322e-01,-4.081616e-01,planned,-1.643535e-01,3.034146e-01,-4.262589e-01,-0.067679,0.088282,-0.109413,,,,0.156571,-0.556117,-0.350088,0.152450,-0.562290,-0.350000,2.498419e-01,-6.548982e-01,1.128913e+00,0.294645,-0.754399,-0.335841,0.289603,-0.761449,-0.336164,0.038480,0.005428,1,b
3.110000,40,SS,0,-1.823210e-01,5.719579e-01,-7.092465e-01,3.961524e-03,3.269532e-01,-2.364323e-01,planned,-1.512550e-01,2.756317e-01,-3.771993e-01,-0.066122,0.087771,-0.108808,,,,0.157108,-0.556296,-0.350162,0.152450,-0.562290,-0.350000,1.952804e-01,-5.562825e-01,9.901026e-01,0.295185,-0.754564,-0.335711,0.289603,-0.761449,-0.336164,0.035441,0.005164,1,b
3.210000,41,SS,0,-1.452206e-01,4.698729e-01,-5.010096e-01,2.145799e-02,2.595350e-01,-9.182455e-02,planned,-1.398585e-01,2.514093e-01,-3.345284e-01,-0.064479,0.087166,-0.108052,,,,0.157468,-0.556563,-0.350240,0.152450,-0.562290,-0.350000,1.594253e-01,-4.805232e-01,8.413779e-01,0.295519,-0.754836,-0.335613,0.289603,-0.761449,-0.336164,0.033333,0.004939,1,b
3.320000,42,DS_interstep,0,3.381282e-01,7.718056e-01,-3.232273e-01,-3.076800e-02,3.378935e-01,2.004858e-01,realized,-1.414747e-01,2.475222e-01,-3.328741e-01,-0.064264,0.087118,-0.107954,-2.889544e-06,8.772390e-06,-1.338206e-06,0.157498,-0.556614,-0.350232,0.157498,-0.556614,-0.350232,-3.245043e-01,-7.748812e-01,3.275861e-01,0.295543,-0.754868,-0.335606,0.295543,-0.754868,-0.335606,0.032986,0.004634,0,b
3.330000,43,DS_interstep,0,3.361530e+00,2.730114e+00,-3.189041e+00,1.892212e+00,7.423250e-01,-6.901622e-01,realized,-1.563670e-01,2.339703e-01,-3.158057e-01,-0.063989,0.087068,-0.107816,,,,0.157523,-0.556710,-0.350226,0.157523,-0.556710,-0.350226,-2.979882e+00,-2.707997e+00,3.410478e+00,0.295559,-0.754919,-0.335606,0.295543,-0.754868,-0.335606,0.034216,0.003701,0,b
3.340000,44,DS_interstep,0,3.708834e-01,2.693979e+00,-5.493277e+00,1.819022e+00,5.567902e-01,-1.443936e+00,realized,-1.572450e-01,2.202628e-01,-2.907908e-01,-0.063692,0.087005,-0.107651,,,,0.157540,-0.556840,-0.350233,0.157540,-0.556840,-0.350233,-1.771486e-01,-2.739258e+00,5.000000e+00,0.295565,-0.755000,-0.335621,0.295543,-0.754868,-0.335606,0.036946,0.002797,0,b
3.350000,45,DS_interstep,0,-2.061503e+00,2.394163e+00,-7.134715e+00,1.365676e+00,2.072527e-01,-2.115387e+00,realized,-1.465902e-01,2.079678e-01,-2.657770e-01,-0.063393,0.086929,-0.107466,,,,0.157547,-0.556990,-0.350252,0.157547,-0.556990,-0.350252,2.129440e+00,-2.456877e+00,5.000000e+00,0.295560,-0.755112,-0.335645,0.295543,-0.754868,-0.335606,0.040390,0.002042,0,b
3.360000,46,DS_interstep,0,-3.252701e+00,2.185336e+00,-8.064588e+00,9.052696e-01,-9.643579e-02,-2.565099e+00,realized,-1.302776e-01,1.967243e-01,-2.407645e-01,-0.063100,0.086841,-0.107264,,,,0.157542,-0.557152,-0.350278,0.157542,-0.557152,-0.350278,3.261113e+00,-2.246685e+00,5.000000e+00,0.295542,-0.755251,-0.335675,0.295543,-0.754868,-0.335606,0.043850,0.001455,0,b
3.370000,47,DS_interstep,0,-3.936966e+00,1.814574e+00,-7.993358e+00,4.329092e-01,-3.079530e-01,-2.651482e+00,realized,-1.106327e-01,1.873791e-01,-2.157532e-01,-0.062813,0.086744,-0.107049,,,,0.157526,-0.557318,-0.350306,0.157526,-0.557318,-0.350306,3.927782e+00,-1.867138e+00,5.000000e+00,0.295509,-0.755411,-0.335705,0.295543,-0.754868,-0.335606,0.046917,0.001019,0,b
3.380000,48,DS_interstep,0,-3.749459e+00,1.846586e+00,-7.664639e+00,2.913889e-02,-3.109433e-01,-2.532621e+00,realized,-9.188831e-02,1.779418e-01,-1.907431e-01,-0.062531,0.086641,-0.106825,,,,0.157499,-0.557485,-0.350333,0.157499,-0.557485,-0.350333,3.747854e+00,-1.885643e+00,5.000000e+00,0.295462,-0.755585,-0.335733,0.295543,-0.754868,-0.335606,0.049663,0.000704,0,b
3.390000,49,DS_interstep,0,-3.194055e+00,1.779883e+00,-6.644250e+00,-2.513849e-01,-2.255690e-01,-2.129714e+00,realized,-7.584184e-02,1.689007e-01,-1.657342e-01,-0.062249,0.086535,-0.106598,,,,0.157463,-0.557649,-0.350357,0.157463,-0.557649,-0.350357,3.208456e+00,-1.806497e+00,5.000000e+00,0.295403,-0.755768,-0.335757,0.295543,-0.754868,-0.335606,0.052580,0.000480,0,b
3.400000,50,DS_interstep,0,-2.535105e+00,1.722276e+00,-5.542877e+00,-4.251310e-01,-1.072196e-01,-1.682304e+00,realized,-6.303879e-02,1.601766e-01,-1.407265e-01,-0.061967,0.086426,-0.106368,,,,0.157417,-0.557809,-0.350377,0.157417,-0.557809,-0.350377,2.559917e+00,-1.743177e+00,5.000000e+00,0.295332,-0.755954,-0.335777,0.295543,-0.754868,-0.335606,0.056158,0.000323,0,b
3.410000,51,DS_interstep,0,-2.045904e+00,1.617435e+00,-4.582108e+00,-5.427262e-01,-1.696928e-02,-1.304401e+00,realized,-5.266295e-02,1.519846e-01,-1.176887e-01,-0.061683,0.086315,-0.106137,,,,0.157363,-0.557965,-0.350393,0.157363,-0.557965,-0.350393,2.074592e+00,-1.636841e+00,4.606275e+00,0.295251,-0.756141,-0.335793,0.295543,-0.754868,-0.335606,0.060645,0.000215,0,b
3.420000,52,DS_interstep,0,-1.774389e+00,1.463650e+00,-3.739948e+00,-6.593340e-01,4.587487e-02,-9.811865e-01,realized,-4.363640e-02,1.445687e-01,-9.888161e-02,-0.061398,0.086202,-0.105907,,,,0.157302,-0.558115,-0.350404,0.157302,-0.558115,-0.350404,1.804832e+00,-1.481696e+00,3.760334e+00,0.295161,-0.756326,-0.335804,0.295543,-0.754868,-0.335606,0.066019,0.000141,0,b
3.430000,53,DS_interstep,0,-1.454874e+00,1.286273e+00,-2.809095e+00,-7.371152e-01,1.185334e-01,-6.266394e-01,realized,-3.619337e-02,1.380566e-01,-8.476318e-02,-0.061110,0.086087,-0.105679,,,,0.157235,-0.558259,-0.350412,0.157235,-0.558259,-0.350412,1.488212e+00,-1.301020e+00,2.822764e+00,0.295063,-0.756506,-0.335812,0.295543,-0.754868,-0.335606,0.072111,0.000091,0,b
3.440000,54,DS_interstep,0,-1.160338e+00,1.097010e+00,-1.877285e+00,-7.918506e-01,1.921061e-01,-2.700246e-01,realized,-3.021481e-02,1.325025e-01,-7.533328e-02,-0.060819,0.085972,-0.105453,,,,0.157163,-0.558396,-0.350415,0.157163,-0.558396,-0.350415,1.195384e+00,-1.109469e+00,1.885173e+00,0.294961,-0.756680,-0.335817,0.295543,-0.754868,-0.335606,0.078682,0.000057,0,b
3.450000,55,DS_interstep,0,-9.029323e-01,9.002619e-01,-9.932180e-01,-8.262217e-01,2.572515e-01,6.606866e-02,realized,-2.552289e-02,1.279411e-01,-7.034845e-02,-0.060527,0.085857,-0.105231,,,,0.157087,-0.558526,-0.350414,0.157087,-0.558526,-0.350414,9.381104e-01,-9.109604e-01,9.962313e-01,0.294855,-0.756847,-0.335817,0.295543,-0.754868,-0.335606,0.085474,0.000034,0,b
3.460000,56,DS_interstep,0,-6.795083e-01,7.006687e-01,-1.891671e-01,-8.405437e-01,3.076626e-01,3.652389e-01,realized,-2.195429e-02,1.243852e-01,-6.940372e-02,-0.060232,0.085741,-0.105014,,,,0.157008,-0.558649,-0.350409,0.157008,-0.558649,-0.350409,7.134844e-01,-7.099295e-01,1.882389e-01,0.294747,-0.757005,-0.335815,0.295543,-0.754868,-0.335606,0.092252,0.000020,0,b
3.470000,57,DS_interstep,0,-4.844271e-01,5.031312e-01,5.139407e-01,-8.353603e-01,3.400193e-01,6.168797e-01,realized,-1.937205e-02,1.218233e-01,-7.198952e-02,-0.059936,0.085626,-0.104801,,,,0.156928,-0.558765,-0.350400,0.156928,-0.558765,-0.350400,5.162444e-01,-5.111472e-01,-5.178765e-01,0.294639,-0.757154,-0.335810,0.295543,-0.754868,-0.335606,0.098826,0.000013,0,b
3.480000,58,DS_interstep,0,-3.206083e-01,3.136768e-01,1.091897e+00,-8.120570e-01,3.520644e-01,8.106769e-01,realized,-1.762087e-02,1.202142e-01,-7.747368e-02,-0.059639,0.085511,-0.104594,,,,0.156848,-0.558873,-0.350389,0.156848,-0.558873,-0.350389,3.500506e-01,-3.206119e-01,-1.097588e+00,0.294532,-0.757294,-0.335803,0.295543,-0.754868,-0.335606,0.105076,0.000012,0,b
3.490000,59,DS_interstep,0,-1.892578e-01,1.581766e-01,1.478289e+00,-7.719609e-01,3.439483e-01,9.211985e-01,realized,-1.653874e-02,1.193871e-01,-8.488820e-02,-0.059342,0.085397,-0.104391,,,,0.156767,-0.558975,-0.350374,0.156767,-0.558975,-0.350374,2.162560e-01,-1.642180e-01,-1.483722e+00,0.294426,-0.757424,-0.335793,0.295543,-0.754868,-0.335606,0.110956,0.000013,0,b
3.500000,60,DS_interstep,0,-9.048030e-02,4.823560e-02,1.670697e+00,-7.210206e-01,3.218129e-01,9.521554e-01,realized,-1.596102e-02,1.191125e-01,-9.325701e-02,-0.059046,0.085284,-0.104193,,,,0.156687,-0.559070,-0.350358,0.156687,-0.559070,-0.350358,1.153796e-01,-5.372291e-02,-1.674661e+00,0.294323,-0.757545,-0.335782,0.295543,-0.754868,-0.335606,0.116485,0.000016,0,b
3.510000,61,DS_interstep,0,-1.795195e-02,-4.927043e-02,1.773373e+00,-6.629521e-01,2.891609e-01,9.448921e-01,realized,-1.575488e-02,1.193279e-01,-1.021329e-01,-0.058749,0.085172,-0.103998,,,,0.156608,-0.559158,-0.350339,0.156608,-0.559158,-0.350339,4.106827e-02,4.426514e-02,-1.776152e+00,0.294223,-0.757658,-0.335769,0.295543,-0.754868,-0.335606,0.121718,0.000018,0,b
3.520000,62,DS_interstep,0,3.522171e-02,-1.519374e-01,1.844273e+00,-6.040424e-01,2.459852e-01,9.233989e-01,realized,-1.582480e-02,1.200591e-01,-1.113623e-01,-0.058454,0.085060,-0.103808,,,,0.156531,-0.559241,-0.350318,0.156531,-0.559241,-0.350318,-1.414331e-02,1.474545e-01,-1.846969e+00,0.294125,-0.757763,-0.335754,0.295543,-0.754868,-0.335606,0.126717,0.000020,0,b
3.530000,63,DS_interstep,0,1.254673e-01,-3.023980e-01,2.001146e+00,-5.264645e-01,1.924189e-01,9.198948e-01,realized,-1.636046e-02,1.215460e-01,-1.213766e-01,-0.058161,0.084949,-0.103622,,,,0.156455,-0.559318,-0.350296,0.156455,-0.559318,-0.350296,-1.072972e-01,2.985835e-01,-2.004027e+00,0.294031,-0.757860,-0.335737,0.295543,-0.754868,-0.335606,0.131530,0.000020,0,b
3.540000,64,DS_interstep,0,2.376666e-01,-4.415785e-01,2.163097e+00,-4.458119e-01,1.450856e-01,9.210441e-01,realized,-1.747303e-02,1.237325e-01,-1.322047e-01,-0.057871,0.084840,-0.103440,,,,0.156381,-0.559390,-0.350272,0.156381,-0.559390,-0.350272,-2.226883e-01,4.385197e-01,-2.166894e+00,0.293941,-0.757949,-0.335719,0.295543,-0.754868,-0.335606,0.136178,0.000020,0,b
3.550000,65,DS_interstep,0,3.420900e-01,-5.395133e-01,2.260118e+00,-3.780324e-01,1.054186e-01,9.085783e-01,realized,-1.912225e-02,1.264155e-01,-1.435255e-01,-0.057583,0.084733,-0.103262,,,,0.156310,-0.559456,-0.350247,0.156310,-0.559456,-0.350247,-3.300328e-01,5.378708e-01,-2.265539e+00,0.293854,-0.758032,-0.335699,0.295543,-0.754868,-0.335606,0.140678,0.000020,0,b
3.560000,66,DS_interstep,0,4.520903e-01,-6.265714e-01,2.319884e+00,-3.073823e-01,6.348806e-02,8.786207e-01,realized,-2.133565e-02,1.295415e-01,-1.551460e-01,-0.057299,0.084627,-0.103089,,,,0.156242,-0.559517,-0.350221,0.156242,-0.559517,-0.350221,-4.428893e-01,6.264811e-01,-2.325605e+00,0.293772,-0.758108,-0.335678,0.295543,-0.754868,-0.335606,0.145050,0.000018,0,b
3.570000,67,DS_interstep,0,5.502098e-01,-6.896848e-01,2.318683e+00,-2.392951e-01,2.319954e-02,8.274742e-01,realized,-2.405081e-02,1.329892e-01,-1.667584e-01,-0.057019,0.084523,-0.102920,,,,0.156177,-0.559572,-0.350194,0.156177,-0.559572,-0.350194,-5.432648e-01,6.908492e-01,-2.324108e+00,0.293694,-0.758177,-0.335656,0.295543,-0.754868,-0.335606,0.149306,0.000017,0,b
3.580000,68,DS_interstep,0,6.313272e-01,-7.332719e-01,2.267358e+00,-1.747602e-01,-1.490950e-02,7.599177e-01,realized,-2.718030e-02,1.366597e-01,-1.781103e-01,-0.056743,0.084422,-0.102755,,,,0.156115,-0.559624,-0.350167,0.156115,-0.559624,-0.350167,-6.261628e-01,7.354441e-01,-2.272094e+00,0.293620,-0.758240,-0.335633,0.295543,-0.754868,-0.335606,0.153454,0.000016,0,b
3.590000,69,DS_interstep,0,6.953815e-01,-7.614589e-01,2.180467e+00,-1.145166e-01,-5.001950e-02,6.823114e-01,realized,-3.063697e-02,1.404745e-01,-1.890226e-01,-0.056472,0.084323,-0.102593,,,,0.156058,-0.559671,-0.350139,0.156058,-0.559671,-0.350139,-6.916301e-01,7.643594e-01,-2.184317e+00,0.293551,-0.758298,-0.335608,0.295543,-0.754868,-0.335606,0.157494,0.000015,0,b
3.600000,70,DS_interstep,0,7.440196e-01,-7.767672e-01,2.070759e+00,-5.939377e-02,-8.109292e-02,6.006138e-01,realized,-3.434218e-02,1.443680e-01,-1.993812e-01,-0.056205,0.084227,-0.102435,,,,0.156004,-0.559714,-0.350111,0.156004,-0.559714,-0.350111,-7.413758e-01,7.801187e-01,-2.073657e+00,0.293485,-0.758351,-0.335583,0.295543,-0.754868,-0.335606,0.161420,0.000014,0,b
3.610000,71,DS_interstep,0,7.791566e-01,-7.807369e-01,1.948259e+00,-1.017066e-02,-1.072022e-01,5.197092e-01,realized,-3.822707e-02,1.482821e-01,-2.091221e-01,-0.055944,0.084132,-0.102280,,,,0.155953,-0.559753,-0.350083,0.155953,-0.559753,-0.350083,-7.773491e-01,7.842885e-01,-1.950222e+00,0.293424,-0.758399,-0.335557,0.295543,-0.754868,-0.335606,0.165218,0.000013,0,b
3.620000,72,DS_interstep,0,8.025222e-01,-7.745525e-01,1.820535e+00,3.257732e-02,-1.277334e-01,4.432634e-01,realized,-4.223154e-02,1.521650e-01,-2.182195e-01,-0.055686,0.084041,-0.102127,,,,0.155906,-0.559789,-0.350055,0.155906,-0.559789,-0.350055,-8.013036e-01,7.780915e-01,-1.821624e+00,0.293366,-0.758443,-0.335530,0.295543,-0.754868,-0.335606,0.168871,0.000012,0,b
3.630000,73,DS_interstep,0,8.156141e-01,-7.593972e-01,1.693170e+00,6.856026e-02,-1.424532e-01,3.738011e-01,realized,-4.630309e-02,1.559710e-01,-2.266757e-01,-0.055434,0.083951,-0.101977,,,,0.155863,-0.559821,-0.350028,0.155863,-0.559821,-0.350028,-8.147609e-01,7.627523e-01,-1.693471e+00,0.293312,-0.758483,-0.335502,0.295543,-0.754868,-0.335606,0.172362,0.000011,0,b
3.640000,74,DS_interstep,0,8.197800e-01,-7.365830e-01,1.570202e+00,9.778866e-02,-1.514872e-01,3.128663e-01,realized,-5.039611e-02,1.596612e-01,-2.345132e-01,-0.055186,0.083863,-0.101830,,,,0.155822,-0.559851,-0.350001,0.155822,-0.559851,-0.350001,-8.190952e-01,7.396237e-01,-1.569808e+00,0.293261,-0.758520,-0.335474,0.295543,-0.754868,-0.335606,0.175675,0.000011,0,b
3.650000,75,DS_interstep,0,8.163062e-01,-7.075432e-01,1.454441e+00,1.205449e-01,-1.552513e-01,2.611955e-01,realized,-5.447156e-02,1.632040e-01,-2.417685e-01,-0.054942,0.083778,-0.101685,,,,0.155785,-0.559878,-0.349974,0.155785,-0.559878,-0.349974,-8.156235e-01,7.101771e-01,-1.453449e+00,0.293213,-0.758554,-0.335445,0.295543,-0.754868,-0.335606,0.178797,0.000010,0,b
3.660000,76,DS_interstep,0,8.064695e-01,-6.737581e-01,1.347694e+00,1.373311e-01,-1.543674e-01,2.188789e-01,realized,-5.849698e-02,1.665754e-01,-2.484872e-01,-0.054703,0.083694,-0.101541,,,,0.155750,-0.559902,-0.349948,0.155750,-0.559902,-0.349948,-8.056555e-01,6.759265e-01,-1.346198e+00,0.293167,-0.758585,-0.335416,0.295543,-0.754868,-0.335606,0.181720,0.000009,0,b
3.670000,77,DS_interstep,0,7.915393e-01,-6.366638e-01,1.250930e+00,1.488060e-01,-1.495795e-01,1.855057e-01,realized,-6.244639e-02,1.697587e-01,-2.547197e-01,-0.054468,0.083611,-0.101400,,,,0.155718,-0.559924,-0.349922,0.155718,-0.559924,-0.349922,-7.904941e-01,6.383367e-01,-1.249017e+00,0.293125,-0.758613,-0.335386,0.295543,-0.754868,-0.335606,0.184442,0.000009,0,b
3.680000,78,DS_interstep,0,7.727429e-01,-5.975732e-01,1.164414e+00,1.557209e-01,-1.416810e-01,1.602968e-01,realized,-6.630012e-02,1.727438e-01,-2.605176e-01,-0.054237,0.083531,-0.101261,,,,0.155688,-0.559944,-0.349896,0.155688,-0.559944,-0.349896,-7.713975e-01,5.987434e-01,-1.162161e+00,0.293085,-0.758639,-0.335357,0.295543,-0.754868,-0.335606,0.186965,0.000008,0,b
3.690000,79,DS_interstep,0,7.512132e-01,-5.576239e-01,1.087847e+00,1.588600e-01,-1.314557e-01,1.422304e-01,realized,-7.004431e-02,1.755266e-01,-2.659310e-01,-0.054010,0.083451,-0.101123,,,,0.155660,-0.559962,-0.349871,0.155660,-0.559962,-0.349871,-7.495258e-01,5.583013e-01,-1.085318e+00,0.293047,-0.758663,-0.335327,0.295543,-0.754868,-0.335606,0.189293,0.000008,0,b
3.700000,80,DS_interstep,0,7.279405e-01,-5.177528e-01,1.020506e+00,1.589897e-01,-1.196349e-01,1.301565e-01,realized,-7.367014e-02,1.781075e-01,-2.710063e-01,-0.053787,0.083373,-0.100987,,,,0.155635,-0.559979,-0.349847,0.155635,-0.559979,-0.349847,-7.258915e-01,5.179585e-01,-1.017755e+00,0.293012,-0.758684,-0.335297,0.295543,-0.754868,-0.335606,0.191434,0.000008,0,b
3.710000,81,DS_interstep,0,7.037418e-01,-4.786921e-01,9.613931e-01,1.568204e-01,-1.068686e-01,1.228951e-01,realized,-7.717298e-02,1.804908e-01,-2.757850e-01,-0.053567,0.083296,-0.100853,,,,0.155611,-0.559993,-0.349823,0.155611,-0.559993,-0.349823,-7.013281e-01,4.784539e-01,-9.584583e-01,0.292978,-0.758704,-0.335267,0.295543,-0.754868,-0.335606,0.193401,0.000007,0,b
3.720000,82,DS_interstep,0,6.792522e-01,-4.409821e-01,9.093582e-01,1.529814e-01,-9.370963e-02,1.193141e-01,realized,-8.055142e-02,1.826834e-01,-2.803024e-01,-0.053351,0.083220,-0.100720,,,,0.155589,-0.560007,-0.349799,0.155589,-0.560007,-0.349799,-6.764821e-01,4.403309e-01,-9.062679e-01,0.292947,-0.758723,-0.335237,0.295543,-0.754868,-0.335606,0.195205,0.000007,0,b
3.730000,83,DS_interstep,0,6.549345e-01,-4.049922e-01,8.632114e-01,1.480074e-01,-8.060808e-02,1.183836e-01,realized,-8.380640e-02,1.846940e-01,-2.845882e-01,-0.053138,0.083145,-0.100588,,,,0.155569,-0.560018,-0.349776,0.155569,-0.560018,-0.349776,-6.518240e-01,4.039592e-01,-8.599831e-01,0.292917,-0.758739,-0.335208,0.295543,-0.754868,-0.335606,0.196858,0.000007,0,b
3.740000,84,DS_interstep,0,6.311027e-01,-3.709478e-01,8.218038e-01,1.423358e-01,-6.791386e-02,1.192084e-01,realized,-8.694047e-02,1.865325e-01,-2.886660e-01,-0.052928,0.083070,-0.100458,,,,0.155550,-0.560029,-0.349754,0.155550,-0.560029,-0.349754,-6.276716e-01,3.695631e-01,-8.184467e-01,0.292889,-0.758754,-0.335178,0.295543,-0.754868,-0.335606,0.198375,0.000006,0,b
3.750000,85,DS_interstep,0,6.079505e-01,-3.389579e-01,7.840856e-01,1.363109e-01,-5.588451e-02,1.210426e-01,realized,-8.995712e-02,1.882094e-01,-2.925545e-01,-0.052721,0.082997,-0.100330,,,,0.155533,-0.560038,-0.349732,0.155533,-0.560038,-0.349732,-6.042199e-01,3.372497e-01,-7.806023e-01,0.292863,-0.758768,-0.335150,0.295543,-0.754868,-0.335606,0.199766,0.000006,0,b
3.760000,86,DS_interstep,0,5.855797e-01,-3.090430e-01,7.491413e-01,1.301926e-01,-4.469627e-02,1.232899e-01,realized,-9.286037e-02,1.897351e-01,-2.962674e-01,-0.052517,0.082924,-0.100202,,,,0.155517,-0.560047,-0.349711,0.155517,-0.560047,-0.349711,-5.815706e-01,3.070374e-01,-7.455299e-01,0.292839,-0.758781,-0.335121,0.295543,-0.754868,-0.335606,0.201045,0.000006,0,b
3.770000,87,DS_interstep,0,5.640742e-01,-2.811579e-01,7.161693e-01,1.241846e-01,-3.446684e-02,1.254627e-01,realized,-9.565468e-02,1.911200e-01,-2.998146e-01,-0.052316,0.082851,-0.100076,,,,0.155503,-0.560054,-0.349690,0.155503,-0.560054,-0.349690,-5.598087e-01,2.788790e-01,-7.124244e-01,0.292816,-0.758792,-0.335093,0.295543,-0.754868,-0.335606,0.202222,0.000006,0,b
3.780000,88,DS_interstep,0,5.435903e-01,-2.552112e-01,6.844149e-01,1.184747e-01,-2.528710e-02,1.271116e-01,realized,-9.834528e-02,1.923738e-01,-3.032022e-01,-0.052118,0.082779,-0.099951,,,,0.155489,-0.560060,-0.349670,0.155489,-0.560060,-0.349670,-5.390950e-01,2.526826e-01,-6.805268e-01,0.292795,-0.758802,-0.335065,0.295543,-0.754868,-0.335606,0.203308,0.000005,0,b
3.790000,89,DS_interstep,0,5.241071e-01,-2.311526e-01,6.535020e-01,1.131583e-01,-1.718166e-02,1.280317e-01,realized,-1.009373e-01,1.935062e-01,-3.064342e-01,-0.051922,0.082708,-0.099828,,,,0.155477,-0.560066,-0.349650,0.155477,-0.560066,-0.349650,-5.194042e-01,2.283956e-01,-6.494620e-01,0.292775,-0.758811,-0.335038,0.295543,-0.754868,-0.335606,0.204310,0.000005,0,b
3.800000,90,DS_interstep,0,5.055711e-01,-2.089374e-01,6.233843e-01,1.082622e-01,-1.011227e-02,1.282226e-01,realized,-1.034356e-01,1.945263e-01,-3.095148e-01,-0.051729,0.082636,-0.099705,,,,0.155466,-0.560071,-0.349631,0.155466,-0.560071,-0.349631,-5.006803e-01,2.059723e-01,-6.191894e-01,0.292757,-0.758819,-0.335012,0.295543,-0.754868,-0.335606,0.205237,0.000005,0,b
3.810000,91,DS_interstep,0,4.878694e-01,-1.883740e-01,5.938788e-01,1.037505e-01,-3.986136e-03,1.276934e-01,realized,-1.058443e-01,1.954427e-01,-3.124469e-01,-0.051538,0.082566,-0.099583,,,,0.155455,-0.560074,-0.349613,0.155455,-0.560074,-0.349613,-4.828050e-01,1.852179e-01,-5.895272e-01,0.292740,-0.758826,-0.334986,0.295543,-0.754868,-0.335606,0.206095,0.000005,0,b
3.820000,92,DS_interstep,0,4.708947e-01,-1.692824e-01,5.648540e-01,9.957972e-02,1.294497e-03,1.264728e-01,realized,-1.081673e-01,1.962626e-01,-3.152329e-01,-0.051350,0.082495,-0.099462,,,,0.155446,-0.560078,-0.349595,0.155446,-0.560078,-0.349595,-4.656668e-01,1.659509e-01,-5.603447e-01,0.292724,-0.758833,-0.334961,0.295543,-0.754868,-0.335606,0.206890,0.000005,0,b
3.830000,93,DS_interstep,0,4.545629e-01,-1.515201e-01,5.362599e-01,9.571051e-02,5.822082e-03,1.246101e-01,realized,-1.104077e-01,1.969929e-01,-3.178750e-01,-0.051163,0.082425,-0.099343,,,,0.155438,-0.560080,-0.349577,0.155438,-0.560080,-0.349577,-4.491787e-01,1.480278e-01,-5.315930e-01,0.292709,-0.758838,-0.334936,0.295543,-0.754868,-0.335606,0.207626,0.000005,0,b
3.840000,94,DS_interstep,0,4.388110e-01,-1.349742e-01,5.081063e-01,9.210748e-02,9.683293e-03,1.221694e-01,realized,-1.125685e-01,1.976397e-01,-3.203755e-01,-0.050979,0.082355,-0.099224,,,,0.155430,-0.560082,-0.349561,0.155430,-0.560082,-0.349561,-4.332761e-01,1.313347e-01,-5.032829e-01,0.292696,-0.758843,-0.334912,0.295543,-0.754868,-0.335606,0.208309,0.000004,0,b
3.850000,95,DS_interstep,0,4.235922e-01,-1.195528e-01,4.804427e-01,8.873873e-02,1.295896e-02,1.192247e-01,realized,-1.146524e-01,1.982087e-01,-3.227367e-01,-0.050797,0.082285,-0.099106,,,,0.155423,-0.560084,-0.349544,0.155423,-0.560084,-0.349544,-4.179107e-01,1.157787e-01,-4.754648e-01,0.292683,-0.758847,-0.334889,0.295543,-0.754868,-0.335606,0.208941,0.000004,0,b
3.860000,96,DS_interstep,0,4.088711e-01,-1.051790e-01,4.533422e-01,8.557541e-02,1.572390e-02,1.158545e-01,realized,-1.166618e-01,1.987052e-01,-3.249616e-01,-0.050618,0.082215,-0.098988,,,,0.155417,-0.560085,-0.349528,0.155417,-0.560085,-0.349528,-4.030466e-01,1.012820e-01,-4.482128e-01,0.292672,-0.758850,-0.334866,0.295543,-0.754868,-0.335606,0.209526,0.000004,0,b
3.870000,97,DS_interstep,0,3.946210e-01,-9.178728e-02,4.268892e-01,8.259144e-02,1.804673e-02,1.121389e-01,realized,-1.185992e-01,1.991342e-01,-3.270533e-01,-0.050440,0.082146,-0.098871,,,,0.155411,-0.560086,-0.349513,0.155411,-0.560086,-0.349513,-3.886565e-01,8.777790e-02,-4.216121e-01,0.292661,-0.758853,-0.334844,0.295543,-0.754868,-0.335606,0.210066,0.000004,0,b
3.880000,98,DS_interstep,0,3.808210e-01,-7.931948e-02,4.011697e-01,7.976339e-02,1.998966e-02,1.081558e-01,realized,-1.204668e-01,1.995002e-01,-3.290157e-01,-0.050264,0.082076,-0.098755,,,,0.155406,-0.560086,-0.349499,0.155406,-0.560086,-0.349499,-3.747192e-01,7.520735e-02,-3.957494e-01,0.292652,-0.758855,-0.334823,0.295543,-0.754868,-0.335606,0.210564,0.000004,0,b
3.890000,99,DS_interstep,0,3.674538e-01,-6.772335e-02,3.762651e-01,7.707039e-02,2.160845e-02,1.039793e-01,realized,-1.222668e-01,1.998078e-01,-3.308527e-01,-0.050090,0.082007,-0.098640,,,,0.155402,-0.560086,-0.349484,0.155402,-0.560086,-0.349484,-3.612174e-01,6.351711e-02,-3.707066e-01,0.292643,-0.758857,-0.334803,0.295543,-0.754868,-0.335606,0.211023,0.000004,0,b
3.900000,100,DS_interstep,0,3.545043e-01,-5.695073e-02,3.522469e-01,7.449402e-02,2.295244e-02,9.967729e-02,realized,-1.240013e-01,2.000611e-01,-3.325689e-01,-0.049917,0.081938,-0.098525,,,,0.155398,-0.560085,-0.349471,0.155398,-0.560085,-0.349471,-3.481360e-01,5.265816e-02,-3.465558e-01,0.292635,-0.758858,-0.334783,0.295543,-0.754868,-0.335606,0.211444,0.000003,0,b
3.910000,101,DS_interstep,0,3.419587e-01,-4.695672e-02,3.291742e-01,7.201823e-02,2.406468e-02,9.531087e-02,realized,-1.256723e-01,2.002640e-01,-3.341690e-01,-0.049747,0.081869,-0.098411,,,,0.155395,-0.560084,-0.349458,0.155395,-0.560084,-0.349458,-3.354610e-01,4.258476e-02,-3.233562e-01,0.292628,-0.758859,-0.334763,0.295543,-0.754868,-0.335606,0.211830,0.000003,0,b
3.920000,102,DS_interstep,0,3.298035e-01,-3.769899e-02,3.070924e-01,6.962924e-02,2.498222e-02,9.093340e-02,realized,-1.272819e-01,2.004203e-01,-3.356580e-01,-0.049578,0.081799,-0.098297,,,,0.155392,-0.560083,-0.349445,0.155392,-0.560083,-0.349445,-3.231791e-01,3.325382e-02,-3.011534e-01,0.292621,-0.758859,-0.334745,0.295543,-0.754868,-0.335606,0.212183,0.000003,0,b
3.930000,103,DS_interstep,0,3.180250e-01,-2.913744e-02,2.860321e-01,6.731540e-02,2.573644e-02,8.659039e-02,realized,-1.288319e-01,2.005334e-01,-3.370411e-01,-0.049410,0.081730,-0.098184,,,,0.155390,-0.560082,-0.349433,0.155390,-0.560082,-0.349433,-3.112767e-01,2.462458e-02,-2.799782e-01,0.292615,-0.758859,-0.334727,0.295543,-0.754868,-0.335606,0.212505,0.000003,0,b
3.940000,104,DS_interstep,0,3.066096e-01,-2.123398e-02,2.660102e-01,6.506710e-02,2.635347e-02,8.231954e-02,realized,-1.303241e-01,2.006066e-01,-3.383234e-01,-0.049244,0.081661,-0.098071,,,,0.155387,-0.560080,-0.349422,0.155387,-0.560080,-0.349422,-2.997401e-01,1.665833e-02,-2.598474e-01,0.292610,-0.758859,-0.334710,0.295543,-0.754868,-0.335606,0.212797,0.000003,0,b
3.950000,105,DS_interstep,0,2.955431e-01,-1.395237e-02,2.470305e-01,6.287653e-02,2.685469e-02,7.815108e-02,realized,-1.317603e-01,2.006432e-01,-3.395103e-01,-0.049080,0.081592,-0.097959,,,,0.155386,-0.560079,-0.349410,0.155386,-0.560079,-0.349410,-2.885551e-01,9.318344e-03,-2.407645e-01,0.292605,-0.758858,-0.334693,0.295543,-0.754868,-0.335606,0.213061,0.000003,0,b
3.960000,106,DS_interstep,0,2.848112e-01,-7.258175e-03,2.290848e-01,6.073762e-02,2.725723e-02,7.410827e-02,realized,-1.331422e-01,2.006460e-01,-3.406069e-01,-0.048917,0.081523,-0.097847,,,,0.155384,-0.560077,-0.349400,0.155384,-0.560077,-0.349400,-2.777073e-01,2.569741e-03,-2.227214e-01,0.292601,-0.758857,-0.334677,0.295543,-0.754868,-0.335606,0.213300,0.000003,0,b
3.970000,107,DS_interstep,0,2.743995e-01,-1.118712e-03,2.121551e-01,5.864578e-02,2.757451e-02,7.020799e-02,realized,-1.344714e-01,2.006179e-01,-3.416183e-01,-0.048755,0.081453,-0.097735,,,,0.155383,-0.560075,-0.349390,0.155383,-0.560075,-0.349390,-2.671824e-01,-3.620538e-03,-2.056996e-01,0.292597,-0.758856,-0.334662,0.295543,-0.754868,-0.335606,0.213514,0.000003,0,b
3.980000,108,DS_interstep,0,2.642939e-01,4.497038e-03,1.962143e-01,5.659775e-02,2.781675e-02,6.646149e-02,realized,-1.357495e-01,2.005614e-01,-3.425496e-01,-0.048595,0.081384,-0.097624,,,,0.155382,-0.560072,-0.349380,0.155382,-0.560072,-0.349380,-2.569659e-01,-9.283811e-03,-1.896720e-01,0.292594,-0.758855,-0.334647,0.295543,-0.754868,-0.335606,0.213706,0.000002,0,b
3.990000,109,DS_interstep,0,2.544802e-01,9.618475e-03,1.812286e-01,5.459145e-02,2.799153e-02,6.287508e-02,realized,-1.369778e-01,2.004792e-01,-3.434055e-01,-0.048436,0.081315,-0.097513,,,,0.155382,-0.560070,-0.349371,0.155382,-0.560070,-0.349371,-2.470440e-01,-1.444972e-02,-1.746043e-01,0.292591,-0.758853,-0.334633,0.295543,-0.754868,-0.335606,0.213877,0.000002,0,b
4.000000,110,DS_interstep,0,2.449452e-01,1.427346e-02,1.671587e-01,5.262571e-02,2.810424e-02,5.945091e-02,realized,-1.381580e-01,2.003734e-01,-3.441906e-01,-0.048278,0.081245,-0.097402,,,,0.155381,-0.560067,-0.349362,0.155381,-0.560067,-0.349362,-2.374030e-01,-1.914633e-02,-1.604570e-01,0.292588,-0.758851,-0.334620,0.295543,-0.754868,-0.335606,0.214028,0.000002,0,b
4.010000,111,DS_interstep,0,2.356761e-01,1.848841e-02,1.539615e-01,5.070016e-02,2.815855e-02,5.618766e-02,realized,-1.392912e-01,2.002464e-01,-3.449093e-01,-0.048121,0.081176,-0.097291,,,,0.155381,-0.560065,-0.349353,0.155381,-0.560065,-0.349353,-2.280301e-01,-2.340019e-02,-1.471867e-01,0.292586,-0.758849,-0.334607,0.295543,-0.754868,-0.335606,0.214161,0.000002,0,b
4.020000,112,DS_interstep,0,2.266609e-01,2.228839e-02,1.415913e-01,4.881504e-02,2.815687e-02,5.308129e-02,realized,-1.403787e-01,2.001002e-01,-3.455657e-01,-0.047966,0.081106,-0.097181,,,,0.155381,-0.560062,-0.349345,0.155381,-0.560062,-0.349345,-2.189132e-01,-2.723651e-02,-1.347472e-01,0.292584,-0.758847,-0.334594,0.295543,-0.754868,-0.335606,0.214277,0.000002,0,b
4.030000,113,DS_interstep,0,2.178886e-01,2.569719e-02,1.300009e-01,4.697102e-02,2.810069e-02,5.012565e-02,realized,-1.414219e-01,1.999368e-01,-3.461639e-01,-0.047811,0.081037,-0.097071,,,,0.155381,-0.560059,-0.349338,0.155381,-0.560059,-0.349338,-2.100412e-01,-3.067916e-02,-1.230913e-01,0.292582,-0.758844,-0.334583,0.295543,-0.754868,-0.335606,0.214377,0.000002,0,b
4.040000,114,DS_interstep,0,2.093491e-01,2.873748e-02,1.191430e-01,4.516905e-02,2.799093e-02,4.731311e-02,realized,-1.424218e-01,1.997581e-01,-3.467074e-01,-0.047658,0.080967,-0.096961,,,,0.155381,-0.560056,-0.349331,0.155381,-0.560056,-0.349331,-2.014039e-01,-3.375087e-02,-1.121713e-01,0.292581,-0.758842,-0.334571,0.295543,-0.754868,-0.335606,0.214464,0.000002,0,b
4.050000,115,DS_interstep,0,2.010333e-01,3.143084e-02,1.089709e-01,4.341028e-02,2.782822e-02,4.463507e-02,realized,-1.433796e-01,1.995657e-01,-3.471998e-01,-0.047506,0.080897,-0.096851,,,,0.155382,-0.560053,-0.349324,0.155382,-0.560053,-0.349324,-1.929920e-01,-3.647329e-02,-1.019403e-01,0.292579,-0.758839,-0.334561,0.295543,-0.754868,-0.335606,0.214537,0.000002,0,b
4.060000,116,DS_interstep,0,1.929330e-01,3.379788e-02,9.943933e-02,4.169585e-02,2.761311e-02,4.208245e-02,realized,-1.442964e-01,1.993614e-01,-3.476442e-01,-0.047354,0.080828,-0.096742,,,,0.155382,-0.560050,-0.349317,0.155382,-0.560050,-0.349317,-1.847975e-01,-3.886707e-02,-9.235265e-02,0.292578,-0.758837,-0.334550,0.295543,-0.754868,-0.335606,0.214597,0.000002,0,b
4.070000,117,DS_interstep,0,1.850411e-01,3.585830e-02,9.050490e-02,4.002687e-02,2.734630e-02,3.964607e-02,realized,-1.451732e-01,1.991467e-01,-3.480436e-01,-0.047204,0.080758,-0.096633,,,,0.155382,-0.560047,-0.349311,0.155382,-0.560047,-0.349311,-1.768129e-01,-4.095195e-02,-8.336489e-02,0.292578,-0.758834,-0.334541,0.295543,-0.754868,-0.335606,0.214646,0.000002,0,b
4.080000,118,DS_interstep,0,1.773512e-01,3.763097e-02,8.212676e-02,3.840433e-02,2.702874e-02,3.731700e-02,realized,-1.460111e-01,1.989230e-01,-3.484009e-01,-0.047054,0.080688,-0.096523,,,,0.155383,-0.560044,-0.349305,0.155383,-0.560044,-0.349305,-1.690318e-01,-4.274686e-02,-7.493594e-02,0.292577,-0.758831,-0.334532,0.295543,-0.754868,-0.335606,0.214685,0.000002,0,b
4.090000,119,DS_interstep,0,1.698578e-01,3.913397e-02,7.426683e-02,3.682899e-02,2.666174e-02,3.508682e-02,realized,-1.468110e-01,1.986917e-01,-3.487186e-01,-0.046905,0.080617,-0.096414,,,,0.155384,-0.560041,-0.349300,0.155384,-0.560041,-0.349300,-1.614487e-01,-4.426991e-02,-6.702756e-02,0.292577,-0.758828,-0.334523,0.295543,-0.754868,-0.335606,0.214715,0.000002,0,b
4.100000,120,DS_interstep,0,1.625562e-01,4.038463e-02,6.689000e-02,3.530140e-02,2.624704e-02,3.294781e-02,realized,-1.475739e-01,1.984541e-01,-3.489992e-01,-0.046757,0.080547,-0.096305,,,,0.155384,-0.560038,-0.349294,0.155384,-0.560038,-0.349294,-1.540588e-01,-4.553850e-02,-5.960451e-02,0.292576,-0.758825,-0.334515,0.295543,-0.754868,-0.335606,0.214735,0.000001,0,b
4.110000,121,DS_interstep,0,1.554420e-01,4.139960e-02,5.996430e-02,3.382182e-02,2.578680e-02,3.089310e-02,realized,-1.483008e-01,1.982113e-01,-3.492449e-01,-0.046610,0.080477,-0.096196,,,,0.155385,-0.560035,-0.349290,0.155385,-0.560035,-0.349290,-1.468578e-01,-4.656932e-02,-5.263469e-02,0.292576,-0.758822,-0.334507,0.295543,-0.754868,-0.335606,0.214748,0.000001,0,b
4.120000,122,DS_interstep,0,1.485118e-01,4.219483e-02,5.346082e-02,3.239025e-02,2.528365e-02,2.891678e-02,realized,-1.489926e-01,1.979645e-01,-3.494579e-01,-0.046464,0.080406,-0.096088,,,,0.155386,-0.560031,-0.349285,0.155386,-0.560031,-0.349285,-1.398420e-01,-4.737839e-02,-4.608910e-02,0.292576,-0.758819,-0.334500,0.295543,-0.754868,-0.335606,0.214753,0.000001,0,b
4.130000,123,DS_interstep,0,1.417623e-01,4.278560e-02,4.735371e-02,3.100638e-02,2.474062e-02,2.701389e-02,realized,-1.496502e-01,1.977147e-01,-3.496401e-01,-0.046318,0.080336,-0.095979,,,,0.155387,-0.560028,-0.349281,0.155387,-0.560028,-0.349281,-1.330082e-01,-4.798107e-02,-3.994179e-02,0.292576,-0.758815,-0.334493,0.295543,-0.754868,-0.335606,0.214752,0.000001,0,b
4.140000,124,DS_interstep,0,1.351907e-01,4.318658e-02,4.161997e-02,2.966965e-02,2.416112e-02,2.518047e-02,realized,-1.502744e-01,1.974629e-01,-3.497934e-01,-0.046173,0.080265,-0.095870,,,,0.155388,-0.560025,-0.349277,0.155388,-0.560025,-0.349277,-1.263537e-01,-4.839211e-02,-3.416972e-02,0.292576,-0.758812,-0.334486,0.295543,-0.754868,-0.335606,0.214744,0.000001,0,b
4.150000,125,DS_interstep,0,1.287947e-01,4.341179e-02,3.623932e-02,2.837925e-02,2.354886e-02,2.341345e-02,realized,-1.508663e-01,1.972099e-01,-3.499197e-01,-0.046028,0.080194,-0.095762,,,,0.155388,-0.560022,-0.349273,0.155388,-0.560022,-0.349273,-1.198760e-01,-4.862561e-02,-2.875254e-02,0.292577,-0.758809,-0.334480,0.295543,-0.754868,-0.335606,0.214730,0.000001,0,b
4.160000,126,DS_interstep,0,1.225720e-01,4.347464e-02,3.119390e-02,2.713413e-02,2.290778e-02,2.171065e-02,realized,-1.514266e-01,1.969566e-01,-3.500206e-01,-0.045885,0.080124,-0.095653,,,,0.155389,-0.560018,-0.349269,0.155389,-0.560018,-0.349269,-1.135729e-01,-4.869506e-02,-2.367236e-02,0.292577,-0.758805,-0.334474,0.295543,-0.754868,-0.335606,0.214712,0.000001,0,b
4.170000,127,DS_interstep,0,1.165206e-01,4.338790e-02,2.646804e-02,2.593307e-02,2.224201e-02,2.007067e-02,realized,-1.519562e-01,1.967037e-01,-3.500976e-01,-0.045741,0.080053,-0.095545,,,,0.155390,-0.560015,-0.349266,0.155390,-0.560015,-0.349266,-1.074423e-01,-4.861337e-02,-1.891347e-02,0.292577,-0.758802,-0.334469,0.295543,-0.754868,-0.335606,0.214689,0.000001,0,b
4.180000,128,DS_interstep,0,1.106385e-01,4.316378e-02,2.204796e-02,2.477468e-02,2.155575e-02,1.849274e-02,realized,-1.524560e-01,1.964519e-01,-3.501524e-01,-0.045599,0.079982,-0.095437,,,,0.155391,-0.560012,-0.349263,0.155391,-0.560012,-0.349263,-1.014824e-01,-4.839282e-02,-1.446208e-02,0.292578,-0.758799,-0.334464,0.295543,-0.754868,-0.335606,0.214662,0.000001,0,b
4.190000,129,DS_interstep,0,1.049241e-01,4.281387e-02,1.792151e-02,2.365744e-02,2.085321e-02,1.697666e-02,realized,-1.529268e-01,1.962018e-01,-3.501865e-01,-0.045457,0.079910,-0.095328,,,,0.155392,-0.560009,-0.349260,0.155392,-0.560009,-0.349260,-9.569135e-02,-4.804511e-02,-1.030599e-02,0.292578,-0.758795,-0.334459,0.295543,-0.754868,-0.335606,0.214631,0.000001,0,b
4.200000,130,DS_interstep,0,9.937551e-02,4.234919e-02,1.407784e-02,2.257978e-02,2.013855e-02,1.552263e-02,realized,-1.533695e-01,1.959541e-01,-3.502011e-01,-0.045315,0.079839,-0.095220,,,,0.155393,-0.560006,-0.349258,0.155393,-0.560006,-0.349258,-9.006749e-02,-4.758136e-02,-6.434347e-03,0.292579,-0.758792,-0.334455,0.295543,-0.754868,-0.335606,0.214597,0.000001,0,b
4.210000,131,DS_interstep,0,9.399114e-02,4.178019e-02,1.050716e-02,2.154004e-02,1.941580e-02,1.413116e-02,realized,-1.537849e-01,1.957093e-01,-3.501978e-01,-0.045174,0.079768,-0.095112,,,,0.155393,-0.560003,-0.349255,0.155393,-0.560003,-0.349255,-8.460915e-02,-4.701214e-02,-2.837334e-03,0.292579,-0.758789,-0.334451,0.295543,-0.754868,-0.335606,0.214560,0.000001,0,b
4.220000,132,DS_interstep,0,8.876931e-02,4.111677e-02,7.200445e-03,2.053659e-02,1.868882e-02,1.280293e-02,realized,-1.541737e-01,1.954678e-01,-3.501778e-01,-0.045033,0.079696,-0.095003,,,,0.155394,-0.560000,-0.349253,0.155394,-0.560000,-0.349253,-7.931467e-02,-4.634743e-02,4.940765e-04,0.292580,-0.758786,-0.334447,0.295543,-0.754868,-0.335606,0.214521,0.000001,0,b
4.230000,133,DS_interstep,0,8.370834e-02,4.036829e-02,4.149254e-03,1.956778e-02,1.796123e-02,1.153870e-02,realized,-1.545369e-01,1.952300e-01,-3.501425e-01,-0.044893,0.079625,-0.094895,,,,0.155395,-0.559997,-0.349251,0.155395,-0.559997,-0.349251,-7.418242e-02,-4.559670e-02,3.568360e-03,0.292580,-0.758782,-0.334444,0.295543,-0.754868,-0.335606,0.214480,0.000001,0,b
4.240000,134,DS_interstep,0,7.880654e-02,3.954357e-02,1.345476e-03,1.863204e-02,1.723637e-02,1.033919e-02,realized,-1.548752e-01,1.949964e-01,-3.500930e-01,-0.044753,0.079553,-0.094787,,,,0.155395,-0.559994,-0.349249,0.155395,-0.559994,-0.349249,-6.921074e-02,-4.476888e-02,6.393648e-03,0.292581,-0.758779,-0.334441,0.295543,-0.754868,-0.335606,0.214437,0.000001,0,b
4.250000,135,DS_interstep,0,7.406221e-02,3.865096e-02,-1.218829e-03,1.772784e-02,1.651731e-02,9.204999e-03,realized,-1.551895e-01,1.947673e-01,-3.500306e-01,-0.044614,0.079482,-0.094679,,,,0.155396,-0.559991,-0.349248,0.155396,-0.559991,-0.349248,-6.439794e-02,-4.387239e-02,8.977910e-03,0.292581,-0.758776,-0.334438,0.295543,-0.754868,-0.335606,0.214392,0.000001,0,b
4.260000,136,DS_interstep,0,6.947360e-02,3.769830e-02,-3.551587e-03,1.685375e-02,1.580678e-02,8.136538e-03,realized,-1.554804e-01,1.945430e-01,-3.499565e-01,-0.044475,0.079410,-0.094570,,,,0.155397,-0.559988,-0.349246,0.155397,-0.559988,-0.349246,-5.974230e-02,-4.291515e-02,1.132910e-02,0.292582,-0.758773,-0.334435,0.295543,-0.754868,-0.335606,0.214347,0.000001,0,b
4.270000,137,DS_interstep,0,6.503891e-02,3.669297e-02,-5.660823e-03,1.600843e-02,1.510718e-02,7.133962e-03,realized,-1.557488e-01,1.943238e-01,-3.498717e-01,-0.044336,0.079338,-0.094462,,,,0.155397,-0.559985,-0.349245,0.155397,-0.559985,-0.349245,-5.524206e-02,-4.190464e-02,1.345528e-02,0.292582,-0.758770,-0.334433,0.295543,-0.754868,-0.335606,0.214301,0.000001,0,b
4.280000,138,DS_interstep,0,6.075632e-02,3.564191e-02,-7.554753e-03,1.519067e-02,1.442059e-02,6.197133e-03,realized,-1.559955e-01,1.941098e-01,-3.497774e-01,-0.044197,0.079266,-0.094354,,,,0.155398,-0.559982,-0.349244,0.155398,-0.559982,-0.349244,-5.089542e-02,-4.084788e-02,1.536471e-02,0.292583,-0.758766,-0.334431,0.295543,-0.754868,-0.335606,0.214254,0.000001,0,b
4.290000,139,DS_interstep,0,5.662393e-02,3.455164e-02,-9.241843e-03,1.439935e-02,1.374875e-02,5.325581e-03,realized,-1.562212e-01,1.939013e-01,-3.496746e-01,-0.044059,0.079194,-0.094246,,,,0.155398,-0.559979,-0.349243,0.155398,-0.559979,-0.349243,-4.670052e-02,-3.975144e-02,1.706590e-02,0.292583,-0.758763,-0.334429,0.295543,-0.754868,-0.335606,0.214208,0.000001,0,b
4.300000,140,DS_interstep,0,5.263983e-02,3.342829e-02,-1.073084e-02,1.363349e-02,1.309308e-02,4.518497e-03,realized,-1.564267e-01,1.936986e-01,-3.495642e-01,-0.043921,0.079122,-0.094137,,,,0.155399,-0.559977,-0.349242,0.155399,-0.559977,-0.349242,-4.265545e-02,-3.862151e-02,1.856764e-02,0.292584,-0.758760,-0.334427,0.295543,-0.754868,-0.335606,0.214161,0.000001,0,b
4.310000,141,DS_interstep,0,4.880200e-02,3.227757e-02,-1.203079e-02,1.289222e-02,1.245471e-02,3.774724e-03,realized,-1.566126e-01,1.935016e-01,-3.494474e-01,-0.043784,0.079050,-0.094029,,,,0.155399,-0.559974,-0.349241,0.155399,-0.559974,-0.349241,-3.875824e-02,-3.746388e-02,1.987904e-02,0.292584,-0.758757,-0.334425,0.295543,-0.754868,-0.335606,0.214115,0.000001,0,b
4.320000,142,DS_interstep,0,4.510841e-02,3.110487e-02,-1.315103e-02,1.217477e-02,1.183449e-02,3.092766e-03,realized,-1.567798e-01,1.933105e-01,-3.493249e-01,-0.043647,0.078978,-0.093921,,,,0.155400,-0.559971,-0.349240,0.155400,-0.559971,-0.349240,-3.500688e-02,-3.628397e-02,2.100947e-02,0.292584,-0.758755,-0.334424,0.295543,-0.754868,-0.335606,0.214069,0.000001,0,b
4.330000,143,DS_interstep,0,4.155696e-02,2.991522e-02,-1.410111e-02,1.148049e-02,1.123301e-02,2.470806e-03,realized,-1.569290e-01,1.931254e-01,-3.491976e-01,-0.043510,0.078906,-0.093813,,,,0.155400,-0.559969,-0.349240,0.155400,-0.559969,-0.349240,-3.139927e-02,-3.508687e-02,2.196858e-02,0.292585,-0.758752,-0.334423,0.295543,-0.754868,-0.335606,0.214024,0.000001,0,b
4.340000,144,DS_interstep,0,3.814547e-02,2.871332e-02,-1.489085e-02,1.080882e-02,1.065064e-02,1.906732e-03,realized,-1.570608e-01,1.929463e-01,-3.490663e-01,-0.043373,0.078834,-0.093704,,,,0.155400,-0.559966,-0.349239,0.155400,-0.559966,-0.349239,-2.793327e-02,-3.387733e-02,2.276621e-02,0.292585,-0.758749,-0.334422,0.295543,-0.754868,-0.335606,0.213979,0.000001,0,b
4.350000,145,DS_interstep,0,3.487173e-02,2.750358e-02,-1.553018e-02,1.015929e-02,1.008752e-02,1.398169e-03,realized,-1.571760e-01,1.927734e-01,-3.489318e-01,-0.043236,0.078761,-0.093596,,,,0.155401,-0.559964,-0.349239,0.155401,-0.559964,-0.349239,-2.460667e-02,-3.265977e-02,2.341238e-02,0.292586,-0.758746,-0.334421,0.295543,-0.754868,-0.335606,0.213936,0.000001,0,b
4.360000,146,DS_interstep,0,3.173344e-02,2.629010e-02,-1.602915e-02,9.531494e-03,9.543669e-03,9.425190e-04,realized,-1.572752e-01,1.926066e-01,-3.487947e-01,-0.043099,0.078689,-0.093488,,,,0.155401,-0.559962,-0.349239,0.155401,-0.559962,-0.349239,-2.141720e-02,-3.143836e-02,2.391719e-02,0.292586,-0.758743,-0.334420,0.295543,-0.754868,-0.335606,0.213894,0.000001,0,b
4.370000,147,DS_interstep,0,2.872828e-02,2.507672e-02,-1.639781e-02,8.925104e-03,9.018922e-03,5.369979e-04,realized,-1.573591e-01,1.924459e-01,-3.486558e-01,-0.042963,0.078617,-0.093379,,,,0.155401,-0.559959,-0.349238,0.155401,-0.559959,-0.349238,-1.836252e-02,-3.021695e-02,2.429077e-02,0.292586,-0.758741,-0.334420,0.295543,-0.754868,-0.335606,0.213853,0.000001,0,b
4.380000,148,DS_interstep,0,2.585383e-02,2.386701e-02,-1.664618e-02,8.339831e-03,8.513017e-03,1.786810e-04,realized,-1.574285e-01,1.922912e-01,-3.485157e-01,-0.042827,0.078544,-0.093271,,,,0.155401,-0.559957,-0.349238,0.155401,-0.559957,-0.349238,-1.544023e-02,-2.899913e-02,2.454320e-02,0.292586,-0.758738,-0.334419,0.295543,-0.754868,-0.335606,0.213814,0.000001,0,b
4.390000,149,DS_interstep,0,2.310763e-02,2.266429e-02,-1.678417e-02,7.775425e-03,8.025595e-03,-1.354548e-04,realized,-1.574838e-01,1.921427e-01,-3.483748e-01,-0.042691,0.078472,-0.093162,,,,0.155401,-0.559955,-0.349238,0.155401,-0.559955,-0.349238,-1.264788e-02,-2.778826e-02,2.468445e-02,0.292587,-0.758736,-0.334419,0.295543,-0.754868,-0.335606,0.213776,0.000001,0,b
4.400000,150,DS_interstep,0,2.048716e-02,2.147165e-02,-1.682151e-02,7.231665e-03,7.556233e-03,-4.084890e-04,realized,-1.575259e-01,1.920001e-01,-3.482338e-01,-0.042555,0.078399,-0.093054,,,,0.155401,-0.559953,-0.349238,0.155401,-0.559953,-0.349238,-9.982941e-03,-2.658744e-02,2.472431e-02,0.292587,-0.758733,-0.334419,0.295543,-0.754868,-0.335606,0.213739,0.000000,0,b
4.410000,151,DS_interstep,0,1.798985e-02,2.029193e-02,-1.676766e-02,6.708343e-03,7.104462e-03,-6.435166e-04,realized,-1.575552e-01,1.918636e-01,-3.480930e-01,-0.042419,0.078327,-0.092946,,,,0.155402,-0.559951,-0.349238,0.155402,-0.559951,-0.349238,-7.442834e-03,-2.539955e-02,2.467231e-02,0.292587,-0.758731,-0.334419,0.295543,-0.754868,-0.335606,0.213705,0.000000,0,b
4.420000,152,DS_interstep,0,1.561306e-02,1.912777e-02,-1.663181e-02,6.205258e-03,6.669785e-03,-8.436113e-04,realized,-1.575725e-01,1.917328e-01,-3.479529e-01,-0.042284,0.078254,-0.092837,,,,0.155402,-0.559949,-0.349239,0.155402,-0.559949,-0.349239,-5.024924e-03,-2.422724e-02,2.453770e-02,0.292587,-0.758729,-0.334419,0.295543,-0.754868,-0.335606,0.213671,0.000000,0,b
4.430000,153,DS_interstep,0,1.335412e-02,1.798160e-02,-1.642277e-02,5.722205e-03,6.251695e-03,-1.011791e-03,realized,-1.575782e-01,1.916079e-01,-3.478139e-01,-0.042148,0.078182,-0.092729,,,,0.155402,-0.559947,-0.349239,0.155402,-0.559947,-0.349239,-2.726519e-03,-2.307295e-02,2.432935e-02,0.292587,-0.758727,-0.334419,0.295543,-0.754868,-0.335606,0.213640,0.000000,0,b
4.440000,154,DS_interstep,0,1.121031e-02,1.685565e-02,-1.614898e-02,5.258970e-03,5.849686e-03,-1.150986e-03,realized,-1.575730e-01,1.914886e-01,-3.476762e-01,-0.042013,0.078109,-0.092620,,,,0.155402,-0.559945,-0.349239,0.155402,-0.559945,-0.349239,-5.448785e-04,-2.193892e-02,2.405574e-02,0.292587,-0.758725,-0.334419,0.295543,-0.754868,-0.335606,0.213610,0.000000,0,b
4.450000,155,DS_interstep,0,9.178836e-03,1.575194e-02,-1.581843e-02,4.815321e-03,5.463265e-03,-1.264018e-03,realized,-1.575576e-01,1.913749e-01,-3.475402e-01,-0.041877,0.078037,-0.092512,,,,0.155402,-0.559943,-0.349239,0.155402,-0.559943,-0.349239,1.522787e-03,-2.082720e-02,2.372491e-02,0.292587,-0.758722,-0.334419,0.295543,-0.754868,-0.335606,0.213581,0.000000,0,b
4.460000,156,DS_interstep,0,7.256900e-03,1.467231e-02,-1.543865e-02,4.391003e-03,5.091959e-03,-1.353572e-03,realized,-1.575323e-01,1.912666e-01,-3.474061e-01,-0.041742,0.077964,-0.092403,,,,0.155402,-0.559942,-0.349240,0.155402,-0.559942,-0.349240,3.479310e-03,-1.973965e-02,2.334447e-02,0.292587,-0.758720,-0.334420,0.295543,-0.754868,-0.335606,0.213555,0.000000,0,b
4.470000,157,DS_interstep,0,5.441649e-03,1.361843e-02,-1.501671e-02,3.985737e-03,4.735321e-03,-1.422186e-03,realized,-1.574978e-01,1.911637e-01,-3.472742e-01,-0.041607,0.077891,-0.092295,,,,0.155401,-0.559940,-0.349240,0.155401,-0.559940,-0.349240,5.327559e-03,-1.867795e-02,2.292151e-02,0.292587,-0.758718,-0.334420,0.295543,-0.754868,-0.335606,0.213530,0.000000,0,b
4.480000,158,DS_interstep,0,3.730201e-03,1.259179e-02,-1.455919e-02,3.599216e-03,4.392934e-03,-1.472233e-03,realized,-1.574545e-01,1.910659e-01,-3.471445e-01,-0.041471,0.077819,-0.092186,,,,0.155401,-0.559938,-0.349241,0.155401,-0.559938,-0.349241,7.070438e-03,-1.764358e-02,2.246264e-02,0.292587,-0.758717,-0.334421,0.295543,-0.754868,-0.335606,0.213506,0.000000,0,b
4.490000,159,DS_interstep,0,2.119650e-03,1.159370e-02,-1.407215e-02,3.231103e-03,4.064412e-03,-1.505918e-03,realized,-1.574031e-01,1.909732e-01,-3.470173e-01,-0.041336,0.077746,-0.092078,,,,0.155401,-0.559937,-0.349241,0.155401,-0.559937,-0.349241,8.710882e-03,-1.663790e-02,2.197399e-02,0.292587,-0.758715,-0.334421,0.295543,-0.754868,-0.335606,0.213484,0.000000,0,b
4.500000,160,DS_interstep,0,6.070641e-04,1.062532e-02,-1.356119e-02,2.881033e-03,3.749399e-03,-1.525269e-03,realized,-1.573440e-01,1.908853e-01,-3.468926e-01,-0.041201,0.077673,-0.091969,,,,0.155401,-0.559935,-0.349242,0.155401,-0.559935,-0.349242,1.025185e-02,-1.566205e-02,2.146118e-02,0.292587,-0.758713,-0.334422,0.295543,-0.754868,-0.335606,0.213464,0.000000,0,b
4.510000,161,DS_interstep,0,-8.105016e-04,9.687649e-03,-1.303143e-02,2.548611e-03,3.447569e-03,-1.532139e-03,realized,-1.572776e-01,1.908022e-01,-3.467706e-01,-0.041066,0.077601,-0.091860,,,,0.155401,-0.559934,-0.349242,0.155401,-0.559934,-0.349242,1.169631e-02,-1.471706e-02,2.092937e-02,0.292587,-0.758711,-0.334422,0.295543,-0.754868,-0.335606,0.213445,0.000000,0,b
4.520000,162,DS_interstep,0,-2.136006e-03,8.781532e-03,-1.248752e-02,2.233417e-03,3.158622e-03,-1.528210e-03,realized,-1.572045e-01,1.907236e-01,-3.466514e-01,-0.040931,0.077528,-0.091752,,,,0.155401,-0.559932,-0.349243,0.155401,-0.559932,-0.349243,1.304725e-02,-1.380377e-02,2.038324e-02,0.292587,-0.758710,-0.334423,0.295543,-0.754868,-0.335606,0.213428,0.000000,0,b
4.530000,163,DS_interstep,0,-3.372413e-03,7.907675e-03,-1.193365e-02,1.935004e-03,2.882281e-03,-1.514994e-03,realized,-1.571251e-01,1.906495e-01,-3.465349e-01,-0.040796,0.077455,-0.091643,,,,0.155401,-0.559931,-0.349244,0.155401,-0.559931,-0.349244,1.430767e-02,-1.292291e-02,1.982700e-02,0.292587,-0.758708,-0.334424,0.295543,-0.754868,-0.335606,0.213412,0.000000,0,b
4.540000,164,DS_interstep,0,-4.522688e-03,7.066638e-03,-1.137361e-02,1.652903e-03,2.618293e-03,-1.493843e-03,realized,-1.570399e-01,1.905796e-01,-3.464213e-01,-0.040661,0.077382,-0.091535,,,,0.155400,-0.559930,-0.349244,0.155400,-0.559930,-0.349244,1.548057e-02,-1.207505e-02,1.926446e-02,0.292586,-0.758707,-0.334424,0.295543,-0.754868,-0.335606,0.213397,0.000000,0,b
4.550000,165,DS_interstep,0,-5.589792e-03,6.258853e-03,-1.081076e-02,1.386627e-03,2.366414e-03,-1.465959e-03,realized,-1.569492e-01,1.905137e-01,-3.463105e-01,-0.040526,0.077310,-0.091426,,,,0.155400,-0.559928,-0.349245,0.155400,-0.559928,-0.349245,1.656894e-02,-1.126062e-02,1.869903e-02,0.292586,-0.758705,-0.334425,0.295543,-0.754868,-0.335606,0.213384,0.000000,0,b
4.560000,166,DS_interstep,0,-6.576677e-03,5.484621e-03,-1.024812e-02,1.135673e-03,2.126418e-03,-1.432401e-03,realized,-1.568535e-01,1.904518e-01,-3.462025e-01,-0.040391,0.077237,-0.091318,,,,0.155400,-0.559927,-0.349245,0.155400,-0.559927,-0.349245,1.757577e-02,-1.047994e-02,1.813372e-02,0.292586,-0.758704,-0.334426,0.295543,-0.754868,-0.335606,0.213372,0.000000,0,b
4.570000,167,DS_interstep,0,-7.486280e-03,4.744124e-03,-9.688328e-03,8.995271e-04,1.898082e-03,-1.394102e-03,realized,-1.567531e-01,1.903936e-01,-3.460973e-01,-0.040256,0.077164,-0.091209,,,,0.155400,-0.559926,-0.349246,0.155400,-0.559926,-0.349246,1.850403e-02,-9.733199e-03,1.757121e-02,0.292586,-0.758703,-0.334427,0.295543,-0.754868,-0.335606,0.213361,0.000000,0,b
4.580000,168,DS_interstep,0,-8.321518e-03,4.037428e-03,-9.133730e-03,6.776644e-04,1.681186e-03,-1.351875e-03,realized,-1.566485e-01,1.903390e-01,-3.459949e-01,-0.040121,0.077092,-0.091101,,,,0.155399,-0.559925,-0.349247,0.155399,-0.559925,-0.349247,1.935666e-02,-9.020462e-03,1.701385e-02,0.292586,-0.758701,-0.334428,0.295543,-0.754868,-0.335606,0.213351,0.000000,0,b
4.590000,169,DS_interstep,0,-9.085285e-03,3.364491e-03,-8.586368e-03,4.695569e-04,1.475514e-03,-1.306430e-03,realized,-1.565400e-01,1.902878e-01,-3.458953e-01,-0.039986,0.077019,-0.090992,,,,0.155399,-0.559924,-0.349247,0.155399,-0.559924,-0.349247,2.013661e-02,-8.341696e-03,1.646370e-02,0.292586,-0.758700,-0.334428,0.295543,-0.754868,-0.335606,0.213342,0.000000,0,b
4.600000,170,SS,1,-7.501387e-02,-7.184304e-01,1.121366e+00,-1.003476e-02,5.092210e-03,-9.634812e-03,planned,-1.455924e-01,1.952276e-01,-3.540571e-01,-0.038633,0.076312,-0.089936,-8.249635e-04,1.756716e-04,9.100874e-04,0.155410,-0.559909,-0.349255,0.171477,-0.559623,-0.348273,2.497251e-01,2.328779e-01,-2.717627e-01,0.292613,-0.758682,-0.334427,0.292594,-0.758700,-0.334428,0.209002,0.799918,1,a
4.700000,171,SS,1,5.762469e-02,-8.039276e-01,1.258068e+00,1.380422e-01,5.314274e-02,-8.010198e-02,planned,-1.330993e-01,2.066199e-01,-3.688617e-01,-0.037230,0.075663,-0.088948,,,,0.155508,-0.559925,-0.349275,0.175168,-0.559570,-0.348053,1.628999e-01,3.272852e-01,-4.979419e-01,0.292729,-0.758670,-0.334408,0.292660,-0.758702,-0.334429,0.200558,0.799688,1,a
4.800000,172,SS,1,1.716457e-01,-8.797560e-01,1.420684e+00,2.608632e-01,9.093994e-02,-9.561652e-02,planned,-1.247141e-01,2.233097e-01,-3.957353e-01,-0.035826,0.075093,-0.088066,,,,0.155730,-0.559953,-0.349304,0.178858,-0.559517,-0.347834,1.155571e-01,4.696029e-01,-7.429582e-01,0.292990,-0.758654,-0.334374,0.292844,-0.758705,-0.334429,0.188042,0.799293,1,a
4.900000,173,SS,1,2.491532e-01,-9.303415e-01,1.494181e+00,3.525684e-01,1.382312e-01,-1.724728e-01,planned,-1.165373e-01,2.450363e-01,-4.298657e-01,-0.034446,0.074624,-0.087325,,,,0.156125,-0.559973,-0.349338,0.182549,-0.559464,-0.347615,1.229462e-01,5.393686e-01,-8.436184e-01,0.293447,-0.758625,-0.334328,0.293202,-0.758712,-0.334430,0.171934,0.798686,1,a
5.000000,174,SS,1,3.164277e-01,-1.018569e+00,1.639212e+00,4.367445e-01,1.812528e-01,-2.298993e-01,planned,-1.083194e-01,2.702243e-01,-4.693413e-01,-0.033096,0.074271,-0.086745,,,,0.156729,-0.559994,-0.349383,0.187847,-0.559422,-0.347339,1.176455e-01,6.294581e-01,-9.846150e-01,0.294141,-0.758589,-0.334274,0.293787,-0.758722,-0.334432,0.153924,0.797813,1,a
5.100000,175,SS,1,3.794540e-01,-1.110092e+00,1.789278e+00,5.172215e-01,2.188590e-01,-2.783800e-01,planned,-1.008372e-01,3.002722e-01,-5.164508e-01,-0.031787,0.074052,-0.086350,,,,0.157579,-0.560015,-0.349441,0.193569,-0.559384,-0.347047,1.023476e-01,7.307499e-01,-1.146423e+00,0.295117,-0.758547,-0.334215,0.294643,-0.758738,-0.334434,0.135008,0.796616,1,a
5.200000,176,SS,1,4.356734e-01,-1.182327e+00,1.911650e+00,5.921529e-01,2.564796e-01,-3.227298e-01,planned,-9.387950e-02,3.344653e-01,-5.701059e-01,-0.030532,0.073983,-0.086164,,,,0.158713,-0.560032,-0.349512,0.199291,-0.559346,-0.346756,9.733527e-02,8.078716e-01,-1.269208e+00,0.296416,-0.758494,-0.334151,0.295816,-0.758760,-0.334438,0.115777,0.795047,1,a
5.300000,177,SS,1,4.871024e-01,-1.237229e+00,2.006711e+00,6.633964e-01,2.928455e-01,-3.636420e-01,planned,-8.720003e-02,3.721852e-01,-6.292767e-01,-0.029338,0.074079,-0.086207,,,,0.160164,-0.560043,-0.349599,0.205013,-0.559307,-0.346464,9.395782e-02,8.777517e-01,-1.380541e+00,0.298073,-0.758430,-0.334086,0.297342,-0.758788,-0.334442,0.096870,0.793059,1,a
5.400000,178,SS,1,5.353099e-01,-1.276469e+00,2.076021e+00,7.322269e-01,3.267601e-01,-4.003534e-01,planned,-8.083594e-02,4.132249e-01,-6.936863e-01,-0.028210,0.074350,-0.086496,,,,0.161958,-0.560048,-0.349702,0.210735,-0.559269,-0.346173,9.050238e-02,9.412190e-01,-1.482866e+00,0.300121,-0.758356,-0.334021,0.299257,-0.758824,-0.334448,0.078790,0.790611,1,a
5.500000,179,SS,1,5.796440e-01,-1.309117e+00,2.132747e+00,7.984718e-01,3.587028e-01,-4.346715e-01,planned,-7.471268e-02,4.572772e-01,-7.628558e-01,-0.027154,0.074807,-0.087045,,,,0.164122,-0.560046,-0.349823,0.216768,-0.559239,-0.345879,8.947001e-02,9.970953e-01,-1.572806e+00,0.302586,-0.758269,-0.333958,0.301593,-0.758867,-0.334455,0.061902,0.787666,1,a
5.600000,180,SS,1,6.191370e-01,-1.367480e+00,2.227333e+00,8.622655e-01,3.890636e-01,-4.678348e-01,planned,-6.874919e-02,5.042401e-01,-8.365938e-01,-0.026172,0.075459,-0.087869,,,,0.166679,-0.560036,-0.349961,0.224154,-0.559249,-0.345576,8.989210e-02,1.052731e+00,-1.661118e+00,0.305496,-0.758170,-0.333896,0.304375,-0.758918,-0.334463,0.046536,0.784190,1,a
5.700000,181,SS,1,6.554295e-01,-1.409477e+00,2.291886e+00,9.234431e-01,4.172864e-01,-5.001865e-01,planned,-6.291699e-02,5.537727e-01,-9.143661e-01,-0.025266,0.076314,-0.088979,,,,0.169649,-0.560018,-0.350117,0.231541,-0.559259,-0.345272,9.153565e-02,1.096997e+00,-1.732636e+00,0.308873,-0.758058,-0.333837,0.307627,-0.758979,-0.334473,0.033053,0.780156,1,a
5.800000,182,SS,1,6.884925e-01,-1.435533e+00,2.326073e+00,9.818813e-01,4.432820e-01,-5.325594e-01,planned,-5.713663e-02,6.054499e-01,-9.954950e-01,-0.024437,0.077379,-0.090385,,,,0.173049,-0.559992,-0.350290,0.238927,-0.559268,-0.344969,9.472436e-02,1.132540e+00,-1.789829e+00,0.312736,-0.757934,-0.333782,0.311369,-0.759048,-0.334484,0.022079,0.775538,1,a
5.900000,183,SS,1,7.185442e-01,-1.446702e+00,2.330573e+00,1.037591e+00,4.665544e-01,-5.651909e-01,planned,-5.135660e-02,6.589219e-01,-1.079411e+00,-0.023684,0.078657,-0.092094,,,,0.176893,-0.559959,-0.350480,0.246314,-0.559278,-0.344665,9.882603e-02,1.160110e+00,-1.834086e+00,0.317101,-0.757797,-0.333732,0.315618,-0.759126,-0.334497,0.015198,0.770318,1,a
6.000000,184,SS,1,7.456220e-01,-1.443809e+00,2.306116e+00,1.090423e+00,4.867685e-01,-5.981695e-01,planned,-4.552864e-02,7.138471e-01,-1.165557e+00,-0.023005,0.080152,-0.094112,,,,0.181191,-0.559919,-0.350686,0.253700,-0.559287,-0.344362,1.038500e-01,1.179911e+00,-1.865577e+00,0.321980,-0.757648,-0.333685,0.320387,-0.759215,-0.334511,0.014704,0.764480,1,a
6.100000,185,SS,1,7.697150e-01,-1.450085e+00,2.289670e+00,1.140220e+00,5.040551e-01,-6.318377e-01,planned,-3.961213e-02,7.700410e-01,-1.253602e+00,-0.022398,0.081864,-0.096440,,,,0.185952,-0.559874,-0.350907,0.261843,-0.559340,-0.344082,1.094231e-01,1.197176e+00,-1.891548e+00,0.327381,-0.757488,-0.333644,0.325685,-0.759313,-0.334527,0.018804,0.758012,1,a
6.200000,186,SS,1,7.907671e-01,-1.459366e+00,2.271258e+00,1.186693e+00,5.183873e-01,-6.663197e-01,planned,-3.359412e-02,8.273136e-01,-1.343207e+00,-0.021859,0.083795,-0.099081,,,,0.191182,-0.559825,-0.351140,0.270529,-0.559424,-0.343819,1.152054e-01,1.209247e+00,-1.908717e+00,0.333312,-0.757319,-0.333607,0.331521,-0.759421,-0.334544,0.023917,0.750906,1,a
6.300000,187,SS,1,8.086329e-01,-1.455822e+00,2.225506e+00,1.229482e+00,5.295870e-01,-7.015307e-01,planned,-2.745189e-02,8.853245e-01,-1.433813e+00,-0.021385,0.085944,-0.102034,,,,0.196883,-0.559773,-0.351386,0.279214,-0.559509,-0.343555,1.213395e-01,1.212847e+00,-1.912339e+00,0.339776,-0.757140,-0.333575,0.337896,-0.759539,-0.334563,0.028605,0.743156,1,a
6.400000,188,SS,1,8.232822e-01,-1.440451e+00,2.153767e+00,1.268378e+00,5.373889e-01,-7.374037e-01,planned,-2.116038e-02,9.437331e-01,-1.524865e+00,-0.020972,0.088308,-0.105298,,,,0.203057,-0.559720,-0.351642,0.287900,-0.559593,-0.343292,1.276368e-01,1.209466e+00,-1.904319e+00,0.346774,-0.756954,-0.333549,0.344813,-0.759667,-0.334583,0.032483,0.734762,1,a
6.500000,189,SS,1,8.347316e-01,-1.414368e+00,2.057622e+00,1.303207e+00,5.414722e-01,-7.737582e-01,planned,-1.470796e-02,1.002243e+00,-1.615870e+00,-0.020614,0.090886,-0.108869,,,,0.209702,-0.559668,-0.351906,0.296586,-0.559677,-0.343029,1.338507e-01,1.199692e+00,-1.885629e+00,0.354304,-0.756763,-0.333528,0.352270,-0.759805,-0.334606,0.035484,0.725725,1,a
6.600000,190,SS,1,8.429603e-01,-1.378578e+00,1.938724e+00,1.333780e+00,5.415951e-01,-8.103111e-01,planned,-8.087017e-03,1.060573e+00,-1.706364e+00,-0.020307,0.093671,-0.112741,,,,0.216812,-0.559618,-0.352177,0.305271,-0.559761,-0.342765,1.399026e-01,1.183896e+00,-1.856871e+00,0.362360,-0.756567,-0.333511,0.360262,-0.759953,-0.334629,0.037649,0.716052,1,a
6.700000,191,SS,1,8.493750e-01,-1.359164e+00,1.840022e+00,1.359957e+00,5.381028e-01,-8.471275e-01,planned,-1.309356e-03,1.118631e+00,-1.796152e+00,-0.020046,0.096658,-0.116906,,,,0.224382,-0.559572,-0.352452,0.314873,-0.559937,-0.342581,1.452494e-01,1.168312e+00,-1.826477e+00,0.370935,-0.756368,-0.333500,0.368782,-0.760110,-0.334655,0.039057,0.705749,1,a
6.800000,192,SS,1,8.524997e-01,-1.331457e+00,1.721908e+00,1.381479e+00,5.309475e-01,-8.838780e-01,planned,5.597332e-03,1.176192e+00,-1.884856e+00,-0.019825,0.099842,-0.121358,,,,0.232404,-0.559531,-0.352729,0.324494,-0.560115,-0.342398,1.499075e-01,1.145427e+00,-1.785036e+00,0.380020,-0.756168,-0.333494,0.377822,-0.760278,-0.334681,0.039797,0.694829,1,a
6.900000,193,SS,1,8.521447e-01,-1.295669e+00,1.585162e+00,1.398094e+00,5.201036e-01,-9.202336e-01,planned,1.263293e-02,1.232956e+00,-1.971997e+00,-0.019639,0.103216,-0.126085,,,,0.240868,-0.559499,-0.353007,0.334116,-0.560292,-0.342215,1.542408e-01,1.116989e+00,-1.734323e+00,0.389605,-0.755969,-0.333493,0.387370,-0.760455,-0.334710,0.039967,0.683304,1,a
7.000000,194,SS,1,8.483770e-01,-1.252953e+00,1.431645e+00,1.409737e+00,5.053781e-01,-9.560721e-01,planned,1.978360e-02,1.288690e+00,-2.057192e+00,-0.019484,0.106771,-0.131078,,,,0.249761,-0.559476,-0.353283,0.343738,-0.560470,-0.342033,1.578874e-01,1.083784e+00,-1.675733e+00,0.399674,-0.755773,-0.333497,0.397412,-0.760640,-0.334740,0.039659,0.671192,1,a
7.100000,195,SS,1,8.412392e-01,-1.204246e+00,1.263308e+00,1.416353e+00,4.867011e-01,-9.910273e-01,planned,2.703220e-02,1.343172e+00,-2.140081e+00,-0.019353,0.110500,-0.136323,,,,0.259069,-0.559464,-0.353554,0.353360,-0.560648,-0.341850,1.608791e-01,1.046024e+00,-1.609679e+00,0.410212,-0.755581,-0.333505,0.407932,-0.760835,-0.334771,0.038959,0.658511,1,a
7.200000,196,SS,1,8.317384e-01,-1.155278e+00,1.090498e+00,1.417933e+00,4.641712e-01,-1.024896e+00,planned,3.435375e-02,1.396231e+00,-2.220380e+00,-0.019242,0.114391,-0.141808,,,,0.268777,-0.559465,-0.353820,0.363196,-0.560864,-0.341707,1.629711e-01,1.005371e+00,-1.538491e+00,0.421200,-0.755395,-0.333518,0.418912,-0.761038,-0.334803,0.037947,0.645283,1,a
7.300000,197,SS,1,8.205841e-01,-1.109783e+00,9.205210e-01,1.414499e+00,4.380906e-01,-1.057519e+00,planned,4.170904e-02,1.447741e+00,-2.297872e+00,-0.019145,0.118435,-0.147518,,,,0.278868,-0.559480,-0.354078,0.373392,-0.561144,-0.341632,1.639089e-01,9.624714e-01,-1.463314e+00,0.432620,-0.755216,-0.333536,0.430333,-0.761250,-0.334837,0.036693,0.631530,1,a
7.400000,198,SS,1,8.062043e-01,-1.059996e+00,7.407407e-01,1.406020e+00,4.086713e-01,-1.088635e+00,planned,4.906606e-02,1.497513e+00,-2.372265e+00,-0.019058,0.122622,-0.153437,,,,0.289322,-0.559511,-0.354326,0.383588,-0.561424,-0.341557,1.639658e-01,9.151413e-01,-1.381549e+00,0.444451,-0.755047,-0.333559,0.442174,-0.761469,-0.334872,0.035258,0.617278,1,a
7.500000,199,SS,1,7.886210e-01,-1.006743e+00,5.529991e-01,1.392485e+00,3.760139e-01,-1.118077e+00,planned,5.640163e-02,1.545364e+00,-2.443274e+00,-0.018976,0.126941,-0.159550,,,,0.300122,-0.559559,-0.354563,0.393784,-0.561704,-0.341482,1.632452e-01,8.644971e-01,-1.294554e+00,0.456669,-0.754888,-0.333586,0.454412,-0.761695,-0.334909,0.033696,0.602555,1,a
7.600000,200,SS,1,7.679735e-01,-9.508455e-01,3.591626e-01,1.374007e+00,3.402485e-01,-1.145699e+00,planned,6.368784e-02,1.591134e+00,-2.510656e+00,-0.018895,0.131379,-0.165840,,,,0.311244,-0.559626,-0.354786,0.403981,-0.561985,-0.341407,1.616524e-01,8.108392e-01,-1.202989e+00,0.469251,-0.754742,-0.333617,0.467022,-0.761929,-0.334946,0.032051,0.587390,1,a
7.700000,201,SS,1,7.444126e-01,-8.930364e-01,1.610762e-01,1.350733e+00,3.015780e-01,-1.171334e+00,planned,7.089567e-02,1.634678e+00,-2.574191e+00,-0.018811,0.135926,-0.172288,,,,0.322668,-0.559711,-0.354995,0.414177,-0.562265,-0.341332,1.591909e-01,7.545020e-01,-1.107445e+00,0.482171,-0.754609,-0.333653,0.479978,-0.762169,-0.334985,0.030361,0.571812,1,a
7.800000,202,SS,1,7.205019e-01,-8.340764e-01,-3.704433e-02,1.322853e+00,2.603180e-01,-1.194893e+00,planned,7.798023e-02,1.675871e+00,-2.633699e+00,-0.018719,0.140567,-0.178877,,,,0.334370,-0.559818,-0.355187,0.424537,-0.562623,-0.341349,1.554813e-01,6.961511e-01,-1.008913e+00,0.495402,-0.754492,-0.333693,0.493254,-0.762414,-0.335024,0.028659,0.555856,1,a
7.900000,203,SS,1,6.947169e-01,-7.741487e-01,-2.353395e-01,1.290576e+00,2.169070e-01,-1.216243e+00,planned,8.490047e-02,1.714597e+00,-2.689013e+00,-0.018617,0.145291,-0.185587,,,,0.346325,-0.559945,-0.355362,0.434947,-0.563004,-0.341393,1.506602e-01,6.356047e-01,-9.075105e-01,0.508917,-0.754390,-0.333736,0.506821,-0.762665,-0.335064,0.026968,0.539554,1,a
8.000000,204,SS,1,6.663978e-01,-7.137809e-01,-4.328211e-01,1.254008e+00,1.716822e-01,-1.235255e+00,planned,9.162206e-02,1.750747e+00,-2.739986e+00,-0.018501,0.150084,-0.192399,,,,0.358509,-0.560095,-0.355518,0.445357,-0.563385,-0.341437,1.449392e-01,5.732662e-01,-8.037863e-01,0.522686,-0.754306,-0.333784,0.520650,-0.762921,-0.335105,0.025311,0.522940,1,a
8.100000,205,SS,1,6.356601e-01,-6.535654e-01,-6.277987e-01,1.213316e+00,1.249900e-01,-1.251855e+00,planned,9.811181e-02,1.784223e+00,-2.786488e+00,-0.018369,0.154934,-0.199294,,,,0.370896,-0.560267,-0.355655,0.455767,-0.563766,-0.341481,1.383318e-01,5.094726e-01,-6.983062e-01,0.536680,-0.754240,-0.333836,0.534711,-0.763182,-0.335147,0.023703,0.506052,1,a
8.200000,206,SS,1,6.026642e-01,-5.940350e-01,-8.186159e-01,1.168729e+00,7.723558e-02,-1.265978e+00,planned,1.043349e-01,1.814943e+00,-2.828416e+00,-0.018217,0.159827,-0.206251,,,,0.383460,-0.560462,-0.355771,0.466177,-0.564147,-0.341525,1.308208e-01,4.445478e-01,-5.916303e-01,0.550870,-0.754193,-0.333892,0.548974,-0.763446,-0.335189,0.022158,0.488925,1,a
8.300000,207,SS,1,5.681038e-01,-5.336682e-01,-1.006250e+00,1.120498e+00,2.884058e-02,-1.277540e+00,planned,1.102535e-01,1.842841e+00,-2.865687e+00,-0.018045,0.164750,-0.213250,,,,0.396174,-0.560680,-0.355866,0.476563,-0.564542,-0.341588,1.222970e-01,3.788858e-01,-4.841821e-01,0.565223,-0.754166,-0.333951,0.563405,-0.763713,-0.335232,0.020685,0.471598,1,a
8.400000,208,SS,1,5.343074e-01,-4.645573e-01,-1.199579e+00,1.068915e+00,-1.980767e-02,-1.286135e+00,planned,1.158109e-01,1.867779e+00,-2.898144e+00,-0.017849,0.169689,-0.220271,,,,0.409011,-0.560921,-0.355940,0.486827,-0.565011,-0.341748,1.124097e-01,3.100709e-01,-3.735112e-01,0.579709,-0.754160,-0.334013,0.577973,-0.763982,-0.335275,0.019295,0.454109,1,a
8.500000,209,SS,1,4.986766e-01,-3.975151e-01,-1.383656e+00,1.014229e+00,-6.821164e-02,-1.291704e+00,planned,1.209750e-01,1.889680e+00,-2.925713e+00,-0.017629,0.174631,-0.227293,,,,0.421944,-0.561185,-0.355991,0.497090,-0.565479,-0.341907,1.017865e-01,2.413944e-01,-2.635492e-01,0.594295,-0.754175,-0.334079,0.592646,-0.764254,-0.335319,0.017997,0.436497,1,a
8.600000,210,SS,1,4.612543e-01,-3.330667e-01,-1.557113e+00,9.565848e-01,-1.159199e-01,-1.294435e+00,planned,1.257073e-01,1.908515e+00,-2.948387e+00,-0.017385,0.179562,-0.234295,,,,0.434943,-0.561472,-0.356021,0.507354,-0.565948,-0.342066,9.028157e-02,1.725914e-01,-1.543843e-01,0.608949,-0.754212,-0.334148,0.607390,-0.764527,-0.335363,0.016801,0.418802,1,a
8.700000,211,SS,1,4.221196e-01,-2.715964e-01,-1.718490e+00,8.961989e-01,-1.624238e-01,-1.294234e+00,planned,1.299726e-01,1.924226e+00,-2.966136e+00,-0.017114,0.184468,-0.241258,,,,0.447982,-0.561781,-0.356030,0.517618,-0.566416,-0.342226,7.811517e-02,1.030964e-01,-4.552628e-02,0.623639,-0.754271,-0.334220,0.622171,-0.764801,-0.335407,0.015708,0.401062,1,a
8.800000,212,SS,1,3.813674e-01,-2.136123e-01,-1.866606e+00,8.333084e-01,-2.072614e-01,-1.291384e+00,planned,1.337452e-01,1.936740e+00,-2.978921e+00,-0.016818,0.189336,-0.248159,,,,0.461031,-0.562113,-0.356017,0.527881,-0.566885,-0.342385,6.550933e-02,3.272082e-02,6.305246e-02,0.638331,-0.754352,-0.334295,0.636958,-0.765074,-0.335451,0.014713,0.383319,1,a
8.900000,213,SS,1,3.407281e-01,-1.464408e-01,-2.019614e+00,7.681914e-01,-2.502965e-01,-1.286264e+00,planned,1.370002e-01,1.945924e+00,-2.986627e+00,-0.016497,0.194153,-0.254979,,,,0.474062,-0.562465,-0.355982,0.537861,-0.567389,-0.342597,5.243571e-02,-4.070531e-02,1.740249e-01,0.652994,-0.754457,-0.334372,0.651715,-0.765347,-0.335494,0.013799,0.365611,1,a
9.000000,214,SS,1,3.001071e-01,-7.407028e-02,-2.171814e+00,7.012615e-01,-2.916130e-01,-1.278874e+00,planned,1.397255e-01,1.951678e+00,-2.989170e+00,-0.016150,0.198904,-0.261698,,,,0.487046,-0.562838,-0.355927,0.547617,-0.567920,-0.342852,3.927589e-02,-1.142861e-01,2.841572e-01,0.667595,-0.754583,-0.334452,0.666410,-0.765619,-0.335538,0.012940,0.347978,1,a
9.100000,215,SS,1,2.584990e-01,-8.045632e-03,-2.306482e+00,6.328874e-01,-3.311172e-01,-1.269140e+00,planned,1.419061e-01,1.954102e+00,-2.986689e+00,-0.015778,0.203577,-0.268294,,,,0.499953,-0.563231,-0.355852,0.557374,-0.568452,-0.343106,2.575135e-02,-1.837210e-01,3.882263e-01,0.682101,-0.754733,-0.334535,0.681009,-0.765890,-0.335581,0.012118,0.330461,1,a
9.200000,216,SS,1,2.160958e-01,5.148391e-02,-2.421648e+00,5.634096e-01,-3.683337e-01,-1.255929e+00,planned,1.435324e-01,1.953307e+00,-2.979415e+00,-0.015381,0.208157,-0.274748,,,,0.512756,-0.563641,-0.355758,0.567131,-0.568983,-0.343360,1.141755e-02,-2.521541e-01,4.901965e-01,0.696481,-0.754905,-0.334620,0.695480,-0.766157,-0.335624,0.011340,0.313098,1,a
9.300000,217,SS,1,1.731701e-01,1.044403e-01,-2.516834e+00,4.932618e-01,-4.027190e-01,-1.239556e+00,planned,1.445576e-01,1.949285e+00,-2.967381e+00,-0.014962,0.212634,-0.281043,,,,0.525428,-0.564069,-0.355645,0.576887,-0.569514,-0.343615,-3.468402e-03,-3.196021e-01,5.890191e-01,0.710703,-0.755100,-0.334706,0.709790,-0.766422,-0.335667,0.010617,0.295927,1,a
9.400000,218,SS,1,1.295784e-01,1.504639e-01,-2.590680e+00,4.224995e-01,-4.337540e-01,-1.219787e+00,planned,1.449589e-01,1.942094e+00,-2.950708e+00,-0.014520,0.216995,-0.287159,,,,0.537942,-0.564512,-0.355515,0.586644,-0.570046,-0.343869,-1.861803e-02,-3.849352e-01,6.838664e-01,0.724737,-0.755316,-0.334794,0.723908,-0.766684,-0.335709,0.009955,0.278988,1,a
9.500000,219,SS,1,8.733483e-02,2.220866e-01,-2.691645e+00,3.514291e-01,-4.614434e-01,-1.196021e+00,planned,1.447242e-01,1.931496e+00,-2.929161e+00,-0.014058,0.221228,-0.293079,,,,0.550272,-0.564969,-0.355368,0.595570,-0.570604,-0.344181,-3.359747e-02,-4.578494e-01,7.863768e-01,0.738552,-0.755554,-0.334883,0.737802,-0.766941,-0.335750,0.009367,0.262316,1,a
9.600000,220,SS,1,4.493279e-02,2.860697e-01,-2.770677e+00,2.805601e-01,-4.860057e-01,-1.168577e+00,planned,1.438825e-01,1.917532e+00,-2.902828e+00,-0.013577,0.225321,-0.298784,,,,0.562391,-0.565439,-0.355206,0.604457,-0.571163,-0.344496,-4.825788e-02,-5.254362e-01,8.815438e-01,0.752119,-0.755813,-0.334974,0.751441,-0.767193,-0.335790,0.008850,0.245949,1,a
9.700000,221,SS,1,2.550797e-03,3.404694e-01,-2.824992e+00,2.102370e-01,-5.070920e-01,-1.138038e+00,planned,1.424178e-01,1.900337e+00,-2.871952e+00,-0.013079,0.229263,-0.304258,,,,0.574272,-0.565920,-0.355031,0.613345,-0.571722,-0.344811,-6.307858e-02,-5.903803e-01,9.713697e-01,0.765408,-0.756093,-0.335065,0.764797,-0.767440,-0.335830,0.008417,0.229923,1,a
9.800000,222,SS,1,-3.972015e-02,3.851243e-01,-2.853693e+00,1.407344e-01,-5.243302e-01,-1.104041e+00,planned,1.403355e-01,1.880002e+00,-2.836717e+00,-0.012565,0.233043,-0.309484,,,,0.585891,-0.566411,-0.354843,0.622233,-0.572281,-0.345126,-7.744528e-02,-6.523230e-01,1.055998e+00,0.778392,-0.756393,-0.335156,0.777842,-0.767682,-0.335869,0.008073,0.214270,1,a
9.900000,223,SS,1,-8.169284e-02,4.197719e-01,-2.856442e+00,7.238040e-02,-5.373727e-01,-1.066957e+00,planned,1.376485e-01,1.856632e+00,-2.797315e+00,-0.012037,0.236650,-0.314448,,,,0.597225,-0.566909,-0.354644,0.631121,-0.572840,-0.345441,-9.136291e-02,-7.111745e-01,1.135216e+00,0.791045,-0.756712,-0.335248,0.790546,-0.767917,-0.335906,0.007825,0.199023,1,a
10.000000,224,SS,1,-1.228805e-01,4.593836e-01,-2.857099e+00,5.536216e-03,-5.461778e-01,-1.026926e+00,planned,1.343768e-01,1.830215e+00,-2.753790e+00,-0.011497,0.240075,-0.319135,,,,0.608252,-0.567415,-0.354437,0.639575,-0.573394,-0.345760,-1.044879e-01,-7.705426e-01,1.213699e+00,0.803341,-0.757050,-0.335339,0.802885,-0.768145,-0.335943,0.007686,0.184215,1,a
10.100000,225,SS,1,-1.627381e-01,5.156123e-01,-2.875237e+00,-5.932878e-02,-5.513458e-01,-9.838838e-01,planned,1.305657e-01,1.800660e+00,-2.706065e+00,-0.010946,0.243310,-0.323531,,,,0.618947,-0.567925,-0.354221,0.647231,-0.573936,-0.346088,-1.164574e-01,-8.318276e-01,1.293717e+00,0.815257,-0.757406,-0.335430,0.814834,-0.768367,-0.335979,0.007667,0.169875,1,a
10.200000,226,SS,1,-2.012308e-01,5.586317e-01,-2.865111e+00,-1.216178e-01,-5.532407e-01,-9.381838e-01,planned,1.262599e-01,1.768146e+00,-2.654408e+00,-0.010386,0.246343,-0.327623,,,,0.629291,-0.568439,-0.354000,0.654887,-0.574478,-0.346416,-1.277319e-01,-8.864216e-01,1.364318e+00,0.826769,-0.757778,-0.335519,0.826369,-0.768580,-0.336013,0.007771,0.156032,1,a
10.300000,227,SS,1,-2.380802e-01,5.884118e-01,-2.826776e+00,-1.810018e-01,-5.515730e-01,-8.902586e-01,planned,1.214788e-01,1.732878e+00,-2.599141e+00,-0.009818,0.249168,-0.331399,,,,0.639263,-0.568956,-0.353774,0.662542,-0.575021,-0.346744,-1.382681e-01,-9.362432e-01,1.427379e+00,0.837854,-0.758166,-0.335607,0.837469,-0.768785,-0.336046,0.008001,0.142711,1,a
10.400000,228,SS,1,-2.731139e-01,6.049748e-01,-2.760266e+00,-2.372059e-01,-5.461001e-01,-8.402698e-01,planned,1.162578e-01,1.695044e+00,-2.540560e+00,-0.009241,0.251777,-0.334850,,,,0.648845,-0.569473,-0.353545,0.670198,-0.575563,-0.347072,-1.478113e-01,-9.810053e-01,1.482848e+00,0.848495,-0.758569,-0.335694,0.848113,-0.768982,-0.336077,0.008351,0.129939,1,a
10.500000,229,SS,1,-3.060935e-01,6.083440e-01,-2.665978e+00,-2.899251e-01,-5.365927e-01,-7.887810e-01,planned,1.106328e-01,1.654840e+00,-2.478970e+00,-0.008659,0.254164,-0.337965,,,,0.658021,-0.569990,-0.353315,0.677853,-0.576105,-0.347400,-1.563901e-01,-1.020678e+00,1.530632e+00,0.858674,-0.758986,-0.335778,0.858283,-0.769171,-0.336108,0.008812,0.117735,1,a
10.600000,230,SS,1,-3.374566e-01,6.366611e-01,-2.607845e+00,-3.388864e-01,-5.235860e-01,-7.358491e-01,planned,1.046612e-01,1.612167e+00,-2.414274e+00,-0.008072,0.256323,-0.340738,,,,0.666776,-0.570505,-0.353085,0.684315,-0.576596,-0.347695,-1.632186e-01,-1.064466e+00,1.582990e+00,0.868374,-0.759415,-0.335860,0.867964,-0.769350,-0.336136,0.009370,0.106122,1,a
10.700000,231,SS,1,-3.662406e-01,6.624587e-01,-2.542780e+00,-3.835009e-01,-5.080295e-01,-6.816371e-01,planned,9.842355e-02,1.567168e+00,-2.346663e+00,-0.007479,0.258250,-0.343160,,,,0.675095,-0.571017,-0.352856,0.690373,-0.577070,-0.347978,-1.687391e-01,-1.102421e+00,1.627679e+00,0.877581,-0.759855,-0.335939,0.877140,-0.769520,-0.336164,0.010014,0.095117,1,a
10.800000,232,SS,1,-3.918087e-01,6.723785e-01,-2.449709e+00,-4.234008e-01,-4.899811e-01,-6.270066e-01,planned,9.195995e-02,1.520148e+00,-2.276576e+00,-0.006881,0.259938,-0.345226,,,,0.682966,-0.571525,-0.352631,0.696431,-0.577543,-0.348262,-1.733862e-01,-1.132756e+00,1.661530e+00,0.886281,-0.760305,-0.336014,0.885800,-0.769680,-0.336189,0.010723,0.084737,1,a
10.900000,233,SS,1,-4.140240e-01,6.668895e-01,-2.329283e+00,-4.584280e-01,-4.692233e-01,-5.721434e-01,planned,8.530990e-02,1.471406e+00,-2.204446e+00,-0.006278,0.261386,-0.346931,,,,0.690378,-0.572029,-0.352410,0.702490,-0.578016,-0.348545,-1.769553e-01,-1.156082e+00,1.685374e+00,0.894466,-0.760764,-0.336086,0.893933,-0.769831,-0.336213,0.011480,0.074995,1,a
11.000000,234,SS,1,-4.327748e-01,6.464918e-01,-2.182502e+00,-4.884590e-01,-4.455569e-01,-5.175232e-01,planned,7.851695e-02,1.421235e+00,-2.130698e+00,-0.005671,0.262591,-0.348273,,,,0.697324,-0.572527,-0.352195,0.708548,-0.578490,-0.348828,-1.794494e-01,-1.172356e+00,1.699170e+00,0.902126,-0.761231,-0.336155,0.901533,-0.769971,-0.336236,0.012269,0.065902,1,a
11.100000,235,SS,1,-4.483432e-01,6.199694e-01,-2.024944e+00,-5.133904e-01,-4.189893e-01,-4.636300e-01,planned,7.162712e-02,1.369870e+00,-2.055674e+00,-0.005059,0.263554,-0.349254,,,,0.703800,-0.573018,-0.351987,0.714325,-0.578945,-0.349096,-1.807387e-01,-1.183615e+00,1.705650e+00,0.909259,-0.761703,-0.336218,0.908594,-0.770102,-0.336257,0.013072,0.057465,1,a
11.200000,236,SS,1,-4.625557e-01,6.285875e-01,-1.929400e+00,-5.330987e-01,-3.905562e-01,-4.102702e-01,planned,6.471616e-02,1.317232e+00,-1.979270e+00,-0.004443,0.264274,-0.349872,,,,0.709801,-0.573501,-0.351786,0.718419,-0.579291,-0.349269,-1.800358e-01,-1.199166e+00,1.717624e+00,0.915860,-0.762180,-0.336278,0.915113,-0.770223,-0.336276,0.013871,0.049691,1,a
11.300000,237,SS,1,-4.725481e-01,6.206262e-01,-1.808797e+00,-5.471075e-01,-3.611595e-01,-3.577290e-01,planned,5.786982e-02,1.263675e+00,-1.901958e+00,-0.003822,0.264751,-0.350129,,,,0.715324,-0.573977,-0.351595,0.722512,-0.579637,-0.349443,-1.782122e-01,-1.202844e+00,1.714173e+00,0.921927,-0.762659,-0.336332,0.921092,-0.770333,-0.336294,0.014663,0.042584,1,a
11.400000,238,SS,1,-4.781565e-01,5.969311e-01,-1.665138e+00,-5.553947e-01,-3.306773e-01,-3.071403e-01,planned,5.111744e-02,1.209642e+00,-1.824356e+00,-0.003195,0.264987,-0.350029,,,,0.720369,-0.574443,-0.351413,0.726606,-0.579983,-0.349616,-1.756221e-01,-1.197566e+00,1.697910e+00,0.927462,-0.763140,-0.336382,0.926532,-0.770434,-0.336310,0.015426,0.036146,1,a
11.500000,239,SS,1,-4.794095e-01,5.587347e-01,-1.499695e+00,-5.579933e-01,-2.988729e-01,-2.581868e-01,planned,4.449947e-02,1.155522e+00,-1.747025e+00,-0.002563,0.264987,-0.349579,,,,0.724941,-0.574900,-0.351242,0.730700,-0.580330,-0.349789,-1.720078e-01,-1.183392e+00,1.669148e+00,0.932470,-0.763621,-0.336426,0.931441,-0.770525,-0.336325,0.016146,0.030375,1,a
11.600000,240,SS,1,-4.763716e-01,5.071571e-01,-1.314515e+00,-5.550247e-01,-2.656176e-01,-2.114357e-01,planned,3.805630e-02,1.101712e+00,-1.670528e+00,-0.001925,0.264756,-0.348788,,,,0.729048,-0.575347,-0.351082,0.734793,-0.580676,-0.349962,-1.674461e-01,-1.160416e+00,1.627916e+00,0.936961,-0.764101,-0.336465,0.935827,-0.770606,-0.336338,0.016808,0.025268,1,a
11.700000,241,SS,1,-4.716686e-01,4.778882e-01,-1.174300e+00,-5.466241e-01,-2.315297e-01,-1.668445e-01,planned,3.184694e-02,1.048330e+00,-1.595036e+00,-0.001283,0.264300,-0.347666,,,,0.732697,-0.575783,-0.350935,0.737630,-0.580920,-0.350038,-1.612351e-01,-1.137455e+00,1.586223e+00,0.940944,-0.764577,-0.336498,0.939703,-0.770678,-0.336349,0.017391,0.020821,1,a
11.800000,242,SS,1,-4.647387e-01,4.651673e-01,-1.070799e+00,-5.326682e-01,-1.978603e-01,-1.242399e-01,planned,2.596247e-02,9.955604e-01,-1.520787e+00,-0.000634,0.263627,-0.346224,,,,0.735900,-0.576207,-0.350799,0.739390,-0.581077,-0.350031,-1.533536e-01,-1.110011e+00,1.538858e+00,0.944432,-0.765048,-0.336526,0.943084,-0.770740,-0.336359,0.017894,0.017029,1,a
11.900000,243,SS,1,-4.530807e-01,4.391417e-01,-9.517548e-01,-5.130218e-01,-1.651569e-01,-8.436148e-02,planned,2.046570e-02,9.439071e-01,-1.448469e+00,0.000020,0.262744,-0.344475,,,,0.738671,-0.576620,-0.350676,0.741150,-0.581235,-0.350023,-1.445773e-01,-1.070243e+00,1.474701e+00,0.947441,-0.765513,-0.336548,0.945989,-0.770794,-0.336368,0.018309,0.013884,1,a
12.000000,244,SS,1,-4.366754e-01,4.015658e-01,-8.197545e-01,-4.878010e-01,-1.332938e-01,-4.746067e-02,planned,1.539251e-02,8.938768e-01,-1.378805e+00,0.000680,0.261662,-0.342437,,,,0.741026,-0.577020,-0.350565,0.742909,-0.581392,-0.350016,-1.349135e-01,-1.020208e+00,1.395740e+00,0.949992,-0.765969,-0.336564,0.948440,-0.770839,-0.336375,0.018616,0.011367,1,a
12.100000,245,SS,1,-4.156606e-01,3.542758e-01,-6.775397e-01,-4.572375e-01,-1.021895e-01,-1.363911e-02,planned,1.078735e-02,8.459521e-01,-1.312493e+00,0.001346,0.260392,-0.340127,,,,0.742988,-0.577408,-0.350467,0.744669,-0.581549,-0.350008,-1.242090e-01,-9.599710e-01,1.302192e+00,0.952108,-0.766416,-0.336575,0.950465,-0.770877,-0.336381,0.018810,0.009445,1,a
12.200000,246,SS,1,-3.901564e-01,2.990798e-01,-5.283297e-01,-4.215777e-01,-7.186735e-02,1.659233e-02,planned,6.695599e-03,8.006140e-01,-1.250224e+00,0.002017,0.258950,-0.337569,,,,0.744581,-0.577782,-0.350382,0.746429,-0.581706,-0.350000,-1.124719e-01,-8.898214e-01,1.194338e+00,0.953818,-0.766852,-0.336581,0.952091,-0.770907,-0.336386,0.018882,0.008056,1,a
12.300000,247,SS,1,-3.543688e-01,2.745059e-01,-4.242164e-01,-3.811435e-01,-4.338231e-02,4.341384e-02,planned,3.127250e-03,7.580576e-01,-1.192369e+00,0.002691,0.257351,-0.334787,,,,0.745834,-0.578142,-0.350309,0.746545,-0.581717,-0.350000,-1.003878e-01,-8.181872e-01,1.081884e+00,0.955153,-0.767274,-0.336582,0.953354,-0.770930,-0.336390,0.018820,0.007100,1,a
12.400000,248,SS,1,-3.138194e-01,2.467808e-01,-3.221828e-01,-3.359353e-01,-1.700276e-02,6.634116e-02,planned,1.565301e-04,7.187922e-01,-1.139629e+00,0.003368,0.255610,-0.331806,,,,0.746778,-0.578488,-0.350249,0.746545,-0.581717,-0.350000,-8.691604e-02,-7.345720e-01,9.533817e-01,0.956149,-0.767682,-0.336579,0.954291,-0.770948,-0.336393,0.018633,0.006447,1,a
12.500000,249,SS,1,-2.689346e-01,2.152184e-01,-2.224221e-01,-2.861702e-01,6.993299e-03,8.495101e-02,planned,-2.153139e-03,6.833562e-01,-1.092761e+00,0.004046,0.253745,-0.328656,,,,0.747449,-0.578820,-0.350200,0.746545,-0.581717,-0.350000,-7.206162e-02,-6.405341e-01,8.100177e-01,0.956844,-0.768074,-0.336571,0.954943,-0.770960,-0.336394,0.018317,0.005971,1,a
12.600000,250,SS,1,-2.197331e-01,1.820224e-01,-1.288269e-01,-2.320592e-01,2.838975e-02,9.894060e-02,planned,-3.736406e-03,6.522747e-01,-1.052512e+00,0.004724,0.251779,-0.325368,,,,0.747885,-0.579136,-0.350163,0.746545,-0.581717,-0.350000,-5.574631e-02,-5.361385e-01,6.518675e-01,0.957283,-0.768448,-0.336561,0.955357,-0.770967,-0.336396,0.017870,0.005574,1,a
12.700000,251,SS,1,-1.661953e-01,1.493854e-01,-4.558982e-02,-1.737902e-01,4.684051e-02,1.078825e-01,planned,-4.522896e-03,6.260670e-01,-1.019626e+00,0.005400,0.249731,-0.321978,,,,0.748130,-0.579438,-0.350137,0.746545,-0.581717,-0.350000,-3.789641e-02,-4.217371e-01,4.792868e-01,0.957514,-0.768802,-0.336547,0.955582,-0.770972,-0.336396,0.017299,0.005195,1,a
12.800000,252,SS,1,-1.082493e-01,1.195325e-01,2.284795e-02,-1.115185e-01,6.190730e-02,1.112759e-01,planned,-4.430104e-03,6.052043e-01,-9.947984e-01,0.006073,0.247626,-0.318523,,,,0.748230,-0.579723,-0.350122,0.746545,-0.581717,-0.350000,-1.803428e-02,-2.992521e-01,2.943477e-01,0.957589,-0.769134,-0.336532,0.955674,-0.770973,-0.336397,0.016626,0.004814,1,a
12.900000,253,SS,1,-4.580136e-02,9.437516e-02,7.138897e-02,-4.544451e-02,7.279071e-02,1.079080e-01,planned,-3.347134e-03,5.901680e-01,-9.787245e-01,0.006741,0.245490,-0.315043,,,,0.748237,-0.579993,-0.350114,0.746545,-0.581717,-0.350000,4.146235e-03,-1.659293e-01,9.446560e-02,0.957567,-0.769444,-0.336515,0.955691,-0.770974,-0.336397,0.015907,0.004430,1,a
13.000000,254,SS,1,2.148977e-02,7.587328e-02,9.477497e-02,2.442282e-02,7.854224e-02,9.661964e-02,planned,-2.012542e-03,5.804028e-01,-9.694133e-01,0.007400,0.243347,-0.311576,,,,0.748201,-0.580248,-0.350115,0.746545,-0.581717,-0.350000,-1.438878e-02,-8.508958e-02,8.683311e-03,0.957501,-0.769730,-0.336498,0.955691,-0.770974,-0.336397,0.014689,0.004058,1,a
13.110000,255,DS_interstep,1,2.345921e-01,5.750376e-02,4.981213e-01,-1.702960e-02,2.380296e-02,1.627420e-02,realized,-3.162649e-03,5.800152e-01,-9.717336e-01,0.007492,0.243125,-0.311217,-8.249498e-04,1.761248e-04,9.105510e-04,0.748191,-0.580291,-0.350121,0.748191,-0.580291,-0.350121,-2.299413e-01,-7.174250e-02,-4.737294e-01,0.957493,-0.769759,-0.336495,0.957493,-0.769759,-0.336495,0.015303,0.003807,0,a
13.120000,256,DS_interstep,1,1.393229e+00,1.619883e+00,-3.798240e-01,1.345496e-01,-3.604533e-02,-3.246238e-01,realized,-8.475327e-03,5.714157e-01,-9.689767e-01,0.007644,0.242890,-0.310834,,,,0.748177,-0.580364,-0.350138,0.748177,-0.580364,-0.350138,-1.062514e+00,-1.714158e+00,5.417230e-01,0.957485,-0.769792,-0.336493,0.957493,-0.769759,-0.336495,0.018624,0.003040,0,a
13.130000,257,DS_interstep,1,-3.517663e-01,4.881317e-01,-1.391889e+00,-2.997322e-02,1.439863e-01,-1.338582e-01,realized,-5.640371e-03,5.686301e-01,-9.614042e-01,0.007829,0.242647,-0.310438,,,,0.748161,-0.580452,-0.350161,0.748161,-0.580452,-0.350161,5.669589e-01,-5.514190e-01,1.504859e+00,0.957476,-0.769829,-0.336493,0.957493,-0.769759,-0.336495,0.025129,0.002293,0,a
13.140000,258,DS_interstep,1,-1.627173e+00,1.798241e-01,-2.584560e+00,-1.900692e-01,4.714873e-01,2.207386e-03,realized,3.057302e-03,5.675236e-01,-9.481285e-01,0.008027,0.242402,-0.310038,,,,0.748147,-0.580543,-0.350183,0.748147,-0.580543,-0.350183,1.739532e+00,-2.156173e-01,2.645581e+00,0.957466,-0.769870,-0.336495,0.957493,-0.769759,-0.336495,0.032533,0.001669,0,a
13.150000,259,DS_interstep,1,-2.162193e+00,1.687498e-02,-2.794548e+00,-2.707443e-01,6.620152e-01,1.765045e-01,realized,1.408896e-02,5.673318e-01,-9.339518e-01,0.008227,0.242159,-0.309640,,,,0.748134,-0.580633,-0.350202,0.748134,-0.580633,-0.350202,2.206413e+00,-3.268210e-02,2.825925e+00,0.957457,-0.769916,-0.336499,0.957493,-0.769759,-0.336495,0.038882,0.001184,0,a
13.160000,260,DS_interstep,1,-2.192376e+00,1.311043e-01,-2.853633e+00,-2.883811e-01,7.365417e-01,2.097152e-01,realized,2.506967e-02,5.666221e-01,-9.195593e-01,0.008421,0.241919,-0.309245,,,,0.748122,-0.580718,-0.350216,0.748122,-0.580718,-0.350216,2.196322e+00,-1.362647e-01,2.869237e+00,0.957448,-0.769967,-0.336505,0.957493,-0.769759,-0.336495,0.043434,0.000824,0,a
13.170000,261,DS_interstep,1,-1.941176e+00,1.989053e-01,-2.594382e+00,-2.635059e-01,6.851745e-01,1.828591e-01,realized,3.468385e-02,5.655973e-01,-9.064888e-01,0.008605,0.241682,-0.308855,,,,0.748111,-0.580798,-0.350225,0.748111,-0.580798,-0.350225,1.923118e+00,-1.993018e-01,2.604960e+00,0.957439,-0.770022,-0.336512,0.957493,-0.769759,-0.336495,0.046306,0.000565,0,a
13.180000,262,DS_interstep,1,-1.573795e+00,2.836809e-01,-2.325993e+00,-2.193993e-01,5.732107e-01,8.683007e-02,realized,4.241015e-02,5.641498e-01,-8.947583e-01,0.008779,0.241449,-0.308468,,,,0.748100,-0.580873,-0.350230,0.748100,-0.580873,-0.350230,1.545627e+00,-2.838360e-01,2.337089e+00,0.957429,-0.770079,-0.336521,0.957493,-0.769759,-0.336495,0.048098,0.000382,0,a
13.190000,263,DS_interstep,1,-1.197800e+00,3.027581e-01,-2.009305e+00,-1.691582e-01,4.310769e-01,-2.499389e-02,realized,4.824664e-02,5.625962e-01,-8.845903e-01,0.008944,0.241219,-0.308083,,,,0.748088,-0.580944,-0.350232,0.748088,-0.580944,-0.350232,1.167738e+00,-3.050965e-01,2.024703e+00,0.957418,-0.770139,-0.336529,0.957493,-0.769759,-0.336495,0.049663,0.000254,0,a
13.200000,264,DS_interstep,1,-9.115155e-01,2.381575e-01,-1.716161e+00,-1.248053e-01,2.951913e-01,-1.304037e-01,realized,5.268766e-02,5.613472e-01,-8.758550e-01,0.009101,0.240991,-0.307699,,,,0.748075,-0.581011,-0.350231,0.748075,-0.581011,-0.350231,8.886967e-01,-2.441717e-01,1.738254e+00,0.957406,-0.770201,-0.336538,0.957493,-0.769759,-0.336495,0.051809,0.000166,0,a
13.210000,265,DS_interstep,1,-6.909323e-01,1.656531e-01,-1.464500e+00,-8.980898e-02,1.854948e-01,-2.134660e-01,realized,5.606209e-02,5.604445e-01,-8.683513e-01,0.009252,0.240764,-0.307315,,,,0.748060,-0.581077,-0.350228,0.748060,-0.581077,-0.350228,6.754185e-01,-1.749277e-01,1.492024e+00,0.957392,-0.770264,-0.336546,0.957493,-0.769759,-0.336495,0.055041,0.000107,0,a
13.220000,266,DS_interstep,1,-4.779713e-01,1.425777e-01,-1.232265e+00,-6.223359e-02,9.741694e-02,-2.693510e-01,realized,5.837693e-02,5.596487e-01,-8.619993e-01,0.009397,0.240538,-0.306931,,,,0.748044,-0.581141,-0.350223,0.748044,-0.581141,-0.350223,4.635271e-01,-1.535506e-01,1.261756e+00,0.957377,-0.770328,-0.336553,0.957493,-0.769759,-0.336495,0.059525,0.000066,0,a
13.230000,267,DS_interstep,1,-2.659840e-01,1.305682e-01,-9.713252e-01,-4.099618e-02,1.502305e-02,-2.990237e-01,realized,5.961792e-02,5.589102e-01,-8.569542e-01,0.009534,0.240312,-0.306547,,,,0.748025,-0.581202,-0.350217,0.748025,-0.581202,-0.350217,2.487761e-01,-1.421131e-01,1.000410e+00,0.957360,-0.770393,-0.336560,0.957493,-0.769759,-0.336495,0.065166,0.000039,0,a
13.240000,268,DS_interstep,1,-5.399446e-02,1.104817e-01,-6.669524e-01,-2.172107e-02,-6.448861e-02,-3.076137e-01,realized,5.978355e-02,5.582711e-01,-8.534377e-01,0.009664,0.240088,-0.306162,,,,0.748005,-0.581262,-0.350211,0.748005,-0.581262,-0.350211,3.370974e-02,-1.222227e-01,6.947622e-01,0.957341,-0.770457,-0.336566,0.957493,-0.769759,-0.336495,0.071701,0.000022,0,a
13.250000,269,DS_interstep,1,1.286895e-01,7.549900e-02,-3.654460e-01,-4.321097e-03,-1.333621e-01,-3.028391e-01,realized,5.903489e-02,5.578051e-01,-8.514335e-01,0.009787,0.239864,-0.305779,,,,0.747984,-0.581319,-0.350203,0.747984,-0.581319,-0.350203,-1.491478e-01,-8.762154e-02,3.923141e-01,0.957321,-0.770521,-0.336570,0.957493,-0.769759,-0.336495,0.078792,0.000011,0,a
13.260000,270,DS_interstep,1,2.647597e-01,2.934403e-02,-1.022295e-01,9.900661e-03,-1.859341e-01,-2.891758e-01,realized,5.761686e-02,5.575676e-01,-8.507485e-01,0.009904,0.239641,-0.305395,,,,0.747961,-0.581373,-0.350195,0.747961,-0.581373,-0.350195,-2.830342e-01,-4.193107e-02,1.284819e-01,0.957300,-0.770584,-0.336574,0.957493,-0.769759,-0.336495,0.086110,0.000007,0,a
13.270000,271,DS_interstep,1,3.540195e-01,-2.024807e-02,1.103460e-01,2.038278e-02,-2.209736e-01,-2.689725e-01,realized,5.576901e-02,5.575761e-01,-8.511289e-01,0.010016,0.239418,-0.305013,,,,0.747937,-0.581426,-0.350187,0.747937,-0.581426,-0.350187,-3.690116e-01,7.282084e-03,-8.459493e-02,0.957277,-0.770645,-0.336576,0.957493,-0.769759,-0.336495,0.093382,0.000007,0,a
13.280000,272,DS_interstep,1,4.027139e-01,-6.629855e-02,2.692674e-01,2.715863e-02,-2.398235e-01,-2.447042e-01,realized,5.369595e-02,5.578136e-01,-8.523060e-01,0.010123,0.239196,-0.304630,,,,0.747912,-0.581476,-0.350178,0.747912,-0.581476,-0.350178,-4.140700e-01,5.307057e-02,-2.439456e-01,0.957252,-0.770705,-0.336577,0.957493,-0.769759,-0.336495,0.100407,0.000008,0,a
13.290000,273,DS_interstep,1,4.185448e-01,-1.044863e-01,3.761725e-01,3.063090e-02,-2.450309e-01,-2.189257e-01,realized,5.156186e-02,5.582411e-01,-8.540192e-01,0.010227,0.238974,-0.304249,,,,0.747886,-0.581525,-0.350170,0.747886,-0.581525,-0.350170,-4.262975e-01,9.108047e-02,-3.511623e-01,0.957227,-0.770764,-0.336577,0.957493,-0.769759,-0.336495,0.107055,0.000008,0,a
13.300000,274,DS_interstep,1,4.101745e-01,-1.321733e-01,4.359157e-01,3.154223e-02,-2.397421e-01,-1.940941e-01,realized,4.948606e-02,5.588064e-01,-8.560319e-01,0.010328,0.238753,-0.303868,,,,0.747860,-0.581572,-0.350161,0.747860,-0.581572,-0.350161,-4.146599e-01,1.186523e-01,-4.111020e-01,0.957200,-0.770820,-0.336576,0.957493,-0.769759,-0.336495,0.113255,0.000008,0,a
13.310000,275,DS_interstep,1,3.883585e-01,-1.516979e-01,4.666024e-01,3.093564e-02,-2.281164e-01,-1.698241e-01,realized,4.753245e-02,5.594693e-01,-8.581991e-01,0.010427,0.238531,-0.303489,,,,0.747834,-0.581617,-0.350153,0.747834,-0.581617,-0.350153,-3.902405e-01,1.381716e-01,-4.420015e-01,0.957173,-0.770875,-0.336574,0.957493,-0.769759,-0.336495,0.118983,0.000007,0,a
13.320000,276,DS_interstep,1,3.625589e-01,-1.635674e-01,4.819002e-01,2.969391e-02,-2.134846e-01,-1.460804e-01,realized,4.571701e-02,5.601921e-01,-8.604443e-01,0.010524,0.238311,-0.303110,,,,0.747807,-0.581660,-0.350144,0.747807,-0.581660,-0.350144,-3.626249e-01,1.501523e-01,-4.576409e-01,0.957145,-0.770928,-0.336571,0.957493,-0.769759,-0.336495,0.124243,0.000006,0,a
13.330000,277,DS_interstep,1,3.398103e-01,-1.694231e-01,4.926924e-01,2.863398e-02,-1.987693e-01,-1.231275e-01,realized,4.402046e-02,5.609452e-01,-8.627459e-01,0.010619,0.238090,-0.302732,,,,0.747780,-0.581703,-0.350136,0.747780,-0.581703,-0.350136,-3.388626e-01,1.562349e-01,-4.689410e-01,0.957117,-0.770980,-0.336568,0.957493,-0.769759,-0.336495,0.129059,0.000005,0,a
13.340000,278,DS_interstep,1,3.234360e-01,-1.709813e-01,5.042696e-01,2.825978e-02,-1.857766e-01,-1.015439e-01,realized,4.240792e-02,5.617076e-01,-8.651085e-01,0.010713,0.237871,-0.302355,,,,0.747753,-0.581743,-0.350127,0.747753,-0.581743,-0.350127,-3.220786e-01,1.580930e-01,-4.811468e-01,0.957088,-0.771030,-0.336563,0.957493,-0.769759,-0.336495,0.133460,0.000005,0,a
13.350000,279,DS_interstep,1,3.143456e-01,-1.697980e-01,5.190895e-01,2.878092e-02,-1.753162e-01,-8.160340e-02,realized,4.084096e-02,5.624657e-01,-8.675484e-01,0.010805,0.237652,-0.301979,,,,0.747726,-0.581782,-0.350119,0.747726,-0.581782,-0.350119,-3.129799e-01,1.572361e-01,-4.966595e-01,0.957058,-0.771079,-0.336558,0.957493,-0.769759,-0.336495,0.137480,0.000004,0,a
13.360000,280,DS_interstep,1,3.123583e-01,-1.665907e-01,5.375305e-01,3.023201e-02,-1.674997e-01,-6.347170e-02,realized,3.928268e-02,5.632093e-01,-8.700841e-01,0.010896,0.237433,-0.301605,,,,0.747700,-0.581820,-0.350110,0.747700,-0.581820,-0.350110,-3.112575e-01,1.543481e-01,-5.158177e-01,0.957028,-0.771126,-0.336553,0.957493,-0.769759,-0.336495,0.141150,0.000003,0,a
13.370000,281,DS_interstep,1,3.165834e-01,-1.616751e-01,5.588176e-01,3.253184e-02,-1.620200e-01,-4.722754e-02,realized,3.770117e-02,5.639297e-01,-8.727295e-01,0.010984,0.237215,-0.301232,,,,0.747673,-0.581855,-0.350101,0.747673,-0.581855,-0.350101,-3.159211e-01,1.497154e-01,-5.378025e-01,0.956998,-0.771172,-0.336547,0.957493,-0.769759,-0.336495,0.144498,0.000003,0,a
13.380000,282,DS_interstep,1,3.255124e-01,-1.550671e-01,5.810604e-01,3.550022e-02,-1.582652e-01,-3.296585e-02,realized,3.607249e-02,5.646181e-01,-8.754891e-01,0.011071,0.236998,-0.300861,,,,0.747647,-0.581889,-0.350092,0.747647,-0.581889,-0.350092,-3.253699e-01,1.433248e-01,-5.606718e-01,0.956967,-0.771216,-0.336540,0.957493,-0.769759,-0.336495,0.147549,0.000002,0,a
13.390000,283,DS_interstep,1,3.371228e-01,-1.467908e-01,6.017763e-01,3.887597e-02,-1.554444e-01,-2.076153e-02,realized,3.438328e-02,5.652657e-01,-8.783547e-01,0.011157,0.236782,-0.300491,,,,0.747622,-0.581922,-0.350083,0.747622,-0.581922,-0.350083,-3.374926e-01,1.351738e-01,-5.818853e-01,0.956936,-0.771259,-0.336533,0.957493,-0.769759,-0.336495,0.150326,0.000002,0,a
13.400000,284,DS_interstep,1,3.491033e-01,-1.369520e-01,6.182817e-01,4.234050e-02,-1.526957e-01,-1.064964e-02,realized,3.263212e-02,5.658641e-01,-8.813042e-01,0.011240,0.236566,-0.300123,,,,0.747597,-0.581952,-0.350074,0.747597,-0.581952,-0.350074,-3.499007e-01,1.253489e-01,-5.987094e-01,0.956905,-0.771299,-0.336526,0.957493,-0.769759,-0.336495,0.152846,0.000001,0,a
13.410000,285,DS_interstep,1,3.592524e-01,-1.258315e-01,6.284113e-01,4.556460e-02,-1.492432e-01,-2.553942e-03,realized,3.082883e-02,5.664065e-01,-8.843048e-01,0.011321,0.236351,-0.299757,,,,0.747572,-0.581981,-0.350065,0.747572,-0.581981,-0.350065,-3.603443e-01,1.141267e-01,-6.089518e-01,0.956874,-0.771339,-0.336518,0.957493,-0.769759,-0.336495,0.155128,0.000001,0,a
13.420000,286,DS_interstep,1,3.659322e-01,-1.138143e-01,6.310443e-01,4.826408e-02,-1.445363e-01,3.740867e-03,realized,2.899146e-02,5.668877e-01,-8.873180e-01,0.011401,0.236137,-0.299393,,,,0.747547,-0.582008,-0.350056,0.747547,-0.582008,-0.350056,-3.671774e-01,1.019062e-01,-6.114998e-01,0.956842,-0.771377,-0.336510,0.957493,-0.769759,-0.336495,0.157188,0.000001,0,a
13.430000,287,DS_interstep,1,3.683784e-01,-1.013075e-01,6.263769e-01,5.024731e-02,-1.383389e-01,8.583392e-03,realized,2.714174e-02,5.673049e-01,-8.903065e-01,0.011478,0.235923,-0.299030,,,,0.747523,-0.582033,-0.350047,0.747523,-0.582033,-0.350047,-3.696661e-01,8.912400e-02,-6.065907e-01,0.956810,-0.771413,-0.336501,0.957493,-0.769759,-0.336495,0.159041,0.000001,0,a
13.440000,288,DS_interstep,1,3.667152e-01,-8.865154e-02,6.157170e-01,5.143298e-02,-1.307229e-01,1.239648e-02,realized,2.530052e-02,5.676573e-01,-8.932399e-01,0.011554,0.235709,-0.298668,,,,0.747499,-0.582058,-0.350038,0.747499,-0.582058,-0.350038,-3.679850e-01,7.615584e-02,-5.955928e-01,0.956778,-0.771448,-0.336493,0.957493,-0.769759,-0.336495,0.160704,0.000001,0,a
13.450000,289,DS_interstep,1,3.616979e-01,-7.610303e-02,6.010046e-01,5.183678e-02,-1.219845e-01,1.560534e-02,realized,2.348462e-02,5.679454e-01,-8.960977e-01,0.011628,0.235496,-0.298308,,,,0.747476,-0.582080,-0.350029,0.747476,-0.582080,-0.350029,-3.629385e-01,6.329050e-02,-5.805065e-01,0.956746,-0.771481,-0.336484,0.957493,-0.769759,-0.336495,0.162194,0.000001,0,a
13.460000,290,DS_interstep,1,3.543485e-01,-6.385825e-02,5.842743e-01,5.153942e-02,-1.125261e-01,1.857720e-02,realized,2.170561e-02,5.681707e-01,-8.988699e-01,0.011700,0.235283,-0.297948,,,,0.747452,-0.582102,-0.350021,0.747452,-0.582102,-0.350021,-3.555805e-01,5.074661e-02,-5.634133e-01,0.956714,-0.771514,-0.336474,0.957493,-0.769759,-0.336495,0.163526,0.000002,0,a
13.470000,291,DS_interstep,1,3.456473e-01,-5.208880e-02,5.672729e-01,5.065270e-02,-1.027526e-01,2.159179e-02,realized,1.997007e-02,5.683358e-01,-9.015553e-01,0.011771,0.235070,-0.297590,,,,0.747429,-0.582122,-0.350012,0.747429,-0.582122,-0.350012,-3.469030e-01,3.870762e-02,-5.460888e-01,0.956682,-0.771545,-0.336465,0.957493,-0.769759,-0.336495,0.164715,0.000002,0,a
13.480000,292,DS_interstep,1,3.363573e-01,-4.095800e-02,5.512759e-01,4.929374e-02,-9.300327e-02,2.483770e-02,realized,1.828080e-02,5.684441e-01,-9.041593e-01,0.011839,0.234858,-0.297233,,,,0.747406,-0.582142,-0.350004,0.747406,-0.582142,-0.350004,-3.376648e-01,2.734042e-02,-5.298211e-01,0.956650,-0.771574,-0.336456,0.957493,-0.769759,-0.336495,0.165775,0.000002,0,a
13.490000,293,DS_interstep,1,3.269719e-01,-3.061996e-02,5.370667e-01,4.756982e-02,-8.352288e-02,2.842472e-02,realized,1.663821e-02,5.684997e-01,-9.066910e-01,0.011906,0.234646,-0.296877,,,,0.747383,-0.582160,-0.349995,0.747383,-0.582160,-0.349995,-3.283457e-01,1.679771e-02,-5.153957e-01,0.956618,-0.771603,-0.336446,0.957493,-0.769759,-0.336495,0.166718,0.000002,0,a
13.500000,294,DS_interstep,1,3.177398e-01,-2.120899e-02,5.250046e-01,4.557199e-02,-7.446133e-02,3.240092e-02,realized,1.504155e-02,5.685073e-01,-9.091614e-01,0.011972,0.234433,-0.296522,,,,0.747360,-0.582178,-0.349987,0.747360,-0.582178,-0.349987,-3.191781e-01,7.210270e-03,-5.031674e-01,0.956586,-0.771631,-0.336437,0.957493,-0.769759,-0.336495,0.167555,0.000002,0,a
13.510000,295,DS_interstep,1,3.087251e-01,-1.282991e-02,5.151266e-01,4.337427e-02,-6.588979e-02,3.676871e-02,realized,1.348979e-02,5.684723e-01,-9.115817e-01,0.012036,0.234221,-0.296167,,,,0.747337,-0.582195,-0.349979,0.747337,-0.582195,-0.349979,-3.102106e-01,-1.321039e-03,-4.931664e-01,0.956554,-0.771658,-0.336427,0.957493,-0.769759,-0.336495,0.168293,0.000003,0,a
13.520000,296,DS_interstep,1,2.998737e-01,-5.552050e-03,5.072504e-01,4.103605e-02,-5.782304e-02,4.149707e-02,realized,1.198229e-02,5.684002e-01,-9.139621e-01,0.012098,0.234009,-0.295814,,,,0.747315,-0.582211,-0.349972,0.747315,-0.582211,-0.349972,-3.013769e-01,-8.730223e-03,-4.852031e-01,0.956523,-0.771684,-0.336418,0.957493,-0.769759,-0.336495,0.168942,0.000003,0,a
13.530000,297,DS_interstep,1,2.910733e-01,5.922066e-04,5.010632e-01,3.860569e-02,-5.024192e-02,4.653044e-02,realized,1.051895e-02,5.682968e-01,-9.163111e-01,0.012158,0.233796,-0.295461,,,,0.747293,-0.582226,-0.349964,0.747293,-0.582226,-0.349964,-2.925568e-01,-1.498735e-02,-4.789577e-01,0.956491,-0.771708,-0.336408,0.957493,-0.769759,-0.336495,0.169506,0.000003,0,a
13.540000,298,DS_interstep,1,2.822003e-01,5.605996e-03,4.961917e-01,3.612419e-02,-4.311206e-02,5.179508e-02,realized,9.100362e-03,5.681680e-01,-9.186355e-01,0.012217,0.233584,-0.295109,,,,0.747270,-0.582241,-0.349957,0.747270,-0.582241,-0.349957,-2.836227e-01,-2.009711e-02,-4.740517e-01,0.956460,-0.771733,-0.336399,0.957493,-0.769759,-0.336495,0.169993,0.000003,0,a
13.550000,299,DS_interstep,1,2.731527e-01,9.524419e-03,4.922546e-01,3.362816e-02,-3.639774e-02,5.720417e-02,realized,7.727589e-03,5.680191e-01,-9.209400e-01,0.012275,0.233372,-0.294757,,,,0.747248,-0.582255,-0.349950,0.747248,-0.582255,-0.349950,-2.744730e-01,-2.409549e-02,-4.700994e-01,0.956430,-0.771756,-0.336390,0.957493,-0.769759,-0.336495,0.170405,0.000003,0,a
13.560000,300,DS_interstep,1,2.638699e-01,1.240970e-02,4.888976e-01,3.115187e-02,-3.007062e-02,6.266239e-02,realized,6.401995e-03,5.678554e-01,-9.232276e-01,0.012331,0.233160,-0.294407,,,,0.747227,-0.582269,-0.349943,0.747227,-0.582269,-0.349943,-2.650506e-01,-2.704521e-02,-4.667430e-01,0.956399,-0.771778,-0.336380,0.957493,-0.769759,-0.336495,0.170750,0.000003,0,a
13.570000,301,DS_interstep,1,2.543397e-01,1.434539e-02,4.858145e-01,2.872814e-02,-2.411380e-02,6.807055e-02,realized,5.124972e-03,5.676819e-01,-9.254997e-01,0.012386,0.232947,-0.294057,,,,0.747205,-0.582282,-0.349937,0.747205,-0.582282,-0.349937,-2.553491e-01,-2.903020e-02,-4.636739e-01,0.956369,-0.771800,-0.336371,0.957493,-0.769759,-0.336495,0.171030,0.000003,0,a
13.580000,302,DS_interstep,1,2.445957e-01,1.543003e-02,4.827566e-01,2.638822e-02,-1.852227e-02,7.333007e-02,realized,3.897710e-03,5.675028e-01,-9.277566e-01,0.012440,0.232735,-0.293708,,,,0.747183,-0.582294,-0.349930,0.747183,-0.582294,-0.349930,-2.454096e-01,-3.014946e-02,-4.606415e-01,0.956339,-0.771821,-0.336362,0.957493,-0.769759,-0.336495,0.171251,0.000003,0,a
13.590000,303,DS_interstep,1,2.347086e-01,1.577085e-02,4.795329e-01,2.416108e-02,-1.330080e-02,7.834736e-02,realized,2.721001e-03,5.673219e-01,-9.299974e-01,0.012492,0.232522,-0.293360,,,,0.747162,-0.582306,-0.349924,0.747162,-0.582306,-0.349924,-2.353107e-01,-3.051090e-02,-4.574529e-01,0.956310,-0.771841,-0.336353,0.957493,-0.769759,-0.336495,0.171417,0.000003,0,a
13.600000,304,DS_interstep,1,2.247732e-01,1.547783e-02,4.760050e-01,2.207227e-02,-8.460513e-03,8.303760e-02,realized,1.595127e-03,5.671424e-01,-9.322207e-01,0.012543,0.232310,-0.293012,,,,0.747141,-0.582318,-0.349918,0.747141,-0.582318,-0.349918,-2.251551e-01,-3.022554e-02,-4.539679e-01,0.956281,-0.771861,-0.336345,0.957493,-0.769759,-0.336495,0.171535,0.000003,0,a
13.610000,305,SS,2,9.208620e-01,-1.407748e+00,4.847666e+00,2.014496e-02,9.091946e-02,4.302690e-01,planned,-1.743904e-02,5.738901e-01,-9.977787e-01,0.012938,0.230213,-0.289698,-1.161268e-03,2.737015e-04,7.525095e-04,0.747005,-0.582408,-0.349907,0.775575,-0.553974,-0.346451,-7.027445e-01,7.727766e-01,-2.402638e+00,0.956072,-0.771985,-0.336258,0.956316,-0.771841,-0.336342,0.172976,0.799660,1,b
13.710000,306,SS,2,1.028701e+00,-1.457713e+00,4.982653e+00,1.122341e-01,3.113454e-01,8.254089e-02,planned,-5.552017e-02,6.176320e-01,-1.127144e+00,0.012927,0.228300,-0.286856,,,,0.747268,-0.582326,-0.349995,0.782943,-0.550883,-0.346333,-9.555734e-01,1.326608e+00,-3.648524e+00,0.956136,-0.771910,-0.336140,0.956586,-0.771683,-0.336325,0.169882,0.797579,1,b
13.810000,307,SS,2,1.060945e+00,-1.357906e+00,5.385002e+00,1.894884e-01,5.944100e-01,2.786377e-01,planned,-1.046583e-01,6.842603e-01,-1.312475e+00,0.012380,0.226672,-0.284695,,,,0.748189,-0.581991,-0.350199,0.790825,-0.548151,-0.346315,-1.156894e+00,1.782985e+00,-4.726019e+00,0.956606,-0.771554,-0.335978,0.957304,-0.771263,-0.336278,0.162501,0.792382,1,b
13.910000,308,SS,2,1.014801e+00,-1.224217e+00,5.628735e+00,2.240912e-01,8.492621e-01,4.980791e-01,planned,-1.627290e-01,7.716897e-01,-1.532238e+00,0.011205,0.225413,-0.283396,,,,0.749961,-0.581338,-0.350519,0.799365,-0.545880,-0.346426,-1.303715e+00,2.181987e+00,-5.000000e+00,0.957587,-0.770846,-0.335767,0.958632,-0.770487,-0.336192,0.152219,0.783009,1,b
14.010000,309,SS,2,8.988033e-01,-1.055162e+00,5.779229e+00,2.197869e-01,1.072022e+00,8.053976e-01,planned,-2.268535e-01,8.762311e-01,-1.754573e+00,0.009340,0.224589,-0.283160,,,,0.752736,-0.580315,-0.350948,0.808393,-0.543956,-0.346637,-1.376434e+00,2.487485e+00,-5.000000e+00,0.959164,-0.769734,-0.335507,0.960678,-0.769291,-0.336060,0.139743,0.768716,1,b
14.110000,310,SS,2,7.177921e-01,-8.681990e-01,5.823229e+00,1.741377e-01,1.247046e+00,1.168982e+00,planned,-2.938732e-01,9.941179e-01,-1.979383e+00,0.006768,0.224250,-0.284160,,,,0.756618,-0.578881,-0.351467,0.817864,-0.542344,-0.346938,-1.381856e+00,2.714615e+00,-5.000000e+00,0.961392,-0.768178,-0.335200,0.963509,-0.767636,-0.335877,0.125840,0.749063,1,b
14.210000,311,SS,2,4.791335e-01,-6.776142e-01,5.749425e+00,8.515199e-02,1.361366e+00,1.555134e+00,planned,-3.610625e-01,1.122007e+00,-2.206972e+00,0.003504,0.224430,-0.286494,,,,0.761664,-0.577012,-0.352049,0.827722,-0.541011,-0.347322,-1.330704e+00,2.867650e+00,-5.000000e+00,0.964306,-0.766160,-0.334854,0.967149,-0.765508,-0.335641,0.111193,0.723884,1,b
14.310000,312,SS,2,1.900303e-01,-4.911921e-01,5.563613e+00,-4.814545e-02,1.409857e+00,1.947062e+00,planned,-4.260393e-01,1.256572e+00,-2.437479e+00,-0.000410,0.225151,-0.290192,,,,0.767887,-0.574698,-0.352663,0.837824,-0.539853,-0.347758,-1.231690e+00,2.947484e+00,-5.000000e+00,0.967913,-0.763676,-0.334478,0.971588,-0.762913,-0.335354,0.096381,0.693261,1,b
14.410000,313,SS,2,-1.410174e-01,-3.085392e-01,5.271614e+00,-2.256331e-01,1.395311e+00,2.327391e+00,planned,-4.867772e-01,1.394477e+00,-2.670887e+00,-0.004906,0.226419,-0.295212,,,,0.775264,-0.571944,-0.353270,0.848119,-0.538846,-0.348243,-1.093558e+00,2.954339e+00,-5.000000e+00,0.972198,-0.760739,-0.334080,0.976782,-0.759877,-0.335018,0.081884,0.657495,1,b
14.510000,314,SS,2,-5.056302e-01,-1.271505e-01,4.885646e+00,-4.446235e-01,1.328905e+00,2.680261e+00,planned,-5.415082e-01,1.532317e+00,-2.907033e+00,-0.009897,0.228228,-0.301450,,,,0.783730,-0.568767,-0.353835,0.858495,-0.537904,-0.348747,-9.216292e-01,2.887143e+00,-5.000000e+00,0.977125,-0.757377,-0.333671,0.982660,-0.756440,-0.334637,0.068085,0.617076,1,b
14.610000,315,SS,2,-8.889944e-01,6.768314e-02,4.415323e+00,-6.988536e-01,1.228266e+00,2.989663e+00,planned,-5.887553e-01,1.666231e+00,-3.145614e+00,-0.015281,0.230558,-0.308738,,,,0.793190,-0.565201,-0.354324,0.868755,-0.536921,-0.349245,-7.332749e-01,2.720911e+00,-5.000000e+00,0.982638,-0.753633,-0.333261,0.989128,-0.752659,-0.334218,0.055346,0.572649,1,b
14.710000,316,SS,2,-1.279764e+00,2.862256e-01,3.901492e+00,-9.771628e-01,1.124139e+00,3.261034e+00,planned,-6.292109e-01,1.790693e+00,-3.364197e+00,-0.020950,0.233369,-0.316826,,,,0.803516,-0.561305,-0.354716,0.878984,-0.535928,-0.349739,-5.696881e-01,2.447454e+00,-3.945983e+00,0.988637,-0.749584,-0.332862,0.996073,-0.748600,-0.333769,0.044931,0.524928,1,b
14.810000,317,SS,2,-1.667639e+00,5.856203e-01,3.466673e+00,-1.273848e+00,1.082063e+00,3.591082e+00,planned,-6.608085e-01,1.901175e+00,-3.535017e+00,-0.026791,0.236605,-0.325490,,,,0.814544,-0.557152,-0.355002,0.888659,-0.534645,-0.350148,-3.315720e-01,2.084682e+00,-2.804194e+00,0.994996,-0.745320,-0.332486,1.003366,-0.744336,-0.333297,0.038661,0.474742,1,b
14.910000,318,SS,2,-2.033456e+00,9.380919e-01,3.080843e+00,-1.567030e+00,1.108064e+00,3.901119e+00,planned,-6.807126e-01,1.994017e+00,-3.653589e+00,-0.032665,0.240189,-0.334527,,,,0.826090,-0.552832,-0.355179,0.898255,-0.533320,-0.350545,-5.788624e-02,1.658016e+00,-1.630835e+00,1.001601,-0.740925,-0.332143,1.010869,-0.739950,-0.332811,0.038468,0.423046,1,b
15.010000,319,SS,2,-2.331399e+00,1.344721e+00,2.683956e+00,-1.826842e+00,1.188898e+00,4.114682e+00,planned,-6.880260e-01,2.065916e+00,-3.718657e+00,-0.038424,0.244033,-0.343731,,,,0.837954,-0.548439,-0.355242,0.906690,-0.531426,-0.350761,2.184538e-01,1.164517e+00,-4.587880e-01,1.008342,-0.736471,-0.331838,1.018437,-0.735526,-0.332321,0.045816,0.370860,1,b
15.110000,320,SS,2,-2.552580e+00,1.745264e+00,2.284653e+00,-2.034166e+00,1.304495e+00,4.200277e+00,planned,-6.851257e-01,2.114057e+00,-3.733156e+00,-0.043937,0.248037,-0.352905,,,,0.849920,-0.544056,-0.355191,0.914986,-0.529487,-0.350958,4.531389e-01,6.519966e-01,6.914607e-01,1.015120,-0.732026,-0.331571,1.025924,-0.731149,-0.331837,0.059376,0.319217,1,b
15.210000,321,SS,2,-2.717388e+00,2.156919e+00,1.791848e+00,-2.201435e+00,1.428150e+00,4.152224e+00,planned,-6.639365e-01,2.134916e+00,-3.687237e+00,-0.049042,0.252090,-0.361837,,,,0.861786,-0.539784,-0.355036,0.921504,-0.527116,-0.350939,7.114929e-01,5.163587e-03,1.757541e+00,1.021843,-0.727661,-0.331340,1.033184,-0.726905,-0.331367,0.079568,0.269133,1,b
15.310000,322,SS,2,-2.721448e+00,2.515526e+00,1.280651e+00,-2.230810e+00,1.566391e+00,3.921521e+00,planned,-6.389188e-01,2.127641e+00,-3.599216e+00,-0.053655,0.256073,-0.370355,,,,0.873324,-0.535693,-0.354781,0.927708,-0.524770,-0.350895,8.604773e-01,-6.003874e-01,2.774888e+00,1.028421,-0.723430,-0.331140,1.040081,-0.722873,-0.330921,0.101744,0.221571,1,b
15.410000,323,SS,2,-2.729189e+00,2.819951e+00,6.600482e-01,-2.258169e+00,1.658776e+00,3.577617e+00,planned,-6.038605e-01,2.090448e+00,-3.462227e+00,-0.057692,0.259867,-0.378287,,,,0.884332,-0.531840,-0.354438,0.931955,-0.522581,-0.350698,1.029047e+00,-1.245764e+00,3.727870e+00,1.034771,-0.719392,-0.330965,1.046487,-0.719128,-0.330506,0.124227,0.177417,1,b
15.510000,324,SS,2,-2.639252e+00,3.033476e+00,3.631196e-02,-2.195183e+00,1.726382e+00,3.108950e+00,planned,-5.627421e-01,2.023456e+00,-3.284532e+00,-0.061082,0.263353,-0.385480,,,,0.894619,-0.528289,-0.354027,0.935648,-0.520615,-0.350481,1.102225e+00,-1.858605e+00,4.493402e+00,1.040816,-0.715606,-0.330805,1.052292,-0.715735,-0.330130,0.145030,0.137446,1,b
15.610000,325,SS,2,-2.516143e+00,3.177445e+00,-7.291222e-01,-2.074580e+00,1.745306e+00,2.526743e+00,planned,-5.178224e-01,1.928095e+00,-3.074241e+00,-0.063793,0.266419,-0.391805,,,,0.904018,-0.525081,-0.353568,0.937442,-0.519413,-0.350196,1.140918e+00,-2.431434e+00,5.000000e+00,1.046488,-0.712125,-0.330652,1.057403,-0.712747,-0.329799,0.161835,0.102295,1,b
15.710000,326,SS,2,-2.327961e+00,3.188368e+00,-1.412352e+00,-1.904592e+00,1.709561e+00,1.868966e+00,planned,-4.707824e-01,1.807206e+00,-2.860935e+00,-0.065812,0.268966,-0.397121,,,,0.912391,-0.522250,-0.353085,0.938674,-0.518587,-0.350000,1.133303e+00,-2.935120e+00,5.000000e+00,1.051725,-0.708997,-0.330501,1.061752,-0.710204,-0.329518,0.172599,0.072440,1,b
15.810000,327,SS,2,-2.082986e+00,3.081937e+00,-1.988248e+00,-1.694081e+00,1.625304e+00,1.173445e+00,planned,-4.244740e-01,1.663466e+00,-2.645297e+00,-0.067151,0.270911,-0.401254,,,,0.919636,-0.519827,-0.352611,0.938674,-0.518587,-0.350000,1.061093e+00,-3.358368e+00,5.000000e+00,1.056457,-0.706270,-0.330347,1.065301,-0.708130,-0.329288,0.177389,0.048124,1,b
15.910000,328,SS,2,-1.808809e+00,2.881157e+00,-2.361518e+00,-1.455348e+00,1.530610e+00,5.533318e-01,planned,-3.805008e-01,1.502814e+00,-2.426961e+00,-0.067847,0.272188,-0.404077,,,,0.925692,-0.517832,-0.352180,0.938674,-0.518587,-0.350000,9.737570e-01,-3.615903e+00,5.000000e+00,1.060615,-0.703982,-0.330189,1.068040,-0.706528,-0.329111,0.177149,0.029407,1,b
16.010000,329,SS,2,-1.519826e+00,2.594882e+00,-2.547867e+00,-1.200164e+00,1.422762e+00,1.761092e-02,planned,-3.394853e-01,1.334128e+00,-2.205737e+00,-0.067948,0.272766,-0.405552,,,,0.930552,-0.516267,-0.351821,0.938674,-0.518587,-0.350000,8.715579e-01,-3.661126e+00,5.000000e+00,1.064160,-0.702148,-0.330028,1.070001,-0.705382,-0.328984,0.172751,0.016239,1,b
16.110000,330,SS,2,-1.224213e+00,2.238973e+00,-2.574753e+00,-9.353530e-01,1.297395e+00,-4.274349e-01,planned,-3.023601e-01,1.168121e+00,-1.981657e+00,-0.067519,0.272655,-0.405749,,,,0.934269,-0.515119,-0.351554,0.938674,-0.518587,-0.350000,7.504529e-01,-3.462844e+00,5.000000e+00,1.067089,-0.700761,-0.329864,1.071253,-0.704650,-0.328903,0.165067,0.008594,1,b
16.210000,331,SS,2,-9.359306e-01,1.836362e+00,-2.473793e+00,-6.736232e-01,1.149909e+00,-7.695379e-01,planned,-2.702079e-01,1.016864e+00,-1.756808e+00,-0.066636,0.271909,-0.404853,,,,0.936971,-0.514349,-0.351386,0.938674,-0.518587,-0.350000,6.074993e-01,-2.999036e+00,4.749968e+00,1.069437,-0.699783,-0.329697,1.071912,-0.704265,-0.328860,0.154792,0.006062,1,b
16.310000,332,SS,2,-6.710720e-01,1.416488e+00,-2.284702e+00,-4.297343e-01,9.761711e-01,-9.956553e-01,planned,-2.443249e-01,8.933300e-01,-1.564500e+00,-0.065397,0.270634,-0.403138,,,,0.938860,-0.513895,-0.351313,0.938674,-0.518587,-0.350000,4.391541e-01,-2.258263e+00,3.440284e+00,1.071278,-0.699147,-0.329527,1.072143,-0.704130,-0.328845,0.142486,0.005898,1,b
16.410000,333,SS,2,-4.477740e-01,1.014084e+00,-2.052544e+00,-2.201778e-01,7.720163e-01,-1.089507e+00,planned,-2.265519e-01,8.114008e-01,-1.442227e+00,-0.063920,0.268988,-0.400878,,,,0.940215,-0.513671,-0.351318,0.938674,-0.518587,-0.350000,2.287419e-01,-1.224424e+00,1.891545e+00,1.072736,-0.698759,-0.329353,1.072166,-0.704117,-0.328844,0.128795,0.005822,1,b
16.510000,334,SS,2,-2.920892e-01,6.840213e-01,-1.808314e+00,-6.853262e-02,5.503245e-01,-1.013999e+00,planned,-2.117932e-01,7.650463e-01,-1.352162e+00,-0.062309,0.267150,-0.398285,,,,0.941299,-0.513584,-0.351369,0.938674,-0.518587,-0.350000,2.807999e-01,-7.854747e-01,1.712484e+00,1.073925,-0.698538,-0.329180,1.072166,-0.704117,-0.328844,0.118439,0.005575,1,b
16.610000,335,SS,2,-1.935204e-01,5.163389e-01,-1.414139e+00,2.709266e-02,4.294660e-01,-6.957266e-01,planned,-1.950709e-01,7.287863e-01,-1.273881e+00,-0.060562,0.265194,-0.395411,,,,0.942167,-0.513611,-0.351432,0.938674,-0.518587,-0.350000,2.718739e-01,-6.204743e-01,1.446988e+00,1.074872,-0.698460,-0.329024,1.072166,-0.704117,-0.328844,0.110021,0.005282,1,b
16.710000,336,SS,2,-1.354350e-01,3.709512e-01,-1.187631e+00,6.360351e-02,3.162887e-01,-5.738357e-01,planned,-1.804517e-01,6.984730e-01,-1.206328e+00,-0.058700,0.263149,-0.392305,,,,0.942832,-0.513738,-0.351489,0.938674,-0.518587,-0.350000,2.119676e-01,-5.093263e-01,1.221876e+00,1.075599,-0.698502,-0.328891,1.072166,-0.704117,-0.328844,0.101033,0.005008,1,b
16.810000,337,SS,2,-1.010023e-01,2.491085e-01,-9.764731e-01,7.513688e-02,2.191977e-01,-4.600874e-01,planned,-1.677993e-01,6.718756e-01,-1.147741e+00,-0.056756,0.261036,-0.389005,,,,0.943319,-0.513940,-0.351535,0.938674,-0.518587,-0.350000,1.710215e-01,-4.389714e-01,1.032648e+00,1.076127,-0.698645,-0.328781,1.072166,-0.704117,-0.328844,0.091898,0.004776,1,b
16.920000,338,DS_interstep,2,3.781771e-01,1.030010e+00,-3.084206e-01,2.960602e-02,2.791744e-01,-1.460139e-01,realized,-1.696002e-01,6.666325e-01,-1.146039e+00,-0.056514,0.260864,-0.388610,-1.163451e-03,2.799663e-04,7.535327e-04,0.943360,-0.513985,-0.351525,0.943360,-0.513985,-0.351525,-3.617279e-01,-1.041850e+00,3.292510e-01,1.076170,-0.698665,-0.328771,1.076170,-0.698665,-0.328771,0.091024,0.004482,0,b
16.930000,339,DS_interstep,2,2.980607e+00,7.640299e+00,-8.226761e+00,1.847874e+00,5.915248e-01,-9.583304e-01,realized,-1.827786e-01,6.416001e-01,-1.120983e+00,-0.056219,0.260682,-0.388101,,,,0.943392,-0.514074,-0.351518,0.943392,-0.514074,-0.351518,-2.637394e+00,-5.000000e+00,5.000000e+00,1.076203,-0.698704,-0.328770,1.076170,-0.698665,-0.328771,0.091285,0.003579,0,b
16.940000,340,DS_interstep,2,-2.030026e-01,6.334757e+00,-1.535063e+01,1.624216e+00,3.720407e-01,-1.724758e+00,realized,-1.808940e-01,6.165689e-01,-1.095928e+00,-0.055905,0.260465,-0.387513,,,,0.943414,-0.514195,-0.351524,0.943414,-0.514195,-0.351524,3.751230e-01,-5.000000e+00,5.000000e+00,1.076226,-0.698771,-0.328783,1.076170,-0.698665,-0.328771,0.092902,0.002704,0,b
16.950000,341,DS_interstep,2,-2.491913e+00,4.098699e+00,-1.801013e+01,1.117365e+00,1.506908e-02,-2.349271e+00,realized,-1.681341e-01,5.952209e-01,-1.070874e+00,-0.055590,0.260219,-0.386874,,,,0.943425,-0.514334,-0.351541,0.943425,-0.514334,-0.351541,2.550219e+00,-4.263584e+00,5.000000e+00,1.076236,-0.698868,-0.328805,1.076170,-0.698665,-0.328771,0.095664,0.001973,0,b
16.960000,342,DS_interstep,2,-3.470384e+00,2.358316e+00,-1.764494e+01,6.594486e-01,-2.723611e-01,-2.712710e+00,realized,-1.507315e-01,5.827943e-01,-1.045822e+00,-0.055280,0.259953,-0.386204,,,,0.943425,-0.514483,-0.351564,0.943425,-0.514483,-0.351564,3.478924e+00,-2.479462e+00,5.000000e+00,1.076231,-0.698991,-0.328831,1.076170,-0.698665,-0.328771,0.099366,0.001406,0,b
16.970000,343,DS_interstep,2,-3.791060e+00,9.043044e-01,-1.560716e+01,2.593512e-01,-4.434177e-01,-2.765970e+00,realized,-1.317845e-01,5.778255e-01,-1.020770e+00,-0.054976,0.259677,-0.385516,,,,0.943415,-0.514636,-0.351588,0.943415,-0.514636,-0.351588,3.787980e+00,-9.879563e-01,5.000000e+00,1.076212,-0.699135,-0.328857,1.076170,-0.698665,-0.328771,0.103824,0.000984,0,b
16.980000,344,DS_interstep,2,-3.478949e+00,2.050608e-01,-1.265986e+01,-6.536473e-02,-4.313686e-01,-2.569178e+00,realized,-1.143520e-01,5.765415e-01,-9.957197e-01,-0.054674,0.259398,-0.384822,,,,0.943394,-0.514788,-0.351610,0.943394,-0.514788,-0.351610,3.485263e+00,-2.510264e-01,5.000000e+00,1.076178,-0.699293,-0.328880,1.076170,-0.698665,-0.328771,0.108911,0.000680,0,b
16.990000,345,DS_interstep,2,-2.875279e+00,-6.588415e-02,-9.468501e+00,-2.841213e-01,-3.178753e-01,-2.147804e+00,realized,-9.986028e-02,5.767432e-01,-9.706705e-01,-0.054372,0.259120,-0.384129,,,,0.943364,-0.514938,-0.351629,0.943364,-0.514938,-0.351629,2.897278e+00,4.609888e-02,5.000000e+00,1.076131,-0.699459,-0.328898,1.076170,-0.698665,-0.328771,0.114599,0.000463,0,b
17.000000,346,DS_interstep,2,-2.262219e+00,-1.221619e-01,-6.747225e+00,-4.125900e-01,-1.841905e-01,-1.694510e+00,realized,-8.838777e-02,5.772776e-01,-9.456225e-01,-0.054068,0.258844,-0.383441,,,,0.943326,-0.515085,-0.351643,0.943326,-0.515085,-0.351643,2.293564e+00,1.126527e-01,5.000000e+00,1.076072,-0.699629,-0.328912,1.076170,-0.698665,-0.328771,0.120877,0.000312,0,b
17.010000,347,DS_interstep,2,-1.921552e+00,-3.337773e-01,-4.691552e+00,-5.314986e-01,-8.869036e-02,-1.321948e+00,realized,-7.860604e-02,5.788752e-01,-9.219856e-01,-0.053762,0.258572,-0.382760,,,,0.943280,-0.515227,-0.351654,0.943280,-0.515227,-0.351654,1.955516e+00,3.253125e-01,4.718032e+00,1.076003,-0.699800,-0.328921,1.076170,-0.698665,-0.328771,0.127669,0.000208,0,b
17.020000,348,DS_interstep,2,-1.573107e+00,-4.640303e-01,-2.807417e+00,-6.147906e-01,1.479136e-02,-9.387270e-01,realized,-7.054923e-02,5.811532e-01,-9.078521e-01,-0.053453,0.258304,-0.382090,,,,0.943228,-0.515364,-0.351660,0.943228,-0.515364,-0.351660,1.610622e+00,4.614098e-01,2.817545e+00,1.075925,-0.699969,-0.328926,1.076170,-0.698665,-0.328771,0.134838,0.000137,0,b
17.030000,349,DS_interstep,2,-1.240836e+00,-5.351066e-01,-1.112978e+00,-6.710727e-01,1.222445e-01,-5.484510e-01,realized,-6.414086e-02,5.838036e-01,-9.022101e-01,-0.053141,0.258040,-0.381430,,,,0.943171,-0.515495,-0.351662,0.943171,-0.515495,-0.351662,1.281007e+00,5.359105e-01,1.119313e+00,1.075841,-0.700135,-0.328927,1.076170,-0.698665,-0.328771,0.142213,0.000088,0,b
17.040000,350,DS_interstep,2,-9.530101e-01,-5.803986e-01,3.414845e-01,-7.078814e-01,2.217365e-01,-1.772384e-01,realized,-5.916803e-02,5.866856e-01,-9.038544e-01,-0.052825,0.257781,-0.380781,,,,0.943109,-0.515620,-0.351660,0.943109,-0.515620,-0.351660,9.939555e-01,5.822600e-01,-3.378949e-01,1.075752,-0.700294,-0.328925,1.076170,-0.698665,-0.328771,0.149606,0.000056,0,b
17.050000,351,DS_interstep,2,-7.083347e-01,-6.139179e-01,1.552535e+00,-7.267792e-01,3.044886e-01,1.561276e-01,realized,-5.542339e-02,5.897342e-01,-9.115645e-01,-0.052507,0.257527,-0.380143,,,,0.943043,-0.515740,-0.351654,0.943043,-0.515740,-0.351654,7.483583e-01,6.156021e-01,-1.551130e+00,1.075660,-0.700448,-0.328919,1.076170,-0.698665,-0.328771,0.156833,0.000034,0,b
17.060000,352,DS_interstep,2,-4.996554e-01,-6.415680e-01,2.530340e+00,-7.284922e-01,3.654784e-01,4.393800e-01,realized,-5.273322e-02,5.929167e-01,-9.241714e-01,-0.052186,0.257276,-0.379517,,,,0.942976,-0.515853,-0.351645,0.942976,-0.515853,-0.351645,5.374975e-01,6.424230e-01,-2.530578e+00,1.075566,-0.700593,-0.328910,1.076170,-0.698665,-0.328771,0.163734,0.000021,0,b
17.070000,353,DS_interstep,2,-3.218737e-01,-6.672975e-01,3.287666e+00,-7.142322e-01,4.023754e-01,6.659913e-01,realized,-5.094667e-02,5.962219e-01,-9.405688e-01,-0.051864,0.257029,-0.378901,,,,0.942907,-0.515960,-0.351632,0.942907,-0.515960,-0.351632,3.567938e-01,6.669898e-01,-3.288818e+00,1.075473,-0.700731,-0.328900,1.076170,-0.698665,-0.328771,0.170189,0.000013,0,b
17.080000,354,DS_interstep,2,-1.806528e-01,-6.946344e-01,3.804932e+00,-6.860095e-01,4.128770e-01,8.243833e-01,realized,-4.988078e-02,5.996555e-01,-9.595469e-01,-0.051541,0.256785,-0.378296,,,,0.942837,-0.516061,-0.351617,0.942837,-0.516061,-0.351617,2.126745e-01,6.927151e-01,-3.805134e+00,1.075381,-0.700860,-0.328887,1.076170,-0.698665,-0.328771,0.176141,0.000011,0,b
17.090000,355,DS_interstep,2,-6.926828e-02,-7.065224e-01,4.062907e+00,-6.443162e-01,3.995270e-01,8.972899e-01,realized,-4.938721e-02,6.031395e-01,-9.798013e-01,-0.051219,0.256545,-0.377700,,,,0.942768,-0.516156,-0.351600,0.942768,-0.516156,-0.351600,9.821633e-02,7.028242e-01,-4.060593e+00,1.075291,-0.700981,-0.328873,1.076170,-0.698665,-0.328771,0.181590,0.000011,0,b
17.100000,356,DS_interstep,2,1.276285e-02,-7.069108e-01,4.111069e+00,-5.941794e-01,3.697727e-01,9.027103e-01,realized,-4.931642e-02,6.066175e-01,-1.000280e+00,-0.050896,0.256306,-0.377113,,,,0.942699,-0.516246,-0.351581,0.942699,-0.516246,-0.351581,1.366271e-02,7.016479e-01,-4.105755e+00,1.075203,-0.701095,-0.328857,1.076170,-0.698665,-0.328771,0.186582,0.000013,0,b
17.110000,357,DS_interstep,2,7.361238e-02,-7.207166e-01,4.066908e+00,-5.387739e-01,3.287754e-01,8.835564e-01,realized,-4.956063e-02,6.101608e-01,-1.020529e+00,-0.050575,0.256070,-0.376534,,,,0.942632,-0.516331,-0.351560,0.942632,-0.516331,-0.351560,-4.933741e-02,7.147366e-01,-4.059816e+00,1.075118,-0.701202,-0.328840,1.076170,-0.698665,-0.328771,0.191171,0.000015,0,b
17.120000,358,DS_interstep,2,1.247372e-01,-7.485786e-01,4.001242e+00,-4.844474e-01,2.808135e-01,8.556789e-01,realized,-5.007180e-02,6.138424e-01,-1.040446e+00,-0.050255,0.255836,-0.375964,,,,0.942565,-0.516411,-0.351538,0.942565,-0.516411,-0.351538,-1.027351e-01,7.424595e-01,-3.993708e+00,1.075036,-0.701301,-0.328822,1.076170,-0.698665,-0.328771,0.195408,0.000016,0,b
17.130000,359,DS_interstep,2,2.071428e-01,-7.779347e-01,3.992269e+00,-4.178207e-01,2.272748e-01,8.396130e-01,realized,-5.100941e-02,6.176716e-01,-1.060317e+00,-0.049937,0.255604,-0.375401,,,,0.942500,-0.516486,-0.351515,0.942500,-0.516486,-0.351515,-1.880313e-01,7.719869e-01,-3.984722e+00,1.074957,-0.701394,-0.328802,1.076170,-0.698665,-0.328771,0.199328,0.000017,0,b
17.140000,360,DS_interstep,2,2.970694e-01,-7.721994e-01,3.972159e+00,-3.562639e-01,1.821290e-01,8.179033e-01,realized,-5.241037e-02,6.214724e-01,-1.080089e+00,-0.049622,0.255375,-0.374847,,,,0.942437,-0.516556,-0.351490,0.942437,-0.516556,-0.351490,-2.807152e-01,7.663725e-01,-3.965211e+00,1.074881,-0.701480,-0.328781,1.076170,-0.698665,-0.328771,0.202958,0.000017,0,b
17.150000,361,DS_interstep,2,3.942388e-01,-7.553907e-01,3.954682e+00,-2.963172e-01,1.383917e-01,7.893239e-01,realized,-5.431100e-02,6.251917e-01,-1.099778e+00,-0.049310,0.255148,-0.374301,,,,0.942375,-0.516621,-0.351464,0.942375,-0.516621,-0.351464,-3.806651e-01,7.500826e-01,-3.948552e+00,1.074809,-0.701560,-0.328759,1.076170,-0.698665,-0.328771,0.206334,0.000016,0,b
17.160000,362,DS_interstep,2,4.913329e-01,-7.269667e-01,3.903016e+00,-2.361884e-01,9.430286e-02,7.448726e-01,realized,-5.671000e-02,6.287694e-01,-1.119205e+00,-0.049002,0.254923,-0.373762,,,,0.942316,-0.516683,-0.351438,0.942316,-0.516683,-0.351438,-4.803609e-01,7.218148e-01,-3.896652e+00,1.074740,-0.701634,-0.328737,1.076170,-0.698665,-0.328771,0.209492,0.000015,0,b
17.170000,363,DS_interstep,2,5.766911e-01,-6.909848e-01,3.799790e+00,-1.781701e-01,5.124443e-02,6.843071e-01,realized,-5.954617e-02,6.321665e-01,-1.138111e+00,-0.048698,0.254701,-0.373231,,,,0.942260,-0.516739,-0.351411,0.942260,-0.516739,-0.351411,-5.678222e-01,6.857345e-01,-3.792490e+00,1.074675,-0.701703,-0.328713,1.076170,-0.698665,-0.328771,0.212474,0.000014,0,b
17.180000,364,DS_interstep,2,6.470470e-01,-6.537065e-01,3.652870e+00,-1.229170e-01,9.772210e-03,6.124729e-01,realized,-6.274242e-02,6.353762e-01,-1.156275e+00,-0.048398,0.254480,-0.372707,,,,0.942207,-0.516792,-0.351384,0.942207,-0.516792,-0.351384,-6.398691e-01,6.482828e-01,-3.644310e+00,1.074613,-0.701766,-0.328689,1.076170,-0.698665,-0.328771,0.215314,0.000013,0,b
17.190000,365,DS_interstep,2,7.028672e-01,-6.173448e-01,3.475907e+00,-7.113891e-02,-2.896959e-02,5.349298e-01,realized,-6.622438e-02,6.384029e-01,-1.173547e+00,-0.048102,0.254262,-0.372189,,,,0.942156,-0.516841,-0.351356,0.942156,-0.516841,-0.351356,-6.970465e-01,6.117102e-01,-3.465976e+00,1.074555,-0.701825,-0.328663,1.076170,-0.698665,-0.328771,0.218042,0.000013,0,b
17.200000,366,DS_interstep,2,7.457505e-01,-5.818149e-01,3.281995e+00,-2.360902e-02,-6.369151e-02,4.566344e-01,realized,-6.992595e-02,6.412505e-01,-1.189841e+00,-0.047811,0.254046,-0.371677,,,,0.942109,-0.516886,-0.351329,0.942109,-0.516886,-0.351329,-7.410013e-01,5.759319e-01,-3.270683e+00,1.074500,-0.701878,-0.328638,1.076170,-0.698665,-0.328771,0.220679,0.000012,0,b
17.210000,367,DS_interstep,2,7.773577e-01,-5.462562e-01,3.081702e+00,1.898116e-02,-9.332109e-02,3.815339e-01,realized,-7.378944e-02,6.439188e-01,-1.205127e+00,-0.047525,0.253831,-0.371170,,,,0.942064,-0.516928,-0.351302,0.942064,-0.516928,-0.351302,-7.734259e-01,5.400796e-01,-3.069055e+00,1.074449,-0.701928,-0.328611,1.076170,-0.698665,-0.328771,0.223234,0.000011,0,b
17.220000,368,DS_interstep,2,7.991370e-01,-5.098130e-01,2.882900e+00,5.613266e-02,-1.171681e-01,3.125176e-01,realized,-7.776459e-02,6.464030e-01,-1.219411e+00,-0.047244,0.253618,-0.370669,,,,0.942022,-0.516966,-0.351275,0.942022,-0.516966,-0.351275,-7.957947e-01,5.032945e-01,-2.868990e+00,1.074400,-0.701974,-0.328584,1.076170,-0.698665,-0.328771,0.225713,0.000011,0,b
17.230000,369,DS_interstep,2,8.123470e-01,-4.719279e-01,2.691156e+00,8.759025e-02,-1.349537e-01,2.514996e-01,realized,-8.180752e-02,6.486957e-01,-1.232730e+00,-0.046967,0.253407,-0.370173,,,,0.941983,-0.517001,-0.351248,0.941983,-0.517001,-0.351248,-8.093927e-01,4.650223e-01,-2.676073e+00,1.074353,-0.702016,-0.328556,1.076170,-0.698665,-0.328771,0.228113,0.000010,0,b
17.240000,370,DS_interstep,2,8.181353e-01,-4.323900e-01,2.510199e+00,1.133460e-01,-1.467666e-01,1.995476e-01,realized,-8.588027e-02,6.507885e-01,-1.245138e+00,-0.046695,0.253197,-0.369681,,,,0.941947,-0.517034,-0.351222,0.941947,-0.517034,-0.351222,-8.153963e-01,4.250599e-01,-2.494045e+00,1.074310,-0.702055,-0.328528,1.076170,-0.698665,-0.328771,0.230431,0.000010,0,b
17.250000,371,DS_interstep,2,8.175915e-01,-3.912843e-01,2.342310e+00,1.336120e-01,-1.529872e-01,1.570226e-01,realized,-8.995046e-02,6.526734e-01,-1.256702e+00,-0.046427,0.252988,-0.369194,,,,0.941913,-0.517064,-0.351196,0.941913,-0.517064,-0.351196,-8.149247e-01,3.835018e-01,-2.325193e+00,1.074268,-0.702091,-0.328500,1.076170,-0.698665,-0.328771,0.232660,0.000009,0,b
17.260000,372,DS_interstep,2,8.117599e-01,-3.489123e-01,2.188624e+00,1.487771e-01,-1.542048e-01,1.237206e-01,realized,-9.399108e-02,6.543440e-01,-1.267492e+00,-0.046164,0.252781,-0.368711,,,,0.941882,-0.517091,-0.351170,0.941882,-0.517091,-0.351170,-8.090518e-01,3.406593e-01,-2.170650e+00,1.074229,-0.702124,-0.328471,1.076170,-0.698665,-0.328771,0.234796,0.000009,0,b
17.270000,373,DS_interstep,2,8.016246e-01,-3.057159e-01,2.049359e+00,1.593562e-01,-1.511387e-01,9.900804e-02,realized,-9.798019e-02,6.557962e-01,-1.277581e+00,-0.045905,0.252575,-0.368231,,,,0.941852,-0.517116,-0.351145,0.941852,-0.517116,-0.351145,-7.987894e-01,2.969830e-01,-2.030630e+00,1.074192,-0.702155,-0.328443,1.076170,-0.698665,-0.328771,0.236832,0.000008,0,b
17.280000,374,DS_interstep,2,7.880834e-01,-2.622135e-01,1.924014e+00,1.659412e-01,-1.445713e-01,8.195043e-02,realized,-1.019005e-01,6.570283e-01,-1.287040e+00,-0.045651,0.252369,-0.367755,,,,0.941825,-0.517139,-0.351121,0.941825,-0.517139,-0.351121,-7.850602e-01,2.529978e-01,-1.904623e+00,1.074157,-0.702183,-0.328414,1.076170,-0.698665,-0.328771,0.238765,0.000008,0,b
17.290000,375,DS_interstep,2,7.719256e-01,-2.189480e-01,1.811553e+00,1.691557e-01,-1.352932e-01,7.142905e-02,realized,-1.057386e-01,6.580417e-01,-1.295933e+00,-0.045400,0.252165,-0.367282,,,,0.941800,-0.517159,-0.351097,0.941800,-0.517159,-0.351097,-7.686740e-01,2.092514e-01,-1.791579e+00,1.074123,-0.702209,-0.328385,1.076170,-0.698665,-0.328771,0.240595,0.000008,0,b
17.300000,376,DS_interstep,2,7.538190e-01,-1.764459e-01,1.710573e+00,1.696173e-01,-1.240610e-01,6.624313e-02,realized,-1.094848e-01,6.588402e-01,-1.304319e+00,-0.045153,0.251961,-0.366812,,,,0.941777,-0.517178,-0.351073,0.941777,-0.517178,-0.351073,-7.503152e-01,1.662740e-01,-1.690081e+00,1.074092,-0.702233,-0.328356,1.076170,-0.698665,-0.328771,0.242321,0.000007,0,b
17.310000,377,DS_interstep,2,7.343103e-01,-1.351865e-01,1.619468e+00,1.679087e-01,-1.115665e-01,6.519459e-02,realized,-1.131319e-01,6.594299e-01,-1.312246e+00,-0.044910,0.251758,-0.366346,,,,0.941755,-0.517195,-0.351050,0.941755,-0.517195,-0.351050,-7.305431e-01,1.245474e-01,-1.598506e+00,1.074062,-0.702255,-0.328327,1.076170,-0.698665,-0.328771,0.243945,0.000007,0,b
17.320000,378,DS_interstep,2,7.138350e-01,-9.557949e-02,1.536572e+00,1.645573e-01,-9.841716e-02,6.715377e-02,realized,-1.166751e-01,6.598194e-01,-1.319756e+00,-0.044671,0.251555,-0.365882,,,,0.941735,-0.517211,-0.351028,0.941735,-0.517211,-0.351028,-7.098020e-01,8.448391e-02,-1.515176e+00,1.074034,-0.702276,-0.328298,1.076170,-0.698665,-0.328771,0.245470,0.000007,0,b
17.330000,379,DS_interstep,2,6.927330e-01,-5.795248e-02,1.460279e+00,1.600231e-01,-8.512497e-02,7.110611e-02,realized,-1.201114e-01,6.600184e-01,-1.326882e+00,-0.044435,0.251352,-0.365421,,,,0.941716,-0.517224,-0.351006,0.941716,-0.517224,-0.351006,-6.884375e-01,4.641316e-02,-1.438471e+00,1.074007,-0.702294,-0.328270,1.076170,-0.698665,-0.328771,0.246900,0.000007,0,b
17.340000,380,DS_interstep,2,6.712660e-01,-2.254674e-02,1.389130e+00,1.546931e-01,-7.210286e-02,7.618119e-02,realized,-1.234388e-01,6.600383e-01,-1.333650e+00,-0.044203,0.251150,-0.364962,,,,0.941699,-0.517237,-0.350984,0.941699,-0.517237,-0.350984,-6.667148e-01,1.057876e-02,-1.366925e+00,1.073983,-0.702311,-0.328242,1.076170,-0.698665,-0.328771,0.248240,0.000006,0,b
17.350000,381,DS_interstep,2,6.496334e-01,1.047938e-02,1.321872e+00,1.488814e-01,-5.966732e-02,8.166644e-02,realized,-1.266567e-01,6.598910e-01,-1.340080e+00,-0.043974,0.250948,-0.364506,,,,0.941684,-0.517248,-0.350963,0.941684,-0.517248,-0.350963,-6.448347e-01,-2.285863e-02,-1.299278e+00,1.073959,-0.702326,-0.328214,1.076170,-0.698665,-0.328771,0.249495,0.000006,0,b
17.360000,382,DS_interstep,2,6.280161e-01,4.105083e-02,1.257499e+00,1.428439e-01,-4.805212e-02,8.698888e-02,realized,-1.297652e-01,6.595889e-01,-1.346185e+00,-0.043748,0.250746,-0.364052,,,,0.941669,-0.517258,-0.350943,0.941669,-0.517258,-0.350943,-6.229798e-01,-5.382142e-02,-1.234519e+00,1.073937,-0.702340,-0.328187,1.076170,-0.698665,-0.328771,0.250669,0.000006,0,b
17.370000,383,DS_interstep,2,6.066674e-01,6.918824e-02,1.195264e+00,1.368141e-01,-3.743999e-02,9.164837e-02,realized,-1.327656e-01,6.591443e-01,-1.351977e+00,-0.043524,0.250544,-0.363601,,,,0.941656,-0.517266,-0.350924,0.941656,-0.517266,-0.350924,-6.014095e-01,-8.232725e-02,-1.171902e+00,1.073917,-0.702353,-0.328161,1.076170,-0.698665,-0.328771,0.251768,0.000006,0,b
17.380000,384,DS_interstep,2,5.856930e-01,9.489557e-02,1.134619e+00,1.309401e-01,-2.792904e-02,9.535856e-02,realized,-1.356600e-01,6.585695e-01,-1.357464e+00,-0.043304,0.250342,-0.363151,,,,0.941644,-0.517274,-0.350905,0.941644,-0.517274,-0.350905,-5.802260e-01,-1.083794e-01,-1.110875e+00,1.073898,-0.702364,-0.328135,1.076170,-0.698665,-0.328771,0.252798,0.000006,0,b
17.390000,385,DS_interstep,2,5.651766e-01,1.182079e-01,1.075418e+00,1.253080e-01,-1.953752e-02,9.806008e-02,realized,-1.384507e-01,6.578765e-01,-1.362652e+00,-0.043087,0.250140,-0.362704,,,,0.941633,-0.517281,-0.350886,0.941633,-0.517281,-0.350886,-5.595119e-01,-1.320093e-01,-1.051301e+00,1.073880,-0.702374,-0.328110,1.076170,-0.698665,-0.328771,0.253761,0.000005,0,b
17.400000,386,DS_interstep,2,5.451354e-01,1.392593e-01,1.017540e+00,1.199406e-01,-1.221156e-02,9.976260e-02,realized,-1.411401e-01,6.570769e-01,-1.367549e+00,-0.042873,0.249937,-0.362258,,,,0.941623,-0.517286,-0.350869,0.941623,-0.517286,-0.350869,-5.392804e-01,-1.533518e-01,-9.930578e-01,1.073864,-0.702383,-0.328085,1.076170,-0.698665,-0.328771,0.254664,0.000005,0,b
17.410000,387,DS_interstep,2,5.255567e-01,1.581931e-01,9.609228e-01,1.148339e-01,-5.868033e-03,1.005161e-01,realized,-1.437305e-01,6.561813e-01,-1.372161e+00,-0.042661,0.249735,-0.361814,,,,0.941614,-0.517291,-0.350852,0.941614,-0.517291,-0.350852,-5.195152e-01,-1.725516e-01,-9.360837e-01,1.073848,-0.702391,-0.328061,1.076170,-0.698665,-0.328771,0.255509,0.000005,0,b
17.420000,388,DS_interstep,2,5.064308e-01,1.751378e-01,9.056015e-01,1.099762e-01,-4.139946e-04,1.004027e-01,realized,-1.462243e-01,6.551999e-01,-1.376495e+00,-0.042451,0.249532,-0.361371,,,,0.941606,-0.517295,-0.350835,0.941606,-0.517295,-0.350835,-5.002046e-01,-1.897377e-01,-8.804157e-01,1.073834,-0.702398,-0.328038,1.076170,-0.698665,-0.328771,0.256300,0.000005,0,b
17.430000,389,DS_interstep,2,4.877551e-01,1.902104e-01,8.516810e-01,1.053526e-01,4.246891e-03,9.952399e-02,realized,-1.486236e-01,6.541420e-01,-1.380556e+00,-0.042244,0.249328,-0.360930,,,,0.941599,-0.517298,-0.350819,0.941599,-0.517298,-0.350819,-4.813449e-01,-2.050280e-01,-8.261597e-01,1.073821,-0.702404,-0.328015,1.076170,-0.698665,-0.328771,0.257041,0.000005,0,b
17.440000,390,DS_interstep,2,4.695329e-01,2.035194e-01,7.993046e-01,1.009473e-01,8.210044e-03,9.799079e-02,realized,-1.509308e-01,6.530167e-01,-1.384355e+00,-0.042040,0.249125,-0.360491,,,,0.941592,-0.517301,-0.350804,0.941592,-0.517301,-0.350804,-4.629384e-01,-2.185323e-01,-7.734602e-01,1.073809,-0.702409,-0.327993,1.076170,-0.698665,-0.328771,0.257733,0.000004,0,b
17.450000,391,DS_interstep,2,4.517706e-01,2.151675e-01,7.486288e-01,9.674435e-02,1.156690e-02,9.591587e-02,realized,-1.531481e-01,6.518323e-01,-1.387898e+00,-0.041837,0.248921,-0.360053,,,,0.941586,-0.517303,-0.350789,0.941586,-0.517303,-0.350789,-4.449916e-01,-2.303549e-01,-7.224750e-01,1.073798,-0.702414,-0.327972,1.076170,-0.698665,-0.328771,0.258381,0.000004,0,b
17.460000,392,DS_interstep,2,4.344757e-01,2.252534e-01,6.998053e-01,9.272840e-02,1.440279e-02,9.340852e-02,realized,-1.552780e-01,6.505967e-01,-1.391195e+00,-0.041637,0.248716,-0.359615,,,,0.941581,-0.517304,-0.350775,0.941581,-0.517304,-0.350775,-4.275121e-01,-2.405960e-01,-6.733563e-01,1.073788,-0.702417,-0.327952,1.076170,-0.698665,-0.328771,0.258986,0.000004,0,b
17.470000,393,DS_interstep,2,4.176551e-01,2.338728e-01,6.529671e-01,8.888515e-02,1.679559e-02,9.057079e-02,realized,-1.573227e-01,6.493175e-01,-1.394257e+00,-0.041439,0.248511,-0.359179,,,,0.941577,-0.517305,-0.350762,0.941577,-0.517305,-0.350762,-4.105074e-01,-2.493530e-01,-6.262377e-01,1.073779,-0.702420,-0.327932,1.076170,-0.698665,-0.328771,0.259551,0.000004,0,b
17.480000,394,DS_interstep,2,4.013138e-01,2.411192e-01,6.082204e-01,8.520134e-02,1.881495e-02,8.749508e-02,realized,-1.592846e-01,6.480014e-01,-1.397093e+00,-0.041243,0.248305,-0.358745,,,,0.941573,-0.517305,-0.350749,0.941573,-0.517305,-0.350749,-3.939827e-01,-2.567210e-01,-5.812256e-01,1.073771,-0.702423,-0.327913,1.076170,-0.698665,-0.328771,0.260077,0.000004,0,b
17.490000,395,DS_interstep,2,3.854536e-01,2.470839e-01,5.656399e-01,8.166484e-02,2.052195e-02,8.426281e-02,realized,-1.611663e-01,6.466551e-01,-1.399715e+00,-0.041049,0.248099,-0.358311,,,,0.941569,-0.517305,-0.350736,0.941569,-0.517305,-0.350736,-3.779406e-01,-2.627932e-01,-5.383947e-01,1.073763,-0.702424,-0.327895,1.076170,-0.698665,-0.328771,0.260568,0.000004,0,b
17.500000,396,DS_interstep,2,3.700728e-01,2.518560e-01,5.252677e-01,7.826457e-02,2.196922e-02,8.094382e-02,realized,-1.629701e-01,6.452845e-01,-1.402134e+00,-0.040857,0.247893,-0.357877,,,,0.941566,-0.517305,-0.350725,0.941566,-0.517305,-0.350725,-3.623799e-01,-2.676599e-01,-4.977867e-01,1.073756,-0.702425,-0.327877,1.076170,-0.698665,-0.328771,0.261024,0.000003,0,b
17.510000,397,DS_interstep,2,3.551664e-01,2.555219e-01,4.871135e-01,7.499056e-02,2.320119e-02,7.759641e-02,realized,-1.646984e-01,6.438952e-01,-1.404361e+00,-0.040667,0.247686,-0.357445,,,,0.941564,-0.517304,-0.350713,0.941564,-0.517304,-0.350713,-3.472960e-01,-2.714091e-01,-4.594109e-01,1.073750,-0.702426,-0.327861,1.076170,-0.698665,-0.328771,0.261449,0.000003,0,b
17.520000,398,DS_interstep,2,3.407260e-01,2.581646e-01,4.511578e-01,7.183384e-02,2.425460e-02,7.426783e-02,realized,-1.663535e-01,6.424925e-01,-1.406407e+00,-0.040478,0.247479,-0.357014,,,,0.941562,-0.517302,-0.350703,0.941562,-0.517302,-0.350703,-3.326810e-01,-2.741252e-01,-4.232471e-01,1.073744,-0.702426,-0.327845,1.076170,-0.698665,-0.328771,0.261843,0.000003,0,b
17.530000,399,DS_interstep,2,3.267401e-01,2.598639e-01,4.173551e-01,6.878646e-02,2.515920e-02,7.099501e-02,realized,-1.679377e-01,6.410809e-01,-1.408282e+00,-0.040291,0.247271,-0.356583,,,,0.941560,-0.517301,-0.350693,0.941560,-0.517301,-0.350693,-3.185236e-01,-2.758889e-01,-3.892491e-01,1.073739,-0.702426,-0.327829,1.076170,-0.698665,-0.328771,0.262208,0.000003,0,b
17.540000,400,DS_interstep,2,3.131951e-01,2.606952e-01,3.856386e-01,6.584145e-02,2.593844e-02,6.780560e-02,realized,-1.694533e-01,6.396650e-01,-1.409999e+00,-0.040106,0.247062,-0.356153,,,,0.941559,-0.517299,-0.350683,0.941559,-0.517299,-0.350683,-3.048106e-01,-2.767767e-01,-3.573493e-01,1.073735,-0.702425,-0.327815,1.076170,-0.698665,-0.328771,0.262546,0.000003,0,b
17.550000,401,DS_interstep,2,3.000756e-01,2.607299e-01,3.559238e-01,6.299274e-02,2.661028e-02,6.471902e-02,realized,-1.709024e-01,6.382488e-01,-1.411566e+00,-0.039922,0.246853,-0.355724,,,,0.941558,-0.517296,-0.350674,0.941558,-0.517296,-0.350674,-2.915265e-01,-2.768609e-01,-3.274624e-01,1.073731,-0.702424,-0.327801,1.076170,-0.698665,-0.328771,0.262858,0.000003,0,b
17.560000,402,DS_interstep,2,2.873650e-01,2.600348e-01,3.281139e-01,6.023515e-02,2.718795e-02,6.174762e-02,realized,-1.722871e-01,6.368359e-01,-1.412992e+00,-0.039739,0.246644,-0.355295,,,,0.941557,-0.517294,-0.350665,0.941557,-0.517294,-0.350665,-2.786550e-01,-2.762091e-01,-2.994906e-01,1.073727,-0.702423,-0.327787,1.076170,-0.698665,-0.328771,0.263147,0.000003,0,b
17.570000,403,DS_interstep,2,2.750464e-01,2.586726e-01,3.021029e-01,5.756431e-02,2.768080e-02,5.889778e-02,realized,-1.736094e-01,6.354296e-01,-1.414288e+00,-0.039558,0.246434,-0.354866,,,,0.941556,-0.517291,-0.350657,0.941556,-0.517291,-0.350657,-2.661791e-01,-2.748844e-01,-2.733272e-01,1.073724,-0.702421,-0.327775,1.076170,-0.698665,-0.328771,0.263413,0.000003,0,b
17.580000,404,DS_interstep,2,2.631027e-01,2.567014e-01,2.777798e-01,5.497657e-02,2.809500e-02,5.617107e-02,realized,-1.748711e-01,6.340332e-01,-1.415462e+00,-0.039379,0.246223,-0.354439,,,,0.941556,-0.517288,-0.350649,0.941556,-0.517288,-0.350649,-2.540817e-01,-2.729455e-01,-2.488604e-01,1.073721,-0.702419,-0.327763,1.076170,-0.698665,-0.328771,0.263657,0.000002,0,b
17.590000,405,DS_interstep,2,2.515174e-01,2.541752e-01,2.550320e-01,5.246894e-02,2.843426e-02,5.356520e-02,realized,-1.760740e-01,6.326493e-01,-1.416521e+00,-0.039200,0.246012,-0.354011,,,,0.941556,-0.517285,-0.350642,0.941556,-0.517285,-0.350642,-2.423461e-01,-2.704469e-01,-2.259766e-01,1.073719,-0.702417,-0.327751,1.076170,-0.698665,-0.328771,0.263881,0.000002,0,b
17.600000,406,DS_interstep,2,2.402746e-01,2.511441e-01,2.337472e-01,5.003899e-02,2.870049e-02,5.107502e-02,realized,-1.772199e-01,6.312805e-01,-1.417473e+00,-0.039023,0.245801,-0.353584,,,,0.941556,-0.517282,-0.350635,0.941556,-0.517282,-0.350635,-2.309564e-01,-2.674389e-01,-2.045630e-01,1.073717,-0.702414,-0.327740,1.076170,-0.698665,-0.328771,0.264085,0.000002,0,b
17.610000,407,DS_interstep,2,2.293595e-01,2.476544e-01,2.138166e-01,4.768476e-02,2.889434e-02,4.869334e-02,realized,-1.783105e-01,6.299291e-01,-1.418325e+00,-0.038847,0.245589,-0.353158,,,,0.941556,-0.517279,-0.350629,0.941556,-0.517279,-0.350629,-2.198977e-01,-2.639681e-01,-1.845101e-01,1.073715,-0.702412,-0.327730,1.076170,-0.698665,-0.328771,0.264272,0.000002,0,b
17.620000,408,DS_interstep,2,2.187586e-01,2.437492e-01,1.951360e-01,4.540468e-02,2.901570e-02,4.641166e-02,realized,-1.793474e-01,6.285973e-01,-1.419082e+00,-0.038672,0.245376,-0.352731,,,,0.941557,-0.517275,-0.350623,0.941557,-0.517275,-0.350623,-2.091563e-01,-2.600779e-01,-1.657131e-01,1.073714,-0.702409,-0.327721,1.076170,-0.698665,-0.328771,0.264442,0.000002,0,b
17.630000,409,DS_interstep,2,2.084596e-01,2.394684e-01,1.776071e-01,4.319745e-02,2.906415e-02,4.422084e-02,realized,-1.803320e-01,6.272868e-01,-1.419752e+00,-0.038498,0.245163,-0.352306,,,,0.941557,-0.517272,-0.350617,0.941557,-0.517272,-0.350617,-1.987197e-01,-2.558082e-01,-1.480733e-01,1.073712,-0.702406,-0.327712,1.076170,-0.698665,-0.328771,0.264595,0.000002,0,b
17.640000,410,DS_interstep,2,1.984514e-01,2.348489e-01,1.611389e-01,4.106200e-02,2.903923e-02,4.211161e-02,realized,-1.812658e-01,6.259995e-01,-1.420338e+00,-0.038325,0.244950,-0.351880,,,,0.941558,-0.517268,-0.350612,0.941558,-0.517268,-0.350612,-1.885770e-01,-2.511963e-01,-1.314990e-01,1.073711,-0.702402,-0.327703,1.076170,-0.698665,-0.328771,0.264733,0.000002,0,b
17.650000,411,DS_interstep,2,1.887244e-01,2.299254e-01,1.456477e-01,3.899737e-02,2.894079e-02,4.007500e-02,realized,-1.821503e-01,6.247369e-01,-1.420847e+00,-0.038153,0.244736,-0.351455,,,,0.941558,-0.517264,-0.350607,0.941558,-0.517264,-0.350607,-1.787181e-01,-2.462768e-01,-1.159064e-01,1.073710,-0.702399,-0.327695,1.076170,-0.698665,-0.328771,0.264856,0.000002,0,b
17.660000,412,DS_interstep,2,1.792701e-01,2.247301e-01,1.310578e-01,3.700268e-02,2.876915e-02,3.810270e-02,realized,-1.829868e-01,6.235003e-01,-1.421282e+00,-0.037981,0.244522,-0.351029,,,,0.941559,-0.517260,-0.350603,0.941559,-0.517260,-0.350603,-1.691345e-01,-2.410822e-01,-1.012192e-01,1.073710,-0.702395,-0.327688,1.076170,-0.698665,-0.328771,0.264966,0.000002,0,b
17.670000,413,DS_interstep,2,1.700811e-01,2.192932e-01,1.173011e-01,3.507707e-02,2.852521e-02,3.618726e-02,realized,-1.837767e-01,6.222909e-01,-1.421647e+00,-0.037811,0.244307,-0.350605,,,,0.941560,-0.517256,-0.350599,0.941560,-0.517256,-0.350599,-1.598188e-01,-2.356427e-01,-8.736917e-02,1.073709,-0.702392,-0.327681,1.076170,-0.698665,-0.328771,0.265062,0.000002,0,b
17.680000,414,DS_interstep,2,1.611510e-01,2.136431e-01,1.043171e-01,3.321960e-02,2.821060e-02,3.432234e-02,realized,-1.845214e-01,6.211099e-01,-1.421948e+00,-0.037642,0.244092,-0.350180,,,,0.941561,-0.517252,-0.350595,0.941561,-0.517252,-0.350595,-1.507644e-01,-2.299869e-01,-7.429566e-02,1.073709,-0.702388,-0.327674,1.076170,-0.698665,-0.328771,0.265146,0.000002,0,b
17.690000,415,DS_interstep,2,1.524745e-01,2.078065e-01,9.205281e-02,3.142931e-02,2.782765e-02,3.250273e-02,realized,-1.852219e-01,6.199582e-01,-1.422186e+00,-0.037473,0.243877,-0.349755,,,,0.941562,-0.517248,-0.350592,0.941562,-0.517248,-0.350592,-1.419659e-01,-2.241415e-01,-6.194531e-02,1.073709,-0.702384,-0.327668,1.076170,-0.698665,-0.328771,0.265218,0.000001,0,b
17.700000,416,DS_interstep,2,1.440467e-01,2.018086e-01,8.046168e-02,2.970510e-02,2.737940e-02,3.072442e-02,realized,-1.858797e-01,6.188365e-01,-1.422367e+00,-0.037305,0.243661,-0.349331,,,,0.941563,-0.517244,-0.350588,0.941563,-0.517244,-0.350588,-1.334185e-01,-2.181321e-01,-5.027152e-02,1.073709,-0.702380,-0.327663,1.076170,-0.698665,-0.328771,0.265279,0.000001,0,b
17.710000,417,DS_interstep,2,1.358636e-01,1.956733e-01,6.950348e-02,2.804578e-02,2.686957e-02,2.898462e-02,realized,-1.864960e-01,6.177457e-01,-1.422492e+00,-0.037138,0.243445,-0.348907,,,,0.941564,-0.517240,-0.350585,0.941564,-0.517240,-0.350585,-1.251180e-01,-2.119825e-01,-3.923395e-02,1.073709,-0.702376,-0.327658,1.076170,-0.698665,-0.328771,0.265329,0.000001,0,b
17.720000,418,DS_interstep,2,1.279217e-01,1.894232e-01,5.914355e-02,2.645002e-02,2.630247e-02,2.728161e-02,realized,-1.870720e-01,6.166863e-01,-1.422565e+00,-0.036971,0.243228,-0.348483,,,,0.941565,-0.517236,-0.350583,0.941565,-0.517236,-0.350583,-1.170608e-01,-2.057155e-01,-2.879782e-02,1.073709,-0.702372,-0.327653,1.076170,-0.698665,-0.328771,0.265370,0.000001,0,b
17.730000,419,DS_interstep,2,1.202178e-01,1.830799e-01,4.935212e-02,2.491637e-02,2.568293e-02,2.561476e-02,realized,-1.876088e-01,6.156587e-01,-1.422588e+00,-0.036805,0.243011,-0.348059,,,,0.941566,-0.517232,-0.350581,0.941566,-0.517232,-0.350581,-1.092439e-01,-1.993529e-01,-1.893328e-02,1.073710,-0.702368,-0.327649,1.076170,-0.698665,-0.328771,0.265401,0.000001,0,b
17.740000,420,DS_interstep,2,1.127491e-01,1.766638e-01,4.010367e-02,2.344326e-02,2.501618e-02,2.398431e-02,realized,-1.881077e-01,6.146634e-01,-1.422565e+00,-0.036640,0.242794,-0.347635,,,,0.941567,-0.517228,-0.350579,0.941567,-0.517228,-0.350579,-1.016643e-01,-1.929152e-01,-9.614777e-03,1.073710,-0.702363,-0.327645,1.076170,-0.698665,-0.328771,0.265423,0.000001,0,b
17.750000,421,DS_interstep,2,1.055130e-01,1.701942e-01,3.137628e-02,2.202903e-02,2.430777e-02,2.239133e-02,realized,-1.885699e-01,6.137006e-01,-1.422498e+00,-0.036475,0.242576,-0.347211,,,,0.941568,-0.517224,-0.350577,0.941568,-0.517224,-0.350577,-9.431940e-02,-1.864219e-01,-8.203314e-04,1.073710,-0.702359,-0.327642,1.076170,-0.698665,-0.328771,0.265437,0.000001,0,b
17.760000,422,DS_interstep,2,9.850706e-02,1.636897e-01,2.315102e-02,2.067192e-02,2.356342e-02,2.083746e-02,realized,-1.889965e-01,6.127705e-01,-1.422390e+00,-0.036310,0.242358,-0.346788,,,,0.941569,-0.517220,-0.350575,0.941569,-0.517220,-0.350575,-8.720683e-02,-1.798919e-01,7.469020e-03,1.073711,-0.702355,-0.327638,1.076170,-0.698665,-0.328771,0.265443,0.000001,0,b
17.770000,423,DS_interstep,2,9.172893e-02,1.571679e-01,1.541136e-02,1.937010e-02,2.278895e-02,1.932490e-02,realized,-1.893887e-01,6.118731e-01,-1.422242e+00,-0.036146,0.242140,-0.346364,,,,0.941570,-0.517216,-0.350574,0.941570,-0.517216,-0.350574,-8.032423e-02,-1.733427e-01,1.526984e-02,1.073711,-0.702351,-0.327636,1.076170,-0.698665,-0.328771,0.265442,0.000001,0,b
17.780000,424,DS_interstep,2,8.517632e-02,1.506453e-01,8.142657e-03,1.812168e-02,2.199013e-02,1.785612e-02,realized,-1.897475e-01,6.110086e-01,-1.422058e+00,-0.035983,0.241921,-0.345940,,,,0.941571,-0.517212,-0.350573,0.941571,-0.517212,-0.350573,-7.366934e-02,-1.667912e-01,2.259679e-02,1.073712,-0.702347,-0.327633,1.076170,-0.698665,-0.328771,0.265435,0.000001,0,b
17.790000,425,DS_interstep,2,7.884694e-02,1.441379e-01,1.331657e-03,1.692475e-02,2.117264e-02,1.643382e-02,realized,-1.900742e-01,6.101768e-01,-1.421840e+00,-0.035820,0.241702,-0.345517,,,,0.941572,-0.517208,-0.350572,0.941572,-0.517208,-0.350572,-6.723987e-02,-1.602535e-01,2.946317e-02,1.073712,-0.702342,-0.327631,1.076170,-0.698665,-0.328771,0.265421,0.000001,0,b
17.800000,426,DS_interstep,2,7.273849e-02,1.376606e-01,-5.033914e-03,1.577740e-02,2.034195e-02,1.506075e-02,realized,-1.903699e-01,6.093776e-01,-1.421589e+00,-0.035657,0.241483,-0.345093,,,,0.941573,-0.517204,-0.350571,0.941573,-0.517204,-0.350571,-6.103354e-02,-1.537446e-01,3.588129e-02,1.073713,-0.702338,-0.327629,1.076170,-0.698665,-0.328771,0.265402,0.000001,0,b
17.810000,427,DS_interstep,2,6.684860e-02,1.312274e-01,-1.096572e-02,1.467772e-02,1.950327e-02,1.373961e-02,realized,-1.906356e-01,6.086108e-01,-1.421309e+00,-0.035495,0.241264,-0.344669,,,,0.941574,-0.517200,-0.350570,0.941574,-0.517200,-0.350570,-5.504802e-02,-1.472788e-01,4.186283e-02,1.073714,-0.702334,-0.327628,1.076170,-0.698665,-0.328771,0.265378,0.000001,0,b
17.820000,428,DS_interstep,2,6.117482e-02,1.248516e-01,-1.647511e-02,1.362384e-02,1.866147e-02,1.247293e-02,realized,-1.908725e-01,6.078760e-01,-1.421001e+00,-0.035333,0.241044,-0.344246,,,,0.941574,-0.517196,-0.350570,0.941574,-0.517196,-0.350570,-4.928091e-02,-1.408696e-01,4.741918e-02,1.073714,-0.702330,-0.327627,1.076170,-0.698665,-0.328771,0.265349,0.000001,0,b
17.830000,429,DS_interstep,2,5.571464e-02,1.185457e-01,-2.157337e-02,1.261393e-02,1.782105e-02,1.126297e-02,realized,-1.910816e-01,6.071730e-01,-1.420667e+00,-0.035171,0.240825,-0.343822,,,,0.941575,-0.517192,-0.350570,0.941575,-0.517192,-0.350570,-4.372970e-02,-1.345294e-01,5.256169e-02,1.073715,-0.702326,-0.327626,1.076170,-0.698665,-0.328771,0.265316,0.000001,0,b
17.840000,430,DS_interstep,2,5.046544e-02,1.123212e-01,-2.627192e-02,1.164622e-02,1.698608e-02,1.011169e-02,realized,-1.912640e-01,6.065013e-01,-1.420309e+00,-0.035010,0.240604,-0.343398,,,,0.941576,-0.517188,-0.350570,0.941576,-0.517188,-0.350570,-3.839181e-02,-1.282702e-01,5.730182e-02,1.073716,-0.702322,-0.327625,1.076170,-0.698665,-0.328771,0.265279,0.000001,0,b
17.850000,431,DS_interstep,2,4.542450e-02,1.061890e-01,-3.058245e-02,1.071904e-02,1.616024e-02,9.020636e-03,realized,-1.914207e-01,6.058605e-01,-1.419930e+00,-0.034849,0.240384,-0.342975,,,,0.941577,-0.517185,-0.350570,0.941577,-0.517185,-0.350570,-3.326458e-02,-1.221027e-01,6.165131e-02,1.073716,-0.702318,-0.327624,1.076170,-0.698665,-0.328771,0.265240,0.000001,0,b
17.860000,432,DS_interstep,2,4.058901e-02,1.001589e-01,-3.451704e-02,9.830769e-03,1.534673e-02,7.990958e-03,realized,-1.915529e-01,6.052500e-01,-1.419531e+00,-0.034688,0.240164,-0.342551,,,,0.941577,-0.517181,-0.350570,0.941577,-0.517181,-0.350570,-2.834519e-02,-1.160371e-01,6.562230e-02,1.073717,-0.702314,-0.327624,1.076170,-0.698665,-0.328771,0.265197,0.000001,0,b
17.870000,433,DS_interstep,2,3.595603e-02,9.424025e-02,-3.808819e-02,8.979910e-03,1.454835e-02,7.023341e-03,realized,-1.916614e-01,6.046693e-01,-1.419114e+00,-0.034527,0.239943,-0.342127,,,,0.941578,-0.517178,-0.350570,0.941578,-0.517178,-0.350570,-2.363076e-02,-1.100827e-01,6.922737e-02,1.073717,-0.702310,-0.327624,1.076170,-0.698665,-0.328771,0.265152,0.000001,0,b
17.880000,434,DS_interstep,2,3.152252e-02,8.844123e-02,-4.130886e-02,8.165046e-03,1.376744e-02,6.118020e-03,realized,-1.917474e-01,6.041179e-01,-1.418680e+00,-0.034367,0.239723,-0.341703,,,,0.941579,-0.517174,-0.350571,0.941579,-0.517174,-0.350571,-1.911827e-02,-1.042479e-01,7.247954e-02,1.073718,-0.702307,-0.327624,1.076170,-0.698665,-0.328771,0.265106,0.000001,0,b
17.890000,435,DS_interstep,2,2.728536e-02,8.276947e-02,-4.419246e-02,7.384863e-03,1.300594e-02,5.274774e-03,realized,-1.918119e-01,6.035950e-01,-1.418232e+00,-0.034206,0.239502,-0.341280,,,,0.941579,-0.517171,-0.350571,0.941579,-0.517171,-0.350571,-1.480461e-02,-9.854039e-02,7.539230e-02,1.073719,-0.702303,-0.327624,1.076170,-0.698665,-0.328771,0.265057,0.000001,0,b
17.900000,436,DS_interstep,2,2.324128e-02,7.723175e-02,-4.675281e-02,6.638144e-03,1.226541e-02,4.492943e-03,realized,-1.918557e-01,6.031000e-01,-1.417772e+00,-0.034046,0.239281,-0.340856,,,,0.941580,-0.517168,-0.350572,0.941580,-0.517168,-0.350572,-1.068656e-02,-9.296708e-02,7.797956e-02,1.073719,-0.702299,-0.327624,1.076170,-0.698665,-0.328771,0.265008,0.000001,0,b
17.910000,437,DS_interstep,2,1.938696e-02,7.183412e-02,-4.900413e-02,5.923768e-03,1.154704e-02,3.771451e-03,realized,-1.918799e-01,6.026322e-01,-1.417300e+00,-0.033886,0.239059,-0.340432,,,,0.941580,-0.517164,-0.350572,0.941580,-0.517164,-0.350572,-6.760786e-03,-8.753409e-02,8.025560e-02,1.073720,-0.702296,-0.327625,1.076170,-0.698665,-0.328771,0.264957,0.000001,0,b
17.920000,438,DS_interstep,2,1.571894e-02,6.658188e-02,-5.096088e-02,5.240707e-03,1.085170e-02,3.108844e-03,realized,-1.918854e-01,6.021908e-01,-1.416817e+00,-0.033726,0.238838,-0.340008,,,,0.941581,-0.517161,-0.350573,0.941581,-0.517161,-0.350573,-3.023853e-03,-8.224682e-02,8.223499e-02,1.073720,-0.702292,-0.327626,1.076170,-0.698665,-0.328771,0.264906,0.000001,0,b
17.930000,439,DS_interstep,2,1.223368e-02,6.147963e-02,-5.263778e-02,4.588017e-03,1.017997e-02,2.503320e-03,realized,-1.918732e-01,6.017752e-01,-1.416327e+00,-0.033566,0.238617,-0.339584,,,,0.941581,-0.517158,-0.350574,0.941581,-0.517158,-0.350574,5.277682e-04,-7.710993e-02,8.393254e-02,1.073721,-0.702289,-0.327626,1.076170,-0.698665,-0.328771,0.264855,0.000001,0,b
17.940000,440,DS_interstep,2,8.927550e-03,5.653130e-02,-5.404968e-02,3.964835e-03,9.532159e-03,1.952780e-03,realized,-1.918441e-01,6.013845e-01,-1.415829e+00,-0.033407,0.238395,-0.339160,,,,0.941581,-0.517155,-0.350575,0.941581,-0.517155,-0.350575,3.897706e-03,-7.212743e-02,8.536316e-02,1.073721,-0.702286,-0.327627,1.076170,-0.698665,-0.328771,0.264804,0.000001,0,b
17.950000,441,DS_interstep,2,5.796838e-03,5.174016e-02,-5.521144e-02,3.370369e-03,8.908370e-03,1.454868e-03,realized,-1.917991e-01,6.010179e-01,-1.415326e+00,-0.033247,0.238174,-0.338736,,,,0.941582,-0.517153,-0.350576,0.941582,-0.517153,-0.350576,7.089679e-03,-6.730264e-02,8.654184e-02,1.073721,-0.702282,-0.327628,1.076170,-0.698665,-0.328771,0.264752,0.000001,0,b
17.960000,442,DS_interstep,2,2.837740e-03,4.710883e-02,-5.613791e-02,2.803890e-03,8.308510e-03,1.007023e-03,realized,-1.917390e-01,6.006746e-01,-1.414818e+00,-0.033087,0.237952,-0.338311,,,,0.941582,-0.517150,-0.350577,0.941582,-0.517150,-0.350577,1.010750e-02,-6.263825e-02,8.748349e-02,1.073722,-0.702279,-0.327629,1.076170,-0.698665,-0.328771,0.264701,0.000000,0,b
17.970000,443,DS_interstep,2,4.637680e-05,4.263937e-02,-5.684379e-02,2.264723e-03,7.732336e-03,6.065237e-04,realized,-1.916646e-01,6.003539e-01,-1.414306e+00,-0.032928,0.237731,-0.337887,,,,0.941582,-0.517147,-0.350578,0.941582,-0.517147,-0.350578,1.295504e-02,-5.813635e-02,8.820291e-02,1.073722,-0.702276,-0.327631,1.076170,-0.698665,-0.328771,0.264651,0.000000,0,b
17.980000,444,DS_interstep,2,-2.581203e-03,3.833325e-02,-5.734355e-02,1.752239e-03,7.179481e-03,2.505352e-04,realized,-1.915768e-01,6.000549e-01,-1.413792e+00,-0.032768,0.237509,-0.337463,,,,0.941582,-0.517144,-0.350579,0.941582,-0.517144,-0.350579,1.563629e-02,-5.379847e-02,8.871467e-02,1.073722,-0.702273,-0.327632,1.076170,-0.698665,-0.328771,0.264601,0.000000,0,b
17.990000,445,DS_interstep,2,-5.049018e-03,3.419144e-02,-5.765139e-02,1.265847e-03,6.649484e-03,-6.384619e-05,realized,-1.914765e-01,5.997768e-01,-1.413276e+00,-0.032609,0.237287,-0.337038,,,,0.941583,-0.517142,-0.350580,0.941583,-0.517142,-0.350580,1.815528e-02,-4.962560e-02,8.903304e-02,1.073723,-0.702270,-0.327633,1.076170,-0.698665,-0.328771,0.264552,0.000000,0,b
18.000000,446,DS_interstep,2,-7.361152e-03,3.021438e-02,-5.778113e-02,8.049835e-04,6.141815e-03,-3.395522e-04,realized,-1.913643e-01,5.995187e-01,-1.412759e+00,-0.032449,0.237065,-0.336614,,,,0.941583,-0.517140,-0.350582,0.941583,-0.517140,-0.350582,2.051611e-02,-4.561822e-02,8.917193e-02,1.073723,-0.702268,-0.327635,1.076170,-0.698665,-0.328771,0.264504,0.000000,0,b
18.010000,447,DS_interstep,2,-9.521743e-03,2.640206e-02,-5.774619e-02,3.691052e-04,5.655900e-03,-5.795049e-04,realized,-1.912412e-01,5.992799e-01,-1.412243e+00,-0.032290,0.236843,-0.336189,,,,0.941583,-0.517137,-0.350583,0.941583,-0.517137,-0.350583,2.272295e-02,-4.177635e-02,8.914483e-02,1.073723,-0.702265,-0.327636,1.076170,-0.698665,-0.328771,0.264458,0.000000,0,b
18.020000,448,DS_interstep,2,-1.153498e-02,2.275403e-02,-5.755948e-02,-4.231686e-05,5.191136e-03,-7.865833e-04,realized,-1.911077e-01,5.990594e-01,-1.411728e+00,-0.032130,0.236622,-0.335765,,,,0.941583,-0.517135,-0.350584,0.941583,-0.517135,-0.350584,2.478003e-02,-3.809956e-02,8.896476e-02,1.073723,-0.702262,-0.327638,1.076170,-0.698665,-0.328771,0.264412,0.000000,0,b
18.030000,449,DS_interstep,2,-1.340510e-02,1.926945e-02,-5.723345e-02,-4.298052e-04,4.746908e-03,-9.635939e-04,realized,-1.909647e-01,5.988566e-01,-1.411214e+00,-0.031970,0.236400,-0.335340,,,,0.941583,-0.517133,-0.350586,0.941583,-0.517133,-0.350586,2.669161e-02,-3.458703e-02,8.864422e-02,1.073724,-0.702260,-0.327639,1.076170,-0.698665,-0.328771,0.264367,0.000000,0,b
18.040000,450,DS_interstep,2,-1.513637e-02,1.594709e-02,-5.677997e-02,-7.938814e-04,4.322604e-03,-1.113246e-03,realized,-1.908128e-01,5.986704e-01,-1.410702e+00,-0.031811,0.236178,-0.334916,,,,0.941583,-0.517131,-0.350587,0.941583,-0.517131,-0.350587,2.846200e-02,-3.123755e-02,8.819517e-02,1.073724,-0.702258,-0.327641,1.076170,-0.698665,-0.328771,0.264324,0.000000,0,b
18.050000,451,DS_interstep,2,-1.673310e-02,1.278539e-02,-5.621037e-02,-1.135071e-03,3.917626e-03,-1.238131e-03,realized,-1.906528e-01,5.985002e-01,-1.410194e+00,-0.031651,0.235956,-0.334491,,,,0.941583,-0.517129,-0.350588,0.941583,-0.517129,-0.350588,3.009555e-02,-2.804958e-02,8.762900e-02,1.073724,-0.702255,-0.327642,1.076170,-0.698665,-0.328771,0.264282,0.000000,0,b
18.060000,452,DS_interstep,2,-1.819962e-02,9.782479e-03,-5.553538e-02,-1.453907e-03,3.531390e-03,-1.340708e-03,realized,-1.904853e-01,5.983452e-01,-1.409688e+00,-0.031492,0.235734,-0.334066,,,,0.941583,-0.517127,-0.350589,0.941583,-0.517127,-0.350589,3.159664e-02,-2.502125e-02,8.695651e-02,1.073724,-0.702253,-0.327644,1.076170,-0.698665,-0.328771,0.264242,0.000000,0,b
18.070000,453,DS_interstep,2,-1.954027e-02,6.936198e-03,-5.476516e-02,-1.750935e-03,3.163342e-03,-1.423289e-03,realized,-1.903109e-01,5.982046e-01,-1.409187e+00,-0.031332,0.235512,-0.333641,,,,0.941583,-0.517125,-0.350591,0.941583,-0.517125,-0.350591,3.296966e-02,-2.215041e-02,8.618794e-02,1.073724,-0.702251,-0.327646,1.076170,-0.698665,-0.328771,0.264203,0.000000,0,b
18.080000,454,DS_interstep,2,-2.075941e-02,4.244128e-03,-5.390931e-02,-2.026713e-03,2.812949e-03,-1.488035e-03,realized,-1.901303e-01,5.980775e-01,-1.408690e+00,-0.031172,0.235290,-0.333217,,,,0.941583,-0.517123,-0.350592,0.941583,-0.517123,-0.350592,3.421901e-02,-1.943464e-02,8.533293e-02,1.073724,-0.702249,-0.327647,1.076170,-0.698665,-0.328771,0.264165,0.000000,0,b
18.090000,455,DS_interstep,2,-2.186141e-02,1.703616e-03,-5.297682e-02,-2.281813e-03,2.479710e-03,-1.536948e-03,realized,-1.899441e-01,5.979632e-01,-1.408197e+00,-0.031012,0.235069,-0.332792,,,,0.941583,-0.517122,-0.350593,0.941583,-0.517122,-0.350593,3.534912e-02,-1.687131e-02,8.440054e-02,1.073724,-0.702247,-0.327649,1.076170,-0.698665,-0.328771,0.264129,0.000000,0,b
18.100000,456,DS_interstep,2,-2.285064e-02,-6.882015e-04,-5.197614e-02,-2.516826e-03,2.163148e-03,-1.571873e-03,realized,-1.897528e-01,5.978610e-01,-1.407710e+00,-0.030852,0.234847,-0.332367,,,,0.941583,-0.517120,-0.350595,0.941583,-0.517120,-0.350595,3.636439e-02,-1.445755e-02,8.339929e-02,1.073724,-0.702245,-0.327651,1.076170,-0.698665,-0.328771,0.264094,0.000000,0,b
18.110000,457,DS_interstep,2,-2.373143e-02,-2.934376e-03,-5.091520e-02,-2.732357e-03,1.862814e-03,-1.594497e-03,realized,-1.895569e-01,5.977702e-01,-1.407228e+00,-0.030693,0.234625,-0.331942,,,,0.941582,-0.517119,-0.350596,0.941582,-0.517119,-0.350596,3.726924e-02,-1.219031e-02,8.233712e-02,1.073724,-0.702243,-0.327653,1.076170,-0.698665,-0.328771,0.264061,0.000000,0,b
18.120000,458,DS_interstep,2,-2.450813e-02,-5.038129e-03,-4.980138e-02,-2.929026e-03,1.578280e-03,-1.606356e-03,realized,-1.893571e-01,5.976900e-01,-1.406751e+00,-0.030533,0.234403,-0.331517,,,,0.941582,-0.517117,-0.350597,0.941582,-0.517117,-0.350597,3.806804e-02,-1.006636e-02,8.122150e-02,1.073724,-0.702242,-0.327654,1.076170,-0.698665,-0.328771,0.264029,0.000000,0,b
18.130000,459,DS_interstep,2,-2.518505e-02,-7.002828e-03,-4.864157e-02,-3.107468e-03,1.309138e-03,-1.608838e-03,realized,-1.891538e-01,5.976197e-01,-1.406281e+00,-0.030373,0.234182,-0.331092,,,,0.941582,-0.517116,-0.350599,0.941582,-0.517116,-0.350599,3.876519e-02,-8.082341e-03,8.005936e-02,1.073724,-0.702240,-0.327656,1.076170,-0.698665,-0.328771,0.263998,0.000000,0,b
18.140000,460,DS_interstep,2,-2.576647e-02,-8.831974e-03,-4.744219e-02,-3.268330e-03,1.054997e-03,-1.603192e-03,realized,-1.889476e-01,5.975586e-01,-1.405816e+00,-0.030212,0.233960,-0.330667,,,,0.941582,-0.517115,-0.350600,0.941582,-0.517115,-0.350600,3.936500e-02,-6.234738e-03,7.885716e-02,1.073724,-0.702239,-0.327658,1.076170,-0.698665,-0.328771,0.263969,0.000000,0,b
18.150000,461,DS_interstep,2,-2.625664e-02,-1.052918e-02,-4.620924e-02,-3.412272e-03,8.154780e-04,-1.590536e-03,realized,-1.887388e-01,5.975061e-01,-1.405358e+00,-0.030052,0.233739,-0.330242,,,,0.941582,-0.517113,-0.350601,0.941582,-0.517113,-0.350601,3.987180e-02,-4.519932e-03,7.762094e-02,1.073724,-0.702237,-0.327659,1.076170,-0.698665,-0.328771,0.263941,0.000000,0,b
18.160000,462,DS_interstep,2,-2.665976e-02,-1.209816e-02,-4.494828e-02,-3.539961e-03,5.902096e-04,-1.571868e-03,realized,-1.885279e-01,5.974616e-01,-1.404906e+00,-0.029892,0.233517,-0.329817,,,,0.941582,-0.517112,-0.350602,0.941582,-0.517112,-0.350602,4.028983e-02,-2.934205e-03,7.635630e-02,1.073724,-0.702236,-0.327661,1.076170,-0.698665,-0.328771,0.263914,0.000000,0,b
18.170000,463,DS_interstep,2,-2.697999e-02,-1.354271e-02,-4.366447e-02,-3.652070e-03,3.788269e-04,-1.548074e-03,realized,-1.883153e-01,5.974244e-01,-1.404460e+00,-0.029732,0.233296,-0.329392,,,,0.941581,-0.517111,-0.350603,0.941581,-0.517111,-0.350603,4.062332e-02,-1.473752e-03,7.506845e-02,1.073724,-0.702235,-0.327662,1.076170,-0.698665,-0.328771,0.263889,0.000000,0,b
18.180000,464,DS_interstep,2,-2.722143e-02,-1.486670e-02,-4.236262e-02,-3.749277e-03,1.809665e-04,-1.519937e-03,realized,-1.881016e-01,5.973938e-01,-1.404021e+00,-0.029571,0.233074,-0.328967,,,,0.941581,-0.517110,-0.350605,0.941581,-0.517110,-0.350605,4.087642e-02,-1.346948e-04,7.376223e-02,1.073723,-0.702234,-0.327664,1.076170,-0.698665,-0.328771,0.263865,0.000000,0,b
18.190000,465,DS_interstep,2,-2.738811e-02,-1.607405e-02,-4.104721e-02,-3.832260e-03,-3.735296e-06,-1.488151e-03,realized,-1.878869e-01,5.973694e-01,-1.403589e+00,-0.029411,0.232853,-0.328542,,,,0.941581,-0.517109,-0.350606,0.941581,-0.517109,-0.350606,4.105323e-02,1.086901e-03,7.244216e-02,1.073723,-0.702232,-0.327666,1.076170,-0.698665,-0.328771,0.263842,0.000000,0,b
18.200000,466,DS_interstep,2,-2.748401e-02,-1.716872e-02,-3.972238e-02,-3.901697e-03,-1.756453e-04,-1.453328e-03,realized,-1.876717e-01,5.973505e-01,-1.403163e+00,-0.029250,0.232632,-0.328117,,,,0.941581,-0.517108,-0.350607,0.941581,-0.517108,-0.350607,4.115779e-02,2.195017e-03,7.111240e-02,1.073723,-0.702231,-0.327667,1.076170,-0.698665,-0.328771,0.263820,0.000000,0,b
18.210000,467,DS_interstep,2,-2.751304e-02,-1.815473e-02,-3.839200e-02,-3.958260e-03,-3.351351e-04,-1.416006e-03,realized,-1.874564e-01,5.973366e-01,-1.402744e+00,-0.029090,0.232411,-0.327692,,,,0.941581,-0.517108,-0.350608,0.941581,-0.517108,-0.350608,4.119406e-02,3.193670e-03,6.977686e-02,1.073723,-0.702230,-0.327669,1.076170,-0.698665,-0.328771,0.263799,0.000000,0,b
18.220000,468,DS_interstep,2,-2.747902e-02,-1.903610e-02,-3.705963e-02,-4.002617e-03,-4.825822e-04,-1.376661e-03,realized,-1.872412e-01,5.973272e-01,-1.402332e+00,-0.028929,0.232189,-0.327266,,,,0.941581,-0.517107,-0.350609,0.941581,-0.517107,-0.350609,4.116592e-02,4.086902e-03,6.843914e-02,1.073723,-0.702230,-0.327670,1.076170,-0.698665,-0.328771,0.263779,0.000000,0,b
18.230000,469,DS_interstep,2,-2.738570e-02,-1.981686e-02,-3.572861e-02,-4.035426e-03,-6.183708e-04,-1.335711e-03,realized,-1.870264e-01,5.973217e-01,-1.401926e+00,-0.028768,0.231968,-0.326841,,,,0.941580,-0.517106,-0.350610,0.941580,-0.517106,-0.350610,4.107718e-02,4.878770e-03,6.710259e-02,1.073723,-0.702229,-0.327671,1.076170,-0.698665,-0.328771,0.263761,0.000000,0,b
18.240000,470,DS_interstep,2,-2.723674e-02,-2.050107e-02,-3.440203e-02,-4.057333e-03,-7.428923e-04,-1.293528e-03,realized,-1.868124e-01,5.973197e-01,-1.401527e+00,-0.028607,0.231747,-0.326416,,,,0.941580,-0.517105,-0.350611,0.941580,-0.517105,-0.350611,4.093156e-02,5.573334e-03,6.577034e-02,1.073723,-0.702228,-0.327673,1.076170,-0.698665,-0.328771,0.263743,0.000000,0,b
18.250000,471,SS,3,-6.523753e-02,-8.703239e-01,1.144336e+00,-1.586035e-02,1.787571e-03,-9.239496e-03,planned,-1.743553e-01,5.976148e-01,-1.398747e+00,-0.026996,0.229568,-0.322223,-1.844993e-03,4.393085e-04,1.523130e-03,0.941593,-0.517094,-0.350623,0.958256,-0.516500,-0.349595,2.785550e-01,1.951191e-01,3.447700e-02,1.073752,-0.702212,-0.327675,1.073731,-0.702228,-0.327673,0.258702,0.799911,1,a
18.350000,472,SS,3,8.874620e-02,-9.764321e-01,1.287158e+00,1.502443e-01,5.748086e-02,-7.243508e-02,planned,-1.604795e-01,6.041733e-01,-1.395296e+00,-0.025333,0.227452,-0.318097,,,,0.941700,-0.517112,-0.350646,0.961958,-0.516377,-0.349372,1.732856e-01,3.447964e-01,-4.007133e-01,1.073877,-0.702195,-0.327654,1.073803,-0.702227,-0.327672,0.248197,0.799661,1,a
18.450000,473,SS,3,2.197348e-01,-1.070185e+00,1.470114e+00,2.864931e-01,1.058016e-01,-8.476965e-02,planned,-1.507775e-01,6.177649e-01,-1.412065e+00,-0.023673,0.225428,-0.314112,,,,0.941946,-0.517135,-0.350677,0.965661,-0.516255,-0.349148,1.373774e-01,4.894203e-01,-6.653159e-01,1.074157,-0.702164,-0.327614,1.074002,-0.702225,-0.327671,0.232478,0.799228,1,a
18.550000,474,SS,3,3.138882e-01,-1.154895e+00,1.568288e+00,3.924133e-01,1.593331e-01,-1.586357e-01,planned,-1.411104e-01,6.354313e-01,-1.432959e+00,-0.022038,0.223517,-0.310310,,,,0.942377,-0.517150,-0.350712,0.969860,-0.516127,-0.348906,1.388856e-01,5.369970e-01,-7.028861e-01,1.074644,-0.702114,-0.327558,1.074388,-0.702221,-0.327669,0.212651,0.798557,1,a
18.650000,475,SS,3,3.987541e-01,-1.284119e+00,1.743227e+00,4.904096e-01,2.056304e-01,-2.068558e-01,planned,-1.319206e-01,6.564748e-01,-1.458904e+00,-0.020437,0.221730,-0.306709,,,,0.943034,-0.517162,-0.350758,0.975596,-0.515982,-0.348605,1.243895e-01,6.373453e-01,-8.626833e-01,1.075388,-0.702048,-0.327490,1.075018,-0.702215,-0.327666,0.190579,0.797587,1,a
18.750000,476,SS,3,4.767932e-01,-1.402553e+00,1.903777e+00,5.821664e-01,2.471151e-01,-2.445995e-01,planned,-1.235466e-01,6.823564e-01,-1.492821e+00,-0.018885,0.220085,-0.303340,,,,0.943958,-0.517165,-0.350815,0.981331,-0.515838,-0.348304,1.104504e-01,7.286482e-01,-1.012959e+00,1.076433,-0.701963,-0.327413,1.075940,-0.702205,-0.327661,0.167317,0.796255,1,a
18.850000,477,SS,3,5.476083e-01,-1.502601e+00,2.037794e+00,6.682020e-01,2.874952e-01,-2.757141e-01,planned,-1.157136e-01,7.119163e-01,-1.532565e+00,-0.017394,0.218597,-0.300230,,,,0.945189,-0.517157,-0.350886,0.987067,-0.515693,-0.348003,1.030673e-01,7.984177e-01,-1.120276e+00,1.077822,-0.701856,-0.327328,1.077200,-0.702193,-0.327654,0.143703,0.794507,1,a
18.950000,478,SS,3,6.132817e-01,-1.587966e+00,2.149043e+00,7.503314e-01,3.247763e-01,-2.995719e-01,planned,-1.083363e-01,7.448733e-01,-1.577576e+00,-0.015973,0.217278,-0.297402,,,,0.946759,-0.517135,-0.350971,0.992803,-0.515549,-0.347702,9.620453e-02,8.658540e-01,-1.224670e+00,1.079593,-0.701726,-0.327237,1.078838,-0.702176,-0.327645,0.120502,0.792291,1,a
19.050000,479,SS,3,6.743775e-01,-1.658723e+00,2.236368e+00,8.290930e-01,3.587405e-01,-3.170878e-01,planned,-1.013778e-01,7.810176e-01,-1.627516e+00,-0.014628,0.216138,-0.294873,,,,0.948698,-0.517098,-0.351072,0.998539,-0.515404,-0.347401,9.126361e-02,9.251567e-01,-1.314481e+00,1.081777,-0.701572,-0.327143,1.080892,-0.702155,-0.327634,0.098276,0.789563,1,a
19.150000,480,SS,3,7.297780e-01,-1.759866e+00,2.361344e+00,9.046369e-01,3.901277e-01,-3.304863e-01,planned,-9.473901e-02,8.202982e-01,-1.682042e+00,-0.013365,0.215188,-0.292661,,,,0.951032,-0.517043,-0.351190,1.005714,-0.515279,-0.347085,8.860403e-02,9.884675e-01,-1.402851e+00,1.084405,-0.701392,-0.327047,1.083393,-0.702130,-0.327621,0.077460,0.786281,1,a
19.250000,481,SS,3,7.808949e-01,-1.852147e+00,2.468627e+00,9.771201e-01,4.188424e-01,-3.403964e-01,planned,-8.837261e-02,8.624927e-01,-1.740720e+00,-0.012186,0.214436,-0.290780,,,,0.953787,-0.516971,-0.351324,1.013112,-0.515156,-0.346767,8.734659e-02,1.040929e+00,-1.473868e+00,1.087504,-0.701185,-0.326949,1.086369,-0.702100,-0.327605,0.058397,0.782411,1,a
19.350000,482,SS,3,8.279435e-01,-1.928614e+00,2.547203e+00,1.046462e+00,4.447496e-01,-3.480929e-01,planned,-8.219919e-02,9.072038e-01,-1.802804e+00,-0.011095,0.213890,-0.289243,,,,0.956981,-0.516879,-0.351475,1.020510,-0.515033,-0.346450,8.783221e-02,1.084930e+00,-1.528767e+00,1.091096,-0.700950,-0.326851,1.089842,-0.702065,-0.327586,0.041397,0.777921,1,a
19.450000,483,SS,3,8.710745e-01,-1.990228e+00,2.597342e+00,1.112627e+00,4.672897e-01,-3.543117e-01,planned,-7.615363e-02,9.541162e-01,-1.867676e+00,-0.010092,0.213555,-0.288058,,,,0.960633,-0.516769,-0.351642,1.027908,-0.514911,-0.346132,8.964250e-02,1.121390e+00,-1.569557e+00,1.095201,-0.700687,-0.326753,1.093834,-0.702024,-0.327564,0.026918,0.772788,1,a
19.550000,484,SS,3,9.103432e-01,-2.037726e+00,2.619427e+00,1.175477e+00,4.860288e-01,-3.595686e-01,planned,-7.017524e-02,1.002920e+00,-1.934735e+00,-0.009175,0.213437,-0.287230,,,,0.964755,-0.516640,-0.351825,1.035305,-0.514788,-0.345814,9.267943e-02,1.150410e+00,-1.596382e+00,1.099832,-0.700397,-0.326655,1.098360,-0.701979,-0.327540,0.016251,0.766992,1,a
19.650000,485,SS,3,9.457031e-01,-2.089046e+00,2.639385e+00,1.234850e+00,5.009361e-01,-3.644732e-01,planned,-6.420970e-02,1.053425e+00,-2.003531e+00,-0.008343,0.213538,-0.286762,,,,0.969356,-0.516494,-0.352022,1.043334,-0.514695,-0.345514,9.671592e-02,1.177223e+00,-1.615829e+00,1.105001,-0.700080,-0.326559,1.103432,-0.701927,-0.327513,0.013160,0.760517,1,a
19.750000,486,SS,3,9.771869e-01,-2.144957e+00,2.658731e+00,1.290561e+00,5.122045e-01,-3.694140e-01,planned,-5.822429e-02,1.105486e+00,-2.073713e+00,-0.007594,0.213861,-0.286655,,,,0.974444,-0.516330,-0.352231,1.052024,-0.514634,-0.345232,1.013199e-01,1.200154e+00,-1.626808e+00,1.110716,-0.699737,-0.326465,1.109060,-0.701870,-0.327482,0.017841,0.753353,1,a
19.850000,487,SS,3,1.004806e+00,-2.187313e+00,2.651337e+00,1.342325e+00,5.197662e-01,-3.745630e-01,planned,-5.219100e-02,1.158793e+00,-2.144740e+00,-0.006925,0.214407,-0.286909,,,,0.980024,-0.516152,-0.352453,1.060714,-0.514573,-0.344951,1.063396e-01,1.213849e+00,-1.623236e+00,1.116983,-0.699369,-0.326372,1.115247,-0.701808,-0.327449,0.024359,0.745491,1,a
19.950000,488,SS,3,1.028462e+00,-2.216990e+00,2.618306e+00,1.389850e+00,5.232961e-01,-3.801613e-01,planned,-4.607864e-02,1.213004e+00,-2.216028e+00,-0.006330,0.215176,-0.287520,,,,0.986097,-0.515959,-0.352684,1.069404,-0.514512,-0.344669,1.117329e-01,1.220538e+00,-1.607858e+00,1.123804,-0.698978,-0.326280,1.121997,-0.701739,-0.327413,0.030314,0.736929,1,a
20.050000,489,SS,3,1.048124e+00,-2.235081e+00,2.561135e+00,1.432901e+00,5.223807e-01,-3.862977e-01,planned,-3.986671e-02,1.267833e+00,-2.287092e+00,-0.005807,0.216166,-0.288483,,,,0.992661,-0.515754,-0.352923,1.078093,-0.514450,-0.344387,1.172552e-01,1.220646e+00,-1.581895e+00,1.131176,-0.698565,-0.326191,1.129308,-0.701665,-0.327373,0.035206,0.727670,1,a
20.150000,490,SS,3,1.063840e+00,-2.244622e+00,2.484731e+00,1.471257e+00,5.167832e-01,-3.929618e-01,planned,-3.354052e-02,1.323013e+00,-2.357488e+00,-0.005349,0.217374,-0.289789,,,,0.999713,-0.515538,-0.353169,1.086885,-0.514400,-0.344114,1.227810e-01,1.215099e+00,-1.546777e+00,1.139094,-0.698132,-0.326103,1.137176,-0.701586,-0.327331,0.038981,0.717718,1,a
20.250000,491,SS,3,1.076190e+00,-2.261191e+00,2.414219e+00,1.504757e+00,5.067903e-01,-4.003248e-01,planned,-2.709894e-02,1.378401e+00,-2.426941e+00,-0.004951,0.218797,-0.291429,,,,1.007245,-0.515315,-0.353418,1.096499,-0.514433,-0.343910,1.280177e-01,1.208935e+00,-1.508856e+00,1.147553,-0.697681,-0.326018,1.145595,-0.701501,-0.327286,0.041704,0.707082,1,a
20.350000,492,SS,3,1.084519e+00,-2.267555e+00,2.323669e+00,1.533231e+00,4.925911e-01,-4.081415e-01,planned,-2.055656e-02,1.433763e+00,-2.495118e+00,-0.004608,0.220432,-0.293393,,,,1.015249,-0.515085,-0.353668,1.106112,-0.514467,-0.343705,1.326179e-01,1.194172e+00,-1.460083e+00,1.156542,-0.697215,-0.325935,1.154554,-0.701410,-0.327237,0.043483,0.695773,1,a
20.450000,493,SS,3,1.088680e+00,-2.264493e+00,2.214598e+00,1.556401e+00,4.740831e-01,-4.163633e-01,planned,-1.391456e-02,1.488783e+00,-2.561565e+00,-0.004315,0.222271,-0.295667,,,,1.023714,-0.514851,-0.353919,1.115726,-0.514500,-0.343501,1.369130e-01,1.173614e+00,-1.403102e+00,1.166050,-0.696735,-0.325853,1.164042,-0.701314,-0.327186,0.044439,0.683806,1,a
20.550000,494,SS,3,1.088691e+00,-2.253144e+00,2.088859e+00,1.574144e+00,4.510337e-01,-4.249890e-01,planned,-7.181291e-03,1.543217e+00,-2.625946e+00,-0.004065,0.224309,-0.298239,,,,1.032626,-0.514615,-0.354167,1.125339,-0.514534,-0.343297,1.406659e-01,1.147639e+00,-1.339209e+00,1.176061,-0.696245,-0.325774,1.174043,-0.701213,-0.327133,0.044694,0.671201,1,a
20.650000,495,SS,3,1.084605e+00,-2.234387e+00,1.948300e+00,1.586389e+00,4.233684e-01,-4.338346e-01,planned,-3.681608e-04,1.596818e+00,-2.687938e+00,-0.003853,0.226539,-0.301091,,,,1.041971,-0.514380,-0.354410,1.134952,-0.514567,-0.343092,1.438584e-01,1.116386e+00,-1.268808e+00,1.186559,-0.695745,-0.325697,1.184541,-0.701106,-0.327076,0.044364,0.657979,1,a
20.750000,496,SS,3,1.077402e+00,-2.212009e+00,1.801762e+00,1.593153e+00,3.913035e-01,-4.428851e-01,planned,6.504860e-03,1.649387e+00,-2.747285e+00,-0.003673,0.228952,-0.304208,,,,1.051731,-0.514147,-0.354646,1.144974,-0.514689,-0.342966,1.462920e-01,1.082238e+00,-1.194832e+00,1.197524,-0.695240,-0.325621,1.195516,-0.700995,-0.327017,0.043557,0.644164,1,a
20.850000,497,SS,3,1.066657e+00,-2.184269e+00,1.646319e+00,1.594485e+00,3.552638e-01,-4.519550e-01,planned,1.340767e-02,1.700726e+00,-2.803765e+00,-0.003520,0.231539,-0.307572,,,,1.061886,-0.513919,-0.354873,1.155145,-0.514844,-0.342868,1.477263e-01,1.042951e+00,-1.115781e+00,1.208935,-0.694730,-0.325548,1.206947,-0.700880,-0.326955,0.042370,0.629782,1,a
20.950000,498,SS,3,1.052059e+00,-2.150669e+00,1.481088e+00,1.590331e+00,3.154563e-01,-4.609320e-01,planned,2.031583e-02,1.750610e+00,-2.857132e+00,-0.003387,0.234290,-0.311164,,,,1.072418,-0.513697,-0.355089,1.165315,-0.514998,-0.342769,1.483662e-01,9.989868e-01,-1.032096e+00,1.220769,-0.694220,-0.325478,1.218811,-0.700760,-0.326891,0.040888,0.614861,1,a
21.050000,499,SS,3,1.033692e+00,-2.112052e+00,1.307850e+00,1.580717e+00,2.719968e-01,-4.697832e-01,planned,2.720635e-02,1.798834e+00,-2.907172e+00,-0.003271,0.237197,-0.314964,,,,1.083303,-0.513485,-0.355292,1.175486,-0.515152,-0.342671,1.482206e-01,9.509482e-01,-9.447184e-01,1.233002,-0.693710,-0.325409,1.231082,-0.700635,-0.326825,0.039187,0.599435,1,a
21.150000,500,SS,3,1.011721e+00,-2.069182e+00,1.128413e+00,1.565766e+00,2.250937e-01,-4.784275e-01,planned,3.405446e-02,1.845204e+00,-2.953698e+00,-0.003165,0.240246,-0.318952,,,,1.094519,-0.513283,-0.355480,1.185656,-0.515307,-0.342572,1.472565e-01,8.990868e-01,-8.542451e-01,1.245607,-0.693203,-0.325343,1.243735,-0.700507,-0.326757,0.037333,0.583535,1,a
21.250000,501,SS,3,9.877147e-01,-2.019926e+00,9.447367e-01,1.545653e+00,1.750700e-01,-4.868179e-01,planned,4.082523e-02,1.889523e+00,-2.996544e+00,-0.003064,0.243428,-0.323107,,,,1.106040,-0.513094,-0.355653,1.195903,-0.515490,-0.342515,1.452521e-01,8.436464e-01,-7.615008e-01,1.258556,-0.692703,-0.325279,1.256740,-0.700376,-0.326687,0.035379,0.567197,1,a
21.350000,502,SS,3,9.629777e-01,-1.962397e+00,7.586536e-01,1.520584e+00,1.224153e-01,-4.949012e-01,planned,4.718011e-02,1.931183e+00,-3.034347e+00,-0.002966,0.246728,-0.327404,,,,1.117841,-0.512919,-0.355808,1.206288,-0.515725,-0.342533,1.298246e-01,7.716964e-01,-6.262904e-01,1.271819,-0.692210,-0.325218,1.270068,-0.700241,-0.326615,0.033310,0.550451,1,a
21.450000,503,SS,3,9.327702e-01,-1.900250e+00,5.950740e-01,1.488836e+00,7.104720e-02,-4.795447e-01,planned,5.279763e-02,1.970179e+00,-3.066810e+00,-0.002870,0.250134,-0.331816,,,,1.129895,-0.512760,-0.355946,1.216673,-0.515960,-0.342550,1.166042e-01,7.084563e-01,-5.087541e-01,1.285360,-0.691732,-0.325160,1.283689,-0.700103,-0.326542,0.030845,0.533314,1,a
21.550000,504,SS,3,8.962559e-01,-1.828801e+00,4.664312e-01,1.450208e+00,2.714783e-02,-4.285796e-01,planned,5.802291e-02,2.006291e+00,-3.093919e+00,-0.002775,0.253631,-0.336314,,,,1.142174,-0.512620,-0.356069,1.227058,-0.516195,-0.342568,1.098521e-01,6.342109e-01,-3.821388e-01,1.299142,-0.691273,-0.325106,1.297569,-0.699962,-0.326467,0.027749,0.515818,1,a
21.650000,505,SS,3,8.563658e-01,-1.749204e+00,3.563372e-01,1.407220e+00,-8.655351e-03,-3.623697e-01,planned,6.301109e-02,2.039415e+00,-3.115927e+00,-0.002678,0.257206,-0.340873,,,,1.154649,-0.512500,-0.356177,1.237442,-0.516430,-0.342585,1.047015e-01,5.647754e-01,-2.723246e-01,1.313129,-0.690837,-0.325057,1.311677,-0.699820,-0.326391,0.023926,0.498007,1,a
21.750000,506,SS,3,8.143926e-01,-1.664035e+00,2.556747e-01,1.360965e+00,-3.792853e-02,-2.922610e-01,planned,6.778334e-02,2.069734e+00,-3.133547e+00,-0.002575,0.260843,-0.345467,,,,1.167291,-0.512403,-0.356270,1.247827,-0.516665,-0.342602,9.943989e-02,4.983123e-01,-1.764929e-01,1.327289,-0.690426,-0.325012,1.325978,-0.699675,-0.326314,0.019378,0.479930,1,a
21.850000,507,SS,3,7.751057e-01,-1.555952e+00,1.455739e-01,1.311933e+00,-6.251433e-02,-2.238431e-01,planned,7.231627e-02,2.097122e+00,-3.147076e+00,-0.002464,0.264531,-0.350076,,,,1.180071,-0.512331,-0.356349,1.258087,-0.516927,-0.342728,9.346685e-02,4.280417e-01,-8.566700e-02,1.341587,-0.690042,-0.324972,1.340438,-0.699529,-0.326236,0.014186,0.461638,1,a
21.950000,508,SS,3,7.345635e-01,-1.446322e+00,3.671949e-02,1.260449e+00,-8.414081e-02,-1.609882e-01,planned,7.661382e-02,2.121544e+00,-3.156781e+00,-0.002340,0.268254,-0.354679,,,,1.192959,-0.512285,-0.356412,1.268344,-0.517190,-0.342855,8.742485e-02,3.592610e-01,-3.034832e-03,1.355991,-0.689685,-0.324935,1.355022,-0.699381,-0.326158,0.008487,0.443182,1,a
22.050000,509,SS,3,6.929143e-01,-1.337700e+00,-7.236498e-02,1.206757e+00,-1.042399e-01,-1.065972e-01,planned,8.066234e-02,2.143011e+00,-3.162962e+00,-0.002202,0.272000,-0.359256,,,,1.205926,-0.512266,-0.356460,1.278601,-0.517452,-0.342983,8.079430e-02,2.909496e-01,7.267221e-02,1.370468,-0.689357,-0.324903,1.369693,-0.699232,-0.326079,0.002646,0.424612,1,a
22.150000,510,SS,3,6.503413e-01,-1.231717e+00,-1.826128e-01,1.151073e+00,-1.238412e-01,-6.246826e-02,planned,8.443626e-02,2.161476e+00,-3.165827e+00,-0.002047,0.275755,-0.363789,,,,1.218944,-0.512272,-0.356492,1.288858,-0.517715,-0.343111,7.350930e-02,2.220802e-01,1.435483e-01,1.384989,-0.689055,-0.324873,1.384416,-0.699083,-0.326000,0.004363,0.405980,1,a
22.250000,511,SS,3,6.069209e-01,-1.129924e+00,-2.944273e-01,1.093523e+00,-1.437544e-01,-3.001139e-02,planned,8.790960e-02,2.176860e+00,-3.165510e+00,-0.001872,0.279507,-0.368260,,,,1.231982,-0.512305,-0.356507,1.299115,-0.517978,-0.343239,6.561086e-02,1.520970e-01,2.110287e-01,1.399519,-0.688780,-0.324847,1.399155,-0.698934,-0.325920,0.010642,0.387335,1,a
22.350000,512,SS,3,5.648697e-01,-1.015866e+00,-4.261822e-01,1.034185e+00,-1.648817e-01,-1.022480e-02,planned,9.104964e-02,2.188978e+00,-3.162025e+00,-0.001676,0.283241,-0.372653,,,,1.245011,-0.512362,-0.356504,1.309077,-0.518253,-0.343423,5.691316e-02,7.712951e-02,2.794012e-01,1.414029,-0.688530,-0.324824,1.413873,-0.698785,-0.325841,0.016928,0.368726,1,a
22.450000,513,SS,3,5.234820e-01,-8.975778e-01,-5.709315e-01,9.731557e-01,-1.882998e-01,-3.657744e-03,planned,9.384219e-02,2.197654e+00,-3.155339e+00,-0.001456,0.286944,-0.376949,,,,1.258000,-0.512444,-0.356484,1.318841,-0.518536,-0.343644,4.807146e-02,5.095491e-04,3.465517e-01,1.428486,-0.688305,-0.324803,1.428535,-0.698637,-0.325762,0.022982,0.350204,1,a
22.550000,514,SS,3,4.813630e-01,-7.890864e-01,-7.156198e-01,9.105174e-01,-2.148997e-01,-1.110514e-02,planned,9.628710e-02,2.202960e+00,-3.145639e+00,-0.001210,0.290602,-0.381132,,,,1.270917,-0.512550,-0.356444,1.328604,-0.518819,-0.343865,3.905897e-02,-7.174606e-02,4.067476e-01,1.442858,-0.688103,-0.324784,1.443104,-0.698490,-0.325684,0.028651,0.331816,1,a
22.650000,515,SS,3,4.387026e-01,-6.911635e-01,-8.589560e-01,8.464660e-01,-2.449784e-01,-3.201255e-02,planned,9.835312e-02,2.205029e+00,-3.133188e+00,-0.000937,0.294202,-0.385185,,,,1.283732,-0.512677,-0.356385,1.338368,-0.519102,-0.344086,2.898586e-02,-1.420590e-01,4.619785e-01,1.457114,-0.687922,-0.324767,1.457545,-0.698343,-0.325606,0.033796,0.313610,1,a
22.750000,516,SS,3,3.954989e-01,-6.039453e-01,-9.990421e-01,7.810804e-01,-2.782726e-01,-6.483900e-02,planned,9.999280e-02,2.203822e+00,-3.118069e+00,-0.000636,0.297733,-0.389094,,,,1.296418,-0.512825,-0.356306,1.348132,-0.519385,-0.344308,1.797384e-02,-2.132308e-01,5.157806e-01,1.471224,-0.687762,-0.324751,1.471822,-0.698199,-0.325529,0.038294,0.295632,1,a
22.850000,517,SS,3,3.520905e-01,-5.194712e-01,-1.144643e+00,7.142549e-01,-3.145734e-01,-1.088858e-01,planned,1.011758e-01,2.199239e+00,-3.100262e+00,-0.000306,0.301181,-0.392843,,,,1.308944,-0.512991,-0.356205,1.357705,-0.519669,-0.344543,6.432120e-03,-2.860077e-01,5.696845e-01,1.485157,-0.687620,-0.324736,1.485902,-0.698056,-0.325453,0.042042,0.277928,1,a
22.950000,518,SS,3,3.097734e-01,-4.175324e-01,-1.319769e+00,6.460181e-01,-3.542477e-01,-1.633043e-01,planned,1.018849e-01,2.191071e+00,-3.079616e+00,0.000053,0.304534,-0.396418,,,,1.321282,-0.513174,-0.356084,1.366609,-0.519958,-0.344827,-5.436635e-03,-3.654835e-01,6.293309e-01,1.498882,-0.687497,-0.324721,1.499750,-0.697916,-0.325379,0.044946,0.260541,1,a
23.050000,519,SS,3,2.667369e-01,-3.298209e-01,-1.485964e+00,5.765449e-01,-3.978098e-01,-2.273209e-01,planned,1.021326e-01,2.179303e+00,-3.056126e+00,0.000443,0.307779,-0.399802,,,,1.333402,-0.513373,-0.355941,1.375513,-0.520248,-0.345111,-1.697058e-02,-4.399113e-01,6.829703e-01,1.512370,-0.687391,-0.324707,1.513333,-0.697779,-0.325305,0.046935,0.243516,1,a
23.150000,520,SS,3,2.231627e-01,-2.568656e-01,-1.642109e+00,5.060262e-01,-4.450212e-01,-3.009186e-01,planned,1.019121e-01,2.164051e+00,-3.029984e+00,0.000863,0.310904,-0.402981,,,,1.345276,-0.513585,-0.355776,1.384416,-0.520537,-0.345395,-2.870352e-02,-5.121803e-01,7.328198e-01,1.525591,-0.687301,-0.324693,1.526620,-0.697644,-0.325234,0.047943,0.226894,1,a
23.250000,521,SS,3,1.792253e-01,-1.987290e-01,-1.786652e+00,4.347164e-01,-4.954534e-01,-3.829847e-01,planned,1.012267e-01,2.145379e+00,-3.001290e+00,0.001314,0.313898,-0.405941,,,,1.356877,-0.513809,-0.355590,1.393320,-0.520826,-0.345679,-4.015501e-02,-5.816502e-01,7.794006e-01,1.538517,-0.687226,-0.324679,1.539580,-0.697513,-0.325164,0.047924,0.210715,1,a
23.350000,522,SS,3,1.351564e-01,-1.555903e-01,-1.918183e+00,3.629143e-01,-5.486898e-01,-4.727435e-01,planned,9.995239e-02,2.123115e+00,-2.969492e+00,0.001795,0.316749,-0.408670,,,,1.368178,-0.514044,-0.355382,1.402224,-0.521115,-0.345963,-6.064711e-02,-6.640747e-01,8.626796e-01,1.551121,-0.687165,-0.324665,1.552184,-0.697386,-0.325096,0.046856,0.195013,1,a
23.450000,523,SS,3,9.081178e-02,-8.830997e-02,-2.074176e+00,2.902510e-01,-6.014169e-01,-5.566952e-01,planned,9.766600e-02,2.096661e+00,-2.933216e+00,0.002303,0.319443,-0.411147,,,,1.379154,-0.514287,-0.355156,1.410091,-0.521391,-0.346263,-8.298288e-02,-7.505227e-01,9.522665e-01,1.563371,-0.687121,-0.324650,1.564403,-0.697262,-0.325030,0.044952,0.179805,1,a
23.550000,524,SS,3,4.403650e-02,-2.337213e-02,-2.185674e+00,2.164350e-01,-6.458993e-01,-6.080749e-01,planned,9.458869e-02,2.066002e+00,-2.892216e+00,0.002833,0.321969,-0.413351,,,,1.389780,-0.514539,-0.354913,1.417767,-0.521664,-0.346565,-9.964398e-02,-8.356972e-01,1.045818e+00,1.575235,-0.687096,-0.324637,1.576211,-0.697142,-0.324967,0.042517,0.165112,1,a
23.650000,525,SS,3,-3.598960e-03,3.307919e-02,-2.250315e+00,1.429723e-01,-6.796415e-01,-6.371773e-01,planned,9.084798e-02,2.031342e+00,-2.846742e+00,0.003383,0.324313,-0.415264,,,,1.400032,-0.514801,-0.354659,1.425442,-0.521937,-0.346868,-1.146027e-01,-9.116515e-01,1.125158e+00,1.586683,-0.687095,-0.324625,1.587582,-0.697027,-0.324906,0.039770,0.150960,1,a
23.750000,526,SS,3,-5.116564e-02,8.089887e-02,-2.272980e+00,7.073005e-02,-7.020312e-01,-6.501469e-01,planned,8.648974e-02,1.993019e+00,-2.797371e+00,0.003952,0.326463,-0.416868,,,,1.409889,-0.515072,-0.354396,1.433117,-0.522210,-0.347171,-1.283333e-01,-9.797362e-01,1.191970e+00,1.597689,-0.687118,-0.324614,1.598495,-0.696917,-0.324847,0.036893,0.137376,1,a
23.850000,527,SS,3,-9.815768e-02,1.197530e-01,-2.256514e+00,3.102970e-04,-7.131603e-01,-6.497339e-01,planned,8.156695e-02,1.951315e+00,-2.744551e+00,0.004537,0.328410,-0.418150,,,,1.419330,-0.515353,-0.354126,1.440793,-0.522484,-0.347474,-1.407301e-01,-1.040325e+00,1.247641e+00,1.608228,-0.687170,-0.324604,1.608928,-0.696811,-0.324791,0.034031,0.124386,1,a
23.950000,528,SS,3,-1.445844e-01,1.713727e-01,-2.238016e+00,-6.773115e-02,-7.136687e-01,-6.380948e-01,planned,7.614880e-02,1.906337e+00,-2.688509e+00,0.005136,0.330145,-0.419099,,,,1.428339,-0.515644,-0.353854,1.447723,-0.522736,-0.347760,-1.512331e-01,-1.100220e+00,1.300906e+00,1.618280,-0.687249,-0.324596,1.618862,-0.696711,-0.324737,0.031292,0.112014,1,a
24.050000,529,SS,3,-1.899051e-01,2.365574e-01,-2.223836e+00,-1.327364e-01,-7.054245e-01,-6.169780e-01,planned,7.033124e-02,1.858178e+00,-2.629380e+00,0.005748,0.331661,-0.419704,,,,1.436899,-0.515944,-0.353582,1.453801,-0.522965,-0.348027,-1.596049e-01,-1.157336e+00,1.350263e+00,1.627826,-0.687358,-0.324589,1.628281,-0.696615,-0.324686,0.028755,0.100285,1,a
24.150000,530,SS,3,-2.327724e-01,2.875406e-01,-2.175314e+00,-1.939512e-01,-6.898647e-01,-5.883694e-01,planned,6.418331e-02,1.807212e+00,-2.567646e+00,0.006372,0.332948,-0.419956,,,,1.444994,-0.516254,-0.353312,1.459878,-0.523193,-0.348295,-1.667480e-01,-1.202805e+00,1.384288e+00,1.636848,-0.687497,-0.324583,1.637169,-0.696525,-0.324639,0.026474,0.089219,1,a
24.250000,531,SS,3,-2.726366e-01,3.243796e-01,-2.094363e+00,-2.508039e-01,-6.671130e-01,-5.537920e-01,planned,5.774709e-02,1.753847e+00,-2.503883e+00,0.007007,0.334002,-0.419851,,,,1.452613,-0.516573,-0.353046,1.465956,-0.523422,-0.348562,-1.727624e-01,-1.239152e+00,1.405961e+00,1.645333,-0.687666,-0.324579,1.645515,-0.696441,-0.324594,0.024476,0.078831,1,a
24.350000,532,SS,3,-3.091425e-01,3.472825e-01,-1.982952e+00,-3.028748e-01,-6.373118e-01,-5.144024e-01,planned,5.107347e-02,1.698455e+00,-2.438592e+00,0.007651,0.334819,-0.419384,,,,1.459747,-0.516899,-0.352787,1.472033,-0.523651,-0.348829,-1.775084e-01,-1.266275e+00,1.415919e+00,1.653271,-0.687863,-0.324575,1.653310,-0.696362,-0.324552,0.022772,0.069135,1,a
24.450000,533,SS,3,-3.422450e-01,3.608247e-01,-1.850961e+00,-3.498034e-01,-6.007749e-01,-4.715659e-01,planned,4.421798e-02,1.641375e+00,-2.372218e+00,0.008303,0.335397,-0.418557,,,,1.466391,-0.517232,-0.352536,1.477937,-0.523873,-0.349088,-1.808501e-01,-1.285705e+00,1.416432e+00,1.660656,-0.688088,-0.324572,1.660546,-0.696289,-0.324513,0.021360,0.060143,1,a
24.550000,534,SS,3,-3.742765e-01,4.057172e-01,-1.772346e+00,-3.912579e-01,-5.590424e-01,-4.259595e-01,planned,3.729554e-02,1.582596e+00,-2.304693e+00,0.008964,0.335733,-0.417370,,,,1.472540,-0.517571,-0.352296,1.482045,-0.524023,-0.349257,-1.810725e-01,-1.310471e+00,1.425937e+00,1.667483,-0.688339,-0.324570,1.667222,-0.696221,-0.324477,0.020215,0.051865,1,a
24.650000,535,SS,3,-4.015580e-01,4.328407e-01,-1.667692e+00,-4.266225e-01,-5.147725e-01,-3.789214e-01,planned,3.041278e-02,1.522523e+00,-2.236367e+00,0.009632,0.335827,-0.415823,,,,1.478190,-0.517916,-0.352067,1.486153,-0.524174,-0.349426,-1.798618e-01,-1.319803e+00,1.418004e+00,1.673749,-0.688615,-0.324567,1.673335,-0.696159,-0.324444,0.019327,0.044305,1,a
24.750000,536,SS,3,-4.235609e-01,4.428787e-01,-1.539245e+00,-4.554921e-01,-4.680403e-01,-3.321080e-01,planned,2.360423e-02,1.461701e+00,-2.167937e+00,0.010309,0.335679,-0.413923,,,,1.483342,-0.518264,-0.351851,1.490261,-0.524324,-0.349595,-1.777885e-01,-1.318279e+00,1.396769e+00,1.679455,-0.688914,-0.324564,1.678888,-0.696103,-0.324414,0.018660,0.037467,1,a
24.850000,537,SS,3,-4.401397e-01,4.370614e-01,-1.388822e+00,-4.776944e-01,-4.187847e-01,-2.855215e-01,planned,1.691897e-02,1.400596e+00,-2.099942e+00,0.010994,0.335292,-0.411677,,,,1.488000,-0.518615,-0.351648,1.494369,-0.524475,-0.349764,-1.745137e-01,-1.306013e+00,1.363640e+00,1.684606,-0.689234,-0.324561,1.683887,-0.696053,-0.324387,0.018182,0.031351,1,a
24.950000,538,SS,3,-4.512181e-01,4.164276e-01,-1.218847e+00,-4.931927e-01,-3.670855e-01,-2.401148e-01,planned,1.040515e-02,1.339677e+00,-2.032927e+00,0.011686,0.334671,-0.409094,,,,1.492172,-0.518969,-0.351460,1.498477,-0.524625,-0.349933,-1.701440e-01,-1.283077e+00,1.318605e+00,1.689211,-0.689572,-0.324557,1.688341,-0.696008,-0.324363,0.017857,0.025954,1,a
25.050000,539,SS,3,-4.606659e-01,4.184351e-01,-1.102933e+00,-5.019834e-01,-3.140195e-01,-1.960569e-01,planned,4.169317e-03,1.279078e+00,-1.966939e+00,0.012386,0.333821,-0.406188,,,,1.495868,-0.519322,-0.351288,1.500920,-0.524694,-0.349985,-1.627915e-01,-1.262730e+00,1.280719e+00,1.693282,-0.689926,-0.324553,1.692263,-0.695968,-0.324342,0.017644,0.021274,1,a
25.150000,540,SS,3,-4.657073e-01,4.190862e-01,-9.998193e-01,-5.038016e-01,-2.623028e-01,-1.539984e-01,planned,-1.663550e-03,1.219144e+00,-1.902183e+00,0.013095,0.332750,-0.402970,,,,1.499098,-0.519675,-0.351131,1.502685,-0.524730,-0.349988,-1.534479e-01,-1.231994e+00,1.233442e+00,1.696832,-0.690293,-0.324547,1.695670,-0.695933,-0.324324,0.017520,0.017306,1,a
25.250000,541,SS,3,-4.642332e-01,4.036662e-01,-8.825016e-01,-4.983695e-01,-2.128192e-01,-1.151846e-01,planned,-7.040925e-03,1.160479e+00,-1.839330e+00,0.013812,0.331464,-0.399456,,,,1.501878,-0.520026,-0.350989,1.504450,-0.524765,-0.349991,-1.433037e-01,-1.187664e+00,1.170561e+00,1.699879,-0.690671,-0.324539,1.698581,-0.695904,-0.324308,0.017451,0.014039,1,a
25.350000,542,SS,3,-4.561566e-01,3.742262e-01,-7.533216e-01,-4.856781e-01,-1.654174e-01,-7.952705e-02,planned,-1.192230e-02,1.103660e+00,-1.779042e+00,0.014539,0.329975,-0.395663,,,,1.504227,-0.520374,-0.350863,1.506215,-0.524801,-0.349995,-1.321746e-01,-1.131451e+00,1.094686e+00,1.702445,-0.691056,-0.324530,1.701020,-0.695879,-0.324295,0.017403,0.011454,1,a
25.450000,543,SS,3,-4.415579e-01,3.327831e-01,-6.151016e-01,-4.658915e-01,-1.200750e-01,-4.729032e-02,planned,-1.626008e-02,1.049247e+00,-1.721939e+00,0.015276,0.328295,-0.391614,,,,1.506168,-0.520718,-0.350752,1.507981,-0.524837,-0.349998,-1.199948e-01,-1.063522e+00,1.006218e+00,1.704556,-0.691445,-0.324520,1.703017,-0.695859,-0.324284,0.017346,0.009510,1,a
25.550000,544,SS,3,-4.197814e-01,2.949160e-01,-4.882277e-01,-4.391956e-01,-7.721948e-02,-1.873012e-02,planned,-2.000532e-02,9.976832e-01,-1.668515e+00,0.016021,0.326438,-0.387332,,,,1.507729,-0.521057,-0.350657,1.509158,-0.524860,-0.350000,-1.066007e-01,-9.877808e-01,9.098121e-01,1.706245,-0.691836,-0.324507,1.704604,-0.695843,-0.324275,0.017252,0.008131,1,a
25.650000,545,SS,3,-3.901071e-01,2.754875e-01,-3.929254e-01,-4.057283e-01,-3.802119e-02,6.099912e-03,planned,-2.309381e-02,9.493209e-01,-1.619126e+00,0.016775,0.324420,-0.382844,,,,1.508941,-0.521389,-0.350576,1.509158,-0.524860,-0.350000,-9.176009e-02,-9.067407e-01,8.087989e-01,1.707546,-0.692226,-0.324493,1.705816,-0.695831,-0.324269,0.017095,0.007197,1,a
25.750000,546,SS,3,-3.538834e-01,2.478240e-01,-2.970111e-01,-3.655305e-01,-3.310443e-03,2.661779e-02,planned,-2.545166e-02,9.047798e-01,-1.574387e+00,0.017536,0.322257,-0.378179,,,,1.509838,-0.521713,-0.350509,1.509158,-0.524860,-0.350000,-7.570624e-02,-8.116685e-01,6.929116e-01,1.708497,-0.692610,-0.324478,1.706697,-0.695822,-0.324264,0.016859,0.006560,1,a
25.850000,547,SS,3,-3.110644e-01,2.142977e-01,-2.039251e-01,-3.187433e-01,2.662602e-02,4.252875e-02,planned,-2.702463e-02,8.646920e-01,-1.534998e+00,0.018304,0.319970,-0.373367,,,,1.510459,-0.522028,-0.350455,1.509158,-0.524860,-0.350000,-5.837353e-02,-7.046691e-01,5.643811e-01,1.709144,-0.692985,-0.324461,1.707291,-0.695816,-0.324261,0.016522,0.006085,1,a
25.950000,548,SS,3,-2.616627e-01,1.773778e-01,-1.172837e-01,-2.655309e-01,5.141281e-02,5.380324e-02,planned,-2.774624e-02,8.296688e-01,-1.501608e+00,0.019077,0.317578,-0.368445,,,,1.510847,-0.522332,-0.350414,1.509158,-0.524860,-0.350000,-3.956794e-02,-5.858545e-01,4.237047e-01,1.709534,-0.693349,-0.324442,1.707649,-0.695812,-0.324259,0.016071,0.005674,1,a
26.050000,549,SS,3,-2.056095e-01,1.395151e-01,-4.104111e-02,-2.060102e-01,7.052854e-02,6.012911e-02,planned,-2.754481e-02,8.003164e-01,-1.474861e+00,0.019854,0.315107,-0.363451,,,,1.511049,-0.522624,-0.350385,1.509158,-0.524860,-0.350000,-1.917486e-02,-4.558105e-01,2.714909e-01,1.709722,-0.693698,-0.324423,1.707828,-0.695810,-0.324258,0.015498,0.005274,1,a
26.150000,550,SS,3,-1.427834e-01,1.031291e-01,2.062530e-02,-1.402667e-01,8.325350e-02,6.114346e-02,planned,-2.632106e-02,7.771798e-01,-1.455288e+00,0.020633,0.312580,-0.358424,,,,1.511118,-0.522903,-0.350365,1.509158,-0.524860,-0.350000,3.717828e-03,-3.156871e-01,1.105706e-01,1.709767,-0.694027,-0.324403,1.707887,-0.695810,-0.324258,0.014819,0.004870,1,a
26.250000,551,SS,3,-7.291838e-02,7.017403e-02,6.285296e-02,-6.833556e-02,8.830116e-02,5.555064e-02,planned,-2.400942e-02,7.608382e-01,-1.443068e+00,0.021413,0.310025,-0.353409,,,,1.511108,-0.523168,-0.350354,1.509158,-0.524860,-0.350000,2.093313e-02,-1.709760e-01,-1.447687e-02,1.709731,-0.694333,-0.324382,1.707892,-0.695810,-0.324258,0.014035,0.004470,1,a
26.360000,552,DS_interstep,3,2.448059e-01,9.743770e-02,1.244528e+00,-5.670831e-02,5.095259e-02,1.351626e-02,realized,-2.520264e-02,7.602312e-01,-1.449037e+00,0.021520,0.309749,-0.352857,-1.844973e-03,4.398006e-04,1.523585e-03,1.511100,-0.523215,-0.350359,1.511100,-0.523215,-0.350359,-2.387791e-01,-1.138692e-01,-1.208100e+00,1.709725,-0.694364,-0.324380,1.709725,-0.694364,-0.324380,0.014148,0.004194,0,a
26.370000,553,DS_interstep,3,1.307532e+00,2.985004e+00,-2.621784e-01,1.948253e-01,-9.487401e-02,-4.611204e-01,realized,-3.005863e-02,7.441469e-01,-1.444972e+00,0.021688,0.309436,-0.352223,,,,1.511084,-0.523296,-0.350376,1.511084,-0.523296,-0.350376,-9.713925e-01,-3.209386e+00,7.985414e-01,1.709716,-0.694400,-0.324381,1.709725,-0.694364,-0.324380,0.016613,0.003348,0,a
26.380000,554,DS_interstep,3,-6.744976e-01,5.832476e-01,-3.680201e+00,-4.198618e-02,4.031501e-02,-1.415620e-01,realized,-2.558432e-02,7.404575e-01,-1.424924e+00,0.021890,0.309105,-0.351552,,,,1.511066,-0.523393,-0.350398,1.511066,-0.523393,-0.350398,8.946218e-01,-7.304630e-01,3.995344e+00,1.709704,-0.694439,-0.324385,1.709725,-0.694364,-0.324380,0.022962,0.002525,0,a
26.390000,555,DS_interstep,3,-1.815666e+00,1.595963e-01,-6.362371e+00,-2.228555e-01,4.583526e-01,5.968809e-02,realized,-1.591674e-02,7.393358e-01,-1.399853e+00,0.022106,0.308773,-0.350874,,,,1.511050,-0.523493,-0.350420,1.511050,-0.523493,-0.350420,1.933322e+00,-2.169307e-01,5.000000e+00,1.709692,-0.694484,-0.324391,1.709725,-0.694364,-0.324380,0.030685,0.001837,0,a
26.400000,556,DS_interstep,3,-2.234969e+00,-1.001432e-01,-6.732221e+00,-3.168396e-01,7.183933e-01,3.154646e-01,realized,-4.482221e-03,7.397733e-01,-1.374784e+00,0.022325,0.308449,-0.350205,,,,1.511034,-0.523591,-0.350438,1.511034,-0.523591,-0.350438,2.286800e+00,9.491768e-02,5.000000e+00,1.709681,-0.694535,-0.324398,1.709725,-0.694364,-0.324380,0.037602,0.001303,0,a
26.410000,557,DS_interstep,3,-2.179759e+00,7.673100e-02,-6.417554e+00,-3.332365e-01,8.474816e-01,3.922221e-01,realized,6.476778e-03,7.394521e-01,-1.349716e+00,0.022539,0.308135,-0.349550,,,,1.511020,-0.523686,-0.350452,1.511020,-0.523686,-0.350452,2.191798e+00,-5.682482e-02,5.000000e+00,1.709671,-0.694591,-0.324408,1.709725,-0.694364,-0.324380,0.042840,0.000907,0,a
26.420000,558,DS_interstep,3,-1.896594e+00,1.355656e-01,-5.425669e+00,-3.079724e-01,8.215501e-01,3.984089e-01,realized,1.590559e-02,7.388742e-01,-1.324649e+00,0.022746,0.307832,-0.348910,,,,1.511007,-0.523775,-0.350462,1.511007,-0.523775,-0.350462,1.885859e+00,-1.081789e-01,5.000000e+00,1.709661,-0.694651,-0.324418,1.709725,-0.694364,-0.324380,0.046390,0.000622,0,a
26.430000,559,DS_interstep,3,-1.524601e+00,2.117350e-01,-4.358591e+00,-2.634914e-01,7.192340e-01,3.199359e-01,realized,2.341581e-02,7.379032e-01,-1.302892e+00,0.022942,0.307538,-0.348285,,,,1.510994,-0.523860,-0.350467,1.510994,-0.523860,-0.350467,1.502223e+00,-1.867957e-01,4.338087e+00,1.709650,-0.694714,-0.324430,1.709725,-0.694364,-0.324380,0.048727,0.000421,0,a
26.440000,560,DS_interstep,3,-1.158767e+00,1.992581e-01,-3.285429e+00,-2.166830e-01,5.746979e-01,2.149082e-01,realized,2.907404e-02,7.369572e-01,-1.286461e+00,0.023129,0.307252,-0.347673,,,,1.510980,-0.523940,-0.350470,1.510980,-0.523940,-0.350470,1.131892e+00,-1.818260e-01,3.273389e+00,1.709640,-0.694780,-0.324441,1.709725,-0.694364,-0.324380,0.050607,0.000280,0,a
26.450000,561,DS_interstep,3,-8.839975e-01,8.679481e-02,-2.439462e+00,-1.766467e-01,4.284840e-01,9.921649e-02,realized,3.337904e-02,7.365226e-01,-1.274174e+00,0.023308,0.306971,-0.347067,,,,1.510965,-0.524018,-0.350470,1.510965,-0.524018,-0.350470,8.613019e-01,-7.953572e-02,2.444554e+00,1.709628,-0.694847,-0.324453,1.709725,-0.694364,-0.324380,0.052853,0.000184,0,a
26.460000,562,DS_interstep,3,-6.991854e-01,-6.313800e-02,-1.834779e+00,-1.467004e-01,3.062550e-01,-5.286930e-03,realized,3.679921e-02,7.367930e-01,-1.264829e+00,0.023480,0.306693,-0.346467,,,,1.510949,-0.524094,-0.350469,1.510949,-0.524094,-0.350469,6.843726e-01,6.145167e-02,1.856330e+00,1.709614,-0.694916,-0.324465,1.709725,-0.694364,-0.324380,0.056049,0.000119,0,a
26.470000,563,DS_interstep,3,-5.146581e-01,-1.278384e-01,-1.281734e+00,-1.217491e-01,2.070238e-01,-8.865313e-02,realized,3.930545e-02,7.373667e-01,-1.258216e+00,0.023646,0.306418,-0.345870,,,,1.510931,-0.524168,-0.350466,1.510931,-0.524168,-0.350466,5.016157e-01,1.221036e-01,1.309838e+00,1.709600,-0.694986,-0.324476,1.709725,-0.694364,-0.324380,0.060456,0.000074,0,a
26.480000,564,DS_interstep,3,-3.011152e-01,-1.245387e-01,-6.747014e-01,-9.706399e-02,1.143745e-01,-1.523748e-01,realized,4.072686e-02,7.379185e-01,-1.254643e+00,0.023804,0.306145,-0.345278,,,,1.510911,-0.524239,-0.350462,1.510911,-0.524239,-0.350462,2.846699e-01,1.177456e-01,7.020508e-01,1.709584,-0.695055,-0.324486,1.709725,-0.694364,-0.324380,0.066068,0.000044,0,a
26.490000,565,DS_interstep,3,-7.382203e-02,-1.059182e-01,-2.695867e-02,-7.048511e-02,2.100893e-02,-2.024641e-01,realized,4.098996e-02,7.383754e-01,-1.254325e+00,0.023954,0.305875,-0.344691,,,,1.510889,-0.524307,-0.350457,1.510889,-0.524307,-0.350457,5.301295e-02,9.876226e-02,5.111306e-02,1.709567,-0.695125,-0.324496,1.709725,-0.694364,-0.324380,0.072692,0.000025,0,a
26.500000,566,DS_interstep,3,1.266710e-01,-1.122906e-01,5.592383e-01,-4.391820e-02,-6.739129e-02,-2.433883e-01,realized,4.024346e-02,7.388586e-01,-1.256945e+00,0.024096,0.305607,-0.344110,,,,1.510866,-0.524373,-0.350451,1.510866,-0.524373,-0.350451,-1.489071e-01,1.040352e-01,-5.366628e-01,1.709549,-0.695193,-0.324504,1.709725,-0.694364,-0.324380,0.080021,0.000013,0,a
26.510000,567,DS_interstep,3,2.795198e-01,-1.449137e-01,1.017190e+00,-1.960370e-02,-1.426415e-01,-2.757951e-01,realized,3.873999e-02,7.394977e-01,-1.261855e+00,0.024231,0.305341,-0.343533,,,,1.510842,-0.524435,-0.350445,1.510842,-0.524435,-0.350445,-3.003109e-01,1.352163e-01,-9.945213e-01,1.709529,-0.695260,-0.324511,1.709725,-0.694364,-0.324380,0.087714,0.000007,0,a
26.520000,568,DS_interstep,3,3.828278e-01,-1.915279e-01,1.333638e+00,1.130182e-03,-2.004345e-01,-2.986162e-01,realized,3.673551e-02,7.403634e-01,-1.268342e+00,0.024360,0.305077,-0.342960,,,,1.510817,-0.524494,-0.350438,1.510817,-0.524494,-0.350438,-4.005284e-01,1.805378e-01,-1.310011e+00,1.709508,-0.695325,-0.324516,1.709725,-0.694364,-0.324380,0.095461,0.000006,0,a
26.530000,569,DS_interstep,3,4.420708e-01,-2.402144e-01,1.518766e+00,1.761396e-02,-2.398778e-01,-3.116729e-01,realized,3.445400e-02,7.414673e-01,-1.275747e+00,0.024483,0.304813,-0.342392,,,,1.510791,-0.524550,-0.350431,1.510791,-0.524550,-0.350431,-4.559534e-01,2.281959e-01,-1.493720e+00,1.709486,-0.695388,-0.324521,1.709725,-0.694364,-0.324380,0.103017,0.000007,0,a
26.540000,570,DS_interstep,3,4.649103e-01,-2.819052e-01,1.589757e+00,2.971750e-02,-2.620341e-01,-3.162174e-01,realized,3.207838e-02,7.427755e-01,-1.283498e+00,0.024602,0.304551,-0.341827,,,,1.510765,-0.524604,-0.350424,1.510765,-0.524604,-0.350424,-4.747975e-01,2.690666e-01,-1.562986e+00,1.709463,-0.695449,-0.324524,1.709725,-0.694364,-0.324380,0.110209,0.000008,0,a
26.550000,571,DS_interstep,3,4.622690e-01,-3.088676e-01,1.573174e+00,3.817019e-02,-2.695566e-01,-3.140871e-01,realized,2.973449e-02,7.442156e-01,-1.291157e+00,0.024718,0.304289,-0.341266,,,,1.510738,-0.524655,-0.350416,1.510738,-0.524655,-0.350416,-4.684744e-01,2.954488e-01,-1.544736e+00,1.709439,-0.695508,-0.324525,1.709725,-0.694364,-0.324380,0.116932,0.000008,0,a
26.560000,572,DS_interstep,3,4.464413e-01,-3.212894e-01,1.510733e+00,4.411270e-02,-2.669606e-01,-3.051716e-01,realized,2.748477e-02,7.457165e-01,-1.298498e+00,0.024831,0.304028,-0.340707,,,,1.510711,-0.524704,-0.350409,1.510711,-0.524704,-0.350409,-4.496636e-01,3.076268e-01,-1.481131e+00,1.709414,-0.695566,-0.324526,1.709725,-0.694364,-0.324380,0.123135,0.000007,0,a
26.570000,573,DS_interstep,3,4.272835e-01,-3.184403e-01,1.431687e+00,4.867432e-02,-2.582605e-01,-2.907347e-01,realized,2.534172e-02,7.472034e-01,-1.305441e+00,0.024942,0.303768,-0.340152,,,,1.510684,-0.524751,-0.350401,1.510684,-0.524751,-0.350401,-4.283493e-01,3.048491e-01,-1.401610e+00,1.709389,-0.695621,-0.324525,1.709725,-0.694364,-0.324380,0.128807,0.000007,0,a
26.580000,574,DS_interstep,3,4.111988e-01,-3.034520e-01,1.357666e+00,5.275836e-02,-2.471440e-01,-2.720195e-01,realized,2.328596e-02,7.486168e-01,-1.312014e+00,0.025050,0.303509,-0.339599,,,,1.510658,-0.524796,-0.350393,1.510658,-0.524796,-0.350393,-4.109128e-01,2.901735e-01,-1.327781e+00,1.709363,-0.695675,-0.324524,1.709725,-0.694364,-0.324380,0.133960,0.000006,0,a
26.590000,575,DS_interstep,3,4.019817e-01,-2.797958e-01,1.300736e+00,5.713202e-02,-2.365336e-01,-2.508304e-01,realized,2.127946e-02,7.499144e-01,-1.318307e+00,0.025157,0.303252,-0.339049,,,,1.510631,-0.524839,-0.350386,1.510631,-0.524839,-0.350386,-4.010799e-01,2.670029e-01,-1.271632e+00,1.709336,-0.695727,-0.324521,1.709725,-0.694364,-0.324380,0.138619,0.000005,0,a
26.600000,576,DS_interstep,3,4.007569e-01,-2.513368e-01,1.266398e+00,6.214003e-02,-2.281089e-01,-2.282987e-01,realized,1.927960e-02,7.510723e-01,-1.324433e+00,0.025261,0.302995,-0.338503,,,,1.510605,-0.524881,-0.350378,1.510605,-0.524881,-0.350378,-3.997722e-01,2.390894e-01,-1.238443e+00,1.709309,-0.695778,-0.324518,1.709725,-0.694364,-0.324380,0.142816,0.000004,0,a
26.610000,577,DS_interstep,3,4.069905e-01,-2.203618e-01,1.254640e+00,6.775643e-02,-2.222734e-01,-2.050661e-01,realized,1.724736e-02,7.520778e-01,-1.330506e+00,0.025364,0.302740,-0.337960,,,,1.510580,-0.524920,-0.350370,1.510580,-0.524920,-0.350370,-4.062692e-01,2.086195e-01,-1.227997e+00,1.709282,-0.695827,-0.324514,1.709725,-0.694364,-0.324380,0.146582,0.000003,0,a
26.620000,578,DS_interstep,3,4.189240e-01,-1.886278e-01,1.262123e+00,7.368044e-02,-2.186324e-01,-1.814095e-01,realized,1.515326e-02,7.529265e-01,-1.336623e+00,0.025464,0.302485,-0.337421,,,,1.510554,-0.524957,-0.350361,1.510554,-0.524957,-0.350361,-4.186611e-01,1.772644e-01,-1.236753e+00,1.709254,-0.695875,-0.324510,1.709725,-0.694364,-0.324380,0.149947,0.000003,0,a
26.630000,579,DS_interstep,3,4.337878e-01,-1.573873e-01,1.282204e+00,7.940510e-02,-2.162062e-01,-1.575617e-01,realized,1.298237e-02,7.536198e-01,-1.342846e+00,0.025562,0.302233,-0.336886,,,,1.510530,-0.524992,-0.350353,1.510530,-0.524992,-0.350353,-4.340413e-01,1.461993e-01,-1.257867e+00,1.709226,-0.695921,-0.324504,1.709725,-0.694364,-0.324380,0.152940,0.000002,0,a
26.640000,580,DS_interstep,3,4.481935e-01,-1.277843e-01,1.306347e+00,8.430563e-02,-2.137141e-01,-1.337772e-01,realized,1.073729e-02,7.541647e-01,-1.349191e+00,0.025658,0.301981,-0.336355,,,,1.510506,-0.525025,-0.350345,1.510506,-0.525025,-0.350345,-4.489022e-01,1.165112e-01,-1.282619e+00,1.709198,-0.695965,-0.324499,1.709725,-0.694364,-0.324380,0.155586,0.000002,0,a
26.650000,581,DS_interstep,3,4.588661e-01,-1.006183e-01,1.325830e+00,8.777748e-02,-2.098588e-01,-1.104059e-01,realized,8.437381e-03,7.545719e-01,-1.355635e+00,0.025752,0.301730,-0.335827,,,,1.510482,-0.525057,-0.350336,1.510482,-0.525057,-0.350336,-4.598891e-01,8.898577e-02,-1.302184e+00,1.709169,-0.696008,-0.324492,1.709725,-0.694364,-0.324380,0.157908,0.000002,0,a
26.660000,582,DS_interstep,3,4.635005e-01,-7.624430e-02,1.334176e+00,8.939241e-02,-2.036622e-01,-8.783542e-02,realized,6.113656e-03,7.548542e-01,-1.362117e+00,0.025844,0.301481,-0.335303,,,,1.510459,-0.525086,-0.350328,1.510459,-0.525086,-0.350328,-4.646760e-01,6.402047e-02,-1.310097e+00,1.709140,-0.696049,-0.324486,1.709725,-0.694364,-0.324380,0.159929,0.000002,0,a
26.670000,583,DS_interstep,3,4.613581e-01,-5.445100e-02,1.328767e+00,8.901080e-02,-1.946969e-01,-6.642329e-02,realized,3.800621e-03,7.550239e-01,-1.368568e+00,0.025934,0.301232,-0.334783,,,,1.510437,-0.525114,-0.350319,1.510437,-0.525114,-0.350319,-4.625611e-01,4.149401e-02,-1.303878e+00,1.709111,-0.696088,-0.324479,1.709725,-0.694364,-0.324380,0.161673,0.000002,0,a
26.680000,584,DS_interstep,3,4.532560e-01,-3.462423e-02,1.311001e+00,8.679300e-02,-1.831336e-01,-4.643000e-02,realized,1.528351e-03,7.550907e-01,-1.374925e+00,0.026021,0.300983,-0.334265,,,,1.510414,-0.525140,-0.350311,1.510414,-0.525140,-0.350311,-4.544309e-01,2.089822e-02,-1.285119e+00,1.709081,-0.696126,-0.324471,1.709725,-0.694364,-0.324380,0.163163,0.000002,0,a
26.690000,585,DS_interstep,3,4.408050e-01,-1.611220e-02,1.284290e+00,8.308613e-02,-1.695504e-01,-2.804774e-02,realized,-6.814161e-04,7.550612e-01,-1.381143e+00,0.026107,0.300735,-0.333750,,,,1.510393,-0.525164,-0.350303,1.510393,-0.525164,-0.350303,-4.419527e-01,1.659754e-03,-1.257405e+00,1.709051,-0.696162,-0.324464,1.709725,-0.694364,-0.324380,0.164423,0.000002,0,a
26.700000,586,DS_interstep,3,4.258793e-01,1.469023e-03,1.253040e+00,7.832208e-02,-1.547396e-01,-1.132882e-02,realized,-2.816501e-03,7.549407e-01,-1.387200e+00,0.026190,0.300488,-0.333237,,,,1.510371,-0.525187,-0.350295,1.510371,-0.525187,-0.350295,-4.270379e-01,-1.655716e-02,-1.225259e+00,1.709021,-0.696197,-0.324456,1.709725,-0.694364,-0.324380,0.165476,0.000002,0,a
26.710000,587,DS_interstep,3,4.100460e-01,1.826920e-02,1.220871e+00,7.291128e-02,-1.394673e-01,3.735593e-03,realized,-4.872591e-03,7.547335e-01,-1.393093e+00,0.026272,0.300240,-0.332727,,,,1.510349,-0.525209,-0.350287,1.510349,-0.525209,-0.350287,-4.112599e-01,-3.388938e-02,-1.192356e+00,1.708991,-0.696230,-0.324448,1.709725,-0.694364,-0.324380,0.166343,0.000002,0,a
26.720000,588,DS_interstep,3,3.943554e-01,3.413501e-02,1.190234e+00,6.718977e-02,-1.243609e-01,1.722542e-02,realized,-6.850560e-03,7.544448e-01,-1.398829e+00,0.026351,0.299992,-0.332219,,,,1.510328,-0.525230,-0.350279,1.510328,-0.525230,-0.350279,-3.956557e-01,-5.019171e-02,-1.161149e+00,1.708961,-0.696262,-0.324440,1.709725,-0.694364,-0.324380,0.167045,0.000002,0,a
26.730000,589,DS_interstep,3,3.793615e-01,4.880986e-02,1.162290e+00,6.140688e-02,-1.098539e-01,2.925234e-02,realized,-8.753936e-03,7.540810e-01,-1.404422e+00,0.026429,0.299744,-0.331712,,,,1.510307,-0.525250,-0.350272,1.510307,-0.525250,-0.350272,-3.807566e-01,-6.522415e-02,-1.132774e+00,1.708931,-0.696293,-0.324431,1.709725,-0.694364,-0.324380,0.167599,0.000003,0,a
26.740000,590,DS_interstep,3,3.652370e-01,6.200974e-02,1.137214e+00,5.573478e-02,-9.620127e-02,3.994783e-02,realized,-1.058700e-02,7.536497e-01,-1.409889e+00,0.026504,0.299497,-0.331208,,,,1.510285,-0.525269,-0.350264,1.510285,-0.525269,-0.350264,-3.667120e-01,-7.871975e-02,-1.107377e+00,1.708901,-0.696322,-0.324423,1.709725,-0.694364,-0.324380,0.168022,0.000003,0,a
26.750000,591,DS_interstep,3,3.519119e-01,7.351629e-02,1.114510e+00,5.028637e-02,-8.351491e-02,4.944165e-02,realized,-1.235357e-02,7.531596e-01,-1.415240e+00,0.026578,0.299249,-0.330705,,,,1.510264,-0.525286,-0.350257,1.510264,-0.525286,-0.350257,-3.534322e-01,-9.047397e-02,-1.084428e+00,1.708872,-0.696351,-0.324415,1.709725,-0.694364,-0.324380,0.168326,0.000003,0,a
26.760000,592,DS_interstep,3,3.391938e-01,8.319833e-02,1.093331e+00,4.513309e-02,-7.181094e-02,5.785408e-02,realized,-1.405645e-02,7.526202e-01,-1.420485e+00,0.026650,0.299001,-0.330205,,,,1.510243,-0.525303,-0.350250,1.510243,-0.525303,-0.350250,-3.407115e-01,-1.003652e-01,-1.063058e+00,1.708842,-0.696378,-0.324406,1.709725,-0.694364,-0.324380,0.168523,0.000003,0,a
26.770000,593,DS_interstep,3,3.268590e-01,9.102563e-02,1.072731e+00,4.031947e-02,-6.104938e-02,6.528877e-02,realized,-1.569729e-02,7.520407e-01,-1.425625e+00,0.026720,0.298752,-0.329706,,,,1.510223,-0.525319,-0.350244,1.510223,-0.525319,-0.350244,-3.283193e-01,-1.083689e-01,-1.042299e+00,1.708812,-0.696403,-0.324398,1.709725,-0.694364,-0.324380,0.168625,0.000003,0,a
26.780000,594,DS_interstep,3,3.147116e-01,9.705474e-02,1.051844e+00,3.587321e-02,-5.116641e-02,7.183256e-02,realized,-1.727674e-02,7.514304e-01,-1.430660e+00,0.026788,0.298503,-0.329208,,,,1.510202,-0.525334,-0.350237,1.510202,-0.525334,-0.350237,-3.160589e-01,-1.145447e-01,-1.021274e+00,1.708783,-0.696428,-0.324390,1.709725,-0.694364,-0.324380,0.168639,0.000003,0,a
26.790000,595,DS_interstep,3,3.026154e-01,1.014127e-01,1.029989e+00,3.181142e-02,-4.209526e-02,7.755660e-02,realized,-1.879482e-02,7.507978e-01,-1.435585e+00,0.026855,0.298255,-0.328712,,,,1.510182,-0.525348,-0.350231,1.510182,-0.525348,-0.350231,-3.037986e-01,-1.190210e-01,-9.992967e-01,1.708754,-0.696452,-0.324381,1.709725,-0.694364,-0.324380,0.168576,0.000003,0,a
26.800000,596,DS_interstep,3,2.905042e-01,1.042724e-01,1.006725e+00,2.814374e-02,-3.377845e-02,8.252018e-02,realized,-2.025123e-02,7.501504e-01,-1.440393e+00,0.026920,0.298005,-0.328218,,,,1.510161,-0.525362,-0.350225,1.510161,-0.525362,-0.350225,-2.914802e-01,-1.219717e-01,-9.759218e-01,1.708726,-0.696474,-0.324373,1.709725,-0.694364,-0.324380,0.168443,0.000003,0,a
26.810000,597,DS_interstep,3,2.783754e-01,1.058308e-01,9.818493e-01,2.487334e-02,-2.617225e-02,8.677454e-02,realized,-2.164573e-02,7.494949e-01,-1.445075e+00,0.026984,0.297756,-0.327725,,,,1.510141,-0.525375,-0.350220,1.510141,-0.525375,-0.350220,-2.791112e-01,-1.235945e-01,-9.509462e-01,1.708698,-0.696496,-0.324365,1.709725,-0.694364,-0.324380,0.168247,0.000003,0,a
26.820000,598,DS_interstep,3,2.662753e-01,1.062876e-01,9.553700e-01,2.199682e-02,-1.924611e-02,9.036691e-02,realized,-2.297834e-02,7.488370e-01,-1.449625e+00,0.027046,0.297506,-0.327233,,,,1.510121,-0.525387,-0.350214,1.510121,-0.525387,-0.350214,-2.667488e-01,-1.240909e-01,-9.243773e-01,1.708670,-0.696516,-0.324357,1.709725,-0.694364,-0.324380,0.167996,0.000003,0,a
26.830000,599,DS_interstep,3,2.542802e-01,1.058309e-01,9.274562e-01,1.950378e-02,-1.297904e-02,9.334353e-02,realized,-2.424955e-02,7.481813e-01,-1.454034e+00,0.027107,0.297256,-0.326743,,,,1.510102,-0.525398,-0.350209,1.510102,-0.525398,-0.350209,-2.544796e-01,-1.236510e-01,-8.963845e-01,1.708642,-0.696536,-0.324350,1.709725,-0.694364,-0.324380,0.167697,0.000003,0,a
26.840000,600,DS_interstep,3,2.424780e-01,1.046267e-01,8.983861e-01,1.737654e-02,-7.354766e-03,9.575171e-02,realized,-2.546030e-02,7.475317e-01,-1.458297e+00,0.027167,0.297006,-0.326254,,,,1.510083,-0.525409,-0.350204,1.510083,-0.525409,-0.350204,-2.424007e-01,-1.224439e-01,-8.672454e-01,1.708616,-0.696555,-0.324342,1.709725,-0.694364,-0.324380,0.167358,0.000003,0,a
26.850000,601,DS_interstep,3,2.309540e-01,1.028151e-01,8.684965e-01,1.559047e-02,-2.357097e-03,9.764053e-02,realized,-2.661201e-02,7.468913e-01,-1.462411e+00,0.027225,0.296755,-0.325767,,,,1.510064,-0.525419,-0.350199,1.510064,-0.525419,-0.350199,-2.306048e-01,-1.206130e-01,-8.372957e-01,1.708589,-0.696573,-0.324335,1.709725,-0.694364,-0.324380,0.166984,0.000003,0,a
26.860000,602,DS_interstep,3,2.197807e-01,1.005099e-01,8.381419e-01,1.411487e-02,2.033603e-03,9.906065e-02,realized,-2.770650e-02,7.462626e-01,-1.466372e+00,0.027283,0.296505,-0.325280,,,,1.510045,-0.525428,-0.350195,1.510045,-0.525428,-0.350195,-2.191703e-01,-1.182756e-01,-8.068883e-01,1.708563,-0.696590,-0.324327,1.709725,-0.694364,-0.324380,0.166584,0.000003,0,a
26.870000,603,DS_interstep,3,2.090129e-01,9.780226e-02,8.076638e-01,1.291438e-02,5.842573e-03,1.000632e-01,realized,-2.874586e-02,7.456477e-01,-1.470180e+00,0.027339,0.296254,-0.324795,,,,1.510027,-0.525437,-0.350190,1.510027,-0.525437,-0.350190,-2.081561e-01,-1.155262e-01,-7.763626e-01,1.708538,-0.696606,-0.324320,1.709725,-0.694364,-0.324380,0.166162,0.000002,0,a
26.880000,604,DS_interstep,3,1.986863e-01,9.476393e-02,7.773707e-01,1.195068e-02,9.101391e-03,1.006983e-01,realized,-2.973239e-02,7.450482e-01,-1.473837e+00,0.027395,0.296002,-0.324311,,,,1.510009,-0.525446,-0.350186,1.510009,-0.525446,-0.350186,-1.976004e-01,-1.124398e-01,-7.460253e-01,1.708513,-0.696621,-0.324314,1.709725,-0.694364,-0.324380,0.165725,0.000002,0,a
26.890000,605,DS_interstep,3,1.888188e-01,9.145247e-02,7.475277e-01,1.118433e-02,1.184757e-02,1.010133e-01,realized,-3.066849e-02,7.444656e-01,-1.477344e+00,0.027450,0.295751,-0.323829,,,,1.509991,-0.525454,-0.350182,1.509991,-0.525454,-0.350182,-1.875224e-01,-1.090766e-01,-7.161392e-01,1.708489,-0.696636,-0.324307,1.709725,-0.694364,-0.324380,0.165279,0.000002,0,a
26.900000,606,DS_interstep,3,1.794136e-01,8.791497e-02,7.183516e-01,1.057647e-02,1.412333e-02,1.010520e-01,realized,-3.155655e-02,7.439009e-01,-1.480704e+00,0.027504,0.295499,-0.323347,,,,1.509974,-0.525462,-0.350178,1.509974,-0.525462,-0.350178,-1.779258e-01,-1.054862e-01,-6.869198e-01,1.708465,-0.696650,-0.324301,1.709725,-0.694364,-0.324380,0.164827,0.000002,0,a
26.910000,607,DS_interstep,3,1.704624e-01,8.419134e-02,6.900123e-01,1.009035e-02,1.597403e-02,1.008527e-01,realized,-3.239896e-02,7.433552e-01,-1.483923e+00,0.027557,0.295248,-0.322867,,,,1.509957,-0.525469,-0.350175,1.509957,-0.525469,-0.350175,-1.688021e-01,-1.017101e-01,-6.585355e-01,1.708442,-0.696663,-0.324294,1.709725,-0.694364,-0.324380,0.164374,0.000002,0,a
26.920000,608,DS_interstep,3,1.619492e-01,8.031656e-02,6.626357e-01,9.692492e-03,1.744636e-02,1.004484e-01,realized,-3.319799e-02,7.428291e-01,-1.487004e+00,0.027610,0.294996,-0.322387,,,,1.509941,-0.525476,-0.350171,1.509941,-0.525476,-0.350171,-1.601346e-01,-9.778477e-02,-6.311111e-01,1.708420,-0.696676,-0.324288,1.709725,-0.694364,-0.324380,0.163925,0.000002,0,a
26.930000,609,DS_interstep,3,1.538534e-01,7.632221e-02,6.363089e-01,9.353505e-03,1.858670e-02,9.986624e-02,realized,-3.395581e-02,7.423233e-01,-1.489954e+00,0.027662,0.294744,-0.321909,,,,1.509925,-0.525482,-0.350168,1.509925,-0.525482,-0.350168,-1.519015e-01,-9.374266e-02,-6.047333e-01,1.708398,-0.696688,-0.324283,1.709725,-0.694364,-0.324380,0.163482,0.000002,0,a
26.940000,610,DS_interstep,3,1.461522e-01,7.223720e-02,6.110854e-01,9.048593e-03,1.943975e-02,9.912796e-02,realized,-3.467448e-02,7.418381e-01,-1.492776e+00,0.027713,0.294491,-0.321431,,,,1.509909,-0.525488,-0.350165,1.509909,-0.525488,-0.350165,-1.440786e-01,-8.961332e-02,-5.794552e-01,1.708376,-0.696700,-0.324277,1.709725,-0.694364,-0.324380,0.163048,0.000001,0,a
26.950000,611,DS_interstep,3,1.388221e-01,6.808823e-02,5.869907e-01,8.757716e-03,2.004735e-02,9.825031e-02,realized,-3.535593e-02,7.413739e-01,-1.495478e+00,0.027764,0.294239,-0.320955,,,,1.509894,-0.525494,-0.350162,1.509894,-0.525494,-0.350162,-1.366412e-01,-8.542370e-02,-5.553024e-01,1.708355,-0.696711,-0.324272,1.709725,-0.694364,-0.324380,0.162625,0.000001,0,a
26.960000,612,DS_interstep,3,1.318406e-01,6.389980e-02,5.640267e-01,8.465507e-03,2.044778e-02,9.724584e-02,realized,-3.600197e-02,7.409309e-01,-1.498065e+00,0.027814,0.293987,-0.320479,,,,1.509879,-0.525499,-0.350159,1.509879,-0.525499,-0.350159,-1.295653e-01,-8.119838e-02,-5.322770e-01,1.708335,-0.696721,-0.324267,1.709725,-0.694364,-0.324380,0.162215,0.000001,0,a
26.970000,613,DS_interstep,3,1.251865e-01,5.969419e-02,5.421763e-01,8.160985e-03,2.067526e-02,9.612368e-02,realized,-3.661429e-02,7.405090e-01,-1.500541e+00,0.027864,0.293734,-0.320005,,,,1.509865,-0.525504,-0.350156,1.509865,-0.525504,-0.350156,-1.228281e-01,-7.695948e-02,-5.103626e-01,1.708315,-0.696731,-0.324262,1.709725,-0.694364,-0.324380,0.161819,0.000001,0,a
26.980000,614,DS_interstep,3,1.188403e-01,5.549134e-02,5.214072e-01,7.837126e-03,2.075972e-02,9.489045e-02,realized,-3.719448e-02,7.401084e-01,-1.502914e+00,0.027913,0.293482,-0.319531,,,,1.509851,-0.525509,-0.350154,1.509851,-0.525509,-0.350154,-1.164087e-01,-7.272668e-02,-4.895272e-01,1.708296,-0.696741,-0.324257,1.709725,-0.694364,-0.324380,0.161439,0.000001,0,a
26.990000,615,DS_interstep,3,1.127841e-01,5.130885e-02,5.016750e-01,7.490336e-03,2.072688e-02,9.355099e-02,realized,-3.774404e-02,7.397288e-01,-1.505187e+00,0.027962,0.293229,-0.319058,,,,1.509838,-0.525514,-0.350151,1.509838,-0.525514,-0.350151,-1.102876e-01,-6.851721e-02,-4.697270e-01,1.708278,-0.696750,-0.324253,1.709725,-0.694364,-0.324380,0.161073,0.000001,0,a
27.000000,616,DS_interstep,3,1.070015e-01,4.716193e-02,4.829259e-01,7.119882e-03,2.059843e-02,9.210917e-02,realized,-3.826438e-02,7.393701e-01,-1.507367e+00,0.028010,0.292977,-0.318586,,,,1.509824,-0.525518,-0.350149,1.509824,-0.525518,-0.350149,-1.044473e-01,-6.434585e-02,-4.509091e-01,1.708259,-0.696759,-0.324248,1.709725,-0.694364,-0.324380,0.160723,0.000001,0,a
27.010000,617,DS_interstep,3,1.014777e-01,4.306354e-02,4.650999e-01,6.727312e-03,2.039229e-02,9.056840e-02,realized,-3.875681e-02,7.390320e-01,-1.509456e+00,0.028058,0.292724,-0.318115,,,,1.509812,-0.525522,-0.350147,1.509812,-0.525522,-0.350147,-9.887167e-02,-6.022513e-02,-4.330139e-01,1.708242,-0.696767,-0.324244,1.709725,-0.694364,-0.324380,0.160388,0.000001,0,a
27.020000,618,DS_interstep,3,9.619891e-02,3.902460e-02,4.481324e-01,6.315892e-03,2.012309e-02,8.893225e-02,realized,-3.922258e-02,7.387142e-01,-1.511461e+00,0.028105,0.292471,-0.317645,,,,1.509799,-0.525526,-0.350145,1.509799,-0.525526,-0.350145,-9.354564e-02,-5.616546e-02,-4.159777e-01,1.708225,-0.696775,-0.324240,1.709725,-0.694364,-0.324380,0.160068,0.000001,0,a
27.030000,619,DS_interstep,3,9.115226e-02,3.505414e-02,4.319570e-01,5.890092e-03,1.980252e-02,8.720474e-02,realized,-3.966288e-02,7.384164e-01,-1.513384e+00,0.028152,0.292218,-0.317175,,,,1.509787,-0.525530,-0.350143,1.509787,-0.525530,-0.350143,-8.845541e-02,-5.217548e-02,-3.997345e-01,1.708208,-0.696783,-0.324236,1.709725,-0.694364,-0.324380,0.159762,0.000001,0,a
27.040000,620,DS_interstep,3,8.632582e-02,3.115969e-02,4.165070e-01,5.455117e-03,1.943980e-02,8.539066e-02,realized,-4.007883e-02,7.381382e-01,-1.515229e+00,0.028199,0.291966,-0.316706,,,,1.509776,-0.525534,-0.350141,1.509776,-0.525534,-0.350141,-8.358810e-02,-4.826225e-02,-3.842181e-01,1.708192,-0.696790,-0.324233,1.709725,-0.694364,-0.324380,0.159470,0.000001,0,a
27.050000,621,DS_interstep,3,8.170841e-02,2.734748e-02,4.017174e-01,5.016508e-03,1.904209e-02,8.349572e-02,realized,-4.047147e-02,7.378792e-01,-1.517000e+00,0.028245,0.291713,-0.316238,,,,1.509765,-0.525537,-0.350139,1.509765,-0.525537,-0.350139,-7.893174e-02,-4.443165e-02,-3.693639e-01,1.708177,-0.696797,-0.324229,1.709725,-0.694364,-0.324380,0.159191,0.000001,0,a
27.060000,622,DS_interstep,3,7.728958e-02,2.362275e-02,3.875263e-01,4.579809e-03,1.861492e-02,8.152663e-02,realized,-4.084181e-02,7.376388e-01,-1.518700e+00,0.028291,0.291460,-0.315770,,,,1.509754,-0.525540,-0.350138,1.509754,-0.525540,-0.350138,-7.447520e-02,-4.068859e-02,-3.551103e-01,1.708161,-0.696804,-0.324226,1.709725,-0.694364,-0.324380,0.158924,0.000001,0,a
27.070000,623,DS_interstep,3,7.305958e-02,1.999005e-02,3.738762e-01,4.150295e-03,1.816250e-02,7.949112e-02,realized,-4.119080e-02,7.374168e-01,-1.520331e+00,0.028337,0.291207,-0.315303,,,,1.509743,-0.525543,-0.350136,1.509743,-0.525543,-0.350136,-7.020820e-02,-3.703733e-02,-3.414001e-01,1.708147,-0.696810,-0.324223,1.709725,-0.694364,-0.324380,0.158668,0.000001,0,a
27.080000,624,DS_interstep,3,6.900939e-02,1.645341e-02,3.607150e-01,3.732767e-03,1.768809e-02,7.739783e-02,realized,-4.151933e-02,7.372125e-01,-1.521896e+00,0.028382,0.290954,-0.314837,,,,1.509733,-0.525546,-0.350135,1.509733,-0.525546,-0.350135,-6.612129e-02,-3.348169e-02,-3.281814e-01,1.708133,-0.696816,-0.324220,1.709725,-0.694364,-0.324380,0.158423,0.000001,0,a
27.090000,625,DS_interstep,3,6.513072e-02,1.301656e-02,3.479965e-01,3.331402e-03,1.719425e-02,7.525622e-02,realized,-4.182828e-02,7.370255e-01,-1.523396e+00,0.028427,0.290701,-0.314371,,,,1.509723,-0.525549,-0.350133,1.509723,-0.525549,-0.350133,-6.220587e-02,-3.002521e-02,-3.154082e-01,1.708119,-0.696822,-0.324217,1.709725,-0.694364,-0.324380,0.158186,0.000001,0,a
27.100000,626,DS_interstep,3,6.141601e-02,9.683029e-03,3.356812e-01,2.949657e-03,1.668307e-02,7.307641e-02,realized,-4.211845e-02,7.368553e-01,-1.524835e+00,0.028472,0.290448,-0.313906,,,,1.509714,-0.525551,-0.350132,1.509714,-0.525551,-0.350132,-5.845417e-02,-2.667134e-02,-3.030410e-01,1.708106,-0.696827,-0.324214,1.709725,-0.694364,-0.324380,0.157959,0.000001,0,a
27.110000,627,DS_interstep,3,5.785839e-02,6.456297e-03,3.237361e-01,2.590215e-03,1.615638e-02,7.086902e-02,realized,-4.239063e-02,7.367013e-01,-1.526214e+00,0.028517,0.290196,-0.313441,,,,1.509705,-0.525554,-0.350131,1.509705,-0.525554,-0.350131,-5.485919e-02,-2.342349e-02,-2.910469e-01,1.708093,-0.696832,-0.324212,1.709725,-0.694364,-0.324380,0.157739,0.000001,0,a
27.120000,628,DS_interstep,3,5.445168e-02,3.339798e-03,3.121345e-01,2.254971e-03,1.561591e-02,6.864490e-02,realized,-4.264557e-02,7.365631e-01,-1.527535e+00,0.028561,0.289943,-0.312977,,,,1.509696,-0.525556,-0.350130,1.509696,-0.525556,-0.350130,-5.141473e-02,-2.028509e-02,-2.793991e-01,1.708081,-0.696837,-0.324209,1.709725,-0.694364,-0.324380,0.157527,0.000001,0,a
27.130000,629,DS_interstep,3,5.119031e-02,3.369668e-04,3.008561e-01,1.945050e-03,1.506339e-02,6.641500e-02,realized,-4.288401e-02,7.364400e-01,-1.528799e+00,0.028605,0.289690,-0.312513,,,,1.509687,-0.525558,-0.350128,1.509687,-0.525558,-0.350128,-4.811525e-02,-1.725961e-02,-2.680773e-01,1.708069,-0.696842,-0.324207,1.709725,-0.694364,-0.324380,0.157321,0.000001,0,a
27.140000,630,DS_interstep,3,4.806928e-02,-2.548776e-03,2.898860e-01,1.660855e-03,1.450064e-02,6.419012e-02,realized,-4.310664e-02,7.363314e-01,-1.530008e+00,0.028649,0.289437,-0.312050,,,,1.509679,-0.525560,-0.350127,1.509679,-0.525560,-0.350127,-4.495582e-02,-1.435055e-02,-2.570663e-01,1.708057,-0.696847,-0.324205,1.709725,-0.694364,-0.324380,0.157121,0.000001,0,a
27.150000,631,DS_interstep,3,4.508407e-02,-5.314050e-03,2.792140e-01,1.402126e-03,1.392966e-02,6.198071e-02,realized,-4.331413e-02,7.362368e-01,-1.531163e+00,0.028692,0.289184,-0.311587,,,,1.509671,-0.525562,-0.350126,1.509671,-0.525562,-0.350126,-4.193206e-02,-1.156141e-02,-2.463561e-01,1.708046,-0.696851,-0.324202,1.709725,-0.694364,-0.324380,0.156926,0.000001,0,a
27.160000,632,DS_interstep,3,4.223057e-02,-7.955559e-03,2.688343e-01,1.168026e-03,1.335260e-02,5.979669e-02,realized,-4.350716e-02,7.361555e-01,-1.532266e+00,0.028735,0.288931,-0.311125,,,,1.509663,-0.525564,-0.350126,1.509663,-0.525564,-0.350126,-3.904002e-02,-8.895623e-03,-2.359405e-01,1.708035,-0.696855,-0.324200,1.709725,-0.694364,-0.324380,0.156736,0.000001,0,a
27.170000,633,DS_interstep,3,3.950499e-02,-1.047015e-02,2.587444e-01,9.572270e-04,1.277182e-02,5.764732e-02,realized,-4.368636e-02,7.360869e-01,-1.533319e+00,0.028778,0.288679,-0.310663,,,,1.509656,-0.525566,-0.350125,1.509656,-0.525566,-0.350125,-3.627607e-02,-6.356500e-03,-2.258170e-01,1.708025,-0.696859,-0.324198,1.709725,-0.694364,-0.324380,0.156551,0.000001,0,a
27.180000,634,DS_interstep,3,3.690378e-02,-1.285486e-02,2.489441e-01,7.680077e-04,1.218987e-02,5.554102e-02,realized,-4.385235e-02,7.360304e-01,-1.534322e+00,0.028821,0.288426,-0.310202,,,,1.509648,-0.525568,-0.350124,1.509648,-0.525568,-0.350124,-3.363686e-02,-3.947173e-03,-2.159851e-01,1.708015,-0.696863,-0.324196,1.709725,-0.694364,-0.324380,0.156370,0.000001,0,a
27.190000,635,DS_interstep,3,3.442357e-02,-1.510701e-02,2.394351e-01,5.983509e-04,1.160944e-02,5.348527e-02,realized,-4.400575e-02,7.359852e-01,-1.535277e+00,0.028864,0.288173,-0.309741,,,,1.509642,-0.525570,-0.350123,1.509642,-0.525570,-0.350123,-3.111921e-02,-1.670517e-03,-2.064465e-01,1.708006,-0.696867,-0.324195,1.709725,-0.694364,-0.324380,0.156192,0.000001,0,a
27.200000,636,DS_interstep,3,3.206113e-02,-1.722422e-02,2.302200e-01,4.460393e-04,1.103332e-02,5.148654e-02,realized,-4.414715e-02,7.359508e-01,-1.536187e+00,0.028907,0.287921,-0.309280,,,,1.509635,-0.525571,-0.350122,1.509635,-0.525571,-0.350122,-2.872007e-02,4.709159e-04,-1.972036e-01,1.707996,-0.696870,-0.324193,1.709725,-0.694364,-0.324380,0.156018,0.000001,0,a
27.210000,637,DS_interstep,3,2.981326e-02,-1.920451e-02,2.213020e-01,3.087467e-04,1.046438e-02,4.955023e-02,realized,-4.427712e-02,7.359263e-01,-1.537051e+00,0.028949,0.287668,-0.308820,,,,1.509629,-0.525573,-0.350122,1.509629,-0.525573,-0.350122,-2.643641e-02,2.474959e-03,-1.882592e-01,1.707988,-0.696874,-0.324191,1.709725,-0.694364,-0.324380,0.155847,0.000001,0,a
27.220000,638,DS_interstep,3,2.767681e-02,-2.104632e-02,2.126838e-01,1.841219e-04,9.905489e-03,4.768065e-02,realized,-4.439623e-02,7.359112e-01,-1.537872e+00,0.028992,0.287416,-0.308360,,,,1.509622,-0.525574,-0.350121,1.509622,-0.525574,-0.350121,-2.426523e-02,4.339888e-03,-1.796159e-01,1.707979,-0.696877,-0.324189,1.709725,-0.694364,-0.324380,0.155679,0.000001,0,a
27.230000,639,DS_interstep,3,2.564864e-02,-2.274859e-02,2.043675e-01,6.986431e-05,9.359447e-03,4.588102e-02,realized,-4.450502e-02,7.359048e-01,-1.538652e+00,0.029034,0.287163,-0.307901,,,,1.509617,-0.525576,-0.350120,1.509617,-0.525576,-0.350120,-2.220354e-02,6.064466e-03,-1.712759e-01,1.707971,-0.696880,-0.324188,1.709725,-0.694364,-0.324380,0.155513,0.000001,0,a
27.240000,640,DS_interstep,3,2.372558e-02,-2.431074e-02,1.963543e-01,-3.621148e-05,8.828956e-03,4.415350e-02,realized,-4.460403e-02,7.359062e-01,-1.539391e+00,0.029076,0.286911,-0.307442,,,,1.509611,-0.525577,-0.350120,1.509611,-0.525577,-0.350120,-2.024826e-02,7.647989e-03,-1.632399e-01,1.707963,-0.696883,-0.324186,1.709725,-0.694364,-0.324380,0.155351,0.000001,0,a
27.250000,641,DS_interstep,3,2.190442e-02,-2.573276e-02,1.886440e-01,-1.361216e-04,8.316548e-03,4.249923e-02,realized,-4.469378e-02,7.359149e-01,-1.540092e+00,0.029118,0.286659,-0.306983,,,,1.509606,-0.525578,-0.350119,1.509606,-0.525578,-0.350119,-1.839629e-02,9.090313e-03,-1.555078e-01,1.707956,-0.696886,-0.324185,1.709725,-0.694364,-0.324380,0.155190,0.000001,0,a
27.260000,642,DS_interstep,3,2.018195e-02,-2.701519e-02,1.812350e-01,-2.316706e-04,7.824535e-03,4.091844e-02,realized,-4.477477e-02,7.359300e-01,-1.540755e+00,0.029160,0.286407,-0.306525,,,,1.509601,-0.525579,-0.350119,1.509601,-0.525579,-0.350119,-1.664450e-02,1.039187e-02,-1.480777e-01,1.707949,-0.696888,-0.324183,1.709725,-0.694364,-0.324380,0.155032,0.000001,0,a
27.270000,643,DS_interstep,3,1.855492e-02,-2.815915e-02,1.741242e-01,-3.244203e-04,7.354967e-03,3.941046e-02,realized,-4.484747e-02,7.359510e-01,-1.541383e+00,0.029201,0.286155,-0.306067,,,,1.509596,-0.525581,-0.350118,1.509596,-0.525581,-0.350118,-1.498967e-02,1.155369e-02,-1.409465e-01,1.707942,-0.696891,-0.324182,1.709725,-0.694364,-0.324380,0.154876,0.000001,0,a
27.280000,644,DS_interstep,3,1.702008e-02,-2.916631e-02,1.673067e-01,-4.156699e-04,6.909598e-03,3.797389e-02,realized,-4.491237e-02,7.359771e-01,-1.541976e+00,0.029243,0.285903,-0.305609,,,,1.509591,-0.525582,-0.350118,1.509591,-0.525582,-0.350118,-1.342858e-02,1.257739e-02,-1.341092e-01,1.707935,-0.696893,-0.324181,1.709725,-0.694364,-0.324380,0.154722,0.000001,0,a
27.290000,645,DS_interstep,3,1.557416e-02,-3.003891e-02,1.607764e-01,-5.064461e-04,6.489857e-03,3.660665e-02,realized,-4.496991e-02,7.360076e-01,-1.542537e+00,0.029285,0.285651,-0.305151,,,,1.509586,-0.525583,-0.350117,1.509586,-0.525583,-0.350117,-1.195797e-02,1.346516e-02,-1.275597e-01,1.707929,-0.696896,-0.324179,1.709725,-0.694364,-0.324380,0.154570,0.000001,0,a
27.300000,646,DS_interstep,3,1.421390e-02,-3.077972e-02,1.545257e-01,-5.975031e-04,6.096833e-03,3.530612e-02,realized,-4.502054e-02,7.360419e-01,-1.543066e+00,0.029326,0.285399,-0.304694,,,,1.509582,-0.525584,-0.350117,1.509582,-0.525584,-0.350117,-1.057458e-02,1.421975e-02,-1.212901e-01,1.707923,-0.696898,-0.324178,1.709725,-0.694364,-0.324380,0.154420,0.000001,0,a
27.310000,647,DS_interstep,3,1.293608e-02,-3.139204e-02,1.485457e-01,-6.893300e-04,5.731262e-03,3.406921e-02,realized,-4.506466e-02,7.360793e-01,-1.543565e+00,0.029368,0.285148,-0.304238,,,,1.509578,-0.525585,-0.350116,1.509578,-0.525585,-0.350116,-9.275160e-03,1.484445e-02,-1.152917e-01,1.707917,-0.696900,-0.324177,1.709725,-0.694364,-0.324380,0.154271,0.000001,0,a
27.320000,648,DS_interstep,3,1.173751e-02,-3.187962e-02,1.428265e-01,-7.821661e-04,5.393533e-03,3.289251e-02,realized,-4.510269e-02,7.361192e-01,-1.544036e+00,0.029409,0.284896,-0.303781,,,,1.509574,-0.525586,-0.350116,1.509574,-0.525586,-0.350116,-8.056472e-03,1.534302e-02,-1.095544e-01,1.707912,-0.696903,-0.324176,1.709725,-0.694364,-0.324380,0.154124,0.000001,0,a
27.330000,649,DS_interstep,3,1.061503e-02,-3.224666e-02,1.373573e-01,-8.760218e-04,5.083691e-03,3.177235e-02,realized,-4.513501e-02,7.361610e-01,-1.544479e+00,0.029450,0.284645,-0.303325,,,,1.509571,-0.525587,-0.350115,1.509571,-0.525587,-0.350115,-6.915331e-03,1.571970e-02,-1.040674e-01,1.707906,-0.696905,-0.324175,1.709725,-0.694364,-0.324380,0.153979,0.000001,0,a
27.340000,650,DS_interstep,3,9.565578e-03,-3.249774e-02,1.321266e-01,-9.707034e-04,4.801457e-03,3.070493e-02,realized,-4.516199e-02,7.362041e-01,-1.544896e+00,0.029492,0.284393,-0.302869,,,,1.509567,-0.525587,-0.350115,1.509567,-0.525587,-0.350115,-5.848600e-03,1.597910e-02,-9.881927e-02,1.707901,-0.696907,-0.324173,1.709725,-0.694364,-0.324380,0.153835,0.000001,0,a
27.350000,651,DS_interstep,3,8.586138e-03,-3.263778e-02,1.271225e-01,-1.065842e-03,4.546252e-03,2.968638e-02,realized,-4.518400e-02,7.362479e-01,-1.545288e+00,0.029533,0.284142,-0.302413,,,,1.509564,-0.525588,-0.350114,1.509564,-0.525588,-0.350114,-4.853211e-03,1.612621e-02,-9.379805e-02,1.707897,-0.696908,-0.324172,1.709725,-0.694364,-0.324380,0.153692,0.000000,0,a
27.360000,652,DS_interstep,3,7.673783e-03,-3.267199e-02,1.223328e-01,-1.160923e-03,4.317218e-03,2.871285e-02,realized,-4.520137e-02,7.362919e-01,-1.545655e+00,0.029574,0.283891,-0.301958,,,,1.509561,-0.525589,-0.350114,1.509561,-0.525589,-0.350114,-3.926171e-03,1.616628e-02,-8.899158e-02,1.707892,-0.696910,-0.324171,1.709725,-0.694364,-0.324380,0.153551,0.000000,0,a
27.370000,653,DS_interstep,3,6.825674e-03,-3.260579e-02,1.177454e-01,-1.255319e-03,4.113258e-03,2.778059e-02,realized,-4.521443e-02,7.363357e-01,-1.546000e+00,0.029615,0.283640,-0.301503,,,,1.509558,-0.525590,-0.350113,1.509558,-0.525590,-0.350113,-3.064573e-03,1.610481e-02,-8.438767e-02,1.707888,-0.696912,-0.324170,1.709725,-0.694364,-0.324380,0.153411,0.000000,0,a
27.380000,654,DS_interstep,3,6.039062e-03,-3.244479e-02,1.133481e-01,-1.348320e-03,3.933067e-03,2.688598e-02,realized,-4.522350e-02,7.363786e-01,-1.546323e+00,0.029657,0.283389,-0.301048,,,,1.509555,-0.525591,-0.350113,1.509555,-0.525591,-0.350113,-2.265602e-03,1.594748e-02,-7.997426e-02,1.707884,-0.696914,-0.324169,1.709725,-0.694364,-0.324380,0.153273,0.000000,0,a
27.390000,655,DS_interstep,3,5.311293e-03,-3.219471e-02,1.091292e-01,-1.439162e-03,3.775169e-03,2.602561e-02,realized,-4.522887e-02,7.364203e-01,-1.546624e+00,0.029698,0.283138,-0.300593,,,,1.509552,-0.525591,-0.350113,1.509552,-0.525591,-0.350113,-1.526537e-03,1.570010e-02,-7.573957e-02,1.707880,-0.696915,-0.324168,1.709725,-0.694364,-0.324380,0.153136,0.000000,0,a
27.400000,656,DS_interstep,3,4.639808e-03,-3.186134e-02,1.050774e-01,-1.527059e-03,3.637955e-03,2.519628e-02,realized,-4.523083e-02,7.364603e-01,-1.546905e+00,0.029739,0.282887,-0.300138,,,,1.509550,-0.525592,-0.350112,1.509550,-0.525592,-0.350112,-8.447552e-04,1.536851e-02,-7.167229e-02,1.707876,-0.696917,-0.324167,1.709725,-0.694364,-0.324380,0.153000,0.000000,0,a
27.410000,657,DS_interstep,3,4.022143e-03,-3.145047e-02,1.011818e-01,-1.611226e-03,3.519723e-03,2.439507e-02,realized,-4.522966e-02,7.364982e-01,-1.547166e+00,0.029780,0.282636,-0.299684,,,,1.509548,-0.525593,-0.350112,1.509548,-0.525593,-0.350112,-2.177330e-04,1.495862e-02,-6.776165e-02,1.707873,-0.696918,-0.324166,1.709725,-0.694364,-0.324380,0.152865,0.000000,0,a
27.420000,658,DS_interstep,3,3.455927e-03,-3.096788e-02,9.743226e-02,-1.690903e-03,3.418711e-03,2.361933e-02,realized,-4.522561e-02,7.365338e-01,-1.547409e+00,0.029821,0.282386,-0.299230,,,,1.509545,-0.525594,-0.350111,1.509545,-0.525594,-0.350111,3.569582e-04,1.447625e-02,-6.399752e-02,1.707869,-0.696920,-0.324165,1.709725,-0.694364,-0.324380,0.152732,0.000000,0,a
27.430000,659,DS_interstep,3,2.938878e-03,-3.041926e-02,9.381945e-02,-1.765377e-03,3.333130e-03,2.286669e-02,realized,-4.521894e-02,7.365666e-01,-1.547633e+00,0.029862,0.282135,-0.298776,,,,1.509543,-0.525594,-0.350111,1.509543,-0.525594,-0.350111,8.816531e-04,1.392718e-02,-6.037051e-02,1.707866,-0.696921,-0.324164,1.709725,-0.694364,-0.324380,0.152600,0.000000,0,a
27.440000,660,DS_interstep,3,2.468797e-03,-2.981020e-02,9.033468e-02,-1.833995e-03,3.261203e-03,2.213506e-02,realized,-4.520989e-02,7.365964e-01,-1.547840e+00,0.029903,0.281885,-0.298323,,,,1.509541,-0.525595,-0.350110,1.509541,-0.525595,-0.350110,1.358597e-03,1.331707e-02,-5.687198e-02,1.707863,-0.696923,-0.324163,1.709725,-0.694364,-0.324380,0.152469,0.000000,0,a
27.450000,661,DS_interstep,3,2.043567e-03,-2.914614e-02,8.697007e-02,-1.896181e-03,3.201183e-03,2.142266e-02,realized,-4.519868e-02,7.366228e-01,-1.548030e+00,0.029944,0.281635,-0.297869,,,,1.509540,-0.525595,-0.350110,1.509540,-0.525595,-0.350110,1.789950e-03,1.265143e-02,-5.349406e-02,1.707860,-0.696924,-0.324162,1.709725,-0.694364,-0.324380,0.152340,0.000000,0,a
27.460000,662,DS_interstep,3,1.661144e-03,-2.843234e-02,8.371855e-02,-1.951443e-03,3.151388e-03,2.072794e-02,realized,-4.518553e-02,7.366456e-01,-1.548204e+00,0.029985,0.281385,-0.297416,,,,1.509538,-0.525596,-0.350110,1.509538,-0.525596,-0.350110,2.177796e-03,1.193557e-02,-5.022969e-02,1.707858,-0.696925,-0.324161,1.709725,-0.694364,-0.324380,0.152212,0.000000,0,a
27.470000,663,DS_interstep,3,1.319551e-03,-2.767389e-02,8.057382e-02,-1.999385e-03,3.110216e-03,2.004964e-02,realized,-4.517065e-02,7.366647e-01,-1.548362e+00,0.030026,0.281134,-0.296963,,,,1.509536,-0.525597,-0.350109,1.509536,-0.525597,-0.350109,2.524145e-03,1.117463e-02,-4.707257e-02,1.707855,-0.696926,-0.324159,1.709725,-0.694364,-0.324380,0.152086,0.000000,0,a
27.480000,664,DS_interstep,3,1.016874e-03,-2.687563e-02,7.753032e-02,-2.039702e-03,3.076165e-03,1.938671e-02,realized,-4.515424e-02,7.366797e-01,-1.548505e+00,0.030066,0.280884,-0.296510,,,,1.509535,-0.525597,-0.350109,1.509535,-0.525597,-0.350109,2.830940e-03,1.037352e-02,-4.401714e-02,1.707853,-0.696928,-0.324158,1.709725,-0.694364,-0.324380,0.151961,0.000000,0,a
27.490000,665,DS_interstep,3,7.512543e-04,-2.604221e-02,7.458319e-02,-2.072189e-03,3.047846e-03,1.873833e-02,realized,-4.513648e-02,7.366906e-01,-1.548633e+00,0.030107,0.280634,-0.296058,,,,1.509533,-0.525598,-0.350108,1.509533,-0.525598,-0.350108,3.100067e-03,9.536912e-03,-4.105854e-02,1.707851,-0.696929,-0.324157,1.709725,-0.694364,-0.324380,0.151837,0.000000,0,a
27.500000,666,DS_interstep,3,5.208836e-04,-2.517801e-02,7.172821e-02,-2.096737e-03,3.023993e-03,1.810386e-02,realized,-4.511756e-02,7.366971e-01,-1.548746e+00,0.030148,0.280385,-0.295605,,,,1.509532,-0.525598,-0.350108,1.509532,-0.525598,-0.350108,3.333358e-03,8.669245e-03,-3.819256e-02,1.707849,-0.696930,-0.324156,1.709725,-0.694364,-0.324380,0.151716,0.000000,0,a
27.510000,667,DS_interstep,3,3.239978e-04,-2.428720e-02,6.896176e-02,-2.113325e-03,3.003471e-03,1.748282e-02,realized,-4.509764e-02,7.366991e-01,-1.548846e+00,0.030189,0.280135,-0.295153,,,,1.509531,-0.525599,-0.350107,1.509531,-0.525599,-0.350107,3.532597e-03,7.774706e-03,-3.541555e-02,1.707847,-0.696931,-0.324155,1.709725,-0.694364,-0.324380,0.151595,0.000000,0,a
27.520000,668,DS_interstep,3,1.588727e-04,-2.337369e-02,6.628072e-02,-2.122021e-03,2.985276e-03,1.687487e-02,realized,-4.507689e-02,7.366966e-01,-1.548932e+00,0.030230,0.279885,-0.294701,,,,1.509530,-0.525599,-0.350107,1.509530,-0.525599,-0.350107,3.699526e-03,6.857239e-03,-3.272439e-02,1.707845,-0.696932,-0.324154,1.709725,-0.694364,-0.324380,0.151477,0.000000,0,a
27.530000,669,DS_interstep,3,2.381998e-05,-2.244116e-02,6.368243e-02,-2.122972e-03,2.968535e-03,1.627979e-02,realized,-4.505545e-02,7.366893e-01,-1.549005e+00,0.030271,0.279636,-0.294249,,,,1.509529,-0.525600,-0.350106,1.509529,-0.525600,-0.350106,3.835851e-03,5.920540e-03,-3.011640e-02,1.707843,-0.696933,-0.324153,1.709725,-0.694364,-0.324380,0.151360,0.000000,0,a
27.540000,670,DS_interstep,3,-8.281656e-05,-2.149303e-02,6.116459e-02,-2.116393e-03,2.952510e-03,1.569745e-02,realized,-4.503349e-02,7.366773e-01,-1.549066e+00,0.030312,0.279386,-0.293797,,,,1.509528,-0.525600,-0.350106,1.509528,-0.525600,-0.350106,3.943244e-03,4.968067e-03,-2.758927e-02,1.707842,-0.696933,-0.324152,1.709725,-0.694364,-0.324380,0.151245,0.000000,0,a
27.550000,671,DS_interstep,3,-1.626636e-04,-2.053252e-02,5.872523e-02,-2.102563e-03,2.936582e-03,1.512778e-02,realized,-4.501112e-02,7.366605e-01,-1.549114e+00,0.030352,0.279137,-0.293346,,,,1.509527,-0.525600,-0.350105,1.509527,-0.525600,-0.350105,4.023346e-03,4.003048e-03,-2.514100e-02,1.707840,-0.696934,-0.324152,1.709725,-0.694364,-0.324380,0.151132,0.000000,0,a
27.560000,672,DS_interstep,3,-2.173203e-04,-1.956263e-02,5.636259e-02,-2.081813e-03,2.920254e-03,1.457077e-02,realized,-4.498848e-02,7.366388e-01,-1.549150e+00,0.030393,0.278887,-0.292894,,,,1.509526,-0.525601,-0.350105,1.509526,-0.525601,-0.350105,4.077772e-03,3.028484e-03,-2.276982e-02,1.707839,-0.696935,-0.324151,1.709725,-0.694364,-0.324380,0.151021,0.000000,0,a
27.570000,673,DS_interstep,3,-2.483598e-04,-1.858612e-02,5.407511e-02,-2.054518e-03,2.903136e-03,1.402643e-02,realized,-4.496569e-02,7.366122e-01,-1.549175e+00,0.030434,0.278638,-0.292443,,,,1.509525,-0.525601,-0.350105,1.509525,-0.525601,-0.350105,4.108110e-03,2.047168e-03,-2.047416e-02,1.707837,-0.696936,-0.324150,1.709725,-0.694364,-0.324380,0.150912,0.000000,0,a
27.580000,674,DS_interstep,3,-2.573293e-04,-1.760559e-02,5.186136e-02,-2.021086e-03,2.884939e-03,1.349478e-02,realized,-4.494286e-02,7.365807e-01,-1.549189e+00,0.030475,0.278389,-0.291992,,,,1.509525,-0.525602,-0.350104,1.509525,-0.525602,-0.350104,4.115922e-03,1.061691e-03,-1.825255e-02,1.707836,-0.696937,-0.324149,1.709725,-0.694364,-0.324380,0.150805,0.000000,0,a
27.590000,675,DS_interstep,3,-2.457507e-04,-1.662343e-02,4.971996e-02,-1.981948e-03,2.865464e-03,1.297587e-02,realized,-4.492010e-02,7.365442e-01,-1.549192e+00,0.030515,0.278140,-0.291541,,,,1.509524,-0.525602,-0.350104,1.509524,-0.525602,-0.350104,4.102747e-03,7.445867e-05,-1.610361e-02,1.707835,-0.696937,-0.324148,1.709725,-0.694364,-0.324380,0.150700,0.000000,0,a
27.600000,676,DS_interstep,3,-2.151191e-04,-1.564186e-02,4.764959e-02,-1.937554e-03,2.844590e-03,1.246972e-02,realized,-4.489751e-02,7.365029e-01,-1.549185e+00,0.030556,0.277891,-0.291090,,,,1.509524,-0.525602,-0.350103,1.509524,-0.525602,-0.350103,4.070096e-03,-9.123009e-04,-1.402597e-02,1.707834,-0.696938,-0.324147,1.709725,-0.694364,-0.324380,0.150597,0.000000,0,a
27.610000,677,DS_interstep,3,-1.669026e-04,-1.466294e-02,4.564891e-02,-1.888361e-03,2.822261e-03,1.197633e-02,realized,-4.487516e-02,7.364565e-01,-1.549167e+00,0.030597,0.277642,-0.290640,,,,1.509523,-0.525603,-0.350103,1.509523,-0.525603,-0.350103,4.019456e-03,-1.896520e-03,-1.201829e-02,1.707833,-0.696939,-0.324146,1.709725,-0.694364,-0.324380,0.150496,0.000000,0,a
27.620000,678,SS,4,7.473394e-01,-1.447238e+00,5.463168e+00,-1.182818e-02,2.691301e-02,-2.280265e-02,planned,-5.702605e-02,7.229493e-01,-1.600768e+00,0.030945,0.275139,-0.286258,-2.244316e-03,5.319390e-04,1.405317e-03,1.509565,-0.525596,-0.350133,1.531649,-0.500898,-0.346907,-5.969207e-01,4.409523e-01,-2.713912e+00,1.707866,-0.696897,-0.324133,1.707866,-0.696922,-0.324145,0.149314,0.799709,1,b
27.720000,679,SS,4,8.441359e-01,-1.549793e+00,5.742077e+00,6.097203e-02,2.102635e-01,-2.748429e-01,planned,-8.650929e-02,7.409068e-01,-1.735123e+00,0.030985,0.272733,-0.282384,,,,1.509934,-0.525440,-0.350234,1.537566,-0.498162,-0.346714,-7.126524e-01,7.525679e-01,-3.809223e+00,1.708106,-0.696702,-0.324083,1.708123,-0.696790,-0.324135,0.144273,0.797947,1,b
27.820000,680,SS,4,8.595018e-01,-1.529220e+00,6.134942e+00,9.622228e-02,4.424615e-01,-1.104561e-01,planned,-1.234122e-01,7.784779e-01,-1.928567e+00,0.030631,0.270496,-0.279240,,,,1.510868,-0.525078,-0.350418,1.543649,-0.495480,-0.346541,-8.829921e-01,1.175982e+00,-5.000000e+00,1.708690,-0.696279,-0.323993,1.708810,-0.696435,-0.324111,0.135797,0.793548,1,b
27.920000,681,SS,4,8.196081e-01,-1.504470e+00,6.270230e+00,1.009419e-01,6.330111e-01,-2.609962e-02,planned,-1.689300e-01,8.372151e-01,-2.146467e+00,0.029798,0.268507,-0.277071,,,,1.512553,-0.524449,-0.350684,1.550891,-0.493182,-0.346509,-1.040393e+00,1.580713e+00,-5.000000e+00,1.709734,-0.695563,-0.323863,1.710085,-0.695778,-0.324066,0.125115,0.785583,1,b
28.020000,682,SS,4,7.139764e-01,-1.441609e+00,6.245777e+00,6.338080e-02,7.933950e-01,1.044249e-01,planned,-2.208301e-01,9.147388e-01,-2.366747e+00,0.028422,0.266836,-0.276162,,,,1.515139,-0.523501,-0.351025,1.558339,-0.490951,-0.346503,-1.132827e+00,1.920870e+00,-5.000000e+00,1.711331,-0.694501,-0.323695,1.712060,-0.694760,-0.323996,0.112717,0.773381,1,b
28.120000,683,SS,4,5.466719e-01,-1.354839e+00,6.056429e+00,-1.330264e-02,9.181303e-01,2.590299e-01,planned,-2.766713e-01,1.008970e+00,-2.590002e+00,0.026472,0.265542,-0.276737,,,,1.518734,-0.522193,-0.351430,1.566812,-0.489059,-0.346628,-1.176167e+00,2.225317e+00,-5.000000e+00,1.713550,-0.693055,-0.323493,1.714810,-0.693343,-0.323898,0.099343,0.756508,1,b
28.220000,684,SS,4,3.264716e-01,-1.241047e+00,5.705667e+00,-1.290629e-01,1.001793e+00,4.159221e-01,planned,-3.344927e-01,1.118136e+00,-2.816632e+00,0.023941,0.264675,-0.278935,,,,1.523406,-0.520500,-0.351881,1.575513,-0.487242,-0.346783,-1.176214e+00,2.487815e+00,-5.000000e+00,1.716439,-0.691202,-0.323263,1.718367,-0.691509,-0.323772,0.085636,0.734758,1,b
28.320000,685,SS,4,5.664346e-02,-1.104100e+00,5.212226e+00,-2.832150e-01,1.044844e+00,5.756225e-01,planned,-3.923551e-01,1.240187e+00,-3.046864e+00,0.020843,0.264279,-0.282819,,,,1.529184,-0.518409,-0.352356,1.585029,-0.485695,-0.347048,-1.134732e+00,2.704056e+00,-5.000000e+00,1.720020,-0.688936,-0.323011,1.722735,-0.689257,-0.323617,0.072147,0.708125,1,b
28.420000,686,SS,4,-2.547361e-01,-9.372194e-01,4.596425e+00,-4.745444e-01,1.051104e+00,7.321300e-01,planned,-4.499830e-01,1.370162e+00,-3.280748e+00,0.017207,0.264383,-0.288352,,,,1.536060,-0.515921,-0.352835,1.594765,-0.484221,-0.347343,-1.124394e+00,2.776244e+00,-5.000000e+00,1.724280,-0.686274,-0.322747,1.727885,-0.686603,-0.323435,0.059619,0.676759,1,b
28.520000,687,SS,4,-6.124203e-01,-6.913324e-01,3.983466e+00,-7.068278e-01,1.088948e+00,9.856359e-01,planned,-5.076554e-01,1.503812e+00,-3.518041e+00,0.013060,0.265000,-0.295372,,,,1.543998,-0.513057,-0.353305,1.605042,-0.482930,-0.347717,-1.071861e+00,2.780278e+00,-5.000000e+00,1.729153,-0.683268,-0.322480,1.733762,-0.683573,-0.323227,0.048846,0.640932,1,b
28.620000,688,SS,4,-1.017519e+00,-3.313145e-01,3.470905e+00,-9.816240e-01,1.208833e+00,1.408759e+00,planned,-5.618434e-01,1.636912e+00,-3.758296e+00,0.008449,0.266123,-0.303641,,,,1.552926,-0.509852,-0.353760,1.615493,-0.481699,-0.348116,-9.462445e-01,2.705146e+00,-5.000000e+00,1.734560,-0.679979,-0.322223,1.740288,-0.680209,-0.322995,0.040847,0.601094,1,b
28.720000,689,SS,4,-1.443741e+00,1.236611e-01,3.021819e+00,-1.280492e+00,1.402611e+00,1.913677e+00,planned,-6.101867e-01,1.766439e+00,-3.993712e+00,0.003452,0.267736,-0.312862,,,,1.562741,-0.506359,-0.354189,1.626159,-0.480551,-0.348553,-7.849036e-01,2.579795e+00,-4.431167e+00,1.740414,-0.676468,-0.321983,1.747366,-0.676561,-0.322745,0.038779,0.557828,1,b
28.820000,690,SS,4,-1.870738e+00,6.521327e-01,2.631013e+00,-1.588100e+00,1.660028e+00,2.456368e+00,planned,-6.510045e-01,1.889888e+00,-4.193522e+00,-0.001837,0.269808,-0.322759,,,,1.573319,-0.502639,-0.354582,1.636905,-0.479434,-0.349005,-5.884584e-01,2.406563e+00,-3.328292e+00,1.746622,-0.672794,-0.321769,1.754885,-0.672685,-0.322478,0.047358,0.511826,1,b
28.920000,691,SS,4,-2.277374e+00,1.235110e+00,2.287741e+00,-1.888507e+00,1.964176e+00,2.999276e+00,planned,-6.824071e-01,2.004677e+00,-4.342613e+00,-0.007306,0.272298,-0.333126,,,,1.584516,-0.498753,-0.354926,1.647496,-0.478290,-0.349446,-3.567426e-01,2.180348e+00,-2.181416e+00,1.753097,-0.669007,-0.321586,1.762719,-0.668647,-0.322200,0.067483,0.463859,1,b
29.020000,692,SS,4,-2.642712e+00,1.833888e+00,1.968415e+00,-2.164484e+00,2.286700e+00,3.486667e+00,planned,-7.031684e-01,2.108068e+00,-4.439448e+00,-0.012833,0.275155,-0.343764,,,,1.596169,-0.494768,-0.355208,1.658019,-0.477135,-0.349883,-1.125023e-01,1.899056e+00,-1.031543e+00,1.759754,-0.665154,-0.321435,1.770737,-0.664514,-0.321916,0.096543,0.414759,1,b
29.120000,693,SS,4,-2.947253e+00,2.424567e+00,1.658135e+00,-2.402161e+00,2.602861e+00,3.878272e+00,planned,-7.130086e-01,2.196826e+00,-4.484106e+00,-0.018294,0.278316,-0.354474,,,,1.608107,-0.490747,-0.355415,1.667984,-0.475837,-0.350253,1.183081e-01,1.550441e+00,5.960200e-02,1.766512,-0.661277,-0.321314,1.778799,-0.660358,-0.321630,0.132083,0.365387,1,b
29.220000,694,SS,4,-3.182298e+00,2.972559e+00,1.349030e+00,-2.593155e+00,2.891731e+00,4.144378e+00,planned,-7.134103e-01,2.267957e+00,-4.480108e+00,-0.023579,0.281711,-0.365074,,,,1.620143,-0.486749,-0.355533,1.677670,-0.474467,-0.350591,3.637578e-01,1.114114e+00,1.285345e+00,1.773291,-0.657415,-0.321217,1.786769,-0.656250,-0.321348,0.170971,0.316605,1,b
29.320000,695,SS,4,-3.342216e+00,3.471219e+00,1.065362e+00,-2.732993e+00,3.146574e+00,4.302640e+00,planned,-6.997318e-01,2.314593e+00,-4.414674e+00,-0.028551,0.285246,-0.375350,,,,1.632111,-0.482845,-0.355568,1.686369,-0.472837,-0.350804,5.796086e-01,6.131234e-01,2.261948e+00,1.780017,-0.653614,-0.321137,1.794509,-0.652260,-0.321074,0.215289,0.269257,1,b
29.420000,696,SS,4,-3.373483e+00,3.876269e+00,8.096382e-01,-2.769728e+00,3.354571e+00,4.304305e+00,planned,-6.810701e-01,2.337683e+00,-4.313528e+00,-0.033128,0.288826,-0.385147,,,,1.643806,-0.479085,-0.355511,1.694505,-0.471060,-0.350945,6.948125e-01,6.036103e-02,3.123598e+00,1.786612,-0.649908,-0.321065,1.801889,-0.648456,-0.320812,0.258194,0.224146,1,b
29.520000,697,SS,4,-3.363057e+00,4.186597e+00,5.294658e-01,-2.788105e+00,3.485750e+00,4.144946e+00,planned,-6.538193e-01,2.330586e+00,-4.163802e+00,-0.037239,0.292345,-0.394307,,,,1.655051,-0.475513,-0.355371,1.701193,-0.468933,-0.350912,8.592592e-01,-5.870604e-01,4.082499e+00,1.793002,-0.646341,-0.320993,1.808789,-0.644899,-0.320568,0.299509,0.182010,1,b
29.620000,698,SS,4,-3.247382e+00,4.379510e+00,3.194338e-01,-2.720163e+00,3.557210e+00,3.885286e+00,planned,-6.199198e-01,2.291833e+00,-3.972653e+00,-0.040807,0.295685,-0.402673,,,,1.665677,-0.472178,-0.355160,1.706941,-0.466579,-0.350766,9.589441e-01,-1.243653e+00,4.838751e+00,1.799118,-0.642955,-0.320913,1.815100,-0.641646,-0.320344,0.337133,0.143505,1,b
29.720000,699,SS,4,-3.104079e+00,4.483097e+00,-1.942310e-01,-2.588805e+00,3.542952e+00,3.481212e+00,planned,-5.808797e-01,2.219917e+00,-3.763510e+00,-0.043782,0.298727,-0.410086,,,,1.675523,-0.469121,-0.354895,1.710768,-0.464666,-0.350505,1.036378e+00,-1.926034e+00,5.000000e+00,1.804894,-0.639796,-0.320822,1.820733,-0.638742,-0.320144,0.368829,0.109181,1,b
29.820000,700,SS,4,-2.927406e+00,4.466714e+00,-8.881901e-01,-2.399663e+00,3.439258e+00,2.970128e+00,planned,-5.376817e-01,2.115060e+00,-3.552148e+00,-0.046132,0.301355,-0.416345,,,,1.684448,-0.466381,-0.354595,1.713180,-0.463078,-0.350158,1.086310e+00,-2.583410e+00,5.000000e+00,1.810267,-0.636911,-0.320717,1.825618,-0.636224,-0.319971,0.392873,0.079464,1,b
29.920000,701,SS,4,-2.678080e+00,4.300637e+00,-1.487157e+00,-2.159393e+00,3.247060e+00,2.370308e+00,planned,-4.919250e-01,1.980054e+00,-3.338104e+00,-0.047839,0.303463,-0.421270,,,,1.692340,-0.463990,-0.354285,1.714277,-0.462356,-0.350000,1.098602e+00,-3.154897e+00,5.000000e+00,1.815186,-0.634343,-0.320600,1.829708,-0.634116,-0.319826,0.407920,0.054635,1,b
30.020000,702,SS,4,-2.369040e+00,3.988784e+00,-1.984243e+00,-1.876327e+00,2.973393e+00,1.705882e+00,planned,-4.450089e-01,1.819881e+00,-3.121045e+00,-0.048904,0.304959,-0.424746,,,,1.699124,-0.461971,-0.353988,1.714277,-0.462356,-0.350000,1.083442e+00,-3.594549e+00,5.000000e+00,1.819612,-0.632124,-0.320475,1.832984,-0.632427,-0.319710,0.413340,0.034833,1,b
30.120000,703,SS,4,-2.018794e+00,3.521693e+00,-2.388234e+00,-1.558854e+00,2.624536e+00,9.959653e-01,planned,-3.980648e-01,1.642038e+00,-2.900794e+00,-0.049345,0.305781,-0.426734,,,,1.704769,-0.460331,-0.353726,1.714277,-0.462356,-0.350000,1.039228e+00,-3.844363e+00,5.000000e+00,1.823527,-0.630272,-0.320349,1.835460,-0.631151,-0.319622,0.408837,0.020073,1,b
30.220000,704,SS,4,-1.641514e+00,2.922275e+00,-2.709615e+00,-1.219390e+00,2.209127e+00,2.574706e-01,planned,-3.533833e-01,1.457186e+00,-2.677348e+00,-0.049197,0.305900,-0.427254,,,,1.709289,-0.459072,-0.353518,1.714277,-0.462356,-0.350000,9.370473e-01,-3.846790e+00,5.000000e+00,1.826919,-0.628789,-0.320223,1.837184,-0.630263,-0.319561,0.394793,0.010362,1,b
30.320000,705,SS,4,-1.269185e+00,2.275973e+00,-2.861017e+00,-8.848028e-01,1.798013e+00,-3.782814e-01,planned,-3.129312e-01,1.277337e+00,-2.450796e+00,-0.048522,0.305334,-0.426397,,,,1.712762,-0.458174,-0.353378,1.714277,-0.462356,-0.350000,8.066620e-01,-3.588624e+00,5.000000e+00,1.829783,-0.627663,-0.320096,1.838241,-0.629718,-0.319524,0.373824,0.005969,1,b
30.420000,706,SS,4,-9.180128e-01,1.628883e+00,-2.844262e+00,-5.664452e-01,1.410573e+00,-8.546576e-01,planned,-2.778782e-01,1.115673e+00,-2.223242e+00,-0.047398,0.304145,-0.424388,,,,1.715321,-0.457598,-0.353311,1.714277,-0.462356,-0.350000,6.547092e-01,-3.057104e+00,4.740532e+00,1.832150,-0.626856,-0.319968,1.838759,-0.629451,-0.319505,0.347939,0.005621,1,b
30.520000,707,SS,4,-6.065573e-01,1.002570e+00,-2.752546e+00,-2.829804e-01,1.029824e+00,-1.215170e+00,planned,-2.494834e-01,9.856792e-01,-2.031445e+00,-0.045919,0.302444,-0.421553,,,,1.717162,-0.457283,-0.353310,1.714277,-0.462356,-0.350000,4.810887e-01,-2.253089e+00,3.244645e+00,1.834094,-0.626305,-0.319838,1.838913,-0.629372,-0.319500,0.318442,0.005852,1,b
30.620000,708,SS,4,-3.504467e-01,4.275015e-01,-2.658685e+00,-4.865873e-02,6.446623e-01,-1.471891e+00,planned,-2.292862e-01,9.014190e-01,-1.914456e+00,-0.044204,0.300394,-0.418207,,,,1.718548,-0.457146,-0.353358,1.714277,-0.462356,-0.350000,2.992777e-01,-1.227543e+00,1.824799e+00,1.835736,-0.625925,-0.319706,1.838920,-0.629368,-0.319500,0.287087,0.005714,1,b
30.720000,709,SS,4,-1.714609e-01,-2.578771e-02,-2.576746e+00,1.173693e-01,2.869071e-01,-1.575809e+00,planned,-2.102723e-01,8.526867e-01,-1.822516e+00,-0.042337,0.298162,-0.414539,,,,1.719665,-0.457116,-0.353422,1.714277,-0.462356,-0.350000,3.506416e-01,-7.367858e-01,1.736392e+00,1.837154,-0.625665,-0.319581,1.838920,-0.629368,-0.319500,0.259284,0.005414,1,b
30.820000,710,SS,4,-4.205229e-02,-3.088520e-01,-2.413787e+00,2.297123e-01,4.082610e-02,-1.543242e+00,planned,-1.910411e-01,8.192933e-01,-1.739276e+00,-0.040322,0.295830,-0.410584,,,,1.720547,-0.457184,-0.353476,1.714277,-0.462356,-0.350000,3.024832e-01,-5.003228e-01,1.471762e+00,1.838357,-0.625513,-0.319473,1.838920,-0.629368,-0.319500,0.232142,0.005088,1,b
30.920000,711,SS,4,4.314378e-02,-5.272479e-01,-2.313430e+00,2.859126e-01,-1.683835e-01,-1.595662e+00,planned,-1.747303e-01,7.927207e-01,-1.668558e+00,-0.038192,0.293436,-0.406386,,,,1.721211,-0.457333,-0.353507,1.714277,-0.462356,-0.350000,2.334289e-01,-3.903832e-01,1.212878e+00,1.839356,-0.625455,-0.319383,1.838920,-0.629368,-0.319500,0.204977,0.004789,1,b
31.030000,712,DS_interstep,4,7.549916e-01,1.398091e+00,-1.505544e+00,3.476200e-01,-2.063817e-01,-1.413169e+00,realized,-1.784035e-01,7.856289e-01,-1.660809e+00,-0.037945,0.293216,-0.405850,-2.245492e-03,5.358603e-04,1.406593e-03,1.721260,-0.457376,-0.353504,1.721260,-0.457376,-0.353504,-7.363221e-01,-1.410470e+00,1.533522e+00,1.839441,-0.625459,-0.319376,1.839441,-0.625459,-0.319376,0.202584,0.004495,0,b
31.040000,713,DS_interstep,4,4.079137e+00,1.598697e+01,-1.408599e+01,2.374954e+00,3.450026e-02,-1.740326e+00,realized,-1.977218e-01,7.605911e-01,-1.635729e+00,-0.037662,0.292925,-0.405110,,,,1.721289,-0.457469,-0.353515,1.721289,-0.457469,-0.353515,-3.865513e+00,-5.000000e+00,5.000000e+00,1.839513,-0.625487,-0.319384,1.839441,-0.625459,-0.319376,0.201497,0.003591,0,b
31.050000,714,DS_interstep,4,3.219893e-01,1.316542e+01,-2.726597e+01,1.875027e+00,-8.586434e-02,-2.553378e+00,realized,-1.986657e-01,7.355543e-01,-1.610648e+00,-0.037364,0.292552,-0.404231,,,,1.721303,-0.457598,-0.353545,1.721303,-0.457598,-0.353545,-1.907328e-01,-5.000000e+00,5.000000e+00,1.839569,-0.625547,-0.319412,1.839441,-0.625459,-0.319376,0.202061,0.002716,0,b
31.060000,715,DS_interstep,4,-2.131915e+00,8.144475e+00,-3.114859e+01,1.301815e+00,-4.099608e-01,-3.358324e+00,realized,-1.877331e-01,7.105184e-01,-1.585569e+00,-0.037064,0.292129,-0.403265,,,,1.721303,-0.457746,-0.353586,1.721303,-0.457746,-0.353586,2.184570e+00,-5.000000e+00,5.000000e+00,1.839607,-0.625640,-0.319453,1.839441,-0.625459,-0.319376,0.204544,0.001985,0,b
31.070000,716,DS_interstep,4,-3.065010e+00,3.998471e+00,-2.918391e+01,8.884551e-01,-6.962701e-01,-3.861511e+00,realized,-1.723171e-01,6.896262e-01,-1.560491e+00,-0.036767,0.291687,-0.402250,,,,1.721291,-0.457904,-0.353632,1.721291,-0.457904,-0.353632,3.081406e+00,-4.171455e+00,5.000000e+00,1.839624,-0.625762,-0.319498,1.839441,-0.625459,-0.319376,0.209009,0.001417,0,b
31.080000,717,DS_interstep,4,-3.182911e+00,9.811744e-01,-2.461754e+01,5.683022e-01,-8.498611e-01,-3.989748e+00,realized,-1.563606e-01,6.843758e-01,-1.535413e+00,-0.036473,0.291245,-0.401211,,,,1.721268,-0.458066,-0.353677,1.721268,-0.458066,-0.353677,3.189639e+00,-1.043211e+00,5.000000e+00,1.839621,-0.625906,-0.319543,1.839441,-0.625459,-0.319376,0.215300,0.000994,0,b
31.090000,718,DS_interstep,4,-2.924250e+00,-1.023643e+00,-1.902212e+01,2.645949e-01,-8.355432e-01,-3.748487e+00,realized,-1.416801e-01,6.894480e-01,-1.510337e+00,-0.036182,0.290816,-0.400167,,,,1.721234,-0.458226,-0.353718,1.721234,-0.458226,-0.353718,2.934605e+00,1.021345e+00,5.000000e+00,1.839597,-0.626065,-0.319584,1.839441,-0.625459,-0.319376,0.223077,0.000687,0,b
31.100000,719,DS_interstep,4,-2.318326e+00,-1.652706e+00,-1.323850e+01,1.322764e-02,-6.575320e-01,-3.183790e+00,realized,-1.299778e-01,6.978813e-01,-1.485262e+00,-0.035891,0.290404,-0.399129,,,,1.721190,-0.458383,-0.353752,1.721190,-0.458383,-0.353752,2.339107e+00,1.693639e+00,5.000000e+00,1.839556,-0.626234,-0.319619,1.839441,-0.625459,-0.319376,0.232000,0.000470,0,b
31.110000,720,DS_interstep,4,-1.835058e+00,-2.043662e+00,-8.667795e+00,-1.722115e-01,-4.865719e-01,-2.596202e+00,realized,-1.206633e-01,7.082997e-01,-1.460189e+00,-0.035599,0.290009,-0.398106,,,,1.721138,-0.458534,-0.353780,1.721138,-0.458534,-0.353780,1.861653e+00,2.090741e+00,5.000000e+00,1.839498,-0.626407,-0.319649,1.839441,-0.625459,-0.319376,0.241816,0.000317,0,b
31.120000,721,DS_interstep,4,-1.492191e+00,-2.395765e+00,-5.048404e+00,-3.283086e-01,-3.337541e-01,-2.059916e+00,realized,-1.130530e-01,7.204698e-01,-1.435116e+00,-0.035305,0.289631,-0.397102,,,,1.721079,-0.458678,-0.353802,1.721079,-0.458678,-0.353802,1.520896e+00,2.441181e+00,5.000000e+00,1.839426,-0.626580,-0.319672,1.839441,-0.625459,-0.319376,0.252243,0.000212,0,b
31.130000,722,DS_interstep,4,-1.140383e+00,-2.446469e+00,-1.861950e+00,-4.553115e-01,-1.635132e-01,-1.490119e+00,realized,-1.071869e-01,7.329057e-01,-1.425831e+00,-0.035011,0.289270,-0.396120,,,,1.721013,-0.458816,-0.353818,1.721013,-0.458816,-0.353818,1.172127e+00,2.494471e+00,1.842678e+00,1.839343,-0.626751,-0.319690,1.839441,-0.625459,-0.319376,0.262970,0.000139,0,b
31.140000,723,DS_interstep,4,-8.458027e-01,-2.363820e+00,7.622046e-01,-5.628917e-01,4.069541e-03,-9.331372e-01,realized,-1.027846e-01,7.449117e-01,-1.429664e+00,-0.034714,0.288925,-0.395161,,,,1.720943,-0.458946,-0.353828,1.720943,-0.458946,-0.353828,8.794073e-01,2.408628e+00,-7.808879e-01,1.839253,-0.626918,-0.319702,1.839441,-0.625459,-0.319376,0.273686,0.000090,0,b
31.150000,724,DS_interstep,4,-6.067112e-01,-2.218071e+00,2.852651e+00,-6.475187e-01,1.535024e-01,-4.227361e-01,realized,-9.957581e-02,7.561599e-01,-1.443941e+00,-0.034415,0.288593,-0.394222,,,,1.720868,-0.459069,-0.353833,1.720868,-0.459069,-0.353833,6.407460e-01,2.257156e+00,-2.869875e+00,1.839156,-0.627077,-0.319711,1.839441,-0.625459,-0.319376,0.284105,0.000056,0,b
31.160000,725,DS_interstep,4,-4.122455e-01,-2.048823e+00,4.465429e+00,-7.062812e-01,2.752203e-01,1.943888e-02,realized,-9.734313e-02,7.665270e-01,-1.466272e+00,-0.034115,0.288273,-0.393303,,,,1.720792,-0.459185,-0.353833,1.720792,-0.459185,-0.353833,4.455536e-01,2.081064e+00,-4.480859e+00,1.839056,-0.627229,-0.319715,1.839441,-0.625459,-0.319376,0.293980,0.000035,0,b
31.170000,726,DS_interstep,4,-2.518247e-01,-1.879159e+00,5.660215e+00,-7.383260e-01,3.645882e-01,3.817786e-01,realized,-9.592046e-02,7.760099e-01,-1.491198e+00,-0.033813,0.287963,-0.392404,,,,1.720713,-0.459294,-0.353830,1.720713,-0.459294,-0.353830,2.835704e-01,1.904303e+00,-5.000000e+00,1.838955,-0.627373,-0.319716,1.839441,-0.625459,-0.319376,0.303118,0.000021,0,b
31.180000,727,DS_interstep,4,-1.165341e-01,-1.720716e+00,6.494623e+00,-7.444738e-01,4.207109e-01,6.605867e-01,realized,-9.518478e-02,7.846661e-01,-1.516123e+00,-0.033511,0.287661,-0.391525,,,,1.720635,-0.459396,-0.353823,1.720635,-0.459396,-0.353823,1.461804e-01,1.739049e+00,-5.000000e+00,1.838855,-0.627508,-0.319715,1.839441,-0.625459,-0.319376,0.311390,0.000013,0,b
31.190000,728,DS_interstep,4,-7.345098e-03,-1.589148e+00,6.985225e+00,-7.262263e-01,4.426580e-01,8.507190e-01,realized,-9.500617e-02,7.926304e-01,-1.541046e+00,-0.033209,0.287366,-0.390666,,,,1.720556,-0.459492,-0.353814,1.720556,-0.459492,-0.353814,3.477126e-02,1.600765e+00,-5.000000e+00,1.838756,-0.627633,-0.319712,1.839441,-0.625459,-0.319376,0.318746,0.000010,0,b
31.200000,729,DS_interstep,4,5.800931e-02,-1.498792e+00,7.075626e+00,-6.884106e-01,4.323139e-01,9.374577e-01,realized,-9.516285e-02,8.001060e-01,-1.565969e+00,-0.032907,0.287076,-0.389824,,,,1.720479,-0.459581,-0.353803,1.720479,-0.459581,-0.353803,-3.228683e-02,1.503081e+00,-5.000000e+00,1.838660,-0.627750,-0.319708,1.839441,-0.625459,-0.319376,0.325212,0.000010,0,b
31.210000,730,DS_interstep,4,8.189774e-02,-1.443893e+00,6.858997e+00,-6.432371e-01,4.009304e-01,9.359118e-01,realized,-9.544491e-02,8.072779e-01,-1.590889e+00,-0.032606,0.286790,-0.388998,,,,1.720403,-0.459665,-0.353790,1.720403,-0.459665,-0.353790,-5.736492e-02,1.442436e+00,-5.000000e+00,1.838568,-0.627859,-0.319702,1.839441,-0.625459,-0.319376,0.330858,0.000012,0,b
31.220000,731,DS_interstep,4,1.107849e-01,-1.421789e+00,6.566907e+00,-5.830631e-01,3.474895e-01,8.936359e-01,realized,-9.587855e-02,8.143261e-01,-1.615809e+00,-0.032305,0.286507,-0.388187,,,,1.720328,-0.459745,-0.353775,1.720328,-0.459745,-0.353775,-8.768726e-02,1.417743e+00,-5.000000e+00,1.838478,-0.627960,-0.319694,1.839441,-0.625459,-0.319376,0.335780,0.000014,0,b
31.230000,732,DS_interstep,4,1.783785e-01,-1.390875e+00,6.339715e+00,-5.034862e-01,2.807714e-01,8.511381e-01,realized,-9.666046e-02,8.212141e-01,-1.640728e+00,-0.032006,0.286227,-0.387389,,,,1.720256,-0.459819,-0.353760,1.720256,-0.459819,-0.353760,-1.573478e-01,1.385786e+00,-5.000000e+00,1.838393,-0.628053,-0.319686,1.839441,-0.625459,-0.319376,0.340064,0.000015,0,b
31.240000,733,DS_interstep,4,2.547750e-01,-1.306747e+00,6.126761e+00,-4.279511e-01,2.258064e-01,8.143731e-01,realized,-9.783538e-02,8.276787e-01,-1.665645e+00,-0.031708,0.285951,-0.386605,,,,1.720185,-0.459889,-0.353743,1.720185,-0.459889,-0.353743,-2.359597e-01,1.301179e+00,-5.000000e+00,1.838311,-0.628140,-0.319676,1.839441,-0.625459,-0.319376,0.343769,0.000015,0,b
31.250000,734,DS_interstep,4,3.312171e-01,-1.206569e+00,5.977266e+00,-3.655324e-01,1.830568e-01,7.821170e-01,realized,-9.940335e-02,8.336454e-01,-1.690561e+00,-0.031412,0.285678,-0.385834,,,,1.720116,-0.459954,-0.353725,1.720116,-0.459954,-0.353725,-3.145843e-01,1.201655e+00,-5.000000e+00,1.838233,-0.628221,-0.319665,1.839441,-0.625459,-0.319376,0.346956,0.000015,0,b
31.260000,735,DS_interstep,4,4.189778e-01,-1.114527e+00,5.847570e+00,-2.969259e-01,1.340281e-01,7.423633e-01,realized,-1.014220e-01,8.391518e-01,-1.715476e+00,-0.031120,0.285408,-0.385075,,,,1.720051,-0.460015,-0.353706,1.720051,-0.460015,-0.353706,-4.047443e-01,1.109636e+00,-5.000000e+00,1.838159,-0.628295,-0.319653,1.839441,-0.625459,-0.319376,0.349697,0.000015,0,b
31.270000,736,DS_interstep,4,4.977267e-01,-1.023850e+00,5.664919e+00,-2.294444e-01,8.475376e-02,6.866169e-01,realized,-1.038448e-01,8.441999e-01,-1.740389e+00,-0.030830,0.285140,-0.384328,,,,1.719988,-0.460071,-0.353687,1.719988,-0.460071,-0.353687,-4.855937e-01,1.018046e+00,-5.000000e+00,1.838089,-0.628363,-0.319640,1.839441,-0.625459,-0.319376,0.352061,0.000014,0,b
31.280000,737,DS_interstep,4,5.639525e-01,-9.391932e-01,5.428812e+00,-1.644873e-01,3.660943e-02,6.167989e-01,realized,-1.066075e-01,8.488193e-01,-1.765301e+00,-0.030544,0.284875,-0.383592,,,,1.719929,-0.460124,-0.353668,1.719929,-0.460124,-0.353668,-5.535835e-01,9.323434e-01,-5.000000e+00,1.838023,-0.628426,-0.319626,1.839441,-0.625459,-0.319376,0.354118,0.000013,0,b
31.290000,738,DS_interstep,4,6.184038e-01,-8.634983e-01,5.155844e+00,-1.026392e-01,-9.487985e-03,5.379949e-01,realized,-1.096497e-01,8.530552e-01,-1.790212e+00,-0.030261,0.284613,-0.382865,,,,1.719873,-0.460173,-0.353648,1.719873,-0.460173,-0.353648,-6.095256e-01,8.557040e-01,-5.000000e+00,1.837962,-0.628484,-0.319611,1.839441,-0.625459,-0.319376,0.355933,0.000013,0,b
31.300000,739,DS_interstep,4,6.624263e-01,-7.961826e-01,4.863225e+00,-4.478307e-02,-5.223798e-02,4.556364e-01,realized,-1.129182e-01,8.569504e-01,-1.814359e+00,-0.029982,0.284352,-0.382148,,,,1.719820,-0.460218,-0.353629,1.719820,-0.460218,-0.353629,-6.548196e-01,7.875923e-01,-4.847302e+00,1.837904,-0.628538,-0.319596,1.839441,-0.625459,-0.319376,0.357567,0.000012,0,b
31.310000,740,DS_interstep,4,6.972256e-01,-7.346275e-01,4.564522e+00,8.123876e-03,-9.029884e-02,3.744256e-01,realized,-1.163659e-01,8.605343e-01,-1.836997e+00,-0.029707,0.284093,-0.381438,,,,1.719771,-0.460261,-0.353609,1.719771,-0.460261,-0.353609,-6.906963e-01,7.253711e-01,-4.545859e+00,1.837849,-0.628587,-0.319579,1.839441,-0.625459,-0.319376,0.359065,0.000011,0,b
31.320000,741,DS_interstep,4,7.236503e-01,-6.760128e-01,4.269344e+00,5.523918e-02,-1.225996e-01,2.980191e-01,realized,-1.199500e-01,8.638221e-01,-1.858149e+00,-0.029437,0.283836,-0.380736,,,,1.719725,-0.460299,-0.353590,1.719725,-0.460299,-0.353590,-7.180141e-01,6.661837e-01,-4.249018e+00,1.837798,-0.628632,-0.319562,1.839441,-0.625459,-0.319376,0.360468,0.000011,0,b
31.330000,742,DS_interstep,4,7.423099e-01,-6.182337e-01,3.984355e+00,9.595090e-02,-1.484827e-01,2.290190e-01,realized,-1.236308e-01,8.668183e-01,-1.877868e+00,-0.029170,0.283581,-0.380042,,,,1.719682,-0.460335,-0.353570,1.719682,-0.460335,-0.353570,-7.373910e-01,6.078950e-01,-3.962457e+00,1.837750,-0.628673,-0.319545,1.839441,-0.625459,-0.319376,0.361803,0.000010,0,b
31.340000,743,DS_interstep,4,7.538697e-01,-5.597757e-01,3.714155e+00,1.299746e-01,-1.677144e-01,1.690699e-01,realized,-1.273720e-01,8.695197e-01,-1.896228e+00,-0.028908,0.283327,-0.379354,,,,1.719642,-0.460368,-0.353551,1.719642,-0.460368,-0.353551,-7.495010e-01,5.489678e-01,-3.690797e+00,1.837704,-0.628711,-0.319526,1.839441,-0.625459,-0.319376,0.363091,0.000010,0,b
31.350000,744,DS_interstep,4,7.590447e-01,-4.997858e-01,3.461699e+00,1.573249e-01,-1.804308e-01,1.190025e-01,realized,-1.311409e-01,8.719188e-01,-1.913317e+00,-0.028649,0.283074,-0.378673,,,,1.719605,-0.460399,-0.353532,1.719605,-0.460399,-0.353532,-7.550707e-01,4.885314e-01,-3.436998e+00,1.837661,-0.628747,-0.319508,1.839441,-0.625459,-0.319376,0.364344,0.000009,0,b
31.360000,745,DS_interstep,4,7.585955e-01,-4.379819e-01,3.228635e+00,1.782685e-01,-1.870568e-01,7.898152e-02,realized,-1.349086e-01,8.740066e-01,-1.929235e+00,-0.028395,0.282822,-0.377997,,,,1.719571,-0.460426,-0.353514,1.719571,-0.460426,-0.353514,-7.548760e-01,4.262902e-01,-3.202711e+00,1.837621,-0.628779,-0.319488,1.839441,-0.625459,-0.319376,0.365569,0.000009,0,b
31.370000,746,DS_interstep,4,7.533044e-01,-3.745230e-01,3.015546e+00,1.932687e-01,-1.882229e-01,4.864644e-02,realized,-1.386503e-01,8.757748e-01,-1.944081e+00,-0.028145,0.282572,-0.377327,,,,1.719539,-0.460452,-0.353495,1.719539,-0.460452,-0.353495,-7.497172e-01,3.623934e-01,-2.988513e+00,1.837583,-0.628809,-0.319469,1.839441,-0.625459,-0.319376,0.366771,0.000008,0,b
31.380000,747,DS_interstep,4,7.439415e-01,-3.098861e-01,2.822132e+00,2.029270e-01,-1.846875e-01,2.724333e-02,realized,-1.423451e-01,8.772176e-01,-1.957953e+00,-0.027898,0.282322,-0.376662,,,,1.719510,-0.460475,-0.353478,1.719510,-0.460475,-0.353478,-7.403837e-01,2.973101e-01,-2.794099e+00,1.837547,-0.628837,-0.319449,1.839441,-0.625459,-0.319376,0.367950,0.000008,0,b
31.390000,748,DS_interstep,4,7.312319e-01,-2.447580e-01,2.647379e+00,2.079302e-01,-1.772733e-01,1.374438e-02,realized,-1.459760e-01,8.783323e-01,-1.970947e+00,-0.027656,0.282073,-0.376002,,,,1.719482,-0.460497,-0.353460,1.719482,-0.460497,-0.353460,-7.276195e-01,2.317218e-01,-2.618443e+00,1.837513,-0.628862,-0.319429,1.839441,-0.625459,-0.319376,0.369104,0.000008,0,b
31.400000,749,DS_interstep,4,7.158317e-01,-1.799434e-01,2.489726e+00,2.090025e-01,-1.668145e-01,6.955410e-03,realized,-1.495291e-01,8.791205e-01,-1.983148e+00,-0.027417,0.281825,-0.375347,,,,1.719458,-0.460516,-0.353443,1.719458,-0.460516,-0.353443,-7.120985e-01,1.664296e-01,-2.459970e+00,1.837481,-0.628886,-0.319408,1.839441,-0.625459,-0.319376,0.370231,0.000008,0,b
31.410000,750,DS_interstep,4,6.983155e-01,-1.162864e-01,2.347242e+00,2.068656e-01,-1.541167e-01,5.609918e-03,realized,-1.529935e-01,8.795879e-01,-1.994633e+00,-0.027182,0.281577,-0.374697,,,,1.719435,-0.460533,-0.353426,1.719435,-0.460533,-0.353426,-6.944110e-01,1.022766e-01,-2.316734e+00,1.837451,-0.628907,-0.319388,1.839441,-0.625459,-0.319376,0.371328,0.000007,0,b
31.420000,751,DS_interstep,4,6.791749e-01,-5.460416e-02,2.217807e+00,2.022077e-01,-1.399265e-01,8.448492e-03,realized,-1.563611e-01,8.797443e-01,-2.005466e+00,-0.026951,0.281330,-0.374050,,,,1.719413,-0.460549,-0.353410,1.719413,-0.460549,-0.353410,-6.750616e-01,4.008115e-02,-2.186598e+00,1.837423,-0.628927,-0.319367,1.839441,-0.625459,-0.319376,0.372393,0.000007,0,b
31.430000,752,DS_interstep,4,6.588245e-01,4.365474e-03,2.099275e+00,1.956597e-01,-1.249103e-01,1.428235e-02,realized,-1.596255e-01,8.796032e-01,-2.015702e+00,-0.026723,0.281083,-0.373408,,,,1.719394,-0.460563,-0.353394,1.719394,-0.460563,-0.353394,-6.544761e-01,-1.941528e-02,-2.067403e+00,1.837396,-0.628945,-0.319347,1.839441,-0.625459,-0.319376,0.373423,0.000007,0,b
31.440000,753,DS_interstep,4,6.376123e-01,6.000158e-02,1.989619e+00,1.877793e-01,-1.096404e-01,2.204053e-02,realized,-1.627825e-01,8.791813e-01,-2.025386e+00,-0.026498,0.280836,-0.372769,,,,1.719376,-0.460576,-0.353378,1.719376,-0.460576,-0.353378,-6.330109e-01,-7.558617e-02,-1.957109e+00,1.837371,-0.628962,-0.319327,1.839441,-0.625459,-0.319376,0.374415,0.000006,0,b
31.450000,754,DS_interstep,4,6.158292e-01,1.118216e-01,1.887030e+00,1.790429e-01,-9.458889e-02,3.080094e-02,realized,-1.658291e-01,8.784977e-01,-2.034554e+00,-0.026276,0.280590,-0.372134,,,,1.719360,-0.460587,-0.353363,1.719360,-0.460587,-0.353363,-6.109637e-01,-1.279420e-01,-1.853900e+00,1.837347,-0.628977,-0.319307,1.839441,-0.625459,-0.319376,0.375369,0.000006,0,b
31.460000,755,DS_interstep,4,5.937210e-01,1.594895e-01,1.789987e+00,1.698437e-01,-8.012797e-02,3.980456e-02,realized,-1.687636e-01,8.775731e-01,-2.043234e+00,-0.026058,0.280343,-0.371502,,,,1.719345,-0.460597,-0.353348,1.719345,-0.460597,-0.353348,-5.885853e-01,-1.761391e-01,-1.756247e+00,1.837325,-0.628991,-0.319288,1.839441,-0.625459,-0.319376,0.376283,0.000006,0,b
31.470000,756,DS_interstep,4,5.716132e-01,2.028558e-01,1.697466e+00,1.605407e-01,-6.656247e-02,4.839261e-02,realized,-1.715861e-01,8.764292e-01,-2.051447e+00,-0.025842,0.280096,-0.370874,,,,1.719332,-0.460606,-0.353334,1.719332,-0.460606,-0.353334,-5.662098e-01,-2.200198e-01,-1.663130e+00,1.837305,-0.629003,-0.319268,1.839441,-0.625459,-0.319376,0.377156,0.000006,0,b
31.480000,757,DS_interstep,4,5.498935e-01,2.419329e-01,1.608979e+00,1.514553e-01,-5.413178e-02,5.608042e-02,realized,-1.742986e-01,8.750874e-01,-2.059214e+00,-0.025629,0.279849,-0.370248,,,,1.719320,-0.460614,-0.353321,1.719320,-0.460614,-0.353321,-5.442343e-01,-2.595859e-01,-1.574069e+00,1.837286,-0.629014,-0.319250,1.839441,-0.625459,-0.319376,0.377989,0.000006,0,b
31.490000,758,DS_interstep,4,5.286833e-01,2.767643e-01,1.523902e+00,1.427496e-01,-4.294087e-02,6.263615e-02,realized,-1.769037e-01,8.735693e-01,-2.066553e+00,-0.025419,0.279602,-0.369625,,,,1.719309,-0.460621,-0.353308,1.719309,-0.460621,-0.353308,-5.227780e-01,-2.948769e-01,-1.488435e+00,1.837268,-0.629024,-0.319231,1.839441,-0.625459,-0.319376,0.378783,0.000005,0,b
31.500000,759,DS_interstep,4,5.079771e-01,3.074893e-01,1.441624e+00,1.344842e-01,-3.299702e-02,6.795903e-02,realized,-1.794039e-01,8.718956e-01,-2.073478e+00,-0.025211,0.279354,-0.369005,,,,1.719299,-0.460626,-0.353295,1.719299,-0.460626,-0.353295,-5.018332e-01,-3.260304e-01,-1.405613e+00,1.837251,-0.629033,-0.319214,1.839441,-0.625459,-0.319376,0.379538,0.000005,0,b
31.510000,760,DS_interstep,4,4.877583e-01,3.343154e-01,1.361752e+00,1.266780e-01,-2.425665e-02,7.204218e-02,realized,-1.818018e-01,8.700858e-01,-2.080000e+00,-0.025006,0.279105,-0.368387,,,,1.719290,-0.460631,-0.353283,1.719290,-0.460631,-0.353283,-4.813817e-01,-3.532509e-01,-1.325211e+00,1.837236,-0.629041,-0.319197,1.839441,-0.625459,-0.319376,0.380256,0.000005,0,b
31.520000,761,DS_interstep,4,4.680148e-01,3.574836e-01,1.284087e+00,1.193270e-01,-1.664531e-02,7.494297e-02,realized,-1.840997e-01,8.681584e-01,-2.086131e+00,-0.024803,0.278856,-0.367771,,,,1.719282,-0.460635,-0.353272,1.719282,-0.460635,-0.353272,-4.614103e-01,-3.767777e-01,-1.247033e+00,1.837222,-0.629048,-0.319180,1.839441,-0.625459,-0.319376,0.380937,0.000005,0,b
31.530000,762,DS_interstep,4,4.487405e-01,3.772464e-01,1.208578e+00,1.124133e-01,-1.007031e-02,7.675996e-02,realized,-1.863000e-01,8.661308e-01,-2.091882e+00,-0.024602,0.278606,-0.367158,,,,1.719276,-0.460638,-0.353261,1.719276,-0.460638,-0.353261,-4.419117e-01,-3.968627e-01,-1.171028e+00,1.837209,-0.629054,-0.319164,1.839441,-0.625459,-0.319376,0.381583,0.000005,0,b
31.540000,763,DS_interstep,4,4.299339e-01,3.938544e-01,1.135270e+00,1.059114e-01,-4.429682e-03,7.761552e-02,realized,-1.884050e-01,8.640187e-01,-2.097263e+00,-0.024404,0.278356,-0.366547,,,,1.719270,-0.460640,-0.353250,1.719270,-0.460640,-0.353250,-4.228839e-01,-4.137574e-01,-1.097244e+00,1.837198,-0.629059,-0.319149,1.839441,-0.625459,-0.319376,0.382196,0.000004,0,b
31.550000,764,DS_interstep,4,4.115971e-01,4.075501e-01,1.064269e+00,9.979236e-02,3.812863e-04,7.764292e-02,realized,-1.904172e-01,8.618370e-01,-2.102287e+00,-0.024208,0.278105,-0.365937,,,,1.719264,-0.460642,-0.353240,1.719264,-0.460642,-0.353240,-4.043283e-01,-4.277054e-01,-1.025788e+00,1.837187,-0.629063,-0.319134,1.839441,-0.625459,-0.319376,0.382777,0.000004,0,b
31.560000,765,DS_interstep,4,3.937339e-01,4.185640e-01,9.957077e-01,9.402618e-02,4.465430e-03,7.697697e-02,realized,-1.923388e-01,8.595993e-01,-2.106966e+00,-0.024013,0.277853,-0.365329,,,,1.719260,-0.460642,-0.353231,1.719260,-0.460642,-0.353231,-3.862487e-01,-4.389395e-01,-9.567931e-01,1.837177,-0.629066,-0.319120,1.839441,-0.625459,-0.319376,0.383328,0.000004,0,b
31.570000,766,DS_interstep,4,3.763484e-01,4.271139e-01,9.297232e-01,8.858354e-02,7.920503e-03,7.574753e-02,realized,-1.941724e-01,8.573180e-01,-2.111313e+00,-0.023821,0.277600,-0.364723,,,,1.719256,-0.460643,-0.353222,1.719256,-0.460643,-0.353222,-3.686491e-01,-4.476799e-01,-8.903967e-01,1.837169,-0.629069,-0.319106,1.839441,-0.625459,-0.319376,0.383850,0.000004,0,b
31.580000,767,DS_interstep,4,3.594437e-01,4.334044e-01,8.664378e-01,8.343667e-02,1.083708e-02,7.407518e-02,realized,-1.959203e-01,8.550045e-01,-2.115340e+00,-0.023631,0.277347,-0.364118,,,,1.719253,-0.460643,-0.353214,1.719253,-0.460643,-0.353214,-3.515328e-01,-4.541338e-01,-8.267214e-01,1.837161,-0.629071,-0.319094,1.839441,-0.625459,-0.319376,0.384344,0.000004,0,b
31.590000,768,DS_interstep,4,3.430210e-01,4.376274e-01,8.059484e-01,7.855986e-02,1.329731e-02,7.206853e-02,realized,-1.975849e-01,8.526694e-01,-2.119064e+00,-0.023442,0.277092,-0.363515,,,,1.719250,-0.460642,-0.353206,1.719250,-0.460642,-0.353206,-3.349009e-01,-4.584956e-01,-7.658635e-01,1.837154,-0.629072,-0.319082,1.839441,-0.625459,-0.319376,0.384813,0.000004,0,b
31.600000,769,DS_interstep,4,3.270788e-01,4.399620e-01,7.483188e-01,7.392964e-02,1.537424e-02,6.982289e-02,realized,-1.991688e-01,8.503221e-01,-2.122497e+00,-0.023255,0.276837,-0.362913,,,,1.719248,-0.460641,-0.353198,1.719248,-0.460641,-0.353198,-3.187521e-01,-4.609472e-01,-7.078862e-01,1.837148,-0.629073,-0.319070,1.839441,-0.625459,-0.319376,0.385256,0.000003,0,b
31.610000,770,DS_interstep,4,3.116125e-01,4.405753e-01,6.935770e-01,6.952485e-02,1.713168e-02,6.741980e-02,realized,-2.006742e-01,8.479713e-01,-2.125655e+00,-0.023069,0.276581,-0.362312,,,,1.719246,-0.460639,-0.353192,1.719246,-0.460639,-0.353192,-3.030821e-01,-4.616582e-01,-6.528166e-01,1.837142,-0.629073,-0.319059,1.839441,-0.625459,-0.319376,0.385677,0.000003,0,b
31.620000,771,DS_interstep,4,2.966146e-01,4.396228e-01,6.417158e-01,6.532657e-02,1.862435e-02,6.492724e-02,realized,-2.021035e-01,8.456251e-01,-2.128552e+00,-0.022885,0.276324,-0.361712,,,,1.719245,-0.460637,-0.353185,1.719245,-0.460637,-0.353185,-2.878835e-01,-4.607863e-01,-6.006464e-01,1.837137,-0.629073,-0.319049,1.839441,-0.625459,-0.319376,0.386075,0.000003,0,b
31.630000,772,DS_interstep,4,2.820750e-01,4.372486e-01,5.926947e-01,6.131807e-02,1.989832e-02,6.240040e-02,realized,-2.034591e-01,8.432905e-01,-2.131202e+00,-0.022703,0.276067,-0.361113,,,,1.719244,-0.460635,-0.353179,1.719244,-0.460635,-0.353179,-2.731463e-01,-4.584776e-01,-5.513341e-01,1.837133,-0.629072,-0.319040,1.839441,-0.625459,-0.319376,0.386453,0.000003,0,b
31.640000,773,DS_interstep,4,2.679814e-01,4.335859e-01,5.464444e-01,5.748466e-02,2.099158e-02,5.988265e-02,realized,-2.047431e-01,8.409740e-01,-2.133620e+00,-0.022521,0.275808,-0.360515,,,,1.719244,-0.460632,-0.353174,1.719244,-0.460632,-0.353174,-2.588583e-01,-4.548672e-01,-5.048090e-01,1.837129,-0.629071,-0.319031,1.839441,-0.625459,-0.319376,0.386810,0.000003,0,b
31.650000,774,DS_interstep,4,2.543196e-01,4.287576e-01,5.028714e-01,5.381359e-02,2.193478e-02,5.740680e-02,realized,-2.059579e-01,8.386816e-01,-2.135818e+00,-0.022341,0.275549,-0.359919,,,,1.719244,-0.460629,-0.353169,1.719244,-0.460629,-0.353169,-2.450053e-01,-4.500795e-01,-4.609764e-01,1.837125,-0.629070,-0.319022,1.839441,-0.625459,-0.319376,0.387149,0.000003,0,b
31.660000,775,DS_interstep,4,2.410746e-01,4.228768e-01,4.618631e-01,5.029385e-02,2.275206e-02,5.499638e-02,realized,-2.071054e-01,8.364186e-01,-2.137810e+00,-0.022163,0.275289,-0.359322,,,,1.719244,-0.460626,-0.353164,1.719244,-0.460626,-0.353164,-2.315722e-01,-4.442291e-01,-4.197225e-01,1.837123,-0.629068,-0.319014,1.839441,-0.625459,-0.319376,0.387469,0.000003,0,b
31.670000,776,DS_interstep,4,2.282307e-01,4.160473e-01,4.232933e-01,4.691606e-02,2.346181e-02,5.266702e-02,realized,-2.081877e-01,8.341898e-01,-2.139607e+00,-0.021985,0.275028,-0.358727,,,,1.719244,-0.460623,-0.353160,1.719244,-0.460623,-0.353160,-2.185434e-01,-4.374209e-01,-3.809198e-01,1.837120,-0.629066,-0.319007,1.839441,-0.625459,-0.319376,0.387773,0.000002,0,b
31.680000,777,DS_interstep,4,2.157723e-01,4.083645e-01,3.870269e-01,4.367232e-02,2.407759e-02,5.042775e-02,realized,-2.092068e-01,8.319994e-01,-2.141222e+00,-0.021809,0.274767,-0.358132,,,,1.719245,-0.460619,-0.353156,1.719245,-0.460619,-0.353156,-2.059031e-01,-4.297513e-01,-3.444321e-01,1.837118,-0.629063,-0.319001,1.839441,-0.625459,-0.319376,0.388059,0.000002,0,b
31.690000,778,DS_interstep,4,2.036841e-01,3.999160e-01,3.529242e-01,4.055595e-02,2.460889e-02,4.828223e-02,realized,-2.101645e-01,8.298513e-01,-2.142666e+00,-0.021634,0.274504,-0.357538,,,,1.719246,-0.460615,-0.353153,1.719246,-0.460615,-0.353153,-1.936360e-01,-4.213086e-01,-3.101187e-01,1.837117,-0.629060,-0.318995,1.839441,-0.625459,-0.319376,0.388330,0.000002,0,b
31.700000,779,DS_interstep,4,1.919517e-01,3.907821e-01,3.208447e-01,3.756145e-02,2.506193e-02,4.622994e-02,realized,-2.110626e-01,8.277490e-01,-2.143948e+00,-0.021459,0.274241,-0.356944,,,,1.719247,-0.460611,-0.353150,1.719247,-0.460611,-0.353150,-1.817276e-01,-4.121739e-01,-2.778380e-01,1.837115,-0.629057,-0.318989,1.839441,-0.625459,-0.319376,0.388586,0.000002,0,b
31.710000,780,DS_interstep,4,1.805619e-01,3.810370e-01,2.906506e-01,3.468421e-02,2.544039e-02,4.426719e-02,realized,-2.119028e-01,8.256955e-01,-2.145078e+00,-0.021286,0.273977,-0.356351,,,,1.719248,-0.460607,-0.353147,1.719248,-0.460607,-0.353147,-1.701646e-01,-4.024219e-01,-2.474514e-01,1.837114,-0.629054,-0.318984,1.839441,-0.625459,-0.319376,0.388827,0.000002,0,b
31.720000,781,DS_interstep,4,1.695025e-01,3.707491e-01,2.622090e-01,3.192043e-02,2.574605e-02,4.238805e-02,realized,-2.126869e-01,8.236937e-01,-2.146065e+00,-0.021113,0.273713,-0.355759,,,,1.719249,-0.460602,-0.353145,1.719249,-0.460602,-0.353145,-1.589348e-01,-3.921213e-01,-2.188252e-01,1.837113,-0.629050,-0.318979,1.839441,-0.625459,-0.319376,0.389054,0.000002,0,b
31.730000,782,DS_interstep,4,1.587629e-01,3.599815e-01,2.353937e-01,2.926694e-02,2.597939e-02,4.058518e-02,realized,-2.134164e-01,8.217459e-01,-2.146917e+00,-0.020942,0.273448,-0.355167,,,,1.719251,-0.460598,-0.353143,1.719251,-0.460598,-0.353143,-1.480273e-01,-3.813358e-01,-1.918326e-01,1.837113,-0.629046,-0.318975,1.839441,-0.625459,-0.319376,0.389267,0.000002,0,b
31.740000,783,DS_interstep,4,1.483336e-01,3.487933e-01,2.100872e-01,2.672107e-02,2.614009e-02,3.885046e-02,realized,-2.140928e-01,8.198542e-01,-2.147641e+00,-0.020771,0.273182,-0.354575,,,,1.719252,-0.460593,-0.353142,1.719252,-0.460593,-0.353142,-1.374330e-01,-3.701245e-01,-1.663554e-01,1.837113,-0.629043,-0.318972,1.839441,-0.625459,-0.319376,0.389466,0.000002,0,b
31.750000,784,DS_interstep,4,1.382069e-01,3.372392e-01,1.861811e-01,2.428051e-02,2.622745e-02,3.717561e-02,realized,-2.147178e-01,8.180206e-01,-2.148245e+00,-0.020601,0.272915,-0.353983,,,,1.719254,-0.460588,-0.353140,1.719254,-0.460588,-0.353140,-1.271436e-01,-3.585427e-01,-1.422849e-01,1.837112,-0.629038,-0.318969,1.839441,-0.625459,-0.319376,0.389653,0.000002,0,b
31.760000,785,DS_interstep,4,1.283758e-01,3.253709e-01,1.635769e-01,2.194322e-02,2.624076e-02,3.555258e-02,realized,-2.152928e-01,8.162465e-01,-2.148735e+00,-0.020431,0.272648,-0.353392,,,,1.719255,-0.460584,-0.353139,1.719255,-0.460584,-0.353139,-1.171526e-01,-3.466421e-01,-1.195221e-01,1.837113,-0.629034,-0.318966,1.839441,-0.625459,-0.319376,0.389827,0.000001,0,b
31.770000,786,DS_interstep,4,1.188351e-01,3.132367e-01,1.421856e-01,1.970730e-02,2.617956e-02,3.397393e-02,realized,-2.158193e-01,8.145334e-01,-2.149118e+00,-0.020262,0.272381,-0.352801,,,,1.719257,-0.460579,-0.353139,1.719257,-0.460579,-0.353139,-1.074544e-01,-3.344713e-01,-9.797774e-02,1.837113,-0.629030,-0.318964,1.839441,-0.625459,-0.319376,0.389989,0.000001,0,b
31.780000,787,DS_interstep,4,1.095802e-01,3.008824e-01,1.219285e-01,1.757097e-02,2.604384e-02,3.243308e-02,realized,-2.162987e-01,8.128823e-01,-2.149398e+00,-0.020094,0.272112,-0.352211,,,,1.719259,-0.460574,-0.353138,1.719259,-0.460574,-0.353138,-9.804470e-02,-3.220761e-01,-7.757270e-02,1.837113,-0.629025,-0.318962,1.839441,-0.625459,-0.319376,0.390139,0.000001,0,b
31.790000,788,DS_interstep,4,1.006077e-01,2.883514e-01,1.027356e-01,1.553246e-02,2.583422e-02,3.092446e-02,realized,-2.167325e-01,8.112942e-01,-2.149582e+00,-0.019926,0.271843,-0.351620,,,,1.719260,-0.460569,-0.353138,1.719260,-0.460569,-0.353138,-8.891995e-02,-3.095004e-01,-5.823704e-02,1.837114,-0.629021,-0.318960,1.839441,-0.625459,-0.319376,0.390277,0.000001,0,b
31.800000,789,DS_interstep,4,9.191477e-02,2.756848e-01,8.454602e-02,1.358995e-02,2.555201e-02,2.944361e-02,realized,-2.171220e-01,8.097698e-01,-2.149674e+00,-0.019759,0.271574,-0.351030,,,,1.719262,-0.460564,-0.353138,1.719262,-0.460564,-0.353138,-8.007751e-02,-2.967853e-01,-3.990964e-02,1.837114,-0.629016,-0.318959,1.839441,-0.625459,-0.319376,0.390405,0.000001,0,b
31.810000,790,DS_interstep,4,8.349940e-02,2.629220e-01,6.730686e-02,1.174159e-02,2.519924e-02,2.798724e-02,realized,-2.174688e-01,8.083095e-01,-2.149679e+00,-0.019592,0.271304,-0.350439,,,,1.719264,-0.460559,-0.353138,1.719264,-0.460559,-0.353138,-7.151533e-02,-2.839705e-01,-2.253745e-02,1.837115,-0.629011,-0.318958,1.839441,-0.625459,-0.319376,0.390521,0.000001,0,b
31.820000,791,DS_interstep,4,7.536000e-02,2.501005e-01,5.097239e-02,9.985440e-03,2.477872e-02,2.655315e-02,realized,-2.177740e-01,8.069136e-01,-2.149602e+00,-0.019425,0.271034,-0.349849,,,,1.719265,-0.460554,-0.353139,1.719265,-0.460554,-0.353139,-6.323190e-02,-2.710936e-01,-6.074739e-03,1.837116,-0.629007,-0.318958,1.839441,-0.625459,-0.319376,0.390627,0.000001,0,b
31.830000,792,DS_interstep,4,6.749532e-02,2.372561e-01,3.550335e-02,8.319439e-03,2.429391e-02,2.514023e-02,realized,-2.180393e-01,8.055824e-01,-2.149447e+00,-0.019259,0.270763,-0.349259,,,,1.719267,-0.460549,-0.353139,1.719267,-0.460549,-0.353139,-5.522607e-02,-2.581907e-01,9.517815e-03,1.837116,-0.629002,-0.318958,1.839441,-0.625459,-0.319376,0.390724,0.000001,0,b
31.840000,793,DS_interstep,4,5.990439e-02,2.244230e-01,2.086605e-02,6.741438e-03,2.374895e-02,2.374834e-02,realized,-2.182658e-01,8.043157e-01,-2.149218e+00,-0.019094,0.270492,-0.348669,,,,1.719269,-0.460544,-0.353140,1.719269,-0.460544,-0.353140,-4.749693e-02,-2.452963e-01,2.427392e-02,1.837117,-0.628997,-0.318958,1.839441,-0.625459,-0.319376,0.390810,0.000001,0,b
31.850000,794,DS_interstep,4,5.258638e-02,2.116340e-01,7.031551e-03,5.249181e-03,2.314851e-02,2.237817e-02,realized,-2.184551e-01,8.031133e-01,-2.148919e+00,-0.018928,0.270220,-0.348079,,,,1.719270,-0.460539,-0.353141,1.719270,-0.460539,-0.353141,-4.004372e-02,-2.324434e-01,3.822253e-02,1.837118,-0.628992,-0.318958,1.839441,-0.625459,-0.319376,0.390887,0.000001,0,b
31.860000,795,DS_interstep,4,4.554048e-02,1.989203e-01,-6.025153e-03,3.840318e-03,2.249773e-02,2.103117e-02,realized,-2.186085e-01,8.019748e-01,-2.148555e+00,-0.018763,0.269948,-0.347489,,,,1.719272,-0.460534,-0.353142,1.719272,-0.460534,-0.353142,-3.286575e-02,-2.196634e-01,5.138864e-02,1.837119,-0.628988,-0.318959,1.839441,-0.625459,-0.319376,0.390956,0.000001,0,b
31.870000,796,DS_interstep,4,3.876587e-02,1.863116e-01,-1.832587e-02,2.512413e-03,2.180209e-02,1.970932e-02,realized,-2.187274e-01,8.008998e-01,-2.148129e+00,-0.018598,0.269676,-0.346899,,,,1.719273,-0.460529,-0.353144,1.719273,-0.460529,-0.353144,-2.596225e-02,-2.069864e-01,6.379408e-02,1.837120,-0.628983,-0.318960,1.839441,-0.625459,-0.319376,0.391016,0.000001,0,b
31.880000,797,DS_interstep,4,3.226160e-02,1.738362e-01,-2.988993e-02,1.262964e-03,2.106733e-02,1.841508e-02,realized,-2.188131e-01,7.998876e-01,-2.147644e+00,-0.018433,0.269403,-0.346309,,,,1.719275,-0.460525,-0.353145,1.719275,-0.460525,-0.353145,-1.933237e-02,-1.944408e-01,7.545816e-02,1.837121,-0.628978,-0.318961,1.839441,-0.625459,-0.319376,0.391068,0.000001,0,b
31.890000,798,DS_interstep,4,2.602657e-02,1.615209e-01,-4.073477e-02,8.941555e-05,2.029930e-02,1.715118e-02,realized,-2.188671e-01,7.989374e-01,-2.147105e+00,-0.018268,0.269130,-0.345719,,,,1.719276,-0.460520,-0.353147,1.719276,-0.460520,-0.353147,-1.297509e-02,-1.820539e-01,8.639835e-02,1.837122,-0.628973,-0.318962,1.839441,-0.625459,-0.319376,0.391112,0.000001,0,b
31.900000,799,DS_interstep,4,2.005948e-02,1.493910e-01,-5.087654e-02,-1.010820e-03,1.950392e-02,1.592054e-02,realized,-2.188906e-01,7.980482e-01,-2.146514e+00,-0.018104,0.268857,-0.345129,,,,1.719278,-0.460515,-0.353148,1.719278,-0.460515,-0.353148,-6.889180e-03,-1.698510e-01,9.663078e-02,1.837123,-0.628969,-0.318964,1.839441,-0.625459,-0.319376,0.391149,0.000001,0,b
31.910000,800,DS_interstep,4,1.435877e-02,1.374702e-01,-6.033055e-02,-2.040348e-03,1.868701e-02,1.472610e-02,realized,-2.188850e-01,7.972190e-01,-2.145876e+00,-0.017940,0.268583,-0.344538,,,,1.719279,-0.460511,-0.353150,1.719279,-0.460511,-0.353150,-1.073156e-03,-1.578563e-01,1.061708e-01,1.837124,-0.628964,-0.318966,1.839441,-0.625459,-0.319376,0.391180,0.000001,0,b
31.920000,801,DS_interstep,4,8.922609e-03,1.257808e-01,-6.911171e-02,-3.001771e-03,1.785426e-02,1.357073e-02,realized,-2.188517e-01,7.964487e-01,-2.145193e+00,-0.017775,0.268309,-0.343948,,,,1.719280,-0.460506,-0.353152,1.719280,-0.460506,-0.353152,4.474743e-03,-1.460923e-01,1.150334e-01,1.837125,-0.628959,-0.318968,1.839441,-0.625459,-0.319376,0.391204,0.000001,0,b
31.930000,802,DS_interstep,4,3.748884e-03,1.143434e-01,-7.723484e-02,-3.897676e-03,1.701112e-02,1.245715e-02,realized,-2.187919e-01,7.957360e-01,-2.144470e+00,-0.017611,0.268035,-0.343358,,,,1.719281,-0.460502,-0.353154,1.719281,-0.460502,-0.353154,9.756570e-03,-1.345798e-01,1.232333e-01,1.837126,-0.628955,-0.318970,1.839441,-0.625459,-0.319376,0.391223,0.000001,0,b
31.940000,803,DS_interstep,4,-1.164828e-03,1.031771e-01,-8.471496e-02,-4.730617e-03,1.616275e-02,1.138782e-02,realized,-2.187071e-01,7.950796e-01,-2.143709e+00,-0.017447,0.267761,-0.342767,,,,1.719282,-0.460498,-0.353156,1.719282,-0.460498,-0.353156,1.477469e-02,-1.233383e-01,1.307858e-01,1.837127,-0.628950,-0.318972,1.839441,-0.625459,-0.319376,0.391236,0.000001,0,b
31.950000,804,DS_interstep,4,-5.821258e-03,9.229944e-02,-9.156751e-02,-5.503105e-03,1.531398e-02,1.036489e-02,realized,-2.185985e-01,7.944779e-01,-2.142913e+00,-0.017283,0.267487,-0.342176,,,,1.719283,-0.460493,-0.353158,1.719283,-0.460493,-0.353158,1.953179e-02,-1.123855e-01,1.377061e-01,1.837128,-0.628946,-0.318974,1.839441,-0.625459,-0.319376,0.391244,0.000001,0,b
31.960000,805,DS_interstep,4,-1.022345e-02,8.172626e-02,-9.780849e-02,-6.217593e-03,1.446923e-02,9.390168e-03,realized,-2.184675e-01,7.939295e-01,-2.142086e+00,-0.017118,0.267212,-0.341585,,,,1.719284,-0.460489,-0.353161,1.719284,-0.460489,-0.353161,2.403088e-02,-1.017374e-01,1.440106e-01,1.837129,-0.628942,-0.318977,1.839441,-0.625459,-0.319376,0.391247,0.000001,0,b
31.970000,806,DS_interstep,4,-1.437475e-02,7.147187e-02,-1.034545e-01,-6.876472e-03,1.363254e-02,8.465041e-03,realized,-2.183152e-01,7.934328e-01,-2.141230e+00,-0.016954,0.266938,-0.340994,,,,1.719285,-0.460485,-0.353163,1.719285,-0.460485,-0.353163,2.827527e-02,-9.140860e-02,1.497158e-01,1.837130,-0.628937,-0.318980,1.839441,-0.625459,-0.319376,0.391247,0.000001,0,b
31.980000,807,DS_interstep,4,-1.827883e-02,6.154893e-02,-1.085230e-01,-7.482060e-03,1.280751e-02,7.590497e-03,realized,-2.181429e-01,7.929860e-01,-2.140349e+00,-0.016790,0.266663,-0.340403,,,,1.719286,-0.460481,-0.353165,1.719286,-0.460481,-0.353165,3.226859e-02,-8.141199e-02,1.548392e-01,1.837131,-0.628933,-0.318982,1.839441,-0.625459,-0.319376,0.391242,0.000001,0,b
31.990000,808,DS_interstep,4,-2.193964e-02,5.196854e-02,-1.130321e-01,-8.036600e-03,1.199730e-02,6.767096e-03,realized,-2.179519e-01,7.925876e-01,-2.139445e+00,-0.016626,0.266388,-0.339812,,,,1.719287,-0.460478,-0.353168,1.719287,-0.460478,-0.353168,3.601479e-02,-7.175884e-02,1.593991e-01,1.837132,-0.628929,-0.318985,1.839441,-0.625459,-0.319376,0.391235,0.000001,0,b
32.000000,809,DS_interstep,4,-2.536142e-02,4.274024e-02,-1.170005e-01,-8.542254e-03,1.120464e-02,5.994981e-03,realized,-2.177435e-01,7.922357e-01,-2.138521e+00,-0.016461,0.266113,-0.339220,,,,1.719288,-0.460474,-0.353170,1.719288,-0.460474,-0.353170,3.951809e-02,-6.245885e-02,1.634144e-01,1.837132,-0.628925,-0.318988,1.839441,-0.625459,-0.319376,0.391224,0.000000,0,b
32.010000,810,DS_interstep,4,-2.854867e-02,3.387200e-02,-1.204477e-01,-9.001105e-03,1.043187e-02,5.273891e-03,realized,-2.175187e-01,7.919285e-01,-2.137580e+00,-0.016297,0.265838,-0.338628,,,,1.719288,-0.460471,-0.353172,1.719288,-0.460471,-0.353172,4.278302e-02,-5.352019e-02,1.669046e-01,1.837133,-0.628922,-0.318991,1.839441,-0.625459,-0.319376,0.391210,0.000000,0,b
32.020000,811,DS_interstep,4,-3.150619e-02,2.537032e-02,-1.233939e-01,-9.415153e-03,9.680888e-03,4.603186e-03,realized,-2.172787e-01,7.916642e-01,-2.136623e+00,-0.016132,0.265563,-0.338036,,,,1.719289,-0.460467,-0.353175,1.719289,-0.460467,-0.353175,4.581434e-02,-4.494948e-02,1.698901e-01,1.837134,-0.628918,-0.318994,1.839441,-0.625459,-0.319376,0.391194,0.000000,0,b
32.030000,812,DS_interstep,4,-3.423897e-02,1.724023e-02,-1.258596e-01,-9.786318e-03,8.953248e-03,3.981871e-03,realized,-2.170248e-01,7.914408e-01,-2.135655e+00,-0.015967,0.265288,-0.337444,,,,1.719290,-0.460464,-0.353177,1.719290,-0.460464,-0.353177,4.861709e-02,-3.675191e-02,1.723914e-01,1.837135,-0.628914,-0.318997,1.839441,-0.625459,-0.319376,0.391175,0.000000,0,b
32.040000,813,DS_interstep,4,-3.675226e-02,9.485353e-03,-1.278658e-01,-1.011644e-02,8.250144e-03,3.408638e-03,realized,-2.167580e-01,7.912566e-01,-2.134676e+00,-0.015802,0.265012,-0.336852,,,,1.719290,-0.460461,-0.353180,1.719290,-0.460461,-0.353180,5.119653e-02,-2.893120e-02,1.744297e-01,1.837135,-0.628911,-0.319000,1.839441,-0.625459,-0.319376,0.391155,0.000000,0,b
32.050000,814,DS_interstep,4,-3.905152e-02,2.107955e-03,-1.294339e-01,-1.040730e-02,7.572452e-03,2.881900e-03,realized,-2.164793e-01,7.911096e-01,-2.133689e+00,-0.015637,0.264737,-0.336259,,,,1.719290,-0.460458,-0.353182,1.719290,-0.460458,-0.353182,5.355815e-02,-2.148973e-02,1.760266e-01,1.837136,-0.628908,-0.319003,1.839441,-0.625459,-0.319376,0.391133,0.000000,0,b
32.060000,815,DS_interstep,4,-4.114239e-02,-4.890988e-03,-1.305854e-01,-1.066059e-02,6.920766e-03,2.399833e-03,realized,-2.161900e-01,7.909979e-01,-2.132696e+00,-0.015472,0.264462,-0.335667,,,,1.719291,-0.460455,-0.353184,1.719291,-0.460455,-0.353184,5.570762e-02,-1.442858e-02,1.772036e-01,1.837136,-0.628904,-0.319006,1.839441,-0.625459,-0.319376,0.391110,0.000000,0,b
32.070000,816,DS_interstep,4,-4.303068e-02,-1.151173e-02,-1.313419e-01,-1.087794e-02,6.295428e-03,1.960420e-03,realized,-2.158909e-01,7.909196e-01,-2.131700e+00,-0.015307,0.264187,-0.335074,,,,1.719291,-0.460452,-0.353187,1.719291,-0.460452,-0.353187,5.765081e-02,-7.747576e-03,1.779825e-01,1.837137,-0.628901,-0.319009,1.839441,-0.625459,-0.319376,0.391085,0.000000,0,b
32.080000,817,DS_interstep,4,-4.472237e-02,-1.775568e-02,-1.317249e-01,-1.106092e-02,5.696562e-03,1.561491e-03,realized,-2.155832e-01,7.908728e-01,-2.130701e+00,-0.015141,0.263912,-0.334481,,,,1.719291,-0.460449,-0.353189,1.719291,-0.460449,-0.353189,5.939374e-02,-1.445367e-03,1.783850e-01,1.837137,-0.628898,-0.319012,1.839441,-0.625459,-0.319376,0.391060,0.000000,0,b
32.090000,818,DS_interstep,4,-4.622358e-02,-2.362533e-02,-1.317559e-01,-1.121106e-02,5.124107e-03,1.200763e-03,realized,-2.152677e-01,7.908557e-01,-2.129703e+00,-0.014976,0.263637,-0.333888,,,,1.719292,-0.460447,-0.353191,1.719292,-0.460447,-0.353191,6.094258e-02,4.480487e-03,1.784327e-01,1.837138,-0.628896,-0.319015,1.839441,-0.625459,-0.319376,0.391033,0.000000,0,b
32.100000,819,DS_interstep,4,-4.754053e-02,-2.912422e-02,-1.314563e-01,-1.132981e-02,4.577848e-03,8.758812e-04,realized,-2.149454e-01,7.908663e-01,-2.128705e+00,-0.014810,0.263363,-0.333295,,,,1.719292,-0.460444,-0.353194,1.719292,-0.460444,-0.353194,6.230362e-02,1.003346e-02,1.781470e-01,1.837138,-0.628893,-0.319018,1.839441,-0.625459,-0.319376,0.391006,0.000000,0,b
32.110000,820,DS_interstep,4,-4.867957e-02,-3.425680e-02,-1.308469e-01,-1.141860e-02,4.057443e-03,5.844553e-04,realized,-2.146173e-01,7.909029e-01,-2.127711e+00,-0.014644,0.263088,-0.332701,,,,1.719292,-0.460442,-0.353196,1.719292,-0.460442,-0.353196,6.348326e-02,1.521798e-02,1.775490e-01,1.837138,-0.628890,-0.319020,1.839441,-0.625459,-0.319376,0.390979,0.000000,0,b
32.120000,821,DS_interstep,4,-4.964711e-02,-3.902841e-02,-1.299482e-01,-1.147881e-02,3.562452e-03,3.240900e-04,realized,-2.142841e-01,7.909635e-01,-2.126722e+00,-0.014477,0.262813,-0.332107,,,,1.719292,-0.460440,-0.353198,1.719292,-0.460440,-0.353198,6.448800e-02,2.003934e-02,1.766594e-01,1.837139,-0.628888,-0.319023,1.839441,-0.625459,-0.319376,0.390951,0.000000,0,b
32.130000,822,DS_interstep,4,-5.044964e-02,-4.344517e-02,-1.287805e-01,-1.151177e-02,3.092358e-03,9.241604e-05,realized,-2.139468e-01,7.910465e-01,-2.125738e+00,-0.014311,0.262539,-0.331514,,,,1.719292,-0.460438,-0.353200,1.719292,-0.460438,-0.353200,6.532441e-02,2.450367e-02,1.754983e-01,1.837139,-0.628886,-0.319026,1.839441,-0.625459,-0.319376,0.390922,0.000000,0,b
32.140000,823,DS_interstep,4,-5.109370e-02,-4.751395e-02,-1.273632e-01,-1.151880e-02,2.646588e-03,-1.128841e-04,realized,-2.136061e-01,7.911500e-01,-2.124761e+00,-0.014144,0.262264,-0.330920,,,,1.719292,-0.460436,-0.353202,1.719292,-0.460436,-0.353202,6.599910e-02,2.861781e-02,1.740856e-01,1.837139,-0.628883,-0.319029,1.839441,-0.625459,-0.319376,0.390894,0.000000,0,b
32.150000,824,DS_interstep,4,-5.158586e-02,-5.124225e-02,-1.257155e-01,-1.150117e-02,2.224532e-03,-2.940547e-04,realized,-2.132628e-01,7.912724e-01,-2.123793e+00,-0.013977,0.261990,-0.330326,,,,1.719292,-0.460434,-0.353204,1.719292,-0.460434,-0.353204,6.651872e-02,3.238928e-02,1.724402e-01,1.837139,-0.628881,-0.319032,1.839441,-0.625459,-0.319376,0.390865,0.000000,0,b
32.160000,825,DS_interstep,4,-5.193273e-02,-5.463817e-02,-1.238556e-01,-1.146013e-02,1.825557e-03,-4.532488e-04,realized,-2.129177e-01,7.914120e-01,-2.122834e+00,-0.013810,0.261716,-0.329731,,,,1.719292,-0.460432,-0.353206,1.719292,-0.460432,-0.353206,6.688997e-02,3.582616e-02,1.705809e-01,1.837140,-0.628879,-0.319034,1.839441,-0.625459,-0.319376,0.390837,0.000000,0,b
32.170000,826,DS_interstep,4,-5.214089e-02,-5.771035e-02,-1.218014e-01,-1.139693e-02,1.449019e-03,-5.925140e-04,realized,-2.125715e-01,7.915671e-01,-2.121885e+00,-0.013643,0.261442,-0.329137,,,,1.719292,-0.460431,-0.353208,1.719292,-0.460431,-0.353208,6.711953e-02,3.893710e-02,1.685254e-01,1.837140,-0.628877,-0.319037,1.839441,-0.625459,-0.319376,0.390808,0.000000,0,b
32.180000,827,DS_interstep,4,-5.221693e-02,-6.046785e-02,-1.195700e-01,-1.131276e-02,1.094271e-03,-7.137818e-04,realized,-2.122248e-01,7.917361e-01,-2.120947e+00,-0.013476,0.261168,-0.328542,,,,1.719292,-0.460429,-0.353210,1.719292,-0.460429,-0.353210,6.721409e-02,4.173119e-02,1.662910e-01,1.837140,-0.628876,-0.319040,1.839441,-0.625459,-0.319376,0.390780,0.000000,0,b
32.190000,828,DS_interstep,4,-5.216743e-02,-6.292015e-02,-1.171779e-01,-1.120882e-02,7.606708e-04,-8.188603e-04,realized,-2.118783e-01,7.919176e-01,-2.120022e+00,-0.013308,0.260894,-0.327948,,,,1.719292,-0.460428,-0.353212,1.719292,-0.460428,-0.353212,6.718029e-02,4.421793e-02,1.638943e-01,1.837140,-0.628874,-0.319042,1.839441,-0.625459,-0.319376,0.390752,0.000000,0,b
32.200000,829,DS_interstep,4,-5.199890e-02,-6.507706e-02,-1.146407e-01,-1.108627e-02,4.475887e-04,-9.094302e-04,realized,-2.115326e-01,7.921101e-01,-2.119109e+00,-0.013140,0.260620,-0.327353,,,,1.719292,-0.460427,-0.353214,1.719292,-0.460427,-0.353214,6.702476e-02,4.640717e-02,1.613511e-01,1.837140,-0.628872,-0.319044,1.839441,-0.625459,-0.319376,0.390724,0.000000,0,b
32.210000,830,DS_interstep,4,-5.171782e-02,-6.694871e-02,-1.119737e-01,-1.094627e-02,1.544058e-04,-9.870427e-04,realized,-2.111883e-01,7.923120e-01,-2.118210e+00,-0.012972,0.260347,-0.326758,,,,1.719292,-0.460425,-0.353215,1.719292,-0.460425,-0.353215,6.675409e-02,4.830902e-02,1.586766e-01,1.837140,-0.628871,-0.319047,1.839441,-0.625459,-0.319376,0.390696,0.000000,0,b
32.220000,831,DS_interstep,4,-5.133060e-02,-6.854541e-02,-1.091912e-01,-1.078995e-02,-1.194816e-04,-1.053121e-03,realized,-2.108458e-01,7.925221e-01,-2.117324e+00,-0.012804,0.260074,-0.326163,,,,1.719292,-0.460424,-0.353217,1.719292,-0.460424,-0.353217,6.637477e-02,4.993388e-02,1.558854e-01,1.837140,-0.628870,-0.319049,1.839441,-0.625459,-0.319376,0.390669,0.000000,0,b
32.230000,832,DS_interstep,4,-5.084358e-02,-6.987770e-02,-1.063070e-01,-1.061844e-02,-3.746623e-04,-1.108961e-03,realized,-2.105058e-01,7.927389e-01,-2.116454e+00,-0.012636,0.259800,-0.325568,,,,1.719292,-0.460423,-0.353219,1.719292,-0.460423,-0.353219,6.589326e-02,5.129230e-02,1.529912e-01,1.837140,-0.628869,-0.319051,1.839441,-0.625459,-0.319376,0.390642,0.000000,0,b
32.240000,833,DS_interstep,4,-5.026302e-02,-7.095624e-02,-1.033342e-01,-1.043282e-02,-6.117114e-04,-1.155739e-03,realized,-2.101687e-01,7.929612e-01,-2.115598e+00,-0.012467,0.259527,-0.324973,,,,1.719292,-0.460423,-0.353220,1.719292,-0.460423,-0.353220,6.531590e-02,5.239500e-02,1.500074e-01,1.837140,-0.628867,-0.319053,1.839441,-0.625459,-0.319376,0.390615,0.000000,0,b
32.250000,834,DS_interstep,4,-4.959507e-02,-7.179181e-02,-1.002853e-01,-1.023419e-02,-8.311912e-04,-1.194515e-03,realized,-2.098350e-01,7.931878e-01,-2.114757e+00,-0.012299,0.259255,-0.324377,,,,1.719291,-0.460422,-0.353222,1.719291,-0.460422,-0.353222,6.464896e-02,5.325278e-02,1.469463e-01,1.837140,-0.628866,-0.319055,1.839441,-0.625459,-0.319376,0.390589,0.000000,0,b
32.260000,835,DS_interstep,4,-4.884578e-02,-7.239524e-02,-9.717199e-02,-1.002360e-02,-1.033653e-03,-1.226240e-03,realized,-2.095050e-01,7.934175e-01,-2.113933e+00,-0.012130,0.258982,-0.323782,,,,1.719291,-0.460421,-0.353223,1.719291,-0.460421,-0.353223,6.389858e-02,5.387652e-02,1.438201e-01,1.837140,-0.628866,-0.319057,1.839441,-0.625459,-0.319376,0.390563,0.000000,0,b
32.270000,836,DS_interstep,4,-4.802110e-02,-7.277738e-02,-9.400564e-02,-9.802096e-03,-1.219640e-03,-1.251762e-03,realized,-2.091792e-01,7.936492e-01,-2.113124e+00,-0.011961,0.258710,-0.323187,,,,1.719291,-0.460421,-0.353224,1.719291,-0.460421,-0.353224,6.307082e-02,5.427714e-02,1.406399e-01,1.837140,-0.628865,-0.319059,1.839441,-0.625459,-0.319376,0.390538,0.000000,0,b
32.280000,837,DS_interstep,4,-4.712683e-02,-7.294909e-02,-9.079687e-02,-9.570696e-03,-1.389689e-03,-1.271837e-03,realized,-2.088579e-01,7.938819e-01,-2.112331e+00,-0.011792,0.258437,-0.322591,,,,1.719291,-0.460420,-0.353226,1.719291,-0.460420,-0.353226,6.217159e-02,5.446553e-02,1.374166e-01,1.837140,-0.628864,-0.319061,1.839441,-0.625459,-0.319376,0.390513,0.000000,0,b
32.290000,838,DS_interstep,4,-4.616867e-02,-7.292118e-02,-8.755578e-02,-9.330397e-03,-1.544333e-03,-1.287132e-03,realized,-2.085414e-01,7.941144e-01,-2.111555e+00,-0.011622,0.258165,-0.321996,,,,1.719291,-0.460420,-0.353227,1.719291,-0.460420,-0.353227,6.120667e-02,5.445257e-02,1.341603e-01,1.837140,-0.628863,-0.319063,1.839441,-0.625459,-0.319376,0.390488,0.000000,0,b
32.300000,839,DS_interstep,4,-4.515216e-02,-7.270440e-02,-8.429189e-02,-9.082168e-03,-1.684102e-03,-1.298239e-03,realized,-2.082301e-01,7.943460e-01,-2.110795e+00,-0.011453,0.257893,-0.321400,,,,1.719291,-0.460419,-0.353228,1.719291,-0.460419,-0.353228,6.018171e-02,5.424905e-02,1.308805e-01,1.837140,-0.628863,-0.319064,1.839441,-0.625459,-0.319376,0.390464,0.000000,0,b
32.310000,840,DS_interstep,4,-4.408270e-02,-7.230941e-02,-8.101425e-02,-8.826956e-03,-1.809527e-03,-1.305677e-03,realized,-2.079242e-01,7.945756e-01,-2.110051e+00,-0.011283,0.257622,-0.320804,,,,1.719291,-0.460419,-0.353229,1.719291,-0.460419,-0.353229,5.910221e-02,5.386569e-02,1.275865e-01,1.837140,-0.628862,-0.319066,1.839441,-0.625459,-0.319376,0.390441,0.000000,0,b
32.320000,841,SS,5,3.144530e-01,-9.807349e-01,2.901818e+00,-2.063703e-02,-1.488762e-03,-5.402263e-03,planned,-1.987910e-01,7.877693e-01,-2.107160e+00,-0.009602,0.254921,-0.314923,-2.985692e-03,7.268659e-04,2.132305e-03,1.719302,-0.460404,-0.353248,1.733986,-0.450172,-0.351888,1.898204e-01,2.450071e-01,-1.878207e-01,1.837170,-0.628839,-0.319071,1.837152,-0.628861,-0.319065,0.384199,0.799905,1,a
32.420000,842,SS,5,5.094194e-01,-1.080880e+00,3.271707e+00,1.456125e-01,6.930789e-02,2.139850e-03,planned,-1.881010e-01,8.003419e-01,-2.116759e+00,-0.007911,0.252297,-0.309182,,,,1.719444,-0.460380,-0.353279,1.736916,-0.448483,-0.351640,1.151345e-01,5.009316e-01,-7.933000e-01,1.837318,-0.628772,-0.319050,1.837250,-0.628849,-0.319062,0.368885,0.799599,1,a
32.520000,843,SS,5,6.845872e-01,-1.170558e+00,3.634410e+00,3.011260e-01,1.543224e-01,4.179042e-02,planned,-1.804674e-01,8.149215e-01,-2.142348e+00,-0.006253,0.249777,-0.303674,,,,1.719778,-0.460323,-0.353319,1.741260,-0.447133,-0.351360,1.015493e-01,5.646666e-01,-9.137243e-01,1.837661,-0.628648,-0.319006,1.837523,-0.628817,-0.319054,0.345983,0.799002,1,a
32.620000,844,SS,5,8.381977e-01,-1.257928e+00,3.913812e+00,4.414490e-01,2.300991e-01,4.428129e-02,planned,-1.726055e-01,8.362906e-01,-2.173446e+00,-0.004646,0.247380,-0.298437,,,,1.720359,-0.460228,-0.353371,1.745604,-0.445782,-0.351079,9.796114e-02,7.013258e-01,-1.065681e+00,1.838269,-0.628463,-0.318939,1.838049,-0.628754,-0.319038,0.317856,0.798008,1,a
32.720000,845,SS,5,9.897092e-01,-1.328434e+00,4.197944e+00,5.799935e-01,2.984233e-01,8.484916e-02,planned,-1.655206e-01,8.630383e-01,-2.213459e+00,-0.003101,0.245126,-0.293514,,,,1.721248,-0.460089,-0.353437,1.749947,-0.444431,-0.350799,8.283647e-02,8.133526e-01,-1.253939e+00,1.839205,-0.628209,-0.318853,1.838902,-0.628652,-0.319013,0.286522,0.796511,1,a
32.820000,846,SS,5,1.134930e+00,-1.383227e+00,4.457380e+00,7.149658e-01,3.600948e-01,1.431965e-01,planned,-1.590613e-01,8.953708e-01,-2.261955e+00,-0.001634,0.243035,-0.288944,,,,1.722495,-0.459901,-0.353518,1.754291,-0.443081,-0.350519,7.303141e-02,9.170490e-01,-1.407789e+00,1.840523,-0.627882,-0.318749,1.840143,-0.628503,-0.318976,0.253465,0.794412,1,a
32.920000,847,SS,5,1.267436e+00,-1.450359e+00,4.693572e+00,8.474007e-01,4.157575e-01,2.198214e-01,planned,-1.530941e-01,9.326538e-01,-2.317541e+00,-0.000254,0.241123,-0.284763,,,,1.724147,-0.459657,-0.353613,1.759513,-0.441952,-0.350232,6.617025e-02,1.014148e+00,-1.541356e+00,1.842276,-0.627476,-0.318626,1.841830,-0.628301,-0.318925,0.219933,0.791624,1,a
33.020000,848,SS,5,1.389998e+00,-1.520503e+00,4.904227e+00,9.776264e-01,4.657248e-01,3.124048e-01,planned,-1.475524e-01,9.746769e-01,-2.379612e+00,0.001030,0.239406,-0.280998,,,,1.726245,-0.459353,-0.353723,1.765344,-0.440976,-0.349941,6.107727e-02,1.103057e+00,-1.657193e+00,1.844507,-0.626985,-0.318488,1.844010,-0.628040,-0.318860,0.186921,0.788069,1,a
33.120000,849,SS,5,1.507607e+00,-1.571895e+00,5.083815e+00,1.105316e+00,5.101193e-01,4.176764e-01,planned,-1.423884e-01,1.020932e+00,-2.447286e+00,0.002212,0.237898,-0.277674,,,,1.728827,-0.458985,-0.353848,1.771176,-0.440001,-0.349650,5.734755e-02,1.177064e+00,-1.749010e+00,1.847256,-0.626407,-0.318333,1.846725,-0.627716,-0.318779,0.155187,0.783681,1,a
33.220000,850,SS,5,1.619780e+00,-1.605540e+00,5.229628e+00,1.229890e+00,5.481480e-01,5.321894e-01,planned,-1.375284e-01,1.070928e+00,-2.519605e+00,0.003288,0.236609,-0.274808,,,,1.731921,-0.458553,-0.353988,1.777007,-0.439025,-0.349359,5.553178e-02,1.239982e+00,-1.818735e+00,1.850555,-0.625737,-0.318162,1.850010,-0.627323,-0.318680,0.125291,0.778407,1,a
33.320000,851,SS,5,1.724985e+00,-1.627719e+00,5.340439e+00,1.350925e+00,5.791313e-01,6.528832e-01,planned,-1.328804e-01,1.124243e+00,-2.595614e+00,0.004258,0.235551,-0.272414,,,,1.735550,-0.458053,-0.354141,1.783009,-0.438092,-0.349069,5.586691e-02,1.293211e+00,-1.866562e+00,1.854430,-0.624975,-0.317977,1.853892,-0.626858,-0.318564,0.097629,0.772202,1,a
33.420000,852,SS,5,1.815194e+00,-1.671848e+00,5.418208e+00,1.468221e+00,6.032916e-01,7.767811e-01,planned,-1.282988e-01,1.180654e+00,-2.674316e+00,0.005121,0.234729,-0.270499,,,,1.739734,-0.457485,-0.354306,1.790251,-0.437467,-0.348791,5.964723e-02,1.346528e+00,-1.896392e+00,1.858902,-0.624119,-0.317778,1.858393,-0.626320,-0.318429,0.072460,0.765031,1,a
33.520000,853,SS,5,1.899939e+00,-1.698774e+00,5.458804e+00,1.581555e+00,6.210565e-01,9.021855e-01,planned,-1.237390e-01,1.239821e+00,-2.754995e+00,0.005879,0.234150,-0.269068,,,,1.744488,-0.456851,-0.354481,1.797493,-0.436842,-0.348513,6.358494e-02,1.383953e+00,-1.904674e+00,1.863988,-0.623169,-0.317565,1.863528,-0.625705,-0.318275,0.049945,0.756871,1,a
33.620000,854,SS,5,1.978650e+00,-1.709405e+00,5.461444e+00,1.690096e+00,6.317953e-01,1.026662e+00,planned,-1.191550e-01,1.301107e+00,-2.836619e+00,0.006536,0.233820,-0.268121,,,,1.749820,-0.456151,-0.354664,1.804735,-0.436217,-0.348234,6.866643e-02,1.408516e+00,-1.890752e+00,1.869698,-0.622125,-0.317338,1.869306,-0.625014,-0.318102,0.030204,0.747705,1,a
33.720000,855,SS,5,2.050928e+00,-1.705763e+00,5.426536e+00,1.793173e+00,6.345385e-01,1.147890e+00,planned,-1.144895e-01,1.364050e+00,-2.918319e+00,0.007096,0.233740,-0.267651,,,,1.755734,-0.455388,-0.354854,1.811977,-0.435592,-0.347956,7.467562e-02,1.422901e+00,-1.858693e+00,1.876037,-0.620990,-0.317098,1.875733,-0.624245,-0.317910,0.013682,0.737527,1,a
33.820000,856,SS,5,2.111569e+00,-1.710539e+00,5.357299e+00,1.890378e+00,6.291242e-01,1.263997e+00,planned,-1.096627e-01,1.428332e+00,-2.999254e+00,0.007564,0.233910,-0.267650,,,,1.762227,-0.454565,-0.355048,1.820039,-0.435166,-0.347703,8.235690e-02,1.434405e+00,-1.812022e+00,1.883003,-0.619765,-0.316844,1.882807,-0.623398,-0.317698,0.006967,0.726339,1,a
33.920000,857,SS,5,2.162988e+00,-1.713650e+00,5.253787e+00,1.981385e+00,6.160954e-01,1.373976e+00,planned,-1.047872e-01,1.493135e+00,-3.077136e+00,0.007948,0.234329,-0.268102,,,,1.769295,-0.453684,-0.355243,1.828541,-0.434847,-0.347464,8.271878e-02,1.426841e+00,-1.680648e+00,1.890591,-0.618454,-0.316579,1.890521,-0.622475,-0.317467,0.016556,0.714139,1,a
34.020000,858,SS,5,2.212585e+00,-1.690246e+00,5.164359e+00,2.071345e+00,6.123006e-01,1.525359e+00,planned,-1.003186e-01,1.560071e+00,-3.151246e+00,0.008252,0.234997,-0.268979,,,,1.776933,-0.452749,-0.355441,1.837043,-0.434528,-0.347224,7.261083e-02,1.461200e+00,-1.587998e+00,1.898779,-0.617065,-0.316298,1.898865,-0.621477,-0.317217,0.025675,0.700891,1,a
34.120000,859,SS,5,2.256378e+00,-1.615595e+00,5.133702e+00,2.156361e+00,6.407745e-01,1.765449e+00,planned,-9.658788e-02,1.628336e+00,-3.221343e+00,0.008475,0.235917,-0.270256,,,,1.785133,-0.451761,-0.355639,1.845544,-0.434210,-0.346985,5.831588e-02,1.460706e+00,-1.464917e+00,1.907537,-0.615607,-0.316000,1.907824,-0.620405,-0.316948,0.031911,0.686595,1,a
34.220000,860,SS,5,2.281819e+00,-1.502022e+00,5.129505e+00,2.224064e+00,6.945813e-01,2.055993e+00,planned,-9.363101e-02,1.697381e+00,-3.286884e+00,0.008616,0.237088,-0.271904,,,,1.793880,-0.450724,-0.355837,1.854234,-0.433936,-0.346757,4.442738e-02,1.461102e+00,-1.346229e+00,1.916840,-0.614086,-0.315685,1.917377,-0.619262,-0.316662,0.034946,0.671281,1,a
34.320000,861,SS,5,2.281674e+00,-1.369273e+00,5.138166e+00,2.269624e+00,7.679819e-01,2.377934e+00,planned,-9.141412e-02,1.767284e+00,-3.348061e+00,0.008674,0.238508,-0.273895,,,,1.803154,-0.449643,-0.356032,1.863773,-0.433865,-0.346583,3.182066e-02,1.463969e+00,-1.232956e+00,1.926660,-0.612511,-0.315353,1.927502,-0.618051,-0.316359,0.034795,0.654995,1,a
34.420000,862,SS,5,2.258552e+00,-1.203933e+00,5.148136e+00,2.291505e+00,8.574092e-01,2.720386e+00,planned,-8.991144e-02,1.837826e+00,-3.404905e+00,0.008647,0.240174,-0.276205,,,,1.812938,-0.448521,-0.356220,1.873312,-0.433794,-0.346408,1.972751e-02,1.456078e+00,-1.116523e+00,1.936969,-0.610890,-0.315003,1.938171,-0.616774,-0.316039,0.031665,0.637789,1,a
34.520000,863,SS,5,2.212316e+00,-1.010363e+00,5.153175e+00,2.289344e+00,9.590411e-01,3.075169e+00,planned,-8.906163e-02,1.908674e+00,-3.457264e+00,0.008537,0.242083,-0.278805,,,,1.823207,-0.447363,-0.356400,1.882850,-0.433723,-0.346233,9.515849e-03,1.443169e+00,-9.993242e-01,1.947741,-0.609227,-0.314638,1.949354,-0.615436,-0.315704,0.025928,0.619723,1,a
34.620000,864,SS,5,2.143709e+00,-7.928441e-01,5.148835e+00,2.263656e+00,1.069413e+00,3.435511e+00,planned,-8.877255e-02,1.979621e+00,-3.505044e+00,0.008342,0.244231,-0.281670,,,,1.833938,-0.446174,-0.356567,1.892389,-0.433652,-0.346058,1.442921e-03,1.425415e+00,-8.807534e-01,1.958943,-0.607531,-0.314257,1.961017,-0.614041,-0.315355,0.018271,0.600859,1,a
34.720000,865,SS,5,2.053201e+00,-5.587049e-01,5.132216e+00,2.215528e+00,1.185906e+00,3.795679e+00,planned,-8.894023e-02,2.050497e+00,-3.548098e+00,0.008066,0.246613,-0.284771,,,,1.845103,-0.444956,-0.356718,1.902459,-0.433705,-0.345945,-4.158995e-03,1.407322e+00,-7.627195e-01,1.970545,-0.605806,-0.313864,1.973124,-0.612592,-0.314992,0.010917,0.581264,1,a
34.820000,866,SS,5,1.942818e+00,-3.076576e-01,5.100127e+00,2.146182e+00,1.306708e+00,4.150875e+00,planned,-8.947060e-02,2.121129e+00,-3.586308e+00,0.007713,0.249222,-0.288081,,,,1.856673,-0.443716,-0.356849,1.912744,-0.433810,-0.345856,-7.981134e-03,1.383577e+00,-6.419874e-01,1.982515,-0.604059,-0.313460,1.985635,-0.611095,-0.314618,0.012518,0.561009,1,a
34.920000,867,SS,5,1.814301e+00,-4.061460e-02,5.050111e+00,2.056700e+00,1.429739e+00,4.496488e+00,planned,-9.027014e-02,2.191281e+00,-3.619508e+00,0.007286,0.252053,-0.291572,,,,1.868617,-0.442458,-0.356956,1.923029,-0.433915,-0.345767,-9.851791e-03,1.355016e+00,-5.193361e-01,1.994818,-0.602296,-0.313046,1.998510,-0.609555,-0.314232,0.023557,0.540166,1,a
35.020000,868,SS,5,1.669102e+00,2.395421e-01,4.980374e+00,1.948206e+00,1.552764e+00,4.827982e+00,planned,-9.124021e-02,2.260715e+00,-3.647523e+00,0.006793,0.255097,-0.295213,,,,1.880902,-0.441188,-0.357034,1.933314,-0.434019,-0.345679,-9.734665e-03,1.322059e+00,-3.951832e-01,2.007419,-0.600521,-0.312626,2.011704,-0.607976,-0.313837,0.037295,0.518814,1,a
35.120000,869,SS,5,1.509331e+00,5.324545e-01,4.889473e+00,1.821958e+00,1.673841e+00,5.141099e+00,planned,-9.229042e-02,2.329147e+00,-3.670167e+00,0.006241,0.258347,-0.298974,,,,1.893491,-0.439909,-0.357079,1.943693,-0.434146,-0.345614,-7.894466e-03,1.284222e+00,-2.702489e-01,2.020281,-0.598740,-0.312200,2.025173,-0.606365,-0.313433,0.051998,0.497029,1,a
35.220000,870,SS,5,1.337747e+00,8.407735e-01,4.776051e+00,1.679302e+00,1.791440e+00,5.431729e+00,planned,-9.334937e-02,2.396228e+00,-3.687269e+00,0.005638,0.261793,-0.302823,,,,1.906346,-0.438629,-0.357086,1.954368,-0.434343,-0.345624,-4.777545e-03,1.240875e+00,-1.458926e-01,2.033365,-0.596959,-0.311771,2.038870,-0.604726,-0.313023,0.067027,0.474894,1,a
35.320000,871,SS,5,1.154412e+00,1.155216e+00,4.639565e+00,1.521595e+00,1.904282e+00,5.695926e+00,planned,-9.434276e-02,2.461572e+00,-3.698689e+00,0.004993,0.265425,-0.306729,,,,1.919430,-0.437353,-0.357052,1.965044,-0.434540,-0.345634,-5.004780e-04,1.188570e+00,-2.116192e-02,2.046630,-0.595182,-0.311340,2.052747,-0.603065,-0.312607,0.081963,0.452490,1,a
35.420000,872,SS,5,9.611705e-01,1.473040e+00,4.479134e+00,1.350382e+00,2.010762e+00,5.929486e+00,planned,-9.520026e-02,2.524678e+00,-3.704300e+00,0.004316,0.269232,-0.310659,,,,1.932699,-0.436087,-0.356972,1.975719,-0.434737,-0.345644,5.004512e-03,1.127421e+00,1.011225e-01,2.060038,-0.593414,-0.310912,2.066755,-0.601389,-0.312188,0.096477,0.429901,1,a
35.520000,873,SS,5,7.602091e-01,1.791168e+00,4.293876e+00,1.167610e+00,2.109265e+00,6.128095e+00,planned,-9.585550e-02,2.584985e+00,-3.704068e+00,0.003620,0.273199,-0.314580,,,,1.946112,-0.434837,-0.356842,1.986395,-0.434933,-0.345654,1.147068e-02,1.057484e+00,2.164002e-01,2.073546,-0.591661,-0.310486,2.080844,-0.599704,-0.311766,0.110285,0.407212,1,a
35.620000,874,SS,5,5.580721e-01,2.124802e+00,4.082046e+00,9.757151e-01,2.198169e+00,6.287537e+00,planned,-9.628630e-02,2.641700e+00,-3.698076e+00,0.002913,0.277312,-0.318459,,,,1.959623,-0.433609,-0.356660,1.997050,-0.435129,-0.345741,1.777397e-02,9.658317e-01,3.308219e-01,2.087112,-0.589927,-0.310065,2.094965,-0.598014,-0.311343,0.123122,0.384508,1,a
35.720000,875,SS,5,3.548390e-01,2.456944e+00,3.843350e+00,7.776146e-01,2.275747e+00,6.403698e+00,planned,-9.646406e-02,2.693743e+00,-3.686227e+00,0.002210,0.281552,-0.322264,,,,1.973188,-0.432410,-0.356423,2.007700,-0.435325,-0.345850,2.451579e-02,8.525736e-01,4.419689e-01,2.100694,-0.588218,-0.309651,2.109067,-0.596327,-0.310920,0.134779,0.361873,1,a
35.820000,876,SS,5,1.526266e-01,2.776799e+00,3.577093e+00,5.767104e-01,2.339963e+00,6.471915e+00,planned,-9.635321e-02,2.739915e+00,-3.668532e+00,0.001521,0.285895,-0.325962,,,,1.986759,-0.431246,-0.356131,2.018350,-0.435521,-0.345959,3.177753e-02,7.092453e-01,5.547527e-01,2.114248,-0.586539,-0.309246,2.123099,-0.594648,-0.310500,0.145100,0.339392,1,a
35.920000,877,SS,5,-4.465717e-02,3.077978e+00,3.282082e+00,3.771463e-01,2.388298e+00,6.487319e+00,planned,-9.590243e-02,2.778401e+00,-3.644553e+00,0.000858,0.290315,-0.329521,,,,2.000284,-0.430122,-0.355784,2.028999,-0.435717,-0.346069,4.070083e-02,5.185387e-01,6.859941e-01,2.127733,-0.584894,-0.308851,2.137013,-0.592983,-0.310083,0.154037,0.317148,1,a
36.020000,878,SS,5,-2.301833e-01,3.361967e+00,2.956954e+00,1.837670e-01,2.416851e+00,6.443511e+00,planned,-9.493059e-02,2.807017e+00,-3.613506e+00,0.000237,0.294775,-0.332905,,,,2.013711,-0.429046,-0.355386,2.039498,-0.435882,-0.346203,5.533620e-02,2.826490e-01,8.362208e-01,2.141106,-0.583288,-0.308469,2.150759,-0.591338,-0.309672,0.161689,0.295222,1,a
36.120000,879,SS,5,-3.944977e-01,3.630360e+00,2.600050e+00,3.305499e-03,2.419236e+00,6.332308e+00,planned,-9.313967e-02,2.824889e+00,-3.576246e+00,-0.000328,0.299234,-0.336081,,,,2.026983,-0.428026,-0.354941,2.049649,-0.435975,-0.346395,7.439963e-02,3.680304e-02,9.514210e-01,2.154324,-0.581726,-0.308101,2.164289,-0.589719,-0.309266,0.168069,0.273698,1,a
36.220000,880,SS,5,-5.340259e-01,3.847630e+00,2.209178e+00,-1.548004e-01,2.389043e+00,6.149173e+00,planned,-9.054808e-02,2.831256e+00,-3.534613e+00,-0.000819,0.303649,-0.339020,,,,2.040051,-0.427066,-0.354455,2.059799,-0.436068,-0.346587,8.889776e-02,-2.411522e-01,1.036229e+00,2.167349,-0.580213,-0.307747,2.177556,-0.588132,-0.308869,0.172902,0.252652,1,a
36.320000,881,SS,5,-6.424148e-01,4.007303e+00,1.783374e+00,-2.830624e-01,2.323847e+00,5.894686e+00,planned,-8.732878e-02,2.823621e+00,-3.488600e+00,-0.001220,0.307974,-0.341697,,,,2.052862,-0.426171,-0.353936,2.069949,-0.436161,-0.346780,1.004826e-01,-5.685328e-01,1.124811e+00,2.180141,-0.578753,-0.307409,2.190514,-0.586582,-0.308481,0.176021,0.232160,1,a
36.420000,882,SS,5,-7.158853e-01,4.098763e+00,1.324937e+00,-3.764554e-01,2.221617e+00,5.568024e+00,planned,-8.348453e-02,2.800589e+00,-3.438648e+00,-0.001517,0.312152,-0.344090,,,,2.065364,-0.425345,-0.353394,2.080099,-0.436255,-0.346972,1.108744e-01,-9.151033e-01,1.196001e+00,2.192660,-0.577349,-0.307086,2.203119,-0.585074,-0.308103,0.177426,0.212292,1,a
36.520000,883,SS,5,-7.421958e-01,4.151926e+00,8.369291e-01,-4.297439e-01,2.079537e+00,5.170430e+00,planned,-7.909062e-02,2.760512e+00,-3.385316e+00,-0.001696,0.316128,-0.346176,,,,2.077508,-0.424591,-0.352841,2.089395,-0.436172,-0.347205,1.181157e-01,-1.298275e+00,1.259343e+00,2.204871,-0.576007,-0.306778,2.215330,-0.583613,-0.307737,0.177084,0.193117,1,a
36.620000,884,SS,5,-7.241911e-01,4.124321e+00,3.221769e-01,-4.381411e-01,1.893204e+00,4.703259e+00,planned,-7.423233e-02,2.702645e+00,-3.329223e+00,-0.001744,0.319838,-0.347937,,,,2.089240,-0.423910,-0.352292,2.098517,-0.436054,-0.347447,1.227132e-01,-1.676511e+00,1.295811e+00,2.216734,-0.574729,-0.306484,2.227106,-0.582204,-0.307385,0.175054,0.174697,1,a
36.720000,885,SS,5,-6.623096e-01,4.002061e+00,-2.145694e-01,-3.995026e-01,1.661760e+00,4.171055e+00,planned,-6.906215e-02,2.627087e+00,-3.271186e+00,-0.001650,0.323223,-0.349358,,,,2.100514,-0.423302,-0.351759,2.107640,-0.435935,-0.347688,1.223078e-01,-2.040097e+00,1.309720e+00,2.228215,-0.573519,-0.306206,2.238411,-0.580851,-0.307046,0.171363,0.157093,1,a
36.820000,886,SS,5,-5.583390e-01,3.783452e+00,-7.668284e-01,-3.148348e-01,1.387009e+00,3.581104e+00,planned,-6.379021e-02,2.534098e+00,-3.211475e+00,-0.001409,0.326225,-0.350428,,,,2.111285,-0.422766,-0.351257,2.116763,-0.435817,-0.347929,1.165658e-01,-2.396176e+00,1.328048e+00,2.239281,-0.572381,-0.305941,2.249210,-0.579559,-0.306723,0.166096,0.140357,1,a
36.920000,887,SS,5,-4.131963e-01,3.487292e+00,-1.326621e+00,-1.885366e-01,1.071607e+00,2.940110e+00,planned,-5.853913e-02,2.424657e+00,-3.150616e+00,-0.001014,0.328790,-0.351134,,,,2.121511,-0.422302,-0.350800,2.125304,-0.435581,-0.348169,1.080350e-01,-2.713250e+00,1.327403e+00,2.249901,-0.571317,-0.305690,2.259473,-0.578331,-0.306415,0.159447,0.124538,1,a
37.020000,888,SS,5,-2.290466e-01,3.127618e+00,-1.887016e+00,-2.559779e-02,7.157899e-01,2.254413e+00,planned,-5.342354e-02,2.300294e+00,-3.089230e+00,-0.000465,0.330869,-0.351471,,,,2.131150,-0.421908,-0.350398,2.132820,-0.435136,-0.348407,9.642909e-02,-2.997798e+00,1.324332e+00,2.260044,-0.570329,-0.305453,2.269170,-0.577171,-0.306125,0.151516,0.109681,1,a
37.120000,889,SS,5,-1.896407e-02,2.671908e+00,-2.442437e+00,1.678667e-01,3.207619e-01,1.531269e+00,planned,-4.859003e-02,2.163280e+00,-3.027403e+00,0.000238,0.332421,-0.351432,,,,2.140168,-0.421579,-0.350062,2.140336,-0.434691,-0.348645,8.173711e-02,-3.213140e+00,1.307920e+00,2.269683,-0.569419,-0.305231,2.278278,-0.576081,-0.305852,0.142454,0.095824,1,a
37.220000,890,SS,5,2.075316e-01,2.128762e+00,-2.984838e+00,3.817784e-01,-1.073377e-01,7.786906e-01,planned,-4.421270e-02,2.016802e+00,-2.964960e+00,0.001091,0.333419,-0.351012,,,,2.148533,-0.421313,-0.349798,2.147852,-0.434247,-0.348882,6.069205e-02,-3.340248e+00,1.365965e+00,2.278794,-0.568587,-0.305023,2.286776,-0.575064,-0.305597,0.132380,0.082996,1,a
37.320000,891,SS,5,4.376222e-01,1.516635e+00,-3.495639e+00,6.023469e-01,-5.544703e-01,1.500456e-02,planned,-4.108259e-02,1.872825e+00,-2.897577e+00,0.002081,0.333861,-0.350195,,,,2.156224,-0.421110,-0.349607,2.155368,-0.433802,-0.349120,1.625878e-02,-3.082568e+00,1.384822e+00,2.287346,-0.567836,-0.304831,2.294647,-0.574122,-0.305362,0.121841,0.071197,1,a
37.420000,892,SS,5,6.431626e-01,9.848850e-01,-3.856261e+00,7.884694e-01,-9.424581e-01,-6.352768e-01,planned,-3.993516e-02,1.739115e+00,-2.830777e+00,0.003182,0.333796,-0.348971,,,,2.163241,-0.420962,-0.349481,2.160889,-0.432963,-0.349292,-3.699626e-02,-2.871536e+00,1.402860e+00,2.295306,-0.567169,-0.304654,2.301880,-0.573257,-0.305145,0.110921,0.060413,1,a
37.520000,893,SS,5,7.970546e-01,5.150503e-01,-4.070902e+00,9.211400e-01,-1.260594e+00,-1.161638e+00,planned,-4.077361e-02,1.613556e+00,-2.761522e+00,0.004369,0.333264,-0.347328,,,,2.169584,-0.420866,-0.349409,2.166168,-0.432077,-0.349457,-8.219631e-02,-2.649404e+00,1.428450e+00,2.302643,-0.566588,-0.304494,2.308467,-0.572469,-0.304948,0.099955,0.050654,1,a
37.620000,894,SS,5,8.944435e-01,9.464899e-02,-4.159904e+00,9.955637e-01,-1.512209e+00,-1.594922e+00,planned,-4.323429e-02,1.497298e+00,-2.690853e+00,0.005617,0.332308,-0.345260,,,,2.175253,-0.420818,-0.349381,2.171447,-0.431191,-0.349621,-1.184612e-01,-2.410993e+00,1.430498e+00,2.309336,-0.566096,-0.304351,2.314406,-0.571758,-0.304770,0.089329,0.041933,1,a
37.720000,895,SS,5,9.415957e-01,-2.758527e-01,-4.136292e+00,1.017507e+00,-1.701543e+00,-1.945444e+00,planned,-4.698265e-02,1.390464e+00,-2.619453e+00,0.006904,0.330972,-0.342766,,,,2.180258,-0.420815,-0.349389,2.176726,-0.430304,-0.349785,-1.461165e-01,-2.177340e+00,1.420009e+00,2.315376,-0.565693,-0.304226,2.319700,-0.571125,-0.304611,0.079246,0.034264,1,a
37.820000,896,SS,5,9.379081e-01,-5.670937e-01,-4.104497e+00,9.952264e-01,-1.833341e+00,-2.221043e+00,planned,-5.148798e-02,1.292156e+00,-2.547366e+00,0.008214,0.329297,-0.339851,,,,2.184614,-0.420854,-0.349424,2.180726,-0.429447,-0.349892,-1.606881e-01,-1.982304e+00,1.426838e+00,2.320760,-0.565377,-0.304117,2.324357,-0.570568,-0.304472,0.069822,0.027661,1,a
37.920000,897,SS,5,8.922442e-01,-7.779348e-01,-4.109926e+00,9.408618e-01,-1.918717e+00,-2.431470e+00,planned,-5.615000e-02,1.200972e+00,-2.474070e+00,0.009538,0.327317,-0.336518,,,,2.188336,-0.420933,-0.349479,2.182974,-0.428629,-0.349918,-1.615404e-01,-1.821830e+00,1.443313e+00,2.325490,-0.565150,-0.304025,2.328390,-0.570085,-0.304351,0.061160,0.022136,1,a
38.020000,898,SS,5,8.295154e-01,-9.639846e-01,-4.034219e+00,8.670298e-01,-1.969459e+00,-2.587874e+00,planned,-6.064523e-02,1.116702e+00,-2.400263e+00,0.010870,0.325062,-0.332775,,,,2.191445,-0.421052,-0.349549,2.185223,-0.427811,-0.349945,-1.559247e-01,-1.646535e+00,1.415122e+00,2.329578,-0.565007,-0.303951,2.331820,-0.569675,-0.304248,0.053364,0.017695,1,a
38.120000,899,SS,5,7.580892e-01,-1.127552e+00,-3.886058e+00,7.822672e-01,-1.989386e+00,-2.696060e+00,planned,-6.474738e-02,1.039604e+00,-2.327574e+00,0.012206,0.322562,-0.328637,,,,2.193969,-0.421209,-0.349629,2.187471,-0.426993,-0.349972,-1.455748e-01,-1.474393e+00,1.360416e+00,2.333042,-0.564947,-0.303892,2.334673,-0.569333,-0.304163,0.046428,0.014319,1,a
38.220000,900,SS,5,6.853367e-01,-1.270023e+00,-3.675357e+00,6.943136e-01,-1.982472e+00,-2.760503e+00,planned,-6.826641e-02,9.697066e-01,-2.257282e+00,0.013545,0.319850,-0.324127,,,,2.195944,-0.421401,-0.349716,2.189719,-0.426175,-0.349999,-1.314715e-01,-1.303255e+00,1.277935e+00,2.335913,-0.564962,-0.303847,2.336983,-0.569057,-0.304093,0.040292,0.011939,1,a
38.320000,901,SS,5,5.994822e-01,-1.354901e+00,-3.574641e+00,6.101338e-01,-1.953748e+00,-2.785937e+00,planned,-7.087760e-02,9.061952e-01,-2.189456e+00,0.014887,0.316951,-0.319272,,,,2.197411,-0.421625,-0.349808,2.189826,-0.426136,-0.350000,-1.096348e-01,-1.167065e+00,1.216138e+00,2.338225,-0.565046,-0.303816,2.338787,-0.568841,-0.304039,0.034890,0.010394,1,a
38.420000,902,SS,5,5.243957e-01,-1.427357e+00,-3.439232e+00,5.361695e-01,-1.911874e+00,-2.781073e+00,planned,-7.241279e-02,8.491662e-01,-2.125042e+00,0.016233,0.313893,-0.314102,,,,2.198414,-0.421878,-0.349901,2.189826,-0.426136,-0.350000,-8.511611e-02,-1.009574e+00,1.106950e+00,2.340024,-0.565193,-0.303797,2.340134,-0.568680,-0.303999,0.030193,0.009436,1,a
38.520000,903,SS,5,4.650333e-01,-1.491143e+00,-3.270715e+00,4.766162e-01,-1.861285e+00,-2.751483e+00,planned,-7.281987e-02,7.992580e-01,-2.065910e+00,0.017584,0.310702,-0.308655,,,,2.199006,-0.422157,-0.349996,2.189826,-0.426136,-0.350000,-5.995995e-02,-8.472534e-01,9.679700e-01,2.341361,-0.565393,-0.303789,2.341077,-0.568567,-0.303971,0.026110,0.008797,1,a
38.620000,904,SS,5,4.241865e-01,-1.546422e+00,-3.079356e+00,4.346203e-01,-1.806046e+00,-2.700522e+00,planned,-7.205330e-02,7.568922e-01,-2.013437e+00,0.018942,0.307406,-0.302976,,,,2.199245,-0.422457,-0.350091,2.189826,-0.426136,-0.350000,-3.383777e-02,-6.758594e-01,8.009230e-01,2.342298,-0.565635,-0.303789,2.341678,-0.568495,-0.303953,0.022546,0.008270,1,a
38.720000,905,SS,5,4.037357e-01,-1.593650e+00,-2.875214e+00,4.123248e-01,-1.750259e+00,-2.632203e+00,planned,-7.007707e-02,7.226667e-01,-1.969043e+00,0.020306,0.304034,-0.297117,,,,2.199196,-0.422771,-0.350185,2.189826,-0.426136,-0.350000,-7.186351e-03,-4.938084e-01,6.063834e-01,2.342904,-0.565907,-0.303796,2.342006,-0.568456,-0.303943,0.019404,0.007744,1,a
38.820000,906,SS,5,4.049750e-01,-1.632640e+00,-2.668141e+00,4.112645e-01,-1.697993e+00,-2.549718e+00,planned,-6.686663e-02,6.972353e-01,-1.934081e+00,0.021676,0.300619,-0.291136,,,,2.198931,-0.423093,-0.350276,2.189826,-0.426136,-0.350000,1.991191e-02,-3.001180e-01,3.864409e-01,2.343257,-0.566194,-0.303808,2.342140,-0.568440,-0.303939,0.016581,0.007186,1,a
38.920000,907,SS,5,4.286273e-01,-1.662959e+00,-2.467795e+00,4.323725e-01,-1.653453e+00,-2.455782e+00,planned,-6.238171e-02,6.811356e-01,-1.909572e+00,0.023048,0.297193,-0.285099,,,,2.198526,-0.423415,-0.350364,2.189826,-0.426136,-0.350000,4.839744e-02,-9.718761e-02,1.499014e-01,2.343441,-0.566483,-0.303822,2.342164,-0.568437,-0.303938,0.013966,0.006619,1,a
39.020000,908,SS,5,4.750827e-01,-1.684804e+00,-2.283494e+00,4.761515e-01,-1.621542e+00,-2.353283e+00,planned,-5.787406e-02,6.747032e-01,-1.892178e+00,0.024417,0.293790,-0.279062,,,,2.198059,-0.423731,-0.350446,2.189826,-0.426136,-0.350000,1.251747e-02,9.343247e-02,1.654511e-02,2.343540,-0.566758,-0.303838,2.342164,-0.568437,-0.303938,0.011487,0.006081,1,a
39.120000,909,SS,5,5.044673e-01,-1.688691e+00,-2.118086e+00,5.004752e-01,-1.596011e+00,-2.255232e+00,planned,-5.621644e-02,6.750296e-01,-1.886087e+00,0.025754,0.290440,-0.273064,,,,2.197565,-0.424032,-0.350517,2.189826,-0.426136,-0.350000,-4.580687e-02,1.965932e-01,-2.379920e-01,2.343584,-0.567014,-0.303853,2.342164,-0.568437,-0.303938,0.009305,0.005582,1,a
39.220000,910,SS,5,4.908957e-01,-1.674929e+00,-1.967424e+00,4.829019e-01,-1.572025e+00,-2.142068e+00,planned,-5.594080e-02,6.773836e-01,-1.884422e+00,0.027038,0.287155,-0.267133,,,,2.197050,-0.424307,-0.350571,2.189826,-0.426136,-0.350000,-5.556395e-02,2.038257e-01,-2.288409e-01,2.343583,-0.567246,-0.303867,2.342164,-0.568437,-0.303938,0.007486,0.005121,1,a
39.320000,911,SS,5,4.598443e-01,-1.651424e+00,-1.826655e+00,4.486810e-01,-1.545263e+00,-2.025142e+00,planned,-5.575161e-02,6.798421e-01,-1.880816e+00,0.028266,0.283937,-0.261269,,,,2.196521,-0.424556,-0.350611,2.189826,-0.426136,-0.350000,-5.393474e-02,2.098674e-01,-1.990416e-01,2.343545,-0.567456,-0.303881,2.342164,-0.568437,-0.303938,0.005905,0.004696,1,a
39.420000,912,DS_terminal,5,-8.615558e-01,-1.374974e+00,-2.657167e+00,-1.670305e-01,5.341458e-02,-3.894689e-02,realized,-1.763196e-02,7.185347e-01,-1.770522e+00,0.030048,0.281373,-0.253768,-2.985774e-03,7.276031e-04,2.133227e-03,2.195801,-0.425276,-0.350460,2.196521,-0.424556,-0.350611,8.625037e-01,1.009277e+00,2.009168e+00,2.343443,-0.567812,-0.303837,2.343443,-0.567812,-0.303837,0.043521,4.000072,0,a
39.520000,913,DS_terminal,5,2.503885e-01,-2.410971e-01,8.974071e-01,1.010364e-01,-1.310875e-01,-1.720759e-01,realized,-6.796302e-04,7.482540e-01,-1.729406e+00,0.031698,0.278617,-0.247305,,,,2.195194,-0.425743,-0.350349,2.196521,-0.424556,-0.350611,-2.522245e-01,2.325036e-01,-6.620479e-01,2.343302,-0.568247,-0.303719,2.343443,-0.567812,-0.303837,0.056873,3.999996,0,a
39.620000,914,DS_terminal,5,2.706329e-01,-1.863087e-01,1.130853e+00,8.640201e-02,-1.158413e-01,-1.092914e-01,realized,-1.140354e-02,7.513763e-01,-1.756689e+00,0.032998,0.275964,-0.241341,,,,2.194709,-0.426070,-0.350247,2.196521,-0.424556,-0.350611,-2.616724e-01,1.992448e-01,-8.768651e-01,2.343190,-0.568618,-0.303586,2.343443,-0.567812,-0.303837,0.049478,3.999999,0,a
39.720000,915,DS_terminal,5,2.367346e-01,-1.266462e-01,9.675354e-01,7.079879e-02,-1.025947e-01,-1.016438e-01,realized,-2.140133e-02,7.523465e-01,-1.785671e+00,0.034197,0.273390,-0.235613,,,,2.194279,-0.426331,-0.350141,2.196521,-0.424556,-0.350611,-2.306983e-01,1.200703e-01,-7.801713e-01,2.343133,-0.568908,-0.303467,2.343443,-0.567812,-0.303837,0.045789,3.999999,0,a
39.820000,916,DS_terminal,5,1.949718e-01,-1.242760e-01,7.738283e-01,6.047332e-02,-9.992305e-02,-9.882447e-02,realized,-2.932488e-02,7.522096e-01,-1.806411e+00,0.035270,0.270860,-0.230093,,,,2.193918,-0.426534,-0.350043,2.196521,-0.424556,-0.350611,-1.904106e-01,1.229153e-01,-6.189220e-01,2.343129,-0.569125,-0.303367,2.343443,-0.567812,-0.303837,0.042390,3.999998,0,a
39.920000,917,DS_terminal,5,1.637832e-01,-1.110739e-01,6.255914e-01,5.158953e-02,-9.606334e-02,-9.597552e-02,realized,-3.586007e-02,7.522297e-01,-1.820943e+00,0.036217,0.268375,-0.224774,,,,2.193630,-0.426681,-0.349955,2.196521,-0.424556,-0.350611,-1.590296e-01,1.155919e-01,-4.895518e-01,2.343170,-0.569283,-0.303282,2.343443,-0.567812,-0.303837,0.037906,3.999998,0,a
40.020000,918,DS_terminal,5,1.301041e-01,-9.355548e-02,4.537160e-01,4.261832e-02,-9.076455e-02,-9.814404e-02,realized,-4.099791e-02,7.515824e-01,-1.828777e+00,0.037066,0.265926,-0.219609,,,,2.193400,-0.426788,-0.349876,2.196521,-0.424556,-0.350611,-1.251903e-01,9.758589e-02,-3.412021e-01,2.343248,-0.569396,-0.303210,2.343443,-0.567812,-0.303837,0.033454,3.999998,0,a
40.120000,919,DS_terminal,5,1.000617e-01,-7.905982e-02,3.019418e-01,3.475268e-02,-8.555914e-02,-9.960349e-02,realized,-4.471302e-02,7.500690e-01,-1.829768e+00,0.037837,0.263509,-0.214560,,,,2.193213,-0.426867,-0.349804,2.196521,-0.424556,-0.350611,-9.519225e-02,8.102758e-02,-2.114453e-01,2.343350,-0.569474,-0.303149,2.343443,-0.567812,-0.303837,0.030009,3.999999,0,a
40.220000,920,DS_terminal,5,7.730863e-02,-6.616811e-02,1.943472e-01,2.813230e-02,-7.989401e-02,-9.726145e-02,realized,-4.727758e-02,7.477874e-01,-1.825385e+00,0.038545,0.261121,-0.209604,,,,2.193061,-0.426924,-0.349739,2.196521,-0.424556,-0.350611,-7.247092e-02,6.668985e-02,-1.196001e-01,2.343464,-0.569529,-0.303097,2.343443,-0.567812,-0.303837,0.028314,3.999999,0,a
40.320000,921,DS_terminal,5,6.066010e-02,-5.716190e-02,1.306955e-01,2.225131e-02,-7.342940e-02,-9.031404e-02,realized,-4.900210e-02,7.447116e-01,-1.817163e+00,0.039203,0.258762,-0.204719,,,,2.192935,-0.426966,-0.349679,2.196521,-0.424556,-0.350611,-5.585136e-02,5.638578e-02,-6.594206e-02,2.343582,-0.569568,-0.303051,2.343443,-0.567812,-0.303837,0.028979,3.999999,0,a
40.420000,922,DS_terminal,5,4.837765e-02,-7.429555e-02,1.466586e-01,1.531970e-02,-6.560542e-02,-7.129297e-02,realized,-5.012883e-02,7.408473e-01,-1.806395e+00,0.039817,0.256427,-0.199891,,,,2.192826,-0.426998,-0.349624,2.196521,-0.424556,-0.350611,-4.360583e-02,7.117560e-02,-8.369028e-02,2.343695,-0.569597,-0.303012,2.343443,-0.567812,-0.303837,0.031968,3.999999,0,a
40.520000,923,DS_terminal,5,3.815606e-02,-1.275469e-01,2.556430e-01,5.848218e-03,-5.497876e-02,-3.565670e-02,realized,-5.086274e-02,7.361659e-01,-1.794448e+00,0.040395,0.254113,-0.195112,,,,2.192730,-0.427023,-0.349573,2.196521,-0.424556,-0.350611,-3.339028e-02,1.201027e-01,-1.852891e-01,2.343800,-0.569619,-0.302977,2.343443,-0.567812,-0.303837,0.036600,3.999999,0,a
40.620000,924,DS_terminal,5,3.248162e-02,-1.178560e-01,2.431259e-01,2.941225e-03,-4.870727e-02,-2.666906e-02,realized,-5.139491e-02,7.305713e-01,-1.781901e+00,0.040942,0.251819,-0.190376,,,,2.192644,-0.427041,-0.349528,2.196521,-0.424556,-0.350611,-2.785301e-02,1.099310e-01,-1.757104e-01,2.343896,-0.569634,-0.302948,2.343443,-0.567812,-0.303837,0.041968,4.000000,0,a
40.720000,925,DS_terminal,5,2.799799e-02,-1.018970e-01,2.147099e-01,1.468004e-03,-4.388234e-02,-2.262066e-02,realized,-5.180710e-02,7.244194e-01,-1.769068e+00,0.041458,0.249540,-0.185684,,,,2.192564,-0.427055,-0.349488,2.196521,-0.424556,-0.350611,-2.355351e-02,9.391370e-02,-1.516482e-01,2.343982,-0.569644,-0.302925,2.343443,-0.567812,-0.303837,0.047325,4.000000,0,a
40.820000,926,DS_terminal,5,2.421833e-02,-8.610442e-02,1.834130e-01,6.839308e-04,-3.995437e-02,-2.064329e-02,realized,-5.210103e-02,7.180063e-01,-1.756114e+00,0.041947,0.247277,-0.181034,,,,2.192490,-0.427064,-0.349452,2.196521,-0.424556,-0.350611,-1.994870e-02,7.826042e-02,-1.246795e-01,2.344058,-0.569649,-0.302907,2.343443,-0.567812,-0.303837,0.052237,4.000000,0,a
40.920000,927,DS_terminal,5,2.077580e-02,-7.165181e-02,1.519218e-01,2.460283e-04,-3.656911e-02,-1.976947e-02,realized,-5.227380e-02,7.115424e-01,-1.743137e+00,0.042411,0.245028,-0.176425,,,,2.192421,-0.427068,-0.349421,2.196521,-0.424556,-0.350611,-1.665652e-02,6.387746e-02,-9.726574e-02,2.344126,-0.569649,-0.302895,2.343443,-0.567812,-0.303837,0.056474,4.000000,0,a
41.020000,928,DS_terminal,5,1.751641e-02,-5.858694e-02,1.206686e-01,2.308636e-05,-3.358137e-02,-1.966176e-02,realized,-5.231889e-02,7.051436e-01,-1.730155e+00,0.042852,0.242794,-0.171855,,,,2.192357,-0.427070,-0.349395,2.196521,-0.424556,-0.350611,-1.352809e-02,5.071040e-02,-6.989908e-02,2.344186,-0.569645,-0.302887,2.343443,-0.567812,-0.303837,0.059922,4.000000,0,a
41.120000,929,DS_terminal,5,1.465905e-02,-4.581362e-02,8.975452e-02,2.933291e-05,-3.091237e-02,-2.026142e-02,realized,-5.223839e-02,6.988651e-01,-1.717171e+00,0.043271,0.240575,-0.167325,,,,2.192298,-0.427068,-0.349373,2.196521,-0.424556,-0.350611,-1.078998e-02,3.777939e-02,-4.266784e-02,2.344238,-0.569637,-0.302883,2.343443,-0.567812,-0.303837,0.062531,4.000000,0,a
41.220000,930,DS_terminal,5,1.247026e-02,-3.230489e-02,5.980466e-02,2.722109e-04,-2.845765e-02,-2.144281e-02,realized,-5.204644e-02,6.927194e-01,-1.704205e+00,0.043673,0.238372,-0.162832,,,,2.192243,-0.427064,-0.349354,2.196521,-0.424556,-0.350611,-8.715362e-03,2.418884e-02,-1.609889e-02,2.344285,-0.569627,-0.302882,2.343443,-0.567812,-0.303837,0.064295,4.000000,0,a
41.320000,931,DS_terminal,5,1.113379e-02,-1.798889e-02,3.295789e-02,6.770802e-04,-2.607031e-02,-2.278152e-02,realized,-5.176764e-02,6.866875e-01,-1.691309e+00,0.044057,0.236186,-0.158376,,,,2.192192,-0.427058,-0.349338,2.196521,-0.424556,-0.350611,-7.493389e-03,9.920645e-03,7.902941e-03,2.344325,-0.569613,-0.302884,2.343443,-0.567812,-0.303837,0.065233,4.000000,0,a
41.420000,932,DS_terminal,5,1.060733e-02,-5.386719e-03,1.488974e-02,9.984078e-04,-2.359766e-02,-2.314701e-02,realized,-5.143593e-02,6.807304e-01,-1.678589e+00,0.044426,0.234016,-0.153957,,,,2.192145,-0.427050,-0.349325,2.196521,-0.424556,-0.350611,-7.083347e-03,-2.620155e-03,2.415825e-02,2.344361,-0.569597,-0.302889,2.343443,-0.567812,-0.303837,0.065376,4.000000,0,a
41.520000,933,DS_terminal,5,1.051024e-02,1.596023e-03,1.055067e-02,9.913748e-04,-2.108363e-02,-2.145835e-02,realized,-5.109169e-02,6.747937e-01,-1.666169e+00,0.044780,0.231863,-0.149574,,,,2.192101,-0.427040,-0.349314,2.196521,-0.424556,-0.350611,-7.101377e-03,-9.732069e-03,2.801209e-02,2.344393,-0.569578,-0.302895,2.343443,-0.567812,-0.303837,0.064750,4.000000,0,a
41.620000,934,DS_terminal,5,1.073411e-02,4.956171e-03,1.436961e-02,8.524190e-04,-1.872439e-02,-1.869315e-02,realized,-5.077427e-02,6.688083e-01,-1.654102e+00,0.045121,0.229726,-0.145228,,,,2.192061,-0.427028,-0.349306,2.196521,-0.424556,-0.350611,-7.442001e-03,-1.328567e-02,2.446213e-02,2.344420,-0.569556,-0.302904,2.343443,-0.567812,-0.303837,0.063377,4.000000,0,a
41.720000,935,DS_terminal,5,1.135596e-02,8.039589e-03,2.004759e-02,8.037660e-04,-1.660371e-02,-1.604641e-02,realized,-5.051445e-02,6.627191e-01,-1.642397e+00,0.045448,0.227606,-0.140920,,,,2.192023,-0.427015,-0.349299,2.196521,-0.424556,-0.350611,-8.188194e-03,-1.645334e-02,1.927468e-02,2.344445,-0.569531,-0.302914,2.343443,-0.567812,-0.303837,0.061289,4.000000,0,a
41.820000,936,DS_terminal,5,1.229278e-02,1.136398e-02,2.606984e-02,8.615284e-04,-1.473596e-02,-1.376040e-02,realized,-5.033367e-02,6.564981e-01,-1.631060e+00,0.045761,0.225501,-0.136651,,,,2.191988,-0.426998,-0.349296,2.196521,-0.424556,-0.350611,-9.257178e-03,-1.975615e-02,1.382905e-02,2.344467,-0.569502,-0.302927,2.343443,-0.567812,-0.303837,0.058530,4.000000,0,a
41.920000,937,DS_terminal,5,1.343601e-02,1.477833e-02,3.206408e-02,1.005180e-03,-1.312352e-02,-1.183675e-02,realized,-5.024690e-02,6.501331e-01,-1.620092e+00,0.046061,0.223411,-0.132421,,,,2.191956,-0.426979,-0.349294,2.196521,-0.424556,-0.350611,-1.053955e-02,-2.307963e-02,8.442786e-03,2.344486,-0.569469,-0.302942,2.343443,-0.567812,-0.303837,0.055158,4.000000,0,a
42.020000,938,DS_terminal,5,1.467657e-02,1.809149e-02,3.769361e-02,1.219422e-03,-1.176648e-02,-1.025721e-02,realized,-5.026372e-02,6.436217e-01,-1.609486e+00,0.046346,0.221334,-0.128232,,,,2.191925,-0.426957,-0.349295,2.196521,-0.424556,-0.350611,-1.192533e-02,-2.626419e-02,3.388943e-03,2.344504,-0.569431,-0.302959,2.343443,-0.567812,-0.303837,0.051245,4.000000,0,a
42.120000,939,DS_terminal,5,1.587657e-02,2.107566e-02,4.249126e-02,1.488660e-03,-1.065972e-02,-9.006078e-03,realized,-5.038733e-02,6.369716e-01,-1.599217e+00,0.046617,0.219271,-0.124084,,,,2.191897,-0.426931,-0.349299,2.196521,-0.424556,-0.350611,-1.327435e-02,-2.911573e-02,-9.512823e-04,2.344519,-0.569389,-0.302978,2.343443,-0.567812,-0.303837,0.046882,4.000000,0,a
42.220000,940,DS_terminal,5,1.685992e-02,2.344976e-02,4.588281e-02,1.788839e-03,-9.787497e-03,-8.066518e-03,realized,-5.061207e-02,6.302035e-01,-1.589237e+00,0.046874,0.217220,-0.119977,,,,2.191870,-0.426901,-0.349306,2.196521,-0.424556,-0.350611,-1.440613e-02,-3.139649e-02,-4.104840e-03,2.344533,-0.569341,-0.303001,2.343443,-0.567812,-0.303837,0.042187,4.000000,0,a
42.320000,941,DS_terminal,5,1.744846e-02,2.493034e-02,4.736964e-02,2.087011e-03,-9.120060e-03,-7.408633e-03,realized,-5.092199e-02,6.233522e-01,-1.579475e+00,0.047115,0.215180,-0.115913,,,,2.191845,-0.426868,-0.349315,2.196521,-0.424556,-0.350611,-1.513654e-02,-3.286936e-02,-5.660070e-03,2.344545,-0.569288,-0.303026,2.343443,-0.567812,-0.303837,0.037316,4.000000,0,a
42.420000,942,DS_terminal,5,1.752196e-02,2.534003e-02,4.671779e-02,2.350505e-03,-8.615772e-03,-6.984683e-03,realized,-5.129236e-02,6.164644e-01,-1.569844e+00,0.047342,0.213152,-0.111890,,,,2.191820,-0.426829,-0.349328,2.196521,-0.424556,-0.350611,-1.533978e-02,-3.338863e-02,-5.425401e-03,2.344555,-0.569229,-0.303055,2.343443,-0.567812,-0.303837,0.032483,4.000000,0,a
42.520000,943,DS_terminal,5,1.705660e-02,2.468403e-02,4.402672e-02,2.557199e-03,-8.227764e-03,-6.735448e-03,realized,-5.169402e-02,6.095907e-01,-1.560252e+00,0.047553,0.211135,-0.107910,,,,2.191798,-0.426787,-0.349343,2.196521,-0.424556,-0.350611,-1.498856e-02,-3.296382e-02,-3.486382e-03,2.344564,-0.569165,-0.303086,2.343443,-0.567812,-0.303837,0.027993,4.000000,0,a
42.620000,944,DS_terminal,5,1.611936e-02,2.313726e-02,3.966651e-02,2.699175e-03,-7.911682e-03,-6.601316e-03,realized,-5.209853e-02,6.027777e-01,-1.550617e+00,0.047751,0.209129,-0.103970,,,,2.191776,-0.426741,-0.349361,2.196521,-0.424556,-0.350611,-1.414905e-02,-3.174884e-02,-1.524258e-04,2.344571,-0.569096,-0.303120,2.343443,-0.567812,-0.303837,0.024285,4.000000,0,a
42.720000,945,DS_terminal,5,1.483080e-02,2.096606e-02,3.414237e-02,2.779748e-03,-7.631374e-03,-6.531359e-03,realized,-5.248199e-02,5.960617e-01,-1.540877e+00,0.047935,0.207134,-0.100070,,,,2.191755,-0.426691,-0.349382,2.196521,-0.424556,-0.350611,-1.294292e-02,-2.997578e-02,4.156318e-03,2.344576,-0.569023,-0.303157,2.343443,-0.567812,-0.303837,0.021933,4.000000,0,a
42.820000,946,DS_terminal,5,1.332262e-02,1.844287e-02,2.796008e-02,2.808039e-03,-7.361193e-03,-6.487492e-03,realized,-5.282683e-02,5.894671e-01,-1.530991e+00,0.048107,0.205152,-0.096208,,,,2.191735,-0.426638,-0.349406,2.196521,-0.424556,-0.350611,-1.150393e-02,-2.788191e-02,9.020350e-03,2.344580,-0.568946,-0.303196,2.343443,-0.567812,-0.303837,0.021461,4.000000,0,a
42.920000,947,DS_terminal,5,1.170908e-02,1.579251e-02,2.154113e-02,2.794483e-03,-7.085384e-03,-6.444218e-03,realized,-5.312167e-02,5.830072e-01,-1.520934e+00,0.048267,0.203181,-0.092383,,,,2.191716,-0.426582,-0.349432,2.196521,-0.424556,-0.350611,-9.948423e-03,-2.566340e-02,1.409055e-02,2.344583,-0.568866,-0.303237,2.343443,-0.567812,-0.303837,0.022966,4.000000,0,a
43.020000,948,DS_terminal,5,9.901985e-03,1.282752e-02,1.456042e-02,2.732038e-03,-6.816507e-03,-6.431184e-03,realized,-5.333360e-02,5.767344e-01,-1.510627e+00,0.048416,0.201223,-0.088593,,,,2.191698,-0.426523,-0.349460,2.196521,-0.424556,-0.350611,-8.171492e-03,-2.315788e-02,1.966867e-02,2.344584,-0.568783,-0.303281,2.343443,-0.567812,-0.303837,0.026024,4.000000,0,a
43.120000,949,DS_terminal,5,7.019434e-03,7.683235e-03,4.238946e-03,2.513656e-03,-6.635393e-03,-6.544936e-03,realized,-5.341993e-02,5.707206e-01,-1.499970e+00,0.048557,0.199278,-0.084837,,,,2.191681,-0.426464,-0.349490,2.196521,-0.424556,-0.350611,-5.291607e-03,-1.871256e-02,2.799745e-02,2.344584,-0.568699,-0.303325,2.343443,-0.567812,-0.303837,0.030040,4.000000,0,a
43.220000,950,DS_terminal,5,4.175036e-03,2.596211e-03,-5.544961e-03,2.252852e-03,-6.428436e-03,-6.588239e-03,realized,-5.338017e-02,5.649625e-01,-1.488984e+00,0.048690,0.197348,-0.081111,,,,2.191664,-0.426403,-0.349521,2.196521,-0.424556,-0.350611,-2.440698e-03,-1.429184e-02,3.587627e-02,2.344583,-0.568615,-0.303371,2.343443,-0.567812,-0.303837,0.034537,4.000000,0,a
43.320000,951,DS_terminal,5,1.556714e-03,-2.027513e-03,-1.430810e-02,1.981399e-03,-6.188867e-03,-6.569880e-03,realized,-5.321833e-02,5.594488e-01,-1.477699e+00,0.048818,0.195433,-0.077414,,,,2.191649,-0.426342,-0.349553,2.196521,-0.424556,-0.350611,1.886901e-04,-1.025875e-02,4.291820e-02,2.344581,-0.568531,-0.303417,2.343443,-0.567812,-0.303837,0.039203,4.000000,0,a
43.420000,952,DS_terminal,5,-7.992555e-04,-6.145165e-03,-2.195888e-02,1.709724e-03,-5.923852e-03,-6.499370e-03,realized,-5.294390e-02,5.541601e-01,-1.466154e+00,0.048941,0.193535,-0.073745,,,,2.191634,-0.426282,-0.349586,2.196521,-0.424556,-0.350611,2.560775e-03,-6.654698e-03,4.905370e-02,2.344578,-0.568448,-0.303464,2.343443,-0.567812,-0.303837,0.043844,4.000000,0,a
43.520000,953,DS_terminal,5,-2.906529e-03,-9.801867e-03,-2.855444e-02,1.439754e-03,-5.640314e-03,-6.382716e-03,realized,-5.256677e-02,5.490776e-01,-1.454392e+00,0.049060,0.191653,-0.070100,,,,2.191619,-0.426222,-0.349619,2.196521,-0.424556,-0.350611,4.688806e-03,-3.440399e-03,5.432806e-02,2.344574,-0.568367,-0.303510,2.343443,-0.567812,-0.303837,0.048339,4.000000,0,a
43.620000,954,DS_terminal,5,-4.778691e-03,-1.303084e-02,-3.416096e-02,1.173177e-03,-5.343608e-03,-6.224257e-03,realized,-5.209647e-02,5.441839e-01,-1.442449e+00,0.049177,0.189789,-0.066480,,,,2.191606,-0.426165,-0.349652,2.196521,-0.424556,-0.350611,6.585551e-03,-5.873373e-04,5.879386e-02,2.344569,-0.568289,-0.303556,2.343443,-0.567812,-0.303837,0.052611,4.000000,0,a
43.720000,955,DS_terminal,5,-6.426768e-03,-1.585896e-02,-3.883865e-02,9.121007e-04,-5.038434e-03,-6.028841e-03,realized,-5.154223e-02,5.394626e-01,-1.430362e+00,0.049293,0.187942,-0.062883,,,,2.191593,-0.426109,-0.349685,2.196521,-0.424556,-0.350611,8.261034e-03,1.927070e-03,6.249935e-02,2.344563,-0.568214,-0.303601,2.343443,-0.567812,-0.303837,0.056611,4.000000,0,a
43.820000,956,DS_terminal,5,-7.861176e-03,-1.831291e-02,-4.264453e-02,6.586756e-04,-4.729182e-03,-5.801858e-03,realized,-5.091308e-02,5.348983e-01,-1.418166e+00,0.049408,0.186115,-0.059307,,,,2.191581,-0.426055,-0.349717,2.196521,-0.424556,-0.350611,9.724756e-03,4.125394e-03,6.549023e-02,2.344557,-0.568142,-0.303645,2.343443,-0.567812,-0.303837,0.060310,4.000000,0,a
43.920000,957,DS_terminal,5,-9.092792e-03,-2.041915e-02,-4.563652e-02,4.148114e-04,-4.419795e-03,-5.548446e-03,realized,-5.021779e-02,5.304766e-01,-1.405893e+00,0.049523,0.184306,-0.055752,,,,2.191569,-0.426004,-0.349749,2.196521,-0.424556,-0.350611,1.098687e-02,6.030071e-03,6.781301e-02,2.344550,-0.568074,-0.303687,2.343443,-0.567812,-0.303837,0.063692,4.000000,0,a
44.020000,958,DS_terminal,5,-1.013340e-02,-2.220317e-02,-4.787530e-02,1.819985e-04,-4.113500e-03,-5.273181e-03,realized,-4.946486e-02,5.261839e-01,-1.393572e+00,0.049638,0.182516,-0.052217,,,,2.191558,-0.425956,-0.349781,2.196521,-0.424556,-0.350611,1.205854e-02,7.662594e-03,6.951671e-02,2.344542,-0.568010,-0.303729,2.343443,-0.567812,-0.303837,0.066748,4.000000,0,a
44.120000,959,DS_terminal,5,-1.099536e-02,-2.368941e-02,-4.942304e-02,-3.863407e-05,-3.812845e-03,-4.980277e-03,realized,-4.866239e-02,5.220077e-01,-1.381232e+00,0.049755,0.180745,-0.048702,,,,2.191548,-0.425910,-0.349811,2.196521,-0.424556,-0.350611,1.295157e-02,9.043458e-03,7.065178e-02,2.344534,-0.567951,-0.303768,2.343443,-0.567812,-0.303837,0.069478,4.000000,0,a
44.220000,960,DS_terminal,5,-1.169113e-02,-2.490132e-02,-5.034138e-02,-2.461829e-04,-3.519913e-03,-4.673734e-03,realized,-4.781811e-02,5.179361e-01,-1.368899e+00,0.049873,0.178993,-0.045207,,,,2.191538,-0.425868,-0.349840,2.196521,-0.424556,-0.350611,1.367787e-02,1.019230e-02,7.126833e-02,2.344525,-0.567896,-0.303806,2.343443,-0.567812,-0.303837,0.071886,4.000000,0,a
44.320000,961,DS_terminal,5,-1.223303e-02,-2.586139e-02,-5.069060e-02,-4.399341e-04,-3.236426e-03,-4.357306e-03,realized,-4.693933e-02,5.139582e-01,-1.356597e+00,0.049993,0.177261,-0.041730,,,,2.191528,-0.425829,-0.349868,2.196521,-0.424556,-0.350611,1.424934e-02,1.112797e-02,7.141542e-02,2.344516,-0.567845,-0.303843,2.343443,-0.567812,-0.303837,0.073983,4.000000,0,a
44.420000,962,DS_terminal,5,-1.263332e-02,-2.659112e-02,-5.052955e-02,-6.193845e-04,-2.963741e-03,-4.034439e-03,realized,-4.603294e-02,5.100641e-01,-1.344346e+00,0.050114,0.175549,-0.038271,,,,2.191519,-0.425793,-0.349894,2.196521,-0.424556,-0.350611,1.467785e-02,1.186843e-02,7.114110e-02,2.344507,-0.567800,-0.303877,2.343443,-0.567812,-0.303837,0.075779,4.000000,0,a
44.520000,963,DS_terminal,5,-1.290412e-02,-2.711099e-02,-4.991549e-02,-7.842380e-04,-2.702870e-03,-3.708259e-03,realized,-4.510538e-02,5.062442e-01,-1.332166e+00,0.050237,0.173855,-0.034832,,,,2.191510,-0.425760,-0.349920,2.196521,-0.424556,-0.350611,1.497518e-02,1.243081e-02,7.049215e-02,2.344497,-0.567758,-0.303910,2.343443,-0.567812,-0.303837,0.077289,4.000000,0,a
44.620000,964,DS_terminal,5,-1.305731e-02,-2.744047e-02,-4.890358e-02,-9.343768e-04,-2.454531e-03,-3.381603e-03,realized,-4.416265e-02,5.024900e-01,-1.320074e+00,0.050363,0.172182,-0.031410,,,,2.191501,-0.425731,-0.349944,2.196521,-0.424556,-0.350611,1.515297e-02,1.283133e-02,6.951378e-02,2.344487,-0.567721,-0.303941,2.343443,-0.567812,-0.303837,0.078528,4.000000,0,a
44.720000,965,DS_terminal,5,-1.310442e-02,-2.759802e-02,-4.754655e-02,-1.069834e-03,-2.219197e-03,-3.057030e-03,realized,-4.321031e-02,4.987937e-01,-1.308086e+00,0.050491,0.170527,-0.028008,,,,2.191493,-0.425704,-0.349966,2.196521,-0.424556,-0.350611,1.522251e-02,1.308541e-02,6.824922e-02,2.344476,-0.567688,-0.303969,2.343443,-0.567812,-0.303837,0.079515,4.000000,0,a
44.820000,966,DS_terminal,5,-1.305659e-02,-2.760112e-02,-4.589446e-02,-1.190777e-03,-1.997138e-03,-2.736819e-03,realized,-4.225344e-02,4.951481e-01,-1.296214e+00,0.050620,0.168891,-0.024623,,,,2.191484,-0.425681,-0.349987,2.196521,-0.424556,-0.350611,1.519477e-02,1.320760e-02,6.673959e-02,2.344466,-0.567659,-0.303996,2.343443,-0.567812,-0.303837,0.080266,4.000000,0,a
44.920000,967,DS_terminal,5,-1.292452e-02,-2.746625e-02,-4.399453e-02,-1.297494e-03,-1.788440e-03,-2.422985e-03,realized,-4.129671e-02,4.915464e-01,-1.284469e+00,0.050752,0.167274,-0.021258,,,,2.191476,-0.425660,-0.350007,2.196521,-0.424556,-0.350611,1.508032e-02,1.321168e-02,6.502373e-02,2.344455,-0.567635,-0.304021,2.343443,-0.567812,-0.303837,0.080801,4.000000,0,a
45.020000,968,DS_terminal,5,-1.271841e-02,-2.720895e-02,-4.189104e-02,-1.390379e-03,-1.593042e-03,-2.117280e-03,realized,-4.034434e-02,4.879829e-01,-1.272861e+00,0.050885,0.165676,-0.017912,,,,2.191468,-0.425642,-0.350025,2.196521,-0.424556,-0.350611,1.488929e-02,1.311059e-02,6.313813e-02,2.344444,-0.567614,-0.304044,2.343443,-0.567812,-0.303837,0.081138,4.000000,0,a
45.120000,969,DS_terminal,5,-1.244798e-02,-2.684383e-02,-3.962525e-02,-1.469911e-03,-1.410755e-03,-1.821214e-03,realized,-3.940013e-02,4.844522e-01,-1.261398e+00,0.051020,0.164096,-0.014584,,,,2.191461,-0.425627,-0.350042,2.196521,-0.424556,-0.350611,1.463131e-02,1.291652e-02,6.111681e-02,2.344432,-0.567597,-0.304065,2.343443,-0.567812,-0.303837,0.081296,4.000000,0,a
45.220000,970,DS_terminal,5,-1.212237e-02,-2.638456e-02,-3.723533e-02,-1.536646e-03,-1.241289e-03,-1.536066e-03,realized,-3.846747e-02,4.809493e-01,-1.250086e+00,0.051157,0.162535,-0.011276,,,,2.191453,-0.425615,-0.350057,2.196521,-0.424556,-0.350611,1.431553e-02,1.264089e-02,5.899129e-02,2.344421,-0.567583,-0.304084,2.343443,-0.567812,-0.303837,0.081292,4.000000,0,a
45.320000,971,DS_terminal,5,-1.175020e-02,-2.584394e-02,-3.475634e-02,-1.591198e-03,-1.084274e-03,-1.262896e-03,realized,-3.754938e-02,4.774700e-01,-1.238930e+00,0.051295,0.160991,-0.007988,,,,2.191446,-0.425604,-0.350071,2.196521,-0.424556,-0.350611,1.395055e-02,1.229440e-02,5.679058e-02,2.344410,-0.567572,-0.304101,2.343443,-0.567812,-0.303837,0.081146,4.000000,0,a
45.420000,972,DS_terminal,5,-1.133951e-02,-2.523390e-02,-3.222029e-02,-1.634230e-03,-9.392738e-04,-1.002558e-03,realized,-3.664846e-02,4.740104e-01,-1.227933e+00,0.051434,0.159464,-0.004720,,,,2.191439,-0.425596,-0.350084,2.196521,-0.424556,-0.350611,1.354446e-02,1.188700e-02,5.454120e-02,2.344398,-0.567564,-0.304116,2.343443,-0.567812,-0.303837,0.080874,4.000000,0,a
45.520000,973,DS_terminal,5,-1.089798e-02,-2.456598e-02,-2.965705e-02,-1.666444e-03,-8.058586e-04,-7.557371e-04,realized,-3.576690e-02,4.705675e-01,-1.217098e+00,0.051574,0.157955,-0.001472,,,,2.191431,-0.425591,-0.350095,2.196521,-0.424556,-0.350611,1.310502e-02,1.142839e-02,5.226795e-02,2.344387,-0.567559,-0.304130,2.343443,-0.567812,-0.303837,0.080492,4.000000,0,a
45.620000,974,DS_terminal,5,-1.044729e-02,-2.387843e-02,-2.716141e-02,-1.687955e-03,-6.874877e-04,-5.246144e-04,realized,-3.489920e-02,4.671595e-01,-1.206425e+00,0.051715,0.156464,0.001756,,,,2.191424,-0.425587,-0.350105,2.196521,-0.424556,-0.350611,1.265805e-02,1.095019e-02,5.005492e-02,2.344375,-0.567557,-0.304142,2.343443,-0.567812,-0.303837,0.080018,4.000000,0,a
45.720000,975,DS_terminal,5,-9.993919e-03,-2.316411e-02,-2.481427e-02,-1.694962e-03,-5.877693e-04,-3.126656e-04,realized,-3.403438e-02,4.638224e-01,-1.195917e+00,0.051857,0.154989,0.004963,,,,2.191418,-0.425585,-0.350113,2.196521,-0.424556,-0.350611,1.221263e-02,1.044663e-02,4.797212e-02,2.344364,-0.567556,-0.304153,2.343443,-0.567812,-0.303837,0.079471,4.000000,0,a
45.820000,976,DS_terminal,5,-9.493922e-03,-2.229405e-02,-2.255361e-02,-1.678374e-03,-5.020847e-04,-1.248616e-04,realized,-3.317007e-02,4.605724e-01,-1.185593e+00,0.051999,0.153531,0.008148,,,,2.191411,-0.425584,-0.350121,2.196521,-0.424556,-0.350611,1.172084e-02,9.807316e-03,4.596514e-02,2.344353,-0.567558,-0.304162,2.343443,-0.567812,-0.303837,0.078870,4.000000,0,a
45.920000,977,DS_terminal,5,-8.907164e-03,-2.114368e-02,-2.032741e-02,-1.630418e-03,-4.229256e-04,3.054096e-05,realized,-3.231319e-02,4.574036e-01,-1.175479e+00,0.052141,0.152089,0.011312,,,,2.191405,-0.425585,-0.350126,2.196521,-0.424556,-0.350611,1.113866e-02,8.923312e-03,4.399057e-02,2.344343,-0.567561,-0.304169,2.343443,-0.567812,-0.303837,0.078237,4.000000,0,a
46.020000,978,DS_terminal,5,-8.235868e-03,-1.968151e-02,-1.819817e-02,-1.550164e-03,-3.458264e-04,1.436187e-04,realized,-3.147753e-02,4.542917e-01,-1.165607e+00,0.052285,0.150665,0.014455,,,,2.191399,-0.425587,-0.350131,2.196521,-0.424556,-0.350611,1.046470e-02,7.767251e-03,4.209753e-02,2.344333,-0.567566,-0.304174,2.343443,-0.567812,-0.303837,0.077596,4.000000,0,a
46.120000,979,DS_terminal,5,-7.520795e-03,-1.800063e-02,-1.623172e-02,-1.449496e-03,-2.671524e-04,2.117531e-04,realized,-3.068185e-02,4.511937e-01,-1.156002e+00,0.052428,0.149257,0.017574,,,,2.191394,-0.425590,-0.350134,2.196521,-0.424556,-0.350611,9.731793e-03,6.427298e-03,4.030700e-02,2.344324,-0.567572,-0.304177,2.343443,-0.567812,-0.303837,0.076968,4.000000,0,a
46.220000,980,DS_terminal,5,-6.905495e-03,-1.774897e-02,-1.184765e-02,-1.501398e-03,-1.703657e-04,6.078998e-04,realized,-2.994576e-02,4.480584e-01,-1.146675e+00,0.052571,0.147866,0.020670,,,,2.191390,-0.425594,-0.350136,2.196521,-0.424556,-0.350611,9.088339e-03,6.359724e-03,3.639163e-02,2.344317,-0.567578,-0.304179,2.343443,-0.567812,-0.303837,0.076375,4.000000,0,a
46.320000,981,DS_terminal,5,-5.829285e-03,-1.598529e-02,-7.296509e-03,-1.421417e-03,-4.494260e-05,9.150210e-04,realized,-2.928490e-02,4.448315e-01,-1.137602e+00,0.052713,0.146489,0.023743,,,,2.191387,-0.425598,-0.350137,2.196521,-0.424556,-0.350611,7.976468e-03,4.936708e-03,3.240124e-02,2.344310,-0.567585,-0.304180,2.343443,-0.567812,-0.303837,0.075832,4.000000,0,a
46.420000,982,DS_terminal,5,-4.544331e-03,-1.319396e-02,-3.447252e-03,-1.241007e-03,8.668452e-05,1.084049e-03,realized,-2.870353e-02,4.414830e-01,-1.128740e+00,0.052853,0.145127,0.026790,,,,2.191384,-0.425602,-0.350137,2.196521,-0.424556,-0.350611,6.650491e-03,2.582216e-03,2.905570e-02,2.344304,-0.567591,-0.304179,2.343443,-0.567812,-0.303837,0.075348,4.000000,0,a
46.520000,983,DS_terminal,5,-3.330667e-03,-1.012816e-02,-7.858795e-04,-1.019814e-03,2.019129e-04,1.120273e-03,realized,-2.819699e-02,4.380071e-01,-1.120038e+00,0.052991,0.143779,0.029813,,,,2.191382,-0.425606,-0.350136,2.196521,-0.424556,-0.350611,5.392888e-03,-3.307385e-05,2.673585e-02,2.344299,-0.567597,-0.304178,2.343443,-0.567812,-0.303837,0.074929,4.000000,0,a
46.620000,984,DS_terminal,5,-2.337832e-03,-7.333764e-03,7.522817e-04,-8.071873e-04,2.908727e-04,1.063878e-03,realized,-2.775450e-02,4.344178e-01,-1.111453e+00,0.053126,0.142444,0.032811,,,,2.191380,-0.425610,-0.350135,2.196521,-0.424556,-0.350611,4.356290e-03,-2.419569e-03,2.536640e-02,2.344296,-0.567603,-0.304177,2.343443,-0.567812,-0.303837,0.074572,4.000000,0,a
46.720000,985,DS_terminal,5,-1.610602e-03,-5.076489e-03,1.416564e-03,-6.299649e-04,3.521124e-04,9.551997e-04,realized,-2.736242e-02,4.307411e-01,-1.102949e+00,0.053258,0.141122,0.035783,,,,2.191379,-0.425614,-0.350134,2.196521,-0.424556,-0.350611,3.587983e-03,-4.338192e-03,2.472638e-02,2.344293,-0.567608,-0.304175,2.343443,-0.567812,-0.303837,0.074273,4.000000,0,a
46.820000,986,DS_terminal,5,-1.133454e-03,-3.424782e-03,1.479232e-03,-4.972995e-04,3.883500e-04,8.255478e-04,realized,-2.700671e-02,4.270082e-01,-1.094501e+00,0.053386,0.139810,0.038731,,,,2.191378,-0.425617,-0.350133,2.196521,-0.424556,-0.350611,3.073855e-03,-5.726076e-03,2.458151e-02,2.344290,-0.567612,-0.304173,2.343443,-0.567812,-0.303837,0.074026,4.000000,0,a
46.920000,987,DS_terminal,5,-8.645799e-04,-2.342116e-03,1.178591e-03,-4.080909e-04,4.039174e-04,6.975616e-04,realized,-2.667475e-02,4.232497e-01,-1.086094e+00,0.053511,0.138510,0.041654,,,,2.191378,-0.425619,-0.350132,2.196521,-0.424556,-0.350611,2.772637e-03,-6.613523e-03,2.472903e-02,2.344288,-0.567615,-0.304172,2.343443,-0.567812,-0.303837,0.073822,4.000000,0,a
47.020000,988,DS_terminal,5,-8.050215e-04,-1.954515e-03,7.678638e-04,-3.712745e-04,4.013910e-04,6.187207e-04,realized,-2.635600e-02,4.194929e-01,-1.077719e+00,0.053632,0.137221,0.044552,,,,2.191377,-0.425621,-0.350132,2.196521,-0.424556,-0.350611,2.686259e-03,-6.883691e-03,2.493993e-02,2.344286,-0.567618,-0.304170,2.343443,-0.567812,-0.303837,0.073656,4.000000,0,a
47.120000,989,DS_terminal,5,-1.132839e-03,-3.006278e-03,4.006410e-04,-4.282351e-04,3.671646e-04,7.097813e-04,realized,-2.603808e-02,4.157672e-01,-1.069358e+00,0.053750,0.135943,0.047427,,,,2.191377,-0.425623,-0.350131,2.196521,-0.424556,-0.350611,2.995157e-03,-5.834319e-03,2.501341e-02,2.344285,-0.567621,-0.304169,2.343443,-0.567812,-0.303837,0.073521,4.000000,0,a
47.220000,990,DS_terminal,5,-1.366747e-03,-3.643259e-03,-8.998653e-05,-4.650152e-04,3.357563e-04,7.167634e-04,realized,-2.571516e-02,4.120905e-01,-1.061014e+00,0.053865,0.134675,0.050278,,,,2.191377,-0.425624,-0.350131,2.196521,-0.424556,-0.350611,3.207876e-03,-5.175953e-03,2.522170e-02,2.344284,-0.567623,-0.304168,2.343443,-0.567812,-0.303837,0.073410,4.000000,0,a
47.320000,991,DS_terminal,5,-1.216781e-03,-8.529049e-04,-5.207092e-03,-2.263126e-04,2.171687e-04,-3.087999e-04,realized,-2.537407e-02,4.084768e-01,-1.052628e+00,0.053977,0.133419,0.053106,,,,2.191377,-0.425625,-0.350130,2.196521,-0.424556,-0.350611,3.046050e-03,-7.696503e-03,2.978113e-02,2.344282,-0.567625,-0.304168,2.343443,-0.567812,-0.303837,0.073315,4.000000,0,a
47.420000,992,DS_terminal,5,-1.137876e-03,-3.213371e-03,3.883327e-04,-4.150995e-04,2.901621e-04,6.530305e-04,realized,-2.502826e-02,4.049183e-01,-1.044274e+00,0.054086,0.132173,0.055911,,,,2.191376,-0.425627,-0.350130,2.196521,-0.424556,-0.350611,2.958497e-03,-5.339445e-03,2.458391e-02,2.344281,-0.567626,-0.304167,2.343443,-0.567812,-0.303837,0.073231,4.000000,0,a
47.520000,993,DS_terminal,5,-2.287480e-03,-3.611321e-03,-7.672749e-03,-4.350878e-04,3.738487e-05,-5.145472e-04,realized,-2.466192e-02,4.014349e-01,-1.035897e+00,0.054192,0.130937,0.058694,,,,2.191376,-0.425628,-0.350129,2.196521,-0.424556,-0.350611,4.105874e-03,-5.261755e-03,3.161284e-02,2.344280,-0.567628,-0.304166,2.343443,-0.567812,-0.303837,0.073148,4.000000,0,a
47.620000,994,DS_terminal,5,-1.032898e-03,-3.123997e-03,8.857967e-04,-4.209653e-04,2.568821e-04,6.058254e-04,realized,-2.431019e-02,3.979781e-01,-1.027633e+00,0.054296,0.129713,0.061456,,,,2.191376,-0.425629,-0.350129,2.196521,-0.424556,-0.350611,2.822767e-03,-5.300847e-03,2.392461e-02,2.344279,-0.567630,-0.304166,2.343443,-0.567812,-0.303837,0.073066,4.000000,0,a
47.720000,995,DS_terminal,5,-2.371709e-03,-4.060819e-03,-7.467439e-03,-4.741793e-04,-6.519489e-06,-5.198006e-04,realized,-2.394995e-02,3.945680e-01,-1.019366e+00,0.054398,0.128499,0.064195,,,,2.191375,-0.425631,-0.350129,2.196521,-0.424556,-0.350611,4.155552e-03,-4.751371e-03,3.115216e-02,2.344278,-0.567632,-0.304165,2.343443,-0.567812,-0.303837,0.072984,4.000000,0,a
47.820000,996,DS_terminal,5,-1.024362e-03,-3.316362e-03,1.183214e-03,-4.313466e-04,2.171991e-04,5.992071e-04,realized,-2.361353e-02,3.911717e-01,-1.011245e+00,0.054497,0.127296,0.066914,,,,2.191375,-0.425632,-0.350128,2.196521,-0.424556,-0.350611,2.778335e-03,-5.008268e-03,2.339312e-02,2.344277,-0.567634,-0.304164,2.343443,-0.567812,-0.303837,0.072903,4.000000,0,a
47.920000,997,DS_terminal,5,-2.004141e-03,-3.362934e-03,-6.327116e-03,-4.182650e-04,-2.523163e-06,-4.865480e-04,realized,-2.327333e-02,3.878099e-01,-1.003125e+00,0.054595,0.126103,0.069610,,,,2.191374,-0.425634,-0.350127,2.196521,-0.424556,-0.350611,3.749738e-03,-5.202728e-03,2.992462e-02,2.344276,-0.567636,-0.304164,2.343443,-0.567812,-0.303837,0.072822,4.000000,0,a
48.020000,998,DS_terminal,5,-1.001779e-03,-3.382606e-03,1.351567e-03,-4.303137e-04,1.883895e-04,5.871390e-04,realized,-2.295718e-02,3.844589e-01,-9.951456e-01,0.054690,0.124921,0.072286,,,,2.191374,-0.425635,-0.350127,2.196521,-0.424556,-0.350611,2.720304e-03,-4.821481e-03,2.297787e-02,2.344275,-0.567638,-0.304163,2.343443,-0.567812,-0.303837,0.072743,4.000000,0,a
48.120000,999,DS_terminal,5,-1.681980e-03,-2.742655e-03,-5.335106e-03,-3.673065e-04,5.753357e-06,-4.479628e-04,realized,-2.263673e-02,3.811425e-01,-9.871656e-01,0.054782,0.123750,0.074940,,,,2.191373,-0.425637,-0.350126,2.196521,-0.424556,-0.350611,3.391710e-03,-5.583534e-03,2.882260e-02,2.344274,-0.567640,-0.304162,2.343443,-0.567812,-0.303837,0.072665,4.000000,0,a
48.220000,1000,DS_terminal,5,-9.604973e-04,-3.342985e-03,1.471256e-03,-4.227723e-04,1.681740e-04,5.683613e-04,realized,-2.233733e-02,3.778403e-01,-9.793163e-01,0.054873,0.122588,0.077573,,,,2.191373,-0.425638,-0.350126,2.196521,-0.424556,-0.350611,2.645029e-03,-4.721315e-03,2.260973e-02,2.344272,-0.567642,-0.304161,2.343443,-0.567812,-0.303837,0.072589,4.000000,0,a
48.320000,1001,DS_terminal,5,-1.545419e-03,-2.533336e-03,-4.845040e-03,-3.478951e-04,8.471836e-08,-4.297734e-04,realized,-2.203220e-02,3.745749e-01,-9.714638e-01,0.054961,0.121437,0.080185,,,,2.191372,-0.425640,-0.350125,2.196521,-0.424556,-0.350611,3.221161e-03,-5.613369e-03,2.813636e-02,2.344271,-0.567644,-0.304160,2.343443,-0.567812,-0.303837,0.072514,4.000000,0,a
48.420000,1002,DS_terminal,5,-9.430801e-04,-3.361124e-03,1.557221e-03,-4.212561e-04,1.502985e-04,5.544482e-04,realized,-2.174589e-02,3.713274e-01,-9.637376e-01,0.055048,0.120295,0.082776,,,,2.191372,-0.425641,-0.350125,2.196521,-0.424556,-0.350611,2.595398e-03,-4.569321e-03,2.226966e-02,2.344270,-0.567646,-0.304160,2.343443,-0.567812,-0.303837,0.072440,4.000000,0,a
48.520000,1003,DS_terminal,5,-1.504988e-03,-2.543983e-03,-4.594914e-03,-3.466083e-04,-1.269579e-05,-4.220591e-04,realized,-2.145279e-02,3.681167e-01,-9.560037e-01,0.055132,0.119164,0.085347,,,,2.191371,-0.425642,-0.350124,2.196521,-0.424556,-0.350611,3.148805e-03,-5.459720e-03,2.765287e-02,2.344269,-0.567648,-0.304159,2.343443,-0.567812,-0.303837,0.072368,4.000000,0,a
48.620000,1004,DS_terminal,5,-9.348863e-04,-3.392516e-03,1.616409e-03,-4.212026e-04,1.348764e-04,5.432402e-04,realized,-2.117757e-02,3.649265e-01,-9.483976e-01,0.055214,0.118042,0.087897,,,,2.191371,-0.425644,-0.350123,2.196521,-0.424556,-0.350611,2.556121e-03,-4.404772e-03,2.195202e-02,2.344268,-0.567650,-0.304158,2.343443,-0.567812,-0.303837,0.072298,4.000000,0,a
48.720000,1005,DS_terminal,5,-1.504653e-03,-2.643033e-03,-4.447519e-03,-3.528024e-04,-2.736105e-05,-4.181252e-04,realized,-2.089501e-02,3.617711e-01,-9.407776e-01,0.055294,0.116930,0.090427,,,,2.191370,-0.425645,-0.350123,2.196521,-0.424556,-0.350611,3.118115e-03,-5.234700e-03,2.725884e-02,2.344267,-0.567652,-0.304157,2.343443,-0.567812,-0.303837,0.072228,4.000000,0,a
48.820000,1006,DS_terminal,5,-9.061552e-04,-3.334083e-03,1.651055e-03,-4.141769e-04,1.238808e-04,5.264060e-04,realized,-2.063034e-02,3.586375e-01,-9.332906e-01,0.055373,0.115828,0.092936,,,,2.191369,-0.425647,-0.350122,2.196521,-0.424556,-0.350611,2.496926e-03,-4.318361e-03,2.165866e-02,2.344266,-0.567654,-0.304157,2.343443,-0.567812,-0.303837,0.072160,4.000000,0,a
48.920000,1007,DS_terminal,5,-1.514453e-03,-2.757611e-03,-4.333014e-03,-3.605011e-04,-4.050836e-05,-4.137903e-04,realized,-2.035788e-02,3.555354e-01,-9.257815e-01,0.055449,0.114735,0.095426,,,,2.191369,-0.425648,-0.350122,2.196521,-0.424556,-0.350611,3.098863e-03,-4.999792e-03,2.689639e-02,2.344265,-0.567656,-0.304156,2.343443,-0.567812,-0.303837,0.072094,4.000000,0,a
49.020000,1008,DS_terminal,5,-8.784560e-04,-3.202062e-03,1.538981e-03,-4.056783e-04,1.099998e-04,4.715004e-04,realized,-2.010508e-02,3.524543e-01,-9.184170e-01,0.055523,0.113652,0.097896,,,,2.191368,-0.425649,-0.350121,2.196521,-0.424556,-0.350611,2.439775e-03,-4.322035e-03,2.150494e-02,2.344264,-0.567658,-0.304155,2.343443,-0.567812,-0.303837,0.072028,4.000000,0,a
49.120000,1009,DS_terminal,5,-1.502618e-03,-2.805716e-03,-4.188118e-03,-3.626933e-04,-4.849324e-05,-4.054774e-04,realized,-1.984246e-02,3.494032e-01,-9.110161e-01,0.055596,0.112578,0.100346,,,,2.191368,-0.425651,-0.350121,2.196521,-0.424556,-0.350611,3.058943e-03,-4.823076e-03,2.651256e-02,2.344264,-0.567660,-0.304154,2.343443,-0.567812,-0.303837,0.071964,4.000000,0,a
49.220000,1010,DS_terminal,5,-1.486270e-03,-2.857668e-03,-3.906179e-03,-3.683838e-04,-3.603933e-05,-3.397864e-04,realized,-1.959786e-02,3.463735e-01,-9.037507e-01,0.055667,0.111513,0.102776,,,,2.191367,-0.425652,-0.350120,2.196521,-0.424556,-0.350611,3.020336e-03,-4.693852e-03,2.607774e-02,2.344263,-0.567661,-0.304154,2.343443,-0.567812,-0.303837,0.071901,4.000000,0,a
49.320000,1011,DS_terminal,5,-1.512787e-03,-2.789659e-03,-4.296366e-03,-3.547761e-04,-4.455133e-05,-3.858110e-04,realized,-1.935766e-02,3.433614e-01,-8.965198e-01,0.055736,0.110458,0.105187,,,,2.191367,-0.425653,-0.350120,2.196521,-0.424556,-0.350611,3.033063e-03,-4.682472e-03,2.629214e-02,2.344262,-0.567663,-0.304153,2.343443,-0.567812,-0.303837,0.071840,4.000000,0,a
49.420000,1012,DS_terminal,5,-1.552016e-03,-2.843772e-03,-4.508731e-03,-3.555179e-04,-5.360898e-05,-4.120743e-04,realized,-1.912059e-02,3.403771e-01,-8.893358e-01,0.055803,0.109412,0.107578,,,,2.191366,-0.425655,-0.350119,2.196521,-0.424556,-0.350611,3.061470e-03,-4.571845e-03,2.636195e-02,2.344261,-0.567665,-0.304153,2.343443,-0.567812,-0.303837,0.071781,4.000000,0,a
49.520000,1013,DS_terminal,5,-1.571435e-03,-2.971970e-03,-4.410931e-03,-3.670855e-04,-6.245272e-05,-4.102413e-04,realized,-1.888464e-02,3.374235e-01,-8.821940e-01,0.055869,0.108375,0.109951,,,,2.191365,-0.425656,-0.350119,2.196521,-0.424556,-0.350611,3.072606e-03,-4.404613e-03,2.617339e-02,2.344260,-0.567666,-0.304152,2.343443,-0.567812,-0.303837,0.071723,4.000000,0,a
49.620000,1014,DS_terminal,5,-1.685390e-03,-3.320911e-03,-4.546165e-03,-3.958516e-04,-7.963141e-05,-4.156303e-04,realized,-1.864959e-02,3.345021e-01,-8.750987e-01,0.055933,0.107346,0.112304,,,,2.191365,-0.425657,-0.350118,2.196521,-0.424556,-0.350611,3.175994e-03,-4.047755e-03,2.616302e-02,2.344259,-0.567668,-0.304151,2.343443,-0.567812,-0.303837,0.071664,4.000000,0,a
49.720000,1015,DS_terminal,5,-1.753033e-03,-3.541809e-03,-4.595743e-03,-4.144311e-04,-8.974847e-05,-4.143934e-04,realized,-1.841673e-02,3.316110e-01,-8.680557e-01,0.055995,0.106327,0.114639,,,,2.191364,-0.425658,-0.350118,2.196521,-0.424556,-0.350611,3.232216e-03,-3.799172e-03,2.607825e-02,2.344258,-0.567670,-0.304151,2.343443,-0.567812,-0.303837,0.071605,4.000000,0,a
49.820000,1016,DS_terminal,5,-1.755415e-03,-3.606708e-03,-4.487459e-03,-4.206956e-04,-9.305697e-05,-4.052958e-04,realized,-1.818712e-02,3.287472e-01,-8.610664e-01,0.056056,0.105317,0.116955,,,,2.191364,-0.425660,-0.350118,2.196521,-0.424556,-0.350611,3.223176e-03,-3.683567e-03,2.586392e-02,2.344257,-0.567671,-0.304150,2.343443,-0.567812,-0.303837,0.071546,4.000000,0,a
49.920000,1017,DS_terminal,5,-1.717331e-03,-3.575677e-03,-4.280303e-03,-4.193827e-04,-9.223370e-05,-3.915756e-04,realized,-1.796147e-02,3.259087e-01,-8.541312e-01,0.056115,0.104315,0.119252,,,,2.191363,-0.425661,-0.350117,2.196521,-0.424556,-0.350611,3.173716e-03,-3.649605e-03,2.556878e-02,2.344256,-0.567673,-0.304150,2.343443,-0.567812,-0.303837,0.071487,4.000000,0,a
50.020000,1018,DS_terminal,5,-1.660975e-03,-3.501708e-03,-4.027422e-03,-4.146896e-04,-8.940260e-05,-3.755691e-04,realized,-1.774016e-02,3.230940e-01,-8.472503e-01,0.056173,0.103322,0.121532,,,,2.191362,-0.425662,-0.350117,2.196521,-0.424556,-0.350611,3.106087e-03,-3.652159e-03,2.523652e-02,2.344255,-0.567675,-0.304149,2.343443,-0.567812,-0.303837,0.071428,4.000000,0,a
50.120000,1019,DS_terminal,5,-1.602859e-03,-3.423838e-03,-3.769707e-03,-4.096382e-04,-8.622978e-05,-3.591831e-04,realized,-1.752330e-02,3.203026e-01,-8.404231e-01,0.056230,0.102338,0.123793,,,,2.191362,-0.425663,-0.350116,2.196521,-0.424556,-0.350611,3.036847e-03,-3.658001e-03,2.490077e-02,2.344254,-0.567676,-0.304149,2.343443,-0.567812,-0.303837,0.071370,4.000000,0,a
50.220000,1020,DS_terminal,5,-1.552648e-03,-3.364392e-03,-3.532304e-03,-4.059491e-04,-8.372900e-05,-3.437331e-04,realized,-1.731078e-02,3.175342e-01,-8.336491e-01,0.056285,0.101362,0.126035,,,,2.191361,-0.425665,-0.350116,2.196521,-0.424556,-0.350611,2.975693e-03,-3.648218e-03,2.458230e-02,2.344253,-0.567678,-0.304148,2.343443,-0.567812,-0.303837,0.071312,4.000000,0,a
50.320000,1021,DS_terminal,5,-1.513969e-03,-3.331395e-03,-3.325304e-03,-4.042535e-04,-8.230419e-05,-3.298390e-04,realized,-1.710242e-02,3.147889e-01,-8.269274e-01,0.056339,0.100395,0.128260,,,,2.191360,-0.425666,-0.350116,2.196521,-0.424556,-0.350611,2.926272e-03,-3.616142e-03,2.428956e-02,2.344252,-0.567680,-0.304148,2.343443,-0.567812,-0.303837,0.071254,4.000000,0,a
50.420000,1022,DS_terminal,5,-1.486458e-03,-3.323718e-03,-3.148337e-03,-4.044761e-04,-8.195120e-05,-3.175609e-04,realized,-1.689799e-02,3.120666e-01,-8.202574e-01,0.056391,0.099436,0.130467,,,,2.191360,-0.425667,-0.350115,2.196521,-0.424556,-0.350611,2.888240e-03,-3.562898e-03,2.402239e-02,2.344251,-0.567682,-0.304147,2.343443,-0.567812,-0.303837,0.071198,4.000000,0,a
50.520000,1023,DS_terminal,5,-1.467891e-03,-3.336050e-03,-2.995980e-03,-4.062112e-04,-8.246757e-05,-3.066505e-04,realized,-1.669725e-02,3.093676e-01,-8.136386e-01,0.056442,0.098486,0.132657,,,,2.191359,-0.425668,-0.350115,2.196521,-0.424556,-0.350611,2.859382e-03,-3.493124e-03,2.377640e-02,2.344250,-0.567683,-0.304147,2.343443,-0.567812,-0.303837,0.071142,4.000000,0,a
50.620000,1024,DS_terminal,5,-1.455639e-03,-3.362219e-03,-2.861625e-03,-4.089801e-04,-8.359829e-05,-2.967634e-04,realized,-1.650001e-02,3.066920e-01,-8.070702e-01,0.056492,0.097543,0.134829,,,,2.191358,-0.425669,-0.350114,2.196521,-0.424556,-0.350611,2.837070e-03,-3.412149e-03,2.354619e-02,2.344249,-0.567685,-0.304146,2.343443,-0.567812,-0.303837,0.071087,4.000000,0,a
50.720000,1025,DS_terminal,5,-1.447398e-03,-3.396847e-03,-2.739412e-03,-4.123647e-04,-8.511229e-05,-2.875793e-04,realized,-1.630612e-02,3.040398e-01,-8.005520e-01,0.056540,0.096609,0.136983,,,,2.191358,-0.425671,-0.350114,2.196521,-0.424556,-0.350611,2.819002e-03,-3.324592e-03,2.332694e-02,2.344248,-0.567687,-0.304146,2.343443,-0.567812,-0.303837,0.071032,4.000000,0,a
50.820000,1026,DS_terminal,5,-1.441434e-03,-3.435901e-03,-2.624862e-03,-4.160527e-04,-8.683055e-05,-2.788470e-04,realized,-1.611544e-02,3.014108e-01,-7.940834e-01,0.056588,0.095683,0.139120,,,,2.191357,-0.425672,-0.350114,2.196521,-0.424556,-0.350611,2.803436e-03,-3.233908e-03,2.311496e-02,2.344247,-0.567688,-0.304145,2.343443,-0.567812,-0.303837,0.070979,4.000000,0,a
50.920000,1027,DS_terminal,5,-1.436565e-03,-3.476662e-03,-2.514854e-03,-4.198369e-04,-8.862779e-05,-2.703876e-04,realized,-1.592789e-02,2.988049e-01,-7.876640e-01,0.056634,0.094766,0.141240,,,,2.191356,-0.425673,-0.350113,2.196521,-0.424556,-0.350611,2.789188e-03,-3.142419e-03,2.290768e-02,2.344246,-0.567690,-0.304145,2.343443,-0.567812,-0.303837,0.070926,4.000000,0,a
51.020000,1028,DS_terminal,5,-1.432045e-03,-3.517445e-03,-2.407339e-03,-4.235922e-04,-9.042247e-05,-2.620810e-04,realized,-1.574337e-02,2.962219e-01,-7.812934e-01,0.056679,0.093856,0.143343,,,,2.191356,-0.425674,-0.350113,2.196521,-0.424556,-0.350611,2.775505e-03,-3.051556e-03,2.270341e-02,2.344245,-0.567692,-0.304144,2.343443,-0.567812,-0.303837,0.070874,4.000000,0,a
51.120000,1029,DS_terminal,5,-1.427430e-03,-3.557267e-03,-2.301024e-03,-4.272487e-04,-9.216397e-05,-2.538491e-04,realized,-1.556183e-02,2.936616e-01,-7.749712e-01,0.056722,0.092953,0.145429,,,,2.191355,-0.425676,-0.350112,2.196521,-0.424556,-0.350611,2.761939e-03,-2.962143e-03,2.250106e-02,2.344245,-0.567693,-0.304144,2.343443,-0.567812,-0.303837,0.070823,4.000000,0,a
51.220000,1030,DS_terminal,5,-1.422459e-03,-3.595573e-03,-2.195103e-03,-4.307689e-04,-9.382155e-05,-2.456413e-04,realized,-1.538321e-02,2.911238e-01,-7.686971e-01,0.056765,0.092059,0.147498,,,,2.191354,-0.425677,-0.350112,2.196521,-0.424556,-0.350611,2.748223e-03,-2.874633e-03,2.229996e-02,2.344244,-0.567695,-0.304144,2.343443,-0.567812,-0.303837,0.070772,4.000000,0,a
51.320000,1031,DS_terminal,5,-1.416980e-03,-3.632040e-03,-2.089081e-03,-4.341322e-04,-9.537661e-05,-2.374253e-04,realized,-1.520745e-02,2.886081e-01,-7.624706e-01,0.056806,0.091173,0.149550,,,,2.191354,-0.425678,-0.350112,2.196521,-0.424556,-0.350611,2.734196e-03,-2.789280e-03,2.209967e-02,2.344243,-0.567696,-0.304143,2.343443,-0.567812,-0.303837,0.070722,4.000000,0,a
51.420000,1032,DS_terminal,5,-1.410900e-03,-3.666472e-03,-1.982670e-03,-4.373262e-04,-9.681819e-05,-2.291817e-04,realized,-1.503452e-02,2.861145e-01,-7.562914e-01,0.056847,0.090294,0.151586,,,,2.191353,-0.425679,-0.350111,2.196521,-0.424556,-0.350611,2.719761e-03,-2.706227e-03,2.189995e-02,2.344242,-0.567698,-0.304143,2.343443,-0.567812,-0.303837,0.070673,4.000000,0,a
51.520000,1033,DS_terminal,5,-1.404171e-03,-3.698756e-03,-1.875734e-03,-4.403432e-04,-9.814086e-05,-2.209013e-04,realized,-1.486435e-02,2.836425e-01,-7.501591e-01,0.056886,0.089423,0.153605,,,,2.191353,-0.425680,-0.350111,2.196521,-0.424556,-0.350611,2.704863e-03,-2.625548e-03,2.170068e-02,2.344241,-0.567700,-0.304142,2.343443,-0.567812,-0.303837,0.070624,4.000000,0,a
51.620000,1034,DS_terminal,5,-1.396781e-03,-3.728848e-03,-1.768268e-03,-4.431798e-04,-9.934370e-05,-2.125836e-04,realized,-1.469690e-02,2.811921e-01,-7.440735e-01,0.056924,0.088559,0.155609,,,,2.191352,-0.425682,-0.350111,2.196521,-0.424556,-0.350611,2.689486e-03,-2.547263e-03,2.150183e-02,2.344240,-0.567701,-0.304142,2.343443,-0.567812,-0.303837,0.070576,4.000000,0,a
51.720000,1035,DS_terminal,5,-1.388749e-03,-3.756770e-03,-1.660377e-03,-4.458370e-04,-1.004298e-04,-2.042356e-04,realized,-1.453213e-02,2.787630e-01,-7.380341e-01,0.056961,0.087703,0.157596,,,,2.191351,-0.425683,-0.350110,2.196521,-0.424556,-0.350611,2.673643e-03,-2.471337e-03,2.130348e-02,2.344239,-0.567703,-0.304141,2.343443,-0.567812,-0.303837,0.070529,4.000000,0,a
51.820000,1036,DS_terminal,5,-1.380126e-03,-3.782609e-03,-1.552251e-03,-4.483205e-04,-1.014055e-04,-1.958702e-04,realized,-1.436997e-02,2.763550e-01,-7.320406e-01,0.056998,0.086855,0.159567,,,,2.191351,-0.425684,-0.350110,2.196521,-0.424556,-0.350611,2.657381e-03,-2.397685e-03,2.110580e-02,2.344238,-0.567705,-0.304141,2.343443,-0.567812,-0.303837,0.070482,4.000000,0,a
51.920000,1037,DS_terminal,5,-1.370984e-03,-3.806503e-03,-1.444145e-03,-4.506400e-04,-1.022800e-04,-1.875044e-04,realized,-1.421039e-02,2.739678e-01,-7.260928e-01,0.057033,0.086013,0.161522,,,,2.191350,-0.425685,-0.350110,2.196521,-0.424556,-0.350611,2.640766e-03,-2.326180e-03,2.090897e-02,2.344237,-0.567706,-0.304141,2.343443,-0.567812,-0.303837,0.070435,4.000000,0,a
52.020000,1038,DS_terminal,5,-1.361411e-03,-3.828629e-03,-1.336351e-03,-4.528084e-04,-1.030638e-04,-1.791579e-04,realized,-1.405334e-02,2.716015e-01,-7.201902e-01,0.057067,0.085180,0.163461,,,,2.191350,-0.425686,-0.350109,2.196521,-0.424556,-0.350611,2.623884e-03,-2.256665e-03,2.071324e-02,2.344236,-0.567708,-0.304140,2.343443,-0.567812,-0.303837,0.070389,4.000000,0,a
52.120000,1039,DS_terminal,5,-1.351506e-03,-3.849188e-03,-1.229173e-03,-4.548404e-04,-1.037684e-04,-1.708512e-04,realized,-1.389875e-02,2.692556e-01,-7.143326e-01,0.057101,0.084353,0.165385,,,,2.191349,-0.425688,-0.350109,2.196521,-0.424556,-0.350611,2.606828e-03,-2.188965e-03,2.051886e-02,2.344236,-0.567709,-0.304140,2.343443,-0.567812,-0.303837,0.070343,4.000000,0,a
52.220000,1040,DS_terminal,5,-1.341365e-03,-3.868386e-03,-1.122914e-03,-4.567518e-04,-1.044054e-04,-1.626052e-04,realized,-1.374660e-02,2.669301e-01,-7.085195e-01,0.057133,0.083533,0.167293,,,,2.191348,-0.425689,-0.350109,2.196521,-0.424556,-0.350611,2.589690e-03,-2.122900e-03,2.032607e-02,2.344235,-0.567711,-0.304140,2.343443,-0.567812,-0.303837,0.070298,4.000000,0,a
52.320000,1041,DS_terminal,5,-1.331087e-03,-3.886427e-03,-1.017867e-03,-4.585579e-04,-1.049860e-04,-1.544401e-04,realized,-1.359682e-02,2.646247e-01,-7.027507e-01,0.057165,0.082721,0.169185,,,,2.191348,-0.425690,-0.350108,2.196521,-0.424556,-0.350611,2.572564e-03,-2.058290e-03,2.013510e-02,2.344234,-0.567713,-0.304139,2.343443,-0.567812,-0.303837,0.070254,4.000000,0,a
52.420000,1042,DS_terminal,5,-1.320763e-03,-3.903508e-03,-9.143119e-04,-4.602738e-04,-1.055212e-04,-1.463757e-04,realized,-1.344937e-02,2.623394e-01,-6.970259e-01,0.057196,0.081916,0.171062,,,,2.191347,-0.425691,-0.350108,2.196521,-0.424556,-0.350611,2.555536e-03,-1.994965e-03,1.994619e-02,2.344233,-0.567714,-0.304139,2.343443,-0.567812,-0.303837,0.070209,4.000000,0,a
52.520000,1043,DS_terminal,5,-1.312954e-03,-3.926538e-03,-8.166706e-04,-4.623843e-04,-1.061455e-04,-1.380768e-04,realized,-1.330419e-02,2.600738e-01,-6.913446e-01,0.057225,0.081117,0.172924,,,,2.191347,-0.425692,-0.350108,2.196521,-0.424556,-0.350611,2.541164e-03,-1.926823e-03,1.976264e-02,2.344232,-0.567716,-0.304138,2.343443,-0.567812,-0.303837,0.070165,4.000000,0,a
52.620000,1044,DS_terminal,5,-1.300599e-03,-3.936332e-03,-7.131204e-04,-4.635581e-04,-1.065357e-04,-1.306477e-04,realized,-1.316126e-02,2.578279e-01,-6.857066e-01,0.057255,0.080326,0.174771,,,,2.191346,-0.425693,-0.350108,2.196521,-0.424556,-0.350611,2.522386e-03,-1.870856e-03,1.957569e-02,2.344231,-0.567717,-0.304138,2.343443,-0.567812,-0.303837,0.070122,4.000000,0,a
52.720000,1045,DS_terminal,5,-1.290426e-03,-3.950998e-03,-6.151811e-04,-4.650371e-04,-1.069601e-04,-1.229701e-04,realized,-1.302053e-02,2.556014e-01,-6.801117e-01,0.057283,0.079541,0.176603,,,,2.191345,-0.425695,-0.350107,2.196521,-0.424556,-0.350611,2.505911e-03,-1.810971e-03,1.939383e-02,2.344231,-0.567719,-0.304138,2.343443,-0.567812,-0.303837,0.070078,4.000000,0,a
52.820000,1046,DS_terminal,5,-1.280630e-03,-3.965663e-03,-5.199517e-04,-4.664937e-04,-1.073966e-04,-1.154861e-04,realized,-1.288196e-02,2.533942e-01,-6.745593e-01,0.057310,0.078764,0.178420,,,,2.191345,-0.425696,-0.350107,2.196521,-0.424556,-0.350611,2.489941e-03,-1.751530e-03,1.921501e-02,2.344230,-0.567720,-0.304137,2.343443,-0.567812,-0.303837,0.070035,4.000000,0,a
52.920000,1047,DS_terminal,5,-1.271314e-03,-3.980512e-03,-4.277441e-04,-4.679479e-04,-1.078465e-04,-1.082096e-04,realized,-1.274551e-02,2.512061e-01,-6.690493e-01,0.057337,0.077993,0.180223,,,,2.191344,-0.425697,-0.350107,2.196521,-0.424556,-0.350611,2.474572e-03,-1.692380e-03,1.903947e-02,2.344229,-0.567722,-0.304137,2.343443,-0.567812,-0.303837,0.069993,4.000000,0,a
53.020000,1048,DS_terminal,5,-1.262526e-03,-3.995632e-03,-3.387303e-04,-4.694053e-04,-1.083161e-04,-1.011547e-04,realized,-1.261114e-02,2.490368e-01,-6.635813e-01,0.057363,0.077229,0.182010,,,,2.191344,-0.425698,-0.350106,2.196521,-0.424556,-0.350611,2.459847e-03,-1.633444e-03,1.886734e-02,2.344228,-0.567723,-0.304137,2.343443,-0.567812,-0.303837,0.069950,4.000000,0,a
53.120000,1049,DS_terminal,5,-1.254316e-03,-4.011123e-03,-2.531025e-04,-4.708717e-04,-1.088128e-04,-9.433751e-05,realized,-1.247880e-02,2.468864e-01,-6.581549e-01,0.057388,0.076471,0.183783,,,,2.191343,-0.425699,-0.350106,2.196521,-0.424556,-0.350611,2.445811e-03,-1.574631e-03,1.869877e-02,2.344227,-0.567725,-0.304136,2.343443,-0.567812,-0.303837,0.069908,4.000000,0,a
53.220000,1050,DS_terminal,5,-1.246753e-03,-4.027121e-03,-1.710902e-04,-4.723564e-04,-1.093443e-04,-8.777474e-05,realized,-1.234846e-02,2.447545e-01,-6.527699e-01,0.057412,0.075720,0.185542,,,,2.191342,-0.425700,-0.350106,2.196521,-0.424556,-0.350611,2.432529e-03,-1.515821e-03,1.853394e-02,2.344226,-0.567726,-0.304136,2.343443,-0.567812,-0.303837,0.069866,4.000000,0,a
53.320000,1051,DS_terminal,5,-1.239917e-03,-4.043796e-03,-9.293703e-05,-4.738716e-04,-1.099194e-04,-8.148294e-05,realized,-1.222008e-02,2.426410e-01,-6.474260e-01,0.057436,0.074975,0.187286,,,,2.191342,-0.425701,-0.350105,2.196521,-0.424556,-0.350611,2.420074e-03,-1.456868e-03,1.837306e-02,2.344226,-0.567728,-0.304136,2.343443,-0.567812,-0.303837,0.069825,4.000000,0,a
53.420000,1052,DS_terminal,5,-1.233327e-03,-4.060947e-03,-1.560311e-05,-4.754314e-04,-1.105338e-04,-7.527881e-05,realized,-1.209363e-02,2.405458e-01,-6.421227e-01,0.057459,0.074237,0.189017,,,,2.191341,-0.425702,-0.350105,2.196521,-0.424556,-0.350611,2.407978e-03,-1.397889e-03,1.821357e-02,2.344225,-0.567729,-0.304135,2.343443,-0.567812,-0.303837,0.069783,4.000000,0,a
53.520000,1053,DS_terminal,5,-1.228895e-03,-4.080647e-03,5.132194e-05,-4.771212e-04,-1.112692e-04,-6.974135e-05,realized,-1.196907e-02,2.384686e-01,-6.368600e-01,0.057481,0.073506,0.190733,,,,2.191341,-0.425704,-0.350105,2.196521,-0.424556,-0.350611,2.398098e-03,-1.337240e-03,1.806342e-02,2.344224,-0.567731,-0.304135,2.343443,-0.567812,-0.303837,0.069742,4.000000,0,a
53.620000,1054,DS_terminal,5,-1.224628e-03,-4.100118e-03,1.165823e-04,-4.787787e-04,-1.120150e-04,-6.434525e-05,realized,-1.184637e-02,2.364094e-01,-6.316375e-01,0.057503,0.072780,0.192435,,,,2.191340,-0.425705,-0.350105,2.196521,-0.424556,-0.350611,2.388494e-03,-1.277191e-03,1.791540e-02,2.344223,-0.567732,-0.304135,2.343443,-0.567812,-0.303837,0.069702,4.000000,0,a
53.720000,1055,DS_terminal,5,-1.221529e-03,-4.121413e-03,1.770921e-04,-4.805593e-04,-1.128535e-04,-5.926441e-05,realized,-1.172551e-02,2.343679e-01,-6.264547e-01,0.057523,0.072061,0.194123,,,,2.191340,-0.425706,-0.350104,2.196521,-0.424556,-0.350611,2.380140e-03,-1.216003e-03,1.777201e-02,2.344222,-0.567734,-0.304134,2.343443,-0.567812,-0.303837,0.069661,4.000000,0,a
53.820000,1056,DS_terminal,5,-1.219614e-03,-4.144605e-03,2.328783e-04,-4.824682e-04,-1.137888e-04,-5.449192e-05,realized,-1.160644e-02,2.323439e-01,-6.213115e-01,0.057544,0.071349,0.195797,,,,2.191339,-0.425707,-0.350104,2.196521,-0.424556,-0.350611,2.373050e-03,-1.153616e-03,1.763321e-02,2.344222,-0.567735,-0.304134,2.343443,-0.567812,-0.303837,0.069621,4.000000,0,a
53.920000,1057,DS_terminal,5,-1.218953e-03,-4.169922e-03,2.838721e-04,-4.845226e-04,-1.148305e-04,-5.002355e-05,realized,-1.148914e-02,2.303374e-01,-6.162076e-01,0.057563,0.070642,0.197458,,,,2.191339,-0.425708,-0.350104,2.196521,-0.424556,-0.350611,2.367292e-03,-1.089836e-03,1.749907e-02,2.344221,-0.567737,-0.304134,2.343443,-0.567812,-0.303837,0.069581,4.000000,0,a
54.020000,1058,DS_terminal,5,-1.219622e-03,-4.197638e-03,3.300855e-04,-4.867456e-04,-1.159875e-04,-4.584467e-05,realized,-1.137359e-02,2.283480e-01,-6.111426e-01,0.057582,0.069942,0.199105,,,,2.191338,-0.425709,-0.350103,2.196521,-0.424556,-0.350611,2.362939e-03,-1.024433e-03,1.736954e-02,2.344220,-0.567738,-0.304133,2.343443,-0.567812,-0.303837,0.069541,4.000000,0,a
54.120000,1059,DS_terminal,5,-1.221686e-03,-4.228059e-03,3.716670e-04,-4.891640e-04,-1.172686e-04,-4.192719e-05,realized,-1.125975e-02,2.263758e-01,-6.061162e-01,0.057601,0.069248,0.200738,,,,2.191338,-0.425710,-0.350103,2.196521,-0.424556,-0.350611,2.360054e-03,-9.571517e-04,1.724451e-02,2.344219,-0.567739,-0.304133,2.343443,-0.567812,-0.303837,0.069501,4.000000,0,a
54.220000,1060,DS_terminal,5,-1.225191e-03,-4.261511e-03,4.089517e-04,-4.918082e-04,-1.186821e-04,-3.822573e-05,realized,-1.114760e-02,2.244204e-01,-6.011283e-01,0.057618,0.068559,0.202359,,,,2.191337,-0.425711,-0.350103,2.196521,-0.424556,-0.350611,2.358683e-03,-8.877225e-04,1.712368e-02,2.344219,-0.567741,-0.304133,2.343443,-0.567812,-0.303837,0.069461,4.000000,0,a
54.320000,1061,DS_terminal,5,-1.230147e-03,-4.298322e-03,4.425401e-04,-4.947106e-04,-1.202342e-04,-3.467126e-05,realized,-1.103713e-02,2.224818e-01,-5.961784e-01,0.057636,0.067877,0.203966,,,,2.191336,-0.425712,-0.350103,2.196521,-0.424556,-0.350611,2.358836e-03,-8.158782e-04,1.700654e-02,2.344218,-0.567742,-0.304132,2.343443,-0.567812,-0.303837,0.069422,4.000000,0,a
54.420000,1062,DS_terminal,5,-1.235807e-03,-4.337184e-03,4.752546e-04,-4.977815e-04,-1.218515e-04,-3.105701e-05,realized,-1.092830e-02,2.205598e-01,-5.912664e-01,0.057652,0.067201,0.205559,,,,2.191336,-0.425713,-0.350102,2.196521,-0.424556,-0.350611,2.359762e-03,-7.426950e-04,1.689070e-02,2.344217,-0.567744,-0.304132,2.343443,-0.567812,-0.303837,0.069383,4.000000,0,a
54.520000,1063,DS_terminal,5,-1.241612e-03,-4.376852e-03,5.086630e-04,-5.009350e-04,-1.234767e-04,-2.732187e-05,realized,-1.082116e-02,2.186540e-01,-5.863920e-01,0.057668,0.066530,0.207140,,,,2.191335,-0.425714,-0.350102,2.196521,-0.424556,-0.350611,2.360945e-03,-6.692938e-04,1.677503e-02,2.344216,-0.567745,-0.304132,2.343443,-0.567812,-0.303837,0.069344,4.000000,0,a
54.620000,1064,DS_terminal,5,-1.245936e-03,-4.414239e-03,5.484783e-04,-5.038951e-04,-1.248487e-04,-2.277530e-05,realized,-1.071573e-02,2.167642e-01,-5.815551e-01,0.057684,0.065865,0.208708,,,,2.191335,-0.425715,-0.350102,2.196521,-0.424556,-0.350611,2.360740e-03,-5.978410e-04,1.665443e-02,2.344216,-0.567746,-0.304131,2.343443,-0.567812,-0.303837,0.069305,4.000000,0,a
54.720000,1065,DS_terminal,5,-1.249260e-03,-4.449624e-03,5.909688e-04,-5.067820e-04,-1.263753e-04,-1.873607e-05,realized,-1.061204e-02,2.148901e-01,-5.767555e-01,0.057699,0.065206,0.210262,,,,2.191334,-0.425716,-0.350102,2.196521,-0.424556,-0.350611,2.359591e-03,-5.288276e-04,1.653259e-02,2.344215,-0.567748,-0.304131,2.343443,-0.567812,-0.303837,0.069267,4.000000,0,a
54.820000,1066,DS_terminal,5,-1.253521e-03,-4.489541e-03,6.359873e-04,-5.100267e-04,-1.279486e-04,-1.399734e-05,realized,-1.051002e-02,2.130319e-01,-5.719928e-01,0.057713,0.064553,0.211804,,,,2.191334,-0.425717,-0.350101,2.196521,-0.424556,-0.350611,2.359518e-03,-4.561144e-04,1.640910e-02,2.344214,-0.567749,-0.304131,2.343443,-0.567812,-0.303837,0.069229,4.000000,0,a
54.920000,1067,DS_terminal,5,-1.257944e-03,-4.532587e-03,6.863130e-04,-5.135955e-04,-1.295950e-04,-8.680062e-06,realized,-1.040959e-02,2.111892e-01,-5.672666e-01,0.057727,0.063906,0.213334,,,,2.191333,-0.425718,-0.350101,2.196521,-0.424556,-0.350611,2.359729e-03,-3.811374e-04,1.628177e-02,2.344213,-0.567750,-0.304130,2.343443,-0.567812,-0.303837,0.069191,4.000000,0,a
55.020000,1068,DS_terminal,5,-1.255422e-03,-4.562275e-03,7.604127e-04,-5.162268e-04,-1.305583e-04,-1.778714e-06,realized,-1.031069e-02,2.093622e-01,-5.625765e-01,0.057740,0.063264,0.214850,,,,2.191333,-0.425719,-0.350101,2.196521,-0.424556,-0.350611,2.353075e-03,-3.174692e-04,1.613504e-02,2.344213,-0.567752,-0.304130,2.343443,-0.567812,-0.303837,0.069153,4.000000,0,a
55.120000,1069,DS_terminal,5,-1.262513e-03,-4.619382e-03,8.200630e-04,-5.210956e-04,-1.326601e-04,4.887159e-06,realized,-1.021326e-02,2.075508e-01,-5.579224e-01,0.057753,0.062627,0.216355,,,,2.191332,-0.425720,-0.350101,2.196521,-0.424556,-0.350611,2.356256e-03,-2.317299e-04,1.600118e-02,2.344212,-0.567753,-0.304130,2.343443,-0.567812,-0.303837,0.069116,4.000000,0,a
55.220000,1070,DS_terminal,5,-1.259690e-03,-4.657893e-03,9.146121e-04,-5.246574e-04,-1.337753e-04,1.398484e-05,realized,-1.011727e-02,2.057549e-01,-5.533039e-01,0.057765,0.061997,0.217846,,,,2.191332,-0.425721,-0.350100,2.196521,-0.424556,-0.350611,2.349589e-03,-1.617020e-04,1.583852e-02,2.344211,-0.567754,-0.304130,2.343443,-0.567812,-0.303837,0.069078,4.000000,0,a
55.320000,1071,DS_terminal,5,-1.250953e-03,-4.688089e-03,1.035880e-03,-5.277343e-04,-1.343170e-04,2.523031e-05,realized,-1.002266e-02,2.039744e-01,-5.487206e-01,0.057777,0.061371,0.219326,,,,2.191331,-0.425722,-0.350100,2.196521,-0.424556,-0.350611,2.337120e-03,-9.895336e-05,1.565395e-02,2.344210,-0.567755,-0.304129,2.343443,-0.567812,-0.303837,0.069041,4.000000,0,a
55.420000,1072,DS_terminal,5,-1.233538e-03,-4.706702e-03,1.197664e-03,-5.301482e-04,-1.339931e-04,3.986290e-05,realized,-9.929428e-03,2.022091e-01,-5.441724e-01,0.057788,0.060751,0.220793,,,,2.191331,-0.425723,-0.350100,2.196521,-0.424556,-0.350611,2.316070e-03,-4.614602e-05,1.543567e-02,2.344210,-0.567757,-0.304129,2.343443,-0.567812,-0.303837,0.069005,4.000000,0,a
55.520000,1073,DS_terminal,5,-1.203670e-03,-4.707511e-03,1.415297e-03,-5.314666e-04,-1.323338e-04,5.928204e-05,realized,-9.837571e-03,2.004588e-01,-5.396591e-01,0.057799,0.060137,0.222248,,,,2.191330,-0.425723,-0.350100,2.196521,-0.424556,-0.350611,2.282649e-03,-8.262048e-06,1.517054e-02,2.344209,-0.567758,-0.304129,2.343443,-0.567812,-0.303837,0.068968,4.000000,0,a
55.620000,1074,DS_terminal,5,-1.154167e-03,-4.681437e-03,1.723748e-03,-5.311295e-04,-1.284384e-04,8.695273e-05,realized,-9.747113e-03,1.987234e-01,-5.351805e-01,0.057810,0.059527,0.223691,,,,2.191330,-0.425724,-0.350100,2.196521,-0.424556,-0.350611,2.229651e-03,7.605142e-06,1.482847e-02,2.344208,-0.567759,-0.304129,2.343443,-0.567812,-0.303837,0.068932,4.000000,0,a
55.720000,1075,DS_terminal,5,-1.070154e-03,-4.611287e-03,2.199195e-03,-5.280571e-04,-1.202467e-04,1.311072e-04,realized,-9.658127e-03,1.970026e-01,-5.307368e-01,0.057819,0.058923,0.225122,,,,2.191329,-0.425725,-0.350099,2.196521,-0.424556,-0.350611,2.142154e-03,-1.138791e-05,1.434347e-02,2.344207,-0.567760,-0.304129,2.343443,-0.567812,-0.303837,0.068897,4.000000,0,a
55.820000,1076,DS_terminal,5,-9.170546e-04,-4.469000e-03,3.045574e-03,-5.204300e-04,-1.018855e-04,2.176344e-04,realized,-9.570740e-03,1.952962e-01,-5.263284e-01,0.057829,0.058324,0.226542,,,,2.191329,-0.425726,-0.350099,2.196521,-0.424556,-0.350611,1.985457e-03,-8.204352e-05,1.353639e-02,2.344207,-0.567761,-0.304128,2.343443,-0.567812,-0.303837,0.068861,4.000000,0,a
55.920000,1077,DS_terminal,5,-6.964683e-04,-4.365533e-03,4.500954e-03,-5.139085e-04,-6.268063e-05,4.112797e-04,realized,-9.484413e-03,1.936055e-01,-5.219547e-01,0.057838,0.057731,0.227949,,,,2.191328,-0.425727,-0.350099,2.196521,-0.424556,-0.350611,1.760815e-03,-7.906922e-05,1.217516e-02,2.344206,-0.567762,-0.304128,2.343443,-0.567812,-0.303837,0.068826,4.000000,0,a
56.020000,1078,DS_terminal,5,-5.706930e-04,-4.236454e-03,5.177065e-03,-4.980423e-04,-3.555423e-05,5.234166e-04,realized,-9.396874e-03,1.919329e-01,-5.176065e-01,0.057847,0.057142,0.229345,,,,2.191328,-0.425728,-0.350099,2.196521,-0.424556,-0.350611,1.633462e-03,-9.459356e-05,1.148893e-02,2.344205,-0.567764,-0.304128,2.343443,-0.567812,-0.303837,0.068793,4.000000,0,a
56.120000,1079,DS_terminal,5,-5.321819e-04,-4.139585e-03,5.225541e-03,-4.915221e-04,-4.250504e-05,4.978917e-04,realized,-9.309177e-03,1.902765e-01,-5.132866e-01,0.057855,0.056559,0.230729,,,,2.191327,-0.425728,-0.350099,2.196521,-0.424556,-0.350611,1.595715e-03,-1.503595e-04,1.139634e-02,2.344205,-0.567765,-0.304128,2.343443,-0.567812,-0.303837,0.068760,4.000000,0,a
56.220000,1080,DS_terminal,5,-5.421202e-04,-4.200766e-03,5.267010e-03,-4.980366e-04,-4.838479e-05,4.935302e-04,realized,-9.221168e-03,1.886388e-01,-5.089997e-01,0.057863,0.055981,0.232102,,,,2.191327,-0.425729,-0.350099,2.196521,-0.424556,-0.350611,1.603296e-03,-6.710221e-05,1.129069e-02,2.344204,-0.567766,-0.304128,2.343443,-0.567812,-0.303837,0.068727,4.000000,0,a
56.320000,1081,DS_terminal,5,-5.393448e-04,-4.212915e-03,5.307737e-03,-5.001772e-04,-5.063272e-05,4.914352e-04,realized,-9.133817e-03,1.870169e-01,-5.047465e-01,0.057870,0.055407,0.233463,,,,2.191326,-0.425730,-0.350099,2.196521,-0.424556,-0.350611,1.597398e-03,-2.601539e-05,1.118385e-02,2.344203,-0.567767,-0.304127,2.343443,-0.567812,-0.303837,0.068695,4.000000,0,a
56.420000,1082,DS_terminal,5,-5.279459e-04,-4.195171e-03,5.349608e-03,-4.992143e-04,-5.121269e-05,4.902565e-04,realized,-9.047893e-03,1.854084e-01,-5.005270e-01,0.057877,0.054839,0.234813,,,,2.191326,-0.425731,-0.350098,2.196521,-0.424556,-0.350611,1.582486e-03,-9.736544e-06,1.107521e-02,2.344203,-0.567768,-0.304127,2.343443,-0.567812,-0.303837,0.068664,4.000000,0,a
56.520000,1083,DS_terminal,5,-5.128834e-04,-4.163907e-03,5.390032e-03,-4.968023e-04,-5.101440e-05,4.892644e-04,realized,-8.963816e-03,1.838120e-01,-4.963411e-01,0.057884,0.054276,0.236152,,,,2.191325,-0.425732,-0.350098,2.196521,-0.424556,-0.350611,1.563780e-03,-4.443795e-06,1.096776e-02,2.344202,-0.567769,-0.304127,2.343443,-0.567812,-0.303837,0.068633,4.000000,0,a
56.620000,1084,DS_terminal,5,-4.978112e-04,-4.131082e-03,5.427521e-03,-4.941746e-04,-5.057907e-05,4.882353e-04,realized,-8.881693e-03,1.822273e-01,-4.921885e-01,0.057890,0.053718,0.237480,,,,2.191325,-0.425733,-0.350098,2.196521,-0.424556,-0.350611,1.545082e-03,-1.755724e-07,1.086302e-02,2.344201,-0.567770,-0.304127,2.343443,-0.567812,-0.303837,0.068603,4.000000,0,a
56.720000,1085,DS_terminal,5,-4.843582e-04,-4.102473e-03,5.461765e-03,-4.919076e-04,-5.030211e-05,4.869060e-04,realized,-8.801407e-03,1.806543e-01,-4.880685e-01,0.057896,0.053164,0.238797,,,,2.191324,-0.425733,-0.350098,2.196521,-0.424556,-0.350611,1.528144e-03,7.771692e-06,1.076162e-02,2.344201,-0.567771,-0.304127,2.343443,-0.567812,-0.303837,0.068573,4.000000,0,a
56.820000,1086,DS_terminal,5,-4.726776e-04,-4.079028e-03,5.493216e-03,-4.901158e-04,-5.037307e-05,4.850458e-04,realized,-8.722708e-03,1.790933e-01,-4.839802e-01,0.057902,0.052615,0.240102,,,,2.191324,-0.425734,-0.350098,2.196521,-0.424556,-0.350611,1.513220e-03,2.002188e-05,1.066358e-02,2.344200,-0.567772,-0.304127,2.343443,-0.567812,-0.303837,0.068544,4.000000,0,a
56.920000,1087,DS_terminal,5,-4.623832e-04,-4.059839e-03,5.522741e-03,-4.887442e-04,-5.082315e-05,4.825916e-04,realized,-8.645297e-03,1.775448e-01,-4.799231e-01,0.057907,0.052071,0.241397,,,,2.191324,-0.425735,-0.350098,2.196521,-0.424556,-0.350611,1.499971e-03,3.565553e-05,1.056839e-02,2.344200,-0.567774,-0.304126,2.343443,-0.567812,-0.303837,0.068515,4.000000,0,a
57.020000,1088,DS_terminal,5,-4.531321e-04,-4.044001e-03,5.551038e-03,-4.877302e-04,-5.163483e-05,4.795666e-04,realized,-8.568883e-03,1.760095e-01,-4.758962e-01,0.057912,0.051532,0.242681,,,,2.191323,-0.425736,-0.350097,2.196521,-0.424556,-0.350611,1.488059e-03,5.374784e-05,1.047556e-02,2.344199,-0.567775,-0.304126,2.343443,-0.567812,-0.303837,0.068487,4.000000,0,a
57.120000,1089,DS_terminal,5,-4.448778e-04,-4.031420e-03,5.578326e-03,-4.870702e-04,-5.279898e-05,4.760245e-04,realized,-8.493235e-03,1.744875e-01,-4.718992e-01,0.057917,0.050998,0.243955,,,,2.191323,-0.425737,-0.350097,2.196521,-0.424556,-0.350611,1.477402e-03,7.405383e-05,1.038488e-02,2.344198,-0.567776,-0.304126,2.343443,-0.567812,-0.303837,0.068459,4.000000,0,a
57.220000,1090,DS_terminal,5,-4.378111e-04,-4.022744e-03,5.604670e-03,-4.868121e-04,-5.429720e-05,4.721132e-04,realized,-8.418205e-03,1.729792e-01,-4.679316e-01,0.057921,0.050468,0.245217,,,,2.191322,-0.425737,-0.350097,2.196521,-0.424556,-0.350611,1.468128e-03,9.702018e-05,1.029612e-02,2.344198,-0.567777,-0.304126,2.343443,-0.567812,-0.303837,0.068431,4.000000,0,a
57.320000,1091,DS_terminal,5,-4.320521e-04,-4.018524e-03,5.630524e-03,-4.869833e-04,-5.606066e-05,4.681142e-04,realized,-8.343733e-03,1.714844e-01,-4.639931e-01,0.057925,0.049942,0.246469,,,,2.191322,-0.425738,-0.350097,2.196521,-0.424556,-0.350611,1.460281e-03,1.231327e-04,1.020861e-02,2.344197,-0.567778,-0.304126,2.343443,-0.567812,-0.303837,0.068403,4.000000,0,a
57.420000,1092,DS_terminal,5,-4.274229e-04,-4.018466e-03,5.656797e-03,-4.875323e-04,-5.796976e-05,4.643593e-04,realized,-8.269831e-03,1.700032e-01,-4.600839e-01,0.057929,0.049421,0.247711,,,,2.191322,-0.425739,-0.350097,2.196521,-0.424556,-0.350611,1.453612e-03,1.522696e-04,1.012128e-02,2.344197,-0.567779,-0.304126,2.343443,-0.567812,-0.303837,0.068375,4.000000,0,a
57.520000,1093,DS_terminal,5,-4.235128e-04,-4.021510e-03,5.684467e-03,-4.883436e-04,-5.989645e-05,4.611071e-04,realized,-8.196561e-03,1.685352e-01,-4.562037e-01,0.057932,0.048905,0.248942,,,,2.191321,-0.425740,-0.350097,2.196521,-0.424556,-0.350611,1.447664e-03,1.836999e-04,1.003307e-02,2.344196,-0.567780,-0.304125,2.343443,-0.567812,-0.303837,0.068347,4.000000,0,a
57.620000,1094,DS_terminal,5,-4.198864e-04,-4.026402e-03,5.714190e-03,-4.892914e-04,-6.174425e-05,4.584871e-04,realized,-8.124005e-03,1.670802e-01,-4.523528e-01,0.057935,0.048393,0.250163,,,,2.191321,-0.425740,-0.350097,2.196521,-0.424556,-0.350611,1.441976e-03,2.165045e-04,9.943295e-03,2.344196,-0.567781,-0.304125,2.343443,-0.567812,-0.303837,0.068319,4.000000,0,a
57.720000,1095,DS_terminal,5,-4.162265e-04,-4.032127e-03,5.746192e-03,-4.902791e-04,-6.346092e-05,4.565146e-04,realized,-8.052241e-03,1.656378e-01,-4.485311e-01,0.057938,0.047886,0.251373,,,,2.191320,-0.425741,-0.350096,2.196521,-0.424556,-0.350611,1.436226e-03,2.499206e-04,9.851711e-03,2.344195,-0.567782,-0.304125,2.343443,-0.567812,-0.303837,0.068291,4.000000,0,a
57.820000,1096,DS_terminal,5,-4.123596e-04,-4.038027e-03,5.780355e-03,-4.912474e-04,-6.503006e-05,4.551354e-04,realized,-7.981330e-03,1.642078e-01,-4.447385e-01,0.057940,0.047383,0.252574,,,,2.191320,-0.425742,-0.350096,2.196521,-0.424556,-0.350611,1.430247e-03,2.834418e-04,9.758432e-03,2.344194,-0.567783,-0.304125,2.343443,-0.567812,-0.303837,0.068263,4.000000,0,a
57.920000,1097,DS_terminal,5,-4.082144e-04,-4.043720e-03,5.816373e-03,-4.921648e-04,-6.645584e-05,4.542666e-04,realized,-7.911309e-03,1.627901e-01,-4.409750e-01,0.057942,0.046884,0.253764,,,,2.191320,-0.425743,-0.350096,2.196521,-0.424556,-0.350611,1.423978e-03,3.167567e-04,9.663748e-03,2.344194,-0.567784,-0.304125,2.343443,-0.567812,-0.303837,0.068234,4.000000,0,a
58.020000,1098,DS_terminal,5,-4.037651e-04,-4.048954e-03,5.853884e-03,-4.930126e-04,-6.774985e-05,4.538215e-04,realized,-7.842193e-03,1.613845e-01,-4.372405e-01,0.057944,0.046390,0.254945,,,,2.191319,-0.425743,-0.350096,2.196521,-0.424556,-0.350611,1.417403e-03,3.496401e-04,9.568011e-03,2.344193,-0.567785,-0.304125,2.343443,-0.567812,-0.303837,0.068206,4.000000,0,a
58.120000,1099,DS_terminal,5,-3.989902e-04,-4.053493e-03,5.892539e-03,-4.937738e-04,-6.892305e-05,4.537202e-04,realized,-7.773975e-03,1.599909e-01,-4.335348e-01,0.057946,0.045900,0.256115,,,,2.191319,-0.425744,-0.350096,2.196521,-0.424556,-0.350611,1.410511e-03,3.818677e-04,9.471559e-03,2.344193,-0.567786,-0.304125,2.343443,-0.567812,-0.303837,0.068178,4.000000,0,a
58.220000,1100,DS_terminal,5,-3.938535e-04,-4.057069e-03,5.932024e-03,-4.944277e-04,-6.998252e-05,4.538916e-04,realized,-7.706641e-03,1.586092e-01,-4.298577e-01,0.057947,0.045414,0.257276,,,,2.191318,-0.425745,-0.350096,2.196521,-0.424556,-0.350611,1.403270e-03,4.131776e-04,9.374696e-03,2.344192,-0.567787,-0.304125,2.343443,-0.567812,-0.303837,0.068149,4.000000,0,a
58.320000,1101,DS_terminal,5,-3.883042e-04,-4.059372e-03,5.972064e-03,-4.949500e-04,-7.093141e-05,4.542720e-04,realized,-7.640165e-03,1.572394e-01,-4.262091e-01,0.057948,0.044933,0.258427,,,,2.191318,-0.425746,-0.350096,2.196521,-0.424556,-0.350611,1.395636e-03,4.432768e-04,9.277691e-03,2.344192,-0.567788,-0.304124,2.343443,-0.567812,-0.303837,0.068121,4.000000,0,a
58.420000,1102,DS_terminal,5,-3.822870e-04,-4.060093e-03,6.012414e-03,-4.953156e-04,-7.177049e-05,4.548039e-04,realized,-7.574523e-03,1.558814e-01,-4.225886e-01,0.057949,0.044456,0.259568,,,,2.191318,-0.425746,-0.350096,2.196521,-0.424556,-0.350611,1.387554e-03,4.718736e-04,9.180784e-03,2.344191,-0.567789,-0.304124,2.343443,-0.567812,-0.303837,0.068093,4.000000,0,a
58.520000,1103,DS_terminal,5,-3.757550e-04,-4.058964e-03,6.052853e-03,-4.955030e-04,-7.250017e-05,4.554359e-04,realized,-7.509690e-03,1.545352e-01,-4.189960e-01,0.057949,0.043982,0.260699,,,,2.191317,-0.425747,-0.350095,2.196521,-0.424556,-0.350611,1.378979e-03,4.987166e-04,9.084183e-03,2.344191,-0.567790,-0.304124,2.343443,-0.567812,-0.303837,0.068065,4.000000,0,a
58.620000,1104,DS_terminal,5,-3.686795e-04,-4.055794e-03,6.093191e-03,-4.954971e-04,-7.312195e-05,4.561236e-04,realized,-7.445644e-03,1.532006e-01,-4.154312e-01,0.057949,0.043513,0.261821,,,,2.191317,-0.425748,-0.350095,2.196521,-0.424556,-0.350611,1.369884e-03,5.236260e-04,8.988072e-03,2.344190,-0.567791,-0.304124,2.343443,-0.567812,-0.303837,0.068037,4.000000,0,a
58.720000,1105,DS_terminal,5,-3.610547e-04,-4.050488e-03,6.133260e-03,-4.952911e-04,-7.363933e-05,4.568303e-04,realized,-7.382363e-03,1.518776e-01,-4.118939e-01,0.057949,0.043048,0.262933,,,,2.191316,-0.425748,-0.350095,2.196521,-0.424556,-0.350611,1.360262e-03,5.465075e-04,8.892605e-03,2.344189,-0.567792,-0.304124,2.343443,-0.567812,-0.303837,0.068009,4.000000,0,a
58.820000,1106,DS_terminal,5,-3.528971e-04,-4.043041e-03,6.172926e-03,-4.948861e-04,-7.405781e-05,4.575267e-04,realized,-7.319831e-03,1.505661e-01,-4.083839e-01,0.057949,0.042587,0.264036,,,,2.191316,-0.425749,-0.350095,2.196521,-0.424556,-0.350611,1.350129e-03,5.673500e-04,8.797907e-03,2.344189,-0.567793,-0.304124,2.343443,-0.567812,-0.303837,0.067981,4.000000,0,a
58.920000,1107,DS_terminal,5,-3.442410e-04,-4.033526e-03,6.212078e-03,-4.942896e-04,-7.438457e-05,4.581911e-04,realized,-7.258029e-03,1.492660e-01,-4.049009e-01,0.057949,0.042130,0.265130,,,,2.191316,-0.425750,-0.350095,2.196521,-0.424556,-0.350611,1.339521e-03,5.862104e-04,8.704075e-03,2.344188,-0.567794,-0.304124,2.343443,-0.567812,-0.303837,0.067954,4.000000,0,a
59.020000,1108,DS_terminal,5,-3.351321e-04,-4.022067e-03,6.250632e-03,-4.935139e-04,-7.462769e-05,4.588078e-04,realized,-7.196941e-03,1.479772e-01,-4.014447e-01,0.057948,0.041677,0.266214,,,,2.191315,-0.425750,-0.350095,2.196521,-0.424556,-0.350611,1.328482e-03,6.031932e-04,8.611185e-03,2.344188,-0.567795,-0.304124,2.343443,-0.567812,-0.303837,0.067926,4.000000,0,a
59.120000,1109,DS_terminal,5,-3.255400e-04,-4.008481e-03,6.288396e-03,-4.925409e-04,-7.479007e-05,4.593334e-04,realized,-7.136554e-03,1.466995e-01,-3.980150e-01,0.057947,0.041228,0.267290,,,,2.191315,-0.425751,-0.350095,2.196521,-0.424556,-0.350611,1.316983e-03,6.181470e-04,8.519402e-03,2.344187,-0.567796,-0.304124,2.343443,-0.567812,-0.303837,0.067899,4.000000,0,a
59.220000,1110,DS_terminal,5,-3.157559e-04,-3.993912e-03,6.325701e-03,-4.914815e-04,-7.489073e-05,4.598612e-04,realized,-7.076852e-03,1.454330e-01,-3.946117e-01,0.057946,0.040783,0.268356,,,,2.191314,-0.425752,-0.350095,2.196521,-0.424556,-0.350611,1.305315e-03,6.320280e-04,8.428429e-03,2.344187,-0.567797,-0.304123,2.343443,-0.567812,-0.303837,0.067872,4.000000,0,a
59.320000,1111,DS_terminal,5,-3.056070e-04,-3.977637e-03,6.362189e-03,-4.902614e-04,-7.493263e-05,4.602949e-04,realized,-7.017821e-03,1.441774e-01,-3.912345e-01,0.057944,0.040342,0.269412,-2.841290e-03,6.394923e-04,2.174750e-03,2.191314,-0.425752,-0.350095,2.196521,-0.424556,-0.350611,1.293305e-03,6.442377e-04,8.338587e-03,2.344186,-0.567797,-0.304123,2.343443,-0.567812,-0.303837,0.067846,4.000000,0,a
