t,phase,step_idx,mask_ss,Hdot_s_x,Hdot_s_y,Hdot_s_z,tau_w_x,tau_w_y,tau_w_z,e_ori_torso_deg,e_pos_torso_x,e_pos_torso_y,e_pos_torso_z,d_ee_to_target,e_ori_ee_deg,swing_arm,stance_a_idx,stance_b_idx,swing_to_idx,gait_phase_idx
0.110000,SS,0,1,0.457022404,-1.444439155,2.471734672,-0.080429283,1.383290366,-0.406043603,0.006741902,-0.000409052,-0.000184320,0.000028889,0.799651727,0.009167113,b,2,2,3,1
0.210000,SS,0,1,0.666590453,-1.297909375,3.091223003,-0.039199295,1.335510493,-0.746742062,0.027132761,-0.000707535,-0.000243791,0.000249778,0.797374153,0.027983567,b,2,2,3,1
0.310000,SS,0,1,0.890060472,-1.071464569,4.265351869,-0.057453609,1.497170970,-0.796999110,0.064316638,-0.001318523,-0.000325984,0.000517963,0.791611450,0.048450071,b,2,2,3,1
0.410000,SS,0,1,1.103182737,-0.804814379,4.999994984,-0.140750647,1.539098820,-0.793530830,0.112091484,-0.002063429,-0.000409345,0.000793555,0.781206739,0.066589075,b,2,2,3,1
0.510000,SS,0,1,1.302184864,-0.446886346,5.000001836,-0.263599749,1.462886126,-0.745208915,0.169356385,-0.002926824,-0.000527288,0.001054086,0.765374806,0.081066073,b,2,2,3,1
0.610000,SS,0,1,1.453501387,-0.033729735,5.000002754,-0.410765548,1.316498272,-0.646138495,0.234272195,-0.003852748,-0.000676597,0.001273391,0.743683018,0.091675680,b,2,2,3,1
0.710000,SS,0,1,1.533102913,0.310166340,5.000002611,-0.530401065,1.136950832,-0.554908904,0.304853754,-0.004827279,-0.000861225,0.001433163,0.716016522,0.098386436,b,2,2,3,1
0.810000,SS,0,1,1.531945519,0.598567229,5.000002160,-0.639611075,0.927796778,-0.462612367,0.379565401,-0.005805061,-0.001075976,0.001517207,0.682539710,0.101079272,b,2,2,3,1
0.910000,SS,0,1,1.443423286,0.778018903,5.000001603,-0.707011503,0.719339150,-0.398278541,0.456388441,-0.006765277,-0.001308315,0.001518802,0.643659239,0.099514419,b,2,2,3,1
1.010000,SS,0,1,1.270205212,0.841707012,5.000001040,-0.730441462,0.519262314,-0.366886397,0.533425871,-0.007542502,-0.001515585,0.001424241,0.599988550,0.093655150,b,2,2,3,1
1.110000,SS,0,1,1.023208752,0.810276209,5.000000504,-0.711320466,0.329015224,-0.368534722,0.608936982,-0.008279813,-0.001706604,0.001254250,0.552311865,0.083890259,b,2,2,3,1
1.210000,SS,0,1,0.719239290,0.685995980,5.000000049,-0.648988120,0.159643015,-0.404033985,0.681104356,-0.009009136,-0.001886666,0.001017539,0.501549352,0.071217663,b,2,2,3,1
1.310000,SS,0,1,0.380308761,0.473807089,4.999999724,-0.556209223,0.018643819,-0.461443627,0.748421566,-0.009549255,-0.001997897,0.000715903,0.448721717,0.057382272,b,2,2,3,1
1.410000,SS,0,1,0.022611409,0.197033160,4.999999538,-0.441075838,-0.096166346,-0.539158263,0.809613231,-0.009930435,-0.002044275,0.000367139,0.394914107,0.045495985,b,2,2,3,1
1.510000,SS,0,1,-0.330576626,-0.132137809,4.999999520,-0.322374376,-0.177666299,-0.626533296,0.863338558,-0.010129557,-0.002019599,-0.000011694,0.341241502,0.040620145,b,2,2,3,1
1.610000,SS,0,1,-0.674840998,-0.483847496,4.999999651,-0.206677915,-0.225151207,-0.715888616,0.908286771,-0.010131947,-0.001923646,-0.000401631,0.288813636,0.046109652,b,2,2,3,1
1.710000,SS,0,1,-0.988473191,-0.846023349,4.999999950,-0.107071684,-0.240833249,-0.806043535,0.943304886,-0.009936655,-0.001766333,-0.000781896,0.238700063,0.058827332,b,2,2,3,1
1.810000,SS,0,1,-1.277819564,-1.180141168,5.000000365,-0.020582401,-0.231169952,-0.890435141,0.967476702,-0.009552571,-0.001560231,-0.001132435,0.191895270,0.074390080,b,2,2,3,1
1.910000,SS,0,1,-1.520523647,-1.470893770,5.000000886,0.044719264,-0.207796750,-0.968146939,0.980344393,-0.009005934,-0.001327278,-0.001432302,0.149283845,0.090488499,b,2,2,3,1
2.010000,SS,0,1,-1.721522586,-1.687762590,5.000001429,0.095633026,-0.184202776,-1.030894542,0.981827195,-0.008332348,-0.001088197,-0.001662634,0.111605656,0.106063781,b,2,2,3,1
2.110000,SS,0,1,-1.852186523,-1.861583016,5.000001994,0.144281704,-0.168385603,-1.087956681,0.972091013,-0.007533397,-0.000850166,-0.001799570,0.079420947,0.120551136,b,2,2,3,1
2.210000,SS,0,1,-1.895782400,-1.976682419,5.000002435,0.197479913,-0.180104352,-1.129276963,0.951838459,-0.006722060,-0.000660016,-0.001821649,0.053074042,0.133659367,b,2,2,3,1
2.310000,SS,0,1,-1.825927795,-2.031309810,5.000002374,0.267352339,-0.230611509,-1.152073442,0.922033932,-0.005988813,-0.000547283,-0.001704853,0.032656512,0.145467885,b,2,2,3,1
2.410000,SS,0,1,-1.517179667,-1.832451209,4.997751244,0.381998620,-0.314816732,-1.135850167,0.883898706,-0.004943608,-0.000380452,-0.001403604,0.017971124,0.156405127,b,2,2,3,1
2.510000,SS,0,1,-1.368756305,-2.032769115,4.314280370,0.362662261,-0.381994761,-1.086712183,0.838826282,-0.003899495,-0.000285891,-0.000985277,0.008507168,0.166380133,b,2,2,3,1
2.610000,SS,0,1,-0.951475766,-1.941683008,2.653370974,0.314343414,-0.306407964,-1.015694118,0.787935221,-0.002888162,-0.000190980,-0.000454245,0.003457224,0.173295948,b,2,2,3,1
2.710000,SS,0,1,-0.526102912,-1.922052997,1.265235079,0.255278816,-0.054575936,-0.983271248,0.732645164,-0.002097527,-0.000106810,0.000033087,0.001824295,0.173780233,b,2,2,3,1
2.810000,SS,0,1,-0.197034125,-1.922935287,0.237221672,0.238868519,0.335363366,-0.953081941,0.675673596,-0.001644433,-0.000022833,0.000362327,0.001858030,0.166495077,b,2,2,3,1
5.140000,SS,1,1,-0.145761798,-0.796192262,1.314524482,0.106477922,1.276651531,-1.973460918,0.007307641,-0.000048163,-0.000054248,-0.000038946,0.799877400,0.011579899,a,2,3,3,3
5.240000,SS,1,1,-0.142547899,-0.831493019,1.343679206,-0.044535942,1.309720743,-2.333664529,0.025804449,-0.000049693,0.000115494,0.000022552,0.799593073,0.023174998,a,2,3,3,3
5.340000,SS,1,1,-0.176869931,-0.735361199,1.107916046,0.195697888,1.052313639,-1.816452995,0.046260432,-0.000286808,0.000130449,0.000026964,0.799121973,0.029433689,a,2,3,3,3
5.440000,SS,1,1,-0.164330281,-0.711646805,0.969365659,0.320330953,0.957028491,-1.618500644,0.071204175,-0.000488789,0.000132136,0.000044919,0.798373584,0.035503954,a,2,3,3,3
5.540000,SS,1,1,-0.110943324,-0.726286016,0.931159068,0.326281398,1.051237356,-1.767513691,0.097339645,-0.000626486,0.000227483,0.000089104,0.797261771,0.039429491,a,2,3,3,3
5.640000,SS,1,1,-0.053859465,-0.726949367,0.879271811,0.353070596,1.104034681,-1.828922042,0.120789729,-0.000770339,0.000344047,0.000125857,0.795690382,0.037910551,a,2,3,3,3
5.740000,SS,1,1,0.010035914,-0.705854393,0.808555830,0.411238427,1.075774205,-1.742334651,0.139922276,-0.000948432,0.000441999,0.000149695,0.793566426,0.031375934,a,2,3,3,3
5.840000,SS,1,1,0.087116926,-0.700356423,0.791631487,0.458070303,1.060099822,-1.679566766,0.154467252,-0.001138533,0.000538584,0.000171118,0.790811940,0.022124379,a,2,3,3,3
5.940000,SS,1,1,0.172867962,-0.722944425,0.847951718,0.486661162,1.080697990,-1.684071454,0.164317103,-0.001329148,0.000647756,0.000192732,0.787363102,0.011705011,a,2,3,3,3
6.040000,SS,1,1,0.266386497,-0.735902872,0.910638055,0.508857775,1.090251960,-1.674223427,0.169471787,-0.001522073,0.000762953,0.000211075,0.783167170,0.001291806,a,2,3,3,3
6.140000,SS,1,1,0.365454740,-0.737110355,0.975122328,0.531236387,1.080170425,-1.632155750,0.170179145,-0.001722415,0.000875684,0.000224413,0.778181375,0.009795960,a,2,3,3,3
6.240000,SS,1,1,0.470285880,-0.729852483,1.045133016,0.547473109,1.063509674,-1.581376875,0.166955402,-0.001924679,0.000986589,0.000234236,0.772372556,0.019199243,a,2,3,3,3
6.340000,SS,1,1,0.575888279,-0.735837791,1.154643093,0.558584674,1.056524188,-1.549081630,0.160409459,-0.002129695,0.001097281,0.000240995,0.765715988,0.027033509,a,2,3,3,3
6.440000,SS,1,1,0.680524080,-0.751100152,1.293188938,0.564460053,1.053534237,-1.528091264,0.151306770,-0.002336238,0.001207454,0.000244444,0.758194456,0.033102318,a,2,3,3,3
6.540000,SS,1,1,0.785144156,-0.757469360,1.428415358,0.565523503,1.040512355,-1.494630609,0.140550792,-0.002542196,0.001315337,0.000244272,0.749798205,0.037425980,a,2,3,3,3
6.640000,SS,1,1,0.888177015,-0.755807786,1.559581362,0.562925040,1.019961738,-1.450510782,0.129224200,-0.002746868,0.001419072,0.000240337,0.740524200,0.040084534,a,2,3,3,3
6.740000,SS,1,1,0.988459235,-0.747739849,1.687226615,0.555642359,0.994880747,-1.401084648,0.118714265,-0.002948006,0.001518493,0.000232947,0.730375486,0.041209360,a,2,3,3,3
6.840000,SS,1,1,1.081778177,-0.750217127,1.837684817,0.545297732,0.976056904,-1.363970304,0.110734574,-0.003148049,0.001613905,0.000222250,0.719360468,0.040963626,a,2,3,3,3
6.940000,SS,1,1,1.167943101,-0.754549003,1.994109769,0.530777066,0.955927042,-1.329112225,0.107160327,-0.003344710,0.001705421,0.000208313,0.707492825,0.039561908,a,2,3,3,3
7.040000,SS,1,1,1.246600071,-0.752758756,2.141514945,0.512225679,0.925569574,-1.280170319,0.109349957,-0.003440138,0.001762671,0.000190280,0.694791463,0.037240688,a,2,3,3,3
7.140000,SS,1,1,1.316706980,-0.745966968,2.280672105,0.491178004,0.890122848,-1.222420319,0.117528282,-0.003419382,0.001780144,0.000169204,0.681279989,0.034190160,a,2,3,3,3
7.240000,SS,1,1,1.377717752,-0.735372080,2.412675749,0.467834730,0.852261229,-1.161984202,0.130799819,-0.003399451,0.001793644,0.000146508,0.666986326,0.030567700,a,2,3,3,3
7.340000,SS,1,1,1.427421577,-0.730054516,2.551380176,0.442878993,0.817951514,-1.108617687,0.147754857,-0.003382559,0.001804650,0.000122679,0.651942202,0.026498761,a,2,3,3,3
7.440000,SS,1,1,1.466074808,-0.723149800,2.684287807,0.415860103,0.781062029,-1.054148223,0.167023088,-0.003366495,0.001812832,0.000097460,0.636183166,0.022107212,a,2,3,3,3
7.540000,SS,1,1,1.493420195,-0.712644427,2.807001793,0.387931999,0.741307776,-0.996515548,0.187475101,-0.003350906,0.001817695,0.000070697,0.619748433,0.017502973,a,2,3,3,3
7.640000,SS,1,1,1.509406998,-0.698944984,2.919224669,0.359252370,0.699715090,-0.937232080,0.208253061,-0.003335828,0.001819547,0.000042568,0.602680504,0.012770536,a,2,3,3,3
7.740000,SS,1,1,1.514148249,-0.682351820,3.020664414,0.330086186,0.656907929,-0.877281036,0.228689933,-0.003321250,0.001818779,0.000013256,0.585024882,0.007986547,a,2,3,3,3
7.840000,SS,1,1,1.509198024,-0.663989071,3.113371759,0.299711027,0.614097891,-0.818590254,0.248255063,-0.003307966,0.001816453,-0.000016565,0.566829684,0.003266043,a,2,3,3,3
7.940000,SS,1,1,1.492951140,-0.642984123,3.194115445,0.269110142,0.569874381,-0.759723199,0.266512334,-0.003294977,0.001812223,-0.000047355,0.548145497,0.001999875,a,2,3,3,3
8.040000,SS,1,1,1.465764360,-0.619281396,3.261947357,0.238946081,0.525237227,-0.701408810,0.283090386,-0.003282297,0.001806175,-0.000079036,0.529025194,0.006501366,a,2,3,3,3
8.140000,SS,1,1,1.428378075,-0.592930830,3.316160972,0.209526882,0.480863503,-0.644534468,0.297676568,-0.003269925,0.001798599,-0.000111422,0.509523607,0.011064787,a,2,3,3,3
8.240000,SS,1,1,1.381958080,-0.563173348,3.354741754,0.180833331,0.436303834,-0.588548561,0.310003152,-0.003257702,0.001789862,-0.000144277,0.489697251,0.015499479,a,2,3,3,3
8.340000,SS,1,1,1.330609460,-0.521713466,3.364478170,0.150731913,0.386612798,-0.525317553,0.319837222,-0.003244238,0.001780460,-0.000176923,0.469604039,0.019762018,a,2,3,3,3
8.440000,SS,1,1,1.270882159,-0.478461727,3.360297995,0.121971043,0.338386516,-0.465498632,0.326981716,-0.003231144,0.001770311,-0.000209906,0.449302996,0.023827869,a,2,3,3,3
8.540000,SS,1,1,1.203963299,-0.433533855,3.340800776,0.094287351,0.291616158,-0.409723250,0.331281685,-0.003218289,0.001759968,-0.000243010,0.428854023,0.027676363,a,2,3,3,3
8.640000,SS,1,1,1.131043095,-0.386868021,3.305165307,0.067879881,0.245940034,-0.357614412,0.332607940,-0.003205689,0.001749729,-0.000276049,0.408317739,0.031281752,a,2,3,3,3
8.740000,SS,1,1,1.054484868,-0.333778802,3.244817828,0.042032024,0.198740274,-0.304443491,0.330866516,-0.003192376,0.001739815,-0.000308704,0.387755188,0.034618937,a,2,3,3,3
8.840000,SS,1,1,0.978353969,-0.262201216,3.140296943,0.014422715,0.143169467,-0.238086673,0.325990811,-0.003175945,0.001730202,-0.000340425,0.367227585,0.037668373,a,2,3,3,3
8.940000,SS,1,1,0.898741672,-0.190619967,3.022432475,-0.011221012,0.089767651,-0.176886118,0.317935056,-0.003160320,0.001721154,-0.000371637,0.346795932,0.040420409,a,2,3,3,3
9.040000,SS,1,1,0.817024379,-0.119453730,2.888699663,-0.035507490,0.040285903,-0.123401050,0.306730992,-0.003145188,0.001713481,-0.000402139,0.326520647,0.042878334,a,2,3,3,3
9.140000,SS,1,1,0.734588583,-0.048648423,2.739189533,-0.058666655,-0.006667580,-0.076536315,0.292433593,-0.003130612,0.001707530,-0.000431609,0.306461697,0.045032162,a,2,3,3,3
9.240000,SS,1,1,0.654756595,0.033374635,2.554058811,-0.082519430,-0.057986942,-0.023910799,0.275124314,-0.003114083,0.001703052,-0.000459653,0.286678313,0.046864045,a,2,3,3,3
9.340000,SS,1,1,0.580025677,0.135616358,2.319432951,-0.108420623,-0.119060726,0.044387220,0.254912073,-0.003093814,0.001699581,-0.000485917,0.267228604,0.048362622,a,2,3,3,3
9.440000,SS,1,1,0.506464787,0.234784983,2.074965971,-0.131537695,-0.175193956,0.104422890,0.231968877,-0.003075111,0.001697729,-0.000510669,0.248169080,0.049530364,a,2,3,3,3
9.540000,SS,1,1,0.435467025,0.330336728,1.818567624,-0.153786050,-0.225794305,0.153637140,0.206665368,-0.003057604,0.001698343,-0.000533584,0.229554453,0.050382211,a,2,3,3,3
9.640000,SS,1,1,0.368113183,0.422448255,1.551166058,-0.175251050,-0.272858823,0.193773108,0.179504429,-0.003041425,0.001701716,-0.000554264,0.211437896,0.050905539,a,2,3,3,3
9.740000,SS,1,1,0.308229393,0.531910489,1.236239201,-0.199181290,-0.329033383,0.247810082,0.151318550,-0.003021668,0.001706766,-0.000572458,0.193870550,0.051080560,a,2,3,3,3
9.840000,SS,1,1,0.255826784,0.658291039,0.876904525,-0.224424764,-0.392493463,0.315497917,0.123677793,-0.002998770,0.001712932,-0.000588003,0.176901085,0.050901638,a,2,3,3,3
9.940000,SS,1,1,0.207372103,0.777309279,0.515408266,-0.246962785,-0.447706530,0.370828392,0.099964216,-0.002978477,0.001721117,-0.000600918,0.160575401,0.050378667,a,2,3,3,3
10.040000,SS,1,1,0.163879557,0.888706419,0.151365089,-0.268881957,-0.497666005,0.414603951,0.086889857,-0.002960564,0.001731928,-0.000610767,0.144936766,0.049513052,a,2,3,3,3
10.140000,SS,1,1,0.125560414,0.992543165,-0.214985180,-0.289197332,-0.542166651,0.448024072,0.092035578,-0.002945127,0.001745325,-0.000617426,0.130025772,0.048277690,a,2,3,3,3
10.240000,SS,1,1,0.096690883,1.120806837,-0.640751544,-0.314255933,-0.601353727,0.505984838,0.114878948,-0.002923941,0.001759440,-0.000620745,0.115879764,0.046659869,a,2,3,3,3
10.340000,SS,1,1,0.074214849,1.258360403,-1.095080105,-0.339321530,-0.661814980,0.571179569,0.148634760,-0.002901328,0.001774057,-0.000620751,0.102532636,0.044665584,a,2,3,3,3
10.440000,SS,1,1,0.055303477,1.383696465,-1.538134370,-0.361607921,-0.713845748,0.623726879,0.188217148,-0.002882774,0.001789802,-0.000617226,0.090015052,0.042305958,a,2,3,3,3
10.540000,SS,1,1,0.040258686,1.496737026,-1.969935009,-0.382058547,-0.759093375,0.664664683,0.230947817,-0.002868103,0.001806940,-0.000609919,0.078354736,0.039574861,a,2,3,3,3
10.640000,SS,1,1,0.028776511,1.597448713,-2.390360332,-0.400369136,-0.797186454,0.694605281,0.275356460,-0.002857279,0.001825383,-0.000598816,0.067576526,0.036453470,a,2,3,3,3
10.740000,SS,1,1,0.025206077,1.730886981,-2.881214983,-0.425378772,-0.855547761,0.762010913,0.320462888,-0.002837924,0.001842149,-0.000584184,0.057702266,0.032963621,a,2,3,3,3
10.840000,SS,1,1,0.023795860,1.863026185,-3.373450352,-0.447786896,-0.909478355,0.830710699,0.365658056,-0.002820072,0.001857547,-0.000565991,0.048751654,0.029161207,a,2,3,3,3
10.940000,SS,1,1,0.022969113,1.978083651,-3.835765642,-0.466245225,-0.954818153,0.888557896,0.410339529,-0.002807982,0.001871720,-0.000543813,0.040743776,0.025126650,a,2,3,3,3
11.040000,SS,1,1,0.022777492,2.076115299,-4.268098273,-0.482264349,-0.992687620,0.936613123,0.453904206,-0.002771943,0.001875821,-0.000516626,0.033698501,0.020987507,a,2,3,3,3
11.140000,SS,1,1,0.022675645,2.157105578,-4.669319985,-0.496118649,-1.023952844,0.977120555,0.495785739,-0.002682807,0.001860278,-0.000484294,0.027637748,0.017021086,a,2,3,3,3
11.240000,SS,1,1,0.041892508,2.262938675,-4.999948292,-0.524304865,-1.072674462,1.040660930,0.535264503,-0.002527708,0.001815718,-0.000448845,0.022584592,0.013885181,a,2,3,3,3
11.340000,SS,1,1,0.088331495,2.321132233,-4.999986188,-0.558395285,-1.091041495,1.033123200,0.571837934,-0.002334358,0.001742223,-0.000410047,0.018558038,0.012730978,a,2,3,3,3
11.440000,SS,1,1,0.128478645,2.367211571,-4.999990678,-0.582498532,-1.108291501,1.033034970,0.605322715,-0.002134444,0.001661992,-0.000368231,0.015555527,0.014518740,a,2,3,3,3
11.540000,SS,1,1,0.162116280,2.401276726,-4.999992384,-0.595259838,-1.122232461,1.044975236,0.635304723,-0.001939305,0.001575294,-0.000324583,0.013514864,0.018865994,a,2,3,3,3
11.640000,SS,1,1,0.191433879,2.424006991,-4.999993270,-0.603466755,-1.129984562,1.058520476,0.660936905,-0.001749134,0.001486051,-0.000278499,0.012277274,0.024772820,a,2,3,3,3
11.740000,SS,1,1,0.236455361,2.461681114,-4.999993775,-0.620648208,-1.148070403,1.088573587,0.681389691,-0.001559014,0.001389786,-0.000230717,0.011600908,0.031582964,a,2,3,3,3
11.840000,SS,1,1,0.271114335,2.486334394,-4.999994084,-0.628131504,-1.159687306,1.124922388,0.696385086,-0.001375600,0.001292156,-0.000181639,0.011231903,0.039066810,a,2,3,3,3
11.940000,SS,1,1,0.295223679,2.497880838,-4.999994282,-0.626137030,-1.169174891,1.175170649,0.705480839,-0.001200033,0.001191228,-0.000132117,0.010973151,0.047043487,a,2,3,3,3
12.040000,SS,1,1,0.315257840,2.489913169,-4.999994484,-0.620426484,-1.170942908,1.222162748,0.708031023,-0.001034360,0.001088674,-0.000081987,0.010707272,0.055279465,a,2,3,3,3
12.140000,SS,1,1,0.325585097,2.468591301,-4.999994641,-0.609459498,-1.169298456,1.276199827,0.703647238,-0.000878758,0.000987412,-0.000031810,0.010384819,0.063598949,a,2,3,3,3
12.240000,SS,1,1,0.322201404,2.437722794,-4.999994720,-0.591223540,-1.167265834,1.346933243,0.692119366,-0.000733966,0.000887850,0.000017611,0.010001300,0.071851470,a,2,3,3,3
12.340000,SS,1,1,0.304836363,2.397566805,-4.999994751,-0.567194766,-1.164736943,1.433702309,0.673221939,-0.000600723,0.000790938,0.000065975,0.009575646,0.079845747,a,2,3,3,3
12.440000,SS,1,1,0.272818757,2.348347552,-4.999994730,-0.541917365,-1.143012519,1.536693112,0.646470708,-0.000479225,0.000696186,0.000113315,0.009133222,0.087262264,a,2,3,3,3
12.540000,SS,1,1,0.205734181,2.290524468,-4.999994617,-0.510308744,-1.121418454,1.635214075,0.612348671,-0.000363507,0.000603552,0.000153319,0.008688608,0.093574204,a,2,3,3,3
12.640000,SS,1,1,0.095595792,2.224786565,-4.999994277,-0.455476610,-1.111357473,1.763796189,0.572859861,-0.000249034,0.000506923,0.000180523,0.008243028,0.098125751,a,2,3,3,3
12.740000,SS,1,1,-0.031482270,2.141605153,-4.999993941,-0.395397002,-1.098443098,1.879939556,0.529207050,-0.000135562,0.000408796,0.000199505,0.007793811,0.100005814,a,2,3,3,3
12.840000,SS,1,1,-0.171513683,2.049690687,-4.999993104,-0.334556748,-1.083114390,1.981202400,0.482830969,-0.000021007,0.000317536,0.000212947,0.007338201,0.098656790,a,2,3,3,3
12.940000,SS,1,1,-0.319262419,1.950404813,-4.999991060,-0.269739217,-1.067228389,2.075474065,0.435531405,0.000093642,0.000231757,0.000221138,0.006874368,0.094024870,a,2,3,3,3
13.040000,SS,1,1,-0.468621830,1.844487336,-4.999983317,-0.203341945,-1.049498182,2.160491054,0.388751288,0.000208169,0.000151503,0.000225140,0.006401864,0.086375602,a,2,3,3,3
13.140000,SS,1,1,-0.607895868,1.724758674,-4.933036479,-0.140943588,-1.023802541,2.216801083,0.343532691,0.000320365,0.000075971,0.000225860,0.005921391,0.076217669,a,2,3,3,3
13.240000,SS,1,1,-0.689083909,1.542937757,-4.377171594,-0.100538206,-0.960522924,2.148495894,0.300407907,0.000417634,-0.000007627,0.000223905,0.005434339,0.064186708,a,2,3,3,3
13.340000,SS,1,1,-0.761412915,1.359009675,-3.819820640,-0.061904198,-0.898170483,2.068581486,0.260244877,0.000509881,-0.000081302,0.000220631,0.004943101,0.051130605,a,2,3,3,3
14.260000,SS,2,1,1.093807699,-1.339774274,4.864827824,-1.962077618,0.314300356,-2.797280565,0.047232951,0.000062143,-0.000555607,-0.000113100,0.799856416,1.039151736,b,3,3,4,5
14.360000,SS,2,1,1.470908500,-0.972416151,4.999989653,-1.538287141,0.089968761,-2.561844838,0.109458314,-0.000264215,-0.000532348,0.000269270,0.798847855,1.608317826,b,3,3,4,5
14.460000,SS,2,1,1.410054382,-0.809449139,4.999995287,-1.366042861,0.180642127,-2.430287243,0.176061769,-0.000575848,-0.000792303,0.000529504,0.796257903,1.894726195,b,3,3,4,5
14.560000,SS,2,1,1.448864375,-0.694870530,4.999997384,-1.257702319,0.285002563,-2.368263994,0.245373791,-0.000984206,-0.000922312,0.000801746,0.791453953,1.984672038,b,3,3,4,5
14.660000,SS,2,1,1.407416112,-0.638188297,4.999998316,-1.082082798,0.370249474,-2.212658298,0.316269682,-0.001481686,-0.001075314,0.001021811,0.783929334,1.944247091,b,3,3,4,5
14.760000,SS,2,1,1.299370597,-0.656222697,4.999998737,-0.838694703,0.474887177,-1.961936469,0.387480632,-0.002057199,-0.001223690,0.001197069,0.773309750,1.822552213,b,3,3,4,5
14.860000,SS,2,1,1.145084615,-0.712845616,4.999998969,-0.590595927,0.578724443,-1.686308610,0.458311004,-0.002680799,-0.001365546,0.001318321,0.759343942,1.655362006,b,3,3,4,5
14.960000,SS,2,1,0.949620486,-0.814052212,4.999999051,-0.314838335,0.685474723,-1.367329778,0.527989241,-0.003343348,-0.001490862,0.001386868,0.741895079,1.467938951,b,3,3,4,5
15.060000,SS,2,1,0.715636280,-0.950752949,4.999999046,-0.020603098,0.790005191,-1.020511631,0.595821911,-0.004026460,-0.001597248,0.001400144,0.720932139,1.277230540,b,3,3,4,5
15.160000,SS,2,1,0.461678607,-1.103930973,4.999999011,0.256477329,0.882152930,-0.688734257,0.661211189,-0.004709973,-0.001679842,0.001356439,0.696519607,1.094386253,b,3,3,4,5
15.260000,SS,2,1,0.181107955,-1.280600378,4.999998912,0.557990466,0.972679146,-0.329088314,0.723217062,-0.005386435,-0.001728173,0.001259963,0.668808671,0.926057759,b,3,3,4,5
15.360000,SS,2,1,-0.105385984,-1.457224582,4.999998781,0.825298892,1.048222889,-0.007618157,0.781332200,-0.006031841,-0.001743231,0.001105883,0.638027114,0.775608275,b,3,3,4,5
15.460000,SS,2,1,-0.390745796,-1.638132682,4.999998640,1.081896271,1.112867533,0.297529977,0.834895433,-0.006640429,-0.001715413,0.000898855,0.604469786,0.644207743,b,3,3,4,5
15.560000,SS,2,1,-0.666771086,-1.816624742,4.999998508,1.307413414,1.166600231,0.562065959,0.883429836,-0.007198509,-0.001644909,0.000637300,0.568489876,0.531528813,b,3,3,4,5
15.660000,SS,2,1,-0.922224810,-1.985388305,4.999998393,1.489882746,1.212498746,0.771980548,0.926583957,-0.007611350,-0.001477954,0.000323409,0.530489283,0.436377326,b,3,3,4,5
15.760000,SS,2,1,-1.156138841,-2.140939839,4.999998289,1.633490486,1.260145898,0.928179779,0.964058564,-0.007816018,-0.001224447,-0.000032037,0.490909926,0.357123875,b,3,3,4,5
15.860000,SS,2,1,-1.370457311,-2.275662021,4.999998204,1.727625921,1.327260895,1.005238150,0.995722226,-0.007933979,-0.000975119,-0.000435142,0.450225151,0.291991449,b,3,3,4,5
15.960000,SS,2,1,-1.566444464,-2.373373651,4.999998155,1.753353865,1.456869551,0.953164696,1.021588653,-0.008009823,-0.000732133,-0.000910838,0.408932326,0.239368023,b,3,3,4,5
16.060000,SS,2,1,-1.779821346,-2.430805865,4.999998122,1.709671479,1.803068134,0.658857669,1.041559619,-0.008101518,-0.000462756,-0.001523019,0.367549984,0.198720293,b,3,3,4,5
16.160000,SS,2,1,-2.083065343,-2.419079484,4.999998126,1.312329341,3.133289238,-0.910859997,1.055223515,-0.008379325,-0.000046982,-0.002502638,0.326637871,0.178453742,b,3,3,4,5
16.260000,SS,2,1,-2.789501066,-2.281896070,4.999998165,-5.000000000,-5.000000000,-5.000000000,1.129038197,-0.009450416,0.002626915,-0.005255462,0.287667233,0.420595470,b,3,3,4,5
16.360000,SS,2,1,-1.575796951,-2.087209111,4.999997573,-5.000000000,-1.044350665,-5.000000000,1.130352097,-0.011476389,0.012306681,-0.005234234,0.254536062,0.693632117,b,3,3,4,5
16.460000,SS,2,1,-4.999995418,1.858566311,3.083331951,5.000000000,-5.000000000,5.000000000,1.037280890,-0.008272585,0.009937691,-0.002230872,0.221639295,0.471555780,b,3,3,4,5
16.560000,SS,2,1,-4.999989984,-0.253733774,0.996711153,5.000000000,-0.225834505,5.000000000,1.085703913,-0.006823773,0.006304149,0.000015544,0.189565768,0.464153828,b,3,3,4,5
16.660000,SS,2,1,-4.477961030,-2.522163890,-0.191363408,4.698957826,1.510558980,4.948968827,1.121275877,-0.006487632,0.003029011,0.001416557,0.159075339,0.534702367,b,3,3,4,5
16.760000,SS,2,1,-4.268698510,-2.967107244,-0.239296964,4.934061275,1.214414953,5.000000000,1.131562259,-0.006568567,0.000865597,0.001793755,0.130950658,0.622477174,b,3,3,4,5
16.860000,SS,2,1,-4.186429178,-3.680523449,-0.599630624,4.627794722,1.131857130,4.786265694,1.100405437,-0.006486734,-0.000090510,0.001941747,0.105672371,0.697833987,b,3,3,4,5
16.960000,SS,2,1,-4.245257576,-4.482301814,-1.204133576,3.892344371,-0.089192514,3.707276379,1.043777700,-0.006111518,-0.000386693,0.002102883,0.083530987,0.747974341,b,3,3,4,5
17.060000,SS,2,1,-4.072656859,-4.999980436,-2.034424645,-5.000000000,0.810448748,-5.000000000,0.968412011,-0.005523293,0.000290483,0.002719531,0.065082669,0.798826967,b,3,3,4,5
17.160000,SS,2,1,-3.372063358,-4.999989167,-4.999994639,4.315724841,5.000000000,4.574339917,0.823344905,-0.005169845,0.000717607,0.002630985,0.050494290,0.808668772,b,3,3,4,5
17.260000,SS,2,1,-4.999985370,-4.190399739,-4.999995089,4.998854429,1.696091452,4.914329396,0.733800724,-0.004531404,-0.000485449,0.001353790,0.038716039,0.786719215,b,3,3,4,5
17.360000,SS,2,1,-4.599945722,-3.554094446,-4.999999878,3.978881563,1.580530718,4.174892744,0.620051038,-0.004628583,-0.000303168,0.001258136,0.029648411,0.740685978,b,3,3,4,5
17.460000,SS,2,1,-3.961137497,-3.528322204,-5.000001565,3.524798632,1.637511339,3.788470496,0.494601241,-0.004443975,-0.000347027,0.001132306,0.023161855,0.672203549,b,3,3,4,5
17.560000,SS,2,1,-3.427639156,-3.347556439,-5.000001718,3.213873635,1.547476424,3.400134440,0.373031123,-0.004235717,-0.000204963,0.001044262,0.018925875,0.591365143,b,3,3,4,5
17.660000,SS,2,1,-2.919887525,-3.140406296,-5.000001659,2.867900584,1.564218428,3.012706423,0.255384068,-0.003842883,0.000122477,0.000936002,0.016471043,0.506349873,b,3,3,4,5
17.760000,SS,2,1,-2.450490413,-2.920499717,-5.000001512,2.532606449,1.625669762,2.638100180,0.146846996,-0.003512526,0.000453831,0.000821500,0.015162281,0.422121083,b,3,3,4,5
17.860000,SS,2,1,-2.054615115,-2.655232752,-5.000001293,2.201365983,1.653207012,2.316713099,0.074759546,-0.003346384,0.000743440,0.000698727,0.014246068,0.342114098,b,3,3,4,5
17.960000,SS,2,1,-1.733272653,-2.323167432,-5.000001039,1.857701481,1.528810437,1.996236238,0.113602292,-0.003274019,0.000996582,0.000560923,0.013438398,0.269866704,b,3,3,4,5
18.060000,SS,2,1,-1.476544407,-1.934694079,-5.000000777,1.557414598,1.345774724,1.715140994,0.197858493,-0.003210004,0.001202582,0.000426284,0.012729407,0.207185770,b,3,3,4,5
18.160000,SS,2,1,-1.248678180,-1.541366742,-5.000000515,1.266385039,1.163094601,1.442285845,0.284406783,-0.003142418,0.001370193,0.000308637,0.012125283,0.154763551,b,3,3,4,5
18.260000,SS,2,1,-1.040094237,-1.152569288,-5.000000259,0.989373339,0.980702898,1.176041054,0.367603350,-0.003074662,0.001502535,0.000211500,0.011631293,0.113122223,b,3,3,4,5
18.360000,SS,2,1,-0.853370917,-0.769364342,-5.000000005,0.716628883,0.802107077,0.907612838,0.446604994,-0.003007695,0.001601701,0.000133217,0.011248515,0.083255646,b,3,3,4,5
18.460000,SS,2,1,-0.693687483,-0.396274214,-4.999999761,0.481601456,0.627792297,0.674724194,0.521145391,-0.002939022,0.001663807,0.000069878,0.010973187,0.066394785,b,3,3,4,5
18.560000,SS,2,1,-0.546950599,-0.030411968,-4.999999525,0.260720493,0.458854399,0.449180606,0.591233733,-0.002873060,0.001702499,0.000023126,0.010795319,0.061933907,b,3,3,4,5
18.660000,SS,2,1,-0.414253277,0.323222493,-4.999999301,0.063989554,0.295479521,0.245182875,0.657446081,-0.002807432,0.001718447,-0.000010880,0.010701048,0.065134674,b,3,3,4,5
18.760000,SS,2,1,-0.295288592,0.661611142,-4.999999091,-0.116227780,0.139133932,0.054900235,0.720560386,-0.002741082,0.001712367,-0.000034381,0.010674415,0.070590468,b,3,3,4,5
18.860000,SS,2,1,-0.191694784,0.982733505,-4.999998895,-0.279485806,-0.006985093,-0.118173335,0.781363075,-0.002672700,0.001684132,-0.000049342,0.010698821,0.075314208,b,3,3,4,5
18.960000,SS,2,1,-0.104831102,1.287305027,-4.999998715,-0.419331966,-0.143115632,-0.266623724,0.840219327,-0.002602261,0.001633678,-0.000056538,0.010758025,0.078261708,b,3,3,4,5
19.060000,SS,2,1,-0.031593128,1.577174674,-4.999998551,-0.536680454,-0.270147824,-0.392515513,0.897156539,-0.002531196,0.001564089,-0.000055900,0.010836810,0.079317674,b,3,3,4,5
19.160000,SS,2,1,0.032007540,1.852050093,-4.999998403,-0.635123776,-0.386579932,-0.498582520,0.952186321,-0.002459664,0.001479403,-0.000048150,0.010921858,0.078730769,b,3,3,4,5
19.260000,SS,2,1,0.088111196,2.111179621,-4.999998272,-0.715397674,-0.491687504,-0.584381732,1.005326136,-0.002387148,0.001382219,-0.000034447,0.011002344,0.076872303,b,3,3,4,5
19.360000,SS,2,1,0.137996312,2.354421090,-4.999987336,-0.777400447,-0.585234085,-0.648748660,1.056562308,-0.002313414,0.001274468,-0.000015809,0.011070002,0.074129299,b,3,3,4,5
19.460000,SS,2,1,0.183286441,2.582291826,-4.999998060,-0.821828759,-0.667068184,-0.691482563,1.105844865,-0.002238330,0.001158108,0.000006890,0.011118914,0.070858293,b,3,3,4,5
19.560000,SS,2,1,0.224841369,2.794889128,-4.999997973,-0.849763341,-0.737260261,-0.713157679,1.153091194,-0.002161822,0.001035162,0.000032816,0.011145200,0.067370141,b,3,3,4,5
19.660000,SS,2,1,0.263670635,2.992801151,-4.999997901,-0.863362249,-0.796503326,-0.716064524,1.198234527,-0.002083853,0.000907560,0.000061150,0.011146714,0.063923181,b,3,3,4,5
19.760000,SS,2,1,0.300301044,3.176296990,-4.999997849,-0.861576652,-0.844015783,-0.697339901,1.241201294,-0.002004140,0.000776883,0.000091011,0.011122758,0.060728985,b,3,3,4,5
19.860000,SS,2,1,0.335825629,3.346547291,-4.999997816,-0.846071826,-0.880501292,-0.658907247,1.281834003,-0.001923070,0.000645089,0.000121942,0.011073698,0.057956044,b,3,3,4,5
19.960000,SS,2,1,0.370927300,3.504183508,-4.999997800,-0.818080388,-0.906358292,-0.601771242,1.319981278,-0.001840843,0.000513989,0.000153312,0.011000740,0.055719251,b,3,3,4,5
20.060000,SS,2,1,0.398947081,3.626973804,-4.999986120,-0.772918036,-0.917380233,-0.519599355,1.355553986,-0.001758544,0.000385491,0.000183879,0.010905769,0.054076444,b,3,3,4,5
20.160000,SS,2,1,0.425066394,3.731161668,-4.999997804,-0.717556494,-0.917840023,-0.421262009,1.388395836,-0.001675377,0.000260974,0.000213189,0.010791144,0.053031311,b,3,3,4,5
20.260000,SS,2,1,0.457348420,3.840753944,-4.999997818,-0.658887882,-0.913256011,-0.315304727,1.418363013,-0.001590847,0.000142180,0.000241418,0.010659488,0.052533506,b,3,3,4,5
20.360000,SS,2,1,0.497494422,3.961572289,-4.999997838,-0.597803089,-0.905232855,-0.202591777,1.445381676,-0.001505007,0.000030041,0.000268446,0.010513600,0.052497193,b,3,3,4,5
20.460000,SS,2,1,0.543262661,4.088157046,-4.999985451,-0.533149442,-0.893069968,-0.081625724,1.469415642,-0.001418213,-0.000074951,0.000293921,0.010356343,0.052824558,b,3,3,4,5
20.560000,SS,2,1,0.594664112,4.221467775,-4.999985325,-0.466132837,-0.877530339,0.045932625,1.490422525,-0.001330587,-0.000172277,0.000317728,0.010190507,0.053419170,b,3,3,4,5
20.660000,SS,2,1,0.644955021,4.341824137,-4.999997939,-0.392922730,-0.855126571,0.184941482,1.508417152,-0.001243131,-0.000261094,0.000339193,0.010018717,0.054187997,b,3,3,4,5
20.760000,SS,2,1,0.687964861,4.432809264,-4.999997987,-0.311779940,-0.823483127,0.337174314,1.523417716,-0.001156357,-0.000340790,0.000357442,0.009843382,0.055052492,b,3,3,4,5
20.860000,SS,2,1,0.731405871,4.517929547,-4.999998042,-0.230240518,-0.788487017,0.492372658,1.535368628,-0.001069527,-0.000410637,0.000372829,0.009666584,0.055947350,b,3,3,4,5
20.960000,SS,2,1,0.775981930,4.598934359,-4.999998101,-0.148699907,-0.751049682,0.650006355,1.544282957,-0.000983025,-0.000469720,0.000385387,0.009490054,0.056809267,b,3,3,4,5
21.060000,SS,2,1,0.821179709,4.676353623,-4.999998163,-0.067761797,-0.712022467,0.808996108,1.550187448,-0.000896736,-0.000518089,0.000394988,0.009315199,0.057597352,b,3,3,4,5
21.160000,SS,2,1,0.866832857,4.750834393,-4.999998227,0.011658269,-0.672223120,0.967830952,1.553105412,-0.000810764,-0.000555610,0.000401690,0.009143049,0.058289173,b,3,3,4,5
21.260000,SS,2,1,0.912695098,4.822883739,-4.999998294,0.088832006,-0.632404199,1.125250860,1.553061584,-0.000725183,-0.000582288,0.000405569,0.008974259,0.058875557,b,3,3,4,5
21.360000,SS,2,1,0.958466328,4.892834773,-4.999998361,0.163110141,-0.593246905,1.280097090,1.550081941,-0.000640031,-0.000598238,0.000406730,0.008809115,0.059356050,b,3,3,4,5
21.460000,SS,2,1,1.001834152,4.950960094,-4.999984349,0.235126795,-0.553910238,1.432419326,1.544206464,-0.000555465,-0.000603681,0.000404849,0.008647568,0.059735345,b,3,3,4,5
21.560000,SS,2,1,1.041116281,4.987353590,-4.999984262,0.305131545,-0.513707357,1.581654064,1.535473504,-0.000471525,-0.000598964,0.000399567,0.008489275,0.060023392,b,3,3,4,5
21.660000,SS,2,1,1.075848867,4.999497100,-4.999998567,0.372748099,-0.472770500,1.726875102,1.523916772,-0.000388258,-0.000584355,0.000390864,0.008333621,0.060229709,b,3,3,4,5
21.760000,SS,2,1,1.107927886,4.999780269,-4.999998635,0.436226934,-0.433163824,1.866152801,1.509563931,-0.000305584,-0.000560097,0.000379378,0.008179750,0.060356483,b,3,3,4,5
21.860000,SS,2,1,1.139434122,4.999859296,-4.999998701,0.494113055,-0.396892302,1.997953664,1.492461354,-0.000223423,-0.000526486,0.000365779,0.008026615,0.060392616,b,3,3,4,5
21.960000,SS,2,1,1.169944982,4.999896322,-4.999998765,0.546520518,-0.364163792,2.122289576,1.472693656,-0.000141760,-0.000484050,0.000350252,0.007873053,0.060317157,b,3,3,4,5
22.060000,SS,2,1,1.198907131,4.999917224,-4.999998827,0.593392478,-0.335163625,2.238879138,1.450366736,-0.000060519,-0.000433466,0.000332972,0.007717852,0.060106334,b,3,3,4,5
22.160000,SS,2,1,1.225840377,4.999930882,-4.999998886,0.634688051,-0.309998295,2.347473212,1.425608151,0.000020329,-0.000375371,0.000314136,0.007559795,0.059733959,b,3,3,4,5
22.260000,SS,2,1,1.250254740,4.999940604,-4.999998943,0.670454919,-0.288707414,2.447952274,1.398569364,0.000100830,-0.000310435,0.000293927,0.007397710,0.059172815,b,3,3,4,5
22.360000,SS,2,1,1.271675119,4.999947932,-4.999998996,0.700797352,-0.271273486,2.540278122,1.369425119,0.000181034,-0.000239342,0.000272516,0.007230514,0.058396794,b,3,3,4,5
22.460000,SS,2,1,1.289653842,4.999953686,-4.999999046,0.725868726,-0.257629256,2.624483663,1.338371887,0.000260996,-0.000162783,0.000250062,0.007057260,0.057383169,b,3,3,4,5
22.560000,SS,2,1,1.303781064,4.999958341,-4.999999093,0.745862495,-0.247666682,2.700659846,1.305625148,0.000340775,-0.000081444,0.000226711,0.006877176,0.056114853,b,3,3,4,5
22.660000,SS,2,1,1.313695004,4.999962191,-4.999999136,0.761002030,-0.241245729,2.768941893,1.271415659,0.000420431,0.000003997,0.000202599,0.006689705,0.054582431,b,3,3,4,5
22.760000,SS,2,1,1.319090391,4.999965421,-4.999999176,0.771530826,-0.238202704,2.829496695,1.235984915,0.000500025,0.000092878,0.000177847,0.006494547,0.052785781,b,3,3,4,5
22.860000,SS,2,1,1.319724062,4.999968122,-4.999999211,0.777703751,-0.238357353,2.882512013,1.199580089,0.000579615,0.000184560,0.000152566,0.006291696,0.050735172,b,3,3,4,5
22.960000,SS,2,1,1.315411307,4.999970291,-4.999999243,0.779782788,-0.241514549,2.928190923,1.162448732,0.000659257,0.000278429,0.000126854,0.006081489,0.048451763,b,3,3,4,5
23.060000,SS,2,1,1.304491936,4.999487893,-4.999982482,0.778806642,-0.246498075,2.967531984,1.124840930,0.000738931,0.000373895,0.000100508,0.005864659,0.045968304,b,3,3,4,5
23.160000,SS,2,1,1.283806234,4.999975218,-4.999999295,0.776512956,-0.251083457,3.002130492,1.086999967,0.000818546,0.000470388,0.000072917,0.005642403,0.043332812,b,3,3,4,5
23.260000,SS,2,1,1.255041222,4.999978168,-4.999999315,0.771935855,-0.256246434,3.030766675,1.049126374,0.000898312,0.000567419,0.000044376,0.005416426,0.040605017,b,3,3,4,5
23.360000,SS,2,1,1.221842143,4.999980402,-4.999999331,0.763659460,-0.263868110,3.051984501,1.011394740,0.000978287,0.000664784,0.000015529,0.005188994,0.037842745,b,3,3,4,5
23.460000,SS,2,1,1.184454767,4.999982263,-4.999999341,0.752215227,-0.273762532,3.066480639,0.973982821,0.001058458,0.000762085,-0.000013566,0.004963067,0.035102066,b,3,3,4,5
24.970000,SS,3,1,0.085877802,-0.647438679,1.018825498,0.149624363,2.089429546,-2.533268706,0.005597874,0.000044958,0.000041226,-0.000007823,0.800019973,0.010642827,a,3,4,4,7
25.070000,SS,3,1,0.121456537,-0.675761018,0.663818265,0.034602630,1.112779624,-1.637899580,0.013713950,-0.000044931,0.000119332,0.000046581,0.799962803,0.014604533,a,3,4,4,7
25.170000,SS,3,1,0.204157373,-0.604274861,0.382459153,0.081041123,1.219282907,-1.640147323,0.028953990,-0.000265507,0.000193910,0.000046167,0.799689326,0.020607551,a,3,4,4,7
25.270000,SS,3,1,0.300587695,-0.603205282,0.209947825,0.093081961,1.198192087,-1.575217722,0.048216194,-0.000436137,0.000271698,0.000062143,0.799082921,0.026679783,a,3,4,4,7
25.370000,SS,3,1,0.416816937,-0.567768830,0.062695552,0.106643701,1.157250137,-1.485639825,0.070285481,-0.000642144,0.000350449,0.000076376,0.798051002,0.031548882,a,3,4,4,7
25.470000,SS,3,1,0.547307510,-0.516258666,-0.057388858,0.117451313,1.114980368,-1.394907542,0.094258372,-0.000851690,0.000431803,0.000096108,0.796514033,0.034810576,a,3,4,4,7
25.570000,SS,3,1,0.692149766,-0.444775744,-0.150371534,0.123585170,1.060168524,-1.297016279,0.119427159,-0.001069453,0.000515103,0.000120038,0.794402774,0.036508079,a,3,4,4,7
25.670000,SS,3,1,0.850711425,-0.368816712,-0.192476839,0.123725882,1.010898453,-1.220167516,0.145236889,-0.001295295,0.000599454,0.000148295,0.791656922,0.036900069,a,3,4,4,7
25.770000,SS,3,1,1.020999799,-0.299893088,-0.172024865,0.115295093,0.969312569,-1.176235770,0.171266742,-0.001530585,0.000684982,0.000180615,0.788224514,0.036332084,a,3,4,4,7
25.870000,SS,3,1,1.193999014,-0.218670364,-0.139629462,0.102280901,0.910308240,-1.118362370,0.197195160,-0.001769808,0.000771399,0.000215926,0.784060725,0.035118910,a,3,4,4,7
25.970000,SS,3,1,1.366372599,-0.127190384,-0.095221130,0.087636257,0.846570559,-1.055221279,0.222691117,-0.002011821,0.000856849,0.000253144,0.779127349,0.033505465,a,3,4,4,7
26.070000,SS,3,1,1.535963342,-0.028239858,-0.037823084,0.070995859,0.777748863,-0.988309853,0.247418199,-0.002254228,0.000940828,0.000291863,0.773393024,0.031712211,a,3,4,4,7
26.170000,SS,3,1,1.704115513,0.065755727,0.056922474,0.050173307,0.716783248,-0.942983579,0.271069056,-0.002498773,0.001022651,0.000331778,0.766833530,0.029985285,a,3,4,4,7
26.270000,SS,3,1,1.868059218,0.152276606,0.184338719,0.024320379,0.657779395,-0.914448587,0.293410341,-0.002744652,0.001102522,0.000372480,0.759431576,0.028593280,a,3,4,4,7
26.370000,SS,3,1,2.021351732,0.240670820,0.313456344,-0.002831160,0.589662183,-0.875826864,0.314259942,-0.002988452,0.001179934,0.000412888,0.751175948,0.027755071,a,3,4,4,7
26.470000,SS,3,1,2.162327877,0.329652252,0.444505605,-0.029620201,0.520230161,-0.832957546,0.333432271,-0.003229060,0.001253802,0.000452306,0.742061167,0.027593392,a,3,4,4,7
26.570000,SS,3,1,2.290023326,0.417640516,0.578035175,-0.056234468,0.449268432,-0.786567400,0.350745572,-0.003464841,0.001323802,0.000490423,0.732087516,0.028127298,a,3,4,4,7
26.670000,SS,3,1,2.407467247,0.497719064,0.734766239,-0.085548089,0.384224336,-0.756465025,0.366041285,-0.003685021,0.001389126,0.000527101,0.721261145,0.029276203,a,3,4,4,7
26.770000,SS,3,1,2.511183036,0.570168332,0.902458204,-0.116632667,0.315063182,-0.724251268,0.379212478,-0.003675597,0.001443488,0.000558049,0.709593646,0.030891957,a,3,4,4,7
26.870000,SS,3,1,2.597288262,0.637892912,1.066144307,-0.145545695,0.245991887,-0.686594596,0.390162633,-0.003666422,0.001493296,0.000584304,0.697101397,0.032793150,a,3,4,4,7
26.970000,SS,3,1,2.665385387,0.699398850,1.226145597,-0.172367034,0.178892966,-0.645899258,0.398796426,-0.003657283,0.001538540,0.000605949,0.683805503,0.034826921,a,3,4,4,7
27.070000,SS,3,1,2.715536990,0.754092862,1.382160093,-0.196960412,0.114018180,-0.602439228,0.405031414,-0.003648431,0.001579324,0.000622928,0.669731626,0.036874328,a,3,4,4,7
27.170000,SS,3,1,2.751904569,0.802268414,1.547352162,-0.222517212,0.053997626,-0.570318080,0.408809138,-0.003642273,0.001615687,0.000635735,0.654909861,0.038839055,a,3,4,4,7
27.270000,SS,3,1,2.770600735,0.841369961,1.709365472,-0.246968411,-0.006135785,-0.536519112,0.410119959,-0.003636994,0.001648171,0.000644166,0.639374304,0.040645167,a,3,4,4,7
27.370000,SS,3,1,2.769898467,0.870541562,1.861530374,-0.268045457,-0.063486191,-0.498094943,0.408975311,-0.003631934,0.001676551,0.000647903,0.623162588,0.042230492,a,3,4,4,7
27.470000,SS,3,1,2.750369612,0.889246932,2.003571739,-0.285564190,-0.116266166,-0.456896428,0.405398498,-0.003627191,0.001700892,0.000647121,0.606315641,0.043555909,a,3,4,4,7
27.570000,SS,3,1,2.712840086,0.897160503,2.135117954,-0.299624795,-0.163420395,-0.414414824,0.399431833,-0.003622820,0.001721319,0.000642029,0.588877498,0.044598980,a,3,4,4,7
27.670000,SS,3,1,2.662139504,0.903616438,2.258776936,-0.313993767,-0.212572532,-0.372254507,0.391140591,-0.003619445,0.001737785,0.000633232,0.570895087,0.045341888,a,3,4,4,7
27.770000,SS,3,1,2.594564562,0.899138752,2.371037270,-0.325145653,-0.258210411,-0.327479969,0.380624557,-0.003616384,0.001750612,0.000620671,0.552417908,0.045769610,a,3,4,4,7
27.870000,SS,3,1,2.510427942,0.882143363,2.470678469,-0.332313105,-0.298714736,-0.280123019,0.368006081,-0.003613583,0.001759655,0.000604415,0.533497743,0.045872168,a,3,4,4,7
27.970000,SS,3,1,2.411102338,0.852639348,2.557457670,-0.335732110,-0.333519592,-0.231509740,0.353429627,-0.003610999,0.001765144,0.000584809,0.514188399,0.045645654,a,3,4,4,7
28.070000,SS,3,1,2.298022001,0.810788573,2.631077439,-0.335597723,-0.362756980,-0.182001722,0.337064569,-0.003608582,0.001767259,0.000562164,0.494545441,0.045090904,a,3,4,4,7
28.170000,SS,3,1,2.175674223,0.775429957,2.680592728,-0.336198842,-0.400575602,-0.123092193,0.319101671,-0.003604599,0.001765961,0.000537133,0.474625763,0.044222476,a,3,4,4,7
28.270000,SS,3,1,2.041292967,0.727753703,2.719073133,-0.332749925,-0.432586801,-0.063711508,0.299735952,-0.003600946,0.001761138,0.000509677,0.454487519,0.043049428,a,3,4,4,7
28.370000,SS,3,1,1.896299788,0.666938522,2.746404061,-0.325349371,-0.456985889,-0.005383324,0.279190252,-0.003597405,0.001753017,0.000480280,0.434189893,0.041585892,a,3,4,4,7
28.470000,SS,3,1,1.742689763,0.593611870,2.762328603,-0.315038956,-0.474530600,0.050327857,0.257727746,-0.003593886,0.001742072,0.000449256,0.413792845,0.039847007,a,3,4,4,7
28.570000,SS,3,1,1.582313647,0.511325497,2.763879646,-0.302730130,-0.487869368,0.104952157,0.235656790,-0.003589869,0.001728615,0.000416926,0.393356761,0.037848002,a,3,4,4,7
28.670000,SS,3,1,1.417560780,0.440697742,2.731984346,-0.291835161,-0.513345495,0.173990543,0.213331199,-0.003582188,0.001712505,0.000383697,0.372941883,0.035628772,a,3,4,4,7
28.770000,SS,3,1,1.247874684,0.359995526,2.694117902,-0.276742667,-0.531263011,0.240463876,0.191106196,-0.003575126,0.001693215,0.000349737,0.352608445,0.033218879,a,3,4,4,7
28.870000,SS,3,1,1.074821001,0.268310501,2.650057690,-0.259158284,-0.538309325,0.298094161,0.169454631,-0.003568153,0.001671589,0.000315809,0.332416498,0.030648762,a,3,4,4,7
28.970000,SS,3,1,0.900645133,0.167409347,2.599099211,-0.241049663,-0.539102550,0.347016191,0.149040188,-0.003561230,0.001648348,0.000282051,0.312425657,0.027942231,a,3,4,4,7
29.070000,SS,3,1,0.726398249,0.065561557,2.531731644,-0.222885774,-0.540772839,0.396573032,0.130755972,-0.003552845,0.001623616,0.000248548,0.292694551,0.025126797,a,3,4,4,7
29.170000,SS,3,1,0.552568188,-0.020000903,2.429104180,-0.205926524,-0.557152895,0.464483620,0.115754335,-0.003539782,0.001597054,0.000215446,0.273280249,0.022268357,a,3,4,4,7
29.270000,SS,3,1,0.380616944,-0.111257441,2.327807267,-0.185094193,-0.561578303,0.522703038,0.105335533,-0.003527776,0.001568282,0.000183291,0.254238592,0.019425323,a,3,4,4,7
29.370000,SS,3,1,0.212378853,-0.208873419,2.227094143,-0.164209775,-0.557492365,0.567215973,0.100769411,-0.003516181,0.001538734,0.000152784,0.235624125,0.016650713,a,3,4,4,7
29.470000,SS,3,1,0.049705214,-0.310734019,2.125618578,-0.143696525,-0.548687166,0.600644836,0.102575967,-0.003505070,0.001509164,0.000123760,0.217489716,0.013991104,a,3,4,4,7
29.570000,SS,3,1,-0.107691038,-0.404345445,2.004198478,-0.124316359,-0.546817024,0.639929054,0.110082104,-0.003491223,0.001479806,0.000096080,0.199885800,0.011539289,a,3,4,4,7
29.670000,SS,3,1,-0.259962681,-0.478699587,1.851592843,-0.105569551,-0.558590826,0.697078878,0.121835429,-0.003472635,0.001450184,0.000069728,0.182859989,0.009491426,a,3,4,4,7
29.770000,SS,3,1,-0.404081801,-0.554447666,1.708768326,-0.084546038,-0.556924420,0.737548705,0.136354913,-0.003455745,0.001420238,0.000045606,0.166457535,0.008106699,a,3,4,4,7
29.870000,SS,3,1,-0.538313998,-0.632130128,1.574130617,-0.064939537,-0.550193768,0.762893924,0.152518234,-0.003439932,0.001391600,0.000024129,0.150721282,0.007603197,a,3,4,4,7
29.970000,SS,3,1,-0.661463206,-0.710276730,1.445806930,-0.046639223,-0.539160683,0.773947497,0.169532710,-0.003425233,0.001365074,0.000005018,0.135691162,0.007990084,a,3,4,4,7
30.070000,SS,3,1,-0.775899351,-0.772099534,1.291533067,-0.030815456,-0.543302840,0.799715368,0.186867478,-0.003406108,0.001340836,-0.000012270,0.121403329,0.009043866,a,3,4,4,7
30.170000,SS,3,1,-0.881673371,-0.814721471,1.114932552,-0.015496248,-0.557524248,0.838527285,0.204218957,-0.003383022,0.001317931,-0.000027609,0.107890041,0.010493858,a,3,4,4,7
30.270000,SS,3,1,-0.975022760,-0.856554738,0.956982288,0.000092410,-0.559410535,0.856506066,0.221432922,-0.003362399,0.001296628,-0.000039717,0.095180315,0.012107721,a,3,4,4,7
30.370000,SS,3,1,-1.054780026,-0.898261163,0.815269216,0.013030905,-0.557692456,0.857534205,0.238381904,-0.003343655,0.001278450,-0.000048390,0.083299938,0.013716792,a,3,4,4,7
30.470000,SS,3,1,-1.120610309,-0.939108319,0.687437565,0.023320334,-0.551876348,0.841229026,0.254952664,-0.003326754,0.001264063,-0.000053890,0.072271051,0.015242284,a,3,4,4,7
30.570000,SS,3,1,-1.178181502,-0.958305765,0.524901744,0.029739975,-0.571090347,0.852520630,0.271054120,-0.003284883,0.001250985,-0.000059827,0.062111356,0.016646743,a,3,4,4,7
30.670000,SS,3,1,-1.226468445,-0.961741078,0.353756464,0.035321710,-0.595720461,0.871070378,0.286722553,-0.003158506,0.001228839,-0.000074336,0.052834657,0.017942147,a,3,4,4,7
30.770000,SS,3,1,-1.261695084,-0.964673547,0.211781856,0.039730074,-0.608905341,0.868309834,0.302011231,-0.002953911,0.001195471,-0.000096337,0.044452197,0.019114978,a,3,4,4,7
30.870000,SS,3,1,-1.283354196,-0.967658867,0.096331994,0.041054961,-0.617338145,0.846723064,0.316890620,-0.002724043,0.001157138,-0.000118819,0.036973393,0.020141350,a,3,4,4,7
30.970000,SS,3,1,-1.291810166,-0.970567118,0.004725757,0.039242250,-0.620207581,0.805759429,0.331279752,-0.002496629,0.001117554,-0.000138227,0.030406409,0.021020793,a,3,4,4,7
31.070000,SS,3,1,-1.296661113,-0.948742715,-0.131427987,0.033193015,-0.657364198,0.806789992,0.345073245,-0.002263218,0.001076062,-0.000156166,0.024758216,0.021758486,a,3,4,4,7
31.170000,SS,3,1,-1.293985842,-0.916907500,-0.256669628,0.027665984,-0.688258431,0.802405709,0.358336781,-0.002030517,0.001029899,-0.000171121,0.020035501,0.022414195,a,3,4,4,7
31.270000,SS,3,1,-1.279951482,-0.886844995,-0.342337709,0.021073578,-0.708564607,0.777987913,0.371047837,-0.001801138,0.000979483,-0.000181806,0.016242143,0.022994097,a,3,4,4,7
31.370000,SS,3,1,-1.254208982,-0.858500385,-0.392211245,0.012548946,-0.721064400,0.734805495,0.383076086,-0.001577864,0.000926031,-0.000188071,0.013366331,0.023511508,a,3,4,4,7
31.470000,SS,3,1,-1.217017778,-0.831903575,-0.409341769,0.002350585,-0.725334933,0.673900981,0.394231567,-0.001362894,0.000870131,-0.000189921,0.011353085,0.024002983,a,3,4,4,7
31.570000,SS,3,1,-1.184294610,-0.812644339,-0.459323470,-0.003456620,-0.734283969,0.642031595,0.404281750,-0.001153479,0.000813540,-0.000189038,0.010073012,0.024516281,a,3,4,4,7
31.670000,SS,3,1,-1.142625818,-0.794829437,-0.483126260,-0.008173395,-0.729639836,0.595937273,0.413064933,-0.000954705,0.000754041,-0.000183998,0.009323529,0.025131089,a,3,4,4,7
31.770000,SS,3,1,-1.088423805,-0.777742147,-0.470276888,-0.013720633,-0.716270567,0.534155378,0.420355341,-0.000768450,0.000692759,-0.000174000,0.008882022,0.025903338,a,3,4,4,7
31.870000,SS,3,1,-1.021476969,-0.760880755,-0.423152789,-0.019623466,-0.695021693,0.459542541,0.425910083,-0.000597275,0.000630242,-0.000159070,0.008569069,0.026900596,a,3,4,4,7
31.970000,SS,3,1,-0.941621794,-0.743876118,-0.343736393,-0.025701464,-0.666554194,0.374036020,0.429483089,-0.000443188,0.000567045,-0.000139147,0.008274888,0.028185095,a,3,4,4,7
32.070000,SS,3,1,-0.848591282,-0.726151549,-0.233694154,-0.031875878,-0.631548839,0.279280201,0.430836400,-0.000308365,0.000503824,-0.000114127,0.007950588,0.029799197,a,3,4,4,7
32.170000,SS,3,1,-0.742099770,-0.707092738,-0.094230490,-0.038138227,-0.590681437,0.176838712,0.429753239,-0.000194979,0.000441265,-0.000083946,0.007587029,0.031754757,a,3,4,4,7
32.270000,SS,3,1,-0.621963402,-0.686107248,0.073916214,-0.059324537,-0.508296288,0.103866367,0.426120356,-0.000104033,0.000377914,-0.000048725,0.007197261,0.033837117,a,3,4,4,7
32.370000,SS,3,1,-0.508185756,-0.668954652,0.258705725,-0.078175650,-0.399420023,0.012343693,0.420345474,-0.000026921,0.000309653,-0.000013838,0.006800388,0.035307770,a,3,4,4,7
32.470000,SS,3,1,-0.423394463,-0.664247409,0.443523322,-0.078344983,-0.310681777,-0.024424313,0.412882714,0.000049216,0.000232857,0.000009852,0.006401405,0.036142283,a,3,4,4,7
32.570000,SS,3,1,-0.356985017,-0.663974595,0.621580020,-0.070562303,-0.226709740,-0.056130236,0.403963188,0.000121737,0.000154945,0.000026580,0.005999053,0.036728854,a,3,4,4,7
32.670000,SS,3,1,-0.300432452,-0.663218366,0.789754080,-0.058537399,-0.145343355,-0.089492420,0.393775282,0.000190051,0.000080317,0.000039189,0.005591959,0.037330924,a,3,4,4,7
32.770000,SS,3,1,-0.247757051,-0.659103361,0.947022173,-0.043966876,-0.068283773,-0.121820952,0.382481179,0.000253214,0.000009474,0.000048863,0.005180140,0.037874085,a,3,4,4,7
32.870000,SS,3,1,-0.195228776,-0.649696973,1.092274909,-0.028416879,0.005181258,-0.154308222,0.370228184,0.000310482,-0.000056853,0.000056617,0.004765032,0.038097303,a,3,4,4,7
33.480000,SS,4,1,0.051992246,-1.325352737,3.559415536,0.198704925,0.213858366,0.269629546,0.042425121,-0.000456959,-0.000196885,0.000074472,0.799809712,0.525767478,b,4,4,5,9
33.580000,SS,4,1,0.110445991,-1.722625441,3.641510461,-0.086159647,0.599896696,-0.263266583,0.099123132,-0.000466858,-0.000228253,0.000092230,0.798527426,0.857847029,b,4,4,5,9
33.680000,SS,4,1,0.175548954,-1.890662049,4.407386553,-0.191317136,0.832887637,-0.568305052,0.175583555,-0.000874628,-0.000242140,0.000213369,0.795203609,1.013518198,b,4,4,5,9
33.780000,SS,4,1,0.086371801,-1.960930809,4.999858538,-0.236815286,1.042074855,-0.650944011,0.261065018,-0.001388510,-0.000329067,0.000328625,0.789105135,1.053746355,b,4,4,5,9
33.880000,SS,4,1,-0.134906115,-1.951409106,4.999978334,-0.216660955,1.307520601,-0.520977725,0.351955911,-0.002001445,-0.000411583,0.000458386,0.779678750,1.021463508,b,4,4,5,9
33.980000,SS,4,1,-0.412060506,-1.868776553,4.999984931,-0.165021884,1.554533125,-0.345724440,0.445851439,-0.002700060,-0.000518576,0.000585981,0.766536305,0.946603542,b,4,4,5,9
34.080000,SS,4,1,-0.749947299,-1.730410148,4.999987574,-0.080892636,1.788892116,-0.092013020,0.540030133,-0.003452156,-0.000630653,0.000699891,0.749445198,0.849908079,b,4,4,5,9
34.180000,SS,4,1,-1.111808543,-1.558497152,4.999988323,0.020686393,1.996670633,0.179897499,0.632534371,-0.004236461,-0.000746014,0.000789462,0.728315178,0.745529449,b,4,4,5,9
34.280000,SS,4,1,-1.485689140,-1.359524102,4.999988756,0.141813846,2.167076424,0.475398905,0.721772198,-0.005031819,-0.000856234,0.000846827,0.703185105,0.642566746,b,4,4,5,9
34.380000,SS,4,1,-1.852470017,-1.147036316,4.999989019,0.281312114,2.292140380,0.788150365,0.806359793,-0.005819343,-0.000954355,0.000865297,0.674210148,0.546564936,b,4,4,5,9
34.480000,SS,4,1,-2.110063228,-0.841702771,4.999989286,0.387551309,2.317613924,0.972422641,0.885175001,-0.006502977,-0.001046120,0.000841317,0.641648829,0.460784620,b,4,4,5,9
34.580000,SS,4,1,-2.249782663,-0.490529083,4.999989631,0.463530087,2.235952221,1.045942202,0.956851909,-0.006895747,-0.001158821,0.000776186,0.605850790,0.386977043,b,4,4,5,9
34.680000,SS,4,1,-2.375047228,-0.235563149,4.999989933,0.575024222,2.123226056,1.199764287,1.019947802,-0.007225593,-0.001249463,0.000674278,0.567244354,0.325829192,b,4,4,5,9
34.780000,SS,4,1,-2.497512121,-0.077822980,4.999990223,0.701478396,1.995642737,1.387217824,1.073530939,-0.007482375,-0.001310940,0.000535883,0.526322438,0.277307050,b,4,4,5,9
34.880000,SS,4,1,-2.609584123,-0.024376870,4.999990463,0.825284391,1.865378414,1.579009635,1.116704230,-0.007656707,-0.001333266,0.000365341,0.483628597,0.240818272,b,4,4,5,9
34.980000,SS,4,1,-2.721235890,-0.082511421,4.999990669,0.931359519,1.738170497,1.747563926,1.148804291,-0.007738761,-0.001312425,0.000167656,0.439744104,0.215155631,b,4,4,5,9
35.080000,SS,4,1,-2.839389845,-0.260253762,4.999990851,1.008590517,1.617026593,1.870031653,1.169428488,-0.007722040,-0.001248718,-0.000049689,0.395274994,0.198493193,b,4,4,5,9
35.180000,SS,4,1,-2.725057805,-0.311359108,4.999991221,0.939454612,1.391581670,1.623065604,1.178783435,-0.007587637,-0.001150654,-0.000272243,0.350839159,0.188680569,b,4,4,5,9
35.280000,SS,4,1,-2.520722233,-0.332997707,4.999991739,0.795963200,1.097044115,1.209304173,1.176536103,-0.007350342,-0.001016672,-0.000490816,0.307055468,0.183501391,b,4,4,5,9
35.380000,SS,4,1,-2.298092630,-0.382026539,4.999992215,0.633607700,0.784509447,0.770622070,1.162795454,-0.007051226,-0.000851260,-0.000696683,0.264531475,0.180851022,b,4,4,5,9
35.480000,SS,4,1,-2.062227624,-0.410790106,4.999992822,0.422469377,0.436877100,0.203466018,1.138580654,-0.006711950,-0.000652044,-0.000884009,0.223848565,0.179047463,b,4,4,5,9
35.580000,SS,4,1,-1.826008349,-0.457249225,4.999993304,0.200856668,0.090312929,-0.391115472,1.104652932,-0.006350959,-0.000425629,-0.001041349,0.185548658,0.177014256,b,4,4,5,9
35.680000,SS,4,1,-1.591934768,-0.488272849,4.999993887,-0.057721951,-0.275114650,-1.102195954,1.062048138,-0.005929592,-0.000195417,-0.001162465,0.150121538,0.174093022,b,4,4,5,9
35.780000,SS,4,1,-1.368802980,-0.529575809,4.999994469,-0.319669719,-0.644046529,-1.835163528,1.011276929,-0.005436603,0.000022119,-0.001238806,0.117992441,0.169903000,b,4,4,5,9
35.880000,SS,4,1,-1.161219151,-0.576224567,4.999995089,-0.569160206,-1.012816222,-2.552941448,0.953273983,-0.004967959,0.000250106,-0.001273063,0.089509784,0.164120066,b,4,4,5,9
35.980000,SS,4,1,-0.964890316,-0.629763416,4.999995767,-0.806703051,-1.361381705,-3.264706018,0.889397011,-0.004596459,0.000499876,-0.001265282,0.064932985,0.156631166,b,4,4,5,9
36.080000,SS,4,1,-0.779203895,-0.712785539,4.999996350,-1.008919871,-1.652808362,-3.900137368,0.820860542,-0.004264580,0.000730515,-0.001206703,0.044424704,0.147579632,b,4,4,5,9
36.180000,SS,4,1,-0.592020527,-0.780510016,4.999996835,-1.200064996,-1.873695277,-4.520843022,0.748772564,-0.003985359,0.000928117,-0.001097078,0.028053200,0.137278548,b,4,4,5,9
36.280000,SS,4,1,-0.420637563,-0.894862841,4.999997215,-1.352420373,-2.015239329,-5.000000000,0.673834656,-0.003768094,0.001072727,-0.000944780,0.015835893,0.125987671,b,4,4,5,9
36.380000,SS,4,1,-0.266459948,-1.049424616,4.999997487,-1.470660191,-2.063875119,-5.000000000,0.597095741,-0.003606031,0.001140174,-0.000755994,0.007966119,0.113840212,b,4,4,5,9
36.480000,SS,4,1,-0.128147687,-1.234770687,4.999997650,-1.563102309,-2.038152533,-5.000000000,0.519742369,-0.003009129,0.001047601,-0.000549826,0.005223771,0.100944014,b,4,4,5,9
36.580000,SS,4,1,-0.007056170,-1.439404115,4.999997682,-1.616954372,-1.913361389,-5.000000000,0.443013233,-0.002516496,0.000926507,-0.000343515,0.005859005,0.087320387,b,4,4,5,9
36.680000,SS,4,1,0.090921538,-1.649616536,4.999997536,-1.633056700,-1.691507111,-5.000000000,0.368469128,-0.002158025,0.000775300,-0.000147879,0.006489336,0.072835819,b,4,4,5,9
36.780000,SS,4,1,0.163406617,-1.848923068,4.999997098,-1.618819861,-1.376968449,-5.000000000,0.298069394,-0.001968464,0.000596933,0.000028845,0.006679971,0.057286114,b,4,4,5,9
36.880000,SS,4,1,0.204077929,-2.017838489,4.999996091,-1.660872168,-1.139289980,-5.000000000,0.233998176,-0.001944667,0.000399368,0.000164021,0.006768763,0.041310225,b,4,4,5,9
36.980000,SS,4,1,0.187813474,-2.120815305,4.999992738,-1.662596839,-1.037190336,-5.000000000,0.177583309,-0.001974975,0.000196315,0.000245225,0.006838103,0.026785477,b,4,4,5,9
37.080000,SS,4,1,0.133935533,-2.202344114,4.999915190,-1.630217842,-0.983282675,-5.000000000,0.132598669,-0.002004632,-0.000018121,0.000298558,0.006903459,0.015004796,b,4,4,5,9
37.180000,SS,4,1,-0.133418812,-2.228025095,3.584692428,-1.384046393,-0.811682108,-5.000000000,0.110245632,-0.002008357,-0.000188672,0.000346441,0.006968888,0.008289383,b,4,4,5,9
37.280000,SS,4,1,-0.419086528,-2.234406529,2.187149725,-1.141394189,-0.610845370,-4.813351654,0.119829911,-0.001999252,-0.000349245,0.000382200,0.007036850,0.011243616,b,4,4,5,9
37.380000,SS,4,1,-0.670626060,-2.230103918,0.958197284,-0.952049064,-0.405888689,-4.152645533,0.152698287,-0.001986172,-0.000473294,0.000410540,0.007111600,0.017573092,b,4,4,5,9
37.480000,SS,4,1,-0.907337062,-2.214607631,-0.246905614,-1.013170285,-0.055360844,-3.282712141,0.192587261,-0.001993053,-0.000588834,0.000429808,0.007165797,0.029261919,b,4,4,5,9
37.580000,SS,4,1,-1.227794911,-2.115002145,-1.192475731,-0.949839284,0.129613722,-2.053469055,0.214914934,-0.002098479,-0.000764545,0.000435409,0.007091254,0.074948130,b,4,4,5,9
37.680000,SS,4,1,-1.712399584,-1.883652834,-1.639395288,-0.700262484,0.209209407,-0.820477354,0.223534472,-0.002201339,-0.001053104,0.000418414,0.006899852,0.160190431,b,4,4,5,9
37.780000,SS,4,1,-2.207013547,-1.612021480,-1.841855173,-0.344834343,0.230584667,0.332553461,0.282432106,-0.002259447,-0.001330532,0.000393095,0.006681519,0.262276649,b,4,4,5,9
37.880000,SS,4,1,-2.640292486,-1.360781868,-1.992005986,0.064297415,0.215992723,1.308402056,0.422398913,-0.002249435,-0.001555654,0.000360141,0.006521601,0.353193255,b,4,4,5,9
37.980000,SS,4,1,-2.939438282,-1.164230398,-2.201800440,0.456429488,0.175155915,1.995352986,0.604784299,-0.002179211,-0.001683182,0.000327074,0.006478883,0.409042620,b,4,4,5,9
38.080000,SS,4,1,-3.069523349,-1.046693929,-2.564708368,0.790011765,0.114717151,2.379437412,0.785099908,-0.002054311,-0.001694599,0.000296438,0.006579632,0.415341726,b,4,4,5,9
38.180000,SS,4,1,-3.020891350,-1.016158878,-3.127835355,1.038599845,0.054745540,2.483257373,0.929855734,-0.001886177,-0.001591562,0.000271269,0.006816700,0.369080437,b,4,4,5,9
38.280000,SS,4,1,-2.806371330,-1.066882569,-3.899381429,1.189004896,0.024093661,2.353099755,1.016015400,-0.001689276,-0.001389907,0.000253877,0.007155914,0.278904857,b,4,4,5,9
38.380000,SS,4,1,-2.457974725,-1.181637730,-4.855612767,1.146794566,0.330258102,2.341648762,1.033150912,-0.001487851,-0.001121476,0.000246588,0.007535391,0.171412762,b,4,4,5,9
38.480000,SS,4,1,-1.967101138,-1.325019739,-4.999979586,0.970305096,0.517725044,1.956530896,0.996582608,-0.001338987,-0.000893340,0.000239384,0.007846460,0.121600882,b,4,4,5,9
38.580000,SS,4,1,-1.546238201,-1.404411673,-4.999988759,0.842258813,0.643624464,1.687291543,0.924686928,-0.001224631,-0.000716558,0.000224526,0.008056859,0.169863835,b,4,4,5,9
38.680000,SS,4,1,-1.201085012,-1.431893292,-4.999991732,0.745054303,0.732846139,1.493820173,0.830960276,-0.001123061,-0.000588526,0.000202775,0.008180105,0.233057459,b,4,4,5,9
38.780000,SS,4,1,-0.908959345,-1.412622231,-4.999993204,0.665995001,0.795399358,1.343398953,0.725476550,-0.001034431,-0.000492563,0.000178928,0.008238175,0.276503486,b,4,4,5,9
38.880000,SS,4,1,-0.665254226,-1.348979144,-4.999994017,0.607948981,0.838562825,1.250284720,0.615785989,-0.000957592,-0.000420400,0.000155327,0.008250410,0.296261128,b,4,4,5,9
38.980000,SS,4,1,-0.457101946,-1.247111961,-4.999994574,0.562436276,0.863132732,1.189175414,0.507800239,-0.000891093,-0.000365636,0.000132691,0.008231590,0.295226097,b,4,4,5,9
39.080000,SS,4,1,-0.277816253,-1.112311827,-4.999994957,0.527192787,0.871400777,1.155171899,0.406578793,-0.000833399,-0.000322825,0.000111476,0.008192320,0.278022049,b,4,4,5,9
39.180000,SS,4,1,-0.121893729,-0.949989128,-4.999995232,0.499424639,0.865160651,1.141109890,0.317328431,-0.000782733,-0.000288391,0.000091752,0.008139932,0.249421981,b,4,4,5,9
39.280000,SS,4,1,0.015612467,-0.765276835,-4.999995440,0.476701809,0.845997906,1.140563038,0.246791854,-0.000737640,-0.000259636,0.000073493,0.008079333,0.213737105,b,4,4,5,9
39.380000,SS,4,1,0.138573012,-0.562799244,-4.999995615,0.457325543,0.815422508,1.149080380,0.204041902,-0.000696811,-0.000234703,0.000056622,0.008013699,0.174602395,b,4,4,5,9
39.480000,SS,4,1,0.249286285,-0.346754913,-4.999995753,0.440245570,0.775153246,1.164138711,0.195454358,-0.000659106,-0.000212213,0.000041046,0.007944992,0.134970368,b,4,4,5,9
39.580000,SS,4,1,0.349669046,-0.120704152,-4.999995866,0.424594229,0.726756748,1.183517929,0.214692306,-0.000623645,-0.000191231,0.000026696,0.007874344,0.097271058,b,4,4,5,9
39.680000,SS,4,1,0.441076181,0.112317930,-4.999995962,0.409803957,0.671719339,1.205745202,0.247511566,-0.000589763,-0.000171097,0.000013526,0.007802333,0.063898976,b,4,4,5,9
39.780000,SS,4,1,0.524422041,0.349753400,-4.999996044,0.395516244,0.611427399,1.229839535,0.283404607,-0.000556966,-0.000151367,0.000001503,0.007729180,0.038993675,b,4,4,5,9
39.880000,SS,4,1,0.600300216,0.589464061,-4.999996115,0.381519489,0.547147519,1.255150316,0.317143726,-0.000524906,-0.000131748,-0.000009387,0.007654889,0.032160545,b,4,4,5,9
39.980000,SS,4,1,0.669081278,0.829697595,-4.999996178,0.367714648,0.480014588,1.281289016,0.346497777,-0.000493352,-0.000112051,-0.000019150,0.007579339,0.043342429,b,4,4,5,9
40.080000,SS,4,1,0.730978156,1.069007792,-4.999996238,0.354075797,0.411025948,1.308026862,0.370676620,-0.000462155,-0.000092167,-0.000027789,0.007502353,0.058352739,b,4,4,5,9
40.180000,SS,4,1,0.786072511,1.306095793,-4.999996292,0.340607032,0.341040512,1.335148453,0.389587093,-0.000431221,-0.000072040,-0.000035317,0.007423737,0.071497925,b,4,4,5,9
40.280000,SS,4,1,0.834409957,1.539928554,-4.999996316,0.327356440,0.270787794,1.362573998,0.403484445,-0.000400501,-0.000051653,-0.000041744,0.007343312,0.081572008,b,4,4,5,9
40.380000,SS,4,1,0.876009074,1.769631646,-4.999996318,0.314386434,0.200876445,1.390260220,0.412798052,-0.000369974,-0.000031014,-0.000047087,0.007260928,0.088476867,b,4,4,5,9
40.480000,SS,4,1,0.910887209,1.994455529,-4.999996321,0.301763387,0.131806387,1.418180719,0.418037406,-0.000339631,-0.000010146,-0.000051369,0.007176472,0.092450485,b,4,4,5,9
40.580000,SS,4,1,0.939075427,2.213747623,-4.999996325,0.289552537,0.063981644,1.446318374,0.419737877,-0.000309469,0.000010921,-0.000054622,0.007089875,0.093852666,b,4,4,5,9
40.680000,SS,4,1,0.960628731,2.426930831,-4.999996330,0.277813350,-0.002275610,1.474656540,0.418427880,-0.000279485,0.000032154,-0.000056883,0.007001107,0.093084564,b,4,4,5,9
40.780000,SS,4,1,0.975631713,2.633487142,-4.999996335,0.266596971,-0.066711561,1.503174121,0.414608660,-0.000249674,0.000053520,-0.000058196,0.006910182,0.090550533,b,4,4,5,9
40.880000,SS,4,1,0.984200723,2.832945629,-4.999996341,0.255945000,-0.129128213,1.531842732,0.408742085,-0.000220022,0.000074993,-0.000058607,0.006817146,0.086637202,b,4,4,5,9
40.980000,SS,4,1,0.986483594,3.024874093,-4.999996348,0.245889087,-0.189372182,1.560625000,0.401243849,-0.000190514,0.000096549,-0.000058171,0.006722083,0.081701280,b,4,4,5,9
41.080000,SS,4,1,0.982657674,3.208873634,-4.999996354,0.236451122,-0.247325040,1.589473712,0.392480455,-0.000161127,0.000118174,-0.000056943,0.006625104,0.076062562,b,4,4,5,9
41.180000,SS,4,1,0.972926767,3.384575497,-4.999996361,0.227643790,-0.302895269,1.618331551,0.382768894,-0.000131832,0.000139860,-0.000054981,0.006526350,0.070000420,b,4,4,5,9
41.280000,SS,4,1,0.957517462,3.551639585,-4.999996366,0.219471361,-0.356011796,1.647131236,0.372378231,-0.000102598,0.000161607,-0.000052347,0.006425984,0.063752777,b,4,4,5,9
41.380000,SS,4,1,0.936675207,3.709754168,-4.999996371,0.211930583,-0.406618958,1.675795984,0.361532503,-0.000073391,0.000183422,-0.000049100,0.006324194,0.057516900,b,4,4,5,9
41.480000,SS,4,1,0.910660373,3.858636343,-4.999996375,0.205011624,-0.454672753,1.704240197,0.350414470,-0.000044177,0.000205316,-0.000045305,0.006221192,0.051451517,b,4,4,5,9
41.580000,SS,4,1,0.879744483,3.998032919,-4.999996377,0.198699007,-0.500138166,1.732370341,0.339169845,-0.000014922,0.000227309,-0.000041025,0.006117209,0.045679875,b,4,4,5,9
41.680000,SS,4,1,0.844206723,4.127721469,-4.999996377,0.192972498,-0.542987383,1.760085964,0.327911732,0.000014408,0.000249422,-0.000036322,0.006012503,0.040293405,b,4,4,5,9
41.780000,SS,4,1,0.804330781,4.247511336,-4.999996374,0.187807933,-0.583198697,1.787280809,0.316725054,0.000043845,0.000271680,-0.000031261,0.005907353,0.035355720,b,4,4,5,9
41.880000,SS,4,1,0.760402057,4.357244475,-4.999996368,0.183177982,-0.620755958,1.813843990,0.305670810,0.000073415,0.000294112,-0.000025904,0.005802066,0.030906696,b,4,4,5,9
41.980000,SS,4,1,0.712705226,4.456796021,-4.999996359,0.179052827,-0.655648388,1.839661203,0.294790052,0.000103146,0.000316745,-0.000020313,0.005696975,0.026966390,b,4,4,5,9
42.080000,SS,4,1,0.661522176,4.546074728,-4.999996345,0.175400751,-0.687870710,1.864615904,0.284107516,0.000133057,0.000339607,-0.000014550,0.005592444,0.023538588,b,4,4,5,9
42.180000,SS,4,1,0.607130200,4.625022440,-4.999996325,0.172188716,-0.717423282,1.888590575,0.273634861,0.000163166,0.000362726,-0.000008678,0.005488866,0.020613755,b,4,4,5,9
42.280000,SS,4,1,0.549800590,4.693614227,-4.999996298,0.169382780,-0.744312536,1.911467792,0.263373501,0.000193488,0.000386125,-0.000002754,0.005386669,0.018171264,b,4,4,5,9
42.380000,SS,4,1,0.489668200,4.750594002,-4.999956343,0.167055532,-0.768246099,1.933324190,0.253318290,0.000224026,0.000409823,0.000003112,0.005286314,0.016181003,b,4,4,5,9
42.480000,SS,4,1,0.427409856,4.799928902,-4.999996221,0.164848867,-0.790164005,1.953495732,0.243452683,0.000254811,0.000433847,0.000009012,0.005188295,0.014604438,b,4,4,5,9
42.580000,SS,4,1,0.362873077,4.837739781,-4.999996166,0.163050726,-0.809186590,1.972422408,0.233765326,0.000285795,0.000458234,0.000014753,0.005093142,0.013394273,b,4,4,5,9
42.680000,SS,4,1,0.296364100,4.865403298,-4.999996095,0.161555093,-0.825637826,1.989902480,0.224236518,0.000317042,0.000482934,0.000020308,0.005001420,0.012499808,b,4,4,5,9
42.780000,DS,4,0,1.187493155,1.901239404,2.500286246,-0.284458507,-1.781529234,1.319389175,0.116801717,0.207093409,0.116381768,0.042183553,nan,0.048146749,b,4,5,-1,10
42.880000,DS,4,0,1.394506236,3.273810867,3.063672849,-0.381300019,-2.356254043,0.660726753,0.106027595,0.205542621,0.114334334,0.042595131,nan,0.060234613,b,4,5,-1,10
42.980000,DS,4,0,1.121203320,1.714298212,4.016214132,-0.531443699,-1.916375602,-0.215833182,0.104154324,0.201727392,0.111096859,0.042225312,nan,0.045037823,b,4,5,-1,10
43.080000,DS,4,0,0.977163658,1.127599745,4.235364553,-0.472463970,-1.371612025,-0.462169208,0.117513800,0.195130786,0.106476475,0.041031555,nan,0.040862743,b,4,5,-1,10
43.180000,DS,4,0,0.835323610,0.629426994,4.385429404,-0.351901664,-0.818918607,-0.551839648,0.140303279,0.185581150,0.100408648,0.039050703,nan,0.032649391,b,4,5,-1,10
43.280000,DS,4,0,0.741162281,0.264780899,4.517305893,-0.249598935,-0.429810737,-0.532359308,0.169432739,0.173174705,0.092963261,0.036379707,nan,0.025075663,b,4,5,-1,10
43.380000,DS,4,0,0.688164551,0.028856837,4.640914438,-0.174838134,-0.176728622,-0.477940303,0.201976434,0.158227576,0.084315240,0.033141208,nan,0.018812010,b,4,5,-1,10
43.480000,DS,4,0,0.662214254,-0.119349394,4.772941363,-0.122408849,-0.017516945,-0.422485022,0.235492885,0.141229648,0.074728470,0.029474529,nan,0.014239517,b,4,5,-1,10
43.580000,DS,4,0,0.654081434,-0.210200793,4.914727196,-0.088775946,0.073984016,-0.377639953,0.268355599,0.122799814,0.064532514,0.025530416,nan,0.011342585,b,4,5,-1,10
43.680000,DS,4,0,0.657275143,-0.264181482,5.061965350,-0.069798997,0.117726524,-0.345242844,0.299583754,0.103641809,0.054097022,0.021465392,nan,0.009664994,b,4,5,-1,10
43.780000,DS,4,0,0.666654064,-0.296382499,5.209555893,-0.060844246,0.130333223,-0.322816279,0.328632080,0.084500733,0.043806851,0.017436253,nan,0.008672018,b,4,5,-1,10
43.880000,DS,4,0,0.678511352,-0.317596208,5.353373919,-0.057716677,0.125063584,-0.306676606,0.355242069,0.066119429,0.034038088,0.013594182,nan,0.008019711,b,4,5,-1,10
43.980000,DS,4,0,0.690571505,-0.334828592,5.490840218,-0.057204757,0.111620005,-0.293640861,0.379339227,0.049194598,0.025135265,0.010078049,nan,0.007545093,b,4,5,-1,10
44.080000,DS,4,0,0.701737777,-0.352023493,5.620820015,-0.057219420,0.096315365,-0.281623211,0.400962967,0.034332792,0.017389828,0.007006870,nan,0.007167339,b,4,5,-1,10
44.180000,DS,4,0,0.711736170,-0.370897290,5.743153036,-0.056666075,0.082607694,-0.269572978,0.420220227,0.022006408,0.011019591,0.004471634,nan,0.006834103,b,4,5,-1,10
44.280000,DS,4,0,0.720726816,-0.391740914,5.857882335,-0.055179561,0.071861380,-0.257169429,0.437255531,0.012509820,0.006148932,0.002526826,nan,0.006511227,b,4,5,-1,10
44.380000,DS,4,0,0.728357792,-0.413985197,5.959549424,-0.052831295,0.064144742,-0.244499028,0.452232016,0.005915776,0.002789733,0.001181928,nan,0.006183154,b,4,5,-1,10
44.480000,DS,4,0,0.727674067,-0.435666954,5.989032466,-0.049860773,0.058938371,-0.231754211,0.465319496,0.002032326,0.000824637,0.000393075,nan,0.005848649,b,4,5,-1,10
44.580000,DS,4,0,0.724608460,-0.457039016,5.992628753,-0.046576592,0.055517910,-0.219257864,0.476687069,0.000358587,-0.000018505,0.000054772,nan,0.005515824,b,4,5,-1,10
44.680000,DS,4,0,0.722388152,-0.478127261,5.995589669,-0.043171454,0.053359242,-0.207163747,0.486499063,0.000042563,-0.000179498,-0.000008093,nan,0.005194810,b,4,5,-1,10
44.780000,DS,4,0,0.721077130,-0.498669730,5.998462170,-0.039495543,0.052672993,-0.195138372,0.494912354,0.000032533,-0.000187454,-0.000009132,nan,0.004892772,b,4,5,-1,10
44.880000,DS,4,0,0.720588696,-0.518576549,6.001347863,-0.034262806,0.055877261,-0.180792443,0.502074289,0.000023316,-0.000194624,-0.000010084,nan,0.004610189,b,4,5,-1,10
44.980000,DS,4,0,0.720701829,-0.537913195,6.004254270,-0.020340408,0.071523431,-0.143493105,0.508118537,0.000014560,-0.000201410,-0.000011149,nan,0.004295718,b,4,5,-1,10
45.080000,DS,4,0,0.720469231,-0.557438802,6.007175125,0.016988079,0.072067204,0.025773597,0.513118910,0.000005401,-0.000211010,-0.000014014,nan,0.003143460,b,4,5,-1,10
45.180000,DS,4,0,0.713022810,-0.586490111,6.009280347,0.033835723,0.086093868,0.073606335,0.516891907,-0.000004985,-0.000225918,-0.000020013,nan,0.000721248,b,4,5,-1,10
45.280000,DS,4,0,0.698067005,-0.633564706,6.010199449,0.045096894,0.108694824,0.076558416,0.519402034,-0.000009220,-0.000227984,-0.000018906,nan,0.000875247,b,4,5,-1,10
45.380000,DS,4,0,0.690115165,-0.673339925,6.011264920,0.046666167,0.116526544,0.068071448,0.520872500,-0.000009986,-0.000227635,-0.000018624,nan,0.001118441,b,4,5,-1,10
45.480000,DS,4,0,0.687164853,-0.705874226,6.012211858,0.042410248,0.115193456,0.051074881,0.521482670,-0.000010582,-0.000227230,-0.000019605,nan,0.000907577,b,4,5,-1,10
45.580000,DS,4,0,0.686245254,-0.735280112,6.013405185,0.035956164,0.109142207,0.031927864,0.521387344,-0.000011764,-0.000226951,-0.000021139,nan,0.000731720,b,4,5,-1,10
45.680000,DS,4,0,0.684656998,-0.763724271,6.013900320,0.029587491,0.101723241,0.014946063,0.520716693,-0.000013645,-0.000226761,-0.000022842,nan,0.000892507,b,4,5,-1,10
45.780000,DS,4,0,0.681869899,-0.792435690,6.013801198,0.024530799,0.095093065,0.002214699,0.519572039,-0.000016138,-0.000226832,-0.000024497,nan,0.001167204,b,4,5,-1,10
45.880000,DS,4,0,0.678772524,-0.822027778,6.014003513,0.021193808,0.090263591,-0.005867485,0.518028286,-0.000019096,-0.000227417,-0.000026012,nan,0.001367754,b,4,5,-1,10
45.980000,DS,4,0,0.675391498,-0.852442261,6.014409673,0.019468995,0.087375486,-0.009830994,0.516139887,-0.000022309,-0.000228398,-0.000027378,nan,0.001460492,b,4,5,-1,10
46.080000,DS,4,0,0.671838283,-0.883412371,6.014926469,0.018965351,0.086082662,-0.010773507,0.513947167,-0.000025609,-0.000229620,-0.000028629,nan,0.001465063,b,4,5,-1,10
46.180000,DS,4,0,0.668239669,-0.914642150,6.015488944,0.019205661,0.085845292,-0.009939396,0.511481848,-0.000028882,-0.000230929,-0.000029809,nan,0.001415266,b,4,5,-1,10
46.280000,DS,4,0,0.664702412,-0.945883999,6.016059392,0.019759103,0.086128117,-0.008410310,0.508771221,-0.000032062,-0.000232203,-0.000030956,nan,0.001343447,b,4,5,-1,10
46.380000,DS,4,0,0.661299785,-0.976966715,6.016621904,0.020311350,0.086510892,-0.006943181,0.505840786,-0.000035118,-0.000233366,-0.000032099,nan,0.001273253,b,4,5,-1,10
46.480000,DS,4,0,0.658068112,-1.007798155,6.017174857,0.020681918,0.086729614,-0.005946535,0.502715474,-0.000038050,-0.000234391,-0.000033253,nan,0.001217441,b,4,5,-1,10
46.580000,DS,4,0,0.655010943,-1.038353211,6.017724197,0.020805970,0.086669290,-0.005546157,0.499419839,-0.000040872,-0.000235282,-0.000034426,nan,0.001179482,b,4,5,-1,10
46.680000,DS,4,0,0.652108594,-1.068652832,6.018278069,0.020699124,0.086327932,-0.005683750,0.495977683,-0.000043606,-0.000236065,-0.000035619,nan,0.001157097,b,4,5,-1,10
46.780000,DS,4,0,0.649329789,-1.098740577,6.018843531,0.020419995,0.085770302,-0.006210417,0.492411495,-0.000046272,-0.000236772,-0.000036824,nan,0.001145676,b,4,5,-1,10
46.880000,DS,4,0,0.646640725,-1.128662890,6.019424160,0.020039567,0.085085809,-0.006957148,0.488741966,-0.000048887,-0.000237430,-0.000038036,nan,0.001140478,b,4,5,-1,10
46.980000,DS,4,0,0.643959269,-1.158454180,6.019979659,0.019622218,0.084358533,-0.007773293,0.484987698,-0.000051456,-0.000238052,-0.000039249,nan,0.001137635,b,4,5,-1,10
47.080000,DS,4,0,0.641173826,-1.188132711,6.020439148,0.019215668,0.083651730,-0.008548445,0.481165108,-0.000053979,-0.000238629,-0.000040459,nan,0.001134441,b,4,5,-1,10
47.180000,DS,4,0,0.638404595,-1.217714176,6.020901961,0.018842863,0.083002722,-0.009241421,0.477288498,-0.000056469,-0.000239199,-0.000041663,nan,0.001129473,b,4,5,-1,10
47.280000,DS,4,0,0.635662757,-1.247198468,6.021378371,0.018511258,0.082422602,-0.009838212,0.473370286,-0.000058925,-0.000239765,-0.000042858,nan,0.001122364,b,4,5,-1,10
47.380000,DS,4,0,0.632947294,-1.276577203,6.021865752,0.018217492,0.081905875,-0.010346910,0.469421265,-0.000061348,-0.000240326,-0.000044047,nan,0.001113357,b,4,5,-1,10
47.480000,DS,4,0,0.630258286,-1.305840279,6.022361500,0.017952762,0.081439027,-0.010787892,0.465450845,-0.000063734,-0.000240880,-0.000045229,nan,0.001102983,b,4,5,-1,10
47.580000,DS,4,0,0.627595914,-1.334978725,6.022863526,0.017706945,0.081006507,-0.011184425,0.461467270,-0.000066086,-0.000241426,-0.000046407,nan,0.001091829,b,4,5,-1,10
47.680000,DS,4,0,0.624959798,-1.363985848,6.023370185,0.017471222,0.080594577,-0.011556676,0.457477802,-0.000068400,-0.000241960,-0.000047581,nan,0.001080398,b,4,5,-1,10
47.780000,DS,4,0,0.622348916,-1.392857464,6.023880325,0.017239316,0.080193192,-0.011918971,0.453488856,-0.000070679,-0.000242485,-0.000048752,nan,0.001069043,b,4,5,-1,10
47.880000,DS,4,0,0.619761641,-1.421591533,6.024393136,0.017007692,0.079796337,-0.012279427,0.449506105,-0.000072923,-0.000242999,-0.000049920,nan,0.001057962,b,4,5,-1,10
47.980000,DS,4,0,0.617195969,-1.450187528,6.024908031,0.016775087,0.079401397,-0.012641040,0.445534565,-0.000075132,-0.000243505,-0.000051086,nan,0.001047228,b,4,5,-1,10
48.080000,DS,4,0,0.614649777,-1.478645765,6.025424555,0.016541780,0.079008101,-0.013003362,0.441578656,-0.000077308,-0.000244002,-0.000052250,nan,0.001036828,b,4,5,-1,10
48.180000,DS,4,0,0.612121036,-1.506966857,6.025942317,0.016308844,0.078617433,-0.013364166,0.437642256,-0.000079452,-0.000244493,-0.000053412,nan,0.001026706,b,4,5,-1,10
48.280000,DS,4,0,0.609607958,-1.535151350,6.026460952,0.016077555,0.078230765,-0.013720765,0.433728750,-0.000081564,-0.000244979,-0.000054571,nan,0.001016795,b,4,5,-1,10
48.380000,DS,4,0,0.607109058,-1.563199540,6.026980105,0.015849009,0.077849281,-0.014070854,0.429841079,-0.000083645,-0.000245459,-0.000055728,nan,0.001007034,b,4,5,-1,10
48.480000,DS,4,0,0.604623161,-1.591111422,6.027499434,0.015623948,0.077473705,-0.014412898,0.425981784,-0.000085696,-0.000245936,-0.000056882,nan,0.000997381,b,4,5,-1,10
48.580000,DS,4,0,0.602149358,-1.618886748,6.028018603,0.015402724,0.077104244,-0.014746201,0.422153047,-0.000087718,-0.000246409,-0.000058034,nan,0.000987815,b,4,5,-1,10
48.680000,DS,4,0,0.599686960,-1.646525104,6.028537309,0.015185371,0.076740680,-0.015070750,0.418356730,-0.000089711,-0.000246879,-0.000059183,nan,0.000978327,b,4,5,-1,10
48.780000,DS,4,0,0.597235433,-1.674026023,6.029055287,0.014971707,0.076382514,-0.015386995,0.414594417,-0.000091675,-0.000247345,-0.000060330,nan,0.000968924,b,4,5,-1,10
48.880000,DS,4,0,0.594794350,-1.701389067,6.029572333,0.014761441,0.076029120,-0.015695607,0.410867440,-0.000093612,-0.000247809,-0.000061474,nan,0.000959614,b,4,5,-1,10
48.980000,DS,4,0,0.592363078,-1.728615327,6.030089086,0.014554247,0.075679870,-0.015997375,0.407176916,-0.000095520,-0.000248270,-0.000062616,nan,0.000950405,b,4,5,-1,10
49.080000,DS,4,0,0.589939639,-1.755713530,6.030610524,0.014349764,0.075334215,-0.016293344,0.403523765,-0.000097400,-0.000248730,-0.000063756,nan,0.000941292,b,4,5,-1,10
49.180000,DS,4,0,0.587524471,-1.782679879,6.031134559,0.014147826,0.074991559,-0.016583576,0.399908737,-0.000099251,-0.000249188,-0.000064895,nan,0.000932287,b,4,5,-1,10
49.280000,DS,4,0,0.585118655,-1.809507252,6.031657208,0.013948343,0.074651515,-0.016867967,0.396332431,-0.000101075,-0.000249643,-0.000066031,nan,0.000923411,b,4,5,-1,10
49.380000,DS,4,0,0.582722093,-1.836194868,6.032178016,0.013751201,0.074313948,-0.017146901,0.392795316,-0.000102875,-0.000250097,-0.000067165,nan,0.000914669,b,4,5,-1,10
49.480000,DS,4,0,0.580334596,-1.862742614,6.032696883,0.013556316,0.073978749,-0.017420718,0.389297743,-0.000104649,-0.000250547,-0.000068296,nan,0.000906059,b,4,5,-1,10
49.580000,DS,4,0,0.577956040,-1.889150354,6.033213731,0.013363619,0.073645787,-0.017689622,0.385839959,-0.000106398,-0.000250996,-0.000069424,nan,0.000897576,b,4,5,-1,10
49.680000,DS,4,0,0.575586344,-1.915417948,6.033728498,0.013173052,0.073314920,-0.017953741,0.382422118,-0.000108123,-0.000251441,-0.000070550,nan,0.000889216,b,4,5,-1,10
49.780000,DS,4,0,0.573225461,-1.941545267,6.034241130,0.012984560,0.072986011,-0.018213181,0.379044295,-0.000109824,-0.000251885,-0.000071673,nan,0.000880976,b,4,5,-1,10
49.880000,DS,4,0,0.570873364,-1.967532197,6.034751580,0.012798087,0.072658936,-0.018468043,0.375706492,-0.000111502,-0.000252326,-0.000072793,nan,0.000872852,b,4,5,-1,10
49.980000,DS,4,0,0.568530042,-1.993378648,6.035259806,0.012613576,0.072333582,-0.018718436,0.372408648,-0.000113156,-0.000252765,-0.000073910,nan,0.000864841,b,4,5,-1,10
50.080000,DS,4,0,0.566195502,-2.019084547,6.035765772,0.012430972,0.072009844,-0.018964473,0.369150647,-0.000114788,-0.000253202,-0.000075025,nan,0.000856942,b,4,5,-1,10
50.180000,DS,4,0,0.563869763,-2.044649840,6.036269445,0.012250218,0.071687629,-0.019206268,0.365932325,-0.000116398,-0.000253636,-0.000076137,nan,0.000849152,b,4,5,-1,10
50.280000,DS,4,0,0.561552856,-2.070074489,6.036770800,0.012071258,0.071366852,-0.019443933,0.362753475,-0.000117985,-0.000254068,-0.000077245,nan,0.000841471,b,4,5,-1,10
50.380000,DS,4,0,0.559244819,-2.095358472,6.037269813,0.011894040,0.071047433,-0.019677576,0.359613851,-0.000119551,-0.000254498,-0.000078350,nan,0.000833898,b,4,5,-1,10
50.480000,DS,4,0,0.556945702,-2.120501786,6.037766465,0.011718514,0.070729305,-0.019907301,0.356513179,-0.000121096,-0.000254925,-0.000079453,nan,0.000826431,b,4,5,-1,10
50.580000,DS,4,0,0.554655558,-2.145504444,6.038260741,0.011544631,0.070412405,-0.020133201,0.353451152,-0.000122619,-0.000255350,-0.000080552,nan,0.000819068,b,4,5,-1,10
50.680000,DS,4,0,0.552374444,-2.170366476,6.038752626,0.011372350,0.070096680,-0.020355366,0.350427442,-0.000124122,-0.000255773,-0.000081648,nan,0.000811810,b,4,5,-1,10
50.780000,DS,4,0,0.550102422,-2.195087930,6.039242111,0.011201627,0.069782082,-0.020573878,0.347441700,-0.000125604,-0.000256193,-0.000082740,nan,0.000804653,b,4,5,-1,10
50.880000,DS,4,0,0.547839555,-2.219668870,6.039729185,0.011032427,0.069468570,-0.020788816,0.344493557,-0.000127067,-0.000256611,-0.000083830,nan,0.000797598,b,4,5,-1,10
50.980000,DS,4,0,0.545585909,-2.244109376,6.040213842,0.010864713,0.069156109,-0.021000251,0.341582630,-0.000128510,-0.000257027,-0.000084915,nan,0.000790642,b,4,5,-1,10
51.080000,DS,4,0,0.543341551,-2.268409544,6.040696074,0.010698451,0.068844668,-0.021208255,0.338708524,-0.000129933,-0.000257440,-0.000085998,nan,0.000783783,b,4,5,-1,10
51.180000,DS,4,0,0.541106548,-2.292569488,6.041175878,0.010533610,0.068534222,-0.021412892,0.335870832,-0.000131337,-0.000257851,-0.000087076,nan,0.000777022,b,4,5,-1,10
51.280000,DS,4,0,0.538880967,-2.316589335,6.041653249,0.010370160,0.068224746,-0.021614228,0.333069137,-0.000132722,-0.000258260,-0.000088152,nan,0.000770356,b,4,5,-1,10
51.380000,DS,4,0,0.536664875,-2.340469227,6.042128183,0.010208072,0.067916223,-0.021812323,0.330303016,-0.000134089,-0.000258666,-0.000089223,nan,0.000763784,b,4,5,-1,10
51.480000,DS,4,0,0.534458338,-2.364209324,6.042600679,0.010047320,0.067608635,-0.022007236,0.327572040,-0.000135438,-0.000259070,-0.000090291,nan,0.000757305,b,4,5,-1,10
51.580000,DS,4,0,0.532261420,-2.387809796,6.043070734,0.009887876,0.067301970,-0.022199025,0.324875775,-0.000136768,-0.000259472,-0.000091355,nan,0.000750917,b,4,5,-1,10
51.680000,DS,4,0,0.530074187,-2.411270831,6.043538348,0.009729718,0.066996215,-0.022387744,0.322213783,-0.000138080,-0.000259871,-0.000092415,nan,0.000744620,b,4,5,-1,10
51.780000,DS,4,0,0.527896700,-2.434592630,6.044003519,0.009572822,0.066691362,-0.022573447,0.319585626,-0.000139376,-0.000260268,-0.000093471,nan,0.000738412,b,4,5,-1,10
51.880000,DS,4,0,0.525729018,-2.457775406,6.044466247,0.009417166,0.066387405,-0.022756184,0.316990860,-0.000140653,-0.000260662,-0.000094524,nan,0.000732292,b,4,5,-1,10
51.980000,DS,4,0,0.523571202,-2.480819388,6.044926532,0.009262728,0.066084338,-0.022936004,0.314429045,-0.000141914,-0.000261054,-0.000095572,nan,0.000726259,b,4,5,-1,10
52.080000,DS,4,0,0.521423309,-2.503724817,6.045384376,0.009109489,0.065782157,-0.023112956,0.311899739,-0.000143158,-0.000261444,-0.000096617,nan,0.000720312,b,4,5,-1,10
52.180000,DS,4,0,0.519285394,-2.526491947,6.045839779,0.008957430,0.065480862,-0.023287086,0.309402501,-0.000144386,-0.000261831,-0.000097657,nan,0.000714450,b,4,5,-1,10
52.280000,DS,4,0,0.517157509,-2.549121044,6.046292743,0.008806533,0.065180452,-0.023458438,0.306936890,-0.000145597,-0.000262216,-0.000098693,nan,0.000708672,b,4,5,-1,10
52.380000,DS,4,0,0.515039708,-2.571612389,6.046743272,0.008656781,0.064880927,-0.023627055,0.304502468,-0.000146792,-0.000262598,-0.000099725,nan,0.000702976,b,4,5,-1,10
52.480000,DS,4,0,0.512932043,-2.593966278,6.047191377,0.008508157,0.064582290,-0.023792981,0.302098800,-0.000147971,-0.000262979,-0.000100753,nan,0.000697362,b,4,5,-1,10
52.580000,DS,4,0,0.510834576,-2.616183032,6.047637084,0.008360646,0.064284542,-0.023956259,0.299725453,-0.000149135,-0.000263356,-0.000101777,nan,0.000691828,b,4,5,-1,10
52.680000,DS,4,0,0.508747324,-2.638262928,6.048080353,0.008214232,0.063987687,-0.024116922,0.297381995,-0.000150284,-0.000263731,-0.000102797,nan,0.000686375,b,4,5,-1,10
52.780000,DS,4,0,0.506670487,-2.660206491,6.048521452,0.008068896,0.063691728,-0.024275035,0.295068001,-0.000151417,-0.000264104,-0.000103812,nan,0.000680999,b,4,5,-1,10
52.880000,DS,4,0,0.504604598,-2.682014686,6.048961233,0.007924604,0.063396654,-0.024430706,0.292783047,-0.000152535,-0.000264475,-0.000104823,nan,0.000675700,b,4,5,-1,10
52.980000,DS,4,0,0.502551377,-2.703689996,6.049402585,0.007781271,0.063102421,-0.024584208,0.290526713,-0.000153637,-0.000264845,-0.000105830,nan,0.000670473,b,4,5,-1,10
53.080000,DS,4,0,0.500511679,-2.725233767,6.049846873,0.007638858,0.062808969,-0.024735607,0.288298584,-0.000154724,-0.000265213,-0.000106832,nan,0.000665316,b,4,5,-1,10
53.180000,DS,4,0,0.498483754,-2.746644005,6.050290978,0.007497447,0.062516318,-0.024884513,0.286098250,-0.000155797,-0.000265580,-0.000107831,nan,0.000660233,b,4,5,-1,10
53.280000,DS,4,0,0.496466605,-2.767919780,6.050733149,0.007357102,0.062224561,-0.025030749,0.283925304,-0.000156855,-0.000265945,-0.000108825,nan,0.000655228,b,4,5,-1,10
53.380000,DS,4,0,0.494459841,-2.789061035,6.051172737,0.007217848,0.061933798,-0.025174338,0.281779344,-0.000157899,-0.000266308,-0.000109815,nan,0.000650300,b,4,5,-1,10
53.480000,DS,4,0,0.492463533,-2.810068297,6.051609868,0.007079669,0.061644079,-0.025315404,0.279659972,-0.000158930,-0.000266668,-0.000110800,nan,0.000645446,b,4,5,-1,10
53.580000,DS,4,0,0.490477666,-2.830941930,6.052044491,0.006942542,0.061355405,-0.025454045,0.277566794,-0.000159947,-0.000267026,-0.000111780,nan,0.000640664,b,4,5,-1,10
53.680000,DS,4,0,0.488502257,-2.851682316,6.052476593,0.006806435,0.061067755,-0.025590340,0.275499422,-0.000160951,-0.000267381,-0.000112756,nan,0.000635953,b,4,5,-1,10
53.780000,DS,4,0,0.486537334,-2.872289852,6.052906172,0.006671318,0.060781106,-0.025724362,0.273457472,-0.000161941,-0.000267734,-0.000113728,nan,0.000631312,b,4,5,-1,10
53.880000,DS,4,0,0.484582918,-2.892764946,6.053333230,0.006537167,0.060495439,-0.025856168,0.271440567,-0.000162919,-0.000268085,-0.000114695,nan,0.000626741,b,4,5,-1,10
53.980000,DS,4,0,0.482639029,-2.913108025,6.053757772,0.006403964,0.060210747,-0.025985806,0.269448332,-0.000163884,-0.000268433,-0.000115657,nan,0.000622238,b,4,5,-1,10
54.080000,DS,4,0,0.480705680,-2.933319525,6.054179802,0.006271696,0.059927032,-0.026113313,0.267480400,-0.000164836,-0.000268779,-0.000116614,nan,0.000617803,b,4,5,-1,10
54.180000,DS,4,0,0.478782885,-2.953399893,6.054599325,0.006140355,0.059644301,-0.026238717,0.265536408,-0.000165776,-0.000269122,-0.000117567,nan,0.000613435,b,4,5,-1,10
54.280000,DS,4,0,0.476870653,-2.973349585,6.055016347,0.006009934,0.059362569,-0.026362042,0.263615997,-0.000166703,-0.000269464,-0.000118516,nan,0.000609133,b,4,5,-1,10
54.380000,DS,4,0,0.474968990,-2.993169059,6.055430869,0.005880430,0.059081847,-0.026483310,0.261718814,-0.000167618,-0.000269802,-0.000119459,nan,0.000604897,b,4,5,-1,10
54.480000,DS,4,0,0.473077905,-3.012858784,6.055842901,0.005751838,0.058802149,-0.026602542,0.259844513,-0.000168522,-0.000270139,-0.000120398,nan,0.000600725,b,4,5,-1,10
54.580000,DS,4,0,0.471197403,-3.032419229,6.056252446,0.005624153,0.058523487,-0.026719760,0.257992749,-0.000169413,-0.000270473,-0.000121332,nan,0.000596616,b,4,5,-1,10
54.680000,DS,4,0,0.469327487,-3.051850873,6.056659512,0.005497370,0.058245871,-0.026834986,0.256163185,-0.000170293,-0.000270805,-0.000122262,nan,0.000592571,b,4,5,-1,10
54.780000,DS,4,0,0.467468161,-3.071154195,6.057064102,0.005371481,0.057969311,-0.026948244,0.254355488,-0.000171162,-0.000271135,-0.000123186,nan,0.000588588,b,4,5,-1,10
54.880000,DS,4,0,0.465619427,-3.090329681,6.057466224,0.005246483,0.057693815,-0.027059558,0.252569330,-0.000172019,-0.000271462,-0.000124106,nan,0.000584666,b,4,5,-1,10
54.980000,DS,4,0,0.463781284,-3.109377825,6.057865883,0.005122366,0.057419390,-0.027168952,0.250804388,-0.000172865,-0.000271787,-0.000125021,nan,0.000580805,b,4,5,-1,10
55.080000,DS,4,0,0.461953730,-3.128299121,6.058263085,0.004999127,0.057146045,-0.027276449,0.249060345,-0.000173700,-0.000272110,-0.000125932,nan,0.000577004,b,4,5,-1,10
55.180000,DS,4,0,0.460136762,-3.147094072,6.058657837,0.004876758,0.056873786,-0.027382073,0.247336888,-0.000174524,-0.000272431,-0.000126837,nan,0.000573262,b,4,5,-1,10
55.280000,DS,4,0,0.458330376,-3.165763184,6.059050145,0.004755253,0.056602621,-0.027485847,0.245633707,-0.000175338,-0.000272749,-0.000127738,nan,0.000569578,b,4,5,-1,10
55.380000,DS,4,0,0.456534566,-3.184306968,6.059440014,0.004634608,0.056332557,-0.027587793,0.243950501,-0.000176141,-0.000273065,-0.000128634,nan,0.000565953,b,4,5,-1,10
55.480000,DS,4,0,0.454749324,-3.202725938,6.059827453,0.004514816,0.056063602,-0.027687934,0.242286970,-0.000176933,-0.000273379,-0.000129525,nan,0.000562385,b,4,5,-1,10
55.580000,DS,4,0,0.452974641,-3.221020615,6.060212468,0.004395873,0.055795764,-0.027786289,0.240642820,-0.000177715,-0.000273691,-0.000130411,nan,0.000558873,b,4,5,-1,10
55.680000,DS,4,0,0.451210507,-3.239191522,6.060595065,0.004277773,0.055529049,-0.027882881,0.239017764,-0.000178487,-0.000274000,-0.000131293,nan,0.000555417,b,4,5,-1,10
55.780000,DS,4,0,0.449456911,-3.257239186,6.060975251,0.004160512,0.055263465,-0.027977728,0.237411516,-0.000179250,-0.000274307,-0.000132170,nan,0.000552016,b,4,5,-1,10
55.880000,DS,4,0,0.447713840,-3.275164138,6.061353034,0.004044086,0.054999020,-0.028070852,0.235823796,-0.000180002,-0.000274612,-0.000133042,nan,0.000548670,b,4,5,-1,10
55.980000,DS,4,0,0.445981281,-3.292966913,6.061728421,0.003928490,0.054735720,-0.028162272,0.234254329,-0.000180744,-0.000274915,-0.000133909,nan,0.000545377,b,4,5,-1,10
56.080000,DS,4,0,0.444259218,-3.310648047,6.062101419,0.003813719,0.054473572,-0.028252008,0.232702845,-0.000181477,-0.000275216,-0.000134771,nan,0.000542138,b,4,5,-1,10
56.180000,DS,4,0,0.442547635,-3.328208083,6.062472035,0.003699769,0.054212583,-0.028340078,0.231169077,-0.000182201,-0.000275515,-0.000135629,nan,0.000538951,b,4,5,-1,10
56.280000,DS,4,0,0.440846516,-3.345647563,6.062840278,0.003586636,0.053952760,-0.028426501,0.229652764,-0.000182915,-0.000275811,-0.000136481,nan,0.000535816,b,4,5,-1,10
56.380000,DS,4,0,0.439155842,-3.362967035,6.063206154,0.003474316,0.053694108,-0.028511295,0.228153647,-0.000183619,-0.000276105,-0.000137329,nan,0.000532732,b,4,5,-1,10
56.480000,DS,4,0,0.437475594,-3.380167048,6.063569671,0.003362804,0.053436634,-0.028594480,0.226671474,-0.000184315,-0.000276398,-0.000138172,nan,0.000529698,b,4,5,-1,10
56.580000,DS,4,0,0.435805751,-3.397248154,6.063930837,0.003252098,0.053180344,-0.028676072,0.225205995,-0.000185002,-0.000276688,-0.000139011,nan,0.000526715,b,4,5,-1,10
56.680000,DS,4,0,0.434146293,-3.414210909,6.064289659,0.003142193,0.052925244,-0.028756090,0.223756966,-0.000185680,-0.000276976,-0.000139844,nan,0.000523781,b,4,5,-1,10
56.780000,DS,4,0,0.432497197,-3.431055870,6.064646147,0.003033085,0.052671340,-0.028834551,0.222324146,-0.000186349,-0.000277262,-0.000140673,nan,0.000520895,b,4,5,-1,10
56.880000,DS,4,0,0.430858439,-3.447783595,6.065000308,0.002924771,0.052418637,-0.028911471,0.220907297,-0.000187010,-0.000277546,-0.000141497,nan,0.000518057,b,4,5,-1,10
56.980000,DS,4,0,0.429229997,-3.464394647,6.065352150,0.002817247,0.052167141,-0.028986868,0.219506188,-0.000187662,-0.000277827,-0.000142316,nan,0.000515267,b,4,5,-1,10
57.080000,DS,4,0,0.427611844,-3.480889590,6.065701681,0.002710509,0.051916857,-0.029060758,0.218120590,-0.000188305,-0.000278107,-0.000143130,nan,0.000512524,b,4,5,-1,10
57.180000,DS,4,0,0.426003955,-3.497268988,6.066048910,0.002604556,0.051667790,-0.029133157,0.216750277,-0.000188941,-0.000278385,-0.000143939,nan,0.000509827,b,4,5,-1,10
57.280000,DS,4,0,0.424406304,-3.513533409,6.066393844,0.002499382,0.051419946,-0.029204082,0.215395028,-0.000189568,-0.000278660,-0.000144744,nan,0.000507175,b,4,5,-1,10
57.380000,DS,4,0,0.422818863,-3.529683423,6.066736494,0.002394985,0.051173329,-0.029273547,0.214054627,-0.000190187,-0.000278934,-0.000145544,nan,0.000504569,b,4,5,-1,10
57.480000,DS,4,0,0.421241604,-3.545719599,6.067076866,0.002291361,0.050927944,-0.029341570,0.212728859,-0.000190798,-0.000279206,-0.000146339,nan,0.000502007,b,4,5,-1,10
57.580000,DS,4,0,0.419674497,-3.561642511,6.067414970,0.002188508,0.050683795,-0.029408164,0.211417515,-0.000191402,-0.000279475,-0.000147130,nan,0.000499489,b,4,5,-1,10
57.680000,DS,4,0,0.418117513,-3.577452731,6.067750815,0.002086422,0.050440888,-0.029473345,0.210120388,-0.000191997,-0.000279743,-0.000147915,nan,0.000497014,b,4,5,-1,10
57.780000,DS,4,0,0.416570622,-3.593150834,6.068084409,0.001985101,0.050199226,-0.029537128,0.208837275,-0.000192585,-0.000280009,-0.000148696,nan,0.000494582,b,4,5,-1,10
57.880000,DS,4,0,0.415033793,-3.608737397,6.068415761,0.001884541,0.049958814,-0.029599527,0.207567978,-0.000193166,-0.000280272,-0.000149472,nan,0.000492192,b,4,5,-1,10
57.980000,DS,4,0,0.413506993,-3.624212996,6.068744879,0.001784740,0.049719656,-0.029660557,0.206312300,-0.000193739,-0.000280534,-0.000150244,nan,0.000489843,b,4,5,-1,10
58.080000,DS,4,0,0.411990190,-3.639578210,6.069071774,0.001685695,0.049481755,-0.029720232,0.205070048,-0.000194305,-0.000280794,-0.000151011,nan,0.000487536,b,4,5,-1,10
58.180000,DS,4,0,0.410483351,-3.654833617,6.069396454,0.001587402,0.049245117,-0.029778566,0.203841033,-0.000194863,-0.000281052,-0.000151773,nan,0.000485269,b,4,5,-1,10
58.280000,DS,4,0,0.408986442,-3.669979797,6.069718928,0.001489860,0.049009743,-0.029835572,0.202625070,-0.000195414,-0.000281308,-0.000152530,nan,0.000483042,b,4,5,-1,10
58.380000,DS,4,0,0.407499429,-3.685017331,6.070039205,0.001393065,0.048775638,-0.029891265,0.201421975,-0.000195959,-0.000281562,-0.000153283,nan,0.000480854,b,4,5,-1,10
58.480000,DS,4,0,0.406022277,-3.699946800,6.070357295,0.001297015,0.048542806,-0.029945657,0.200231569,-0.000196496,-0.000281814,-0.000154031,nan,0.000478706,b,4,5,-1,10
58.580000,DS,4,0,0.404554951,-3.714768786,6.070673207,0.001201707,0.048311250,-0.029998762,0.199053675,-0.000197026,-0.000282065,-0.000154774,nan,0.000476595,b,4,5,-1,10
58.680000,DS,4,0,0.403097413,-3.729483871,6.070986949,0.001107139,0.048080973,-0.030050593,0.197888120,-0.000197550,-0.000282313,-0.000155513,nan,0.000474523,b,4,5,-1,10
58.780000,DS,4,0,0.401649629,-3.744092638,6.071298532,0.001013308,0.047851977,-0.030101163,0.196734734,-0.000198067,-0.000282560,-0.000156247,nan,0.000472487,b,4,5,-1,10
58.880000,DS,4,0,0.400211560,-3.758595669,6.071607966,0.000920212,0.047624268,-0.030150483,0.195593348,-0.000198578,-0.000282804,-0.000156976,nan,0.000470489,b,4,5,-1,10
58.980000,DS,4,0,0.398783169,-3.772993547,6.071915258,0.000827849,0.047397846,-0.030198568,0.194463799,-0.000199081,-0.000283047,-0.000157701,nan,0.000468526,b,4,5,-1,10
59.080000,DS,4,0,0.397364418,-3.787286858,6.072220420,0.000736215,0.047172715,-0.030245428,0.193345923,-0.000199579,-0.000283288,-0.000158421,nan,0.000466600,b,4,5,-1,10
59.180000,DS,4,0,0.395955269,-3.801476182,6.072523460,0.000645309,0.046948879,-0.030291077,0.192239563,-0.000200070,-0.000283528,-0.000159137,nan,0.000464709,b,4,5,-1,10
59.280000,DS,4,0,0.394555682,-3.815562106,6.072824388,0.000555128,0.046726338,-0.030335525,0.191144562,-0.000200555,-0.000283765,-0.000159848,nan,0.000462852,b,4,5,-1,10
59.380000,DS,4,0,0.393165619,-3.829545211,6.073123214,0.000465670,0.046505097,-0.030378785,0.190060766,-0.000201034,-0.000284001,-0.000160555,nan,0.000461030,b,4,5,-1,10
59.480000,DS,4,0,0.391785038,-3.843426081,6.073419948,0.000376933,0.046285158,-0.030420869,0.188988025,-0.000201507,-0.000284235,-0.000161257,nan,0.000459241,b,4,5,-1,10
59.580000,DS,4,0,0.390413901,-3.857205300,6.073714599,0.000288915,0.046066522,-0.030461787,0.187926189,-0.000201973,-0.000284467,-0.000161954,nan,0.000457486,b,4,5,-1,10
59.680000,DS,4,0,0.389052166,-3.870883451,6.074007177,0.000201613,0.045849192,-0.030501551,0.186875114,-0.000202434,-0.000284697,-0.000162647,nan,0.000455764,b,4,5,-1,10
59.780000,DS,4,0,0.387699793,-3.884461116,6.074297691,0.000115025,0.045633171,-0.030540173,0.185834655,-0.000202889,-0.000284926,-0.000163336,nan,0.000454074,b,4,5,-1,10
59.880000,DS,4,0,0.386356739,-3.897938879,6.074586153,0.000029149,0.045418461,-0.030577663,0.184804673,-0.000203338,-0.000285153,-0.000164020,nan,0.000452416,b,4,5,-1,10
59.980000,DS,4,0,0.385022964,-3.911317320,6.074872571,-0.000056017,0.045205063,-0.030614032,0.183785028,-0.000203782,-0.000285378,-0.000164699,nan,0.000450790,b,4,5,-1,10
60.080000,DS,4,0,0.383698425,-3.924597022,6.075156956,-0.000140474,0.044992981,-0.030649291,0.182775585,-0.000204220,-0.000285601,-0.000165375,nan,0.000449195,b,4,5,-1,10
60.180000,DS,4,0,0.382383080,-3.937778567,6.075439317,-0.000224226,0.044782215,-0.030683451,0.181776209,-0.000204652,-0.000285823,-0.000166045,nan,0.000447630,b,4,5,-1,10
60.280000,DS,4,0,0.381076886,-3.950862533,6.075719664,-0.000307274,0.044572768,-0.030716521,0.180786769,-0.000205079,-0.000286043,-0.000166712,nan,0.000446095,b,4,5,-1,10
60.380000,DS,4,0,0.379779800,-3.963849503,6.075998008,-0.000389619,0.044364641,-0.030748512,0.179807137,-0.000205500,-0.000286261,-0.000167373,nan,0.000444590,b,4,5,-1,10
60.480000,DS,4,0,0.378491779,-3.976740054,6.076274358,-0.000471265,0.044157837,-0.030779435,0.178837185,-0.000205916,-0.000286478,-0.000168031,nan,0.000443115,b,4,5,-1,10
60.580000,DS,4,0,0.377212779,-3.989534765,6.076548725,-0.000552212,0.043952356,-0.030809298,0.177876787,-0.000206327,-0.000286693,-0.000168684,nan,0.000441668,b,4,5,-1,10
60.680000,DS,4,0,0.375942756,-4.002234215,6.076821118,-0.000632463,0.043748202,-0.030838114,0.176925822,-0.000206733,-0.000286906,-0.000169333,nan,0.000440250,b,4,5,-1,10
60.780000,DS,4,0,0.374681667,-4.014838980,6.077091548,-0.000712019,0.043545375,-0.030865890,0.175984169,-0.000207134,-0.000287118,-0.000169977,nan,0.000438860,b,4,5,-1,10
60.880000,DS,4,0,0.373429467,-4.027349637,6.077360024,-0.000790882,0.043343877,-0.030892637,0.175051708,-0.000207529,-0.000287328,-0.000170618,nan,0.000437497,b,4,5,-1,10
60.980000,DS,4,0,0.372186111,-4.039766760,6.077626557,-0.000869055,0.043143710,-0.030918364,0.174128324,-0.000207920,-0.000287536,-0.000171253,nan,0.000436162,b,4,5,-1,10
61.080000,DS,4,0,0.370951554,-4.052090925,6.077891157,-0.000946538,0.042944875,-0.030943080,0.173213901,-0.000208305,-0.000287743,-0.000171885,nan,0.000434853,b,4,5,-1,10
61.180000,DS,4,0,0.369725752,-4.064322705,6.078153834,-0.001023334,0.042747374,-0.030966796,0.172308327,-0.000208686,-0.000287948,-0.000172512,nan,0.000433571,b,4,5,-1,10
61.280000,DS,4,0,0.368508658,-4.076462672,6.078414598,-0.001099444,0.042551208,-0.030989520,0.171411491,-0.000209062,-0.000288152,-0.000173136,nan,0.000432315,b,4,5,-1,10
61.380000,DS,4,0,0.367300229,-4.088511397,6.078673459,-0.001174870,0.042356379,-0.031011261,0.170523284,-0.000209434,-0.000288354,-0.000173754,nan,0.000431085,b,4,5,-1,10
61.480000,DS,4,0,0.366100417,-4.100469452,6.078930428,-0.001249613,0.042162888,-0.031032029,0.169643599,-0.000209800,-0.000288554,-0.000174369,nan,0.000429880,b,4,5,-1,10
61.580000,DS,4,0,0.364909177,-4.112337405,6.079185515,-0.001323676,0.041970736,-0.031051832,0.168772329,-0.000210162,-0.000288753,-0.000174980,nan,0.000428700,b,4,5,-1,10
61.680000,DS,4,0,0.363726464,-4.124115824,6.079438729,-0.001397059,0.041779926,-0.031070678,0.167909372,-0.000210520,-0.000288951,-0.000175586,nan,0.000427544,b,4,5,-1,10
61.780000,DS,4,0,0.362552230,-4.135805276,6.079690081,-0.001469764,0.041590458,-0.031088578,0.167054626,-0.000210873,-0.000289147,-0.000176188,nan,0.000426413,b,4,5,-1,10
61.880000,DS,4,0,0.361386429,-4.147406326,6.079939582,-0.001541793,0.041402334,-0.031105538,0.166207989,-0.000211221,-0.000289341,-0.000176786,nan,0.000425306,b,4,5,-1,10
61.980000,DS,4,0,0.360229016,-4.158919540,6.080187241,-0.001613148,0.041215556,-0.031121569,0.165369364,-0.000211566,-0.000289534,-0.000177380,nan,0.000424222,b,4,5,-1,10
62.080000,DS,4,0,0.359079942,-4.170345480,6.080433069,-0.001683829,0.041030124,-0.031136677,0.164538653,-0.000211906,-0.000289725,-0.000177970,nan,0.000423162,b,4,5,-1,10
62.180000,DS,4,0,0.357939162,-4.181684709,6.080677075,-0.001753838,0.040846041,-0.031150872,0.163715761,-0.000212241,-0.000289915,-0.000178556,nan,0.000422124,b,4,5,-1,10
62.280000,DS,4,0,0.356806628,-4.192937786,6.080919270,-0.001823177,0.040663307,-0.031164162,0.162900593,-0.000212573,-0.000290103,-0.000179138,nan,0.000421109,b,4,5,-1,10
62.380000,DS,4,0,0.355682294,-4.204105271,6.081159665,-0.001891846,0.040481925,-0.031176555,0.162093058,-0.000212900,-0.000290290,-0.000179716,nan,0.000420116,b,4,5,-1,10
62.480000,DS,4,0,0.354566111,-4.215187721,6.081398269,-0.001959848,0.040301895,-0.031188058,0.161293064,-0.000213223,-0.000290475,-0.000180289,nan,0.000419145,b,4,5,-1,10
62.580000,DS,4,0,0.353458034,-4.226185694,6.081635093,-0.002027184,0.040123220,-0.031198681,0.160500522,-0.000213543,-0.000290659,-0.000180859,nan,0.000418195,b,4,5,-1,10
62.680000,DS,4,0,0.352358013,-4.237099743,6.081870146,-0.002093854,0.039945900,-0.031208430,0.159715343,-0.000213858,-0.000290842,-0.000181425,nan,0.000417267,b,4,5,-1,10
